{"type":"FeatureCollection","features":[{"type":"Feature","geometry":{"type":"Polygon","coordinates":[[[77.56624,12.86719],[77.56645,12.86718],[77.56659,12.86718],[77.56677,12.86716],[77.56693,12.86713],[77.56705,12.8671],[77.56714,12.86708],[77.56719,12.86705],[77.56729,12.86698],[77.56735,12.86692],[77.5674,12.86686],[77.56745,12.86676],[77.56748,12.86664],[77.5675,12.86653],[77.56753,12.86632],[77.56753,12.86623],[77.56755,12.86614],[77.56759,12.86593],[77.56763,12.86578],[77.56776,12.86571],[77.5679,12.86569],[77.56796,12.8651],[77.568,12.86464],[77.56786,12.86467],[77.56778,12.86468],[77.56764,12.8647],[77.56758,12.86471],[77.56747,12.86472],[77.56741,12.8647],[77.56738,12.86461],[77.56732,12.86455],[77.56721,12.86447],[77.56712,12.86438],[77.56686,12.86423],[77.56676,12.86418],[77.56666,12.86414],[77.5665,12.86412],[77.56613,12.86399],[77.566,12.86387],[77.5656,12.86325],[77.56538,12.86293],[77.56528,12.86284],[77.56517,12.86274],[77.56507,12.86268],[77.56498,12.86263],[77.56489,12.86262],[77.56483,12.86263],[77.56471,12.86266],[77.56464,12.86271],[77.56477,12.86284],[77.56477,12.86284],[77.56491,12.86299],[77.56491,12.86299],[77.56491,12.86299],[77.56506,12.86319],[77.56507,12.86319],[77.56507,12.86319],[77.56525,12.86355],[77.56545,12.86394],[77.56559,12.8642],[77.5656,12.8642],[77.5657,12.86446],[77.5657,12.86446],[77.5657,12.86447],[77.56572,12.86467],[77.56572,12.86467],[77.56573,12.86496],[77.56573,12.86496],[77.56573,12.86496],[77.56571,12.86517],[77.56571,12.86517],[77.56568,12.86535],[77.56568,12.86535],[77.56562,12.86561],[77.56562,12.86562],[77.56562,12.86562],[77.56548,12.86598],[77.56536,12.86628],[77.5653,12.86644],[77.56529,12.86658],[77.56532,12.86675],[77.56543,12.86701],[77.56554,12.86718],[77.56624,12.86719]]]},"properties":{"shedId":"C05CAM34"}},{"type":"Feature","geometry":{"type":"Polygon","coordinates":[[[77.51478,12.87206],[77.51439,12.87048],[77.51409,12.8705],[77.51409,12.8705],[77.51409,12.8705],[77.51404,12.87049],[77.51399,12.87061],[77.51398,12.87067],[77.51394,12.87068],[77.5138,12.87108],[77.51375,12.87117],[77.51369,12.87122],[77.51357,12.87126],[77.51341,12.87128],[77.51325,12.87128],[77.51307,12.87129],[77.51295,12.87131],[77.51286,12.87135],[77.51289,12.8714],[77.51297,12.87149],[77.5133,12.87186],[77.5133,12.87186],[77.51334,12.87192],[77.51334,12.87193],[77.51334,12.87193],[77.51335,12.87198],[77.51336,12.87198],[77.5134,12.87202],[77.51337,12.87212],[77.51345,12.87231],[77.51345,12.87231],[77.51356,12.87269],[77.51357,12.8727],[77.51357,12.87271],[77.51357,12.87271],[77.51364,12.87299],[77.51379,12.87298],[77.5145,12.87291],[77.51449,12.87271],[77.51449,12.87263],[77.5145,12.87259],[77.5146,12.87242],[77.51477,12.87215],[77.51478,12.8721],[77.51478,12.87206]]]},"properties":{"shedId":"C05CAM34"}},{"type":"Feature","geometry":{"type":"Polygon","coordinates":[[[77.48466,12.87178],[77.48465,12.87178],[77.48457,12.87181],[77.48449,12.87185],[77.48438,12.87191],[77.48415,12.87204],[77.48415,12.87204],[77.48388,12.87215],[77.48388,12.87215],[77.48356,12.87224],[77.48356,12.87224],[77.48292,12.87238],[77.48272,12.87241],[77.48269,12.87242],[77.48268,12.87243],[77.48263,12.87247],[77.48261,12.87252],[77.48261,12.87252],[77.48261,12.87254],[77.4826,12.87255],[77.4826,12.87256],[77.4826,12.87257],[77.4826,12.87258],[77.4826,12.87259],[77.48263,12.87267],[77.48271,12.87279],[77.48283,12.87298],[77.48289,12.87308],[77.4829,12.87311],[77.4829,12.87311],[77.48292,12.87315],[77.48292,12.87316],[77.48293,12.8732],[77.48293,12.87326],[77.48294,12.87332],[77.48294,12.87332],[77.48293,12.87338],[77.48293,12.87339],[77.48283,12.87374],[77.48278,12.87397],[77.48274,12.87409],[77.48274,12.8741],[77.48273,12.87411],[77.48273,12.87411],[77.48273,12.87411],[77.48254,12.87438],[77.48243,12.87454],[77.48243,12.87454],[77.48243,12.87455],[77.48216,12.87483],[77.4821,12.87492],[77.48209,12.87495],[77.48208,12.87496],[77.48208,12.87497],[77.48208,12.87498],[77.48208,12.87499],[77.48209,12.875],[77.48209,12.875],[77.4821,12.87501],[77.48231,12.87517],[77.48266,12.87541],[77.48266,12.87541],[77.48279,12.87551],[77.48279,12.87551],[77.48279,12.87551],[77.48293,12.87564],[77.48293,12.87564],[77.4831,12.87583],[77.4831,12.87583],[77.4831,12.87583],[77.48318,12.87594],[77.4832,12.87597],[77.4832,12.87597],[77.4832,12.87597],[77.48328,12.87614],[77.4833,12.87616],[77.48331,12.87617],[77.48332,12.87617],[77.48333,12.87618],[77.48348,12.8762],[77.48349,12.8762],[77.4835,12.8762],[77.48379,12.87606],[77.48389,12.87599],[77.48391,12.87596],[77.48391,12.87595],[77.48392,12.87595],[77.48392,12.87594],[77.48392,12.87593],[77.48392,12.87592],[77.48391,12.87591],[77.48374,12.87559],[77.48355,12.87524],[77.48329,12.87477],[77.48329,12.87476],[77.48327,12.87469],[77.48327,12.87469],[77.48326,12.87469],[77.48326,12.87467],[77.48326,12.87467],[77.48326,12.87452],[77.48326,12.87452],[77.48327,12.87443],[77.48327,12.87443],[77.4833,12.87435],[77.4833,12.87435],[77.4833,12.87435],[77.48338,12.87417],[77.48338,12.87417],[77.48338,12.87416],[77.48347,12.87402],[77.48347,12.87402],[77.48362,12.87382],[77.48362,12.87382],[77.48362,12.87382],[77.48366,12.87379],[77.48366,12.87379],[77.48368,12.87377],[77.48368,12.87377],[77.48378,12.8737],[77.48378,12.8737],[77.48378,12.8737],[77.48402,12.87357],[77.48437,12.87338],[77.48468,12.87319],[77.48481,12.8731],[77.48485,12.87307],[77.48486,12.87306],[77.48487,12.87304],[77.48487,12.87303],[77.48488,12.873],[77.48489,12.87286],[77.4849,12.87265],[77.48489,12.87259],[77.48482,12.87226],[77.48476,12.87203],[77.4847,12.87182],[77.48468,12.87179],[77.48466,12.87178],[77.48466,12.87178]]]},"properties":{"shedId":"C05CAM34"}},{"type":"Feature","geometry":{"type":"Polygon","coordinates":[[[77.54198,12.88113],[77.5418,12.88029],[77.54137,12.88036],[77.54119,12.87992],[77.54039,12.87998],[77.54004,12.88014],[77.5399,12.88028],[77.53984,12.8804],[77.53979,12.88054],[77.5398,12.88065],[77.53982,12.88072],[77.53991,12.88074],[77.54017,12.88082],[77.54023,12.88086],[77.54028,12.88093],[77.54054,12.88132],[77.54063,12.8814],[77.54071,12.88143],[77.54088,12.88142],[77.54142,12.88123],[77.54185,12.88116],[77.54198,12.88113]]]},"properties":{"shedId":"C05CAM34"}},{"type":"Feature","geometry":{"type":"Polygon","coordinates":[[[77.46848,12.88745],[77.46854,12.88694],[77.46845,12.88694],[77.46842,12.88695],[77.46822,12.88696],[77.46819,12.88696],[77.46808,12.88697],[77.46803,12.88697],[77.46796,12.88698],[77.46787,12.88698],[77.46779,12.88697],[77.46768,12.88695],[77.46748,12.88693],[77.46739,12.88694],[77.46737,12.88694],[77.46749,12.88765],[77.46759,12.88827],[77.46782,12.88909],[77.46825,12.88852],[77.46825,12.88852],[77.46836,12.88844],[77.46836,12.88844],[77.46837,12.88843],[77.46837,12.88843],[77.4684,12.88842],[77.4684,12.88841],[77.4684,12.88841],[77.46843,12.88821],[77.46845,12.88778],[77.46848,12.88745]]]},"properties":{"shedId":"C05CAM34"}},{"type":"Feature","geometry":{"type":"Polygon","coordinates":[[[77.44478,12.89138],[77.44485,12.89136],[77.44491,12.89136],[77.44502,12.89137],[77.4451,12.89137],[77.44519,12.89136],[77.44533,12.89132],[77.44563,12.89117],[77.44577,12.8911],[77.44587,12.89104],[77.44607,12.89084],[77.4461,12.89077],[77.44611,12.89068],[77.44609,12.89061],[77.44592,12.89039],[77.44587,12.89034],[77.44583,12.89031],[77.44572,12.89028],[77.44565,12.89027],[77.4456,12.89027],[77.44547,12.8903],[77.44536,12.89034],[77.44525,12.8904],[77.44518,12.89045],[77.44516,12.89047],[77.44514,12.8905],[77.44511,12.89054],[77.44506,12.89064],[77.44501,12.89069],[77.44497,12.89073],[77.44494,12.89078],[77.44494,12.89081],[77.44494,12.89083],[77.44492,12.89087],[77.4449,12.8909],[77.44487,12.89091],[77.44481,12.89094],[77.44475,12.89097],[77.44469,12.89099],[77.44461,12.89101],[77.44456,12.89103],[77.44452,12.89104],[77.44447,12.89108],[77.44443,12.89112],[77.44438,12.89117],[77.44436,12.89122],[77.44434,12.89125],[77.44434,12.89129],[77.44435,12.89132],[77.44437,12.89136],[77.44439,12.89139],[77.44442,12.89142],[77.44444,12.89144],[77.44446,12.89145],[77.44455,12.89144],[77.4446,12.89143],[77.44468,12.8914],[77.44478,12.89138]]]},"properties":{"shedId":"C05CAM34"}},{"type":"Feature","geometry":{"type":"Polygon","coordinates":[[[77.55729,12.89143],[77.55743,12.89105],[77.55745,12.89092],[77.55747,12.89074],[77.55737,12.89071],[77.55737,12.89071],[77.55728,12.89066],[77.55714,12.89088],[77.55706,12.89095],[77.557,12.891],[77.55693,12.891],[77.55689,12.89099],[77.55678,12.89094],[77.55659,12.8909],[77.55629,12.89091],[77.55602,12.89101],[77.55551,12.89114],[77.55533,12.89117],[77.55516,12.89118],[77.55509,12.89121],[77.55514,12.89139],[77.55516,12.89139],[77.55526,12.89139],[77.55563,12.89129],[77.55591,12.89125],[77.55612,12.89125],[77.55622,12.89125],[77.55629,12.89128],[77.55636,12.89132],[77.55645,12.89139],[77.5565,12.89147],[77.55674,12.89204],[77.55693,12.89193],[77.55716,12.89173],[77.55722,12.89161],[77.55729,12.89143]]]},"properties":{"shedId":"C05CAM34"}},{"type":"Feature","geometry":{"type":"Polygon","coordinates":[[[77.49909,12.89372],[77.49913,12.89369],[77.49918,12.8937],[77.49927,12.8937],[77.49936,12.89368],[77.49944,12.89363],[77.49949,12.89358],[77.49954,12.89352],[77.49957,12.89346],[77.49961,12.89337],[77.49967,12.89331],[77.49969,12.89326],[77.49974,12.8932],[77.49979,12.89317],[77.49985,12.89313],[77.49989,12.8931],[77.4999,12.89305],[77.49987,12.89302],[77.49984,12.89301],[77.49976,12.89296],[77.49969,12.89293],[77.49963,12.89288],[77.49955,12.89283],[77.49949,12.89279],[77.49947,12.89281],[77.49938,12.8929],[77.49933,12.89292],[77.49927,12.89294],[77.49923,12.89297],[77.4992,12.89302],[77.49916,12.89308],[77.49914,12.89314],[77.49909,12.89327],[77.49907,12.89332],[77.49903,12.89338],[77.49893,12.89344],[77.49855,12.89363],[77.49822,12.89383],[77.49819,12.89386],[77.49817,12.89388],[77.49816,12.8939],[77.49812,12.89393],[77.49811,12.89396],[77.4981,12.894],[77.49811,12.89406],[77.49814,12.89413],[77.49817,12.89417],[77.49826,12.89419],[77.49872,12.89426],[77.49882,12.89425],[77.49888,12.89425],[77.49907,12.89421],[77.49915,12.89419],[77.4992,12.89414],[77.4992,12.89411],[77.49916,12.89407],[77.49912,12.89404],[77.49908,12.89399],[77.49906,12.89393],[77.49906,12.8939],[77.49908,12.89385],[77.49908,12.89382],[77.49909,12.89378],[77.49909,12.89372]]]},"properties":{"shedId":"C05CAM34"}},{"type":"Feature","geometry":{"type":"Polygon","coordinates":[[[77.55459,12.89715],[77.55446,12.89706],[77.55365,12.89722],[77.55369,12.89729],[77.55369,12.8973],[77.55369,12.8973],[77.55374,12.89753],[77.55374,12.89753],[77.55381,12.89797],[77.55389,12.89842],[77.55504,12.89824],[77.55502,12.89821],[77.55499,12.89817],[77.55497,12.89811],[77.55499,12.89804],[77.55502,12.89798],[77.55507,12.89793],[77.55513,12.89788],[77.55533,12.89787],[77.55533,12.89782],[77.55529,12.89775],[77.55521,12.89769],[77.55512,12.89766],[77.55459,12.89715]]]},"properties":{"shedId":"C05CAM34"}},{"type":"Feature","geometry":{"type":"Polygon","coordinates":[[[77.56625,12.89896],[77.56623,12.89866],[77.56582,12.89868],[77.56548,12.89872],[77.56548,12.89872],[77.56531,12.89873],[77.56506,12.89875],[77.56506,12.89875],[77.56506,12.89875],[77.56506,12.89881],[77.56506,12.89881],[77.56504,12.89897],[77.56504,12.89897],[77.56498,12.89931],[77.56498,12.89931],[77.56496,12.89939],[77.56495,12.89945],[77.56495,12.89948],[77.56495,12.89949],[77.56497,12.89954],[77.56501,12.89965],[77.56501,12.89965],[77.56504,12.8997],[77.56504,12.8997],[77.56506,12.89977],[77.56506,12.89978],[77.56506,12.89978],[77.56507,12.89985],[77.56507,12.89985],[77.56508,12.89991],[77.56508,12.89991],[77.56509,12.90005],[77.56509,12.90005],[77.56509,12.90005],[77.56508,12.90025],[77.56508,12.9004],[77.56509,12.90043],[77.56511,12.90047],[77.56514,12.90052],[77.56524,12.90064],[77.56527,12.90066],[77.56528,12.90066],[77.56531,12.90066],[77.56534,12.90066],[77.56539,12.90065],[77.56543,12.90064],[77.5654,12.90054],[77.56597,12.90036],[77.56606,12.9003],[77.5661,12.90022],[77.56613,12.90012],[77.56622,12.89931],[77.56617,12.89916],[77.56616,12.89896],[77.56625,12.89896]]]},"properties":{"shedId":"C05CAM34"}},{"type":"Feature","geometry":{"type":"Polygon","coordinates":[[[77.49724,12.90601],[77.49716,12.90593],[77.49706,12.90593],[77.49691,12.90596],[77.49672,12.90597],[77.49639,12.90597],[77.49621,12.90594],[77.49599,12.90582],[77.49588,12.90575],[77.49575,12.90568],[77.49564,12.90566],[77.49553,12.90567],[77.49542,12.90568],[77.49531,12.9057],[77.49522,12.90573],[77.49513,12.9058],[77.49506,12.9059],[77.49496,12.90609],[77.49498,12.90614],[77.49498,12.90614],[77.49498,12.90614],[77.49503,12.90659],[77.49503,12.90659],[77.49506,12.90701],[77.49508,12.90721],[77.4951,12.9074],[77.49512,12.90764],[77.49512,12.90764],[77.49512,12.90765],[77.4952,12.90768],[77.49531,12.90768],[77.49545,12.90764],[77.49568,12.90755],[77.49579,12.90744],[77.49581,12.90732],[77.49581,12.90723],[77.49584,12.90711],[77.49592,12.90701],[77.49604,12.90691],[77.49618,12.90687],[77.49627,12.90685],[77.49641,12.90684],[77.4965,12.90679],[77.49683,12.90666],[77.49712,12.90648],[77.49722,12.90636],[77.49728,12.90626],[77.49729,12.90618],[77.49728,12.9061],[77.49724,12.90601]]]},"properties":{"shedId":"C05CAM34"}},{"type":"Feature","geometry":{"type":"Polygon","coordinates":[[[77.49332,12.90792],[77.49358,12.90762],[77.49375,12.90735],[77.49375,12.90724],[77.49373,12.90715],[77.49366,12.90707],[77.49355,12.90705],[77.49344,12.90707],[77.4933,12.90713],[77.49313,12.90726],[77.49284,12.90758],[77.49273,12.90765],[77.49261,12.9077],[77.49246,12.90773],[77.49226,12.90774],[77.49203,12.90771],[77.49174,12.90772],[77.49175,12.90772],[77.49175,12.90773],[77.49183,12.90789],[77.49183,12.90789],[77.49191,12.90805],[77.49191,12.90805],[77.49201,12.90832],[77.49201,12.90832],[77.49206,12.90846],[77.49206,12.90846],[77.49212,12.90865],[77.49212,12.90865],[77.49215,12.90881],[77.49215,12.90881],[77.49221,12.90919],[77.49262,12.90901],[77.49282,12.90885],[77.49301,12.90866],[77.49313,12.9085],[77.49318,12.90838],[77.49322,12.90823],[77.49325,12.90809],[77.49332,12.90792]]]},"properties":{"shedId":"C05CAM34"}},{"type":"Feature","geometry":{"type":"Polygon","coordinates":[[[77.44803,12.91753],[77.4479,12.91692],[77.44782,12.91649],[77.44779,12.91628],[77.44778,12.91623],[77.44776,12.91622],[77.44772,12.91624],[77.44769,12.91628],[77.44753,12.91644],[77.44739,12.91654],[77.447,12.91671],[77.44605,12.91707],[77.4454,12.91741],[77.4454,12.91746],[77.4454,12.91748],[77.44543,12.91751],[77.44546,12.91755],[77.44551,12.91757],[77.44556,12.91757],[77.44577,12.91748],[77.44588,12.91749],[77.44597,12.91751],[77.44606,12.91755],[77.44636,12.91773],[77.44642,12.91777],[77.44646,12.91782],[77.44663,12.91812],[77.44679,12.9184],[77.44683,12.91848],[77.44685,12.91852],[77.44687,12.91856],[77.44688,12.91861],[77.44689,12.91866],[77.44699,12.91922],[77.44699,12.91925],[77.44816,12.9191],[77.44814,12.9189],[77.44812,12.91841],[77.44813,12.91836],[77.44816,12.91807],[77.44816,12.91803],[77.44814,12.91799],[77.44803,12.91753]]]},"properties":{"shedId":"C05CAM34"}},{"type":"Feature","geometry":{"type":"Polygon","coordinates":[[[77.46902,12.93161],[77.46901,12.93139],[77.46914,12.93139],[77.46914,12.93118],[77.46888,12.9311],[77.46886,12.93109],[77.46888,12.93104],[77.46889,12.93101],[77.46889,12.93098],[77.46889,12.93096],[77.46889,12.93093],[77.46886,12.93087],[77.46881,12.93082],[77.46881,12.93082],[77.46876,12.93074],[77.46876,12.93074],[77.46872,12.93066],[77.46863,12.93048],[77.46854,12.93029],[77.46847,12.93011],[77.46841,12.92991],[77.46841,12.92991],[77.4684,12.92985],[77.46839,12.92979],[77.46836,12.92968],[77.46834,12.92957],[77.46834,12.92957],[77.46834,12.92949],[77.46831,12.92938],[77.4683,12.92933],[77.46829,12.92926],[77.46827,12.92909],[77.46826,12.92901],[77.46824,12.92888],[77.46822,12.92877],[77.46821,12.9287],[77.46819,12.92865],[77.46818,12.92862],[77.46816,12.92859],[77.46814,12.92857],[77.46807,12.92852],[77.46793,12.92843],[77.46784,12.92837],[77.46784,12.92837],[77.46774,12.92828],[77.46765,12.92819],[77.46765,12.92819],[77.46757,12.92811],[77.46757,12.92811],[77.46755,12.92807],[77.46755,12.92807],[77.46752,12.92801],[77.46748,12.92791],[77.46744,12.92782],[77.46742,12.92772],[77.4674,12.92767],[77.4674,12.92767],[77.46739,12.92767],[77.46737,12.92768],[77.46728,12.92772],[77.46728,12.92772],[77.46712,12.92777],[77.46704,12.9278],[77.46697,12.92785],[77.46693,12.92789],[77.46686,12.92795],[77.46677,12.92805],[77.46667,12.92816],[77.46659,12.92825],[77.4665,12.92837],[77.46643,12.92846],[77.46635,12.92858],[77.46631,12.92864],[77.46631,12.92864],[77.46625,12.92871],[77.46618,12.9288],[77.46608,12.92892],[77.46599,12.92902],[77.46589,12.92914],[77.46582,12.92923],[77.46572,12.92937],[77.46566,12.92946],[77.46556,12.92961],[77.46546,12.92977],[77.46539,12.92989],[77.46537,12.92992],[77.46537,12.92992],[77.46539,12.92994],[77.46542,12.92997],[77.46544,12.92996],[77.46544,12.92996],[77.46545,12.92996],[77.46545,12.92996],[77.46545,12.92996],[77.46547,12.92996],[77.46547,12.92996],[77.46547,12.92996],[77.46547,12.92996],[77.46547,12.92996],[77.46552,12.92999],[77.46552,12.92999],[77.46558,12.93006],[77.46564,12.9301],[77.46569,12.93011],[77.46579,12.93011],[77.4659,12.9301],[77.46603,12.93008],[77.46603,12.93008],[77.46613,12.93008],[77.46613,12.93008],[77.46618,12.93009],[77.46618,12.93009],[77.46624,12.93011],[77.46624,12.93011],[77.46624,12.93011],[77.46629,12.93015],[77.46629,12.93015],[77.46633,12.9302],[77.46637,12.93026],[77.46645,12.93037],[77.46662,12.93063],[77.46672,12.9308],[77.46686,12.93103],[77.46697,12.93118],[77.46697,12.93118],[77.46703,12.93128],[77.4671,12.93141],[77.4671,12.93141],[77.46716,12.93156],[77.46716,12.93156],[77.46721,12.93171],[77.46723,12.9318],[77.46727,12.93194],[77.46731,12.93209],[77.46736,12.93223],[77.4674,12.93236],[77.46745,12.93246],[77.4675,12.93256],[77.46757,12.93266],[77.4677,12.93291],[77.4678,12.9331],[77.46792,12.93331],[77.46801,12.93348],[77.46807,12.93357],[77.4681,12.9336],[77.46811,12.93361],[77.46814,12.93362],[77.46819,12.93361],[77.46829,12.93358],[77.46862,12.93348],[77.46893,12.93339],[77.469,12.93337],[77.46902,12.93335],[77.46903,12.93334],[77.46903,12.93332],[77.46904,12.93321],[77.46904,12.9329],[77.46901,12.93238],[77.46898,12.93191],[77.46897,12.93165],[77.46896,12.93163],[77.46896,12.93162],[77.46898,12.93161],[77.46902,12.93161]]]},"properties":{"shedId":"C05CAM34"}},{"type":"Feature","geometry":{"type":"Polygon","coordinates":[[[77.57707,12.93241],[77.57655,12.93241],[77.57572,12.93245],[77.5757,12.93255],[77.57567,12.93289],[77.57567,12.93289],[77.57564,12.93308],[77.57564,12.93308],[77.57564,12.93308],[77.57561,12.93324],[77.57561,12.93324],[77.57534,12.93424],[77.5755,12.93427],[77.57559,12.93429],[77.57559,12.93429],[77.57568,12.93431],[77.57569,12.93431],[77.57569,12.93431],[77.57579,12.93436],[77.57579,12.93436],[77.57589,12.93442],[77.57589,12.93442],[77.576,12.9345],[77.57609,12.93455],[77.57624,12.93461],[77.57645,12.93463],[77.57666,12.93464],[77.57666,12.93464],[77.57679,12.93465],[77.577,12.93467],[77.57706,12.93467],[77.57707,12.93467],[77.57709,12.93466],[77.57709,12.93466],[77.57711,12.93465],[77.57712,12.93464],[77.57713,12.93463],[77.57713,12.93461],[77.57714,12.93458],[77.57714,12.93455],[77.57714,12.93444],[77.57714,12.93444],[77.57715,12.9344],[77.57715,12.9344],[77.57715,12.9344],[77.57715,12.93438],[77.57715,12.93438],[77.57715,12.93438],[77.57716,12.93437],[77.57716,12.93436],[77.57716,12.93436],[77.57717,12.93436],[77.57718,12.93435],[77.57718,12.93435],[77.57718,12.93435],[77.57719,12.93434],[77.57719,12.93434],[77.5772,12.93434],[77.57722,12.93434],[77.57722,12.93434],[77.57727,12.93433],[77.57727,12.93433],[77.57748,12.9343],[77.57758,12.93429],[77.57764,12.93428],[77.57768,12.93427],[77.5777,12.93426],[77.57773,12.93424],[77.57776,12.93422],[77.57777,12.9342],[77.57778,12.93419],[77.57779,12.93417],[77.5778,12.93411],[77.57781,12.93399],[77.57785,12.93364],[77.57786,12.93356],[77.57787,12.93307],[77.57787,12.93296],[77.57783,12.93294],[77.57783,12.93294],[77.57762,12.93282],[77.57762,12.93282],[77.57737,12.93266],[77.57737,12.93266],[77.57726,12.93258],[77.57726,12.93258],[77.57711,12.93246],[77.57711,12.93245],[77.57707,12.93241]]]},"properties":{"shedId":"C05CAM34"}},{"type":"Feature","geometry":{"type":"Polygon","coordinates":[[[77.52241,12.94036],[77.52236,12.94017],[77.52233,12.94006],[77.52222,12.93971],[77.52214,12.9395],[77.5221,12.93942],[77.52208,12.93939],[77.52204,12.93934],[77.52193,12.93927],[77.52171,12.93916],[77.52171,12.93916],[77.52158,12.93909],[77.52158,12.93909],[77.52155,12.93906],[77.52155,12.93906],[77.52152,12.93904],[77.52152,12.93904],[77.52146,12.93899],[77.52146,12.93899],[77.52137,12.9389],[77.52137,12.9389],[77.52131,12.93883],[77.52131,12.93883],[77.52115,12.93861],[77.52115,12.93861],[77.52107,12.93849],[77.52106,12.9385],[77.52106,12.9385],[77.52106,12.9385],[77.52104,12.93851],[77.52104,12.93851],[77.52104,12.93851],[77.52102,12.93851],[77.52102,12.93851],[77.52102,12.93851],[77.52099,12.93851],[77.52099,12.93851],[77.52092,12.93851],[77.52088,12.9385],[77.52088,12.9385],[77.52079,12.9385],[77.52077,12.9385],[77.52076,12.9385],[77.52075,12.93851],[77.52074,12.93852],[77.52074,12.93853],[77.52072,12.93866],[77.52071,12.93881],[77.52069,12.93929],[77.52069,12.93929],[77.52067,12.9395],[77.52067,12.9395],[77.52063,12.93977],[77.52063,12.93977],[77.5206,12.93997],[77.52052,12.94036],[77.52049,12.94035],[77.5204,12.94046],[77.52038,12.94051],[77.52038,12.94054],[77.52038,12.94059],[77.52038,12.94063],[77.52039,12.94066],[77.52042,12.94069],[77.52049,12.94075],[77.52053,12.94076],[77.52101,12.94092],[77.52133,12.94106],[77.52176,12.94131],[77.5228,12.94081],[77.52259,12.94061],[77.52258,12.9406],[77.52258,12.9406],[77.5225,12.94053],[77.5225,12.94053],[77.5225,12.94053],[77.52246,12.94048],[77.52246,12.94047],[77.52246,12.94047],[77.52243,12.9404],[77.52243,12.9404],[77.52241,12.94036],[77.52241,12.94036]]]},"properties":{"shedId":"C05CAM34"}},{"type":"Feature","geometry":{"type":"Polygon","coordinates":[[[77.53136,12.94989],[77.53137,12.94974],[77.53137,12.94974],[77.53137,12.94967],[77.53137,12.94967],[77.53137,12.94965],[77.53137,12.94965],[77.53137,12.94965],[77.53138,12.94964],[77.53138,12.94964],[77.53138,12.94963],[77.53138,12.94963],[77.53138,12.94962],[77.53139,12.9496],[77.53139,12.9496],[77.53139,12.9496],[77.5314,12.94958],[77.53141,12.94958],[77.53141,12.94958],[77.53141,12.94958],[77.53142,12.94957],[77.53142,12.94957],[77.53142,12.94957],[77.53145,12.94956],[77.53164,12.94948],[77.53166,12.94947],[77.53166,12.94946],[77.53167,12.94946],[77.53168,12.94945],[77.53168,12.94944],[77.53169,12.94942],[77.53169,12.94942],[77.53169,12.9494],[77.53169,12.94939],[77.53169,12.94938],[77.53168,12.94935],[77.53166,12.94931],[77.53162,12.94925],[77.53154,12.94914],[77.53146,12.94905],[77.53146,12.94905],[77.53146,12.94904],[77.53145,12.94903],[77.53145,12.94902],[77.53143,12.94899],[77.53143,12.94899],[77.53142,12.94897],[77.53142,12.94897],[77.53141,12.94893],[77.5314,12.94893],[77.5314,12.9489],[77.5314,12.9489],[77.5314,12.94888],[77.5314,12.94888],[77.5314,12.94888],[77.5314,12.94885],[77.5314,12.94885],[77.5314,12.94876],[77.5314,12.94876],[77.53141,12.94869],[77.53142,12.94856],[77.53141,12.94849],[77.53141,12.94843],[77.5314,12.94838],[77.5314,12.94836],[77.53138,12.9483],[77.53138,12.94829],[77.53137,12.94828],[77.53137,12.94827],[77.53136,12.94826],[77.53134,12.94825],[77.53131,12.94824],[77.5313,12.94824],[77.53129,12.94824],[77.53128,12.94824],[77.53126,12.94825],[77.53124,12.94827],[77.53118,12.94835],[77.53115,12.94839],[77.53111,12.94847],[77.53106,12.94859],[77.53102,12.94869],[77.53102,12.9487],[77.53101,12.9487],[77.53101,12.9487],[77.53096,12.94878],[77.53096,12.94878],[77.53094,12.9488],[77.53094,12.94881],[77.5309,12.94884],[77.5309,12.94884],[77.53074,12.94896],[77.53074,12.94896],[77.53063,12.94904],[77.53063,12.94904],[77.53051,12.94911],[77.53051,12.94911],[77.53024,12.94924],[77.5302,12.94926],[77.53019,12.94928],[77.53017,12.94931],[77.53013,12.94939],[77.53012,12.94944],[77.53011,12.94948],[77.53011,12.94952],[77.53011,12.94953],[77.53012,12.94957],[77.53013,12.9496],[77.53017,12.94966],[77.53017,12.94967],[77.53019,12.9497],[77.53021,12.94972],[77.53024,12.94975],[77.53026,12.94976],[77.53027,12.94976],[77.53029,12.94977],[77.53032,12.94978],[77.53038,12.94978],[77.53048,12.94978],[77.53083,12.94976],[77.53091,12.94975],[77.53091,12.94975],[77.53095,12.94975],[77.53095,12.94975],[77.53095,12.94975],[77.53096,12.94975],[77.53096,12.94975],[77.53099,12.94975],[77.53099,12.94975],[77.53099,12.94975],[77.53103,12.94976],[77.53103,12.94976],[77.53103,12.94976],[77.53107,12.94978],[77.53107,12.94978],[77.53108,12.94979],[77.53111,12.94981],[77.53112,12.94981],[77.53112,12.94981],[77.53115,12.94984],[77.53115,12.94984],[77.53118,12.94988],[77.53119,12.94988],[77.5312,12.94991],[77.53122,12.94993],[77.53124,12.94995],[77.53125,12.94996],[77.53127,12.94997],[77.53127,12.94997],[77.53131,12.94998],[77.53131,12.94998],[77.53133,12.94999],[77.53133,12.94999],[77.53135,12.94999],[77.53135,12.95],[77.53135,12.95],[77.53136,12.94989]]]},"properties":{"shedId":"C05CAM34"}},{"type":"Feature","geometry":{"type":"Polygon","coordinates":[[[77.44957,12.95706],[77.44957,12.95703],[77.44957,12.95703],[77.44956,12.957],[77.44955,12.957],[77.44955,12.95699],[77.44955,12.95694],[77.44955,12.95694],[77.44955,12.95694],[77.44956,12.95684],[77.44956,12.95684],[77.44956,12.95684],[77.4496,12.95668],[77.4496,12.95668],[77.44965,12.95652],[77.44965,12.9565],[77.4497,12.95637],[77.4497,12.95637],[77.44974,12.95628],[77.44974,12.95628],[77.44977,12.95623],[77.44982,12.95613],[77.44986,12.95606],[77.44988,12.95602],[77.4499,12.95595],[77.44992,12.95584],[77.44993,12.95571],[77.44995,12.95549],[77.44997,12.95532],[77.44998,12.95532],[77.45,12.95522],[77.45,12.95522],[77.45002,12.95513],[77.45002,12.95512],[77.45002,12.95512],[77.45009,12.95498],[77.45009,12.95498],[77.45012,12.95491],[77.45013,12.95491],[77.45015,12.95486],[77.45015,12.95486],[77.45022,12.95477],[77.45023,12.95477],[77.45036,12.95461],[77.45048,12.95446],[77.4505,12.95444],[77.45052,12.9544],[77.45057,12.95432],[77.45053,12.95421],[77.44995,12.95439],[77.44954,12.95453],[77.44892,12.9545],[77.44837,12.95447],[77.44836,12.95447],[77.44858,12.9553],[77.44859,12.95533],[77.44852,12.95542],[77.44849,12.95546],[77.44846,12.95552],[77.44843,12.95576],[77.44846,12.95592],[77.44846,12.95594],[77.44844,12.95596],[77.44839,12.95597],[77.44825,12.956],[77.44819,12.95602],[77.44816,12.95605],[77.44816,12.95608],[77.44819,12.95681],[77.44813,12.95704],[77.44814,12.95706],[77.4484,12.957],[77.44841,12.95701],[77.44842,12.95706],[77.44845,12.95705],[77.44847,12.95716],[77.44848,12.95718],[77.44853,12.95719],[77.4492,12.95719],[77.44921,12.95719],[77.44928,12.95721],[77.44964,12.95713],[77.44962,12.95712],[77.44962,12.95712],[77.44961,12.95711],[77.44959,12.95708],[77.44959,12.95708],[77.44959,12.95708],[77.44958,12.95706],[77.44957,12.95706]]]},"properties":{"shedId":"C05CAM34"}},{"type":"Feature","geometry":{"type":"Polygon","coordinates":[[[77.55732,12.90841],[77.55731,12.9084],[77.55731,12.9084],[77.55729,12.90839],[77.55726,12.90841],[77.55718,12.90828],[77.55724,12.90825],[77.55693,12.90751],[77.55681,12.9069],[77.55687,12.90668],[77.55675,12.90666],[77.5564,12.90663],[77.55639,12.90663],[77.55639,12.90663],[77.55635,12.90661],[77.55635,12.90661],[77.55635,12.90661],[77.55633,12.9066],[77.55633,12.9066],[77.55632,12.9066],[77.5563,12.90658],[77.5563,12.90658],[77.55629,12.90657],[77.55629,12.90657],[77.55607,12.90669],[77.55551,12.90701],[77.55551,12.90701],[77.55509,12.90723],[77.55509,12.90723],[77.55489,12.90732],[77.55485,12.90733],[77.55489,12.90741],[77.55492,12.90745],[77.55498,12.90749],[77.55506,12.90752],[77.55521,12.90755],[77.55536,12.90761],[77.55546,12.90765],[77.55551,12.90768],[77.55559,12.90774],[77.55565,12.9078],[77.55576,12.90789],[77.5559,12.90801],[77.55599,12.90815],[77.55603,12.90827],[77.5562,12.90821],[77.5562,12.90821],[77.5562,12.90821],[77.55623,12.9082],[77.55624,12.9082],[77.55624,12.9082],[77.55624,12.9082],[77.55627,12.90822],[77.55628,12.90822],[77.55628,12.90822],[77.55628,12.90822],[77.55628,12.90822],[77.5563,12.90824],[77.5563,12.90824],[77.5563,12.90824],[77.5563,12.90824],[77.55641,12.90822],[77.55648,12.90822],[77.55675,12.90826],[77.55714,12.90843],[77.55725,12.90846],[77.5573,12.90846],[77.55731,12.90843],[77.55732,12.90841]]]},"properties":{"shedId":"C05CAM34"}},{"type":"Feature","geometry":{"type":"Polygon","coordinates":[[[77.53493,12.92819],[77.53489,12.92789],[77.53489,12.92789],[77.53489,12.92789],[77.5349,12.9278],[77.5349,12.9278],[77.53491,12.9277],[77.53491,12.9277],[77.53491,12.92769],[77.53495,12.92756],[77.53496,12.92753],[77.53496,12.92753],[77.53496,12.92753],[77.53503,12.92737],[77.53503,12.92737],[77.53504,12.92737],[77.53508,12.9273],[77.53509,12.9273],[77.5351,12.92727],[77.5351,12.92727],[77.53515,12.92722],[77.53515,12.92721],[77.5352,12.92718],[77.5352,12.92717],[77.53532,12.9271],[77.53532,12.9271],[77.5354,12.92707],[77.5354,12.92707],[77.5354,12.92707],[77.5356,12.927],[77.53561,12.927],[77.53587,12.92693],[77.53664,12.92669],[77.53669,12.92664],[77.5367,12.9266],[77.53673,12.92642],[77.53674,12.92635],[77.53673,12.9258],[77.53676,12.92543],[77.53674,12.92386],[77.53671,12.92383],[77.53653,12.92369],[77.5364,12.92362],[77.5363,12.9236],[77.53619,12.92359],[77.5361,12.9236],[77.53591,12.92363],[77.53564,12.92369],[77.53564,12.92369],[77.53548,12.92374],[77.53535,12.92381],[77.53503,12.92402],[77.53476,12.92433],[77.53464,12.9244],[77.53452,12.92445],[77.53442,12.92447],[77.53435,12.92449],[77.53425,12.9245],[77.53383,12.92451],[77.53355,12.92447],[77.53347,12.92446],[77.53326,12.92446],[77.53249,12.92454],[77.53226,12.92454],[77.53225,12.92454],[77.5322,12.92454],[77.53218,12.92474],[77.53217,12.92501],[77.53217,12.92502],[77.53215,12.92529],[77.53212,12.9257],[77.53209,12.92603],[77.53206,12.92643],[77.53203,12.92685],[77.53198,12.92752],[77.53194,12.928],[77.53194,12.92806],[77.53211,12.9281],[77.53228,12.92813],[77.53244,12.92814],[77.53265,12.92814],[77.53276,12.92814],[77.5329,12.92812],[77.53297,12.92812],[77.53297,12.92812],[77.53304,12.92812],[77.53304,12.92812],[77.53313,12.92812],[77.53314,12.92812],[77.53321,12.92814],[77.53322,12.92814],[77.53328,12.92815],[77.53328,12.92815],[77.53335,12.92817],[77.53335,12.92817],[77.53335,12.92817],[77.53342,12.9282],[77.53342,12.9282],[77.53362,12.92831],[77.53362,12.92831],[77.53398,12.92855],[77.53417,12.92867],[77.53432,12.92875],[77.53446,12.92881],[77.53466,12.92899],[77.5347,12.92903],[77.53499,12.92899],[77.53505,12.92898],[77.53505,12.92891],[77.53498,12.92851],[77.53493,12.92819],[77.53493,12.92819]]]},"properties":{"shedId":"C05CAM34"}},{"type":"Feature","geometry":{"type":"Polygon","coordinates":[[[77.53198,12.86867],[77.53197,12.86863],[77.53197,12.86859],[77.53195,12.86852],[77.53194,12.8684],[77.53195,12.86833],[77.53197,12.86824],[77.53198,12.86818],[77.53206,12.86799],[77.53208,12.8679],[77.53211,12.86785],[77.53215,12.86777],[77.53218,12.86771],[77.53219,12.86766],[77.53221,12.86761],[77.53222,12.86754],[77.53223,12.86748],[77.53223,12.86748],[77.53224,12.86741],[77.53225,12.86735],[77.53225,12.86726],[77.53225,12.86716],[77.53227,12.8668],[77.53225,12.86648],[77.53223,12.86625],[77.53226,12.86624],[77.53231,12.8662],[77.53242,12.86615],[77.53253,12.86612],[77.53266,12.8661],[77.53275,12.86609],[77.53283,12.86608],[77.53288,12.86605],[77.53291,12.86603],[77.53293,12.86597],[77.53293,12.86592],[77.53292,12.86587],[77.53289,12.86582],[77.53284,12.86579],[77.53277,12.86577],[77.53247,12.86577],[77.5324,12.86576],[77.53236,12.86575],[77.53227,12.8657],[77.53219,12.86564],[77.53216,12.86565],[77.53215,12.86561],[77.53213,12.86556],[77.53209,12.86555],[77.53206,12.86556],[77.53199,12.86559],[77.53199,12.86559],[77.53199,12.86559],[77.53126,12.8658],[77.53126,12.8658],[77.53114,12.86582],[77.5309,12.86584],[77.5309,12.86584],[77.5309,12.86584],[77.53053,12.86583],[77.53052,12.86583],[77.53013,12.86578],[77.53013,12.86578],[77.52987,12.86569],[77.52985,12.86569],[77.52982,12.86569],[77.52978,12.8658],[77.52978,12.8658],[77.52978,12.86581],[77.52978,12.86584],[77.52979,12.86587],[77.52984,12.86595],[77.53004,12.86618],[77.53024,12.86637],[77.53043,12.86653],[77.53043,12.86654],[77.53048,12.8666],[77.53051,12.86664],[77.53051,12.86665],[77.53051,12.86665],[77.53053,12.86669],[77.53053,12.8667],[77.53054,12.86675],[77.53054,12.86675],[77.53054,12.86683],[77.53054,12.86683],[77.53054,12.86689],[77.53054,12.86689],[77.53054,12.86689],[77.53054,12.86689],[77.53054,12.8669],[77.53048,12.86697],[77.53043,12.86705],[77.53042,12.86709],[77.53042,12.86712],[77.53042,12.86716],[77.53045,12.86718],[77.53045,12.86718],[77.53068,12.8674],[77.53068,12.8674],[77.53068,12.8674],[77.53084,12.8676],[77.53084,12.86761],[77.53084,12.86761],[77.53093,12.86779],[77.53093,12.86779],[77.5311,12.86821],[77.53108,12.86824],[77.5311,12.8683],[77.53118,12.86846],[77.53123,12.86851],[77.53128,12.86857],[77.53133,12.86864],[77.53136,12.86865],[77.5314,12.86866],[77.53144,12.86865],[77.53147,12.86865],[77.53151,12.86866],[77.53155,12.86868],[77.5316,12.86872],[77.53164,12.86877],[77.53166,12.86883],[77.53169,12.86888],[77.53171,12.86891],[77.53174,12.86894],[77.53176,12.86895],[77.53179,12.86896],[77.53183,12.86896],[77.53187,12.86894],[77.53193,12.86891],[77.53196,12.86888],[77.53198,12.86886],[77.53198,12.86883],[77.53199,12.86877],[77.53199,12.86872],[77.53198,12.86867]]]},"properties":{"shedId":"C05CAM34"}},{"type":"Feature","geometry":{"type":"Polygon","coordinates":[[[77.5628,12.88286],[77.56242,12.88227],[77.5622,12.88195],[77.56212,12.88175],[77.56212,12.88157],[77.56214,12.88146],[77.56219,12.88131],[77.56223,12.88118],[77.56224,12.88105],[77.56216,12.88104],[77.56215,12.88104],[77.56204,12.88101],[77.56204,12.88101],[77.56188,12.88097],[77.56188,12.88097],[77.56182,12.88095],[77.56182,12.88095],[77.56178,12.88093],[77.56178,12.88093],[77.56178,12.88093],[77.56174,12.88091],[77.56174,12.88091],[77.56174,12.88091],[77.56171,12.88088],[77.56171,12.88088],[77.56171,12.88088],[77.56169,12.88085],[77.56168,12.88085],[77.56168,12.88085],[77.56168,12.88083],[77.56168,12.88083],[77.56166,12.88078],[77.56166,12.88078],[77.56165,12.88074],[77.56165,12.88074],[77.56165,12.88074],[77.56163,12.88065],[77.56154,12.88067],[77.56142,12.88074],[77.56134,12.88081],[77.56117,12.88096],[77.56043,12.88166],[77.55995,12.88205],[77.55993,12.88245],[77.55995,12.88262],[77.55996,12.88271],[77.56012,12.88271],[77.56023,12.8827],[77.56106,12.88256],[77.56127,12.88257],[77.56129,12.88263],[77.56131,12.88274],[77.56134,12.88283],[77.56143,12.88293],[77.56198,12.88334],[77.56221,12.88353],[77.56241,12.88363],[77.56252,12.88367],[77.56266,12.88369],[77.56276,12.88367],[77.56283,12.88362],[77.56289,12.88354],[77.56293,12.88335],[77.56292,12.88323],[77.56291,12.8831],[77.5628,12.88286]]]},"properties":{"shedId":"C05CAM34"}},{"type":"Feature","geometry":{"type":"Polygon","coordinates":[[[77.5439,12.89724],[77.54389,12.89689],[77.54372,12.89691],[77.54371,12.89641],[77.54354,12.89642],[77.54343,12.89549],[77.5432,12.89521],[77.54317,12.89462],[77.54291,12.89458],[77.5426,12.89455],[77.54238,12.89506],[77.54248,12.8951],[77.54245,12.89516],[77.54234,12.89539],[77.54244,12.89546],[77.54215,12.89614],[77.54181,12.89609],[77.54159,12.89658],[77.54141,12.89652],[77.54116,12.89698],[77.5412,12.89713],[77.5414,12.89707],[77.54163,12.89701],[77.5419,12.89693],[77.5419,12.89693],[77.54215,12.89689],[77.54215,12.89689],[77.5423,12.89689],[77.54231,12.89689],[77.54231,12.89689],[77.54239,12.89691],[77.54239,12.89691],[77.5424,12.89691],[77.54244,12.89693],[77.54244,12.89693],[77.54245,12.89693],[77.5425,12.89697],[77.5425,12.89697],[77.5425,12.89697],[77.54254,12.89701],[77.54254,12.89701],[77.54254,12.89701],[77.54259,12.89711],[77.54259,12.89711],[77.54269,12.89737],[77.54281,12.89765],[77.54287,12.89777],[77.5429,12.8978],[77.54292,12.89781],[77.54294,12.89781],[77.54297,12.89782],[77.54301,12.89782],[77.54307,12.89781],[77.54323,12.89778],[77.54353,12.89769],[77.54353,12.89769],[77.54373,12.89764],[77.54371,12.89744],[77.5439,12.89724]]]},"properties":{"shedId":"C05CAM34"}},{"type":"Feature","geometry":{"type":"Polygon","coordinates":[[[77.54999,12.90397],[77.54999,12.90397],[77.55006,12.90397],[77.55006,12.90397],[77.55021,12.90398],[77.5503,12.90398],[77.55034,12.90397],[77.55043,12.90396],[77.55083,12.90383],[77.55083,12.90383],[77.55132,12.90373],[77.55202,12.90358],[77.55281,12.90339],[77.55281,12.90339],[77.55282,12.90339],[77.55282,12.90339],[77.55293,12.90334],[77.55299,12.90331],[77.55313,12.90321],[77.55314,12.90317],[77.55314,12.90313],[77.55312,12.90305],[77.553,12.90268],[77.55288,12.90232],[77.55279,12.90209],[77.55272,12.90196],[77.55269,12.90195],[77.55265,12.90192],[77.55262,12.90191],[77.55253,12.90191],[77.55232,12.9019],[77.55219,12.9019],[77.5521,12.90191],[77.55197,12.90194],[77.55167,12.90202],[77.55167,12.90202],[77.55159,12.90204],[77.55159,12.90204],[77.55153,12.90204],[77.55153,12.90204],[77.55153,12.90204],[77.55148,12.90204],[77.55148,12.90204],[77.55142,12.90202],[77.55141,12.90202],[77.55141,12.90202],[77.55134,12.90197],[77.55134,12.90197],[77.55134,12.90197],[77.55129,12.90192],[77.55129,12.90192],[77.55127,12.90187],[77.55127,12.90187],[77.55124,12.90181],[77.55124,12.90181],[77.55121,12.90172],[77.55116,12.90163],[77.55112,12.90158],[77.55108,12.90155],[77.55101,12.90151],[77.55079,12.90148],[77.55055,12.90144],[77.55034,12.90142],[77.55009,12.9014],[77.55009,12.9014],[77.55009,12.9014],[77.55004,12.90138],[77.55004,12.90138],[77.55,12.90136],[77.54994,12.90135],[77.54972,12.90135],[77.54932,12.90138],[77.54919,12.9014],[77.54913,12.90141],[77.54909,12.90142],[77.54905,12.90145],[77.54894,12.90157],[77.54882,12.90174],[77.54881,12.90177],[77.54881,12.90181],[77.54881,12.90185],[77.54882,12.90189],[77.54885,12.90202],[77.54896,12.90228],[77.549,12.90239],[77.549,12.90239],[77.54903,12.90246],[77.54905,12.90252],[77.54906,12.90252],[77.54908,12.9026],[77.54908,12.9026],[77.54911,12.90272],[77.54911,12.90272],[77.54913,12.90287],[77.54913,12.90287],[77.54916,12.90309],[77.54916,12.90309],[77.54919,12.90333],[77.54919,12.90333],[77.5492,12.90355],[77.5492,12.90355],[77.5492,12.90355],[77.54919,12.90365],[77.54919,12.90366],[77.54917,12.9038],[77.54916,12.90388],[77.54915,12.90406],[77.54915,12.90408],[77.54916,12.9041],[77.54917,12.90411],[77.54917,12.90411],[77.5492,12.90412],[77.54926,12.90412],[77.54999,12.90397]]]},"properties":{"shedId":"C05CAM34"}},{"type":"Feature","geometry":{"type":"Polygon","coordinates":[[[77.54373,12.90952],[77.54365,12.90937],[77.5436,12.90938],[77.54358,12.90928],[77.54335,12.90933],[77.54333,12.90932],[77.54333,12.90926],[77.54333,12.9092],[77.54331,12.90914],[77.54324,12.90904],[77.54307,12.90875],[77.54293,12.90853],[77.54291,12.90858],[77.54281,12.90845],[77.54252,12.90811],[77.54207,12.90757],[77.54171,12.90682],[77.54147,12.90706],[77.54121,12.90735],[77.54089,12.90762],[77.54076,12.90771],[77.54052,12.90786],[77.54022,12.90803],[77.54018,12.90808],[77.54015,12.90813],[77.54013,12.90823],[77.54051,12.90843],[77.54108,12.90875],[77.54113,12.90877],[77.54156,12.90885],[77.54182,12.90896],[77.54216,12.9091],[77.54227,12.90913],[77.54236,12.90913],[77.54237,12.90913],[77.54238,12.90917],[77.54263,12.90917],[77.54261,12.90939],[77.54297,12.90952],[77.54327,12.90955],[77.5438,12.90961],[77.54382,12.90957],[77.54373,12.90952]]]},"properties":{"shedId":"C05CAM34"}},{"type":"Feature","geometry":{"type":"Polygon","coordinates":[[[77.49636,12.93154],[77.49637,12.93146],[77.49637,12.93144],[77.49637,12.93143],[77.49637,12.93139],[77.49637,12.93136],[77.49637,12.93134],[77.49636,12.93132],[77.49636,12.93132],[77.49635,12.93131],[77.49635,12.93131],[77.49633,12.93131],[77.49623,12.93131],[77.49619,12.93131],[77.49613,12.93131],[77.49613,12.93131],[77.49611,12.93131],[77.49611,12.93131],[77.49611,12.93131],[77.49606,12.9313],[77.49606,12.9313],[77.49606,12.9313],[77.49604,12.93128],[77.49603,12.93128],[77.49603,12.93128],[77.49598,12.93125],[77.49598,12.93125],[77.49591,12.93119],[77.49591,12.93119],[77.49587,12.93115],[77.49587,12.93115],[77.49579,12.93106],[77.49579,12.93106],[77.49566,12.9309],[77.49566,12.93089],[77.49565,12.93088],[77.49565,12.93088],[77.49561,12.93082],[77.49561,12.93082],[77.4956,12.93079],[77.4956,12.93079],[77.4956,12.93079],[77.49559,12.93077],[77.49559,12.93076],[77.49558,12.93074],[77.49558,12.93074],[77.49558,12.93071],[77.49558,12.93071],[77.49558,12.93071],[77.49558,12.93069],[77.49558,12.93069],[77.49559,12.93065],[77.4956,12.93053],[77.4956,12.93053],[77.49561,12.93041],[77.49561,12.93038],[77.49561,12.93035],[77.49559,12.9303],[77.49557,12.93026],[77.49552,12.93018],[77.49546,12.93011],[77.49546,12.9301],[77.49541,12.93003],[77.49531,12.92985],[77.49531,12.92985],[77.49524,12.92971],[77.49524,12.92971],[77.49524,12.92971],[77.49521,12.92963],[77.49521,12.92963],[77.49517,12.92948],[77.49517,12.92948],[77.49515,12.92932],[77.49515,12.92932],[77.49514,12.92926],[77.49514,12.92926],[77.49514,12.92923],[77.49514,12.92923],[77.49514,12.92922],[77.49515,12.92919],[77.49515,12.92919],[77.49515,12.92919],[77.49516,12.92917],[77.49516,12.92917],[77.49516,12.92917],[77.49518,12.92914],[77.49518,12.92914],[77.49521,12.9291],[77.49521,12.9291],[77.49529,12.92902],[77.49529,12.92901],[77.4953,12.92901],[77.4953,12.92899],[77.49531,12.92897],[77.49531,12.92896],[77.49531,12.92895],[77.49531,12.92893],[77.49531,12.92893],[77.49531,12.92893],[77.4953,12.92893],[77.4953,12.92892],[77.4953,12.92892],[77.49529,12.92892],[77.49526,12.92892],[77.49518,12.92892],[77.49518,12.92892],[77.49506,12.92892],[77.49505,12.92892],[77.49504,12.92892],[77.49504,12.92893],[77.495,12.92897],[77.49492,12.92909],[77.49473,12.92938],[77.49473,12.92938],[77.49453,12.92966],[77.49433,12.92996],[77.49409,12.93037],[77.49388,12.93071],[77.49374,12.93094],[77.49349,12.93135],[77.49345,12.93143],[77.49345,12.93144],[77.4934,12.93152],[77.4934,12.93152],[77.49338,12.93155],[77.49337,12.93155],[77.49323,12.93173],[77.49324,12.93173],[77.49327,12.93173],[77.49334,12.93171],[77.4934,12.93168],[77.49344,12.93166],[77.49345,12.93165],[77.49345,12.93165],[77.49357,12.93156],[77.49357,12.93155],[77.49357,12.93155],[77.4936,12.93154],[77.4936,12.93154],[77.4936,12.93154],[77.49363,12.93153],[77.49363,12.93153],[77.49366,12.93152],[77.49366,12.93152],[77.49367,12.93152],[77.49375,12.93152],[77.49389,12.9315],[77.49389,12.9315],[77.49401,12.93149],[77.49403,12.93149],[77.49403,12.93149],[77.49409,12.93149],[77.49409,12.93149],[77.49412,12.9315],[77.49412,12.9315],[77.49412,12.9315],[77.49413,12.9315],[77.49415,12.93151],[77.49416,12.93152],[77.49416,12.93152],[77.49416,12.93152],[77.49416,12.93152],[77.49423,12.9316],[77.49423,12.9316],[77.49431,12.9317],[77.49439,12.93178],[77.49439,12.93179],[77.4945,12.93188],[77.49519,12.93235],[77.49568,12.9321],[77.49608,12.93188],[77.49608,12.93188],[77.49616,12.93184],[77.49622,12.93181],[77.49625,12.93178],[77.49627,12.93175],[77.4963,12.93171],[77.49632,12.93166],[77.49634,12.93161],[77.49636,12.93154]]]},"properties":{"shedId":"C05CAM34"}},{"type":"Feature","geometry":{"type":"Polygon","coordinates":[[[77.48351,12.93192],[77.48365,12.93166],[77.48367,12.93162],[77.48369,12.93158],[77.48378,12.93133],[77.48379,12.93131],[77.4838,12.93125],[77.4838,12.93123],[77.48379,12.9312],[77.48378,12.93117],[77.48377,12.93111],[77.48376,12.93108],[77.48375,12.93105],[77.48374,12.93096],[77.48373,12.93091],[77.48375,12.93085],[77.48377,12.93061],[77.48377,12.93054],[77.48377,12.93051],[77.48376,12.93048],[77.48375,12.93044],[77.48364,12.9302],[77.48347,12.92994],[77.48332,12.92971],[77.48331,12.92969],[77.4833,12.92965],[77.48319,12.92927],[77.48303,12.92887],[77.4829,12.92856],[77.48274,12.9282],[77.4826,12.92796],[77.48256,12.92791],[77.4824,12.92768],[77.48221,12.9274],[77.48217,12.92736],[77.48215,12.92733],[77.48195,12.92668],[77.48186,12.92636],[77.48168,12.926],[77.48154,12.92577],[77.48147,12.9257],[77.48144,12.92566],[77.48128,12.92524],[77.48112,12.92479],[77.48107,12.92469],[77.48107,12.92467],[77.48106,12.92464],[77.48106,12.92461],[77.48106,12.92454],[77.48106,12.92451],[77.48106,12.92449],[77.48106,12.92446],[77.48107,12.92441],[77.48107,12.92436],[77.48117,12.92403],[77.48118,12.92398],[77.4812,12.92395],[77.48121,12.92394],[77.48122,12.92392],[77.48123,12.92391],[77.48124,12.9239],[77.48125,12.92389],[77.48125,12.92388],[77.48125,12.92385],[77.48125,12.92383],[77.48124,12.9238],[77.48122,12.92371],[77.48116,12.92359],[77.48112,12.92353],[77.48111,12.92351],[77.48109,12.92349],[77.48108,12.92348],[77.48107,12.92346],[77.48106,12.92344],[77.48105,12.92342],[77.48105,12.9234],[77.48105,12.92337],[77.48105,12.92335],[77.48107,12.92327],[77.48107,12.92321],[77.48107,12.92315],[77.48106,12.92314],[77.48105,12.92313],[77.48103,12.92313],[77.48017,12.92342],[77.47974,12.92359],[77.47952,12.92367],[77.47946,12.92349],[77.47945,12.92349],[77.479,12.9237],[77.47866,12.92386],[77.47866,12.92388],[77.47911,12.92462],[77.47911,12.92465],[77.47909,12.92466],[77.47877,12.92483],[77.47877,12.92484],[77.47877,12.92484],[77.47877,12.92484],[77.4788,12.92486],[77.4788,12.92486],[77.4788,12.92486],[77.4788,12.92487],[77.47898,12.92528],[77.47898,12.92528],[77.47915,12.9257],[77.47938,12.92564],[77.47939,12.92565],[77.4795,12.92605],[77.47953,12.92608],[77.47968,12.92607],[77.4797,12.92609],[77.47981,12.92641],[77.47981,12.92645],[77.47979,12.92647],[77.47976,12.9265],[77.4797,12.92656],[77.47965,12.92662],[77.47964,12.92663],[77.47963,12.92664],[77.47963,12.92666],[77.47986,12.92751],[77.47987,12.92752],[77.4799,12.92751],[77.48081,12.92708],[77.48082,12.92708],[77.48084,12.92708],[77.48086,12.92709],[77.48124,12.92764],[77.48161,12.92821],[77.48213,12.92898],[77.48216,12.92896],[77.48233,12.92887],[77.48235,12.92887],[77.48238,12.92891],[77.4825,12.92911],[77.4826,12.92925],[77.48268,12.92953],[77.48292,12.9301],[77.48305,12.93043],[77.48321,12.93083],[77.48321,12.93086],[77.48321,12.93088],[77.4832,12.9309],[77.48318,12.93094],[77.4829,12.93128],[77.48286,12.93131],[77.48287,12.93132],[77.48294,12.93189],[77.483,12.93189],[77.48351,12.93192]]]},"properties":{"shedId":"C05CAM34"}},{"type":"Feature","geometry":{"type":"Polygon","coordinates":[[[77.4906,12.91835],[77.49068,12.91826],[77.49068,12.91826],[77.49077,12.91816],[77.49067,12.91798],[77.49057,12.91782],[77.49046,12.91767],[77.49033,12.91749],[77.49015,12.91729],[77.49,12.91712],[77.4898,12.91691],[77.48967,12.91677],[77.48953,12.91665],[77.48942,12.91656],[77.48922,12.91642],[77.48917,12.91638],[77.48828,12.91587],[77.48798,12.91573],[77.48796,12.91572],[77.48766,12.91551],[77.48758,12.91544],[77.48717,12.91499],[77.48702,12.91483],[77.48702,12.91483],[77.48667,12.91444],[77.48667,12.91444],[77.48637,12.9141],[77.48568,12.91336],[77.48544,12.91362],[77.48544,12.91362],[77.48564,12.91388],[77.48566,12.91391],[77.48566,12.91391],[77.48579,12.91417],[77.48579,12.91417],[77.48579,12.91417],[77.48597,12.9149],[77.4861,12.91538],[77.48622,12.91581],[77.48642,12.91637],[77.48657,12.9168],[77.48659,12.91686],[77.48659,12.91686],[77.48661,12.9169],[77.48672,12.9171],[77.48673,12.91711],[77.48675,12.91713],[77.48676,12.91714],[77.48677,12.91715],[77.48677,12.91715],[77.48679,12.91717],[77.4868,12.91717],[77.4871,12.91713],[77.48711,12.91712],[77.48712,12.91712],[77.48712,12.91713],[77.48712,12.91713],[77.48716,12.91713],[77.48716,12.91713],[77.48716,12.91713],[77.48717,12.91714],[77.48718,12.91715],[77.48719,12.91715],[77.48719,12.91715],[77.48736,12.91737],[77.48746,12.91745],[77.48749,12.91748],[77.48756,12.91752],[77.48767,12.91757],[77.48797,12.91766],[77.48806,12.91768],[77.48808,12.91768],[77.48812,12.91768],[77.48829,12.91766],[77.4883,12.91766],[77.48846,12.91765],[77.48853,12.91765],[77.48857,12.91766],[77.48862,12.91768],[77.48868,12.91772],[77.48872,12.91776],[77.48876,12.91785],[77.48881,12.91795],[77.48885,12.918],[77.48887,12.91802],[77.48891,12.91802],[77.48899,12.91803],[77.48914,12.91804],[77.48921,12.91806],[77.48926,12.91808],[77.48933,12.91812],[77.48944,12.91822],[77.48955,12.91833],[77.48959,12.91835],[77.48963,12.91835],[77.48986,12.91834],[77.49021,12.91833],[77.49025,12.91832],[77.49029,12.91832],[77.49033,12.91829],[77.49038,12.91828],[77.49042,12.91828],[77.49045,12.91828],[77.49051,12.9183],[77.49058,12.91833],[77.4906,12.91835]]]},"properties":{"shedId":"C05CAM34"}},{"type":"Feature","geometry":{"type":"Polygon","coordinates":[[[77.50894,12.92523],[77.50896,12.92517],[77.50899,12.92515],[77.50904,12.9251],[77.5091,12.92507],[77.50918,12.92504],[77.50926,12.925],[77.50935,12.92498],[77.50941,12.92497],[77.50947,12.92495],[77.50951,12.92491],[77.50952,12.92487],[77.50951,12.92479],[77.50946,12.92472],[77.50944,12.92469],[77.50939,12.92467],[77.50935,12.92467],[77.5093,12.92472],[77.50926,12.92473],[77.50919,12.92473],[77.50915,12.92472],[77.50908,12.92468],[77.50903,12.92468],[77.50899,12.92468],[77.5089,12.92473],[77.50865,12.92494],[77.50852,12.92504],[77.50843,12.92512],[77.50835,12.92518],[77.5083,12.92519],[77.50825,12.9252],[77.50816,12.9252],[77.5081,12.92518],[77.50805,12.92519],[77.50801,12.92521],[77.50799,12.92524],[77.50798,12.92526],[77.50798,12.92533],[77.508,12.9254],[77.50807,12.92553],[77.50812,12.92569],[77.50826,12.9261],[77.50836,12.92637],[77.50836,12.92646],[77.50833,12.92653],[77.50829,12.92658],[77.50813,12.92665],[77.50811,12.92668],[77.5081,12.92672],[77.5081,12.92672],[77.50808,12.92676],[77.508,12.92682],[77.50798,12.92685],[77.50797,12.92689],[77.50797,12.92691],[77.50798,12.92695],[77.50802,12.92699],[77.50808,12.92701],[77.50819,12.92702],[77.50824,12.92701],[77.5083,12.92698],[77.50843,12.92689],[77.50863,12.92677],[77.50871,12.92672],[77.50872,12.92669],[77.50874,12.92663],[77.50874,12.9266],[77.50875,12.92656],[77.50877,12.9265],[77.5088,12.92646],[77.50884,12.92639],[77.50886,12.92628],[77.50886,12.92617],[77.50884,12.92611],[77.50881,12.92605],[77.5088,12.92593],[77.5088,12.92585],[77.50882,12.92581],[77.5089,12.9257],[77.50893,12.92564],[77.50894,12.9256],[77.50894,12.92538],[77.50893,12.92529],[77.50894,12.92523]]]},"properties":{"shedId":"C05CAM34"}},{"type":"Feature","geometry":{"type":"Polygon","coordinates":[[[77.51526,12.92284],[77.51522,12.92284],[77.51504,12.92287],[77.51478,12.92294],[77.5146,12.92302],[77.51456,12.92304],[77.5145,12.92311],[77.51446,12.92316],[77.51443,12.92327],[77.51442,12.92331],[77.51441,12.92336],[77.51441,12.92337],[77.51439,12.92347],[77.51437,12.92364],[77.51438,12.92382],[77.51438,12.92388],[77.51439,12.92389],[77.51444,12.92408],[77.51447,12.92422],[77.51447,12.92422],[77.51447,12.92422],[77.51449,12.92439],[77.51451,12.92449],[77.51451,12.92449],[77.51454,12.92491],[77.51458,12.92513],[77.51459,12.92518],[77.51462,12.92531],[77.51462,12.92531],[77.51465,12.92542],[77.51468,12.92554],[77.51468,12.92556],[77.51469,12.92556],[77.5147,12.92557],[77.51471,12.92557],[77.51472,12.92558],[77.51474,12.92558],[77.51477,12.92559],[77.51484,12.92559],[77.51485,12.92555],[77.51485,12.92555],[77.51485,12.92555],[77.51495,12.92537],[77.51495,12.92537],[77.51502,12.92526],[77.51502,12.92526],[77.51502,12.92526],[77.51505,12.92523],[77.51513,12.92513],[77.51532,12.92488],[77.51537,12.92479],[77.51538,12.92477],[77.51538,12.92477],[77.51563,12.92433],[77.51567,12.92424],[77.51569,12.9242],[77.5157,12.92417],[77.51571,12.92415],[77.51572,12.92412],[77.51572,12.92407],[77.51572,12.92401],[77.5157,12.92396],[77.51566,12.92384],[77.5156,12.92369],[77.5156,12.92369],[77.51548,12.92335],[77.5154,12.92317],[77.51539,12.92315],[77.51533,12.92293],[77.5153,12.92286],[77.51526,12.92284]]]},"properties":{"shedId":"C05CAM34"}},{"type":"Feature","geometry":{"type":"Polygon","coordinates":[[[77.4845,12.89312],[77.4845,12.89312],[77.4845,12.89312],[77.48454,12.89312],[77.4846,12.89312],[77.4846,12.89312],[77.4847,12.89314],[77.48471,12.89314],[77.48477,12.89316],[77.48477,12.89316],[77.48477,12.89316],[77.48479,12.89316],[77.48479,12.89316],[77.485,12.89327],[77.48505,12.89328],[77.48512,12.8933],[77.48516,12.8933],[77.48531,12.89331],[77.48534,12.89331],[77.48546,12.89331],[77.48546,12.89331],[77.48553,12.89331],[77.48557,12.89332],[77.48564,12.89332],[77.48575,12.89331],[77.48584,12.8933],[77.4859,12.89329],[77.48594,12.89327],[77.48595,12.89326],[77.48601,12.89322],[77.48603,12.8932],[77.4861,12.8931],[77.48612,12.89306],[77.48612,12.89306],[77.48619,12.89296],[77.4862,12.89295],[77.4862,12.89294],[77.48621,12.89284],[77.4862,12.89277],[77.48617,12.89248],[77.48614,12.89224],[77.48614,12.89224],[77.48614,12.89223],[77.48614,12.89221],[77.48614,12.89221],[77.48617,12.89208],[77.48617,12.89206],[77.48617,12.89204],[77.48617,12.892],[77.48607,12.89167],[77.48598,12.89135],[77.48598,12.89135],[77.48594,12.8912],[77.48594,12.8912],[77.4859,12.891],[77.4859,12.89099],[77.48589,12.89099],[77.48589,12.89099],[77.48589,12.89099],[77.48589,12.89099],[77.48587,12.89099],[77.48576,12.89101],[77.48538,12.89111],[77.48521,12.89116],[77.48521,12.89116],[77.48519,12.89116],[77.48519,12.89116],[77.48512,12.89117],[77.48512,12.89117],[77.485,12.89118],[77.48466,12.8912],[77.48466,12.8912],[77.48459,12.8912],[77.48459,12.8912],[77.4842,12.89117],[77.48332,12.89118],[77.48322,12.89119],[77.48317,12.8912],[77.48317,12.8912],[77.48307,12.89122],[77.48307,12.89122],[77.48303,12.89123],[77.48293,12.89125],[77.48286,12.89127],[77.48279,12.89131],[77.48271,12.89136],[77.48261,12.89143],[77.48241,12.89155],[77.48229,12.89164],[77.48229,12.89164],[77.48222,12.89168],[77.48218,12.89172],[77.48217,12.89172],[77.48185,12.89193],[77.48175,12.89205],[77.48172,12.89209],[77.48168,12.89221],[77.48164,12.89236],[77.48163,12.89241],[77.48163,12.89242],[77.48162,12.89243],[77.48162,12.89244],[77.48162,12.89244],[77.4816,12.89249],[77.4816,12.8925],[77.4816,12.8925],[77.48158,12.89252],[77.48158,12.89252],[77.48158,12.89252],[77.48147,12.89263],[77.48132,12.8928],[77.48128,12.89287],[77.48127,12.89293],[77.48125,12.89312],[77.48125,12.89321],[77.48128,12.89332],[77.48129,12.8934],[77.4813,12.89342],[77.48146,12.89373],[77.4815,12.8938],[77.4815,12.8938],[77.48153,12.89385],[77.48174,12.89377],[77.48174,12.89377],[77.48189,12.89372],[77.48193,12.89371],[77.48211,12.89364],[77.48212,12.89364],[77.48254,12.89351],[77.48266,12.89348],[77.48266,12.89348],[77.48326,12.89332],[77.48326,12.89332],[77.48358,12.89325],[77.48358,12.89325],[77.48393,12.89318],[77.48393,12.89318],[77.48424,12.89315],[77.48441,12.89313],[77.48441,12.89313],[77.4845,12.89312]]]},"properties":{"shedId":"C05CAM34"}},{"type":"Feature","geometry":{"type":"Polygon","coordinates":[[[77.49111,12.88127],[77.49182,12.88116],[77.49202,12.88155],[77.49214,12.88145],[77.49247,12.88119],[77.49277,12.88094],[77.49303,12.88072],[77.49303,12.88072],[77.49329,12.88052],[77.49339,12.88045],[77.49344,12.88039],[77.49351,12.88029],[77.49355,12.88018],[77.49358,12.88008],[77.4936,12.87995],[77.4936,12.87984],[77.49357,12.87973],[77.49352,12.87961],[77.49345,12.87949],[77.49332,12.87932],[77.49328,12.87927],[77.49315,12.87925],[77.49296,12.87928],[77.49264,12.87942],[77.4921,12.8798],[77.4919,12.87992],[77.49175,12.87997],[77.49163,12.87998],[77.49156,12.87997],[77.49151,12.87994],[77.49144,12.87987],[77.49133,12.8797],[77.49127,12.87962],[77.49117,12.87958],[77.49102,12.87952],[77.49092,12.87949],[77.49085,12.87945],[77.49078,12.87937],[77.49075,12.87932],[77.49072,12.8793],[77.49066,12.8793],[77.49061,12.87932],[77.49058,12.87935],[77.49057,12.87937],[77.49044,12.87947],[77.4905,12.87984],[77.49053,12.88054],[77.49051,12.88101],[77.49047,12.8818],[77.49057,12.88172],[77.49111,12.88127]]]},"properties":{"shedId":"C05CAM34"}},{"type":"Feature","geometry":{"type":"Polygon","coordinates":[[[77.50111,12.87522],[77.50078,12.87497],[77.50072,12.87492],[77.50026,12.87458],[77.49998,12.87439],[77.49993,12.87435],[77.49988,12.87433],[77.4997,12.87423],[77.49876,12.87376],[77.49847,12.87361],[77.49829,12.87351],[77.49823,12.87349],[77.49821,12.87348],[77.49818,12.87348],[77.49816,12.87348],[77.49813,12.87348],[77.49812,12.87349],[77.49809,12.8735],[77.49806,12.87352],[77.49792,12.87365],[77.4979,12.87368],[77.49787,12.87372],[77.49777,12.87388],[77.49755,12.87425],[77.49753,12.8743],[77.49751,12.87433],[77.49749,12.87437],[77.49746,12.87445],[77.49746,12.87448],[77.49744,12.87455],[77.49741,12.87464],[77.49734,12.87499],[77.49734,12.875],[77.49731,12.8751],[77.49731,12.87515],[77.49731,12.87517],[77.49731,12.87519],[77.49731,12.8752],[77.49731,12.8752],[77.49731,12.87522],[77.49732,12.87522],[77.49733,12.87522],[77.49733,12.87522],[77.49735,12.87523],[77.49738,12.87523],[77.49739,12.87522],[77.49742,12.87521],[77.49758,12.87512],[77.49759,12.87512],[77.49759,12.87512],[77.49762,12.8751],[77.49762,12.8751],[77.49766,12.87509],[77.49766,12.87508],[77.49771,12.87507],[77.49777,12.87506],[77.49777,12.87506],[77.4978,12.87505],[77.4978,12.87505],[77.49781,12.87505],[77.49782,12.87505],[77.49787,12.87505],[77.49811,12.87504],[77.49827,12.87503],[77.49841,12.87501],[77.49841,12.87501],[77.49848,12.87501],[77.49848,12.87501],[77.49851,12.87501],[77.49851,12.87501],[77.49853,12.87501],[77.49853,12.87501],[77.49856,12.87502],[77.49857,12.87502],[77.49865,12.87505],[77.49865,12.87505],[77.49867,12.87506],[77.49867,12.87506],[77.49868,12.87507],[77.49869,12.87507],[77.49872,12.87509],[77.49872,12.87509],[77.49888,12.87519],[77.4989,12.8752],[77.49896,12.87524],[77.49904,12.87529],[77.49909,12.87531],[77.49912,12.87532],[77.49917,12.87534],[77.49924,12.87535],[77.49932,12.87537],[77.49937,12.87538],[77.49947,12.8754],[77.49955,12.87542],[77.49956,12.87542],[77.49973,12.87546],[77.49973,12.87546],[77.49977,12.87547],[77.4998,12.87548],[77.4998,12.87548],[77.49982,12.87549],[77.49983,12.87549],[77.49983,12.87549],[77.49984,12.8755],[77.49984,12.8755],[77.49984,12.8755],[77.49984,12.8755],[77.49984,12.8755],[77.49984,12.87551],[77.49985,12.87551],[77.49985,12.87552],[77.49985,12.87552],[77.49986,12.87553],[77.49986,12.87554],[77.49986,12.87554],[77.49986,12.87555],[77.49986,12.87555],[77.49986,12.87555],[77.49986,12.8756],[77.49986,12.8756],[77.49985,12.87566],[77.4998,12.87597],[77.4998,12.87598],[77.4998,12.87599],[77.49981,12.876],[77.50051,12.87643],[77.50077,12.8766],[77.5008,12.87662],[77.50081,12.87662],[77.50081,12.87662],[77.50081,12.87661],[77.50081,12.87661],[77.50081,12.87661],[77.50089,12.87608],[77.50089,12.87607],[77.50089,12.87605],[77.5009,12.87603],[77.5009,12.87602],[77.50091,12.87601],[77.50091,12.87601],[77.50092,12.87598],[77.50092,12.87598],[77.50092,12.87597],[77.50092,12.87597],[77.50094,12.87595],[77.50095,12.87592],[77.50096,12.8759],[77.50096,12.8759],[77.50098,12.87589],[77.50099,12.87587],[77.50101,12.87585],[77.50101,12.87585],[77.50102,12.87584],[77.50103,12.87584],[77.50103,12.87583],[77.50105,12.87581],[77.50105,12.8758],[77.50105,12.8758],[77.50106,12.87579],[77.50107,12.87576],[77.50108,12.87575],[77.50108,12.87574],[77.50109,12.87573],[77.50109,12.87572],[77.5011,12.8757],[77.5011,12.87569],[77.5011,12.87569],[77.5011,12.87567],[77.5011,12.87564],[77.5011,12.87562],[77.50111,12.87558],[77.50111,12.87558],[77.50112,12.87552],[77.50112,12.8755],[77.50112,12.8755],[77.50114,12.87543],[77.50114,12.87543],[77.50115,12.87541],[77.50115,12.8754],[77.50115,12.8754],[77.50116,12.87538],[77.50117,12.87535],[77.50116,12.8753],[77.50115,12.87527],[77.50114,12.87525],[77.50113,12.87525],[77.50111,12.87522]]]},"properties":{"shedId":"C05CAM34"}},{"type":"Feature","geometry":{"type":"Polygon","coordinates":[[[77.45963,12.95882],[77.45961,12.95859],[77.45964,12.95859],[77.46019,12.9585],[77.46022,12.95798],[77.46024,12.95791],[77.46026,12.95787],[77.4603,12.95784],[77.46035,12.95781],[77.46042,12.95776],[77.46056,12.9577],[77.4606,12.95766],[77.46068,12.95758],[77.46087,12.95711],[77.46113,12.95658],[77.46113,12.95656],[77.46139,12.95584],[77.46138,12.9558],[77.46121,12.95537],[77.46107,12.95513],[77.46105,12.9551],[77.46106,12.95507],[77.46107,12.95503],[77.46112,12.95446],[77.46112,12.95446],[77.46121,12.95387],[77.4613,12.95322],[77.4613,12.95322],[77.4614,12.95279],[77.46149,12.95237],[77.46151,12.95224],[77.46153,12.95207],[77.46155,12.95184],[77.46155,12.95184],[77.46156,12.95178],[77.46156,12.95178],[77.46158,12.95172],[77.46159,12.95166],[77.46159,12.95166],[77.4616,12.95165],[77.46162,12.95161],[77.46163,12.95155],[77.46162,12.95148],[77.4616,12.95138],[77.46154,12.95125],[77.46146,12.95111],[77.46131,12.95084],[77.46131,12.95084],[77.46128,12.95077],[77.46128,12.95077],[77.46116,12.95046],[77.46116,12.95046],[77.46115,12.9504],[77.46115,12.9504],[77.46114,12.95031],[77.46114,12.95031],[77.46114,12.95023],[77.46114,12.95023],[77.46116,12.94987],[77.46117,12.94983],[77.46117,12.94983],[77.46117,12.94983],[77.46117,12.9498],[77.46118,12.94977],[77.46115,12.94944],[77.46115,12.94931],[77.46113,12.94926],[77.46112,12.94919],[77.46105,12.94887],[77.46105,12.94887],[77.46105,12.94874],[77.46105,12.94874],[77.46105,12.94864],[77.46105,12.94864],[77.46106,12.94864],[77.46108,12.94854],[77.46117,12.94826],[77.46123,12.94808],[77.46126,12.94798],[77.46127,12.94793],[77.46127,12.94766],[77.46127,12.94766],[77.46127,12.94756],[77.46127,12.94756],[77.46128,12.94756],[77.4613,12.9475],[77.4613,12.9475],[77.4613,12.94749],[77.46134,12.94746],[77.46134,12.94746],[77.46138,12.94742],[77.46143,12.94737],[77.46149,12.94727],[77.46155,12.94714],[77.46157,12.94706],[77.46158,12.94698],[77.46159,12.94689],[77.4616,12.94682],[77.46161,12.94677],[77.4616,12.94668],[77.4616,12.94668],[77.46159,12.94659],[77.46159,12.94659],[77.4616,12.94653],[77.4616,12.94653],[77.46162,12.94648],[77.46163,12.94642],[77.46165,12.94635],[77.46164,12.94636],[77.46151,12.94642],[77.46147,12.94644],[77.46144,12.94647],[77.46142,12.94652],[77.4614,12.94659],[77.46138,12.9467],[77.46136,12.94684],[77.46136,12.94684],[77.46131,12.94707],[77.46131,12.94707],[77.46124,12.94725],[77.46124,12.94725],[77.46124,12.94725],[77.46116,12.94737],[77.46115,12.94737],[77.46104,12.94749],[77.46104,12.94749],[77.46093,12.94759],[77.46092,12.94759],[77.46092,12.94759],[77.4608,12.94766],[77.46079,12.94766],[77.46079,12.94766],[77.46066,12.94769],[77.46066,12.94769],[77.46058,12.94771],[77.46058,12.94771],[77.46047,12.9477],[77.46046,12.9477],[77.4603,12.94768],[77.46029,12.94768],[77.46014,12.94764],[77.46014,12.94764],[77.46014,12.94764],[77.45996,12.94756],[77.4598,12.94749],[77.45964,12.94742],[77.45943,12.94736],[77.45916,12.94727],[77.45916,12.94727],[77.45901,12.94722],[77.45901,12.94722],[77.45885,12.94715],[77.45859,12.94702],[77.4585,12.94699],[77.45844,12.94697],[77.45836,12.94696],[77.4583,12.94695],[77.45823,12.94694],[77.45823,12.94694],[77.45823,12.94694],[77.45813,12.94691],[77.45813,12.94691],[77.45801,12.94685],[77.45801,12.94684],[77.45787,12.94673],[77.45787,12.94672],[77.45776,12.94661],[77.45776,12.94661],[77.4577,12.94651],[77.4577,12.94651],[77.45765,12.94638],[77.45765,12.94638],[77.45762,12.94629],[77.45762,12.94629],[77.45761,12.94622],[77.45761,12.94622],[77.45761,12.94617],[77.45761,12.94617],[77.45761,12.94617],[77.45762,12.94591],[77.45763,12.94569],[77.45763,12.94564],[77.45762,12.94561],[77.45761,12.94559],[77.45758,12.94557],[77.45756,12.94556],[77.45752,12.94556],[77.45748,12.94558],[77.45744,12.94562],[77.4574,12.94568],[77.45735,12.94583],[77.45728,12.94607],[77.45723,12.94635],[77.45718,12.94657],[77.45718,12.94658],[77.45717,12.94661],[77.45725,12.94666],[77.45733,12.9467],[77.45734,12.94671],[77.45734,12.94671],[77.45738,12.94675],[77.45738,12.94675],[77.45738,12.94676],[77.45738,12.94676],[77.4574,12.94681],[77.4574,12.94681],[77.4574,12.94682],[77.4574,12.94692],[77.45739,12.94721],[77.45739,12.94738],[77.45739,12.94738],[77.45738,12.94754],[77.45738,12.94754],[77.45738,12.94754],[77.45735,12.94768],[77.45735,12.94768],[77.45728,12.94786],[77.45728,12.94787],[77.45722,12.94798],[77.45722,12.94798],[77.45707,12.94818],[77.45707,12.94818],[77.45695,12.94833],[77.45694,12.94833],[77.4569,12.94837],[77.4569,12.94837],[77.4569,12.94837],[77.45686,12.9484],[77.45686,12.9484],[77.45686,12.9484],[77.45677,12.94844],[77.45677,12.94844],[77.4567,12.94847],[77.4567,12.94847],[77.45663,12.94848],[77.45663,12.94848],[77.4565,12.94849],[77.45637,12.94851],[77.45631,12.94853],[77.45627,12.94857],[77.45627,12.94857],[77.45623,12.94856],[77.45624,12.94855],[77.45625,12.94856],[77.45624,12.94854],[77.45616,12.94849],[77.45578,12.94856],[77.4551,12.94856],[77.45508,12.94857],[77.45507,12.94861],[77.45505,12.94904],[77.45506,12.94906],[77.45529,12.94954],[77.45529,12.94963],[77.45536,12.94976],[77.45547,12.95009],[77.45529,12.95013],[77.45548,12.95149],[77.45552,12.95175],[77.45546,12.95176],[77.45516,12.95187],[77.45446,12.95203],[77.45446,12.95203],[77.45446,12.95203],[77.45448,12.95208],[77.45448,12.95208],[77.45449,12.95214],[77.4545,12.95214],[77.45451,12.95223],[77.45459,12.95252],[77.45464,12.9527],[77.45465,12.95273],[77.45468,12.95275],[77.45473,12.95277],[77.45479,12.95279],[77.45501,12.95284],[77.45518,12.95287],[77.45518,12.95287],[77.45538,12.95293],[77.45547,12.95294],[77.45553,12.95295],[77.45559,12.95293],[77.45566,12.9529],[77.45566,12.9529],[77.4557,12.95289],[77.45571,12.95289],[77.45571,12.95289],[77.45571,12.95289],[77.45571,12.95288],[77.4563,12.95264],[77.45633,12.95263],[77.45637,12.95261],[77.45638,12.95259],[77.4564,12.95257],[77.45641,12.95254],[77.45643,12.95251],[77.45644,12.95249],[77.45643,12.95249],[77.45644,12.95248],[77.4565,12.9524],[77.45654,12.95237],[77.45655,12.95237],[77.45684,12.95222],[77.45684,12.95222],[77.45718,12.95207],[77.4574,12.95199],[77.45759,12.95191],[77.45759,12.95191],[77.45776,12.95186],[77.45781,12.95185],[77.45781,12.95186],[77.45782,12.9519],[77.45784,12.95198],[77.45788,12.95211],[77.45789,12.95215],[77.45791,12.95219],[77.45793,12.95221],[77.45797,12.95222],[77.45807,12.95219],[77.45826,12.95215],[77.4583,12.95214],[77.45831,12.95214],[77.45831,12.95214],[77.45834,12.95215],[77.45835,12.95215],[77.45838,12.95216],[77.45838,12.95216],[77.45838,12.95216],[77.45841,12.95218],[77.45841,12.95218],[77.45841,12.95218],[77.45844,12.95221],[77.45844,12.95222],[77.45844,12.95222],[77.45846,12.95227],[77.45848,12.95234],[77.45853,12.95248],[77.45853,12.95249],[77.4586,12.95271],[77.45864,12.95283],[77.45872,12.95298],[77.45887,12.95322],[77.45892,12.95331],[77.45892,12.95332],[77.45892,12.95332],[77.45895,12.95343],[77.45898,12.95355],[77.45899,12.95358],[77.459,12.9536],[77.459,12.9536],[77.45901,12.95362],[77.45901,12.95363],[77.45901,12.95363],[77.45901,12.95363],[77.45901,12.95364],[77.45901,12.95367],[77.45901,12.95368],[77.459,12.9537],[77.45899,12.95372],[77.45899,12.95394],[77.45899,12.95398],[77.45899,12.95398],[77.45899,12.95398],[77.45899,12.95399],[77.45899,12.95399],[77.45899,12.95399],[77.45897,12.95402],[77.45897,12.95402],[77.45897,12.95402],[77.45894,12.95404],[77.45894,12.95405],[77.45893,12.95405],[77.4589,12.95406],[77.45889,12.95406],[77.45885,12.95407],[77.45885,12.95407],[77.45885,12.95407],[77.45879,12.95408],[77.45874,12.9541],[77.45873,12.95411],[77.45872,12.95413],[77.45871,12.95416],[77.4587,12.95422],[77.45871,12.95444],[77.45874,12.95479],[77.45874,12.9548],[77.45873,12.95506],[77.45874,12.95523],[77.45874,12.95536],[77.45877,12.95552],[77.45881,12.95571],[77.4589,12.95616],[77.45893,12.95634],[77.45896,12.95656],[77.45896,12.95656],[77.45898,12.95671],[77.45903,12.95696],[77.45903,12.95697],[77.45904,12.95708],[77.45904,12.95708],[77.45904,12.95708],[77.45904,12.95709],[77.45903,12.9571],[77.45903,12.9571],[77.45903,12.95711],[77.45903,12.95711],[77.45903,12.95711],[77.4592,12.95823],[77.45925,12.95825],[77.45935,12.95825],[77.45941,12.95826],[77.45944,12.95828],[77.45947,12.9583],[77.45949,12.95833],[77.45952,12.95852],[77.45956,12.9587],[77.4596,12.95885],[77.45963,12.95882]]]},"properties":{"shedId":"C05CAM34"}},{"type":"Feature","geometry":{"type":"Polygon","coordinates":[[[77.46983,12.94605],[77.46983,12.94612],[77.47003,12.94648],[77.47029,12.94679],[77.4704,12.94706],[77.47059,12.94748],[77.4707,12.94775],[77.47107,12.94782],[77.47141,12.94764],[77.47151,12.9471],[77.47148,12.94648],[77.47158,12.94612],[77.47178,12.94565],[77.47181,12.94544],[77.47135,12.94571],[77.47086,12.94603],[77.47038,12.94614],[77.46983,12.94605]]]},"properties":{"shedId":"C05CAM34"}},{"type":"Feature","geometry":{"type":"Polygon","coordinates":[[[77.42367,12.93635],[77.42366,12.93634],[77.42366,12.93634],[77.42365,12.93633],[77.42365,12.93633],[77.42364,12.93633],[77.42363,12.93632],[77.42363,12.93632],[77.42362,12.93632],[77.42361,12.93631],[77.42361,12.93631],[77.4236,12.93631],[77.42359,12.9363],[77.42358,12.9363],[77.42358,12.9363],[77.42357,12.9363],[77.42356,12.93629],[77.42356,12.93629],[77.42355,12.93629],[77.42354,12.93628],[77.42352,12.93628],[77.4235,12.93627],[77.42349,12.93627],[77.42347,12.93626],[77.42346,12.93625],[77.42344,12.93625],[77.42342,12.93624],[77.42341,12.93624],[77.42339,12.93623],[77.42337,12.93622],[77.42336,12.93622],[77.42334,12.93621],[77.42333,12.9362],[77.42331,12.9362],[77.4233,12.93619],[77.42308,12.93608],[77.42308,12.93608],[77.42307,12.93607],[77.42306,12.93606],[77.42305,12.93605],[77.42304,12.93605],[77.42304,12.93604],[77.42303,12.93603],[77.42302,12.93602],[77.42301,12.93602],[77.423,12.93601],[77.42299,12.936],[77.42298,12.93599],[77.42297,12.93598],[77.42296,12.93598],[77.42295,12.93597],[77.42294,12.93596],[77.42293,12.93595],[77.42292,12.93595],[77.42291,12.93594],[77.42291,12.93593],[77.4229,12.93593],[77.42289,12.93592],[77.42288,12.93591],[77.42287,12.9359],[77.42286,12.9359],[77.42285,12.93589],[77.42284,12.93588],[77.42283,12.93588],[77.42282,12.93587],[77.42281,12.93586],[77.4228,12.93586],[77.42279,12.93585],[77.42278,12.93585],[77.42277,12.93584],[77.42276,12.93583],[77.42275,12.93583],[77.42274,12.93582],[77.42273,12.93582],[77.42272,12.93581],[77.42271,12.93581],[77.4227,12.9358],[77.42269,12.9358],[77.42268,12.93579],[77.42267,12.93579],[77.42267,12.93578],[77.42266,12.93578],[77.42265,12.93577],[77.42264,12.93577],[77.42263,12.93576],[77.42262,12.93576],[77.42261,12.93575],[77.4226,12.93575],[77.42259,12.93574],[77.42258,12.93574],[77.42257,12.93573],[77.42256,12.93573],[77.42255,12.93572],[77.42254,12.93572],[77.42253,12.93572],[77.42252,12.93571],[77.42251,12.93571],[77.4225,12.9357],[77.42249,12.9357],[77.42249,12.9357],[77.42248,12.9357],[77.42248,12.93569],[77.42247,12.93569],[77.42247,12.93569],[77.42246,12.93569],[77.42246,12.93568],[77.42245,12.93568],[77.42245,12.93568],[77.42244,12.93567],[77.42244,12.93567],[77.42243,12.93567],[77.42243,12.93566],[77.42242,12.93566],[77.42242,12.93566],[77.42241,12.93565],[77.42241,12.93565],[77.4224,12.93565],[77.4224,12.93564],[77.4224,12.93564],[77.42239,12.93563],[77.42239,12.93563],[77.42238,12.93563],[77.42238,12.93562],[77.42237,12.93562],[77.42237,12.93561],[77.42236,12.93561],[77.42236,12.93561],[77.42236,12.9356],[77.42235,12.9356],[77.42235,12.93559],[77.42234,12.93559],[77.42234,12.93558],[77.42234,12.93558],[77.42233,12.93558],[77.42233,12.93557],[77.42232,12.93557],[77.42232,12.93556],[77.42232,12.93556],[77.42231,12.93555],[77.42231,12.93555],[77.42231,12.93554],[77.42206,12.93523],[77.42204,12.93517],[77.42204,12.93516],[77.42204,12.93493],[77.42203,12.93484],[77.42201,12.93478],[77.42198,12.93472],[77.42194,12.93464],[77.42189,12.93458],[77.42185,12.93455],[77.4218,12.93453],[77.42174,12.93452],[77.42157,12.93452],[77.42146,12.93454],[77.42134,12.93456],[77.42122,12.93458],[77.42111,12.93459],[77.42099,12.93459],[77.42086,12.93458],[77.42074,12.93456],[77.42062,12.93453],[77.42058,12.93452],[77.42048,12.9345],[77.42046,12.93451],[77.42044,12.93451],[77.42042,12.93452],[77.4204,12.93453],[77.42038,12.93455],[77.42037,12.93457],[77.42036,12.93459],[77.42036,12.93461],[77.42036,12.93463],[77.42036,12.93465],[77.42037,12.93467],[77.42038,12.93469],[77.42049,12.93482],[77.4208,12.93512],[77.42094,12.93532],[77.42109,12.93551],[77.42118,12.93564],[77.42129,12.93581],[77.4213,12.93582],[77.42131,12.93583],[77.42133,12.93584],[77.42134,12.93585],[77.42157,12.93636],[77.42158,12.93649],[77.42159,12.93649],[77.4216,12.93649],[77.42161,12.93649],[77.42162,12.9365],[77.42163,12.9365],[77.42163,12.9365],[77.42164,12.9365],[77.42165,12.93651],[77.42166,12.93651],[77.42167,12.93651],[77.42168,12.93651],[77.42169,12.93652],[77.4217,12.93652],[77.42171,12.93652],[77.42172,12.93653],[77.42172,12.93653],[77.42173,12.93653],[77.42174,12.93654],[77.42183,12.93638],[77.42194,12.93636],[77.42218,12.93637],[77.42232,12.9364],[77.42244,12.93641],[77.42257,12.93643],[77.42297,12.93656],[77.42304,12.93661],[77.42312,12.93668],[77.42318,12.93681],[77.42319,12.93691],[77.42319,12.93701],[77.42323,12.93783],[77.42321,12.93793],[77.42333,12.938],[77.42336,12.93801],[77.42339,12.93801],[77.42341,12.93802],[77.42343,12.93801],[77.42347,12.938],[77.42347,12.93799],[77.42348,12.93798],[77.42349,12.93797],[77.42349,12.93796],[77.4235,12.93795],[77.42351,12.93794],[77.42351,12.93793],[77.42352,12.93792],[77.42352,12.93791],[77.42353,12.9379],[77.42353,12.93789],[77.42354,12.93788],[77.42355,12.93787],[77.42355,12.93786],[77.42356,12.93785],[77.42356,12.93784],[77.42357,12.93783],[77.42357,12.93782],[77.42358,12.93781],[77.42358,12.93779],[77.42359,12.93778],[77.42359,12.93777],[77.4236,12.93776],[77.4236,12.93775],[77.42361,12.93774],[77.42361,12.93773],[77.42362,12.93772],[77.42362,12.93771],[77.42362,12.9377],[77.42363,12.93769],[77.42363,12.93768],[77.42364,12.93767],[77.42364,12.93766],[77.42364,12.93764],[77.42365,12.93763],[77.42365,12.93762],[77.42366,12.93761],[77.42366,12.9376],[77.42366,12.9376],[77.42374,12.93729],[77.42374,12.93728],[77.42374,12.93726],[77.42375,12.93725],[77.42375,12.93724],[77.42375,12.93723],[77.42375,12.93722],[77.42376,12.93721],[77.42376,12.9372],[77.42376,12.93719],[77.42377,12.93718],[77.42377,12.93717],[77.42377,12.93715],[77.42378,12.93714],[77.42378,12.93713],[77.42378,12.93712],[77.42379,12.93711],[77.42379,12.9371],[77.42379,12.93709],[77.4238,12.93708],[77.4238,12.93707],[77.4238,12.93706],[77.42381,12.93705],[77.42381,12.93704],[77.42382,12.93703],[77.42382,12.93701],[77.42382,12.937],[77.42383,12.93699],[77.42383,12.93698],[77.42384,12.93697],[77.42384,12.93696],[77.42385,12.93695],[77.42385,12.93694],[77.42385,12.93694],[77.42386,12.93693],[77.42386,12.93693],[77.42386,12.93692],[77.42387,12.93692],[77.42387,12.93691],[77.42387,12.93691],[77.42388,12.9369],[77.42388,12.9369],[77.42388,12.93689],[77.42388,12.93689],[77.42389,12.93688],[77.42389,12.93688],[77.42389,12.93687],[77.42389,12.93687],[77.4239,12.93686],[77.4239,12.93686],[77.4239,12.93685],[77.4239,12.93685],[77.4239,12.93684],[77.42391,12.93684],[77.42391,12.93683],[77.42391,12.93683],[77.42391,12.93682],[77.42391,12.93681],[77.42391,12.93681],[77.42391,12.9368],[77.42392,12.9368],[77.42392,12.93679],[77.42392,12.93679],[77.42392,12.93678],[77.42392,12.93678],[77.42392,12.93677],[77.42392,12.93677],[77.42392,12.93676],[77.42392,12.93675],[77.42392,12.93675],[77.42392,12.93674],[77.42392,12.93674],[77.42393,12.93673],[77.42393,12.93673],[77.42393,12.93672],[77.42393,12.93671],[77.42393,12.93671],[77.42393,12.9367],[77.42393,12.9367],[77.42392,12.93669],[77.42392,12.93669],[77.42392,12.93665],[77.42392,12.93665],[77.42392,12.93664],[77.42392,12.93664],[77.42392,12.93663],[77.42391,12.93663],[77.42391,12.93662],[77.42391,12.93662],[77.42391,12.93661],[77.42391,12.9366],[77.42391,12.9366],[77.4239,12.93659],[77.4239,12.93659],[77.4239,12.93658],[77.4239,12.93658],[77.4239,12.93657],[77.42389,12.93657],[77.42389,12.93656],[77.42389,12.93656],[77.42389,12.93655],[77.42388,12.93655],[77.42388,12.93654],[77.42388,12.93654],[77.42387,12.93653],[77.42387,12.93653],[77.42387,12.93652],[77.42387,12.93652],[77.42386,12.93651],[77.42386,12.93651],[77.42385,12.9365],[77.42385,12.9365],[77.42384,12.93649],[77.42384,12.93648],[77.42383,12.93648],[77.42383,12.93647],[77.42382,12.93647],[77.42382,12.93646],[77.42381,12.93646],[77.42381,12.93645],[77.4238,12.93645],[77.4238,12.93644],[77.42379,12.93644],[77.42378,12.93643],[77.42378,12.93643],[77.42377,12.93642],[77.42377,12.93642],[77.42376,12.93641],[77.42376,12.93641],[77.42375,12.9364],[77.42374,12.9364],[77.42374,12.93639],[77.42373,12.93639],[77.42373,12.93638],[77.42372,12.93638],[77.42371,12.93637],[77.42371,12.93637],[77.4237,12.93637],[77.4237,12.93636],[77.42369,12.93636],[77.42368,12.93635],[77.42368,12.93635],[77.42367,12.93635]]]},"properties":{"shedId":"C05CAM34"}},{"type":"Feature","geometry":{"type":"Polygon","coordinates":[[[77.41145,12.95643],[77.41145,12.95643],[77.41145,12.95643],[77.41144,12.95643],[77.41144,12.95643],[77.41144,12.95643],[77.41144,12.95643],[77.41144,12.95643],[77.41143,12.95643],[77.41143,12.95643],[77.41143,12.95643],[77.41143,12.95643],[77.41142,12.95645],[77.41141,12.95646],[77.41141,12.95647],[77.41141,12.95649],[77.41141,12.9565],[77.41142,12.95655],[77.41142,12.9566],[77.41142,12.95664],[77.4114,12.957],[77.41138,12.95707],[77.41137,12.95714],[77.41134,12.9572],[77.41134,12.95724],[77.41134,12.95727],[77.41135,12.95731],[77.41136,12.95734],[77.41138,12.95741],[77.4114,12.95755],[77.4114,12.95758],[77.41139,12.95761],[77.41138,12.95764],[77.41137,12.95766],[77.41136,12.95769],[77.41134,12.95771],[77.41133,12.95771],[77.41132,12.95772],[77.41132,12.95773],[77.41131,12.95774],[77.4113,12.95776],[77.4113,12.95777],[77.4113,12.95779],[77.41131,12.9578],[77.41132,12.95781],[77.41132,12.95782],[77.41134,12.95783],[77.41142,12.95784],[77.4115,12.95786],[77.41157,12.95788],[77.41161,12.95789],[77.41178,12.95792],[77.41182,12.95792],[77.41187,12.95791],[77.41191,12.9579],[77.41195,12.95788],[77.41214,12.95779],[77.41221,12.95775],[77.41224,12.95774],[77.41233,12.95767],[77.41237,12.95762],[77.41242,12.95757],[77.41242,12.95757],[77.41243,12.95756],[77.41243,12.95755],[77.41247,12.9575],[77.41251,12.95744],[77.41251,12.95743],[77.41253,12.95739],[77.41254,12.95735],[77.41255,12.95731],[77.41256,12.95727],[77.41255,12.95723],[77.41253,12.9572],[77.41251,12.95717],[77.41249,12.95714],[77.41246,12.95712],[77.41246,12.95712],[77.41246,12.95711],[77.41245,12.95711],[77.41245,12.95711],[77.41244,12.95711],[77.41244,12.95711],[77.41243,12.95711],[77.41243,12.95711],[77.41243,12.95711],[77.41225,12.95709],[77.41224,12.95709],[77.41224,12.95709],[77.41223,12.95709],[77.41222,12.95709],[77.41221,12.95709],[77.41221,12.95708],[77.4122,12.95708],[77.41219,12.95708],[77.41219,12.95708],[77.41218,12.95708],[77.41217,12.95708],[77.41216,12.95708],[77.41216,12.95707],[77.41215,12.95707],[77.41214,12.95707],[77.41214,12.95707],[77.41213,12.95707],[77.41212,12.95707],[77.41211,12.95706],[77.41211,12.95706],[77.4121,12.95706],[77.41209,12.95706],[77.41209,12.95705],[77.41208,12.95705],[77.41207,12.95705],[77.41206,12.95705],[77.41206,12.95704],[77.41205,12.95704],[77.41204,12.95704],[77.41204,12.95704],[77.41203,12.95703],[77.41202,12.95703],[77.41202,12.95703],[77.41201,12.95702],[77.412,12.95702],[77.412,12.95702],[77.41199,12.95701],[77.41198,12.95701],[77.41198,12.95701],[77.41197,12.957],[77.41196,12.957],[77.41196,12.957],[77.41195,12.95699],[77.41195,12.95699],[77.41194,12.95699],[77.41193,12.95698],[77.41193,12.95698],[77.41192,12.95697],[77.41191,12.95697],[77.41191,12.95696],[77.4119,12.95696],[77.4119,12.95696],[77.41189,12.95695],[77.41188,12.95695],[77.41188,12.95694],[77.41187,12.95694],[77.41187,12.95694],[77.41186,12.95693],[77.41185,12.95693],[77.41185,12.95692],[77.41184,12.95692],[77.41184,12.95691],[77.41183,12.95691],[77.41182,12.9569],[77.41182,12.9569],[77.41181,12.95689],[77.4118,12.95689],[77.4118,12.95688],[77.41179,12.95688],[77.41179,12.95687],[77.41178,12.95687],[77.41177,12.95686],[77.41177,12.95686],[77.41176,12.95685],[77.41176,12.95685],[77.41175,12.95684],[77.41175,12.95684],[77.41174,12.95683],[77.41174,12.95683],[77.41173,12.95682],[77.41172,12.95682],[77.41172,12.95681],[77.41172,12.95681],[77.41171,12.9568],[77.41171,12.9568],[77.4117,12.95679],[77.4117,12.95679],[77.4117,12.95679],[77.41169,12.95678],[77.41169,12.95678],[77.41169,12.95677],[77.41168,12.95677],[77.41168,12.95676],[77.41168,12.95676],[77.41167,12.95675],[77.41167,12.95675],[77.41167,12.95674],[77.41166,12.95674],[77.41166,12.95673],[77.41166,12.95673],[77.41165,12.95672],[77.41165,12.95672],[77.41165,12.95671],[77.41164,12.95671],[77.41164,12.9567],[77.41164,12.9567],[77.41164,12.95669],[77.41163,12.95669],[77.41163,12.95668],[77.41154,12.95649],[77.41154,12.95648],[77.41154,12.95648],[77.41154,12.95648],[77.41154,12.95648],[77.41153,12.95648],[77.41153,12.95647],[77.41153,12.95647],[77.41153,12.95647],[77.41153,12.95647],[77.41153,12.95647],[77.41153,12.95646],[77.41152,12.95646],[77.41152,12.95646],[77.41152,12.95646],[77.41152,12.95646],[77.41152,12.95646],[77.41152,12.95645],[77.41151,12.95645],[77.41151,12.95645],[77.41151,12.95645],[77.41151,12.95645],[77.41151,12.95645],[77.4115,12.95644],[77.4115,12.95644],[77.4115,12.95644],[77.4115,12.95644],[77.4115,12.95644],[77.41149,12.95644],[77.41149,12.95644],[77.41149,12.95644],[77.41149,12.95644],[77.41148,12.95644],[77.41148,12.95643],[77.41148,12.95643],[77.41148,12.95643],[77.41147,12.95643],[77.41147,12.95643],[77.41147,12.95643],[77.41147,12.95643],[77.41146,12.95643],[77.41146,12.95643],[77.41146,12.95643],[77.41146,12.95643],[77.41145,12.95643],[77.41145,12.95643]]]},"properties":{"shedId":"C05CAM34"}},{"type":"Feature","geometry":{"type":"Polygon","coordinates":[[[77.42673,12.96216],[77.42685,12.96197],[77.4269,12.96183],[77.42701,12.96137],[77.42706,12.96127],[77.42716,12.96121],[77.42721,12.96118],[77.42725,12.9611],[77.42738,12.96093],[77.42749,12.96076],[77.42765,12.96054],[77.42771,12.96051],[77.42791,12.9604],[77.42805,12.96032],[77.42805,12.96032],[77.42806,12.96032],[77.42806,12.96032],[77.42803,12.96026],[77.42803,12.96026],[77.42803,12.96026],[77.42803,12.96026],[77.42803,12.96026],[77.42803,12.96026],[77.42802,12.96025],[77.42802,12.96025],[77.42802,12.96025],[77.42802,12.96025],[77.42802,12.96025],[77.42801,12.96024],[77.42801,12.96024],[77.42801,12.96024],[77.42801,12.96024],[77.42801,12.96024],[77.428,12.96024],[77.428,12.96024],[77.428,12.96024],[77.428,12.96023],[77.428,12.96023],[77.42799,12.96023],[77.42799,12.96023],[77.42799,12.96023],[77.42799,12.96023],[77.42798,12.96023],[77.42798,12.96023],[77.42798,12.96023],[77.42798,12.96023],[77.42797,12.96022],[77.42797,12.96022],[77.42797,12.96022],[77.42797,12.96022],[77.42797,12.96022],[77.42796,12.96022],[77.42796,12.96022],[77.42796,12.96022],[77.42796,12.96022],[77.42795,12.96022],[77.42795,12.96022],[77.42795,12.96022],[77.42795,12.96022],[77.42794,12.96022],[77.42794,12.96022],[77.42794,12.96022],[77.42794,12.96022],[77.42793,12.96022],[77.42793,12.96022],[77.42793,12.96022],[77.42793,12.96022],[77.42792,12.96023],[77.42792,12.96023],[77.42792,12.96023],[77.42792,12.96023],[77.42791,12.96023],[77.42791,12.96023],[77.42791,12.96023],[77.42791,12.96023],[77.4279,12.96023],[77.4279,12.96023],[77.4279,12.96023],[77.42789,12.96024],[77.42788,12.96025],[77.42787,12.96026],[77.42786,12.96026],[77.42784,12.96027],[77.42783,12.96028],[77.42782,12.96028],[77.42781,12.96029],[77.4278,12.9603],[77.42779,12.96031],[77.42778,12.96031],[77.42777,12.96032],[77.42776,12.96033],[77.42775,12.96034],[77.42774,12.96035],[77.42773,12.96035],[77.42771,12.96036],[77.4277,12.96037],[77.42769,12.96038],[77.42768,12.96039],[77.42767,12.96039],[77.42766,12.9604],[77.42765,12.96041],[77.42764,12.96042],[77.42763,12.96043],[77.42762,12.96044],[77.42761,12.96044],[77.4276,12.96045],[77.42759,12.96046],[77.42758,12.96047],[77.42757,12.96048],[77.42755,12.9605],[77.42753,12.96052],[77.42751,12.96054],[77.42748,12.96057],[77.42746,12.96059],[77.42744,12.96061],[77.42742,12.96063],[77.4274,12.96066],[77.42738,12.96068],[77.42736,12.9607],[77.42735,12.96071],[77.42734,12.96072],[77.42733,12.96073],[77.42732,12.96073],[77.42731,12.96074],[77.42731,12.96075],[77.4273,12.96076],[77.42729,12.96077],[77.42728,12.96078],[77.42727,12.96078],[77.42726,12.96079],[77.42725,12.9608],[77.42725,12.96081],[77.42724,12.96082],[77.42723,12.96082],[77.42722,12.96083],[77.42721,12.96084],[77.4272,12.96085],[77.42719,12.96085],[77.42718,12.96086],[77.42717,12.96087],[77.42717,12.96088],[77.42716,12.96088],[77.42715,12.96089],[77.42714,12.9609],[77.42713,12.96091],[77.42712,12.96091],[77.42711,12.96092],[77.4271,12.96093],[77.42709,12.96093],[77.42708,12.96094],[77.42707,12.96095],[77.42706,12.96096],[77.42705,12.96096],[77.42704,12.96097],[77.42703,12.96098],[77.42703,12.96098],[77.42703,12.96098],[77.42702,12.96098],[77.42701,12.96099],[77.42701,12.96099],[77.427,12.96099],[77.427,12.961],[77.42699,12.961],[77.42698,12.961],[77.42698,12.961],[77.42697,12.96101],[77.42696,12.96101],[77.42696,12.96101],[77.42695,12.96102],[77.42694,12.96102],[77.42694,12.96102],[77.42693,12.96102],[77.42693,12.96102],[77.42692,12.96103],[77.42691,12.96103],[77.42691,12.96103],[77.4269,12.96103],[77.42689,12.96104],[77.42689,12.96104],[77.42688,12.96104],[77.42687,12.96104],[77.42687,12.96104],[77.42686,12.96104],[77.42685,12.96105],[77.42685,12.96105],[77.42684,12.96105],[77.42684,12.96105],[77.42683,12.96105],[77.42682,12.96105],[77.42681,12.96105],[77.42681,12.96105],[77.4268,12.96106],[77.42679,12.96106],[77.42678,12.96106],[77.42678,12.96106],[77.42677,12.96106],[77.42676,12.96106],[77.42675,12.96106],[77.42674,12.96106],[77.42674,12.96106],[77.42673,12.96106],[77.42672,12.96106],[77.42671,12.96106],[77.42671,12.96106],[77.4267,12.96106],[77.42669,12.96106],[77.42668,12.96106],[77.42667,12.96106],[77.42667,12.96106],[77.42666,12.96106],[77.42665,12.96106],[77.42664,12.96106],[77.42664,12.96106],[77.42663,12.96106],[77.42662,12.96106],[77.42661,12.96106],[77.4266,12.96106],[77.4266,12.96106],[77.42659,12.96106],[77.42658,12.96106],[77.42657,12.96106],[77.42657,12.96106],[77.42656,12.96105],[77.42655,12.96105],[77.42654,12.96105],[77.42653,12.96105],[77.42653,12.96105],[77.42652,12.96105],[77.42651,12.96105],[77.4265,12.96104],[77.4265,12.96104],[77.42649,12.96104],[77.42648,12.96104],[77.42647,12.96104],[77.42647,12.96104],[77.42646,12.96103],[77.42645,12.96103],[77.42644,12.96103],[77.42644,12.96103],[77.42643,12.96102],[77.42642,12.96102],[77.42641,12.96102],[77.42641,12.96102],[77.4264,12.96101],[77.42638,12.96101],[77.42637,12.96101],[77.42636,12.961],[77.42635,12.961],[77.42633,12.96099],[77.42632,12.96099],[77.42631,12.96098],[77.4263,12.96098],[77.42629,12.96098],[77.42627,12.96097],[77.42626,12.96097],[77.42625,12.96096],[77.42624,12.96096],[77.42623,12.96095],[77.42621,12.96095],[77.4262,12.96094],[77.42619,12.96094],[77.42618,12.96093],[77.42617,12.96093],[77.42616,12.96092],[77.42614,12.96092],[77.42613,12.96091],[77.42612,12.96091],[77.42611,12.9609],[77.4261,12.9609],[77.42609,12.96089],[77.42608,12.96089],[77.42607,12.96088],[77.42606,12.96088],[77.42606,12.96088],[77.42605,12.96087],[77.42604,12.96087],[77.42603,12.96086],[77.42603,12.96086],[77.42602,12.96085],[77.42601,12.96085],[77.42601,12.96085],[77.426,12.96084],[77.42599,12.96084],[77.42598,12.96083],[77.42598,12.96083],[77.42597,12.96082],[77.42583,12.96073],[77.42583,12.96073],[77.42565,12.9606],[77.42565,12.9606],[77.42565,12.9606],[77.42551,12.96047],[77.4255,12.96047],[77.42543,12.96038],[77.42542,12.96037],[77.42541,12.96036],[77.4254,12.96035],[77.42539,12.96034],[77.42539,12.96033],[77.42538,12.96032],[77.42537,12.96031],[77.42536,12.9603],[77.42535,12.96029],[77.42534,12.96028],[77.42533,12.96027],[77.42532,12.96026],[77.42532,12.96025],[77.42531,12.96024],[77.4253,12.96022],[77.42529,12.96021],[77.42528,12.9602],[77.42527,12.96019],[77.42527,12.96018],[77.42526,12.96017],[77.42526,12.96017],[77.42525,12.96016],[77.42525,12.96016],[77.42525,12.96015],[77.42524,12.96015],[77.42524,12.96015],[77.42524,12.96014],[77.42523,12.96014],[77.42523,12.96013],[77.42523,12.96013],[77.42522,12.96012],[77.42522,12.96012],[77.42522,12.96012],[77.42521,12.96011],[77.42521,12.96011],[77.42521,12.9601],[77.4252,12.9601],[77.4252,12.9601],[77.42519,12.96009],[77.42519,12.96009],[77.42519,12.96009],[77.42518,12.96008],[77.42518,12.96008],[77.42517,12.96008],[77.42517,12.96007],[77.42516,12.96007],[77.42516,12.96007],[77.42516,12.96006],[77.42515,12.96006],[77.42515,12.96006],[77.42514,12.96005],[77.42514,12.96005],[77.42513,12.96005],[77.42513,12.96004],[77.42512,12.96004],[77.42512,12.96004],[77.42511,12.96004],[77.42511,12.96003],[77.42511,12.96003],[77.4251,12.96003],[77.4251,12.96003],[77.42509,12.96002],[77.42509,12.96002],[77.42508,12.96002],[77.42508,12.96002],[77.42507,12.96001],[77.42507,12.96001],[77.42506,12.96001],[77.42506,12.96001],[77.42505,12.96001],[77.42505,12.96],[77.42504,12.96],[77.42503,12.96],[77.42503,12.96],[77.42502,12.96],[77.42502,12.96],[77.42501,12.95999],[77.42501,12.95999],[77.425,12.95999],[77.425,12.95999],[77.42499,12.95999],[77.42499,12.95999],[77.42498,12.95999],[77.42498,12.95999],[77.42497,12.95998],[77.42497,12.95998],[77.42496,12.95998],[77.42496,12.95998],[77.42495,12.95998],[77.42494,12.95998],[77.42494,12.95998],[77.42493,12.95998],[77.42493,12.95998],[77.42492,12.95998],[77.42492,12.95998],[77.42491,12.95998],[77.42491,12.95998],[77.4249,12.95998],[77.42489,12.95998],[77.42489,12.95998],[77.42488,12.95998],[77.42488,12.95998],[77.42487,12.95998],[77.42486,12.95998],[77.42486,12.95998],[77.42485,12.95998],[77.42484,12.95998],[77.42483,12.95998],[77.42482,12.95998],[77.42481,12.95998],[77.42481,12.95998],[77.4248,12.95998],[77.42479,12.95998],[77.42478,12.96],[77.42476,12.96001],[77.42475,12.96003],[77.42474,12.96005],[77.42473,12.96007],[77.42472,12.9601],[77.42471,12.96016],[77.4247,12.96022],[77.42471,12.96028],[77.42472,12.96034],[77.42473,12.96038],[77.42474,12.96043],[77.42475,12.96048],[77.42475,12.96053],[77.42475,12.96056],[77.42474,12.96061],[77.42473,12.96066],[77.42472,12.96071],[77.42469,12.96076],[77.42466,12.96079],[77.42463,12.96082],[77.42459,12.96085],[77.42455,12.96087],[77.4243,12.96102],[77.42428,12.96103],[77.42427,12.96104],[77.42426,12.96105],[77.42425,12.96107],[77.42424,12.96109],[77.42424,12.96111],[77.42424,12.96112],[77.42423,12.96116],[77.42421,12.96119],[77.42419,12.96122],[77.42416,12.96125],[77.42413,12.96127],[77.42409,12.9613],[77.42403,12.96133],[77.42397,12.96135],[77.42393,12.96136],[77.4239,12.96137],[77.42387,12.96139],[77.42383,12.96142],[77.42383,12.96143],[77.42381,12.96145],[77.4238,12.96147],[77.4238,12.9615],[77.4238,12.96152],[77.42384,12.96171],[77.42386,12.96187],[77.42386,12.96192],[77.42387,12.96195],[77.42387,12.96197],[77.42388,12.96199],[77.4239,12.96201],[77.42392,12.96203],[77.42393,12.96204],[77.42398,12.9622],[77.42405,12.96223],[77.42416,12.96222],[77.42443,12.96209],[77.42483,12.96208],[77.42503,12.96212],[77.42521,12.96217],[77.42534,12.96229],[77.42555,12.96276],[77.42566,12.96303],[77.42568,12.96315],[77.42571,12.96326],[77.42571,12.9634],[77.42568,12.96349],[77.42563,12.96358],[77.42555,12.96364],[77.42557,12.96372],[77.42597,12.96367],[77.42639,12.96363],[77.42646,12.96282],[77.42647,12.96278],[77.42649,12.96268],[77.42652,12.96258],[77.42655,12.96249],[77.42659,12.96239],[77.42663,12.96231],[77.42668,12.96223],[77.4267,12.96221],[77.42671,12.96219],[77.42672,12.96218],[77.42673,12.96216]]]},"properties":{"shedId":"C05CAM34"}},{"type":"Feature","geometry":{"type":"Polygon","coordinates":[[[77.41726,12.96378],[77.41731,12.96376],[77.41733,12.96379],[77.41737,12.96383],[77.41742,12.9638],[77.41741,12.96374],[77.4174,12.96365],[77.41735,12.96358],[77.41737,12.96353],[77.41742,12.96348],[77.41748,12.96342],[77.4175,12.96341],[77.41752,12.96339],[77.41754,12.96337],[77.41756,12.96334],[77.41757,12.96331],[77.41758,12.96328],[77.41759,12.96325],[77.41759,12.96323],[77.41762,12.96298],[77.41765,12.96282],[77.41765,12.96282],[77.41765,12.96281],[77.41765,12.96279],[77.41765,12.96278],[77.41765,12.96277],[77.41764,12.96275],[77.41764,12.96274],[77.41764,12.96272],[77.41764,12.96271],[77.41764,12.9627],[77.41764,12.9627],[77.41764,12.96269],[77.41764,12.96268],[77.41764,12.96267],[77.41764,12.96266],[77.41764,12.96265],[77.41764,12.96264],[77.41764,12.96263],[77.41764,12.96262],[77.41764,12.96261],[77.41764,12.9626],[77.41764,12.96259],[77.41765,12.96258],[77.41765,12.96257],[77.41765,12.96256],[77.41765,12.96255],[77.41765,12.96254],[77.41765,12.96253],[77.41765,12.96252],[77.41765,12.96251],[77.41765,12.9625],[77.41766,12.96249],[77.41766,12.96248],[77.41766,12.96247],[77.41766,12.96246],[77.41766,12.96245],[77.41766,12.96244],[77.41767,12.96243],[77.41767,12.96242],[77.41767,12.96241],[77.41767,12.9624],[77.41767,12.96239],[77.41768,12.96238],[77.41768,12.96237],[77.41768,12.96236],[77.41768,12.96235],[77.41769,12.96234],[77.41769,12.96233],[77.41769,12.96232],[77.41769,12.96232],[77.4177,12.96231],[77.4177,12.9623],[77.4177,12.96229],[77.4177,12.96228],[77.41771,12.96227],[77.41771,12.96226],[77.41771,12.96225],[77.41772,12.96224],[77.41772,12.96223],[77.41772,12.96222],[77.41773,12.96221],[77.41779,12.96202],[77.41777,12.96202],[77.41776,12.96202],[77.41774,12.96202],[77.41772,12.96202],[77.41771,12.96202],[77.41769,12.96202],[77.41767,12.96202],[77.41766,12.96202],[77.41764,12.96202],[77.41763,12.96202],[77.41761,12.96202],[77.41759,12.96203],[77.41758,12.96203],[77.41756,12.96203],[77.41755,12.96203],[77.41753,12.96203],[77.41751,12.96203],[77.4175,12.96203],[77.41748,12.96203],[77.41747,12.96203],[77.41745,12.96204],[77.41744,12.96204],[77.41742,12.96204],[77.4174,12.96204],[77.41739,12.96204],[77.41737,12.96204],[77.41736,12.96205],[77.41734,12.96205],[77.41732,12.96205],[77.41731,12.96205],[77.41729,12.96205],[77.41728,12.96206],[77.41726,12.96206],[77.41725,12.96206],[77.41723,12.96206],[77.41721,12.96207],[77.4172,12.96207],[77.41718,12.96207],[77.41717,12.96207],[77.41715,12.96208],[77.41713,12.96208],[77.41712,12.96208],[77.4171,12.96208],[77.41709,12.96208],[77.41707,12.96209],[77.41705,12.96209],[77.41704,12.96209],[77.41702,12.96209],[77.41701,12.96209],[77.41699,12.96209],[77.41697,12.9621],[77.41695,12.9621],[77.41693,12.9621],[77.41691,12.9621],[77.41689,12.9621],[77.41687,12.96211],[77.41685,12.96211],[77.41683,12.96211],[77.41681,12.96211],[77.41679,12.96211],[77.41677,12.96211],[77.41675,12.96211],[77.41673,12.96211],[77.4167,12.96212],[77.41668,12.96212],[77.41666,12.96212],[77.41664,12.96212],[77.41662,12.96212],[77.4166,12.96212],[77.41658,12.96212],[77.41656,12.96212],[77.41654,12.96212],[77.41652,12.96212],[77.4165,12.96212],[77.41648,12.96212],[77.41646,12.96212],[77.41644,12.96212],[77.41642,12.96212],[77.4164,12.96212],[77.41639,12.96213],[77.41637,12.96213],[77.41635,12.96213],[77.41633,12.96213],[77.41631,12.96213],[77.41629,12.96213],[77.41628,12.96213],[77.41626,12.96213],[77.41624,12.96213],[77.41623,12.96215],[77.41623,12.96217],[77.41622,12.96218],[77.41622,12.9622],[77.41622,12.96222],[77.41623,12.96224],[77.41625,12.96225],[77.41626,12.96227],[77.41627,12.96228],[77.41629,12.96229],[77.4163,12.96229],[77.41634,12.96231],[77.41638,12.96234],[77.41642,12.96237],[77.41645,12.96241],[77.41647,12.96246],[77.4165,12.96255],[77.41651,12.96257],[77.41651,12.9626],[77.41651,12.96263],[77.41651,12.96266],[77.4165,12.96269],[77.41648,12.96271],[77.41646,12.96273],[77.41644,12.96276],[77.41641,12.96281],[77.41639,12.96285],[77.41637,12.9629],[77.41636,12.96294],[77.41636,12.96306],[77.41636,12.96309],[77.41635,12.96313],[77.41633,12.96316],[77.41632,12.9632],[77.41632,12.96324],[77.41632,12.96329],[77.41633,12.96333],[77.41634,12.96337],[77.41635,12.96339],[77.41636,12.9634],[77.41637,12.96341],[77.41638,12.96342],[77.4164,12.96342],[77.41642,12.96343],[77.41643,12.96343],[77.41642,12.9635],[77.41642,12.96355],[77.41644,12.96364],[77.41646,12.96372],[77.41645,12.9638],[77.41625,12.96389],[77.41627,12.96395],[77.4163,12.96406],[77.41631,12.96417],[77.41628,12.96422],[77.41625,12.96425],[77.41621,12.96427],[77.41614,12.96432],[77.41621,12.96444],[77.41625,12.96451],[77.4163,12.9645],[77.4163,12.96445],[77.4163,12.96438],[77.41632,12.96435],[77.41637,12.96432],[77.41639,12.96426],[77.41642,12.96421],[77.41653,12.96409],[77.41664,12.96395],[77.41679,12.96391],[77.41694,12.96389],[77.41705,12.96385],[77.41715,12.96382],[77.41726,12.96378]]]},"properties":{"shedId":"C05CAM34"}},{"type":"Feature","geometry":{"type":"Polygon","coordinates":[[[77.42308,12.96429],[77.42307,12.96429],[77.42306,12.96429],[77.42306,12.96429],[77.42305,12.96429],[77.42304,12.96429],[77.42304,12.96429],[77.42303,12.96429],[77.42289,12.9643],[77.42289,12.9643],[77.42289,12.9643],[77.42262,12.96429],[77.42231,12.96429],[77.4223,12.96429],[77.42228,12.96429],[77.42227,12.96429],[77.42226,12.96428],[77.42224,12.96428],[77.42223,12.96428],[77.42221,12.96428],[77.4222,12.96428],[77.42219,12.96428],[77.42217,12.96428],[77.42216,12.96428],[77.42215,12.96428],[77.42213,12.96428],[77.42212,12.96428],[77.4221,12.96428],[77.42209,12.96428],[77.42208,12.96428],[77.42206,12.96427],[77.42205,12.96427],[77.42203,12.96427],[77.42202,12.96427],[77.42201,12.96427],[77.42199,12.96427],[77.42198,12.96427],[77.42197,12.96426],[77.42195,12.96426],[77.42194,12.96426],[77.42192,12.96426],[77.42191,12.96426],[77.4219,12.96425],[77.42188,12.96425],[77.42187,12.96425],[77.42186,12.96425],[77.42184,12.96424],[77.42183,12.96424],[77.42181,12.96424],[77.4218,12.96424],[77.42179,12.96423],[77.42177,12.96423],[77.42176,12.96423],[77.42175,12.96423],[77.42173,12.96422],[77.42172,12.96422],[77.42171,12.96422],[77.42169,12.96421],[77.42168,12.96421],[77.42156,12.96419],[77.42153,12.96418],[77.42151,12.96418],[77.42149,12.96417],[77.42147,12.96417],[77.42145,12.96416],[77.42143,12.96416],[77.42141,12.96416],[77.4214,12.96415],[77.42139,12.96415],[77.42139,12.96415],[77.42138,12.96415],[77.42138,12.96415],[77.42137,12.96415],[77.42136,12.96415],[77.42136,12.96415],[77.42135,12.96415],[77.42134,12.96415],[77.42134,12.96415],[77.42133,12.96415],[77.42132,12.96415],[77.42132,12.96415],[77.42131,12.96415],[77.42131,12.96415],[77.4213,12.96415],[77.42102,12.96417],[77.42102,12.96417],[77.42103,12.96419],[77.42103,12.9642],[77.42103,12.96422],[77.42103,12.96424],[77.42103,12.96425],[77.42103,12.96427],[77.42103,12.96429],[77.42103,12.9643],[77.42103,12.96432],[77.42103,12.96434],[77.42104,12.96435],[77.42104,12.96437],[77.42104,12.96439],[77.42104,12.9644],[77.42104,12.96442],[77.42104,12.96444],[77.42104,12.96445],[77.42104,12.96447],[77.42104,12.96449],[77.42104,12.96451],[77.42104,12.96452],[77.42104,12.96454],[77.42104,12.96455],[77.42104,12.96456],[77.42104,12.96457],[77.42104,12.96459],[77.42104,12.9646],[77.42104,12.96461],[77.42104,12.96462],[77.42104,12.96464],[77.42104,12.96465],[77.42104,12.96466],[77.42104,12.96467],[77.42104,12.96468],[77.42104,12.9647],[77.42104,12.96471],[77.42104,12.96472],[77.42104,12.96473],[77.42105,12.96474],[77.42105,12.96476],[77.42105,12.96477],[77.42105,12.96478],[77.42105,12.96479],[77.42105,12.9648],[77.42105,12.96482],[77.42105,12.96483],[77.42106,12.96484],[77.42106,12.96485],[77.42106,12.96486],[77.42106,12.96488],[77.42106,12.96489],[77.42107,12.9649],[77.42107,12.96491],[77.42107,12.96492],[77.42107,12.96493],[77.42107,12.96495],[77.42108,12.96496],[77.42108,12.96497],[77.42108,12.96498],[77.42108,12.96499],[77.42109,12.96501],[77.42109,12.96502],[77.42109,12.96503],[77.4211,12.96504],[77.4211,12.96505],[77.4211,12.96506],[77.42115,12.96528],[77.42115,12.96529],[77.42116,12.9653],[77.42116,12.9653],[77.42116,12.96531],[77.42116,12.96532],[77.42117,12.96532],[77.42117,12.96533],[77.42117,12.96534],[77.42117,12.96535],[77.42118,12.96535],[77.42118,12.96536],[77.42118,12.96537],[77.42118,12.96537],[77.42119,12.96538],[77.42119,12.96539],[77.42119,12.96539],[77.42119,12.9654],[77.4212,12.96541],[77.4212,12.96541],[77.4212,12.96542],[77.42121,12.96543],[77.42121,12.96543],[77.42121,12.96544],[77.42123,12.96546],[77.42124,12.96548],[77.42125,12.9655],[77.42126,12.96553],[77.42128,12.96555],[77.42129,12.96557],[77.4213,12.96559],[77.42132,12.96561],[77.42132,12.96562],[77.42133,12.96563],[77.42133,12.96564],[77.42134,12.96565],[77.42134,12.96566],[77.42135,12.96567],[77.42135,12.96568],[77.42136,12.96568],[77.42137,12.96569],[77.42137,12.9657],[77.42138,12.96571],[77.42139,12.96572],[77.42139,12.96573],[77.4214,12.96573],[77.4214,12.96574],[77.42141,12.96575],[77.42142,12.96576],[77.42142,12.96577],[77.42142,12.96577],[77.42146,12.96578],[77.42149,12.96578],[77.42152,12.96577],[77.42155,12.96576],[77.42158,12.96575],[77.42211,12.96551],[77.42262,12.96523],[77.42267,12.96519],[77.42272,12.96514],[77.42279,12.96508],[77.42285,12.96501],[77.42291,12.96494],[77.42296,12.96487],[77.423,12.96479],[77.42308,12.96452],[77.42311,12.96433],[77.42311,12.96432],[77.4231,12.96431],[77.42309,12.9643],[77.42309,12.96429],[77.42308,12.96429]]]},"properties":{"shedId":"C05CAM34"}},{"type":"Feature","geometry":{"type":"Polygon","coordinates":[[[77.43605,12.93806],[77.43607,12.93799],[77.43609,12.93792],[77.4361,12.93785],[77.43611,12.93777],[77.43611,12.9377],[77.43611,12.93764],[77.4361,12.93758],[77.43609,12.93752],[77.43607,12.93739],[77.43607,12.93733],[77.43605,12.93726],[77.43603,12.9372],[77.43601,12.93714],[77.43598,12.93709],[77.43596,12.93707],[77.43593,12.93702],[77.4359,12.93697],[77.43588,12.93692],[77.43586,12.93687],[77.43585,12.93681],[77.43584,12.93676],[77.43584,12.93671],[77.43584,12.93667],[77.43585,12.93662],[77.43587,12.93658],[77.43589,12.93654],[77.43592,12.93651],[77.43595,12.93647],[77.43599,12.93645],[77.43603,12.93642],[77.43604,12.93641],[77.43606,12.9364],[77.43607,12.93639],[77.43608,12.93638],[77.43608,12.93636],[77.43609,12.93635],[77.4361,12.9363],[77.43611,12.93625],[77.43613,12.9362],[77.43615,12.93615],[77.43621,12.93609],[77.43628,12.93603],[77.43634,12.93598],[77.43641,12.93593],[77.43644,12.93589],[77.43647,12.93585],[77.43649,12.93581],[77.43651,12.93576],[77.43652,12.93571],[77.43678,12.93568],[77.43696,12.93556],[77.43701,12.93546],[77.43708,12.93519],[77.43707,12.93519],[77.43705,12.93519],[77.43704,12.93518],[77.43702,12.93518],[77.43701,12.93518],[77.43699,12.93518],[77.43698,12.93517],[77.43696,12.93517],[77.43695,12.93517],[77.43693,12.93517],[77.43692,12.93517],[77.4369,12.93516],[77.43689,12.93516],[77.43687,12.93516],[77.43686,12.93516],[77.43684,12.93515],[77.43683,12.93515],[77.43681,12.93515],[77.4368,12.93515],[77.43678,12.93515],[77.43677,12.93515],[77.43675,12.93515],[77.43674,12.93514],[77.43674,12.93514],[77.43615,12.93507],[77.43562,12.93499],[77.4356,12.93499],[77.43558,12.93498],[77.43556,12.93498],[77.43554,12.93498],[77.43552,12.93497],[77.4355,12.93497],[77.43548,12.93497],[77.43546,12.93497],[77.43544,12.93496],[77.43542,12.93496],[77.4354,12.93496],[77.43538,12.93495],[77.43536,12.93495],[77.43534,12.93495],[77.43532,12.93495],[77.4353,12.93495],[77.43528,12.93494],[77.43526,12.93494],[77.43524,12.93494],[77.43522,12.93494],[77.4352,12.93494],[77.43518,12.93493],[77.43516,12.93493],[77.43514,12.93493],[77.43512,12.93493],[77.4351,12.93493],[77.43508,12.93493],[77.43506,12.93492],[77.43504,12.93492],[77.43447,12.93488],[77.43387,12.93483],[77.43332,12.93479],[77.43275,12.93475],[77.4327,12.93475],[77.4327,12.93481],[77.43269,12.93481],[77.43269,12.93481],[77.43268,12.93482],[77.43267,12.93482],[77.43267,12.93482],[77.43266,12.93483],[77.43266,12.93483],[77.43266,12.93484],[77.43266,12.93485],[77.43261,12.93512],[77.43261,12.93516],[77.4326,12.93519],[77.43259,12.93523],[77.43257,12.93526],[77.43255,12.93529],[77.43252,12.93531],[77.43249,12.93533],[77.43229,12.9354],[77.4323,12.93541],[77.4323,12.93541],[77.4323,12.93541],[77.4323,12.93541],[77.4323,12.93541],[77.4323,12.93541],[77.4323,12.93542],[77.4323,12.93542],[77.4323,12.93542],[77.4323,12.93542],[77.4323,12.93542],[77.4323,12.93542],[77.4323,12.93542],[77.4323,12.93542],[77.4323,12.93543],[77.4323,12.93543],[77.4323,12.93543],[77.4323,12.93543],[77.4323,12.93543],[77.4323,12.93543],[77.4323,12.93544],[77.4323,12.93544],[77.4323,12.93544],[77.4323,12.93544],[77.4323,12.93544],[77.4323,12.93544],[77.43228,12.93603],[77.43228,12.93618],[77.43228,12.93619],[77.43228,12.9362],[77.43228,12.9362],[77.43228,12.93621],[77.43228,12.93621],[77.43228,12.93622],[77.43228,12.93622],[77.43228,12.93623],[77.43228,12.93623],[77.43228,12.93624],[77.43228,12.93624],[77.43228,12.93625],[77.43227,12.93626],[77.43227,12.93626],[77.43227,12.93627],[77.43227,12.93627],[77.43227,12.93628],[77.43227,12.93628],[77.43227,12.93629],[77.43227,12.93629],[77.43227,12.9363],[77.43226,12.93631],[77.43226,12.93631],[77.43226,12.93632],[77.43226,12.93633],[77.43226,12.93633],[77.43226,12.93634],[77.43226,12.93635],[77.43226,12.93636],[77.43225,12.93636],[77.43225,12.93637],[77.43225,12.93638],[77.43225,12.93639],[77.43225,12.93639],[77.43225,12.9364],[77.43225,12.93641],[77.43225,12.93641],[77.43225,12.93642],[77.43225,12.93643],[77.43225,12.93644],[77.43225,12.93644],[77.43225,12.93645],[77.43225,12.93646],[77.43225,12.93647],[77.43227,12.93679],[77.43227,12.9368],[77.43227,12.9368],[77.43227,12.93681],[77.43227,12.93681],[77.43227,12.93682],[77.43227,12.93682],[77.43227,12.93683],[77.43227,12.93683],[77.43227,12.93684],[77.43227,12.93684],[77.43227,12.93685],[77.43227,12.93685],[77.43227,12.93686],[77.43228,12.93686],[77.43228,12.93687],[77.43228,12.93689],[77.43228,12.93689],[77.43228,12.9369],[77.43228,12.9369],[77.43228,12.9369],[77.43229,12.9369],[77.43229,12.93691],[77.43229,12.93691],[77.43229,12.93691],[77.43229,12.93691],[77.43229,12.93692],[77.43229,12.93692],[77.43229,12.93692],[77.43229,12.93693],[77.43229,12.93693],[77.4323,12.93693],[77.4323,12.93693],[77.4323,12.93694],[77.4323,12.93694],[77.4323,12.93694],[77.4323,12.93694],[77.4323,12.93694],[77.4323,12.93694],[77.43231,12.93695],[77.43231,12.93695],[77.43231,12.93695],[77.43231,12.93695],[77.43231,12.93695],[77.43232,12.93695],[77.43232,12.93696],[77.43232,12.93696],[77.43232,12.93696],[77.43232,12.93696],[77.43233,12.93696],[77.43233,12.93696],[77.43233,12.93696],[77.43233,12.93697],[77.43234,12.93697],[77.43234,12.93697],[77.43234,12.93697],[77.43234,12.93697],[77.43235,12.93697],[77.43235,12.93697],[77.43235,12.93697],[77.43235,12.93697],[77.43236,12.93697],[77.43236,12.93697],[77.43236,12.93698],[77.43236,12.93698],[77.43237,12.93698],[77.43237,12.93698],[77.43237,12.93698],[77.43237,12.93698],[77.43238,12.93698],[77.43238,12.93698],[77.43238,12.93698],[77.43238,12.93698],[77.43239,12.93698],[77.43239,12.93698],[77.43239,12.93698],[77.43239,12.93698],[77.4324,12.93698],[77.4324,12.93698],[77.4324,12.93698],[77.4324,12.93698],[77.43241,12.93698],[77.43241,12.93698],[77.43241,12.93697],[77.43241,12.93697],[77.43242,12.93697],[77.43242,12.93697],[77.43242,12.93697],[77.43242,12.93697],[77.43242,12.93697],[77.43243,12.93697],[77.43243,12.93697],[77.43243,12.93697],[77.43243,12.93697],[77.43243,12.93697],[77.43244,12.93697],[77.43244,12.93696],[77.43244,12.93696],[77.43244,12.93696],[77.43244,12.93696],[77.43244,12.93696],[77.43245,12.93696],[77.43245,12.93696],[77.43245,12.93696],[77.43245,12.93695],[77.43245,12.93695],[77.43245,12.93695],[77.43246,12.93695],[77.43249,12.93692],[77.4325,12.93692],[77.4325,12.93692],[77.43251,12.93691],[77.43251,12.93691],[77.43252,12.9369],[77.43252,12.9369],[77.43253,12.9369],[77.43253,12.93689],[77.43254,12.93689],[77.43254,12.93689],[77.43255,12.93688],[77.43255,12.93688],[77.43256,12.93688],[77.43256,12.93687],[77.43257,12.93687],[77.43257,12.93687],[77.43258,12.93687],[77.43258,12.93686],[77.43259,12.93686],[77.4326,12.93686],[77.4326,12.93685],[77.43261,12.93685],[77.43261,12.93685],[77.43262,12.93685],[77.43262,12.93684],[77.43263,12.93684],[77.43263,12.93684],[77.43264,12.93684],[77.43265,12.93683],[77.43265,12.93683],[77.43266,12.93683],[77.43266,12.93683],[77.43267,12.93683],[77.43268,12.93682],[77.43268,12.93682],[77.43269,12.93682],[77.43269,12.93682],[77.4327,12.93682],[77.4327,12.93682],[77.43271,12.93681],[77.43272,12.93681],[77.43272,12.93681],[77.43272,12.93681],[77.43286,12.93679],[77.43287,12.93679],[77.43288,12.93678],[77.43288,12.93678],[77.43289,12.93678],[77.4329,12.93678],[77.43291,12.93678],[77.43291,12.93678],[77.43292,12.93678],[77.43293,12.93677],[77.43294,12.93677],[77.43294,12.93677],[77.43295,12.93677],[77.43296,12.93677],[77.43297,12.93677],[77.43297,12.93677],[77.43298,12.93677],[77.43299,12.93677],[77.433,12.93676],[77.433,12.93676],[77.43301,12.93676],[77.43302,12.93676],[77.43303,12.93676],[77.43303,12.93676],[77.43304,12.93676],[77.43305,12.93676],[77.43306,12.93676],[77.43306,12.93676],[77.43307,12.93676],[77.43308,12.93676],[77.43309,12.93676],[77.43309,12.93676],[77.4331,12.93676],[77.43311,12.93676],[77.43312,12.93676],[77.43312,12.93676],[77.43313,12.93676],[77.43313,12.93676],[77.43314,12.93676],[77.43314,12.93676],[77.43315,12.93677],[77.43315,12.93677],[77.43316,12.93677],[77.43316,12.93677],[77.43317,12.93677],[77.43317,12.93677],[77.43317,12.93677],[77.43318,12.93677],[77.43318,12.93677],[77.43319,12.93678],[77.43319,12.93678],[77.4332,12.93678],[77.4332,12.93678],[77.43321,12.93678],[77.43321,12.93678],[77.43321,12.93679],[77.43322,12.93679],[77.43322,12.93679],[77.43323,12.93679],[77.43323,12.93679],[77.43324,12.9368],[77.43324,12.9368],[77.43324,12.9368],[77.43325,12.9368],[77.43325,12.93681],[77.43326,12.93681],[77.43326,12.93681],[77.43326,12.93681],[77.43326,12.93681],[77.43327,12.93682],[77.43327,12.93682],[77.43327,12.93682],[77.43327,12.93682],[77.43328,12.93682],[77.43328,12.93683],[77.43328,12.93683],[77.43329,12.93683],[77.43329,12.93684],[77.43329,12.93684],[77.4333,12.93684],[77.4333,12.93685],[77.4333,12.93685],[77.43331,12.93685],[77.43331,12.93686],[77.43331,12.93686],[77.43332,12.93686],[77.43332,12.93687],[77.43332,12.93687],[77.43333,12.93687],[77.43333,12.93688],[77.43333,12.93688],[77.43333,12.93688],[77.43333,12.93689],[77.43333,12.93689],[77.43334,12.93689],[77.43334,12.93689],[77.43334,12.9369],[77.43334,12.9369],[77.43334,12.9369],[77.43334,12.93691],[77.43335,12.93691],[77.43335,12.93691],[77.43335,12.93692],[77.43335,12.93692],[77.43335,12.93692],[77.43335,12.93693],[77.43335,12.93693],[77.43335,12.93694],[77.43335,12.93694],[77.43335,12.93694],[77.43335,12.93694],[77.43336,12.93695],[77.43336,12.93695],[77.43336,12.93695],[77.43336,12.93696],[77.43336,12.93696],[77.43336,12.93696],[77.43346,12.93703],[77.43349,12.93707],[77.43351,12.93711],[77.43352,12.93715],[77.43353,12.93719],[77.43354,12.93723],[77.43352,12.93749],[77.43353,12.93752],[77.43353,12.93754],[77.43354,12.93757],[77.43356,12.93759],[77.43358,12.93762],[77.4336,12.93764],[77.43362,12.93765],[77.43367,12.93769],[77.43372,12.93774],[77.43375,12.93779],[77.43379,12.93785],[77.43381,12.93791],[77.43383,12.93804],[77.43384,12.93815],[77.43388,12.93816],[77.43408,12.93814],[77.43412,12.93814],[77.43417,12.93815],[77.43421,12.93817],[77.43424,12.93819],[77.43427,12.93821],[77.4343,12.93824],[77.43432,12.93828],[77.43433,12.93831],[77.43434,12.93835],[77.43434,12.93839],[77.43434,12.93842],[77.43433,12.93846],[77.43431,12.9385],[77.43427,12.9386],[77.43425,12.93864],[77.43424,12.93868],[77.43423,12.93871],[77.43423,12.93875],[77.43424,12.93879],[77.43425,12.93883],[77.43427,12.93886],[77.43429,12.93889],[77.4343,12.9389],[77.43431,12.93891],[77.43432,12.93892],[77.43433,12.93893],[77.43433,12.93894],[77.43434,12.93895],[77.43434,12.93896],[77.43434,12.93898],[77.43433,12.93899],[77.43433,12.939],[77.43432,12.93901],[77.43429,12.93908],[77.43429,12.93913],[77.43434,12.93918],[77.4344,12.93927],[77.43444,12.9393],[77.43447,12.93932],[77.4345,12.93934],[77.43454,12.93935],[77.43459,12.93936],[77.43463,12.93937],[77.43468,12.93937],[77.43473,12.93937],[77.43477,12.93936],[77.43482,12.93934],[77.43486,12.93932],[77.43488,12.9393],[77.43489,12.93928],[77.4349,12.93925],[77.4349,12.93923],[77.4349,12.9392],[77.4349,12.93918],[77.43489,12.93915],[77.43488,12.93913],[77.43486,12.93911],[77.43486,12.93909],[77.43485,12.93908],[77.43485,12.93907],[77.43485,12.93905],[77.43486,12.93904],[77.43486,12.93902],[77.43487,12.93901],[77.43488,12.939],[77.43489,12.93899],[77.4349,12.93898],[77.43497,12.93896],[77.43507,12.93891],[77.43527,12.93879],[77.43568,12.93852],[77.43582,12.93839],[77.43587,12.93835],[77.43591,12.93829],[77.43596,12.93824],[77.43599,12.93818],[77.43603,12.93812],[77.43605,12.93806]]]},"properties":{"shedId":"C05CAM34"}},{"type":"Feature","geometry":{"type":"Polygon","coordinates":[[[77.42821,12.93491],[77.42873,12.93494],[77.42919,12.93515],[77.42944,12.9351],[77.42932,12.93462],[77.42932,12.93433],[77.42922,12.93402],[77.42922,12.93394],[77.42913,12.93383],[77.42896,12.93397],[77.42877,12.93407],[77.42869,12.93416],[77.42852,12.93431],[77.42836,12.93437],[77.42825,12.93447],[77.42818,12.93455],[77.42819,12.93465],[77.42819,12.93466],[77.42821,12.93491]]]},"properties":{"shedId":"C05CAM34"}},{"type":"Feature","geometry":{"type":"Polygon","coordinates":[[[77.55994,12.84725],[77.55909,12.84725],[77.55877,12.84748],[77.55878,12.8475],[77.55878,12.84751],[77.55878,12.84751],[77.55882,12.84772],[77.55882,12.84772],[77.55882,12.84796],[77.55882,12.84796],[77.55879,12.84816],[77.55877,12.84827],[77.55877,12.84828],[77.55877,12.84828],[77.55871,12.84839],[77.55871,12.84839],[77.55871,12.8484],[77.55863,12.84849],[77.55857,12.84856],[77.55857,12.84856],[77.55857,12.84856],[77.55845,12.84866],[77.55845,12.84866],[77.55837,12.84871],[77.55836,12.84873],[77.55838,12.8488],[77.55843,12.84887],[77.55847,12.84895],[77.55848,12.84895],[77.55848,12.84895],[77.55848,12.84896],[77.55849,12.84904],[77.55849,12.84904],[77.55849,12.84904],[77.55848,12.84904],[77.55848,12.84907],[77.55848,12.84907],[77.55848,12.84907],[77.55842,12.84917],[77.55839,12.84925],[77.5584,12.84926],[77.55875,12.84914],[77.55876,12.84914],[77.55992,12.84881],[77.55992,12.84881],[77.56047,12.84868],[77.56047,12.84867],[77.56137,12.84849],[77.56229,12.8483],[77.56229,12.84829],[77.5623,12.84829],[77.56339,12.84814],[77.5631,12.8479],[77.56299,12.84783],[77.56287,12.84781],[77.56225,12.84772],[77.56212,12.84768],[77.56187,12.84762],[77.56154,12.84757],[77.56115,12.84748],[77.56085,12.84732],[77.55994,12.84725]]]},"properties":{"shedId":"C05CAM34"}},{"type":"Feature","geometry":{"type":"Polygon","coordinates":[[[77.57667,12.8588],[77.57666,12.85902],[77.57666,12.85921],[77.57674,12.85938],[77.57693,12.85957],[77.57704,12.85969],[77.57711,12.85967],[77.57722,12.85984],[77.57782,12.85962],[77.57779,12.85896],[77.57777,12.85873],[77.57777,12.85873],[77.57777,12.85873],[77.57777,12.85873],[77.57777,12.85873],[77.57777,12.85872],[77.57778,12.85872],[77.57778,12.85872],[77.57783,12.85869],[77.57783,12.85869],[77.57783,12.85868],[77.57783,12.85868],[77.57783,12.85868],[77.57794,12.85867],[77.57812,12.85864],[77.57806,12.85816],[77.57795,12.85728],[77.57791,12.85723],[77.57686,12.85732],[77.57686,12.85732],[77.57686,12.85732],[77.57685,12.85732],[77.57685,12.85732],[77.57685,12.85732],[77.57685,12.85732],[77.57685,12.85732],[77.57685,12.85732],[77.57685,12.85731],[77.57675,12.85738],[77.57672,12.85755],[77.5767,12.8577],[77.57669,12.85781],[77.57668,12.85802],[77.57667,12.85828],[77.57665,12.85867],[77.57667,12.8588]]]},"properties":{"shedId":"C05CAM34"}},{"type":"Feature","geometry":{"type":"Polygon","coordinates":[[[77.46654,12.81926],[77.46661,12.81925],[77.46672,12.81925],[77.46678,12.81923],[77.46684,12.81921],[77.46688,12.81921],[77.46696,12.81917],[77.46703,12.8191],[77.4671,12.819],[77.46715,12.81887],[77.46716,12.81883],[77.46716,12.81882],[77.46715,12.81877],[77.4671,12.81871],[77.46705,12.81868],[77.46696,12.81864],[77.46689,12.81859],[77.46685,12.81853],[77.46681,12.81848],[77.46676,12.81842],[77.46666,12.81831],[77.46659,12.81826],[77.46645,12.81818],[77.46639,12.81815],[77.46634,12.81811],[77.46629,12.81809],[77.46625,12.81805],[77.4662,12.81802],[77.46613,12.81802],[77.46607,12.818],[77.46604,12.81797],[77.46604,12.81795],[77.46604,12.81789],[77.46606,12.81784],[77.46609,12.8178],[77.46612,12.81775],[77.46614,12.81771],[77.46617,12.81761],[77.46618,12.81755],[77.46618,12.81747],[77.46617,12.8174],[77.46617,12.81735],[77.46621,12.81674],[77.46625,12.81651],[77.4663,12.81621],[77.4663,12.81615],[77.46628,12.81611],[77.46623,12.81609],[77.46621,12.81609],[77.46581,12.81613],[77.4658,12.81615],[77.46578,12.81622],[77.46572,12.81648],[77.46571,12.81652],[77.46569,12.81653],[77.46563,12.81654],[77.46552,12.81654],[77.46548,12.81655],[77.46545,12.81658],[77.46546,12.81666],[77.46554,12.81693],[77.46555,12.81707],[77.46553,12.81714],[77.46547,12.81717],[77.46546,12.81726],[77.46545,12.81769],[77.46547,12.81775],[77.46554,12.81783],[77.46553,12.8179],[77.4655,12.81794],[77.46546,12.81798],[77.46543,12.818],[77.46535,12.81802],[77.46531,12.81803],[77.46519,12.81803],[77.46511,12.81802],[77.46505,12.818],[77.46502,12.81798],[77.465,12.81795],[77.46499,12.81794],[77.46497,12.81791],[77.46495,12.81789],[77.46493,12.81789],[77.46489,12.81788],[77.46482,12.81789],[77.46474,12.81791],[77.46469,12.81795],[77.46467,12.81798],[77.46465,12.81802],[77.46465,12.81809],[77.46466,12.81816],[77.46482,12.81868],[77.46528,12.81979],[77.46536,12.81994],[77.46542,12.82002],[77.46547,12.82006],[77.46552,12.82007],[77.46556,12.82005],[77.46561,12.82003],[77.46564,12.82001],[77.46566,12.81999],[77.46567,12.81996],[77.46567,12.81993],[77.46567,12.81988],[77.46567,12.81985],[77.46566,12.81978],[77.46567,12.81965],[77.4657,12.8196],[77.46582,12.81952],[77.46593,12.81948],[77.4662,12.81939],[77.46654,12.81926]]]},"properties":{"shedId":"C05CAM34"}},{"type":"Feature","geometry":{"type":"Polygon","coordinates":[[[77.46621,12.82114],[77.46622,12.82112],[77.46505,12.82118],[77.46476,12.82121],[77.4647,12.82123],[77.46463,12.82132],[77.46454,12.82151],[77.46452,12.82163],[77.46454,12.82168],[77.46465,12.82185],[77.46489,12.82233],[77.46505,12.82249],[77.4651,12.82252],[77.46521,12.82253],[77.46527,12.82252],[77.4653,12.8225],[77.46541,12.82242],[77.46543,12.82238],[77.46548,12.82227],[77.46548,12.82226],[77.46551,12.8222],[77.46551,12.8222],[77.46551,12.8222],[77.46556,12.82212],[77.46556,12.82212],[77.46561,12.82206],[77.46561,12.82206],[77.46561,12.82206],[77.46569,12.82197],[77.46569,12.82197],[77.46577,12.82189],[77.46586,12.82178],[77.46593,12.8217],[77.46598,12.82162],[77.46602,12.82155],[77.46606,12.82148],[77.46611,12.82138],[77.46616,12.82128],[77.46621,12.82114]]]},"properties":{"shedId":"C05CAM34"}},{"type":"Feature","geometry":{"type":"Polygon","coordinates":[[[77.48885,12.83477],[77.48896,12.83476],[77.48904,12.83476],[77.48904,12.83475],[77.48906,12.83469],[77.48903,12.8346],[77.48901,12.83451],[77.48892,12.83428],[77.48887,12.83412],[77.48879,12.83396],[77.48875,12.83385],[77.48869,12.83367],[77.48868,12.83355],[77.48869,12.8334],[77.48871,12.83326],[77.4887,12.8331],[77.48871,12.83305],[77.48894,12.83297],[77.48902,12.83292],[77.48905,12.83284],[77.48904,12.83273],[77.48902,12.83262],[77.48897,12.83253],[77.4889,12.83247],[77.48882,12.83247],[77.48878,12.83252],[77.48876,12.83259],[77.48875,12.83264],[77.48874,12.83267],[77.48871,12.83268],[77.48863,12.83269],[77.48847,12.8327],[77.48833,12.8327],[77.48784,12.8327],[77.4876,12.83271],[77.48746,12.83271],[77.48736,12.83272],[77.48729,12.83275],[77.48722,12.8328],[77.48718,12.83289],[77.48715,12.83327],[77.48713,12.83351],[77.48714,12.83356],[77.48715,12.8337],[77.48725,12.83416],[77.48725,12.8342],[77.48723,12.83428],[77.48699,12.83444],[77.48685,12.83452],[77.4868,12.83456],[77.48676,12.83462],[77.48673,12.83471],[77.48676,12.83513],[77.48681,12.83512],[77.48711,12.83506],[77.48748,12.83499],[77.48768,12.83496],[77.48856,12.83481],[77.48885,12.83477]]]},"properties":{"shedId":"C05CAM34"}},{"type":"Feature","geometry":{"type":"Polygon","coordinates":[[[77.52064,12.84196],[77.52062,12.84194],[77.52062,12.84191],[77.5206,12.84188],[77.52057,12.84183],[77.52057,12.84179],[77.52057,12.84175],[77.52056,12.84171],[77.52054,12.84168],[77.52051,12.84166],[77.52051,12.84165],[77.52049,12.84162],[77.52046,12.8416],[77.52035,12.84155],[77.52026,12.8415],[77.52012,12.84144],[77.52001,12.84139],[77.52,12.84138],[77.51994,12.84135],[77.51984,12.84131],[77.51978,12.8413],[77.51974,12.84129],[77.51968,12.84127],[77.51964,12.84125],[77.51955,12.84122],[77.51953,12.84121],[77.51951,12.8412],[77.51949,12.84118],[77.51947,12.84115],[77.51944,12.84112],[77.51936,12.84105],[77.51932,12.84102],[77.5193,12.84099],[77.51929,12.84095],[77.51929,12.84093],[77.51929,12.8409],[77.51927,12.84087],[77.51925,12.84084],[77.51923,12.84082],[77.51919,12.84081],[77.51912,12.84076],[77.51906,12.8407],[77.51903,12.84068],[77.51899,12.84067],[77.51897,12.84067],[77.51894,12.84068],[77.51886,12.84071],[77.51884,12.84073],[77.51879,12.84074],[77.51877,12.84074],[77.51874,12.84074],[77.51869,12.84073],[77.51867,12.84073],[77.51865,12.84072],[77.51861,12.8407],[77.51858,12.84067],[77.51857,12.84065],[77.51855,12.84064],[77.51852,12.84064],[77.51849,12.84064],[77.51843,12.84063],[77.51841,12.84063],[77.51838,12.84062],[77.51835,12.84059],[77.51833,12.84059],[77.51831,12.84059],[77.51829,12.8406],[77.51826,12.84062],[77.51824,12.84063],[77.51823,12.84066],[77.51822,12.84068],[77.51821,12.84069],[77.5182,12.8407],[77.51817,12.8407],[77.51813,12.8407],[77.51809,12.84068],[77.51806,12.84066],[77.51803,12.84063],[77.51802,12.84062],[77.51799,12.84061],[77.51797,12.84061],[77.51793,12.84062],[77.51791,12.84064],[77.51789,12.84065],[77.51786,12.84066],[77.51783,12.84067],[77.51774,12.84067],[77.51771,12.84066],[77.5177,12.84066],[77.51768,12.84063],[77.51767,12.8406],[77.51765,12.84058],[77.51764,12.84057],[77.51762,12.84056],[77.5176,12.84056],[77.51758,12.84057],[77.51756,12.84059],[77.51751,12.84062],[77.51745,12.84062],[77.51742,12.84061],[77.51739,12.84059],[77.51737,12.84057],[77.51734,12.84056],[77.51731,12.84056],[77.51727,12.84057],[77.5173,12.8407],[77.5174,12.84113],[77.5175,12.84156],[77.5176,12.84194],[77.51769,12.8422],[77.51783,12.8425],[77.51793,12.84267],[77.51793,12.84267],[77.51792,12.84264],[77.51791,12.8426],[77.5179,12.84256],[77.51789,12.84253],[77.51786,12.8425],[77.51784,12.84247],[77.51783,12.84244],[77.51783,12.8424],[77.51783,12.84236],[77.51785,12.84234],[77.51786,12.84232],[77.51789,12.84228],[77.51791,12.84225],[77.51792,12.84223],[77.51791,12.84221],[77.5179,12.84218],[77.5179,12.84216],[77.51793,12.84212],[77.51795,12.84209],[77.51799,12.84208],[77.51802,12.84206],[77.51807,12.84203],[77.51814,12.84201],[77.51818,12.84198],[77.51822,12.84197],[77.51826,12.84196],[77.51833,12.84196],[77.51841,12.84194],[77.51843,12.84194],[77.5185,12.84192],[77.51859,12.84191],[77.51866,12.8419],[77.51874,12.8419],[77.51884,12.8419],[77.51896,12.8419],[77.51904,12.84192],[77.51907,12.84193],[77.51908,12.84194],[77.51913,12.84197],[77.51919,12.84199],[77.51922,12.842],[77.51926,12.842],[77.51932,12.84198],[77.51935,12.84198],[77.51938,12.84197],[77.51961,12.84197],[77.51972,12.84198],[77.51977,12.84198],[77.51982,12.84198],[77.51986,12.842],[77.51989,12.84201],[77.51995,12.84209],[77.52,12.84213],[77.52003,12.84215],[77.52008,12.84217],[77.5201,12.84217],[77.52016,12.84219],[77.52019,12.8422],[77.52023,12.84223],[77.5203,12.84228],[77.52034,12.84231],[77.52037,12.84233],[77.5204,12.84234],[77.52047,12.84235],[77.52057,12.84237],[77.52061,12.84239],[77.52064,12.84241],[77.52067,12.84242],[77.52071,12.84245],[77.52074,12.84247],[77.52079,12.84252],[77.52083,12.84255],[77.52085,12.84258],[77.52085,12.84259],[77.52087,12.84261],[77.52089,12.84262],[77.52092,12.84263],[77.52096,12.84264],[77.52102,12.84267],[77.52105,12.84269],[77.52107,12.8427],[77.5211,12.84273],[77.52112,12.84276],[77.52113,12.8428],[77.52113,12.84284],[77.52115,12.84287],[77.52116,12.84288],[77.52118,12.84289],[77.52122,12.84289],[77.52125,12.8429],[77.52136,12.84293],[77.52142,12.84294],[77.52146,12.84293],[77.52151,12.84292],[77.52154,12.84291],[77.52156,12.84288],[77.52158,12.84286],[77.5216,12.84281],[77.52161,12.84279],[77.52163,12.84275],[77.52164,12.84273],[77.52163,12.84269],[77.52163,12.84267],[77.52161,12.84265],[77.52159,12.84263],[77.52156,12.84261],[77.52152,12.84259],[77.52149,12.84258],[77.52146,12.84256],[77.52145,12.84255],[77.52144,12.84252],[77.52143,12.84247],[77.52142,12.84243],[77.52142,12.84237],[77.52141,12.84233],[77.52139,12.8423],[77.52136,12.84228],[77.52133,12.84225],[77.5213,12.84223],[77.52128,12.84222],[77.52118,12.84222],[77.52115,12.84222],[77.52111,12.84221],[77.52108,12.84218],[77.52103,12.84215],[77.52101,12.84214],[77.521,12.84212],[77.52099,12.8421],[77.52097,12.84209],[77.52094,12.84207],[77.52093,12.84207],[77.52088,12.84206],[77.52085,12.84205],[77.52082,12.84204],[77.52079,12.84204],[77.52075,12.84203],[77.52071,12.84201],[77.52068,12.842],[77.52066,12.84198],[77.52064,12.84196]]]},"properties":{"shedId":"C05CAM34"}},{"type":"Feature","geometry":{"type":"Polygon","coordinates":[[[77.45685,12.84395],[77.45686,12.84391],[77.4569,12.84392],[77.45696,12.84391],[77.45699,12.84392],[77.45703,12.84393],[77.45708,12.84395],[77.45717,12.84397],[77.45723,12.84397],[77.45727,12.84397],[77.45733,12.84394],[77.45737,12.84392],[77.45741,12.84389],[77.45745,12.84388],[77.45749,12.84386],[77.45753,12.84386],[77.45757,12.84384],[77.45758,12.84384],[77.45762,12.84381],[77.45769,12.84374],[77.45774,12.8437],[77.4578,12.84369],[77.45787,12.84367],[77.4579,12.84368],[77.45833,12.84358],[77.45844,12.84353],[77.45854,12.84351],[77.45894,12.8435],[77.45904,12.84351],[77.45907,12.8435],[77.45909,12.84347],[77.45911,12.84343],[77.45911,12.84338],[77.45914,12.84336],[77.45917,12.84332],[77.45934,12.84317],[77.45935,12.84315],[77.45935,12.84315],[77.45936,12.84314],[77.45937,12.84313],[77.45937,12.84313],[77.45941,12.8431],[77.45941,12.84309],[77.45961,12.84299],[77.45933,12.84252],[77.45931,12.84243],[77.45894,12.84157],[77.45891,12.84156],[77.45889,12.84157],[77.45885,12.84162],[77.45878,12.8417],[77.4587,12.84175],[77.45862,12.84178],[77.45857,12.84178],[77.45852,12.84177],[77.45847,12.84175],[77.45845,12.84174],[77.45816,12.84159],[77.4581,12.84157],[77.45806,12.84157],[77.45801,12.84158],[77.4576,12.84169],[77.45755,12.84169],[77.45749,12.84166],[77.4574,12.84163],[77.45736,12.84163],[77.45731,12.84163],[77.45704,12.84174],[77.45704,12.84174],[77.45705,12.84174],[77.45705,12.84174],[77.45709,12.84176],[77.45709,12.84176],[77.45709,12.84176],[77.45709,12.84176],[77.4572,12.84187],[77.45722,12.84189],[77.45725,12.8419],[77.45726,12.84191],[77.45731,12.84192],[77.45731,12.84192],[77.45731,12.84192],[77.45734,12.84192],[77.45734,12.84192],[77.45737,12.84193],[77.45737,12.84194],[77.4574,12.84195],[77.4574,12.84196],[77.45743,12.84198],[77.45743,12.84198],[77.45743,12.84198],[77.45746,12.84202],[77.45746,12.84202],[77.45746,12.84203],[77.45742,12.84203],[77.45679,12.84222],[77.45691,12.84244],[77.45688,12.84292],[77.45625,12.84293],[77.45624,12.84344],[77.4565,12.84345],[77.45655,12.84413],[77.45638,12.84416],[77.45636,12.84447],[77.45639,12.8448],[77.45654,12.84478],[77.45659,12.84476],[77.45662,12.84475],[77.45663,12.84474],[77.45665,12.84471],[77.45667,12.84465],[77.45674,12.84452],[77.4568,12.84439],[77.45682,12.84433],[77.45682,12.84428],[77.45682,12.84424],[77.45682,12.84418],[77.45681,12.84412],[77.45681,12.84408],[77.45681,12.84408],[77.45681,12.84408],[77.45681,12.84404],[77.45681,12.84404],[77.45683,12.84399],[77.45683,12.84399],[77.45684,12.84397],[77.45685,12.84395]]]},"properties":{"shedId":"C05CAM34"}},{"type":"Feature","geometry":{"type":"Polygon","coordinates":[[[77.52443,12.84617],[77.52441,12.84613],[77.52437,12.84608],[77.52432,12.84603],[77.52425,12.84598],[77.52422,12.84594],[77.52414,12.84584],[77.5241,12.84574],[77.5241,12.84555],[77.52411,12.84549],[77.52416,12.84534],[77.52425,12.84501],[77.52425,12.84488],[77.52422,12.84479],[77.52418,12.84471],[77.52405,12.84457],[77.52403,12.84455],[77.52399,12.84447],[77.52396,12.84439],[77.52393,12.8443],[77.52388,12.8441],[77.52383,12.8439],[77.52376,12.8437],[77.52372,12.84365],[77.52366,12.8436],[77.5236,12.84358],[77.52343,12.84355],[77.52333,12.84355],[77.52328,12.84356],[77.52319,12.84359],[77.52314,12.84362],[77.52308,12.84366],[77.52304,12.84368],[77.52296,12.84376],[77.5229,12.84387],[77.52288,12.84392],[77.52288,12.84401],[77.52287,12.8441],[77.52286,12.84413],[77.52286,12.8442],[77.52283,12.84428],[77.52281,12.84431],[77.52275,12.84439],[77.52273,12.84445],[77.52273,12.8445],[77.52274,12.84454],[77.52274,12.84461],[77.52274,12.84465],[77.52276,12.84473],[77.52283,12.84482],[77.52286,12.84485],[77.52292,12.8449],[77.52295,12.84496],[77.52297,12.84516],[77.52298,12.84531],[77.52298,12.8454],[77.52301,12.84547],[77.52303,12.8455],[77.52308,12.84559],[77.52309,12.84566],[77.52311,12.84574],[77.52314,12.8458],[77.5232,12.84589],[77.52323,12.84593],[77.52329,12.84598],[77.52336,12.84604],[77.52344,12.8461],[77.52354,12.84615],[77.52359,12.84617],[77.52367,12.84618],[77.52375,12.84618],[77.52382,12.84617],[77.5239,12.84616],[77.52395,12.84615],[77.52407,12.84615],[77.52414,12.84618],[77.52418,12.84624],[77.52424,12.84631],[77.5243,12.84634],[77.52436,12.84634],[77.52441,12.84629],[77.52442,12.84626],[77.52443,12.84617]]]},"properties":{"shedId":"C05CAM34"}},{"type":"Feature","geometry":{"type":"Polygon","coordinates":[[[77.46373,12.85325],[77.46367,12.85321],[77.46366,12.85321],[77.46363,12.85321],[77.46339,12.85322],[77.46316,12.85323],[77.46297,12.85323],[77.46296,12.85323],[77.46284,12.85322],[77.46284,12.85322],[77.46276,12.85321],[77.46276,12.85321],[77.46268,12.85319],[77.46258,12.85316],[77.46258,12.85316],[77.46248,12.85312],[77.46248,12.85312],[77.46233,12.85305],[77.46225,12.85301],[77.46211,12.85294],[77.46211,12.85294],[77.46196,12.85285],[77.46196,12.85284],[77.46196,12.85284],[77.46194,12.85282],[77.46191,12.85285],[77.46186,12.85298],[77.46186,12.85304],[77.46187,12.85309],[77.46189,12.85321],[77.46191,12.85325],[77.46194,12.85334],[77.46198,12.85343],[77.46207,12.85361],[77.4621,12.85368],[77.46213,12.85374],[77.46212,12.8544],[77.4621,12.8546],[77.46189,12.85519],[77.46191,12.85524],[77.46191,12.85526],[77.46196,12.85531],[77.46201,12.85533],[77.46207,12.85532],[77.4622,12.85531],[77.46255,12.85519],[77.4629,12.85496],[77.46297,12.8549],[77.46298,12.85484],[77.46298,12.85479],[77.46299,12.85467],[77.46309,12.85453],[77.46323,12.85419],[77.46328,12.85407],[77.46344,12.85378],[77.46351,12.8537],[77.46359,12.85366],[77.46374,12.85362],[77.46401,12.85353],[77.464,12.85352],[77.46396,12.85348],[77.46396,12.85348],[77.46384,12.85334],[77.46373,12.85325]]]},"properties":{"shedId":"C05CAM34"}},{"type":"Feature","geometry":{"type":"Polygon","coordinates":[[[77.53775,12.85556],[77.53769,12.85555],[77.53764,12.85557],[77.53759,12.85563],[77.53753,12.85572],[77.53749,12.85582],[77.53746,12.85591],[77.53743,12.856],[77.53741,12.85607],[77.53738,12.85617],[77.53736,12.85626],[77.53735,12.85632],[77.53735,12.8564],[77.53735,12.85651],[77.53735,12.85657],[77.53738,12.85667],[77.5374,12.85672],[77.53741,12.85677],[77.53742,12.85684],[77.53741,12.8569],[77.53741,12.85697],[77.53741,12.85703],[77.53744,12.85709],[77.53747,12.85715],[77.53747,12.8572],[77.53748,12.85726],[77.53751,12.85729],[77.53755,12.85731],[77.53766,12.85733],[77.53773,12.85734],[77.53781,12.85732],[77.53785,12.85726],[77.53789,12.85719],[77.53793,12.85711],[77.53796,12.85702],[77.53797,12.85692],[77.53798,12.85683],[77.538,12.85675],[77.53803,12.85669],[77.53808,12.85661],[77.53811,12.85653],[77.53816,12.85644],[77.53819,12.85638],[77.53822,12.85632],[77.53822,12.85623],[77.53822,12.85615],[77.5382,12.85603],[77.53816,12.85595],[77.5381,12.85584],[77.53805,12.85574],[77.53799,12.85566],[77.53792,12.85561],[77.53785,12.85557],[77.53775,12.85556]]]},"properties":{"shedId":"C05CAM34"}},{"type":"Feature","geometry":{"type":"Polygon","coordinates":[[[77.51012,12.85179],[77.51005,12.85156],[77.50998,12.85141],[77.50997,12.8513],[77.50993,12.85119],[77.50978,12.85117],[77.5096,12.85123],[77.50943,12.85127],[77.5093,12.85125],[77.5092,12.85115],[77.50916,12.85109],[77.50902,12.85105],[77.50888,12.85104],[77.5088,12.85116],[77.5088,12.85131],[77.50877,12.85153],[77.50881,12.85166],[77.50895,12.85172],[77.5091,12.85173],[77.50929,12.85174],[77.50938,12.85173],[77.50946,12.85168],[77.50964,12.85167],[77.50974,12.85175],[77.50979,12.85186],[77.50987,12.85197],[77.50996,12.85197],[77.51004,12.85192],[77.5101,12.85186],[77.51012,12.85179]]]},"properties":{"shedId":"C05CAM34"}},{"type":"Feature","geometry":{"type":"Polygon","coordinates":[[[77.43507,12.86861],[77.43511,12.8686],[77.43521,12.86861],[77.43536,12.86865],[77.43541,12.86865],[77.4355,12.86864],[77.43564,12.8686],[77.43605,12.86854],[77.43661,12.86836],[77.43689,12.86828],[77.43718,12.86823],[77.43727,12.86822],[77.43733,12.86823],[77.4374,12.86823],[77.43739,12.86822],[77.43739,12.8682],[77.43738,12.86818],[77.43737,12.86816],[77.43737,12.86814],[77.43736,12.86813],[77.43736,12.86811],[77.43724,12.86779],[77.43723,12.86777],[77.43723,12.86775],[77.43722,12.86773],[77.43721,12.86771],[77.4372,12.86769],[77.43719,12.86767],[77.43719,12.86765],[77.43718,12.86763],[77.43717,12.86761],[77.43716,12.86759],[77.43715,12.86757],[77.43715,12.86755],[77.43714,12.86754],[77.43713,12.86752],[77.43712,12.8675],[77.43711,12.86748],[77.4371,12.86746],[77.4371,12.86744],[77.43709,12.86742],[77.43708,12.8674],[77.43707,12.86738],[77.43706,12.86736],[77.43705,12.86734],[77.43704,12.86732],[77.43703,12.8673],[77.43702,12.86729],[77.43701,12.86727],[77.43701,12.86725],[77.437,12.86723],[77.43699,12.86721],[77.43698,12.86719],[77.43697,12.86717],[77.43696,12.86715],[77.43695,12.86713],[77.43694,12.86712],[77.43693,12.8671],[77.43692,12.86708],[77.43691,12.86706],[77.4369,12.86704],[77.43689,12.86702],[77.43688,12.867],[77.43687,12.86699],[77.43686,12.86697],[77.43685,12.86695],[77.43683,12.86693],[77.43682,12.86691],[77.43681,12.86689],[77.4368,12.86688],[77.43679,12.86686],[77.43678,12.86684],[77.43677,12.86682],[77.43676,12.8668],[77.43674,12.86679],[77.43673,12.86677],[77.43672,12.86675],[77.43671,12.86673],[77.4367,12.86671],[77.43669,12.8667],[77.43667,12.86668],[77.43666,12.86666],[77.43665,12.86664],[77.43664,12.86662],[77.43663,12.86661],[77.43661,12.86659],[77.4366,12.86657],[77.43659,12.86655],[77.43658,12.86654],[77.43656,12.86652],[77.43655,12.8665],[77.43654,12.86648],[77.43653,12.86647],[77.43651,12.86645],[77.4365,12.86643],[77.43649,12.86642],[77.43648,12.8664],[77.43646,12.86638],[77.43645,12.86636],[77.43644,12.86635],[77.43642,12.86633],[77.43641,12.86631],[77.4364,12.8663],[77.43638,12.86628],[77.43637,12.86626],[77.43636,12.86625],[77.43634,12.86623],[77.43633,12.86621],[77.43633,12.86621],[77.4362,12.86639],[77.43614,12.86646],[77.43609,12.8665],[77.43604,12.86657],[77.43606,12.8668],[77.43611,12.86701],[77.43613,12.86708],[77.43613,12.86708],[77.43611,12.86716],[77.4361,12.86722],[77.43607,12.86726],[77.43604,12.8673],[77.436,12.86735],[77.43594,12.86739],[77.43587,12.86742],[77.43577,12.86745],[77.43569,12.86748],[77.4356,12.86751],[77.43539,12.86762],[77.43512,12.86776],[77.43489,12.8679],[77.43452,12.86813],[77.4342,12.86828],[77.4341,12.86832],[77.43398,12.8683],[77.43386,12.8683],[77.43371,12.86833],[77.43361,12.86837],[77.43356,12.86841],[77.43352,12.86844],[77.43351,12.86848],[77.43351,12.86861],[77.43357,12.86878],[77.43361,12.86886],[77.43379,12.86886],[77.43474,12.86864],[77.43489,12.86862],[77.43507,12.86861]]]},"properties":{"shedId":"C05CAM34"}},{"type":"Feature","geometry":{"type":"Polygon","coordinates":[[[77.43186,12.86878],[77.43196,12.86853],[77.43206,12.86817],[77.43207,12.86812],[77.43207,12.86806],[77.43207,12.86801],[77.43206,12.86796],[77.43204,12.8679],[77.43201,12.86787],[77.43198,12.86785],[77.43194,12.86783],[77.4319,12.86782],[77.43189,12.86781],[77.43186,12.86781],[77.43178,12.86782],[77.43175,12.86783],[77.43173,12.86786],[77.43171,12.86789],[77.4317,12.86791],[77.43167,12.86793],[77.43165,12.86793],[77.43158,12.86794],[77.43154,12.86794],[77.43147,12.86794],[77.43141,12.86792],[77.43136,12.8679],[77.43124,12.8679],[77.43048,12.868],[77.43043,12.86802],[77.43037,12.86803],[77.43035,12.86803],[77.43034,12.86805],[77.43033,12.86807],[77.43032,12.86809],[77.43032,12.86814],[77.43031,12.86818],[77.43029,12.86843],[77.43029,12.86853],[77.43031,12.86859],[77.43033,12.86862],[77.43036,12.86864],[77.43047,12.86864],[77.43059,12.86863],[77.43068,12.86862],[77.43074,12.86862],[77.43083,12.86862],[77.43091,12.86864],[77.43098,12.86869],[77.43129,12.86884],[77.43134,12.86887],[77.43135,12.86889],[77.43139,12.86896],[77.43142,12.86901],[77.43147,12.8691],[77.43147,12.86917],[77.43148,12.86921],[77.4315,12.86924],[77.43157,12.86923],[77.43161,12.86921],[77.43165,12.86918],[77.43169,12.86915],[77.43173,12.86911],[77.43176,12.86907],[77.43179,12.86902],[77.43182,12.86896],[77.43184,12.8689],[77.43185,12.86884],[77.43186,12.86878]]]},"properties":{"shedId":"C05CAM34"}},{"type":"Feature","geometry":{"type":"Polygon","coordinates":[[[77.44055,12.87942],[77.44059,12.87941],[77.44064,12.8794],[77.44069,12.87939],[77.44073,12.87937],[77.44076,12.87932],[77.44079,12.87927],[77.44081,12.87924],[77.44084,12.87922],[77.44088,12.8792],[77.44091,12.87918],[77.44095,12.87917],[77.44099,12.87916],[77.4412,12.87912],[77.44141,12.87908],[77.44162,12.87903],[77.4418,12.87899],[77.44184,12.87898],[77.44187,12.87896],[77.44216,12.87893],[77.44234,12.87899],[77.44225,12.87887],[77.44219,12.87878],[77.44203,12.87857],[77.44186,12.87847],[77.44186,12.87846],[77.4417,12.8784],[77.44154,12.87835],[77.44149,12.87833],[77.44144,12.87832],[77.44138,12.87831],[77.44133,12.87832],[77.44127,12.87833],[77.44122,12.87834],[77.44117,12.87836],[77.44114,12.87838],[77.4411,12.87839],[77.44106,12.87839],[77.44102,12.87839],[77.44098,12.87838],[77.44095,12.87837],[77.44066,12.87823],[77.44035,12.87806],[77.44005,12.87791],[77.43998,12.87787],[77.43991,12.87784],[77.43984,12.87781],[77.43977,12.87779],[77.4397,12.87777],[77.43938,12.87773],[77.43932,12.87772],[77.43926,12.8777],[77.4392,12.87768],[77.43915,12.87766],[77.4391,12.87763],[77.43893,12.87757],[77.43886,12.87757],[77.43879,12.87758],[77.43872,12.87759],[77.43867,12.87761],[77.43861,12.87763],[77.43856,12.87765],[77.4384,12.87777],[77.43824,12.8779],[77.43813,12.87795],[77.43802,12.87799],[77.43791,12.87802],[77.4378,12.87805],[77.43772,12.87808],[77.4377,12.8781],[77.43771,12.87814],[77.43774,12.87817],[77.4378,12.87819],[77.43786,12.87818],[77.43795,12.87815],[77.43803,12.87812],[77.43811,12.8781],[77.4382,12.87811],[77.43829,12.87812],[77.43837,12.87814],[77.43845,12.87817],[77.43855,12.87823],[77.43865,12.87832],[77.43876,12.87846],[77.43902,12.87872],[77.4392,12.8789],[77.43932,12.87908],[77.43936,12.87912],[77.43939,12.87915],[77.43943,12.87918],[77.43948,12.87921],[77.43949,12.87922],[77.43951,12.87922],[77.43952,12.87923],[77.43954,12.87923],[77.43956,12.87923],[77.43958,12.87922],[77.4396,12.87922],[77.43963,12.87922],[77.43965,12.87922],[77.43968,12.87923],[77.4397,12.87924],[77.43972,12.87925],[77.43979,12.87929],[77.43986,12.87932],[77.43991,12.87934],[77.43995,12.87938],[77.43999,12.87941],[77.44003,12.87945],[77.44005,12.87947],[77.44006,12.87948],[77.44008,12.87949],[77.4401,12.8795],[77.44012,12.87951],[77.44014,12.87951],[77.44016,12.87951],[77.44018,12.87951],[77.4402,12.8795],[77.44022,12.87949],[77.4403,12.87946],[77.44038,12.87944],[77.44046,12.87943],[77.44055,12.87942]]]},"properties":{"shedId":"C05CAM34"}},{"type":"Feature","geometry":{"type":"Polygon","coordinates":[[[77.40801,12.89049],[77.40799,12.89049],[77.40795,12.89049],[77.40791,12.8905],[77.4079,12.8905],[77.40735,12.89052],[77.40734,12.89052],[77.40732,12.89052],[77.4073,12.89052],[77.40729,12.89052],[77.40727,12.89052],[77.40726,12.89052],[77.40724,12.89052],[77.40723,12.89052],[77.40721,12.89052],[77.4072,12.89052],[77.40718,12.89052],[77.40717,12.89052],[77.40715,12.89052],[77.40713,12.89052],[77.40712,12.89052],[77.4071,12.89051],[77.40709,12.89051],[77.40707,12.89051],[77.40706,12.89051],[77.40704,12.89051],[77.40703,12.89051],[77.40701,12.89051],[77.407,12.89051],[77.40698,12.89051],[77.40696,12.8905],[77.40695,12.8905],[77.40693,12.8905],[77.40692,12.8905],[77.4069,12.8905],[77.40689,12.8905],[77.40687,12.8905],[77.40686,12.89049],[77.40684,12.89049],[77.40683,12.89049],[77.40681,12.89049],[77.4068,12.89049],[77.40678,12.89048],[77.40676,12.89048],[77.40675,12.89048],[77.40673,12.89048],[77.40672,12.89047],[77.4067,12.89047],[77.40669,12.89047],[77.40667,12.89047],[77.40666,12.89046],[77.40664,12.89046],[77.40663,12.89046],[77.40661,12.89045],[77.40661,12.89045],[77.4066,12.89045],[77.40659,12.89045],[77.40658,12.89045],[77.40657,12.89044],[77.40656,12.89044],[77.40655,12.89044],[77.40654,12.89044],[77.40653,12.89043],[77.40652,12.89043],[77.40651,12.89043],[77.40649,12.89042],[77.40648,12.89042],[77.40647,12.89042],[77.40646,12.89041],[77.40645,12.89041],[77.40644,12.89041],[77.40643,12.8904],[77.40642,12.8904],[77.40641,12.8904],[77.4064,12.89039],[77.40639,12.89039],[77.40638,12.89039],[77.40637,12.89038],[77.40636,12.89038],[77.40635,12.89037],[77.40634,12.89037],[77.40633,12.89037],[77.40632,12.89036],[77.40631,12.89036],[77.4063,12.89035],[77.40629,12.89035],[77.40628,12.89034],[77.40627,12.89034],[77.40626,12.89033],[77.40625,12.89033],[77.40624,12.89032],[77.40623,12.89032],[77.40622,12.89032],[77.40621,12.89031],[77.4062,12.89031],[77.40619,12.8903],[77.40618,12.8903],[77.40617,12.89029],[77.40616,12.89028],[77.40615,12.89028],[77.40614,12.89027],[77.40613,12.89027],[77.40612,12.89026],[77.40611,12.89026],[77.4061,12.89025],[77.40609,12.89025],[77.40608,12.89024],[77.40608,12.89023],[77.40607,12.89023],[77.40606,12.89022],[77.40605,12.89022],[77.40604,12.89021],[77.40603,12.8902],[77.40602,12.8902],[77.40601,12.89019],[77.406,12.89019],[77.40599,12.89018],[77.40598,12.89017],[77.40598,12.89017],[77.40597,12.89016],[77.40596,12.89015],[77.40595,12.89015],[77.40595,12.89015],[77.40594,12.89014],[77.40594,12.89014],[77.40593,12.89013],[77.40592,12.89013],[77.40592,12.89012],[77.40591,12.89012],[77.4059,12.89011],[77.4059,12.89011],[77.40589,12.89011],[77.40588,12.8901],[77.40588,12.8901],[77.40587,12.89009],[77.40586,12.89009],[77.40586,12.89009],[77.40585,12.89008],[77.40584,12.89008],[77.40583,12.89008],[77.40583,12.89007],[77.40582,12.89007],[77.40581,12.89007],[77.40581,12.89006],[77.4058,12.89006],[77.40579,12.89006],[77.40578,12.89005],[77.40578,12.89005],[77.40577,12.89005],[77.40576,12.89004],[77.40576,12.89004],[77.40575,12.89004],[77.40574,12.89003],[77.40573,12.89003],[77.40573,12.89003],[77.40572,12.89003],[77.40571,12.89002],[77.4057,12.89002],[77.4057,12.89002],[77.40569,12.89002],[77.40568,12.89001],[77.40567,12.89001],[77.40567,12.89001],[77.40566,12.89001],[77.40565,12.89001],[77.40564,12.89],[77.40564,12.89],[77.40563,12.89],[77.40562,12.89],[77.40561,12.89],[77.40561,12.88999],[77.4056,12.88999],[77.40559,12.88999],[77.40558,12.88999],[77.40557,12.88999],[77.40557,12.88999],[77.40556,12.88999],[77.40555,12.88998],[77.40555,12.88998],[77.40555,12.88999],[77.40556,12.89002],[77.40556,12.89004],[77.40557,12.89007],[77.40558,12.8901],[77.40558,12.89012],[77.40559,12.89015],[77.4056,12.89017],[77.40569,12.89019],[77.40571,12.89023],[77.40573,12.89028],[77.40575,12.89035],[77.40579,12.89041],[77.40582,12.89047],[77.40585,12.89053],[77.40589,12.89059],[77.40592,12.89064],[77.40595,12.8907],[77.40597,12.89076],[77.40599,12.89082],[77.406,12.89088],[77.40601,12.89094],[77.40607,12.8915],[77.40614,12.89206],[77.40616,12.89219],[77.40617,12.89233],[77.40617,12.89234],[77.40617,12.89234],[77.40618,12.89235],[77.40618,12.89236],[77.40619,12.89236],[77.4062,12.89237],[77.4062,12.89237],[77.40621,12.89237],[77.40622,12.89237],[77.40623,12.89237],[77.40624,12.89237],[77.40624,12.89236],[77.40625,12.89236],[77.40625,12.89235],[77.4063,12.89231],[77.40634,12.89227],[77.40639,12.89224],[77.40645,12.89221],[77.4065,12.89219],[77.40656,12.89217],[77.40669,12.89215],[77.40683,12.89213],[77.40696,12.8921],[77.40709,12.89206],[77.40713,12.89202],[77.40716,12.89198],[77.40719,12.89194],[77.40721,12.8918],[77.40723,12.89166],[77.40724,12.89152],[77.40724,12.89151],[77.40724,12.8915],[77.40724,12.89148],[77.40724,12.89147],[77.40725,12.89146],[77.40726,12.89145],[77.40727,12.89144],[77.40728,12.89144],[77.40729,12.89143],[77.40741,12.89141],[77.40742,12.8914],[77.40743,12.89139],[77.40744,12.89138],[77.40745,12.89137],[77.40746,12.89135],[77.40746,12.89134],[77.40747,12.89132],[77.40746,12.89131],[77.40746,12.89129],[77.40746,12.89128],[77.40747,12.89127],[77.40747,12.89125],[77.40748,12.89124],[77.40749,12.89123],[77.40751,12.89122],[77.40752,12.89121],[77.40753,12.89121],[77.40755,12.89121],[77.40763,12.8912],[77.40771,12.89119],[77.40773,12.89119],[77.40775,12.89118],[77.40776,12.89117],[77.40777,12.89117],[77.40778,12.89116],[77.40778,12.89115],[77.40779,12.89113],[77.40779,12.89112],[77.40779,12.8911],[77.40776,12.89105],[77.40772,12.89099],[77.40771,12.89098],[77.40771,12.89096],[77.4077,12.89094],[77.4077,12.89093],[77.40771,12.89091],[77.40771,12.89089],[77.40772,12.89088],[77.40773,12.89087],[77.40801,12.89049]]]},"properties":{"shedId":"C05CAM34"}},{"type":"Feature","geometry":{"type":"Polygon","coordinates":[[[77.42762,12.89551],[77.42773,12.89551],[77.42784,12.89553],[77.42794,12.89555],[77.42805,12.89557],[77.42809,12.89558],[77.42813,12.89559],[77.42818,12.89559],[77.42822,12.89558],[77.42826,12.89557],[77.4283,12.89556],[77.42836,12.89549],[77.42841,12.89543],[77.42846,12.89535],[77.4285,12.89528],[77.42852,12.89526],[77.42853,12.89524],[77.42854,12.89522],[77.42854,12.89519],[77.42854,12.89517],[77.42853,12.89515],[77.42852,12.89513],[77.42851,12.89511],[77.42849,12.89509],[77.42846,12.89506],[77.42842,12.89504],[77.42837,12.89502],[77.42835,12.89501],[77.42832,12.895],[77.42827,12.89498],[77.42823,12.89494],[77.42819,12.89491],[77.42815,12.89487],[77.42812,12.89482],[77.4281,12.89477],[77.42808,12.89472],[77.42807,12.89467],[77.42806,12.89459],[77.42805,12.89451],[77.42805,12.89443],[77.42805,12.89436],[77.42805,12.89428],[77.42808,12.89412],[77.4281,12.89404],[77.42813,12.89397],[77.42816,12.89386],[77.42819,12.89374],[77.42821,12.89362],[77.42822,12.8935],[77.42823,12.89345],[77.42824,12.8934],[77.42826,12.89335],[77.42829,12.89331],[77.42834,12.89325],[77.42834,12.89324],[77.42835,12.89322],[77.42836,12.89321],[77.42836,12.8932],[77.42837,12.89318],[77.42837,12.89317],[77.42836,12.89316],[77.42836,12.89315],[77.42835,12.89313],[77.42834,12.89312],[77.42833,12.89312],[77.42832,12.89311],[77.42831,12.8931],[77.42829,12.8931],[77.4283,12.89311],[77.4283,12.89311],[77.4283,12.89311],[77.4283,12.89311],[77.4283,12.89311],[77.4283,12.89311],[77.4283,12.89312],[77.4283,12.89312],[77.4283,12.89312],[77.4283,12.89312],[77.4283,12.89312],[77.4283,12.89312],[77.4283,12.89312],[77.4283,12.89312],[77.4283,12.89312],[77.42831,12.89313],[77.42831,12.89313],[77.42831,12.89313],[77.42831,12.89313],[77.42831,12.89313],[77.42831,12.89313],[77.42831,12.89313],[77.42831,12.89313],[77.42831,12.89313],[77.42831,12.89314],[77.42831,12.89314],[77.42831,12.89314],[77.42831,12.89314],[77.42831,12.89314],[77.42831,12.89314],[77.42831,12.89314],[77.42831,12.89314],[77.42831,12.89315],[77.42831,12.89315],[77.42831,12.89315],[77.42831,12.89315],[77.42831,12.89315],[77.42831,12.89315],[77.42831,12.89315],[77.42831,12.89315],[77.42831,12.89316],[77.42831,12.89316],[77.42831,12.89316],[77.42831,12.89316],[77.42831,12.89316],[77.42831,12.89316],[77.4283,12.89316],[77.4283,12.89316],[77.4283,12.89316],[77.4283,12.89316],[77.4283,12.89317],[77.4283,12.89317],[77.4283,12.89317],[77.4283,12.89317],[77.4283,12.89317],[77.4283,12.89317],[77.4283,12.89317],[77.4283,12.89317],[77.4283,12.89317],[77.4283,12.89317],[77.4283,12.89318],[77.4283,12.89318],[77.4283,12.89318],[77.4283,12.89318],[77.42829,12.89318],[77.42829,12.89318],[77.42829,12.89318],[77.42829,12.89318],[77.42829,12.89318],[77.42829,12.89318],[77.42829,12.89319],[77.42829,12.89319],[77.42829,12.89319],[77.42829,12.89319],[77.42829,12.89319],[77.42828,12.89319],[77.42828,12.89319],[77.42828,12.89319],[77.42828,12.89319],[77.42828,12.89319],[77.42828,12.89319],[77.42828,12.89319],[77.42828,12.89319],[77.42828,12.89319],[77.42828,12.89319],[77.42827,12.8932],[77.42827,12.8932],[77.42827,12.8932],[77.42827,12.8932],[77.42827,12.8932],[77.42827,12.8932],[77.42827,12.8932],[77.42827,12.8932],[77.42827,12.8932],[77.42826,12.8932],[77.42826,12.8932],[77.42826,12.8932],[77.42826,12.8932],[77.42826,12.8932],[77.42826,12.8932],[77.42826,12.8932],[77.42825,12.8932],[77.42814,12.8932],[77.42814,12.8932],[77.42814,12.8932],[77.42813,12.8932],[77.42813,12.8932],[77.42813,12.8932],[77.42812,12.8932],[77.42812,12.8932],[77.42812,12.8932],[77.42811,12.8932],[77.42811,12.8932],[77.42811,12.8932],[77.42811,12.8932],[77.4281,12.8932],[77.4281,12.8932],[77.4281,12.8932],[77.42809,12.8932],[77.42809,12.8932],[77.42809,12.8932],[77.42808,12.8932],[77.42808,12.8932],[77.42808,12.8932],[77.42807,12.8932],[77.42807,12.8932],[77.42807,12.8932],[77.42806,12.8932],[77.42806,12.8932],[77.42806,12.8932],[77.42806,12.8932],[77.42805,12.8932],[77.42805,12.8932],[77.42805,12.8932],[77.42804,12.89321],[77.42804,12.89321],[77.42804,12.89321],[77.42803,12.89321],[77.42803,12.89321],[77.42803,12.89321],[77.42803,12.89321],[77.42802,12.89321],[77.42802,12.89322],[77.42802,12.89322],[77.42802,12.89322],[77.42801,12.89322],[77.42801,12.89322],[77.42801,12.89322],[77.42801,12.89323],[77.428,12.89323],[77.428,12.89323],[77.428,12.89323],[77.428,12.89323],[77.42799,12.89324],[77.42799,12.89324],[77.42799,12.89324],[77.42799,12.89324],[77.42788,12.89335],[77.42787,12.89336],[77.42787,12.89336],[77.42786,12.89337],[77.42786,12.89337],[77.42786,12.89338],[77.42785,12.89338],[77.42785,12.89339],[77.42784,12.89339],[77.42784,12.8934],[77.42783,12.8934],[77.42783,12.8934],[77.42782,12.89341],[77.42782,12.89341],[77.42781,12.89342],[77.4278,12.89342],[77.4278,12.89343],[77.42779,12.89343],[77.42779,12.89343],[77.42778,12.89344],[77.42778,12.89344],[77.42777,12.89345],[77.42777,12.89345],[77.42776,12.89346],[77.42775,12.89346],[77.42775,12.89346],[77.42774,12.89347],[77.42774,12.89347],[77.42773,12.89347],[77.42773,12.89348],[77.42772,12.89348],[77.42771,12.89348],[77.42771,12.89349],[77.4277,12.89349],[77.4277,12.89349],[77.42769,12.8935],[77.42768,12.8935],[77.42768,12.8935],[77.42767,12.89351],[77.42766,12.89351],[77.42766,12.89351],[77.42765,12.89352],[77.42765,12.89352],[77.42764,12.89352],[77.42763,12.89352],[77.42763,12.89353],[77.42762,12.89353],[77.42761,12.89353],[77.42761,12.89353],[77.4276,12.89354],[77.42759,12.89354],[77.42759,12.89354],[77.42758,12.89354],[77.42757,12.89354],[77.42757,12.89355],[77.42756,12.89355],[77.42755,12.89355],[77.42755,12.89355],[77.42754,12.89355],[77.42753,12.89355],[77.42753,12.89356],[77.42752,12.89356],[77.42751,12.89356],[77.42751,12.89356],[77.4275,12.89356],[77.42749,12.89356],[77.42749,12.89356],[77.42748,12.89356],[77.42747,12.89357],[77.42747,12.89357],[77.42746,12.89357],[77.42745,12.89357],[77.42745,12.89357],[77.42744,12.89357],[77.42743,12.89357],[77.42742,12.89357],[77.42742,12.89357],[77.42741,12.89357],[77.42741,12.89357],[77.42739,12.89357],[77.42738,12.89357],[77.42736,12.89357],[77.42735,12.89357],[77.42733,12.89357],[77.42731,12.89357],[77.4273,12.89357],[77.42728,12.89357],[77.42726,12.89357],[77.42725,12.89357],[77.42723,12.89357],[77.42721,12.89357],[77.4272,12.89357],[77.42718,12.89357],[77.42716,12.89357],[77.42715,12.89357],[77.42713,12.89356],[77.42712,12.89356],[77.4271,12.89356],[77.42708,12.89356],[77.42707,12.89356],[77.42705,12.89356],[77.42703,12.89356],[77.42702,12.89356],[77.427,12.89356],[77.42698,12.89355],[77.42697,12.89355],[77.42695,12.89355],[77.42694,12.89355],[77.42692,12.89355],[77.4269,12.89354],[77.42689,12.89354],[77.42687,12.89354],[77.42685,12.89354],[77.42684,12.89354],[77.42682,12.89353],[77.42681,12.89353],[77.42679,12.89353],[77.42677,12.89353],[77.42676,12.89352],[77.42674,12.89352],[77.42672,12.89352],[77.42671,12.89352],[77.42669,12.89351],[77.42668,12.89351],[77.42666,12.89351],[77.42664,12.8935],[77.42663,12.8935],[77.42661,12.8935],[77.4266,12.8935],[77.42658,12.89349],[77.42656,12.89349],[77.42655,12.89349],[77.42653,12.89348],[77.42652,12.89348],[77.4265,12.89347],[77.42648,12.89347],[77.42647,12.89347],[77.42645,12.89346],[77.42644,12.89346],[77.42642,12.89346],[77.4264,12.89345],[77.42639,12.89345],[77.42637,12.89344],[77.42636,12.89344],[77.42634,12.89343],[77.42634,12.89343],[77.42633,12.89343],[77.42633,12.89343],[77.42632,12.89343],[77.42631,12.89343],[77.4263,12.89342],[77.4263,12.89342],[77.42629,12.89342],[77.42628,12.89342],[77.42627,12.89342],[77.42627,12.89341],[77.42626,12.89341],[77.42625,12.89341],[77.42624,12.89341],[77.42624,12.89341],[77.42623,12.89341],[77.42622,12.89341],[77.42621,12.8934],[77.42621,12.8934],[77.4262,12.8934],[77.42619,12.8934],[77.42618,12.8934],[77.42618,12.8934],[77.42617,12.8934],[77.42616,12.8934],[77.42615,12.8934],[77.42614,12.8934],[77.42614,12.8934],[77.42613,12.8934],[77.42612,12.89339],[77.42611,12.89339],[77.42611,12.89339],[77.4261,12.89339],[77.42609,12.89339],[77.42608,12.89339],[77.42608,12.89339],[77.42607,12.89339],[77.42606,12.89339],[77.42605,12.89339],[77.42604,12.89339],[77.42604,12.8934],[77.42603,12.8934],[77.42602,12.8934],[77.42601,12.8934],[77.42601,12.8934],[77.426,12.8934],[77.42599,12.8934],[77.42598,12.8934],[77.42598,12.8934],[77.42597,12.8934],[77.42596,12.8934],[77.42595,12.8934],[77.42595,12.89341],[77.42594,12.89341],[77.42593,12.89341],[77.42592,12.89341],[77.42592,12.89341],[77.42591,12.89341],[77.4259,12.89341],[77.42589,12.89342],[77.42589,12.89342],[77.42588,12.89342],[77.42587,12.89342],[77.42586,12.89342],[77.42586,12.89343],[77.42585,12.89343],[77.42584,12.89343],[77.42583,12.89343],[77.42583,12.89343],[77.42582,12.89344],[77.42581,12.89344],[77.4258,12.89344],[77.4258,12.89345],[77.42579,12.89345],[77.42578,12.89345],[77.42578,12.89345],[77.42578,12.89345],[77.42577,12.89345],[77.42577,12.89345],[77.42576,12.89345],[77.42576,12.89345],[77.42575,12.89346],[77.42575,12.89346],[77.42574,12.89346],[77.42574,12.89346],[77.42573,12.89346],[77.42573,12.89346],[77.42572,12.89346],[77.42572,12.89347],[77.42571,12.89347],[77.42571,12.89347],[77.4257,12.89347],[77.4257,12.89347],[77.42569,12.89347],[77.42569,12.89348],[77.42568,12.89348],[77.42568,12.89348],[77.42567,12.89348],[77.42567,12.89348],[77.42566,12.89349],[77.42566,12.89349],[77.42566,12.89349],[77.42565,12.89349],[77.42565,12.8935],[77.42564,12.8935],[77.42564,12.8935],[77.42563,12.8935],[77.42563,12.89351],[77.42562,12.89351],[77.42562,12.89351],[77.42562,12.89352],[77.42561,12.89352],[77.42561,12.89352],[77.4256,12.89352],[77.4256,12.89353],[77.42559,12.89353],[77.42559,12.89353],[77.42559,12.89354],[77.42558,12.89354],[77.42558,12.89354],[77.42557,12.89355],[77.42557,12.89355],[77.42557,12.89356],[77.42556,12.89356],[77.42556,12.89356],[77.42556,12.89357],[77.42555,12.89357],[77.42555,12.89357],[77.42555,12.89358],[77.42554,12.89358],[77.42554,12.89359],[77.42554,12.89359],[77.42553,12.89359],[77.42553,12.8936],[77.42542,12.89383],[77.42549,12.89387],[77.42556,12.89389],[77.4256,12.8939],[77.42569,12.89391],[77.42578,12.89391],[77.4259,12.89391],[77.42601,12.8939],[77.42607,12.89389],[77.42613,12.89389],[77.42619,12.89389],[77.42625,12.8939],[77.42631,12.89391],[77.42637,12.89393],[77.42643,12.89395],[77.42649,12.89398],[77.4265,12.89399],[77.42659,12.89407],[77.42668,12.89415],[77.42677,12.89423],[77.42685,12.8943],[77.42689,12.89435],[77.42693,12.89441],[77.42696,12.89448],[77.42699,12.89454],[77.42701,12.89461],[77.42702,12.89468],[77.42703,12.89475],[77.42703,12.89482],[77.42702,12.89495],[77.427,12.89508],[77.42698,12.8952],[77.42695,12.89533],[77.42695,12.89537],[77.42697,12.8954],[77.42698,12.89544],[77.427,12.89547],[77.42703,12.8955],[77.42708,12.89555],[77.42711,12.89559],[77.42714,12.89563],[77.42715,12.89564],[77.42717,12.89565],[77.42718,12.89565],[77.4272,12.89566],[77.42721,12.89566],[77.42723,12.89566],[77.42724,12.89565],[77.42726,12.89565],[77.42727,12.89564],[77.42728,12.89563],[77.42735,12.89559],[77.42741,12.89556],[77.42748,12.89553],[77.42755,12.89552],[77.42762,12.89551]]]},"properties":{"shedId":"C05CAM34"}},{"type":"Feature","geometry":{"type":"Polygon","coordinates":[[[77.41496,12.90742],[77.41499,12.90742],[77.41502,12.90741],[77.41506,12.9074],[77.41508,12.90739],[77.41509,12.90738],[77.4151,12.90736],[77.41512,12.90734],[77.41512,12.90732],[77.41513,12.9073],[77.41511,12.90722],[77.41509,12.90714],[77.41508,12.90706],[77.41507,12.90697],[77.41508,12.90693],[77.41509,12.9069],[77.4151,12.90686],[77.41512,12.90683],[77.41515,12.9068],[77.41525,12.90673],[77.41536,12.90667],[77.41547,12.90661],[77.41558,12.90656],[77.41567,12.90652],[77.41577,12.90649],[77.41586,12.90646],[77.41596,12.90643],[77.41606,12.90642],[77.41613,12.90641],[77.41619,12.9064],[77.41627,12.90638],[77.41635,12.90636],[77.41643,12.90634],[77.41651,12.90631],[77.41653,12.90629],[77.41655,12.90628],[77.41656,12.90626],[77.41658,12.90624],[77.41659,12.90621],[77.4166,12.90619],[77.4166,12.90616],[77.41658,12.9061],[77.41657,12.90605],[77.41657,12.90601],[77.41657,12.90597],[77.41658,12.90594],[77.4166,12.9059],[77.41662,12.90587],[77.41675,12.90579],[77.41688,12.9057],[77.41701,12.90562],[77.41734,12.90545],[77.41734,12.90544],[77.41734,12.90544],[77.41734,12.90544],[77.41734,12.90544],[77.41734,12.90544],[77.41734,12.90544],[77.41734,12.90544],[77.41734,12.90543],[77.41734,12.90543],[77.41734,12.90543],[77.41734,12.90543],[77.41734,12.90543],[77.41733,12.90543],[77.41733,12.90543],[77.41733,12.90542],[77.41733,12.90542],[77.41733,12.90542],[77.41733,12.90542],[77.41733,12.90542],[77.41733,12.90542],[77.41733,12.90541],[77.41733,12.90541],[77.41733,12.90541],[77.41733,12.90541],[77.41733,12.90541],[77.41733,12.90541],[77.41733,12.9054],[77.41733,12.9054],[77.41733,12.9054],[77.41733,12.9054],[77.41733,12.9054],[77.41733,12.9054],[77.41733,12.90539],[77.41733,12.90539],[77.41733,12.90539],[77.41733,12.90539],[77.41733,12.90539],[77.41733,12.90539],[77.41733,12.90538],[77.41733,12.90538],[77.41733,12.90538],[77.41733,12.90538],[77.41733,12.90538],[77.41733,12.90538],[77.41733,12.90537],[77.41733,12.90537],[77.41733,12.90537],[77.41733,12.90537],[77.41733,12.90537],[77.41733,12.90537],[77.41733,12.90536],[77.41733,12.90536],[77.41734,12.90536],[77.41734,12.90536],[77.41734,12.90536],[77.41734,12.90536],[77.41734,12.90535],[77.41734,12.90535],[77.41734,12.90535],[77.41734,12.90535],[77.41734,12.90535],[77.41734,12.90535],[77.41734,12.90534],[77.41734,12.90534],[77.41734,12.90534],[77.41734,12.90534],[77.41734,12.90534],[77.41734,12.90534],[77.41734,12.90533],[77.41735,12.90533],[77.41735,12.90533],[77.41735,12.90533],[77.41735,12.90533],[77.41735,12.90533],[77.41735,12.90533],[77.41735,12.90533],[77.41735,12.90532],[77.41735,12.90532],[77.41735,12.90532],[77.41735,12.90532],[77.41736,12.90532],[77.41736,12.90532],[77.41736,12.90531],[77.41736,12.90531],[77.41736,12.90531],[77.41736,12.90531],[77.41736,12.90531],[77.41736,12.90531],[77.41736,12.90531],[77.41736,12.90531],[77.41737,12.9053],[77.41737,12.9053],[77.41737,12.9053],[77.41737,12.9053],[77.41737,12.9053],[77.41737,12.9053],[77.41737,12.9053],[77.41737,12.9053],[77.41738,12.90529],[77.41738,12.90529],[77.41738,12.90529],[77.41738,12.90529],[77.41738,12.90529],[77.41738,12.90529],[77.41738,12.90529],[77.41738,12.90529],[77.41739,12.90529],[77.41739,12.90529],[77.41739,12.90528],[77.41739,12.90528],[77.41739,12.90528],[77.41739,12.90528],[77.41739,12.90528],[77.4174,12.90528],[77.4174,12.90528],[77.4176,12.90519],[77.4177,12.90514],[77.4177,12.90514],[77.4177,12.90514],[77.4177,12.90513],[77.41771,12.90513],[77.41771,12.90513],[77.41771,12.90513],[77.41772,12.90513],[77.41772,12.90513],[77.41772,12.90512],[77.41772,12.90512],[77.41773,12.90512],[77.41773,12.90512],[77.41773,12.90512],[77.41773,12.90511],[77.41774,12.90511],[77.41774,12.90511],[77.41774,12.90511],[77.41774,12.9051],[77.41774,12.9051],[77.41775,12.9051],[77.41775,12.9051],[77.41775,12.90509],[77.41775,12.90509],[77.41775,12.90509],[77.41776,12.90509],[77.41776,12.90508],[77.41776,12.90508],[77.41776,12.90508],[77.41776,12.90508],[77.41776,12.90507],[77.41777,12.90507],[77.41777,12.90507],[77.41777,12.90506],[77.41777,12.90506],[77.41777,12.90506],[77.41777,12.90506],[77.41777,12.90505],[77.41778,12.90505],[77.41778,12.90505],[77.41778,12.90504],[77.41778,12.90504],[77.41778,12.90504],[77.41778,12.90503],[77.41778,12.90503],[77.41778,12.90503],[77.41778,12.90502],[77.41778,12.90502],[77.41778,12.90502],[77.41778,12.90501],[77.41778,12.90501],[77.41778,12.90501],[77.41778,12.90501],[77.41778,12.905],[77.41778,12.905],[77.41778,12.905],[77.41778,12.90499],[77.41778,12.90499],[77.41778,12.90499],[77.41778,12.90498],[77.41778,12.90498],[77.41778,12.90498],[77.41778,12.90497],[77.41778,12.90497],[77.41778,12.90497],[77.41778,12.90496],[77.41778,12.90496],[77.41778,12.90496],[77.41778,12.90495],[77.41778,12.90495],[77.41778,12.90495],[77.41778,12.90494],[77.41778,12.90494],[77.41778,12.90494],[77.41777,12.90494],[77.41777,12.90493],[77.41777,12.90493],[77.41777,12.90493],[77.41777,12.90492],[77.41777,12.90492],[77.41777,12.90492],[77.41776,12.90492],[77.41776,12.90491],[77.41776,12.90491],[77.41776,12.90491],[77.41776,12.9049],[77.41776,12.9049],[77.41776,12.9049],[77.41763,12.90471],[77.41745,12.90444],[77.41723,12.90412],[77.41706,12.90388],[77.41705,12.90387],[77.41704,12.90385],[77.41703,12.90384],[77.41702,12.90383],[77.41701,12.90382],[77.41701,12.90381],[77.417,12.9038],[77.41699,12.90379],[77.41698,12.90378],[77.41697,12.90376],[77.41697,12.90375],[77.41696,12.90374],[77.41695,12.90373],[77.41694,12.90372],[77.41693,12.90371],[77.41693,12.90369],[77.41692,12.90368],[77.41691,12.90367],[77.4169,12.90366],[77.4169,12.90365],[77.41689,12.90363],[77.41688,12.90362],[77.41687,12.90361],[77.41687,12.9036],[77.41686,12.90359],[77.41685,12.90357],[77.41685,12.90356],[77.41684,12.90355],[77.41683,12.90354],[77.41683,12.90352],[77.41682,12.90351],[77.41681,12.9035],[77.41681,12.90349],[77.4168,12.90348],[77.41679,12.90346],[77.41679,12.90345],[77.41678,12.90344],[77.41677,12.90343],[77.41677,12.90341],[77.41676,12.9034],[77.41676,12.90339],[77.41675,12.90337],[77.41675,12.90336],[77.41655,12.90299],[77.41638,12.90265],[77.41614,12.90219],[77.41614,12.90219],[77.41614,12.90218],[77.41614,12.90217],[77.41613,12.90216],[77.41613,12.90216],[77.41613,12.90215],[77.41612,12.90214],[77.41612,12.90213],[77.41612,12.90213],[77.41612,12.90212],[77.41611,12.90211],[77.41611,12.9021],[77.41611,12.9021],[77.4161,12.90209],[77.4161,12.90208],[77.4161,12.90207],[77.4161,12.90207],[77.4161,12.90206],[77.41609,12.90205],[77.41609,12.90204],[77.41609,12.90203],[77.41609,12.90203],[77.41609,12.90202],[77.41608,12.90201],[77.41608,12.902],[77.41608,12.902],[77.41608,12.90199],[77.41608,12.90198],[77.41608,12.90197],[77.41607,12.90196],[77.41607,12.90196],[77.41607,12.90195],[77.41607,12.90194],[77.41607,12.90193],[77.41607,12.90193],[77.41607,12.90192],[77.41607,12.90191],[77.41607,12.9019],[77.41607,12.90189],[77.41607,12.90189],[77.41606,12.90188],[77.41606,12.90187],[77.41606,12.90186],[77.41606,12.90185],[77.41606,12.90185],[77.41606,12.90184],[77.41606,12.90183],[77.41606,12.90182],[77.41606,12.90181],[77.41606,12.90181],[77.41606,12.9018],[77.41606,12.90179],[77.41606,12.90178],[77.41606,12.90177],[77.41606,12.90177],[77.41607,12.90176],[77.41607,12.90175],[77.41607,12.90174],[77.41607,12.90173],[77.41607,12.90173],[77.41607,12.90172],[77.41607,12.90171],[77.41607,12.9017],[77.41607,12.90169],[77.41607,12.90169],[77.41608,12.90168],[77.41608,12.90167],[77.41608,12.90166],[77.41608,12.90165],[77.41608,12.90165],[77.41608,12.90164],[77.41608,12.90163],[77.41608,12.90162],[77.41608,12.90161],[77.41608,12.9016],[77.41609,12.90159],[77.41609,12.90159],[77.41609,12.90158],[77.41609,12.90157],[77.41609,12.90156],[77.41609,12.90155],[77.4161,12.90154],[77.4161,12.90153],[77.4161,12.90153],[77.4161,12.90152],[77.4161,12.90151],[77.41611,12.9015],[77.41611,12.90149],[77.41611,12.90148],[77.41611,12.90148],[77.41612,12.90147],[77.41612,12.90146],[77.41612,12.90145],[77.41612,12.90144],[77.41613,12.90143],[77.41613,12.90143],[77.41613,12.90142],[77.41614,12.90141],[77.41614,12.9014],[77.41614,12.90139],[77.41615,12.90139],[77.41615,12.90138],[77.41615,12.90137],[77.41615,12.90136],[77.41608,12.90128],[77.41608,12.90128],[77.416,12.90118],[77.416,12.90118],[77.41597,12.90113],[77.41595,12.90116],[77.41595,12.90116],[77.4159,12.90123],[77.4159,12.90123],[77.41577,12.90139],[77.41577,12.90139],[77.41564,12.90153],[77.4152,12.90209],[77.41491,12.90244],[77.41491,12.90244],[77.4149,12.90245],[77.41489,12.90246],[77.41489,12.90246],[77.41488,12.90247],[77.41487,12.90247],[77.41487,12.90248],[77.41486,12.90249],[77.41485,12.90249],[77.41484,12.9025],[77.41484,12.90251],[77.41483,12.90251],[77.41482,12.90252],[77.41481,12.90252],[77.41481,12.90253],[77.4148,12.90253],[77.41479,12.90254],[77.41478,12.90255],[77.41477,12.90255],[77.41477,12.90256],[77.41476,12.90256],[77.41475,12.90257],[77.41474,12.90257],[77.41473,12.90258],[77.41473,12.90258],[77.41472,12.90259],[77.41471,12.90259],[77.4147,12.9026],[77.41469,12.9026],[77.41469,12.90261],[77.41468,12.90261],[77.41457,12.90265],[77.41457,12.90265],[77.41457,12.90266],[77.41428,12.90274],[77.41394,12.90286],[77.41399,12.90332],[77.41399,12.90332],[77.41399,12.90391],[77.41399,12.90392],[77.41399,12.90393],[77.41399,12.90394],[77.41399,12.90395],[77.41399,12.90396],[77.41399,12.90397],[77.41399,12.90398],[77.414,12.90399],[77.414,12.904],[77.414,12.90401],[77.414,12.90402],[77.414,12.90403],[77.414,12.90404],[77.414,12.90405],[77.41401,12.90406],[77.41401,12.90407],[77.41401,12.90408],[77.41401,12.9041],[77.41401,12.90411],[77.41401,12.90412],[77.41402,12.90413],[77.41402,12.90414],[77.41402,12.90415],[77.41402,12.90416],[77.41403,12.90417],[77.41403,12.90418],[77.41403,12.90419],[77.41403,12.9042],[77.41404,12.90421],[77.41404,12.90422],[77.41404,12.90423],[77.41404,12.90424],[77.41405,12.90425],[77.41405,12.90426],[77.41405,12.90427],[77.41406,12.90428],[77.41406,12.90429],[77.41406,12.9043],[77.41406,12.90431],[77.41407,12.90432],[77.41407,12.90433],[77.41407,12.90434],[77.41408,12.90434],[77.41408,12.90435],[77.41408,12.90435],[77.41409,12.90436],[77.41409,12.90437],[77.41409,12.90437],[77.41409,12.90438],[77.4141,12.90438],[77.4141,12.90439],[77.4141,12.9044],[77.4141,12.9044],[77.41411,12.90441],[77.41411,12.90441],[77.41411,12.90442],[77.41411,12.90443],[77.41412,12.90443],[77.41412,12.90444],[77.41412,12.90444],[77.41412,12.90445],[77.41412,12.90446],[77.41412,12.90446],[77.41413,12.90447],[77.41413,12.90447],[77.41413,12.90448],[77.41413,12.90449],[77.41413,12.90449],[77.41413,12.9045],[77.41413,12.90451],[77.41414,12.90451],[77.41414,12.90452],[77.41414,12.90452],[77.41414,12.90453],[77.41414,12.90454],[77.41414,12.90454],[77.41414,12.90455],[77.41414,12.90456],[77.41414,12.90456],[77.41414,12.90457],[77.41414,12.90458],[77.41414,12.90458],[77.41414,12.90459],[77.41414,12.9046],[77.41414,12.9046],[77.41414,12.90461],[77.41414,12.90461],[77.41414,12.90462],[77.41414,12.90463],[77.41414,12.90463],[77.41414,12.90464],[77.41414,12.90465],[77.41414,12.90465],[77.41414,12.90466],[77.41414,12.90467],[77.41414,12.90467],[77.41414,12.90468],[77.41414,12.90468],[77.41414,12.90469],[77.41414,12.9047],[77.41413,12.9047],[77.41413,12.90471],[77.41413,12.90472],[77.41413,12.90472],[77.41413,12.90473],[77.41413,12.90473],[77.41413,12.90474],[77.41412,12.90475],[77.41412,12.90475],[77.41412,12.90476],[77.41412,12.90477],[77.41412,12.90477],[77.41411,12.90478],[77.41411,12.90478],[77.41411,12.90479],[77.41411,12.9048],[77.41411,12.9048],[77.4141,12.90481],[77.4141,12.90481],[77.4141,12.90482],[77.4141,12.90483],[77.41409,12.90483],[77.41409,12.90484],[77.41409,12.90484],[77.41409,12.90485],[77.41406,12.90489],[77.41405,12.90493],[77.41403,12.90496],[77.41401,12.905],[77.41399,12.90503],[77.41397,12.90507],[77.41396,12.90511],[77.41394,12.90514],[77.41392,12.90518],[77.4139,12.90521],[77.41389,12.90525],[77.41387,12.90529],[77.41385,12.90532],[77.41383,12.90536],[77.41382,12.90539],[77.4138,12.90543],[77.41378,12.90547],[77.41377,12.9055],[77.41375,12.90554],[77.41373,12.90557],[77.41372,12.90561],[77.41371,12.90561],[77.41371,12.90562],[77.41371,12.90562],[77.41371,12.90563],[77.41371,12.90563],[77.4137,12.90564],[77.4137,12.90564],[77.4137,12.90565],[77.4137,12.90565],[77.4137,12.90566],[77.41369,12.90566],[77.41369,12.90567],[77.41369,12.90567],[77.41369,12.90568],[77.41368,12.90568],[77.41368,12.90569],[77.41368,12.90569],[77.41368,12.9057],[77.41367,12.9057],[77.41367,12.90571],[77.41367,12.90571],[77.41366,12.90572],[77.41366,12.90572],[77.41366,12.90572],[77.41365,12.90573],[77.41365,12.90573],[77.41365,12.90574],[77.41364,12.90574],[77.41364,12.90575],[77.41364,12.90575],[77.41363,12.90575],[77.41363,12.90576],[77.41363,12.90576],[77.41362,12.90577],[77.41362,12.90577],[77.41362,12.90577],[77.41361,12.90578],[77.41361,12.90578],[77.4136,12.90578],[77.4136,12.90579],[77.4136,12.90579],[77.41359,12.9058],[77.41359,12.9058],[77.41358,12.9058],[77.41358,12.90581],[77.41357,12.90581],[77.41357,12.90581],[77.41357,12.90582],[77.41356,12.90582],[77.41356,12.90582],[77.41355,12.90582],[77.41355,12.90583],[77.41354,12.90583],[77.41354,12.90583],[77.41353,12.90584],[77.41353,12.90584],[77.41352,12.90584],[77.41352,12.90584],[77.41351,12.90585],[77.41351,12.90585],[77.4135,12.90585],[77.4135,12.90585],[77.41349,12.90585],[77.41349,12.90586],[77.41348,12.90586],[77.41348,12.90586],[77.41347,12.90586],[77.41347,12.90586],[77.41346,12.90587],[77.41346,12.90587],[77.41345,12.90587],[77.41345,12.90587],[77.41344,12.90587],[77.41344,12.90587],[77.41344,12.90588],[77.41343,12.90588],[77.41342,12.90588],[77.41341,12.90588],[77.4134,12.90588],[77.4134,12.90588],[77.41339,12.90589],[77.41338,12.90589],[77.41337,12.90589],[77.41336,12.90589],[77.41335,12.90589],[77.41335,12.9059],[77.41334,12.9059],[77.41333,12.9059],[77.41332,12.9059],[77.41331,12.9059],[77.41331,12.90591],[77.4133,12.90591],[77.41329,12.90591],[77.41328,12.90592],[77.41327,12.90592],[77.41327,12.90592],[77.41326,12.90592],[77.41325,12.90593],[77.41324,12.90593],[77.41324,12.90593],[77.41323,12.90594],[77.41322,12.90594],[77.41321,12.90594],[77.4132,12.90595],[77.4132,12.90595],[77.41319,12.90595],[77.41318,12.90596],[77.41317,12.90596],[77.41317,12.90596],[77.41316,12.90597],[77.41315,12.90597],[77.41314,12.90598],[77.41314,12.90598],[77.41313,12.90598],[77.41312,12.90599],[77.41311,12.90599],[77.41311,12.906],[77.4131,12.906],[77.41309,12.906],[77.41309,12.90601],[77.41308,12.90601],[77.41307,12.90602],[77.41306,12.90602],[77.41306,12.90603],[77.41305,12.90603],[77.41304,12.90604],[77.41304,12.90604],[77.41303,12.90605],[77.41302,12.90605],[77.41302,12.90606],[77.41301,12.90606],[77.413,12.90607],[77.413,12.90607],[77.41299,12.90608],[77.41299,12.90608],[77.41298,12.90608],[77.41298,12.90609],[77.41297,12.90609],[77.41296,12.9061],[77.41295,12.9061],[77.41294,12.90611],[77.41294,12.90611],[77.41293,12.90612],[77.41292,12.90612],[77.41291,12.90613],[77.41291,12.90613],[77.4129,12.90614],[77.41289,12.90614],[77.41288,12.90615],[77.41287,12.90615],[77.41287,12.90616],[77.41286,12.90616],[77.41285,12.90617],[77.41284,12.90617],[77.41283,12.90618],[77.41282,12.90618],[77.41282,12.90618],[77.41281,12.90619],[77.4128,12.90619],[77.41279,12.9062],[77.41278,12.9062],[77.41277,12.9062],[77.41277,12.90621],[77.41276,12.90621],[77.41275,12.90622],[77.41274,12.90622],[77.41273,12.90622],[77.41272,12.90623],[77.41271,12.90623],[77.41271,12.90623],[77.4127,12.90624],[77.41269,12.90624],[77.41268,12.90624],[77.41267,12.90625],[77.41266,12.90625],[77.41265,12.90625],[77.41264,12.90625],[77.41263,12.90626],[77.41263,12.90626],[77.41262,12.90626],[77.41261,12.90627],[77.4126,12.90627],[77.41259,12.90627],[77.41258,12.90627],[77.41257,12.90628],[77.41256,12.90628],[77.41255,12.90628],[77.41254,12.90628],[77.41254,12.90628],[77.41253,12.90629],[77.41252,12.90629],[77.41251,12.90629],[77.4125,12.90629],[77.41249,12.90629],[77.41248,12.9063],[77.41247,12.9063],[77.41246,12.9063],[77.41245,12.9063],[77.41244,12.9063],[77.41243,12.9063],[77.41242,12.9063],[77.41242,12.90631],[77.41241,12.90631],[77.4124,12.90631],[77.41239,12.90631],[77.41238,12.90631],[77.41237,12.90631],[77.41236,12.90631],[77.41236,12.90631],[77.41236,12.90632],[77.41236,12.90632],[77.41236,12.90633],[77.41236,12.90633],[77.41235,12.90633],[77.41235,12.90634],[77.41235,12.90634],[77.41235,12.90635],[77.41235,12.90635],[77.41235,12.90635],[77.41234,12.90636],[77.41234,12.90636],[77.41234,12.90636],[77.41234,12.90636],[77.41234,12.90636],[77.41234,12.90637],[77.41234,12.90637],[77.41233,12.90637],[77.41233,12.90637],[77.41233,12.90638],[77.41233,12.90638],[77.41233,12.90638],[77.41233,12.90638],[77.41233,12.90639],[77.41233,12.90639],[77.41232,12.90639],[77.41232,12.9064],[77.41232,12.9064],[77.41232,12.9064],[77.41232,12.9064],[77.41232,12.90641],[77.41232,12.90641],[77.41232,12.90641],[77.41232,12.90641],[77.41232,12.90642],[77.41232,12.90642],[77.41232,12.90642],[77.41232,12.90643],[77.41232,12.90643],[77.41232,12.90643],[77.41232,12.90643],[77.41232,12.90644],[77.41232,12.90644],[77.41232,12.90644],[77.41232,12.90645],[77.41232,12.90645],[77.41232,12.90645],[77.41232,12.90645],[77.41232,12.90646],[77.41232,12.90646],[77.41232,12.90646],[77.41232,12.90647],[77.41232,12.90647],[77.41232,12.90647],[77.41232,12.90647],[77.41232,12.90648],[77.41232,12.90648],[77.41232,12.90648],[77.41233,12.90648],[77.41233,12.90649],[77.41233,12.90649],[77.41233,12.9065],[77.41233,12.9065],[77.41233,12.90651],[77.41233,12.90651],[77.41233,12.90652],[77.41234,12.90652],[77.41234,12.90653],[77.41234,12.90653],[77.41234,12.90654],[77.41234,12.90654],[77.41234,12.90655],[77.41234,12.90655],[77.41235,12.90656],[77.41235,12.90656],[77.41235,12.90657],[77.41235,12.90657],[77.41235,12.90658],[77.41236,12.90658],[77.41236,12.90658],[77.41236,12.90659],[77.41237,12.9066],[77.41237,12.90662],[77.41238,12.90663],[77.41238,12.90664],[77.41238,12.90665],[77.41239,12.90666],[77.41239,12.90668],[77.4124,12.90669],[77.4124,12.9067],[77.41241,12.90671],[77.41241,12.90672],[77.41241,12.90673],[77.41242,12.90675],[77.41242,12.90676],[77.41242,12.90677],[77.41243,12.90677],[77.41246,12.90695],[77.41247,12.90696],[77.41247,12.90696],[77.41247,12.90697],[77.41247,12.90698],[77.41247,12.90699],[77.41247,12.90699],[77.41248,12.907],[77.41248,12.90701],[77.41248,12.90701],[77.41248,12.90702],[77.41248,12.90703],[77.41248,12.90704],[77.41248,12.90704],[77.41248,12.90705],[77.41248,12.90706],[77.41249,12.90706],[77.41249,12.90707],[77.41249,12.90708],[77.41249,12.90709],[77.41249,12.90709],[77.41249,12.9071],[77.41249,12.90711],[77.41249,12.90712],[77.41249,12.90712],[77.41249,12.90713],[77.41249,12.90714],[77.41249,12.90715],[77.41249,12.90715],[77.41249,12.90716],[77.41249,12.90717],[77.41249,12.90717],[77.41249,12.90718],[77.41249,12.90719],[77.41249,12.9072],[77.41249,12.9072],[77.41249,12.90721],[77.41249,12.90722],[77.41249,12.90723],[77.41249,12.90723],[77.41248,12.90724],[77.41248,12.90725],[77.41248,12.90725],[77.41248,12.90726],[77.41248,12.90727],[77.41248,12.90728],[77.41248,12.90729],[77.41248,12.9073],[77.41247,12.90731],[77.41247,12.90732],[77.41247,12.90733],[77.41247,12.90734],[77.41247,12.90735],[77.41246,12.90736],[77.41246,12.90737],[77.41246,12.90738],[77.41246,12.90739],[77.41245,12.9074],[77.41245,12.90741],[77.41245,12.90742],[77.41245,12.90742],[77.41232,12.9078],[77.41232,12.9078],[77.41231,12.90781],[77.41231,12.90783],[77.4123,12.90784],[77.4123,12.90785],[77.41229,12.90786],[77.41229,12.90788],[77.41228,12.90789],[77.41228,12.9079],[77.41227,12.90792],[77.41227,12.90793],[77.41226,12.90794],[77.41225,12.90795],[77.41225,12.90797],[77.41224,12.90798],[77.41224,12.90799],[77.41221,12.90806],[77.41221,12.90807],[77.4122,12.90808],[77.4122,12.9081],[77.4122,12.90811],[77.41219,12.90813],[77.41219,12.90814],[77.41219,12.90815],[77.41218,12.90817],[77.41218,12.90818],[77.41218,12.90819],[77.41217,12.90821],[77.41217,12.90822],[77.41217,12.90824],[77.41216,12.90825],[77.41216,12.90826],[77.41216,12.90828],[77.41216,12.90829],[77.41215,12.90831],[77.41215,12.90832],[77.41215,12.90833],[77.41215,12.90835],[77.41214,12.90836],[77.41214,12.90838],[77.41214,12.90839],[77.41214,12.9084],[77.41214,12.90842],[77.41213,12.90843],[77.41213,12.90845],[77.41213,12.90846],[77.41213,12.90847],[77.41213,12.90849],[77.41212,12.9085],[77.41212,12.90852],[77.41212,12.90853],[77.41212,12.90855],[77.41212,12.90856],[77.41211,12.90874],[77.41213,12.90875],[77.41213,12.90875],[77.41214,12.90875],[77.41215,12.90875],[77.41216,12.90875],[77.41217,12.90876],[77.41218,12.90876],[77.41218,12.90876],[77.41219,12.90876],[77.4122,12.90876],[77.41221,12.90876],[77.41222,12.90877],[77.41223,12.90877],[77.41224,12.90877],[77.41224,12.90877],[77.41225,12.90877],[77.41226,12.90877],[77.41227,12.90877],[77.41228,12.90877],[77.41228,12.90877],[77.41252,12.90862],[77.41277,12.90847],[77.41301,12.90832],[77.41326,12.90818],[77.41351,12.90805],[77.4137,12.90795],[77.4139,12.90786],[77.41409,12.90777],[77.41419,12.90775],[77.41428,12.90773],[77.41437,12.9077],[77.41446,12.90766],[77.41455,12.90762],[77.41462,12.90759],[77.41469,12.90755],[77.41475,12.90751],[77.4148,12.90748],[77.41485,12.90745],[77.4149,12.90743],[77.41496,12.90742]]]},"properties":{"shedId":"C05CAM34"}},{"type":"Feature","geometry":{"type":"Polygon","coordinates":[[[77.43242,12.90591],[77.43243,12.90591],[77.43244,12.90591],[77.43245,12.90591],[77.43246,12.90591],[77.43247,12.90591],[77.43249,12.90591],[77.4325,12.90591],[77.43251,12.90591],[77.43252,12.90591],[77.43253,12.90592],[77.43254,12.90592],[77.43255,12.90592],[77.43256,12.90592],[77.43257,12.90592],[77.43258,12.90592],[77.43259,12.90592],[77.4326,12.90592],[77.43261,12.90592],[77.43263,12.90592],[77.43264,12.90592],[77.43265,12.90593],[77.43266,12.90593],[77.43267,12.90593],[77.43268,12.90593],[77.43269,12.90593],[77.4327,12.90593],[77.43271,12.90593],[77.43272,12.90594],[77.43273,12.90594],[77.43274,12.90594],[77.43275,12.90594],[77.43276,12.90594],[77.43277,12.90595],[77.43278,12.90595],[77.4328,12.90595],[77.43281,12.90595],[77.43282,12.90596],[77.43283,12.90596],[77.43284,12.90596],[77.43285,12.90596],[77.43285,12.90596],[77.43286,12.90597],[77.43287,12.90597],[77.43288,12.90597],[77.43289,12.90597],[77.4329,12.90597],[77.43291,12.90597],[77.43292,12.90598],[77.43293,12.90598],[77.43293,12.90598],[77.43294,12.90598],[77.43295,12.90598],[77.43296,12.90598],[77.43297,12.90598],[77.43298,12.90598],[77.43299,12.90598],[77.433,12.90599],[77.43301,12.90599],[77.43301,12.90599],[77.43302,12.90599],[77.43303,12.90599],[77.43304,12.90599],[77.43305,12.90599],[77.43306,12.90599],[77.43307,12.90599],[77.43308,12.90599],[77.43309,12.90599],[77.4331,12.90599],[77.43311,12.90599],[77.43311,12.90599],[77.43312,12.90599],[77.43313,12.90599],[77.43314,12.90599],[77.43315,12.90599],[77.43316,12.90599],[77.43317,12.90599],[77.43318,12.90599],[77.43319,12.90599],[77.4332,12.90599],[77.4332,12.90598],[77.4332,12.90598],[77.43321,12.90598],[77.43321,12.90598],[77.43321,12.90598],[77.43321,12.90598],[77.43321,12.90598],[77.43322,12.90598],[77.43322,12.90598],[77.43322,12.90598],[77.43322,12.90598],[77.43322,12.90598],[77.43322,12.90598],[77.43323,12.90598],[77.43323,12.90598],[77.43323,12.90598],[77.43323,12.90598],[77.43324,12.90598],[77.43324,12.90598],[77.43324,12.90598],[77.43324,12.90598],[77.43324,12.90598],[77.43324,12.90598],[77.43325,12.90598],[77.43325,12.90598],[77.43325,12.90598],[77.43325,12.90598],[77.43325,12.90598],[77.43325,12.90599],[77.43326,12.90599],[77.43326,12.90599],[77.43326,12.90599],[77.43326,12.90599],[77.43327,12.90599],[77.43327,12.90599],[77.43327,12.90599],[77.43327,12.90599],[77.43327,12.90599],[77.43327,12.90599],[77.43328,12.90599],[77.43328,12.90599],[77.43328,12.90599],[77.43328,12.90599],[77.43328,12.90599],[77.43328,12.90599],[77.43329,12.90599],[77.43329,12.90598],[77.43329,12.90598],[77.43329,12.90598],[77.43329,12.90598],[77.4333,12.90598],[77.4333,12.90597],[77.4333,12.90597],[77.4333,12.90597],[77.43331,12.90597],[77.43331,12.90596],[77.43331,12.90596],[77.43331,12.90596],[77.43331,12.90596],[77.43331,12.90596],[77.4333,12.90596],[77.4333,12.90596],[77.4333,12.90596],[77.43329,12.90596],[77.43329,12.90596],[77.43328,12.90595],[77.43328,12.90595],[77.43328,12.90595],[77.43327,12.90595],[77.43327,12.90595],[77.43327,12.90595],[77.43326,12.90595],[77.43326,12.90595],[77.43326,12.90594],[77.43325,12.90594],[77.43325,12.90594],[77.43325,12.90594],[77.43324,12.90594],[77.43324,12.90594],[77.43324,12.90593],[77.43323,12.90593],[77.43323,12.90593],[77.43323,12.90593],[77.43322,12.90593],[77.43322,12.90592],[77.43322,12.90592],[77.43321,12.90592],[77.43321,12.90592],[77.43321,12.90591],[77.43321,12.90591],[77.4332,12.90591],[77.4332,12.90591],[77.4332,12.9059],[77.43302,12.90574],[77.43302,12.90574],[77.43302,12.90573],[77.43301,12.90573],[77.433,12.90572],[77.433,12.90571],[77.43299,12.90571],[77.43298,12.9057],[77.43298,12.9057],[77.43297,12.90569],[77.43296,12.90568],[77.43296,12.90568],[77.43295,12.90567],[77.43294,12.90567],[77.43294,12.90566],[77.43293,12.90565],[77.43293,12.90565],[77.43292,12.90564],[77.43291,12.90563],[77.43291,12.90563],[77.4329,12.90562],[77.43289,12.90561],[77.43289,12.90561],[77.43288,12.9056],[77.43288,12.9056],[77.43287,12.90559],[77.43287,12.90558],[77.43286,12.90557],[77.43286,12.90557],[77.43285,12.90556],[77.43284,12.90555],[77.43284,12.90555],[77.43283,12.90554],[77.43283,12.90553],[77.43282,12.90553],[77.43282,12.90552],[77.43281,12.90551],[77.43281,12.9055],[77.4328,12.9055],[77.4328,12.90549],[77.43279,12.90548],[77.43279,12.90547],[77.43278,12.90547],[77.43278,12.90546],[77.43277,12.90545],[77.43277,12.90545],[77.43277,12.90544],[77.43276,12.90543],[77.43276,12.90542],[77.43275,12.90541],[77.43275,12.90541],[77.43274,12.9054],[77.43274,12.90539],[77.43274,12.90538],[77.43273,12.90538],[77.43273,12.90537],[77.43273,12.90536],[77.43272,12.90535],[77.43272,12.90534],[77.43271,12.90534],[77.43271,12.90533],[77.43271,12.90532],[77.43256,12.905],[77.43256,12.905],[77.43256,12.90499],[77.43255,12.90498],[77.43255,12.90497],[77.43254,12.90496],[77.43254,12.90496],[77.43254,12.90495],[77.43253,12.90494],[77.43253,12.90493],[77.43252,12.90492],[77.43252,12.90491],[77.43251,12.9049],[77.43251,12.9049],[77.43251,12.90489],[77.4325,12.90488],[77.4325,12.90487],[77.43249,12.90486],[77.43249,12.90485],[77.43249,12.90484],[77.43248,12.90484],[77.43248,12.90483],[77.43248,12.90482],[77.43247,12.90481],[77.43247,12.9048],[77.43247,12.90479],[77.43246,12.90478],[77.43246,12.90477],[77.43246,12.90477],[77.43245,12.90476],[77.43245,12.90475],[77.43245,12.90474],[77.43244,12.90473],[77.43244,12.90472],[77.43244,12.90471],[77.43244,12.9047],[77.43243,12.90469],[77.43243,12.90468],[77.43243,12.90468],[77.43243,12.90467],[77.43242,12.90466],[77.43242,12.90465],[77.43242,12.90464],[77.43242,12.90463],[77.43242,12.90462],[77.43241,12.90461],[77.43241,12.9046],[77.43241,12.90459],[77.43241,12.90458],[77.43241,12.90457],[77.43241,12.90456],[77.4324,12.90456],[77.4324,12.90455],[77.4324,12.90454],[77.4324,12.90453],[77.4324,12.90452],[77.4324,12.90451],[77.4324,12.9045],[77.4324,12.90449],[77.43239,12.90448],[77.43239,12.90447],[77.43239,12.90446],[77.43239,12.90445],[77.43239,12.90444],[77.43239,12.90443],[77.43239,12.90442],[77.43239,12.90442],[77.43239,12.90441],[77.43239,12.9044],[77.43239,12.90439],[77.43239,12.90438],[77.43239,12.90438],[77.43239,12.90437],[77.43239,12.90437],[77.43239,12.90437],[77.43239,12.90437],[77.43239,12.90437],[77.43239,12.90436],[77.43239,12.90436],[77.43239,12.90436],[77.43239,12.90436],[77.43239,12.90436],[77.43239,12.90435],[77.43239,12.90435],[77.43239,12.90435],[77.43239,12.90435],[77.43239,12.90435],[77.43239,12.90435],[77.43239,12.90434],[77.43239,12.90434],[77.43239,12.90434],[77.43239,12.90434],[77.43239,12.90434],[77.43239,12.90433],[77.43239,12.90433],[77.43239,12.90433],[77.43239,12.90433],[77.43238,12.90433],[77.43238,12.90433],[77.43238,12.90432],[77.43238,12.90432],[77.43238,12.90432],[77.43238,12.90432],[77.43238,12.90432],[77.43238,12.90432],[77.43238,12.90431],[77.43238,12.90431],[77.43238,12.90431],[77.43238,12.90431],[77.43238,12.90431],[77.43238,12.90431],[77.43238,12.9043],[77.43238,12.9043],[77.43237,12.9043],[77.43237,12.9043],[77.43237,12.9043],[77.43237,12.9043],[77.43237,12.90429],[77.43237,12.90429],[77.43237,12.90429],[77.43237,12.90429],[77.43237,12.90429],[77.43237,12.90429],[77.43237,12.90428],[77.43237,12.90428],[77.43236,12.90428],[77.43236,12.90428],[77.43236,12.90428],[77.43236,12.90428],[77.43236,12.90428],[77.43236,12.90428],[77.43236,12.90427],[77.43236,12.90427],[77.43236,12.90427],[77.43236,12.90427],[77.43235,12.90427],[77.43235,12.90427],[77.43235,12.90426],[77.43235,12.90426],[77.43235,12.90426],[77.43235,12.90426],[77.43235,12.90426],[77.43235,12.90426],[77.43234,12.90426],[77.43234,12.90426],[77.43234,12.90425],[77.43234,12.90425],[77.43234,12.90425],[77.43234,12.90425],[77.43234,12.90425],[77.43234,12.90425],[77.43233,12.90425],[77.43233,12.90425],[77.43232,12.90411],[77.43222,12.90364],[77.43219,12.90358],[77.43213,12.90354],[77.43205,12.90351],[77.43203,12.90343],[77.43203,12.9033],[77.43192,12.90314],[77.43181,12.90311],[77.43164,12.90312],[77.4316,12.90317],[77.43132,12.90363],[77.43123,12.90371],[77.43116,12.90378],[77.43107,12.90391],[77.43099,12.90406],[77.43091,12.90418],[77.43074,12.90484],[77.4307,12.90504],[77.43066,12.90522],[77.4305,12.90585],[77.43048,12.90594],[77.43045,12.90606],[77.43043,12.90644],[77.43064,12.90644],[77.43097,12.90642],[77.43097,12.90642],[77.43155,12.90641],[77.43156,12.90641],[77.43156,12.90641],[77.43156,12.90641],[77.43157,12.90641],[77.43157,12.9064],[77.43157,12.9064],[77.43158,12.9064],[77.43158,12.9064],[77.43158,12.9064],[77.43159,12.9064],[77.43159,12.9064],[77.43159,12.9064],[77.4316,12.9064],[77.4316,12.90639],[77.4316,12.90639],[77.43161,12.90639],[77.43161,12.90639],[77.43161,12.90639],[77.43162,12.90639],[77.43162,12.90638],[77.43162,12.90638],[77.43163,12.90638],[77.43163,12.90638],[77.43163,12.90638],[77.43164,12.90638],[77.43164,12.90637],[77.43164,12.90637],[77.43164,12.90637],[77.43165,12.90637],[77.43165,12.90636],[77.43165,12.90636],[77.43165,12.90636],[77.43166,12.90636],[77.43166,12.90636],[77.43166,12.90635],[77.43167,12.90635],[77.43167,12.90635],[77.43167,12.90635],[77.43167,12.90634],[77.43168,12.90634],[77.43168,12.90634],[77.43168,12.90633],[77.43168,12.90633],[77.43168,12.90633],[77.43169,12.90633],[77.43169,12.90632],[77.43169,12.90632],[77.43169,12.90632],[77.43169,12.90631],[77.4317,12.90631],[77.4317,12.90631],[77.4317,12.90631],[77.4317,12.9063],[77.4317,12.9063],[77.4317,12.9063],[77.43171,12.9063],[77.43178,12.90619],[77.43178,12.90618],[77.43178,12.90618],[77.43179,12.90617],[77.43179,12.90617],[77.43179,12.90616],[77.4318,12.90616],[77.4318,12.90615],[77.43181,12.90615],[77.43181,12.90614],[77.43181,12.90614],[77.43182,12.90613],[77.43182,12.90613],[77.43183,12.90612],[77.43183,12.90612],[77.43183,12.90611],[77.43184,12.90611],[77.43184,12.90611],[77.43185,12.9061],[77.43185,12.9061],[77.43186,12.90609],[77.43186,12.90609],[77.43186,12.90608],[77.43187,12.90608],[77.43187,12.90608],[77.43188,12.90607],[77.43188,12.90607],[77.43189,12.90606],[77.43189,12.90606],[77.4319,12.90606],[77.4319,12.90605],[77.43191,12.90605],[77.43191,12.90605],[77.43192,12.90604],[77.43192,12.90604],[77.43193,12.90604],[77.43193,12.90603],[77.43194,12.90603],[77.43194,12.90603],[77.43195,12.90602],[77.43195,12.90602],[77.43196,12.90602],[77.43197,12.90602],[77.43197,12.90601],[77.43198,12.90601],[77.43198,12.90601],[77.43199,12.906],[77.43199,12.906],[77.432,12.906],[77.432,12.906],[77.43201,12.906],[77.43202,12.90599],[77.43202,12.90599],[77.43203,12.90599],[77.43203,12.90599],[77.43204,12.90598],[77.43205,12.90598],[77.43206,12.90598],[77.43207,12.90597],[77.43207,12.90597],[77.43208,12.90597],[77.43209,12.90597],[77.4321,12.90596],[77.43211,12.90596],[77.43212,12.90596],[77.43212,12.90596],[77.43213,12.90595],[77.43214,12.90595],[77.43215,12.90595],[77.43216,12.90595],[77.43217,12.90594],[77.43218,12.90594],[77.43218,12.90594],[77.43219,12.90594],[77.4322,12.90594],[77.43221,12.90593],[77.43222,12.90593],[77.43223,12.90593],[77.43223,12.90593],[77.43224,12.90593],[77.43225,12.90593],[77.43226,12.90593],[77.43227,12.90592],[77.43228,12.90592],[77.43228,12.90592],[77.43229,12.90592],[77.4323,12.90592],[77.4323,12.90592],[77.43231,12.90592],[77.43232,12.90592],[77.43234,12.90592],[77.43235,12.90592],[77.43236,12.90592],[77.43237,12.90592],[77.43238,12.90591],[77.43239,12.90591],[77.4324,12.90591],[77.43241,12.90591],[77.43242,12.90591]]]},"properties":{"shedId":"C05CAM34"}},{"type":"Feature","geometry":{"type":"Polygon","coordinates":[[[77.40355,12.90318],[77.4031,12.90316],[77.40305,12.90316],[77.40302,12.90318],[77.40301,12.9032],[77.40305,12.90342],[77.40306,12.90347],[77.40308,12.90352],[77.40308,12.90352],[77.40308,12.90353],[77.40308,12.90354],[77.40308,12.90354],[77.40308,12.90355],[77.40308,12.90356],[77.40308,12.90357],[77.40308,12.90357],[77.40308,12.90358],[77.40308,12.90358],[77.40308,12.90359],[77.40308,12.90359],[77.40308,12.9036],[77.40308,12.9036],[77.40308,12.9036],[77.40308,12.90361],[77.40308,12.90361],[77.40308,12.90362],[77.40308,12.90362],[77.40308,12.90363],[77.40308,12.90363],[77.40308,12.90363],[77.40308,12.90364],[77.40308,12.90364],[77.40309,12.90365],[77.40309,12.90365],[77.40309,12.90366],[77.40309,12.90366],[77.40309,12.90366],[77.40309,12.90367],[77.40309,12.90367],[77.40309,12.90368],[77.40309,12.90368],[77.4031,12.90369],[77.4031,12.90369],[77.4031,12.90369],[77.4031,12.9037],[77.4031,12.9037],[77.4031,12.90371],[77.40311,12.90371],[77.40311,12.90371],[77.40311,12.90372],[77.40311,12.90372],[77.40311,12.90373],[77.40312,12.90373],[77.40312,12.90373],[77.40312,12.90374],[77.40312,12.90374],[77.40312,12.90374],[77.40312,12.90375],[77.40313,12.90375],[77.40313,12.90375],[77.40313,12.90376],[77.40313,12.90376],[77.40313,12.90377],[77.40313,12.90377],[77.40313,12.90377],[77.40314,12.90378],[77.40314,12.90378],[77.40314,12.90379],[77.40314,12.90379],[77.40314,12.9038],[77.40314,12.9038],[77.40314,12.90381],[77.40314,12.90381],[77.40314,12.90382],[77.40314,12.90382],[77.40314,12.90383],[77.40314,12.90383],[77.40315,12.90383],[77.40315,12.90384],[77.40315,12.90384],[77.40315,12.90385],[77.40315,12.90385],[77.40315,12.90386],[77.40315,12.90386],[77.40315,12.90387],[77.40315,12.90387],[77.40314,12.90388],[77.40314,12.90388],[77.40314,12.90389],[77.40314,12.90389],[77.40314,12.9039],[77.40314,12.9039],[77.40314,12.90391],[77.40314,12.90391],[77.40314,12.90392],[77.40314,12.90392],[77.40314,12.90392],[77.40314,12.90393],[77.40313,12.90393],[77.40313,12.90394],[77.40313,12.90394],[77.40313,12.90395],[77.40313,12.90395],[77.40313,12.90396],[77.40313,12.90396],[77.40312,12.90397],[77.40312,12.90397],[77.40312,12.90397],[77.40312,12.90398],[77.40312,12.90398],[77.40311,12.90399],[77.40311,12.90399],[77.40311,12.904],[77.40311,12.904],[77.40311,12.904],[77.40311,12.90401],[77.4031,12.90401],[77.4031,12.90401],[77.4031,12.90402],[77.4031,12.90402],[77.4031,12.90402],[77.4031,12.90403],[77.4031,12.90403],[77.4031,12.90404],[77.40309,12.90404],[77.40309,12.90404],[77.40309,12.90405],[77.40309,12.90405],[77.40309,12.90406],[77.40309,12.90406],[77.40309,12.90406],[77.40309,12.90407],[77.40309,12.90407],[77.40309,12.90407],[77.40309,12.90408],[77.40309,12.90408],[77.40309,12.90409],[77.40309,12.90409],[77.40309,12.90409],[77.40309,12.9041],[77.40309,12.9041],[77.40309,12.90411],[77.40309,12.90411],[77.40309,12.90411],[77.40309,12.90412],[77.40309,12.90412],[77.40309,12.90413],[77.40309,12.90413],[77.40309,12.90413],[77.40309,12.90414],[77.40309,12.90414],[77.40309,12.90415],[77.40309,12.90415],[77.40309,12.90415],[77.4031,12.90416],[77.4031,12.90416],[77.4031,12.90416],[77.4031,12.90417],[77.4031,12.90417],[77.4031,12.90418],[77.4031,12.90418],[77.4031,12.90418],[77.40311,12.90419],[77.40311,12.90419],[77.40311,12.90419],[77.40311,12.9042],[77.40311,12.9042],[77.40311,12.9042],[77.40312,12.90421],[77.40312,12.90421],[77.40312,12.90421],[77.40312,12.90422],[77.40312,12.90422],[77.40313,12.90422],[77.40313,12.90423],[77.40313,12.90423],[77.40313,12.90423],[77.40313,12.90423],[77.40313,12.90424],[77.40313,12.90424],[77.40313,12.90425],[77.40314,12.90425],[77.40317,12.90428],[77.40329,12.90428],[77.4034,12.90429],[77.40351,12.9043],[77.40358,12.90431],[77.40364,12.90433],[77.4037,12.90435],[77.40376,12.90438],[77.40381,12.90442],[77.40386,12.90446],[77.40389,12.90448],[77.40397,12.9046],[77.40406,12.90472],[77.40414,12.90484],[77.40415,12.90485],[77.40416,12.90486],[77.40417,12.90486],[77.40419,12.90486],[77.4042,12.90486],[77.40422,12.90486],[77.40423,12.90486],[77.40424,12.90485],[77.40425,12.90484],[77.40426,12.90483],[77.4043,12.90472],[77.40433,12.90461],[77.40436,12.9045],[77.4044,12.90436],[77.40441,12.90428],[77.40444,12.90413],[77.40445,12.90398],[77.40448,12.90388],[77.4045,12.90378],[77.40451,12.90368],[77.40452,12.90358],[77.40452,12.90348],[77.40452,12.90337],[77.40452,12.90336],[77.40451,12.90335],[77.40449,12.9033],[77.40449,12.9033],[77.40447,12.90328],[77.40446,12.90327],[77.40444,12.90326],[77.40443,12.90326],[77.40441,12.90325],[77.40355,12.90318]]]},"properties":{"shedId":"C05CAM34"}},{"type":"Feature","geometry":{"type":"Polygon","coordinates":[[[77.42051,12.90616],[77.42054,12.90613],[77.42057,12.90611],[77.4206,12.90607],[77.42062,12.90604],[77.42064,12.906],[77.42064,12.90591],[77.42065,12.90582],[77.42064,12.90573],[77.42065,12.90568],[77.42067,12.90564],[77.42069,12.9056],[77.42072,12.90556],[77.42122,12.90515],[77.42118,12.90511],[77.42116,12.90507],[77.42113,12.90503],[77.42111,12.90499],[77.4211,12.90495],[77.42109,12.90492],[77.42108,12.90488],[77.42105,12.90491],[77.42105,12.90491],[77.42101,12.90494],[77.421,12.90495],[77.42094,12.90499],[77.42094,12.90499],[77.42085,12.90504],[77.42085,12.90504],[77.42077,12.90508],[77.42077,12.90508],[77.42068,12.90512],[77.42068,12.90512],[77.42061,12.90515],[77.4206,12.90515],[77.42059,12.90516],[77.42058,12.90516],[77.42057,12.90517],[77.42056,12.90517],[77.42054,12.90518],[77.42053,12.90518],[77.42052,12.90518],[77.42051,12.90519],[77.4205,12.90519],[77.42049,12.9052],[77.42048,12.9052],[77.42046,12.9052],[77.42045,12.90521],[77.42044,12.90521],[77.42043,12.90521],[77.42042,12.90522],[77.42041,12.90522],[77.4204,12.90522],[77.42038,12.90523],[77.42037,12.90523],[77.42036,12.90523],[77.42035,12.90524],[77.42034,12.90524],[77.42032,12.90524],[77.42031,12.90525],[77.4203,12.90525],[77.42029,12.90525],[77.42028,12.90525],[77.42027,12.90526],[77.42025,12.90526],[77.42024,12.90526],[77.42023,12.90526],[77.42022,12.90527],[77.42021,12.90527],[77.42019,12.90527],[77.42018,12.90527],[77.42017,12.90527],[77.42017,12.90527],[77.42013,12.90528],[77.42013,12.90528],[77.42013,12.90528],[77.42009,12.90527],[77.42009,12.90527],[77.42005,12.90527],[77.42004,12.90527],[77.42001,12.90526],[77.42001,12.90526],[77.42,12.90525],[77.41997,12.90524],[77.41997,12.90524],[77.41993,12.90522],[77.41993,12.90522],[77.4199,12.9052],[77.4199,12.9052],[77.4199,12.9052],[77.41988,12.90518],[77.41988,12.90518],[77.41983,12.90512],[77.41979,12.90509],[77.41977,12.90508],[77.41975,12.90507],[77.41972,12.90506],[77.4197,12.90506],[77.41967,12.90506],[77.41964,12.90507],[77.41954,12.9051],[77.41954,12.9051],[77.41951,12.90511],[77.41968,12.90542],[77.4197,12.90546],[77.41972,12.90551],[77.41972,12.90551],[77.41972,12.90551],[77.41973,12.90551],[77.41973,12.90551],[77.41973,12.90551],[77.41973,12.90551],[77.41974,12.90551],[77.41974,12.90551],[77.41974,12.90551],[77.41975,12.90551],[77.41975,12.90551],[77.41975,12.90551],[77.41975,12.90552],[77.41975,12.90552],[77.41975,12.90552],[77.41976,12.90552],[77.41976,12.90552],[77.41976,12.90552],[77.41976,12.90552],[77.41976,12.90552],[77.41976,12.90552],[77.41976,12.90552],[77.41977,12.90552],[77.41977,12.90552],[77.41977,12.90552],[77.41977,12.90552],[77.41977,12.90553],[77.41977,12.90553],[77.41978,12.90553],[77.41978,12.90553],[77.41978,12.90553],[77.41978,12.90553],[77.41978,12.90553],[77.41978,12.90553],[77.41979,12.90553],[77.41979,12.90553],[77.41979,12.90554],[77.41979,12.90554],[77.41979,12.90554],[77.41979,12.90554],[77.41979,12.90554],[77.4198,12.90554],[77.4198,12.90554],[77.4198,12.90555],[77.4198,12.90555],[77.4198,12.90555],[77.4198,12.90555],[77.4198,12.90555],[77.4198,12.90555],[77.41981,12.90555],[77.41981,12.90555],[77.41981,12.90556],[77.41981,12.90556],[77.41981,12.90556],[77.41981,12.90556],[77.41981,12.90556],[77.41982,12.90556],[77.41982,12.90556],[77.41982,12.90557],[77.41982,12.90557],[77.41982,12.90557],[77.41982,12.90557],[77.41982,12.90557],[77.41983,12.90558],[77.41983,12.90558],[77.41983,12.90559],[77.41983,12.9056],[77.41984,12.9056],[77.41984,12.90561],[77.41984,12.90562],[77.41985,12.90563],[77.41985,12.90563],[77.41985,12.90564],[77.41985,12.90565],[77.41986,12.90565],[77.41986,12.90566],[77.41986,12.90567],[77.41986,12.90567],[77.41987,12.90568],[77.41987,12.90569],[77.41987,12.9057],[77.41987,12.9057],[77.41988,12.90571],[77.41988,12.90572],[77.41988,12.90572],[77.41988,12.90573],[77.41988,12.90574],[77.41988,12.90575],[77.41989,12.90575],[77.41989,12.90576],[77.41989,12.90577],[77.41989,12.90578],[77.41989,12.90578],[77.41989,12.90579],[77.41989,12.9058],[77.4199,12.90581],[77.4199,12.90581],[77.4199,12.90582],[77.4199,12.90583],[77.4199,12.90583],[77.4199,12.90584],[77.4199,12.90585],[77.4199,12.90586],[77.4199,12.90586],[77.4199,12.90587],[77.4199,12.90587],[77.4199,12.90588],[77.4199,12.90589],[77.4199,12.9059],[77.41991,12.90591],[77.41991,12.90592],[77.41991,12.90593],[77.41991,12.90593],[77.41991,12.90594],[77.41991,12.90595],[77.41991,12.90596],[77.41991,12.90597],[77.41991,12.90598],[77.41992,12.90599],[77.41992,12.90599],[77.41992,12.906],[77.41992,12.90601],[77.41992,12.90602],[77.41992,12.90603],[77.41993,12.90604],[77.41993,12.90605],[77.41993,12.90605],[77.41993,12.90606],[77.41994,12.90607],[77.41994,12.90608],[77.41994,12.90609],[77.41994,12.9061],[77.41994,12.9061],[77.41995,12.90611],[77.41995,12.90611],[77.41996,12.90617],[77.42001,12.90616],[77.42007,12.90616],[77.42013,12.90617],[77.42018,12.90617],[77.42021,12.90618],[77.42025,12.90619],[77.4203,12.9062],[77.42035,12.90619],[77.42041,12.90619],[77.42046,12.90618],[77.42051,12.90616]]]},"properties":{"shedId":"C05CAM34"}},{"type":"Feature","geometry":{"type":"Polygon","coordinates":[[[77.40074,12.90847],[77.4007,12.90803],[77.40043,12.90813],[77.39996,12.90832],[77.4,12.90864],[77.40006,12.90921],[77.40008,12.90926],[77.40011,12.90931],[77.40014,12.90936],[77.40018,12.9094],[77.40022,12.90944],[77.40028,12.90951],[77.40034,12.90958],[77.40039,12.90966],[77.40044,12.90974],[77.40046,12.90976],[77.40049,12.90977],[77.40052,12.90979],[77.40055,12.90979],[77.40058,12.90979],[77.40064,12.90979],[77.4007,12.90978],[77.40076,12.90976],[77.40082,12.90974],[77.40082,12.90974],[77.40082,12.90973],[77.40082,12.90973],[77.40082,12.90973],[77.40082,12.90972],[77.40082,12.90972],[77.40082,12.90972],[77.40082,12.90971],[77.40082,12.90937],[77.40079,12.90898],[77.40074,12.90847]]]},"properties":{"shedId":"C05CAM34"}},{"type":"Feature","geometry":{"type":"Polygon","coordinates":[[[77.43455,12.9166],[77.43451,12.91605],[77.43454,12.91573],[77.43456,12.91567],[77.43485,12.91539],[77.43516,12.91525],[77.43543,12.91518],[77.43564,12.91509],[77.43586,12.91498],[77.4359,12.91492],[77.4359,12.91478],[77.43591,12.9142],[77.43593,12.91403],[77.43598,12.91398],[77.43603,12.91394],[77.43613,12.9139],[77.43623,12.91386],[77.43631,12.91382],[77.43632,12.91313],[77.43634,12.91296],[77.43636,12.91289],[77.4364,12.91285],[77.43645,12.91281],[77.43667,12.91273],[77.43671,12.9127],[77.43676,12.91268],[77.43681,12.91266],[77.43686,12.91261],[77.43691,12.91257],[77.43695,12.91252],[77.43695,12.91252],[77.43706,12.9125],[77.43734,12.91242],[77.43734,12.91241],[77.43734,12.91241],[77.43733,12.91241],[77.43733,12.9124],[77.43733,12.9124],[77.43733,12.9124],[77.43732,12.9124],[77.43732,12.91239],[77.43732,12.91239],[77.43732,12.91239],[77.43731,12.91239],[77.43731,12.91238],[77.43731,12.91238],[77.4373,12.91238],[77.4373,12.91238],[77.4373,12.91237],[77.4373,12.91237],[77.43729,12.91237],[77.43729,12.91237],[77.43729,12.91236],[77.43728,12.91236],[77.43728,12.91236],[77.43728,12.91236],[77.43727,12.91236],[77.43727,12.91236],[77.43726,12.91235],[77.43726,12.91235],[77.43725,12.91235],[77.43725,12.91235],[77.43724,12.91235],[77.43724,12.91235],[77.43723,12.91234],[77.43722,12.91234],[77.43722,12.91234],[77.43722,12.91234],[77.43721,12.91233],[77.43721,12.91233],[77.4372,12.91233],[77.4372,12.91233],[77.43719,12.91233],[77.43719,12.91232],[77.43718,12.91232],[77.43718,12.91232],[77.43717,12.91231],[77.43717,12.91231],[77.43716,12.91231],[77.43716,12.91231],[77.43715,12.9123],[77.43715,12.9123],[77.43715,12.9123],[77.43714,12.91229],[77.43714,12.91229],[77.43713,12.91229],[77.43713,12.91228],[77.43712,12.91228],[77.43712,12.91227],[77.43712,12.91227],[77.43711,12.91227],[77.43711,12.91226],[77.43711,12.91226],[77.4371,12.91226],[77.4371,12.91225],[77.43709,12.91225],[77.43709,12.91224],[77.43709,12.91224],[77.43708,12.91224],[77.43708,12.91223],[77.43708,12.91223],[77.43704,12.91215],[77.43704,12.91215],[77.43688,12.91175],[77.43688,12.91175],[77.43674,12.91134],[77.43649,12.91066],[77.43649,12.91066],[77.43632,12.91016],[77.43618,12.90981],[77.43602,12.90946],[77.43602,12.90946],[77.43602,12.90946],[77.43602,12.90945],[77.43602,12.90945],[77.43601,12.90945],[77.43601,12.90945],[77.43601,12.90944],[77.43601,12.90944],[77.43601,12.90944],[77.43601,12.90944],[77.436,12.90944],[77.436,12.90943],[77.436,12.90943],[77.436,12.90943],[77.436,12.90943],[77.43599,12.90943],[77.43599,12.90942],[77.43599,12.90942],[77.43599,12.90942],[77.43599,12.90942],[77.43598,12.90942],[77.43598,12.90942],[77.43598,12.90941],[77.43598,12.90941],[77.43598,12.90941],[77.43597,12.90941],[77.43597,12.90941],[77.43597,12.90941],[77.43597,12.90941],[77.43596,12.90941],[77.43596,12.9094],[77.43596,12.9094],[77.43596,12.9094],[77.43595,12.9094],[77.43595,12.9094],[77.43595,12.9094],[77.43594,12.9094],[77.43594,12.9094],[77.43594,12.9094],[77.43593,12.9094],[77.43593,12.90939],[77.43593,12.90939],[77.43593,12.90939],[77.43592,12.90939],[77.43592,12.90939],[77.43592,12.90939],[77.43591,12.90939],[77.43591,12.90939],[77.43591,12.90939],[77.4359,12.90939],[77.4359,12.90939],[77.4359,12.90939],[77.4359,12.90939],[77.43589,12.90939],[77.43589,12.90939],[77.43589,12.90939],[77.43588,12.90939],[77.43588,12.90939],[77.43588,12.90939],[77.43587,12.90939],[77.43587,12.90939],[77.43587,12.90939],[77.43586,12.90939],[77.43586,12.90939],[77.43586,12.90939],[77.43586,12.9094],[77.43585,12.9094],[77.43585,12.9094],[77.43585,12.9094],[77.43562,12.9095],[77.43561,12.9095],[77.43561,12.90951],[77.43561,12.90951],[77.4356,12.90951],[77.4356,12.90951],[77.43559,12.90951],[77.43559,12.90951],[77.43558,12.90952],[77.43558,12.90952],[77.43557,12.90952],[77.43557,12.90952],[77.43556,12.90952],[77.43556,12.90952],[77.43555,12.90952],[77.43555,12.90953],[77.43554,12.90953],[77.43554,12.90953],[77.43553,12.90953],[77.43553,12.90953],[77.43552,12.90953],[77.43552,12.90953],[77.43552,12.90953],[77.43551,12.90953],[77.43551,12.90953],[77.4355,12.90953],[77.4355,12.90953],[77.43549,12.90953],[77.43549,12.90953],[77.43549,12.90953],[77.43548,12.90953],[77.43548,12.90953],[77.43547,12.90953],[77.43547,12.90953],[77.43546,12.90953],[77.43546,12.90953],[77.43545,12.90953],[77.43545,12.90953],[77.43544,12.90953],[77.43544,12.90953],[77.43543,12.90953],[77.43543,12.90953],[77.43542,12.90953],[77.43542,12.90952],[77.43541,12.90952],[77.43541,12.90952],[77.4354,12.90952],[77.4354,12.90952],[77.43539,12.90952],[77.43539,12.90952],[77.43539,12.90952],[77.43538,12.90952],[77.43538,12.90951],[77.43537,12.90951],[77.43537,12.90951],[77.43537,12.90951],[77.43536,12.90951],[77.43536,12.9095],[77.43535,12.9095],[77.43535,12.9095],[77.43529,12.90947],[77.43529,12.90947],[77.43499,12.90928],[77.43499,12.90928],[77.43498,12.90928],[77.43498,12.90928],[77.43497,12.90927],[77.43496,12.90927],[77.43496,12.90927],[77.43495,12.90926],[77.43495,12.90926],[77.43494,12.90926],[77.43494,12.90926],[77.43493,12.90925],[77.43493,12.90925],[77.43492,12.90925],[77.43492,12.90924],[77.43491,12.90924],[77.43491,12.90924],[77.4349,12.90923],[77.4349,12.90923],[77.4349,12.90923],[77.43489,12.90922],[77.43489,12.90922],[77.43488,12.90922],[77.43488,12.90921],[77.43487,12.90921],[77.43487,12.9092],[77.43486,12.9092],[77.43486,12.9092],[77.43486,12.90919],[77.43485,12.90919],[77.43485,12.90918],[77.43484,12.90918],[77.43484,12.90918],[77.43484,12.90917],[77.43483,12.90917],[77.43483,12.90916],[77.43482,12.90916],[77.43482,12.90915],[77.43482,12.90915],[77.43481,12.90915],[77.43481,12.90914],[77.43481,12.90914],[77.4348,12.90913],[77.4348,12.90913],[77.4348,12.90912],[77.43479,12.90912],[77.43479,12.90911],[77.43479,12.90911],[77.43478,12.9091],[77.43478,12.9091],[77.43478,12.90909],[77.43478,12.90909],[77.43477,12.90908],[77.43477,12.90908],[77.43477,12.90907],[77.43472,12.90898],[77.43463,12.90903],[77.43466,12.90912],[77.43474,12.90922],[77.43479,12.90928],[77.43484,12.90935],[77.43482,12.90948],[77.43476,12.90958],[77.43465,12.90964],[77.43457,12.90964],[77.43446,12.90953],[77.4344,12.90943],[77.43436,12.90938],[77.4343,12.90935],[77.43412,12.90942],[77.43404,12.90937],[77.43396,12.90931],[77.43389,12.90926],[77.43382,12.90919],[77.43375,12.90912],[77.43369,12.90905],[77.43363,12.90898],[77.43357,12.90888],[77.43354,12.90884],[77.43352,12.9088],[77.43349,12.90877],[77.43345,12.90875],[77.43342,12.90872],[77.43338,12.90871],[77.43334,12.90869],[77.43332,12.90869],[77.4333,12.90869],[77.43327,12.90869],[77.43325,12.9087],[77.43323,12.9087],[77.43321,12.90871],[77.43319,12.90872],[77.43317,12.90874],[77.43314,12.90876],[77.43312,12.9088],[77.4331,12.90883],[77.43309,12.90889],[77.43308,12.90895],[77.43306,12.90904],[77.43306,12.90912],[77.43306,12.90921],[77.43306,12.9093],[77.43307,12.90939],[77.43309,12.90945],[77.4331,12.90952],[77.43312,12.90958],[77.43314,12.90968],[77.43321,12.90988],[77.43332,12.91017],[77.43338,12.91039],[77.43339,12.91047],[77.4334,12.91054],[77.43341,12.91061],[77.43341,12.9107],[77.43341,12.91079],[77.4334,12.91088],[77.43339,12.91097],[77.43337,12.91105],[77.43334,12.91114],[77.43331,12.91122],[77.43327,12.9113],[77.43322,12.91138],[77.43318,12.91146],[77.43312,12.91153],[77.43311,12.91155],[77.433,12.91165],[77.43289,12.91174],[77.43277,12.91183],[77.43264,12.91193],[77.4325,12.91201],[77.43236,12.91209],[77.43227,12.91215],[77.43214,12.91224],[77.43203,12.91233],[77.4319,12.91246],[77.43165,12.91277],[77.43132,12.91324],[77.43103,12.91361],[77.43091,12.9138],[77.43057,12.91425],[77.43052,12.91436],[77.4305,12.91444],[77.4305,12.91448],[77.43052,12.91453],[77.43056,12.91457],[77.43061,12.91461],[77.43068,12.91464],[77.4308,12.91463],[77.43097,12.91463],[77.43148,12.9147],[77.43162,12.91472],[77.43181,12.91476],[77.43191,12.9148],[77.43207,12.91486],[77.43218,12.91492],[77.43226,12.91498],[77.43233,12.91505],[77.4324,12.91514],[77.43248,12.91524],[77.43257,12.91535],[77.43263,12.91548],[77.43266,12.91555],[77.43271,12.91565],[77.43276,12.91582],[77.4328,12.91591],[77.43283,12.91603],[77.43289,12.91615],[77.43294,12.91619],[77.43299,12.91621],[77.43304,12.91623],[77.43312,12.91624],[77.43322,12.91624],[77.43334,12.91625],[77.43344,12.91625],[77.43354,12.91624],[77.43365,12.91621],[77.43373,12.91618],[77.43376,12.91613],[77.43377,12.9161],[77.43399,12.91613],[77.43405,12.91612],[77.43409,12.91617],[77.43412,12.91628],[77.43418,12.91639],[77.43448,12.91642],[77.43451,12.9166],[77.43455,12.9166]]]},"properties":{"shedId":"C05CAM34"}},{"type":"Feature","geometry":{"type":"Polygon","coordinates":[[[77.42746,12.90881],[77.4268,12.90902],[77.42689,12.90913],[77.42689,12.90913],[77.4269,12.90914],[77.4269,12.90915],[77.42691,12.90916],[77.42691,12.90917],[77.42692,12.90918],[77.42693,12.90919],[77.42693,12.9092],[77.42694,12.90921],[77.42694,12.90922],[77.42695,12.90923],[77.42695,12.90924],[77.42696,12.90924],[77.42696,12.90925],[77.42697,12.90926],[77.42697,12.90927],[77.42698,12.90928],[77.42698,12.90929],[77.42699,12.9093],[77.42699,12.90931],[77.427,12.90932],[77.427,12.90933],[77.42701,12.90934],[77.42701,12.90935],[77.42702,12.90936],[77.42702,12.90937],[77.42703,12.90938],[77.42703,12.90939],[77.42703,12.9094],[77.42704,12.90941],[77.42704,12.90942],[77.42705,12.90943],[77.42705,12.90944],[77.42705,12.90945],[77.42706,12.90946],[77.42706,12.90947],[77.42706,12.90948],[77.42707,12.90949],[77.42707,12.9095],[77.42708,12.90951],[77.42708,12.90952],[77.42708,12.90953],[77.42709,12.90954],[77.42709,12.90955],[77.42714,12.90968],[77.42721,12.90985],[77.42732,12.91008],[77.42732,12.91008],[77.42739,12.91024],[77.4274,12.91025],[77.4274,12.91026],[77.4274,12.91026],[77.42741,12.91027],[77.42741,12.91028],[77.42741,12.91029],[77.42742,12.91029],[77.42742,12.9103],[77.42742,12.91031],[77.42742,12.91032],[77.42743,12.91032],[77.42743,12.91033],[77.42743,12.91034],[77.42743,12.91035],[77.42744,12.91036],[77.42744,12.91036],[77.42744,12.91037],[77.42744,12.91038],[77.42744,12.91039],[77.42745,12.91039],[77.42745,12.9104],[77.42745,12.91041],[77.42745,12.91042],[77.42745,12.91043],[77.42746,12.91043],[77.42746,12.91044],[77.42746,12.91045],[77.42746,12.91045],[77.42753,12.91051],[77.4276,12.91056],[77.42763,12.91058],[77.42767,12.91059],[77.42771,12.91059],[77.42774,12.91059],[77.42777,12.91059],[77.4278,12.91057],[77.42783,12.91056],[77.42788,12.91052],[77.42792,12.91048],[77.42797,12.91044],[77.42807,12.91038],[77.42816,12.9103],[77.42826,12.91023],[77.42834,12.91015],[77.42842,12.91007],[77.4285,12.90999],[77.42851,12.90997],[77.42852,12.90995],[77.42853,12.90992],[77.42853,12.9099],[77.42853,12.90987],[77.42852,12.90985],[77.42851,12.90983],[77.42849,12.9098],[77.42848,12.90979],[77.42845,12.90977],[77.42832,12.9097],[77.4282,12.90961],[77.42812,12.90951],[77.42804,12.90941],[77.42797,12.90931],[77.4279,12.9092],[77.42784,12.90909],[77.42779,12.90899],[77.42778,12.90896],[77.42776,12.90894],[77.42773,12.90891],[77.4277,12.90888],[77.42767,12.90886],[77.42763,12.90884],[77.42759,12.90882],[77.42755,12.90881],[77.42751,12.90881],[77.42746,12.90881]]]},"properties":{"shedId":"C05CAM34"}},{"type":"Feature","geometry":{"type":"Polygon","coordinates":[[[77.40888,12.91113],[77.40883,12.91104],[77.40879,12.91095],[77.40876,12.91086],[77.40873,12.91077],[77.40871,12.91067],[77.40869,12.91057],[77.40868,12.91048],[77.40868,12.91039],[77.40867,12.91031],[77.40866,12.91023],[77.40865,12.91021],[77.40863,12.91019],[77.40862,12.91018],[77.4086,12.91017],[77.40858,12.91016],[77.40856,12.91015],[77.40853,12.91015],[77.40851,12.91015],[77.4085,12.91015],[77.40848,12.91015],[77.40836,12.91017],[77.40824,12.91019],[77.40812,12.91021],[77.408,12.91024],[77.40793,12.91027],[77.40785,12.91029],[77.40778,12.91031],[77.4077,12.91032],[77.40762,12.91033],[77.40754,12.91033],[77.40747,12.91033],[77.40739,12.91033],[77.40732,12.91031],[77.40725,12.91029],[77.40717,12.91029],[77.4071,12.91029],[77.40703,12.91029],[77.40696,12.9103],[77.40689,12.91032],[77.40684,12.91033],[77.40679,12.91035],[77.40675,12.91037],[77.40671,12.9104],[77.40667,12.91044],[77.40664,12.91047],[77.40661,12.91052],[77.40659,12.91056],[77.40658,12.91061],[77.40657,12.91067],[77.40656,12.91073],[77.40656,12.91079],[77.40657,12.91085],[77.40658,12.91091],[77.40658,12.91091],[77.40658,12.91091],[77.4066,12.91092],[77.40661,12.91093],[77.40663,12.91095],[77.40665,12.91097],[77.40667,12.91099],[77.40668,12.91101],[77.40669,12.91103],[77.40669,12.91106],[77.40669,12.91108],[77.40668,12.91111],[77.40667,12.91113],[77.40666,12.91117],[77.40665,12.91121],[77.40665,12.91125],[77.40666,12.91128],[77.40666,12.91132],[77.40668,12.91136],[77.40668,12.91136],[77.40668,12.91138],[77.40669,12.91143],[77.4067,12.91148],[77.4067,12.91153],[77.4067,12.91162],[77.40671,12.91171],[77.40672,12.9118],[77.40674,12.91188],[77.40676,12.91195],[77.40678,12.91201],[77.40679,12.91202],[77.40681,12.91208],[77.40684,12.91214],[77.40686,12.91213],[77.40687,12.91213],[77.40689,12.91212],[77.40689,12.91212],[77.40689,12.91212],[77.40696,12.9121],[77.40696,12.9121],[77.40702,12.91208],[77.40702,12.91208],[77.40722,12.91204],[77.40741,12.91199],[77.40741,12.91199],[77.40747,12.91198],[77.40747,12.91198],[77.40755,12.91197],[77.40755,12.91197],[77.40757,12.91197],[77.40757,12.91197],[77.40757,12.91197],[77.40759,12.91197],[77.40759,12.91197],[77.40759,12.91197],[77.40761,12.91198],[77.40761,12.91198],[77.40761,12.91198],[77.40763,12.91198],[77.40763,12.91198],[77.40763,12.91198],[77.40764,12.91199],[77.40764,12.91199],[77.40764,12.912],[77.40766,12.91201],[77.40766,12.91201],[77.40766,12.91201],[77.40767,12.91203],[77.40767,12.91203],[77.40769,12.91206],[77.40772,12.9121],[77.40777,12.91216],[77.40781,12.91221],[77.40788,12.91227],[77.40788,12.91227],[77.4079,12.9123],[77.4079,12.9123],[77.40796,12.91236],[77.408,12.91241],[77.40804,12.91245],[77.40808,12.91249],[77.40811,12.91251],[77.40814,12.91253],[77.40818,12.91255],[77.40831,12.91262],[77.40831,12.91262],[77.40831,12.91262],[77.40842,12.91269],[77.40842,12.91269],[77.40853,12.91276],[77.40853,12.91277],[77.40866,12.91287],[77.40873,12.91292],[77.40887,12.91302],[77.40883,12.91287],[77.40883,12.91287],[77.40883,12.91287],[77.40883,12.91287],[77.40883,12.91287],[77.40883,12.91287],[77.40883,12.91286],[77.40883,12.91286],[77.40883,12.91286],[77.40883,12.91286],[77.40883,12.91286],[77.40883,12.91286],[77.40883,12.91286],[77.40883,12.91285],[77.40883,12.91285],[77.40883,12.91285],[77.40883,12.91285],[77.40883,12.91285],[77.40883,12.91285],[77.40883,12.91285],[77.40883,12.91284],[77.40883,12.91284],[77.40883,12.91284],[77.40883,12.91284],[77.40883,12.91284],[77.40883,12.91284],[77.40883,12.91284],[77.40883,12.91283],[77.40883,12.91283],[77.40883,12.91283],[77.40883,12.91283],[77.40884,12.91283],[77.40884,12.91283],[77.40884,12.91283],[77.40884,12.91282],[77.40884,12.91282],[77.40884,12.91282],[77.40884,12.91282],[77.40884,12.91282],[77.40884,12.91282],[77.40884,12.91282],[77.40884,12.91281],[77.40884,12.91281],[77.40884,12.91281],[77.40884,12.91281],[77.40884,12.91281],[77.40884,12.91281],[77.40884,12.91281],[77.40884,12.91281],[77.40884,12.9128],[77.40885,12.9128],[77.40885,12.9128],[77.40885,12.9128],[77.40885,12.9128],[77.40885,12.9128],[77.40885,12.9128],[77.40885,12.9128],[77.40885,12.91279],[77.40885,12.91279],[77.40885,12.91279],[77.40885,12.91279],[77.40885,12.91279],[77.40886,12.91279],[77.40886,12.91279],[77.40886,12.91279],[77.40886,12.91279],[77.40886,12.91279],[77.40886,12.91278],[77.40886,12.91278],[77.40886,12.91278],[77.40886,12.91278],[77.40887,12.91278],[77.40887,12.91278],[77.40887,12.91278],[77.40887,12.91278],[77.40887,12.91278],[77.40887,12.91278],[77.40887,12.91277],[77.40887,12.91277],[77.40887,12.91277],[77.40887,12.91277],[77.40888,12.91277],[77.40888,12.91277],[77.40888,12.91277],[77.40888,12.91277],[77.40888,12.91277],[77.40888,12.91277],[77.40888,12.91277],[77.40888,12.91277],[77.40889,12.91277],[77.40889,12.91277],[77.40889,12.91276],[77.40889,12.91276],[77.40889,12.91276],[77.40889,12.91276],[77.40889,12.91276],[77.4089,12.91276],[77.4089,12.91276],[77.4089,12.91276],[77.4089,12.91276],[77.4089,12.91276],[77.4089,12.91276],[77.4089,12.91276],[77.40891,12.91276],[77.40892,12.91276],[77.40893,12.91275],[77.40894,12.91275],[77.40895,12.91274],[77.40896,12.91274],[77.40897,12.91273],[77.40898,12.91273],[77.40899,12.91273],[77.40901,12.91272],[77.40902,12.91272],[77.40903,12.91271],[77.40904,12.91271],[77.40905,12.9127],[77.40906,12.9127],[77.40907,12.91269],[77.40908,12.91269],[77.40909,12.91268],[77.4091,12.91268],[77.40911,12.91267],[77.40913,12.91267],[77.40914,12.91266],[77.40915,12.91266],[77.40916,12.91265],[77.40917,12.91264],[77.40918,12.91264],[77.40919,12.91263],[77.4092,12.91263],[77.40921,12.91262],[77.40922,12.91262],[77.40923,12.91261],[77.40924,12.9126],[77.40925,12.9126],[77.40926,12.91259],[77.40927,12.91259],[77.40928,12.91258],[77.40929,12.91257],[77.4093,12.91257],[77.40931,12.91256],[77.40932,12.91255],[77.40933,12.91255],[77.40934,12.91254],[77.40935,12.91253],[77.40936,12.91253],[77.40937,12.91252],[77.40938,12.91251],[77.40939,12.91251],[77.4094,12.9125],[77.40941,12.91249],[77.40952,12.91241],[77.40957,12.91235],[77.40957,12.91235],[77.40958,12.91234],[77.40958,12.91234],[77.40958,12.91233],[77.40958,12.91233],[77.40958,12.91227],[77.40957,12.91221],[77.40955,12.91215],[77.40953,12.91209],[77.4095,12.91203],[77.40946,12.91198],[77.40931,12.91177],[77.40916,12.91156],[77.40902,12.91135],[77.40888,12.91113]]]},"properties":{"shedId":"C05CAM34"}},{"type":"Feature","geometry":{"type":"Polygon","coordinates":[[[77.41887,12.91598],[77.41887,12.91598],[77.41888,12.91598],[77.41888,12.91598],[77.41888,12.91598],[77.41889,12.91598],[77.41889,12.91598],[77.4189,12.91598],[77.4189,12.91598],[77.41891,12.91598],[77.41891,12.91599],[77.41892,12.91599],[77.41892,12.91599],[77.41892,12.91599],[77.41893,12.91599],[77.41893,12.91599],[77.41894,12.91599],[77.41894,12.91599],[77.41894,12.91599],[77.41895,12.91599],[77.41895,12.916],[77.41896,12.916],[77.41896,12.916],[77.41897,12.916],[77.41897,12.916],[77.41898,12.91598],[77.41899,12.91597],[77.41901,12.91594],[77.41903,12.91591],[77.41904,12.91588],[77.41904,12.91586],[77.41904,12.91584],[77.41904,12.91582],[77.41903,12.9158],[77.41902,12.91579],[77.41901,12.91577],[77.41899,12.91574],[77.41897,12.91571],[77.41895,12.91569],[77.41892,12.91567],[77.41889,12.91565],[77.41887,12.91565],[77.41885,12.91564],[77.41883,12.91564],[77.4188,12.91564],[77.41874,12.91563],[77.41869,12.91562],[77.41864,12.91559],[77.41859,12.91557],[77.41855,12.91554],[77.41851,12.9155],[77.41848,12.91546],[77.4183,12.91525],[77.41813,12.91504],[77.41812,12.91503],[77.4181,12.91502],[77.41807,12.91502],[77.41805,12.91502],[77.41803,12.91502],[77.41801,12.91502],[77.41793,12.91505],[77.41784,12.91507],[77.41776,12.91508],[77.41767,12.91509],[77.41758,12.91509],[77.41744,12.91506],[77.41744,12.91506],[77.41744,12.91506],[77.41744,12.91506],[77.41744,12.91507],[77.41743,12.91507],[77.41743,12.91507],[77.41743,12.91507],[77.41743,12.91507],[77.41743,12.91507],[77.41743,12.91507],[77.41743,12.91508],[77.41743,12.91508],[77.41743,12.91508],[77.41743,12.91508],[77.41743,12.91508],[77.41743,12.91508],[77.41743,12.91509],[77.41743,12.91509],[77.41742,12.91509],[77.41742,12.91509],[77.41742,12.91509],[77.41742,12.91509],[77.41742,12.91509],[77.41742,12.91509],[77.41742,12.9151],[77.41742,12.9151],[77.41742,12.9151],[77.41742,12.9151],[77.41742,12.9151],[77.41742,12.9151],[77.41741,12.9151],[77.41741,12.9151],[77.41741,12.91511],[77.41741,12.91511],[77.41741,12.91511],[77.41741,12.91511],[77.41741,12.91511],[77.41741,12.91511],[77.4174,12.91511],[77.4174,12.91511],[77.4174,12.91511],[77.4174,12.91511],[77.4174,12.91512],[77.4174,12.91512],[77.4174,12.91512],[77.4174,12.91512],[77.41739,12.91512],[77.41739,12.91512],[77.41739,12.91512],[77.41739,12.91512],[77.41739,12.91512],[77.41739,12.91513],[77.41739,12.91513],[77.4171,12.91525],[77.41684,12.9154],[77.41684,12.9154],[77.41684,12.9154],[77.41683,12.9154],[77.41682,12.9154],[77.41682,12.91541],[77.41681,12.91541],[77.41681,12.91541],[77.41693,12.91552],[77.4171,12.91565],[77.4171,12.91565],[77.41711,12.91566],[77.41712,12.91566],[77.41712,12.91567],[77.41713,12.91567],[77.41713,12.91567],[77.41714,12.91568],[77.41715,12.91568],[77.41715,12.91569],[77.41716,12.91569],[77.41716,12.9157],[77.41717,12.9157],[77.41717,12.91571],[77.41718,12.91571],[77.41718,12.91572],[77.41719,12.91572],[77.4172,12.91573],[77.4172,12.91573],[77.41721,12.91574],[77.41721,12.91574],[77.41722,12.91575],[77.41722,12.91575],[77.41723,12.91576],[77.41723,12.91576],[77.41724,12.91577],[77.41724,12.91578],[77.41725,12.91578],[77.41725,12.91579],[77.41726,12.91579],[77.41726,12.9158],[77.41727,12.9158],[77.41727,12.91581],[77.41745,12.91603],[77.41745,12.91603],[77.41745,12.91603],[77.41746,12.91604],[77.41746,12.91605],[77.41747,12.91606],[77.41747,12.91607],[77.41748,12.91607],[77.41748,12.91608],[77.41749,12.91609],[77.41749,12.9161],[77.41749,12.9161],[77.4175,12.91611],[77.4175,12.91612],[77.41751,12.91613],[77.41751,12.91614],[77.41752,12.91614],[77.41752,12.91615],[77.41752,12.91616],[77.41753,12.91617],[77.41753,12.91618],[77.41753,12.91618],[77.41754,12.91619],[77.41754,12.9162],[77.41754,12.91621],[77.41755,12.91622],[77.41755,12.91623],[77.41755,12.91623],[77.41756,12.91624],[77.41756,12.91625],[77.41756,12.91626],[77.41757,12.91627],[77.41757,12.91628],[77.41757,12.91628],[77.41758,12.91629],[77.41758,12.9163],[77.41758,12.91631],[77.41758,12.91632],[77.41759,12.91633],[77.41759,12.91634],[77.41759,12.91634],[77.41759,12.91635],[77.4176,12.91636],[77.4176,12.91637],[77.4176,12.91638],[77.4176,12.91639],[77.4176,12.91639],[77.4176,12.91639],[77.4176,12.9164],[77.4176,12.9164],[77.41761,12.91641],[77.41761,12.91642],[77.41761,12.91642],[77.41761,12.91643],[77.41761,12.91644],[77.41761,12.91644],[77.41761,12.91645],[77.41761,12.91646],[77.41762,12.91646],[77.41762,12.91647],[77.41762,12.91648],[77.41762,12.91648],[77.41762,12.91649],[77.41763,12.9165],[77.41763,12.9165],[77.41763,12.91651],[77.41763,12.91652],[77.41763,12.91652],[77.41764,12.91653],[77.41764,12.91654],[77.41764,12.91654],[77.41764,12.91655],[77.41765,12.91656],[77.41765,12.91656],[77.41765,12.91657],[77.41765,12.91658],[77.41766,12.91658],[77.41766,12.91659],[77.41766,12.9166],[77.41767,12.9166],[77.41767,12.91661],[77.41767,12.91661],[77.41768,12.91662],[77.41768,12.91663],[77.41768,12.91663],[77.41768,12.91664],[77.41769,12.91664],[77.41769,12.91665],[77.4177,12.91664],[77.41771,12.91663],[77.41772,12.91663],[77.41773,12.91662],[77.4179,12.91649],[77.4179,12.91649],[77.41808,12.91636],[77.41809,12.91635],[77.4181,12.91634],[77.41811,12.91633],[77.41812,12.91633],[77.41813,12.91632],[77.41814,12.91631],[77.41815,12.91631],[77.41816,12.9163],[77.41817,12.91629],[77.41818,12.91628],[77.41819,12.91628],[77.4182,12.91627],[77.41821,12.91626],[77.41822,12.91626],[77.41822,12.91625],[77.41823,12.91624],[77.41824,12.91624],[77.41825,12.91623],[77.41826,12.91623],[77.41827,12.91622],[77.41828,12.91621],[77.41829,12.91621],[77.4183,12.9162],[77.41831,12.91619],[77.41832,12.91619],[77.41833,12.91618],[77.41835,12.91618],[77.41836,12.91617],[77.41837,12.91617],[77.41838,12.91616],[77.41839,12.91615],[77.4184,12.91615],[77.41841,12.91614],[77.41842,12.91614],[77.41843,12.91613],[77.41844,12.91613],[77.41845,12.91612],[77.41846,12.91612],[77.41847,12.91611],[77.41848,12.91611],[77.41849,12.9161],[77.4185,12.9161],[77.41851,12.91609],[77.41852,12.91609],[77.41854,12.91608],[77.41854,12.91608],[77.41854,12.91608],[77.41875,12.91601],[77.41875,12.91601],[77.41881,12.91599],[77.41881,12.91599],[77.41881,12.91599],[77.41882,12.91599],[77.41882,12.91599],[77.41882,12.91599],[77.41883,12.91599],[77.41883,12.91599],[77.41884,12.91598],[77.41884,12.91598],[77.41885,12.91598],[77.41885,12.91598],[77.41885,12.91598],[77.41886,12.91598],[77.41886,12.91598],[77.41887,12.91598]]]},"properties":{"shedId":"C05CAM34"}},{"type":"Feature","geometry":{"type":"Polygon","coordinates":[[[77.44636,12.92582],[77.44624,12.92572],[77.44601,12.92549],[77.44601,12.92452],[77.44652,12.92472],[77.44692,12.9249],[77.44728,12.92502],[77.44718,12.92534],[77.44698,12.92564],[77.4468,12.92577],[77.44647,12.92582],[77.44636,12.92582],[77.44636,12.92584],[77.44636,12.92582]]]},"properties":{"shedId":"C05CAM34"}},{"type":"Feature","geometry":{"type":"Polygon","coordinates":[[[77.52817,12.91566],[77.52814,12.91511],[77.52811,12.91483],[77.52861,12.91492],[77.52887,12.91532],[77.52877,12.9156],[77.52849,12.91573],[77.52817,12.91569],[77.52817,12.91566]]]},"properties":{"shedId":"C05CAM34"}},{"type":"Feature","geometry":{"type":"Polygon","coordinates":[[[77.5309,12.91492],[77.53077,12.9148],[77.5307,12.9143],[77.53178,12.9143],[77.53188,12.91483],[77.53153,12.91523],[77.53105,12.9152],[77.53083,12.91489],[77.5308,12.91486],[77.5309,12.91492]]]},"properties":{"shedId":"C05CAM34"}},{"type":"Feature","geometry":{"type":"Polygon","coordinates":[[[77.47277,12.95708],[77.47275,12.95708],[77.47272,12.95708],[77.47268,12.95709],[77.47264,12.9571],[77.47261,12.95712],[77.47258,12.95714],[77.47256,12.95716],[77.47244,12.95735],[77.47244,12.95735],[77.47233,12.95751],[77.47233,12.95751],[77.47233,12.95751],[77.47215,12.95769],[77.47215,12.95769],[77.47215,12.95769],[77.47203,12.95777],[77.47195,12.95785],[77.47195,12.95785],[77.47195,12.95786],[77.47194,12.95788],[77.47194,12.95792],[77.47195,12.95818],[77.47195,12.95835],[77.47195,12.95835],[77.47195,12.95836],[77.47196,12.95836],[77.47196,12.95836],[77.47196,12.95837],[77.47197,12.95837],[77.47197,12.95837],[77.47201,12.95838],[77.47212,12.95839],[77.4724,12.9584],[77.47271,12.95841],[77.47271,12.95841],[77.47271,12.95841],[77.47274,12.95842],[77.47274,12.95842],[77.47274,12.95842],[77.47276,12.95843],[77.47276,12.95843],[77.47277,12.95844],[77.47277,12.95844],[77.47278,12.95844],[77.47279,12.95847],[77.47279,12.95847],[77.47279,12.95847],[77.4728,12.9585],[77.4728,12.9585],[77.4728,12.9585],[77.47282,12.95863],[77.47282,12.95863],[77.47282,12.95864],[77.47282,12.95864],[77.47282,12.95864],[77.47284,12.95866],[77.47284,12.95866],[77.47287,12.95867],[77.47288,12.95867],[77.4729,12.95867],[77.47294,12.95866],[77.47318,12.95855],[77.47322,12.95853],[77.47325,12.95851],[77.47326,12.95849],[77.47327,12.95847],[77.47327,12.95846],[77.47328,12.95844],[77.47327,12.95842],[77.47312,12.9581],[77.4731,12.95807],[77.47309,12.95805],[77.47308,12.95805],[77.47308,12.95805],[77.47306,12.95804],[77.473,12.95804],[77.473,12.95804],[77.473,12.95804],[77.473,12.95803],[77.47296,12.95801],[77.47295,12.95801],[77.47295,12.95801],[77.47293,12.95799],[77.47293,12.95799],[77.47293,12.95798],[77.47292,12.95797],[77.47292,12.95797],[77.47292,12.95797],[77.47291,12.95794],[77.47291,12.95794],[77.47291,12.95788],[77.47291,12.95788],[77.4729,12.95755],[77.47288,12.95736],[77.47286,12.95719],[77.47285,12.95715],[77.47284,12.95713],[77.47282,12.9571],[77.47282,12.9571],[77.47279,12.95708],[77.47277,12.95708]]]},"properties":{"shedId":"C05CAM34"}},{"type":"Feature","geometry":{"type":"Polygon","coordinates":[[[77.48138,12.96264],[77.48142,12.96234],[77.48142,12.96234],[77.48146,12.96208],[77.48146,12.96208],[77.4815,12.96195],[77.4815,12.96195],[77.48157,12.96176],[77.48157,12.96176],[77.48167,12.96154],[77.48167,12.96154],[77.48187,12.9612],[77.48203,12.96092],[77.48203,12.96091],[77.48215,12.96076],[77.48222,12.96068],[77.48222,12.96068],[77.48239,12.9605],[77.4824,12.9605],[77.48271,12.96024],[77.483,12.96],[77.483,12.96],[77.48317,12.95988],[77.48317,12.95988],[77.48317,12.95988],[77.48336,12.95979],[77.48336,12.95979],[77.48336,12.95979],[77.48371,12.95967],[77.48401,12.95957],[77.48396,12.95942],[77.48389,12.9594],[77.48367,12.95938],[77.48355,12.95937],[77.48347,12.95936],[77.48332,12.95936],[77.48327,12.95937],[77.48323,12.95939],[77.48301,12.9595],[77.48301,12.9595],[77.48288,12.95955],[77.48278,12.9596],[77.48264,12.95967],[77.48249,12.95975],[77.48243,12.95979],[77.48243,12.95979],[77.48236,12.95983],[77.48236,12.95983],[77.48228,12.95987],[77.48228,12.95987],[77.48228,12.95987],[77.48222,12.95989],[77.48222,12.95989],[77.48221,12.95989],[77.4821,12.9599],[77.48188,12.95994],[77.48188,12.95994],[77.48177,12.95995],[77.48177,12.95995],[77.48167,12.95995],[77.48167,12.95995],[77.48167,12.95995],[77.48149,12.95994],[77.48149,12.95994],[77.48127,12.95993],[77.48127,12.95993],[77.48127,12.95993],[77.48098,12.95985],[77.48098,12.95985],[77.48082,12.95981],[77.48082,12.95981],[77.48071,12.95977],[77.48071,12.95977],[77.48057,12.95971],[77.48057,12.95971],[77.48039,12.95962],[77.48013,12.95949],[77.47996,12.95942],[77.47996,12.95942],[77.47996,12.95942],[77.47987,12.95936],[77.47987,12.95936],[77.47971,12.95923],[77.47964,12.95918],[77.4796,12.95916],[77.47957,12.95915],[77.47956,12.95915],[77.47956,12.95915],[77.47955,12.95917],[77.47954,12.9592],[77.47955,12.9597],[77.47954,12.96045],[77.47953,12.96176],[77.47955,12.96206],[77.47956,12.9621],[77.47958,12.96223],[77.47964,12.96247],[77.47968,12.96259],[77.47969,12.96258],[77.47972,12.96257],[77.47973,12.96257],[77.47975,12.96257],[77.47978,12.96258],[77.48016,12.96277],[77.48018,12.9628],[77.48018,12.96281],[77.48021,12.96301],[77.4803,12.96345],[77.48033,12.96354],[77.48036,12.96352],[77.48038,12.9635],[77.48038,12.9635],[77.48038,12.9635],[77.4804,12.9635],[77.4804,12.9635],[77.48042,12.96349],[77.48059,12.96343],[77.48059,12.96343],[77.4808,12.96338],[77.48098,12.96333],[77.48098,12.96333],[77.48114,12.96329],[77.48117,12.96328],[77.4812,12.96327],[77.48122,12.96326],[77.48123,12.96325],[77.48125,12.96323],[77.48126,12.9632],[77.48127,12.96315],[77.48133,12.96288],[77.48138,12.96264]]]},"properties":{"shedId":"C05CAM34"}},{"type":"Feature","geometry":{"type":"Polygon","coordinates":[[[77.56168,12.95127],[77.56175,12.95115],[77.56183,12.95101],[77.56189,12.95089],[77.56193,12.95077],[77.56195,12.95068],[77.56196,12.95062],[77.56196,12.95058],[77.56195,12.95051],[77.56195,12.95049],[77.56193,12.95043],[77.56192,12.9504],[77.5619,12.95036],[77.56186,12.95032],[77.56183,12.95029],[77.56182,12.95028],[77.56167,12.95021],[77.56159,12.95018],[77.56155,12.95017],[77.56152,12.95016],[77.56148,12.95016],[77.56146,12.95016],[77.56144,12.95016],[77.56141,12.95017],[77.56136,12.9502],[77.5613,12.95024],[77.56126,12.95027],[77.56123,12.9503],[77.56122,12.95031],[77.5612,12.95033],[77.56119,12.95035],[77.56118,12.95038],[77.56114,12.95046],[77.56112,12.95051],[77.56112,12.95051],[77.5611,12.95055],[77.5611,12.95055],[77.5611,12.95055],[77.56108,12.95058],[77.56108,12.95058],[77.56108,12.95058],[77.56104,12.95062],[77.56104,12.95062],[77.56104,12.95062],[77.561,12.95065],[77.561,12.95065],[77.561,12.95065],[77.561,12.95065],[77.561,12.95065],[77.56084,12.95072],[77.56078,12.95075],[77.56069,12.95081],[77.56053,12.95092],[77.56053,12.95092],[77.56023,12.95111],[77.56014,12.95117],[77.56014,12.95117],[77.5601,12.95119],[77.5601,12.95119],[77.56008,12.9512],[77.56008,12.9512],[77.56005,12.95121],[77.56005,12.95121],[77.56005,12.95121],[77.56002,12.95122],[77.56002,12.95122],[77.56002,12.95122],[77.55999,12.95123],[77.55999,12.95123],[77.55998,12.95123],[77.55997,12.95123],[77.55994,12.95122],[77.55994,12.95122],[77.55994,12.95122],[77.55991,12.95122],[77.55991,12.95122],[77.55989,12.95121],[77.55989,12.95121],[77.55982,12.95119],[77.55981,12.95118],[77.55964,12.9511],[77.55964,12.9511],[77.55964,12.9511],[77.55957,12.95106],[77.55957,12.95106],[77.5594,12.95094],[77.5594,12.95094],[77.55935,12.9509],[77.55935,12.9509],[77.55927,12.95083],[77.55927,12.95083],[77.5592,12.95076],[77.5592,12.95076],[77.5592,12.95076],[77.55914,12.95068],[77.55914,12.95068],[77.5591,12.95061],[77.5591,12.95061],[77.5591,12.95061],[77.55902,12.95046],[77.55902,12.95046],[77.55899,12.95041],[77.55898,12.95037],[77.55897,12.95037],[77.55895,12.95036],[77.55895,12.95035],[77.55889,12.95033],[77.55865,12.95028],[77.55858,12.95027],[77.55855,12.95026],[77.55854,12.95027],[77.55854,12.95027],[77.55853,12.95027],[77.55852,12.95028],[77.55851,12.95031],[77.55849,12.95036],[77.55845,12.95049],[77.55842,12.95059],[77.55839,12.95067],[77.55839,12.95069],[77.5584,12.95074],[77.5584,12.95076],[77.55841,12.95077],[77.55844,12.95082],[77.55848,12.95088],[77.55848,12.95088],[77.55848,12.95088],[77.55854,12.95099],[77.55854,12.95099],[77.55854,12.951],[77.55854,12.95101],[77.55854,12.95101],[77.55856,12.95106],[77.55856,12.95107],[77.55856,12.95107],[77.55857,12.95117],[77.55857,12.95117],[77.55857,12.95136],[77.55859,12.95157],[77.55861,12.95167],[77.55862,12.95172],[77.55866,12.95183],[77.55866,12.95184],[77.55866,12.95184],[77.55879,12.95217],[77.55887,12.95235],[77.55891,12.95243],[77.55891,12.95244],[77.55892,12.95245],[77.55895,12.95247],[77.55897,12.95248],[77.55899,12.95249],[77.55901,12.9525],[77.5591,12.95251],[77.5591,12.95251],[77.5591,12.95251],[77.55914,12.95252],[77.55914,12.95252],[77.55918,12.95253],[77.55918,12.95253],[77.55918,12.95253],[77.55923,12.95255],[77.55924,12.95255],[77.55931,12.95259],[77.55931,12.95259],[77.55936,12.95262],[77.55937,12.95263],[77.55947,12.9527],[77.55954,12.95275],[77.55954,12.95275],[77.55954,12.95275],[77.55958,12.95278],[77.55958,12.95279],[77.55958,12.95279],[77.55962,12.95285],[77.55962,12.95285],[77.55962,12.95285],[77.55964,12.95289],[77.55964,12.95289],[77.55964,12.95289],[77.55965,12.95291],[77.55965,12.95291],[77.55965,12.95291],[77.55966,12.95297],[77.55966,12.95297],[77.55966,12.95297],[77.55966,12.95305],[77.55966,12.95305],[77.55965,12.9531],[77.5597,12.95317],[77.5597,12.95317],[77.55972,12.95322],[77.55972,12.95322],[77.55975,12.95328],[77.55977,12.95331],[77.55979,12.95333],[77.5598,12.95334],[77.55984,12.95336],[77.55987,12.95337],[77.55994,12.95339],[77.56003,12.95341],[77.56007,12.95341],[77.56016,12.95341],[77.56018,12.9534],[77.56022,12.95339],[77.56036,12.95334],[77.56071,12.95321],[77.56084,12.95314],[77.5609,12.95311],[77.56106,12.95299],[77.56121,12.95287],[77.56125,12.95282],[77.56132,12.95273],[77.56134,12.9527],[77.5614,12.95258],[77.56142,12.9525],[77.56144,12.95235],[77.56145,12.95219],[77.56144,12.95204],[77.56141,12.95175],[77.56141,12.95174],[77.56141,12.95171],[77.56141,12.95171],[77.56141,12.95171],[77.56142,12.95165],[77.56142,12.95165],[77.56142,12.95165],[77.56143,12.95162],[77.56143,12.95162],[77.56143,12.95162],[77.56145,12.95156],[77.56145,12.95156],[77.56147,12.95154],[77.56147,12.95154],[77.56151,12.95149],[77.56151,12.95149],[77.56156,12.95142],[77.56163,12.95134],[77.56168,12.95127]]]},"properties":{"shedId":"C05CAM34"}},{"type":"Feature","geometry":{"type":"Polygon","coordinates":[[[77.46998,12.95764],[77.47065,12.95758],[77.47104,12.9576],[77.4709,12.95745],[77.47074,12.95731],[77.4704,12.95709],[77.46999,12.95683],[77.46968,12.95664],[77.46953,12.95654],[77.46953,12.95654],[77.46952,12.95654],[77.46947,12.95696],[77.46944,12.95708],[77.4694,12.95712],[77.46936,12.95715],[77.46927,12.95722],[77.46914,12.95745],[77.46913,12.9575],[77.46912,12.95755],[77.46913,12.9576],[77.46915,12.95764],[77.46917,12.95768],[77.46923,12.95769],[77.46998,12.95764]]]},"properties":{"shedId":"C05CAM34"}},{"type":"Feature","geometry":{"type":"Polygon","coordinates":[[[77.4745,12.98353],[77.47453,12.9841],[77.47463,12.9847],[77.4748,12.98492],[77.47499,12.98512],[77.47525,12.98519],[77.47543,12.98523],[77.47539,12.98496],[77.47529,12.98463],[77.4752,12.98433],[77.47514,12.98401],[77.47503,12.98372],[77.47494,12.98358],[77.47489,12.98347],[77.47482,12.98347],[77.47475,12.98348],[77.47453,12.98348],[77.4745,12.98353]]]},"properties":{"shedId":"C05CAM34"}},{"type":"Feature","geometry":{"type":"Polygon","coordinates":[[[77.46314,12.98498],[77.4632,12.98548],[77.46335,12.98624],[77.46378,12.98652],[77.4642,12.98668],[77.46473,12.98673],[77.46477,12.98672],[77.46464,12.98638],[77.46437,12.98578],[77.46427,12.98545],[77.46399,12.98498],[77.46384,12.98481],[77.4633,12.98481],[77.46324,12.98485],[77.46318,12.98489],[77.46314,12.98498]]]},"properties":{"shedId":"C05CAM34"}},{"type":"Feature","geometry":{"type":"Polygon","coordinates":[[[77.50006,12.98428],[77.50017,12.9844],[77.50037,12.9845],[77.50057,12.98457],[77.50079,12.98457],[77.50118,12.98453],[77.50136,12.9845],[77.50162,12.98443],[77.50165,12.98438],[77.50165,12.98433],[77.50164,12.98425],[77.5016,12.98411],[77.50155,12.98394],[77.50145,12.98354],[77.50142,12.98338],[77.50136,12.98318],[77.5013,12.98309],[77.50119,12.98303],[77.50106,12.98299],[77.50091,12.98298],[77.50086,12.98298],[77.50071,12.98302],[77.50055,12.9831],[77.50035,12.98318],[77.50019,12.98325],[77.50008,12.98339],[77.50002,12.98359],[77.49997,12.98385],[77.49998,12.98402],[77.50003,12.98415],[77.50007,12.98424],[77.50006,12.98428]]]},"properties":{"shedId":"C05CAM34"}},{"type":"Feature","geometry":{"type":"Polygon","coordinates":[[[77.50845,12.96446],[77.50845,12.96455],[77.50845,12.96488],[77.50847,12.96513],[77.50851,12.96526],[77.5086,12.9654],[77.50885,12.96569],[77.50898,12.96586],[77.50901,12.9659],[77.50907,12.9659],[77.5091,12.96588],[77.50915,12.96585],[77.5092,12.96582],[77.50923,12.96579],[77.50942,12.96557],[77.50973,12.96519],[77.50987,12.96503],[77.50988,12.96498],[77.50986,12.96496],[77.50982,12.96493],[77.50976,12.96492],[77.50966,12.96492],[77.50956,12.96493],[77.50944,12.96493],[77.50932,12.96491],[77.50907,12.96482],[77.50891,12.96473],[77.50879,12.96465],[77.50871,12.96457],[77.50865,12.96447],[77.50862,12.96443],[77.50859,12.96441],[77.50855,12.96441],[77.50851,12.96442],[77.50849,12.96443],[77.50846,12.96445],[77.50845,12.96446]]]},"properties":{"shedId":"C05CAM34"}},{"type":"Feature","geometry":{"type":"Polygon","coordinates":[[[77.515,13.01068],[77.51501,13.01067],[77.51503,13.01067],[77.51503,13.01067],[77.51505,13.01068],[77.51506,13.01069],[77.51507,13.01069],[77.51508,13.0107],[77.51512,13.01072],[77.51518,13.0107],[77.5152,13.01078],[77.51555,13.01074],[77.51548,13.0104],[77.51522,13.00974],[77.51521,13.00957],[77.5152,13.00955],[77.51519,13.00955],[77.51495,13.00954],[77.5146,13.00957],[77.51445,13.00962],[77.5144,13.00964],[77.51422,13.00982],[77.51391,13.01014],[77.51392,13.01026],[77.51397,13.01041],[77.51432,13.01038],[77.51433,13.01043],[77.51464,13.01043],[77.51469,13.01082],[77.51469,13.01091],[77.5147,13.01093],[77.51466,13.01113],[77.51466,13.01114],[77.51467,13.01115],[77.51468,13.01115],[77.51478,13.01116],[77.5148,13.01115],[77.5148,13.01114],[77.51486,13.01102],[77.51496,13.01075],[77.51498,13.0107],[77.51499,13.01068],[77.515,13.01068]]]},"properties":{"shedId":"C05CAM34"}},{"type":"Feature","geometry":{"type":"Polygon","coordinates":[[[77.57294,13.012],[77.57334,13.01184],[77.57357,13.01238],[77.57373,13.0123],[77.57372,13.01218],[77.57377,13.01194],[77.57377,13.01185],[77.57371,13.01168],[77.57429,13.01144],[77.5746,13.0121],[77.57486,13.01193],[77.57512,13.01159],[77.57512,13.01133],[77.57511,13.01131],[77.57512,13.01128],[77.57512,13.01117],[77.57513,13.01103],[77.57513,13.01096],[77.57513,13.01095],[77.57512,13.0109],[77.57509,13.01081],[77.57509,13.01077],[77.57508,13.01074],[77.57509,13.01071],[77.57512,13.01048],[77.57512,13.01041],[77.57513,13.01],[77.57537,13.00952],[77.57526,13.00938],[77.57549,13.00898],[77.57588,13.00906],[77.57653,13.00827],[77.57741,13.00774],[77.57716,13.00738],[77.57716,13.00738],[77.57667,13.00764],[77.57666,13.00765],[77.57641,13.00777],[77.57641,13.00777],[77.57628,13.00781],[77.57628,13.00781],[77.57615,13.00786],[77.57614,13.00786],[77.57601,13.00789],[77.57601,13.00789],[77.57601,13.00789],[77.5758,13.00792],[77.5758,13.00792],[77.57555,13.00792],[77.57554,13.00792],[77.57488,13.00782],[77.57488,13.00782],[77.5743,13.00771],[77.57384,13.00768],[77.57294,13.00782],[77.5726,13.00797],[77.57268,13.00834],[77.57278,13.00869],[77.57291,13.00892],[77.573,13.00914],[77.57298,13.00972],[77.57283,13.01074],[77.57299,13.01082],[77.57292,13.01107],[77.57277,13.01177],[77.57255,13.01181],[77.57219,13.01194],[77.57229,13.01232],[77.57273,13.01237],[77.57284,13.01253],[77.57303,13.01244],[77.57294,13.012]]]},"properties":{"shedId":"C05CAM34"}},{"type":"Feature","geometry":{"type":"Polygon","coordinates":[[[77.5869,13.00066],[77.5868,13.00066],[77.58599,13.00116],[77.58558,13.00139],[77.58518,13.00167],[77.58498,13.00178],[77.58496,13.00181],[77.58491,13.00191],[77.58488,13.00203],[77.58489,13.0022],[77.58492,13.00241],[77.58499,13.00252],[77.58511,13.00262],[77.58529,13.0027],[77.58544,13.00277],[77.5856,13.00286],[77.58577,13.00294],[77.586,13.00303],[77.58629,13.00312],[77.58651,13.00323],[77.58667,13.00331],[77.58676,13.00339],[77.58687,13.00345],[77.58698,13.00349],[77.58706,13.00349],[77.58713,13.00349],[77.5872,13.00347],[77.58729,13.00342],[77.58735,13.00335],[77.58739,13.00325],[77.58739,13.00312],[77.5874,13.00296],[77.5874,13.00277],[77.5874,13.00242],[77.58739,13.00215],[77.58737,13.00194],[77.58734,13.00178],[77.58733,13.00154],[77.58728,13.00129],[77.58724,13.00103],[77.58715,13.00082],[77.58701,13.0007],[77.5869,13.00066]]]},"properties":{"shedId":"C05CAM34"}},{"type":"Feature","geometry":{"type":"Polygon","coordinates":[[[77.51725,12.99714],[77.51638,12.997],[77.51639,12.99707],[77.5166,12.99809],[77.5167,12.99856],[77.51673,12.99864],[77.51675,12.99869],[77.51678,12.99872],[77.5168,12.99874],[77.51686,12.99876],[77.51727,12.99876],[77.51731,12.99875],[77.51736,12.99873],[77.51739,12.99871],[77.51741,12.99869],[77.51743,12.99864],[77.51744,12.99852],[77.5174,12.99789],[77.51741,12.99747],[77.5174,12.99736],[77.51739,12.99728],[77.51738,12.99724],[77.51736,12.99721],[77.51734,12.99719],[77.51732,12.99717],[77.51729,12.99716],[77.51725,12.99714]]]},"properties":{"shedId":"C05CAM34"}},{"type":"Feature","geometry":{"type":"Polygon","coordinates":[[[77.49162,12.98199],[77.49155,12.98199],[77.49148,12.98201],[77.49137,12.98218],[77.49125,12.98249],[77.49131,12.98305],[77.49132,12.98312],[77.49132,12.98334],[77.49147,12.98346],[77.49154,12.98348],[77.49273,12.98353],[77.49283,12.98356],[77.49295,12.98361],[77.49328,12.98386],[77.49359,12.98377],[77.49306,12.98343],[77.49294,12.98334],[77.49286,12.98327],[77.49275,12.98316],[77.49194,12.98248],[77.49188,12.98237],[77.49182,12.98226],[77.49178,12.98218],[77.49175,12.9821],[77.49172,12.98205],[77.49166,12.982],[77.49162,12.98199]]]},"properties":{"shedId":"C05CAM34"}},{"type":"Feature","geometry":{"type":"Polygon","coordinates":[[[77.52737,12.97753],[77.52716,12.97754],[77.52706,12.97755],[77.52701,12.97761],[77.52695,12.97771],[77.52691,12.97784],[77.52691,12.97784],[77.52685,12.97798],[77.52685,12.97798],[77.52705,12.97808],[77.52711,12.9781],[77.52717,12.97811],[77.52772,12.97818],[77.52775,12.97819],[77.52779,12.97822],[77.5278,12.97823],[77.52789,12.97854],[77.52791,12.97856],[77.52795,12.97859],[77.52802,12.97861],[77.52808,12.97863],[77.52815,12.97863],[77.52818,12.97862],[77.5282,12.97862],[77.52823,12.97859],[77.52825,12.97853],[77.52825,12.97846],[77.52822,12.97831],[77.52821,12.97827],[77.52817,12.97823],[77.52792,12.97807],[77.52789,12.97805],[77.52787,12.97802],[77.52783,12.97797],[77.52783,12.97794],[77.52804,12.97792],[77.52799,12.97632],[77.52799,12.97632],[77.52769,12.9763],[77.5277,12.97752],[77.5277,12.97752],[77.5277,12.97752],[77.5277,12.97752],[77.5277,12.97752],[77.5277,12.97752],[77.52769,12.97753],[77.52769,12.97753],[77.52769,12.97753],[77.52769,12.97753],[77.52769,12.97753],[77.52762,12.97753],[77.52737,12.97753]]]},"properties":{"shedId":"C05CAM34"}},{"type":"Feature","geometry":{"type":"Polygon","coordinates":[[[77.46695,12.98311],[77.46692,12.98307],[77.46691,12.98304],[77.46654,12.9831],[77.46648,12.9831],[77.46644,12.98309],[77.4664,12.98306],[77.46635,12.98294],[77.46634,12.98292],[77.46629,12.98272],[77.46612,12.9823],[77.46596,12.98208],[77.46589,12.98196],[77.46587,12.98195],[77.46584,12.98195],[77.46583,12.98196],[77.46583,12.98198],[77.46586,12.98209],[77.46587,12.98232],[77.46586,12.98239],[77.46583,12.98247],[77.46581,12.98252],[77.46579,12.98256],[77.46573,12.98261],[77.46566,12.98266],[77.46549,12.98279],[77.46529,12.98288],[77.46531,12.98298],[77.46531,12.98299],[77.46532,12.98307],[77.46542,12.98304],[77.46547,12.98304],[77.46551,12.98304],[77.46556,12.98306],[77.46593,12.98339],[77.46669,12.984],[77.4667,12.98405],[77.46681,12.98406],[77.46695,12.98394],[77.46708,12.98385],[77.4671,12.98383],[77.46711,12.9838],[77.46712,12.98375],[77.46695,12.98311]]]},"properties":{"shedId":"C05CAM34"}},{"type":"Feature","geometry":{"type":"Polygon","coordinates":[[[77.44945,12.97596],[77.44875,12.97544],[77.44871,12.97544],[77.4487,12.97551],[77.44863,12.97568],[77.44898,12.97584],[77.44905,12.9759],[77.44908,12.97598],[77.4491,12.97645],[77.44911,12.97651],[77.44924,12.97669],[77.44924,12.97669],[77.44924,12.97669],[77.44924,12.97669],[77.44925,12.9767],[77.44925,12.9767],[77.44925,12.9767],[77.44925,12.97671],[77.44931,12.97769],[77.44933,12.97798],[77.44958,12.97801],[77.44961,12.97804],[77.44977,12.97859],[77.44978,12.97863],[77.45027,12.97868],[77.4503,12.97868],[77.45033,12.97866],[77.45036,12.97861],[77.45032,12.97784],[77.45032,12.97776],[77.45032,12.97771],[77.45032,12.97753],[77.45031,12.97745],[77.45035,12.97732],[77.45068,12.9767],[77.45077,12.97661],[77.4508,12.97656],[77.45082,12.97653],[77.4508,12.97651],[77.45028,12.97643],[77.45004,12.97632],[77.44945,12.97596]]]},"properties":{"shedId":"C05CAM34"}},{"type":"Feature","geometry":{"type":"Polygon","coordinates":[[[77.46924,12.97787],[77.46897,12.97766],[77.46895,12.97767],[77.46892,12.97762],[77.46867,12.97745],[77.46863,12.97747],[77.46861,12.97742],[77.46862,12.97741],[77.46854,12.97735],[77.46852,12.97732],[77.4684,12.97668],[77.46832,12.97628],[77.46833,12.97572],[77.46806,12.97572],[77.46772,12.97602],[77.46726,12.97624],[77.46719,12.9763],[77.46717,12.97634],[77.46716,12.97638],[77.46717,12.97654],[77.46719,12.97657],[77.46719,12.97657],[77.4672,12.97659],[77.4675,12.97745],[77.46752,12.97749],[77.46755,12.97752],[77.46798,12.97784],[77.46874,12.97839],[77.46935,12.9788],[77.46942,12.97865],[77.46956,12.97828],[77.46954,12.97805],[77.46924,12.97787]]]},"properties":{"shedId":"C05CAM34"}},{"type":"Feature","geometry":{"type":"Polygon","coordinates":[[[77.4966,12.96831],[77.4966,12.96831],[77.4966,12.96831],[77.49663,12.96831],[77.49663,12.96832],[77.49663,12.96832],[77.49665,12.96832],[77.4967,12.96833],[77.49671,12.96833],[77.49675,12.96834],[77.49678,12.96834],[77.4968,12.96834],[77.49684,12.96834],[77.49684,12.96834],[77.49685,12.96834],[77.49687,12.96833],[77.4969,12.96831],[77.49696,12.96825],[77.49698,12.96822],[77.49699,12.9682],[77.497,12.96818],[77.497,12.96816],[77.497,12.96815],[77.497,12.96813],[77.49699,12.9681],[77.49699,12.96807],[77.49698,12.96804],[77.49695,12.968],[77.49693,12.96797],[77.4969,12.96792],[77.49685,12.96788],[77.49682,12.96785],[77.49681,12.96785],[77.49679,12.96782],[77.49679,12.96782],[77.49679,12.96782],[77.49677,12.9678],[77.49677,12.9678],[77.49676,12.96777],[77.49676,12.96777],[77.49676,12.96777],[77.49676,12.96777],[77.49676,12.96777],[77.49675,12.96771],[77.49675,12.96771],[77.49674,12.96766],[77.49674,12.96766],[77.49674,12.96766],[77.49675,12.9676],[77.49675,12.9676],[77.49675,12.96757],[77.49675,12.96757],[77.49677,12.9675],[77.49677,12.9675],[77.49679,12.96745],[77.49679,12.96745],[77.49679,12.96745],[77.4968,12.96742],[77.49683,12.96735],[77.49683,12.96734],[77.49684,12.96729],[77.49684,12.96724],[77.49683,12.96721],[77.49679,12.96712],[77.4967,12.96695],[77.4966,12.96679],[77.4966,12.96679],[77.4966,12.96679],[77.49656,12.96671],[77.49656,12.96671],[77.49652,12.96663],[77.49652,12.96663],[77.49648,12.96652],[77.49648,12.96652],[77.49642,12.96637],[77.49642,12.96636],[77.49636,12.96615],[77.49634,12.96608],[77.49634,12.96608],[77.4963,12.96591],[77.49628,12.96581],[77.49628,12.96581],[77.49628,12.96581],[77.49626,12.96571],[77.49626,12.96571],[77.49625,12.96563],[77.49625,12.96563],[77.49625,12.96555],[77.49625,12.96555],[77.49625,12.96551],[77.49625,12.96551],[77.49625,12.96544],[77.49625,12.96544],[77.49625,12.96544],[77.4963,12.96527],[77.4963,12.96527],[77.4963,12.96527],[77.49633,12.9652],[77.49633,12.9652],[77.49635,12.96516],[77.49635,12.96516],[77.49635,12.96516],[77.49638,12.96512],[77.49638,12.96512],[77.49638,12.96512],[77.49642,12.96508],[77.49642,12.96508],[77.49645,12.96507],[77.49645,12.96507],[77.49652,12.96502],[77.49652,12.96502],[77.49661,12.96498],[77.4967,12.96493],[77.49674,12.96488],[77.49676,12.96484],[77.49676,12.9648],[77.49677,12.96478],[77.49677,12.96474],[77.49677,12.9647],[77.49676,12.96467],[77.49674,12.96461],[77.49673,12.96459],[77.49669,12.96454],[77.49666,12.96451],[77.49658,12.96448],[77.49652,12.96446],[77.49646,12.96445],[77.49642,12.96444],[77.49642,12.96444],[77.49642,12.96444],[77.49637,12.96443],[77.49637,12.96443],[77.49636,12.96443],[77.49636,12.96443],[77.49636,12.96443],[77.49632,12.96441],[77.49632,12.96441],[77.49629,12.9644],[77.49629,12.9644],[77.49629,12.9644],[77.49626,12.96438],[77.49626,12.96438],[77.49623,12.96436],[77.49623,12.96436],[77.49618,12.96432],[77.49618,12.96432],[77.49604,12.96417],[77.49604,12.96417],[77.49592,12.96403],[77.49592,12.96403],[77.49579,12.96383],[77.49579,12.96383],[77.49579,12.96383],[77.49562,12.96351],[77.49562,12.96351],[77.49548,12.96321],[77.49548,12.96321],[77.49538,12.96296],[77.49538,12.96296],[77.49526,12.96264],[77.49512,12.96226],[77.49512,12.96226],[77.49492,12.96235],[77.49492,12.96235],[77.4948,12.96241],[77.4948,12.96241],[77.49473,12.96243],[77.49473,12.96243],[77.49454,12.96248],[77.49441,12.96252],[77.49415,12.9626],[77.49415,12.9626],[77.49396,12.96265],[77.49369,12.96271],[77.49355,12.96275],[77.49339,12.96279],[77.49339,12.96279],[77.49333,12.96281],[77.49315,12.96285],[77.49315,12.96285],[77.49314,12.96285],[77.49305,12.96286],[77.49305,12.96286],[77.493,12.96286],[77.493,12.96286],[77.49291,12.96287],[77.49291,12.96287],[77.49286,12.96286],[77.49286,12.96286],[77.49286,12.96286],[77.49271,12.96283],[77.49271,12.96283],[77.49255,12.96279],[77.49254,12.96279],[77.49241,12.96275],[77.49241,12.96275],[77.49241,12.96275],[77.49234,12.96271],[77.49234,12.96271],[77.49226,12.96267],[77.49226,12.96267],[77.49223,12.96265],[77.49223,12.96265],[77.49223,12.96265],[77.49219,12.96261],[77.49219,12.96261],[77.49217,12.96259],[77.49217,12.96259],[77.49217,12.96259],[77.49216,12.96257],[77.49215,12.96257],[77.49215,12.96257],[77.49214,12.96254],[77.49214,12.96254],[77.49213,12.96252],[77.49213,12.96252],[77.49212,12.9625],[77.49212,12.9625],[77.49209,12.96234],[77.49209,12.96234],[77.49209,12.96234],[77.49208,12.96227],[77.49207,12.96225],[77.49207,12.96225],[77.49207,12.96224],[77.49206,12.96224],[77.49204,12.96223],[77.49197,12.9622],[77.4919,12.96218],[77.49185,12.96217],[77.49184,12.96217],[77.49182,12.96217],[77.49177,12.96216],[77.49175,12.96216],[77.49175,12.96216],[77.49173,12.96217],[77.49172,12.96217],[77.4917,12.96218],[77.49168,12.96218],[77.49167,12.96219],[77.49166,12.9622],[77.49165,12.96222],[77.49163,12.96227],[77.4916,12.96236],[77.49159,12.96242],[77.49157,12.96255],[77.49157,12.96262],[77.49158,12.96265],[77.49159,12.96267],[77.49159,12.96268],[77.49161,12.96269],[77.49162,12.9627],[77.49163,12.9627],[77.49166,12.96271],[77.49172,12.96271],[77.49177,12.96271],[77.49182,12.96271],[77.49182,12.96271],[77.49187,12.96271],[77.49187,12.96271],[77.49192,12.96272],[77.49192,12.96272],[77.49192,12.96272],[77.49196,12.96273],[77.49196,12.96273],[77.49199,12.96274],[77.49199,12.96274],[77.49199,12.96274],[77.49204,12.96276],[77.49204,12.96276],[77.49204,12.96277],[77.49204,12.96277],[77.49211,12.96285],[77.49211,12.96285],[77.49224,12.96304],[77.49225,12.96304],[77.49232,12.96316],[77.49236,12.96321],[77.4924,12.96325],[77.49247,12.96331],[77.49252,12.96336],[77.49253,12.96336],[77.49257,12.96339],[77.49262,12.96342],[77.49268,12.96345],[77.49268,12.96345],[77.49294,12.96358],[77.49294,12.96358],[77.49294,12.96358],[77.493,12.96363],[77.493,12.96363],[77.493,12.96363],[77.49304,12.96367],[77.49304,12.96367],[77.49304,12.96367],[77.49307,12.96371],[77.49307,12.96372],[77.49311,12.96381],[77.49313,12.96387],[77.49313,12.96387],[77.49313,12.96387],[77.49315,12.96394],[77.49315,12.96394],[77.49316,12.96401],[77.49316,12.96401],[77.49318,12.96414],[77.49321,12.9643],[77.49321,12.9643],[77.49324,12.9645],[77.49325,12.96452],[77.49325,12.96452],[77.49325,12.96458],[77.49325,12.96458],[77.49325,12.96458],[77.49325,12.96461],[77.49325,12.96461],[77.49324,12.96466],[77.49324,12.96466],[77.49323,12.9647],[77.49323,12.9647],[77.49323,12.9647],[77.49322,12.96472],[77.49322,12.96472],[77.49319,12.96478],[77.49319,12.96478],[77.49319,12.96478],[77.49316,12.96484],[77.49306,12.96499],[77.49298,12.96519],[77.49287,12.96553],[77.49281,12.96575],[77.49279,12.96582],[77.49276,12.96591],[77.49276,12.96594],[77.49276,12.96598],[77.49276,12.96601],[77.49276,12.96609],[77.49278,12.96622],[77.49281,12.96638],[77.49281,12.96638],[77.49287,12.96677],[77.49287,12.96677],[77.49288,12.96711],[77.49288,12.96712],[77.49287,12.96751],[77.49287,12.96761],[77.49288,12.96768],[77.49288,12.9677],[77.49291,12.96775],[77.49293,12.96776],[77.49295,12.96776],[77.493,12.96777],[77.49306,12.96776],[77.49324,12.96772],[77.49346,12.96766],[77.49354,12.96764],[77.49354,12.96764],[77.49354,12.96764],[77.49355,12.96763],[77.49355,12.96763],[77.49355,12.96763],[77.49356,12.96764],[77.49356,12.96764],[77.49357,12.96764],[77.49358,12.96764],[77.49358,12.96764],[77.49358,12.96764],[77.49359,12.96764],[77.49359,12.96765],[77.49359,12.96765],[77.49359,12.96765],[77.49362,12.96769],[77.49362,12.96769],[77.49362,12.9677],[77.49362,12.9677],[77.49364,12.96775],[77.49364,12.96775],[77.49368,12.96788],[77.49368,12.96788],[77.49374,12.96813],[77.49377,12.96817],[77.49378,12.96818],[77.49379,12.9682],[77.49382,12.96821],[77.49384,12.96821],[77.49388,12.96821],[77.494,12.9682],[77.49432,12.96817],[77.49432,12.96817],[77.49447,12.96815],[77.4945,12.96815],[77.49451,12.96815],[77.49451,12.96814],[77.49452,12.96814],[77.49454,12.96811],[77.49454,12.9681],[77.49455,12.96802],[77.49457,12.96794],[77.49457,12.96785],[77.49457,12.96776],[77.49457,12.96776],[77.49457,12.96771],[77.49457,12.9677],[77.49458,12.96768],[77.49458,12.96768],[77.49458,12.96768],[77.49459,12.96763],[77.4946,12.96758],[77.4946,12.96758],[77.49462,12.96754],[77.49462,12.96754],[77.49465,12.96747],[77.49465,12.96747],[77.49466,12.96745],[77.49466,12.96745],[77.4947,12.9674],[77.4947,12.9674],[77.4947,12.9674],[77.49471,12.96739],[77.49471,12.96739],[77.49472,12.96739],[77.49474,12.96738],[77.49474,12.96738],[77.49474,12.96738],[77.49475,12.96738],[77.49475,12.96738],[77.49478,12.96738],[77.49478,12.96738],[77.49487,12.96738],[77.49492,12.96737],[77.49502,12.96736],[77.49518,12.96732],[77.49518,12.96732],[77.49522,12.96732],[77.49522,12.96732],[77.4953,12.96731],[77.4953,12.96731],[77.49534,12.96731],[77.49535,12.96731],[77.49538,12.96731],[77.49538,12.96731],[77.49538,12.96731],[77.49541,12.96732],[77.49541,12.96732],[77.49541,12.96733],[77.49545,12.96735],[77.49545,12.96735],[77.49545,12.96735],[77.49552,12.96741],[77.49552,12.96741],[77.4956,12.96749],[77.49562,12.9675],[77.49564,12.96752],[77.49566,12.96753],[77.49572,12.96756],[77.49591,12.96764],[77.49598,12.96767],[77.49599,12.96767],[77.49599,12.96767],[77.49602,12.96769],[77.49602,12.96769],[77.49602,12.96769],[77.49605,12.96772],[77.49605,12.96772],[77.49605,12.96772],[77.4961,12.96778],[77.4961,12.96778],[77.4961,12.96778],[77.4961,12.96779],[77.49611,12.96781],[77.49611,12.96781],[77.49611,12.96782],[77.4961,12.96785],[77.4961,12.96785],[77.4961,12.96785],[77.49609,12.96788],[77.49609,12.96793],[77.49609,12.96794],[77.49609,12.96796],[77.4961,12.96798],[77.4961,12.968],[77.49612,12.96802],[77.49614,12.96805],[77.49618,12.9681],[77.49632,12.96825],[77.49632,12.96825],[77.49641,12.96835],[77.49642,12.96837],[77.49643,12.96837],[77.49644,12.96837],[77.49644,12.96837],[77.49645,12.96837],[77.49646,12.96837],[77.49648,12.96836],[77.49649,12.96835],[77.49651,12.96834],[77.49651,12.96834],[77.49657,12.96832],[77.49657,12.96832],[77.49657,12.96832],[77.49659,12.96831],[77.49659,12.96831],[77.49659,12.96831],[77.4966,12.96831]]]},"properties":{"shedId":"C05CAM34"}},{"type":"Feature","geometry":{"type":"Polygon","coordinates":[[[77.46368,12.96902],[77.46348,12.9678],[77.4634,12.96739],[77.46334,12.96707],[77.46321,12.96688],[77.46321,12.96682],[77.46321,12.96677],[77.46324,12.96671],[77.46353,12.96605],[77.46368,12.96558],[77.46388,12.96495],[77.46388,12.96486],[77.46387,12.96482],[77.46382,12.96481],[77.46339,12.96482],[77.46339,12.96482],[77.46339,12.96483],[77.46339,12.96483],[77.46339,12.96483],[77.46339,12.96484],[77.46339,12.96484],[77.46339,12.96485],[77.46339,12.96485],[77.46339,12.96486],[77.46339,12.96486],[77.46339,12.96486],[77.46339,12.96487],[77.46339,12.96487],[77.46339,12.96488],[77.46339,12.96489],[77.46339,12.9649],[77.4634,12.9649],[77.4634,12.96491],[77.4634,12.96492],[77.4634,12.96493],[77.4634,12.96494],[77.4634,12.96495],[77.4634,12.96496],[77.4634,12.96497],[77.4634,12.96497],[77.4634,12.96498],[77.4634,12.96498],[77.4634,12.96499],[77.46341,12.96499],[77.46341,12.965],[77.46341,12.965],[77.46341,12.96501],[77.46341,12.96501],[77.46341,12.96502],[77.46341,12.96503],[77.46342,12.96506],[77.46342,12.96507],[77.46342,12.96507],[77.46342,12.96508],[77.46342,12.96509],[77.46342,12.9651],[77.46342,12.9651],[77.46343,12.96512],[77.46343,12.96512],[77.46343,12.96513],[77.46343,12.96513],[77.46343,12.96514],[77.46343,12.96515],[77.46343,12.96515],[77.46343,12.96516],[77.46343,12.96516],[77.46343,12.96517],[77.46343,12.96518],[77.46343,12.96518],[77.46343,12.96519],[77.46343,12.9652],[77.46343,12.9652],[77.46343,12.96521],[77.46344,12.96522],[77.46344,12.96522],[77.46344,12.96523],[77.46344,12.96524],[77.46344,12.96524],[77.46344,12.96525],[77.46344,12.96526],[77.46344,12.96527],[77.46344,12.96527],[77.46344,12.96528],[77.46343,12.96529],[77.46343,12.9653],[77.46343,12.9653],[77.46343,12.96531],[77.46343,12.96532],[77.46343,12.96533],[77.46343,12.96534],[77.46343,12.96535],[77.46343,12.96536],[77.46343,12.96536],[77.46343,12.96537],[77.46343,12.96537],[77.46343,12.96538],[77.46343,12.96539],[77.46343,12.96541],[77.46343,12.96541],[77.46343,12.96542],[77.46343,12.96543],[77.46343,12.96543],[77.46342,12.96544],[77.46342,12.96544],[77.46342,12.96545],[77.46342,12.96546],[77.46342,12.96546],[77.46342,12.96547],[77.46342,12.96547],[77.46342,12.96548],[77.46342,12.96549],[77.46342,12.9655],[77.46342,12.96551],[77.46342,12.96555],[77.46342,12.96556],[77.46342,12.96557],[77.46342,12.96558],[77.46342,12.96559],[77.46342,12.9656],[77.46342,12.9656],[77.46342,12.96561],[77.46342,12.96562],[77.46342,12.96562],[77.46342,12.96563],[77.46342,12.96563],[77.46342,12.96564],[77.46342,12.96564],[77.46342,12.96564],[77.46342,12.96565],[77.46342,12.96565],[77.46342,12.96566],[77.46342,12.96566],[77.46341,12.96567],[77.46341,12.96567],[77.46341,12.96568],[77.46341,12.96568],[77.46341,12.96568],[77.46341,12.96569],[77.46341,12.96569],[77.46341,12.9657],[77.46341,12.96571],[77.4634,12.96573],[77.4634,12.96573],[77.4634,12.96574],[77.4634,12.96575],[77.4634,12.96575],[77.4634,12.96576],[77.4634,12.96576],[77.4634,12.96576],[77.4634,12.96577],[77.4634,12.96577],[77.46339,12.96577],[77.46339,12.96578],[77.46339,12.96578],[77.46339,12.96579],[77.46339,12.96579],[77.46339,12.96579],[77.46339,12.9658],[77.46339,12.9658],[77.46339,12.9658],[77.46339,12.9658],[77.46339,12.96581],[77.46338,12.96581],[77.46338,12.96581],[77.46338,12.96582],[77.46338,12.96582],[77.46338,12.96582],[77.46338,12.96582],[77.46338,12.96583],[77.46338,12.96583],[77.46338,12.96583],[77.46337,12.96583],[77.46337,12.96584],[77.46337,12.96584],[77.46337,12.96584],[77.46337,12.96585],[77.46337,12.96585],[77.46336,12.96586],[77.46336,12.96587],[77.46335,12.96587],[77.46335,12.96587],[77.46335,12.96588],[77.46335,12.96588],[77.46334,12.96589],[77.46334,12.9659],[77.46333,12.9659],[77.46333,12.96591],[77.46333,12.96592],[77.46332,12.96592],[77.46332,12.96593],[77.46331,12.96594],[77.46331,12.96594],[77.4633,12.96595],[77.4633,12.96596],[77.46329,12.96596],[77.46329,12.96597],[77.46327,12.96599],[77.46327,12.96599],[77.46327,12.966],[77.46326,12.966],[77.46326,12.96601],[77.46326,12.96601],[77.46325,12.96601],[77.46325,12.96602],[77.46325,12.96602],[77.46324,12.96603],[77.46324,12.96603],[77.46324,12.96603],[77.46324,12.96604],[77.46323,12.96604],[77.46323,12.96604],[77.46323,12.96604],[77.46322,12.96605],[77.46322,12.96605],[77.46321,12.96606],[77.46321,12.96606],[77.46321,12.96606],[77.4632,12.96607],[77.4632,12.96607],[77.46319,12.96607],[77.46319,12.96608],[77.46318,12.96608],[77.46318,12.96608],[77.46317,12.96609],[77.46317,12.96609],[77.46316,12.96609],[77.46316,12.9661],[77.46316,12.9661],[77.46315,12.9661],[77.46315,12.9661],[77.46314,12.96611],[77.46314,12.96611],[77.46313,12.96611],[77.46313,12.96611],[77.46313,12.96612],[77.46312,12.96612],[77.46312,12.96612],[77.46311,12.96612],[77.46311,12.96612],[77.4631,12.96613],[77.4631,12.96613],[77.4631,12.96613],[77.46309,12.96613],[77.46309,12.96613],[77.46309,12.96613],[77.46308,12.96613],[77.46308,12.96614],[77.46308,12.96614],[77.46307,12.96614],[77.46307,12.96614],[77.46307,12.96614],[77.46306,12.96614],[77.46306,12.96614],[77.46306,12.96614],[77.46305,12.96614],[77.46305,12.96615],[77.46304,12.96615],[77.46303,12.96615],[77.46303,12.96615],[77.46303,12.96615],[77.46302,12.96615],[77.46302,12.96615],[77.46302,12.96616],[77.46301,12.96616],[77.46301,12.96616],[77.463,12.96616],[77.463,12.96616],[77.463,12.96616],[77.46299,12.96616],[77.46299,12.96616],[77.46298,12.96616],[77.46298,12.96616],[77.46298,12.96616],[77.46297,12.96616],[77.46296,12.96617],[77.46296,12.96617],[77.46296,12.96617],[77.46295,12.96617],[77.46295,12.96617],[77.46295,12.96617],[77.46294,12.96617],[77.46294,12.96617],[77.46294,12.96617],[77.46294,12.96617],[77.46293,12.96617],[77.46293,12.96617],[77.46293,12.96617],[77.46292,12.96617],[77.46292,12.96617],[77.46292,12.96617],[77.46292,12.96617],[77.46291,12.96617],[77.46291,12.96617],[77.46291,12.96617],[77.4629,12.96617],[77.46289,12.96617],[77.46289,12.96617],[77.46289,12.96617],[77.46288,12.96617],[77.46288,12.96617],[77.46287,12.96617],[77.46287,12.96617],[77.46285,12.96617],[77.46284,12.96617],[77.46283,12.96617],[77.46282,12.96617],[77.46281,12.96617],[77.4628,12.96617],[77.46279,12.96617],[77.46278,12.96617],[77.46277,12.96617],[77.46276,12.96616],[77.46275,12.96616],[77.46275,12.96616],[77.46274,12.96616],[77.46274,12.96616],[77.46273,12.96616],[77.46272,12.96616],[77.46272,12.96616],[77.46271,12.96616],[77.4627,12.96616],[77.46268,12.96616],[77.46267,12.96616],[77.46263,12.96615],[77.46262,12.96615],[77.46262,12.96615],[77.46261,12.96615],[77.4626,12.96615],[77.46259,12.96615],[77.46258,12.96615],[77.46256,12.96614],[77.46254,12.96614],[77.46252,12.96614],[77.4625,12.96614],[77.46248,12.96614],[77.46247,12.96614],[77.46245,12.96613],[77.46242,12.96613],[77.4624,12.96613],[77.46238,12.96613],[77.46236,12.96613],[77.46234,12.96613],[77.46231,12.96612],[77.46229,12.96612],[77.46226,12.96612],[77.46223,12.96612],[77.46223,12.96612],[77.46222,12.96612],[77.46222,12.96612],[77.46221,12.96612],[77.4622,12.96612],[77.46218,12.96612],[77.46217,12.96612],[77.46216,12.96612],[77.46215,12.96612],[77.46214,12.96612],[77.46214,12.96612],[77.46213,12.96611],[77.46213,12.96611],[77.46212,12.96611],[77.46212,12.96611],[77.46211,12.96611],[77.46211,12.96611],[77.46209,12.96611],[77.46208,12.96611],[77.46207,12.96611],[77.46207,12.96611],[77.46206,12.96611],[77.46205,12.96611],[77.46205,12.96611],[77.46204,12.96611],[77.46204,12.96611],[77.46204,12.9661],[77.46203,12.9661],[77.46203,12.9661],[77.46202,12.9661],[77.46202,12.9661],[77.46201,12.9661],[77.46201,12.9661],[77.462,12.9661],[77.462,12.9661],[77.46199,12.9661],[77.46199,12.9661],[77.46198,12.96609],[77.46197,12.96609],[77.46196,12.96609],[77.46193,12.96608],[77.46193,12.96608],[77.46191,12.96608],[77.4619,12.96608],[77.46189,12.96607],[77.46188,12.96607],[77.46187,12.96607],[77.46185,12.96607],[77.46181,12.96606],[77.4618,12.96605],[77.46179,12.96605],[77.46177,12.96605],[77.46176,12.96604],[77.46175,12.96604],[77.46173,12.96603],[77.46166,12.96602],[77.46164,12.96601],[77.46162,12.96601],[77.46161,12.966],[77.46159,12.966],[77.46158,12.966],[77.46158,12.966],[77.46157,12.966],[77.46155,12.96599],[77.46155,12.96599],[77.46154,12.96599],[77.46154,12.96599],[77.46153,12.96599],[77.46153,12.96599],[77.46153,12.96599],[77.46153,12.96598],[77.46152,12.96598],[77.46152,12.96598],[77.46152,12.96598],[77.46152,12.96598],[77.46152,12.96598],[77.46151,12.96598],[77.46151,12.96598],[77.46151,12.96598],[77.46151,12.96598],[77.4615,12.96598],[77.4615,12.96598],[77.46149,12.96598],[77.46149,12.96598],[77.46148,12.96598],[77.46147,12.96598],[77.46146,12.96598],[77.46146,12.96598],[77.46145,12.96598],[77.46144,12.96597],[77.46139,12.96597],[77.46137,12.96597],[77.46136,12.96597],[77.46135,12.96596],[77.46134,12.96596],[77.46134,12.96596],[77.46133,12.96596],[77.46132,12.96596],[77.46131,12.96596],[77.4613,12.96596],[77.46129,12.96596],[77.46128,12.96596],[77.46127,12.96596],[77.46126,12.96596],[77.46125,12.96596],[77.46125,12.96596],[77.46124,12.96595],[77.46123,12.96595],[77.46122,12.96595],[77.46121,12.96595],[77.4612,12.96595],[77.4612,12.96595],[77.46119,12.96595],[77.46118,12.96595],[77.46117,12.96595],[77.46117,12.96595],[77.46116,12.96595],[77.46115,12.96595],[77.46114,12.96595],[77.46114,12.96595],[77.46113,12.96595],[77.46112,12.96596],[77.46112,12.96596],[77.46111,12.96596],[77.4611,12.96596],[77.4611,12.96596],[77.46107,12.96596],[77.46106,12.96596],[77.46105,12.96596],[77.46105,12.96596],[77.46104,12.96596],[77.46104,12.96596],[77.46104,12.96596],[77.46103,12.96596],[77.46103,12.96596],[77.46103,12.96596],[77.46102,12.96596],[77.46102,12.96596],[77.46102,12.96597],[77.46101,12.96597],[77.46101,12.96597],[77.46101,12.96597],[77.461,12.96597],[77.461,12.96597],[77.461,12.96597],[77.46099,12.96597],[77.46099,12.96597],[77.46098,12.96597],[77.46098,12.96598],[77.46097,12.96598],[77.46096,12.96598],[77.46095,12.96598],[77.46095,12.96598],[77.46092,12.96599],[77.46091,12.96599],[77.4609,12.966],[77.4609,12.966],[77.46089,12.966],[77.46089,12.966],[77.46088,12.966],[77.46088,12.966],[77.46087,12.966],[77.46087,12.966],[77.46087,12.96601],[77.46086,12.96601],[77.46086,12.96601],[77.46085,12.96601],[77.46084,12.96601],[77.46084,12.96601],[77.46082,12.96602],[77.4608,12.96602],[77.46079,12.96602],[77.46078,12.96603],[77.46077,12.96603],[77.46077,12.96603],[77.46076,12.96603],[77.46076,12.96603],[77.46075,12.96603],[77.46075,12.96603],[77.46074,12.96603],[77.46074,12.96604],[77.46073,12.96604],[77.46073,12.96604],[77.46072,12.96604],[77.46072,12.96604],[77.46071,12.96604],[77.46071,12.96604],[77.4607,12.96604],[77.4607,12.96604],[77.46069,12.96604],[77.46069,12.96604],[77.46068,12.96604],[77.46068,12.96605],[77.46068,12.96605],[77.46067,12.96605],[77.46067,12.96605],[77.46066,12.96605],[77.46065,12.96605],[77.46064,12.96605],[77.46063,12.96605],[77.46063,12.96605],[77.46063,12.96605],[77.46062,12.96605],[77.46062,12.96605],[77.46062,12.96605],[77.46062,12.96605],[77.46061,12.96605],[77.46061,12.96605],[77.46061,12.96605],[77.4606,12.96605],[77.4606,12.96605],[77.4606,12.96605],[77.46059,12.96605],[77.46059,12.96605],[77.46059,12.96605],[77.46059,12.96605],[77.46058,12.96605],[77.46058,12.96605],[77.46058,12.96605],[77.46058,12.96605],[77.46058,12.96604],[77.46057,12.96604],[77.46057,12.96604],[77.46057,12.96604],[77.46057,12.96604],[77.46056,12.96604],[77.46056,12.96604],[77.46056,12.96604],[77.46056,12.96604],[77.46055,12.96604],[77.46055,12.96604],[77.46055,12.96604],[77.46055,12.96604],[77.46054,12.96603],[77.46054,12.96603],[77.46054,12.96603],[77.46054,12.96603],[77.46053,12.96603],[77.46053,12.96603],[77.46053,12.96603],[77.46052,12.96602],[77.46051,12.96602],[77.46051,12.96602],[77.4605,12.96601],[77.4605,12.96601],[77.46049,12.96601],[77.46049,12.96601],[77.46049,12.96601],[77.46048,12.966],[77.46048,12.966],[77.46048,12.966],[77.46047,12.966],[77.46047,12.966],[77.46047,12.966],[77.46047,12.96599],[77.46046,12.96599],[77.46046,12.96599],[77.46046,12.96599],[77.46045,12.96599],[77.46045,12.96598],[77.46045,12.96598],[77.46044,12.96598],[77.46044,12.96598],[77.46044,12.96597],[77.46043,12.96597],[77.46043,12.96597],[77.46042,12.96596],[77.46042,12.96596],[77.46042,12.96596],[77.46041,12.96595],[77.46041,12.96595],[77.4604,12.96594],[77.4604,12.96594],[77.46039,12.96593],[77.46039,12.96593],[77.46038,12.96592],[77.46038,12.96592],[77.46038,12.96592],[77.46037,12.96591],[77.46037,12.96591],[77.46037,12.96591],[77.46036,12.9659],[77.46036,12.9659],[77.46036,12.9659],[77.46035,12.96589],[77.46035,12.96589],[77.46035,12.96588],[77.46034,12.96588],[77.46034,12.96588],[77.46034,12.96587],[77.46033,12.96587],[77.46033,12.96586],[77.46033,12.96586],[77.46032,12.96586],[77.46032,12.96585],[77.46032,12.96585],[77.46032,12.96584],[77.46031,12.96584],[77.46031,12.96584],[77.46031,12.96583],[77.4603,12.96583],[77.4603,12.96582],[77.4603,12.96582],[77.46029,12.96581],[77.46029,12.96581],[77.46029,12.9658],[77.46029,12.9658],[77.46028,12.96579],[77.46027,12.96578],[77.46027,12.96578],[77.46027,12.96578],[77.46027,12.96578],[77.46027,12.96577],[77.46027,12.96577],[77.46026,12.96577],[77.46026,12.96576],[77.46026,12.96576],[77.46026,12.96576],[77.46026,12.96576],[77.46026,12.96575],[77.46026,12.96575],[77.46025,12.96575],[77.46025,12.96575],[77.46025,12.96574],[77.46025,12.96574],[77.46025,12.96574],[77.46025,12.96574],[77.46025,12.96573],[77.46025,12.96573],[77.46025,12.96573],[77.46024,12.96572],[77.46024,12.96572],[77.46024,12.96571],[77.46024,12.9657],[77.46024,12.9657],[77.46023,12.96569],[77.46023,12.96569],[77.46023,12.96569],[77.46023,12.96567],[77.46022,12.96567],[77.46022,12.96566],[77.46022,12.96566],[77.46022,12.96566],[77.46022,12.96565],[77.46022,12.96565],[77.46022,12.96565],[77.46021,12.96564],[77.46021,12.96564],[77.46021,12.96564],[77.46021,12.96563],[77.46021,12.96563],[77.4602,12.96562],[77.4602,12.96562],[77.4602,12.96562],[77.4602,12.96561],[77.46019,12.96561],[77.46019,12.96561],[77.46019,12.9656],[77.46018,12.96558],[77.46018,12.96558],[77.46017,12.96557],[77.46017,12.96557],[77.46016,12.96556],[77.46016,12.96556],[77.46016,12.96556],[77.46016,12.96555],[77.46016,12.96555],[77.46016,12.96555],[77.46016,12.96554],[77.46015,12.96553],[77.46014,12.96552],[77.46014,12.96552],[77.46014,12.96551],[77.46014,12.96551],[77.46013,12.9655],[77.46013,12.9655],[77.46013,12.96549],[77.46013,12.96549],[77.46012,12.96548],[77.46012,12.96548],[77.46012,12.96547],[77.46012,12.96547],[77.46011,12.96546],[77.46011,12.96546],[77.46011,12.96544],[77.4601,12.96544],[77.4601,12.96543],[77.4601,12.96543],[77.4601,12.96542],[77.46009,12.96542],[77.46009,12.96541],[77.46009,12.96541],[77.46009,12.9654],[77.46009,12.9654],[77.46009,12.9654],[77.46008,12.96539],[77.46008,12.96539],[77.46008,12.96538],[77.46008,12.96538],[77.46008,12.96537],[77.46008,12.96537],[77.46008,12.96537],[77.46008,12.96536],[77.46007,12.96536],[77.46007,12.96535],[77.46007,12.96534],[77.46007,12.96533],[77.46007,12.96532],[77.46006,12.96531],[77.46006,12.9653],[77.46006,12.9653],[77.46006,12.9653],[77.46006,12.96529],[77.46006,12.96529],[77.46006,12.96528],[77.46006,12.96528],[77.46006,12.96528],[77.46006,12.96527],[77.46005,12.96527],[77.46005,12.96527],[77.46005,12.96526],[77.46005,12.96526],[77.46005,12.96526],[77.46005,12.96525],[77.46005,12.96525],[77.46005,12.96525],[77.46005,12.96524],[77.46005,12.96524],[77.46005,12.96524],[77.46005,12.96523],[77.46005,12.96523],[77.46005,12.96522],[77.46005,12.96522],[77.46005,12.96521],[77.46005,12.9652],[77.46005,12.9652],[77.46005,12.96519],[77.46005,12.96517],[77.46005,12.96516],[77.46005,12.96515],[77.46005,12.96514],[77.46005,12.96514],[77.46005,12.96513],[77.46005,12.96513],[77.46005,12.96512],[77.46005,12.96512],[77.46005,12.96512],[77.46005,12.96511],[77.46005,12.96511],[77.46005,12.96511],[77.46005,12.96511],[77.46005,12.9651],[77.46005,12.9651],[77.46005,12.9651],[77.46005,12.9651],[77.46005,12.9651],[77.46005,12.9651],[77.46004,12.96509],[77.46004,12.96509],[77.46004,12.96509],[77.46004,12.96509],[77.46004,12.96509],[77.46004,12.96509],[77.46004,12.96508],[77.46004,12.96508],[77.46004,12.96508],[77.46004,12.96507],[77.46003,12.96507],[77.46003,12.96507],[77.46003,12.96506],[77.46003,12.96506],[77.46003,12.96506],[77.46003,12.96505],[77.46002,12.96505],[77.46002,12.96504],[77.46002,12.96503],[77.46001,12.96503],[77.46,12.96501],[77.46,12.965],[77.46,12.96499],[77.45999,12.96498],[77.45998,12.96496],[77.45997,12.96495],[77.45997,12.96493],[77.45996,12.96492],[77.45995,12.96491],[77.45995,12.9649],[77.45994,12.96488],[77.45994,12.96487],[77.45993,12.96486],[77.45993,12.96485],[77.45992,12.96484],[77.45991,12.96483],[77.45991,12.96482],[77.4599,12.96481],[77.4599,12.9648],[77.4599,12.96479],[77.45989,12.96479],[77.45989,12.96479],[77.45989,12.96478],[77.45989,12.96478],[77.45988,12.96476],[77.45988,12.96476],[77.45988,12.96475],[77.45987,12.96475],[77.45987,12.96475],[77.45987,12.96474],[77.45987,12.96474],[77.45987,12.96474],[77.45987,12.96474],[77.45987,12.96474],[77.45987,12.96473],[77.45986,12.96473],[77.45986,12.96473],[77.45986,12.96473],[77.45986,12.96473],[77.45986,12.96473],[77.45986,12.96472],[77.45986,12.96472],[77.45986,12.96472],[77.45986,12.96472],[77.45986,12.96472],[77.45985,12.96472],[77.45985,12.96472],[77.45985,12.96471],[77.45985,12.96471],[77.45985,12.96471],[77.45984,12.96471],[77.45984,12.9647],[77.45984,12.9647],[77.45984,12.9647],[77.45984,12.9647],[77.45983,12.96469],[77.45983,12.96469],[77.45983,12.96469],[77.45982,12.96469],[77.45982,12.96468],[77.45982,12.96468],[77.45981,12.96468],[77.45981,12.96468],[77.45981,12.96467],[77.45981,12.96467],[77.4598,12.96467],[77.4598,12.96467],[77.4598,12.96467],[77.4598,12.96466],[77.45979,12.96466],[77.45979,12.96466],[77.45979,12.96466],[77.45978,12.96466],[77.45978,12.96465],[77.45978,12.96465],[77.45977,12.96465],[77.45977,12.96465],[77.45977,12.96465],[77.45976,12.96464],[77.45976,12.96464],[77.45976,12.96464],[77.45975,12.96464],[77.45975,12.96463],[77.45975,12.96463],[77.45975,12.96463],[77.45975,12.96463],[77.45974,12.96463],[77.45974,12.96463],[77.45974,12.96463],[77.45974,12.96463],[77.45974,12.96463],[77.45974,12.96463],[77.45974,12.96463],[77.45974,12.96463],[77.45973,12.96463],[77.45973,12.96463],[77.45973,12.96463],[77.45973,12.96463],[77.45973,12.96463],[77.45973,12.96463],[77.45972,12.96463],[77.45972,12.96462],[77.45971,12.96462],[77.45971,12.96462],[77.45971,12.96462],[77.4597,12.96462],[77.4597,12.96462],[77.4597,12.96462],[77.4597,12.96462],[77.45969,12.96462],[77.45969,12.96462],[77.45968,12.96462],[77.45968,12.96462],[77.45967,12.96462],[77.45966,12.96462],[77.45965,12.96462],[77.45965,12.96462],[77.45964,12.96462],[77.45963,12.96462],[77.45962,12.96461],[77.45961,12.96461],[77.4596,12.96461],[77.45959,12.96461],[77.45958,12.96461],[77.45958,12.96461],[77.45957,12.96461],[77.45957,12.96461],[77.45957,12.96461],[77.45956,12.96461],[77.45956,12.96461],[77.45956,12.96461],[77.45955,12.96461],[77.45955,12.96461],[77.45954,12.96461],[77.45954,12.96461],[77.45954,12.9646],[77.45953,12.9646],[77.45953,12.9646],[77.45952,12.9646],[77.45952,12.9646],[77.45952,12.9646],[77.45951,12.9646],[77.45951,12.9646],[77.45951,12.9646],[77.4595,12.9646],[77.4595,12.9646],[77.45949,12.9646],[77.45949,12.96459],[77.45949,12.96459],[77.45948,12.96459],[77.45948,12.96459],[77.45947,12.96459],[77.45947,12.96459],[77.45947,12.96459],[77.45946,12.96459],[77.45946,12.96459],[77.45945,12.96458],[77.45944,12.96458],[77.45944,12.96458],[77.45942,12.96457],[77.45941,12.96457],[77.45941,12.96457],[77.4594,12.96457],[77.45939,12.96456],[77.45936,12.96456],[77.45936,12.96455],[77.45935,12.96455],[77.45934,12.96455],[77.45934,12.96455],[77.45933,12.96454],[77.45932,12.96454],[77.45932,12.96454],[77.45931,12.96454],[77.45931,12.96454],[77.4593,12.96453],[77.4593,12.96453],[77.45929,12.96453],[77.45929,12.96453],[77.45928,12.96453],[77.45928,12.96452],[77.45927,12.96452],[77.45927,12.96452],[77.45926,12.96452],[77.45926,12.96452],[77.45925,12.96451],[77.45925,12.96451],[77.45924,12.96451],[77.45924,12.96451],[77.45923,12.9645],[77.45923,12.9645],[77.45922,12.9645],[77.45922,12.9645],[77.45921,12.9645],[77.45921,12.96449],[77.4592,12.96449],[77.4592,12.96449],[77.45919,12.96448],[77.45919,12.96448],[77.45918,12.96448],[77.45917,12.96447],[77.45915,12.96446],[77.45914,12.96446],[77.45914,12.96445],[77.45913,12.96445],[77.45912,12.96445],[77.45912,12.96444],[77.45911,12.96444],[77.4591,12.96444],[77.45909,12.96443],[77.45908,12.96442],[77.45907,12.96442],[77.45907,12.96442],[77.45906,12.96442],[77.45906,12.96441],[77.45906,12.96441],[77.45905,12.96441],[77.45905,12.96441],[77.45905,12.96441],[77.45905,12.96441],[77.45904,12.96441],[77.45904,12.9644],[77.45903,12.9644],[77.45903,12.9644],[77.45902,12.9644],[77.45902,12.9644],[77.45901,12.9644],[77.45901,12.96439],[77.459,12.96439],[77.459,12.96439],[77.45899,12.96439],[77.45899,12.96439],[77.45898,12.96439],[77.45897,12.96438],[77.45895,12.96438],[77.45894,12.96437],[77.45893,12.96437],[77.45893,12.96437],[77.4589,12.96436],[77.45889,12.96436],[77.45887,12.96435],[77.45886,12.96435],[77.45884,12.96434],[77.45883,12.96434],[77.45881,12.96433],[77.4588,12.96433],[77.45879,12.96432],[77.45877,12.96432],[77.45876,12.96432],[77.45875,12.96431],[77.45874,12.96431],[77.45873,12.96431],[77.45872,12.9643],[77.4587,12.9643],[77.4587,12.9643],[77.45869,12.9643],[77.45868,12.96429],[77.45867,12.96429],[77.45867,12.96429],[77.45866,12.96429],[77.45866,12.96429],[77.45866,12.96429],[77.45865,12.96429],[77.45865,12.96429],[77.45865,12.96428],[77.45864,12.96428],[77.45864,12.96428],[77.45864,12.96428],[77.45864,12.96428],[77.45863,12.96428],[77.45863,12.96428],[77.45863,12.96428],[77.45862,12.96428],[77.45862,12.96428],[77.45862,12.96428],[77.45862,12.96428],[77.45861,12.96428],[77.45861,12.96428],[77.45861,12.96428],[77.4586,12.96428],[77.4586,12.96428],[77.4586,12.96428],[77.45859,12.96428],[77.45859,12.96428],[77.45859,12.96428],[77.45858,12.96428],[77.45858,12.96428],[77.45858,12.96428],[77.45857,12.96428],[77.45856,12.96427],[77.45854,12.96427],[77.45853,12.96427],[77.45852,12.96427],[77.45851,12.96427],[77.4585,12.96427],[77.45849,12.96427],[77.45848,12.96427],[77.45848,12.96427],[77.45847,12.96427],[77.45846,12.96427],[77.45846,12.96427],[77.45846,12.96427],[77.45845,12.96427],[77.45845,12.96427],[77.45845,12.96427],[77.45844,12.96427],[77.45844,12.96427],[77.45844,12.96427],[77.45843,12.96427],[77.45843,12.96427],[77.45843,12.96427],[77.45842,12.96428],[77.45842,12.96428],[77.45842,12.96428],[77.45841,12.96428],[77.45841,12.96428],[77.4584,12.96428],[77.4584,12.96428],[77.45839,12.96428],[77.45839,12.96428],[77.45839,12.96428],[77.45839,12.96428],[77.45839,12.96428],[77.45838,12.96428],[77.45838,12.96428],[77.45838,12.96428],[77.45838,12.96428],[77.45838,12.96428],[77.45838,12.96428],[77.45838,12.96428],[77.45837,12.96428],[77.45837,12.96428],[77.45837,12.96428],[77.45837,12.96428],[77.45837,12.96428],[77.45836,12.96429],[77.45836,12.96429],[77.45836,12.96429],[77.45835,12.96429],[77.45835,12.96429],[77.45833,12.9643],[77.45833,12.9643],[77.4583,12.96431],[77.45829,12.96432],[77.45828,12.96432],[77.45827,12.96433],[77.45826,12.96433],[77.45825,12.96434],[77.45824,12.96434],[77.45824,12.96434],[77.45823,12.96434],[77.45823,12.96434],[77.45822,12.96435],[77.45822,12.96435],[77.45821,12.96435],[77.45821,12.96435],[77.45821,12.96435],[77.4582,12.96435],[77.4582,12.96435],[77.45819,12.96436],[77.45819,12.96436],[77.45818,12.96436],[77.45816,12.96437],[77.45815,12.96437],[77.45814,12.96437],[77.45814,12.96437],[77.45813,12.96437],[77.45813,12.96438],[77.45812,12.96438],[77.45812,12.96438],[77.45812,12.96438],[77.45811,12.96438],[77.45811,12.96438],[77.45811,12.96438],[77.4581,12.96438],[77.4581,12.96439],[77.4581,12.96439],[77.45809,12.96439],[77.45809,12.96439],[77.45809,12.96439],[77.45809,12.96439],[77.45808,12.96439],[77.45808,12.9644],[77.45808,12.9644],[77.45807,12.9644],[77.45807,12.9644],[77.45807,12.9644],[77.45807,12.9644],[77.45806,12.9644],[77.45806,12.96441],[77.45806,12.96441],[77.45806,12.96441],[77.45805,12.96441],[77.45805,12.96441],[77.45804,12.96441],[77.45804,12.96441],[77.45804,12.96442],[77.45804,12.96442],[77.45804,12.96442],[77.45804,12.96442],[77.45804,12.96442],[77.45804,12.96442],[77.45804,12.96442],[77.45804,12.96442],[77.45803,12.96442],[77.45803,12.96442],[77.45803,12.96442],[77.45803,12.96443],[77.45803,12.96443],[77.45803,12.96443],[77.45803,12.96443],[77.45803,12.96443],[77.45803,12.96443],[77.45803,12.96443],[77.45803,12.96443],[77.45803,12.96443],[77.45803,12.96444],[77.45803,12.96444],[77.45802,12.96444],[77.45802,12.96444],[77.45802,12.96444],[77.45802,12.96444],[77.45802,12.96445],[77.45802,12.96445],[77.45803,12.96445],[77.45803,12.96445],[77.45803,12.96446],[77.45803,12.96446],[77.45803,12.96447],[77.45803,12.96447],[77.45803,12.96447],[77.45803,12.96448],[77.45803,12.96448],[77.45803,12.96448],[77.45803,12.96448],[77.45803,12.96448],[77.45803,12.96448],[77.45803,12.96448],[77.45803,12.96449],[77.45803,12.96449],[77.45803,12.96449],[77.45803,12.9645],[77.45803,12.9645],[77.45803,12.9645],[77.45803,12.9645],[77.45803,12.96451],[77.45803,12.96451],[77.45803,12.96452],[77.45802,12.96452],[77.45802,12.96453],[77.45802,12.96454],[77.45802,12.96455],[77.45802,12.96455],[77.45802,12.96456],[77.45802,12.96456],[77.45802,12.96456],[77.45802,12.96457],[77.45802,12.96457],[77.45802,12.96457],[77.45802,12.96458],[77.45802,12.96458],[77.45802,12.96458],[77.45802,12.96459],[77.45802,12.96459],[77.45802,12.96459],[77.45802,12.96459],[77.45802,12.96459],[77.45802,12.9646],[77.45802,12.9646],[77.45802,12.9646],[77.45802,12.9646],[77.45802,12.96461],[77.45802,12.96461],[77.45802,12.96462],[77.45802,12.96462],[77.45802,12.96463],[77.45802,12.96464],[77.45802,12.96464],[77.45802,12.96465],[77.45802,12.96467],[77.45802,12.96468],[77.45802,12.9647],[77.45802,12.96471],[77.45803,12.96473],[77.45803,12.96474],[77.45803,12.96476],[77.45815,12.96481],[77.45815,12.96481],[77.45838,12.96492],[77.45838,12.96492],[77.45838,12.96492],[77.45843,12.96495],[77.45843,12.96495],[77.45845,12.96497],[77.4585,12.965],[77.4585,12.965],[77.45855,12.96505],[77.45855,12.96505],[77.45857,12.96507],[77.45857,12.96507],[77.45858,12.96508],[77.45882,12.96504],[77.45918,12.96508],[77.45924,12.96518],[77.45918,12.9652],[77.45918,12.96522],[77.45936,12.96548],[77.45936,12.96549],[77.45933,12.96552],[77.45931,12.96555],[77.4593,12.96558],[77.45931,12.9656],[77.45943,12.96573],[77.45975,12.96615],[77.46,12.96656],[77.46002,12.96688],[77.46001,12.96717],[77.46001,12.96719],[77.45999,12.96749],[77.45978,12.96775],[77.45955,12.96808],[77.45926,12.96807],[77.45929,12.96812],[77.45945,12.96838],[77.45945,12.96838],[77.45957,12.9686],[77.45959,12.96862],[77.45988,12.96914],[77.45997,12.9693],[77.45997,12.9693],[77.4601,12.96957],[77.46021,12.9698],[77.4603,12.96999],[77.4603,12.96999],[77.46035,12.97012],[77.46035,12.97012],[77.46037,12.97019],[77.46037,12.9702],[77.4604,12.97032],[77.4604,12.97033],[77.4604,12.97046],[77.4604,12.97046],[77.4604,12.97061],[77.4604,12.97062],[77.46039,12.97067],[77.46039,12.97068],[77.46039,12.97068],[77.46036,12.97082],[77.46032,12.971],[77.46155,12.97094],[77.46167,12.97089],[77.4617,12.97086],[77.46172,12.97083],[77.46173,12.97078],[77.46175,12.97073],[77.46177,12.9707],[77.46178,12.97068],[77.46183,12.97064],[77.4622,12.97057],[77.46257,12.97044],[77.46251,12.97025],[77.46278,12.97015],[77.46329,12.96988],[77.46334,12.96984],[77.46337,12.96979],[77.46339,12.96977],[77.46341,12.96974],[77.46345,12.96969],[77.4635,12.96965],[77.46356,12.96961],[77.46362,12.96957],[77.46363,12.96944],[77.46361,12.96943],[77.46358,12.96941],[77.46358,12.96938],[77.46358,12.96936],[77.4636,12.96934],[77.46364,12.96931],[77.46367,12.96927],[77.46368,12.96922],[77.46368,12.96919],[77.46368,12.96914],[77.46368,12.96902]]]},"properties":{"shedId":"C05CAM34"}},{"type":"Feature","geometry":{"type":"Polygon","coordinates":[[[77.56989,12.73563],[77.56987,12.73563],[77.56984,12.73564],[77.56982,12.73568],[77.56977,12.73578],[77.56969,12.7359],[77.56955,12.73603],[77.5694,12.73609],[77.56935,12.73614],[77.5693,12.73618],[77.56927,12.73624],[77.56926,12.73629],[77.56925,12.73634],[77.56926,12.73644],[77.56939,12.73673],[77.56951,12.73708],[77.56953,12.73716],[77.56954,12.73725],[77.56955,12.73732],[77.56957,12.73735],[77.56961,12.73737],[77.56969,12.73737],[77.56973,12.73736],[77.56978,12.73733],[77.56982,12.73727],[77.56985,12.73723],[77.5699,12.73719],[77.56998,12.73715],[77.57015,12.73708],[77.5703,12.73701],[77.5704,12.73692],[77.57042,12.73688],[77.57043,12.73681],[77.57035,12.73653],[77.57018,12.73625],[77.57015,12.73614],[77.57011,12.73601],[77.57007,12.73582],[77.57002,12.73572],[77.56998,12.73567],[77.56989,12.73563]]]},"properties":{"shedId":"C05CAM34"}},{"type":"Feature","geometry":{"type":"Polygon","coordinates":[[[77.57745,12.78676],[77.5774,12.78664],[77.5773,12.78641],[77.57724,12.78629],[77.5772,12.78623],[77.57717,12.78623],[77.57703,12.78623],[77.57692,12.78622],[77.57673,12.78618],[77.57651,12.78612],[77.57633,12.78606],[77.57621,12.78605],[77.57621,12.78605],[77.57621,12.78605],[77.57608,12.78606],[77.57598,12.78609],[77.57565,12.78619],[77.57552,12.78626],[77.57544,12.78633],[77.57538,12.78644],[77.57535,12.78647],[77.57538,12.78652],[77.57539,12.78654],[77.57536,12.78656],[77.57534,12.78659],[77.57531,12.78661],[77.5753,12.78664],[77.57533,12.78666],[77.57537,12.78666],[77.57545,12.78665],[77.57553,12.78663],[77.57563,12.7866],[77.57571,12.78659],[77.57587,12.78662],[77.57605,12.78671],[77.57608,12.78674],[77.57614,12.78679],[77.57629,12.78683],[77.57637,12.78685],[77.57648,12.78685],[77.57655,12.78686],[77.5766,12.78683],[77.57662,12.78671],[77.57666,12.78667],[77.57676,12.78668],[77.57688,12.78671],[77.57695,12.78674],[77.57699,12.78679],[77.57701,12.78685],[77.57706,12.78688],[77.57711,12.78688],[77.57723,12.78685],[77.57731,12.78683],[77.57735,12.78682],[77.57745,12.78676]]]},"properties":{"shedId":"C05CAM34"}},{"type":"Feature","geometry":{"type":"Polygon","coordinates":[[[77.56648,12.72093],[77.56649,12.72059],[77.56673,12.72052],[77.56696,12.72055],[77.56722,12.72071],[77.56742,12.7209],[77.56753,12.72115],[77.56717,12.72115],[77.56664,12.72108],[77.56642,12.72111],[77.56648,12.72093]]]},"properties":{"shedId":"C05CAM34"}},{"type":"Feature","geometry":{"type":"Polygon","coordinates":[[[77.55357,12.83988],[77.55375,12.83975],[77.5538,12.83976],[77.55386,12.83975],[77.55391,12.83973],[77.55397,12.8397],[77.55425,12.83961],[77.55427,12.8396],[77.55433,12.83954],[77.55437,12.83951],[77.5544,12.83949],[77.55445,12.83948],[77.55451,12.83946],[77.55453,12.83946],[77.55459,12.83941],[77.55461,12.83939],[77.55462,12.83936],[77.55461,12.83933],[77.5546,12.83931],[77.55457,12.83925],[77.55456,12.83914],[77.55454,12.83907],[77.5545,12.83902],[77.55446,12.839],[77.55434,12.839],[77.55429,12.839],[77.55422,12.83896],[77.55416,12.83892],[77.55408,12.8389],[77.55404,12.8389],[77.55398,12.8389],[77.5538,12.83891],[77.55338,12.83881],[77.55333,12.8388],[77.55322,12.83878],[77.55318,12.83879],[77.55315,12.83883],[77.55311,12.83894],[77.55287,12.83985],[77.55286,12.83995],[77.55287,12.84],[77.55294,12.84006],[77.553,12.84008],[77.55306,12.84009],[77.55313,12.84009],[77.5532,12.84006],[77.55325,12.84003],[77.55357,12.83988]]]},"properties":{"shedId":"C05CAM34"}},{"type":"Feature","geometry":{"type":"Polygon","coordinates":[[[77.55706,12.80359],[77.55698,12.80354],[77.5569,12.80354],[77.55685,12.80358],[77.55681,12.80363],[77.5568,12.8037],[77.55678,12.8038],[77.55678,12.80392],[77.55676,12.80405],[77.5567,12.80443],[77.55663,12.80458],[77.55651,12.80474],[77.55642,12.80491],[77.55632,12.80513],[77.55633,12.80516],[77.55635,12.80516],[77.55644,12.80516],[77.55653,12.80513],[77.55678,12.80508],[77.55707,12.80502],[77.5572,12.80496],[77.55747,12.80482],[77.5576,12.8047],[77.55771,12.80459],[77.5578,12.80448],[77.55787,12.80443],[77.55789,12.8044],[77.5579,12.80435],[77.5579,12.80418],[77.5579,12.804],[77.55789,12.80393],[77.55784,12.80389],[77.55771,12.80385],[77.55757,12.80383],[77.55733,12.80376],[77.55725,12.80371],[77.55719,12.80369],[77.55713,12.80366],[77.55706,12.80359]]]},"properties":{"shedId":"C05CAM34"}},{"type":"Feature","geometry":{"type":"Polygon","coordinates":[[[77.55766,12.78983],[77.55762,12.78983],[77.55753,12.78986],[77.55751,12.78991],[77.55748,12.79001],[77.55745,12.79015],[77.55745,12.79029],[77.5575,12.79042],[77.55753,12.79057],[77.55758,12.79079],[77.55768,12.79111],[77.55772,12.79114],[77.55779,12.79115],[77.55797,12.79115],[77.55805,12.79114],[77.55827,12.79111],[77.55838,12.7911],[77.55844,12.79105],[77.5585,12.79098],[77.55852,12.79093],[77.55852,12.79089],[77.55852,12.79083],[77.55852,12.79066],[77.5585,12.79061],[77.55845,12.79057],[77.55838,12.7905],[77.55818,12.79036],[77.55804,12.79026],[77.55793,12.7902],[77.55786,12.79014],[77.55783,12.7901],[77.55783,12.79004],[77.55782,12.78998],[77.55779,12.78993],[77.55776,12.78989],[77.55771,12.78986],[77.55766,12.78983]]]},"properties":{"shedId":"C05CAM34"}},{"type":"Feature","geometry":{"type":"Polygon","coordinates":[[[77.55909,12.8146],[77.55893,12.8142],[77.55867,12.8143],[77.55883,12.8147],[77.55909,12.8146]]]},"properties":{"shedId":"C05CAM34"}},{"type":"Feature","geometry":{"type":"Polygon","coordinates":[[[77.56169,12.7934],[77.56176,12.79335],[77.56184,12.79336],[77.5619,12.7934],[77.562,12.79346],[77.56217,12.79344],[77.56219,12.79341],[77.56219,12.79338],[77.56211,12.79326],[77.5621,12.79322],[77.56211,12.79314],[77.56213,12.79304],[77.56215,12.79292],[77.5622,12.79286],[77.5623,12.79266],[77.56232,12.79254],[77.56235,12.79247],[77.56241,12.79244],[77.56246,12.79241],[77.56246,12.79237],[77.56241,12.7923],[77.56235,12.79225],[77.56234,12.79219],[77.56234,12.79214],[77.56239,12.79209],[77.56246,12.79204],[77.56257,12.79198],[77.56262,12.79195],[77.56266,12.79191],[77.56269,12.79188],[77.56271,12.79185],[77.56276,12.7917],[77.56277,12.79164],[77.56278,12.79157],[77.56277,12.79152],[77.56271,12.79151],[77.56261,12.79152],[77.56255,12.79154],[77.56248,12.79155],[77.56242,12.79154],[77.56233,12.79151],[77.56227,12.79147],[77.5622,12.79145],[77.56214,12.79145],[77.56207,12.79147],[77.56202,12.79151],[77.56198,12.79152],[77.56193,12.79152],[77.56185,12.79151],[77.56171,12.79154],[77.56153,12.79176],[77.56153,12.79176],[77.56127,12.79204],[77.56108,12.79227],[77.56089,12.79249],[77.56078,12.79261],[77.56075,12.79266],[77.56074,12.79269],[77.56075,12.79271],[77.56076,12.79276],[77.56083,12.79284],[77.5609,12.7929],[77.5611,12.79307],[77.5611,12.79307],[77.5612,12.79319],[77.5612,12.79319],[77.5612,12.79319],[77.56123,12.79323],[77.56123,12.79323],[77.56123,12.79323],[77.56125,12.79329],[77.56125,12.79329],[77.5613,12.79346],[77.56143,12.7935],[77.56157,12.79348],[77.56162,12.79346],[77.56169,12.7934]]]},"properties":{"shedId":"C05CAM34"}},{"type":"Feature","geometry":{"type":"Polygon","coordinates":[[[77.56299,12.83758],[77.56307,12.83758],[77.56315,12.83758],[77.56317,12.83757],[77.56321,12.83755],[77.56324,12.83752],[77.56326,12.83747],[77.56328,12.83737],[77.56328,12.83708],[77.56327,12.83701],[77.56324,12.83681],[77.56324,12.83671],[77.56324,12.83665],[77.56322,12.83657],[77.56322,12.83648],[77.56322,12.83643],[77.56324,12.83639],[77.56326,12.83637],[77.56329,12.83636],[77.56341,12.83636],[77.56349,12.83636],[77.56353,12.83636],[77.56361,12.83638],[77.56363,12.83639],[77.56412,12.8366],[77.56419,12.83664],[77.56423,12.83667],[77.56426,12.8367],[77.56427,12.83672],[77.56429,12.83678],[77.56429,12.8368],[77.56432,12.83689],[77.56435,12.83696],[77.56442,12.83704],[77.56446,12.83705],[77.56452,12.83705],[77.56457,12.83704],[77.56461,12.83701],[77.56466,12.83695],[77.56467,12.83688],[77.56467,12.83686],[77.56466,12.83683],[77.56463,12.83678],[77.5646,12.83675],[77.56453,12.83668],[77.56445,12.83657],[77.56441,12.83652],[77.56422,12.83637],[77.56415,12.83629],[77.5641,12.83622],[77.56407,12.83615],[77.564,12.83603],[77.56385,12.83582],[77.56378,12.83577],[77.56376,12.83572],[77.56374,12.83564],[77.56371,12.83553],[77.5637,12.83545],[77.56366,12.83532],[77.56362,12.83522],[77.56354,12.83505],[77.56346,12.83496],[77.56336,12.83486],[77.56328,12.83479],[77.56318,12.83472],[77.5631,12.83465],[77.56303,12.83458],[77.563,12.83453],[77.5629,12.83441],[77.56285,12.83436],[77.56283,12.83433],[77.5628,12.83427],[77.56279,12.83425],[77.56278,12.83421],[77.56278,12.83418],[77.56278,12.83414],[77.56278,12.83411],[77.56279,12.83404],[77.56281,12.834],[77.56283,12.83395],[77.56284,12.83391],[77.56284,12.83388],[77.56284,12.83386],[77.56283,12.83385],[77.56282,12.83383],[77.5628,12.83382],[77.56279,12.83382],[77.56277,12.83383],[77.56276,12.83384],[77.56273,12.83386],[77.56269,12.8339],[77.56263,12.83398],[77.56257,12.83403],[77.5622,12.83425],[77.56202,12.8344],[77.56195,12.83445],[77.5618,12.83454],[77.56174,12.83456],[77.56168,12.83459],[77.56159,12.83464],[77.5615,12.83471],[77.56148,12.83474],[77.56148,12.83475],[77.56149,12.83482],[77.56153,12.83491],[77.56156,12.83494],[77.56164,12.83497],[77.5617,12.83498],[77.56176,12.83498],[77.56183,12.835],[77.56196,12.83505],[77.56201,12.83509],[77.56218,12.83521],[77.56224,12.83528],[77.56228,12.83535],[77.5623,12.83542],[77.5623,12.83557],[77.56229,12.83563],[77.56228,12.83568],[77.56227,12.83571],[77.56224,12.83581],[77.56221,12.83591],[77.56219,12.83594],[77.56219,12.836],[77.56219,12.83607],[77.56221,12.8361],[77.56224,12.83613],[77.56227,12.83614],[77.56233,12.83616],[77.56236,12.83619],[77.56238,12.83621],[77.56239,12.83626],[77.56239,12.83635],[77.5624,12.83644],[77.5624,12.8366],[77.56241,12.83665],[77.56243,12.83677],[77.56244,12.83679],[77.56247,12.83683],[77.56254,12.8369],[77.56259,12.83693],[77.56262,12.83694],[77.56269,12.83697],[77.56271,12.83698],[77.56274,12.83703],[77.56276,12.83719],[77.56277,12.83736],[77.56278,12.83748],[77.56279,12.83751],[77.5628,12.83753],[77.56288,12.83757],[77.56294,12.83758],[77.56299,12.83758]]]},"properties":{"shedId":"C05CAM34"}},{"type":"Feature","geometry":{"type":"Polygon","coordinates":[[[77.56375,12.79726],[77.56389,12.79725],[77.56399,12.79725],[77.56406,12.79727],[77.56423,12.79727],[77.5644,12.79724],[77.56439,12.79723],[77.56449,12.79722],[77.56454,12.79718],[77.56461,12.79712],[77.56468,12.79711],[77.56477,12.79707],[77.56486,12.79702],[77.56491,12.79697],[77.5649,12.79693],[77.56484,12.7969],[77.56471,12.79689],[77.56461,12.79689],[77.56453,12.7969],[77.56445,12.79693],[77.56435,12.79693],[77.56427,12.79691],[77.56419,12.79687],[77.56412,12.79682],[77.56405,12.79678],[77.56398,12.79675],[77.56383,12.79672],[77.56363,12.79661],[77.56353,12.79656],[77.56345,12.79652],[77.56339,12.79646],[77.56332,12.79642],[77.56323,12.79641],[77.56313,12.79643],[77.56302,12.79647],[77.56295,12.79651],[77.56287,12.79652],[77.56284,12.79651],[77.56279,12.79651],[77.56278,12.79654],[77.56278,12.7966],[77.56279,12.79665],[77.56279,12.79676],[77.56278,12.79684],[77.56275,12.7969],[77.56267,12.79696],[77.56261,12.79699],[77.56257,12.79703],[77.56258,12.79709],[77.56264,12.79715],[77.56274,12.79721],[77.56281,12.79724],[77.56287,12.79726],[77.5629,12.79732],[77.56297,12.79739],[77.56306,12.79749],[77.5631,12.79753],[77.56316,12.79753],[77.56325,12.79752],[77.56332,12.79749],[77.56339,12.79742],[77.56367,12.79731],[77.56375,12.79726]]]},"properties":{"shedId":"C05CAM34"}},{"type":"Feature","geometry":{"type":"Polygon","coordinates":[[[77.56341,12.80066],[77.56397,12.80054],[77.56429,12.80013],[77.56438,12.79978],[77.56423,12.79972],[77.56397,12.8001],[77.56372,12.8001],[77.56341,12.80066]]]},"properties":{"shedId":"C05CAM34"}},{"type":"Feature","geometry":{"type":"Polygon","coordinates":[[[77.56943,12.79875],[77.56944,12.79871],[77.56944,12.79864],[77.56942,12.79853],[77.56936,12.79847],[77.56927,12.79847],[77.56909,12.79841],[77.56898,12.79841],[77.5689,12.7984],[77.5688,12.79833],[77.5687,12.79823],[77.56855,12.79805],[77.56842,12.79793],[77.56831,12.79786],[77.56823,12.79784],[77.56816,12.79782],[77.56808,12.7979],[77.56785,12.79812],[77.56767,12.79832],[77.56774,12.79839],[77.56776,12.79843],[77.56776,12.79848],[77.56775,12.79855],[77.56775,12.79861],[77.56776,12.79864],[77.56779,12.79864],[77.56783,12.79861],[77.56787,12.79854],[77.56789,12.7985],[77.56795,12.79845],[77.568,12.79846],[77.56813,12.79843],[77.56823,12.79841],[77.56835,12.79843],[77.56843,12.79844],[77.56852,12.79854],[77.5686,12.79866],[77.56873,12.79873],[77.5689,12.79873],[77.56907,12.79872],[77.56925,12.79872],[77.56934,12.79874],[77.56943,12.79875]]]},"properties":{"shedId":"C05CAM34"}},{"type":"Feature","geometry":{"type":"Polygon","coordinates":[[[77.57194,12.79956],[77.57187,12.79952],[77.57174,12.79952],[77.57149,12.79952],[77.57123,12.79951],[77.57111,12.79947],[77.5709,12.79932],[77.57063,12.79914],[77.57057,12.79907],[77.57053,12.79901],[77.57048,12.79893],[77.57043,12.79887],[77.57038,12.79884],[77.57035,12.79886],[77.57018,12.79901],[77.56999,12.79924],[77.56993,12.79932],[77.56996,12.7994],[77.56997,12.79948],[77.57003,12.79954],[77.57013,12.79966],[77.57019,12.79974],[77.57028,12.79979],[77.57036,12.79979],[77.57049,12.7998],[77.57063,12.79982],[77.57091,12.79991],[77.5711,12.80001],[77.57146,12.80019],[77.57153,12.80029],[77.57153,12.80029],[77.57154,12.80026],[77.57154,12.80023],[77.57154,12.80023],[77.57154,12.80023],[77.57155,12.80019],[77.57155,12.80015],[77.57156,12.80011],[77.57157,12.80005],[77.57159,12.8],[77.57161,12.79993],[77.57164,12.79987],[77.57167,12.79982],[77.5717,12.79978],[77.57171,12.79973],[77.57173,12.79969],[77.57175,12.79966],[77.57177,12.79963],[77.57179,12.7996],[77.57186,12.79956],[77.57194,12.79956]]]},"properties":{"shedId":"C05CAM34"}},{"type":"Feature","geometry":{"type":"Polygon","coordinates":[[[77.57194,12.79956],[77.57186,12.79956],[77.57179,12.7996],[77.57177,12.79963],[77.57175,12.79966],[77.57173,12.79969],[77.57171,12.79973],[77.5717,12.79978],[77.57167,12.79982],[77.57164,12.79987],[77.57161,12.79993],[77.57159,12.8],[77.57157,12.80005],[77.57156,12.80011],[77.57155,12.80015],[77.57155,12.80019],[77.57154,12.80023],[77.57154,12.80023],[77.57154,12.80023],[77.57154,12.80026],[77.57153,12.80029],[77.57153,12.80029],[77.57158,12.80036],[77.57168,12.80049],[77.57186,12.80061],[77.572,12.80055],[77.572,12.80055],[77.57224,12.80047],[77.57243,12.80035],[77.57251,12.80027],[77.57253,12.80025],[77.5724,12.80009],[77.57217,12.79978],[77.57205,12.79962],[77.57194,12.79956]]]},"properties":{"shedId":"C05CAM34"}},{"type":"Feature","geometry":{"type":"Polygon","coordinates":[[[77.5755,12.80469],[77.57553,12.80467],[77.57556,12.80463],[77.57558,12.80458],[77.57558,12.80453],[77.57555,12.80447],[77.57553,12.80439],[77.57547,12.80439],[77.57534,12.80443],[77.57498,12.80454],[77.57466,12.80466],[77.57446,12.8047],[77.57431,12.80469],[77.57424,12.80469],[77.57421,12.80471],[77.57423,12.80476],[77.57426,12.80481],[77.57431,12.80484],[77.57439,12.80495],[77.57446,12.8051],[77.57453,12.80521],[77.5746,12.8053],[77.57468,12.80539],[77.57476,12.8055],[77.57482,12.80555],[77.57495,12.80562],[77.57502,12.80567],[77.57508,12.8057],[77.57515,12.80571],[77.57526,12.80572],[77.57532,12.80572],[77.57539,12.80572],[77.57545,12.8057],[77.57553,12.80569],[77.57556,12.80564],[77.57557,12.80558],[77.57556,12.80553],[77.57554,12.80547],[77.57551,12.80544],[77.57545,12.8054],[77.57538,12.80534],[77.57531,12.80524],[77.57527,12.80519],[77.57526,12.80513],[77.57526,12.80508],[77.5753,12.80501],[77.57533,12.80497],[77.57536,12.80494],[77.57539,12.80489],[77.57539,12.80484],[77.5754,12.80478],[77.57542,12.80474],[77.57546,12.80471],[77.5755,12.80469]]]},"properties":{"shedId":"C05CAM34"}},{"type":"Feature","geometry":{"type":"Polygon","coordinates":[[[77.57549,12.83294],[77.57549,12.83289],[77.5755,12.83259],[77.57551,12.83255],[77.57551,12.83251],[77.57552,12.83249],[77.57554,12.83242],[77.57562,12.83235],[77.57574,12.83231],[77.57587,12.83226],[77.57599,12.83225],[77.57627,12.83225],[77.57634,12.83225],[77.57648,12.83224],[77.57659,12.83221],[77.57669,12.83215],[77.57682,12.83213],[77.57692,12.8321],[77.57701,12.83199],[77.57703,12.83185],[77.57702,12.83169],[77.57684,12.83156],[77.57674,12.83155],[77.57668,12.83155],[77.5766,12.83158],[77.57648,12.83159],[77.57638,12.83159],[77.5763,12.8315],[77.57617,12.83141],[77.57595,12.8313],[77.57557,12.83118],[77.5754,12.83105],[77.57521,12.83094],[77.57494,12.83081],[77.57475,12.83073],[77.57476,12.83092],[77.57478,12.83111],[77.57479,12.83116],[77.57482,12.83121],[77.57485,12.83127],[77.57485,12.83127],[77.57494,12.83146],[77.57505,12.83164],[77.57505,12.83164],[77.57505,12.83164],[77.57507,12.83172],[77.57507,12.83173],[77.57509,12.83182],[77.57509,12.83182],[77.57509,12.83189],[77.57509,12.83189],[77.57508,12.83195],[77.57508,12.83195],[77.57507,12.832],[77.57507,12.83201],[77.57506,12.83201],[77.57504,12.83206],[77.57504,12.83206],[77.57504,12.83206],[77.57498,12.83214],[77.57498,12.83214],[77.57487,12.83229],[77.57479,12.8324],[77.57477,12.83243],[77.57472,12.83251],[77.57471,12.83254],[77.5747,12.83257],[77.57471,12.83261],[77.57473,12.83267],[77.57477,12.83277],[77.57477,12.83277],[77.57477,12.83277],[77.5748,12.83285],[77.57483,12.83291],[77.57486,12.83293],[77.5749,12.83294],[77.575,12.83292],[77.57501,12.83292],[77.57513,12.8329],[77.57513,12.8329],[77.57513,12.8329],[77.57521,12.83291],[77.57521,12.83291],[77.57521,12.83291],[77.57522,12.83291],[77.57522,12.83291],[77.57526,12.83294],[77.57526,12.83294],[77.57532,12.83298],[77.57532,12.83299],[77.57532,12.83299],[77.57536,12.83305],[77.57536,12.83305],[77.57536,12.83305],[77.57538,12.83309],[77.57539,12.83309],[77.57541,12.83309],[77.57543,12.83306],[77.57549,12.83294]]]},"properties":{"shedId":"C05CAM34"}},{"type":"Feature","geometry":{"type":"Polygon","coordinates":[[[77.579,12.81744],[77.57887,12.81744],[77.57872,12.81745],[77.57865,12.8175],[77.57861,12.8176],[77.57858,12.81774],[77.57856,12.81786],[77.57854,12.81804],[77.57851,12.81821],[77.57843,12.81837],[77.57835,12.81855],[77.57829,12.81865],[77.57824,12.81869],[77.57814,12.81873],[77.57809,12.81874],[77.57806,12.81877],[77.57805,12.81884],[77.57807,12.81888],[77.57808,12.81889],[77.57815,12.81888],[77.57827,12.81884],[77.57841,12.81879],[77.57849,12.81875],[77.57855,12.81871],[77.57859,12.81866],[77.57863,12.81859],[77.5787,12.81852],[77.57886,12.81837],[77.579,12.81826],[77.57917,12.81817],[77.57925,12.81813],[77.57931,12.81811],[77.57938,12.8181],[77.57965,12.8181],[77.57966,12.81806],[77.57965,12.81802],[77.5796,12.81794],[77.57948,12.81781],[77.57938,12.81775],[77.57934,12.81773],[77.57931,12.8177],[77.57925,12.81762],[77.5792,12.81757],[77.57916,12.81751],[77.57911,12.81748],[77.579,12.81744]]]},"properties":{"shedId":"C05CAM34"}},{"type":"Feature","geometry":{"type":"Polygon","coordinates":[[[77.58512,12.82233],[77.58491,12.82233],[77.58448,12.82235],[77.58422,12.82227],[77.5841,12.82219],[77.58401,12.82198],[77.58391,12.82182],[77.58376,12.82153],[77.58376,12.82123],[77.58385,12.82109],[77.58408,12.82095],[77.58426,12.82085],[77.58438,12.82068],[77.58438,12.82046],[77.58437,12.82029],[77.58434,12.82007],[77.58441,12.81985],[77.58462,12.81976],[77.5849,12.81979],[77.58502,12.82028],[77.58518,12.82107],[77.58526,12.82166],[77.58533,12.82202],[77.58512,12.82233]]]},"properties":{"shedId":"C05CAM34"}},{"type":"Feature","geometry":{"type":"Polygon","coordinates":[[[77.58702,12.83348],[77.58738,12.83368],[77.58776,12.83379],[77.58793,12.83344],[77.58807,12.8331],[77.5881,12.83266],[77.58801,12.83251],[77.58774,12.83278],[77.58759,12.83303],[77.58747,12.83314],[77.58702,12.83348]]]},"properties":{"shedId":"C05CAM34"}},{"type":"Feature","geometry":{"type":"Polygon","coordinates":[[[77.5917,12.79435],[77.59157,12.79406],[77.59152,12.79407],[77.59134,12.79429],[77.59104,12.79459],[77.5908,12.79473],[77.59093,12.79504],[77.59136,12.79545],[77.59165,12.79559],[77.59231,12.79533],[77.5917,12.79435]]]},"properties":{"shedId":"C05CAM34"}},{"type":"Feature","geometry":{"type":"Polygon","coordinates":[[[77.57755,12.83104],[77.57804,12.83156],[77.57857,12.83173],[77.57889,12.83127],[77.57857,12.83049],[77.57857,12.82998],[77.57851,12.82984],[77.57829,12.82995],[77.57813,12.83015],[77.57796,12.83039],[77.57778,12.83061],[77.57764,12.83083],[77.57761,12.83087],[77.57755,12.83104]]]},"properties":{"shedId":"C05CAM34"}},{"type":"Feature","geometry":{"type":"Polygon","coordinates":[[[77.54194,12.79617],[77.54203,12.79615],[77.54208,12.79615],[77.54214,12.7962],[77.54223,12.79629],[77.54238,12.79643],[77.54246,12.79649],[77.54258,12.79651],[77.54267,12.79649],[77.54268,12.79642],[77.54265,12.79638],[77.54259,12.79634],[77.54253,12.79628],[77.54242,12.79618],[77.54234,12.79609],[77.54225,12.79598],[77.54222,12.79588],[77.54223,12.7957],[77.54231,12.79549],[77.54242,12.79536],[77.54251,12.79527],[77.54266,12.79496],[77.54262,12.7948],[77.54251,12.79466],[77.54235,12.79452],[77.54216,12.79441],[77.54187,12.79437],[77.54153,12.79449],[77.54134,12.7946],[77.54121,12.79472],[77.54102,12.79491],[77.54081,12.79505],[77.54062,12.79515],[77.54052,12.79527],[77.54049,12.79546],[77.54049,12.79565],[77.54054,12.79579],[77.54065,12.79592],[77.5408,12.79608],[77.54092,12.79628],[77.54114,12.7967],[77.54134,12.79706],[77.54149,12.79733],[77.54157,12.79741],[77.54172,12.79744],[77.54187,12.79743],[77.54202,12.7974],[77.54218,12.79732],[77.54227,12.79716],[77.54235,12.79702],[77.54235,12.79693],[77.54232,12.79683],[77.54229,12.79677],[77.54221,12.79676],[77.54211,12.79674],[77.54203,12.79668],[77.54195,12.79657],[77.54194,12.79646],[77.54194,12.79637],[77.54193,12.79623],[77.54194,12.79617]]]},"properties":{"shedId":"C05CAM34"}},{"type":"Feature","geometry":{"type":"Polygon","coordinates":[[[77.49434,12.77221],[77.4944,12.77219],[77.49488,12.77219],[77.49493,12.77219],[77.49496,12.77218],[77.49498,12.77216],[77.495,12.77213],[77.49501,12.77204],[77.49503,12.7717],[77.49503,12.77153],[77.49504,12.77149],[77.49505,12.77147],[77.49507,12.77146],[77.49509,12.77145],[77.49513,12.77144],[77.49516,12.77145],[77.49517,12.77146],[77.49519,12.77148],[77.49522,12.77149],[77.49523,12.7715],[77.49525,12.7715],[77.49557,12.77148],[77.49559,12.77147],[77.49563,12.77145],[77.49565,12.77144],[77.49565,12.77141],[77.49566,12.77138],[77.49567,12.77109],[77.49565,12.77089],[77.49564,12.77069],[77.49564,12.77055],[77.49562,12.77048],[77.4956,12.77046],[77.49556,12.77045],[77.49553,12.77045],[77.49549,12.77047],[77.49546,12.77047],[77.4954,12.77046],[77.49506,12.77043],[77.49497,12.77043],[77.49492,12.77043],[77.49485,12.77046],[77.49478,12.7705],[77.49469,12.77057],[77.49462,12.77061],[77.49452,12.77062],[77.49434,12.77063],[77.4942,12.77064],[77.49407,12.77066],[77.49392,12.77066],[77.49376,12.77069],[77.49372,12.77073],[77.49371,12.77076],[77.4937,12.77079],[77.49371,12.77083],[77.4938,12.77134],[77.49388,12.77183],[77.49387,12.77188],[77.49387,12.77191],[77.49384,12.77194],[77.49382,12.77196],[77.49381,12.77198],[77.4938,12.772],[77.4938,12.77203],[77.49384,12.77207],[77.49416,12.77261],[77.49417,12.77263],[77.49419,12.77263],[77.4942,12.77262],[77.49423,12.7726],[77.49425,12.77257],[77.49426,12.77254],[77.49427,12.77251],[77.49428,12.77247],[77.49428,12.77243],[77.49428,12.7723],[77.49429,12.77225],[77.49431,12.77223],[77.49434,12.77221]]]},"properties":{"shedId":"C05CAM34"}},{"type":"Feature","geometry":{"type":"Polygon","coordinates":[[[77.52575,12.77309],[77.52564,12.77276],[77.52556,12.77259],[77.52554,12.77257],[77.52551,12.77255],[77.52548,12.77253],[77.52545,12.77252],[77.52541,12.77252],[77.52538,12.77252],[77.52535,12.77253],[77.52532,12.77255],[77.52529,12.77258],[77.52526,12.77262],[77.52523,12.77267],[77.5252,12.77271],[77.52515,12.77275],[77.52503,12.77279],[77.52478,12.77285],[77.52448,12.77291],[77.52432,12.77292],[77.52427,12.77292],[77.52425,12.77292],[77.52424,12.77292],[77.52422,12.77291],[77.5242,12.77289],[77.52415,12.7728],[77.52415,12.77278],[77.52414,12.77276],[77.52413,12.77274],[77.52411,12.77272],[77.52409,12.77271],[77.52406,12.7727],[77.524,12.7727],[77.52395,12.7727],[77.52388,12.77268],[77.52374,12.77264],[77.52355,12.77256],[77.52336,12.7725],[77.52333,12.77251],[77.52331,12.77251],[77.52329,12.77252],[77.52327,12.77254],[77.52325,12.77258],[77.52323,12.77261],[77.52323,12.77263],[77.52322,12.77266],[77.52323,12.7727],[77.52324,12.77274],[77.52327,12.77276],[77.52347,12.77289],[77.5237,12.77301],[77.52382,12.77312],[77.52395,12.7733],[77.52401,12.77341],[77.52407,12.77358],[77.52415,12.77382],[77.52422,12.77427],[77.52423,12.77435],[77.52426,12.77449],[77.52427,12.77454],[77.52426,12.7747],[77.52426,12.77475],[77.52424,12.77481],[77.52422,12.77489],[77.52421,12.77494],[77.52421,12.77498],[77.52423,12.77506],[77.52424,12.77509],[77.52425,12.77512],[77.52426,12.77513],[77.52429,12.77514],[77.52431,12.77515],[77.52433,12.77515],[77.52436,12.77515],[77.52439,12.77514],[77.52441,12.77512],[77.52449,12.77502],[77.52466,12.77476],[77.52486,12.77455],[77.52498,12.77445],[77.52503,12.7744],[77.5251,12.77432],[77.52515,12.77422],[77.52519,12.77413],[77.52522,12.77405],[77.52525,12.77401],[77.52528,12.77399],[77.52535,12.77396],[77.52574,12.77377],[77.5258,12.77375],[77.52584,12.77371],[77.52585,12.77368],[77.52586,12.77364],[77.52588,12.77361],[77.52591,12.77358],[77.52596,12.77354],[77.52598,12.77351],[77.52598,12.77347],[77.52597,12.77343],[77.52595,12.77335],[77.52588,12.77322],[77.52586,12.7732],[77.52583,12.77318],[77.52579,12.77314],[77.52575,12.77309]]]},"properties":{"shedId":"C05CAM34"}},{"type":"Feature","geometry":{"type":"Polygon","coordinates":[[[77.52382,12.78712],[77.52382,12.787],[77.52385,12.78697],[77.5239,12.78693],[77.52408,12.78682],[77.52411,12.7868],[77.52416,12.78678],[77.5242,12.78675],[77.52424,12.78672],[77.52427,12.7867],[77.52427,12.78668],[77.52427,12.78661],[77.52427,12.78659],[77.52426,12.78657],[77.52423,12.78653],[77.52419,12.78649],[77.52405,12.78638],[77.52396,12.78634],[77.52383,12.7863],[77.52376,12.78627],[77.52369,12.78626],[77.52365,12.78626],[77.52357,12.78626],[77.52351,12.78627],[77.52345,12.78628],[77.5234,12.78631],[77.52327,12.78637],[77.52312,12.78644],[77.52297,12.78651],[77.52288,12.78654],[77.52282,12.78655],[77.52271,12.78657],[77.52254,12.78661],[77.52237,12.78662],[77.52224,12.78663],[77.52204,12.78664],[77.52179,12.78664],[77.52172,12.78665],[77.52168,12.78667],[77.52165,12.78669],[77.52163,12.78671],[77.52161,12.78674],[77.52161,12.78677],[77.5216,12.78682],[77.5216,12.78686],[77.52161,12.78692],[77.52164,12.78702],[77.52166,12.78704],[77.52167,12.78705],[77.52168,12.78705],[77.5217,12.78706],[77.52177,12.78708],[77.52179,12.78708],[77.5218,12.78708],[77.52183,12.78707],[77.52189,12.78706],[77.52191,12.78705],[77.52193,12.78705],[77.52194,12.78705],[77.52195,12.78705],[77.52195,12.78705],[77.52196,12.78706],[77.52201,12.78716],[77.52203,12.78728],[77.52213,12.78752],[77.52214,12.78755],[77.52217,12.78757],[77.52219,12.78759],[77.52223,12.78761],[77.52226,12.78761],[77.5223,12.78762],[77.52237,12.78762],[77.52248,12.78762],[77.52254,12.78764],[77.52264,12.78767],[77.5228,12.78776],[77.52297,12.78795],[77.52322,12.78827],[77.52337,12.78838],[77.52352,12.7885],[77.52367,12.78856],[77.52377,12.78863],[77.52389,12.78869],[77.52399,12.78868],[77.52406,12.78861],[77.52411,12.7885],[77.52421,12.78835],[77.52428,12.78824],[77.52431,12.78818],[77.52429,12.78805],[77.52423,12.78796],[77.52418,12.78789],[77.52413,12.78784],[77.5241,12.78778],[77.52411,12.78774],[77.52395,12.78762],[77.52388,12.78751],[77.52383,12.78737],[77.52381,12.78729],[77.52382,12.78712]]]},"properties":{"shedId":"C05CAM34"}},{"type":"Feature","geometry":{"type":"Polygon","coordinates":[[[77.38568,12.92954],[77.38538,12.92881],[77.38515,12.92813],[77.38513,12.92808],[77.38513,12.92804],[77.38516,12.92798],[77.38527,12.92789],[77.38542,12.92782],[77.38548,12.9278],[77.3855,12.9278],[77.38558,12.92777],[77.38563,12.92774],[77.38565,12.92771],[77.38567,12.92766],[77.38569,12.92762],[77.38569,12.92755],[77.3857,12.92744],[77.3857,12.92735],[77.38571,12.92731],[77.38572,12.92727],[77.38574,12.92723],[77.38578,12.92721],[77.38581,12.92718],[77.38587,12.92715],[77.38589,12.92711],[77.38591,12.92706],[77.38591,12.92703],[77.38591,12.92694],[77.3859,12.92678],[77.38592,12.92673],[77.38594,12.92667],[77.38597,12.92664],[77.38601,12.92661],[77.38606,12.92658],[77.38618,12.92656],[77.38622,12.92656],[77.38626,12.92656],[77.3863,12.92655],[77.38632,12.92654],[77.38637,12.92651],[77.38638,12.92647],[77.38641,12.92644],[77.38644,12.92642],[77.38648,12.9264],[77.38651,12.92639],[77.38655,12.92637],[77.38659,12.92632],[77.38662,12.92626],[77.38662,12.92621],[77.38662,12.92612],[77.38662,12.92607],[77.38663,12.92605],[77.38665,12.92603],[77.38669,12.92603],[77.38673,12.92601],[77.38676,12.92601],[77.38678,12.926],[77.38686,12.92597],[77.38686,12.92596],[77.38685,12.92594],[77.38684,12.92592],[77.38682,12.92591],[77.3868,12.92589],[77.38676,12.92587],[77.38671,12.92581],[77.38666,12.92578],[77.38663,12.92575],[77.3866,12.9257],[77.38659,12.92564],[77.3865,12.92517],[77.38636,12.92456],[77.38633,12.92441],[77.38631,12.92435],[77.38631,12.9243],[77.3863,12.92422],[77.3863,12.92416],[77.38629,12.9241],[77.38629,12.92403],[77.38627,12.92396],[77.38624,12.9238],[77.38622,12.92376],[77.38619,12.92375],[77.38615,12.92374],[77.38609,12.92374],[77.38595,12.92374],[77.3855,12.92383],[77.38452,12.92398],[77.38451,12.92404],[77.38451,12.92409],[77.38452,12.92412],[77.38454,12.92416],[77.38457,12.92421],[77.38463,12.92434],[77.38466,12.92439],[77.38471,12.92443],[77.3848,12.92446],[77.38486,12.92446],[77.38493,12.92449],[77.38501,12.92451],[77.38508,12.92457],[77.38512,12.92462],[77.38513,12.92463],[77.38514,12.92465],[77.38514,12.92467],[77.38514,12.92468],[77.38515,12.92471],[77.38515,12.92472],[77.38515,12.92473],[77.38514,12.92474],[77.38508,12.92481],[77.38508,12.92482],[77.38508,12.92483],[77.38508,12.92484],[77.38508,12.92485],[77.38509,12.92487],[77.3851,12.92488],[77.38512,12.92491],[77.38513,12.92492],[77.38514,12.92492],[77.38514,12.92492],[77.38515,12.92492],[77.38516,12.92492],[77.38517,12.92492],[77.38525,12.9249],[77.38525,12.92489],[77.38526,12.92489],[77.38527,12.92489],[77.38528,12.92489],[77.38529,12.9249],[77.38529,12.9249],[77.3853,12.9249],[77.38531,12.92491],[77.38531,12.92492],[77.38531,12.92492],[77.38532,12.92493],[77.38536,12.92507],[77.38536,12.92509],[77.38536,12.92511],[77.38535,12.92513],[77.38534,12.92515],[77.38533,12.92516],[77.38532,12.92518],[77.38522,12.9253],[77.38521,12.92537],[77.3852,12.92543],[77.3852,12.9255],[77.3852,12.92557],[77.38525,12.92579],[77.38525,12.92583],[77.38524,12.92587],[77.38522,12.92588],[77.3852,12.9259],[77.38519,12.92591],[77.38518,12.92592],[77.38517,12.92593],[77.38517,12.92594],[77.38517,12.92596],[77.38516,12.92599],[77.38516,12.92603],[77.38516,12.92606],[77.38516,12.92608],[77.38515,12.9261],[77.38515,12.92612],[77.38514,12.92613],[77.38512,12.92613],[77.38509,12.92614],[77.38507,12.92615],[77.38504,12.92615],[77.38502,12.92616],[77.38501,12.92617],[77.38499,12.92618],[77.38499,12.92619],[77.38499,12.9262],[77.38498,12.92622],[77.38498,12.92631],[77.38497,12.92633],[77.38496,12.92634],[77.38493,12.92635],[77.3849,12.92636],[77.38484,12.92636],[77.38478,12.92637],[77.38475,12.92637],[77.38475,12.92638],[77.38474,12.92639],[77.38474,12.9264],[77.38473,12.92642],[77.38481,12.92712],[77.38481,12.92713],[77.3848,12.92717],[77.38478,12.92721],[77.38477,12.92723],[77.38476,12.92725],[77.38473,12.92726],[77.3847,12.92727],[77.38468,12.92727],[77.38466,12.92726],[77.38463,12.92726],[77.38458,12.92725],[77.38454,12.92724],[77.38452,12.92724],[77.38451,12.92724],[77.38451,12.92726],[77.38451,12.92728],[77.38452,12.9273],[77.38455,12.92733],[77.38456,12.92735],[77.38463,12.92744],[77.38464,12.92746],[77.38465,12.9275],[77.38465,12.92754],[77.38465,12.92759],[77.38457,12.92784],[77.38456,12.92788],[77.38455,12.92789],[77.38455,12.92792],[77.38455,12.92793],[77.38454,12.92799],[77.38454,12.92803],[77.38454,12.92807],[77.38454,12.92809],[77.38455,12.92813],[77.38456,12.92815],[77.38457,12.92818],[77.38469,12.92834],[77.38477,12.92851],[77.38494,12.92887],[77.38508,12.9292],[77.38512,12.92924],[77.38514,12.92926],[77.38518,12.92927],[77.38524,12.92927],[77.38525,12.92926],[77.38527,12.92926],[77.38529,12.92927],[77.38531,12.92929],[77.38534,12.92932],[77.38537,12.92936],[77.38544,12.92964],[77.38548,12.9298],[77.38549,12.92987],[77.38551,12.92995],[77.38554,12.93009],[77.38554,12.93015],[77.38555,12.93018],[77.38556,12.93021],[77.38558,12.93024],[77.3856,12.93027],[77.38563,12.93029],[77.38566,12.93031],[77.38569,12.93032],[77.38573,12.93032],[77.38575,12.93032],[77.38578,12.93031],[77.3858,12.93028],[77.38581,12.93025],[77.38581,12.93024],[77.38581,12.93022],[77.3858,12.93019],[77.38578,12.93017],[77.38577,12.93015],[77.38575,12.93012],[77.38573,12.9301],[77.38572,12.93007],[77.38571,12.93004],[77.38572,12.92997],[77.38573,12.92992],[77.38574,12.92989],[77.38576,12.92984],[77.38577,12.92972],[77.38575,12.92966],[77.38568,12.92954]]]},"properties":{"shedId":"C05CAM34"}},{"type":"Feature","geometry":{"type":"Polygon","coordinates":[[[77.38079,12.93197],[77.38064,12.93197],[77.38057,12.93196],[77.3805,12.93194],[77.38043,12.93192],[77.37996,12.93172],[77.37965,12.93161],[77.37964,12.93161],[77.37963,12.93161],[77.37962,12.93161],[77.37961,12.93161],[77.37959,12.93161],[77.37958,12.93162],[77.37958,12.93163],[77.37957,12.93163],[77.37956,12.93164],[77.37956,12.93165],[77.37956,12.93167],[77.37956,12.93168],[77.37956,12.93176],[77.37957,12.9318],[77.37959,12.93183],[77.37961,12.93187],[77.37964,12.93191],[77.37972,12.93201],[77.37975,12.93209],[77.37977,12.93217],[77.37979,12.93226],[77.37981,12.93234],[77.37981,12.93242],[77.37983,12.93247],[77.37983,12.93252],[77.37984,12.93259],[77.37985,12.93265],[77.37985,12.93272],[77.3798,12.93313],[77.37979,12.93334],[77.37979,12.93337],[77.3798,12.93339],[77.3798,12.93341],[77.37981,12.93343],[77.37983,12.93345],[77.37984,12.93346],[77.37986,12.93347],[77.37987,12.93348],[77.37989,12.93348],[77.37992,12.93349],[77.37994,12.93349],[77.37996,12.93349],[77.37999,12.93348],[77.38001,12.93347],[77.38003,12.93345],[77.38004,12.93344],[77.38006,12.93342],[77.38007,12.9334],[77.38028,12.93313],[77.38031,12.93309],[77.38033,12.93304],[77.38034,12.93299],[77.38035,12.93293],[77.38036,12.93288],[77.38036,12.93283],[77.38035,12.93277],[77.38036,12.93271],[77.38037,12.93265],[77.38039,12.93259],[77.38042,12.93253],[77.38045,12.93248],[77.38049,12.93243],[77.38059,12.93233],[77.38066,12.93229],[77.38072,12.93225],[77.38078,12.93221],[77.38082,12.93211],[77.38084,12.93203],[77.38084,12.93202],[77.38084,12.93201],[77.38084,12.932],[77.38084,12.932],[77.38084,12.93199],[77.38083,12.93199],[77.38083,12.93198],[77.38082,12.93198],[77.38082,12.93197],[77.38081,12.93197],[77.3808,12.93197],[77.38079,12.93197],[77.38079,12.93197]]]},"properties":{"shedId":"C05CAM34"}},{"type":"Feature","geometry":{"type":"Polygon","coordinates":[[[77.37927,12.91744],[77.37928,12.91734],[77.37926,12.91727],[77.3792,12.91726],[77.37857,12.91738],[77.37837,12.91739],[77.37829,12.91738],[77.37823,12.91738],[77.37816,12.91738],[77.3781,12.9174],[77.37804,12.91748],[77.37802,12.91759],[77.37801,12.91798],[77.37796,12.9187],[77.37796,12.91882],[77.37796,12.91885],[77.37795,12.91893],[77.37797,12.91898],[77.37798,12.91902],[77.3779,12.91924],[77.378,12.91949],[77.37812,12.9197],[77.37817,12.91974],[77.37823,12.91976],[77.37831,12.91978],[77.37838,12.91979],[77.37848,12.91978],[77.37859,12.91973],[77.37871,12.9197],[77.37882,12.91967],[77.37889,12.91964],[77.37895,12.91957],[77.37897,12.9195],[77.379,12.91943],[77.37901,12.91939],[77.379,12.91936],[77.37896,12.91927],[77.37882,12.9191],[77.37886,12.91905],[77.37889,12.91895],[77.37894,12.91879],[77.37897,12.91863],[77.379,12.91848],[77.37903,12.91834],[77.37907,12.91821],[77.37909,12.91812],[77.37911,12.91803],[77.37913,12.91789],[77.37914,12.91783],[77.37917,12.91775],[77.37921,12.91764],[77.37924,12.91753],[77.37927,12.91744]]]},"properties":{"shedId":"C05CAM34"}},{"type":"Feature","geometry":{"type":"Polygon","coordinates":[[[77.40139,12.91515],[77.40168,12.91518],[77.40177,12.91519],[77.40194,12.91526],[77.40201,12.91528],[77.40202,12.91529],[77.40205,12.91529],[77.40207,12.91529],[77.4021,12.91528],[77.40211,12.91527],[77.40212,12.91526],[77.40212,12.91524],[77.40212,12.91524],[77.40212,12.91523],[77.40212,12.91523],[77.40212,12.91522],[77.40211,12.91521],[77.40211,12.9152],[77.40211,12.9152],[77.4021,12.91519],[77.4021,12.91518],[77.4021,12.91518],[77.4021,12.91517],[77.4021,12.91517],[77.4021,12.91517],[77.40206,12.91497],[77.40206,12.91497],[77.40206,12.91496],[77.40206,12.91496],[77.40206,12.91495],[77.40206,12.91494],[77.40206,12.91494],[77.40206,12.91493],[77.40206,12.91492],[77.40206,12.91492],[77.40206,12.91491],[77.40206,12.9149],[77.40205,12.9149],[77.40205,12.91489],[77.40205,12.91489],[77.40205,12.91488],[77.40205,12.91487],[77.40205,12.91487],[77.40204,12.91486],[77.40204,12.91485],[77.40204,12.91485],[77.40204,12.91484],[77.40204,12.91483],[77.40204,12.91483],[77.40203,12.91482],[77.40203,12.91481],[77.40203,12.91481],[77.40203,12.9148],[77.40202,12.91479],[77.40202,12.91479],[77.40202,12.91478],[77.40202,12.91478],[77.40201,12.91477],[77.40201,12.91476],[77.40201,12.91476],[77.40201,12.91475],[77.402,12.91475],[77.40189,12.91454],[77.40189,12.91453],[77.40188,12.91453],[77.40188,12.91452],[77.40187,12.91451],[77.40187,12.9145],[77.40186,12.91449],[77.40186,12.91448],[77.40185,12.91448],[77.40185,12.91447],[77.40185,12.91446],[77.40184,12.91445],[77.40184,12.91444],[77.40183,12.91443],[77.40183,12.91442],[77.40182,12.91441],[77.40182,12.91441],[77.40182,12.9144],[77.40181,12.91439],[77.40181,12.91438],[77.4018,12.91437],[77.4018,12.91436],[77.4018,12.91435],[77.40179,12.91434],[77.40179,12.91434],[77.40179,12.91433],[77.40178,12.91432],[77.40178,12.91431],[77.40178,12.9143],[77.40177,12.91429],[77.40177,12.91428],[77.40177,12.91427],[77.40176,12.91426],[77.40176,12.91425],[77.40176,12.91424],[77.40176,12.91424],[77.40171,12.91399],[77.40164,12.91364],[77.40164,12.91364],[77.40164,12.91363],[77.40164,12.91363],[77.40163,12.91363],[77.40163,12.91362],[77.40163,12.91362],[77.40163,12.91362],[77.40163,12.91361],[77.40163,12.91361],[77.40163,12.9136],[77.40163,12.9136],[77.40163,12.9136],[77.40163,12.91359],[77.40163,12.91359],[77.40163,12.91359],[77.40163,12.91358],[77.40163,12.91358],[77.40163,12.91358],[77.40163,12.91358],[77.40163,12.91357],[77.40163,12.91357],[77.40163,12.91356],[77.40163,12.91356],[77.40163,12.91356],[77.40163,12.91355],[77.40163,12.91355],[77.40163,12.91355],[77.40163,12.91355],[77.40163,12.91354],[77.40163,12.91354],[77.40163,12.91353],[77.40163,12.91353],[77.40164,12.91353],[77.40164,12.91352],[77.40164,12.91352],[77.40156,12.91355],[77.40149,12.91359],[77.40143,12.91364],[77.40136,12.91369],[77.4013,12.91374],[77.4012,12.91384],[77.4011,12.91394],[77.401,12.91404],[77.40093,12.91409],[77.40085,12.91413],[77.40077,12.91417],[77.40069,12.91421],[77.40063,12.91425],[77.40057,12.91429],[77.40052,12.91434],[77.40047,12.91439],[77.40044,12.91443],[77.4004,12.91447],[77.40037,12.91452],[77.40035,12.91457],[77.40032,12.91463],[77.40031,12.91467],[77.40031,12.91471],[77.40032,12.91475],[77.40033,12.91479],[77.40047,12.91505],[77.40067,12.91538],[77.40068,12.91539],[77.40069,12.9154],[77.40071,12.9154],[77.40072,12.91541],[77.40074,12.91541],[77.40075,12.91541],[77.40077,12.9154],[77.40078,12.9154],[77.40106,12.91525],[77.40113,12.9152],[77.40118,12.91518],[77.40122,12.91517],[77.40126,12.91516],[77.40129,12.91515],[77.40134,12.91515],[77.40139,12.91515]]]},"properties":{"shedId":"C05CAM34"}},{"type":"Feature","geometry":{"type":"Polygon","coordinates":[[[77.41292,12.94275],[77.41305,12.94274],[77.41315,12.94277],[77.41322,12.94287],[77.41326,12.94286],[77.41337,12.94279],[77.41346,12.94272],[77.4135,12.94267],[77.41358,12.94261],[77.41369,12.94255],[77.41369,12.94248],[77.41371,12.94248],[77.41373,12.94247],[77.41375,12.94247],[77.41377,12.94246],[77.41378,12.94245],[77.4138,12.94244],[77.41381,12.94242],[77.41384,12.94235],[77.41385,12.94234],[77.41386,12.94233],[77.41387,12.94233],[77.41389,12.94233],[77.4139,12.94233],[77.41391,12.94233],[77.41392,12.94234],[77.41393,12.94234],[77.41395,12.94234],[77.41396,12.94234],[77.41397,12.94234],[77.41399,12.94233],[77.414,12.94233],[77.41401,12.94232],[77.41402,12.94231],[77.41402,12.9423],[77.41404,12.94214],[77.41405,12.9421],[77.41407,12.94207],[77.41409,12.94204],[77.41412,12.94201],[77.41416,12.94198],[77.41419,12.94195],[77.41422,12.94191],[77.41425,12.94187],[77.41427,12.94183],[77.41428,12.94178],[77.41434,12.94171],[77.41436,12.94168],[77.41438,12.94165],[77.41439,12.94161],[77.4144,12.94157],[77.4144,12.94153],[77.4144,12.94149],[77.41439,12.94146],[77.41436,12.9414],[77.41433,12.94135],[77.4143,12.94131],[77.41427,12.94127],[77.41427,12.94126],[77.41416,12.94111],[77.41396,12.94067],[77.41357,12.93978],[77.41351,12.93966],[77.41346,12.93949],[77.41345,12.93948],[77.41344,12.93947],[77.41343,12.93946],[77.41342,12.93945],[77.41341,12.93945],[77.4134,12.93945],[77.41339,12.93945],[77.41337,12.93945],[77.41336,12.93946],[77.41335,12.93946],[77.41335,12.93946],[77.41334,12.93946],[77.41334,12.93947],[77.41333,12.93947],[77.41332,12.93947],[77.41332,12.93948],[77.41331,12.93948],[77.41331,12.93948],[77.4133,12.93948],[77.4133,12.93949],[77.41329,12.93949],[77.41329,12.93949],[77.41328,12.9395],[77.41328,12.9395],[77.41327,12.9395],[77.41327,12.93951],[77.41326,12.93951],[77.41326,12.93951],[77.41325,12.93952],[77.41325,12.93952],[77.41324,12.93952],[77.41324,12.93953],[77.41323,12.93953],[77.41323,12.93953],[77.41322,12.93954],[77.41322,12.93954],[77.41321,12.93955],[77.41321,12.93955],[77.4132,12.93955],[77.4132,12.93956],[77.41319,12.93956],[77.41319,12.93957],[77.41319,12.93957],[77.41318,12.93957],[77.41318,12.93958],[77.41317,12.93958],[77.41317,12.93959],[77.41316,12.93959],[77.41316,12.9396],[77.41316,12.9396],[77.41315,12.93961],[77.41315,12.93961],[77.41314,12.93962],[77.41314,12.93962],[77.41314,12.93962],[77.41313,12.93963],[77.41313,12.93963],[77.41313,12.93964],[77.41312,12.93964],[77.41312,12.93965],[77.41312,12.93965],[77.41312,12.93966],[77.41311,12.93966],[77.41311,12.93966],[77.41311,12.93967],[77.4131,12.93967],[77.4131,12.93967],[77.4131,12.93968],[77.41309,12.93968],[77.41309,12.93969],[77.41309,12.93969],[77.41308,12.93969],[77.41308,12.9397],[77.41308,12.9397],[77.41307,12.9397],[77.41307,12.93971],[77.41306,12.93971],[77.41306,12.93971],[77.41306,12.93972],[77.41305,12.93972],[77.41305,12.93972],[77.41304,12.93973],[77.41304,12.93973],[77.41304,12.93973],[77.41303,12.93973],[77.41303,12.93974],[77.41302,12.93974],[77.41302,12.93974],[77.41301,12.93975],[77.41301,12.93975],[77.413,12.93975],[77.413,12.93975],[77.413,12.93975],[77.41299,12.93976],[77.41299,12.93976],[77.41298,12.93976],[77.41298,12.93976],[77.41297,12.93977],[77.41297,12.93977],[77.41296,12.93977],[77.41296,12.93977],[77.41295,12.93977],[77.41295,12.93977],[77.41294,12.93978],[77.41294,12.93978],[77.41293,12.93978],[77.41293,12.93978],[77.41292,12.93978],[77.41292,12.93978],[77.41291,12.93978],[77.41291,12.93979],[77.4129,12.93979],[77.4129,12.93979],[77.41289,12.93979],[77.41289,12.93979],[77.41288,12.93979],[77.41288,12.93979],[77.41287,12.93979],[77.41287,12.93979],[77.41287,12.93979],[77.41286,12.93979],[77.41285,12.93979],[77.41284,12.93979],[77.41283,12.93979],[77.41283,12.93979],[77.41282,12.93979],[77.41281,12.9398],[77.4128,12.9398],[77.41279,12.9398],[77.41278,12.9398],[77.41278,12.9398],[77.41277,12.9398],[77.41276,12.9398],[77.41275,12.9398],[77.41274,12.9398],[77.41266,12.93982],[77.41266,12.93982],[77.41266,12.93982],[77.41265,12.93982],[77.41264,12.93982],[77.41264,12.93983],[77.41263,12.93983],[77.41262,12.93983],[77.41261,12.93983],[77.4126,12.93983],[77.41259,12.93983],[77.41258,12.93984],[77.41257,12.93984],[77.41256,12.93984],[77.41256,12.93984],[77.41255,12.93985],[77.41253,12.93985],[77.41251,12.93987],[77.41249,12.9399],[77.41248,12.93992],[77.41247,12.93995],[77.41246,12.93998],[77.41246,12.94001],[77.41247,12.94004],[77.41248,12.94007],[77.41261,12.94025],[77.41264,12.94041],[77.41266,12.94046],[77.4127,12.94056],[77.41271,12.94061],[77.41271,12.94062],[77.41271,12.94063],[77.41272,12.94064],[77.41272,12.94065],[77.41273,12.94066],[77.41274,12.94066],[77.41275,12.94067],[77.41276,12.94067],[77.41277,12.94067],[77.41325,12.94071],[77.41329,12.94073],[77.41332,12.94077],[77.41334,12.9408],[77.41336,12.94084],[77.41337,12.94088],[77.41338,12.94092],[77.41339,12.94097],[77.41339,12.94102],[77.41338,12.94108],[77.41337,12.94113],[77.41335,12.94119],[77.41333,12.94124],[77.41325,12.94131],[77.41324,12.94132],[77.41324,12.94133],[77.41323,12.94134],[77.41323,12.94135],[77.41323,12.94136],[77.41323,12.94137],[77.41323,12.94138],[77.41324,12.94139],[77.41324,12.9414],[77.41325,12.9414],[77.41326,12.94141],[77.41327,12.94142],[77.41328,12.94142],[77.41329,12.94142],[77.41345,12.94147],[77.4135,12.9415],[77.41351,12.94152],[77.41351,12.94154],[77.41351,12.94156],[77.41351,12.94158],[77.4135,12.9416],[77.4135,12.94162],[77.41347,12.94169],[77.41345,12.94177],[77.41344,12.94184],[77.41325,12.94183],[77.41322,12.94194],[77.41316,12.94196],[77.41295,12.94191],[77.4126,12.94216],[77.41259,12.94228],[77.41268,12.94238],[77.41269,12.94251],[77.41258,12.94257],[77.41247,12.94257],[77.41237,12.94256],[77.41231,12.94256],[77.41231,12.94277],[77.4123,12.94286],[77.41234,12.94298],[77.41241,12.94309],[77.41245,12.94319],[77.41247,12.94329],[77.41237,12.94337],[77.41225,12.94345],[77.41225,12.94352],[77.41232,12.94358],[77.41244,12.94366],[77.41252,12.94369],[77.41263,12.94364],[77.41266,12.94352],[77.41267,12.94314],[77.41271,12.94298],[77.4128,12.94281],[77.41292,12.94275]]]},"properties":{"shedId":"C05CAM34"}},{"type":"Feature","geometry":{"type":"Polygon","coordinates":[[[77.35787,12.88848],[77.35785,12.88845],[77.35781,12.88841],[77.35769,12.88841],[77.35751,12.88847],[77.35739,12.88848],[77.3573,12.88847],[77.35721,12.88845],[77.35707,12.88838],[77.35695,12.88831],[77.35687,12.88822],[77.35677,12.88799],[77.35666,12.88771],[77.35658,12.88747],[77.35652,12.88732],[77.35642,12.88709],[77.35634,12.88687],[77.3563,12.88659],[77.35626,12.88621],[77.35622,12.88598],[77.35621,12.88584],[77.35621,12.88571],[77.35626,12.88541],[77.35616,12.8853],[77.35611,12.88526],[77.35608,12.88525],[77.35602,12.88526],[77.35598,12.88528],[77.35595,12.88534],[77.35591,12.88552],[77.3559,12.88581],[77.35588,12.88638],[77.35593,12.88676],[77.35598,12.88703],[77.35613,12.88753],[77.35619,12.88771],[77.35623,12.88782],[77.35624,12.88791],[77.3564,12.88838],[77.35644,12.88849],[77.35649,12.88862],[77.35652,12.88883],[77.35654,12.88916],[77.35665,12.88988],[77.35669,12.89021],[77.35671,12.89041],[77.35673,12.89103],[77.35678,12.89153],[77.35679,12.89171],[77.35684,12.89177],[77.35686,12.89178],[77.35693,12.89181],[77.35765,12.89167],[77.35768,12.89165],[77.35771,12.8916],[77.35774,12.89154],[77.35773,12.89104],[77.35776,12.89057],[77.35777,12.89049],[77.35779,12.89041],[77.3578,12.89034],[77.3578,12.89026],[77.35778,12.89015],[77.35777,12.89005],[77.35775,12.88998],[77.35774,12.88977],[77.35775,12.8897],[77.35777,12.88964],[77.35779,12.88956],[77.35781,12.88941],[77.35781,12.88937],[77.35778,12.88927],[77.35777,12.88915],[77.35777,12.88903],[77.3578,12.88892],[77.35784,12.88881],[77.35786,12.88861],[77.35788,12.88853],[77.35787,12.88848]]]},"properties":{"shedId":"C05CAM34"}},{"type":"Feature","geometry":{"type":"Polygon","coordinates":[[[77.35778,12.88246],[77.35775,12.88236],[77.35772,12.88226],[77.35769,12.88213],[77.35767,12.88199],[77.35764,12.88186],[77.35763,12.88175],[77.35763,12.88163],[77.35764,12.88152],[77.35768,12.88142],[77.35771,12.88133],[77.35774,12.88121],[77.35776,12.88114],[77.35777,12.88107],[77.35777,12.88101],[77.35776,12.88096],[77.35774,12.88085],[77.35773,12.88078],[77.35772,12.88074],[77.3577,12.88069],[77.35766,12.88066],[77.35761,12.88065],[77.35753,12.8807],[77.3575,12.88087],[77.3575,12.88087],[77.35747,12.88094],[77.35747,12.88094],[77.35747,12.88094],[77.35744,12.88099],[77.35744,12.88099],[77.35744,12.88099],[77.35733,12.8811],[77.35733,12.8811],[77.35733,12.8811],[77.35725,12.88116],[77.35725,12.88116],[77.35725,12.88116],[77.35716,12.88119],[77.35716,12.88119],[77.35716,12.88119],[77.35709,12.8812],[77.35708,12.8812],[77.35708,12.8812],[77.35699,12.88119],[77.35699,12.88119],[77.35699,12.88119],[77.35692,12.88117],[77.35692,12.88117],[77.35664,12.88107],[77.35658,12.88113],[77.35657,12.88115],[77.35657,12.8812],[77.3566,12.88125],[77.35663,12.88131],[77.35692,12.8821],[77.35695,12.88217],[77.35699,12.88229],[77.35701,12.88236],[77.35704,12.88241],[77.35708,12.88242],[77.35715,12.88243],[77.35724,12.88243],[77.35735,12.88242],[77.35746,12.8824],[77.35754,12.88244],[77.35761,12.8825],[77.35768,12.88255],[77.35773,12.88254],[77.35777,12.88251],[77.35778,12.88246]]]},"properties":{"shedId":"C05CAM34"}},{"type":"Feature","geometry":{"type":"Polygon","coordinates":[[[77.34772,12.87827],[77.34768,12.87826],[77.34764,12.87826],[77.3476,12.87827],[77.34758,12.87827],[77.34756,12.87828],[77.34754,12.8783],[77.34753,12.87831],[77.34751,12.87834],[77.34751,12.87837],[77.34751,12.87841],[77.34751,12.87846],[77.34754,12.87863],[77.34758,12.87879],[77.34768,12.87927],[77.34772,12.87951],[77.34773,12.87952],[77.34774,12.87954],[77.34775,12.87955],[77.34776,12.87956],[77.34778,12.87957],[77.34804,12.87961],[77.34804,12.87961],[77.34845,12.87968],[77.34846,12.87968],[77.34847,12.87967],[77.34848,12.87966],[77.34849,12.87966],[77.34849,12.87964],[77.3485,12.87963],[77.34851,12.87957],[77.34852,12.87891],[77.34853,12.87886],[77.34854,12.87882],[77.34856,12.87877],[77.34859,12.87874],[77.34862,12.8787],[77.34865,12.87867],[77.34869,12.87865],[77.34874,12.87862],[77.34877,12.87861],[77.34882,12.87859],[77.34885,12.87857],[77.34888,12.87856],[77.34892,12.87855],[77.34895,12.87852],[77.34896,12.87851],[77.34897,12.87849],[77.34897,12.87848],[77.34896,12.87846],[77.34894,12.87845],[77.34891,12.87844],[77.34883,12.87843],[77.34854,12.87839],[77.34772,12.87827]]]},"properties":{"shedId":"C05CAM34"}},{"type":"Feature","geometry":{"type":"Polygon","coordinates":[[[77.37061,12.89232],[77.37063,12.8923],[77.37072,12.8923],[77.37079,12.89231],[77.37079,12.89231],[77.37079,12.89231],[77.37079,12.89231],[77.37079,12.89231],[77.37079,12.89231],[77.37085,12.89234],[77.37085,12.89234],[77.37085,12.89234],[77.37089,12.89236],[77.37094,12.89239],[77.37094,12.89239],[77.37095,12.89239],[77.37106,12.89237],[77.37106,12.89237],[77.37107,12.89236],[77.37108,12.89236],[77.37108,12.89236],[77.37109,12.89236],[77.37109,12.89236],[77.3711,12.89236],[77.37111,12.89235],[77.37111,12.89235],[77.37112,12.89235],[77.37112,12.89235],[77.37113,12.89235],[77.37114,12.89234],[77.37114,12.89234],[77.37115,12.89234],[77.37115,12.89234],[77.37116,12.89234],[77.37117,12.89233],[77.37117,12.89233],[77.37118,12.89233],[77.37118,12.89232],[77.37119,12.89232],[77.3712,12.89232],[77.3712,12.89232],[77.37121,12.89231],[77.37121,12.89231],[77.37122,12.89231],[77.37122,12.8923],[77.37123,12.8923],[77.37124,12.8923],[77.37124,12.89229],[77.37125,12.89229],[77.37125,12.89229],[77.37138,12.8922],[77.37138,12.8922],[77.37151,12.89211],[77.37151,12.89211],[77.37151,12.89211],[77.37168,12.89202],[77.37171,12.892],[77.37159,12.89168],[77.37149,12.89145],[77.37149,12.89145],[77.37149,12.89145],[77.37139,12.89112],[77.37139,12.89112],[77.37131,12.8907],[77.37131,12.89069],[77.37129,12.89043],[77.37129,12.89043],[77.37129,12.89043],[77.37129,12.89018],[77.37125,12.89013],[77.37121,12.89012],[77.37118,12.89012],[77.37113,12.89013],[77.37108,12.89014],[77.37103,12.89017],[77.3704,12.89065],[77.37034,12.89071],[77.37028,12.89081],[77.37024,12.89089],[77.37021,12.89095],[77.3701,12.89102],[77.37005,12.89104],[77.36997,12.89109],[77.36991,12.89111],[77.36989,12.89112],[77.36979,12.89113],[77.36972,12.89117],[77.36971,12.89118],[77.36969,12.89119],[77.36969,12.8912],[77.36968,12.89122],[77.36967,12.89123],[77.36967,12.89125],[77.36967,12.89127],[77.36971,12.89149],[77.36975,12.89168],[77.36977,12.89175],[77.36978,12.89183],[77.3698,12.89192],[77.3698,12.892],[77.3698,12.89209],[77.36979,12.89217],[77.36976,12.89224],[77.36976,12.89228],[77.36976,12.89232],[77.36977,12.89236],[77.36978,12.89239],[77.3698,12.89243],[77.36982,12.89246],[77.36989,12.8925],[77.36996,12.8925],[77.37017,12.89245],[77.37037,12.89243],[77.37046,12.89241],[77.37051,12.89239],[77.37053,12.89238],[77.37058,12.89235],[77.37061,12.89232]]]},"properties":{"shedId":"C05CAM34"}},{"type":"Feature","geometry":{"type":"Polygon","coordinates":[[[77.48808,12.8095],[77.48804,12.80948],[77.488,12.80953],[77.48796,12.80961],[77.48793,12.80992],[77.48782,12.81025],[77.48774,12.81052],[77.48772,12.81069],[77.48766,12.81096],[77.48764,12.81109],[77.48762,12.81113],[77.48757,12.81117],[77.4875,12.81118],[77.48747,12.81119],[77.48742,12.8112],[77.48741,12.81122],[77.48741,12.81125],[77.48743,12.81129],[77.48748,12.81132],[77.48757,12.81134],[77.48768,12.81134],[77.48784,12.81131],[77.48807,12.81124],[77.48822,12.81118],[77.48838,12.81106],[77.48858,12.81092],[77.48873,12.81082],[77.48883,12.81069],[77.48887,12.81058],[77.48888,12.81047],[77.4889,12.81035],[77.48893,12.81028],[77.48894,12.8102],[77.48895,12.81014],[77.48896,12.81001],[77.4888,12.80995],[77.4888,12.80995],[77.48863,12.80987],[77.48863,12.80987],[77.48862,12.80987],[77.48848,12.80976],[77.48833,12.80964],[77.48808,12.8095]]]},"properties":{"shedId":"C05CAM34"}},{"type":"Feature","geometry":{"type":"Polygon","coordinates":[[[77.49123,12.78173],[77.49127,12.78173],[77.49133,12.78173],[77.49156,12.78158],[77.49171,12.7815],[77.49185,12.78143],[77.49185,12.78142],[77.49189,12.78137],[77.49194,12.78133],[77.49196,12.7813],[77.49198,12.78124],[77.49203,12.78107],[77.49204,12.78101],[77.49204,12.78095],[77.49205,12.78092],[77.49206,12.7809],[77.49208,12.78088],[77.49212,12.78084],[77.49215,12.78081],[77.49218,12.78077],[77.49219,12.78074],[77.49225,12.78052],[77.49228,12.78047],[77.49232,12.78041],[77.49241,12.78032],[77.49251,12.78027],[77.49256,12.78027],[77.4927,12.78026],[77.4928,12.78026],[77.49295,12.78022],[77.49299,12.7802],[77.49305,12.78016],[77.49309,12.78012],[77.49316,12.78007],[77.49322,12.78003],[77.49339,12.77996],[77.49356,12.77983],[77.49367,12.77975],[77.49374,12.77969],[77.49378,12.77965],[77.49381,12.77958],[77.49382,12.77946],[77.49383,12.77944],[77.49384,12.77941],[77.49387,12.77939],[77.4939,12.77938],[77.49394,12.77937],[77.49412,12.77942],[77.49418,12.77943],[77.49421,12.77943],[77.49423,12.77942],[77.49428,12.77939],[77.49432,12.77934],[77.49436,12.7793],[77.49444,12.77925],[77.49455,12.7792],[77.49468,12.77914],[77.49467,12.77913],[77.49454,12.77902],[77.4945,12.77898],[77.49442,12.7789],[77.49436,12.77881],[77.4943,12.77871],[77.49422,12.77856],[77.49419,12.77849],[77.4941,12.77829],[77.49405,12.77817],[77.49393,12.77789],[77.49386,12.77775],[77.49377,12.77758],[77.49366,12.77737],[77.49354,12.77718],[77.49346,12.77706],[77.49327,12.77677],[77.4932,12.77667],[77.49316,12.77659],[77.4931,12.77648],[77.49299,12.77623],[77.49289,12.77603],[77.49284,12.77594],[77.49274,12.77577],[77.49268,12.77569],[77.49262,12.77561],[77.49254,12.77552],[77.49248,12.77544],[77.49241,12.77537],[77.49237,12.77532],[77.49233,12.77526],[77.49229,12.77519],[77.49225,12.7751],[77.49224,12.775],[77.49222,12.77493],[77.49221,12.77482],[77.49218,12.77452],[77.49215,12.77413],[77.49215,12.77411],[77.49194,12.77413],[77.49197,12.77426],[77.49197,12.77448],[77.49195,12.77458],[77.49191,12.77476],[77.49186,12.77486],[77.49178,12.77497],[77.49169,12.77511],[77.49161,12.77515],[77.49157,12.77518],[77.49145,12.7752],[77.49147,12.77521],[77.4915,12.77525],[77.49152,12.77528],[77.49154,12.77531],[77.49155,12.77533],[77.49158,12.77535],[77.49155,12.77537],[77.49159,12.77555],[77.49159,12.77556],[77.49159,12.77557],[77.49158,12.77558],[77.49155,12.77562],[77.49153,12.77565],[77.49151,12.77569],[77.49151,12.77577],[77.49165,12.77623],[77.49174,12.7765],[77.49174,12.77654],[77.49174,12.77657],[77.49172,12.77659],[77.49169,12.77661],[77.49157,12.77667],[77.49126,12.77677],[77.49076,12.77696],[77.49064,12.777],[77.49042,12.77705],[77.49014,12.77714],[77.49005,12.77717],[77.48963,12.77731],[77.48956,12.77735],[77.48947,12.7774],[77.48932,12.77754],[77.48924,12.77762],[77.48895,12.77788],[77.48892,12.7779],[77.48891,12.77792],[77.48891,12.77793],[77.48891,12.77794],[77.48891,12.77797],[77.48895,12.77827],[77.48896,12.77835],[77.48908,12.77879],[77.48914,12.77902],[77.4892,12.77914],[77.48929,12.77923],[77.48933,12.77926],[77.48943,12.7793],[77.48972,12.77938],[77.48993,12.7794],[77.4901,12.77939],[77.49025,12.77939],[77.49034,12.77941],[77.49045,12.77944],[77.49068,12.77955],[77.49081,12.77962],[77.49093,12.77979],[77.49103,12.77999],[77.49109,12.78018],[77.49119,12.78039],[77.49126,12.78067],[77.49126,12.78113],[77.4912,12.78152],[77.49118,12.78175],[77.49123,12.78173]]]},"properties":{"shedId":"C05CAM34"}},{"type":"Feature","geometry":{"type":"Polygon","coordinates":[[[77.50297,12.75453],[77.50298,12.75452],[77.50301,12.75452],[77.50312,12.7545],[77.50322,12.75448],[77.50329,12.75444],[77.50333,12.75442],[77.50335,12.75439],[77.50336,12.75437],[77.50336,12.75434],[77.50336,12.75429],[77.50336,12.75422],[77.50335,12.75418],[77.50336,12.75415],[77.50346,12.75393],[77.50356,12.75376],[77.50372,12.75358],[77.5038,12.75345],[77.50383,12.7534],[77.50386,12.75337],[77.50388,12.75336],[77.50396,12.75335],[77.50408,12.75334],[77.50414,12.75333],[77.5042,12.75333],[77.5043,12.75333],[77.50436,12.75333],[77.50442,12.75332],[77.50446,12.75331],[77.50456,12.75324],[77.50471,12.75306],[77.50476,12.75299],[77.50479,12.75296],[77.5048,12.75292],[77.5048,12.75288],[77.50479,12.75283],[77.50474,12.75273],[77.50472,12.75263],[77.50472,12.75256],[77.50474,12.75238],[77.50475,12.75232],[77.50477,12.75229],[77.50479,12.75227],[77.50486,12.75221],[77.50496,12.75218],[77.50505,12.75216],[77.50515,12.75215],[77.50575,12.75212],[77.50583,12.75212],[77.50593,12.75213],[77.506,12.75212],[77.50607,12.75211],[77.5061,12.75209],[77.50611,12.75207],[77.50612,12.75204],[77.50611,12.75202],[77.50609,12.75199],[77.50607,12.75198],[77.50604,12.75197],[77.50599,12.75196],[77.50594,12.75196],[77.50579,12.75196],[77.50573,12.75196],[77.5057,12.75196],[77.50567,12.75195],[77.50563,12.75189],[77.50543,12.75169],[77.50528,12.75152],[77.50513,12.75142],[77.50505,12.75137],[77.50494,12.75135],[77.50459,12.75129],[77.50414,12.75126],[77.50388,12.75125],[77.50382,12.75126],[77.50378,12.75127],[77.50374,12.75128],[77.5037,12.75131],[77.50367,12.75134],[77.50363,12.75139],[77.50352,12.7515],[77.50341,12.75156],[77.50334,12.75159],[77.50327,12.7516],[77.50317,12.75162],[77.50311,12.75164],[77.50283,12.75171],[77.5026,12.75176],[77.50252,12.7518],[77.50237,12.7519],[77.50225,12.75194],[77.50214,12.75196],[77.50212,12.75195],[77.50206,12.75194],[77.50205,12.75193],[77.50204,12.75194],[77.50201,12.75197],[77.50193,12.75199],[77.50184,12.75199],[77.50181,12.752],[77.50179,12.75201],[77.50178,12.75204],[77.50178,12.75206],[77.50178,12.75208],[77.50179,12.75211],[77.5019,12.75233],[77.50198,12.75251],[77.50205,12.7527],[77.5021,12.75292],[77.50215,12.75311],[77.50218,12.75332],[77.50218,12.75338],[77.50217,12.75344],[77.5021,12.75366],[77.50196,12.75403],[77.50189,12.7543],[77.50188,12.75436],[77.50189,12.75444],[77.50189,12.75451],[77.50191,12.7546],[77.50194,12.75466],[77.50197,12.75471],[77.50198,12.75471],[77.502,12.75472],[77.50201,12.75472],[77.50203,12.75471],[77.50205,12.75471],[77.50206,12.7547],[77.50207,12.75468],[77.50208,12.75464],[77.50211,12.7546],[77.50219,12.75455],[77.50221,12.75454],[77.50223,12.75453],[77.50227,12.75453],[77.5023,12.75453],[77.50232,12.75453],[77.50234,12.75454],[77.50237,12.75456],[77.50241,12.7546],[77.50242,12.75463],[77.50254,12.75478],[77.50266,12.75487],[77.50272,12.7549],[77.50277,12.75492],[77.50281,12.75492],[77.50282,12.75492],[77.50284,12.75491],[77.50286,12.75489],[77.5029,12.75483],[77.50292,12.75475],[77.50294,12.7546],[77.50295,12.75456],[77.50297,12.75453]]]},"properties":{"shedId":"C05CAM34"}},{"type":"Feature","geometry":{"type":"Polygon","coordinates":[[[77.5032,12.76967],[77.50327,12.76967],[77.50332,12.76968],[77.50338,12.76969],[77.50344,12.76969],[77.50353,12.76967],[77.50411,12.7695],[77.50414,12.7695],[77.50417,12.7695],[77.50418,12.76951],[77.50421,12.76954],[77.50425,12.76961],[77.50426,12.76962],[77.5043,12.76964],[77.50433,12.76965],[77.5044,12.76967],[77.50443,12.76967],[77.50445,12.76967],[77.50447,12.76966],[77.50448,12.76965],[77.50449,12.76965],[77.50449,12.76964],[77.50449,12.76963],[77.50449,12.76961],[77.50442,12.76943],[77.50441,12.76941],[77.50431,12.76925],[77.50425,12.76917],[77.50419,12.7691],[77.50415,12.76908],[77.5041,12.76906],[77.50402,12.76904],[77.50376,12.76902],[77.50363,12.76901],[77.50348,12.76902],[77.50338,12.76904],[77.50324,12.76907],[77.50317,12.76909],[77.50309,12.76909],[77.50273,12.76909],[77.50261,12.76909],[77.50251,12.7691],[77.5024,12.7691],[77.5023,12.76909],[77.50192,12.76905],[77.50152,12.76901],[77.50121,12.76895],[77.50111,12.76892],[77.50102,12.76886],[77.50095,12.7688],[77.50082,12.76861],[77.50071,12.76843],[77.50066,12.76832],[77.50064,12.76826],[77.50062,12.7681],[77.50058,12.76792],[77.50056,12.76786],[77.50053,12.76776],[77.50052,12.7677],[77.50052,12.7676],[77.50051,12.76754],[77.50037,12.76717],[77.50035,12.76712],[77.50032,12.76709],[77.5003,12.76708],[77.50026,12.76706],[77.50024,12.76706],[77.5002,12.76705],[77.50011,12.76705],[77.5001,12.76708],[77.50007,12.7671],[77.50001,12.76712],[77.49998,12.76713],[77.49996,12.76714],[77.49995,12.76716],[77.49995,12.76719],[77.49995,12.76725],[77.49994,12.76731],[77.49994,12.76733],[77.49995,12.7674],[77.49997,12.76746],[77.5001,12.76786],[77.50011,12.76801],[77.50012,12.76816],[77.50013,12.76829],[77.50011,12.76851],[77.50011,12.76869],[77.50015,12.76887],[77.5002,12.76907],[77.5002,12.76909],[77.50019,12.76911],[77.50017,12.76915],[77.50015,12.76917],[77.50012,12.76918],[77.50005,12.76919],[77.50001,12.76919],[77.49993,12.7692],[77.49989,12.7692],[77.49987,12.76922],[77.49986,12.76923],[77.49986,12.76925],[77.49986,12.76943],[77.49985,12.76949],[77.49984,12.76952],[77.49983,12.76954],[77.49981,12.76955],[77.49973,12.7696],[77.4997,12.76962],[77.49968,12.76964],[77.49968,12.76967],[77.49969,12.76971],[77.4997,12.76973],[77.49973,12.76976],[77.49991,12.76991],[77.50038,12.77045],[77.50064,12.77087],[77.50087,12.7714],[77.50089,12.77143],[77.50089,12.77144],[77.5009,12.77144],[77.50091,12.77145],[77.50093,12.77145],[77.50095,12.77145],[77.50097,12.77145],[77.50133,12.77134],[77.50184,12.77116],[77.50203,12.7711],[77.50217,12.77104],[77.50223,12.771],[77.50229,12.77094],[77.50234,12.77087],[77.50247,12.77061],[77.50259,12.77033],[77.50269,12.77016],[77.50276,12.77004],[77.50285,12.76989],[77.50294,12.7698],[77.50309,12.76971],[77.50315,12.76968],[77.5032,12.76967]]]},"properties":{"shedId":"C05CAM34"}},{"type":"Feature","geometry":{"type":"Polygon","coordinates":[[[77.50409,12.80079],[77.50413,12.80076],[77.5043,12.80077],[77.5044,12.80077],[77.50451,12.80077],[77.50463,12.80077],[77.50466,12.80071],[77.50473,12.80061],[77.50477,12.80051],[77.50483,12.80032],[77.50489,12.80016],[77.50509,12.79996],[77.50528,12.7998],[77.50539,12.79971],[77.50548,12.79968],[77.50557,12.79964],[77.50563,12.79956],[77.50563,12.79951],[77.50558,12.79946],[77.50547,12.79942],[77.50539,12.7994],[77.50533,12.7994],[77.50526,12.79939],[77.50525,12.79936],[77.50522,12.7993],[77.5051,12.79909],[77.5051,12.79901],[77.50511,12.79895],[77.50514,12.7989],[77.50519,12.79887],[77.50524,12.79885],[77.50528,12.79882],[77.50541,12.7987],[77.5056,12.79856],[77.50567,12.79857],[77.50574,12.79859],[77.50577,12.79861],[77.50582,12.79862],[77.50584,12.79862],[77.50588,12.79859],[77.506,12.79853],[77.5061,12.79851],[77.50619,12.7985],[77.5064,12.79851],[77.50663,12.7985],[77.50671,12.79847],[77.50678,12.79844],[77.50698,12.79842],[77.50708,12.79842],[77.50717,12.79844],[77.50724,12.79847],[77.50736,12.79847],[77.50739,12.79847],[77.50743,12.79846],[77.50745,12.79844],[77.50746,12.79843],[77.50753,12.79841],[77.50752,12.79841],[77.50746,12.79831],[77.50732,12.79816],[77.50706,12.79797],[77.50668,12.79772],[77.50637,12.79758],[77.50636,12.79758],[77.50608,12.79743],[77.50608,12.79742],[77.50595,12.79732],[77.50594,12.79732],[77.50594,12.79732],[77.50576,12.79709],[77.50556,12.79684],[77.5054,12.79664],[77.5054,12.79663],[77.5054,12.79663],[77.50532,12.79647],[77.50532,12.79647],[77.50532,12.79646],[77.50528,12.7963],[77.50528,12.79629],[77.50528,12.79629],[77.50529,12.79616],[77.50529,12.79616],[77.50529,12.79616],[77.50534,12.79595],[77.50534,12.79595],[77.5054,12.7957],[77.50543,12.79554],[77.50544,12.7954],[77.50543,12.79525],[77.50543,12.79518],[77.50536,12.79536],[77.50527,12.79555],[77.50522,12.79562],[77.50512,12.79567],[77.50498,12.79572],[77.50494,12.79588],[77.50485,12.79597],[77.50475,12.79612],[77.50464,12.7962],[77.50468,12.79635],[77.50469,12.79644],[77.50469,12.79657],[77.50463,12.79674],[77.50453,12.79689],[77.50441,12.79709],[77.50432,12.79724],[77.50423,12.79736],[77.50419,12.79751],[77.50419,12.79763],[77.50415,12.79775],[77.50403,12.79794],[77.50398,12.79804],[77.504,12.79812],[77.50405,12.79824],[77.50411,12.7985],[77.5041,12.79871],[77.5041,12.79892],[77.5041,12.7991],[77.50408,12.79949],[77.50411,12.79965],[77.50416,12.79983],[77.50417,12.79995],[77.50416,12.80008],[77.50415,12.80034],[77.50409,12.80045],[77.50402,12.80057],[77.50398,12.80068],[77.504,12.80075],[77.50409,12.80079]]]},"properties":{"shedId":"C05CAM34"}},{"type":"Feature","geometry":{"type":"Polygon","coordinates":[[[77.37287,12.87043],[77.37284,12.87042],[77.37278,12.87043],[77.37273,12.87044],[77.37266,12.87046],[77.3725,12.87056],[77.37245,12.8706],[77.37243,12.87063],[77.37243,12.87063],[77.37243,12.87063],[77.37243,12.87063],[77.37243,12.87063],[77.37243,12.87063],[77.37243,12.87063],[77.37243,12.87064],[77.37243,12.87064],[77.37243,12.87064],[77.37243,12.87064],[77.37244,12.87064],[77.37244,12.87064],[77.37244,12.87065],[77.37244,12.87065],[77.37244,12.87065],[77.37244,12.87065],[77.37244,12.87065],[77.37244,12.87065],[77.37244,12.87065],[77.37244,12.87065],[77.37244,12.87066],[77.37244,12.87066],[77.37245,12.87066],[77.37245,12.87066],[77.37245,12.87066],[77.37245,12.87067],[77.37245,12.87068],[77.37245,12.87069],[77.37245,12.8707],[77.37246,12.87071],[77.37246,12.87072],[77.37246,12.87073],[77.37246,12.87073],[77.37246,12.87074],[77.37246,12.87075],[77.37246,12.87076],[77.37247,12.87077],[77.37247,12.87078],[77.37247,12.87079],[77.37247,12.8708],[77.37247,12.87081],[77.37247,12.87082],[77.37247,12.87083],[77.37247,12.87083],[77.37247,12.87084],[77.37247,12.87085],[77.37247,12.87086],[77.37247,12.87087],[77.37247,12.87088],[77.37247,12.87089],[77.37248,12.8709],[77.37248,12.87091],[77.37248,12.87092],[77.37248,12.87093],[77.37248,12.87094],[77.37248,12.87095],[77.37248,12.87096],[77.37248,12.87097],[77.37248,12.87098],[77.37248,12.87099],[77.37248,12.87099],[77.37248,12.871],[77.37249,12.87101],[77.37249,12.87102],[77.37249,12.87103],[77.37249,12.87104],[77.37249,12.87105],[77.37249,12.87106],[77.3725,12.87107],[77.3725,12.87108],[77.3725,12.87109],[77.3725,12.8711],[77.3725,12.87111],[77.37251,12.87112],[77.37251,12.87113],[77.37251,12.87114],[77.37251,12.87115],[77.37251,12.87116],[77.37252,12.87117],[77.37252,12.87118],[77.37252,12.87119],[77.37252,12.8712],[77.37253,12.8712],[77.37253,12.87121],[77.37253,12.87122],[77.37254,12.87123],[77.37254,12.87124],[77.37254,12.87125],[77.37254,12.87125],[77.37254,12.87125],[77.37255,12.87127],[77.37255,12.87129],[77.37255,12.87131],[77.37255,12.87133],[77.37256,12.87135],[77.37256,12.87137],[77.37256,12.87139],[77.37257,12.87141],[77.37257,12.87144],[77.37257,12.87146],[77.37257,12.87148],[77.37257,12.8715],[77.37258,12.87152],[77.37258,12.87154],[77.37258,12.87156],[77.37258,12.87158],[77.37258,12.8716],[77.37259,12.87162],[77.37259,12.87164],[77.37259,12.87166],[77.37259,12.87168],[77.37259,12.8717],[77.37259,12.87172],[77.3726,12.87174],[77.3726,12.87176],[77.37262,12.87177],[77.37267,12.87179],[77.37271,12.87181],[77.37275,12.87184],[77.3728,12.87188],[77.37287,12.87194],[77.3729,12.87195],[77.37293,12.87197],[77.37296,12.87197],[77.373,12.87197],[77.37303,12.87197],[77.37306,12.87195],[77.37309,12.87191],[77.37312,12.87187],[77.37315,12.87183],[77.37316,12.87181],[77.37318,12.87179],[77.37322,12.87178],[77.37324,12.87177],[77.37327,12.87176],[77.3733,12.87175],[77.37333,12.87172],[77.37334,12.87169],[77.37336,12.87163],[77.37337,12.87157],[77.37337,12.87153],[77.37337,12.87148],[77.37337,12.87143],[77.37336,12.87138],[77.37335,12.87131],[77.37333,12.87125],[77.37325,12.87095],[77.37323,12.87088],[77.3732,12.87082],[77.37309,12.87068],[77.37293,12.87047],[77.37287,12.87043]]]},"properties":{"shedId":"C05CAM34"}},{"type":"Feature","geometry":{"type":"Polygon","coordinates":[[[77.38093,12.89362],[77.38087,12.89355],[77.38083,12.89352],[77.3808,12.89351],[77.38073,12.89351],[77.38054,12.89352],[77.38021,12.89355],[77.38021,12.89355],[77.38021,12.89355],[77.37997,12.89355],[77.37997,12.89355],[77.37982,12.89353],[77.37982,12.89353],[77.37967,12.89349],[77.37967,12.89349],[77.37967,12.89349],[77.37952,12.89341],[77.37944,12.89343],[77.37941,12.89346],[77.37941,12.89352],[77.3794,12.89358],[77.3794,12.89366],[77.3794,12.89381],[77.37941,12.8939],[77.37942,12.894],[77.37942,12.89407],[77.37942,12.89415],[77.37934,12.89453],[77.3793,12.89463],[77.37924,12.89471],[77.37916,12.89477],[77.37909,12.89481],[77.37904,12.89484],[77.37898,12.89488],[77.37891,12.89491],[77.37884,12.89493],[77.37879,12.89496],[77.37874,12.89499],[77.37871,12.89503],[77.37878,12.89511],[77.37878,12.89511],[77.37895,12.89532],[77.37895,12.89532],[77.37907,12.89548],[77.37907,12.89548],[77.37916,12.89547],[77.37918,12.89544],[77.37921,12.8954],[77.37926,12.89531],[77.37931,12.89518],[77.37935,12.89507],[77.37939,12.89498],[77.37942,12.89492],[77.37946,12.89487],[77.37978,12.89467],[77.38021,12.89437],[77.38037,12.89425],[77.38047,12.89418],[77.38057,12.89414],[77.38066,12.8941],[77.38072,12.89405],[77.3808,12.89399],[77.38086,12.89394],[77.38091,12.89388],[77.381,12.89382],[77.38107,12.89378],[77.3811,12.89375],[77.38112,12.89372],[77.38109,12.89368],[77.38104,12.89368],[77.38104,12.89368],[77.38104,12.89368],[77.38098,12.89366],[77.38098,12.89366],[77.38098,12.89366],[77.38093,12.89362],[77.38093,12.89362],[77.38093,12.89362],[77.38093,12.89362]]]},"properties":{"shedId":"C05CAM34"}},{"type":"Feature","geometry":{"type":"Polygon","coordinates":[[[77.44325,12.83319],[77.44327,12.8332],[77.44339,12.83311],[77.4434,12.83305],[77.4434,12.83299],[77.44327,12.83286],[77.44306,12.83265],[77.44306,12.83265],[77.44306,12.83265],[77.44298,12.83255],[77.44298,12.83255],[77.4429,12.83243],[77.4429,12.83243],[77.4429,12.83243],[77.44281,12.83226],[77.44281,12.83226],[77.44276,12.83216],[77.44276,12.83216],[77.44276,12.83216],[77.44273,12.83207],[77.44273,12.83207],[77.4427,12.83194],[77.4427,12.83194],[77.44267,12.83178],[77.44267,12.83178],[77.44265,12.83167],[77.44265,12.83167],[77.44265,12.83156],[77.44265,12.83156],[77.44265,12.83143],[77.44266,12.83139],[77.44259,12.83139],[77.4426,12.83142],[77.44238,12.83163],[77.44227,12.83175],[77.44222,12.83192],[77.44223,12.83204],[77.44226,12.83217],[77.44227,12.83226],[77.44226,12.83229],[77.44223,12.83236],[77.44221,12.83242],[77.44218,12.83248],[77.44215,12.83253],[77.44212,12.83265],[77.4421,12.83273],[77.44207,12.83278],[77.44206,12.83283],[77.44205,12.8329],[77.44204,12.83311],[77.44203,12.83317],[77.44202,12.8332],[77.44203,12.83323],[77.44206,12.83325],[77.44216,12.83329],[77.44232,12.83335],[77.44236,12.83336],[77.44248,12.83338],[77.44253,12.83338],[77.44271,12.83336],[77.44288,12.83334],[77.44289,12.83333],[77.44289,12.83333],[77.44289,12.83333],[77.44306,12.83327],[77.44318,12.83322],[77.44321,12.8332],[77.44321,12.8332],[77.44321,12.8332],[77.44325,12.83319],[77.44325,12.83319],[77.44325,12.83319],[77.44325,12.83319]]]},"properties":{"shedId":"C05CAM34"}},{"type":"Feature","geometry":{"type":"Polygon","coordinates":[[[77.44749,12.82438],[77.44741,12.82433],[77.44739,12.82432],[77.44737,12.82431],[77.44734,12.82431],[77.44729,12.8243],[77.44723,12.82431],[77.44712,12.82433],[77.44705,12.82434],[77.44705,12.82434],[77.44692,12.82436],[77.44691,12.82436],[77.44681,12.82437],[77.44681,12.82437],[77.44671,12.82438],[77.44671,12.82438],[77.44657,12.82438],[77.44634,12.82438],[77.44611,12.82439],[77.44611,12.82439],[77.446,12.82439],[77.446,12.82439],[77.44594,12.82438],[77.44594,12.82438],[77.4459,12.82438],[77.4459,12.82438],[77.44583,12.82437],[77.44583,12.82437],[77.4458,12.82436],[77.4458,12.82436],[77.44574,12.82434],[77.44571,12.82433],[77.44571,12.82433],[77.44571,12.82433],[77.44567,12.82432],[77.44567,12.82432],[77.44561,12.82429],[77.4456,12.82429],[77.44551,12.82424],[77.44551,12.82423],[77.44545,12.82419],[77.44544,12.82419],[77.4454,12.82416],[77.44539,12.82416],[77.44534,12.82411],[77.44534,12.82411],[77.4453,12.82407],[77.4453,12.82407],[77.4453,12.82407],[77.44528,12.82404],[77.44528,12.82404],[77.44528,12.82404],[77.44527,12.82403],[77.44527,12.82417],[77.44528,12.82423],[77.44529,12.82425],[77.44535,12.82442],[77.44535,12.82455],[77.44531,12.82467],[77.44528,12.825],[77.44528,12.82504],[77.4453,12.82514],[77.44531,12.82522],[77.44533,12.82532],[77.44534,12.82543],[77.44547,12.82586],[77.44552,12.82596],[77.44563,12.82604],[77.44568,12.82604],[77.44576,12.82605],[77.44585,12.82605],[77.44596,12.82605],[77.4461,12.82602],[77.44618,12.82599],[77.44627,12.82596],[77.44632,12.82595],[77.44651,12.82587],[77.44663,12.82578],[77.44667,12.82564],[77.44668,12.82561],[77.44672,12.82511],[77.44674,12.82505],[77.44677,12.825],[77.44679,12.82496],[77.44683,12.82493],[77.44689,12.82489],[77.44696,12.82486],[77.44703,12.82483],[77.4471,12.8248],[77.44715,12.82477],[77.44719,12.82474],[77.4473,12.82464],[77.44737,12.82455],[77.4474,12.8245],[77.44744,12.82443],[77.44749,12.82438],[77.44749,12.82438]]]},"properties":{"shedId":"C05CAM34"}},{"type":"Feature","geometry":{"type":"Polygon","coordinates":[[[77.51615,12.7701],[77.51614,12.77007],[77.51612,12.77006],[77.51611,12.77006],[77.51607,12.77005],[77.51602,12.77005],[77.51593,12.77006],[77.51586,12.77006],[77.51573,12.77007],[77.51566,12.77008],[77.51562,12.77008],[77.51559,12.77008],[77.51555,12.77006],[77.51551,12.77003],[77.51538,12.76992],[77.51525,12.76982],[77.51498,12.76971],[77.51492,12.76968],[77.51488,12.76967],[77.51482,12.76966],[77.51479,12.76966],[77.51476,12.76967],[77.51474,12.76968],[77.51473,12.76971],[77.51471,12.76973],[77.51469,12.76981],[77.51469,12.76983],[77.51469,12.76985],[77.51469,12.76987],[77.5147,12.76989],[77.51472,12.76998],[77.51476,12.7701],[77.51479,12.77024],[77.51481,12.77034],[77.51483,12.77053],[77.51483,12.77072],[77.5148,12.77094],[77.5148,12.77097],[77.51481,12.77101],[77.51482,12.77105],[77.51483,12.77107],[77.51484,12.77109],[77.51488,12.77113],[77.51491,12.77115],[77.51493,12.77116],[77.51498,12.77119],[77.51507,12.77121],[77.51523,12.77125],[77.51535,12.7713],[77.51575,12.7714],[77.51619,12.77149],[77.51625,12.77149],[77.51629,12.77149],[77.51637,12.77148],[77.51644,12.77145],[77.51655,12.77142],[77.51663,12.7714],[77.51668,12.77137],[77.5167,12.77134],[77.51671,12.77131],[77.51673,12.7712],[77.51674,12.77087],[77.51673,12.77082],[77.51673,12.77081],[77.51671,12.77078],[77.51667,12.77076],[77.51665,12.77075],[77.51663,12.77074],[77.5166,12.77073],[77.51656,12.7707],[77.51654,12.77068],[77.5165,12.77066],[77.51647,12.77064],[77.51643,12.77063],[77.51638,12.77062],[77.51633,12.77061],[77.5163,12.7706],[77.51626,12.77058],[77.51623,12.77055],[77.51621,12.77051],[77.51617,12.77037],[77.51616,12.77018],[77.51615,12.77014],[77.51615,12.7701]]]},"properties":{"shedId":"C05CAM34"}},{"type":"Feature","geometry":{"type":"Polygon","coordinates":[[[77.43778,12.84404],[77.43777,12.84396],[77.43768,12.84397],[77.43677,12.84302],[77.43646,12.84324],[77.43654,12.84368],[77.43724,12.84421],[77.4373,12.84428],[77.4373,12.84429],[77.43729,12.84431],[77.43729,12.84432],[77.43729,12.84434],[77.43729,12.84436],[77.43729,12.84437],[77.4373,12.84439],[77.43731,12.8444],[77.43732,12.84442],[77.43759,12.84478],[77.4377,12.84482],[77.43784,12.84527],[77.43822,12.84513],[77.43809,12.84474],[77.43804,12.84471],[77.43804,12.84468],[77.43803,12.84465],[77.43802,12.84462],[77.43798,12.84459],[77.43795,12.84457],[77.43789,12.84454],[77.43785,12.84451],[77.43782,12.84449],[77.43779,12.84444],[77.43778,12.8444],[77.43779,12.84436],[77.43779,12.8443],[77.4378,12.84426],[77.43781,12.84419],[77.43781,12.84413],[77.43778,12.84404]]]},"properties":{"shedId":"C05CAM34"}},{"type":"Feature","geometry":{"type":"Polygon","coordinates":[[[77.39053,12.91436],[77.39043,12.91434],[77.39022,12.91436],[77.38997,12.91441],[77.38976,12.91443],[77.38961,12.91448],[77.3895,12.91454],[77.38945,12.91465],[77.38949,12.91469],[77.38952,12.91474],[77.38955,12.91477],[77.38956,12.91477],[77.38958,12.9148],[77.38958,12.9148],[77.38958,12.9148],[77.3896,12.91484],[77.3896,12.91484],[77.38961,12.91487],[77.38961,12.91487],[77.38961,12.91488],[77.38961,12.91491],[77.38961,12.91491],[77.38956,12.9156],[77.38956,12.9156],[77.38952,12.91591],[77.38953,12.916],[77.38956,12.91606],[77.38965,12.9161],[77.38973,12.91613],[77.38983,12.91615],[77.39004,12.9162],[77.39013,12.91622],[77.39021,12.91628],[77.39024,12.91634],[77.39025,12.9165],[77.39026,12.91667],[77.39027,12.91674],[77.39031,12.9168],[77.39037,12.91685],[77.39047,12.91686],[77.39057,12.91686],[77.39068,12.91682],[77.39076,12.91677],[77.39079,12.91671],[77.39081,12.91663],[77.39083,12.91654],[77.39083,12.91643],[77.39082,12.91633],[77.3908,12.91625],[77.3908,12.91617],[77.3908,12.9161],[77.39079,12.91589],[77.39079,12.91582],[77.39078,12.91568],[77.39077,12.91556],[77.39073,12.91543],[77.39066,12.91529],[77.39061,12.91513],[77.39057,12.91502],[77.39057,12.91488],[77.39057,12.91477],[77.39057,12.91465],[77.39057,12.91456],[77.39056,12.91445],[77.39053,12.91436]]]},"properties":{"shedId":"C05CAM34"}},{"type":"Feature","geometry":{"type":"Polygon","coordinates":[[[77.35193,12.88691],[77.35172,12.88691],[77.35164,12.88693],[77.35155,12.88696],[77.35152,12.88699],[77.3515,12.88703],[77.35147,12.88711],[77.35147,12.8872],[77.35144,12.88726],[77.35143,12.8873],[77.35143,12.88736],[77.35145,12.88743],[77.35147,12.88749],[77.35154,12.88754],[77.35165,12.88756],[77.35183,12.88759],[77.3519,12.88766],[77.35195,12.88775],[77.35201,12.88782],[77.35209,12.88785],[77.35218,12.88785],[77.35228,12.88784],[77.35242,12.8878],[77.35257,12.88776],[77.35265,12.88772],[77.35272,12.88767],[77.35277,12.8876],[77.35287,12.88731],[77.35288,12.88726],[77.35289,12.8872],[77.35289,12.88717],[77.35288,12.88712],[77.35286,12.88709],[77.35286,12.88708],[77.35281,12.88705],[77.35204,12.88693],[77.35193,12.88691]]]},"properties":{"shedId":"C05CAM34"}},{"type":"Feature","geometry":{"type":"Polygon","coordinates":[[[77.39955,12.89794],[77.39951,12.89795],[77.3995,12.89794],[77.39949,12.89794],[77.39948,12.89794],[77.39947,12.89793],[77.39946,12.89793],[77.39945,12.89792],[77.39944,12.89791],[77.39943,12.8979],[77.39943,12.89788],[77.39942,12.89786],[77.39941,12.89785],[77.39939,12.89783],[77.39938,12.89782],[77.39936,12.89782],[77.39934,12.89781],[77.3993,12.89781],[77.39927,12.89779],[77.39924,12.89778],[77.39921,12.89776],[77.39918,12.89773],[77.39916,12.8977],[77.3991,12.89763],[77.39905,12.89736],[77.39902,12.89725],[77.39903,12.89716],[77.39904,12.89707],[77.39909,12.89696],[77.39918,12.89686],[77.39924,12.8968],[77.39923,12.89658],[77.39922,12.89659],[77.39922,12.89659],[77.39922,12.8966],[77.39922,12.8966],[77.39921,12.8966],[77.39921,12.89661],[77.39921,12.89661],[77.3992,12.89661],[77.3992,12.89662],[77.3992,12.89662],[77.3992,12.89662],[77.39919,12.89663],[77.39919,12.89663],[77.39919,12.89663],[77.39918,12.89664],[77.39918,12.89664],[77.39918,12.89664],[77.39917,12.89665],[77.39917,12.89665],[77.39917,12.89665],[77.39916,12.89665],[77.39916,12.89666],[77.39916,12.89666],[77.39915,12.89666],[77.39915,12.89667],[77.39915,12.89667],[77.39914,12.89667],[77.39914,12.89667],[77.39913,12.89667],[77.39913,12.89668],[77.39913,12.89668],[77.39912,12.89668],[77.39912,12.89668],[77.39911,12.89669],[77.39911,12.89669],[77.39911,12.89669],[77.3991,12.89669],[77.3991,12.89669],[77.39909,12.89669],[77.39909,12.8967],[77.39909,12.8967],[77.39908,12.8967],[77.39908,12.8967],[77.39907,12.8967],[77.39907,12.8967],[77.39906,12.8967],[77.39906,12.89671],[77.39906,12.89671],[77.39906,12.89671],[77.39894,12.89673],[77.39894,12.89673],[77.39894,12.89673],[77.39873,12.89676],[77.39852,12.8968],[77.39842,12.89683],[77.39842,12.89683],[77.39833,12.89685],[77.39807,12.89691],[77.39799,12.89694],[77.3979,12.89698],[77.39789,12.89698],[77.39789,12.89698],[77.39788,12.89698],[77.39788,12.89699],[77.39787,12.89699],[77.39787,12.89699],[77.39786,12.89699],[77.39786,12.89699],[77.39785,12.89699],[77.39785,12.897],[77.39784,12.897],[77.39784,12.897],[77.39783,12.897],[77.39783,12.897],[77.39782,12.897],[77.39782,12.897],[77.39781,12.897],[77.39781,12.897],[77.3978,12.897],[77.3978,12.897],[77.39779,12.897],[77.39778,12.897],[77.39778,12.897],[77.39777,12.89701],[77.39777,12.89701],[77.39776,12.89701],[77.39776,12.89701],[77.39775,12.89701],[77.39775,12.89701],[77.39774,12.89701],[77.39774,12.897],[77.39773,12.897],[77.39773,12.897],[77.39772,12.897],[77.39771,12.897],[77.39771,12.897],[77.39771,12.897],[77.39768,12.89724],[77.39768,12.89731],[77.39772,12.89739],[77.3978,12.89744],[77.39787,12.89742],[77.39796,12.89738],[77.39805,12.89746],[77.39807,12.89752],[77.39811,12.89761],[77.39816,12.89776],[77.39823,12.89797],[77.39825,12.89805],[77.39827,12.89818],[77.39827,12.89831],[77.39829,12.89848],[77.39832,12.89864],[77.3984,12.89875],[77.3984,12.89884],[77.39839,12.89893],[77.3984,12.89896],[77.39841,12.899],[77.39842,12.89903],[77.39844,12.89907],[77.39846,12.89908],[77.39849,12.8991],[77.39852,12.89911],[77.39854,12.89911],[77.39857,12.89912],[77.39861,12.89911],[77.39864,12.8991],[77.39867,12.89908],[77.3987,12.89906],[77.39872,12.89904],[77.39874,12.89901],[77.39895,12.89881],[77.39899,12.89878],[77.39905,12.89871],[77.39912,12.89864],[77.39918,12.89857],[77.39926,12.89851],[77.39934,12.89845],[77.39939,12.89842],[77.39944,12.89839],[77.39949,12.89837],[77.39955,12.89835],[77.39959,12.89832],[77.39962,12.89829],[77.39965,12.89825],[77.39968,12.89821],[77.3997,12.89816],[77.39972,12.89811],[77.39973,12.89804],[77.39973,12.89803],[77.39973,12.89802],[77.39972,12.898],[77.39972,12.89799],[77.39971,12.89798],[77.3997,12.89797],[77.39969,12.89796],[77.39968,12.89796],[77.39966,12.89795],[77.39965,12.89795],[77.3996,12.89795],[77.39955,12.89794]]]},"properties":{"shedId":"C05CAM34"}},{"type":"Feature","geometry":{"type":"Polygon","coordinates":[[[77.49005,12.76763],[77.49002,12.76762],[77.49,12.76762],[77.48997,12.76762],[77.48993,12.76763],[77.48988,12.76763],[77.48985,12.76763],[77.48984,12.76762],[77.48982,12.7676],[77.48979,12.76758],[77.48976,12.76753],[77.48973,12.76746],[77.48967,12.76736],[77.48964,12.76728],[77.4896,12.76719],[77.48956,12.76708],[77.48953,12.76695],[77.48953,12.76691],[77.48952,12.7669],[77.4895,12.76689],[77.48948,12.7669],[77.48946,12.76691],[77.48945,12.76693],[77.48945,12.76696],[77.48945,12.76698],[77.48947,12.76702],[77.48948,12.76709],[77.48951,12.7672],[77.48953,12.7673],[77.48953,12.76732],[77.48952,12.76734],[77.4895,12.76736],[77.48946,12.76738],[77.48933,12.76748],[77.48928,12.76754],[77.48922,12.76764],[77.489,12.76792],[77.48892,12.76804],[77.48891,12.76809],[77.48891,12.76814],[77.48891,12.76816],[77.48893,12.76819],[77.48893,12.76822],[77.48896,12.76825],[77.48917,12.76843],[77.48933,12.76856],[77.48953,12.76871],[77.4897,12.76881],[77.48987,12.76889],[77.4899,12.76889],[77.48992,12.76889],[77.48994,12.76888],[77.48995,12.76887],[77.48997,12.76885],[77.48997,12.76883],[77.48998,12.76858],[77.49023,12.76803],[77.49024,12.76801],[77.49024,12.76798],[77.49024,12.76796],[77.49024,12.76794],[77.49012,12.7677],[77.49011,12.76768],[77.49009,12.76765],[77.49005,12.76763]]]},"properties":{"shedId":"C05CAM34"}},{"type":"Feature","geometry":{"type":"Polygon","coordinates":[[[77.4005,12.91883],[77.40047,12.9188],[77.40048,12.9188],[77.40048,12.9188],[77.40049,12.9188],[77.40049,12.9188],[77.4005,12.91881],[77.4005,12.91881],[77.40051,12.91881],[77.40051,12.91881],[77.40052,12.91881],[77.40052,12.91881],[77.40053,12.91881],[77.40053,12.91881],[77.40054,12.91881],[77.40054,12.91881],[77.40055,12.91881],[77.40056,12.91881],[77.40056,12.91881],[77.40057,12.91881],[77.40057,12.91881],[77.40058,12.91881],[77.40058,12.91881],[77.40059,12.91881],[77.40059,12.91881],[77.4006,12.91881],[77.4006,12.91881],[77.40061,12.91881],[77.40061,12.91881],[77.40062,12.9188],[77.40062,12.9188],[77.40063,12.9188],[77.40063,12.9188],[77.40064,12.9188],[77.40064,12.9188],[77.40065,12.9188],[77.40065,12.9188],[77.40066,12.9188],[77.40066,12.91879],[77.40067,12.91879],[77.40067,12.91879],[77.40086,12.91875],[77.40081,12.9183],[77.40081,12.9183],[77.40081,12.91828],[77.40081,12.91827],[77.40081,12.91825],[77.40081,12.91823],[77.40081,12.91822],[77.40081,12.9182],[77.4008,12.91818],[77.4008,12.91816],[77.4008,12.91815],[77.4008,12.91813],[77.4008,12.91811],[77.4008,12.91809],[77.4008,12.91808],[77.4008,12.91806],[77.4008,12.91804],[77.4008,12.91803],[77.4008,12.91801],[77.4008,12.91799],[77.4008,12.91797],[77.4008,12.91796],[77.4008,12.91794],[77.4008,12.91792],[77.4008,12.9179],[77.4008,12.91789],[77.4008,12.91787],[77.4008,12.91785],[77.4008,12.91783],[77.4008,12.91782],[77.4008,12.9178],[77.4008,12.91778],[77.40081,12.91777],[77.40081,12.91775],[77.40081,12.91773],[77.40081,12.91771],[77.40081,12.9177],[77.40081,12.91768],[77.40081,12.91766],[77.40081,12.91764],[77.40081,12.91763],[77.40082,12.91761],[77.40082,12.91759],[77.40082,12.91758],[77.40082,12.91756],[77.40082,12.91754],[77.40082,12.91754],[77.40082,12.91753],[77.40082,12.91753],[77.40082,12.91752],[77.40082,12.91752],[77.40083,12.91751],[77.40083,12.91751],[77.40083,12.9175],[77.40083,12.9175],[77.40083,12.91749],[77.40083,12.91748],[77.40083,12.91748],[77.40083,12.91747],[77.40083,12.91747],[77.40083,12.91746],[77.40084,12.91746],[77.40084,12.91745],[77.40084,12.91745],[77.40084,12.91744],[77.40084,12.91744],[77.40084,12.91743],[77.40085,12.91743],[77.40085,12.91742],[77.40085,12.91742],[77.40085,12.91741],[77.40085,12.91741],[77.40086,12.9174],[77.40086,12.9174],[77.40086,12.9174],[77.40086,12.9174],[77.40086,12.91739],[77.40086,12.91739],[77.40087,12.91738],[77.40087,12.91738],[77.40087,12.91738],[77.40087,12.91737],[77.40088,12.91737],[77.40088,12.91737],[77.40088,12.91736],[77.40088,12.91736],[77.40089,12.91735],[77.40089,12.91735],[77.40089,12.91735],[77.40089,12.91734],[77.4009,12.91734],[77.4009,12.91734],[77.4009,12.91733],[77.40091,12.91733],[77.40091,12.91733],[77.40091,12.91732],[77.40092,12.91732],[77.40092,12.91732],[77.40092,12.91732],[77.40092,12.91731],[77.40093,12.91731],[77.40093,12.91731],[77.40093,12.91731],[77.40093,12.91731],[77.40093,12.91731],[77.40093,12.9173],[77.40093,12.9173],[77.40093,12.9173],[77.40094,12.9173],[77.40094,12.9173],[77.40094,12.91729],[77.40094,12.91729],[77.40094,12.91729],[77.40094,12.91729],[77.40094,12.91729],[77.40094,12.91728],[77.40094,12.91728],[77.40094,12.91728],[77.40094,12.91728],[77.40094,12.91728],[77.40095,12.91727],[77.40095,12.91727],[77.40095,12.91727],[77.40095,12.91727],[77.40095,12.91726],[77.40095,12.91726],[77.40095,12.91726],[77.40095,12.91726],[77.40095,12.91726],[77.40095,12.91725],[77.40095,12.91725],[77.40095,12.91725],[77.40095,12.91725],[77.40095,12.91725],[77.40095,12.91724],[77.40097,12.91695],[77.40095,12.91692],[77.40096,12.91692],[77.40096,12.91691],[77.40096,12.9169],[77.40097,12.91689],[77.40097,12.91688],[77.40097,12.91688],[77.40098,12.91687],[77.40098,12.91686],[77.40098,12.91685],[77.40099,12.91684],[77.40099,12.91683],[77.40099,12.91682],[77.40099,12.91681],[77.401,12.9168],[77.401,12.91679],[77.401,12.91679],[77.40101,12.91678],[77.40101,12.91677],[77.40101,12.91676],[77.40101,12.91675],[77.40101,12.91675],[77.401,12.91676],[77.401,12.91676],[77.40099,12.91676],[77.40098,12.91677],[77.40098,12.91677],[77.40097,12.91677],[77.40097,12.91678],[77.40096,12.91678],[77.40095,12.91678],[77.40095,12.91679],[77.40094,12.91679],[77.40094,12.91679],[77.40093,12.9168],[77.40092,12.9168],[77.40092,12.9168],[77.40091,12.91681],[77.40091,12.91681],[77.4009,12.91681],[77.4009,12.91682],[77.40063,12.91702],[77.40063,12.91702],[77.40062,12.91702],[77.40062,12.91702],[77.40061,12.91703],[77.4006,12.91703],[77.4006,12.91703],[77.40059,12.91704],[77.40058,12.91704],[77.40058,12.91704],[77.40057,12.91705],[77.40056,12.91705],[77.40056,12.91705],[77.40055,12.91706],[77.40054,12.91706],[77.40054,12.91706],[77.40053,12.91707],[77.40052,12.91707],[77.40052,12.91707],[77.40051,12.91707],[77.4005,12.91708],[77.4005,12.91708],[77.40049,12.91708],[77.40048,12.91708],[77.40047,12.91708],[77.40047,12.91709],[77.40046,12.91709],[77.40045,12.91709],[77.40045,12.91709],[77.40044,12.91709],[77.40043,12.9171],[77.40043,12.9171],[77.40042,12.9171],[77.40041,12.9171],[77.4004,12.9171],[77.4004,12.9171],[77.40039,12.91711],[77.40038,12.91711],[77.40038,12.91711],[77.40037,12.91711],[77.40036,12.91711],[77.40035,12.91711],[77.40035,12.91711],[77.40034,12.91711],[77.40033,12.91711],[77.40032,12.91711],[77.40032,12.91711],[77.40031,12.91712],[77.4003,12.91712],[77.4003,12.91712],[77.40029,12.91712],[77.39955,12.91712],[77.39922,12.91714],[77.3992,12.91714],[77.39918,12.91715],[77.39917,12.91715],[77.39915,12.91715],[77.39913,12.91715],[77.39911,12.91715],[77.3991,12.91715],[77.39908,12.91716],[77.39906,12.91716],[77.39905,12.91716],[77.39903,12.91716],[77.39901,12.91716],[77.39899,12.91717],[77.39898,12.91717],[77.39896,12.91717],[77.39894,12.91717],[77.39893,12.91718],[77.39891,12.91718],[77.39889,12.91718],[77.39888,12.91718],[77.39886,12.91719],[77.39884,12.91719],[77.39882,12.91719],[77.39881,12.91719],[77.39879,12.9172],[77.39877,12.9172],[77.39876,12.9172],[77.39874,12.91721],[77.39872,12.91721],[77.39871,12.91721],[77.39869,12.91722],[77.39867,12.91722],[77.39866,12.91722],[77.39864,12.91723],[77.39862,12.91723],[77.39861,12.91724],[77.39859,12.91724],[77.39857,12.91724],[77.39847,12.91727],[77.39843,12.91728],[77.39863,12.91729],[77.39863,12.91729],[77.39874,12.9173],[77.39874,12.9173],[77.39874,12.9173],[77.39875,12.9173],[77.39875,12.9173],[77.39875,12.9173],[77.39875,12.9173],[77.39875,12.9173],[77.39875,12.9173],[77.39876,12.9173],[77.39876,12.9173],[77.39876,12.9173],[77.39876,12.9173],[77.39876,12.9173],[77.39876,12.9173],[77.39877,12.9173],[77.39877,12.9173],[77.39877,12.9173],[77.39877,12.9173],[77.39877,12.9173],[77.39877,12.9173],[77.39877,12.91731],[77.39878,12.91731],[77.39878,12.91731],[77.39878,12.91731],[77.39878,12.91731],[77.39878,12.91731],[77.39878,12.91731],[77.39878,12.91731],[77.39879,12.91731],[77.39879,12.91731],[77.39879,12.91731],[77.39879,12.91731],[77.39879,12.91731],[77.39879,12.91731],[77.3988,12.91732],[77.3988,12.91732],[77.3988,12.91732],[77.3988,12.91732],[77.3988,12.91732],[77.3988,12.91732],[77.39881,12.91732],[77.39881,12.91732],[77.39881,12.91732],[77.39881,12.91732],[77.39881,12.91732],[77.39881,12.91732],[77.39881,12.91733],[77.39881,12.91733],[77.39882,12.91733],[77.39882,12.91733],[77.39882,12.91733],[77.39882,12.91733],[77.39882,12.91733],[77.39882,12.91733],[77.39882,12.91734],[77.39882,12.91734],[77.39883,12.91734],[77.39883,12.91734],[77.39883,12.91734],[77.39883,12.91734],[77.39883,12.91734],[77.39883,12.91734],[77.39883,12.91734],[77.39883,12.91734],[77.39884,12.91735],[77.39884,12.91735],[77.39884,12.91735],[77.39884,12.91735],[77.39884,12.91735],[77.39884,12.91736],[77.39884,12.91736],[77.39884,12.91736],[77.39884,12.91736],[77.39885,12.91736],[77.39885,12.91736],[77.39885,12.91736],[77.39885,12.91736],[77.39885,12.91737],[77.39885,12.91737],[77.39885,12.91737],[77.39885,12.91737],[77.39885,12.91737],[77.39885,12.91737],[77.39885,12.91737],[77.39886,12.91738],[77.39886,12.91738],[77.39886,12.91738],[77.39886,12.91738],[77.39886,12.91738],[77.39886,12.91738],[77.39886,12.91738],[77.39886,12.91739],[77.39886,12.91739],[77.39886,12.91739],[77.39886,12.91739],[77.39886,12.91739],[77.39886,12.91739],[77.39886,12.9174],[77.39886,12.9174],[77.39886,12.9174],[77.39886,12.9174],[77.39887,12.9174],[77.39887,12.9174],[77.39887,12.91741],[77.39887,12.91741],[77.39887,12.91741],[77.39891,12.91753],[77.39892,12.91753],[77.39892,12.91754],[77.39892,12.91754],[77.39892,12.91755],[77.39893,12.91755],[77.39893,12.91755],[77.39893,12.91756],[77.39893,12.91756],[77.39894,12.91757],[77.39894,12.91757],[77.39891,12.91758],[77.39891,12.91758],[77.39893,12.91764],[77.39895,12.91771],[77.39898,12.91777],[77.399,12.9178],[77.39903,12.91786],[77.39904,12.91788],[77.39906,12.91794],[77.39908,12.91801],[77.39909,12.91808],[77.39909,12.91816],[77.39909,12.91823],[77.39908,12.91834],[77.39907,12.91845],[77.39906,12.91849],[77.39911,12.91852],[77.39911,12.91852],[77.39909,12.91862],[77.39907,12.9187],[77.39906,12.91878],[77.39906,12.91886],[77.39905,12.91894],[77.39906,12.91902],[77.39906,12.91903],[77.39907,12.91905],[77.39907,12.91906],[77.39908,12.91907],[77.39909,12.91908],[77.3991,12.91908],[77.39912,12.91909],[77.39913,12.91909],[77.39921,12.91911],[77.3993,12.91912],[77.39938,12.91915],[77.39944,12.91916],[77.39951,12.91917],[77.39958,12.91917],[77.39964,12.91917],[77.39971,12.91917],[77.39977,12.91916],[77.39982,12.91915],[77.39986,12.91913],[77.3999,12.91912],[77.39997,12.91912],[77.4,12.91911],[77.40003,12.9191],[77.40006,12.91908],[77.40014,12.91905],[77.40022,12.91901],[77.40029,12.91898],[77.40036,12.91895],[77.40041,12.91891],[77.40045,12.91887],[77.4005,12.91883]]]},"properties":{"shedId":"C05CAM34"}},{"type":"Feature","geometry":{"type":"Polygon","coordinates":[[[77.40357,12.92999],[77.40359,12.92991],[77.40362,12.92981],[77.40369,12.92956],[77.40376,12.92944],[77.40371,12.92911],[77.40361,12.92901],[77.40348,12.9289],[77.4034,12.92884],[77.40325,12.92878],[77.40304,12.92878],[77.4029,12.9288],[77.40275,12.92877],[77.40255,12.92866],[77.40232,12.92862],[77.40225,12.92869],[77.40221,12.92874],[77.40217,12.92901],[77.40214,12.92917],[77.40213,12.92925],[77.4021,12.92953],[77.4021,12.9297],[77.4021,12.92973],[77.40209,12.92987],[77.40209,12.92989],[77.40209,12.9299],[77.4021,12.92991],[77.40211,12.92993],[77.40212,12.92994],[77.40213,12.92995],[77.40214,12.92996],[77.40216,12.92996],[77.40217,12.92996],[77.40219,12.92996],[77.40239,12.92996],[77.40247,12.92995],[77.40255,12.92995],[77.40262,12.92995],[77.4027,12.92996],[77.40277,12.92997],[77.40284,12.93],[77.40291,12.93003],[77.40296,12.93006],[77.403,12.9301],[77.40304,12.93014],[77.40311,12.93023],[77.40313,12.93024],[77.40315,12.93026],[77.40318,12.93027],[77.4032,12.93027],[77.40322,12.93028],[77.40323,12.93028],[77.40323,12.93028],[77.40323,12.93028],[77.40323,12.93028],[77.40324,12.93027],[77.40325,12.93027],[77.40326,12.93027],[77.40328,12.93027],[77.4033,12.93026],[77.40332,12.93024],[77.40334,12.93023],[77.40335,12.93021],[77.40337,12.93019],[77.40337,12.93016],[77.40338,12.93014],[77.40357,12.92999]]]},"properties":{"shedId":"C05CAM34"}},{"type":"Feature","geometry":{"type":"Polygon","coordinates":[[[77.41092,12.92908],[77.41111,12.9286],[77.41136,12.92798],[77.41149,12.92764],[77.41149,12.92763],[77.41149,12.92762],[77.41149,12.92761],[77.4115,12.92761],[77.4115,12.9276],[77.4115,12.92759],[77.4115,12.92758],[77.41151,12.92758],[77.41151,12.92757],[77.41151,12.92756],[77.41152,12.92755],[77.41152,12.92754],[77.41153,12.92753],[77.41153,12.92752],[77.41154,12.92752],[77.41154,12.92751],[77.41154,12.9275],[77.41155,12.9275],[77.41155,12.92749],[77.41156,12.92748],[77.41156,12.92747],[77.41157,12.92747],[77.41157,12.92746],[77.41158,12.92746],[77.41158,12.92745],[77.41159,12.92744],[77.41159,12.92743],[77.4116,12.92743],[77.4116,12.92742],[77.41161,12.92741],[77.41161,12.9274],[77.41162,12.92739],[77.41162,12.92738],[77.41162,12.92737],[77.41163,12.92737],[77.41163,12.92736],[77.41163,12.92735],[77.41163,12.92734],[77.41163,12.92733],[77.41164,12.92732],[77.41164,12.92731],[77.41164,12.9273],[77.41164,12.92729],[77.41164,12.92728],[77.41165,12.92728],[77.41165,12.92727],[77.41165,12.92726],[77.41165,12.92725],[77.41166,12.92725],[77.41166,12.92724],[77.41167,12.92723],[77.41167,12.92722],[77.41168,12.92722],[77.41168,12.92721],[77.41169,12.9272],[77.4117,12.9272],[77.4117,12.92719],[77.41171,12.92719],[77.41172,12.92719],[77.41173,12.92719],[77.41173,12.92718],[77.41174,12.92718],[77.41175,12.92718],[77.41176,12.92718],[77.4117,12.92709],[77.41162,12.92712],[77.41152,12.92714],[77.4114,12.92724],[77.41128,12.92727],[77.41116,12.92728],[77.41112,12.9272],[77.41111,12.92711],[77.41102,12.92708],[77.41089,12.92714],[77.41075,12.92715],[77.41062,12.92717],[77.41049,12.92718],[77.41036,12.92717],[77.41028,12.92716],[77.41019,12.92715],[77.41017,12.92721],[77.4102,12.92729],[77.41029,12.92745],[77.41033,12.92756],[77.41033,12.92774],[77.41026,12.9278],[77.4102,12.92782],[77.41003,12.928],[77.40995,12.92814],[77.41002,12.92841],[77.41005,12.92837],[77.41018,12.92828],[77.4103,12.92821],[77.4104,12.92817],[77.41048,12.92817],[77.41056,12.92821],[77.41061,12.92825],[77.41065,12.92831],[77.41067,12.92843],[77.41061,12.92852],[77.41047,12.92861],[77.41041,12.92866],[77.41039,12.92872],[77.4104,12.92878],[77.41039,12.92887],[77.4103,12.92891],[77.41027,12.92893],[77.41021,12.929],[77.41016,12.92901],[77.41013,12.92894],[77.41021,12.92885],[77.41026,12.92878],[77.41026,12.92868],[77.41022,12.92859],[77.41014,12.92861],[77.41007,12.9287],[77.40997,12.92872],[77.40993,12.92879],[77.40994,12.9292],[77.40995,12.9292],[77.40996,12.9292],[77.40997,12.9292],[77.40998,12.9292],[77.40999,12.9292],[77.41,12.9292],[77.41001,12.9292],[77.41002,12.9292],[77.41003,12.9292],[77.41004,12.9292],[77.41005,12.9292],[77.41006,12.9292],[77.41007,12.9292],[77.41008,12.9292],[77.41009,12.9292],[77.4101,12.9292],[77.41011,12.9292],[77.41012,12.9292],[77.41013,12.9292],[77.41014,12.9292],[77.41015,12.9292],[77.41016,12.9292],[77.41017,12.9292],[77.41018,12.9292],[77.41019,12.9292],[77.41019,12.92919],[77.4102,12.92919],[77.41021,12.92919],[77.41022,12.92919],[77.41023,12.92919],[77.41024,12.92919],[77.41025,12.92918],[77.41026,12.92918],[77.41027,12.92918],[77.41028,12.92918],[77.41029,12.92917],[77.4103,12.92917],[77.41031,12.92917],[77.41032,12.92917],[77.41033,12.92917],[77.41034,12.92917],[77.41035,12.92917],[77.41036,12.92917],[77.41037,12.92917],[77.41038,12.92917],[77.41039,12.92917],[77.4104,12.92917],[77.41041,12.92917],[77.41042,12.92917],[77.41043,12.92917],[77.41044,12.92917],[77.41045,12.92917],[77.41046,12.92917],[77.41047,12.92917],[77.41048,12.92918],[77.41049,12.92918],[77.4105,12.92918],[77.41051,12.92918],[77.41052,12.92918],[77.41053,12.92919],[77.41066,12.92923],[77.41067,12.92923],[77.41067,12.92924],[77.41068,12.92924],[77.41069,12.92924],[77.4107,12.92925],[77.41071,12.92925],[77.41072,12.92925],[77.41073,12.92925],[77.41074,12.92925],[77.41075,12.92925],[77.41076,12.92925],[77.41077,12.92925],[77.41078,12.92925],[77.41079,12.92925],[77.41079,12.92924],[77.4108,12.92924],[77.41081,12.92924],[77.41082,12.92924],[77.41082,12.92923],[77.41083,12.92923],[77.41084,12.92922],[77.41085,12.92922],[77.41085,12.92921],[77.41086,12.92921],[77.41086,12.9292],[77.41087,12.9292],[77.41087,12.92919],[77.41088,12.92919],[77.41092,12.92908]]]},"properties":{"shedId":"C05CAM34"}},{"type":"Feature","geometry":{"type":"Polygon","coordinates":[[[77.53854,12.78674],[77.53839,12.78649],[77.53824,12.78635],[77.53776,12.78584],[77.53761,12.78564],[77.53745,12.78554],[77.53723,12.78543],[77.53706,12.78542],[77.537,12.78536],[77.53696,12.78524],[77.53696,12.78517],[77.53698,12.78512],[77.53706,12.78505],[77.53716,12.78503],[77.53737,12.7851],[77.53746,12.78514],[77.53749,12.78513],[77.53753,12.7851],[77.53757,12.78503],[77.53758,12.78497],[77.53756,12.7849],[77.53752,12.78468],[77.53749,12.78441],[77.53748,12.78439],[77.53735,12.78433],[77.53725,12.78428],[77.53708,12.78428],[77.53685,12.78423],[77.5366,12.78397],[77.53641,12.78372],[77.53625,12.78351],[77.53614,12.78314],[77.53614,12.78296],[77.53612,12.78282],[77.53609,12.78271],[77.53599,12.78226],[77.53599,12.78216],[77.53601,12.78203],[77.53608,12.78192],[77.53621,12.78182],[77.53638,12.78175],[77.53644,12.78171],[77.53666,12.78159],[77.53679,12.78154],[77.53683,12.78151],[77.53685,12.78149],[77.5368,12.78143],[77.53674,12.78134],[77.53658,12.78118],[77.53648,12.78114],[77.53639,12.78113],[77.53631,12.78115],[77.53609,12.7812],[77.53574,12.78123],[77.53562,12.78127],[77.53558,12.78131],[77.53554,12.78136],[77.53537,12.78161],[77.53511,12.78196],[77.53494,12.78215],[77.53476,12.78223],[77.53456,12.78233],[77.53441,12.78238],[77.53431,12.78239],[77.53421,12.78236],[77.53411,12.7823],[77.53391,12.78213],[77.53375,12.78201],[77.53368,12.78199],[77.53364,12.78199],[77.53362,12.782],[77.53361,12.78201],[77.53362,12.78205],[77.53362,12.78207],[77.53364,12.78209],[77.53369,12.78214],[77.53382,12.78233],[77.53398,12.78259],[77.53408,12.78275],[77.5341,12.78286],[77.53412,12.78298],[77.53411,12.78312],[77.53408,12.78324],[77.53402,12.78348],[77.53396,12.78375],[77.53385,12.78423],[77.5338,12.78447],[77.53379,12.78464],[77.53375,12.78488],[77.53369,12.7852],[77.53369,12.78532],[77.5337,12.78537],[77.53371,12.78539],[77.53373,12.78542],[77.53376,12.78545],[77.53379,12.78547],[77.53384,12.78547],[77.53391,12.78546],[77.53402,12.78542],[77.53419,12.78535],[77.53421,12.78528],[77.53422,12.78511],[77.53428,12.78504],[77.5344,12.78494],[77.53449,12.78488],[77.5346,12.78483],[77.53463,12.78483],[77.53466,12.78487],[77.53485,12.78518],[77.53506,12.78546],[77.53524,12.78568],[77.53536,12.78578],[77.5355,12.78584],[77.53565,12.7859],[77.53575,12.78597],[77.53587,12.7861],[77.53604,12.78631],[77.53615,12.78643],[77.53624,12.78658],[77.5363,12.78661],[77.53638,12.78661],[77.53645,12.78664],[77.53654,12.78669],[77.53661,12.78671],[77.5367,12.78673],[77.53679,12.78671],[77.53686,12.78668],[77.5369,12.78665],[77.53696,12.78664],[77.53717,12.78663],[77.5373,12.78666],[77.53744,12.78669],[77.53757,12.78674],[77.53766,12.78677],[77.53773,12.78679],[77.53778,12.78683],[77.53786,12.78688],[77.53791,12.78698],[77.53793,12.78708],[77.538,12.78723],[77.53809,12.78738],[77.53817,12.78745],[77.53827,12.78752],[77.53838,12.78756],[77.53865,12.7876],[77.53865,12.78765],[77.53864,12.7877],[77.53864,12.78777],[77.53868,12.78791],[77.5387,12.78798],[77.53871,12.78802],[77.53873,12.78805],[77.53875,12.78805],[77.5388,12.78803],[77.53886,12.788],[77.53887,12.78796],[77.53886,12.78788],[77.53885,12.78778],[77.53881,12.78772],[77.53878,12.7877],[77.53876,12.78765],[77.53874,12.7876],[77.53875,12.78757],[77.53875,12.78752],[77.53875,12.78733],[77.53864,12.78699],[77.53854,12.78674]]]},"properties":{"shedId":"C05CAM34"}},{"type":"Feature","geometry":{"type":"Polygon","coordinates":[[[77.52582,12.79293],[77.5258,12.79265],[77.5258,12.79265],[77.5258,12.79265],[77.52572,12.79271],[77.52572,12.79271],[77.52572,12.79271],[77.52563,12.79274],[77.52563,12.79274],[77.52562,12.79274],[77.52547,12.79278],[77.52525,12.79284],[77.52509,12.7929],[77.52509,12.7929],[77.52495,12.79293],[77.52495,12.79293],[77.52463,12.79296],[77.52419,12.793],[77.52419,12.793],[77.52394,12.79301],[77.52384,12.79304],[77.52378,12.79307],[77.52375,12.79312],[77.52372,12.7932],[77.52374,12.79325],[77.52393,12.79371],[77.52393,12.79371],[77.52393,12.79371],[77.52397,12.79382],[77.52407,12.79415],[77.52407,12.79415],[77.52413,12.79442],[77.52417,12.79457],[77.5242,12.79464],[77.52426,12.79476],[77.5244,12.79503],[77.5244,12.79503],[77.5244,12.79503],[77.52443,12.79514],[77.52447,12.79517],[77.5245,12.7952],[77.52454,12.79521],[77.52463,12.7952],[77.52475,12.79516],[77.525,12.795],[77.52522,12.79468],[77.52537,12.79451],[77.52549,12.79436],[77.52555,12.79426],[77.52554,12.79412],[77.52554,12.79388],[77.52553,12.79368],[77.52557,12.79343],[77.52568,12.7932],[77.5258,12.79306],[77.52582,12.79293]]]},"properties":{"shedId":"C05CAM34"}},{"type":"Feature","geometry":{"type":"Polygon","coordinates":[[[77.5337,12.78878],[77.53368,12.7886],[77.53363,12.78848],[77.53361,12.78844],[77.53352,12.78849],[77.53351,12.78849],[77.53327,12.78861],[77.53327,12.78861],[77.53311,12.78867],[77.53311,12.78867],[77.53306,12.78868],[77.5328,12.7887],[77.5328,12.7887],[77.53263,12.7887],[77.53263,12.7887],[77.53238,12.78867],[77.53238,12.78867],[77.53238,12.78867],[77.53221,12.78864],[77.53215,12.78863],[77.53223,12.7887],[77.53239,12.78885],[77.53259,12.78907],[77.53266,12.78916],[77.53268,12.78928],[77.53271,12.78932],[77.53275,12.78936],[77.53284,12.78941],[77.53292,12.78949],[77.53296,12.78954],[77.53297,12.78958],[77.53298,12.78962],[77.53296,12.78965],[77.53295,12.78974],[77.53299,12.78986],[77.53307,12.79005],[77.53309,12.79007],[77.53312,12.79011],[77.53314,12.79015],[77.53317,12.79019],[77.53325,12.79026],[77.53335,12.79035],[77.53344,12.79041],[77.53357,12.79042],[77.53371,12.79041],[77.53382,12.79036],[77.5339,12.79029],[77.53394,12.79018],[77.53393,12.79009],[77.53392,12.78989],[77.53385,12.78963],[77.53379,12.78933],[77.53373,12.78906],[77.53372,12.78891],[77.5337,12.78878]]]},"properties":{"shedId":"C05CAM34"}},{"type":"Feature","geometry":{"type":"Polygon","coordinates":[[[77.53996,12.81773],[77.53986,12.81773],[77.53976,12.81774],[77.53968,12.81776],[77.53963,12.8178],[77.53957,12.81786],[77.53926,12.81857],[77.53937,12.81867],[77.53944,12.81877],[77.53952,12.81887],[77.53965,12.81894],[77.53983,12.81897],[77.53998,12.819],[77.5403,12.81919],[77.54045,12.8194],[77.54061,12.81957],[77.54079,12.81982],[77.54096,12.81995],[77.54109,12.82005],[77.54121,12.82011],[77.54132,12.82013],[77.54137,12.82011],[77.54136,12.82006],[77.54133,12.82003],[77.54128,12.81999],[77.54123,12.81992],[77.54117,12.81986],[77.54113,12.81978],[77.541,12.81962],[77.5408,12.81941],[77.54062,12.81923],[77.54038,12.81892],[77.54028,12.81883],[77.54023,12.81874],[77.54018,12.81868],[77.54012,12.81865],[77.54006,12.81863],[77.53998,12.81861],[77.53988,12.81847],[77.5398,12.8183],[77.53981,12.81807],[77.53983,12.81795],[77.53987,12.8179],[77.53992,12.81788],[77.53999,12.81786],[77.54004,12.81783],[77.54005,12.81779],[77.54002,12.81776],[77.53996,12.81773]]]},"properties":{"shedId":"C05CAM34"}},{"type":"Feature","geometry":{"type":"Polygon","coordinates":[[[77.54631,12.83419],[77.54634,12.83418],[77.54637,12.83418],[77.5464,12.83419],[77.54643,12.8342],[77.54647,12.83421],[77.54649,12.83421],[77.54652,12.83419],[77.54654,12.83417],[77.54658,12.83413],[77.54659,12.8341],[77.54659,12.83407],[77.54658,12.83405],[77.54658,12.83403],[77.54658,12.83399],[77.54658,12.83396],[77.54658,12.83394],[77.54657,12.8339],[77.54654,12.83387],[77.54652,12.83385],[77.54652,12.83384],[77.54652,12.83381],[77.54653,12.83379],[77.54654,12.83376],[77.54653,12.83374],[77.54649,12.83365],[77.54648,12.83363],[77.54646,12.83361],[77.54642,12.83357],[77.54639,12.83355],[77.54638,12.83355],[77.54636,12.83353],[77.54635,12.83352],[77.54635,12.83349],[77.54635,12.83348],[77.54636,12.83344],[77.54637,12.83342],[77.54637,12.83338],[77.54636,12.83337],[77.54635,12.83335],[77.54633,12.83334],[77.54631,12.83334],[77.5463,12.83333],[77.54629,12.8333],[77.54629,12.83329],[77.5463,12.83327],[77.54632,12.83324],[77.54634,12.83321],[77.54634,12.8332],[77.54635,12.83316],[77.54636,12.83313],[77.54636,12.83308],[77.54635,12.83305],[77.54634,12.83303],[77.54632,12.833],[77.5463,12.83298],[77.5463,12.83296],[77.5463,12.83293],[77.54631,12.8329],[77.54631,12.83288],[77.5463,12.83285],[77.54629,12.83284],[77.54627,12.83281],[77.54624,12.8328],[77.54623,12.8328],[77.54621,12.8328],[77.54618,12.83279],[77.54617,12.83277],[77.54616,12.83276],[77.54616,12.83276],[77.54616,12.83276],[77.54614,12.83275],[77.54612,12.83274],[77.5461,12.83273],[77.54609,12.83272],[77.54608,12.83271],[77.54609,12.83263],[77.54609,12.83259],[77.54608,12.83255],[77.54603,12.83247],[77.54593,12.83237],[77.54585,12.8323],[77.54574,12.83228],[77.54532,12.83256],[77.54527,12.83262],[77.54526,12.83271],[77.54523,12.83279],[77.54525,12.8328],[77.54529,12.83278],[77.54531,12.83278],[77.54533,12.83278],[77.54538,12.83279],[77.54542,12.83281],[77.54546,12.83283],[77.54548,12.83285],[77.54549,12.83287],[77.5455,12.83288],[77.5455,12.83292],[77.5455,12.83299],[77.54551,12.83302],[77.54552,12.83305],[77.54553,12.83307],[77.54558,12.83313],[77.5456,12.83316],[77.54561,12.83318],[77.54563,12.8332],[77.54564,12.83323],[77.54565,12.83326],[77.54567,12.8333],[77.54568,12.83332],[77.54571,12.83336],[77.54571,12.83337],[77.54572,12.83342],[77.54573,12.83345],[77.54573,12.83349],[77.54574,12.83352],[77.54575,12.83354],[77.54577,12.83357],[77.54578,12.83361],[77.5458,12.83365],[77.5458,12.83367],[77.54578,12.83372],[77.54578,12.83374],[77.54576,12.8338],[77.54574,12.83387],[77.54573,12.83392],[77.54571,12.83396],[77.5457,12.834],[77.5457,12.83403],[77.5457,12.83404],[77.54572,12.83405],[77.54574,12.83408],[77.54578,12.8341],[77.54579,12.8341],[77.54581,12.83413],[77.54583,12.83415],[77.54585,12.83419],[77.54585,12.8342],[77.54586,12.83425],[77.54587,12.83427],[77.54589,12.83429],[77.5459,12.8343],[77.54592,12.83433],[77.54593,12.83436],[77.54593,12.83443],[77.54593,12.83447],[77.54594,12.83451],[77.54595,12.83452],[77.54598,12.83454],[77.546,12.83456],[77.54602,12.83456],[77.54609,12.83457],[77.54612,12.83456],[77.54615,12.83455],[77.54617,12.83453],[77.54618,12.8345],[77.54618,12.83448],[77.54617,12.83443],[77.54617,12.83442],[77.54617,12.83438],[77.54619,12.83435],[77.54621,12.83432],[77.54622,12.8343],[77.54623,12.83427],[77.54625,12.83424],[77.54628,12.83421],[77.54631,12.83419]]]},"properties":{"shedId":"C05CAM34"}},{"type":"Feature","geometry":{"type":"Polygon","coordinates":[[[77.53511,12.76344],[77.53501,12.76342],[77.53495,12.76344],[77.53489,12.76347],[77.53486,12.76352],[77.53485,12.76358],[77.53487,12.76369],[77.5349,12.76376],[77.53492,12.76383],[77.53495,12.7639],[77.53495,12.76398],[77.53495,12.76402],[77.53484,12.76441],[77.53482,12.76443],[77.5348,12.76454],[77.53478,12.76461],[77.53477,12.76468],[77.53475,12.76476],[77.53472,12.76483],[77.53468,12.7649],[77.53466,12.76495],[77.53462,12.76502],[77.53455,12.76511],[77.53451,12.76515],[77.53448,12.76519],[77.53445,12.76523],[77.53445,12.76532],[77.53446,12.76539],[77.53452,12.76549],[77.53462,12.76574],[77.53464,12.76583],[77.53468,12.76593],[77.53472,12.76597],[77.53479,12.7659],[77.53481,12.76586],[77.53486,12.76577],[77.53489,12.76564],[77.53493,12.76556],[77.53496,12.76549],[77.53499,12.76542],[77.53503,12.7653],[77.53506,12.76523],[77.53512,12.76515],[77.53527,12.76509],[77.53541,12.76504],[77.53558,12.76499],[77.5357,12.76496],[77.53577,12.76494],[77.53587,12.76492],[77.53591,12.76489],[77.53596,12.76483],[77.53601,12.76478],[77.53606,12.76472],[77.53614,12.76465],[77.53621,12.7646],[77.53626,12.76457],[77.5363,12.76455],[77.53632,12.76453],[77.53632,12.76451],[77.53634,12.76444],[77.53632,12.7643],[77.53626,12.76396],[77.53611,12.76396],[77.53603,12.76395],[77.5359,12.76393],[77.53578,12.76388],[77.53571,12.76387],[77.53563,12.76384],[77.53555,12.76383],[77.53546,12.76383],[77.53539,12.7638],[77.53532,12.76372],[77.53526,12.76361],[77.53521,12.76354],[77.53516,12.76347],[77.53511,12.76344]]]},"properties":{"shedId":"C05CAM34"}},{"type":"Feature","geometry":{"type":"Polygon","coordinates":[[[77.53046,12.75952],[77.53042,12.75952],[77.53037,12.75952],[77.53034,12.75954],[77.53025,12.75959],[77.5302,12.75963],[77.53012,12.75968],[77.52996,12.75974],[77.52972,12.7598],[77.52955,12.75984],[77.52943,12.7599],[77.5294,12.75993],[77.52938,12.75996],[77.52938,12.76],[77.52939,12.76003],[77.52944,12.76007],[77.52949,12.7601],[77.52955,12.76013],[77.52961,12.76017],[77.52967,12.76025],[77.52971,12.76031],[77.52972,12.76037],[77.52974,12.76046],[77.52978,12.76068],[77.52978,12.76072],[77.52978,12.76075],[77.52979,12.76078],[77.5298,12.76079],[77.52982,12.7608],[77.52983,12.7608],[77.52986,12.7608],[77.52989,12.7608],[77.52993,12.76079],[77.53047,12.76061],[77.5306,12.76057],[77.53067,12.76054],[77.53077,12.76049],[77.53081,12.76046],[77.53101,12.76021],[77.53105,12.76016],[77.53106,12.76013],[77.53104,12.76009],[77.53102,12.76008],[77.531,12.76007],[77.53096,12.76006],[77.53093,12.76005],[77.5309,12.76004],[77.53085,12.76001],[77.53079,12.75997],[77.53067,12.75979],[77.53064,12.75973],[77.53059,12.75966],[77.53056,12.75959],[77.53053,12.75955],[77.5305,12.75954],[77.53046,12.75952]]]},"properties":{"shedId":"C05CAM34"}},{"type":"Feature","geometry":{"type":"Polygon","coordinates":[[[77.55227,12.788],[77.55184,12.78761],[77.55174,12.78748],[77.55172,12.78738],[77.55171,12.78736],[77.55169,12.78731],[77.55166,12.78726],[77.55162,12.78722],[77.55158,12.78719],[77.55153,12.78714],[77.55148,12.78708],[77.55145,12.78694],[77.55144,12.78687],[77.55136,12.78664],[77.55137,12.78659],[77.55142,12.78651],[77.55152,12.78637],[77.55159,12.78629],[77.5516,12.78629],[77.55167,12.78625],[77.55174,12.78621],[77.55178,12.78618],[77.55181,12.78616],[77.55184,12.78609],[77.55185,12.78603],[77.55183,12.78598],[77.55177,12.78592],[77.55175,12.7859],[77.5517,12.78584],[77.5516,12.7858],[77.55147,12.78578],[77.55133,12.78575],[77.55128,12.78574],[77.55112,12.78574],[77.55102,12.78573],[77.55096,12.78569],[77.55093,12.78562],[77.55092,12.78555],[77.55096,12.78544],[77.55123,12.78514],[77.55126,12.78508],[77.5513,12.78497],[77.55132,12.78486],[77.55131,12.78475],[77.55122,12.7847],[77.55114,12.7847],[77.55105,12.78472],[77.55093,12.78474],[77.55066,12.78475],[77.55059,12.78473],[77.55044,12.7847],[77.55031,12.78468],[77.55015,12.78467],[77.54997,12.78482],[77.54993,12.78487],[77.54985,12.78495],[77.5498,12.78499],[77.54972,12.78503],[77.54961,12.78504],[77.54943,12.78504],[77.54929,12.78504],[77.54907,12.78504],[77.549,12.78506],[77.54891,12.78508],[77.54887,12.78513],[77.54834,12.78644],[77.54824,12.78666],[77.54824,12.78676],[77.54827,12.78687],[77.54832,12.7871],[77.54835,12.78718],[77.54841,12.78726],[77.54846,12.78734],[77.54848,12.78741],[77.54852,12.78747],[77.54856,12.78751],[77.54877,12.78766],[77.54881,12.78772],[77.54888,12.78776],[77.54898,12.78778],[77.5491,12.78778],[77.54918,12.78776],[77.54928,12.78776],[77.54943,12.78779],[77.54948,12.78781],[77.54953,12.7878],[77.54967,12.78777],[77.54982,12.78783],[77.55013,12.78896],[77.5501,12.78794],[77.55109,12.78832],[77.55134,12.78847],[77.55173,12.78865],[77.55222,12.789],[77.55274,12.78932],[77.55288,12.78923],[77.55294,12.78917],[77.55296,12.78907],[77.55288,12.78893],[77.55273,12.78873],[77.55247,12.78837],[77.55241,12.78824],[77.55234,12.7881],[77.55227,12.788]]]},"properties":{"shedId":"C05CAM34"}},{"type":"Feature","geometry":{"type":"Polygon","coordinates":[[[77.47661,12.7954],[77.4766,12.79537],[77.47655,12.79539],[77.4763,12.79556],[77.47618,12.79566],[77.47604,12.79582],[77.47589,12.79602],[77.47582,12.79608],[77.47573,12.79614],[77.47565,12.79617],[77.47559,12.79621],[77.47557,12.79625],[77.47556,12.79631],[77.47557,12.79634],[77.4756,12.79639],[77.47574,12.79645],[77.47593,12.7965],[77.4761,12.79655],[77.47624,12.79659],[77.47639,12.79666],[77.47647,12.79674],[77.47658,12.79688],[77.47668,12.79711],[77.47673,12.79714],[77.4768,12.79714],[77.47689,12.79711],[77.47693,12.79708],[77.47692,12.79696],[77.47686,12.79647],[77.47684,12.79641],[77.47677,12.79628],[77.47674,12.79622],[77.47673,12.796],[77.47674,12.79589],[77.47678,12.79577],[77.4768,12.79574],[77.4768,12.7957],[77.47678,12.79564],[77.47678,12.79564],[77.47675,12.79563],[77.47675,12.79563],[77.47675,12.79563],[77.47673,12.7956],[77.47672,12.7956],[77.47672,12.7956],[77.4767,12.79557],[77.4767,12.79557],[77.47667,12.79552],[77.47667,12.79552],[77.47664,12.79546],[77.47661,12.7954]]]},"properties":{"shedId":"C05CAM34"}},{"type":"Feature","geometry":{"type":"Polygon","coordinates":[[[77.37216,12.73732],[77.37211,12.7373],[77.37209,12.73736],[77.37209,12.73736],[77.37204,12.73753],[77.37204,12.73753],[77.37204,12.73753],[77.37199,12.73762],[77.37196,12.7377],[77.37195,12.73772],[77.37192,12.73776],[77.37192,12.73782],[77.37194,12.73795],[77.37194,12.73804],[77.37192,12.73813],[77.37187,12.73832],[77.3718,12.73847],[77.37179,12.73857],[77.37178,12.73867],[77.37179,12.73871],[77.37183,12.73876],[77.37186,12.73877],[77.37188,12.7388],[77.3719,12.73885],[77.3719,12.73891],[77.37188,12.73896],[77.37188,12.73902],[77.3719,12.73906],[77.37194,12.73908],[77.3721,12.73907],[77.37239,12.73902],[77.37271,12.73892],[77.37292,12.73883],[77.37313,12.7387],[77.37318,12.73865],[77.37335,12.73855],[77.37335,12.73853],[77.37335,12.73853],[77.37336,12.73848],[77.37337,12.73841],[77.37337,12.73838],[77.37336,12.73837],[77.37334,12.73836],[77.37332,12.73835],[77.37328,12.73833],[77.37328,12.73833],[77.37328,12.73833],[77.37318,12.73829],[77.37318,12.73829],[77.37312,12.73826],[77.37312,12.73826],[77.37305,12.73819],[77.37294,12.73811],[77.37294,12.73811],[77.3728,12.73798],[77.3728,12.73798],[77.3727,12.73787],[77.37259,12.73777],[77.37259,12.73777],[77.3725,12.73766],[77.3725,12.73766],[77.3725,12.73766],[77.3724,12.73755],[77.37231,12.73744],[77.37224,12.73737],[77.3722,12.73734],[77.37216,12.73732]]]},"properties":{"shedId":"C05CAM34"}},{"type":"Feature","geometry":{"type":"Polygon","coordinates":[[[77.38102,12.73521],[77.38107,12.73508],[77.38101,12.73512],[77.38087,12.73517],[77.38071,12.73518],[77.38062,12.73515],[77.38053,12.73509],[77.38048,12.73499],[77.38043,12.73485],[77.38034,12.73473],[77.38028,12.7347],[77.3802,12.73469],[77.38003,12.73472],[77.37987,12.73476],[77.37968,12.73482],[77.37931,12.73504],[77.37907,12.73518],[77.37893,12.73524],[77.37868,12.73529],[77.37846,12.73533],[77.37834,12.73538],[77.37832,12.73545],[77.37833,12.73561],[77.37833,12.73567],[77.37836,12.73575],[77.37844,12.73589],[77.37849,12.73594],[77.37863,12.73603],[77.3787,12.73614],[77.37876,12.73618],[77.37888,12.73625],[77.37896,12.73627],[77.37916,12.73631],[77.3794,12.73634],[77.37958,12.73639],[77.37975,12.73644],[77.37986,12.73648],[77.37995,12.73655],[77.37998,12.73666],[77.38003,12.73688],[77.38006,12.73695],[77.38019,12.73708],[77.38033,12.73722],[77.38038,12.73734],[77.38039,12.73744],[77.38041,12.73756],[77.38041,12.73763],[77.38045,12.73769],[77.3805,12.73773],[77.38053,12.73774],[77.38063,12.73774],[77.38066,12.73772],[77.38069,12.73768],[77.38071,12.73765],[77.38072,12.73762],[77.38072,12.73757],[77.38072,12.73757],[77.38072,12.73753],[77.38071,12.7373],[77.3807,12.73721],[77.38069,12.73715],[77.38069,12.73715],[77.38069,12.73715],[77.38069,12.73708],[77.3807,12.737],[77.3807,12.73699],[77.38071,12.73691],[77.38071,12.73672],[77.38071,12.73657],[77.38071,12.73657],[77.38071,12.73641],[77.38072,12.7363],[77.38072,12.7363],[77.38073,12.73614],[77.38074,12.73603],[77.38074,12.73603],[77.38075,12.73593],[77.38076,12.73587],[77.38076,12.73587],[77.38076,12.73587],[77.38079,12.73577],[77.38079,12.73576],[77.38079,12.73576],[77.38083,12.73567],[77.38083,12.73567],[77.38087,12.73558],[77.38092,12.73545],[77.38102,12.73521]]]},"properties":{"shedId":"C05CAM34"}},{"type":"Feature","geometry":{"type":"Polygon","coordinates":[[[77.3763,12.7468],[77.37627,12.74665],[77.37627,12.74665],[77.37627,12.74665],[77.37626,12.74657],[77.37626,12.74657],[77.37626,12.74657],[77.37626,12.74647],[77.37626,12.74647],[77.37627,12.74638],[77.37627,12.74638],[77.37629,12.74631],[77.37629,12.7463],[77.37632,12.74622],[77.37632,12.74621],[77.37638,12.74612],[77.37638,12.74612],[77.37643,12.74604],[77.37652,12.74587],[77.37663,12.74565],[77.3767,12.74552],[77.37674,12.74543],[77.37675,12.74543],[77.37679,12.74536],[77.37683,12.74527],[77.37683,12.74526],[77.37689,12.74515],[77.37689,12.74515],[77.3769,12.74513],[77.3768,12.74513],[77.37671,12.74513],[77.37668,12.74513],[77.37665,12.74512],[77.37664,12.74512],[77.37661,12.74512],[77.37656,12.74514],[77.37645,12.74528],[77.37641,12.74531],[77.37638,12.74533],[77.37631,12.74536],[77.37622,12.7454],[77.37618,12.74542],[77.37614,12.74545],[77.37609,12.74548],[77.37607,12.7455],[77.37595,12.74561],[77.37589,12.74569],[77.37585,12.74573],[77.37579,12.74578],[77.37561,12.74585],[77.37536,12.74591],[77.37519,12.74595],[77.37519,12.746],[77.37519,12.74604],[77.37517,12.74605],[77.37513,12.74605],[77.37501,12.74606],[77.37492,12.74606],[77.37486,12.74605],[77.37483,12.74604],[77.37478,12.74602],[77.37476,12.74601],[77.37471,12.746],[77.37461,12.746],[77.37458,12.746],[77.37456,12.74598],[77.37455,12.74596],[77.37451,12.74581],[77.37445,12.74581],[77.37424,12.74584],[77.37394,12.74585],[77.37355,12.7459],[77.3733,12.74594],[77.37316,12.74597],[77.37305,12.74596],[77.37301,12.74596],[77.37297,12.74598],[77.37296,12.74606],[77.37296,12.7462],[77.37298,12.74631],[77.37299,12.7464],[77.373,12.74649],[77.37302,12.74655],[77.37305,12.74658],[77.37315,12.74665],[77.37324,12.74669],[77.37332,12.74672],[77.37338,12.74675],[77.37345,12.74676],[77.37355,12.74676],[77.3736,12.74676],[77.37365,12.74675],[77.37369,12.74675],[77.37385,12.74672],[77.37396,12.74673],[77.37404,12.74676],[77.3741,12.7468],[77.37419,12.74685],[77.37425,12.74687],[77.37433,12.74689],[77.37442,12.74689],[77.3747,12.74692],[77.37486,12.74694],[77.37497,12.74696],[77.37505,12.74699],[77.37511,12.74701],[77.37513,12.74704],[77.37513,12.74722],[77.37513,12.74743],[77.37513,12.74743],[77.37519,12.74745],[77.37519,12.74745],[77.37519,12.74745],[77.37519,12.74745],[77.37534,12.7475],[77.37534,12.74751],[77.37534,12.74751],[77.37534,12.74751],[77.37548,12.74757],[77.37564,12.74765],[77.37581,12.74773],[77.37596,12.7478],[77.37596,12.7478],[77.37596,12.7478],[77.37597,12.7478],[77.3761,12.74788],[77.3761,12.74788],[77.3761,12.74788],[77.3761,12.74788],[77.37625,12.74798],[77.37625,12.74798],[77.37625,12.74798],[77.37625,12.74798],[77.37634,12.74804],[77.37656,12.74819],[77.37666,12.74825],[77.37666,12.74825],[77.37674,12.74828],[77.37679,12.74829],[77.37682,12.74829],[77.37684,12.74829],[77.37686,12.74828],[77.37689,12.74825],[77.37689,12.74822],[77.37689,12.74818],[77.37687,12.7481],[77.37684,12.748],[77.37684,12.748],[77.37681,12.74785],[77.37677,12.74773],[77.37671,12.7476],[77.37664,12.74748],[77.37656,12.74737],[77.37656,12.74737],[77.37649,12.74725],[77.37649,12.74725],[77.37649,12.74725],[77.37641,12.74711],[77.3764,12.74711],[77.37634,12.74694],[77.37634,12.74694],[77.3763,12.74681],[77.3763,12.7468]]]},"properties":{"shedId":"C05CAM34"}},{"type":"Feature","geometry":{"type":"Polygon","coordinates":[[[77.37965,12.75267],[77.3797,12.75267],[77.37974,12.75267],[77.37979,12.75269],[77.37984,12.75267],[77.37988,12.75263],[77.37987,12.75256],[77.37993,12.75224],[77.37995,12.75214],[77.38014,12.75214],[77.38018,12.75215],[77.38026,12.75214],[77.38027,12.75214],[77.38028,12.75211],[77.3803,12.75204],[77.3803,12.7519],[77.38032,12.75171],[77.38032,12.75161],[77.38039,12.75161],[77.38044,12.75161],[77.38046,12.7516],[77.38048,12.7516],[77.38049,12.75157],[77.38049,12.7515],[77.38048,12.75137],[77.38046,12.75133],[77.38044,12.7513],[77.38044,12.75128],[77.3804,12.75114],[77.38039,12.75103],[77.3804,12.75091],[77.3804,12.75079],[77.3804,12.75074],[77.3804,12.75074],[77.3804,12.75073],[77.3804,12.75071],[77.3804,12.75064],[77.3804,12.75046],[77.38041,12.75036],[77.38043,12.75031],[77.38045,12.75028],[77.38049,12.7502],[77.38053,12.75013],[77.38055,12.74989],[77.38057,12.74982],[77.3806,12.74971],[77.38063,12.74962],[77.38063,12.74957],[77.38067,12.74933],[77.38073,12.74911],[77.38079,12.74894],[77.38097,12.74897],[77.38098,12.74887],[77.38098,12.74879],[77.381,12.74874],[77.38103,12.7487],[77.38106,12.74868],[77.3811,12.74867],[77.38113,12.74865],[77.38115,12.74863],[77.38116,12.74858],[77.3812,12.74853],[77.38125,12.74847],[77.38132,12.74841],[77.38143,12.74831],[77.38149,12.74826],[77.38154,12.74822],[77.38166,12.74812],[77.38174,12.74807],[77.38178,12.74805],[77.38185,12.74802],[77.38185,12.748],[77.38182,12.74792],[77.38178,12.74784],[77.38176,12.7478],[77.38174,12.74777],[77.38172,12.74778],[77.38171,12.74778],[77.38161,12.74778],[77.38161,12.74778],[77.38147,12.74777],[77.38147,12.74777],[77.38124,12.74774],[77.38103,12.74771],[77.38103,12.74771],[77.38084,12.74768],[77.38084,12.74768],[77.38062,12.74762],[77.38044,12.74758],[77.38044,12.74758],[77.38026,12.74753],[77.38009,12.74748],[77.3799,12.74743],[77.37989,12.74743],[77.37969,12.74736],[77.37956,12.74732],[77.3795,12.74731],[77.37947,12.74731],[77.37937,12.74732],[77.37919,12.74736],[77.37919,12.74736],[77.37901,12.74739],[77.37889,12.74741],[77.37872,12.74745],[77.37872,12.74745],[77.37872,12.74745],[77.37859,12.74747],[77.37845,12.7475],[77.37836,12.74751],[77.37828,12.74754],[77.37821,12.74757],[77.37814,12.7476],[77.37806,12.74765],[77.37817,12.74764],[77.3783,12.74762],[77.37833,12.74762],[77.37836,12.74763],[77.37839,12.74765],[77.37845,12.74772],[77.37851,12.74781],[77.3786,12.74795],[77.37866,12.74808],[77.37872,12.74819],[77.37875,12.74825],[77.37877,12.7483],[77.37875,12.74833],[77.37873,12.74838],[77.37873,12.74842],[77.37872,12.74847],[77.37872,12.74853],[77.37873,12.74861],[77.37876,12.74867],[77.37879,12.74874],[77.37883,12.74882],[77.37887,12.749],[77.37887,12.74925],[77.37885,12.74948],[77.37886,12.74953],[77.37887,12.74958],[77.37889,12.74963],[77.37892,12.74969],[77.37896,12.7498],[77.37898,12.74989],[77.379,12.74997],[77.37902,12.75007],[77.37904,12.75014],[77.37906,12.75023],[77.37906,12.75032],[77.37905,12.7504],[77.37902,12.75046],[77.37899,12.7505],[77.37897,12.75054],[77.37897,12.75061],[77.37896,12.75068],[77.37897,12.75077],[77.37898,12.75087],[77.37903,12.75127],[77.37908,12.75153],[77.37921,12.7519],[77.3793,12.75228],[77.37934,12.75248],[77.37935,12.75258],[77.37936,12.75266],[77.37934,12.75274],[77.37933,12.75278],[77.37933,12.75281],[77.37934,12.75286],[77.37938,12.75286],[77.3794,12.75285],[77.37945,12.75279],[77.37949,12.75274],[77.37953,12.75269],[77.37955,12.75268],[77.3796,12.75268],[77.37965,12.75267]]]},"properties":{"shedId":"C05CAM34"}},{"type":"Feature","geometry":{"type":"Polygon","coordinates":[[[77.39527,12.72864],[77.39527,12.72864],[77.39526,12.72864],[77.39509,12.72864],[77.39508,12.72864],[77.39506,12.72864],[77.39505,12.72864],[77.39504,12.72864],[77.39503,12.72864],[77.39502,12.72864],[77.395,12.72864],[77.39499,12.72864],[77.39498,12.72864],[77.39497,12.72864],[77.39496,12.72864],[77.39494,12.72864],[77.39493,12.72864],[77.39492,12.72864],[77.39491,12.72864],[77.39489,12.72864],[77.39488,12.72864],[77.39486,12.72864],[77.39485,12.72864],[77.39483,12.72864],[77.39482,12.72864],[77.39481,12.72864],[77.39479,12.72864],[77.39478,12.72864],[77.39476,12.72864],[77.39475,12.72864],[77.39474,12.72864],[77.39473,12.72864],[77.39472,12.72864],[77.39471,12.72864],[77.3947,12.72864],[77.39469,12.72864],[77.39468,12.72864],[77.39467,12.72864],[77.39466,12.72864],[77.39465,12.72864],[77.39464,12.72864],[77.39463,12.72864],[77.39462,12.72865],[77.3946,12.72865],[77.39459,12.72865],[77.39458,12.72865],[77.39457,12.72865],[77.39456,12.72865],[77.39455,12.72864],[77.39454,12.72864],[77.39453,12.72864],[77.39452,12.72864],[77.39451,12.72864],[77.3945,12.72864],[77.3945,12.72864],[77.3945,12.72864],[77.3944,12.72862],[77.3944,12.72862],[77.39435,12.72861],[77.39435,12.72861],[77.39428,12.72859],[77.39428,12.72859],[77.39421,12.72857],[77.39421,12.72857],[77.39414,12.72854],[77.39414,12.72854],[77.39402,12.72848],[77.3939,12.72842],[77.39376,12.72835],[77.39363,12.7283],[77.39353,12.72825],[77.39352,12.72825],[77.39345,12.72822],[77.39333,12.72817],[77.39333,12.72817],[77.39322,12.72811],[77.39322,12.72811],[77.39322,12.72811],[77.39311,12.72804],[77.39311,12.72804],[77.39303,12.72798],[77.39303,12.72798],[77.39296,12.72792],[77.39296,12.72792],[77.39291,12.72788],[77.39284,12.72781],[77.39284,12.72786],[77.39284,12.72786],[77.39285,12.72795],[77.39285,12.72795],[77.39285,12.72804],[77.39285,12.72804],[77.39284,12.72811],[77.39284,12.72811],[77.39284,12.72811],[77.39282,12.72819],[77.39282,12.72819],[77.39282,12.72819],[77.39278,12.7283],[77.39278,12.7283],[77.39274,12.72836],[77.39274,12.72836],[77.39274,12.72836],[77.3927,12.7284],[77.3927,12.7284],[77.3927,12.7284],[77.39262,12.72845],[77.39256,12.72852],[77.39249,12.72864],[77.39246,12.7287],[77.39246,12.7287],[77.39246,12.7287],[77.39242,12.72876],[77.39242,12.72876],[77.39242,12.72876],[77.39236,12.72881],[77.39236,12.72881],[77.39236,12.72881],[77.3923,12.72885],[77.39225,12.72889],[77.39221,12.72895],[77.39221,12.72895],[77.39217,12.72898],[77.39217,12.729],[77.39216,12.72903],[77.39217,12.72909],[77.3922,12.72918],[77.39223,12.72924],[77.39228,12.7293],[77.39233,12.72933],[77.39247,12.72938],[77.39269,12.72946],[77.39269,12.72946],[77.39284,12.72954],[77.39291,12.72957],[77.39297,12.7296],[77.39297,12.7296],[77.39297,12.7296],[77.39302,12.72964],[77.39303,12.72964],[77.39307,12.7297],[77.39308,12.7297],[77.39308,12.7297],[77.3931,12.72975],[77.3931,12.72975],[77.39313,12.72981],[77.39315,12.72984],[77.39315,12.72984],[77.3932,12.7299],[77.3932,12.7299],[77.39323,12.72996],[77.39323,12.72996],[77.39323,12.72996],[77.39325,12.73],[77.39325,12.73],[77.39325,12.73],[77.39327,12.73006],[77.39327,12.73006],[77.39329,12.73013],[77.39329,12.73013],[77.39329,12.73013],[77.39331,12.73034],[77.39331,12.73034],[77.39331,12.73044],[77.39331,12.73044],[77.3933,12.73055],[77.3933,12.73061],[77.3933,12.73073],[77.39332,12.73087],[77.39332,12.73088],[77.39332,12.73099],[77.39332,12.73099],[77.39331,12.73105],[77.39331,12.73105],[77.39331,12.73105],[77.3933,12.73108],[77.39329,12.73109],[77.39329,12.73109],[77.39326,12.73113],[77.3932,12.7312],[77.39316,12.73131],[77.39313,12.7314],[77.39312,12.73147],[77.39324,12.73148],[77.39331,12.73148],[77.39337,12.73148],[77.39347,12.73145],[77.39358,12.73141],[77.39368,12.73137],[77.39368,12.73137],[77.39376,12.73135],[77.39374,12.73128],[77.39374,12.73127],[77.39371,12.73118],[77.39371,12.73118],[77.39371,12.73117],[77.39371,12.73113],[77.39371,12.73113],[77.39371,12.73113],[77.39372,12.73107],[77.39371,12.73097],[77.3937,12.73083],[77.39369,12.73076],[77.39369,12.73076],[77.39369,12.73076],[77.39369,12.73076],[77.39369,12.73076],[77.39371,12.73072],[77.39371,12.73072],[77.39371,12.73072],[77.39374,12.73067],[77.39374,12.73067],[77.39381,12.73059],[77.39386,12.7305],[77.39386,12.7305],[77.39386,12.7305],[77.39397,12.73039],[77.39397,12.73039],[77.39403,12.73033],[77.39407,12.73023],[77.39407,12.73023],[77.39411,12.73014],[77.39411,12.73014],[77.39417,12.73004],[77.39428,12.72983],[77.39432,12.72973],[77.39436,12.72965],[77.39436,12.72965],[77.39441,12.72954],[77.39443,12.72949],[77.39443,12.72948],[77.39443,12.72948],[77.39444,12.72947],[77.39444,12.72947],[77.39444,12.72946],[77.39445,12.72945],[77.39445,12.72945],[77.39446,12.72944],[77.39446,12.72944],[77.39447,12.72943],[77.39447,12.72943],[77.39447,12.72942],[77.39448,12.72942],[77.39448,12.72941],[77.39449,12.72941],[77.39449,12.7294],[77.3945,12.72939],[77.39451,12.72938],[77.39451,12.72937],[77.39452,12.72936],[77.39453,12.72935],[77.39453,12.72934],[77.39454,12.72932],[77.39455,12.72931],[77.39455,12.7293],[77.39456,12.7293],[77.39457,12.72928],[77.39459,12.72926],[77.39461,12.72924],[77.39462,12.72922],[77.39464,12.7292],[77.39464,12.7292],[77.39464,12.7292],[77.39464,12.7292],[77.39465,12.7292],[77.39465,12.72919],[77.39465,12.72919],[77.39466,12.72919],[77.39466,12.72919],[77.39466,12.72918],[77.39466,12.72918],[77.39467,12.72918],[77.39467,12.72918],[77.39467,12.72917],[77.39468,12.72917],[77.39468,12.72917],[77.39468,12.72916],[77.39468,12.72916],[77.39468,12.72916],[77.39469,12.72916],[77.39469,12.72915],[77.39469,12.72915],[77.39469,12.72915],[77.39469,12.72915],[77.3947,12.72914],[77.3947,12.72914],[77.3947,12.72914],[77.3947,12.72913],[77.39471,12.72913],[77.39471,12.72912],[77.39472,12.72911],[77.39472,12.72911],[77.39473,12.7291],[77.39473,12.72909],[77.39474,12.72909],[77.39474,12.72908],[77.39474,12.72908],[77.39475,12.72907],[77.39475,12.72907],[77.39475,12.72906],[77.39476,12.72906],[77.39476,12.72905],[77.39476,12.72905],[77.39477,12.72904],[77.39477,12.72904],[77.39477,12.72903],[77.39478,12.72903],[77.39478,12.72902],[77.39479,12.72902],[77.39479,12.72901],[77.39479,12.72901],[77.3948,12.729],[77.3948,12.729],[77.3948,12.729],[77.39481,12.729],[77.39481,12.72899],[77.39481,12.72899],[77.39482,12.72899],[77.39482,12.72899],[77.39482,12.72898],[77.39483,12.72898],[77.39483,12.72898],[77.39483,12.72897],[77.39484,12.72897],[77.39484,12.72897],[77.39485,12.72897],[77.39485,12.72896],[77.39485,12.72896],[77.39486,12.72896],[77.39486,12.72896],[77.39487,12.72895],[77.39487,12.72895],[77.39488,12.72895],[77.39488,12.72895],[77.39488,12.72895],[77.39489,12.72894],[77.39489,12.72894],[77.3949,12.72894],[77.3949,12.72894],[77.39491,12.72894],[77.39492,12.72893],[77.39493,12.72893],[77.39493,12.72892],[77.39494,12.72892],[77.39495,12.72892],[77.39496,12.72891],[77.39497,12.72891],[77.39498,12.72891],[77.39498,12.7289],[77.39499,12.7289],[77.395,12.7289],[77.39501,12.7289],[77.39502,12.72889],[77.39503,12.72889],[77.39504,12.72889],[77.39504,12.72888],[77.39505,12.72888],[77.39506,12.72888],[77.39507,12.72888],[77.39507,12.72888],[77.39508,12.72887],[77.39508,12.72887],[77.39509,12.72887],[77.39509,12.72887],[77.3951,12.72887],[77.3951,12.72887],[77.39511,12.72886],[77.39511,12.72886],[77.39512,12.72886],[77.39512,12.72886],[77.39512,12.72885],[77.39513,12.72885],[77.39513,12.72885],[77.39514,12.72885],[77.39514,12.72885],[77.39515,12.72884],[77.39515,12.72884],[77.39515,12.72884],[77.39516,12.72884],[77.39517,12.72883],[77.39518,12.72883],[77.39519,12.72882],[77.3952,12.72882],[77.39521,12.72881],[77.39522,12.72881],[77.39523,12.7288],[77.39524,12.7288],[77.39525,12.7288],[77.39526,12.72879],[77.39527,12.72879],[77.39528,12.72878],[77.39529,12.72878],[77.3953,12.72878],[77.39531,12.72877],[77.39532,12.72877],[77.39533,12.72877],[77.39534,12.72876],[77.39535,12.72876],[77.39536,12.72876],[77.39537,12.72875],[77.39538,12.72875],[77.39539,12.72875],[77.3954,12.72874],[77.3954,12.72874],[77.3954,12.72874],[77.39544,12.72874],[77.39544,12.72874],[77.39544,12.72874],[77.39544,12.72874],[77.39544,12.72874],[77.39544,12.72874],[77.39544,12.72874],[77.39545,12.72874],[77.39545,12.72874],[77.39545,12.72874],[77.39545,12.72874],[77.39545,12.72874],[77.39545,12.72874],[77.39545,12.72873],[77.39546,12.72873],[77.39546,12.72873],[77.39546,12.72873],[77.39546,12.72873],[77.39546,12.72873],[77.39546,12.72873],[77.39546,12.72873],[77.39546,12.72873],[77.39547,12.72873],[77.39547,12.72873],[77.39547,12.72873],[77.39547,12.72872],[77.39547,12.72872],[77.39547,12.72872],[77.39547,12.72872],[77.39547,12.72872],[77.39547,12.72872],[77.39547,12.72872],[77.39547,12.72872],[77.39547,12.72872],[77.39547,12.72872],[77.39547,12.72872],[77.39547,12.72872],[77.39547,12.72871],[77.39547,12.72871],[77.39547,12.72871],[77.39548,12.72869],[77.39548,12.72869],[77.39547,12.72869],[77.39546,12.72868],[77.39546,12.72868],[77.39545,12.72868],[77.39544,12.72868],[77.39543,12.72867],[77.39543,12.72867],[77.39542,12.72867],[77.39542,12.72867],[77.39541,12.72866],[77.39541,12.72866],[77.3954,12.72866],[77.39539,12.72866],[77.39538,12.72866],[77.39538,12.72866],[77.39537,12.72866],[77.39536,12.72866],[77.39536,12.72866],[77.39535,12.72866],[77.39534,12.72866],[77.39534,12.72866],[77.39533,12.72865],[77.39532,12.72865],[77.39531,12.72865],[77.39531,12.72865],[77.3953,12.72865],[77.39529,12.72865],[77.39529,12.72864],[77.39528,12.72864],[77.39527,12.72864]]]},"properties":{"shedId":"C05CAM34"}},{"type":"Feature","geometry":{"type":"Polygon","coordinates":[[[77.38327,12.71747],[77.38331,12.71737],[77.38333,12.71731],[77.38331,12.7172],[77.3833,12.71706],[77.38329,12.71704],[77.38326,12.71694],[77.38321,12.71689],[77.38317,12.71686],[77.38313,12.71684],[77.3831,12.71686],[77.38285,12.717],[77.38276,12.71707],[77.38265,12.71717],[77.38257,12.71724],[77.38257,12.71725],[77.38257,12.71725],[77.38245,12.71731],[77.38245,12.71732],[77.38228,12.7174],[77.38228,12.7174],[77.38228,12.7174],[77.38214,12.71744],[77.38213,12.71744],[77.38213,12.71744],[77.38191,12.71748],[77.38191,12.71748],[77.38177,12.71748],[77.38177,12.71748],[77.38164,12.71747],[77.38153,12.71746],[77.38153,12.71749],[77.38154,12.71752],[77.38159,12.71756],[77.38163,12.71764],[77.38166,12.71775],[77.38168,12.71801],[77.38167,12.7181],[77.38164,12.71823],[77.3816,12.71833],[77.38159,12.71844],[77.3816,12.71856],[77.38163,12.71867],[77.38167,12.71873],[77.38187,12.71887],[77.38205,12.71894],[77.3821,12.71898],[77.38212,12.71901],[77.38222,12.71913],[77.38233,12.71924],[77.38243,12.71936],[77.38247,12.71943],[77.38249,12.71951],[77.38252,12.71964],[77.38253,12.71974],[77.38253,12.71982],[77.38255,12.71988],[77.38257,12.7199],[77.38261,12.71991],[77.38264,12.71991],[77.38269,12.71991],[77.38271,12.71988],[77.38271,12.71988],[77.38271,12.71988],[77.38276,12.71984],[77.38276,12.71983],[77.38281,12.7198],[77.38285,12.71977],[77.38285,12.71977],[77.38289,12.71975],[77.38291,12.71973],[77.38292,12.71971],[77.38293,12.71968],[77.38294,12.71964],[77.38294,12.71957],[77.38294,12.71957],[77.38295,12.71947],[77.38295,12.71947],[77.38296,12.71937],[77.38298,12.71926],[77.38298,12.71919],[77.38298,12.71915],[77.38297,12.71912],[77.38295,12.71908],[77.38289,12.71898],[77.38289,12.71898],[77.38286,12.7189],[77.38285,12.7189],[77.38285,12.7189],[77.38283,12.71882],[77.38283,12.71882],[77.38282,12.71877],[77.38282,12.71877],[77.38282,12.71877],[77.38282,12.71873],[77.38282,12.71873],[77.38284,12.71863],[77.38284,12.71863],[77.38284,12.71863],[77.38286,12.71852],[77.38286,12.71852],[77.38288,12.71843],[77.38288,12.71843],[77.38291,12.71836],[77.38294,12.71829],[77.38294,12.71829],[77.38296,12.71824],[77.38301,12.71813],[77.38305,12.71804],[77.38305,12.71804],[77.38309,12.71798],[77.38312,12.7179],[77.38314,12.71785],[77.38316,12.71779],[77.3832,12.71767],[77.38322,12.71759],[77.38322,12.71759],[77.38327,12.71747]]]},"properties":{"shedId":"C05CAM34"}},{"type":"Feature","geometry":{"type":"Polygon","coordinates":[[[77.38099,12.72508],[77.38089,12.72505],[77.38081,12.72508],[77.38075,12.72513],[77.38069,12.72522],[77.3806,12.72536],[77.38052,12.72554],[77.38044,12.72572],[77.38036,12.726],[77.38031,12.72608],[77.38021,12.72613],[77.37994,12.72621],[77.37974,12.72626],[77.37966,12.72632],[77.37966,12.72643],[77.37968,12.72654],[77.37975,12.72664],[77.37979,12.72664],[77.37987,12.72665],[77.37989,12.72668],[77.37993,12.72678],[77.38005,12.7269],[77.38018,12.72691],[77.38031,12.72692],[77.38051,12.72699],[77.38065,12.72704],[77.38086,12.7271],[77.38098,12.72711],[77.38104,12.72713],[77.38114,12.72716],[77.38126,12.72722],[77.38139,12.72727],[77.3815,12.72737],[77.38162,12.72751],[77.3817,12.72758],[77.38182,12.7276],[77.38181,12.72752],[77.38181,12.72752],[77.38181,12.7274],[77.38178,12.7272],[77.38176,12.72706],[77.38173,12.72693],[77.38171,12.72682],[77.38168,12.72666],[77.38165,12.72652],[77.38163,12.72641],[77.3816,12.72632],[77.38157,12.72626],[77.38153,12.72619],[77.38148,12.72613],[77.38143,12.72608],[77.38137,12.72603],[77.38137,12.72603],[77.38132,12.72598],[77.38132,12.72598],[77.38126,12.72592],[77.38126,12.72591],[77.3812,12.72582],[77.3812,12.72582],[77.3812,12.72582],[77.38116,12.72573],[77.38116,12.72573],[77.3811,12.7256],[77.3811,12.7256],[77.3811,12.7256],[77.38107,12.72551],[77.38107,12.72551],[77.38105,12.72541],[77.38105,12.72541],[77.38103,12.72526],[77.38101,12.72513],[77.38099,12.72508]]]},"properties":{"shedId":"C05CAM34"}},{"type":"Feature","geometry":{"type":"Polygon","coordinates":[[[77.39956,12.73898],[77.39963,12.739],[77.3997,12.73902],[77.39975,12.73902],[77.39981,12.73902],[77.39986,12.73902],[77.39991,12.73901],[77.39998,12.739],[77.40006,12.73899],[77.40013,12.73899],[77.4002,12.739],[77.40025,12.739],[77.4003,12.73899],[77.40035,12.73898],[77.40039,12.73896],[77.40045,12.73894],[77.4005,12.73891],[77.40054,12.73887],[77.40055,12.73886],[77.40056,12.73886],[77.40057,12.73885],[77.40059,12.73885],[77.4006,12.73884],[77.40061,12.73884],[77.40062,12.73885],[77.40064,12.73885],[77.40065,12.73886],[77.40066,12.73887],[77.40067,12.73888],[77.40068,12.73888],[77.40069,12.73889],[77.40071,12.73889],[77.40072,12.73889],[77.40073,12.73889],[77.40075,12.73888],[77.40079,12.73885],[77.40083,12.73882],[77.40088,12.73879],[77.40093,12.73877],[77.40098,12.73876],[77.40114,12.73874],[77.4013,12.73871],[77.40133,12.73872],[77.40137,12.73873],[77.4014,12.73872],[77.40144,12.73872],[77.40147,12.7387],[77.40151,12.73868],[77.40153,12.73866],[77.40156,12.73863],[77.40157,12.7386],[77.40157,12.73854],[77.40155,12.73848],[77.40153,12.73842],[77.4015,12.73836],[77.40145,12.73824],[77.40139,12.73812],[77.40138,12.73808],[77.40135,12.73804],[77.40132,12.73801],[77.40129,12.73798],[77.40125,12.73796],[77.40121,12.73795],[77.40114,12.73791],[77.40106,12.73789],[77.40099,12.73787],[77.40091,12.73785],[77.40083,12.73784],[77.40075,12.73783],[77.40066,12.73782],[77.40057,12.73781],[77.40048,12.73779],[77.40039,12.73776],[77.40034,12.73775],[77.4003,12.73772],[77.40025,12.7377],[77.40021,12.73767],[77.40004,12.73752],[77.39988,12.73737],[77.39975,12.7373],[77.39962,12.73724],[77.39954,12.73722],[77.39946,12.7372],[77.39938,12.73719],[77.39929,12.73718],[77.39923,12.73719],[77.39917,12.73719],[77.39911,12.73719],[77.39905,12.73719],[77.39899,12.73718],[77.39891,12.73716],[77.39884,12.73714],[77.39876,12.73712],[77.39869,12.73708],[77.39867,12.73706],[77.39864,12.73704],[77.39861,12.73702],[77.39858,12.73701],[77.39855,12.737],[77.39852,12.737],[77.39852,12.73703],[77.39852,12.73707],[77.39852,12.7371],[77.39854,12.73713],[77.39856,12.73716],[77.39859,12.73719],[77.39862,12.73722],[77.39866,12.73724],[77.39869,12.73726],[77.39876,12.73728],[77.3988,12.73735],[77.39883,12.73742],[77.39885,12.7375],[77.39888,12.73758],[77.39889,12.73765],[77.3989,12.73773],[77.39891,12.73781],[77.39895,12.73797],[77.39899,12.73814],[77.399,12.73817],[77.39901,12.7382],[77.39901,12.73824],[77.39901,12.73828],[77.39895,12.73832],[77.39889,12.73835],[77.39886,12.73837],[77.39884,12.73839],[77.39883,12.73841],[77.39882,12.73843],[77.39881,12.73844],[77.39881,12.73845],[77.39881,12.73847],[77.39881,12.73848],[77.39882,12.73849],[77.39882,12.7385],[77.39883,12.73851],[77.39884,12.73852],[77.39885,12.73853],[77.39886,12.73853],[77.39894,12.73855],[77.39902,12.73857],[77.39902,12.7386],[77.39903,12.73863],[77.39902,12.73865],[77.39902,12.73868],[77.39901,12.7387],[77.399,12.73873],[77.39899,12.73875],[77.39899,12.73878],[77.39899,12.73881],[77.39902,12.73886],[77.39905,12.7389],[77.39908,12.73895],[77.39909,12.73897],[77.39911,12.73899],[77.39913,12.73901],[77.39915,12.73903],[77.39918,12.73904],[77.39921,12.73904],[77.39925,12.73904],[77.39929,12.73904],[77.39934,12.73903],[77.39938,12.73902],[77.39947,12.739],[77.39956,12.73898]]]},"properties":{"shedId":"C05CAM34"}},{"type":"Feature","geometry":{"type":"Polygon","coordinates":[[[77.41692,12.72817],[77.41702,12.728],[77.4171,12.72783],[77.41718,12.72777],[77.41725,12.72771],[77.41732,12.72765],[77.41741,12.72755],[77.41749,12.72744],[77.41747,12.72735],[77.41746,12.72726],[77.41744,12.72717],[77.41743,12.72712],[77.41741,12.72707],[77.41739,12.72703],[77.41736,12.72699],[77.41735,12.72694],[77.41733,12.72689],[77.41731,12.72684],[77.41728,12.7268],[77.41724,12.72676],[77.4172,12.72672],[77.41715,12.72669],[77.4171,12.72667],[77.41705,12.72665],[77.417,12.72664],[77.41692,12.72659],[77.41685,12.72655],[77.41677,12.72652],[77.41669,12.72649],[77.41661,12.72647],[77.41652,12.72645],[77.41643,12.72643],[77.41634,12.72642],[77.41625,12.72642],[77.41616,12.72641],[77.41613,12.72641],[77.41611,12.72642],[77.41609,12.72642],[77.41607,12.72643],[77.41605,12.72645],[77.41603,12.72646],[77.41602,12.72648],[77.41601,12.7265],[77.416,12.72652],[77.416,12.72655],[77.416,12.72657],[77.41551,12.72798],[77.41556,12.72802],[77.4156,12.72806],[77.41565,12.72809],[77.41571,12.72812],[77.41576,12.72814],[77.41582,12.72815],[77.41588,12.72816],[77.41593,12.72817],[77.41598,12.72817],[77.41603,12.72819],[77.41608,12.7282],[77.41613,12.72823],[77.41617,12.72825],[77.41625,12.72831],[77.41634,12.72835],[77.41642,12.72839],[77.41645,12.72842],[77.41648,12.72844],[77.41651,12.72845],[77.41655,12.72846],[77.41658,12.72846],[77.41662,12.72846],[77.41665,12.72845],[77.41669,12.72843],[77.41671,12.72841],[77.41676,12.72838],[77.4168,12.72834],[77.41684,12.7283],[77.41687,12.72826],[77.4169,12.72821],[77.41692,12.72817]]]},"properties":{"shedId":"C05CAM34"}},{"type":"Feature","geometry":{"type":"Polygon","coordinates":[[[77.41699,12.73755],[77.41703,12.73755],[77.41708,12.73754],[77.41712,12.73753],[77.41716,12.73751],[77.4172,12.73749],[77.41723,12.73746],[77.41725,12.73743],[77.41727,12.73739],[77.41728,12.73735],[77.41728,12.73731],[77.41728,12.73727],[77.41727,12.73723],[77.41726,12.73719],[77.41723,12.73715],[77.41721,12.73712],[77.41719,12.73711],[77.41718,12.73711],[77.41716,12.73709],[77.41715,12.73708],[77.41714,12.73706],[77.41714,12.73705],[77.41713,12.73703],[77.41713,12.73701],[77.41713,12.73699],[77.41714,12.73698],[77.41715,12.73696],[77.41716,12.73694],[77.41717,12.73693],[77.41718,12.73692],[77.4172,12.73691],[77.41722,12.7369],[77.41724,12.73689],[77.41726,12.73689],[77.41728,12.73689],[77.4173,12.7369],[77.41736,12.73691],[77.41742,12.73692],[77.41745,12.73689],[77.41747,12.73686],[77.41749,12.73683],[77.4175,12.73679],[77.41751,12.73675],[77.41751,12.73672],[77.41751,12.73668],[77.41751,12.73663],[77.4175,12.73659],[77.41749,12.73656],[77.41747,12.73652],[77.41745,12.73648],[77.4174,12.73637],[77.41735,12.73625],[77.41735,12.73622],[77.41734,12.73618],[77.41733,12.73614],[77.41731,12.73611],[77.41729,12.73608],[77.41724,12.73609],[77.41719,12.73609],[77.41714,12.73609],[77.41709,12.73609],[77.41704,12.73608],[77.41699,12.7361],[77.41694,12.73611],[77.4169,12.73611],[77.41685,12.73611],[77.41683,12.73611],[77.4168,12.73611],[77.41678,12.7361],[77.41677,12.73609],[77.41675,12.73608],[77.41673,12.73607],[77.41672,12.73605],[77.41671,12.73604],[77.41667,12.73591],[77.41663,12.73578],[77.4166,12.73566],[77.41659,12.73558],[77.41658,12.73549],[77.41659,12.73541],[77.4166,12.73533],[77.41662,12.73525],[77.41664,12.73517],[77.41667,12.73509],[77.41671,12.73502],[77.41672,12.73496],[77.41673,12.73491],[77.41673,12.73485],[77.41672,12.7348],[77.41671,12.73474],[77.41669,12.73469],[77.41666,12.73464],[77.41664,12.73459],[77.4166,12.73455],[77.41656,12.73451],[77.4165,12.73444],[77.41643,12.73437],[77.41636,12.73431],[77.41628,12.73425],[77.4162,12.7342],[77.41612,12.73415],[77.41607,12.73413],[77.41602,12.73411],[77.41597,12.73408],[77.41593,12.73404],[77.41589,12.73401],[77.41586,12.73399],[77.41583,12.73398],[77.41579,12.73397],[77.41576,12.73396],[77.41572,12.73397],[77.41569,12.73398],[77.41566,12.73399],[77.41563,12.73401],[77.41561,12.73403],[77.41559,12.73405],[77.41558,12.73407],[77.41557,12.73427],[77.41553,12.73433],[77.41549,12.7344],[77.41544,12.73446],[77.41539,12.73452],[77.41534,12.73458],[77.41528,12.73463],[77.41521,12.73468],[77.41511,12.73478],[77.41501,12.73489],[77.41492,12.735],[77.41483,12.73512],[77.41475,12.73521],[77.41467,12.73529],[77.41458,12.73536],[77.41449,12.73543],[77.41445,12.73546],[77.41435,12.73551],[77.41434,12.73552],[77.4143,12.73554],[77.41425,12.73555],[77.4142,12.73556],[77.41416,12.73556],[77.41409,12.73557],[77.41402,12.73559],[77.414,12.73559],[77.41398,12.73559],[77.41396,12.73559],[77.41394,12.73558],[77.41392,12.73557],[77.4139,12.73556],[77.41388,12.73554],[77.41386,12.73553],[77.41383,12.73552],[77.4138,12.73551],[77.41376,12.73551],[77.41373,12.73551],[77.4137,12.73551],[77.41367,12.73555],[77.41365,12.73559],[77.41364,12.73561],[77.41364,12.73564],[77.41364,12.73566],[77.41364,12.73568],[77.41365,12.73571],[77.41366,12.73573],[77.41367,12.73575],[77.41369,12.73576],[77.41371,12.73578],[77.41373,12.73579],[77.41378,12.7358],[77.41382,12.73581],[77.41387,12.73582],[77.41391,12.73581],[77.41395,12.73581],[77.41398,12.73581],[77.41402,12.73582],[77.41405,12.73583],[77.41408,12.73585],[77.41411,12.73587],[77.41413,12.73589],[77.41414,12.73592],[77.41416,12.73594],[77.41421,12.73602],[77.41422,12.73604],[77.41424,12.73609],[77.41426,12.73613],[77.41429,12.73618],[77.41433,12.73621],[77.41436,12.73625],[77.4144,12.73629],[77.41445,12.73632],[77.41451,12.73642],[77.41457,12.73653],[77.41464,12.73663],[77.41468,12.73669],[77.41472,12.73676],[77.41476,12.73683],[77.41479,12.7369],[77.41481,12.73698],[77.41482,12.73706],[77.41486,12.73718],[77.4149,12.7373],[77.41493,12.73742],[77.41496,12.73754],[77.41494,12.73771],[77.41492,12.73788],[77.41488,12.73805],[77.41485,12.73821],[77.41489,12.73832],[77.41493,12.73843],[77.41495,12.73854],[77.41495,12.73857],[77.41494,12.7386],[77.41495,12.73863],[77.41495,12.73865],[77.41496,12.73868],[77.41498,12.73871],[77.41521,12.73888],[77.41525,12.7389],[77.41529,12.73892],[77.41533,12.73892],[77.41537,12.73893],[77.41541,12.73893],[77.41546,12.73892],[77.4155,12.73891],[77.41553,12.73888],[77.41557,12.73885],[77.4156,12.73881],[77.41562,12.73877],[77.41564,12.73873],[77.41568,12.7387],[77.41572,12.73868],[77.41576,12.73866],[77.4158,12.73864],[77.41585,12.73863],[77.41589,12.73863],[77.41593,12.73856],[77.41598,12.73849],[77.41603,12.73843],[77.41607,12.73834],[77.4161,12.73824],[77.41612,12.73814],[77.41613,12.73804],[77.41621,12.73799],[77.41629,12.73794],[77.41638,12.7379],[77.41647,12.73787],[77.41652,12.73785],[77.41658,12.73782],[77.41663,12.73779],[77.41668,12.73775],[77.41672,12.73771],[77.41676,12.73766],[77.4168,12.73763],[77.41684,12.7376],[77.41689,12.73758],[77.41694,12.73756],[77.41699,12.73755]]]},"properties":{"shedId":"C05CAM34"}},{"type":"Feature","geometry":{"type":"Polygon","coordinates":[[[77.42443,12.74489],[77.42485,12.74481],[77.42518,12.74485],[77.42553,12.74494],[77.42575,12.74494],[77.42589,12.74489],[77.42597,12.74482],[77.42607,12.74479],[77.42615,12.7448],[77.4262,12.74489],[77.42636,12.7448],[77.42648,12.74473],[77.4265,12.74467],[77.42645,12.74454],[77.42638,12.74445],[77.42631,12.74432],[77.42621,12.74413],[77.4262,12.74404],[77.4262,12.74394],[77.42636,12.74376],[77.42636,12.74376],[77.42636,12.74376],[77.42634,12.74373],[77.42634,12.74373],[77.42634,12.74373],[77.42633,12.74368],[77.42633,12.74368],[77.42631,12.74349],[77.42631,12.74349],[77.42631,12.74349],[77.4263,12.74343],[77.42629,12.74341],[77.42626,12.74339],[77.42624,12.74338],[77.42622,12.74337],[77.42619,12.74336],[77.42616,12.74335],[77.42611,12.74334],[77.42605,12.74333],[77.426,12.74333],[77.42594,12.74332],[77.42588,12.74332],[77.42583,12.74332],[77.42577,12.74333],[77.42569,12.74335],[77.42561,12.74336],[77.4256,12.74337],[77.42558,12.74337],[77.42557,12.74337],[77.42556,12.74336],[77.42555,12.74336],[77.42553,12.74335],[77.42552,12.74334],[77.42552,12.74333],[77.42551,12.74332],[77.4255,12.74329],[77.42549,12.74326],[77.42547,12.74322],[77.42545,12.74319],[77.42542,12.74316],[77.42539,12.74313],[77.42531,12.74307],[77.42524,12.74301],[77.42519,12.74295],[77.42513,12.7429],[77.42512,12.74288],[77.42511,12.74287],[77.4251,12.74285],[77.42509,12.74284],[77.42507,12.74283],[77.42505,12.74282],[77.42503,12.74282],[77.42502,12.74282],[77.42501,12.74282],[77.42494,12.74287],[77.42486,12.74292],[77.42483,12.74293],[77.42478,12.74294],[77.42474,12.74294],[77.4247,12.74294],[77.42465,12.74292],[77.4246,12.7429],[77.42456,12.74287],[77.42453,12.74285],[77.42451,12.74283],[77.42448,12.74281],[77.42445,12.7428],[77.42442,12.74279],[77.4243,12.74278],[77.42419,12.74278],[77.42407,12.74278],[77.42395,12.7428],[77.42384,12.74282],[77.42372,12.74284],[77.42361,12.74287],[77.42341,12.74294],[77.42322,12.74302],[77.42313,12.74304],[77.42305,12.74307],[77.42297,12.74311],[77.42289,12.74315],[77.42282,12.7432],[77.42276,12.74322],[77.42271,12.74324],[77.42265,12.74327],[77.4226,12.7433],[77.42256,12.74334],[77.42252,12.74339],[77.42248,12.74345],[77.42245,12.74352],[77.42247,12.74371],[77.42248,12.74379],[77.42251,12.74398],[77.42254,12.74412],[77.42256,12.74419],[77.42256,12.74419],[77.42258,12.74432],[77.42258,12.74433],[77.4226,12.74443],[77.4226,12.74443],[77.42262,12.74464],[77.42262,12.74464],[77.42262,12.74477],[77.42262,12.74477],[77.42262,12.74483],[77.42262,12.74483],[77.42262,12.74487],[77.42262,12.74487],[77.42261,12.74492],[77.42261,12.74492],[77.4226,12.74493],[77.4226,12.74494],[77.42259,12.74497],[77.42259,12.74498],[77.42259,12.74498],[77.42257,12.74504],[77.42257,12.74504],[77.42247,12.74524],[77.42247,12.74524],[77.42242,12.74533],[77.42242,12.74533],[77.42238,12.74541],[77.42238,12.74541],[77.42227,12.74555],[77.42227,12.74555],[77.42215,12.7457],[77.42209,12.74578],[77.42209,12.74578],[77.42201,12.74587],[77.42201,12.74587],[77.42196,12.74593],[77.42196,12.74593],[77.4219,12.74598],[77.4219,12.74598],[77.42188,12.746],[77.42188,12.746],[77.42183,12.74603],[77.42183,12.74603],[77.42181,12.74605],[77.42181,12.74605],[77.42181,12.74605],[77.42175,12.74608],[77.42175,12.74608],[77.42171,12.74609],[77.42171,12.74609],[77.42164,12.74612],[77.42148,12.74618],[77.42144,12.7462],[77.4214,12.74622],[77.42136,12.74624],[77.42134,12.74625],[77.42133,12.74627],[77.42131,12.74629],[77.42129,12.74632],[77.42128,12.74634],[77.42123,12.74641],[77.42123,12.74641],[77.4212,12.74647],[77.4212,12.74647],[77.42116,12.74652],[77.42112,12.74657],[77.42109,12.74663],[77.42107,12.74668],[77.42105,12.74675],[77.42102,12.74683],[77.421,12.74696],[77.42099,12.74703],[77.42098,12.74705],[77.42098,12.74708],[77.42098,12.74712],[77.42098,12.74714],[77.42099,12.74716],[77.421,12.74718],[77.42101,12.7472],[77.42103,12.74722],[77.42105,12.74724],[77.42108,12.74725],[77.4211,12.74726],[77.42112,12.74727],[77.42119,12.74728],[77.42127,12.74729],[77.4214,12.74731],[77.4215,12.74731],[77.4215,12.74731],[77.42164,12.74733],[77.42164,12.74733],[77.42169,12.74733],[77.42178,12.74714],[77.42186,12.74702],[77.42201,12.74689],[77.42222,12.74674],[77.42236,12.74661],[77.4224,12.74647],[77.42249,12.74627],[77.42297,12.74583],[77.42328,12.74552],[77.42376,12.74517],[77.42415,12.74497],[77.42443,12.74489]]]},"properties":{"shedId":"C05CAM34"}},{"type":"Feature","geometry":{"type":"Polygon","coordinates":[[[77.44756,12.71337],[77.44748,12.71321],[77.44738,12.71279],[77.44734,12.71256],[77.44729,12.71251],[77.44725,12.71244],[77.44716,12.71222],[77.44709,12.71216],[77.44689,12.71158],[77.44688,12.71156],[77.44685,12.7115],[77.44682,12.71149],[77.4468,12.71149],[77.44659,12.71164],[77.44659,12.71164],[77.44642,12.71175],[77.44642,12.71175],[77.44641,12.71175],[77.44604,12.71185],[77.44603,12.71185],[77.44603,12.71185],[77.44562,12.71184],[77.44512,12.71186],[77.44512,12.71186],[77.44475,12.71186],[77.44475,12.71186],[77.44475,12.71186],[77.44475,12.71186],[77.44444,12.71171],[77.44444,12.71171],[77.44444,12.71171],[77.44403,12.71144],[77.44396,12.71143],[77.44379,12.71151],[77.44379,12.71151],[77.44379,12.71152],[77.44377,12.71152],[77.44377,12.71153],[77.44377,12.71153],[77.44376,12.71154],[77.44376,12.71154],[77.44376,12.71155],[77.44376,12.71156],[77.44376,12.71156],[77.44381,12.71165],[77.44391,12.71184],[77.44399,12.71196],[77.44417,12.71219],[77.44417,12.71219],[77.44417,12.71219],[77.44419,12.71223],[77.44419,12.71223],[77.44419,12.71224],[77.4442,12.71227],[77.4442,12.71227],[77.4442,12.71227],[77.4442,12.71233],[77.4442,12.71233],[77.44421,12.71242],[77.44421,12.71248],[77.44423,12.71257],[77.44426,12.71267],[77.44432,12.71286],[77.44432,12.71286],[77.44437,12.713],[77.44447,12.71324],[77.44447,12.71324],[77.44447,12.71324],[77.4445,12.71332],[77.44456,12.71334],[77.44471,12.7133],[77.44495,12.71329],[77.44525,12.71334],[77.44552,12.71342],[77.44569,12.71353],[77.44585,12.71362],[77.44605,12.71367],[77.44625,12.71372],[77.44658,12.71387],[77.44672,12.71401],[77.44682,12.71407],[77.44699,12.71413],[77.4473,12.71416],[77.4475,12.71419],[77.44756,12.71419],[77.4476,12.71417],[77.44763,12.71414],[77.44764,12.71411],[77.44764,12.71402],[77.44764,12.71397],[77.44765,12.71384],[77.44764,12.71375],[77.44762,12.71367],[77.44758,12.71357],[77.44758,12.71344],[77.44756,12.71337]]]},"properties":{"shedId":"C05CAM34"}},{"type":"Feature","geometry":{"type":"Polygon","coordinates":[[[77.4473,12.73421],[77.4473,12.73415],[77.44721,12.73419],[77.44707,12.73432],[77.44707,12.73432],[77.44707,12.73432],[77.44685,12.73447],[77.44685,12.73447],[77.44685,12.73447],[77.44636,12.73471],[77.44636,12.73471],[77.44561,12.73497],[77.44561,12.73497],[77.44515,12.7351],[77.44514,12.7351],[77.44487,12.73515],[77.44485,12.73525],[77.44486,12.73536],[77.44496,12.73549],[77.44518,12.73561],[77.44555,12.73581],[77.44592,12.73596],[77.4461,12.73605],[77.44619,12.73613],[77.44624,12.7362],[77.44626,12.73629],[77.44634,12.73639],[77.44639,12.73643],[77.44665,12.73643],[77.44696,12.73638],[77.44724,12.73634],[77.44772,12.7363],[77.44797,12.73622],[77.44815,12.73612],[77.44827,12.73601],[77.44839,12.7358],[77.44844,12.73559],[77.44839,12.73541],[77.44819,12.73533],[77.44799,12.73529],[77.44782,12.73514],[77.44776,12.73505],[77.44756,12.73499],[77.44744,12.73498],[77.44736,12.7349],[77.44731,12.73435],[77.4473,12.73421]]]},"properties":{"shedId":"C05CAM34"}},{"type":"Feature","geometry":{"type":"Polygon","coordinates":[[[77.39207,12.74162],[77.39218,12.74161],[77.39231,12.74161],[77.39252,12.7416],[77.39272,12.74158],[77.39298,12.74157],[77.39319,12.74155],[77.39332,12.74158],[77.39339,12.74167],[77.39348,12.74181],[77.39358,12.74189],[77.39361,12.74191],[77.39368,12.74185],[77.39374,12.74182],[77.39385,12.74185],[77.39397,12.74186],[77.39398,12.74185],[77.39399,12.74188],[77.39398,12.74195],[77.39394,12.74199],[77.39391,12.742],[77.39395,12.74201],[77.39407,12.74199],[77.39415,12.74196],[77.39423,12.7419],[77.39421,12.74183],[77.39417,12.74166],[77.39413,12.74153],[77.39413,12.74153],[77.3941,12.74142],[77.39406,12.74126],[77.39406,12.74126],[77.39403,12.74114],[77.39398,12.74091],[77.39393,12.7407],[77.3939,12.74055],[77.39387,12.74043],[77.39382,12.74026],[77.39382,12.74026],[77.3938,12.74018],[77.3938,12.74018],[77.39379,12.74009],[77.39379,12.74009],[77.39379,12.73998],[77.39378,12.73993],[77.39377,12.73988],[77.39375,12.73983],[77.39375,12.73983],[77.39375,12.73983],[77.39371,12.73983],[77.39364,12.73988],[77.39362,12.73992],[77.39352,12.73999],[77.3934,12.74002],[77.39323,12.74009],[77.39316,12.74015],[77.39309,12.74019],[77.3929,12.7402],[77.39265,12.74018],[77.39243,12.74014],[77.39227,12.74013],[77.39214,12.74014],[77.39204,12.74021],[77.39189,12.74034],[77.39176,12.74046],[77.3916,12.74056],[77.39149,12.74065],[77.39145,12.74072],[77.39143,12.74085],[77.39147,12.74109],[77.39151,12.74132],[77.39153,12.74145],[77.39151,12.7415],[77.39133,12.74156],[77.39118,12.74159],[77.39114,12.7416],[77.39119,12.74163],[77.39119,12.74163],[77.39119,12.74163],[77.39123,12.74168],[77.39123,12.74168],[77.39126,12.74173],[77.39126,12.74173],[77.39129,12.74179],[77.39133,12.74187],[77.39133,12.74188],[77.39133,12.74188],[77.39136,12.74196],[77.39136,12.74196],[77.39139,12.74207],[77.39139,12.74207],[77.3914,12.74216],[77.3914,12.74216],[77.3914,12.74216],[77.39141,12.74222],[77.39141,12.74222],[77.39142,12.74227],[77.39144,12.74231],[77.39147,12.74234],[77.39154,12.74233],[77.3916,12.74232],[77.39168,12.74229],[77.39176,12.74222],[77.39182,12.74215],[77.39186,12.74207],[77.39189,12.742],[77.39191,12.74188],[77.39194,12.74179],[77.39195,12.74171],[77.39198,12.74164],[77.39207,12.74162]]]},"properties":{"shedId":"C05CAM34"}},{"type":"Feature","geometry":{"type":"Polygon","coordinates":[[[77.39761,12.724],[77.39761,12.72388],[77.39761,12.72376],[77.39762,12.72364],[77.39761,12.72359],[77.39761,12.72354],[77.39761,12.72348],[77.39762,12.72343],[77.39764,12.72338],[77.39766,12.7233],[77.39767,12.72322],[77.39768,12.72313],[77.39767,12.72307],[77.39766,12.723],[77.39766,12.72294],[77.39767,12.72287],[77.39768,12.72281],[77.3977,12.72278],[77.39772,12.72275],[77.39775,12.72272],[77.39778,12.7227],[77.39782,12.72269],[77.39785,12.72268],[77.39789,12.72267],[77.39794,12.72265],[77.39814,12.72255],[77.39832,12.72247],[77.39842,12.72244],[77.39852,12.72241],[77.39861,12.72236],[77.3987,12.72232],[77.39877,12.72228],[77.39884,12.72223],[77.3989,12.72218],[77.39897,12.72213],[77.399,12.72203],[77.39904,12.72194],[77.39906,12.72184],[77.39904,12.72173],[77.39902,12.72162],[77.39901,12.72151],[77.39901,12.72149],[77.399,12.72147],[77.399,12.72145],[77.39899,12.72143],[77.39898,12.72142],[77.39896,12.7214],[77.39894,12.72139],[77.39893,12.72138],[77.39891,12.72138],[77.39884,12.72141],[77.39877,12.72144],[77.3987,12.72146],[77.39863,12.72148],[77.39855,12.72149],[77.39847,12.7215],[77.3984,12.7215],[77.39832,12.72149],[77.39825,12.72148],[77.39818,12.72146],[77.39811,12.72144],[77.39805,12.72142],[77.39802,12.72138],[77.39799,12.72135],[77.39795,12.72129],[77.39791,12.72122],[77.39788,12.72116],[77.39786,12.7211],[77.39785,12.72105],[77.39784,12.72099],[77.39783,12.72095],[77.39782,12.72091],[77.3978,12.72084],[77.39777,12.72078],[77.39774,12.72072],[77.39771,12.72066],[77.39766,12.7206],[77.39762,12.72055],[77.39757,12.72051],[77.39751,12.72046],[77.39745,12.72043],[77.39739,12.7204],[77.39733,12.72037],[77.39656,12.72017],[77.39654,12.72037],[77.39657,12.72046],[77.3966,12.72054],[77.39664,12.72062],[77.39669,12.7207],[77.39674,12.72077],[77.3968,12.72085],[77.39684,12.72095],[77.39688,12.72106],[77.39692,12.72116],[77.39695,12.72128],[77.39698,12.72139],[77.39701,12.7215],[77.39702,12.72152],[77.397,12.72164],[77.39698,12.72175],[77.39697,12.72187],[77.39697,12.72195],[77.39697,12.72204],[77.39696,12.72212],[77.39695,12.7222],[77.39694,12.72227],[77.39693,12.72234],[77.39692,12.72239],[77.3969,12.72249],[77.39689,12.7226],[77.39689,12.72264],[77.39688,12.72268],[77.39687,12.72273],[77.39685,12.72277],[77.39683,12.7228],[77.39677,12.72284],[77.39677,12.72289],[77.39677,12.72295],[77.39678,12.723],[77.3968,12.72305],[77.39682,12.7231],[77.39685,12.72315],[77.39687,12.72319],[77.39689,12.72323],[77.39691,12.72327],[77.39694,12.72331],[77.39698,12.72335],[77.39702,12.72339],[77.39704,12.72341],[77.39706,12.72344],[77.39708,12.72347],[77.39709,12.72351],[77.3971,12.72354],[77.3971,12.72369],[77.3971,12.72384],[77.39714,12.72395],[77.39718,12.72406],[77.39719,12.72407],[77.3972,12.72408],[77.39721,12.72409],[77.39722,12.7241],[77.39724,12.7241],[77.39725,12.72411],[77.39727,12.72411],[77.39728,12.72411],[77.39741,12.72411],[77.39754,12.72411],[77.39755,12.7241],[77.39757,12.72409],[77.39758,12.72408],[77.39759,12.72407],[77.3976,12.72405],[77.39761,12.72404],[77.39761,12.72402],[77.39761,12.724]]]},"properties":{"shedId":"C05CAM34"}},{"type":"Feature","geometry":{"type":"Polygon","coordinates":[[[77.38593,12.70364],[77.38604,12.70363],[77.3862,12.70363],[77.38639,12.70369],[77.38657,12.70375],[77.38669,12.70377],[77.38673,12.70374],[77.38673,12.7037],[77.38672,12.70364],[77.38668,12.70363],[77.38666,12.70361],[77.38663,12.70359],[77.38658,12.70355],[77.38655,12.70353],[77.38651,12.70352],[77.38642,12.70349],[77.38634,12.70346],[77.3863,12.70343],[77.38625,12.70336],[77.38621,12.70327],[77.38617,12.70317],[77.38613,12.70308],[77.3861,12.70296],[77.38607,12.70286],[77.38606,12.7028],[77.38606,12.70276],[77.38607,12.70269],[77.38608,12.70263],[77.38609,12.70257],[77.3861,12.70251],[77.3861,12.70247],[77.38612,12.70244],[77.38614,12.70241],[77.38617,12.70236],[77.38622,12.7023],[77.38627,12.70223],[77.38631,12.70218],[77.38633,12.70215],[77.38635,12.70211],[77.38636,12.70208],[77.38637,12.70203],[77.38635,12.70198],[77.38634,12.70193],[77.38628,12.70184],[77.38626,12.7018],[77.38615,12.70181],[77.38606,12.70181],[77.38591,12.70182],[77.38587,12.70183],[77.38596,12.7021],[77.3859,12.70219],[77.38567,12.70234],[77.38554,12.70184],[77.38544,12.70192],[77.38553,12.70227],[77.38528,12.7023],[77.38514,12.70222],[77.38508,12.70209],[77.38502,12.70212],[77.38502,12.70227],[77.38505,12.7026],[77.38499,12.70266],[77.38506,12.703],[77.38497,12.70306],[77.3849,12.70315],[77.38482,12.70324],[77.38458,12.70316],[77.38458,12.70316],[77.38458,12.70316],[77.38457,12.70317],[77.38455,12.70318],[77.38455,12.70318],[77.38455,12.70318],[77.38451,12.70319],[77.38451,12.70319],[77.38446,12.7032],[77.38438,12.70321],[77.38438,12.70321],[77.38425,12.70324],[77.3842,12.70329],[77.38417,12.70333],[77.38418,12.70343],[77.3842,12.70354],[77.38424,12.70364],[77.38433,12.70377],[77.38444,12.70384],[77.38455,12.70394],[77.38468,12.70407],[77.38476,12.70423],[77.38482,12.70432],[77.3849,12.70435],[77.38499,12.70434],[77.38504,12.70431],[77.38517,12.70421],[77.38527,12.70412],[77.38545,12.70399],[77.38553,12.70391],[77.38556,12.70386],[77.38563,12.70378],[77.38569,12.70374],[77.38581,12.70367],[77.38593,12.70364]]]},"properties":{"shedId":"C05CAM34"}},{"type":"Feature","geometry":{"type":"Polygon","coordinates":[[[77.45955,12.73743],[77.4595,12.73724],[77.45948,12.73712],[77.4595,12.73694],[77.45943,12.73689],[77.45938,12.73687],[77.45921,12.73689],[77.4591,12.73692],[77.459,12.73689],[77.45887,12.73677],[77.45871,12.73665],[77.45855,12.73653],[77.45821,12.73639],[77.45804,12.7363],[77.45782,12.73611],[77.45765,12.73601],[77.4575,12.73586],[77.45731,12.73555],[77.45722,12.73532],[77.45717,12.73525],[77.45705,12.73518],[77.45698,12.73518],[77.45692,12.73526],[77.45688,12.73545],[77.45674,12.73572],[77.45665,12.73601],[77.4566,12.73624],[77.45648,12.73646],[77.45638,12.7367],[77.45629,12.73691],[77.45622,12.73703],[77.45619,12.73707],[77.45619,12.73718],[77.45622,12.73723],[77.45632,12.73729],[77.45646,12.73737],[77.45663,12.73746],[77.45681,12.73755],[77.45687,12.73757],[77.457,12.73755],[77.45714,12.73748],[77.45727,12.73741],[77.45751,12.73734],[77.45763,12.73734],[77.45791,12.73743],[77.45824,12.73748],[77.4585,12.73756],[77.45879,12.73758],[77.45888,12.7376],[77.45901,12.73768],[77.45905,12.73774],[77.45914,12.73789],[77.45924,12.73801],[77.4593,12.73802],[77.45949,12.73799],[77.45963,12.73796],[77.45969,12.73787],[77.4596,12.73756],[77.45955,12.73743]]]},"properties":{"shedId":"C05CAM34"}},{"type":"Feature","geometry":{"type":"Polygon","coordinates":[[[77.37432,12.73404],[77.37435,12.73395],[77.37436,12.7339],[77.37428,12.73384],[77.37428,12.73384],[77.37428,12.73384],[77.37416,12.73372],[77.37416,12.73371],[77.37416,12.73371],[77.37407,12.7336],[77.37395,12.7335],[77.37388,12.73345],[77.37379,12.73341],[77.37372,12.73342],[77.3737,12.73345],[77.37368,12.73351],[77.37367,12.73356],[77.37366,12.73363],[77.37363,12.73367],[77.37359,12.73372],[77.37355,12.73376],[77.37346,12.73379],[77.37337,12.7338],[77.37333,12.73381],[77.37329,12.73385],[77.37326,12.73391],[77.37322,12.73398],[77.37324,12.73376],[77.37298,12.73368],[77.37295,12.73405],[77.37299,12.73401],[77.37315,12.73406],[77.37316,12.7341],[77.37318,12.73415],[77.37327,12.73422],[77.37341,12.73429],[77.37351,12.73434],[77.37357,12.73444],[77.37358,12.73447],[77.37368,12.73463],[77.37379,12.73471],[77.37388,12.7348],[77.37388,12.73481],[77.37397,12.73483],[77.37404,12.73482],[77.3741,12.73476],[77.37413,12.73468],[77.37415,12.73457],[77.37417,12.73443],[77.37424,12.73424],[77.37432,12.73404]]]},"properties":{"shedId":"C05CAM34"}},{"type":"Feature","geometry":{"type":"Polygon","coordinates":[[[77.37823,12.72087],[77.37834,12.72085],[77.37846,12.72085],[77.37862,12.72089],[77.37873,12.72092],[77.37883,12.72094],[77.37882,12.7209],[77.37882,12.72085],[77.3788,12.72074],[77.37878,12.72069],[77.37873,12.72066],[77.37866,12.72065],[77.37854,12.72066],[77.37841,12.72065],[77.37829,12.72063],[77.37808,12.72055],[77.37801,12.72051],[77.37796,12.72046],[77.37786,12.72028],[77.3777,12.72006],[77.37758,12.71984],[77.37752,12.71972],[77.37742,12.71971],[77.37733,12.71971],[77.37728,12.71974],[77.37722,12.71978],[77.37716,12.71987],[77.37702,12.71999],[77.37695,12.72006],[77.3769,12.72015],[77.3769,12.72026],[77.37691,12.72045],[77.37693,12.72055],[77.37697,12.72066],[77.37713,12.7208],[77.37721,12.72085],[77.37732,12.7209],[77.37745,12.72096],[77.37773,12.72095],[77.37797,12.72091],[77.37823,12.72087]]]},"properties":{"shedId":"C05CAM34"}},{"type":"Feature","geometry":{"type":"Polygon","coordinates":[[[77.37647,12.71222],[77.37646,12.71205],[77.37648,12.71177],[77.37648,12.71155],[77.37648,12.71145],[77.37646,12.7114],[77.37637,12.71138],[77.37609,12.71142],[77.37608,12.71142],[77.37595,12.71147],[77.37583,12.71149],[77.37566,12.71151],[77.37555,12.71153],[77.37549,12.71152],[77.37543,12.71149],[77.37538,12.71144],[77.37531,12.71135],[77.37528,12.71134],[77.3752,12.71131],[77.37514,12.7113],[77.37509,12.71129],[77.37507,12.71132],[77.37507,12.71132],[77.37503,12.71138],[77.37498,12.71148],[77.37491,12.71162],[77.37488,12.71171],[77.37486,12.71178],[77.37484,12.71185],[77.37484,12.71191],[77.37484,12.712],[77.37484,12.712],[77.37484,12.71211],[77.37484,12.71211],[77.37484,12.71215],[77.37491,12.71218],[77.37503,12.71223],[77.37518,12.71224],[77.3753,12.71221],[77.37537,12.71218],[77.37551,12.71213],[77.37563,12.71212],[77.37569,12.71212],[77.37572,12.71215],[77.37572,12.71219],[77.37569,12.71224],[77.37566,12.71234],[77.37567,12.71249],[77.37571,12.71259],[77.37575,12.71268],[77.3758,12.71276],[77.37585,12.71281],[77.3759,12.71285],[77.37593,12.7129],[77.37596,12.71298],[77.37599,12.71301],[77.37604,12.71304],[77.37609,12.71304],[77.37612,12.71301],[77.37612,12.71301],[77.37612,12.713],[77.37616,12.71298],[77.37616,12.71298],[77.37616,12.71298],[77.37622,12.71296],[77.37622,12.71296],[77.37627,12.71295],[77.37627,12.71295],[77.37632,12.71294],[77.37634,12.71294],[77.37635,12.71292],[77.37635,12.71289],[77.37633,12.71286],[77.37633,12.71286],[77.37633,12.71286],[77.37633,12.71286],[77.37633,12.71279],[77.37633,12.71279],[77.37633,12.71279],[77.37634,12.71275],[77.37634,12.71275],[77.37634,12.71275],[77.37637,12.7127],[77.37637,12.7127],[77.37637,12.71269],[77.37637,12.71269],[77.3764,12.71267],[77.3764,12.71267],[77.37644,12.71264],[77.37647,12.71259],[77.37649,12.71251],[77.3765,12.71251],[77.3765,12.71251],[77.3765,12.71251],[77.37652,12.71247],[77.37647,12.71227],[77.37647,12.71222]]]},"properties":{"shedId":"C05CAM34"}},{"type":"Feature","geometry":{"type":"Polygon","coordinates":[[[77.36743,12.73821],[77.36732,12.73821],[77.36726,12.73821],[77.36726,12.73821],[77.36726,12.73822],[77.36726,12.73822],[77.36724,12.73825],[77.36724,12.73825],[77.36724,12.73825],[77.36717,12.73835],[77.36712,12.73841],[77.36712,12.73841],[77.36712,12.73841],[77.36707,12.73845],[77.36699,12.73852],[77.36694,12.73861],[77.36692,12.73867],[77.36692,12.73868],[77.36692,12.73868],[77.36689,12.73876],[77.36689,12.73876],[77.36689,12.73876],[77.36682,12.73885],[77.36677,12.73894],[77.36676,12.73901],[77.36674,12.73912],[77.36674,12.73912],[77.36673,12.73921],[77.36673,12.73921],[77.3667,12.73929],[77.3667,12.73929],[77.36667,12.73942],[77.36665,12.73952],[77.36665,12.73952],[77.36663,12.73959],[77.36663,12.73959],[77.36663,12.73959],[77.36662,12.73959],[77.36659,12.73964],[77.36659,12.73964],[77.36659,12.73964],[77.36654,12.73967],[77.36659,12.73968],[77.36688,12.73975],[77.36688,12.73975],[77.36702,12.73979],[77.36702,12.73979],[77.36716,12.73984],[77.36727,12.73987],[77.36727,12.73987],[77.36743,12.73993],[77.36753,12.73997],[77.36762,12.74],[77.36765,12.74001],[77.36764,12.73997],[77.36763,12.73991],[77.36763,12.73986],[77.36764,12.73979],[77.36763,12.73973],[77.36761,12.73966],[77.3676,12.73958],[77.36758,12.73949],[77.36754,12.73928],[77.36753,12.73918],[77.36751,12.73909],[77.36752,12.739],[77.36752,12.73888],[77.36752,12.73877],[77.36753,12.73868],[77.36752,12.73853],[77.36751,12.7384],[77.3675,12.73826],[77.36748,12.73823],[77.36743,12.73821]]]},"properties":{"shedId":"C05CAM34"}},{"type":"Feature","geometry":{"type":"Polygon","coordinates":[[[77.36569,12.79905],[77.36559,12.79905],[77.36553,12.79907],[77.36533,12.79919],[77.36531,12.79927],[77.36526,12.79943],[77.36518,12.79965],[77.36514,12.79988],[77.36506,12.80008],[77.36502,12.80032],[77.3649,12.80051],[77.36483,12.8006],[77.36462,12.80074],[77.3644,12.80087],[77.36437,12.80092],[77.36435,12.801],[77.36435,12.8011],[77.36446,12.80169],[77.36457,12.80264],[77.36462,12.80274],[77.36471,12.80273],[77.36477,12.80271],[77.36485,12.80265],[77.3649,12.80258],[77.36493,12.80248],[77.36498,12.80232],[77.36502,12.80216],[77.36511,12.80195],[77.36516,12.80184],[77.36522,12.80177],[77.36527,12.80171],[77.36532,12.80168],[77.36549,12.80158],[77.36563,12.8015],[77.3657,12.80146],[77.36578,12.80142],[77.36584,12.8014],[77.36595,12.80135],[77.36604,12.80132],[77.36612,12.80123],[77.36615,12.80104],[77.36617,12.80031],[77.36619,12.80002],[77.36621,12.79993],[77.36624,12.79981],[77.36628,12.79968],[77.3663,12.79961],[77.36631,12.7995],[77.36631,12.79942],[77.36623,12.7993],[77.36617,12.79924],[77.36608,12.79919],[77.36596,12.79915],[77.36586,12.79912],[77.36569,12.79905]]]},"properties":{"shedId":"C05CAM34"}},{"type":"Feature","geometry":{"type":"Polygon","coordinates":[[[77.3942,12.77534],[77.3943,12.77533],[77.39444,12.7753],[77.39444,12.7753],[77.39462,12.77528],[77.39462,12.77528],[77.39472,12.77528],[77.39472,12.77528],[77.39488,12.77529],[77.39505,12.77526],[77.39484,12.77494],[77.39457,12.77476],[77.39443,12.77465],[77.39422,12.77455],[77.39407,12.77449],[77.39401,12.77445],[77.39387,12.77437],[77.39381,12.77435],[77.3937,12.77434],[77.39364,12.77437],[77.39359,12.77441],[77.39353,12.77448],[77.3935,12.77455],[77.39346,12.77462],[77.3934,12.77467],[77.39332,12.77472],[77.39327,12.77475],[77.39325,12.77482],[77.39325,12.77491],[77.39329,12.775],[77.39333,12.77507],[77.39339,12.77511],[77.39347,12.77513],[77.3935,12.77518],[77.39352,12.77525],[77.39346,12.77534],[77.39363,12.77534],[77.3938,12.77533],[77.3938,12.77533],[77.39397,12.77534],[77.39407,12.77535],[77.3942,12.77534]]]},"properties":{"shedId":"C05CAM34"}},{"type":"Feature","geometry":{"type":"Polygon","coordinates":[[[77.37816,12.75822],[77.37826,12.7582],[77.37833,12.7582],[77.37848,12.75818],[77.37857,12.75816],[77.37868,12.75814],[77.37884,12.75809],[77.37894,12.75805],[77.37907,12.75801],[77.37919,12.75796],[77.37928,12.75788],[77.37934,12.75781],[77.37937,12.75773],[77.37938,12.75761],[77.37939,12.7575],[77.37945,12.75731],[77.3795,12.75722],[77.37955,12.75713],[77.37978,12.75687],[77.37983,12.75683],[77.37983,12.75672],[77.37973,12.7566],[77.37966,12.75663],[77.37966,12.75663],[77.37962,12.75664],[77.37962,12.75664],[77.37962,12.75664],[77.37957,12.75666],[77.37957,12.75666],[77.37957,12.75666],[77.37956,12.75666],[77.37956,12.75666],[77.37955,12.75666],[77.37955,12.75666],[77.37955,12.75666],[77.37954,12.75667],[77.37954,12.75667],[77.37953,12.75667],[77.37952,12.75667],[77.37952,12.75667],[77.37951,12.75667],[77.3795,12.75667],[77.3795,12.75667],[77.37949,12.75667],[77.37948,12.75667],[77.37948,12.75667],[77.37947,12.75667],[77.37947,12.75667],[77.37946,12.75667],[77.37945,12.75668],[77.37945,12.75668],[77.37944,12.75668],[77.37943,12.75668],[77.37943,12.75668],[77.37942,12.75667],[77.37941,12.75667],[77.37941,12.75667],[77.3794,12.75667],[77.3794,12.75667],[77.37939,12.75667],[77.37938,12.75667],[77.37938,12.75667],[77.37937,12.75667],[77.37936,12.75667],[77.37936,12.75667],[77.37935,12.75667],[77.37904,12.75663],[77.37889,12.7566],[77.37889,12.7566],[77.37834,12.7565],[77.37833,12.7565],[77.37831,12.7565],[77.3783,12.75649],[77.37828,12.75649],[77.37827,12.75649],[77.37825,12.75649],[77.37824,12.75648],[77.37822,12.75648],[77.37821,12.75648],[77.37819,12.75648],[77.37818,12.75648],[77.37816,12.75647],[77.37815,12.75647],[77.37813,12.75647],[77.37812,12.75647],[77.3781,12.75647],[77.37809,12.75646],[77.37807,12.75646],[77.37787,12.75645],[77.37783,12.75645],[77.37782,12.75644],[77.37781,12.75644],[77.3778,12.75644],[77.37779,12.75644],[77.37778,12.75644],[77.37778,12.75644],[77.37777,12.75644],[77.37776,12.75644],[77.37775,12.75644],[77.37774,12.75644],[77.37773,12.75645],[77.37753,12.75645],[77.37733,12.75647],[77.37728,12.75647],[77.37728,12.75647],[77.37711,12.75649],[77.3771,12.75649],[77.3771,12.75649],[77.37709,12.75649],[77.37708,12.75649],[77.37707,12.75649],[77.37706,12.75649],[77.37705,12.75649],[77.37704,12.75649],[77.37703,12.75649],[77.37702,12.75649],[77.37701,12.75649],[77.377,12.75649],[77.377,12.7565],[77.37703,12.7566],[77.37704,12.75666],[77.37705,12.75671],[77.37708,12.75674],[77.37712,12.75676],[77.37716,12.75679],[77.37721,12.75683],[77.37726,12.75689],[77.37729,12.75695],[77.3773,12.75702],[77.37731,12.75711],[77.37732,12.75719],[77.37733,12.75727],[77.37734,12.75733],[77.37735,12.75738],[77.37737,12.75742],[77.3774,12.75744],[77.37742,12.75746],[77.37745,12.75751],[77.37747,12.75756],[77.3775,12.75764],[77.37753,12.75774],[77.37755,12.75782],[77.37756,12.75788],[77.37757,12.75796],[77.37759,12.75803],[77.37761,12.7581],[77.37763,12.75816],[77.37765,12.7582],[77.37769,12.75823],[77.37772,12.75824],[77.37774,12.75824],[77.3778,12.75826],[77.37787,12.75827],[77.37793,12.75828],[77.37803,12.75829],[77.37811,12.75826],[77.37816,12.75822]]]},"properties":{"shedId":"C05CAM34"}},{"type":"Feature","geometry":{"type":"Polygon","coordinates":[[[77.37089,12.76371],[77.37092,12.76369],[77.37095,12.76365],[77.37099,12.7636],[77.37103,12.76357],[77.37108,12.76355],[77.37113,12.76354],[77.37119,12.76353],[77.37128,12.76353],[77.37133,12.76354],[77.37139,12.76357],[77.37145,12.7636],[77.37151,12.76362],[77.37161,12.76361],[77.37174,12.76359],[77.37181,12.76355],[77.37186,12.76348],[77.37188,12.76346],[77.37191,12.76345],[77.37194,12.76344],[77.37196,12.7634],[77.37197,12.76336],[77.37198,12.76329],[77.37198,12.76321],[77.37199,12.76318],[77.37197,12.76308],[77.37193,12.76282],[77.3719,12.76256],[77.3719,12.76205],[77.37193,12.76175],[77.37195,12.76158],[77.37197,12.76143],[77.37199,12.76127],[77.37203,12.76116],[77.37204,12.76107],[77.37204,12.76096],[77.37204,12.76087],[77.37201,12.76078],[77.37195,12.76072],[77.3719,12.76076],[77.37187,12.76079],[77.37184,12.76083],[77.37182,12.76088],[77.37179,12.76096],[77.37179,12.76096],[77.37176,12.761],[77.37176,12.76101],[77.37174,12.76103],[77.37171,12.76107],[77.37171,12.76107],[77.37171,12.76107],[77.37169,12.76109],[77.37169,12.76109],[77.37169,12.76109],[77.37168,12.76109],[77.37168,12.7611],[77.37168,12.7611],[77.37167,12.7611],[77.37167,12.7611],[77.37167,12.76111],[77.37167,12.76111],[77.37166,12.76111],[77.37166,12.76112],[77.37166,12.76112],[77.37165,12.76112],[77.37165,12.76113],[77.37165,12.76113],[77.37165,12.76113],[77.37164,12.76114],[77.37164,12.76114],[77.37164,12.76115],[77.37164,12.76115],[77.37163,12.76116],[77.37163,12.76116],[77.37163,12.76117],[77.37163,12.76117],[77.37162,12.76118],[77.37162,12.76118],[77.37162,12.76119],[77.37162,12.76119],[77.37162,12.7612],[77.37161,12.7612],[77.37161,12.76121],[77.37161,12.76122],[77.37161,12.76122],[77.37161,12.76123],[77.3716,12.76123],[77.3716,12.76124],[77.3716,12.76124],[77.3716,12.76125],[77.3716,12.76125],[77.3716,12.76125],[77.3716,12.76125],[77.3716,12.76126],[77.37159,12.76127],[77.37159,12.76127],[77.37159,12.76128],[77.37159,12.76128],[77.37159,12.76129],[77.37159,12.76129],[77.37159,12.7613],[77.37159,12.76131],[77.37159,12.76131],[77.37159,12.76132],[77.37159,12.76132],[77.37159,12.76133],[77.37158,12.76134],[77.37158,12.76134],[77.37158,12.76135],[77.37158,12.76136],[77.37158,12.76136],[77.37158,12.76137],[77.37158,12.76138],[77.37158,12.76138],[77.37158,12.76139],[77.37157,12.7614],[77.37157,12.7614],[77.37157,12.76141],[77.37157,12.76141],[77.37157,12.76142],[77.37157,12.76143],[77.37156,12.76143],[77.37156,12.76144],[77.37156,12.76145],[77.37156,12.76145],[77.37156,12.76146],[77.37155,12.76147],[77.37155,12.76147],[77.37155,12.76148],[77.37155,12.76148],[77.37155,12.76148],[77.37155,12.76149],[77.37155,12.76149],[77.37154,12.76149],[77.37154,12.7615],[77.37154,12.7615],[77.37154,12.7615],[77.37154,12.76151],[77.37154,12.76151],[77.37154,12.76151],[77.37153,12.76152],[77.37153,12.76152],[77.37153,12.76152],[77.37153,12.76152],[77.37153,12.76153],[77.37153,12.76153],[77.37152,12.76153],[77.37152,12.76153],[77.37152,12.76154],[77.37152,12.76154],[77.37152,12.76154],[77.37151,12.76155],[77.37151,12.76155],[77.37151,12.76156],[77.3715,12.76156],[77.3715,12.76157],[77.3715,12.76157],[77.37149,12.76158],[77.37149,12.76158],[77.37149,12.76158],[77.37149,12.76158],[77.37146,12.76162],[77.37146,12.76162],[77.37142,12.76166],[77.37138,12.76171],[77.37138,12.76171],[77.37137,12.76172],[77.37137,12.76173],[77.37136,12.76173],[77.37135,12.76174],[77.37135,12.76175],[77.37134,12.76176],[77.37134,12.76176],[77.37133,12.76177],[77.37133,12.76178],[77.37132,12.76178],[77.37132,12.76179],[77.37131,12.7618],[77.37131,12.76181],[77.3713,12.76181],[77.3713,12.76182],[77.37129,12.76183],[77.37129,12.76183],[77.37128,12.76184],[77.37128,12.76185],[77.37127,12.76186],[77.37127,12.76186],[77.37126,12.76187],[77.37126,12.76188],[77.37126,12.76189],[77.37125,12.7619],[77.37125,12.7619],[77.37125,12.7619],[77.37123,12.76194],[77.37123,12.76194],[77.37119,12.76199],[77.37119,12.76199],[77.37119,12.76199],[77.37119,12.762],[77.37119,12.762],[77.37119,12.762],[77.37118,12.76201],[77.37118,12.76201],[77.37118,12.76201],[77.37118,12.76201],[77.37118,12.76202],[77.37118,12.76202],[77.37117,12.76202],[77.37117,12.76203],[77.37117,12.76203],[77.37117,12.76203],[77.37116,12.76204],[77.37116,12.76204],[77.37116,12.76204],[77.37116,12.76204],[77.37115,12.76205],[77.37115,12.76205],[77.37115,12.76205],[77.37115,12.76206],[77.37114,12.76206],[77.37114,12.76206],[77.37114,12.76206],[77.37114,12.76206],[77.37113,12.76207],[77.37113,12.76207],[77.37113,12.76207],[77.37112,12.76207],[77.37112,12.76207],[77.37112,12.76208],[77.37112,12.76208],[77.37111,12.76208],[77.37111,12.76208],[77.37111,12.76208],[77.3711,12.76208],[77.3711,12.76209],[77.3711,12.76209],[77.37109,12.76209],[77.37109,12.76209],[77.37109,12.76209],[77.37108,12.76209],[77.37108,12.7621],[77.37108,12.7621],[77.37108,12.7621],[77.37107,12.7621],[77.37107,12.7621],[77.37107,12.7621],[77.37106,12.7621],[77.37106,12.7621],[77.37106,12.7621],[77.37106,12.7621],[77.37105,12.7621],[77.37105,12.7621],[77.37105,12.7621],[77.37105,12.7621],[77.37105,12.7621],[77.37105,12.7621],[77.37104,12.7621],[77.37104,12.7621],[77.37104,12.7621],[77.37104,12.7621],[77.37104,12.7621],[77.37104,12.7621],[77.37104,12.7621],[77.37103,12.7621],[77.37103,12.7621],[77.37103,12.7621],[77.37103,12.7621],[77.37103,12.7621],[77.37103,12.7621],[77.37103,12.7621],[77.37102,12.7621],[77.37102,12.7621],[77.37102,12.7621],[77.37102,12.7621],[77.37102,12.7621],[77.37102,12.7621],[77.37102,12.7621],[77.37102,12.7621],[77.37101,12.7621],[77.37101,12.7621],[77.37101,12.76209],[77.37101,12.76209],[77.37101,12.76209],[77.37101,12.76209],[77.371,12.76209],[77.371,12.76209],[77.371,12.76209],[77.371,12.76209],[77.371,12.76209],[77.371,12.76209],[77.371,12.76209],[77.371,12.76209],[77.37099,12.76209],[77.37099,12.76209],[77.37099,12.76209],[77.37099,12.76208],[77.37099,12.76208],[77.37099,12.76208],[77.37099,12.76208],[77.37099,12.76208],[77.37099,12.76208],[77.37099,12.76208],[77.37098,12.76208],[77.37098,12.76208],[77.37098,12.76208],[77.37098,12.76208],[77.37098,12.76207],[77.37098,12.76207],[77.37098,12.76207],[77.37098,12.76207],[77.37098,12.76207],[77.37097,12.76207],[77.37097,12.76207],[77.37097,12.76206],[77.37096,12.76206],[77.37096,12.76206],[77.37095,12.76205],[77.37095,12.76205],[77.37095,12.76205],[77.37094,12.76205],[77.37094,12.76204],[77.37093,12.76204],[77.37093,12.76204],[77.37093,12.76204],[77.37092,12.76204],[77.37092,12.76203],[77.37091,12.76203],[77.37091,12.76203],[77.37091,12.76203],[77.3709,12.76203],[77.3709,12.76202],[77.37089,12.76202],[77.37089,12.76202],[77.37089,12.76202],[77.37088,12.76202],[77.37088,12.76202],[77.37087,12.76201],[77.37087,12.76201],[77.37086,12.76201],[77.37086,12.76201],[77.37086,12.76201],[77.37085,12.76201],[77.37084,12.76201],[77.37083,12.76201],[77.37082,12.76213],[77.37081,12.76221],[77.37075,12.76224],[77.37064,12.76223],[77.37056,12.76225],[77.37052,12.76231],[77.37051,12.76236],[77.37051,12.76244],[77.3705,12.76265],[77.3705,12.76304],[77.37049,12.76314],[77.37048,12.76324],[77.37046,12.76329],[77.37044,12.76334],[77.3704,12.76339],[77.37037,12.76342],[77.37035,12.76347],[77.37035,12.76352],[77.37035,12.76358],[77.37036,12.76362],[77.37037,12.76365],[77.37039,12.76368],[77.37043,12.76371],[77.37051,12.7637],[77.37057,12.7637],[77.37066,12.7637],[77.37075,12.76371],[77.37086,12.76372],[77.37089,12.76371]]]},"properties":{"shedId":"C05CAM34"}},{"type":"Feature","geometry":{"type":"Polygon","coordinates":[[[77.3749,12.75428],[77.37485,12.75413],[77.37485,12.75413],[77.37485,12.75412],[77.37485,12.75412],[77.37481,12.75398],[77.37479,12.75389],[77.37476,12.75375],[77.37476,12.75375],[77.37476,12.75375],[77.37476,12.75375],[77.37474,12.75363],[77.37473,12.75354],[77.37471,12.75348],[77.37471,12.75348],[77.37471,12.75348],[77.37471,12.75347],[77.37471,12.75347],[77.37471,12.75347],[77.37471,12.75347],[77.3747,12.75339],[77.3747,12.75339],[77.3747,12.75339],[77.3747,12.75339],[77.3747,12.75333],[77.3747,12.75332],[77.3747,12.75327],[77.3747,12.75327],[77.3747,12.75327],[77.3747,12.75327],[77.3747,12.75321],[77.3747,12.75321],[77.37471,12.75316],[77.37471,12.75316],[77.37471,12.75316],[77.37471,12.75313],[77.37471,12.75313],[77.37471,12.75313],[77.37471,12.75313],[77.37473,12.75308],[77.37475,12.75301],[77.37475,12.75301],[77.37475,12.75301],[77.37479,12.7529],[77.37481,12.75284],[77.37481,12.75284],[77.37485,12.75276],[77.37488,12.75268],[77.3749,12.7526],[77.37492,12.75253],[77.37494,12.75239],[77.37496,12.75228],[77.37496,12.75228],[77.37498,12.75215],[77.375,12.75207],[77.375,12.75203],[77.375,12.75198],[77.37494,12.75202],[77.37485,12.75206],[77.3748,12.75208],[77.37473,12.75214],[77.37469,12.75219],[77.37465,12.75226],[77.37463,12.75229],[77.37458,12.75232],[77.37456,12.75234],[77.3745,12.75238],[77.37435,12.75244],[77.37425,12.75251],[77.37412,12.75266],[77.37403,12.75271],[77.37391,12.75274],[77.37377,12.75273],[77.3737,12.75273],[77.37364,12.75277],[77.37357,12.75284],[77.37333,12.75304],[77.37319,12.75317],[77.37309,12.75336],[77.37303,12.75347],[77.37295,12.75352],[77.37285,12.75358],[77.37282,12.7536],[77.3728,12.75366],[77.37279,12.75373],[77.37277,12.7538],[77.37274,12.75387],[77.3727,12.75394],[77.37261,12.75403],[77.37253,12.75408],[77.37245,12.75409],[77.37237,12.7541],[77.37227,12.7541],[77.37222,12.75411],[77.37222,12.75413],[77.37222,12.7542],[77.37226,12.75435],[77.37234,12.75455],[77.37253,12.75453],[77.37266,12.75451],[77.37278,12.75446],[77.37289,12.75439],[77.37295,12.75432],[77.373,12.75428],[77.37307,12.75425],[77.37314,12.75426],[77.37319,12.75431],[77.37321,12.75441],[77.37322,12.75449],[77.37328,12.75456],[77.37335,12.7546],[77.37345,12.75461],[77.37353,12.75474],[77.37361,12.75476],[77.37368,12.75478],[77.37372,12.75479],[77.37374,12.75484],[77.37382,12.75485],[77.37423,12.75485],[77.37443,12.75488],[77.3748,12.75507],[77.3753,12.75526],[77.3753,12.75523],[77.37528,12.75517],[77.37523,12.75508],[77.37523,12.75508],[77.37523,12.75508],[77.37523,12.75508],[77.37517,12.75492],[77.3751,12.75478],[77.3751,12.75478],[77.3751,12.75478],[77.37504,12.75462],[77.37498,12.75449],[77.37498,12.75449],[77.37494,12.75439],[77.3749,12.75428],[77.3749,12.75428]]]},"properties":{"shedId":"C05CAM34"}},{"type":"Feature","geometry":{"type":"Polygon","coordinates":[[[77.40638,12.77626],[77.40632,12.77626],[77.40626,12.77626],[77.40616,12.77628],[77.40601,12.77631],[77.4059,12.77635],[77.40576,12.77642],[77.40568,12.77646],[77.40558,12.7765],[77.40547,12.77654],[77.40534,12.77658],[77.40522,12.77661],[77.40508,12.77664],[77.40499,12.77666],[77.40494,12.7767],[77.40494,12.77673],[77.40496,12.77678],[77.405,12.7768],[77.40509,12.77683],[77.40518,12.77686],[77.40524,12.77691],[77.40532,12.77699],[77.40538,12.77707],[77.40545,12.77715],[77.40552,12.77725],[77.40557,12.77736],[77.40561,12.77745],[77.40565,12.77757],[77.40568,12.77763],[77.40571,12.77771],[77.40576,12.77777],[77.40582,12.77781],[77.40587,12.77782],[77.40599,12.77783],[77.40608,12.77778],[77.40615,12.7777],[77.4062,12.77764],[77.40628,12.77759],[77.40635,12.77753],[77.40642,12.77748],[77.40648,12.77743],[77.40653,12.77737],[77.40658,12.77719],[77.40661,12.77714],[77.40667,12.77709],[77.40673,12.77704],[77.40674,12.77694],[77.40664,12.77689],[77.40657,12.77681],[77.40654,12.77671],[77.40652,12.77662],[77.40651,12.77654],[77.40653,12.77647],[77.40655,12.77643],[77.40654,12.77638],[77.4065,12.77631],[77.40644,12.77628],[77.40638,12.77626]]]},"properties":{"shedId":"C05CAM34"}},{"type":"Feature","geometry":{"type":"Polygon","coordinates":[[[77.44286,12.76264],[77.4429,12.76253],[77.44297,12.76243],[77.44309,12.76232],[77.44318,12.76222],[77.44322,12.76214],[77.44322,12.7621],[77.44318,12.76206],[77.44301,12.76197],[77.44282,12.76186],[77.44275,12.7618],[77.44269,12.76172],[77.44265,12.76163],[77.44264,12.76161],[77.44263,12.76155],[77.44264,12.76151],[77.44265,12.76146],[77.44271,12.76134],[77.44272,12.76128],[77.44273,12.76123],[77.44272,12.76116],[77.4427,12.76111],[77.44267,12.76107],[77.44266,12.76106],[77.44264,12.76105],[77.4426,12.76103],[77.44255,12.76101],[77.44225,12.76094],[77.44221,12.76093],[77.44194,12.76095],[77.44183,12.76099],[77.44174,12.76107],[77.44174,12.76107],[77.44174,12.76107],[77.44168,12.76112],[77.44163,12.76116],[77.44163,12.76116],[77.44156,12.7612],[77.44156,12.7612],[77.44146,12.76126],[77.44146,12.76126],[77.44138,12.7613],[77.44129,12.76135],[77.44128,12.76137],[77.44122,12.76141],[77.44112,12.76151],[77.44102,12.76161],[77.44102,12.76161],[77.44096,12.76166],[77.44094,12.76168],[77.44092,12.76172],[77.44087,12.7618],[77.44087,12.7618],[77.44081,12.76191],[77.4408,12.76192],[77.4408,12.76193],[77.44079,12.76208],[77.44079,12.76208],[77.44079,12.76208],[77.44078,12.76209],[77.44078,12.76209],[77.44078,12.7621],[77.44078,12.7621],[77.44078,12.76211],[77.44077,12.76211],[77.44077,12.76211],[77.44077,12.76212],[77.44076,12.76212],[77.44076,12.76212],[77.44074,12.76213],[77.44068,12.76216],[77.44062,12.7622],[77.44054,12.76225],[77.44047,12.7623],[77.44049,12.76235],[77.44053,12.76241],[77.44056,12.76246],[77.44066,12.76268],[77.44075,12.76265],[77.44078,12.76267],[77.44104,12.76284],[77.44106,12.76288],[77.44111,12.76297],[77.44113,12.76302],[77.44114,12.76307],[77.44115,12.76317],[77.44116,12.76325],[77.44121,12.76367],[77.44124,12.76405],[77.44125,12.76424],[77.44127,12.7643],[77.44133,12.76438],[77.44142,12.76447],[77.44147,12.76456],[77.4415,12.76469],[77.44153,12.76477],[77.44157,12.76483],[77.44163,12.76487],[77.44181,12.76495],[77.44193,12.76499],[77.44199,12.76498],[77.44204,12.76496],[77.44221,12.76486],[77.44228,12.7648],[77.44232,12.76474],[77.44239,12.76434],[77.44244,12.76421],[77.44249,12.76415],[77.44263,12.76408],[77.44275,12.76401],[77.44287,12.76391],[77.44287,12.76352],[77.44289,12.76311],[77.44286,12.76276],[77.44286,12.76264]]]},"properties":{"shedId":"C05CAM34"}},{"type":"Feature","geometry":{"type":"Polygon","coordinates":[[[77.44603,12.7791],[77.44657,12.77905],[77.44689,12.77889],[77.44721,12.77875],[77.44732,12.77868],[77.44739,12.77859],[77.44741,12.77853],[77.44742,12.77847],[77.44738,12.7784],[77.44734,12.77836],[77.44732,12.77835],[77.44725,12.77835],[77.44714,12.77838],[77.44706,12.77842],[77.44682,12.77863],[77.44673,12.77869],[77.44668,12.7787],[77.44663,12.7787],[77.44659,12.77867],[77.44657,12.77865],[77.44654,12.77859],[77.44651,12.77846],[77.44646,12.7784],[77.44637,12.77835],[77.44605,12.77827],[77.44591,12.77825],[77.44582,12.7782],[77.44552,12.778],[77.44534,12.77799],[77.44524,12.77799],[77.44514,12.77804],[77.44509,12.77809],[77.44513,12.7783],[77.44463,12.77847],[77.44431,12.77798],[77.44408,12.77754],[77.44408,12.77749],[77.44426,12.77733],[77.44426,12.77726],[77.44424,12.77721],[77.4442,12.77715],[77.44416,12.77711],[77.44412,12.77711],[77.44404,12.7771],[77.44396,12.77707],[77.44385,12.77697],[77.44376,12.77687],[77.44368,12.77675],[77.44366,12.7767],[77.44365,12.77667],[77.44362,12.77657],[77.44354,12.77643],[77.44346,12.77634],[77.44339,12.77624],[77.44334,12.77614],[77.44331,12.7761],[77.44327,12.7761],[77.44316,12.7761],[77.44304,12.77614],[77.44304,12.77614],[77.44285,12.77619],[77.44268,12.77625],[77.44268,12.77625],[77.44254,12.77628],[77.44254,12.77628],[77.44245,12.7763],[77.44245,12.7763],[77.44245,12.7763],[77.44238,12.77631],[77.4423,12.77631],[77.44222,12.77632],[77.44211,12.77634],[77.44199,12.77637],[77.44199,12.77637],[77.44199,12.77637],[77.4419,12.77638],[77.4419,12.77638],[77.44183,12.77639],[77.44183,12.77639],[77.44171,12.77639],[77.44166,12.77639],[77.44162,12.77639],[77.4416,12.7764],[77.44157,12.77642],[77.44151,12.77648],[77.44142,12.77659],[77.44142,12.77659],[77.44133,12.77668],[77.44133,12.77668],[77.44129,12.77672],[77.44129,12.77672],[77.44121,12.77678],[77.44121,12.77678],[77.44113,12.77683],[77.44113,12.77683],[77.44106,12.77688],[77.441,12.77692],[77.44096,12.77695],[77.44101,12.77697],[77.44108,12.77696],[77.44111,12.77695],[77.44113,12.77695],[77.44116,12.77696],[77.44117,12.77697],[77.44119,12.77697],[77.44124,12.777],[77.4413,12.77702],[77.44144,12.77704],[77.44149,12.77706],[77.44152,12.77708],[77.44152,12.77711],[77.44154,12.77718],[77.44153,12.77729],[77.44153,12.77738],[77.44159,12.77752],[77.44178,12.77777],[77.44186,12.77788],[77.44205,12.778],[77.44209,12.77802],[77.44215,12.77806],[77.44219,12.77811],[77.44227,12.77821],[77.44233,12.77828],[77.44261,12.77847],[77.44333,12.77901],[77.44341,12.77905],[77.44352,12.77908],[77.44361,12.7791],[77.44373,12.77911],[77.44442,12.77907],[77.44528,12.77907],[77.44553,12.77909],[77.44561,12.7791],[77.44565,12.77911],[77.44603,12.7791]]]},"properties":{"shedId":"C05CAM34"}},{"type":"Feature","geometry":{"type":"Polygon","coordinates":[[[77.40385,12.79634],[77.40385,12.79627],[77.4038,12.79616],[77.40376,12.79609],[77.40374,12.79602],[77.40374,12.79596],[77.40372,12.79592],[77.4037,12.79586],[77.40368,12.79582],[77.40352,12.79561],[77.40342,12.79553],[77.4033,12.79545],[77.40323,12.79537],[77.40315,12.79524],[77.40308,12.79514],[77.40302,12.79506],[77.40298,12.79498],[77.40298,12.79493],[77.40302,12.79482],[77.40306,12.79475],[77.40305,12.79461],[77.40302,12.79455],[77.40297,12.79447],[77.40289,12.79443],[77.40283,12.79441],[77.40274,12.79441],[77.40264,12.79443],[77.40256,12.79444],[77.40243,12.79446],[77.40234,12.79448],[77.40228,12.79449],[77.40215,12.79451],[77.40205,12.79453],[77.40189,12.79456],[77.40181,12.79458],[77.4017,12.79458],[77.40148,12.7946],[77.40131,12.7946],[77.40121,12.79463],[77.40118,12.79465],[77.40117,12.79473],[77.4012,12.79479],[77.40124,12.79484],[77.40129,12.79503],[77.40129,12.79511],[77.40127,12.79514],[77.40122,12.79517],[77.40112,12.7952],[77.40104,12.79523],[77.40101,12.79528],[77.40099,12.79534],[77.401,12.79544],[77.40103,12.79554],[77.40109,12.79563],[77.40117,12.79568],[77.40125,12.79572],[77.40135,12.79573],[77.40148,12.79571],[77.40181,12.79564],[77.40186,12.79564],[77.4019,12.79564],[77.40194,12.79567],[77.40197,12.79571],[77.402,12.79578],[77.40201,12.79585],[77.40202,12.79592],[77.40203,12.79598],[77.40206,12.79602],[77.40209,12.79604],[77.40214,12.79604],[77.40221,12.79604],[77.40227,12.79607],[77.40234,12.79626],[77.40236,12.79631],[77.40245,12.79633],[77.40256,12.79632],[77.40264,12.79629],[77.4027,12.79628],[77.40277,12.7963],[77.40283,12.79635],[77.40291,12.79642],[77.40305,12.79657],[77.40316,12.79669],[77.40323,12.79674],[77.4033,12.79679],[77.40337,12.79682],[77.40349,12.79682],[77.4036,12.7968],[77.40367,12.79677],[77.40373,12.79673],[77.40375,12.79669],[77.40377,12.79662],[77.40378,12.79653],[77.40379,12.79648],[77.40381,12.79645],[77.40384,12.7964],[77.40385,12.79634]]]},"properties":{"shedId":"C05CAM34"}},{"type":"Feature","geometry":{"type":"Polygon","coordinates":[[[77.44588,12.78859],[77.44586,12.78857],[77.44583,12.78857],[77.44545,12.78868],[77.4454,12.78869],[77.44524,12.78872],[77.44482,12.78877],[77.4447,12.78883],[77.44445,12.789],[77.44442,12.78904],[77.44441,12.78907],[77.44447,12.78915],[77.44455,12.78923],[77.44467,12.78938],[77.4448,12.7896],[77.44494,12.78997],[77.445,12.79021],[77.44507,12.79063],[77.44512,12.79064],[77.44515,12.79063],[77.44519,12.79059],[77.44525,12.79054],[77.4453,12.79046],[77.44537,12.79034],[77.44544,12.79025],[77.44579,12.78977],[77.44584,12.78951],[77.44588,12.78937],[77.44591,12.78928],[77.44602,12.78906],[77.44603,12.78897],[77.44603,12.78889],[77.44588,12.78859]]]},"properties":{"shedId":"C05CAM34"}},{"type":"Feature","geometry":{"type":"Polygon","coordinates":[[[77.46607,12.78829],[77.46622,12.78811],[77.46627,12.78803],[77.46658,12.78769],[77.46668,12.78764],[77.46679,12.7876],[77.46689,12.78754],[77.46695,12.78748],[77.46701,12.78734],[77.46705,12.78724],[77.46717,12.78717],[77.4674,12.78709],[77.46755,12.78707],[77.46764,12.78709],[77.46786,12.78717],[77.46807,12.78736],[77.46821,12.78748],[77.46826,12.78752],[77.46829,12.78753],[77.46832,12.78753],[77.46836,12.78752],[77.46836,12.78751],[77.4684,12.78735],[77.46844,12.78715],[77.46845,12.7871],[77.46847,12.78699],[77.46847,12.7869],[77.46847,12.78685],[77.46845,12.78676],[77.46844,12.7867],[77.46837,12.78654],[77.46831,12.78643],[77.46831,12.78643],[77.46827,12.78635],[77.46827,12.78635],[77.46818,12.78613],[77.46818,12.78613],[77.46818,12.78613],[77.46812,12.78599],[77.46807,12.78585],[77.46802,12.78575],[77.46802,12.78575],[77.46802,12.78575],[77.468,12.78569],[77.468,12.78569],[77.46798,12.78557],[77.46798,12.78557],[77.46798,12.78557],[77.46797,12.78554],[77.46794,12.78553],[77.4679,12.78554],[77.46781,12.78555],[77.46721,12.78577],[77.46697,12.78587],[77.46672,12.78596],[77.46666,12.786],[77.4666,12.78607],[77.46655,12.7861],[77.46641,12.78616],[77.46598,12.78622],[77.46575,12.78622],[77.46549,12.78624],[77.46541,12.78625],[77.46533,12.78628],[77.46528,12.78628],[77.46514,12.78625],[77.4651,12.78622],[77.46505,12.78618],[77.46502,12.78613],[77.46501,12.78609],[77.465,12.78602],[77.465,12.78595],[77.46498,12.78591],[77.46495,12.78588],[77.46489,12.78587],[77.46484,12.78588],[77.46479,12.7859],[77.46442,12.78616],[77.46442,12.78617],[77.46438,12.78622],[77.46438,12.78622],[77.46438,12.78622],[77.46433,12.78627],[77.46433,12.78627],[77.46428,12.78632],[77.46428,12.78632],[77.46424,12.78636],[77.46424,12.78636],[77.46418,12.7864],[77.4641,12.78648],[77.46407,12.78652],[77.46405,12.78655],[77.46403,12.78658],[77.464,12.78665],[77.464,12.78665],[77.46396,12.78674],[77.46391,12.78683],[77.46391,12.78683],[77.46386,12.78691],[77.46386,12.78692],[77.46381,12.78698],[77.46381,12.78699],[77.46375,12.78705],[77.46375,12.78705],[77.46369,12.78712],[77.4636,12.78722],[77.46342,12.78742],[77.46342,12.78742],[77.46335,12.78749],[77.46335,12.78749],[77.46327,12.78757],[77.46326,12.78757],[77.46311,12.7877],[77.46287,12.78789],[77.46287,12.78789],[77.46279,12.78795],[77.46274,12.788],[77.46272,12.78804],[77.46271,12.7881],[77.46271,12.78811],[77.46272,12.78814],[77.46276,12.78819],[77.46279,12.7882],[77.46284,12.78822],[77.463,12.78824],[77.46317,12.78824],[77.46371,12.7882],[77.46376,12.7882],[77.46417,12.78823],[77.46423,12.78824],[77.46449,12.78831],[77.46463,12.78849],[77.46469,12.78859],[77.46477,12.78877],[77.46481,12.78889],[77.46486,12.78898],[77.46493,12.7891],[77.46497,12.78913],[77.465,12.78914],[77.46505,12.78914],[77.46511,12.78914],[77.46516,12.78913],[77.46531,12.78909],[77.46548,12.78905],[77.4656,12.78901],[77.46568,12.78897],[77.46574,12.78893],[77.46578,12.78889],[77.46596,12.7887],[77.46602,12.78861],[77.46604,12.78858],[77.46605,12.7885],[77.46607,12.78829]]]},"properties":{"shedId":"C05CAM34"}},{"type":"Feature","geometry":{"type":"Polygon","coordinates":[[[77.45577,12.77967],[77.45577,12.77962],[77.45575,12.77955],[77.45569,12.77942],[77.45564,12.77937],[77.45562,12.77936],[77.45556,12.77936],[77.45553,12.77936],[77.45548,12.77937],[77.45546,12.77939],[77.45541,12.77943],[77.45537,12.77946],[77.45537,12.77946],[77.45537,12.77947],[77.45534,12.77949],[77.45534,12.77949],[77.45534,12.77949],[77.4553,12.77951],[77.4553,12.77951],[77.4552,12.77955],[77.45511,12.7796],[77.4551,12.7796],[77.45504,12.77963],[77.45504,12.77963],[77.45504,12.77963],[77.455,12.77964],[77.455,12.77964],[77.455,12.77964],[77.45493,12.77965],[77.45493,12.77965],[77.45479,12.77966],[77.45479,12.77966],[77.45457,12.77968],[77.45457,12.77968],[77.45447,12.77968],[77.45447,12.77968],[77.45441,12.77967],[77.45441,12.77967],[77.45441,12.77967],[77.45435,12.77966],[77.45435,12.77966],[77.45428,12.77964],[77.45428,12.77964],[77.45421,12.77962],[77.45411,12.77958],[77.45405,12.77957],[77.454,12.77956],[77.45395,12.77956],[77.45391,12.77956],[77.45387,12.77957],[77.45382,12.77958],[77.45378,12.7796],[77.45376,12.77962],[77.45375,12.77963],[77.45374,12.77966],[77.45374,12.77968],[77.45374,12.77971],[77.45375,12.77976],[77.45376,12.77981],[77.45376,12.77981],[77.45376,12.77981],[77.45378,12.77991],[77.45378,12.77991],[77.45378,12.77996],[77.45414,12.78004],[77.45428,12.78009],[77.45434,12.78014],[77.45438,12.78024],[77.45448,12.78059],[77.45454,12.7812],[77.45462,12.78189],[77.45462,12.78221],[77.45463,12.78225],[77.45466,12.78226],[77.45473,12.78228],[77.45476,12.78228],[77.45517,12.78229],[77.45521,12.78228],[77.45531,12.78216],[77.45537,12.78201],[77.45547,12.78168],[77.45561,12.78122],[77.45571,12.78083],[77.4558,12.78076],[77.45584,12.7807],[77.45589,12.78056],[77.45587,12.78042],[77.45581,12.78021],[77.45575,12.78006],[77.45572,12.77996],[77.45573,12.77983],[77.45575,12.77973],[77.45577,12.77967]]]},"properties":{"shedId":"C05CAM34"}},{"type":"Feature","geometry":{"type":"Polygon","coordinates":[[[77.46379,12.77999],[77.46372,12.77998],[77.46364,12.78],[77.46356,12.78002],[77.46353,12.78003],[77.4635,12.78006],[77.46344,12.78012],[77.46339,12.78018],[77.46331,12.78025],[77.46324,12.7803],[77.46318,12.78035],[77.46314,12.7804],[77.46311,12.78044],[77.46311,12.78049],[77.46312,12.78056],[77.4632,12.7807],[77.4635,12.78104],[77.46383,12.78141],[77.46387,12.78144],[77.46395,12.78143],[77.46403,12.78141],[77.46407,12.78134],[77.46415,12.78112],[77.46427,12.78084],[77.4643,12.78055],[77.46427,12.78043],[77.46419,12.78031],[77.46399,12.7801],[77.46398,12.78008],[77.46396,12.78005],[77.46391,12.78002],[77.46387,12.78],[77.46383,12.77999],[77.46379,12.77999]]]},"properties":{"shedId":"C05CAM34"}},{"type":"Feature","geometry":{"type":"Polygon","coordinates":[[[77.46872,12.75836],[77.46883,12.75836],[77.46921,12.75836],[77.46927,12.75836],[77.46927,12.75821],[77.46926,12.75796],[77.46925,12.75778],[77.46924,12.75767],[77.46919,12.75745],[77.46919,12.75745],[77.46916,12.75725],[77.46916,12.75725],[77.46914,12.757],[77.46913,12.75684],[77.46913,12.75684],[77.46913,12.75684],[77.46914,12.75676],[77.46914,12.75676],[77.46914,12.75676],[77.46916,12.75671],[77.46916,12.75671],[77.46916,12.75671],[77.4692,12.75662],[77.4692,12.75662],[77.46926,12.75652],[77.46926,12.75652],[77.46929,12.75648],[77.46913,12.75652],[77.46905,12.75653],[77.46887,12.75654],[77.46882,12.75654],[77.46877,12.75656],[77.46869,12.75657],[77.46864,12.75659],[77.46862,12.7566],[77.46859,12.75663],[77.46852,12.75671],[77.46848,12.75675],[77.46846,12.75678],[77.46841,12.75681],[77.46832,12.75685],[77.46828,12.75688],[77.46826,12.75689],[77.46824,12.75689],[77.46806,12.75688],[77.46791,12.75687],[77.46788,12.75687],[77.46781,12.75688],[77.46775,12.7569],[77.4677,12.75692],[77.46767,12.75692],[77.46761,12.75693],[77.46756,12.75693],[77.46749,12.75692],[77.46744,12.75691],[77.46727,12.75692],[77.46698,12.75694],[77.46692,12.75695],[77.46685,12.75696],[77.46685,12.75698],[77.46687,12.75705],[77.46688,12.7571],[77.46694,12.75718],[77.46696,12.7572],[77.46714,12.75733],[77.46727,12.75749],[77.46731,12.75756],[77.46736,12.7577],[77.46743,12.75792],[77.46748,12.75811],[77.46748,12.7582],[77.46745,12.75828],[77.4674,12.75842],[77.46734,12.75863],[77.4673,12.7588],[77.46733,12.75885],[77.46741,12.75887],[77.46759,12.75888],[77.46769,12.75888],[77.46781,12.75879],[77.46806,12.75865],[77.46823,12.75856],[77.46842,12.75847],[77.4686,12.7584],[77.46872,12.75836]]]},"properties":{"shedId":"C05CAM34"}},{"type":"Feature","geometry":{"type":"Polygon","coordinates":[[[77.45672,12.75513],[77.45712,12.75499],[77.45729,12.75492],[77.45734,12.7549],[77.45736,12.75487],[77.45736,12.75483],[77.45734,12.7548],[77.45713,12.75464],[77.4569,12.75437],[77.45676,12.75433],[77.45659,12.75419],[77.45643,12.75418],[77.45629,12.75422],[77.45612,12.75431],[77.45611,12.75435],[77.4561,12.75438],[77.45604,12.75444],[77.45596,12.75453],[77.45585,12.75465],[77.45577,12.75475],[77.45574,12.75479],[77.45572,12.75484],[77.45571,12.75489],[77.45569,12.75491],[77.45568,12.75493],[77.45558,12.75499],[77.45546,12.75503],[77.45539,12.75506],[77.45534,12.75507],[77.45526,12.75507],[77.45521,12.75507],[77.45518,12.75506],[77.45523,12.75513],[77.45529,12.75519],[77.45533,12.75523],[77.45544,12.75534],[77.45553,12.75544],[77.45563,12.75553],[77.45565,12.75556],[77.4557,12.75558],[77.45571,12.75558],[77.45593,12.75547],[77.45607,12.75541],[77.45608,12.75541],[77.45657,12.75517],[77.45672,12.75513]]]},"properties":{"shedId":"C05CAM34"}},{"type":"Feature","geometry":{"type":"Polygon","coordinates":[[[77.40836,12.75955],[77.40843,12.75952],[77.40865,12.75951],[77.40868,12.75948],[77.4087,12.7594],[77.40868,12.75934],[77.40864,12.75934],[77.40859,12.75934],[77.40853,12.75934],[77.40845,12.75934],[77.40843,12.75931],[77.40847,12.75928],[77.40851,12.75928],[77.40853,12.7592],[77.4085,12.75909],[77.40837,12.75888],[77.40823,12.75869],[77.40812,12.75851],[77.40809,12.75847],[77.40801,12.75846],[77.40792,12.75847],[77.40787,12.75847],[77.40783,12.75845],[77.40782,12.75839],[77.40781,12.75829],[77.40778,12.75823],[77.40777,12.75817],[77.40772,12.75812],[77.40768,12.75798],[77.40768,12.75791],[77.40767,12.75784],[77.40767,12.75776],[77.40774,12.75763],[77.40779,12.75756],[77.40783,12.75747],[77.40789,12.7574],[77.40798,12.75731],[77.40804,12.75724],[77.4081,12.75718],[77.40815,12.75713],[77.40815,12.75713],[77.40814,12.75713],[77.40813,12.75711],[77.40813,12.7571],[77.40813,12.7571],[77.40812,12.75709],[77.40812,12.75709],[77.40812,12.75708],[77.40812,12.75708],[77.40812,12.75707],[77.40811,12.75707],[77.40811,12.75706],[77.40811,12.75706],[77.40802,12.75704],[77.40802,12.75704],[77.40802,12.75704],[77.40802,12.75704],[77.40802,12.75704],[77.40801,12.75704],[77.40801,12.75704],[77.40801,12.75704],[77.40801,12.75704],[77.40801,12.75704],[77.40801,12.75704],[77.40801,12.75704],[77.40801,12.75704],[77.408,12.75704],[77.408,12.75704],[77.408,12.75704],[77.408,12.75704],[77.408,12.75703],[77.408,12.75703],[77.408,12.75703],[77.408,12.75703],[77.40799,12.75703],[77.40799,12.75703],[77.40799,12.75703],[77.40799,12.75703],[77.40799,12.75703],[77.40799,12.75703],[77.40799,12.75703],[77.40799,12.75703],[77.40798,12.75703],[77.40798,12.75702],[77.40798,12.75702],[77.40798,12.75702],[77.40798,12.75702],[77.40798,12.75702],[77.40798,12.75702],[77.40798,12.75702],[77.40798,12.75702],[77.40797,12.75702],[77.40797,12.75702],[77.40797,12.75701],[77.40797,12.75701],[77.40796,12.75701],[77.40796,12.75701],[77.40796,12.75701],[77.40795,12.75701],[77.40795,12.75701],[77.40795,12.757],[77.40794,12.757],[77.40794,12.757],[77.40794,12.757],[77.40793,12.757],[77.40793,12.757],[77.40793,12.757],[77.40792,12.757],[77.40792,12.757],[77.40792,12.757],[77.40791,12.757],[77.40791,12.75699],[77.4079,12.75699],[77.4079,12.75699],[77.4079,12.75699],[77.40789,12.75699],[77.40789,12.75699],[77.40789,12.75699],[77.40788,12.75699],[77.40788,12.75699],[77.40788,12.75699],[77.40787,12.75699],[77.40787,12.75699],[77.40787,12.75699],[77.40786,12.75699],[77.40786,12.75699],[77.40786,12.75699],[77.40785,12.757],[77.40785,12.757],[77.40785,12.757],[77.40784,12.757],[77.40784,12.757],[77.40783,12.757],[77.40783,12.757],[77.40782,12.757],[77.40782,12.757],[77.40781,12.757],[77.40781,12.75701],[77.4078,12.75701],[77.4078,12.75701],[77.4078,12.75701],[77.40779,12.75701],[77.40779,12.75701],[77.40778,12.75701],[77.40778,12.75702],[77.40777,12.75702],[77.40777,12.75702],[77.40777,12.75702],[77.40776,12.75702],[77.40776,12.75703],[77.40775,12.75703],[77.40775,12.75703],[77.40774,12.75704],[77.40774,12.75704],[77.40773,12.75705],[77.40773,12.75705],[77.40772,12.75705],[77.40772,12.75706],[77.40772,12.75706],[77.40771,12.75707],[77.40771,12.75707],[77.4077,12.75708],[77.4077,12.75708],[77.40769,12.75709],[77.40769,12.75709],[77.40768,12.75709],[77.40768,12.7571],[77.40767,12.7571],[77.40767,12.75711],[77.40766,12.75712],[77.40766,12.75713],[77.40765,12.75715],[77.40764,12.75716],[77.40763,12.75717],[77.40762,12.75718],[77.40761,12.7572],[77.40761,12.75721],[77.4076,12.75722],[77.40759,12.75723],[77.40758,12.75725],[77.40758,12.75726],[77.40757,12.75727],[77.40756,12.75729],[77.40755,12.7573],[77.40754,12.75731],[77.40754,12.75733],[77.40753,12.75734],[77.40752,12.75735],[77.40752,12.75737],[77.40751,12.75738],[77.4075,12.75739],[77.40749,12.75741],[77.40749,12.75742],[77.40748,12.75743],[77.40747,12.75745],[77.40747,12.75746],[77.40746,12.75747],[77.40744,12.75751],[77.4073,12.75781],[77.4073,12.75781],[77.40719,12.75803],[77.40719,12.75803],[77.40718,12.75804],[77.40717,12.75806],[77.40716,12.75808],[77.40715,12.75809],[77.40714,12.75811],[77.40713,12.75813],[77.40712,12.75814],[77.40711,12.75816],[77.4071,12.75818],[77.40709,12.75819],[77.40708,12.75821],[77.40707,12.75823],[77.40706,12.75824],[77.40705,12.75826],[77.40704,12.75828],[77.40703,12.75829],[77.40702,12.75831],[77.40701,12.75833],[77.407,12.75834],[77.40699,12.75836],[77.40698,12.75838],[77.40697,12.75839],[77.40696,12.7584],[77.40696,12.75841],[77.40695,12.75842],[77.40694,12.75843],[77.40694,12.75843],[77.40693,12.75844],[77.40693,12.75845],[77.40692,12.75846],[77.40692,12.75847],[77.40691,12.75848],[77.4069,12.75848],[77.4069,12.75849],[77.40689,12.7585],[77.40689,12.75851],[77.40688,12.75852],[77.40687,12.75852],[77.40687,12.75853],[77.40686,12.75854],[77.40685,12.75855],[77.40685,12.75855],[77.40684,12.75856],[77.40683,12.75857],[77.40683,12.75858],[77.40682,12.75859],[77.40681,12.75859],[77.40681,12.7586],[77.4068,12.75861],[77.40679,12.75862],[77.40679,12.75862],[77.40678,12.75863],[77.40677,12.75864],[77.40676,12.75865],[77.40676,12.75865],[77.40675,12.75866],[77.40674,12.75867],[77.40673,12.75868],[77.40672,12.75869],[77.40671,12.7587],[77.4067,12.75871],[77.40669,12.75871],[77.40668,12.75872],[77.40667,12.75873],[77.40666,12.75874],[77.40665,12.75875],[77.40664,12.75876],[77.40663,12.75877],[77.40662,12.75878],[77.40661,12.75879],[77.4066,12.7588],[77.4066,12.75881],[77.40659,12.75881],[77.40658,12.75882],[77.40657,12.75883],[77.40656,12.75884],[77.40655,12.75885],[77.40655,12.75886],[77.40654,12.75886],[77.40654,12.75887],[77.40653,12.75887],[77.40653,12.75888],[77.40653,12.75888],[77.40652,12.75889],[77.40652,12.75889],[77.40652,12.7589],[77.40651,12.7589],[77.40651,12.7589],[77.4065,12.75891],[77.4065,12.75892],[77.40649,12.75893],[77.40649,12.75894],[77.40648,12.75894],[77.40647,12.75895],[77.40647,12.75896],[77.40646,12.75897],[77.40645,12.75898],[77.40645,12.75898],[77.40644,12.75899],[77.40643,12.759],[77.40643,12.75901],[77.40642,12.75902],[77.40641,12.75902],[77.4064,12.75903],[77.4064,12.75904],[77.40639,12.75905],[77.40638,12.75905],[77.40638,12.75906],[77.40637,12.75907],[77.40636,12.75908],[77.40635,12.75908],[77.40635,12.75909],[77.40634,12.7591],[77.40634,12.7591],[77.40634,12.7591],[77.40634,12.7591],[77.40633,12.7591],[77.40633,12.7591],[77.40633,12.75911],[77.40633,12.75911],[77.40633,12.75911],[77.40633,12.75911],[77.40632,12.75911],[77.40632,12.75911],[77.40632,12.75911],[77.40632,12.75911],[77.40632,12.75911],[77.40632,12.75912],[77.40632,12.75912],[77.40632,12.75912],[77.40631,12.75912],[77.40631,12.75912],[77.40631,12.75912],[77.40631,12.75912],[77.40631,12.75912],[77.40631,12.75912],[77.4063,12.75912],[77.4063,12.75912],[77.4063,12.75913],[77.4063,12.75913],[77.4063,12.75913],[77.4063,12.75913],[77.40629,12.75913],[77.40629,12.75913],[77.40629,12.75913],[77.40629,12.75913],[77.40629,12.75913],[77.40629,12.75913],[77.40628,12.75913],[77.40628,12.75913],[77.40628,12.75913],[77.40628,12.75913],[77.40628,12.75913],[77.40628,12.75913],[77.40627,12.75913],[77.40627,12.75913],[77.40627,12.75914],[77.40627,12.75914],[77.40627,12.75914],[77.40627,12.75914],[77.40626,12.75914],[77.40626,12.75914],[77.40626,12.75914],[77.40626,12.75914],[77.40626,12.75914],[77.40626,12.75914],[77.40625,12.75914],[77.40625,12.75914],[77.40625,12.75914],[77.40625,12.75914],[77.40625,12.75914],[77.40624,12.75914],[77.40624,12.75914],[77.40624,12.75914],[77.40624,12.75914],[77.40623,12.75914],[77.40623,12.75914],[77.40623,12.75914],[77.40623,12.75914],[77.40623,12.75914],[77.40623,12.75914],[77.40622,12.75914],[77.40622,12.75914],[77.40622,12.75914],[77.40622,12.75914],[77.40622,12.75914],[77.40622,12.75914],[77.40621,12.75914],[77.40621,12.75914],[77.40621,12.75914],[77.40621,12.75914],[77.40621,12.75914],[77.40619,12.75913],[77.40619,12.75913],[77.40617,12.75912],[77.40617,12.75912],[77.40611,12.7591],[77.406,12.75904],[77.406,12.75904],[77.40589,12.75899],[77.40589,12.75899],[77.40588,12.75899],[77.40588,12.75898],[77.40588,12.75898],[77.40587,12.75898],[77.40587,12.75898],[77.40586,12.75898],[77.40586,12.75897],[77.40585,12.75897],[77.40585,12.75897],[77.40584,12.75897],[77.40584,12.75897],[77.40584,12.75896],[77.40583,12.75896],[77.40583,12.75896],[77.40582,12.75896],[77.40582,12.75896],[77.40581,12.75896],[77.40581,12.75896],[77.4058,12.75895],[77.4058,12.75895],[77.40579,12.75895],[77.40579,12.75895],[77.40578,12.75895],[77.40578,12.75895],[77.40577,12.75895],[77.40577,12.75895],[77.40576,12.75895],[77.40576,12.75895],[77.40576,12.75894],[77.40572,12.75894],[77.40567,12.75894],[77.40567,12.75894],[77.40556,12.75893],[77.40546,12.75894],[77.40541,12.75894],[77.40536,12.75895],[77.40536,12.75895],[77.40528,12.75895],[77.40528,12.75895],[77.40528,12.75895],[77.40527,12.75895],[77.40527,12.75895],[77.40526,12.75895],[77.40526,12.75895],[77.40526,12.75895],[77.40525,12.75895],[77.40525,12.75895],[77.40524,12.75895],[77.40524,12.75895],[77.40523,12.75895],[77.40523,12.75895],[77.40523,12.75895],[77.40522,12.75895],[77.40522,12.75895],[77.40521,12.75895],[77.40521,12.75895],[77.4052,12.75896],[77.4052,12.75896],[77.4052,12.75896],[77.40519,12.75896],[77.40519,12.75896],[77.40518,12.75896],[77.40517,12.75897],[77.40517,12.75897],[77.40516,12.75897],[77.40516,12.75897],[77.40515,12.75898],[77.40514,12.75898],[77.40514,12.75898],[77.40513,12.75899],[77.40513,12.75899],[77.40512,12.75899],[77.40511,12.759],[77.40511,12.759],[77.4051,12.759],[77.4051,12.75901],[77.40509,12.75901],[77.40509,12.75901],[77.40508,12.75902],[77.40507,12.75902],[77.40507,12.75903],[77.40506,12.75903],[77.40506,12.75903],[77.40506,12.75903],[77.40504,12.75904],[77.40504,12.75908],[77.40504,12.75908],[77.40504,12.75912],[77.40505,12.75917],[77.40505,12.75917],[77.40506,12.75928],[77.40515,12.75931],[77.40522,12.75934],[77.40532,12.75936],[77.40539,12.75937],[77.40544,12.75939],[77.40551,12.75941],[77.40557,12.75943],[77.40562,12.75945],[77.4057,12.75948],[77.40577,12.75951],[77.40584,12.75955],[77.40589,12.75958],[77.40594,12.75963],[77.406,12.75971],[77.40603,12.75976],[77.40607,12.75981],[77.40613,12.75984],[77.40619,12.75985],[77.40628,12.75985],[77.40639,12.75985],[77.40647,12.75986],[77.40658,12.75987],[77.40662,12.75988],[77.40669,12.75991],[77.40676,12.76003],[77.40687,12.7603],[77.40692,12.76044],[77.40702,12.76072],[77.40709,12.76075],[77.40711,12.7608],[77.40711,12.76087],[77.40712,12.76096],[77.40712,12.76106],[77.40712,12.76122],[77.40714,12.76128],[77.40716,12.76135],[77.40719,12.7614],[77.40724,12.76143],[77.40728,12.76144],[77.40733,12.76143],[77.40737,12.76142],[77.40746,12.76137],[77.40756,12.76131],[77.40763,12.76127],[77.40766,12.76122],[77.40769,12.76117],[77.40773,12.76112],[77.40776,12.76106],[77.40779,12.761],[77.40779,12.76094],[77.40778,12.76089],[77.40778,12.76086],[77.40783,12.76082],[77.40798,12.76075],[77.40811,12.76068],[77.40813,12.76063],[77.40813,12.76057],[77.40829,12.75967],[77.40832,12.7596],[77.40836,12.75955]]]},"properties":{"shedId":"C05CAM34"}},{"type":"Feature","geometry":{"type":"Polygon","coordinates":[[[77.4284,12.79563],[77.42861,12.79526],[77.42884,12.79488],[77.4289,12.79476],[77.42891,12.7947],[77.42889,12.7946],[77.42887,12.7945],[77.42887,12.79445],[77.4289,12.79442],[77.42895,12.79438],[77.42902,12.79433],[77.42908,12.79417],[77.42918,12.79385],[77.4292,12.79379],[77.42921,12.79372],[77.4292,12.79365],[77.42917,12.7935],[77.42917,12.79342],[77.42917,12.79334],[77.42918,12.79328],[77.42922,12.79313],[77.42925,12.79307],[77.42929,12.79301],[77.42934,12.79294],[77.42938,12.79289],[77.42943,12.79282],[77.42948,12.79274],[77.42951,12.79269],[77.42952,12.79265],[77.42949,12.79257],[77.42949,12.79257],[77.4294,12.79234],[77.42938,12.79229],[77.42935,12.79229],[77.42934,12.79229],[77.42934,12.79229],[77.42933,12.79229],[77.42933,12.79229],[77.42932,12.79229],[77.42932,12.79229],[77.42931,12.79229],[77.42931,12.79229],[77.4293,12.79229],[77.4293,12.79229],[77.42929,12.79229],[77.42929,12.7923],[77.42928,12.7923],[77.42928,12.7923],[77.42927,12.7923],[77.42927,12.7923],[77.42926,12.7923],[77.42926,12.7923],[77.42925,12.7923],[77.42925,12.7923],[77.42924,12.79231],[77.42924,12.79231],[77.42923,12.79231],[77.42923,12.79231],[77.42922,12.79231],[77.42922,12.79231],[77.42921,12.79232],[77.42921,12.79232],[77.4292,12.79232],[77.4292,12.79232],[77.42919,12.79232],[77.42919,12.79232],[77.42899,12.7924],[77.42899,12.7924],[77.42898,12.79241],[77.42897,12.79241],[77.42895,12.79241],[77.42894,12.79242],[77.42893,12.79242],[77.42892,12.79242],[77.4289,12.79243],[77.42889,12.79243],[77.42888,12.79243],[77.42887,12.79244],[77.42885,12.79244],[77.42884,12.79245],[77.42883,12.79245],[77.42882,12.79245],[77.4288,12.79246],[77.42879,12.79246],[77.42857,12.79257],[77.42857,12.79257],[77.42829,12.79268],[77.42829,12.79268],[77.42829,12.79268],[77.42828,12.79269],[77.42827,12.79269],[77.42826,12.79269],[77.42825,12.7927],[77.42825,12.7927],[77.42824,12.7927],[77.42823,12.7927],[77.42822,12.7927],[77.42822,12.79271],[77.42821,12.79271],[77.4282,12.79271],[77.42819,12.79271],[77.42818,12.79271],[77.42818,12.79272],[77.42817,12.79272],[77.42816,12.79272],[77.42815,12.79272],[77.42814,12.79272],[77.42814,12.79272],[77.42813,12.79273],[77.42812,12.79273],[77.42811,12.79273],[77.4281,12.79273],[77.4281,12.79273],[77.42809,12.79273],[77.42808,12.79273],[77.42807,12.79273],[77.42806,12.79273],[77.42806,12.79273],[77.42805,12.79274],[77.42804,12.79274],[77.42803,12.79274],[77.42802,12.79274],[77.42802,12.79274],[77.42801,12.79274],[77.428,12.79274],[77.42799,12.79274],[77.42798,12.79274],[77.42798,12.79274],[77.42797,12.79274],[77.42796,12.79274],[77.42795,12.79274],[77.42794,12.79274],[77.42794,12.79274],[77.42776,12.79272],[77.42743,12.79268],[77.42742,12.79268],[77.4274,12.79268],[77.42739,12.79268],[77.42738,12.79268],[77.42737,12.79267],[77.42736,12.79267],[77.42735,12.79267],[77.42734,12.79267],[77.42733,12.79267],[77.42731,12.79267],[77.4273,12.79266],[77.42729,12.79266],[77.42728,12.79266],[77.42727,12.79266],[77.42726,12.79266],[77.42725,12.79265],[77.42724,12.79265],[77.42723,12.79265],[77.42721,12.79265],[77.4272,12.79264],[77.42719,12.79264],[77.42718,12.79264],[77.42718,12.79264],[77.42698,12.79258],[77.42677,12.79251],[77.42645,12.79243],[77.42644,12.79243],[77.42642,12.79242],[77.42641,12.79242],[77.4264,12.79242],[77.42639,12.79242],[77.42638,12.79241],[77.42636,12.79241],[77.42635,12.79241],[77.42634,12.7924],[77.42633,12.7924],[77.42632,12.7924],[77.4263,12.79239],[77.42629,12.79239],[77.42628,12.79239],[77.42627,12.79238],[77.42626,12.79238],[77.42625,12.79238],[77.42616,12.79255],[77.42616,12.79255],[77.42616,12.79255],[77.42616,12.79255],[77.42616,12.79255],[77.42616,12.79256],[77.42616,12.79256],[77.42616,12.79256],[77.42616,12.79256],[77.42616,12.79256],[77.42615,12.79257],[77.42615,12.79257],[77.42615,12.79257],[77.42615,12.79257],[77.42615,12.79257],[77.42615,12.79258],[77.42615,12.79258],[77.42615,12.79258],[77.42615,12.79258],[77.42615,12.79258],[77.42615,12.79259],[77.42615,12.79259],[77.42615,12.79259],[77.42615,12.79259],[77.42615,12.79259],[77.42615,12.7926],[77.42615,12.7926],[77.42615,12.7926],[77.42615,12.7926],[77.42615,12.7926],[77.42615,12.79261],[77.42615,12.79261],[77.42615,12.79261],[77.42615,12.79261],[77.42615,12.79261],[77.42615,12.79262],[77.42615,12.79262],[77.42615,12.79262],[77.42616,12.79262],[77.42616,12.79262],[77.42616,12.79263],[77.42616,12.79263],[77.42616,12.79263],[77.42616,12.79263],[77.42616,12.79263],[77.42616,12.79263],[77.42616,12.79264],[77.42616,12.79264],[77.42617,12.79264],[77.42617,12.79264],[77.4262,12.7927],[77.4262,12.7927],[77.4262,12.7927],[77.42621,12.7927],[77.42621,12.7927],[77.42621,12.79271],[77.42621,12.79271],[77.42622,12.79271],[77.42622,12.79271],[77.42622,12.79271],[77.42622,12.79272],[77.42623,12.79272],[77.42623,12.79272],[77.42623,12.79272],[77.42623,12.79272],[77.42624,12.79272],[77.42624,12.79272],[77.42624,12.79273],[77.42624,12.79273],[77.42625,12.79273],[77.42625,12.79273],[77.42625,12.79273],[77.42626,12.79273],[77.42626,12.79273],[77.42626,12.79273],[77.42627,12.79274],[77.42627,12.79274],[77.42627,12.79274],[77.42627,12.79274],[77.42628,12.79274],[77.42628,12.79274],[77.4264,12.79278],[77.4264,12.79279],[77.42644,12.79281],[77.42644,12.79281],[77.42645,12.79281],[77.42645,12.79281],[77.42645,12.79282],[77.42645,12.79282],[77.42646,12.79282],[77.42646,12.79282],[77.42646,12.79282],[77.42647,12.79282],[77.42647,12.79282],[77.42647,12.79282],[77.42648,12.79282],[77.42648,12.79282],[77.42648,12.79282],[77.42648,12.79283],[77.42649,12.79283],[77.42649,12.79283],[77.42649,12.79283],[77.4265,12.79283],[77.4265,12.79283],[77.4265,12.79283],[77.42651,12.79283],[77.42651,12.79283],[77.42651,12.79283],[77.42652,12.79283],[77.42652,12.79283],[77.42653,12.79283],[77.42653,12.79283],[77.42654,12.79283],[77.42654,12.79283],[77.42655,12.79282],[77.42655,12.79282],[77.42656,12.79282],[77.42657,12.79282],[77.42657,12.79283],[77.42658,12.79283],[77.42658,12.79283],[77.42659,12.79283],[77.42659,12.79283],[77.4266,12.79283],[77.4266,12.79283],[77.42661,12.79283],[77.42662,12.79283],[77.42662,12.79283],[77.42663,12.79283],[77.42663,12.79283],[77.42664,12.79283],[77.42664,12.79283],[77.42665,12.79283],[77.42665,12.79284],[77.42666,12.79284],[77.42666,12.79284],[77.42667,12.79284],[77.42667,12.79284],[77.42668,12.79284],[77.42668,12.79284],[77.42669,12.79284],[77.42669,12.79284],[77.4267,12.79284],[77.42671,12.79285],[77.42671,12.79285],[77.42672,12.79285],[77.42672,12.79285],[77.42673,12.79285],[77.42673,12.79285],[77.42674,12.79285],[77.42674,12.79285],[77.42674,12.79285],[77.42674,12.79285],[77.42674,12.79285],[77.42675,12.79285],[77.42675,12.79285],[77.42675,12.79285],[77.42676,12.79285],[77.42676,12.79285],[77.42676,12.79285],[77.42676,12.79285],[77.42676,12.79285],[77.42676,12.79285],[77.42677,12.79285],[77.42677,12.79285],[77.42677,12.79286],[77.42677,12.79286],[77.42677,12.79286],[77.42677,12.79286],[77.42678,12.79286],[77.42678,12.79286],[77.42678,12.79286],[77.42678,12.79286],[77.42679,12.79287],[77.42679,12.79287],[77.42679,12.79287],[77.42679,12.79287],[77.42679,12.79287],[77.42679,12.79287],[77.42679,12.79287],[77.4268,12.79287],[77.4268,12.79288],[77.4268,12.79288],[77.4268,12.79288],[77.4268,12.79288],[77.42681,12.79288],[77.42681,12.79289],[77.42681,12.79289],[77.42681,12.79289],[77.42681,12.79289],[77.42681,12.79289],[77.42681,12.79289],[77.42681,12.7929],[77.42682,12.7929],[77.42682,12.7929],[77.42682,12.7929],[77.42682,12.7929],[77.42682,12.7929],[77.42687,12.79299],[77.42687,12.79299],[77.42687,12.79299],[77.42687,12.793],[77.42687,12.793],[77.42687,12.793],[77.42687,12.793],[77.42687,12.793],[77.42687,12.793],[77.42687,12.793],[77.42687,12.793],[77.42687,12.793],[77.42687,12.793],[77.42687,12.79301],[77.42687,12.79301],[77.42687,12.79301],[77.42688,12.79301],[77.42688,12.79301],[77.42688,12.79301],[77.42688,12.79301],[77.42688,12.79301],[77.42688,12.79301],[77.42688,12.79301],[77.42688,12.79302],[77.42688,12.79302],[77.42688,12.79302],[77.42688,12.79302],[77.42688,12.79302],[77.42688,12.79302],[77.42688,12.79302],[77.42688,12.79302],[77.42688,12.79302],[77.42688,12.79302],[77.42688,12.79303],[77.42688,12.79303],[77.42688,12.79303],[77.42688,12.79303],[77.42687,12.79303],[77.42687,12.79303],[77.42687,12.79303],[77.42687,12.79303],[77.42687,12.79303],[77.42697,12.79323],[77.42701,12.79333],[77.42705,12.79342],[77.42707,12.79351],[77.42706,12.79362],[77.42705,12.7937],[77.42703,12.79377],[77.427,12.79382],[77.42696,12.79388],[77.42692,12.79397],[77.42691,12.79406],[77.42692,12.79422],[77.42692,12.79433],[77.42692,12.7945],[77.42693,12.79466],[77.42691,12.79473],[77.42688,12.79478],[77.42686,12.79482],[77.42682,12.79491],[77.42679,12.79501],[77.42677,12.79512],[77.42676,12.79522],[77.42674,12.79531],[77.42671,12.7954],[77.42668,12.79547],[77.42664,12.79551],[77.42656,12.79553],[77.42648,12.79553],[77.42622,12.79551],[77.42603,12.79551],[77.42594,12.79552],[77.42591,12.79554],[77.4259,12.79557],[77.42592,12.7956],[77.42594,12.79562],[77.42616,12.79577],[77.42654,12.79602],[77.42683,12.79622],[77.42689,12.79626],[77.427,12.79627],[77.42704,12.79626],[77.42709,12.79624],[77.42712,12.79624],[77.42717,12.79623],[77.42722,12.79622],[77.42727,12.79621],[77.42732,12.79619],[77.42741,12.79615],[77.42749,12.79611],[77.42785,12.79592],[77.42825,12.79573],[77.42833,12.79568],[77.4284,12.79563]]]},"properties":{"shedId":"C05CAM34"}},{"type":"Feature","geometry":{"type":"Polygon","coordinates":[[[77.3991,12.76881],[77.39917,12.76881],[77.39923,12.76881],[77.39927,12.76881],[77.39933,12.76881],[77.39937,12.76877],[77.3994,12.76871],[77.39945,12.76867],[77.39949,12.76866],[77.39951,12.76865],[77.39957,12.76862],[77.3996,12.76856],[77.39961,12.76848],[77.3996,12.76841],[77.39957,12.76834],[77.39953,12.76829],[77.39861,12.76757],[77.39861,12.76764],[77.3986,12.76774],[77.39858,12.76785],[77.39855,12.76795],[77.3985,12.76807],[77.39845,12.76813],[77.3984,12.76818],[77.39833,12.76824],[77.3983,12.76828],[77.39823,12.76838],[77.3982,12.76846],[77.39821,12.76853],[77.39822,12.76859],[77.39824,12.76863],[77.39827,12.76866],[77.3983,12.76869],[77.39832,12.76874],[77.39833,12.76879],[77.39837,12.76887],[77.39843,12.76894],[77.39853,12.76898],[77.39861,12.76898],[77.39867,12.76897],[77.39876,12.76894],[77.39885,12.76891],[77.39892,12.76887],[77.39895,12.76887],[77.39902,12.76884],[77.3991,12.76881]]]},"properties":{"shedId":"C05CAM34"}},{"type":"Feature","geometry":{"type":"Polygon","coordinates":[[[77.41947,12.85891],[77.41956,12.85887],[77.4196,12.85884],[77.4196,12.85884],[77.4196,12.85883],[77.41961,12.85883],[77.41961,12.85883],[77.41961,12.85882],[77.41961,12.85882],[77.41961,12.85881],[77.41961,12.85881],[77.41961,12.8588],[77.41961,12.8588],[77.4196,12.8588],[77.4196,12.85879],[77.4196,12.85879],[77.41959,12.85879],[77.41959,12.85879],[77.41958,12.85879],[77.41958,12.85879],[77.4195,12.85878],[77.41908,12.85884],[77.41882,12.85889],[77.41877,12.8589],[77.41871,12.8589],[77.41865,12.8589],[77.41861,12.85889],[77.41856,12.85888],[77.41835,12.85881],[77.41813,12.85871],[77.41803,12.85864],[77.418,12.85861],[77.41796,12.8586],[77.41793,12.85859],[77.41789,12.85858],[77.41786,12.85858],[77.41791,12.85879],[77.41791,12.85879],[77.41791,12.8588],[77.41791,12.8588],[77.41791,12.85881],[77.41791,12.85882],[77.41791,12.85883],[77.41791,12.85884],[77.41791,12.85885],[77.41791,12.85886],[77.41791,12.85887],[77.41791,12.85888],[77.41791,12.85889],[77.41791,12.8589],[77.41791,12.85891],[77.41792,12.85892],[77.41792,12.85893],[77.41795,12.85903],[77.41795,12.85903],[77.41796,12.85904],[77.41796,12.85904],[77.41796,12.85905],[77.41796,12.85905],[77.41796,12.85906],[77.41796,12.85906],[77.41796,12.85907],[77.41796,12.85907],[77.41796,12.85908],[77.41796,12.85909],[77.41796,12.85909],[77.41796,12.8591],[77.41797,12.8591],[77.41797,12.85911],[77.41797,12.85911],[77.41797,12.85912],[77.41797,12.85912],[77.41797,12.85913],[77.41797,12.85913],[77.41797,12.85914],[77.41797,12.85914],[77.41797,12.85915],[77.41796,12.85916],[77.41796,12.85916],[77.41796,12.85917],[77.41796,12.85917],[77.41796,12.85918],[77.41796,12.85918],[77.41796,12.85919],[77.41796,12.85919],[77.41796,12.8592],[77.41796,12.8592],[77.41796,12.85921],[77.41796,12.85922],[77.41796,12.85923],[77.41796,12.85923],[77.41796,12.85924],[77.41796,12.85925],[77.41796,12.85926],[77.41796,12.85927],[77.41796,12.85927],[77.41796,12.85928],[77.41796,12.85929],[77.41796,12.8593],[77.41797,12.85931],[77.41797,12.85931],[77.41797,12.85932],[77.41797,12.85933],[77.41797,12.85934],[77.41797,12.85935],[77.41797,12.85935],[77.41797,12.85936],[77.41798,12.85937],[77.41798,12.85938],[77.41798,12.85939],[77.41798,12.85939],[77.41798,12.8594],[77.41798,12.85941],[77.41799,12.85942],[77.41799,12.85943],[77.41799,12.85943],[77.41799,12.85944],[77.41799,12.85945],[77.418,12.85946],[77.418,12.85946],[77.418,12.85947],[77.418,12.85948],[77.41801,12.85949],[77.41801,12.85949],[77.41801,12.8595],[77.41801,12.85951],[77.41802,12.85952],[77.41802,12.85953],[77.41802,12.85953],[77.41803,12.85954],[77.41803,12.85955],[77.41816,12.85987],[77.41823,12.86006],[77.41823,12.86006],[77.41823,12.86006],[77.41823,12.86006],[77.41823,12.86007],[77.41823,12.86007],[77.41823,12.86007],[77.41823,12.86007],[77.41823,12.86007],[77.41823,12.86007],[77.41823,12.86008],[77.41823,12.86008],[77.41824,12.86008],[77.41824,12.86008],[77.41826,12.86018],[77.41828,12.86023],[77.41831,12.86025],[77.41837,12.86025],[77.41849,12.86025],[77.41851,12.86025],[77.41861,12.86023],[77.41867,12.86021],[77.41873,12.86018],[77.41878,12.86012],[77.41888,12.85995],[77.41891,12.85983],[77.41893,12.85972],[77.41892,12.85964],[77.41893,12.85957],[77.41899,12.85945],[77.41926,12.8591],[77.41938,12.85897],[77.41947,12.85891]]]},"properties":{"shedId":"C05CAM34"}},{"type":"Feature","geometry":{"type":"Polygon","coordinates":[[[77.36012,12.80958],[77.36037,12.80957],[77.36047,12.80957],[77.36053,12.80957],[77.36057,12.80955],[77.36059,12.80954],[77.36064,12.80951],[77.3607,12.80951],[77.36075,12.8095],[77.36082,12.80948],[77.36086,12.80944],[77.36088,12.80939],[77.36091,12.80913],[77.36099,12.80862],[77.36092,12.80862],[77.36092,12.80862],[77.36092,12.80862],[77.36091,12.80861],[77.36091,12.80861],[77.36091,12.80861],[77.36091,12.80861],[77.36091,12.80861],[77.36091,12.8086],[77.36091,12.8086],[77.36091,12.8086],[77.36091,12.8086],[77.36091,12.80859],[77.36091,12.80859],[77.36091,12.80859],[77.36091,12.80859],[77.36092,12.80859],[77.36092,12.80859],[77.36092,12.80859],[77.361,12.80859],[77.36101,12.80853],[77.36105,12.80835],[77.36112,12.80828],[77.36119,12.80824],[77.36124,12.80818],[77.36126,12.80813],[77.3613,12.80808],[77.36134,12.80803],[77.36137,12.80799],[77.36143,12.80791],[77.36148,12.80784],[77.3615,12.80778],[77.36154,12.8077],[77.3616,12.80763],[77.36169,12.80759],[77.36168,12.80759],[77.36168,12.80758],[77.36168,12.80758],[77.36168,12.80758],[77.36168,12.80758],[77.36167,12.80757],[77.36167,12.80757],[77.36167,12.80757],[77.36167,12.80757],[77.36166,12.80757],[77.36166,12.80756],[77.36166,12.80756],[77.36166,12.80756],[77.36165,12.80756],[77.36165,12.80755],[77.36165,12.80755],[77.36165,12.80755],[77.36165,12.80755],[77.36164,12.80755],[77.36164,12.80754],[77.36164,12.80754],[77.36163,12.80754],[77.36163,12.80753],[77.36163,12.80753],[77.36162,12.80753],[77.36162,12.80753],[77.36161,12.80752],[77.36161,12.80752],[77.36161,12.80752],[77.36156,12.80749],[77.36153,12.80748],[77.36149,12.80747],[77.36146,12.80747],[77.36144,12.80747],[77.36135,12.80747],[77.36133,12.80747],[77.36133,12.80747],[77.36129,12.80746],[77.36128,12.80746],[77.36126,12.80746],[77.36123,12.80746],[77.3612,12.80745],[77.36118,12.80745],[77.36115,12.80745],[77.36112,12.80744],[77.3611,12.80744],[77.36107,12.80743],[77.36104,12.80743],[77.36101,12.80743],[77.36099,12.80742],[77.36096,12.80742],[77.36093,12.80741],[77.36091,12.80741],[77.36088,12.80741],[77.36088,12.80741],[77.36087,12.8074],[77.36086,12.8074],[77.36085,12.8074],[77.36085,12.8074],[77.36084,12.80739],[77.36083,12.80739],[77.36082,12.80739],[77.36081,12.80739],[77.3608,12.80738],[77.3608,12.80738],[77.36079,12.80738],[77.36078,12.80738],[77.36077,12.80738],[77.36076,12.80738],[77.36076,12.80737],[77.36075,12.80737],[77.36074,12.80737],[77.36073,12.80737],[77.36072,12.80737],[77.36071,12.80737],[77.36071,12.80737],[77.3607,12.80736],[77.36069,12.80736],[77.36068,12.80736],[77.36067,12.80736],[77.36067,12.80736],[77.36066,12.80736],[77.36065,12.80736],[77.36064,12.80736],[77.36063,12.80736],[77.36062,12.80736],[77.36062,12.80736],[77.36061,12.80736],[77.3606,12.80735],[77.36059,12.80735],[77.36058,12.80735],[77.36057,12.80735],[77.36057,12.80735],[77.36056,12.80735],[77.36055,12.80735],[77.36054,12.80735],[77.36053,12.80735],[77.36052,12.80735],[77.36052,12.80735],[77.36052,12.80735],[77.36052,12.80735],[77.36051,12.80735],[77.36051,12.80735],[77.36051,12.80735],[77.36051,12.80735],[77.36051,12.80734],[77.36051,12.80734],[77.36051,12.80734],[77.36051,12.80734],[77.36051,12.80733],[77.36051,12.80733],[77.36051,12.80733],[77.36051,12.80733],[77.36033,12.80736],[77.36027,12.80737],[77.36026,12.8074],[77.36025,12.80745],[77.36023,12.80751],[77.36022,12.80758],[77.36018,12.80791],[77.36012,12.80816],[77.36007,12.80826],[77.36003,12.8083],[77.36001,12.80836],[77.36,12.80874],[77.35999,12.80951],[77.36001,12.80955],[77.36006,12.80958],[77.36012,12.80958]]]},"properties":{"shedId":"C05CAM34"}},{"type":"Feature","geometry":{"type":"Polygon","coordinates":[[[77.39317,12.84342],[77.39319,12.8434],[77.3932,12.84338],[77.3932,12.84336],[77.39321,12.84334],[77.3932,12.84331],[77.3932,12.84328],[77.39319,12.84324],[77.39319,12.84319],[77.3932,12.84313],[77.3932,12.8431],[77.39319,12.84307],[77.39317,12.84303],[77.39314,12.843],[77.39311,12.84297],[77.39307,12.84294],[77.39301,12.84291],[77.39295,12.84286],[77.3929,12.84282],[77.39285,12.84276],[77.3928,12.84271],[77.39277,12.84266],[77.39272,12.84262],[77.39268,12.84258],[77.39263,12.84254],[77.39259,12.84252],[77.39255,12.8425],[77.39252,12.84247],[77.39249,12.84243],[77.39246,12.84239],[77.39244,12.84235],[77.39242,12.8423],[77.39241,12.84225],[77.3924,12.8422],[77.3924,12.84214],[77.39238,12.8421],[77.39237,12.84207],[77.39234,12.84204],[77.39231,12.84201],[77.39228,12.84199],[77.39224,12.84198],[77.3922,12.84197],[77.3922,12.84198],[77.3922,12.84199],[77.39219,12.842],[77.39219,12.84201],[77.39219,12.84202],[77.39218,12.84203],[77.39218,12.84204],[77.39218,12.84204],[77.39218,12.84205],[77.39217,12.84206],[77.39217,12.84207],[77.39216,12.84208],[77.39216,12.84209],[77.39215,12.84211],[77.39215,12.84212],[77.39215,12.84213],[77.39214,12.84214],[77.39214,12.84215],[77.39213,12.84216],[77.39213,12.84217],[77.39213,12.84219],[77.39212,12.8422],[77.39212,12.84221],[77.39212,12.84222],[77.39211,12.84223],[77.39211,12.84224],[77.39211,12.84225],[77.3921,12.84227],[77.3921,12.84228],[77.3921,12.84229],[77.3921,12.8423],[77.39209,12.84231],[77.39209,12.84232],[77.39209,12.84234],[77.39208,12.84235],[77.39208,12.84236],[77.39208,12.84237],[77.39208,12.84238],[77.39207,12.84239],[77.39207,12.84241],[77.39207,12.84242],[77.39207,12.84243],[77.39207,12.84244],[77.39206,12.84245],[77.39206,12.84246],[77.39205,12.84256],[77.39203,12.84266],[77.39201,12.84276],[77.392,12.84286],[77.39198,12.84296],[77.39197,12.84306],[77.39195,12.84316],[77.39195,12.84316],[77.39195,12.84317],[77.39195,12.84317],[77.39195,12.84318],[77.39194,12.84318],[77.39194,12.84319],[77.39194,12.84319],[77.39194,12.8432],[77.39194,12.8432],[77.39194,12.84321],[77.39194,12.84321],[77.39194,12.84322],[77.39194,12.84322],[77.39194,12.84323],[77.39194,12.84323],[77.39194,12.84324],[77.39194,12.84324],[77.39194,12.84325],[77.39194,12.84325],[77.39194,12.84326],[77.39194,12.84326],[77.39194,12.84327],[77.39194,12.84327],[77.39194,12.84328],[77.39194,12.84328],[77.39194,12.84329],[77.39194,12.84329],[77.39194,12.84329],[77.39194,12.84329],[77.39194,12.84329],[77.39194,12.8433],[77.39194,12.8433],[77.39194,12.8433],[77.39194,12.8433],[77.39194,12.8433],[77.39194,12.84331],[77.39194,12.84331],[77.39194,12.84331],[77.39194,12.84331],[77.39195,12.84331],[77.39195,12.84331],[77.39195,12.84332],[77.39195,12.84332],[77.39195,12.84332],[77.39195,12.84332],[77.39195,12.84332],[77.39195,12.84332],[77.39196,12.84332],[77.39196,12.84333],[77.39196,12.84333],[77.39196,12.84333],[77.39196,12.84333],[77.39196,12.84333],[77.39196,12.84333],[77.39197,12.84333],[77.39197,12.84333],[77.39197,12.84333],[77.39197,12.84334],[77.39197,12.84334],[77.39197,12.84334],[77.39198,12.84334],[77.39198,12.84334],[77.39198,12.84334],[77.39198,12.84334],[77.39198,12.84334],[77.39198,12.84334],[77.39199,12.84334],[77.39199,12.84334],[77.39199,12.84334],[77.39199,12.84334],[77.392,12.84334],[77.392,12.84335],[77.392,12.84335],[77.39201,12.84335],[77.39201,12.84335],[77.39202,12.84335],[77.39202,12.84335],[77.39202,12.84336],[77.39203,12.84336],[77.39203,12.84336],[77.39204,12.84336],[77.39204,12.84336],[77.39204,12.84336],[77.39204,12.84337],[77.39205,12.84337],[77.39205,12.84337],[77.39206,12.84337],[77.39206,12.84338],[77.39206,12.84338],[77.39206,12.84338],[77.3921,12.84336],[77.39214,12.84335],[77.39218,12.84335],[77.39223,12.84335],[77.39227,12.84335],[77.39239,12.84338],[77.39251,12.84341],[77.39263,12.84345],[77.39266,12.84346],[77.39269,12.84347],[77.39272,12.84348],[77.39276,12.84348],[77.39281,12.84348],[77.39285,12.84348],[77.39289,12.84348],[77.39293,12.84348],[77.39297,12.8435],[77.39301,12.84351],[77.39303,12.84352],[77.39305,12.84352],[77.39307,12.84352],[77.39309,12.84351],[77.3931,12.8435],[77.39312,12.84349],[77.39315,12.84346],[77.39317,12.84342]]]},"properties":{"shedId":"C05CAM34"}},{"type":"Feature","geometry":{"type":"Polygon","coordinates":[[[77.38554,12.82215],[77.38564,12.82214],[77.38576,12.82214],[77.3857,12.82186],[77.38581,12.8218],[77.38576,12.82157],[77.3861,12.82151],[77.38607,12.82139],[77.38592,12.82097],[77.38588,12.82052],[77.38575,12.8203],[77.38575,12.82009],[77.38582,12.81988],[77.38621,12.81885],[77.38621,12.81885],[77.3861,12.81883],[77.38596,12.8188],[77.38589,12.8188],[77.38584,12.81883],[77.38581,12.81888],[77.38579,12.81893],[77.38578,12.81899],[77.38576,12.81908],[77.38574,12.8192],[77.38571,12.81933],[77.38565,12.81943],[77.38558,12.81952],[77.38541,12.81961],[77.38491,12.81984],[77.38484,12.81984],[77.38473,12.81983],[77.38465,12.81981],[77.38457,12.81978],[77.38448,12.81973],[77.38421,12.81965],[77.38386,12.81959],[77.38365,12.8196],[77.38358,12.81961],[77.38353,12.81964],[77.38351,12.81969],[77.38351,12.81975],[77.38354,12.81983],[77.38357,12.81989],[77.38363,12.82],[77.38369,12.82011],[77.38372,12.8203],[77.3838,12.82046],[77.38382,12.82054],[77.38384,12.82063],[77.38385,12.82084],[77.38388,12.82088],[77.38397,12.82092],[77.38409,12.82098],[77.38415,12.82104],[77.3842,12.82111],[77.38424,12.82119],[77.38428,12.82129],[77.38432,12.8214],[77.38436,12.82147],[77.38442,12.82156],[77.38449,12.82165],[77.38455,12.82171],[77.38465,12.82178],[77.38468,12.82184],[77.38471,12.82193],[77.38473,12.82202],[77.38475,12.82211],[77.38482,12.82222],[77.38491,12.82226],[77.38496,12.82227],[77.38506,12.82223],[77.38515,12.8222],[77.38524,12.82218],[77.38532,12.82217],[77.38545,12.82215],[77.38554,12.82215]]]},"properties":{"shedId":"C05CAM34"}},{"type":"Feature","geometry":{"type":"Polygon","coordinates":[[[77.39094,12.81828],[77.391,12.81827],[77.3911,12.81826],[77.39126,12.81822],[77.3919,12.81815],[77.39188,12.81807],[77.39191,12.8178],[77.39176,12.8176],[77.39167,12.8173],[77.39165,12.81716],[77.39163,12.81705],[77.39164,12.81688],[77.39163,12.81684],[77.39153,12.8168],[77.39141,12.81678],[77.39134,12.81676],[77.39114,12.81673],[77.39105,12.81671],[77.39095,12.81666],[77.39086,12.81661],[77.39079,12.81657],[77.3907,12.81653],[77.3906,12.81646],[77.39048,12.81637],[77.39043,12.81635],[77.39037,12.81628],[77.39031,12.81616],[77.39028,12.81609],[77.39018,12.81599],[77.39017,12.81601],[77.39008,12.81621],[77.39001,12.81643],[77.39001,12.81644],[77.39001,12.81645],[77.39001,12.81646],[77.39001,12.81647],[77.39001,12.81648],[77.39001,12.81649],[77.39001,12.81651],[77.39,12.81652],[77.39,12.81653],[77.39,12.81654],[77.39,12.81655],[77.39,12.81656],[77.39,12.81657],[77.39,12.81659],[77.39,12.8166],[77.39,12.81661],[77.39,12.81662],[77.39,12.81663],[77.39,12.81664],[77.39,12.81666],[77.39,12.81667],[77.39,12.81668],[77.39,12.81669],[77.39,12.8167],[77.39,12.81671],[77.39,12.81672],[77.39,12.81674],[77.39,12.81675],[77.39,12.81676],[77.39,12.81677],[77.39,12.81678],[77.39,12.81678],[77.39,12.81678],[77.39,12.81684],[77.39,12.81705],[77.38998,12.81737],[77.38997,12.81743],[77.38997,12.81743],[77.38997,12.81743],[77.38992,12.81756],[77.38989,12.81763],[77.38987,12.81773],[77.38987,12.81785],[77.38988,12.818],[77.38993,12.81817],[77.38995,12.81824],[77.39019,12.81824],[77.39053,12.8183],[77.39065,12.81831],[77.39078,12.81832],[77.39085,12.8183],[77.39094,12.81828]]]},"properties":{"shedId":"C05CAM34"}},{"type":"Feature","geometry":{"type":"Polygon","coordinates":[[[77.35864,12.81249],[77.35842,12.81238],[77.35838,12.81245],[77.35836,12.81263],[77.35832,12.8131],[77.35819,12.81339],[77.35816,12.81341],[77.35815,12.81347],[77.35825,12.81357],[77.35839,12.81363],[77.35854,12.81364],[77.35872,12.81369],[77.35887,12.8137],[77.35915,12.8137],[77.3592,12.81368],[77.35922,12.81365],[77.35922,12.81355],[77.35927,12.81347],[77.35928,12.81294],[77.35924,12.81287],[77.35918,12.81284],[77.35911,12.8128],[77.35907,12.81276],[77.359,12.81271],[77.35893,12.81265],[77.35889,12.81262],[77.35883,12.81258],[77.35875,12.81254],[77.35871,12.81251],[77.35864,12.81249]]]},"properties":{"shedId":"C05CAM34"}},{"type":"Feature","geometry":{"type":"Polygon","coordinates":[[[77.40914,12.82529],[77.40913,12.82527],[77.40911,12.82524],[77.4091,12.82522],[77.40908,12.82519],[77.40907,12.82517],[77.40905,12.82515],[77.40904,12.82512],[77.40904,12.82512],[77.40903,12.8251],[77.40902,12.82509],[77.40901,12.82507],[77.409,12.82505],[77.40899,12.82503],[77.40898,12.82501],[77.40897,12.82499],[77.40896,12.82498],[77.40895,12.82496],[77.40894,12.82494],[77.40893,12.82492],[77.40892,12.8249],[77.40891,12.82488],[77.40891,12.82487],[77.4089,12.82485],[77.40889,12.82484],[77.40887,12.82486],[77.40864,12.82507],[77.40864,12.82507],[77.40864,12.82507],[77.40863,12.82508],[77.40862,12.82508],[77.40862,12.82509],[77.40861,12.82509],[77.4086,12.8251],[77.40859,12.82511],[77.40858,12.82511],[77.40857,12.82512],[77.40857,12.82512],[77.40856,12.82513],[77.40855,12.82514],[77.40854,12.82514],[77.40853,12.82515],[77.40852,12.82515],[77.40851,12.82516],[77.40851,12.82516],[77.4085,12.82517],[77.40849,12.82517],[77.40848,12.82518],[77.40847,12.82518],[77.40846,12.82519],[77.40845,12.82519],[77.40844,12.8252],[77.40843,12.8252],[77.40842,12.82521],[77.40842,12.82521],[77.40841,12.82522],[77.4084,12.82522],[77.4084,12.82522],[77.40839,12.82523],[77.40838,12.82523],[77.40838,12.82523],[77.40837,12.82524],[77.40836,12.82524],[77.40836,12.82524],[77.40835,12.82524],[77.40834,12.82525],[77.40834,12.82525],[77.40833,12.82525],[77.40832,12.82526],[77.40831,12.82526],[77.40831,12.82526],[77.4083,12.82526],[77.40829,12.82526],[77.40829,12.82527],[77.40828,12.82527],[77.40827,12.82527],[77.40826,12.82527],[77.40826,12.82527],[77.40825,12.82528],[77.40824,12.82528],[77.40824,12.82528],[77.40823,12.82528],[77.40822,12.82528],[77.40821,12.82528],[77.40821,12.82529],[77.4082,12.82529],[77.40819,12.82529],[77.40818,12.82529],[77.40818,12.82529],[77.40817,12.82529],[77.40816,12.82529],[77.40815,12.82529],[77.40815,12.82529],[77.40814,12.8253],[77.40813,12.8253],[77.40812,12.8253],[77.40812,12.8253],[77.40811,12.8253],[77.4081,12.8253],[77.4081,12.8253],[77.40809,12.8253],[77.40808,12.8253],[77.40807,12.8253],[77.40807,12.8253],[77.40806,12.8253],[77.40805,12.8253],[77.40804,12.8253],[77.40804,12.8253],[77.40803,12.8253],[77.40802,12.8253],[77.40747,12.82526],[77.40747,12.82526],[77.40746,12.82526],[77.40745,12.82526],[77.40744,12.82526],[77.40743,12.82526],[77.40742,12.82525],[77.40741,12.82525],[77.40739,12.82525],[77.40738,12.82525],[77.40737,12.82525],[77.40736,12.82525],[77.40735,12.82525],[77.40734,12.82524],[77.40733,12.82524],[77.40732,12.82524],[77.40731,12.82524],[77.4073,12.82524],[77.40729,12.82523],[77.40727,12.82523],[77.40726,12.82523],[77.40725,12.82523],[77.40724,12.82522],[77.40723,12.82522],[77.40722,12.82522],[77.40721,12.82522],[77.4072,12.82521],[77.40719,12.82521],[77.40718,12.82521],[77.40717,12.82521],[77.40716,12.8252],[77.40715,12.8252],[77.40714,12.8252],[77.40712,12.82519],[77.40711,12.82519],[77.4071,12.82519],[77.40709,12.82518],[77.40708,12.82518],[77.40707,12.82518],[77.40706,12.82517],[77.40705,12.82517],[77.40704,12.82517],[77.40703,12.82516],[77.40702,12.82516],[77.40685,12.8251],[77.40685,12.82515],[77.40695,12.82526],[77.40695,12.82526],[77.40695,12.82526],[77.40696,12.82526],[77.40696,12.82527],[77.40696,12.82527],[77.40697,12.82527],[77.40697,12.82528],[77.40697,12.82528],[77.40698,12.82528],[77.40698,12.82528],[77.40698,12.82529],[77.40699,12.82529],[77.40699,12.82529],[77.407,12.82529],[77.407,12.8253],[77.407,12.8253],[77.40701,12.8253],[77.40701,12.8253],[77.40701,12.82531],[77.40702,12.82531],[77.40702,12.82531],[77.40703,12.82531],[77.40703,12.82531],[77.40704,12.82532],[77.40704,12.82532],[77.40704,12.82532],[77.40705,12.82532],[77.40705,12.82532],[77.40706,12.82532],[77.40706,12.82532],[77.40706,12.82533],[77.40707,12.82533],[77.40707,12.82533],[77.40707,12.82533],[77.40708,12.82533],[77.40708,12.82534],[77.40709,12.82534],[77.40709,12.82534],[77.40709,12.82534],[77.4071,12.82534],[77.4071,12.82535],[77.4071,12.82535],[77.40711,12.82535],[77.40711,12.82535],[77.40712,12.82536],[77.40712,12.82536],[77.40712,12.82536],[77.40713,12.82536],[77.40713,12.82537],[77.40713,12.82537],[77.40714,12.82537],[77.40714,12.82538],[77.40714,12.82538],[77.40715,12.82538],[77.40715,12.82538],[77.40715,12.82539],[77.40715,12.82539],[77.40716,12.82539],[77.40716,12.8254],[77.40716,12.8254],[77.40717,12.8254],[77.40717,12.82541],[77.40717,12.82541],[77.40718,12.82542],[77.40719,12.82542],[77.4072,12.82543],[77.4072,12.82544],[77.40721,12.82544],[77.40722,12.82545],[77.40723,12.82545],[77.40723,12.82546],[77.40724,12.82547],[77.40725,12.82547],[77.40726,12.82548],[77.40726,12.82548],[77.40727,12.82549],[77.40728,12.82549],[77.40729,12.8255],[77.40729,12.8255],[77.4073,12.82551],[77.40731,12.82552],[77.40731,12.82552],[77.40732,12.82552],[77.40732,12.82552],[77.40733,12.82553],[77.40733,12.82553],[77.40734,12.82554],[77.40734,12.82554],[77.40735,12.82554],[77.40735,12.82555],[77.40735,12.82555],[77.40736,12.82556],[77.40736,12.82556],[77.40737,12.82557],[77.40737,12.82557],[77.40738,12.82558],[77.40738,12.82558],[77.40739,12.82558],[77.40739,12.82559],[77.40739,12.82559],[77.4074,12.8256],[77.4074,12.8256],[77.40741,12.82561],[77.40741,12.82561],[77.40742,12.82562],[77.40742,12.82562],[77.40742,12.82563],[77.40743,12.82563],[77.40743,12.82564],[77.40743,12.82564],[77.40744,12.82565],[77.40744,12.82566],[77.40744,12.82566],[77.40745,12.82567],[77.40745,12.82567],[77.40745,12.82568],[77.40746,12.82568],[77.40746,12.82569],[77.40746,12.82569],[77.40747,12.8257],[77.40747,12.8257],[77.40747,12.82571],[77.40748,12.82572],[77.40748,12.82572],[77.40748,12.82573],[77.40748,12.82573],[77.40749,12.82574],[77.40749,12.82575],[77.40749,12.82575],[77.40749,12.82576],[77.4075,12.82576],[77.4075,12.82577],[77.4075,12.82577],[77.4075,12.82578],[77.4075,12.82578],[77.4075,12.82579],[77.4075,12.82579],[77.40751,12.8258],[77.40751,12.8258],[77.40751,12.82581],[77.40751,12.82581],[77.40751,12.82582],[77.40751,12.82582],[77.40751,12.82582],[77.40752,12.82583],[77.40752,12.82583],[77.40752,12.82584],[77.40752,12.82584],[77.40752,12.82585],[77.40753,12.82585],[77.40753,12.82586],[77.40753,12.82586],[77.40753,12.82586],[77.40753,12.82587],[77.40754,12.82587],[77.40754,12.82588],[77.40754,12.82588],[77.40754,12.82589],[77.40755,12.82589],[77.40755,12.82589],[77.40755,12.8259],[77.40755,12.8259],[77.40756,12.82591],[77.40756,12.82591],[77.40756,12.82592],[77.40757,12.82592],[77.40757,12.82592],[77.40757,12.82593],[77.40757,12.82593],[77.40758,12.82593],[77.40758,12.82594],[77.40758,12.82594],[77.40759,12.82595],[77.40759,12.82595],[77.40759,12.82595],[77.4076,12.82596],[77.4076,12.82596],[77.4076,12.82596],[77.40761,12.82597],[77.40761,12.82597],[77.40762,12.82597],[77.40762,12.82598],[77.40762,12.82598],[77.40763,12.82598],[77.40764,12.82599],[77.40764,12.82599],[77.40765,12.826],[77.40765,12.826],[77.40766,12.82601],[77.40767,12.82601],[77.40767,12.82601],[77.40768,12.82602],[77.40769,12.82602],[77.40769,12.82603],[77.4077,12.82603],[77.40771,12.82603],[77.40771,12.82604],[77.40772,12.82604],[77.40773,12.82604],[77.40774,12.82605],[77.40774,12.82605],[77.40775,12.82606],[77.40776,12.82606],[77.40776,12.82606],[77.40777,12.82607],[77.40778,12.82607],[77.40779,12.82607],[77.40779,12.82608],[77.4078,12.82608],[77.40781,12.82608],[77.40781,12.82608],[77.40782,12.82609],[77.40782,12.82609],[77.40783,12.82609],[77.40784,12.82609],[77.40784,12.8261],[77.40785,12.8261],[77.40786,12.8261],[77.40786,12.82611],[77.40787,12.82611],[77.40788,12.82612],[77.40789,12.82612],[77.40789,12.82612],[77.4079,12.82613],[77.40791,12.82613],[77.40791,12.82614],[77.40792,12.82614],[77.40793,12.82614],[77.40793,12.82615],[77.40794,12.82615],[77.40795,12.82616],[77.40795,12.82616],[77.40796,12.82617],[77.40797,12.82617],[77.40797,12.82618],[77.40798,12.82618],[77.40798,12.82618],[77.40799,12.82619],[77.408,12.82619],[77.408,12.8262],[77.40801,12.8262],[77.40802,12.82621],[77.40802,12.82621],[77.40803,12.82622],[77.40803,12.82622],[77.40804,12.82623],[77.40819,12.82635],[77.40819,12.82635],[77.4084,12.82654],[77.40857,12.82667],[77.40874,12.82679],[77.40874,12.82679],[77.40874,12.8268],[77.40875,12.8268],[77.40875,12.82681],[77.40876,12.82681],[77.40877,12.82681],[77.40877,12.82682],[77.40878,12.82682],[77.40878,12.82683],[77.40879,12.82683],[77.40879,12.82684],[77.4088,12.82684],[77.4088,12.82685],[77.40881,12.82685],[77.40881,12.82686],[77.40882,12.82687],[77.40882,12.82687],[77.40883,12.82688],[77.40883,12.82688],[77.40884,12.82689],[77.40884,12.82689],[77.40884,12.8269],[77.40885,12.8269],[77.40885,12.82691],[77.40886,12.82691],[77.40886,12.82692],[77.40887,12.82693],[77.40887,12.82693],[77.40888,12.82694],[77.40888,12.82694],[77.40888,12.82695],[77.40889,12.82696],[77.40889,12.82696],[77.40889,12.82697],[77.4089,12.82697],[77.4089,12.82698],[77.40891,12.82699],[77.40891,12.82699],[77.40891,12.827],[77.40892,12.82701],[77.40892,12.82701],[77.40892,12.82702],[77.40893,12.82702],[77.40893,12.82703],[77.40893,12.82704],[77.40894,12.82704],[77.40894,12.82705],[77.40894,12.82706],[77.40894,12.82706],[77.40895,12.82707],[77.40895,12.82708],[77.40895,12.82708],[77.40896,12.82709],[77.40896,12.8271],[77.40896,12.82711],[77.40897,12.82711],[77.40897,12.82712],[77.40897,12.82713],[77.40898,12.82713],[77.40898,12.82714],[77.40898,12.82715],[77.40899,12.82716],[77.40899,12.82716],[77.40899,12.82717],[77.409,12.82718],[77.409,12.82718],[77.40901,12.82719],[77.40901,12.8272],[77.40901,12.8272],[77.40902,12.82721],[77.40902,12.82722],[77.40903,12.82722],[77.40903,12.82723],[77.40904,12.82724],[77.40904,12.82724],[77.40904,12.82725],[77.40905,12.82725],[77.40905,12.82726],[77.40906,12.82727],[77.40906,12.82727],[77.40907,12.82728],[77.40907,12.82729],[77.40908,12.82729],[77.40908,12.8273],[77.40909,12.8273],[77.40909,12.82731],[77.4091,12.82732],[77.4091,12.82732],[77.40911,12.82733],[77.40911,12.82733],[77.40912,12.82734],[77.40912,12.82735],[77.40913,12.82735],[77.40913,12.82735],[77.40913,12.82735],[77.40926,12.82753],[77.40926,12.82753],[77.40927,12.82754],[77.40927,12.82754],[77.40928,12.82755],[77.40928,12.82755],[77.4093,12.82756],[77.40931,12.82755],[77.40932,12.82754],[77.40932,12.82754],[77.40933,12.82753],[77.40933,12.82752],[77.40933,12.82751],[77.40933,12.8275],[77.40933,12.82749],[77.40932,12.82746],[77.4093,12.82742],[77.40928,12.82738],[77.40928,12.82732],[77.40929,12.82725],[77.40933,12.82719],[77.4094,12.82715],[77.40949,12.82713],[77.40956,12.8271],[77.40961,12.82705],[77.40962,12.82699],[77.40962,12.82687],[77.40963,12.82681],[77.40968,12.82676],[77.40974,12.82671],[77.4098,12.82666],[77.40985,12.8266],[77.40987,12.82652],[77.40986,12.82643],[77.40982,12.82626],[77.40947,12.82578],[77.40947,12.82578],[77.40945,12.82576],[77.40943,12.82573],[77.40942,12.82571],[77.4094,12.82569],[77.40939,12.82566],[77.40937,12.82564],[77.40935,12.82562],[77.40934,12.8256],[77.40932,12.82557],[77.40931,12.82555],[77.40929,12.82553],[77.40928,12.8255],[77.40926,12.82548],[77.40925,12.82545],[77.40923,12.82543],[77.40922,12.82541],[77.4092,12.82538],[77.40919,12.82536],[77.40917,12.82534],[77.40916,12.82531],[77.40914,12.82529]]]},"properties":{"shedId":"C05CAM34"}},{"type":"Feature","geometry":{"type":"Polygon","coordinates":[[[77.40724,12.81619],[77.40724,12.81605],[77.40724,12.81604],[77.40723,12.81602],[77.40721,12.81601],[77.4072,12.81599],[77.40719,12.81597],[77.40718,12.81596],[77.40717,12.81594],[77.40716,12.81593],[77.40715,12.81591],[77.40714,12.81589],[77.40713,12.81588],[77.40711,12.81586],[77.4071,12.81585],[77.40709,12.81583],[77.40708,12.81581],[77.40707,12.8158],[77.40706,12.81578],[77.40705,12.81577],[77.40703,12.81575],[77.40702,12.81574],[77.40701,12.81572],[77.407,12.8157],[77.40699,12.81569],[77.40697,12.81567],[77.40696,12.81566],[77.40695,12.81564],[77.4069,12.81558],[77.40684,12.81562],[77.40684,12.81562],[77.40656,12.81579],[77.4064,12.81589],[77.40639,12.81589],[77.40639,12.81589],[77.40638,12.8159],[77.40637,12.8159],[77.40636,12.81591],[77.40635,12.81591],[77.40634,12.81592],[77.40633,12.81592],[77.40632,12.81593],[77.40631,12.81593],[77.4063,12.81593],[77.40629,12.81594],[77.40628,12.81594],[77.40626,12.81595],[77.40625,12.81595],[77.40624,12.81596],[77.40623,12.81596],[77.40622,12.81596],[77.40621,12.81597],[77.4062,12.81597],[77.40619,12.81598],[77.40618,12.81598],[77.40616,12.81598],[77.40615,12.81599],[77.40614,12.81599],[77.40613,12.81599],[77.40612,12.816],[77.40611,12.816],[77.4061,12.816],[77.40609,12.81601],[77.40607,12.81601],[77.40606,12.81601],[77.40605,12.81602],[77.40604,12.81602],[77.40603,12.81602],[77.40602,12.81603],[77.40601,12.81603],[77.40599,12.81603],[77.40598,12.81603],[77.40597,12.81604],[77.40596,12.81604],[77.40568,12.81611],[77.40568,12.81611],[77.40567,12.81611],[77.40566,12.81611],[77.40565,12.81611],[77.40564,12.81611],[77.40563,12.81611],[77.40562,12.81611],[77.40561,12.81612],[77.4056,12.81612],[77.40559,12.81612],[77.40558,12.81612],[77.40557,12.81612],[77.40556,12.81612],[77.40555,12.81612],[77.40554,12.81612],[77.40553,12.81612],[77.40552,12.81612],[77.40552,12.81612],[77.40551,12.81612],[77.4055,12.81612],[77.40549,12.81612],[77.40548,12.81612],[77.40547,12.81612],[77.40546,12.81612],[77.40545,12.81612],[77.40544,12.81612],[77.40543,12.81612],[77.40542,12.81612],[77.40541,12.81612],[77.4054,12.81612],[77.40539,12.81612],[77.40538,12.81612],[77.40537,12.81612],[77.40536,12.81612],[77.40535,12.81612],[77.40534,12.81612],[77.40533,12.81612],[77.40533,12.81612],[77.40532,12.81612],[77.40531,12.81612],[77.4053,12.81611],[77.40529,12.81611],[77.40528,12.81611],[77.40527,12.81611],[77.40526,12.81611],[77.40525,12.81611],[77.40524,12.81611],[77.40523,12.8161],[77.40523,12.8161],[77.405,12.81604],[77.405,12.81604],[77.405,12.81604],[77.40491,12.816],[77.40491,12.816],[77.40491,12.816],[77.40491,12.816],[77.40491,12.816],[77.40491,12.816],[77.40491,12.816],[77.4049,12.816],[77.4049,12.816],[77.4049,12.816],[77.4049,12.816],[77.4049,12.816],[77.4049,12.816],[77.4049,12.816],[77.40489,12.816],[77.40489,12.816],[77.40489,12.816],[77.40489,12.816],[77.40489,12.81599],[77.40489,12.81599],[77.40487,12.8161],[77.40487,12.81617],[77.40489,12.8163],[77.40492,12.81647],[77.40498,12.81649],[77.40502,12.81649],[77.40507,12.8165],[77.40512,12.8165],[77.40517,12.81652],[77.40522,12.81656],[77.40528,12.81661],[77.40533,12.81664],[77.40539,12.81667],[77.40557,12.81669],[77.40567,12.81672],[77.40575,12.81673],[77.40583,12.81678],[77.40589,12.81684],[77.40593,12.8169],[77.40597,12.817],[77.40598,12.81709],[77.406,12.8176],[77.40605,12.81785],[77.40609,12.81792],[77.40617,12.818],[77.40622,12.81805],[77.40629,12.81813],[77.40646,12.81841],[77.40656,12.81853],[77.4066,12.81855],[77.40665,12.81854],[77.40671,12.81852],[77.40688,12.81848],[77.40761,12.81832],[77.40775,12.81827],[77.40782,12.81818],[77.40784,12.81812],[77.40782,12.81799],[77.4078,12.81791],[77.40776,12.81784],[77.4077,12.81774],[77.40762,12.81764],[77.40758,12.81756],[77.40757,12.81749],[77.40757,12.81743],[77.40757,12.81737],[77.40755,12.81732],[77.40747,12.81715],[77.40738,12.81698],[77.40731,12.81688],[77.40725,12.81675],[77.40722,12.81664],[77.40722,12.81634],[77.40724,12.81619]]]},"properties":{"shedId":"C05CAM34"}},{"type":"Feature","geometry":{"type":"Polygon","coordinates":[[[77.41516,12.82062],[77.41521,12.8206],[77.41523,12.82065],[77.41541,12.82059],[77.41541,12.82059],[77.41541,12.82059],[77.41542,12.82058],[77.41543,12.82058],[77.41545,12.82058],[77.41546,12.82058],[77.41547,12.82058],[77.41548,12.82058],[77.41549,12.82058],[77.4155,12.82058],[77.41552,12.82057],[77.41553,12.82057],[77.41554,12.82057],[77.41555,12.82057],[77.41556,12.82057],[77.41558,12.82057],[77.41559,12.82057],[77.4156,12.82057],[77.41561,12.82057],[77.41562,12.82057],[77.41563,12.82057],[77.41565,12.82057],[77.41566,12.82057],[77.41567,12.82057],[77.41568,12.82057],[77.41569,12.82057],[77.4157,12.82057],[77.41572,12.82057],[77.41573,12.82057],[77.41574,12.82057],[77.41575,12.82057],[77.41576,12.82057],[77.41577,12.82057],[77.41579,12.82057],[77.4158,12.82057],[77.41581,12.82057],[77.41582,12.82058],[77.41583,12.82058],[77.41584,12.82058],[77.41586,12.82058],[77.41587,12.82058],[77.41588,12.82058],[77.41589,12.82058],[77.4159,12.82058],[77.41591,12.82059],[77.41593,12.82059],[77.41594,12.82059],[77.41595,12.82059],[77.41596,12.82059],[77.41597,12.82059],[77.41598,12.8206],[77.416,12.8206],[77.41601,12.8206],[77.41627,12.82064],[77.41628,12.82064],[77.41628,12.82063],[77.41628,12.82059],[77.41626,12.82054],[77.41619,12.82047],[77.41617,12.82041],[77.41616,12.82033],[77.41619,12.82023],[77.41622,12.82015],[77.41626,12.82008],[77.41628,12.82001],[77.4163,12.81994],[77.41632,12.81987],[77.41633,12.81981],[77.41632,12.81974],[77.41631,12.81969],[77.41626,12.81966],[77.41616,12.81966],[77.41606,12.81965],[77.41599,12.81965],[77.41589,12.81962],[77.41576,12.81958],[77.41562,12.81953],[77.41536,12.81939],[77.41527,12.81933],[77.41522,12.8193],[77.41516,12.81927],[77.4151,12.81925],[77.41506,12.81923],[77.41501,12.81923],[77.41498,12.81924],[77.41498,12.8193],[77.41497,12.81935],[77.41497,12.81939],[77.41497,12.81944],[77.41495,12.8195],[77.41491,12.81957],[77.41486,12.81966],[77.41481,12.81973],[77.41477,12.8198],[77.41472,12.81989],[77.41466,12.82002],[77.4146,12.82016],[77.41454,12.82026],[77.41448,12.82035],[77.41445,12.82041],[77.41444,12.82047],[77.41443,12.82053],[77.41443,12.82056],[77.41442,12.82056],[77.41443,12.82057],[77.41443,12.82057],[77.41443,12.82057],[77.41444,12.82057],[77.41444,12.82057],[77.41444,12.82057],[77.41445,12.82058],[77.41445,12.82058],[77.41445,12.82058],[77.41446,12.82058],[77.41446,12.82059],[77.41446,12.82059],[77.41447,12.82059],[77.41447,12.8206],[77.41447,12.8206],[77.41448,12.8206],[77.41448,12.8206],[77.41448,12.82061],[77.41449,12.82061],[77.41449,12.82061],[77.41449,12.82062],[77.4145,12.82062],[77.4145,12.82062],[77.4145,12.82063],[77.4145,12.82063],[77.4145,12.82063],[77.41451,12.82063],[77.41451,12.82064],[77.41451,12.82064],[77.41452,12.82064],[77.41452,12.82065],[77.41452,12.82065],[77.41452,12.82065],[77.41452,12.82066],[77.41452,12.82066],[77.41453,12.82066],[77.41453,12.82066],[77.41453,12.82067],[77.41453,12.82067],[77.41453,12.82067],[77.41454,12.82068],[77.41454,12.82068],[77.41454,12.82068],[77.41454,12.82069],[77.41455,12.82069],[77.41455,12.82069],[77.41455,12.8207],[77.41456,12.8207],[77.41456,12.8207],[77.41456,12.82071],[77.41456,12.82071],[77.41457,12.82071],[77.41457,12.82071],[77.41457,12.82072],[77.41458,12.82072],[77.41458,12.82072],[77.41458,12.82072],[77.41459,12.82073],[77.41459,12.82073],[77.41459,12.82073],[77.4146,12.82073],[77.4146,12.82074],[77.4146,12.82074],[77.41461,12.82074],[77.41461,12.82074],[77.41461,12.82074],[77.41461,12.82074],[77.41471,12.82077],[77.41472,12.82077],[77.41472,12.82077],[77.41473,12.82077],[77.41474,12.82077],[77.41474,12.82077],[77.41475,12.82078],[77.41475,12.82078],[77.41476,12.82078],[77.41476,12.82078],[77.41477,12.82078],[77.41477,12.82078],[77.41478,12.82078],[77.41478,12.82078],[77.41479,12.82078],[77.41479,12.82078],[77.4148,12.82078],[77.4148,12.82078],[77.41481,12.82078],[77.41481,12.82078],[77.41482,12.82078],[77.41482,12.82078],[77.41482,12.82078],[77.41483,12.82078],[77.41483,12.82078],[77.41484,12.82078],[77.41484,12.82078],[77.41485,12.82078],[77.41485,12.82078],[77.41486,12.82078],[77.41486,12.82078],[77.41486,12.82078],[77.41487,12.82078],[77.41487,12.82078],[77.41488,12.82078],[77.41488,12.82078],[77.41488,12.82077],[77.41489,12.82077],[77.41489,12.82077],[77.4149,12.82077],[77.4149,12.82077],[77.41491,12.82077],[77.41491,12.82077],[77.41491,12.82077],[77.41492,12.82076],[77.41507,12.82071],[77.41518,12.82067],[77.41516,12.82062]]]},"properties":{"shedId":"C05CAM34"}},{"type":"Feature","geometry":{"type":"Polygon","coordinates":[[[77.4113,12.80829],[77.41124,12.80818],[77.41122,12.80809],[77.4112,12.80801],[77.41115,12.80788],[77.41107,12.80773],[77.41106,12.80773],[77.41106,12.80773],[77.41106,12.80772],[77.41105,12.80772],[77.41105,12.80772],[77.41105,12.80772],[77.41104,12.80772],[77.41104,12.80771],[77.41104,12.80771],[77.41104,12.80771],[77.41103,12.80771],[77.41103,12.8077],[77.41103,12.8077],[77.41102,12.8077],[77.41102,12.8077],[77.41102,12.80769],[77.41102,12.80769],[77.41101,12.80769],[77.41101,12.80768],[77.41101,12.80768],[77.41101,12.80768],[77.411,12.80768],[77.411,12.80767],[77.411,12.80767],[77.411,12.80767],[77.411,12.80766],[77.41099,12.80766],[77.41099,12.80766],[77.41099,12.80765],[77.41099,12.80765],[77.41099,12.80765],[77.41098,12.80764],[77.41098,12.80764],[77.41098,12.80764],[77.41098,12.80763],[77.41098,12.80763],[77.41098,12.80762],[77.41098,12.80762],[77.41098,12.80762],[77.41097,12.80761],[77.41097,12.80761],[77.41097,12.80761],[77.41097,12.8076],[77.41097,12.8076],[77.41097,12.8076],[77.41097,12.80759],[77.41097,12.80759],[77.41097,12.80759],[77.41097,12.80758],[77.4109,12.80737],[77.4109,12.80737],[77.41089,12.80737],[77.41089,12.80736],[77.41089,12.80736],[77.41089,12.80735],[77.41088,12.80735],[77.41088,12.80734],[77.41088,12.80734],[77.41088,12.80734],[77.41088,12.80733],[77.41087,12.80733],[77.41087,12.80732],[77.41087,12.80732],[77.41087,12.80731],[77.41087,12.80731],[77.41087,12.8073],[77.41086,12.8073],[77.41086,12.80729],[77.41086,12.80729],[77.41086,12.80729],[77.41086,12.80728],[77.41086,12.80728],[77.41086,12.80727],[77.41086,12.80727],[77.41085,12.80726],[77.41085,12.80726],[77.41085,12.80725],[77.41085,12.80725],[77.41085,12.80724],[77.41085,12.80724],[77.41085,12.80723],[77.41085,12.80723],[77.41085,12.80722],[77.41085,12.80722],[77.41085,12.80721],[77.41085,12.80721],[77.41085,12.8072],[77.41085,12.8072],[77.41085,12.80719],[77.41085,12.80719],[77.41085,12.80719],[77.41085,12.80718],[77.41085,12.80718],[77.41085,12.80717],[77.41085,12.80717],[77.41085,12.80716],[77.41085,12.80716],[77.41085,12.80715],[77.41085,12.80715],[77.41085,12.80714],[77.41086,12.80714],[77.41086,12.80713],[77.41086,12.80713],[77.41086,12.80712],[77.41086,12.80712],[77.41086,12.80711],[77.41086,12.80711],[77.41086,12.8071],[77.41087,12.8071],[77.41087,12.8071],[77.41087,12.80709],[77.41087,12.80709],[77.41087,12.80708],[77.41087,12.80708],[77.41088,12.80707],[77.41088,12.80707],[77.41088,12.80706],[77.41088,12.80706],[77.41089,12.80706],[77.41089,12.80705],[77.41099,12.80679],[77.41098,12.80679],[77.41098,12.80679],[77.41098,12.80679],[77.41098,12.80679],[77.41087,12.80675],[77.41087,12.80675],[77.41086,12.80675],[77.41086,12.80675],[77.41086,12.80675],[77.41086,12.80675],[77.41086,12.80674],[77.41086,12.80674],[77.41085,12.80674],[77.41085,12.80674],[77.41085,12.80674],[77.41085,12.80674],[77.41085,12.80674],[77.41085,12.80674],[77.41085,12.80674],[77.41084,12.80674],[77.41084,12.80674],[77.41084,12.80674],[77.41084,12.80674],[77.41084,12.80674],[77.41084,12.80674],[77.41083,12.80674],[77.41083,12.80674],[77.41083,12.80674],[77.41083,12.80674],[77.41083,12.80674],[77.41083,12.80674],[77.41083,12.80675],[77.41082,12.80675],[77.41082,12.80675],[77.41082,12.80675],[77.41082,12.80675],[77.41082,12.80675],[77.41082,12.80675],[77.41082,12.80675],[77.41082,12.80675],[77.41081,12.80675],[77.41081,12.80675],[77.41081,12.80675],[77.41081,12.80676],[77.41081,12.80676],[77.41081,12.80676],[77.41081,12.80676],[77.41081,12.80676],[77.41081,12.80676],[77.4108,12.80676],[77.4108,12.80676],[77.4108,12.80676],[77.4108,12.80677],[77.4108,12.80677],[77.4108,12.80677],[77.4108,12.80677],[77.4108,12.80677],[77.4108,12.80677],[77.4108,12.80677],[77.4108,12.80678],[77.4108,12.80678],[77.4108,12.80679],[77.4108,12.80679],[77.41081,12.8068],[77.41081,12.8068],[77.41081,12.8068],[77.41081,12.80681],[77.41081,12.80681],[77.41081,12.80682],[77.41081,12.80682],[77.41081,12.80683],[77.41081,12.80683],[77.41081,12.80683],[77.41081,12.80684],[77.41081,12.80684],[77.41081,12.80685],[77.41081,12.80685],[77.41081,12.80686],[77.41081,12.80686],[77.41081,12.80687],[77.41081,12.80687],[77.41081,12.80687],[77.41081,12.80688],[77.41081,12.80688],[77.41081,12.80689],[77.41081,12.80689],[77.41081,12.8069],[77.41081,12.8069],[77.41081,12.8069],[77.41081,12.80691],[77.41081,12.80691],[77.4108,12.80692],[77.4108,12.80692],[77.4108,12.80693],[77.4108,12.80693],[77.4108,12.80693],[77.4108,12.80694],[77.4108,12.80694],[77.41079,12.80695],[77.41079,12.80695],[77.41079,12.80696],[77.41079,12.80696],[77.41079,12.80696],[77.41079,12.80697],[77.41078,12.80697],[77.41078,12.80698],[77.41078,12.80698],[77.41078,12.80698],[77.41077,12.80699],[77.41077,12.80699],[77.41077,12.80699],[77.41077,12.807],[77.41076,12.807],[77.41076,12.80701],[77.41076,12.80701],[77.41076,12.80701],[77.41076,12.80701],[77.41075,12.80702],[77.41051,12.80723],[77.4105,12.80723],[77.4105,12.80724],[77.41049,12.80725],[77.41048,12.80725],[77.41048,12.80726],[77.41047,12.80726],[77.41047,12.80727],[77.41046,12.80727],[77.41045,12.80728],[77.41045,12.80728],[77.41044,12.80729],[77.41043,12.8073],[77.41043,12.8073],[77.41042,12.80731],[77.41041,12.80731],[77.41041,12.80732],[77.4104,12.80732],[77.41039,12.80733],[77.41039,12.80733],[77.41038,12.80734],[77.41037,12.80734],[77.41037,12.80735],[77.41036,12.80735],[77.41035,12.80735],[77.41035,12.80736],[77.41034,12.80736],[77.41033,12.80737],[77.41033,12.80737],[77.41032,12.80738],[77.41031,12.80738],[77.4103,12.80739],[77.4103,12.80739],[77.41029,12.80739],[77.41028,12.8074],[77.41028,12.8074],[77.41027,12.80741],[77.40997,12.80759],[77.40996,12.80759],[77.40995,12.8076],[77.40994,12.8076],[77.40993,12.80761],[77.40992,12.80761],[77.40991,12.80762],[77.4099,12.80762],[77.40989,12.80763],[77.40988,12.80763],[77.40987,12.80764],[77.40986,12.80764],[77.40985,12.80765],[77.40984,12.80765],[77.40983,12.80766],[77.40982,12.80766],[77.40981,12.80767],[77.4098,12.80767],[77.40979,12.80768],[77.40978,12.80768],[77.40977,12.80769],[77.40976,12.80769],[77.40975,12.80769],[77.40974,12.8077],[77.40972,12.8077],[77.40971,12.80771],[77.4097,12.80771],[77.4097,12.80771],[77.40957,12.80775],[77.40948,12.80779],[77.40942,12.80782],[77.40933,12.80789],[77.40933,12.8079],[77.40917,12.80799],[77.40917,12.80799],[77.40917,12.80799],[77.40903,12.80803],[77.40901,12.80804],[77.409,12.80805],[77.40902,12.8081],[77.40905,12.80813],[77.4091,12.80816],[77.40917,12.80818],[77.40924,12.80817],[77.4093,12.80815],[77.40938,12.80813],[77.40945,12.80811],[77.40954,12.80811],[77.40963,12.80812],[77.40972,12.80817],[77.4098,12.80824],[77.40986,12.80828],[77.40991,12.80831],[77.40995,12.80831],[77.40999,12.80828],[77.41004,12.80824],[77.41007,12.80824],[77.4101,12.80824],[77.41014,12.80826],[77.41019,12.80829],[77.41022,12.80833],[77.41031,12.80844],[77.41054,12.80866],[77.41059,12.80871],[77.41065,12.8088],[77.41073,12.80894],[77.41078,12.80904],[77.41083,12.80909],[77.41089,12.8091],[77.41097,12.80909],[77.41106,12.80907],[77.41117,12.80903],[77.41126,12.80898],[77.41132,12.80894],[77.41141,12.80887],[77.41144,12.80881],[77.41144,12.80874],[77.41144,12.80871],[77.41141,12.80851],[77.41138,12.80845],[77.41134,12.80837],[77.4113,12.80829]]]},"properties":{"shedId":"C05CAM34"}},{"type":"Feature","geometry":{"type":"Polygon","coordinates":[[[77.38521,12.81107],[77.38507,12.81069],[77.38496,12.81089],[77.38496,12.81089],[77.3848,12.81118],[77.38468,12.81142],[77.38468,12.81142],[77.38468,12.81143],[77.38467,12.81143],[77.38467,12.81144],[77.38467,12.81144],[77.38466,12.81145],[77.38466,12.81145],[77.38466,12.81146],[77.38466,12.81146],[77.38465,12.81147],[77.38465,12.81147],[77.38465,12.81147],[77.38464,12.81148],[77.38464,12.81148],[77.38464,12.81149],[77.38463,12.81149],[77.38463,12.8115],[77.38463,12.8115],[77.38462,12.8115],[77.38462,12.81151],[77.38461,12.81151],[77.38461,12.81152],[77.38461,12.81152],[77.3846,12.81152],[77.3846,12.81153],[77.3846,12.81153],[77.38459,12.81154],[77.38459,12.81154],[77.38458,12.81154],[77.38458,12.81155],[77.38457,12.81155],[77.38457,12.81155],[77.38439,12.81166],[77.38409,12.81184],[77.38409,12.81185],[77.38408,12.81185],[77.38408,12.81185],[77.38408,12.81185],[77.38408,12.81185],[77.38407,12.81186],[77.38407,12.81186],[77.38407,12.81186],[77.38407,12.81186],[77.38407,12.81186],[77.38406,12.81187],[77.38406,12.81187],[77.38406,12.81187],[77.38406,12.81187],[77.38406,12.81188],[77.38406,12.81188],[77.38405,12.81188],[77.38405,12.81188],[77.38405,12.81189],[77.38405,12.81189],[77.38405,12.81189],[77.38405,12.81189],[77.38404,12.8119],[77.38404,12.8119],[77.38404,12.8119],[77.38404,12.8119],[77.38404,12.81191],[77.38404,12.81191],[77.38404,12.81191],[77.38404,12.81192],[77.38404,12.81192],[77.38404,12.81192],[77.38403,12.81192],[77.38403,12.81193],[77.38403,12.81193],[77.38403,12.81193],[77.38403,12.81194],[77.38403,12.81194],[77.38403,12.81194],[77.38403,12.81194],[77.38403,12.81195],[77.38403,12.81195],[77.38403,12.81195],[77.38403,12.81196],[77.38403,12.81196],[77.38403,12.81196],[77.38403,12.81197],[77.38403,12.81197],[77.38403,12.81197],[77.38403,12.81197],[77.38403,12.81198],[77.38403,12.81198],[77.38403,12.81198],[77.38403,12.81199],[77.38403,12.81199],[77.38404,12.81199],[77.38404,12.81199],[77.38404,12.812],[77.38404,12.812],[77.38404,12.812],[77.38404,12.81201],[77.38404,12.81201],[77.38406,12.81211],[77.38406,12.81211],[77.38407,12.81224],[77.38407,12.81224],[77.38407,12.81224],[77.38406,12.81239],[77.38406,12.81245],[77.38425,12.81246],[77.38431,12.8125],[77.38436,12.81261],[77.38436,12.81271],[77.3844,12.81281],[77.38443,12.81293],[77.38447,12.81304],[77.38449,12.81313],[77.38452,12.8132],[77.38458,12.81329],[77.38478,12.81338],[77.3849,12.81347],[77.38495,12.81353],[77.38497,12.81359],[77.38507,12.81363],[77.38521,12.81362],[77.38532,12.81361],[77.38539,12.81354],[77.38541,12.81331],[77.38535,12.81187],[77.38547,12.8118],[77.38521,12.81107]]]},"properties":{"shedId":"C05CAM34"}},{"type":"Feature","geometry":{"type":"Polygon","coordinates":[[[77.36159,12.83184],[77.36151,12.83183],[77.36142,12.83183],[77.36128,12.83184],[77.36128,12.83184],[77.36117,12.83184],[77.36117,12.83184],[77.36116,12.83184],[77.36108,12.83184],[77.36107,12.83184],[77.36101,12.83183],[77.36094,12.83182],[77.36095,12.83189],[77.36096,12.83202],[77.36099,12.83218],[77.36099,12.83219],[77.361,12.83232],[77.361,12.83232],[77.361,12.83233],[77.36099,12.83243],[77.36099,12.83243],[77.36098,12.83255],[77.36098,12.83255],[77.36096,12.83265],[77.36096,12.83266],[77.3609,12.83288],[77.3609,12.83288],[77.36084,12.83306],[77.36084,12.83306],[77.36076,12.83331],[77.36086,12.83339],[77.36091,12.83342],[77.36103,12.83347],[77.3612,12.83349],[77.36152,12.83349],[77.36176,12.8335],[77.36186,12.83351],[77.36201,12.83354],[77.36213,12.83359],[77.36218,12.83362],[77.3622,12.83366],[77.36222,12.83372],[77.36224,12.83376],[77.36225,12.83377],[77.36228,12.83379],[77.36233,12.83379],[77.36244,12.83381],[77.3625,12.83385],[77.36257,12.83397],[77.36263,12.83408],[77.36269,12.83418],[77.36274,12.83424],[77.36277,12.83427],[77.36283,12.83428],[77.3629,12.83427],[77.36294,12.83426],[77.36293,12.83425],[77.36293,12.83424],[77.36293,12.83424],[77.36293,12.83424],[77.36292,12.83421],[77.36292,12.83421],[77.36292,12.83412],[77.36291,12.83401],[77.3629,12.83391],[77.36288,12.83383],[77.36284,12.83373],[77.36279,12.83362],[77.36279,12.83362],[77.36274,12.83349],[77.36274,12.83349],[77.36269,12.83333],[77.36264,12.83317],[77.36264,12.83316],[77.36261,12.83303],[77.36261,12.83303],[77.36261,12.83303],[77.36259,12.83286],[77.36258,12.83277],[77.36256,12.83266],[77.36252,12.83255],[77.36248,12.83246],[77.36243,12.8324],[77.3623,12.83229],[77.36222,12.83223],[77.36222,12.83223],[77.36213,12.83216],[77.3619,12.83199],[77.36176,12.83191],[77.36166,12.83186],[77.36159,12.83184]]]},"properties":{"shedId":"C05CAM34"}},{"type":"Feature","geometry":{"type":"Polygon","coordinates":[[[77.39617,12.82293],[77.39613,12.82269],[77.39608,12.82247],[77.39604,12.82227],[77.39596,12.82199],[77.39592,12.82182],[77.39583,12.82157],[77.39581,12.82146],[77.39581,12.82137],[77.39581,12.82131],[77.39582,12.82123],[77.39582,12.82115],[77.39582,12.82107],[77.39581,12.82098],[77.39579,12.82088],[77.39576,12.82083],[77.39571,12.82069],[77.39567,12.82023],[77.39566,12.82018],[77.39563,12.82007],[77.39553,12.82001],[77.39551,12.82],[77.39547,12.82001],[77.39545,12.82005],[77.39544,12.8201],[77.39544,12.82019],[77.39543,12.82025],[77.39543,12.82034],[77.39543,12.82056],[77.39542,12.82067],[77.39541,12.82082],[77.39539,12.82093],[77.39537,12.82099],[77.39535,12.82105],[77.39533,12.8211],[77.39531,12.82113],[77.39527,12.82115],[77.39501,12.82128],[77.39482,12.82136],[77.39472,12.8214],[77.39468,12.82142],[77.39466,12.82147],[77.39465,12.82153],[77.39473,12.82182],[77.39488,12.82206],[77.39501,12.82234],[77.39505,12.82244],[77.39508,12.82254],[77.39522,12.82273],[77.39523,12.82282],[77.39523,12.82293],[77.39529,12.82292],[77.39539,12.82292],[77.3954,12.82292],[77.39568,12.82296],[77.39569,12.82296],[77.39588,12.82299],[77.39617,12.82302],[77.39618,12.82302],[77.39618,12.823],[77.39617,12.82293]]]},"properties":{"shedId":"C05CAM34"}},{"type":"Feature","geometry":{"type":"Polygon","coordinates":[[[77.42063,12.84339],[77.42064,12.84331],[77.42064,12.84325],[77.4206,12.84319],[77.42055,12.8431],[77.42052,12.84307],[77.42045,12.84306],[77.42037,12.84305],[77.42037,12.84305],[77.42036,12.84306],[77.42036,12.84306],[77.42035,12.84307],[77.42034,12.84307],[77.42034,12.84308],[77.42033,12.84309],[77.42032,12.84309],[77.42031,12.8431],[77.42031,12.8431],[77.4203,12.84311],[77.42029,12.84311],[77.42029,12.84312],[77.42028,12.84312],[77.42027,12.84313],[77.42026,12.84313],[77.42026,12.84314],[77.42025,12.84314],[77.42024,12.84314],[77.42023,12.84315],[77.42023,12.84315],[77.42022,12.84316],[77.42021,12.84316],[77.4202,12.84317],[77.42019,12.84317],[77.42019,12.84318],[77.42018,12.84318],[77.42017,12.84318],[77.42016,12.84319],[77.42016,12.84319],[77.42015,12.8432],[77.42014,12.8432],[77.42013,12.8432],[77.42012,12.84321],[77.42011,12.84321],[77.42011,12.84322],[77.4201,12.84322],[77.42009,12.84322],[77.42008,12.84323],[77.42007,12.84323],[77.42006,12.84324],[77.42005,12.84324],[77.42004,12.84324],[77.42004,12.84325],[77.42003,12.84325],[77.42002,12.84326],[77.42001,12.84326],[77.42,12.84326],[77.41999,12.84327],[77.41998,12.84327],[77.41997,12.84327],[77.41996,12.84328],[77.41996,12.84328],[77.41995,12.84328],[77.41994,12.84328],[77.41993,12.84329],[77.41992,12.84329],[77.41991,12.84329],[77.4199,12.8433],[77.41989,12.8433],[77.41988,12.8433],[77.41987,12.8433],[77.41986,12.84331],[77.41985,12.84331],[77.41984,12.84331],[77.41983,12.84331],[77.41983,12.84332],[77.41982,12.84332],[77.41981,12.84332],[77.4198,12.84332],[77.41979,12.84332],[77.41978,12.84333],[77.41977,12.84333],[77.41976,12.84333],[77.41975,12.84333],[77.41974,12.84333],[77.41973,12.84333],[77.41972,12.84333],[77.41971,12.84334],[77.4197,12.84334],[77.41969,12.84334],[77.41968,12.84334],[77.41967,12.84334],[77.41966,12.84334],[77.41965,12.84334],[77.41964,12.84334],[77.41964,12.84334],[77.41951,12.84335],[77.41951,12.84335],[77.4195,12.84335],[77.41949,12.84335],[77.41949,12.84335],[77.41948,12.84335],[77.41947,12.84335],[77.41947,12.84335],[77.41946,12.84334],[77.41945,12.84334],[77.41945,12.84334],[77.41944,12.84334],[77.41944,12.84334],[77.41943,12.84334],[77.41942,12.84334],[77.41942,12.84334],[77.41941,12.84334],[77.4194,12.84334],[77.4194,12.84334],[77.41939,12.84334],[77.41938,12.84333],[77.41938,12.84333],[77.41937,12.84333],[77.41937,12.84333],[77.41936,12.84333],[77.41935,12.84333],[77.41935,12.84332],[77.41934,12.84332],[77.41933,12.84332],[77.41933,12.84332],[77.41932,12.84332],[77.41932,12.84332],[77.41931,12.84331],[77.4193,12.84331],[77.4193,12.84331],[77.41929,12.84331],[77.41929,12.8433],[77.41928,12.8433],[77.41927,12.8433],[77.41927,12.8433],[77.41926,12.84329],[77.41926,12.84329],[77.41925,12.84329],[77.41925,12.84329],[77.41924,12.84329],[77.41924,12.84328],[77.41909,12.84318],[77.41908,12.84318],[77.41907,12.84317],[77.41906,12.84317],[77.41905,12.84316],[77.41904,12.84315],[77.41903,12.84315],[77.41902,12.84314],[77.41901,12.84314],[77.419,12.84313],[77.41899,12.84312],[77.41898,12.84312],[77.41897,12.84311],[77.41896,12.8431],[77.41895,12.8431],[77.41894,12.84309],[77.41893,12.84308],[77.41893,12.84307],[77.41892,12.84307],[77.41891,12.84306],[77.4189,12.84305],[77.41889,12.84305],[77.41888,12.84304],[77.41887,12.84303],[77.41886,12.84302],[77.41885,12.84302],[77.41885,12.84302],[77.41874,12.8429],[77.41854,12.84272],[77.41853,12.84271],[77.41853,12.84271],[77.41852,12.8427],[77.41851,12.8427],[77.41851,12.84269],[77.4185,12.84268],[77.41849,12.84268],[77.41849,12.84267],[77.41848,12.84266],[77.41847,12.84265],[77.41847,12.84265],[77.41846,12.84264],[77.41845,12.84263],[77.41845,12.84263],[77.41844,12.84262],[77.41843,12.84261],[77.41843,12.84261],[77.41842,12.8426],[77.41841,12.84259],[77.41841,12.84258],[77.4184,12.84258],[77.41839,12.84257],[77.41839,12.84256],[77.41838,12.84255],[77.41838,12.84255],[77.41837,12.84254],[77.41836,12.84253],[77.41836,12.84252],[77.41835,12.84252],[77.41835,12.84251],[77.41834,12.8425],[77.41834,12.84249],[77.41833,12.84249],[77.41833,12.84248],[77.41832,12.84247],[77.41832,12.84246],[77.41831,12.84245],[77.41831,12.84245],[77.41822,12.84229],[77.41807,12.84207],[77.41794,12.84187],[77.41794,12.84187],[77.41784,12.84171],[77.41784,12.84172],[77.41783,12.84172],[77.41783,12.84173],[77.41783,12.84174],[77.41782,12.84174],[77.41782,12.84175],[77.41782,12.84176],[77.41781,12.84177],[77.41781,12.84177],[77.4178,12.84178],[77.4178,12.84179],[77.4178,12.84179],[77.41779,12.8418],[77.41779,12.84181],[77.41778,12.84181],[77.41778,12.84181],[77.41778,12.84182],[77.41778,12.84182],[77.41778,12.84183],[77.41777,12.84183],[77.41777,12.84183],[77.41777,12.84183],[77.41777,12.84184],[77.41777,12.84184],[77.41776,12.84185],[77.41776,12.84185],[77.41776,12.84185],[77.41776,12.84186],[77.41775,12.84186],[77.41775,12.84187],[77.41775,12.84187],[77.41775,12.84187],[77.41775,12.84188],[77.41774,12.84188],[77.41774,12.84189],[77.41774,12.84189],[77.41774,12.8419],[77.41774,12.8419],[77.41774,12.8419],[77.41774,12.84191],[77.41773,12.84191],[77.41773,12.84192],[77.41773,12.84192],[77.41773,12.84193],[77.41773,12.84193],[77.41773,12.84194],[77.41773,12.84194],[77.41773,12.84194],[77.41773,12.84195],[77.41773,12.84195],[77.41773,12.84196],[77.41772,12.84196],[77.41772,12.84197],[77.41772,12.84197],[77.41772,12.84198],[77.41772,12.84198],[77.41772,12.84199],[77.41772,12.84199],[77.41772,12.84199],[77.41772,12.842],[77.41772,12.842],[77.41772,12.84201],[77.41772,12.84201],[77.41772,12.84202],[77.41772,12.84202],[77.41772,12.84203],[77.41772,12.84203],[77.41772,12.84204],[77.41773,12.84204],[77.41773,12.84205],[77.41773,12.84205],[77.41773,12.84205],[77.41773,12.84206],[77.41776,12.84231],[77.41776,12.84232],[77.41776,12.84232],[77.41777,12.84233],[77.41777,12.84233],[77.41777,12.84234],[77.41777,12.84234],[77.41777,12.84235],[77.41777,12.84235],[77.41777,12.84235],[77.41777,12.84236],[77.41777,12.84236],[77.41777,12.84237],[77.41777,12.84237],[77.41777,12.84238],[77.41777,12.84238],[77.41777,12.84239],[77.41777,12.84239],[77.41777,12.8424],[77.41777,12.8424],[77.41777,12.84241],[77.41777,12.84241],[77.41777,12.84242],[77.41777,12.84242],[77.41777,12.84243],[77.41777,12.84243],[77.41777,12.84243],[77.41777,12.84244],[77.41776,12.84244],[77.41776,12.84245],[77.41776,12.84245],[77.41776,12.84246],[77.41776,12.84246],[77.4179,12.84257],[77.41797,12.84272],[77.41804,12.84294],[77.41805,12.84339],[77.41804,12.84348],[77.41801,12.84374],[77.418,12.84379],[77.41798,12.84385],[77.41796,12.8439],[77.41795,12.84394],[77.41794,12.844],[77.41793,12.84405],[77.41793,12.84414],[77.41793,12.84419],[77.41797,12.84428],[77.41802,12.84433],[77.41818,12.84436],[77.41828,12.84439],[77.41835,12.84442],[77.41841,12.84446],[77.41861,12.84469],[77.41869,12.84486],[77.41888,12.84525],[77.419,12.84551],[77.41902,12.84556],[77.41901,12.84565],[77.41897,12.84578],[77.41894,12.84585],[77.41893,12.84591],[77.41892,12.84598],[77.41892,12.84606],[77.41906,12.84631],[77.41915,12.84643],[77.41918,12.8465],[77.41922,12.84658],[77.41924,12.84662],[77.41928,12.84669],[77.41961,12.84692],[77.41983,12.84703],[77.41998,12.84707],[77.4201,12.84708],[77.4202,12.84706],[77.42027,12.84704],[77.42035,12.84698],[77.42041,12.84693],[77.42044,12.84686],[77.42048,12.84679],[77.42055,12.84672],[77.4206,12.84664],[77.42063,12.84654],[77.42065,12.84643],[77.42064,12.8463],[77.42062,12.84614],[77.42058,12.84604],[77.42055,12.84594],[77.42052,12.84587],[77.42045,12.8458],[77.42045,12.8458],[77.42045,12.8458],[77.42046,12.84579],[77.42046,12.84579],[77.42043,12.8457],[77.42038,12.84559],[77.42038,12.84553],[77.42041,12.84548],[77.42045,12.8454],[77.42049,12.84535],[77.42052,12.84529],[77.42053,12.84523],[77.42055,12.84508],[77.42053,12.84478],[77.42047,12.84459],[77.42042,12.84434],[77.42042,12.84406],[77.42044,12.84398],[77.42046,12.8439],[77.42052,12.84379],[77.42056,12.84371],[77.42059,12.84365],[77.42061,12.8436],[77.42062,12.84353],[77.42063,12.84345],[77.42063,12.84339]]]},"properties":{"shedId":"C05CAM34"}},{"type":"Feature","geometry":{"type":"Polygon","coordinates":[[[77.44842,12.66577],[77.44838,12.66574],[77.44831,12.66571],[77.44825,12.66566],[77.44819,12.66558],[77.44813,12.6655],[77.44807,12.66547],[77.44797,12.66545],[77.44787,12.66546],[77.44778,12.6655],[77.44769,12.66558],[77.44762,12.6657],[77.44758,12.66574],[77.44754,12.66575],[77.4475,12.66575],[77.44746,12.66574],[77.4474,12.66572],[77.44725,12.66565],[77.44721,12.66564],[77.44714,12.66562],[77.44708,12.6656],[77.44691,12.66558],[77.44665,12.66557],[77.44656,12.66555],[77.44651,12.66555],[77.44647,12.66555],[77.44645,12.66555],[77.44643,12.66556],[77.4464,12.66557],[77.44634,12.66564],[77.44628,12.66572],[77.44621,12.66581],[77.44617,12.66588],[77.44615,12.66592],[77.44614,12.66598],[77.44615,12.66607],[77.4462,12.66623],[77.44623,12.66627],[77.44627,12.6663],[77.44632,12.66633],[77.4464,12.66634],[77.44649,12.66635],[77.44677,12.66635],[77.447,12.66636],[77.44703,12.66636],[77.44724,12.66642],[77.44728,12.66644],[77.44745,12.6665],[77.44764,12.66658],[77.44783,12.6667],[77.44801,12.66689],[77.44829,12.66718],[77.44841,12.66724],[77.44859,12.6673],[77.4487,12.66732],[77.44874,12.66731],[77.44879,12.66727],[77.44885,12.66719],[77.44891,12.66712],[77.44895,12.66707],[77.44895,12.66701],[77.44894,12.66696],[77.44892,12.66689],[77.44887,12.66675],[77.44871,12.66636],[77.4486,12.66611],[77.44846,12.66585],[77.44842,12.66577]]]},"properties":{"shedId":"C05CAM34"}},{"type":"Feature","geometry":{"type":"Polygon","coordinates":[[[77.49871,12.678],[77.49864,12.67792],[77.49859,12.67785],[77.49857,12.67776],[77.49842,12.67716],[77.4984,12.67706],[77.49837,12.67698],[77.49834,12.67693],[77.49829,12.67687],[77.49824,12.67684],[77.4982,12.67682],[77.49815,12.67682],[77.49814,12.67682],[77.49811,12.67683],[77.49723,12.67725],[77.49665,12.67745],[77.49655,12.67748],[77.49647,12.67749],[77.4964,12.67749],[77.49606,12.67747],[77.49512,12.67743],[77.4951,12.67744],[77.4951,12.67746],[77.49511,12.67755],[77.49524,12.67792],[77.49528,12.678],[77.49533,12.67803],[77.49539,12.67805],[77.49549,12.67805],[77.49565,12.67805],[77.4963,12.67801],[77.49652,12.678],[77.49668,12.67799],[77.4968,12.67801],[77.49688,12.67805],[77.49693,12.67808],[77.49713,12.67825],[77.4972,12.67835],[77.49728,12.67846],[77.49741,12.67872],[77.49746,12.67888],[77.49747,12.67899],[77.4975,12.6791],[77.49755,12.67919],[77.49761,12.67926],[77.49772,12.67931],[77.49788,12.67934],[77.49848,12.67946],[77.49858,12.67946],[77.49864,12.67946],[77.49871,12.67944],[77.49877,12.67939],[77.4988,12.67936],[77.49881,12.67932],[77.49881,12.67928],[77.49881,12.67855],[77.49879,12.67821],[77.49878,12.67813],[77.49876,12.67807],[77.49871,12.678]]]},"properties":{"shedId":"C05CAM34"}},{"type":"Feature","geometry":{"type":"Polygon","coordinates":[[[77.46457,12.68116],[77.46454,12.68111],[77.4645,12.68109],[77.46442,12.68109],[77.46436,12.6811],[77.46428,12.68112],[77.46422,12.68113],[77.46419,12.68113],[77.46415,12.68111],[77.4641,12.68107],[77.46407,12.68099],[77.46401,12.6809],[77.46381,12.68049],[77.46376,12.68032],[77.46372,12.68017],[77.46371,12.68006],[77.46371,12.67993],[77.46373,12.67984],[77.46389,12.67963],[77.46395,12.67951],[77.46399,12.67939],[77.46399,12.67929],[77.46398,12.67921],[77.46393,12.67913],[77.46387,12.67905],[77.4636,12.67879],[77.46353,12.67865],[77.46345,12.67845],[77.46341,12.67822],[77.46324,12.67769],[77.46319,12.67756],[77.46315,12.67749],[77.46308,12.67744],[77.46301,12.67743],[77.46295,12.67746],[77.46289,12.67755],[77.46234,12.67875],[77.46224,12.67889],[77.46206,12.67911],[77.46192,12.67927],[77.46156,12.67959],[77.4615,12.67964],[77.46147,12.67972],[77.46147,12.67976],[77.46153,12.67983],[77.46163,12.67987],[77.46182,12.67997],[77.46206,12.68009],[77.46225,12.68019],[77.4623,12.68022],[77.46232,12.68021],[77.46246,12.68021],[77.46256,12.68022],[77.46272,12.68026],[77.46291,12.68031],[77.46302,12.68036],[77.46308,12.68039],[77.46321,12.68052],[77.4633,12.68062],[77.4636,12.6809],[77.46387,12.68116],[77.46403,12.68128],[77.46416,12.68136],[77.46429,12.68143],[77.46441,12.68148],[77.46454,12.68151],[77.46463,12.68152],[77.46464,12.68148],[77.46461,12.68126],[77.46457,12.68116]]]},"properties":{"shedId":"C05CAM34"}},{"type":"Feature","geometry":{"type":"Polygon","coordinates":[[[77.46056,12.68926],[77.46057,12.68918],[77.46058,12.6891],[77.46065,12.68904],[77.46075,12.689],[77.46084,12.68896],[77.46092,12.68892],[77.46095,12.68884],[77.46095,12.68876],[77.46094,12.68837],[77.46095,12.68822],[77.46098,12.68814],[77.46102,12.68806],[77.4611,12.68802],[77.46128,12.68796],[77.46138,12.68792],[77.46143,12.68788],[77.46148,12.68781],[77.4615,12.68763],[77.4615,12.68747],[77.46148,12.68745],[77.46148,12.68742],[77.46129,12.6875],[77.46117,12.68756],[77.46107,12.68758],[77.4608,12.6876],[77.46075,12.68759],[77.46072,12.68757],[77.46074,12.68749],[77.46075,12.68735],[77.46076,12.68725],[77.46076,12.68716],[77.46073,12.68709],[77.46069,12.68704],[77.46063,12.68697],[77.46058,12.68693],[77.46046,12.68689],[77.46033,12.68686],[77.46021,12.68678],[77.46013,12.68672],[77.45999,12.68664],[77.46001,12.68671],[77.46002,12.68681],[77.46001,12.68684],[77.46004,12.68695],[77.46011,12.68746],[77.46011,12.68773],[77.46006,12.68811],[77.46001,12.68825],[77.4599,12.68842],[77.45974,12.6886],[77.45951,12.68877],[77.45935,12.68886],[77.45912,12.68894],[77.45891,12.68903],[77.45886,12.68909],[77.45883,12.68916],[77.4588,12.68924],[77.45882,12.68926],[77.45889,12.68928],[77.45896,12.68929],[77.45909,12.68926],[77.45923,12.68924],[77.45936,12.68924],[77.45945,12.68927],[77.45965,12.68936],[77.45983,12.68942],[77.45991,12.68944],[77.46001,12.6895],[77.46017,12.6896],[77.46034,12.68966],[77.46041,12.68967],[77.46054,12.68966],[77.46058,12.68965],[77.46058,12.68965],[77.46059,12.6896],[77.46059,12.68943],[77.46056,12.68926]]]},"properties":{"shedId":"C05CAM34"}},{"type":"Feature","geometry":{"type":"Polygon","coordinates":[[[77.48387,12.68255],[77.48395,12.68248],[77.48403,12.68241],[77.48408,12.6824],[77.48418,12.68234],[77.48422,12.68228],[77.48426,12.68222],[77.48427,12.68219],[77.48426,12.68218],[77.48421,12.68207],[77.48417,12.68199],[77.48413,12.68193],[77.4841,12.68184],[77.48395,12.68151],[77.48392,12.68143],[77.48391,12.68136],[77.48388,12.68129],[77.48381,12.68121],[77.48374,12.68115],[77.48364,12.68108],[77.48348,12.68097],[77.48344,12.6809],[77.48338,12.68076],[77.48335,12.68059],[77.48334,12.68048],[77.48332,12.68036],[77.48329,12.68026],[77.48325,12.68023],[77.48322,12.68023],[77.48321,12.68025],[77.48317,12.6804],[77.48308,12.68081],[77.483,12.68119],[77.48295,12.68141],[77.4829,12.68155],[77.48276,12.68179],[77.48263,12.68199],[77.48256,12.68213],[77.48251,12.68225],[77.48247,12.68244],[77.48245,12.6826],[77.4825,12.68264],[77.48257,12.68267],[77.48265,12.68268],[77.48283,12.68269],[77.48292,12.68267],[77.48297,12.68262],[77.48303,12.68256],[77.48309,12.68255],[77.48317,12.68256],[77.4833,12.68262],[77.48343,12.68268],[77.48354,12.68269],[77.48364,12.68269],[77.48375,12.68264],[77.48387,12.68255]]]},"properties":{"shedId":"C05CAM34"}},{"type":"Feature","geometry":{"type":"Polygon","coordinates":[[[77.47137,12.68706],[77.47168,12.68694],[77.47238,12.68665],[77.47277,12.68646],[77.47291,12.68638],[77.47302,12.68629],[77.47314,12.6862],[77.47322,12.68609],[77.47323,12.68602],[77.47321,12.68592],[77.47293,12.68537],[77.47287,12.68529],[77.47278,12.6852],[77.47266,12.68514],[77.47254,12.68512],[77.47235,12.68509],[77.47221,12.68505],[77.47207,12.68499],[77.47193,12.68492],[77.47178,12.68482],[77.47173,12.68476],[77.47167,12.68467],[77.47159,12.68453],[77.47148,12.68444],[77.4714,12.68432],[77.47135,12.68419],[77.47131,12.68402],[77.47125,12.68378],[77.47117,12.68357],[77.47111,12.68347],[77.47105,12.68333],[77.47101,12.68329],[77.47098,12.68328],[77.47093,12.68328],[77.47091,12.68331],[77.47091,12.68332],[77.47091,12.68335],[77.47091,12.68341],[77.4709,12.68353],[77.47085,12.68381],[77.4708,12.68406],[77.47077,12.68421],[77.47075,12.68431],[77.47071,12.6846],[77.47069,12.68475],[77.4707,12.68479],[77.47074,12.6848],[77.47144,12.68489],[77.47141,12.68541],[77.47139,12.68542],[77.47131,12.68542],[77.47061,12.68532],[77.47053,12.68532],[77.47047,12.68548],[77.47043,12.68559],[77.47039,12.68574],[77.4703,12.68606],[77.47024,12.68633],[77.47017,12.68667],[77.47014,12.68685],[77.47013,12.68689],[77.4701,12.68693],[77.46998,12.68704],[77.46988,12.6871],[77.46992,12.6871],[77.47001,12.68709],[77.47022,12.68702],[77.47033,12.687],[77.4705,12.68701],[77.47066,12.68706],[77.4708,12.68711],[77.47096,12.68712],[77.47107,12.68711],[77.47125,12.68708],[77.47133,12.68707],[77.47137,12.68706]]]},"properties":{"shedId":"C05CAM34"}},{"type":"Feature","geometry":{"type":"Polygon","coordinates":[[[77.47764,12.67886],[77.47765,12.67885],[77.47771,12.67888],[77.47786,12.6789],[77.47795,12.67891],[77.47822,12.6789],[77.47834,12.67885],[77.47844,12.67882],[77.47854,12.67881],[77.47866,12.67877],[77.47873,12.67871],[77.47874,12.67868],[77.47875,12.67862],[77.47875,12.67862],[77.47881,12.6784],[77.47884,12.67813],[77.47883,12.67811],[77.47883,12.67806],[77.47883,12.67803],[77.47882,12.67788],[77.47878,12.67766],[77.4784,12.67768],[77.47815,12.67769],[77.47778,12.67772],[77.47764,12.67774],[77.4775,12.6778],[77.47739,12.67786],[77.47726,12.67797],[77.47706,12.67817],[77.4768,12.67843],[77.47666,12.67856],[77.47653,12.67863],[77.47643,12.67866],[77.47648,12.67873],[77.47656,12.6788],[77.47664,12.67883],[77.47677,12.67887],[77.47689,12.67893],[77.47699,12.67896],[77.47714,12.67897],[77.47727,12.67898],[77.47736,12.67903],[77.47743,12.67905],[77.4775,12.67905],[77.47754,12.67901],[77.47764,12.67886]]]},"properties":{"shedId":"C05CAM34"}},{"type":"Feature","geometry":{"type":"Polygon","coordinates":[[[77.42851,12.64584],[77.42831,12.64582],[77.42817,12.64583],[77.42803,12.64587],[77.42797,12.6459],[77.42792,12.64597],[77.42797,12.64628],[77.428,12.64634],[77.42805,12.64671],[77.42804,12.64706],[77.42797,12.64742],[77.42791,12.64786],[77.42793,12.64797],[77.42796,12.64811],[77.42798,12.64816],[77.42804,12.64823],[77.42806,12.64825],[77.4282,12.64829],[77.42827,12.64831],[77.42858,12.64834],[77.42865,12.64833],[77.42879,12.64831],[77.42911,12.64828],[77.42932,12.64824],[77.42953,12.6481],[77.42957,12.64799],[77.42962,12.6478],[77.42959,12.64749],[77.42947,12.64695],[77.42936,12.64654],[77.42925,12.64637],[77.42884,12.646],[77.42874,12.64592],[77.42851,12.64584]]]},"properties":{"shedId":"C05CAM34"}},{"type":"Feature","geometry":{"type":"Polygon","coordinates":[[[77.43405,12.64768],[77.43449,12.64767],[77.43472,12.64769],[77.43477,12.6477],[77.43491,12.64768],[77.43495,12.64766],[77.43504,12.64758],[77.43506,12.64755],[77.43533,12.64722],[77.43535,12.6472],[77.4356,12.64709],[77.43572,12.64701],[77.43574,12.64697],[77.43577,12.64689],[77.43579,12.64682],[77.43581,12.64667],[77.4358,12.64639],[77.43576,12.64614],[77.43569,12.64612],[77.43563,12.64614],[77.43501,12.64651],[77.43485,12.64659],[77.43472,12.64664],[77.4346,12.64666],[77.43417,12.64669],[77.43397,12.64673],[77.43383,12.64675],[77.43366,12.64674],[77.43342,12.64668],[77.43304,12.6465],[77.43296,12.64648],[77.43291,12.64649],[77.43289,12.64653],[77.43289,12.64658],[77.4329,12.64666],[77.43296,12.64688],[77.43297,12.64711],[77.43294,12.64727],[77.43291,12.64736],[77.4329,12.64743],[77.43287,12.64763],[77.43288,12.64778],[77.43295,12.64799],[77.43294,12.64813],[77.43292,12.64826],[77.43287,12.64843],[77.43284,12.6486],[77.43284,12.6488],[77.43285,12.64903],[77.43285,12.6491],[77.43285,12.64918],[77.43285,12.64924],[77.43292,12.64929],[77.43299,12.64931],[77.43312,12.64933],[77.43322,12.64932],[77.43336,12.64931],[77.43337,12.64923],[77.43337,12.64884],[77.43339,12.64864],[77.43342,12.64846],[77.43349,12.64826],[77.43359,12.64796],[77.43365,12.64784],[77.43378,12.64777],[77.43392,12.6477],[77.43405,12.64768]]]},"properties":{"shedId":"C05CAM34"}},{"type":"Feature","geometry":{"type":"Polygon","coordinates":[[[77.45037,12.64234],[77.45037,12.64233],[77.45046,12.64234],[77.45055,12.64233],[77.4507,12.64231],[77.45078,12.64231],[77.45082,12.64234],[77.45087,12.64241],[77.45091,12.64245],[77.45096,12.64247],[77.45111,12.64251],[77.45129,12.64252],[77.45132,12.64252],[77.45134,12.64249],[77.45135,12.64242],[77.45138,12.64233],[77.45144,12.64227],[77.45158,12.64219],[77.4517,12.64215],[77.45181,12.64212],[77.45201,12.64206],[77.45206,12.64206],[77.45213,12.64206],[77.45219,12.64208],[77.45226,12.64208],[77.45245,12.64206],[77.45252,12.64206],[77.45256,12.64208],[77.45263,12.64213],[77.45268,12.64214],[77.45273,12.64214],[77.45286,12.64212],[77.45292,12.64209],[77.45293,12.64207],[77.45294,12.64205],[77.45294,12.64201],[77.45292,12.64192],[77.45292,12.64185],[77.45292,12.6418],[77.45295,12.64166],[77.45296,12.64163],[77.45301,12.6416],[77.45306,12.6416],[77.4531,12.64161],[77.45321,12.6417],[77.45323,12.64171],[77.45323,12.64171],[77.45328,12.64152],[77.45333,12.64118],[77.45336,12.64096],[77.45334,12.64066],[77.45333,12.64061],[77.45328,12.64057],[77.45321,12.6405],[77.45313,12.64039],[77.45309,12.64036],[77.45306,12.64035],[77.45303,12.64034],[77.45297,12.64034],[77.45285,12.64039],[77.45265,12.64047],[77.45249,12.64054],[77.45236,12.64062],[77.45224,12.64065],[77.45207,12.64067],[77.45191,12.64073],[77.45168,12.64085],[77.4515,12.64096],[77.45145,12.64098],[77.45139,12.64098],[77.45134,12.64096],[77.45129,12.64093],[77.45127,12.64093],[77.45124,12.64093],[77.45119,12.64094],[77.45108,12.64096],[77.45103,12.64097],[77.45097,12.64096],[77.45093,12.64093],[77.4509,12.64091],[77.45073,12.64072],[77.45068,12.64063],[77.45061,12.64046],[77.45055,12.64034],[77.45053,12.64032],[77.4505,12.64031],[77.45031,12.64029],[77.45026,12.64027],[77.45022,12.64024],[77.4502,12.64021],[77.4502,12.64017],[77.45016,12.64006],[77.45015,12.63998],[77.45015,12.63992],[77.45015,12.63987],[77.45016,12.63985],[77.45013,12.63981],[77.45012,12.63976],[77.45007,12.63961],[77.45005,12.63957],[77.45004,12.63955],[77.44997,12.63955],[77.44994,12.63955],[77.4499,12.63952],[77.44988,12.63951],[77.44987,12.63951],[77.44982,12.63951],[77.44975,12.63955],[77.4496,12.63958],[77.44955,12.63959],[77.44938,12.6396],[77.44923,12.63961],[77.44915,12.63964],[77.44911,12.63967],[77.44904,12.63971],[77.44899,12.6397],[77.44892,12.63967],[77.44883,12.63958],[77.44868,12.63947],[77.44869,12.63952],[77.44876,12.63977],[77.44884,12.63994],[77.4489,12.64011],[77.44896,12.64033],[77.44897,12.64044],[77.44898,12.64077],[77.44896,12.64111],[77.44894,12.64125],[77.44891,12.64136],[77.44887,12.64145],[77.44877,12.64165],[77.44873,12.64176],[77.44867,12.64198],[77.44865,12.64209],[77.44865,12.64218],[77.44868,12.64239],[77.44871,12.64275],[77.44875,12.6432],[77.44876,12.64347],[77.44874,12.64356],[77.44875,12.64357],[77.44877,12.64361],[77.4488,12.64365],[77.44888,12.64368],[77.449,12.64368],[77.44903,12.64368],[77.44908,12.64362],[77.44911,12.64355],[77.44911,12.64346],[77.44911,12.64341],[77.44913,12.64335],[77.4492,12.64316],[77.44923,12.64309],[77.44927,12.64305],[77.44939,12.64301],[77.44945,12.64299],[77.44952,12.64294],[77.44967,12.64279],[77.44981,12.64268],[77.44986,12.64265],[77.44999,12.6426],[77.45011,12.64255],[77.45017,12.64252],[77.45025,12.64244],[77.45034,12.64237],[77.45037,12.64234]]]},"properties":{"shedId":"C05CAM34"}},{"type":"Feature","geometry":{"type":"Polygon","coordinates":[[[77.45344,12.63535],[77.45351,12.63534],[77.45355,12.63535],[77.4536,12.63534],[77.45363,12.63534],[77.45367,12.63532],[77.45369,12.63529],[77.45375,12.6352],[77.45367,12.63506],[77.4536,12.63493],[77.45358,12.63489],[77.4535,12.63482],[77.45339,12.63482],[77.45326,12.63482],[77.4531,12.63481],[77.45295,12.63476],[77.45286,12.63469],[77.45278,12.63447],[77.4527,12.6343],[77.45265,12.63414],[77.45258,12.63389],[77.45254,12.63371],[77.45247,12.63348],[77.45244,12.63334],[77.45233,12.6332],[77.45223,12.63311],[77.45207,12.63302],[77.45193,12.63291],[77.45182,12.63281],[77.45168,12.63277],[77.45154,12.63274],[77.45138,12.63273],[77.45129,12.63274],[77.45121,12.63284],[77.45112,12.63303],[77.45106,12.63319],[77.45103,12.63331],[77.45098,12.63342],[77.45098,12.63349],[77.45097,12.63369],[77.45098,12.63379],[77.45096,12.6339],[77.45085,12.63392],[77.4507,12.63392],[77.45051,12.63391],[77.45044,12.63391],[77.45042,12.63402],[77.45042,12.6341],[77.45043,12.63434],[77.45049,12.63469],[77.45058,12.63494],[77.45063,12.63507],[77.45075,12.63523],[77.45091,12.63535],[77.45103,12.63541],[77.45113,12.6354],[77.45146,12.63535],[77.45168,12.63534],[77.45183,12.63535],[77.45213,12.63538],[77.45246,12.63541],[77.45267,12.63542],[77.45297,12.63541],[77.45313,12.6354],[77.45328,12.63538],[77.45344,12.63535]]]},"properties":{"shedId":"C05CAM34"}},{"type":"Feature","geometry":{"type":"Polygon","coordinates":[[[77.45903,12.63174],[77.45907,12.63141],[77.45912,12.63095],[77.45916,12.63058],[77.45853,12.63041],[77.45832,12.63033],[77.45815,12.63025],[77.45803,12.63022],[77.45786,12.63021],[77.45772,12.63021],[77.4576,12.63023],[77.4575,12.63026],[77.45735,12.63035],[77.45722,12.63047],[77.45716,12.63056],[77.45707,12.63075],[77.45697,12.63086],[77.45688,12.63091],[77.45661,12.63101],[77.45649,12.63109],[77.4563,12.63121],[77.45612,12.63127],[77.45603,12.63129],[77.45601,12.63131],[77.456,12.63132],[77.45603,12.63133],[77.45613,12.63139],[77.45637,12.63155],[77.45649,12.6316],[77.45659,12.63163],[77.45681,12.63171],[77.4569,12.63174],[77.45698,12.63174],[77.45704,12.63173],[77.45715,12.6317],[77.45738,12.63165],[77.45756,12.63161],[77.45785,12.63156],[77.45796,12.63155],[77.45803,12.63156],[77.45813,12.63158],[77.45826,12.63164],[77.45848,12.6318],[77.45881,12.6321],[77.45897,12.63226],[77.45898,12.63226],[77.45898,12.63225],[77.459,12.63201],[77.45903,12.63174]]]},"properties":{"shedId":"C05CAM34"}},{"type":"Feature","geometry":{"type":"Polygon","coordinates":[[[77.45105,12.65178],[77.45106,12.65171],[77.45107,12.65157],[77.45108,12.65149],[77.45115,12.65128],[77.45116,12.65118],[77.45115,12.65098],[77.45112,12.65058],[77.45113,12.65053],[77.45115,12.65049],[77.45122,12.65037],[77.45125,12.65032],[77.45126,12.65026],[77.45121,12.65018],[77.45116,12.65014],[77.45108,12.65013],[77.451,12.65013],[77.45091,12.65012],[77.45084,12.65011],[77.45072,12.65004],[77.4505,12.65004],[77.45046,12.65005],[77.45042,12.65006],[77.45038,12.65008],[77.45034,12.65011],[77.45031,12.65014],[77.45029,12.65017],[77.45026,12.65032],[77.45018,12.65045],[77.45011,12.65053],[77.45,12.6506],[77.44986,12.65087],[77.44976,12.65116],[77.44972,12.65141],[77.44964,12.65163],[77.44964,12.65165],[77.44963,12.65167],[77.44961,12.65169],[77.44959,12.65171],[77.44957,12.65172],[77.44955,12.65173],[77.44953,12.65174],[77.4495,12.65174],[77.44948,12.65174],[77.44946,12.65173],[77.44943,12.65172],[77.44941,12.65173],[77.44938,12.65174],[77.44935,12.65176],[77.44932,12.65178],[77.4493,12.65181],[77.44928,12.65184],[77.44927,12.65187],[77.44945,12.65199],[77.44955,12.65202],[77.44966,12.65205],[77.44988,12.65208],[77.4501,12.65212],[77.45028,12.65214],[77.45041,12.65216],[77.45067,12.65223],[77.45078,12.65227],[77.45084,12.65227],[77.4509,12.65227],[77.45095,12.65227],[77.45106,12.65224],[77.45106,12.65218],[77.45105,12.65213],[77.45104,12.65209],[77.45103,12.65205],[77.45103,12.65201],[77.45103,12.65196],[77.45105,12.65187],[77.45105,12.65183],[77.45105,12.65178]]]},"properties":{"shedId":"C05CAM34"}},{"type":"Feature","geometry":{"type":"Polygon","coordinates":[[[77.48091,12.71404],[77.48087,12.71403],[77.48076,12.71404],[77.48056,12.71409],[77.48055,12.7141],[77.48054,12.71414],[77.48055,12.71419],[77.4806,12.71427],[77.48065,12.7144],[77.4807,12.71458],[77.48072,12.71476],[77.48074,12.71505],[77.48073,12.71525],[77.4807,12.7154],[77.48064,12.71557],[77.48038,12.71624],[77.48031,12.71634],[77.48023,12.71642],[77.48018,12.71646],[77.48015,12.71649],[77.48013,12.71652],[77.4801,12.71656],[77.48018,12.7166],[77.48031,12.71664],[77.48055,12.71665],[77.48055,12.71665],[77.48055,12.71665],[77.48078,12.71669],[77.48078,12.71669],[77.48079,12.71669],[77.48106,12.71681],[77.48107,12.71681],[77.48137,12.71697],[77.48171,12.71709],[77.48212,12.7172],[77.4823,12.71723],[77.48231,12.71661],[77.48232,12.71619],[77.48233,12.71593],[77.48231,12.71572],[77.48228,12.71559],[77.48202,12.71549],[77.482,12.71543],[77.48198,12.71536],[77.48189,12.71524],[77.48181,12.71516],[77.48173,12.71511],[77.48155,12.71499],[77.48153,12.71498],[77.48145,12.71491],[77.4814,12.71486],[77.48137,12.71481],[77.48133,12.7147],[77.48125,12.71454],[77.48122,12.7145],[77.48105,12.71426],[77.48101,12.71419],[77.48094,12.71407],[77.48091,12.71404]]]},"properties":{"shedId":"C05CAM34"}},{"type":"Feature","geometry":{"type":"Polygon","coordinates":[[[77.4914,12.73228],[77.49139,12.7322],[77.49136,12.73201],[77.49137,12.73188],[77.49138,12.73176],[77.49164,12.7317],[77.49166,12.73165],[77.49163,12.73157],[77.49158,12.73138],[77.4915,12.73118],[77.49147,12.73111],[77.49139,12.731],[77.49128,12.73089],[77.4911,12.73085],[77.49091,12.73082],[77.49051,12.73077],[77.48954,12.73028],[77.48948,12.73022],[77.48947,12.73017],[77.48945,12.73011],[77.48943,12.73006],[77.48939,12.72971],[77.48944,12.72961],[77.48963,12.72949],[77.48976,12.72943],[77.49,12.72935],[77.49011,12.72932],[77.49018,12.72929],[77.49023,12.72926],[77.49025,12.72918],[77.49026,12.7291],[77.49027,12.72902],[77.49027,12.72878],[77.49026,12.72868],[77.49024,12.7286],[77.49018,12.72851],[77.49014,12.72847],[77.49009,12.72841],[77.48996,12.72837],[77.48989,12.72838],[77.4898,12.7284],[77.48968,12.72841],[77.48953,12.72842],[77.48938,12.72842],[77.48926,12.72843],[77.48897,12.72854],[77.4888,12.72861],[77.48861,12.72869],[77.48852,12.72876],[77.48844,12.72886],[77.48834,12.72897],[77.48825,12.72903],[77.48816,12.72906],[77.48809,12.72907],[77.48794,12.72905],[77.48777,12.72904],[77.48765,12.729],[77.48739,12.72898],[77.48731,12.72898],[77.48738,12.72939],[77.48742,12.7297],[77.48745,12.72993],[77.4875,12.73022],[77.48752,12.73036],[77.48752,12.73055],[77.48752,12.73071],[77.4875,12.73091],[77.48749,12.73104],[77.4875,12.73122],[77.48751,12.73133],[77.48757,12.73159],[77.4876,12.73174],[77.48765,12.73173],[77.4877,12.73173],[77.48775,12.73173],[77.4878,12.73173],[77.48802,12.73181],[77.48819,12.73188],[77.48838,12.73198],[77.48847,12.73202],[77.48856,12.73208],[77.4886,12.7321],[77.4887,12.73213],[77.4888,12.73219],[77.4889,12.73227],[77.489,12.73236],[77.48905,12.73239],[77.48911,12.73241],[77.48918,12.73243],[77.48924,12.73242],[77.4893,12.73239],[77.48936,12.73235],[77.48944,12.7323],[77.48952,12.73225],[77.48963,12.73223],[77.48974,12.73226],[77.48987,12.73234],[77.49,12.73241],[77.49013,12.73244],[77.49031,12.73243],[77.49125,12.73233],[77.49137,12.73231],[77.4914,12.73228]]]},"properties":{"shedId":"C05CAM34"}},{"type":"Feature","geometry":{"type":"Polygon","coordinates":[[[77.48506,12.71139],[77.48501,12.71115],[77.48462,12.70974],[77.48443,12.70976],[77.48434,12.70954],[77.4842,12.70938],[77.48402,12.7091],[77.484,12.70907],[77.48391,12.7089],[77.48391,12.70887],[77.48388,12.70868],[77.48389,12.70853],[77.48393,12.70846],[77.48402,12.70837],[77.4841,12.70828],[77.48432,12.70808],[77.48446,12.70798],[77.4851,12.70766],[77.48516,12.70759],[77.48523,12.70751],[77.48523,12.70745],[77.48523,12.70739],[77.48519,12.70731],[77.48515,12.70723],[77.48514,12.70718],[77.48513,12.7071],[77.48517,12.70704],[77.48524,12.70697],[77.48528,12.70693],[77.48534,12.70686],[77.48542,12.70669],[77.48546,12.70653],[77.48548,12.7064],[77.4855,12.70625],[77.48552,12.70576],[77.48551,12.7056],[77.4855,12.70548],[77.48546,12.70539],[77.48541,12.70532],[77.48533,12.70525],[77.48526,12.7052],[77.48521,12.70514],[77.48517,12.70504],[77.48515,12.70491],[77.48515,12.70478],[77.48517,12.70471],[77.48526,12.70464],[77.48562,12.70444],[77.48572,12.70435],[77.48578,12.70424],[77.48583,12.70411],[77.48583,12.70401],[77.4858,12.70392],[77.48575,12.70378],[77.48572,12.70373],[77.48548,12.70336],[77.48537,12.70323],[77.4851,12.70293],[77.48503,12.70282],[77.48499,12.70272],[77.48493,12.70241],[77.4849,12.7024],[77.48485,12.7024],[77.48443,12.70259],[77.48419,12.70275],[77.48391,12.70304],[77.48388,12.70316],[77.48389,12.70324],[77.48387,12.70356],[77.48382,12.7037],[77.48375,12.70398],[77.48379,12.70432],[77.48376,12.70441],[77.48366,12.7045],[77.48341,12.70504],[77.48288,12.70605],[77.48253,12.70666],[77.48231,12.70713],[77.48231,12.70714],[77.48232,12.70714],[77.48232,12.70715],[77.48233,12.70731],[77.48233,12.70731],[77.48233,12.70755],[77.48233,12.70755],[77.48233,12.70756],[77.48228,12.70769],[77.48213,12.70817],[77.48206,12.70849],[77.48204,12.7087],[77.48204,12.70893],[77.48206,12.7091],[77.48211,12.7094],[77.48211,12.7094],[77.48213,12.70958],[77.48214,12.70958],[77.48215,12.70979],[77.48215,12.70979],[77.48215,12.70996],[77.48215,12.70996],[77.48214,12.71012],[77.48214,12.71012],[77.48209,12.71039],[77.48208,12.71039],[77.48202,12.71066],[77.48202,12.71066],[77.48186,12.7111],[77.4818,12.7113],[77.48176,12.71148],[77.48176,12.71148],[77.48173,12.71162],[77.48176,12.71162],[77.48189,12.71161],[77.48199,12.71157],[77.48258,12.71134],[77.48275,12.7113],[77.48289,12.71129],[77.48309,12.71131],[77.48327,12.71137],[77.48342,12.71149],[77.48377,12.71182],[77.48383,12.71186],[77.48398,12.7119],[77.48414,12.71189],[77.48431,12.71183],[77.4845,12.71174],[77.4848,12.71166],[77.4849,12.71164],[77.48486,12.71144],[77.48506,12.71139]]]},"properties":{"shedId":"C05CAM34"}},{"type":"Feature","geometry":{"type":"Polygon","coordinates":[[[77.50088,12.71698],[77.50088,12.71692],[77.50089,12.71682],[77.50088,12.71674],[77.5009,12.71668],[77.50093,12.71665],[77.50112,12.7166],[77.50178,12.71651],[77.50184,12.71652],[77.50187,12.71654],[77.50189,12.71658],[77.50194,12.71665],[77.50198,12.71666],[77.50205,12.71665],[77.50207,12.71661],[77.50211,12.71645],[77.50208,12.71624],[77.50206,12.71617],[77.50202,12.71613],[77.50199,12.71612],[77.50157,12.71603],[77.50083,12.71591],[77.50076,12.71588],[77.50069,12.71586],[77.50066,12.71584],[77.5006,12.71575],[77.50059,12.71565],[77.50059,12.71533],[77.50059,12.71509],[77.50057,12.71497],[77.50051,12.71486],[77.50047,12.71482],[77.50043,12.71478],[77.50038,12.71479],[77.50031,12.71487],[77.50026,12.71492],[77.50018,12.71502],[77.49996,12.71552],[77.49931,12.71666],[77.49916,12.71696],[77.49915,12.71704],[77.49916,12.71704],[77.49921,12.71705],[77.4993,12.71706],[77.49985,12.71699],[77.49987,12.71698],[77.49989,12.71698],[77.49991,12.71699],[77.49992,12.71701],[77.49993,12.71705],[77.49994,12.7171],[77.49996,12.71716],[77.49999,12.71721],[77.50001,12.71724],[77.50006,12.71724],[77.50065,12.71722],[77.50076,12.71719],[77.50081,12.71717],[77.50086,12.71711],[77.50088,12.71704],[77.50088,12.71698]]]},"properties":{"shedId":"C05CAM34"}},{"type":"Feature","geometry":{"type":"Polygon","coordinates":[[[77.53234,12.72358],[77.53227,12.72356],[77.53218,12.72356],[77.53209,12.72357],[77.53201,12.72359],[77.53197,12.72364],[77.53194,12.7237],[77.53188,12.72384],[77.53181,12.72393],[77.53163,12.72403],[77.53114,12.72425],[77.53093,12.72428],[77.53083,12.72431],[77.53074,12.72432],[77.53059,12.72435],[77.53053,12.72437],[77.53049,12.72441],[77.53049,12.72447],[77.53052,12.7245],[77.53066,12.72453],[77.53098,12.72461],[77.53111,12.72467],[77.53117,12.72472],[77.53122,12.72476],[77.53128,12.72481],[77.53137,12.72485],[77.53143,12.72486],[77.53173,12.72492],[77.53232,12.72504],[77.53243,12.72504],[77.53256,12.72501],[77.53257,12.72501],[77.53262,12.72498],[77.5327,12.72478],[77.53275,12.72436],[77.53271,12.72407],[77.53265,12.72386],[77.53257,12.72376],[77.53251,12.72371],[77.53241,12.72363],[77.53234,12.72358]]]},"properties":{"shedId":"C05CAM34"}},{"type":"Feature","geometry":{"type":"Polygon","coordinates":[[[77.54926,12.72511],[77.54917,12.72509],[77.5491,12.72509],[77.54902,12.7251],[77.54891,12.72512],[77.54884,12.72519],[77.5488,12.72533],[77.54878,12.72541],[77.54877,12.72549],[77.54872,12.72568],[77.54856,12.72628],[77.54836,12.72673],[77.54819,12.72702],[77.54819,12.72706],[77.54819,12.72709],[77.5482,12.72712],[77.54822,12.72715],[77.54832,12.72717],[77.54849,12.72719],[77.54869,12.72721],[77.54886,12.72724],[77.54909,12.7273],[77.54915,12.72729],[77.54919,12.72728],[77.54925,12.72726],[77.5493,12.72723],[77.54937,12.72719],[77.54941,12.72715],[77.54943,12.72712],[77.54948,12.72706],[77.54951,12.72703],[77.54955,12.727],[77.54957,12.72698],[77.54959,12.72696],[77.54959,12.72691],[77.54958,12.72689],[77.54956,12.72685],[77.54947,12.72667],[77.54945,12.72633],[77.54947,12.72617],[77.54949,12.72596],[77.54942,12.72537],[77.54936,12.72523],[77.54932,12.72515],[77.54926,12.72511]]]},"properties":{"shedId":"C05CAM34"}},{"type":"Feature","geometry":{"type":"Polygon","coordinates":[[[77.51153,12.73475],[77.51148,12.73475],[77.51139,12.73477],[77.51131,12.73481],[77.51118,12.73487],[77.51095,12.73493],[77.51064,12.73498],[77.51056,12.73504],[77.51049,12.7351],[77.51035,12.73527],[77.51024,12.73542],[77.51016,12.73555],[77.51003,12.7357],[77.50998,12.73576],[77.50991,12.73582],[77.50981,12.73593],[77.50981,12.73598],[77.50982,12.73605],[77.50984,12.73614],[77.50994,12.73625],[77.51001,12.73635],[77.51006,12.73644],[77.51014,12.73663],[77.5102,12.73682],[77.51028,12.73706],[77.51032,12.73721],[77.51039,12.73734],[77.51042,12.73742],[77.5105,12.73754],[77.51056,12.73761],[77.5106,12.73763],[77.51065,12.73764],[77.51071,12.73763],[77.51083,12.7376],[77.51111,12.73743],[77.51157,12.73715],[77.51158,12.73707],[77.51159,12.73696],[77.51157,12.73675],[77.51144,12.7364],[77.51144,12.73632],[77.51144,12.73622],[77.51142,12.73567],[77.5115,12.73535],[77.51154,12.73512],[77.51156,12.73499],[77.51157,12.7349],[77.51157,12.73478],[77.51153,12.73475]]]},"properties":{"shedId":"C05CAM34"}},{"type":"Feature","geometry":{"type":"Polygon","coordinates":[[[77.38913,12.67539],[77.38905,12.67536],[77.38898,12.67536],[77.3889,12.67539],[77.38883,12.67544],[77.38877,12.67551],[77.38871,12.67558],[77.38864,12.67562],[77.38852,12.67567],[77.38838,12.67575],[77.38828,12.67582],[77.38823,12.67586],[77.38817,12.67592],[77.3881,12.67595],[77.38801,12.67598],[77.38794,12.67599],[77.38792,12.67601],[77.38791,12.67602],[77.3879,12.67605],[77.3879,12.67611],[77.3879,12.67611],[77.3879,12.67611],[77.3879,12.67611],[77.38792,12.67616],[77.38792,12.67616],[77.38794,12.67624],[77.38798,12.67631],[77.38803,12.67638],[77.38809,12.67645],[77.38815,12.67648],[77.38822,12.6765],[77.3883,12.67653],[77.38844,12.67657],[77.38853,12.67658],[77.38867,12.67661],[77.38867,12.67661],[77.38877,12.67663],[77.38877,12.67663],[77.38877,12.67663],[77.38884,12.67666],[77.38884,12.67666],[77.38884,12.67666],[77.38889,12.67669],[77.38889,12.67669],[77.38889,12.67669],[77.38895,12.67675],[77.38895,12.67675],[77.38895,12.67675],[77.38899,12.6768],[77.38901,12.67665],[77.38903,12.67643],[77.38903,12.67643],[77.38905,12.67632],[77.38908,12.67617],[77.38908,12.67616],[77.38911,12.67601],[77.38913,12.67589],[77.38913,12.67588],[77.38916,12.67576],[77.38919,12.67563],[77.38921,12.67542],[77.38913,12.67539]]]},"properties":{"shedId":"C05CAM34"}},{"type":"Feature","geometry":{"type":"Polygon","coordinates":[[[77.39749,12.67579],[77.39753,12.6757],[77.39753,12.67563],[77.39753,12.67556],[77.39753,12.67552],[77.39757,12.67549],[77.39784,12.67545],[77.39819,12.6754],[77.3987,12.67535],[77.39874,12.67533],[77.39872,12.67526],[77.39872,12.67526],[77.39869,12.67511],[77.39869,12.67511],[77.39859,12.67452],[77.39856,12.67435],[77.39853,12.67419],[77.39852,12.67415],[77.3985,12.67406],[77.39849,12.67403],[77.39844,12.67387],[77.39838,12.67366],[77.39831,12.67344],[77.39831,12.67344],[77.39828,12.6733],[77.39828,12.6733],[77.39828,12.6733],[77.39827,12.67318],[77.39827,12.67318],[77.39827,12.67318],[77.39828,12.67304],[77.39828,12.67304],[77.39829,12.67288],[77.39829,12.67279],[77.39829,12.6727],[77.39827,12.67263],[77.39824,12.67256],[77.39822,12.67255],[77.39811,12.67248],[77.39807,12.67245],[77.39803,12.67247],[77.39789,12.67252],[77.39787,12.67253],[77.39779,12.6726],[77.39772,12.6728],[77.39772,12.6728],[77.39772,12.6728],[77.39772,12.6728],[77.39771,12.67311],[77.39766,12.67336],[77.3976,12.67361],[77.39747,12.67391],[77.39726,12.67412],[77.39692,12.67443],[77.39689,12.67453],[77.39688,12.67468],[77.39683,12.67478],[77.39674,12.67487],[77.39658,12.67493],[77.39645,12.67495],[77.39615,12.67499],[77.39605,12.67499],[77.39578,12.675],[77.39559,12.67502],[77.39552,12.67505],[77.3954,12.67512],[77.3954,12.67516],[77.39537,12.67535],[77.39539,12.67549],[77.39542,12.67559],[77.3955,12.67568],[77.39559,12.67577],[77.39573,12.67584],[77.39596,12.67591],[77.39609,12.67592],[77.39624,12.6759],[77.39643,12.67588],[77.39658,12.67583],[77.39665,12.67579],[77.39671,12.67576],[77.39681,12.67572],[77.39689,12.67571],[77.39698,12.67574],[77.39706,12.67583],[77.39714,12.67591],[77.39726,12.67592],[77.39738,12.67589],[77.39745,12.67585],[77.39749,12.67579]]]},"properties":{"shedId":"C05CAM34"}},{"type":"Feature","geometry":{"type":"Polygon","coordinates":[[[77.44601,12.67435],[77.44592,12.67395],[77.44586,12.67388],[77.4458,12.67383],[77.44575,12.67382],[77.44566,12.67381],[77.44552,12.67382],[77.44548,12.67384],[77.44546,12.6738],[77.44538,12.67373],[77.44524,12.67363],[77.44509,12.67357],[77.44497,12.67351],[77.44484,12.67348],[77.44471,12.67345],[77.44429,12.67339],[77.44422,12.67339],[77.44418,12.67341],[77.44417,12.67346],[77.44417,12.67357],[77.44417,12.67376],[77.44417,12.67387],[77.44419,12.67397],[77.44421,12.67402],[77.44418,12.67402],[77.44411,12.67403],[77.44403,12.67408],[77.44395,12.67422],[77.44387,12.67443],[77.44387,12.67455],[77.44388,12.67465],[77.4439,12.67472],[77.44396,12.67476],[77.44406,12.67479],[77.44415,12.6748],[77.44432,12.67481],[77.44449,12.67484],[77.44462,12.67488],[77.44481,12.67496],[77.44495,12.67502],[77.44518,12.67503],[77.44546,12.67507],[77.44571,12.67511],[77.44589,12.67514],[77.44599,12.67517],[77.44608,12.67515],[77.4461,12.67513],[77.44611,12.67505],[77.44601,12.67435]]]},"properties":{"shedId":"C05CAM34"}},{"type":"Feature","geometry":{"type":"Polygon","coordinates":[[[77.44914,12.65601],[77.44935,12.6557],[77.4497,12.655],[77.44976,12.65439],[77.44967,12.65417],[77.44941,12.65417],[77.44827,12.65496],[77.44817,12.65503],[77.44809,12.65509],[77.44795,12.65518],[77.44779,12.65527],[77.4476,12.65535],[77.44742,12.6554],[77.44723,12.65547],[77.44715,12.65554],[77.4471,12.65561],[77.44706,12.6557],[77.44707,12.65586],[77.44715,12.65716],[77.44716,12.65734],[77.44719,12.65747],[77.44721,12.6576],[77.44789,12.65786],[77.44789,12.65797],[77.44827,12.65829],[77.44919,12.6586],[77.44997,12.65804],[77.45106,12.65833],[77.45129,12.65817],[77.45139,12.65792],[77.45139,12.6577],[77.45077,12.65714],[77.45059,12.6572],[77.44997,12.65722],[77.4494,12.65694],[77.4492,12.65658],[77.44914,12.65601]]]},"properties":{"shedId":"C05CAM34"}},{"type":"Feature","geometry":{"type":"Polygon","coordinates":[[[77.4286,12.66969],[77.42863,12.66966],[77.42867,12.66966],[77.42875,12.66965],[77.42881,12.66963],[77.42885,12.66958],[77.42886,12.66944],[77.42865,12.66935],[77.42864,12.66935],[77.42844,12.66925],[77.42829,12.66918],[77.42829,12.66918],[77.42821,12.66914],[77.4282,12.66914],[77.4282,12.66914],[77.4282,12.66914],[77.42816,12.6691],[77.42816,12.66909],[77.42816,12.66909],[77.42811,12.66897],[77.42811,12.66897],[77.42808,12.6689],[77.42805,12.66883],[77.428,12.66875],[77.42793,12.66866],[77.42786,12.66859],[77.42786,12.66859],[77.42779,12.6685],[77.42775,12.66847],[77.42769,12.66845],[77.42765,12.66844],[77.42757,12.66844],[77.42752,12.66846],[77.42748,12.66848],[77.42747,12.66851],[77.42745,12.66856],[77.42743,12.66867],[77.42743,12.66867],[77.42738,12.66895],[77.42734,12.66915],[77.4273,12.66935],[77.4273,12.66936],[77.42726,12.66944],[77.42726,12.66945],[77.42716,12.66965],[77.42716,12.66965],[77.42716,12.66965],[77.42711,12.66972],[77.4271,12.66976],[77.42711,12.66982],[77.42716,12.67],[77.42717,12.67005],[77.42718,12.67005],[77.42718,12.67006],[77.4273,12.67003],[77.4273,12.67002],[77.42739,12.67],[77.42739,12.67],[77.42759,12.66997],[77.42759,12.66997],[77.42777,12.66994],[77.42777,12.66994],[77.42803,12.66991],[77.42821,12.6699],[77.42825,12.66989],[77.42832,12.66986],[77.42844,12.66979],[77.42852,12.66974],[77.4286,12.66969]]]},"properties":{"shedId":"C05CAM34"}},{"type":"Feature","geometry":{"type":"Polygon","coordinates":[[[77.42068,12.65451],[77.42062,12.6545],[77.42061,12.65452],[77.4206,12.65452],[77.4206,12.65452],[77.4206,12.65452],[77.42057,12.65454],[77.42057,12.65454],[77.42052,12.65456],[77.42052,12.65456],[77.42052,12.65456],[77.42042,12.65457],[77.42034,12.65459],[77.42029,12.65461],[77.42027,12.65463],[77.42027,12.65469],[77.42029,12.65479],[77.42031,12.65493],[77.42031,12.65494],[77.42031,12.655],[77.42031,12.655],[77.42031,12.655],[77.42031,12.65508],[77.42031,12.65509],[77.4203,12.65519],[77.4203,12.65519],[77.42027,12.65536],[77.42026,12.65543],[77.42025,12.65553],[77.42025,12.65553],[77.42025,12.65553],[77.42023,12.65558],[77.42023,12.65559],[77.42019,12.65565],[77.42019,12.65565],[77.42013,12.65574],[77.42008,12.65581],[77.42005,12.6559],[77.42004,12.6559],[77.42003,12.65593],[77.42004,12.65605],[77.42005,12.6561],[77.4201,12.65614],[77.42023,12.65618],[77.42045,12.65621],[77.42065,12.65622],[77.42096,12.65623],[77.42104,12.65625],[77.42108,12.65635],[77.42112,12.6565],[77.42111,12.65653],[77.42115,12.65663],[77.42119,12.65669],[77.42129,12.65673],[77.42142,12.65675],[77.42162,12.65678],[77.42177,12.65682],[77.42182,12.65688],[77.42187,12.65697],[77.4219,12.65711],[77.42192,12.65721],[77.42198,12.6573],[77.42205,12.65736],[77.42212,12.65738],[77.42216,12.65737],[77.42219,12.65734],[77.42222,12.65727],[77.42224,12.65718],[77.42225,12.65708],[77.42221,12.65698],[77.42221,12.65692],[77.42224,12.65676],[77.42228,12.65659],[77.42235,12.65626],[77.42235,12.65608],[77.42232,12.65591],[77.42226,12.6558],[77.42216,12.65573],[77.42206,12.65567],[77.42196,12.65563],[77.42184,12.65561],[77.42169,12.65553],[77.42159,12.6554],[77.42147,12.6553],[77.42136,12.6551],[77.42129,12.65492],[77.42122,12.65478],[77.42115,12.65471],[77.42104,12.65465],[77.42089,12.65458],[77.42077,12.65453],[77.42068,12.65451]]]},"properties":{"shedId":"C05CAM34"}},{"type":"Feature","geometry":{"type":"Polygon","coordinates":[[[77.40581,12.66257],[77.40588,12.66245],[77.40594,12.66237],[77.40604,12.66229],[77.40614,12.66226],[77.40627,12.66226],[77.40637,12.66224],[77.40647,12.66216],[77.40653,12.66206],[77.40653,12.66194],[77.40652,12.66184],[77.40652,12.66174],[77.40655,12.66164],[77.4066,12.66161],[77.40671,12.6616],[77.40677,12.66156],[77.4068,12.66141],[77.4068,12.66131],[77.40678,12.66123],[77.40674,12.66114],[77.40672,12.66107],[77.40673,12.66098],[77.40679,12.66089],[77.40688,12.66079],[77.40697,12.66068],[77.40705,12.66064],[77.40724,12.66062],[77.40735,12.66062],[77.40747,12.66066],[77.4076,12.66077],[77.4077,12.66092],[77.40777,12.66095],[77.40781,12.66095],[77.40783,12.66092],[77.40791,12.66082],[77.40795,12.66076],[77.40796,12.6607],[77.40797,12.66062],[77.40797,12.66061],[77.40799,12.66047],[77.40799,12.66046],[77.40804,12.66033],[77.40808,12.66017],[77.40814,12.65998],[77.40817,12.65979],[77.40821,12.65954],[77.40823,12.65935],[77.40824,12.65913],[77.40823,12.65893],[77.40823,12.65892],[77.40825,12.65879],[77.40825,12.65879],[77.40825,12.65878],[77.40827,12.65872],[77.40827,12.65872],[77.40827,12.65872],[77.40827,12.65871],[77.40827,12.65871],[77.40826,12.65871],[77.40823,12.65871],[77.40821,12.65872],[77.40817,12.65876],[77.4081,12.65884],[77.4081,12.65884],[77.4081,12.65884],[77.40803,12.6589],[77.40796,12.65895],[77.40796,12.65895],[77.40791,12.65898],[77.40791,12.65898],[77.40791,12.65898],[77.40784,12.65902],[77.40784,12.65902],[77.40773,12.65906],[77.40773,12.65906],[77.40764,12.65909],[77.40756,12.65912],[77.40743,12.65917],[77.40742,12.65917],[77.40734,12.6592],[77.40734,12.6592],[77.40728,12.65921],[77.40718,12.65923],[77.4071,12.65926],[77.40694,12.65935],[77.40672,12.65947],[77.40672,12.65947],[77.40652,12.65956],[77.4064,12.65964],[77.40634,12.65968],[77.40634,12.65968],[77.40634,12.65968],[77.4063,12.6597],[77.4063,12.65971],[77.40626,12.65972],[77.40626,12.65972],[77.40626,12.65972],[77.40619,12.65973],[77.40618,12.65973],[77.40618,12.65973],[77.40612,12.65973],[77.40612,12.65973],[77.40612,12.65973],[77.40608,12.65971],[77.40608,12.65971],[77.40608,12.65971],[77.40608,12.65971],[77.40606,12.6597],[77.40606,12.6597],[77.40606,12.6597],[77.40606,12.6597],[77.40606,12.65969],[77.40605,12.65968],[77.40605,12.65967],[77.40605,12.65967],[77.40605,12.65967],[77.40605,12.65964],[77.40605,12.65964],[77.40606,12.65956],[77.40606,12.65956],[77.40608,12.65944],[77.40612,12.65923],[77.40613,12.65912],[77.40614,12.65902],[77.40613,12.65891],[77.40613,12.65891],[77.40614,12.65879],[77.40614,12.65879],[77.40615,12.65873],[77.40615,12.65873],[77.40617,12.65863],[77.40617,12.65863],[77.4062,12.65855],[77.40624,12.65844],[77.40624,12.65844],[77.40641,12.65813],[77.40648,12.65801],[77.40651,12.65793],[77.4065,12.65787],[77.40648,12.65777],[77.40646,12.6577],[77.40645,12.65767],[77.40643,12.65767],[77.40638,12.65769],[77.40617,12.65777],[77.40617,12.65777],[77.40604,12.65781],[77.40603,12.65781],[77.40593,12.65783],[77.40593,12.65783],[77.40587,12.65784],[77.40587,12.65784],[77.40582,12.65784],[77.40581,12.65784],[77.40581,12.65784],[77.40577,12.65783],[77.40574,12.65782],[77.40572,12.65786],[77.40572,12.65787],[77.40574,12.6579],[77.40577,12.65792],[77.40582,12.65794],[77.40587,12.65796],[77.40591,12.65799],[77.40591,12.65805],[77.40588,12.65813],[77.40585,12.65818],[77.4058,12.6582],[77.40575,12.6582],[77.4057,12.65819],[77.40565,12.65819],[77.40559,12.65817],[77.40555,12.65817],[77.40551,12.65819],[77.40548,12.6583],[77.40545,12.65846],[77.40545,12.65846],[77.40541,12.6586],[77.40539,12.6587],[77.40537,12.65887],[77.40537,12.65887],[77.40537,12.65887],[77.40531,12.6591],[77.4053,12.65917],[77.40529,12.65924],[77.40529,12.65933],[77.40528,12.65947],[77.40528,12.65947],[77.40525,12.65966],[77.40524,12.65981],[77.40524,12.65981],[77.40522,12.65992],[77.40522,12.65992],[77.40519,12.66008],[77.40517,12.66019],[77.40518,12.66026],[77.40517,12.66028],[77.4051,12.66048],[77.40506,12.66062],[77.40506,12.66074],[77.40508,12.66088],[77.40512,12.66101],[77.40514,12.66117],[77.40516,12.66133],[77.405,12.66181],[77.40496,12.66213],[77.40492,12.66233],[77.40489,12.66248],[77.40484,12.66252],[77.40471,12.66256],[77.40464,12.66256],[77.40457,12.66254],[77.4045,12.66249],[77.40446,12.66248],[77.40439,12.66246],[77.40431,12.66246],[77.40429,12.66247],[77.4042,12.66256],[77.40414,12.66261],[77.40409,12.66267],[77.40403,12.66274],[77.40399,12.66279],[77.40395,12.66284],[77.40392,12.66289],[77.4039,12.66294],[77.40389,12.66299],[77.40389,12.66302],[77.40391,12.66308],[77.40406,12.66311],[77.4042,12.66314],[77.40425,12.66317],[77.40426,12.66321],[77.40425,12.66326],[77.40417,12.6634],[77.40415,12.6635],[77.40417,12.66357],[77.40423,12.6636],[77.40432,12.66362],[77.40444,12.66363],[77.40457,12.66359],[77.40466,12.66353],[77.40473,12.66347],[77.40482,12.66339],[77.40495,12.66324],[77.4051,12.66314],[77.40532,12.66293],[77.40544,12.66282],[77.40567,12.66265],[77.40581,12.66257]]]},"properties":{"shedId":"C05CAM34"}},{"type":"Feature","geometry":{"type":"Polygon","coordinates":[[[77.40387,12.6667],[77.40393,12.66662],[77.40393,12.66662],[77.40393,12.66662],[77.40398,12.66658],[77.40399,12.66658],[77.40399,12.66658],[77.40399,12.66658],[77.40399,12.66658],[77.404,12.66658],[77.40399,12.66656],[77.40398,12.66656],[77.40397,12.66655],[77.40397,12.66655],[77.40396,12.66655],[77.40395,12.66656],[77.40394,12.66657],[77.40394,12.66657],[77.40394,12.66657],[77.4039,12.66661],[77.4039,12.66661],[77.4039,12.66661],[77.4039,12.66661],[77.40384,12.66663],[77.40384,12.66663],[77.40376,12.66665],[77.40376,12.66665],[77.40376,12.66665],[77.40361,12.66666],[77.40361,12.66666],[77.40355,12.66666],[77.40355,12.66666],[77.40349,12.66666],[77.40349,12.66666],[77.40349,12.66666],[77.4033,12.6666],[77.4033,12.6666],[77.4032,12.66656],[77.4032,12.66656],[77.40299,12.66648],[77.40288,12.66643],[77.40273,12.66637],[77.40272,12.66637],[77.40264,12.66634],[77.40264,12.66634],[77.40256,12.66629],[77.40255,12.66629],[77.40255,12.66629],[77.40251,12.66625],[77.40251,12.66625],[77.40251,12.66624],[77.40247,12.6662],[77.40247,12.6662],[77.40247,12.6662],[77.40244,12.66613],[77.40244,12.66613],[77.40244,12.66613],[77.40242,12.66607],[77.40242,12.66607],[77.40241,12.66601],[77.40238,12.66594],[77.40234,12.66584],[77.40226,12.6657],[77.40226,12.6657],[77.40221,12.66559],[77.40221,12.66559],[77.40218,12.66553],[77.40216,12.66549],[77.40212,12.66545],[77.40212,12.66545],[77.40212,12.66545],[77.4021,12.6654],[77.40209,12.6654],[77.40207,12.66533],[77.40206,12.66533],[77.40206,12.66532],[77.40206,12.66527],[77.40205,12.66527],[77.40205,12.66519],[77.40205,12.66499],[77.40204,12.66484],[77.40202,12.66473],[77.402,12.66466],[77.40193,12.66454],[77.40185,12.66441],[77.40185,12.66441],[77.4018,12.66431],[77.40174,12.6642],[77.40173,12.66418],[77.40171,12.66418],[77.40168,12.6642],[77.40161,12.66423],[77.40161,12.66424],[77.40161,12.66424],[77.40157,12.66425],[77.40157,12.66425],[77.40156,12.66425],[77.40156,12.66425],[77.40153,12.66425],[77.40153,12.66425],[77.40153,12.66425],[77.40152,12.66425],[77.40152,12.66424],[77.40152,12.66424],[77.4015,12.66422],[77.4015,12.66422],[77.4015,12.66422],[77.40148,12.6642],[77.40148,12.6642],[77.40148,12.6642],[77.40146,12.66414],[77.40142,12.66408],[77.40136,12.66403],[77.40136,12.66403],[77.40134,12.6641],[77.40135,12.66416],[77.40138,12.66423],[77.40148,12.66446],[77.40158,12.66468],[77.40169,12.66506],[77.40174,12.66524],[77.40174,12.66538],[77.40172,12.66552],[77.40168,12.66565],[77.40164,12.66574],[77.40147,12.66601],[77.40133,12.66623],[77.4012,12.66636],[77.40112,12.6665],[77.40099,12.66697],[77.40092,12.66724],[77.40086,12.66766],[77.40085,12.66788],[77.40086,12.66804],[77.40089,12.66819],[77.40092,12.66828],[77.40096,12.66841],[77.40107,12.66852],[77.40127,12.66864],[77.4014,12.66868],[77.40152,12.6687],[77.40165,12.66869],[77.40177,12.66866],[77.40187,12.66859],[77.40199,12.66847],[77.40212,12.66828],[77.4022,12.6682],[77.40238,12.6681],[77.40246,12.66802],[77.40259,12.66788],[77.40278,12.66767],[77.40294,12.66744],[77.40298,12.66733],[77.40303,12.66721],[77.40303,12.66716],[77.40304,12.66714],[77.40307,12.6671],[77.40307,12.6671],[77.40314,12.66708],[77.40322,12.66704],[77.40329,12.66697],[77.40329,12.66697],[77.40333,12.66694],[77.40333,12.66694],[77.40338,12.66691],[77.40339,12.6669],[77.40347,12.66687],[77.40347,12.66687],[77.40347,12.66687],[77.40357,12.66684],[77.40367,12.66682],[77.40377,12.66678],[77.40383,12.66675],[77.40387,12.6667]]]},"properties":{"shedId":"C05CAM34"}},{"type":"Feature","geometry":{"type":"Polygon","coordinates":[[[77.41275,12.65971],[77.41278,12.6597],[77.41282,12.65968],[77.41285,12.65965],[77.41288,12.65962],[77.4129,12.65959],[77.41292,12.65956],[77.41293,12.65952],[77.41294,12.65948],[77.41294,12.65944],[77.41293,12.6594],[77.41292,12.65936],[77.41303,12.65886],[77.41302,12.65878],[77.413,12.6587],[77.41298,12.65863],[77.41295,12.65855],[77.41292,12.65848],[77.41287,12.65849],[77.4128,12.65839],[77.41272,12.65827],[77.41266,12.65814],[77.41254,12.65796],[77.41247,12.65788],[77.4124,12.65786],[77.41224,12.65782],[77.41215,12.65781],[77.41208,12.65782],[77.41193,12.65787],[77.41167,12.65799],[77.41167,12.65799],[77.41167,12.65801],[77.41168,12.65802],[77.41168,12.65802],[77.41158,12.65803],[77.41158,12.65803],[77.41157,12.65803],[77.41154,12.65803],[77.41154,12.65803],[77.41153,12.65803],[77.41153,12.65803],[77.41153,12.65802],[77.4115,12.658],[77.4115,12.658],[77.4115,12.658],[77.4115,12.658],[77.41139,12.65799],[77.41126,12.65817],[77.41124,12.65821],[77.41121,12.65825],[77.41118,12.65829],[77.41114,12.65832],[77.41109,12.65835],[77.41105,12.65837],[77.41098,12.65843],[77.41091,12.6585],[77.41085,12.65856],[77.4108,12.65863],[77.41075,12.65871],[77.4107,12.6588],[77.41065,12.65889],[77.41059,12.65897],[77.41053,12.65906],[77.41049,12.65911],[77.41046,12.65916],[77.41043,12.65922],[77.41041,12.65928],[77.41039,12.65934],[77.41038,12.6594],[77.41038,12.65946],[77.41039,12.65952],[77.4104,12.65958],[77.41043,12.65959],[77.41046,12.65961],[77.41049,12.65963],[77.41051,12.65965],[77.41053,12.65968],[77.41055,12.65971],[77.41056,12.65974],[77.41057,12.65977],[77.41056,12.65983],[77.41055,12.65989],[77.41053,12.65994],[77.4105,12.66],[77.41048,12.66002],[77.41046,12.66005],[77.41044,12.66008],[77.41043,12.66011],[77.41043,12.66015],[77.41043,12.66018],[77.41044,12.66021],[77.41045,12.66025],[77.4105,12.66032],[77.41055,12.6604],[77.41058,12.66045],[77.41061,12.66051],[77.41063,12.66057],[77.41065,12.66064],[77.41066,12.6607],[77.41066,12.66076],[77.41065,12.66083],[77.41064,12.66089],[77.41089,12.66093],[77.411,12.66139],[77.41159,12.66153],[77.41161,12.66142],[77.41165,12.66132],[77.41169,12.66122],[77.41174,12.66113],[77.41179,12.66103],[77.41185,12.66094],[77.41192,12.66085],[77.41199,12.66077],[77.41202,12.66075],[77.412,12.66066],[77.412,12.66062],[77.41201,12.66057],[77.41201,12.66053],[77.41201,12.66048],[77.41204,12.6604],[77.41205,12.66034],[77.4121,12.6601],[77.41213,12.66004],[77.41217,12.65997],[77.41221,12.65991],[77.41225,12.65985],[77.41228,12.65982],[77.41231,12.6598],[77.41234,12.65978],[77.41238,12.65977],[77.41242,12.65976],[77.41247,12.65974],[77.41252,12.65972],[77.41258,12.65971],[77.41263,12.65971],[77.41269,12.65971],[77.41275,12.65971]]]},"properties":{"shedId":"C05CAM34"}},{"type":"Feature","geometry":{"type":"Polygon","coordinates":[[[77.46129,12.67325],[77.46129,12.6731],[77.4613,12.67224],[77.46131,12.67181],[77.46133,12.67178],[77.46136,12.67175],[77.46157,12.67171],[77.46186,12.67166],[77.46191,12.67162],[77.46194,12.67158],[77.46181,12.67129],[77.46165,12.671],[77.46154,12.67084],[77.46141,12.67072],[77.46129,12.67062],[77.46099,12.67047],[77.46081,12.6704],[77.46062,12.67035],[77.46046,12.67032],[77.46023,12.67029],[77.46021,12.67037],[77.46021,12.67045],[77.4601,12.67083],[77.46002,12.67096],[77.45988,12.67115],[77.45968,12.67138],[77.45938,12.67169],[77.45915,12.67204],[77.4587,12.67245],[77.45844,12.67269],[77.45825,12.6729],[77.4581,12.67303],[77.45796,12.67328],[77.45793,12.67336],[77.45791,12.67341],[77.45791,12.67346],[77.45791,12.6735],[77.45795,12.67352],[77.45802,12.67356],[77.45825,12.67346],[77.45874,12.67326],[77.459,12.67317],[77.45915,12.67314],[77.45928,12.67313],[77.45951,12.67313],[77.45969,12.67315],[77.45993,12.6732],[77.46024,12.67326],[77.4604,12.6733],[77.46054,12.67334],[77.46068,12.67342],[77.46082,12.67354],[77.46098,12.67368],[77.46109,12.67377],[77.46131,12.67392],[77.4614,12.674],[77.46149,12.67409],[77.46161,12.67426],[77.46164,12.67428],[77.4617,12.67429],[77.46178,12.6743],[77.46179,12.67429],[77.46181,12.67428],[77.46183,12.67424],[77.46183,12.67418],[77.4618,12.67411],[77.4616,12.67381],[77.46136,12.67351],[77.46131,12.67339],[77.46129,12.67325]]]},"properties":{"shedId":"C05CAM34"}},{"type":"Feature","geometry":{"type":"Polygon","coordinates":[[[77.46659,12.66887],[77.46669,12.66885],[77.4667,12.66885],[77.46679,12.66883],[77.46696,12.6687],[77.46736,12.66841],[77.46774,12.66826],[77.46816,12.66815],[77.46819,12.66813],[77.46819,12.66808],[77.46817,12.66799],[77.468,12.66737],[77.46791,12.66724],[77.46782,12.66713],[77.46769,12.667],[77.46751,12.66684],[77.46743,12.66674],[77.4673,12.66657],[77.46727,12.66645],[77.46726,12.66634],[77.46724,12.66623],[77.46721,12.66616],[77.46717,12.6661],[77.46713,12.66609],[77.46707,12.66607],[77.46703,12.66607],[77.46697,12.66605],[77.46694,12.666],[77.46691,12.66594],[77.4669,12.66585],[77.4669,12.66575],[77.46691,12.66565],[77.46691,12.66557],[77.46689,12.66554],[77.46683,12.66552],[77.46675,12.66551],[77.46661,12.66549],[77.46646,12.66549],[77.46632,12.6655],[77.46622,12.66553],[77.46613,12.66557],[77.46607,12.66562],[77.46601,12.66574],[77.46601,12.66575],[77.46599,12.66582],[77.46588,12.66592],[77.46569,12.66602],[77.46566,12.66605],[77.46563,12.6661],[77.46561,12.66608],[77.46559,12.6661],[77.46567,12.66619],[77.46591,12.66644],[77.46619,12.66671],[77.46632,12.66686],[77.46639,12.66702],[77.46644,12.66729],[77.46647,12.66741],[77.46651,12.66755],[77.46653,12.66783],[77.46655,12.66803],[77.46654,12.66831],[77.46654,12.66856],[77.46654,12.66867],[77.46657,12.66884],[77.46657,12.66886],[77.46656,12.66886],[77.46653,12.66887],[77.46659,12.66887]]]},"properties":{"shedId":"C05CAM34"}},{"type":"Feature","geometry":{"type":"Polygon","coordinates":[[[77.47215,12.67585],[77.4724,12.67576],[77.47255,12.67572],[77.47264,12.67572],[77.47271,12.67573],[77.4728,12.67576],[77.47289,12.67578],[77.47304,12.67581],[77.47337,12.67579],[77.47371,12.67579],[77.47424,12.67584],[77.47451,12.67588],[77.47465,12.67592],[77.47468,12.67592],[77.4745,12.67555],[77.47433,12.67523],[77.47413,12.67492],[77.47399,12.6747],[77.47391,12.67452],[77.47386,12.67434],[77.47385,12.67396],[77.47383,12.67359],[77.47381,12.67337],[77.47378,12.67329],[77.47371,12.6731],[77.47358,12.6729],[77.47347,12.67276],[77.47344,12.67274],[77.4734,12.67274],[77.47333,12.67273],[77.47308,12.67278],[77.47264,12.67288],[77.47257,12.67289],[77.4725,12.67293],[77.47243,12.67299],[77.47235,12.67304],[77.47221,12.6731],[77.47188,12.67321],[77.4716,12.67334],[77.47151,12.67336],[77.47145,12.67336],[77.47137,12.67335],[77.47131,12.67332],[77.47128,12.67331],[77.47126,12.67324],[77.47125,12.67318],[77.47117,12.67319],[77.47026,12.67401],[77.47023,12.67412],[77.47017,12.67459],[77.47012,12.67469],[77.46996,12.67482],[77.46825,12.67577],[77.46805,12.6758],[77.46785,12.67578],[77.46738,12.67577],[77.46713,12.6758],[77.46673,12.67584],[77.46614,12.67585],[77.466,12.67583],[77.46602,12.67516],[77.46589,12.67513],[77.46555,12.67501],[77.46546,12.67497],[77.46529,12.67494],[77.46514,12.67493],[77.465,12.67491],[77.46489,12.67489],[77.46468,12.67489],[77.4643,12.6749],[77.46416,12.67493],[77.46401,12.67502],[77.46392,12.67508],[77.46389,12.67506],[77.46375,12.67499],[77.46342,12.67474],[77.46318,12.67443],[77.46311,12.67444],[77.46319,12.6746],[77.46324,12.67467],[77.46343,12.67493],[77.46377,12.67527],[77.46394,12.67547],[77.46407,12.67562],[77.46419,12.67573],[77.46426,12.67576],[77.46438,12.67579],[77.46498,12.67593],[77.46529,12.67599],[77.46562,12.67603],[77.46586,12.67604],[77.4662,12.67604],[77.46652,12.67607],[77.46672,12.67611],[77.46688,12.67617],[77.467,12.67625],[77.46709,12.67634],[77.46716,12.6765],[77.46722,12.6767],[77.46729,12.67688],[77.46737,12.67702],[77.46748,12.67715],[77.46762,12.67727],[77.46793,12.67751],[77.4681,12.67767],[77.4683,12.67789],[77.46838,12.67802],[77.46844,12.67815],[77.46853,12.67842],[77.46875,12.67897],[77.46883,12.67912],[77.46891,12.67921],[77.46911,12.67939],[77.46933,12.67952],[77.46945,12.67954],[77.46955,12.67954],[77.46965,12.6795],[77.46985,12.6794],[77.46987,12.67938],[77.4702,12.67913],[77.47047,12.67889],[77.47067,12.6787],[77.47071,12.67863],[77.47073,12.67854],[77.47073,12.67846],[77.47069,12.6783],[77.4706,12.67794],[77.47058,12.67778],[77.47059,12.67765],[77.47063,12.67744],[77.4707,12.67726],[77.47079,12.67707],[77.47085,12.677],[77.47094,12.67691],[77.47106,12.67682],[77.47132,12.67663],[77.47164,12.67639],[77.47183,12.67625],[77.47187,12.67616],[77.47195,12.67602],[77.4721,12.67588],[77.47215,12.67585]]]},"properties":{"shedId":"C05CAM34"}},{"type":"Feature","geometry":{"type":"Polygon","coordinates":[[[77.48013,12.66175],[77.48022,12.66174],[77.48041,12.66174],[77.48051,12.66175],[77.4806,12.66176],[77.48078,12.66184],[77.48082,12.66184],[77.48088,12.66183],[77.4809,12.66182],[77.48092,12.6618],[77.48093,12.66176],[77.48093,12.66174],[77.48092,12.66167],[77.48091,12.6616],[77.48088,12.66148],[77.48079,12.6613],[77.48071,12.66117],[77.48065,12.66114],[77.48059,12.66111],[77.48048,12.66109],[77.48047,12.66109],[77.48036,12.66108],[77.48018,12.66108],[77.48006,12.66111],[77.47996,12.66114],[77.47989,12.66116],[77.4798,12.6612],[77.47977,12.66122],[77.47972,12.66125],[77.47968,12.6613],[77.47957,12.66141],[77.47931,12.66171],[77.47913,12.662],[77.47912,12.66204],[77.47911,12.6621],[77.47913,12.66217],[77.47915,12.6622],[77.47918,12.66222],[77.47921,12.66222],[77.47926,12.66222],[77.47929,12.66222],[77.47937,12.66218],[77.47982,12.66188],[77.47987,12.66185],[77.48004,12.66178],[77.48013,12.66175]]]},"properties":{"shedId":"C05CAM34"}},{"type":"Feature","geometry":{"type":"Polygon","coordinates":[[[77.40013,12.62582],[77.40011,12.62552],[77.40011,12.62545],[77.40011,12.62545],[77.40011,12.62545],[77.40012,12.62539],[77.40012,12.62539],[77.40012,12.62535],[77.40012,12.62535],[77.40013,12.62531],[77.40013,12.62531],[77.40014,12.62529],[77.40014,12.62529],[77.40014,12.62528],[77.40014,12.62528],[77.40017,12.62523],[77.40017,12.62523],[77.40021,12.62514],[77.40031,12.62496],[77.40035,12.62486],[77.40037,12.62481],[77.40037,12.62479],[77.40038,12.62475],[77.40038,12.62474],[77.40038,12.62473],[77.40039,12.62471],[77.40037,12.62471],[77.40038,12.62452],[77.40036,12.62448],[77.40034,12.62446],[77.40028,12.62446],[77.4002,12.62446],[77.40006,12.62447],[77.40005,12.62444],[77.40004,12.62441],[77.40001,12.62439],[77.39994,12.62436],[77.39986,12.62438],[77.39967,12.62448],[77.39963,12.6245],[77.39956,12.62455],[77.39956,12.62457],[77.39954,12.62458],[77.39941,12.62461],[77.3993,12.62462],[77.39923,12.62463],[77.39919,12.62466],[77.39913,12.62475],[77.39906,12.62489],[77.39905,12.62496],[77.39905,12.62501],[77.39906,12.62507],[77.39907,12.62509],[77.39911,12.62514],[77.39915,12.62518],[77.3992,12.62521],[77.39928,12.62525],[77.39964,12.62541],[77.39966,12.62543],[77.39984,12.62564],[77.40004,12.62594],[77.40006,12.62594],[77.40007,12.62594],[77.40014,12.62614],[77.40014,12.62614],[77.40014,12.62614],[77.40015,12.62613],[77.40015,12.62613],[77.40015,12.62612],[77.40015,12.62612],[77.40015,12.62611],[77.40015,12.62611],[77.40015,12.6261],[77.40015,12.6261],[77.40015,12.62609],[77.40015,12.62609],[77.40015,12.62608],[77.40015,12.62608],[77.40015,12.62607],[77.40015,12.62607],[77.40015,12.62606],[77.40015,12.62606],[77.40015,12.62605],[77.40015,12.62605],[77.40015,12.62604],[77.40015,12.62604],[77.40015,12.62603],[77.40015,12.62603],[77.40015,12.62603],[77.40015,12.62602],[77.40015,12.62602],[77.40015,12.62601],[77.40015,12.62601],[77.40015,12.626],[77.40015,12.626],[77.40015,12.62599],[77.40015,12.62599],[77.40014,12.62595],[77.40014,12.62595],[77.40013,12.62583],[77.40013,12.62582]]]},"properties":{"shedId":"C05CAM34"}},{"type":"Feature","geometry":{"type":"Polygon","coordinates":[[[77.40306,12.63888],[77.40323,12.63887],[77.40336,12.63891],[77.40344,12.63892],[77.40355,12.63892],[77.40385,12.63889],[77.40387,12.63889],[77.4039,12.63888],[77.40393,12.63885],[77.40396,12.63881],[77.404,12.63873],[77.40401,12.63869],[77.40405,12.63863],[77.40407,12.63861],[77.40413,12.63857],[77.4042,12.63852],[77.40427,12.63849],[77.4043,12.63847],[77.40433,12.63844],[77.40433,12.63842],[77.40432,12.63841],[77.40417,12.63836],[77.40412,12.63835],[77.40399,12.63833],[77.40383,12.6383],[77.40371,12.63826],[77.4036,12.63822],[77.40345,12.63816],[77.40339,12.63813],[77.40324,12.63806],[77.40304,12.638],[77.40293,12.63797],[77.40287,12.63796],[77.4028,12.63796],[77.40268,12.63797],[77.40261,12.63799],[77.40258,12.638],[77.40252,12.63802],[77.40247,12.63805],[77.40241,12.63808],[77.40238,12.63811],[77.40236,12.63817],[77.40235,12.63825],[77.40236,12.6383],[77.40238,12.63831],[77.4024,12.63832],[77.4025,12.63834],[77.40254,12.63834],[77.40262,12.63834],[77.40264,12.63836],[77.40267,12.63841],[77.40267,12.63842],[77.40267,12.63858],[77.40265,12.6389],[77.40265,12.63904],[77.40266,12.63905],[77.40271,12.63907],[77.4028,12.63907],[77.40295,12.63906],[77.40299,12.63905],[77.403,12.63902],[77.40301,12.63896],[77.40301,12.63891],[77.40302,12.63889],[77.40306,12.63888]]]},"properties":{"shedId":"C05CAM34"}},{"type":"Feature","geometry":{"type":"Polygon","coordinates":[[[77.45636,12.64018],[77.4564,12.64019],[77.45644,12.64018],[77.45648,12.64017],[77.45652,12.64016],[77.45656,12.64014],[77.45704,12.63981],[77.45724,12.63971],[77.45738,12.63964],[77.45738,12.63963],[77.45739,12.63961],[77.45739,12.63959],[77.45733,12.63949],[77.45731,12.63938],[77.45729,12.63931],[77.45725,12.63923],[77.45722,12.63919],[77.45715,12.63916],[77.45704,12.63912],[77.45702,12.63911],[77.45695,12.63912],[77.45688,12.63912],[77.45682,12.6391],[77.45675,12.63906],[77.45667,12.63898],[77.45664,12.63894],[77.4566,12.63891],[77.45651,12.63889],[77.45643,12.63887],[77.45641,12.63885],[77.45635,12.63871],[77.45634,12.63857],[77.45636,12.63848],[77.45636,12.63847],[77.45635,12.63846],[77.45631,12.63842],[77.45626,12.63847],[77.45622,12.63853],[77.45618,12.63859],[77.45614,12.63865],[77.45611,12.63872],[77.45609,12.63879],[77.45608,12.63885],[77.45606,12.63892],[77.45605,12.63898],[77.45605,12.63904],[77.45604,12.6391],[77.45605,12.63916],[77.45606,12.63922],[77.45607,12.63927],[77.45614,12.63952],[77.45621,12.64008],[77.45622,12.64011],[77.45624,12.64014],[77.45626,12.64017],[77.45628,12.64018],[77.45631,12.64018],[77.45634,12.64019],[77.45636,12.64018]]]},"properties":{"shedId":"C05CAM34"}},{"type":"Feature","geometry":{"type":"Polygon","coordinates":[[[77.41348,12.71725],[77.41341,12.71723],[77.41336,12.71723],[77.41331,12.71724],[77.41325,12.71724],[77.41322,12.71723],[77.41316,12.71721],[77.41303,12.71713],[77.4129,12.71705],[77.41276,12.71698],[77.41274,12.717],[77.41273,12.71702],[77.41271,12.71704],[77.4127,12.71706],[77.4127,12.71709],[77.41268,12.71719],[77.41267,12.7173],[77.41267,12.71741],[77.41267,12.71752],[77.41268,12.71762],[77.4127,12.71773],[77.41271,12.71783],[77.41272,12.71792],[77.41273,12.71801],[77.41275,12.71811],[77.41278,12.7182],[77.41279,12.71828],[77.41282,12.71837],[77.41284,12.71845],[77.41287,12.71853],[77.41288,12.71854],[77.41288,12.71856],[77.41289,12.71857],[77.4129,12.71858],[77.41291,12.71858],[77.41292,12.71859],[77.41293,12.7186],[77.41294,12.7186],[77.41297,12.7186],[77.413,12.71859],[77.41303,12.71858],[77.41305,12.71856],[77.41308,12.71855],[77.4132,12.71848],[77.41325,12.71845],[77.4133,12.71843],[77.41335,12.7184],[77.41341,12.71839],[77.41346,12.71837],[77.41351,12.71835],[77.41355,12.71832],[77.4136,12.71829],[77.41393,12.71801],[77.41388,12.71794],[77.41383,12.71787],[77.41377,12.71781],[77.41373,12.71773],[77.4137,12.71765],[77.41367,12.71756],[77.41364,12.71747],[77.41363,12.71743],[77.41361,12.71739],[77.41358,12.71734],[77.41355,12.71731],[77.41352,12.71728],[77.41348,12.71725]]]},"properties":{"shedId":"C05CAM34"}},{"type":"Feature","geometry":{"type":"Polygon","coordinates":[[[77.49565,12.70879],[77.49577,12.70878],[77.49599,12.70879],[77.49615,12.70878],[77.49627,12.70874],[77.49632,12.70868],[77.49635,12.70862],[77.49635,12.70854],[77.49619,12.7082],[77.49612,12.70805],[77.49605,12.70784],[77.49606,12.70772],[77.49609,12.70759],[77.4961,12.70738],[77.49609,12.70713],[77.49604,12.70702],[77.496,12.70692],[77.49595,12.70685],[77.49579,12.70677],[77.4957,12.70677],[77.49542,12.70681],[77.49539,12.70683],[77.49533,12.70687],[77.49525,12.70698],[77.49502,12.7072],[77.49488,12.70734],[77.49483,12.70746],[77.49477,12.70765],[77.4946,12.70817],[77.4946,12.7085],[77.49471,12.70885],[77.49477,12.70898],[77.49486,12.70898],[77.49498,12.70896],[77.49503,12.70892],[77.49519,12.70884],[77.49537,12.70883],[77.49565,12.70879]]]},"properties":{"shedId":"C05CAM34"}},{"type":"Feature","geometry":{"type":"Polygon","coordinates":[[[77.5205,12.72454],[77.52063,12.72454],[77.52074,12.72454],[77.52086,12.72456],[77.52098,12.72457],[77.52121,12.7245],[77.52154,12.72433],[77.52167,12.72426],[77.52169,12.7242],[77.52169,12.7241],[77.52161,12.72397],[77.52143,12.72391],[77.52136,12.72387],[77.52129,12.72374],[77.52124,12.72369],[77.52094,12.72364],[77.52071,12.72357],[77.52042,12.72349],[77.52034,12.72341],[77.52025,12.72336],[77.52022,12.72335],[77.52011,12.72335],[77.52007,12.72337],[77.51998,12.72356],[77.51972,12.72405],[77.51967,12.7242],[77.51968,12.7244],[77.5198,12.72449],[77.52003,12.72459],[77.52026,12.72459],[77.52042,12.72455],[77.5205,12.72454]]]},"properties":{"shedId":"C05CAM34"}},{"type":"Feature","geometry":{"type":"Polygon","coordinates":[[[77.38267,12.84225],[77.38287,12.84224],[77.38315,12.84224],[77.38333,12.84225],[77.38348,12.84225],[77.38356,12.84224],[77.38365,12.84223],[77.3838,12.84224],[77.38394,12.8422],[77.38401,12.84216],[77.38406,12.84211],[77.38413,12.84207],[77.38414,12.84194],[77.38414,12.84192],[77.38415,12.84183],[77.38415,12.84176],[77.38413,12.84167],[77.38412,12.8416],[77.38411,12.84156],[77.38411,12.84152],[77.38411,12.84149],[77.38412,12.84145],[77.38414,12.84141],[77.38427,12.84148],[77.38413,12.8411],[77.38393,12.84095],[77.38378,12.84091],[77.38338,12.84079],[77.38315,12.84076],[77.38297,12.84078],[77.38297,12.84078],[77.38296,12.84079],[77.38296,12.8408],[77.38296,12.84081],[77.38296,12.84081],[77.38296,12.84082],[77.38296,12.84083],[77.38296,12.84084],[77.38296,12.84084],[77.38296,12.84085],[77.38296,12.84086],[77.38295,12.84087],[77.38294,12.84106],[77.38292,12.84139],[77.38292,12.8414],[77.38292,12.84141],[77.38292,12.84141],[77.38292,12.84142],[77.38292,12.84143],[77.38292,12.84144],[77.38291,12.84144],[77.38291,12.84145],[77.38291,12.84146],[77.38291,12.84146],[77.38291,12.84147],[77.38291,12.84148],[77.38291,12.84149],[77.38291,12.84149],[77.3829,12.8415],[77.3829,12.84151],[77.3829,12.84151],[77.3829,12.84152],[77.3829,12.84153],[77.3829,12.84154],[77.38289,12.84154],[77.38289,12.84155],[77.38289,12.84156],[77.38289,12.84156],[77.38288,12.84157],[77.38288,12.84158],[77.38288,12.84158],[77.38288,12.84159],[77.38288,12.8416],[77.38287,12.84161],[77.38287,12.84161],[77.38287,12.84162],[77.38286,12.84163],[77.38286,12.84163],[77.38286,12.84164],[77.38286,12.84165],[77.38285,12.84165],[77.38285,12.84166],[77.38285,12.84167],[77.38284,12.84167],[77.38284,12.84168],[77.38284,12.84169],[77.38283,12.84169],[77.38283,12.8417],[77.38283,12.84171],[77.38282,12.84171],[77.38282,12.84172],[77.38281,12.84172],[77.38281,12.84173],[77.38269,12.84193],[77.38264,12.84203],[77.38263,12.84204],[77.38263,12.84204],[77.38263,12.84205],[77.38262,12.84206],[77.38262,12.84207],[77.38261,12.84208],[77.38261,12.84208],[77.38261,12.84209],[77.38261,12.8421],[77.3826,12.84211],[77.3826,12.84212],[77.3826,12.84212],[77.38259,12.84213],[77.38259,12.84214],[77.38259,12.84215],[77.38259,12.84216],[77.38258,12.84217],[77.38258,12.84217],[77.38258,12.84218],[77.38258,12.84219],[77.38257,12.8422],[77.38257,12.84221],[77.38257,12.84222],[77.38257,12.84222],[77.38256,12.84223],[77.38256,12.84224],[77.38256,12.84225],[77.38256,12.84226],[77.38256,12.84226],[77.38267,12.84225]]]},"properties":{"shedId":"C05CAM34"}},{"type":"Feature","geometry":{"type":"Polygon","coordinates":[[[77.43444,12.6248],[77.43463,12.62476],[77.43471,12.6248],[77.43482,12.62483],[77.43503,12.62482],[77.43516,12.62478],[77.4354,12.62468],[77.43556,12.62454],[77.43561,12.62442],[77.43563,12.62432],[77.43559,12.62405],[77.43553,12.62394],[77.43539,12.62375],[77.43531,12.62368],[77.43504,12.62348],[77.435,12.62344],[77.43489,12.62338],[77.43462,12.62332],[77.43437,12.62322],[77.4343,12.62317],[77.4342,12.623],[77.43406,12.62285],[77.43402,12.62283],[77.43393,12.62287],[77.4338,12.62294],[77.43375,12.62299],[77.43351,12.62323],[77.43326,12.62346],[77.4333,12.62358],[77.43336,12.62366],[77.43352,12.62392],[77.43357,12.62406],[77.43381,12.62458],[77.43398,12.62474],[77.43416,12.62486],[77.43421,12.62487],[77.43432,12.62485],[77.43444,12.6248]]]},"properties":{"shedId":"C05CAM34"}},{"type":"Feature","geometry":{"type":"Polygon","coordinates":[[[77.44859,12.62887],[77.44857,12.62875],[77.44858,12.62848],[77.44865,12.62817],[77.44868,12.62801],[77.4487,12.62795],[77.4487,12.62793],[77.44868,12.62789],[77.44771,12.62809],[77.44764,12.62814],[77.44747,12.6282],[77.44741,12.62819],[77.44736,12.62819],[77.44732,12.6282],[77.44729,12.62822],[77.44728,12.62825],[77.44727,12.6283],[77.44728,12.62848],[77.44728,12.62854],[77.44724,12.62857],[77.44709,12.62856],[77.44692,12.62855],[77.44685,12.62854],[77.44683,12.62856],[77.44679,12.62858],[77.44672,12.62861],[77.44679,12.62866],[77.44682,12.62869],[77.44688,12.6287],[77.44693,12.62872],[77.44697,12.62875],[77.447,12.62878],[77.44701,12.62882],[77.44702,12.62885],[77.44703,12.62887],[77.44707,12.62887],[77.44709,12.62886],[77.4471,12.62887],[77.44714,12.62887],[77.44724,12.62883],[77.44745,12.62869],[77.44765,12.62867],[77.44781,12.62868],[77.44789,12.62872],[77.44793,12.62879],[77.44796,12.62882],[77.44802,12.62883],[77.44811,12.62883],[77.44818,12.62882],[77.44826,12.62882],[77.44833,12.62886],[77.44837,12.62889],[77.44849,12.62899],[77.44853,12.62902],[77.44855,12.62903],[77.4486,12.62903],[77.44862,12.62903],[77.44862,12.62897],[77.44859,12.62887]]]},"properties":{"shedId":"C05CAM34"}},{"type":"Feature","geometry":{"type":"Polygon","coordinates":[[[77.42483,12.64777],[77.42476,12.64772],[77.4247,12.64769],[77.42447,12.6477],[77.42412,12.64775],[77.42393,12.64778],[77.42358,12.64776],[77.42352,12.64775],[77.4234,12.64772],[77.42315,12.64762],[77.42306,12.64759],[77.42304,12.64758],[77.42302,12.64759],[77.42301,12.64762],[77.423,12.64769],[77.42301,12.64778],[77.423,12.64793],[77.42299,12.648],[77.42299,12.6481],[77.423,12.64815],[77.42306,12.64826],[77.42314,12.64837],[77.42323,12.64852],[77.42326,12.64866],[77.42325,12.64886],[77.42322,12.64903],[77.42323,12.64908],[77.42326,12.64911],[77.42337,12.64913],[77.42344,12.6491],[77.42361,12.64897],[77.42379,12.64878],[77.42406,12.6485],[77.42435,12.64822],[77.4244,12.64818],[77.42461,12.64811],[77.42474,12.64806],[77.42479,12.64802],[77.42482,12.64794],[77.42484,12.64782],[77.42483,12.64777]]]},"properties":{"shedId":"C05CAM34"}},{"type":"Feature","geometry":{"type":"Polygon","coordinates":[[[77.44994,12.66765],[77.44992,12.66764],[77.4499,12.66765],[77.44988,12.6677],[77.44987,12.66779],[77.44985,12.66802],[77.44985,12.66804],[77.44985,12.66806],[77.4499,12.66812],[77.45073,12.66886],[77.45105,12.66917],[77.45118,12.66919],[77.45135,12.66919],[77.45147,12.66918],[77.45158,12.66915],[77.45166,12.66908],[77.45167,12.66901],[77.45165,12.66894],[77.45154,12.6688],[77.45125,12.66842],[77.45116,12.66832],[77.45107,12.66825],[77.44994,12.66765]]]},"properties":{"shedId":"C05CAM34"}},{"type":"Feature","geometry":{"type":"Polygon","coordinates":[[[77.47926,12.66973],[77.47932,12.6697],[77.47942,12.6697],[77.47948,12.66974],[77.47954,12.66981],[77.47959,12.66987],[77.47965,12.66993],[77.4797,12.66992],[77.47982,12.66985],[77.47992,12.66972],[77.47992,12.66972],[77.47992,12.66969],[77.47992,12.66963],[77.47987,12.66955],[77.47987,12.66955],[77.47989,12.66953],[77.47995,12.66953],[77.48,12.6695],[77.48002,12.66945],[77.48003,12.66897],[77.47999,12.66873],[77.47997,12.66868],[77.47992,12.66865],[77.47982,12.66863],[77.47974,12.66863],[77.4796,12.66865],[77.47949,12.66868],[77.47945,12.6687],[77.4794,12.66875],[77.47938,12.6688],[77.47936,12.66881],[77.47934,12.66879],[77.47932,12.66878],[77.47928,12.66877],[77.47921,12.66879],[77.47862,12.66916],[77.47847,12.66922],[77.47834,12.66935],[77.47825,12.66954],[77.47816,12.66983],[77.47815,12.67004],[77.4783,12.67042],[77.47835,12.67061],[77.47836,12.67077],[77.47831,12.67092],[77.47825,12.67101],[77.47818,12.67111],[77.47802,12.67128],[77.47798,12.67138],[77.47798,12.67148],[77.47799,12.67151],[77.47805,12.67153],[77.47812,12.67153],[77.47822,12.67147],[77.47833,12.67136],[77.47867,12.67099],[77.47877,12.67084],[77.47885,12.67073],[77.47892,12.67065],[77.47906,12.67054],[77.47916,12.6704],[77.47926,12.67021],[77.47926,12.6699],[77.47924,12.6698],[77.47926,12.66973]]]},"properties":{"shedId":"C05CAM34"}},{"type":"Feature","geometry":{"type":"Polygon","coordinates":[[[77.50522,12.67583],[77.50511,12.67582],[77.50498,12.67583],[77.50481,12.67585],[77.50468,12.67589],[77.5046,12.67594],[77.50455,12.67598],[77.50452,12.67601],[77.50449,12.67608],[77.50444,12.67617],[77.50439,12.67626],[77.50434,12.67631],[77.50424,12.67643],[77.50414,12.6765],[77.50403,12.67655],[77.50389,12.67661],[77.50386,12.67662],[77.50385,12.67665],[77.50386,12.67667],[77.50388,12.67671],[77.50392,12.67676],[77.504,12.67682],[77.50405,12.67686],[77.50409,12.6769],[77.50412,12.67697],[77.50413,12.67703],[77.50414,12.67707],[77.50415,12.67713],[77.50417,12.67719],[77.5042,12.67725],[77.50423,12.6773],[77.50425,12.67734],[77.50428,12.67737],[77.50431,12.67741],[77.50434,12.67743],[77.50438,12.67745],[77.50441,12.67745],[77.50459,12.67739],[77.50504,12.67724],[77.50539,12.67709],[77.50551,12.67703],[77.50562,12.67696],[77.5059,12.67682],[77.50616,12.67672],[77.50615,12.67669],[77.50608,12.67647],[77.50605,12.67636],[77.50598,12.67619],[77.50594,12.67612],[77.50589,12.67607],[77.50583,12.67603],[77.50573,12.67598],[77.50557,12.67592],[77.50545,12.67588],[77.50533,12.67585],[77.50522,12.67583]]]},"properties":{"shedId":"C05CAM34"}},{"type":"Feature","geometry":{"type":"Polygon","coordinates":[[[77.45597,12.68124],[77.4561,12.68116],[77.45619,12.68107],[77.45623,12.68101],[77.45624,12.68095],[77.45622,12.68086],[77.45601,12.68036],[77.45597,12.68033],[77.45593,12.68033],[77.45545,12.68053],[77.45528,12.68063],[77.4552,12.6807],[77.4552,12.6807],[77.45504,12.68055],[77.45502,12.68055],[77.45497,12.68055],[77.45493,12.68055],[77.45487,12.68057],[77.45482,12.68061],[77.45478,12.68069],[77.45467,12.68084],[77.45455,12.68094],[77.45444,12.68101],[77.45435,12.68104],[77.45422,12.68107],[77.45395,12.68112],[77.45388,12.68115],[77.45385,12.68117],[77.45385,12.68121],[77.45385,12.6813],[77.45393,12.68127],[77.45403,12.68125],[77.45434,12.68123],[77.45463,12.68121],[77.45482,12.68121],[77.45494,12.68122],[77.45511,12.68125],[77.45534,12.68131],[77.45553,12.68135],[77.45569,12.68136],[77.45575,12.68135],[77.45583,12.68132],[77.45597,12.68124]]]},"properties":{"shedId":"C05CAM34"}},{"type":"Feature","geometry":{"type":"Polygon","coordinates":[[[77.47001,12.69753],[77.46999,12.69743],[77.46995,12.69718],[77.46993,12.6971],[77.46991,12.69706],[77.46989,12.69704],[77.46989,12.69677],[77.46982,12.69658],[77.46976,12.69654],[77.46959,12.69649],[77.46934,12.69647],[77.46918,12.69651],[77.46903,12.69667],[77.469,12.69693],[77.46885,12.69732],[77.46879,12.6974],[77.46876,12.69743],[77.46872,12.69746],[77.46867,12.69749],[77.46861,12.69751],[77.46857,12.69752],[77.46853,12.69752],[77.46849,12.69755],[77.46846,12.69761],[77.46846,12.69765],[77.46848,12.6977],[77.46852,12.69775],[77.4686,12.69779],[77.46871,12.69783],[77.46891,12.69789],[77.46906,12.69791],[77.46924,12.69797],[77.46938,12.69797],[77.46957,12.698],[77.46977,12.69802],[77.4699,12.69809],[77.46995,12.69815],[77.47,12.69823],[77.47007,12.69829],[77.47014,12.69833],[77.47019,12.69834],[77.47023,12.69833],[77.47027,12.69828],[77.47028,12.69822],[77.47031,12.69813],[77.47032,12.69804],[77.47031,12.69799],[77.47028,12.69794],[77.47021,12.6979],[77.4702,12.69789],[77.47007,12.69767],[77.47003,12.6976],[77.47001,12.69753]]]},"properties":{"shedId":"C05CAM34"}},{"type":"Feature","geometry":{"type":"Polygon","coordinates":[[[77.44977,12.73076],[77.44995,12.73074],[77.45012,12.73074],[77.45022,12.73075],[77.45042,12.73077],[77.4505,12.73077],[77.45059,12.7307],[77.45064,12.73049],[77.45071,12.73004],[77.45069,12.72987],[77.45058,12.7298],[77.4505,12.72978],[77.45039,12.7297],[77.45031,12.72957],[77.45028,12.72943],[77.45029,12.72933],[77.45036,12.72926],[77.4505,12.72919],[77.45079,12.72919],[77.45101,12.72918],[77.45092,12.72907],[77.45045,12.72857],[77.45019,12.72832],[77.45006,12.7282],[77.44982,12.72842],[77.44968,12.72851],[77.44957,12.72859],[77.44941,12.72872],[77.44927,12.72883],[77.44918,12.72901],[77.44917,12.72918],[77.44914,12.72936],[77.44914,12.72956],[77.44917,12.7298],[77.44923,12.72996],[77.44927,12.73018],[77.44925,12.73025],[77.44918,12.73029],[77.4491,12.73039],[77.44909,12.73045],[77.44913,12.73061],[77.44918,12.73069],[77.44926,12.7308],[77.44944,12.73086],[77.44962,12.73083],[77.44977,12.73076]]]},"properties":{"shedId":"C05CAM34"}},{"type":"Feature","geometry":{"type":"Polygon","coordinates":[[[77.391,12.75371],[77.39104,12.75359],[77.39101,12.7535],[77.39096,12.75349],[77.3908,12.75349],[77.3906,12.75351],[77.39045,12.7535],[77.39045,12.7535],[77.39045,12.7535],[77.39043,12.75353],[77.39043,12.75353],[77.39043,12.75353],[77.39041,12.75356],[77.3904,12.75356],[77.39038,12.75358],[77.39038,12.75358],[77.39038,12.75358],[77.39036,12.7536],[77.39036,12.7536],[77.39036,12.7536],[77.39033,12.75361],[77.39033,12.75361],[77.39031,12.75362],[77.39031,12.75362],[77.39031,12.75362],[77.39028,12.75363],[77.39025,12.75364],[77.39025,12.75364],[77.39025,12.75364],[77.3902,12.75366],[77.3902,12.75366],[77.39015,12.75367],[77.39012,12.75367],[77.39012,12.75367],[77.39008,12.75367],[77.39008,12.75368],[77.39004,12.75368],[77.38999,12.75368],[77.38999,12.75368],[77.38995,12.75367],[77.38995,12.75367],[77.38993,12.75367],[77.38992,12.75367],[77.38992,12.75367],[77.38989,12.75367],[77.38987,12.75366],[77.38983,12.75366],[77.38981,12.75366],[77.3898,12.75367],[77.38978,12.75367],[77.38977,12.75369],[77.38977,12.75369],[77.38974,12.7537],[77.38972,12.75372],[77.38971,12.75373],[77.3897,12.75375],[77.38968,12.75378],[77.38968,12.75379],[77.38966,12.75381],[77.38965,12.75384],[77.38965,12.75384],[77.38964,12.75387],[77.38963,12.75389],[77.38962,12.7539],[77.38961,12.75392],[77.38961,12.75394],[77.3896,12.75396],[77.3896,12.75397],[77.3896,12.75399],[77.38959,12.75403],[77.38959,12.75403],[77.38959,12.75404],[77.38959,12.75404],[77.38959,12.75405],[77.38959,12.75405],[77.38959,12.75405],[77.38959,12.75405],[77.38959,12.75406],[77.38958,12.75407],[77.38957,12.75407],[77.38957,12.75407],[77.38956,12.75408],[77.38955,12.75409],[77.38953,12.75411],[77.38953,12.75411],[77.38951,12.75413],[77.38948,12.75415],[77.38947,12.75416],[77.38946,12.75417],[77.38945,12.75418],[77.38944,12.75419],[77.38944,12.7542],[77.38943,12.75421],[77.38942,12.75423],[77.38942,12.75424],[77.38942,12.75424],[77.38941,12.75425],[77.3894,12.75427],[77.3894,12.75427],[77.3894,12.75427],[77.38956,12.75428],[77.38968,12.75428],[77.38983,12.7543],[77.39,12.75435],[77.39009,12.75441],[77.39009,12.75445],[77.39009,12.75448],[77.39011,12.75455],[77.39015,12.75462],[77.39021,12.75467],[77.39027,12.75476],[77.39039,12.75486],[77.39048,12.75498],[77.39054,12.75504],[77.3906,12.75506],[77.39061,12.75505],[77.39064,12.755],[77.39064,12.75495],[77.39067,12.75486],[77.39071,12.75474],[77.39075,12.7546],[77.39077,12.75448],[77.3908,12.75435],[77.39084,12.7542],[77.39087,12.7541],[77.39094,12.7539],[77.39096,12.7538],[77.391,12.75371]]]},"properties":{"shedId":"C05CAM34"}},{"type":"Feature","geometry":{"type":"Polygon","coordinates":[[[77.37512,12.7697],[77.37538,12.76969],[77.37545,12.76969],[77.37555,12.76965],[77.37555,12.76955],[77.37554,12.76943],[77.37552,12.76932],[77.37549,12.76922],[77.37549,12.76909],[77.3755,12.7689],[77.37556,12.76876],[77.37567,12.76856],[77.37569,12.76833],[77.37559,12.76831],[77.37549,12.76848],[77.37549,12.76848],[77.37549,12.76848],[77.37544,12.76856],[77.37544,12.76857],[77.37544,12.76857],[77.37536,12.76865],[77.37536,12.76865],[77.37536,12.76865],[77.37522,12.76874],[77.37511,12.76885],[77.37501,12.76899],[77.37501,12.76899],[77.37498,12.76902],[77.37498,12.76902],[77.37495,12.76905],[77.37495,12.76906],[77.37494,12.76906],[77.37489,12.76908],[77.37489,12.76908],[77.37484,12.7691],[77.37483,12.7691],[77.37483,12.7691],[77.37479,12.7691],[77.37479,12.7691],[77.37479,12.7691],[77.37478,12.7691],[77.37478,12.7691],[77.37478,12.7691],[77.37478,12.7691],[77.37478,12.7691],[77.37478,12.7691],[77.37477,12.76909],[77.37477,12.76909],[77.37477,12.76909],[77.37478,12.76909],[77.37478,12.76908],[77.37478,12.76908],[77.37478,12.76908],[77.37478,12.76908],[77.37478,12.76908],[77.37478,12.76908],[77.37479,12.76908],[77.37483,12.76907],[77.37488,12.76905],[77.37424,12.76904],[77.37426,12.76915],[77.37427,12.76927],[77.37431,12.76939],[77.37435,12.76947],[77.37438,12.76952],[77.37438,12.76961],[77.37443,12.76969],[77.37458,12.76973],[77.3747,12.76972],[77.37491,12.76971],[77.37512,12.7697]]]},"properties":{"shedId":"C05CAM34"}},{"type":"Feature","geometry":{"type":"Polygon","coordinates":[[[77.39406,12.78439],[77.39404,12.78427],[77.39399,12.78409],[77.39388,12.78374],[77.39366,12.78309],[77.39351,12.7825],[77.3935,12.78231],[77.3934,12.78218],[77.39336,12.78219],[77.3933,12.78223],[77.39325,12.78229],[77.39321,12.78234],[77.39316,12.7824],[77.3931,12.78245],[77.39304,12.78252],[77.39299,12.78256],[77.39295,12.7826],[77.39274,12.78268],[77.39276,12.78268],[77.39277,12.78269],[77.39277,12.78269],[77.39277,12.78269],[77.39277,12.78269],[77.39278,12.78269],[77.39278,12.78269],[77.39279,12.78269],[77.39279,12.7827],[77.39279,12.7827],[77.3928,12.7827],[77.3928,12.7827],[77.3928,12.7827],[77.39281,12.7827],[77.39281,12.78271],[77.39282,12.78271],[77.39282,12.78271],[77.39282,12.78271],[77.39283,12.78272],[77.39283,12.78272],[77.39283,12.78272],[77.39283,12.78272],[77.39294,12.78281],[77.39292,12.78283],[77.3929,12.78285],[77.3928,12.78276],[77.3928,12.78276],[77.39279,12.78276],[77.39279,12.78276],[77.39279,12.78276],[77.39279,12.78275],[77.39278,12.78275],[77.39278,12.78275],[77.39278,12.78275],[77.39277,12.78275],[77.39277,12.78275],[77.39277,12.78275],[77.39277,12.78274],[77.39276,12.78274],[77.39276,12.78274],[77.39276,12.78274],[77.39275,12.78274],[77.39275,12.78274],[77.39274,12.78274],[77.39273,12.78273],[77.39272,12.78273],[77.39271,12.78273],[77.3927,12.78273],[77.39269,12.78273],[77.39268,12.78273],[77.39267,12.78272],[77.39266,12.78272],[77.39265,12.78272],[77.39264,12.78272],[77.39263,12.78272],[77.39262,12.78272],[77.39261,12.78272],[77.3926,12.78271],[77.39259,12.78271],[77.39257,12.78271],[77.39256,12.78271],[77.39255,12.78271],[77.39254,12.78271],[77.39252,12.78271],[77.39252,12.78271],[77.39243,12.78269],[77.39243,12.78269],[77.39238,12.78268],[77.39237,12.78268],[77.39228,12.78264],[77.39228,12.78264],[77.39227,12.78264],[77.39227,12.78264],[77.39226,12.78264],[77.39226,12.78263],[77.39225,12.78263],[77.39225,12.78263],[77.39224,12.78263],[77.39224,12.78262],[77.39223,12.78262],[77.39223,12.78262],[77.39223,12.78262],[77.39222,12.78261],[77.39222,12.78261],[77.39221,12.78261],[77.39221,12.7826],[77.3922,12.7826],[77.3922,12.7826],[77.3922,12.78259],[77.39219,12.78259],[77.39219,12.78259],[77.39218,12.78258],[77.39218,12.78258],[77.39218,12.78258],[77.39217,12.78257],[77.39217,12.78257],[77.39216,12.78257],[77.39216,12.78256],[77.39216,12.78256],[77.39215,12.78256],[77.39215,12.78256],[77.39215,12.78256],[77.39215,12.78255],[77.39215,12.78255],[77.39214,12.78255],[77.39214,12.78255],[77.39214,12.78255],[77.39214,12.78255],[77.39214,12.78255],[77.39213,12.78255],[77.39213,12.78254],[77.39213,12.78254],[77.39213,12.78254],[77.39212,12.78254],[77.39212,12.78254],[77.39212,12.78254],[77.39212,12.78254],[77.39212,12.78254],[77.39211,12.78254],[77.39211,12.78254],[77.39211,12.78254],[77.39211,12.78254],[77.39211,12.78254],[77.39211,12.78254],[77.3921,12.78254],[77.3921,12.78254],[77.3921,12.78254],[77.3921,12.78254],[77.3921,12.78254],[77.39209,12.78254],[77.39209,12.78254],[77.39209,12.78254],[77.39209,12.78254],[77.39209,12.78254],[77.39208,12.78254],[77.39208,12.78254],[77.39207,12.78254],[77.39207,12.78254],[77.39207,12.78254],[77.39206,12.78254],[77.39206,12.78254],[77.39206,12.78254],[77.39205,12.78254],[77.39205,12.78254],[77.39205,12.78254],[77.39204,12.78254],[77.39204,12.78254],[77.39198,12.78271],[77.39192,12.78284],[77.39185,12.783],[77.39183,12.78306],[77.39182,12.78312],[77.39185,12.78319],[77.39192,12.78321],[77.39201,12.7832],[77.39212,12.78317],[77.39222,12.78311],[77.39238,12.7831],[77.39246,12.78309],[77.3926,12.78312],[77.39266,12.78316],[77.39271,12.7832],[77.39273,12.78325],[77.39277,12.7833],[77.39283,12.78332],[77.39289,12.78335],[77.39291,12.78343],[77.39292,12.78351],[77.39292,12.7836],[77.39293,12.78371],[77.39296,12.78381],[77.393,12.78393],[77.39305,12.78404],[77.3931,12.78411],[77.39316,12.78412],[77.39322,12.78417],[77.39325,12.78425],[77.3933,12.78432],[77.39334,12.78437],[77.39338,12.78441],[77.39344,12.78441],[77.39348,12.78443],[77.39353,12.78446],[77.39357,12.78451],[77.3936,12.78454],[77.39364,12.78456],[77.39366,12.78457],[77.3937,12.78457],[77.39374,12.78457],[77.39376,12.78454],[77.39377,12.78451],[77.39379,12.78447],[77.39381,12.78441],[77.39377,12.78441],[77.39375,12.78442],[77.39374,12.78442],[77.39371,12.78442],[77.39371,12.78442],[77.39371,12.78442],[77.39369,12.78441],[77.39369,12.78441],[77.39369,12.78441],[77.39367,12.7844],[77.39367,12.7844],[77.39367,12.7844],[77.39367,12.7844],[77.39365,12.78439],[77.39365,12.78438],[77.39364,12.78438],[77.39364,12.78438],[77.39364,12.78437],[77.39364,12.78437],[77.39363,12.78437],[77.39363,12.78437],[77.39363,12.78437],[77.39363,12.78437],[77.39363,12.78436],[77.39363,12.78436],[77.39363,12.78436],[77.39363,12.78436],[77.39363,12.78436],[77.39363,12.78436],[77.39363,12.78436],[77.39363,12.78436],[77.39362,12.78435],[77.39362,12.78435],[77.39362,12.78435],[77.39362,12.78435],[77.39362,12.78435],[77.39362,12.78435],[77.39362,12.78435],[77.39362,12.78434],[77.39362,12.78434],[77.39362,12.78434],[77.39362,12.78434],[77.39362,12.78434],[77.39362,12.78434],[77.39362,12.78433],[77.39362,12.78433],[77.39362,12.78433],[77.39362,12.78433],[77.39361,12.78433],[77.39361,12.78433],[77.39361,12.78432],[77.39361,12.78432],[77.39361,12.78432],[77.39361,12.78432],[77.39361,12.78432],[77.39361,12.78432],[77.39361,12.78432],[77.39361,12.78431],[77.39361,12.78431],[77.39361,12.78431],[77.39361,12.78431],[77.39361,12.78431],[77.39361,12.7843],[77.39361,12.7843],[77.39361,12.7843],[77.39361,12.7843],[77.39361,12.7843],[77.39361,12.7843],[77.39361,12.78429],[77.39361,12.78429],[77.39361,12.78429],[77.39361,12.78429],[77.39361,12.78429],[77.39361,12.78429],[77.39361,12.78428],[77.39361,12.78428],[77.39361,12.78428],[77.39361,12.78428],[77.39361,12.78427],[77.39361,12.78427],[77.39361,12.78426],[77.39361,12.78426],[77.39361,12.78426],[77.39361,12.78425],[77.39361,12.78425],[77.39362,12.78424],[77.39362,12.78424],[77.39362,12.78423],[77.39362,12.78423],[77.39362,12.78422],[77.39362,12.78422],[77.39362,12.78421],[77.39362,12.78421],[77.39362,12.78421],[77.39362,12.7842],[77.39363,12.7842],[77.39363,12.78419],[77.39363,12.78419],[77.39363,12.78418],[77.39363,12.78418],[77.39363,12.78417],[77.39363,12.78417],[77.39364,12.78417],[77.39364,12.78416],[77.39364,12.78416],[77.39364,12.78416],[77.39364,12.78415],[77.39364,12.78415],[77.39364,12.78414],[77.39364,12.78414],[77.39364,12.78414],[77.39364,12.78413],[77.39364,12.78413],[77.39364,12.78412],[77.39364,12.78412],[77.39364,12.78412],[77.39364,12.78411],[77.39364,12.78411],[77.39364,12.7841],[77.39364,12.7841],[77.39364,12.7841],[77.39364,12.78409],[77.39364,12.78409],[77.39364,12.78408],[77.39364,12.78408],[77.39364,12.78408],[77.39364,12.78407],[77.39364,12.78407],[77.39364,12.78406],[77.39364,12.78406],[77.39364,12.78406],[77.39364,12.78405],[77.39365,12.78405],[77.39366,12.78405],[77.39366,12.78405],[77.39366,12.78406],[77.39366,12.78406],[77.39366,12.78407],[77.39366,12.78407],[77.39366,12.78407],[77.39366,12.78408],[77.39366,12.78408],[77.39366,12.78409],[77.39366,12.78409],[77.39366,12.7841],[77.39366,12.7841],[77.39366,12.7841],[77.39366,12.78411],[77.39366,12.78411],[77.39366,12.78412],[77.39366,12.78412],[77.39366,12.78413],[77.39366,12.78413],[77.39366,12.78413],[77.39366,12.78414],[77.39366,12.78414],[77.39366,12.78415],[77.39366,12.78415],[77.39366,12.78416],[77.39366,12.78416],[77.39366,12.78416],[77.39365,12.78417],[77.39365,12.78417],[77.39365,12.78418],[77.39365,12.78418],[77.39365,12.78418],[77.39365,12.78418],[77.39365,12.78419],[77.39365,12.78419],[77.39365,12.78419],[77.39364,12.7842],[77.39364,12.7842],[77.39364,12.78421],[77.39364,12.78421],[77.39364,12.78421],[77.39364,12.78422],[77.39364,12.78422],[77.39364,12.78423],[77.39364,12.78423],[77.39363,12.78424],[77.39363,12.78424],[77.39363,12.78424],[77.39363,12.78425],[77.39363,12.78425],[77.39363,12.78426],[77.39363,12.78426],[77.39363,12.78427],[77.39363,12.78427],[77.39363,12.78427],[77.39363,12.78428],[77.39363,12.78428],[77.39363,12.78428],[77.39363,12.78428],[77.39363,12.78429],[77.39363,12.78429],[77.39363,12.78429],[77.39363,12.78429],[77.39363,12.7843],[77.39363,12.7843],[77.39363,12.7843],[77.39363,12.78431],[77.39363,12.78431],[77.39363,12.78431],[77.39363,12.78431],[77.39363,12.78432],[77.39363,12.78432],[77.39363,12.78432],[77.39363,12.78432],[77.39363,12.78433],[77.39363,12.78433],[77.39363,12.78433],[77.39364,12.78433],[77.39364,12.78434],[77.39364,12.78434],[77.39364,12.78434],[77.39364,12.78434],[77.39364,12.78435],[77.39364,12.78435],[77.39364,12.78435],[77.39364,12.78435],[77.39365,12.78436],[77.39365,12.78436],[77.39365,12.78436],[77.39365,12.78436],[77.39365,12.78436],[77.39366,12.78437],[77.39368,12.78439],[77.3937,12.78439],[77.39371,12.7844],[77.39374,12.7844],[77.39377,12.78439],[77.39377,12.78439],[77.39377,12.78439],[77.39385,12.78439],[77.39385,12.78439],[77.39385,12.78439],[77.39385,12.78439],[77.39386,12.78439],[77.39386,12.78439],[77.39386,12.78439],[77.39386,12.78439],[77.39386,12.78439],[77.39386,12.78439],[77.39386,12.78439],[77.39387,12.78439],[77.39387,12.78439],[77.39387,12.78439],[77.39387,12.78439],[77.39387,12.78439],[77.39387,12.78439],[77.39388,12.78439],[77.39388,12.78439],[77.39388,12.78439],[77.39388,12.78439],[77.39388,12.78439],[77.39388,12.78439],[77.39388,12.78439],[77.39388,12.78439],[77.39389,12.78439],[77.39389,12.78439],[77.39389,12.78439],[77.39389,12.78439],[77.39389,12.78439],[77.39389,12.78439],[77.3939,12.78439],[77.3939,12.78439],[77.3939,12.78439],[77.3939,12.78439],[77.3939,12.7844],[77.39391,12.7844],[77.39391,12.7844],[77.39391,12.7844],[77.39391,12.7844],[77.39391,12.7844],[77.39391,12.7844],[77.39391,12.7844],[77.39391,12.7844],[77.39392,12.7844],[77.39392,12.7844],[77.39392,12.7844],[77.39392,12.7844],[77.39392,12.78441],[77.39392,12.78441],[77.39392,12.78441],[77.39392,12.78441],[77.39393,12.78441],[77.39393,12.78441],[77.39393,12.78441],[77.39393,12.78441],[77.39393,12.78441],[77.39393,12.78441],[77.39393,12.78441],[77.39393,12.78441],[77.39393,12.78442],[77.39393,12.78442],[77.39394,12.78442],[77.39394,12.78442],[77.39394,12.78442],[77.39394,12.78442],[77.39394,12.78442],[77.39394,12.78442],[77.39394,12.78442],[77.39394,12.78442],[77.39394,12.78443],[77.39394,12.78443],[77.39395,12.78443],[77.39395,12.78443],[77.39395,12.78443],[77.39395,12.78443],[77.39395,12.78443],[77.39395,12.78443],[77.39395,12.78444],[77.39395,12.78444],[77.39395,12.78444],[77.39396,12.78444],[77.39396,12.78445],[77.39396,12.78445],[77.39396,12.78445],[77.39396,12.78445],[77.39396,12.78446],[77.39396,12.78446],[77.39396,12.78446],[77.39396,12.78446],[77.39397,12.78447],[77.39397,12.78447],[77.39397,12.78447],[77.39397,12.78448],[77.39397,12.78448],[77.39397,12.78448],[77.39397,12.78448],[77.39397,12.78449],[77.39397,12.78449],[77.39397,12.78449],[77.39397,12.78449],[77.39397,12.7845],[77.39397,12.7845],[77.39398,12.78451],[77.39398,12.78451],[77.39398,12.78451],[77.39398,12.78452],[77.39398,12.78452],[77.39398,12.78452],[77.39398,12.78452],[77.39398,12.78452],[77.39398,12.78453],[77.39398,12.78453],[77.39398,12.78453],[77.39398,12.78453],[77.39398,12.78453],[77.39398,12.78454],[77.39398,12.78454],[77.39398,12.78454],[77.39399,12.78454],[77.39399,12.78455],[77.39399,12.78455],[77.39399,12.78455],[77.39399,12.78455],[77.39399,12.78455],[77.39399,12.78455],[77.39399,12.78456],[77.394,12.78456],[77.394,12.78456],[77.394,12.78456],[77.394,12.78456],[77.394,12.78456],[77.394,12.78457],[77.394,12.78457],[77.39401,12.78457],[77.39401,12.78457],[77.39401,12.78457],[77.39401,12.78457],[77.39401,12.78457],[77.39401,12.78457],[77.39402,12.78457],[77.39402,12.78457],[77.39402,12.78457],[77.39402,12.78457],[77.39402,12.78457],[77.39403,12.78457],[77.39403,12.78457],[77.39403,12.78457],[77.39403,12.78457],[77.39403,12.78457],[77.39404,12.78457],[77.39404,12.78457],[77.39404,12.78457],[77.39404,12.78457],[77.39404,12.78457],[77.39405,12.78457],[77.39405,12.78457],[77.39405,12.78457],[77.39405,12.78457],[77.39405,12.78457],[77.39405,12.78457],[77.39406,12.78457],[77.39406,12.78457],[77.39406,12.78457],[77.39406,12.78457],[77.39406,12.78456],[77.39406,12.78456],[77.39407,12.78456],[77.39407,12.78456],[77.39407,12.78456],[77.39407,12.78455],[77.39407,12.78455],[77.39408,12.78455],[77.39408,12.78455],[77.39408,12.78455],[77.39408,12.78454],[77.39408,12.78454],[77.39408,12.78454],[77.39408,12.78454],[77.39409,12.78453],[77.39409,12.78453],[77.39409,12.78453],[77.39409,12.78453],[77.39409,12.78452],[77.39409,12.78452],[77.39409,12.78452],[77.39409,12.78452],[77.39409,12.78451],[77.39409,12.78451],[77.3941,12.78451],[77.3941,12.7845],[77.3941,12.7845],[77.3941,12.7845],[77.3941,12.7845],[77.3941,12.78449],[77.3941,12.78449],[77.3941,12.78449],[77.3941,12.78449],[77.3941,12.78449],[77.39411,12.78446],[77.39406,12.78439]]]},"properties":{"shedId":"C05CAM34"}},{"type":"Feature","geometry":{"type":"Polygon","coordinates":[[[77.35173,12.86266],[77.35114,12.8626],[77.3511,12.86261],[77.35105,12.86262],[77.35101,12.86265],[77.35098,12.86267],[77.35094,12.86271],[77.35092,12.86274],[77.35087,12.86284],[77.35086,12.86288],[77.35084,12.86294],[77.35083,12.86299],[77.35083,12.86305],[77.35084,12.8631],[77.35085,12.86316],[77.35085,12.86318],[77.35092,12.86336],[77.35097,12.86355],[77.35099,12.86359],[77.351,12.86363],[77.351,12.86367],[77.351,12.86371],[77.351,12.86379],[77.35112,12.86388],[77.35116,12.86395],[77.35119,12.86408],[77.35119,12.86419],[77.35121,12.86425],[77.35127,12.86434],[77.35135,12.86445],[77.3514,12.86453],[77.3514,12.86452],[77.3514,12.86451],[77.3514,12.86451],[77.3514,12.8645],[77.3514,12.86449],[77.35139,12.86448],[77.35139,12.86447],[77.35139,12.86446],[77.35139,12.86445],[77.35139,12.86444],[77.35139,12.86444],[77.35139,12.86443],[77.35139,12.86442],[77.35139,12.86441],[77.35139,12.8644],[77.35139,12.86439],[77.35139,12.86438],[77.35138,12.86437],[77.35138,12.86436],[77.35138,12.86436],[77.35138,12.86435],[77.35138,12.86434],[77.35138,12.86433],[77.35138,12.86432],[77.35138,12.86431],[77.35138,12.8643],[77.35138,12.86429],[77.35138,12.86428],[77.35139,12.86428],[77.35139,12.86427],[77.35139,12.86426],[77.35139,12.86425],[77.35139,12.86424],[77.35139,12.86423],[77.35139,12.86422],[77.35139,12.86421],[77.35139,12.86421],[77.35139,12.8642],[77.35139,12.86419],[77.35139,12.86418],[77.3514,12.86417],[77.3514,12.86416],[77.3514,12.86416],[77.3514,12.86415],[77.3514,12.86414],[77.3514,12.86413],[77.3514,12.86412],[77.35141,12.86411],[77.35141,12.86411],[77.35141,12.8641],[77.35141,12.86409],[77.35141,12.86408],[77.35142,12.86407],[77.35142,12.86406],[77.35142,12.86406],[77.35142,12.86405],[77.35143,12.86404],[77.35143,12.86403],[77.35143,12.86402],[77.35143,12.86402],[77.35144,12.86401],[77.35144,12.864],[77.35144,12.86399],[77.35144,12.86398],[77.35145,12.86398],[77.35145,12.86397],[77.35145,12.86396],[77.35146,12.86395],[77.35146,12.86394],[77.35146,12.86394],[77.35147,12.86393],[77.35147,12.86392],[77.35147,12.86391],[77.35148,12.8639],[77.35148,12.8639],[77.35148,12.86389],[77.35149,12.86388],[77.35149,12.86387],[77.3515,12.86387],[77.3515,12.86386],[77.3515,12.86385],[77.35151,12.86384],[77.35151,12.86384],[77.35152,12.86383],[77.35152,12.86382],[77.35153,12.86381],[77.35153,12.86381],[77.35153,12.8638],[77.35154,12.86379],[77.35154,12.86379],[77.35155,12.86378],[77.35155,12.86377],[77.35156,12.86376],[77.35156,12.86376],[77.35157,12.86375],[77.35157,12.86374],[77.35158,12.86373],[77.35158,12.86372],[77.35158,12.86371],[77.35159,12.8637],[77.35159,12.86369],[77.3516,12.86368],[77.3516,12.86367],[77.35161,12.86366],[77.35161,12.86365],[77.35161,12.86364],[77.35162,12.86363],[77.35162,12.86362],[77.35163,12.86361],[77.35163,12.8636],[77.35163,12.86359],[77.35164,12.86358],[77.35164,12.86357],[77.35165,12.86356],[77.35165,12.86355],[77.35165,12.86354],[77.35166,12.86353],[77.35166,12.86352],[77.35166,12.86351],[77.35167,12.8635],[77.35167,12.86348],[77.35167,12.86347],[77.35167,12.86346],[77.35168,12.86345],[77.35168,12.86344],[77.35168,12.86343],[77.35169,12.86342],[77.35169,12.86341],[77.35169,12.8634],[77.35169,12.8634],[77.35169,12.86339],[77.3517,12.86338],[77.3517,12.86337],[77.35171,12.86335],[77.35171,12.86334],[77.35171,12.86333],[77.35172,12.86332],[77.35172,12.86331],[77.35172,12.8633],[77.35173,12.86328],[77.35173,12.86327],[77.35174,12.86326],[77.35174,12.86325],[77.35175,12.86324],[77.35175,12.86323],[77.35175,12.86322],[77.35176,12.8632],[77.35176,12.86319],[77.35177,12.86318],[77.35177,12.86317],[77.35178,12.86316],[77.35178,12.86315],[77.35179,12.86314],[77.35179,12.86313],[77.3518,12.86311],[77.3518,12.8631],[77.35181,12.86309],[77.35181,12.86308],[77.35182,12.86307],[77.35182,12.86306],[77.35183,12.86305],[77.35183,12.86304],[77.35184,12.86303],[77.35185,12.86302],[77.35185,12.863],[77.35186,12.86299],[77.35186,12.86298],[77.35187,12.86297],[77.35187,12.86296],[77.35188,12.86295],[77.35189,12.86294],[77.35189,12.86293],[77.35189,12.86293],[77.3519,12.86292],[77.35191,12.86291],[77.35191,12.8629],[77.35192,12.86289],[77.35192,12.86288],[77.35193,12.86287],[77.35194,12.86286],[77.35194,12.86285],[77.35195,12.86284],[77.35196,12.86284],[77.35196,12.86283],[77.35197,12.86282],[77.35198,12.86281],[77.35198,12.8628],[77.35199,12.86279],[77.352,12.86278],[77.352,12.86278],[77.352,12.86278],[77.352,12.86277],[77.35201,12.86277],[77.35201,12.86277],[77.35201,12.86277],[77.35201,12.86276],[77.35202,12.86276],[77.35202,12.86276],[77.35202,12.86276],[77.35203,12.86275],[77.35203,12.86275],[77.35203,12.86275],[77.35203,12.86275],[77.35203,12.86275],[77.35204,12.86274],[77.35204,12.86274],[77.35204,12.86274],[77.35205,12.86274],[77.35205,12.86274],[77.35205,12.86273],[77.35205,12.86273],[77.35206,12.86273],[77.35206,12.86273],[77.35205,12.86272],[77.35204,12.86271],[77.35202,12.8627],[77.35201,12.8627],[77.352,12.8627],[77.35198,12.86269],[77.35186,12.86267],[77.35173,12.86266]]]},"properties":{"shedId":"C05CAM34"}},{"type":"Feature","geometry":{"type":"Polygon","coordinates":[[[77.38537,12.89524],[77.38522,12.8952],[77.3851,12.89524],[77.38498,12.89531],[77.38487,12.89543],[77.38481,12.8956],[77.38479,12.8958],[77.38479,12.89627],[77.38482,12.8965],[77.38484,12.8966],[77.38487,12.89668],[77.38489,12.8967],[77.38498,12.89671],[77.38504,12.89668],[77.38509,12.89663],[77.38517,12.89659],[77.38525,12.89655],[77.38534,12.89652],[77.38549,12.89649],[77.38561,12.89647],[77.38571,12.89646],[77.38581,12.89644],[77.38589,12.8964],[77.38595,12.89637],[77.38598,12.89631],[77.38598,12.89608],[77.38594,12.89591],[77.38591,12.89584],[77.38586,12.89577],[77.38583,12.89571],[77.38577,12.89566],[77.38572,12.8956],[77.38569,12.89555],[77.38568,12.89548],[77.38565,12.89541],[77.38563,12.89536],[77.3856,12.89531],[77.38537,12.89524]]]},"properties":{"shedId":"C05CAM34"}},{"type":"Feature","geometry":{"type":"Polygon","coordinates":[[[77.38045,12.9116],[77.38035,12.91156],[77.38029,12.91158],[77.38025,12.9116],[77.38009,12.91188],[77.38003,12.91198],[77.37997,12.91204],[77.37994,12.9121],[77.37991,12.91217],[77.3799,12.91224],[77.37992,12.9123],[77.37995,12.91237],[77.38,12.91242],[77.38004,12.91247],[77.38006,12.91251],[77.38031,12.91287],[77.38034,12.91292],[77.38038,12.91298],[77.38045,12.91303],[77.38052,12.91305],[77.38057,12.91306],[77.38067,12.91305],[77.38074,12.91302],[77.38079,12.91294],[77.38081,12.91287],[77.38082,12.9128],[77.38082,12.91273],[77.38083,12.91268],[77.38089,12.91256],[77.38092,12.91251],[77.38095,12.91247],[77.38098,12.91241],[77.381,12.91234],[77.381,12.91227],[77.38099,12.91221],[77.38099,12.91213],[77.38102,12.91205],[77.38103,12.91199],[77.38104,12.91192],[77.38104,12.91187],[77.38101,12.91181],[77.38098,12.91178],[77.38045,12.9116]]]},"properties":{"shedId":"C05CAM34"}},{"type":"Feature","geometry":{"type":"Polygon","coordinates":[[[77.3888,12.69061],[77.38883,12.69053],[77.38885,12.6905],[77.38888,12.69046],[77.38891,12.69044],[77.38895,12.69043],[77.38895,12.69033],[77.38889,12.69019],[77.38886,12.69011],[77.38863,12.68989],[77.38854,12.68987],[77.38847,12.68972],[77.38839,12.68967],[77.38826,12.68964],[77.38822,12.68962],[77.38822,12.68957],[77.38821,12.68952],[77.38815,12.68946],[77.38807,12.68938],[77.38795,12.68936],[77.38775,12.68936],[77.38758,12.68936],[77.3875,12.68938],[77.38746,12.68947],[77.38744,12.68968],[77.38735,12.68999],[77.3873,12.69019],[77.3874,12.69021],[77.38767,12.69037],[77.38804,12.69049],[77.3886,12.69056],[77.38866,12.69056],[77.3888,12.69061]]]},"properties":{"shedId":"C05CAM34"}},{"type":"Feature","geometry":{"type":"Polygon","coordinates":[[[77.39007,12.69477],[77.39007,12.69477],[77.39007,12.69477],[77.39006,12.69471],[77.38985,12.69464],[77.38983,12.6947],[77.38982,12.69469],[77.38981,12.69469],[77.38989,12.69446],[77.38991,12.69434],[77.38991,12.69422],[77.38991,12.69405],[77.3899,12.69389],[77.3899,12.69377],[77.3899,12.69377],[77.3899,12.69377],[77.3899,12.69371],[77.38986,12.69372],[77.38972,12.69371],[77.38961,12.69374],[77.38947,12.6938],[77.38935,12.69388],[77.38918,12.69396],[77.38911,12.69396],[77.38902,12.69396],[77.38898,12.69398],[77.38897,12.6941],[77.38897,12.69417],[77.38897,12.69424],[77.389,12.69428],[77.38906,12.69429],[77.38912,12.6943],[77.38915,12.69432],[77.38916,12.69436],[77.38915,12.69439],[77.38912,12.69445],[77.3891,12.69448],[77.3891,12.69458],[77.38913,12.69467],[77.3892,12.69472],[77.38928,12.69476],[77.38933,12.69484],[77.38936,12.69494],[77.38943,12.69513],[77.38947,12.6952],[77.38951,12.69524],[77.38952,12.69533],[77.38951,12.69545],[77.38954,12.69553],[77.38963,12.69555],[77.38978,12.69554],[77.38989,12.69548],[77.38991,12.69543],[77.38991,12.69536],[77.38987,12.6953],[77.38982,12.69527],[77.38977,12.69524],[77.38972,12.69521],[77.38972,12.69511],[77.38972,12.69505],[77.38974,12.69501],[77.38982,12.69497],[77.38985,12.69494],[77.3899,12.6949],[77.38994,12.69484],[77.38994,12.69484],[77.38995,12.69483],[77.38998,12.6948],[77.38998,12.6948],[77.38998,12.6948],[77.39002,12.69478],[77.39002,12.69478],[77.39002,12.69478],[77.39002,12.69478],[77.39007,12.69477]]]},"properties":{"shedId":"C05CAM34"}},{"type":"Feature","geometry":{"type":"Polygon","coordinates":[[[77.44007,12.64048],[77.44043,12.64046],[77.44048,12.64046],[77.44084,12.64041],[77.44084,12.64033],[77.44085,12.6403],[77.44093,12.64027],[77.44117,12.6402],[77.4412,12.64019],[77.44101,12.63932],[77.44141,12.63923],[77.44151,12.63913],[77.44163,12.63901],[77.44173,12.63895],[77.44138,12.63897],[77.44112,12.63899],[77.44069,12.63909],[77.44042,12.63917],[77.4403,12.63926],[77.44023,12.63932],[77.44009,12.63949],[77.43997,12.63969],[77.43981,12.63986],[77.43964,12.64],[77.43958,12.64005],[77.4394,12.64018],[77.43939,12.64019],[77.43938,12.6402],[77.43936,12.64021],[77.43935,12.64022],[77.43934,12.64023],[77.43933,12.64023],[77.43932,12.64024],[77.43931,12.64025],[77.43929,12.64026],[77.43928,12.64027],[77.43927,12.64027],[77.43926,12.64028],[77.43925,12.64029],[77.43923,12.6403],[77.43922,12.64031],[77.43921,12.64031],[77.4392,12.64032],[77.43919,12.64033],[77.43917,12.64034],[77.43916,12.64034],[77.43915,12.64035],[77.43914,12.64036],[77.43912,12.64036],[77.43911,12.64037],[77.4391,12.64038],[77.43909,12.64039],[77.43907,12.64039],[77.43907,12.64039],[77.43901,12.64042],[77.43901,12.64042],[77.43898,12.64044],[77.43894,12.64045],[77.43891,12.64046],[77.43888,12.64048],[77.43884,12.64049],[77.43881,12.64051],[77.43878,12.64052],[77.43874,12.64054],[77.43871,12.64055],[77.43868,12.64057],[77.43864,12.64058],[77.43861,12.64059],[77.43858,12.64061],[77.43854,12.64062],[77.43851,12.64064],[77.43848,12.64065],[77.43844,12.64067],[77.43841,12.64068],[77.43838,12.6407],[77.43834,12.64072],[77.43831,12.64073],[77.43828,12.64075],[77.43824,12.64076],[77.43821,12.64078],[77.43818,12.64079],[77.43814,12.64081],[77.43811,12.64082],[77.43808,12.64084],[77.43764,12.64107],[77.43762,12.64109],[77.43747,12.64118],[77.4374,12.64124],[77.43738,12.64125],[77.43738,12.64126],[77.43737,12.64126],[77.43737,12.64126],[77.43737,12.64126],[77.43737,12.64126],[77.43737,12.64127],[77.43737,12.64127],[77.43737,12.64127],[77.43737,12.64127],[77.43737,12.64127],[77.43737,12.64128],[77.43737,12.64128],[77.43736,12.64128],[77.43736,12.64128],[77.43736,12.64129],[77.43736,12.64129],[77.43736,12.64129],[77.43736,12.64129],[77.43736,12.64129],[77.43736,12.6413],[77.43736,12.6413],[77.43736,12.6413],[77.43736,12.6413],[77.43736,12.64131],[77.43736,12.64131],[77.43736,12.64131],[77.43736,12.64131],[77.43736,12.64132],[77.43736,12.64132],[77.43736,12.64132],[77.43736,12.64132],[77.43736,12.64132],[77.43736,12.64133],[77.43736,12.64133],[77.43736,12.64133],[77.43736,12.64133],[77.43736,12.64134],[77.43737,12.64134],[77.43737,12.64134],[77.43737,12.64134],[77.43737,12.64134],[77.43737,12.64135],[77.43737,12.64135],[77.43737,12.64135],[77.43737,12.64135],[77.43739,12.64139],[77.4374,12.6414],[77.4374,12.6414],[77.43741,12.64141],[77.43741,12.64142],[77.43741,12.64142],[77.43742,12.64143],[77.43742,12.64144],[77.43743,12.64145],[77.43743,12.64145],[77.43744,12.64146],[77.43744,12.64147],[77.43745,12.64147],[77.43745,12.64148],[77.43746,12.64149],[77.43746,12.6415],[77.43746,12.6415],[77.43747,12.64151],[77.43747,12.64152],[77.43748,12.64152],[77.43748,12.64153],[77.43748,12.64154],[77.43749,12.64155],[77.43749,12.64155],[77.4375,12.64156],[77.4375,12.64157],[77.4375,12.64158],[77.43751,12.64158],[77.43751,12.64159],[77.43751,12.6416],[77.43752,12.64161],[77.43752,12.64161],[77.43752,12.64162],[77.43753,12.64163],[77.43753,12.64164],[77.43753,12.64165],[77.43753,12.64165],[77.43753,12.64166],[77.43753,12.64167],[77.43754,12.64168],[77.43754,12.64169],[77.43754,12.6417],[77.43754,12.64171],[77.43754,12.64172],[77.43754,12.64173],[77.43754,12.64174],[77.43754,12.64175],[77.43754,12.64176],[77.43754,12.64178],[77.43754,12.64179],[77.43754,12.6418],[77.43755,12.64181],[77.43755,12.64182],[77.43755,12.64183],[77.43755,12.64184],[77.43755,12.64185],[77.43755,12.64186],[77.43756,12.64187],[77.43756,12.64188],[77.43756,12.64189],[77.43756,12.6419],[77.43756,12.64191],[77.43756,12.64192],[77.43757,12.64193],[77.43757,12.64194],[77.43757,12.64195],[77.43757,12.64196],[77.43758,12.64197],[77.43758,12.64198],[77.43758,12.64199],[77.43758,12.64201],[77.43759,12.64202],[77.43759,12.64203],[77.43759,12.64204],[77.43759,12.64205],[77.4376,12.64206],[77.4376,12.64207],[77.4376,12.64208],[77.43761,12.64209],[77.43761,12.64209],[77.43761,12.6421],[77.43761,12.6421],[77.43761,12.6421],[77.43762,12.64211],[77.43762,12.64211],[77.43762,12.64211],[77.43762,12.64211],[77.43762,12.64212],[77.43762,12.64212],[77.43763,12.64212],[77.43763,12.64212],[77.43763,12.64213],[77.43763,12.64213],[77.43763,12.64213],[77.43764,12.64213],[77.43764,12.64214],[77.43764,12.64214],[77.43764,12.64214],[77.43764,12.64214],[77.43765,12.64215],[77.43765,12.64215],[77.43765,12.64215],[77.43765,12.64215],[77.43766,12.64215],[77.43766,12.64216],[77.43766,12.64216],[77.43766,12.64216],[77.43767,12.64216],[77.43767,12.64216],[77.43767,12.64217],[77.43768,12.64217],[77.43768,12.64217],[77.43768,12.64217],[77.43768,12.64217],[77.43769,12.64217],[77.43769,12.64217],[77.43769,12.64218],[77.4377,12.64218],[77.4377,12.64218],[77.4377,12.64218],[77.4377,12.64218],[77.43771,12.64218],[77.43771,12.64218],[77.43771,12.64218],[77.43772,12.64219],[77.43772,12.64219],[77.43772,12.64219],[77.43773,12.64219],[77.43773,12.64219],[77.43773,12.64219],[77.43773,12.64219],[77.43774,12.64219],[77.43774,12.64219],[77.43774,12.64219],[77.43775,12.64219],[77.43781,12.6422],[77.43862,12.64225],[77.43864,12.64225],[77.4387,12.64225],[77.43911,12.64223],[77.4396,12.64219],[77.43965,12.64218],[77.43968,12.64217],[77.43969,12.64215],[77.43971,12.64211],[77.43971,12.64207],[77.43971,12.64196],[77.43971,12.64189],[77.43973,12.64184],[77.44,12.64152],[77.44008,12.64144],[77.44002,12.64048],[77.44007,12.64048]],[[77.44096,12.64014],[77.441,12.64013],[77.44102,12.6402],[77.44098,12.64021],[77.44096,12.64014]]]},"properties":{"shedId":"C05CAM34"}},{"type":"Feature","geometry":{"type":"Polygon","coordinates":[[[77.39573,12.6976],[77.39478,12.69752],[77.39398,12.69791],[77.39384,12.69793],[77.39398,12.69824],[77.39422,12.69835],[77.39425,12.69848],[77.3944,12.69882],[77.39503,12.6989],[77.39535,12.69881],[77.39561,12.69889],[77.396,12.69873],[77.3963,12.69835],[77.39642,12.69808],[77.39619,12.69779],[77.39573,12.6976]]]},"properties":{"shedId":"C05CAM34"}},{"type":"Feature","geometry":{"type":"Polygon","coordinates":[[[77.44705,12.74769],[77.44751,12.74765],[77.44841,12.74734],[77.44922,12.74728],[77.45047,12.74745],[77.45192,12.74734],[77.45332,12.74734],[77.45437,12.74706],[77.45433,12.74693],[77.45415,12.74684],[77.45367,12.74675],[77.45292,12.74658],[77.45246,12.74649],[77.45216,12.74634],[77.45189,12.74612],[77.45172,12.7461],[77.45139,12.74599],[77.45097,12.74566],[77.45078,12.74555],[77.45045,12.74522],[77.4501,12.74485],[77.44968,12.74423],[77.44929,12.74388],[77.44872,12.74334],[77.44828,12.74305],[77.44839,12.74366],[77.44835,12.74498],[77.44791,12.74583],[77.44773,12.74656],[77.44754,12.7468],[77.44705,12.74769]]]},"properties":{"shedId":"C05CAM34"}},{"type":"Feature","geometry":{"type":"Polygon","coordinates":[[[77.43727,12.72212],[77.43789,12.72241],[77.43848,12.72272],[77.4392,12.72287],[77.43957,12.72236],[77.44001,12.72147],[77.44017,12.72083],[77.44045,12.72105],[77.44071,12.72142],[77.44063,12.72247],[77.44047,12.72315],[77.44065,12.72416],[77.44098,12.7253],[77.44098,12.72613],[77.44063,12.72721],[77.44109,12.72791],[77.44152,12.72858],[77.44194,12.72926],[77.44194,12.73003],[77.4415,12.73003],[77.44098,12.73018],[77.44054,12.73027],[77.44025,12.73003],[77.44025,12.72946],[77.44019,12.7292],[77.43964,12.72894],[77.43879,12.729],[77.43833,12.72902],[77.43835,12.72885],[77.4385,12.72837],[77.43846,12.72753],[77.43837,12.72635],[77.43835,12.72563],[77.43833,12.72471],[77.43824,12.72399],[77.43771,12.72342],[77.43747,12.72313],[77.43719,12.7228],[77.43714,12.72261],[77.43714,12.72217],[77.43727,12.72212]]]},"properties":{"shedId":"C05CAM34"}},{"type":"Feature","geometry":{"type":"Polygon","coordinates":[[[77.37685,12.70645],[77.37706,12.70645],[77.37735,12.70643],[77.37773,12.70637],[77.37803,12.7063],[77.37837,12.70628],[77.37871,12.7062],[77.37881,12.70605],[77.379,12.7058],[77.37915,12.70559],[77.37929,12.70536],[77.37935,12.70522],[77.37937,12.70488],[77.37933,12.70468],[77.37921,12.70463],[77.37906,12.70463],[77.3789,12.70465],[77.37869,12.7047],[77.37848,12.70478],[77.37809,12.70493],[77.37784,12.70501],[77.37744,12.70507],[77.37722,12.70507],[77.37683,12.70513],[77.37668,12.70513],[77.37666,12.70513],[77.37666,12.70524],[77.37672,12.70557],[77.37672,12.70572],[77.37674,12.70593],[77.37685,12.70645]]]},"properties":{"shedId":"C05CAM34"}},{"type":"Feature","geometry":{"type":"Polygon","coordinates":[[[77.37442,12.7939],[77.37464,12.79391],[77.37495,12.79401],[77.37538,12.79397],[77.37558,12.79396],[77.3757,12.794],[77.37601,12.79402],[77.3763,12.79402],[77.37625,12.79365],[77.37615,12.79321],[77.37592,12.79275],[77.37584,12.79269],[77.37573,12.79293],[77.3755,12.79317],[77.37528,12.79336],[77.37489,12.7935],[77.37454,12.79358],[77.37448,12.7937],[77.37447,12.7937],[77.37442,12.7939]]]},"properties":{"shedId":"C05CAM34"}},{"type":"Feature","geometry":{"type":"Polygon","coordinates":[[[77.36672,12.78074],[77.36739,12.78067],[77.36804,12.78069],[77.36863,12.7808],[77.36917,12.78094],[77.36912,12.78112],[77.36885,12.78122],[77.36845,12.78138],[77.36809,12.78168],[77.3678,12.78171],[77.36769,12.78167],[77.36716,12.78114],[77.36696,12.78095],[77.36672,12.78074]]]},"properties":{"shedId":"C05CAM34"}},{"type":"Feature","geometry":{"type":"Polygon","coordinates":[[[77.53027,12.76505],[77.53056,12.76516],[77.53078,12.76516],[77.53111,12.76515],[77.5316,12.76508],[77.53158,12.76485],[77.53157,12.7644],[77.53143,12.76378],[77.53136,12.76341],[77.5314,12.76321],[77.53118,12.76326],[77.53103,12.76331],[77.53086,12.76353],[77.53076,12.7638],[77.53059,12.76399],[77.53053,12.76412],[77.5305,12.76425],[77.53027,12.76505]]]},"properties":{"shedId":"C05CAM34"}},{"type":"Feature","geometry":{"type":"Polygon","coordinates":[[[77.46573,12.65573],[77.46597,12.65579],[77.4662,12.65589],[77.46633,12.65592],[77.46657,12.65594],[77.4669,12.65601],[77.46715,12.65605],[77.4673,12.65612],[77.46751,12.65618],[77.46766,12.65613],[77.46769,12.65596],[77.46769,12.6558],[77.4674,12.65565],[77.46718,12.65543],[77.46698,12.65521],[77.46696,12.65507],[77.46691,12.65492],[77.4668,12.65483],[77.46658,12.65454],[77.46643,12.65444],[77.46626,12.65442],[77.46622,12.65457],[77.46613,12.65475],[77.46599,12.65506],[77.46579,12.65532],[77.4657,12.65542],[77.46568,12.65549],[77.46567,12.65557],[77.46559,12.65574],[77.46573,12.65573]]]},"properties":{"shedId":"C05CAM34"}},{"type":"Feature","geometry":{"type":"Polygon","coordinates":[[[77.45986,12.64636],[77.46046,12.64674],[77.46111,12.64703],[77.46169,12.64747],[77.46179,12.64752],[77.46208,12.64703],[77.46205,12.64638],[77.46205,12.64563],[77.46203,12.64547],[77.46154,12.64547],[77.46125,12.64556],[77.46101,12.64571],[77.46068,12.64612],[77.46036,12.64612],[77.45986,12.64636]]]},"properties":{"shedId":"C05CAM34"}},{"type":"Feature","geometry":{"type":"MultiPolygon","coordinates":[[[[77.41023,12.88915],[77.41022,12.88914],[77.41021,12.88913],[77.4102,12.88912],[77.41019,12.88911],[77.41018,12.88911],[77.41018,12.8891],[77.41017,12.88909],[77.41016,12.88908],[77.41015,12.88907],[77.41015,12.88906],[77.41014,12.88906],[77.41014,12.88905],[77.41013,12.88905],[77.41012,12.88904],[77.41012,12.88903],[77.41011,12.88903],[77.41011,12.88902],[77.4101,12.88901],[77.41009,12.889],[77.41009,12.88899],[77.41008,12.88898],[77.41008,12.88897],[77.41007,12.88897],[77.41007,12.88896],[77.41006,12.88895],[77.41005,12.88894],[77.41005,12.88893],[77.40987,12.88868],[77.40986,12.88867],[77.40985,12.88866],[77.40985,12.88865],[77.40984,12.88865],[77.40984,12.88864],[77.40983,12.88863],[77.40982,12.88862],[77.40982,12.88861],[77.40981,12.88861],[77.40981,12.8886],[77.40981,12.88859],[77.4098,12.88858],[77.40979,12.88857],[77.40979,12.88856],[77.40978,12.88855],[77.40977,12.88854],[77.40977,12.88853],[77.40977,12.88852],[77.40976,12.88852],[77.40976,12.88851],[77.40975,12.8885],[77.40975,12.88849],[77.40975,12.88848],[77.40974,12.88848],[77.40974,12.88847],[77.40974,12.88846],[77.40973,12.88845],[77.40973,12.88844],[77.40972,12.88843],[77.40972,12.88842],[77.40972,12.88841],[77.40971,12.8884],[77.40971,12.88839],[77.4097,12.88838],[77.4097,12.88837],[77.4097,12.88836],[77.40969,12.88835],[77.40969,12.88834],[77.40969,12.88833],[77.40969,12.88832],[77.40968,12.88831],[77.40968,12.8883],[77.40968,12.88829],[77.40968,12.88828],[77.40967,12.88827],[77.40967,12.88826],[77.40967,12.88825],[77.40967,12.88824],[77.40964,12.88803],[77.40962,12.88781],[77.40962,12.8878],[77.40962,12.88779],[77.40962,12.88778],[77.40962,12.88777],[77.40962,12.88776],[77.40962,12.88775],[77.40962,12.88774],[77.40962,12.88773],[77.40961,12.88773],[77.40961,12.88772],[77.40961,12.88771],[77.40961,12.8877],[77.40961,12.88769],[77.40962,12.88768],[77.40962,12.88767],[77.40962,12.88766],[77.40962,12.88765],[77.40962,12.88764],[77.40962,12.88763],[77.40962,12.88762],[77.40962,12.88761],[77.40962,12.8876],[77.40962,12.88759],[77.40963,12.88759],[77.40963,12.88758],[77.40963,12.88757],[77.40963,12.88756],[77.40963,12.88755],[77.40964,12.88755],[77.40964,12.88754],[77.40964,12.88753],[77.40964,12.88752],[77.40965,12.88751],[77.40965,12.8875],[77.40965,12.88749],[77.40966,12.88748],[77.40966,12.88747],[77.40967,12.88746],[77.40967,12.88745],[77.40967,12.88744],[77.40968,12.88743],[77.40968,12.88742],[77.40969,12.88742],[77.40969,12.88741],[77.40969,12.8874],[77.4097,12.8874],[77.4097,12.88739],[77.40986,12.88716],[77.41,12.88695],[77.41012,12.8868],[77.41037,12.88658],[77.41037,12.88657],[77.41038,12.88657],[77.41039,12.88656],[77.4104,12.88655],[77.4104,12.88654],[77.41041,12.88654],[77.41042,12.88653],[77.41043,12.88652],[77.41044,12.88652],[77.41044,12.88651],[77.41045,12.88651],[77.41046,12.8865],[77.41046,12.88649],[77.41047,12.88649],[77.41048,12.88648],[77.41049,12.88647],[77.4105,12.88647],[77.4105,12.88646],[77.41051,12.88646],[77.41052,12.88645],[77.41053,12.88645],[77.41053,12.88644],[77.41054,12.88644],[77.41055,12.88644],[77.41055,12.88643],[77.41056,12.88643],[77.41057,12.88642],[77.41058,12.88642],[77.41058,12.88641],[77.41059,12.88641],[77.4106,12.8864],[77.41061,12.8864],[77.41062,12.88639],[77.41063,12.88639],[77.41064,12.88638],[77.41065,12.88638],[77.41066,12.88637],[77.41067,12.88637],[77.41068,12.88636],[77.41069,12.88636],[77.4107,12.88636],[77.41071,12.88635],[77.41072,12.88635],[77.41073,12.88634],[77.41072,12.88634],[77.41072,12.88633],[77.41072,12.88632],[77.41071,12.88631],[77.41071,12.8863],[77.41071,12.88629],[77.4107,12.88628],[77.4107,12.88627],[77.4107,12.88626],[77.4107,12.88625],[77.41069,12.88625],[77.41069,12.88624],[77.41069,12.88623],[77.41069,12.88622],[77.41069,12.88621],[77.41069,12.8862],[77.41068,12.8862],[77.41068,12.88619],[77.41068,12.88618],[77.41068,12.88617],[77.41068,12.88616],[77.41068,12.88615],[77.41068,12.88614],[77.41068,12.88613],[77.41068,12.88612],[77.41068,12.88611],[77.41068,12.8861],[77.41068,12.88609],[77.41068,12.88608],[77.41068,12.88607],[77.41062,12.88609],[77.41056,12.88612],[77.41042,12.88618],[77.41029,12.88624],[77.41013,12.88631],[77.40998,12.88638],[77.40982,12.88646],[77.40968,12.88654],[77.40953,12.88663],[77.40949,12.88665],[77.40945,12.88666],[77.40941,12.88667],[77.40936,12.88667],[77.40932,12.88667],[77.40927,12.88666],[77.40917,12.88661],[77.40906,12.88656],[77.40892,12.88649],[77.40876,12.88643],[77.40869,12.88641],[77.40862,12.88639],[77.40855,12.88637],[77.40847,12.88637],[77.4084,12.88637],[77.40832,12.88637],[77.40825,12.88638],[77.40817,12.8864],[77.4081,12.88642],[77.40788,12.88651],[77.40766,12.8866],[77.40745,12.8867],[77.40724,12.88681],[77.40703,12.88692],[77.40696,12.88693],[77.40689,12.88694],[77.40682,12.88694],[77.40675,12.88693],[77.40668,12.88691],[77.40661,12.88689],[77.40655,12.88686],[77.40643,12.88678],[77.40633,12.88669],[77.40622,12.8866],[77.40615,12.88654],[77.40607,12.88649],[77.40599,12.88644],[77.40591,12.8864],[77.40582,12.88636],[77.40571,12.88631],[77.40571,12.88632],[77.4057,12.88633],[77.4057,12.88634],[77.4057,12.88635],[77.4057,12.88636],[77.4057,12.88637],[77.40569,12.88638],[77.40569,12.88639],[77.40569,12.8864],[77.40568,12.8864],[77.40568,12.88641],[77.40567,12.88642],[77.40567,12.88643],[77.40566,12.88644],[77.40566,12.88645],[77.40566,12.88646],[77.4057,12.88648],[77.40575,12.88648],[77.40579,12.8865],[77.40583,12.88652],[77.40587,12.88655],[77.4059,12.88658],[77.40597,12.88666],[77.40604,12.88674],[77.40612,12.88682],[77.40621,12.88689],[77.40629,12.88696],[77.40639,12.88702],[77.40653,12.88713],[77.40668,12.88723],[77.40683,12.88733],[77.40687,12.88736],[77.4069,12.8874],[77.40693,12.88744],[77.40695,12.88748],[77.40697,12.88753],[77.40698,12.88758],[77.40699,12.88761],[77.407,12.88764],[77.40702,12.88766],[77.40704,12.88766],[77.40704,12.88772],[77.40706,12.88785],[77.40706,12.88786],[77.40706,12.88787],[77.40707,12.88788],[77.40707,12.88789],[77.40707,12.8879],[77.40708,12.88791],[77.40708,12.88792],[77.40708,12.88793],[77.40709,12.88794],[77.40709,12.88795],[77.4071,12.88796],[77.4071,12.88797],[77.40711,12.88798],[77.40711,12.88799],[77.40712,12.88799],[77.40712,12.888],[77.40713,12.88801],[77.40713,12.88802],[77.40714,12.88802],[77.40714,12.88803],[77.40715,12.88804],[77.40712,12.88805],[77.40714,12.88836],[77.40715,12.88857],[77.40716,12.88877],[77.40715,12.88898],[77.40715,12.88899],[77.40716,12.889],[77.40716,12.88902],[77.40717,12.88903],[77.40718,12.88904],[77.40719,12.88905],[77.40721,12.88905],[77.40731,12.88907],[77.40734,12.88908],[77.40746,12.8891],[77.40759,12.88911],[77.40759,12.8891],[77.4076,12.8891],[77.40761,12.88909],[77.40762,12.88908],[77.40762,12.88907],[77.40763,12.88907],[77.40764,12.88906],[77.40765,12.88905],[77.40766,12.88905],[77.40766,12.88904],[77.40767,12.88904],[77.40768,12.88904],[77.40768,12.88903],[77.40769,12.88903],[77.4077,12.88903],[77.40771,12.88902],[77.40772,12.88902],[77.40773,12.88902],[77.40774,12.88902],[77.40775,12.88902],[77.40776,12.88902],[77.40777,12.88902],[77.40778,12.88902],[77.40779,12.88902],[77.4079,12.88901],[77.4079,12.88898],[77.40796,12.88901],[77.40797,12.88901],[77.40798,12.88901],[77.40799,12.88901],[77.408,12.88901],[77.40801,12.889],[77.40802,12.889],[77.40803,12.889],[77.40804,12.889],[77.40805,12.889],[77.40806,12.889],[77.40807,12.889],[77.40808,12.88899],[77.40809,12.88899],[77.4081,12.88899],[77.40811,12.88899],[77.40812,12.88898],[77.40813,12.88898],[77.40814,12.88898],[77.40815,12.88898],[77.40816,12.88898],[77.40817,12.88897],[77.40818,12.88897],[77.40819,12.88897],[77.4082,12.88896],[77.40821,12.88896],[77.40822,12.88896],[77.40823,12.88896],[77.40841,12.88893],[77.40864,12.8889],[77.40875,12.8889],[77.40876,12.8889],[77.40877,12.8889],[77.40878,12.8889],[77.40879,12.8889],[77.4088,12.8889],[77.40881,12.8889],[77.40882,12.8889],[77.40883,12.8889],[77.40883,12.88891],[77.40884,12.88891],[77.40885,12.88891],[77.40886,12.88891],[77.40887,12.88891],[77.40888,12.88891],[77.40889,12.88891],[77.4089,12.88892],[77.40891,12.88892],[77.40892,12.88892],[77.40893,12.88892],[77.40893,12.88893],[77.40894,12.88893],[77.40895,12.88893],[77.40896,12.88893],[77.40896,12.88894],[77.40897,12.88894],[77.40898,12.88894],[77.40899,12.88895],[77.409,12.88895],[77.40901,12.88896],[77.40918,12.88901],[77.40927,12.88903],[77.4094,12.88906],[77.40954,12.88912],[77.40955,12.88913],[77.40956,12.88913],[77.40957,12.88913],[77.40957,12.88914],[77.40958,12.88914],[77.40959,12.88914],[77.40959,12.88915],[77.4096,12.88915],[77.40961,12.88915],[77.40962,12.88915],[77.40963,12.88915],[77.40963,12.88916],[77.40964,12.88916],[77.40965,12.88916],[77.40966,12.88916],[77.40967,12.88916],[77.40968,12.88916],[77.40969,12.88916],[77.4097,12.88916],[77.40971,12.88916],[77.40972,12.88916],[77.40973,12.88916],[77.40974,12.88916],[77.40975,12.88916],[77.40976,12.88916],[77.40977,12.88916],[77.40978,12.88916],[77.40979,12.88916],[77.4098,12.88916],[77.40981,12.88916],[77.40982,12.88916],[77.40983,12.88916],[77.40984,12.88916],[77.40985,12.88916],[77.40985,12.88917],[77.40986,12.88917],[77.40987,12.88917],[77.40988,12.88917],[77.40989,12.88917],[77.4099,12.88917],[77.40991,12.88917],[77.40992,12.88918],[77.40993,12.88918],[77.40994,12.88918],[77.40995,12.88918],[77.40996,12.88919],[77.40997,12.88919],[77.40998,12.88919],[77.40999,12.8892],[77.41,12.8892],[77.41001,12.8892],[77.41002,12.88921],[77.41017,12.88925],[77.41023,12.88926],[77.41024,12.88927],[77.41031,12.8893],[77.41038,12.88934],[77.41051,12.88939],[77.41053,12.8894],[77.41055,12.88941],[77.41057,12.88942],[77.41059,12.88943],[77.41061,12.88944],[77.41063,12.88944],[77.41065,12.88945],[77.41067,12.88946],[77.41069,12.88947],[77.41071,12.88948],[77.41073,12.88948],[77.41075,12.88949],[77.41077,12.8895],[77.41089,12.88951],[77.41085,12.8895],[77.41084,12.8895],[77.41083,12.8895],[77.41082,12.88949],[77.41081,12.88949],[77.4108,12.88949],[77.41079,12.88949],[77.41078,12.88948],[77.41077,12.88948],[77.41076,12.88948],[77.41075,12.88947],[77.41074,12.88947],[77.41073,12.88946],[77.41072,12.88946],[77.41071,12.88946],[77.41071,12.88945],[77.4107,12.88945],[77.41069,12.88945],[77.41068,12.88944],[77.41054,12.88936],[77.41031,12.88921],[77.4103,12.88921],[77.4103,12.8892],[77.41029,12.8892],[77.41028,12.88919],[77.41027,12.88918],[77.41026,12.88918],[77.41026,12.88917],[77.41025,12.88917],[77.41024,12.88916],[77.41023,12.88915]]],[[[77.41091,12.88952],[77.41091,12.88951],[77.4109,12.88951],[77.41091,12.88952]]]]},"properties":{"shedId":"C05CAM34"}},{"type":"Feature","geometry":{"type":"Polygon","coordinates":[[[77.44675,12.83822],[77.44684,12.83821],[77.44711,12.83822],[77.44731,12.83821],[77.44744,12.83818],[77.44747,12.83815],[77.44748,12.83813],[77.44749,12.83809],[77.44748,12.83802],[77.44746,12.83792],[77.44743,12.83769],[77.44739,12.83747],[77.44739,12.8374],[77.44739,12.83738],[77.4474,12.83736],[77.44745,12.83727],[77.4475,12.8372],[77.44751,12.83718],[77.44751,12.83714],[77.44751,12.83709],[77.44743,12.83691],[77.44733,12.83671],[77.44727,12.83661],[77.44724,12.83654],[77.44724,12.83652],[77.44722,12.83645],[77.44721,12.83634],[77.44721,12.83632],[77.44724,12.83616],[77.44701,12.83625],[77.4468,12.83634],[77.44629,12.8365],[77.44592,12.83655],[77.44543,12.83651],[77.4454,12.83651],[77.44538,12.83651],[77.44535,12.83654],[77.44526,12.83667],[77.44523,12.8367],[77.44521,12.83671],[77.44517,12.83671],[77.44514,12.83689],[77.44514,12.83695],[77.44561,12.8372],[77.44596,12.83772],[77.44624,12.83769],[77.44627,12.83771],[77.44654,12.83813],[77.44662,12.83832],[77.44663,12.83831],[77.44663,12.8383],[77.44674,12.83823],[77.44675,12.83822],[77.44675,12.83822]]]},"properties":{"shedId":"C05CAM34"}},{"type":"Feature","geometry":{"type":"Polygon","coordinates":[[[77.44765,12.84168],[77.44773,12.84167],[77.44773,12.84167],[77.44777,12.84168],[77.44779,12.84168],[77.44782,12.84168],[77.44786,12.84168],[77.4479,12.84167],[77.44794,12.84165],[77.44802,12.84162],[77.44807,12.8416],[77.44811,12.84159],[77.44811,12.84159],[77.44811,12.84159],[77.44817,12.84157],[77.44818,12.84157],[77.44823,12.84157],[77.44827,12.84156],[77.44831,12.84153],[77.44835,12.84149],[77.44841,12.84143],[77.44845,12.84139],[77.44849,12.8413],[77.44852,12.84122],[77.44855,12.84111],[77.44858,12.84103],[77.44861,12.84095],[77.44861,12.84095],[77.44865,12.84089],[77.44865,12.84089],[77.44868,12.84084],[77.44868,12.84084],[77.44868,12.84084],[77.44879,12.84076],[77.44868,12.84042],[77.44838,12.83985],[77.44827,12.83948],[77.44826,12.83946],[77.44811,12.83961],[77.44781,12.83979],[77.44771,12.83984],[77.4476,12.83988],[77.44755,12.83988],[77.44745,12.83989],[77.44735,12.83989],[77.44728,12.83989],[77.4472,12.83986],[77.44714,12.83982],[77.4471,12.8398],[77.44707,12.83977],[77.44633,12.83908],[77.44627,12.83902],[77.44623,12.839],[77.4462,12.83899],[77.44618,12.839],[77.44617,12.83904],[77.44639,12.8395],[77.44674,12.84016],[77.44713,12.84116],[77.44711,12.84124],[77.44672,12.84135],[77.44668,12.84137],[77.4468,12.84169],[77.44724,12.8416],[77.44732,12.8416],[77.44762,12.84169],[77.44762,12.84168],[77.44765,12.84168],[77.44765,12.84168],[77.44765,12.84168]]]},"properties":{"shedId":"C05CAM34"}}]}