{"nvdm":"1.0","dataset":"basins/watersheds","scope":{"kind":"basin","id":"palakkad-rivers"},"provenance":{"sources":[{"id":"ksrec-open-geoserver","title":"KSREC GeoServer (WFS): local-body boundaries, watershed atlas, wetlands, paddy, notified wetland parcels, flood extents and quarries of Kerala","publisher":"Kerala State Remote Sensing and Environment Centre (KSREC)","license":"No licence or terms are stated on the GeoServer (WFS capabilities: AccessConstraints NONE). Served with attribution to KSREC by the maintainer's decision; layers KSREC derived from OpenStreetMap (quarries, waterbodies) carry ODbL 1.0.","role":"input","url":"http://ksrec.in:9090/geoserver/ows"}],"method":"derived","produced_at":"2026-09-29","produced_by":"scripts/build_palakkad_rivers_basin.py","note":"Palakkad district's rivers, reservoirs, wetlands and groundwater (scope palakkad-rivers; the district's own scope id is kl-palakkad). The district is the union of its local bodies in KSREC's layer and the catchments (shedId) are the river basins of KSREC's watershed atlas cut to it. KSREC publishes no licence and its layers are served with attribution; its quarry layer is OpenStreetMap's (ODbL)."},"type":"FeatureCollection","features":[{"type":"Feature","properties":{"code":"16C22a","basin":"CHALAKUDI","areaHa":10.2,"shedId":"RB16"},"geometry":{"type":"MultiPolygon","coordinates":[[[[76.6539,10.378],[76.6532,10.3789],[76.6531,10.3794],[76.6539,10.378]]],[[[76.6312,10.382],[76.6323,10.3801],[76.6301,10.3786],[76.63018,10.37674],[76.6291,10.3768],[76.6289,10.3795],[76.6297,10.3808],[76.6312,10.381],[76.63007,10.38263],[76.6312,10.382]]]]}},{"type":"Feature","properties":{"code":"16C22b","basin":"CHALAKUDI","areaHa":4.6,"shedId":"RB16"},"geometry":{"type":"Polygon","coordinates":[[[76.6208,10.3825],[76.6193,10.385],[76.6191,10.3904],[76.6208,10.3825]]]}},{"type":"Feature","properties":{"code":"16C22c","basin":"CHALAKUDI","areaHa":316.62,"shedId":"RB16"},"geometry":{"type":"MultiPolygon","coordinates":[[[[76.6168,10.3902],[76.6157,10.3908],[76.61333,10.39496],[76.6152,10.393],[76.6168,10.3902]]],[[[76.6121,10.3963],[76.61107,10.39815],[76.6131,10.3952],[76.6121,10.3963]]],[[[76.6067,10.4],[76.6074,10.4036],[76.6069,10.406],[76.6084,10.4039],[76.608,10.3995],[76.6067,10.4]]],[[[76.6036,10.4088],[76.6054,10.4108],[76.6037,10.4129],[76.6017,10.4168],[76.60182,10.4177],[76.604,10.4132],[76.6063,10.4103],[76.605,10.4072],[76.6036,10.4088]]],[[[76.5961,10.4217],[76.5952,10.4225],[76.5957,10.425],[76.5963,10.4228],[76.5961,10.4217]]],[[[76.5914,10.4301],[76.59117,10.43203],[76.5917,10.4296],[76.5914,10.4301]]],[[[76.5846,10.4375],[76.5737,10.4379],[76.57074,10.43701],[76.5671,10.4379],[76.564,10.4362],[76.5607,10.4363],[76.5591,10.4348],[76.5579,10.4368],[76.5587,10.442],[76.5644,10.4443],[76.5657,10.4442],[76.5666,10.442],[76.5672,10.4418],[76.5797,10.4432],[76.5842,10.4462],[76.5872,10.4514],[76.5908,10.455],[76.5922,10.4471],[76.5908,10.4445],[76.5875,10.4407],[76.5889,10.4371],[76.5902,10.4355],[76.5892,10.4348],[76.5884,10.4358],[76.5846,10.4375]]]]}},{"type":"Feature","properties":{"code":"16C22d","basin":"CHALAKUDI","areaHa":1192.93,"shedId":"RB16"},"geometry":{"type":"Polygon","coordinates":[[[76.5937,10.4614],[76.595,10.4635],[76.5988,10.4669],[76.5991,10.472],[76.5958,10.4755],[76.5969,10.4779],[76.6021,10.4817],[76.6103,10.4912],[76.6147,10.4935],[76.616,10.4936],[76.6211,10.4909],[76.6222,10.4879],[76.6248,10.4855],[76.6252,10.483],[76.6248,10.4799],[76.6269,10.4784],[76.6288,10.4755],[76.6282,10.4736],[76.6272,10.4726],[76.6235,10.472],[76.6212,10.4679],[76.6177,10.4658],[76.6152,10.4623],[76.6114,10.4617],[76.6094,10.457],[76.604,10.4536],[76.6044,10.4508],[76.6009,10.4481],[76.6009,10.4456],[76.599,10.44],[76.5953,10.4388],[76.5928,10.4361],[76.5902,10.4355],[76.5889,10.4371],[76.5875,10.4407],[76.5919,10.446],[76.5922,10.448],[76.5908,10.455],[76.5938,10.4579],[76.5937,10.4614]]]}},{"type":"Feature","properties":{"code":"16C22e","basin":"CHALAKUDI","areaHa":594.35,"shedId":"RB16"},"geometry":{"type":"Polygon","coordinates":[[[76.6384,10.4762],[76.6418,10.4684],[76.6445,10.4581],[76.6474,10.4567],[76.6379,10.4567],[76.6365,10.4579],[76.6356,10.4604],[76.6306,10.4577],[76.6293,10.4579],[76.6267,10.46],[76.6258,10.4597],[76.6258,10.4573],[76.6219,10.4562],[76.6201,10.4544],[76.6166,10.4532],[76.6149,10.4538],[76.6082,10.4529],[76.6042,10.4508],[76.604,10.4536],[76.6094,10.457],[76.6114,10.4617],[76.6152,10.4623],[76.6177,10.4658],[76.6205,10.4672],[76.6235,10.472],[76.6272,10.4726],[76.6288,10.4755],[76.6323,10.4778],[76.6346,10.4776],[76.6364,10.4765],[76.6371,10.477],[76.6384,10.4762]]]}},{"type":"Feature","properties":{"code":"16C22f","basin":"CHALAKUDI","areaHa":885.13,"shedId":"RB16"},"geometry":{"type":"Polygon","coordinates":[[[76.6728,10.4813],[76.6693,10.4763],[76.6687,10.4737],[76.6695,10.4713],[76.6668,10.4714],[76.6658,10.4703],[76.6646,10.4679],[76.6659,10.4663],[76.6635,10.4649],[76.662,10.4628],[76.6624,10.4618],[76.6618,10.461],[76.6598,10.4598],[76.6581,10.4605],[76.6571,10.4582],[76.6495,10.4587],[76.6483,10.4569],[76.6474,10.4567],[76.6445,10.4581],[76.6396,10.4744],[76.6371,10.477],[76.6404,10.4796],[76.6423,10.4799],[76.6458,10.4788],[76.6469,10.4799],[76.6475,10.482],[76.6461,10.4864],[76.6487,10.488],[76.652,10.4933],[76.6541,10.4936],[76.6553,10.4916],[76.6603,10.4894],[76.6626,10.4893],[76.6642,10.4847],[76.6702,10.4814],[76.6728,10.4813]]]}},{"type":"Feature","properties":{"code":"16C22g","basin":"CHALAKUDI","areaHa":992.39,"shedId":"RB16"},"geometry":{"type":"Polygon","coordinates":[[[76.6817,10.5103],[76.6768,10.5108],[76.675,10.5089],[76.6757,10.5055],[76.6752,10.5023],[76.6768,10.4984],[76.6762,10.4942],[76.6773,10.4901],[76.6771,10.4897],[76.6754,10.4906],[76.674,10.4895],[76.6741,10.4854],[76.6728,10.4813],[76.6702,10.4814],[76.665,10.4841],[76.6638,10.4855],[76.6626,10.4893],[76.6603,10.4894],[76.6548,10.4922],[76.6541,10.4936],[76.655,10.4943],[76.6553,10.4956],[76.6535,10.5028],[76.6529,10.5105],[76.6534,10.5114],[76.6609,10.5186],[76.6647,10.5183],[76.6657,10.519],[76.6687,10.5231],[76.6758,10.5279],[76.6768,10.5301],[76.6821,10.5314],[76.6833,10.5265],[76.6771,10.5201],[76.6775,10.5181],[76.6788,10.5165],[76.6785,10.5152],[76.6791,10.5128],[76.6817,10.5103]]]}},{"type":"Feature","properties":{"code":"16C22h","basin":"CHALAKUDI","areaHa":1200.7,"shedId":"RB16"},"geometry":{"type":"Polygon","coordinates":[[[76.7211,10.5313],[76.7196,10.526],[76.7174,10.5241],[76.7165,10.5223],[76.7155,10.5156],[76.7142,10.5114],[76.7123,10.5094],[76.7075,10.5063],[76.7046,10.5006],[76.7034,10.4997],[76.699,10.4989],[76.6985,10.5002],[76.6951,10.5032],[76.6865,10.5069],[76.6812,10.5106],[76.6791,10.5128],[76.6785,10.5152],[76.6788,10.5165],[76.6775,10.5181],[76.6771,10.5201],[76.6833,10.5265],[76.6821,10.5314],[76.6879,10.5331],[76.6957,10.5324],[76.7028,10.5332],[76.7075,10.531],[76.7134,10.5319],[76.7171,10.5314],[76.7221,10.5322],[76.7211,10.5313]]]}},{"type":"Feature","properties":{"code":"16C22i","basin":"CHALAKUDI","areaHa":721.78,"shedId":"RB16"},"geometry":{"type":"Polygon","coordinates":[[[76.6817,10.5103],[76.6876,10.5063],[76.6939,10.504],[76.6967,10.502],[76.699,10.4989],[76.6946,10.4956],[76.692,10.4881],[76.6808,10.4725],[76.6804,10.4734],[76.6786,10.4735],[76.6741,10.4718],[76.6732,10.4737],[76.6688,10.4746],[76.6698,10.4773],[76.6727,10.4805],[76.6741,10.4854],[76.674,10.4895],[76.6754,10.4906],[76.6771,10.4897],[76.6773,10.4901],[76.6762,10.4942],[76.6768,10.4984],[76.6752,10.5023],[76.6757,10.5055],[76.675,10.5089],[76.6768,10.5108],[76.6817,10.5103]]]}},{"type":"Feature","properties":{"code":"16C22j","basin":"CHALAKUDI","areaHa":992.23,"shedId":"RB16"},"geometry":{"type":"Polygon","coordinates":[[[76.6801,10.4696],[76.6777,10.4659],[76.6753,10.4601],[76.6737,10.4589],[76.6739,10.457],[76.6729,10.4522],[76.6739,10.4504],[76.6741,10.4467],[76.6728,10.4442],[76.6696,10.4428],[76.6656,10.44],[76.665,10.4358],[76.6612,10.4341],[76.6568,10.4336],[76.6553,10.4315],[76.6473,10.4342],[76.6462,10.4374],[76.644,10.4409],[76.6454,10.4429],[76.6449,10.445],[76.6473,10.4484],[76.6471,10.4498],[76.6446,10.4511],[76.6448,10.4526],[76.6467,10.456],[76.6483,10.4569],[76.6495,10.4587],[76.6571,10.4582],[76.6581,10.4605],[76.6598,10.4598],[76.6618,10.461],[76.6624,10.4618],[76.662,10.4628],[76.6635,10.4649],[76.6659,10.4663],[76.6646,10.4679],[76.6658,10.4703],[76.6668,10.4714],[76.6695,10.4713],[76.6688,10.4746],[76.6732,10.4737],[76.6741,10.4718],[76.6786,10.4735],[76.6804,10.4734],[76.6808,10.4725],[76.6801,10.4696]]]}},{"type":"Feature","properties":{"code":"16C22k","basin":"CHALAKUDI","areaHa":497.12,"shedId":"RB16"},"geometry":{"type":"Polygon","coordinates":[[[76.6474,10.4567],[76.6448,10.4526],[76.6446,10.4511],[76.6471,10.4498],[76.6473,10.4484],[76.6449,10.445],[76.6438,10.4457],[76.6361,10.4444],[76.6327,10.4445],[76.632,10.4446],[76.6316,10.4462],[76.63,10.4482],[76.6227,10.4471],[76.6186,10.4472],[76.614,10.4483],[76.608,10.4473],[76.6054,10.4462],[76.6019,10.4431],[76.5996,10.442],[76.6009,10.4456],[76.6009,10.4481],[76.605,10.4515],[76.6082,10.4529],[76.6149,10.4538],[76.6166,10.4532],[76.6201,10.4544],[76.6219,10.4562],[76.6258,10.4573],[76.6258,10.4597],[76.6267,10.46],[76.6293,10.4579],[76.6306,10.4577],[76.6356,10.4604],[76.6365,10.4579],[76.6379,10.4567],[76.6474,10.4567]]]}},{"type":"Feature","properties":{"code":"16C22l","basin":"CHALAKUDI","areaHa":841.12,"shedId":"RB16"},"geometry":{"type":"Polygon","coordinates":[[[76.6454,10.444],[76.6454,10.4429],[76.644,10.4409],[76.6462,10.4374],[76.6473,10.4342],[76.6444,10.4329],[76.64,10.4285],[76.6327,10.429],[76.6296,10.4269],[76.6261,10.4284],[76.6236,10.4285],[76.6163,10.432],[76.6146,10.4322],[76.6128,10.4335],[76.6091,10.4329],[76.6048,10.4333],[76.6025,10.4376],[76.5993,10.4408],[76.5996,10.442],[76.6019,10.4431],[76.6054,10.4462],[76.608,10.4473],[76.614,10.4483],[76.6186,10.4472],[76.6227,10.4471],[76.6288,10.4484],[76.6305,10.4479],[76.632,10.4446],[76.6361,10.4444],[76.6438,10.4457],[76.6454,10.444]]]}},{"type":"Feature","properties":{"code":"16C22m","basin":"CHALAKUDI","areaHa":720.0,"shedId":"RB16"},"geometry":{"type":"Polygon","coordinates":[[[76.6236,10.4285],[76.6217,10.4247],[76.6222,10.4219],[76.6216,10.4194],[76.6201,10.4171],[76.6155,10.414],[76.6139,10.4117],[76.6116,10.41],[76.6114,10.4043],[76.6095,10.4019],[76.6087,10.3996],[76.608,10.3995],[76.6084,10.4039],[76.6077,10.4054],[76.605,10.4072],[76.6063,10.4103],[76.604,10.4132],[76.6018,10.4188],[76.5987,10.4199],[76.5961,10.4217],[76.5963,10.4235],[76.595,10.4265],[76.5917,10.4296],[76.5911,10.4326],[76.5892,10.4348],[76.5928,10.4361],[76.5953,10.4388],[76.598,10.4393],[76.5993,10.4408],[76.6025,10.4376],[76.6048,10.4333],[76.6091,10.4329],[76.6128,10.4335],[76.6146,10.4322],[76.6163,10.432],[76.6232,10.4288],[76.6236,10.4285]]]}},{"type":"Feature","properties":{"code":"16C22n","basin":"CHALAKUDI","areaHa":1012.86,"shedId":"RB16"},"geometry":{"type":"Polygon","coordinates":[[[76.6549,10.4318],[76.6559,10.428],[76.6572,10.4271],[76.654,10.4228],[76.6477,10.4183],[76.6445,10.4178],[76.6402,10.4154],[76.6384,10.4134],[76.6376,10.4113],[76.6382,10.4084],[76.6358,10.4031],[76.6267,10.3995],[76.621,10.4007],[76.6174,10.3986],[76.6141,10.3982],[76.612,10.397],[76.6105,10.399],[76.6087,10.3996],[76.6118,10.4055],[76.6116,10.41],[76.6139,10.4117],[76.6155,10.414],[76.6201,10.4171],[76.6216,10.4194],[76.6222,10.4219],[76.6217,10.4247],[76.6236,10.4285],[76.6261,10.4284],[76.6296,10.4269],[76.6327,10.429],[76.64,10.4285],[76.6444,10.4329],[76.6473,10.4342],[76.6549,10.4318]]]}},{"type":"Feature","properties":{"code":"16C22o","basin":"CHALAKUDI","areaHa":740.29,"shedId":"RB16"},"geometry":{"type":"Polygon","coordinates":[[[76.65679,10.37913],[76.6542,10.3778],[76.6518,10.3815],[76.6495,10.3819],[76.6459,10.3839],[76.6426,10.3833],[76.642,10.3813],[76.6409,10.3805],[76.6377,10.3812],[76.636,10.3809],[76.6329,10.3765],[76.63018,10.37674],[76.6301,10.3786],[76.632,10.3796],[76.6323,10.3807],[76.6306,10.3825],[76.6286,10.3833],[76.6274,10.3834],[76.6255,10.3795],[76.6244,10.3791],[76.6226,10.3802],[76.6207,10.3826],[76.6196,10.3896],[76.6188,10.3911],[76.618,10.3914],[76.6166,10.3905],[76.612,10.397],[76.6141,10.3982],[76.6174,10.3986],[76.621,10.4007],[76.6267,10.3995],[76.6345,10.4025],[76.6364,10.4038],[76.6382,10.4084],[76.6393,10.4073],[76.6418,10.4011],[76.6452,10.3956],[76.6426,10.3934],[76.6412,10.3894],[76.6426,10.3887],[76.6485,10.3886],[76.6514,10.3877],[76.6553,10.3829],[76.65679,10.37913]]]}},{"type":"Feature","properties":{"code":"16C23a","basin":"CHALAKUDI","areaHa":636.18,"shedId":"RB16"},"geometry":{"type":"Polygon","coordinates":[[[76.6658,10.3894],[76.6617,10.3881],[76.662,10.3859],[76.6616,10.3863],[76.658,10.3843],[76.6574,10.3817],[76.65789,10.37996],[76.65679,10.37913],[76.6536,10.3855],[76.6505,10.3883],[76.6426,10.3887],[76.6412,10.3894],[76.6426,10.3934],[76.6452,10.3956],[76.6418,10.4011],[76.6378,10.4096],[76.6376,10.4113],[76.6384,10.4134],[76.6402,10.4154],[76.6445,10.4178],[76.6482,10.4187],[76.6491,10.4156],[76.6507,10.4132],[76.6509,10.4113],[76.6531,10.4101],[76.6549,10.4067],[76.6578,10.4037],[76.6589,10.4005],[76.6643,10.3942],[76.664,10.3917],[76.6658,10.3894]]]}},{"type":"Feature","properties":{"code":"16C24a","basin":"CHALAKUDI","areaHa":739.33,"shedId":"RB16"},"geometry":{"type":"Polygon","coordinates":[[[76.6831,10.4127],[76.6818,10.4108],[76.6749,10.4064],[76.6741,10.4011],[76.6708,10.3974],[76.671,10.3917],[76.6687,10.392],[76.6658,10.3894],[76.664,10.3917],[76.6643,10.3942],[76.6589,10.4005],[76.6578,10.4037],[76.6549,10.4067],[76.6531,10.4101],[76.6509,10.4113],[76.6507,10.4132],[76.6491,10.4156],[76.6482,10.4187],[76.654,10.4228],[76.6572,10.4271],[76.6617,10.4268],[76.663,10.4264],[76.6662,10.4193],[76.674,10.4172],[76.6768,10.4153],[76.6831,10.4139],[76.6831,10.4127]]]}},{"type":"Feature","properties":{"code":"16C25a","basin":"CHALAKUDI","areaHa":883.12,"shedId":"RB16"},"geometry":{"type":"Polygon","coordinates":[[[76.6948,10.4225],[76.7024,10.4173],[76.7076,10.418],[76.713,10.4168],[76.7138,10.414],[76.7161,10.411],[76.7171,10.4081],[76.7209,10.4057],[76.72,10.4051],[76.7159,10.4056],[76.7129,10.4049],[76.7108,10.4033],[76.7091,10.4009],[76.706,10.3999],[76.7,10.3999],[76.6975,10.4018],[76.6953,10.4015],[76.6879,10.3988],[76.6859,10.3962],[76.6828,10.3969],[76.6782,10.3954],[76.6772,10.3943],[76.6751,10.394],[76.6731,10.3913],[76.671,10.3917],[76.6708,10.3974],[76.6741,10.4011],[76.6749,10.4064],[76.6825,10.4114],[76.6831,10.4139],[76.6874,10.4161],[76.6918,10.4227],[76.6948,10.4225]]]}},{"type":"Feature","properties":{"code":"16C26a","basin":"CHALAKUDI","areaHa":223.28,"shedId":"RB16"},"geometry":{"type":"Polygon","coordinates":[[[76.7215,10.4162],[76.722,10.4141],[76.7185,10.4107],[76.7214,10.4076],[76.7209,10.4057],[76.7171,10.4081],[76.7161,10.411],[76.7138,10.414],[76.713,10.4168],[76.7076,10.418],[76.7024,10.4173],[76.6974,10.4201],[76.6948,10.4225],[76.6959,10.4243],[76.6974,10.4239],[76.7014,10.425],[76.706,10.4233],[76.7079,10.4258],[76.7097,10.4251],[76.7117,10.4253],[76.7127,10.4235],[76.7166,10.4204],[76.7177,10.4175],[76.7215,10.4162]]]}},{"type":"Feature","properties":{"code":"16C26b","basin":"CHALAKUDI","areaHa":1505.91,"shedId":"RB16"},"geometry":{"type":"Polygon","coordinates":[[[76.7107,10.4422],[76.7086,10.4403],[76.7088,10.435],[76.7081,10.4332],[76.704,10.431],[76.702,10.4279],[76.6968,10.4251],[76.6948,10.4225],[76.6918,10.4227],[76.6874,10.4161],[76.6844,10.4142],[76.6817,10.4141],[76.6768,10.4153],[76.674,10.4172],[76.6667,10.419],[76.6651,10.4227],[76.6635,10.4244],[76.663,10.4264],[76.6572,10.4271],[76.6553,10.4288],[76.6557,10.4326],[76.6568,10.4336],[76.6612,10.4341],[76.665,10.4358],[76.6656,10.44],[76.6696,10.4428],[76.6728,10.4442],[76.6741,10.4467],[76.6741,10.4491],[76.6768,10.4486],[76.6796,10.4511],[76.6805,10.4513],[76.6841,10.45],[76.6866,10.4481],[76.6879,10.4479],[76.6937,10.4505],[76.6978,10.4491],[76.702,10.4464],[76.7093,10.4479],[76.7107,10.4451],[76.7107,10.4422]]]}},{"type":"Feature","properties":{"code":"16C26c","basin":"CHALAKUDI","areaHa":283.95,"shedId":"RB16"},"geometry":{"type":"Polygon","coordinates":[[[76.7158,10.4383],[76.7165,10.4357],[76.716,10.4269],[76.7175,10.4251],[76.7224,10.4228],[76.723,10.421],[76.7251,10.4192],[76.7246,10.4181],[76.7218,10.4174],[76.7215,10.4162],[76.7182,10.4172],[76.7166,10.4204],[76.7127,10.4235],[76.7117,10.4253],[76.7097,10.4251],[76.7079,10.4258],[76.706,10.4233],[76.7014,10.425],[76.6974,10.4239],[76.6959,10.4243],[76.6993,10.4269],[76.702,10.4279],[76.704,10.431],[76.7081,10.4332],[76.7088,10.435],[76.7086,10.4403],[76.7107,10.4422],[76.7158,10.4383]]]}},{"type":"Feature","properties":{"code":"16C26d","basin":"CHALAKUDI","areaHa":748.61,"shedId":"RB16"},"geometry":{"type":"Polygon","coordinates":[[[76.7507,10.4295],[76.7494,10.4277],[76.7475,10.4283],[76.7453,10.4321],[76.7443,10.4322],[76.7427,10.4308],[76.7408,10.4321],[76.7404,10.4266],[76.7431,10.4243],[76.7428,10.4231],[76.7405,10.4227],[76.7363,10.4234],[76.736,10.4224],[76.7369,10.4211],[76.7368,10.42],[76.7348,10.4189],[76.7322,10.421],[76.731,10.4208],[76.7281,10.4187],[76.7269,10.421],[76.7251,10.4192],[76.723,10.421],[76.7224,10.4228],[76.7175,10.4251],[76.716,10.4269],[76.7165,10.4357],[76.7164,10.4372],[76.7152,10.4387],[76.7151,10.445],[76.7193,10.4459],[76.7274,10.4446],[76.7312,10.4458],[76.734,10.4458],[76.736,10.4417],[76.7391,10.4385],[76.7428,10.4399],[76.7447,10.4386],[76.746,10.4369],[76.7467,10.4338],[76.7482,10.4328],[76.7487,10.431],[76.7507,10.4295]]]}},{"type":"Feature","properties":{"code":"16C26e","basin":"CHALAKUDI","areaHa":545.72,"shedId":"RB16"},"geometry":{"type":"Polygon","coordinates":[[[76.7331,10.4641],[76.7324,10.4619],[76.7329,10.461],[76.7298,10.4595],[76.7302,10.4578],[76.7405,10.4542],[76.7426,10.4521],[76.7422,10.4512],[76.7431,10.4496],[76.746,10.4488],[76.7468,10.4412],[76.7496,10.4404],[76.7519,10.4411],[76.7536,10.4404],[76.7522,10.4388],[76.7532,10.4346],[76.7506,10.4343],[76.7499,10.4336],[76.7507,10.4295],[76.7487,10.431],[76.7482,10.4328],[76.7467,10.4338],[76.746,10.4369],[76.7447,10.4386],[76.7428,10.4399],[76.7391,10.4385],[76.736,10.4417],[76.734,10.4458],[76.7312,10.4458],[76.7274,10.4446],[76.7193,10.4459],[76.7151,10.445],[76.7159,10.4478],[76.7198,10.4526],[76.7219,10.4579],[76.7264,10.4637],[76.7295,10.465],[76.7331,10.4641]]]}},{"type":"Feature","properties":{"code":"16C26f","basin":"CHALAKUDI","areaHa":2163.74,"shedId":"RB16"},"geometry":{"type":"Polygon","coordinates":[[[76.7034,10.4997],[76.7072,10.4905],[76.7122,10.487],[76.7155,10.4809],[76.718,10.4803],[76.7183,10.4794],[76.717,10.4775],[76.7171,10.4764],[76.7206,10.4745],[76.7238,10.4718],[76.7286,10.4713],[76.7295,10.4676],[76.7326,10.4657],[76.7331,10.4641],[76.7286,10.465],[76.7264,10.4637],[76.7228,10.4592],[76.7212,10.4567],[76.7198,10.4526],[76.7153,10.4465],[76.7152,10.4387],[76.7109,10.4417],[76.7107,10.4451],[76.7093,10.4479],[76.702,10.4464],[76.6949,10.4505],[76.6937,10.4505],[76.6879,10.4479],[76.6805,10.4513],[76.6787,10.4504],[76.6779,10.4491],[76.6758,10.4485],[76.6741,10.4491],[76.6729,10.4522],[76.6739,10.457],[76.6737,10.4589],[76.6753,10.4601],[76.6777,10.4659],[76.6795,10.468],[76.6815,10.4738],[76.692,10.4881],[76.6946,10.4956],[76.698,10.4984],[76.7013,10.4996],[76.7034,10.4997]]]}},{"type":"Feature","properties":{"code":"16C26g","basin":"CHALAKUDI","areaHa":233.9,"shedId":"RB16"},"geometry":{"type":"Polygon","coordinates":[[[76.7349,10.4711],[76.7356,10.4693],[76.7337,10.469],[76.7337,10.4669],[76.7326,10.4657],[76.7301,10.467],[76.7286,10.4713],[76.7238,10.4718],[76.7206,10.4745],[76.7171,10.4764],[76.717,10.4775],[76.7183,10.4794],[76.7182,10.4815],[76.7254,10.4875],[76.7279,10.4858],[76.7285,10.4828],[76.7316,10.4828],[76.7326,10.482],[76.7311,10.4797],[76.731,10.4765],[76.7323,10.4754],[76.7337,10.472],[76.7349,10.4711]]]}},{"type":"Feature","properties":{"code":"16C26h","basin":"CHALAKUDI","areaHa":1571.6,"shedId":"RB16"},"geometry":{"type":"Polygon","coordinates":[[[76.7394,10.5234],[76.738,10.5158],[76.7357,10.5115],[76.7357,10.5099],[76.7361,10.5092],[76.739,10.5085],[76.7416,10.5067],[76.7414,10.505],[76.7349,10.4963],[76.728,10.4913],[76.7261,10.4879],[76.7187,10.482],[76.718,10.4803],[76.716,10.4805],[76.7122,10.487],[76.7072,10.4905],[76.7034,10.4997],[76.7046,10.5006],[76.7075,10.5063],[76.7123,10.5094],[76.7142,10.5114],[76.7155,10.5156],[76.7165,10.5223],[76.7174,10.5241],[76.7196,10.526],[76.7211,10.5313],[76.7285,10.5363],[76.7392,10.5404],[76.7395,10.5388],[76.7406,10.5375],[76.7432,10.5366],[76.7461,10.5346],[76.7437,10.5282],[76.7394,10.5234]]]}},{"type":"Feature","properties":{"code":"16C26i","basin":"CHALAKUDI","areaHa":1305.63,"shedId":"RB16"},"geometry":{"type":"Polygon","coordinates":[[[76.7652,10.5236],[76.7652,10.5113],[76.767,10.5049],[76.7593,10.5],[76.7532,10.494],[76.7488,10.4863],[76.7416,10.4787],[76.7359,10.4747],[76.7347,10.4732],[76.7345,10.4714],[76.7337,10.472],[76.7323,10.4754],[76.731,10.4765],[76.7311,10.4797],[76.7326,10.482],[76.7316,10.4828],[76.7285,10.4828],[76.7279,10.4858],[76.7254,10.4875],[76.7268,10.4888],[76.728,10.4913],[76.7359,10.4973],[76.7414,10.505],[76.7416,10.5067],[76.739,10.5085],[76.7361,10.5092],[76.7357,10.5099],[76.7357,10.5115],[76.738,10.5158],[76.7394,10.5234],[76.7406,10.5243],[76.7411,10.5236],[76.7494,10.5225],[76.7518,10.5246],[76.7535,10.5249],[76.7564,10.5246],[76.7576,10.5232],[76.7652,10.5236]]]}},{"type":"Feature","properties":{"code":"16C26j","basin":"CHALAKUDI","areaHa":873.78,"shedId":"RB16"},"geometry":{"type":"Polygon","coordinates":[[[76.7762,10.5031],[76.7757,10.5],[76.7745,10.4983],[76.771,10.4895],[76.7701,10.4849],[76.7674,10.481],[76.7639,10.4792],[76.7501,10.4748],[76.7435,10.4701],[76.74,10.4686],[76.7401,10.4606],[76.7382,10.4577],[76.7375,10.4554],[76.7302,10.4578],[76.7299,10.4597],[76.7329,10.461],[76.7324,10.4619],[76.7331,10.4641],[76.7326,10.4657],[76.7337,10.4669],[76.7336,10.4688],[76.7356,10.4693],[76.7345,10.4714],[76.7351,10.4738],[76.7416,10.4787],[76.7488,10.4863],[76.7521,10.4927],[76.758,10.4989],[76.767,10.5049],[76.7752,10.5047],[76.7762,10.5031]]]}},{"type":"Feature","properties":{"code":"16C26k","basin":"CHALAKUDI","areaHa":749.23,"shedId":"RB16"},"geometry":{"type":"Polygon","coordinates":[[[76.7862,10.486],[76.7805,10.4816],[76.7748,10.4759],[76.7732,10.4759],[76.7701,10.4743],[76.7712,10.4719],[76.7705,10.4712],[76.7668,10.4706],[76.7668,10.4697],[76.7683,10.4695],[76.7692,10.4685],[76.7644,10.4658],[76.7639,10.4618],[76.7606,10.4635],[76.761,10.4657],[76.76,10.4664],[76.7607,10.4683],[76.7545,10.4675],[76.7521,10.4628],[76.7484,10.4579],[76.7473,10.4574],[76.7454,10.4587],[76.7441,10.4582],[76.7426,10.4521],[76.7405,10.4542],[76.7375,10.4554],[76.7382,10.4577],[76.7401,10.4606],[76.74,10.4686],[76.7435,10.4701],[76.7501,10.4748],[76.7639,10.4792],[76.7674,10.481],[76.7701,10.4849],[76.771,10.4895],[76.7745,10.4983],[76.7757,10.5],[76.784,10.4875],[76.7862,10.486]]]}},{"type":"Feature","properties":{"code":"16C26l","basin":"CHALAKUDI","areaHa":792.86,"shedId":"RB16"},"geometry":{"type":"Polygon","coordinates":[[[76.8014,10.52],[76.8031,10.5187],[76.8022,10.5162],[76.804,10.5148],[76.8041,10.5132],[76.8052,10.5121],[76.8043,10.511],[76.8022,10.5111],[76.8024,10.509],[76.8043,10.5083],[76.805,10.5071],[76.8036,10.5042],[76.8041,10.5001],[76.803,10.4989],[76.8034,10.4968],[76.7998,10.494],[76.7936,10.4938],[76.791,10.4901],[76.788,10.4897],[76.7872,10.489],[76.7862,10.486],[76.784,10.4875],[76.7757,10.5],[76.7762,10.5017],[76.7759,10.505],[76.7821,10.5112],[76.7865,10.5175],[76.7901,10.5201],[76.797,10.5195],[76.8014,10.52]]]}},{"type":"Feature","properties":{"code":"16C26m","basin":"CHALAKUDI","areaHa":640.69,"shedId":"RB16"},"geometry":{"type":"Polygon","coordinates":[[[76.8005,10.52],[76.7947,10.5196],[76.7906,10.5202],[76.7878,10.5187],[76.7821,10.5112],[76.7781,10.5076],[76.7758,10.5044],[76.7673,10.5046],[76.7663,10.5064],[76.7651,10.5127],[76.7652,10.5236],[76.767,10.5298],[76.7734,10.5288],[76.7817,10.5291],[76.7846,10.5279],[76.7976,10.5257],[76.7983,10.5244],[76.7984,10.5215],[76.8005,10.52]]]}},{"type":"Feature","properties":{"code":"16C26n","basin":"CHALAKUDI","areaHa":1262.33,"shedId":"RB16"},"geometry":{"type":"Polygon","coordinates":[[[76.7863,10.5529],[76.7887,10.5499],[76.7857,10.5455],[76.7825,10.5389],[76.7792,10.5389],[76.7713,10.5354],[76.7697,10.534],[76.7675,10.5312],[76.7652,10.5236],[76.7576,10.5232],[76.7564,10.5246],[76.7535,10.5249],[76.7518,10.5246],[76.7494,10.5225],[76.7406,10.5238],[76.7447,10.5299],[76.7461,10.5346],[76.7432,10.5366],[76.7406,10.5375],[76.7395,10.5388],[76.7392,10.5404],[76.7439,10.5432],[76.749,10.5473],[76.7537,10.5543],[76.7559,10.5562],[76.7606,10.5573],[76.7714,10.5566],[76.7843,10.5539],[76.7863,10.5529]]]}},{"type":"Feature","properties":{"code":"16C26o","basin":"CHALAKUDI","areaHa":825.16,"shedId":"RB16"},"geometry":{"type":"Polygon","coordinates":[[[76.8172,10.5434],[76.8146,10.5406],[76.8111,10.5331],[76.8067,10.5287],[76.8032,10.5271],[76.8001,10.5211],[76.8005,10.52],[76.7984,10.5215],[76.7983,10.5244],[76.7976,10.5257],[76.7846,10.5279],[76.7817,10.5291],[76.7734,10.5288],[76.767,10.5298],[76.7685,10.5327],[76.7713,10.5354],[76.7792,10.5389],[76.7825,10.5389],[76.7857,10.5455],[76.7887,10.5499],[76.7968,10.546],[76.8096,10.5442],[76.8166,10.5439],[76.8172,10.5434]]]}},{"type":"Feature","properties":{"code":"16C26p","basin":"CHALAKUDI","areaHa":1189.83,"shedId":"RB16"},"geometry":{"type":"Polygon","coordinates":[[[76.8317,10.5011],[76.8309,10.497],[76.824,10.4945],[76.8172,10.4875],[76.8146,10.4833],[76.8114,10.4802],[76.8105,10.48],[76.8024,10.4852],[76.7999,10.4852],[76.7935,10.4873],[76.7918,10.4873],[76.7902,10.4863],[76.7862,10.486],[76.7872,10.489],[76.788,10.4897],[76.791,10.4901],[76.7936,10.4938],[76.7998,10.494],[76.8034,10.4968],[76.803,10.4989],[76.8041,10.5001],[76.8036,10.5042],[76.805,10.5071],[76.8043,10.5083],[76.8024,10.509],[76.8022,10.5111],[76.8043,10.511],[76.8052,10.5121],[76.8041,10.5132],[76.804,10.5148],[76.8022,10.5162],[76.8031,10.5187],[76.8028,10.5193],[76.8005,10.52],[76.8001,10.5211],[76.8032,10.5271],[76.8053,10.5284],[76.8102,10.5286],[76.8137,10.5241],[76.8147,10.5214],[76.8166,10.5207],[76.8193,10.5212],[76.8216,10.514],[76.8262,10.5099],[76.8317,10.5011]]]}},{"type":"Feature","properties":{"code":"16C26q","basin":"CHALAKUDI","areaHa":554.52,"shedId":"RB16"},"geometry":{"type":"Polygon","coordinates":[[[76.8009,10.4852],[76.7981,10.4816],[76.7951,10.4802],[76.7906,10.4807],[76.7878,10.48],[76.7801,10.4749],[76.779,10.4722],[76.7787,10.4693],[76.7792,10.4645],[76.7777,10.4619],[76.7659,10.4584],[76.7574,10.4584],[76.753,10.4557],[76.7458,10.4546],[76.744,10.4528],[76.7436,10.4493],[76.7424,10.4504],[76.7441,10.4582],[76.7454,10.4587],[76.7473,10.4574],[76.7484,10.4579],[76.7521,10.4628],[76.7545,10.4675],[76.7607,10.4683],[76.76,10.4664],[76.761,10.4657],[76.7606,10.4635],[76.7639,10.4618],[76.7644,10.4658],[76.7692,10.4685],[76.7683,10.4695],[76.7668,10.4697],[76.7668,10.4706],[76.7705,10.4712],[76.7712,10.4719],[76.7701,10.4743],[76.7755,10.4764],[76.7805,10.4816],[76.7866,10.4863],[76.7902,10.4863],[76.7918,10.4873],[76.7935,10.4873],[76.8009,10.4852]]]}},{"type":"Feature","properties":{"code":"16C26r","basin":"CHALAKUDI","areaHa":720.84,"shedId":"RB16"},"geometry":{"type":"Polygon","coordinates":[[[76.7724,10.4458],[76.7676,10.4457],[76.7654,10.4443],[76.7646,10.443],[76.7622,10.4416],[76.7621,10.4398],[76.7603,10.4383],[76.7601,10.4372],[76.7582,10.437],[76.757,10.4376],[76.757,10.4406],[76.7561,10.4417],[76.7554,10.4418],[76.7552,10.4406],[76.7545,10.4402],[76.7519,10.4411],[76.7496,10.4404],[76.7468,10.4412],[76.7463,10.4482],[76.7453,10.4491],[76.7436,10.4493],[76.744,10.4528],[76.7458,10.4546],[76.753,10.4557],[76.7574,10.4584],[76.7659,10.4584],[76.7777,10.4619],[76.7792,10.4645],[76.7786,10.4668],[76.7792,10.473],[76.7801,10.4749],[76.783,10.4742],[76.7853,10.4718],[76.7863,10.4693],[76.7852,10.46],[76.784,10.4585],[76.7798,10.4562],[76.7756,10.4526],[76.7731,10.4486],[76.7724,10.4458]]]}},{"type":"Feature","properties":{"code":"16C26s","basin":"CHALAKUDI","areaHa":1190.99,"shedId":"RB16"},"geometry":{"type":"Polygon","coordinates":[[[76.7831,10.4483],[76.7816,10.4482],[76.7767,10.4459],[76.7723,10.446],[76.7731,10.4486],[76.7756,10.4526],[76.7798,10.4562],[76.784,10.4585],[76.7852,10.46],[76.7863,10.4693],[76.784,10.4737],[76.7801,10.4749],[76.789,10.4805],[76.7922,10.4807],[76.7941,10.4801],[76.797,10.4809],[76.7994,10.4826],[76.8009,10.4852],[76.8034,10.4848],[76.8105,10.48],[76.8114,10.4802],[76.8134,10.4818],[76.8182,10.4883],[76.8195,10.4822],[76.8177,10.4786],[76.8177,10.476],[76.8195,10.4704],[76.8219,10.4687],[76.8246,10.4649],[76.8235,10.462],[76.819,10.4603],[76.8135,10.4623],[76.8101,10.4613],[76.8062,10.4619],[76.8029,10.4592],[76.7958,10.4551],[76.794,10.4519],[76.7921,10.4517],[76.7889,10.4502],[76.7842,10.4467],[76.7835,10.4469],[76.7831,10.4483]]]}},{"type":"Feature","properties":{"code":"16C26t","basin":"CHALAKUDI","areaHa":1297.64,"shedId":"RB16"},"geometry":{"type":"Polygon","coordinates":[[[76.8228,10.4379],[76.8176,10.438],[76.807,10.4407],[76.8034,10.4405],[76.8004,10.4393],[76.7947,10.4408],[76.7898,10.4398],[76.7889,10.4407],[76.789,10.4415],[76.7923,10.4411],[76.7921,10.4427],[76.7915,10.4428],[76.7917,10.4441],[76.7892,10.4457],[76.7849,10.4443],[76.7835,10.4469],[76.785,10.447],[76.7907,10.4511],[76.794,10.4519],[76.7958,10.4551],[76.8029,10.4592],[76.8062,10.4619],[76.8101,10.4613],[76.8135,10.4623],[76.819,10.4603],[76.8235,10.462],[76.8246,10.4649],[76.8219,10.4687],[76.8195,10.4704],[76.8177,10.476],[76.8177,10.4786],[76.8195,10.4822],[76.8182,10.4883],[76.824,10.4945],[76.8309,10.497],[76.8284,10.4503],[76.8228,10.4379]]]}},{"type":"Feature","properties":{"code":"16C26u","basin":"CHALAKUDI","areaHa":984.31,"shedId":"RB16"},"geometry":{"type":"Polygon","coordinates":[[[76.8228,10.4379],[76.8168,10.4241],[76.8175,10.4231],[76.8152,10.4224],[76.8114,10.423],[76.8053,10.4258],[76.7953,10.4278],[76.7895,10.4272],[76.7824,10.4238],[76.7759,10.419],[76.771,10.4184],[76.7618,10.4192],[76.7551,10.4184],[76.7512,10.4201],[76.747,10.4197],[76.7457,10.4204],[76.7461,10.4254],[76.7408,10.4298],[76.7408,10.4321],[76.7427,10.4308],[76.7443,10.4322],[76.7453,10.4321],[76.7475,10.4283],[76.7494,10.4277],[76.7508,10.4305],[76.7522,10.4299],[76.7537,10.4272],[76.7567,10.427],[76.7567,10.4245],[76.7586,10.4261],[76.7609,10.4253],[76.7638,10.4261],[76.7669,10.4258],[76.7687,10.4277],[76.7717,10.4287],[76.7746,10.4285],[76.7751,10.4305],[76.7771,10.4304],[76.7816,10.4337],[76.7833,10.4323],[76.7847,10.4322],[76.7856,10.4335],[76.7867,10.4331],[76.7879,10.4343],[76.7901,10.434],[76.7898,10.4348],[76.7912,10.4351],[76.7914,10.4364],[76.7931,10.4362],[76.7945,10.4372],[76.7941,10.4382],[76.7952,10.4396],[76.7914,10.4387],[76.7898,10.4398],[76.7938,10.4407],[76.7998,10.4393],[76.8034,10.4405],[76.807,10.4407],[76.8176,10.438],[76.8228,10.4379]]]}},{"type":"Feature","properties":{"code":"16C26v","basin":"CHALAKUDI","areaHa":702.71,"shedId":"RB16"},"geometry":{"type":"Polygon","coordinates":[[[76.784,10.4453],[76.7855,10.4443],[76.7868,10.4453],[76.7883,10.4451],[76.7892,10.4457],[76.7917,10.4441],[76.7915,10.4428],[76.7921,10.4427],[76.7923,10.4411],[76.7894,10.4417],[76.7889,10.4407],[76.7914,10.4387],[76.7951,10.4397],[76.7941,10.4382],[76.7945,10.4372],[76.7931,10.4362],[76.7914,10.4364],[76.7912,10.4351],[76.7898,10.4348],[76.7901,10.434],[76.7879,10.4343],[76.7867,10.4331],[76.7856,10.4335],[76.7847,10.4322],[76.7833,10.4323],[76.7816,10.4337],[76.7771,10.4304],[76.7751,10.4305],[76.7746,10.4285],[76.7717,10.4287],[76.7687,10.4277],[76.7669,10.4258],[76.7638,10.4261],[76.7609,10.4253],[76.7586,10.4261],[76.7567,10.4245],[76.7567,10.427],[76.7537,10.4272],[76.7522,10.4299],[76.7508,10.4305],[76.75,10.4317],[76.7499,10.4336],[76.7506,10.4343],[76.7532,10.4346],[76.7522,10.4388],[76.7536,10.4402],[76.755,10.4403],[76.7554,10.4418],[76.7569,10.441],[76.757,10.4376],[76.7593,10.4369],[76.7621,10.4398],[76.7626,10.4421],[76.7646,10.443],[76.7654,10.4443],[76.7676,10.4457],[76.7685,10.4453],[76.7767,10.4459],[76.7816,10.4482],[76.7831,10.4483],[76.784,10.4453]]]}},{"type":"Feature","properties":{"code":"16C26w","basin":"CHALAKUDI","areaHa":811.95,"shedId":"RB16"},"geometry":{"type":"Polygon","coordinates":[[[76.771,10.4184],[76.769,10.4159],[76.7688,10.4113],[76.7673,10.406],[76.7665,10.4051],[76.7639,10.4052],[76.7572,10.4027],[76.7546,10.4037],[76.7519,10.4058],[76.7472,10.4068],[76.7453,10.408],[76.7419,10.4046],[76.7394,10.4049],[76.736,10.4043],[76.7356,10.4059],[76.7328,10.4063],[76.7337,10.411],[76.7328,10.4129],[76.7249,10.4083],[76.7218,10.4093],[76.721,10.4081],[76.7185,10.4107],[76.722,10.4141],[76.7214,10.4166],[76.7218,10.4174],[76.7246,10.4181],[76.7264,10.4208],[76.7272,10.4207],[76.7281,10.4187],[76.731,10.4208],[76.7322,10.421],[76.7348,10.4189],[76.7368,10.42],[76.7369,10.4211],[76.736,10.4224],[76.7363,10.4234],[76.7405,10.4227],[76.7428,10.4231],[76.7431,10.4243],[76.7404,10.4266],[76.7408,10.4298],[76.7461,10.4254],[76.7456,10.4208],[76.747,10.4197],[76.7512,10.4201],[76.7551,10.4184],[76.7654,10.4192],[76.771,10.4184]]]}},{"type":"Feature","properties":{"code":"16C27a","basin":"CHALAKUDI","areaHa":584.24,"shedId":"RB16"},"geometry":{"type":"Polygon","coordinates":[[[76.7665,10.4051],[76.7702,10.3986],[76.7704,10.3973],[76.7682,10.3933],[76.7653,10.3921],[76.763,10.3894],[76.7622,10.3918],[76.7611,10.392],[76.7572,10.3899],[76.7553,10.3905],[76.7513,10.3895],[76.7447,10.3945],[76.7323,10.4018],[76.7302,10.4024],[76.729,10.4037],[76.7271,10.4043],[76.7242,10.4073],[76.721,10.4081],[76.7218,10.4093],[76.7249,10.4083],[76.7268,10.4098],[76.7308,10.4114],[76.7323,10.413],[76.7334,10.4122],[76.7337,10.411],[76.7328,10.4063],[76.7356,10.4059],[76.736,10.4043],[76.7394,10.4049],[76.7419,10.4046],[76.7453,10.408],[76.7472,10.4068],[76.7519,10.4058],[76.7546,10.4037],[76.7572,10.4027],[76.7639,10.4052],[76.7665,10.4051]]]}},{"type":"Feature","properties":{"code":"16C28a","basin":"CHALAKUDI","areaHa":500.47,"shedId":"RB16"},"geometry":{"type":"Polygon","coordinates":[[[76.7841,10.4056],[76.7824,10.4027],[76.7811,10.403],[76.7798,10.4022],[76.7806,10.4011],[76.7821,10.4009],[76.7818,10.3993],[76.7827,10.3986],[76.7829,10.3974],[76.7836,10.3989],[76.7857,10.3974],[76.7834,10.3967],[76.7838,10.3957],[76.7832,10.3951],[76.7789,10.395],[76.7786,10.393],[76.7833,10.3925],[76.7854,10.3895],[76.785,10.3889],[76.7834,10.3898],[76.7831,10.3893],[76.7792,10.3888],[76.7792,10.3881],[76.7812,10.387],[76.7808,10.3856],[76.778,10.3849],[76.7775,10.3863],[76.7755,10.3865],[76.7745,10.3844],[76.7708,10.3871],[76.7696,10.3862],[76.7658,10.3894],[76.763,10.3894],[76.7653,10.3921],[76.7682,10.3933],[76.7702,10.3963],[76.7702,10.3986],[76.7665,10.4051],[76.7677,10.407],[76.7688,10.4113],[76.769,10.4159],[76.7703,10.4181],[76.7729,10.4183],[76.7743,10.4153],[76.7768,10.413],[76.7848,10.409],[76.7837,10.4072],[76.7841,10.4056]]]}},{"type":"Feature","properties":{"code":"16C29a","basin":"CHALAKUDI","areaHa":591.29,"shedId":"RB16"},"geometry":{"type":"Polygon","coordinates":[[[76.8078,10.4248],[76.803,10.4171],[76.799,10.4125],[76.7947,10.4052],[76.7898,10.4021],[76.789,10.4024],[76.7899,10.4033],[76.7875,10.4045],[76.7865,10.4037],[76.7839,10.4048],[76.7837,10.4072],[76.7848,10.409],[76.7768,10.413],[76.7743,10.4153],[76.7729,10.4183],[76.7716,10.4185],[76.7759,10.419],[76.7824,10.4238],[76.7895,10.4272],[76.7977,10.4277],[76.8078,10.4248]]]}},{"type":"Feature","properties":{"code":"16C30a","basin":"CHALAKUDI","areaHa":700.96,"shedId":"RB16"},"geometry":{"type":"Polygon","coordinates":[[[76.8175,10.4231],[76.8233,10.4177],[76.8229,10.4148],[76.825,10.4105],[76.8261,10.4102],[76.8263,10.4083],[76.8238,10.4058],[76.8202,10.3992],[76.8179,10.397],[76.8139,10.3993],[76.8091,10.3982],[76.8046,10.399],[76.7997,10.3985],[76.8002,10.3997],[76.797,10.401],[76.7968,10.4043],[76.7947,10.4021],[76.7911,10.4014],[76.7898,10.4021],[76.7947,10.4052],[76.799,10.4125],[76.803,10.4171],[76.8078,10.4248],[76.8135,10.4224],[76.8175,10.4231]]]}},{"type":"Feature","properties":{"code":"16C31a","basin":"CHALAKUDI","areaHa":334.9,"shedId":"RB16"},"geometry":{"type":"Polygon","coordinates":[[[76.834,10.3844],[76.8332,10.3831],[76.8315,10.3836],[76.8301,10.3853],[76.8285,10.3858],[76.8266,10.3875],[76.8267,10.389],[76.8281,10.391],[76.8269,10.392],[76.8243,10.389],[76.8216,10.3888],[76.8182,10.3921],[76.8162,10.3912],[76.8143,10.3933],[76.8114,10.3929],[76.8123,10.3961],[76.81,10.3958],[76.8083,10.3946],[76.8074,10.3967],[76.8058,10.3963],[76.8048,10.397],[76.803,10.3956],[76.7995,10.3978],[76.7996,10.3983],[76.8046,10.399],[76.8091,10.3982],[76.8139,10.3993],[76.8179,10.397],[76.8202,10.3992],[76.8238,10.4058],[76.8263,10.4083],[76.8261,10.4102],[76.828,10.4118],[76.8308,10.4117],[76.8329,10.4085],[76.8338,10.4082],[76.8326,10.4062],[76.8341,10.4037],[76.8239,10.3954],[76.8309,10.3898],[76.834,10.3844]]]}},{"type":"Feature","properties":{"code":"16C32a","basin":"CHALAKUDI","areaHa":740.69,"shedId":"RB16"},"geometry":{"type":"Polygon","coordinates":[[[76.848,10.3657],[76.8459,10.3632],[76.8468,10.359],[76.8465,10.3575],[76.8424,10.354],[76.8418,10.3508],[76.8402,10.3501],[76.8367,10.3466],[76.8363,10.3411],[76.8379,10.338],[76.8334,10.337],[76.8276,10.3381],[76.8241,10.3418],[76.8262,10.3472],[76.8264,10.3492],[76.8238,10.3503],[76.8227,10.3517],[76.8196,10.3615],[76.8208,10.37],[76.8216,10.3703],[76.8221,10.3687],[76.8232,10.3678],[76.823,10.3666],[76.8238,10.365],[76.8252,10.3653],[76.8261,10.3643],[76.8281,10.364],[76.8292,10.3627],[76.8302,10.3678],[76.8299,10.3697],[76.8313,10.3707],[76.8327,10.3683],[76.831,10.3644],[76.8319,10.3651],[76.8326,10.3629],[76.834,10.3634],[76.8346,10.3621],[76.8353,10.362],[76.8365,10.3664],[76.8363,10.3695],[76.837,10.371],[76.837,10.3736],[76.8358,10.3743],[76.8356,10.3752],[76.837,10.3774],[76.8381,10.3776],[76.8407,10.3743],[76.8417,10.3759],[76.8425,10.3747],[76.8434,10.375],[76.8454,10.3718],[76.8448,10.3704],[76.8451,10.3693],[76.8464,10.3699],[76.8475,10.3685],[76.848,10.3657]]]}},{"type":"Feature","properties":{"code":"16C33a","basin":"CHALAKUDI","areaHa":1029.15,"shedId":"RB16"},"geometry":{"type":"Polygon","coordinates":[[[76.8208,10.37],[76.8194,10.3626],[76.8215,10.3567],[76.8215,10.3544],[76.8238,10.3503],[76.8264,10.3492],[76.8262,10.3472],[76.8241,10.3418],[76.8182,10.3484],[76.816,10.3492],[76.8121,10.3466],[76.8087,10.3468],[76.8077,10.3454],[76.8059,10.3444],[76.8058,10.3385],[76.8043,10.337],[76.7999,10.3383],[76.79253,10.336],[76.7864,10.3368],[76.7842,10.338],[76.7877,10.3411],[76.7878,10.3425],[76.7815,10.3471],[76.7805,10.3492],[76.7807,10.351],[76.7926,10.3575],[76.7942,10.358],[76.7952,10.3565],[76.7968,10.3566],[76.798,10.3585],[76.7984,10.3611],[76.8008,10.362],[76.8009,10.3628],[76.8047,10.3635],[76.8049,10.3667],[76.8066,10.3678],[76.8094,10.3681],[76.8116,10.3658],[76.8117,10.3668],[76.8104,10.3694],[76.8114,10.3697],[76.8106,10.3712],[76.8126,10.3729],[76.8155,10.3703],[76.8175,10.3717],[76.8194,10.3706],[76.8202,10.3722],[76.8213,10.3722],[76.8223,10.3705],[76.8208,10.37]]]}},{"type":"Feature","properties":{"code":"16C33b","basin":"CHALAKUDI","areaHa":494.91,"shedId":"RB16"},"geometry":{"type":"Polygon","coordinates":[[[76.78,10.3512],[76.7815,10.3471],[76.7878,10.3425],[76.7877,10.3411],[76.7842,10.338],[76.7791,10.3417],[76.7771,10.3422],[76.7752,10.3404],[76.7721,10.3344],[76.7661,10.3353],[76.7607,10.3371],[76.7561,10.3363],[76.75243,10.33743],[76.7564,10.3423],[76.7549,10.3451],[76.7601,10.3466],[76.7616,10.3479],[76.7656,10.3529],[76.7673,10.3581],[76.7728,10.3541],[76.78,10.3512]]]}},{"type":"Feature","properties":{"code":"16C33c","basin":"CHALAKUDI","areaHa":310.9,"shedId":"RB16"},"geometry":{"type":"Polygon","coordinates":[[[76.8082,10.37],[76.8081,10.368],[76.8049,10.3667],[76.8047,10.3635],[76.8009,10.3628],[76.8008,10.362],[76.7984,10.3611],[76.798,10.3585],[76.7968,10.3566],[76.7952,10.3565],[76.7942,10.358],[76.7926,10.3575],[76.7803,10.3506],[76.779,10.3518],[76.7728,10.3541],[76.7679,10.3576],[76.7679,10.3581],[76.7728,10.3597],[76.776,10.3584],[76.7802,10.3587],[76.7837,10.3609],[76.785,10.3627],[76.7924,10.3631],[76.7944,10.3639],[76.7958,10.3646],[76.7972,10.3664],[76.7962,10.3695],[76.7967,10.3701],[76.8027,10.3688],[76.8082,10.37]]]}},{"type":"Feature","properties":{"code":"16C34a","basin":"CHALAKUDI","areaHa":654.26,"shedId":"RB16"},"geometry":{"type":"Polygon","coordinates":[[[76.8082,10.37],[76.8027,10.3688],[76.7967,10.3701],[76.7962,10.3695],[76.7972,10.3664],[76.7958,10.3646],[76.7924,10.3631],[76.785,10.3627],[76.7837,10.3609],[76.7802,10.3587],[76.776,10.3584],[76.7728,10.3597],[76.7673,10.3581],[76.7662,10.3608],[76.7636,10.36172],[76.764,10.3681],[76.765,10.3715],[76.7666,10.3741],[76.7678,10.3735],[76.7684,10.3744],[76.7701,10.3732],[76.7706,10.3751],[76.7711,10.3748],[76.772,10.3727],[76.7697,10.3724],[76.7695,10.3705],[76.7704,10.3694],[76.7733,10.3699],[76.7738,10.3685],[76.7746,10.3687],[76.775,10.3705],[76.776,10.3695],[76.7772,10.3712],[76.7777,10.3692],[76.7797,10.3683],[76.7808,10.3696],[76.7828,10.3689],[76.7868,10.3691],[76.7888,10.3705],[76.7919,10.3714],[76.792,10.3721],[76.7913,10.3724],[76.7874,10.3727],[76.787,10.3733],[76.7882,10.3741],[76.7859,10.3742],[76.7848,10.3754],[76.7849,10.3765],[76.7858,10.3782],[76.787,10.3784],[76.7883,10.3805],[76.791,10.381],[76.7916,10.3824],[76.7953,10.3843],[76.797,10.3839],[76.7977,10.3831],[76.8015,10.3836],[76.8017,10.383],[76.8008,10.3822],[76.8018,10.3814],[76.803,10.3766],[76.8037,10.3767],[76.8042,10.3787],[76.8053,10.3764],[76.8059,10.3779],[76.8074,10.377],[76.8074,10.3735],[76.8064,10.3732],[76.8074,10.3715],[76.8084,10.3712],[76.8082,10.37]]]}},{"type":"Feature","properties":{"code":"16C35a","basin":"CHALAKUDI","areaHa":775.95,"shedId":"RB16"},"geometry":{"type":"Polygon","coordinates":[[[76.7627,10.3898],[76.7658,10.3894],[76.7696,10.3862],[76.7692,10.3855],[76.7698,10.3817],[76.765,10.3806],[76.7665,10.3759],[76.7673,10.3754],[76.7644,10.3697],[76.7636,10.36172],[76.7623,10.3622],[76.75833,10.361],[76.7549,10.3613],[76.7503,10.3659],[76.7429,10.3674],[76.7415,10.3787],[76.7405,10.3816],[76.7436,10.3864],[76.7463,10.3925],[76.7475,10.3925],[76.7513,10.3895],[76.7553,10.3905],[76.7572,10.3899],[76.7611,10.392],[76.7622,10.3918],[76.7627,10.3898]]]}},{"type":"Feature","properties":{"code":"16C36a","basin":"CHALAKUDI","areaHa":873.53,"shedId":"RB16"},"geometry":{"type":"Polygon","coordinates":[[[76.7463,10.3925],[76.7436,10.3864],[76.7405,10.3816],[76.7415,10.3787],[76.7429,10.3674],[76.73,10.3691],[76.7228,10.3725],[76.7251,10.3795],[76.7241,10.3835],[76.7225,10.3869],[76.7188,10.3905],[76.7181,10.3937],[76.7167,10.3956],[76.7176,10.3968],[76.7219,10.3984],[76.7216,10.3997],[76.7178,10.4015],[76.7162,10.4013],[76.7129,10.4049],[76.7159,10.4056],[76.72,10.4051],[76.7213,10.4065],[76.721,10.4081],[76.7242,10.4073],[76.7271,10.4043],[76.729,10.4037],[76.7302,10.4024],[76.7323,10.4018],[76.7447,10.3945],[76.7469,10.3927],[76.7463,10.3925]]]}},{"type":"Feature","properties":{"code":"16C37a","basin":"CHALAKUDI","areaHa":827.34,"shedId":"RB16"},"geometry":{"type":"Polygon","coordinates":[[[76.7228,10.3725],[76.7154,10.37324],[76.7145,10.3754],[76.7123,10.3773],[76.7081,10.3839],[76.7079,10.3865],[76.7061,10.3867],[76.7042,10.3881],[76.703,10.3897],[76.7022,10.3926],[76.7006,10.3922],[76.6952,10.3928],[76.6937,10.3912],[76.6835,10.3906],[76.6751,10.388],[76.6682,10.3875],[76.663,10.3845],[76.6614,10.3878],[76.6658,10.3894],[76.6687,10.392],[76.6731,10.3913],[76.6744,10.3935],[76.6777,10.3945],[76.6787,10.3956],[76.6828,10.3969],[76.6859,10.3962],[76.6879,10.3988],[76.6953,10.4015],[76.6975,10.4018],[76.7,10.3999],[76.7031,10.4003],[76.7052,10.3998],[76.7091,10.4009],[76.7108,10.4033],[76.7129,10.4049],[76.7162,10.4013],[76.7178,10.4015],[76.7208,10.4005],[76.7219,10.3989],[76.7214,10.398],[76.7176,10.3968],[76.7167,10.3956],[76.7181,10.3937],[76.7188,10.3905],[76.7234,10.3855],[76.7251,10.3795],[76.7228,10.3725]]]}},{"type":"Feature","properties":{"code":"16C38a","basin":"CHALAKUDI","areaHa":551.55,"shedId":"RB16"},"geometry":{"type":"Polygon","coordinates":[[[76.7042,10.3881],[76.6999,10.3855],[76.6908,10.3826],[76.6856,10.3756],[76.6819,10.3727],[76.6794,10.3686],[76.6706,10.3741],[76.669,10.3785],[76.663,10.3845],[76.6682,10.3875],[76.6751,10.388],[76.6835,10.3906],[76.6937,10.3912],[76.6952,10.3928],[76.7006,10.3922],[76.7022,10.3926],[76.703,10.3897],[76.7042,10.3881]]]}},{"type":"Feature","properties":{"code":"16C38b","basin":"CHALAKUDI","areaHa":511.35,"shedId":"RB16"},"geometry":{"type":"Polygon","coordinates":[[[76.7154,10.37324],[76.7135,10.3732],[76.7076,10.3714],[76.7054,10.3697],[76.7048,10.3685],[76.702,10.3675],[76.6988,10.3701],[76.6959,10.3699],[76.693,10.3676],[76.6882,10.3663],[76.6852,10.3667],[76.6835,10.369],[76.6819,10.3673],[76.6794,10.3686],[76.6819,10.3727],[76.6856,10.3756],[76.6908,10.3826],[76.6999,10.3855],[76.7042,10.3881],[76.7061,10.3867],[76.7079,10.3865],[76.7081,10.3839],[76.7123,10.3773],[76.7145,10.3754],[76.7154,10.37324]]]}},{"type":"Feature","properties":{"code":"16C38c","basin":"CHALAKUDI","areaHa":109.88,"shedId":"RB16"},"geometry":{"type":"MultiPolygon","coordinates":[[[[76.7307,10.3688],[76.7279,10.3698],[76.72463,10.37173],[76.7307,10.3688]]],[[[76.7048,10.366],[76.7037,10.3639],[76.69544,10.36252],[76.6869,10.3641],[76.6859,10.3648],[76.6852,10.3667],[76.6895,10.3666],[76.693,10.3676],[76.6959,10.3699],[76.6988,10.3701],[76.702,10.3675],[76.7048,10.3685],[76.7048,10.366]]]]}},{"type":"Feature","properties":{"code":"16C38d","basin":"CHALAKUDI","areaHa":70.86,"shedId":"RB16"},"geometry":{"type":"MultiPolygon","coordinates":[[[[76.7644,10.3511],[76.7601,10.3466],[76.7579,10.3458],[76.7549,10.3451],[76.75312,10.34737],[76.7577,10.3482],[76.7623,10.3529],[76.7647,10.3567],[76.765,10.3593],[76.76411,10.36132],[76.7647,10.3614],[76.7662,10.3608],[76.7673,10.3581],[76.7662,10.3542],[76.7644,10.3511]]],[[[76.7519,10.3628],[76.7505,10.3644],[76.7492,10.3661],[76.751,10.3654],[76.7549,10.3613],[76.7519,10.3628]]],[[[76.7307,10.3689],[76.7313,10.3688],[76.7326,10.3687],[76.7311,10.3687],[76.7307,10.3689]]]]}},{"type":"Feature","properties":{"code":"16C38e","basin":"CHALAKUDI","areaHa":25.05,"shedId":"RB16"},"geometry":{"type":"Polygon","coordinates":[[[76.75312,10.34737],[76.7564,10.3423],[76.75243,10.33743],[76.7517,10.3389],[76.7517,10.3414],[76.754,10.3447],[76.7522,10.3473],[76.75312,10.34737]]]}},{"type":"Feature","properties":{"code":"16C38p","basin":"CHALAKUDI","areaHa":3.52,"shedId":"RB16"},"geometry":{"type":"MultiPolygon","coordinates":[[[[76.6859,10.365],[76.6853,10.3654],[76.6843,10.3676],[76.6858,10.3659],[76.6859,10.365]]],[[[76.67,10.3747],[76.6688,10.3766],[76.6691,10.378],[76.6699,10.3767],[76.67,10.3747]]]]}},{"type":"Feature","properties":{"code":"16C39a","basin":"CHALAKUDI","areaHa":0.98,"shedId":"RB16"},"geometry":{"type":"Polygon","coordinates":[[[76.65789,10.37996],[76.6574,10.3817],[76.65798,10.38296],[76.65789,10.37996]]]}},{"type":"Feature","properties":{"code":"17K17a","basin":"KARUVANNUR","areaHa":30.13,"shedId":"RB20"},"geometry":{"type":"MultiPolygon","coordinates":[[[[76.4265,10.5711],[76.428,10.5666],[76.4311,10.5642],[76.4321,10.5615],[76.4319,10.5596],[76.4301,10.5592],[76.4306,10.5616],[76.4294,10.5646],[76.4273,10.5646],[76.4255,10.5665],[76.4262,10.5682],[76.425,10.5694],[76.425,10.5705],[76.4253,10.5713],[76.4265,10.5711]]],[[[76.4213,10.5723],[76.4204,10.573],[76.4213,10.5743],[76.4211,10.5761],[76.4217,10.5754],[76.4213,10.5723]]],[[[76.418,10.579],[76.4164,10.5788],[76.4158,10.5788],[76.4168,10.5799],[76.418,10.579]]]]}},{"type":"Feature","properties":{"code":"17K18a","basin":"KARUVANNUR","areaHa":49.46,"shedId":"RB20"},"geometry":{"type":"MultiPolygon","coordinates":[[[[76.4407,10.5554],[76.4389,10.5504],[76.4362,10.5458],[76.4333,10.5361],[76.43351,10.53403],[76.4319,10.5371],[76.4346,10.546],[76.4393,10.5561],[76.4401,10.5564],[76.4407,10.5554]]],[[[76.4334,10.5574],[76.4352,10.5565],[76.4362,10.555],[76.4348,10.5553],[76.4334,10.5574]]],[[[76.4318,10.5581],[76.4308,10.5582],[76.4301,10.5592],[76.4319,10.5596],[76.4318,10.5581]]]]}},{"type":"Feature","properties":{"code":"17K19a","basin":"KARUVANNUR","areaHa":29.26,"shedId":"RB20"},"geometry":{"type":"MultiPolygon","coordinates":[[[[76.46567,10.50415],[76.4694,10.5031],[76.4686,10.4981],[76.4673,10.4994],[76.4674,10.5028],[76.46567,10.50415]]],[[[76.45961,10.50848],[76.46,10.5112],[76.4522,10.5196],[76.45123,10.52094],[76.4608,10.5111],[76.4622,10.50652],[76.45961,10.50848]]],[[[76.4423,10.5234],[76.44,10.5267],[76.4398,10.5291],[76.441,10.5279],[76.4423,10.5234]]],[[[76.4338,10.5336],[76.4337,10.5345],[76.4356,10.532],[76.4355,10.532],[76.4338,10.5336]]]]}},{"type":"Feature","properties":{"code":"17K20b","basin":"KARUVANNUR","areaHa":8.47,"shedId":"RB20"},"geometry":{"type":"MultiPolygon","coordinates":[[[[76.4762,10.4863],[76.4743,10.487],[76.4733,10.489],[76.4734,10.4907],[76.4708,10.4968],[76.4762,10.4863]]],[[[76.469,10.4979],[76.4688,10.4982],[76.4693,10.4977],[76.469,10.4979]]]]}},{"type":"Feature","properties":{"code":"17K28n","basin":"KARUVANNUR","areaHa":42.55,"shedId":"RB20"},"geometry":{"type":"MultiPolygon","coordinates":[[[[76.527,10.466],[76.5278,10.4627],[76.5333,10.4592],[76.5363,10.4511],[76.5355,10.4499],[76.5321,10.4593],[76.5265,10.4629],[76.5253,10.467],[76.5151,10.4724],[76.525,10.468],[76.527,10.466]]],[[[76.5042,10.477],[76.5047,10.4757],[76.50595,10.47424],[76.5036,10.4758],[76.5023,10.4782],[76.5042,10.477]]],[[[76.4939,10.478],[76.4932,10.4791],[76.4945,10.4779],[76.4939,10.478]]],[[[76.4909,10.4794],[76.4898,10.4798],[76.48793,10.48541],[76.4892,10.4858],[76.4897,10.4848],[76.4909,10.4794]]],[[[76.48,10.4856],[76.4808,10.48545],[76.4803,10.4855],[76.48,10.4856]]]]}},{"type":"Feature","properties":{"code":"17K28p","basin":"KARUVANNUR","areaHa":37.97,"shedId":"RB16"},"geometry":{"type":"MultiPolygon","coordinates":[[[[76.5581,10.4403],[76.5579,10.4368],[76.5591,10.4348],[76.5586,10.4343],[76.5563,10.4371],[76.5561,10.4405],[76.5572,10.4437],[76.5559,10.4449],[76.5587,10.443],[76.559,10.4423],[76.5581,10.4403]]],[[[76.553,10.446],[76.5526,10.4469],[76.54397,10.44792],[76.5507,10.4498],[76.55469,10.44541],[76.553,10.446]]],[[[76.5362,10.4486],[76.53542,10.4499],[76.5363,10.4506],[76.5374,10.4483],[76.5362,10.4486]]]]}},{"type":"Feature","properties":{"code":"18K12b","basin":"KEECHERI","areaHa":66.92,"shedId":"RB19"},"geometry":{"type":"MultiPolygon","coordinates":[[[[76.1372,10.7193],[76.1354,10.7196],[76.1343,10.7214],[76.1359,10.7212],[76.1372,10.7193]]],[[[76.1304,10.7166],[76.1272,10.7151],[76.1271,10.7135],[76.1235,10.7122],[76.1229,10.7105],[76.1206,10.712],[76.1222,10.7148],[76.1244,10.7164],[76.1278,10.7216],[76.1287,10.7221],[76.1327,10.7217],[76.1304,10.7166]]]]}},{"type":"Feature","properties":{"code":"18K13a","basin":"KEECHERI","areaHa":13.09,"shedId":"RB19"},"geometry":{"type":"Polygon","coordinates":[[[76.1539,10.712],[76.1535,10.7113],[76.1519,10.7122],[76.1517,10.7137],[76.1446,10.7194],[76.1468,10.7188],[76.1527,10.714],[76.1539,10.712]]]}},{"type":"Feature","properties":{"code":"18K14a","basin":"KEECHERI","areaHa":68.53,"shedId":"RB19"},"geometry":{"type":"Polygon","coordinates":[[[76.1642,10.7165],[76.1659,10.714],[76.1663,10.7117],[76.1655,10.7114],[76.1645,10.7092],[76.1643,10.7063],[76.1629,10.7062],[76.1627,10.707],[76.1612,10.7072],[76.1576,10.7159],[76.1568,10.7162],[76.15695,10.71692],[76.158,10.717],[76.1624,10.7159],[76.1642,10.7165]]]}},{"type":"Feature","properties":{"code":"18K14b","basin":"KEECHERI","areaHa":103.58,"shedId":"RB20"},"geometry":{"type":"Polygon","coordinates":[[[76.175,10.7233],[76.1747,10.7209],[76.1724,10.7173],[76.172,10.7137],[76.1663,10.7117],[76.1659,10.714],[76.1642,10.7165],[76.1664,10.721],[76.1696,10.7221],[76.1723,10.7258],[76.1734,10.7262],[76.1752,10.7257],[76.1755,10.7235],[76.175,10.7233]]]}},{"type":"Feature","properties":{"code":"19K10a","basin":"KANJIRAMUKKU","areaHa":74.45,"shedId":"RB19"},"geometry":{"type":"Polygon","coordinates":[[[76.1051,10.7306],[76.1071,10.7272],[76.10501,10.72212],[76.0988,10.7262],[76.097,10.7264],[76.0979,10.7281],[76.0992,10.7289],[76.0995,10.7306],[76.1012,10.731],[76.1023,10.7328],[76.1049,10.7342],[76.1056,10.7332],[76.1051,10.7306]]]}},{"type":"Feature","properties":{"code":"19K3b","basin":"KANJIRAMUKKU","areaHa":76.26,"shedId":"RB19"},"geometry":{"type":"Polygon","coordinates":[[[76.045,10.7922],[76.0424,10.7755],[76.0426,10.7685],[76.04022,10.7662],[76.0393,10.7683],[76.0401,10.7692],[76.0398,10.773],[76.0415,10.7801],[76.0414,10.7846],[76.0421,10.7856],[76.0422,10.7871],[76.0412,10.789],[76.0416,10.7914],[76.0429,10.794],[76.0445,10.7936],[76.045,10.7922]]]}},{"type":"Feature","properties":{"code":"19K3c","basin":"KANJIRAMUKKU","areaHa":851.77,"shedId":"RB19"},"geometry":{"type":"Polygon","coordinates":[[[76.0694,10.793],[76.0703,10.7896],[76.0681,10.7877],[76.0676,10.7854],[76.0622,10.7868],[76.0481,10.7869],[76.0474,10.7884],[76.0476,10.7911],[76.0445,10.7936],[76.0427,10.794],[76.0432,10.7972],[76.0445,10.7968],[76.0448,10.7953],[76.0468,10.7957],[76.0491,10.7981],[76.0494,10.799],[76.0488,10.8003],[76.05,10.8007],[76.0476,10.8017],[76.0457,10.8009],[76.047,10.8025],[76.0467,10.8043],[76.0458,10.8048],[76.0451,10.8043],[76.0446,10.8053],[76.0438,10.805],[76.0433,10.8055],[76.0402,10.8044],[76.0381,10.8058],[76.0373,10.8079],[76.0351,10.8084],[76.0372,10.8091],[76.0389,10.8105],[76.0394,10.8116],[76.0388,10.8156],[76.0394,10.8166],[76.0424,10.8188],[76.0448,10.8194],[76.0511,10.8188],[76.0604,10.8109],[76.065,10.806],[76.0701,10.8042],[76.0708,10.7969],[76.0694,10.793]]]}},{"type":"Feature","properties":{"code":"19K3d","basin":"KANJIRAMUKKU","areaHa":472.0,"shedId":"RB19"},"geometry":{"type":"Polygon","coordinates":[[[76.0675,10.785],[76.0676,10.7836],[76.0696,10.782],[76.0717,10.7777],[76.0723,10.7738],[76.0735,10.7717],[76.0719,10.7713],[76.0681,10.7722],[76.0638,10.7756],[76.0587,10.7722],[76.0512,10.7717],[76.0493,10.7736],[76.0455,10.7729],[76.0435,10.7751],[76.0424,10.7755],[76.0434,10.7797],[76.0431,10.7823],[76.0448,10.7933],[76.0476,10.7911],[76.0474,10.7884],[76.0481,10.7869],[76.0622,10.7868],[76.0634,10.7861],[76.0664,10.7859],[76.0675,10.785]]]}},{"type":"Feature","properties":{"code":"19K3e","basin":"KANJIRAMUKKU","areaHa":316.89,"shedId":"RB19"},"geometry":{"type":"Polygon","coordinates":[[[76.0649,10.7743],[76.0629,10.768],[76.0592,10.7647],[76.0596,10.7619],[76.0586,10.7592],[76.0559,10.7564],[76.0536,10.7582],[76.0529,10.7607],[76.0521,10.7612],[76.0495,10.7602],[76.0461,10.7606],[76.043,10.7614],[76.0424,10.7628],[76.04116,10.7633],[76.04022,10.7662],[76.0426,10.7685],[76.0424,10.7755],[76.0435,10.7751],[76.0455,10.7729],[76.0493,10.7736],[76.0512,10.7717],[76.0587,10.7722],[76.0606,10.773],[76.0631,10.7756],[76.0644,10.7753],[76.0649,10.7743]]]}},{"type":"Feature","properties":{"code":"19K3f","basin":"KANJIRAMUKKU","areaHa":139.75,"shedId":"RB19"},"geometry":{"type":"Polygon","coordinates":[[[76.0559,10.7564],[76.0543,10.7528],[76.0504,10.7519],[76.0477,10.7527],[76.0453,10.752],[76.0445,10.754],[76.0429,10.7547],[76.0397,10.7547],[76.0391,10.7554],[76.0403,10.7566],[76.0394,10.757],[76.0403,10.7583],[76.0401,10.76],[76.04116,10.7633],[76.0424,10.7628],[76.043,10.7614],[76.0461,10.7606],[76.0495,10.7602],[76.0521,10.7612],[76.0529,10.7607],[76.0536,10.7582],[76.0559,10.7564]]]}},{"type":"Feature","properties":{"code":"19K6a","basin":"KANJIRAMUKKU","areaHa":94.0,"shedId":"RB19"},"geometry":{"type":"Polygon","coordinates":[[[76.0559,10.7411],[76.054,10.7401],[76.0538,10.7414],[76.0511,10.7407],[76.0492,10.7412],[76.0493,10.7418],[76.0475,10.743],[76.0468,10.7426],[76.0452,10.7472],[76.046,10.7483],[76.0464,10.7478],[76.0472,10.7481],[76.0478,10.7508],[76.0463,10.7519],[76.0471,10.7526],[76.0504,10.7519],[76.0543,10.7528],[76.0543,10.7507],[76.0527,10.7499],[76.0529,10.7452],[76.0557,10.7416],[76.0559,10.7411]]]}},{"type":"Feature","properties":{"code":"19K7a","basin":"KANJIRAMUKKU","areaHa":704.14,"shedId":"RB19"},"geometry":{"type":"Polygon","coordinates":[[[76.0774,10.7689],[76.0761,10.7657],[76.077,10.763],[76.0767,10.7618],[76.076,10.7606],[76.0728,10.7594],[76.0738,10.7526],[76.0769,10.75],[76.0732,10.7475],[76.0719,10.7442],[76.0718,10.741],[76.0733,10.7371],[76.0739,10.7315],[76.0729,10.7308],[76.0696,10.7305],[76.0697,10.7311],[76.0684,10.7316],[76.0687,10.7329],[76.07,10.733],[76.0693,10.7333],[76.069,10.7353],[76.0689,10.7369],[76.0697,10.7374],[76.067,10.7387],[76.0639,10.7437],[76.0633,10.7431],[76.0624,10.7439],[76.0617,10.7434],[76.0619,10.7422],[76.0617,10.7421],[76.0604,10.7427],[76.0598,10.7419],[76.0585,10.7423],[76.0559,10.7411],[76.0531,10.7446],[76.0527,10.7499],[76.0543,10.7507],[76.0548,10.7546],[76.0586,10.7592],[76.0596,10.7619],[76.0592,10.7647],[76.0629,10.768],[76.0649,10.7743],[76.066,10.7743],[76.0692,10.7718],[76.0719,10.7713],[76.0737,10.7719],[76.0773,10.7716],[76.0774,10.7689]]]}},{"type":"Feature","properties":{"code":"19K7b","basin":"KANJIRAMUKKU","areaHa":447.73,"shedId":"RB19"},"geometry":{"type":"Polygon","coordinates":[[[76.0895,10.7725],[76.0891,10.7698],[76.0855,10.7676],[76.0848,10.766],[76.0857,10.7637],[76.0858,10.7606],[76.0837,10.7439],[76.0822,10.7436],[76.0816,10.7418],[76.08,10.7414],[76.0798,10.7394],[76.0777,10.7379],[76.0763,10.7377],[76.0758,10.7366],[76.0761,10.7336],[76.0749,10.7318],[76.0739,10.7315],[76.0733,10.7371],[76.0718,10.741],[76.0719,10.7442],[76.0732,10.7475],[76.0769,10.75],[76.0738,10.7526],[76.0728,10.7594],[76.076,10.7606],[76.0767,10.7618],[76.077,10.763],[76.0761,10.7657],[76.0774,10.7689],[76.0773,10.7716],[76.081,10.7729],[76.0867,10.7735],[76.0879,10.7743],[76.0895,10.7725]]]}},{"type":"Feature","properties":{"code":"19K7c","basin":"KANJIRAMUKKU","areaHa":919.73,"shedId":"RB19"},"geometry":{"type":"Polygon","coordinates":[[[76.1004,10.7625],[76.1017,10.7605],[76.1049,10.7579],[76.1107,10.7559],[76.1107,10.7535],[76.1085,10.7505],[76.1071,10.7464],[76.1065,10.7458],[76.1037,10.7458],[76.0988,10.7438],[76.0968,10.7443],[76.0894,10.7442],[76.084,10.7426],[76.0838,10.7457],[76.0851,10.752],[76.0848,10.7553],[76.0858,10.7606],[76.0857,10.7637],[76.0848,10.766],[76.0855,10.7676],[76.0885,10.7691],[76.0897,10.7715],[76.0895,10.7728],[76.0879,10.7743],[76.0887,10.7767],[76.0872,10.7804],[76.0927,10.7843],[76.0949,10.7905],[76.0977,10.7896],[76.0989,10.7862],[76.1004,10.7841],[76.1039,10.7831],[76.1041,10.7821],[76.1031,10.7801],[76.0997,10.7788],[76.0995,10.7778],[76.1027,10.7739],[76.1058,10.7743],[76.1067,10.7738],[76.1067,10.7721],[76.105,10.7676],[76.1035,10.766],[76.1004,10.7648],[76.1004,10.7625]]]}},{"type":"Feature","properties":{"code":"19K7d","basin":"KANJIRAMUKKU","areaHa":230.85,"shedId":"RB19"},"geometry":{"type":"Polygon","coordinates":[[[76.0988,10.7438],[76.095,10.738],[76.0926,10.7357],[76.0876,10.7356],[76.0853,10.7326],[76.0844,10.7323],[76.074,10.7298],[76.0706,10.7295],[76.0693,10.73],[76.0704,10.7309],[76.0729,10.7308],[76.0751,10.732],[76.0761,10.7336],[76.0758,10.7366],[76.0763,10.7377],[76.0777,10.7379],[76.0798,10.7394],[76.08,10.7414],[76.0816,10.7418],[76.0822,10.7436],[76.0837,10.7439],[76.0845,10.7425],[76.0894,10.7442],[76.0968,10.7443],[76.0988,10.7438]]]}},{"type":"Feature","properties":{"code":"19K8a","basin":"KANJIRAMUKKU","areaHa":1015.25,"shedId":"RB19"},"geometry":{"type":"Polygon","coordinates":[[[76.1049,10.7342],[76.102,10.7325],[76.1012,10.731],[76.0995,10.7306],[76.0992,10.7289],[76.0972,10.727],[76.0966,10.7283],[76.0953,10.7284],[76.0934,10.7273],[76.091,10.7279],[76.0897,10.7271],[76.0867,10.7272],[76.0852,10.7282],[76.0848,10.7274],[76.0833,10.7269],[76.0807,10.7276],[76.0767,10.7275],[76.0757,10.7277],[76.074,10.7298],[76.0853,10.7326],[76.0876,10.7356],[76.0926,10.7357],[76.095,10.738],[76.0957,10.7399],[76.0988,10.7438],[76.1037,10.7458],[76.1065,10.7458],[76.1071,10.7464],[76.1085,10.7505],[76.1107,10.7535],[76.1107,10.7559],[76.1173,10.7576],[76.119,10.7576],[76.124,10.7558],[76.1312,10.7577],[76.1368,10.7566],[76.1415,10.7574],[76.1437,10.7563],[76.1414,10.7528],[76.1406,10.7497],[76.1357,10.7454],[76.1337,10.7455],[76.1329,10.7443],[76.129,10.7417],[76.123,10.7406],[76.1223,10.7396],[76.1225,10.7365],[76.122,10.7353],[76.1174,10.735],[76.116,10.7338],[76.1145,10.7335],[76.1109,10.7357],[76.1056,10.7332],[76.1049,10.7342]]]}},{"type":"Feature","properties":{"code":"19K8b","basin":"KANJIRAMUKKU","areaHa":399.47,"shedId":"RB19"},"geometry":{"type":"Polygon","coordinates":[[[76.1544,10.7446],[76.1584,10.7404],[76.1586,10.7379],[76.1574,10.735],[76.1513,10.7338],[76.1492,10.7359],[76.1471,10.7369],[76.144,10.736],[76.1424,10.7346],[76.1392,10.7341],[76.136,10.7364],[76.1349,10.7445],[76.1361,10.7462],[76.1406,10.7497],[76.1414,10.7528],[76.1437,10.7563],[76.1461,10.7549],[76.1474,10.7527],[76.1494,10.7523],[76.1517,10.7508],[76.1544,10.7446]]]}},{"type":"Feature","properties":{"code":"19K8c","basin":"KANJIRAMUKKU","areaHa":959.79,"shedId":"RB19"},"geometry":{"type":"Polygon","coordinates":[[[76.158,10.7345],[76.16,10.7326],[76.1602,10.7289],[76.1597,10.7271],[76.1626,10.7255],[76.1646,10.7213],[76.1664,10.721],[76.1642,10.7165],[76.1632,10.7159],[76.15695,10.71692],[76.1567,10.7177],[76.1543,10.7157],[76.154,10.7122],[76.1527,10.714],[76.1459,10.7193],[76.1372,10.7193],[76.1359,10.7212],[76.1335,10.722],[76.1287,10.7221],[76.1256,10.7182],[76.1205,10.7219],[76.1209,10.7255],[76.1198,10.7268],[76.1177,10.7276],[76.1174,10.7284],[76.1177,10.7307],[76.121,10.7353],[76.122,10.7353],[76.1225,10.7365],[76.1223,10.7396],[76.123,10.7406],[76.129,10.7417],[76.1329,10.7443],[76.1337,10.7455],[76.1357,10.7454],[76.1348,10.7436],[76.136,10.7364],[76.1392,10.7341],[76.1424,10.7346],[76.144,10.736],[76.1471,10.7369],[76.1492,10.7359],[76.1513,10.7338],[76.1559,10.7349],[76.158,10.7345]]]}},{"type":"Feature","properties":{"code":"19K9a","basin":"KANJIRAMUKKU","areaHa":325.1,"shedId":"RB19"},"geometry":{"type":"Polygon","coordinates":[[[76.121,10.7353],[76.1177,10.7307],[76.1174,10.7284],[76.1177,10.7276],[76.1198,10.7268],[76.1209,10.7255],[76.1205,10.7219],[76.1256,10.7182],[76.1244,10.7164],[76.1222,10.7148],[76.1206,10.712],[76.10501,10.72212],[76.1071,10.7272],[76.1051,10.7306],[76.1056,10.7332],[76.1109,10.7357],[76.1145,10.7335],[76.116,10.7338],[76.1174,10.735],[76.121,10.7353]]]}},{"type":"Feature","properties":{"code":"20B10a","basin":"BARATHAPUZHA","areaHa":1838.08,"shedId":"RB20"},"geometry":{"type":"Polygon","coordinates":[[[76.3015,10.7612],[76.30021,10.75316],[76.2883,10.7564],[76.281,10.7525],[76.2698,10.7542],[76.2658,10.7538],[76.2642,10.7573],[76.2631,10.7585],[76.2606,10.7592],[76.2603,10.7599],[76.2626,10.7702],[76.2615,10.7736],[76.2634,10.7762],[76.2637,10.7783],[76.2671,10.7789],[76.2716,10.7756],[76.277,10.7754],[76.2776,10.7768],[76.2795,10.7785],[76.2809,10.7818],[76.2842,10.7835],[76.2867,10.7879],[76.2924,10.789],[76.2956,10.7927],[76.2958,10.7946],[76.2993,10.7954],[76.299,10.7895],[76.3053,10.7864],[76.3103,10.7865],[76.3158,10.783],[76.3235,10.7732],[76.3246,10.7709],[76.3176,10.7687],[76.316,10.7658],[76.3148,10.7654],[76.311,10.7665],[76.3091,10.7658],[76.3052,10.7618],[76.3015,10.7612]]]}},{"type":"Feature","properties":{"code":"20B11a","basin":"BARATHAPUZHA","areaHa":968.71,"shedId":"RB20"},"geometry":{"type":"Polygon","coordinates":[[[76.30021,10.75316],[76.3012,10.761],[76.3052,10.7618],[76.3091,10.7658],[76.3113,10.7665],[76.3148,10.7654],[76.316,10.7658],[76.3176,10.7687],[76.3246,10.7709],[76.3255,10.7701],[76.3269,10.7706],[76.3322,10.7665],[76.3352,10.7652],[76.3373,10.7605],[76.3429,10.7579],[76.3462,10.7556],[76.3465,10.7548],[76.3476,10.7545],[76.35738,10.74382],[76.3537,10.7432],[76.3506,10.7439],[76.3425,10.7484],[76.3385,10.7495],[76.3367,10.7495],[76.3333,10.7483],[76.329,10.7458],[76.3239,10.7458],[76.3168,10.7474],[76.3083,10.7517],[76.30021,10.75316]]]}},{"type":"Feature","properties":{"code":"20B12a","basin":"BARATHAPUZHA","areaHa":1509.68,"shedId":"RB20"},"geometry":{"type":"Polygon","coordinates":[[[76.3437,10.787],[76.346,10.7853],[76.3494,10.7851],[76.351,10.7837],[76.3556,10.7831],[76.3593,10.7842],[76.3612,10.7837],[76.368,10.7785],[76.371,10.7714],[76.3728,10.7695],[76.3702,10.7684],[76.3701,10.7659],[76.366,10.7641],[76.3636,10.7613],[76.3609,10.7555],[76.3594,10.7502],[76.359,10.7459],[76.35738,10.74382],[76.3476,10.7545],[76.3465,10.7548],[76.3462,10.7556],[76.3429,10.7579],[76.3373,10.7605],[76.3352,10.7652],[76.3322,10.7665],[76.3269,10.7706],[76.3255,10.7701],[76.3246,10.7709],[76.3199,10.7781],[76.3211,10.7813],[76.3237,10.7843],[76.3283,10.7869],[76.332,10.7901],[76.3327,10.7899],[76.3328,10.7907],[76.3336,10.7899],[76.3363,10.7902],[76.3432,10.7893],[76.3437,10.787]]]}},{"type":"Feature","properties":{"code":"20B12b","basin":"BARATHAPUZHA","areaHa":542.42,"shedId":"RB20"},"geometry":{"type":"Polygon","coordinates":[[[76.3147,10.7991],[76.3201,10.8013],[76.3216,10.7996],[76.3249,10.7989],[76.326,10.7979],[76.329,10.7981],[76.3318,10.7972],[76.3313,10.7931],[76.3319,10.7913],[76.3328,10.7907],[76.3327,10.7899],[76.332,10.7901],[76.3283,10.7869],[76.3237,10.7843],[76.3211,10.7813],[76.3199,10.7781],[76.3158,10.783],[76.3103,10.7865],[76.3053,10.7864],[76.299,10.7895],[76.2993,10.7954],[76.3031,10.7955],[76.3106,10.8038],[76.3127,10.8],[76.3147,10.7991]]]}},{"type":"Feature","properties":{"code":"20B12c","basin":"BARATHAPUZHA","areaHa":3414.32,"shedId":"RB20"},"geometry":{"type":"Polygon","coordinates":[[[76.3432,10.7893],[76.3333,10.79],[76.3319,10.7913],[76.3313,10.7931],[76.3316,10.7973],[76.329,10.7981],[76.326,10.7979],[76.3249,10.7989],[76.3216,10.7996],[76.3198,10.8014],[76.3149,10.7991],[76.3122,10.8006],[76.3106,10.8037],[76.3105,10.8053],[76.3103,10.8039],[76.3089,10.8102],[76.3126,10.8155],[76.3137,10.819],[76.3115,10.8212],[76.3034,10.824],[76.3001,10.8244],[76.298,10.8256],[76.2992,10.8282],[76.2977,10.8302],[76.2977,10.8334],[76.2971,10.8346],[76.2945,10.8361],[76.2937,10.8375],[76.2933,10.8405],[76.2916,10.8421],[76.2934,10.8439],[76.2976,10.8422],[76.2994,10.8424],[76.3014,10.8472],[76.3006,10.8497],[76.3011,10.8509],[76.306,10.8524],[76.3078,10.8539],[76.3121,10.8551],[76.3189,10.8499],[76.3208,10.8476],[76.3259,10.847],[76.327,10.8477],[76.3276,10.8495],[76.3302,10.8512],[76.3325,10.8539],[76.3375,10.8506],[76.3377,10.8471],[76.3423,10.8426],[76.3442,10.842],[76.3459,10.8399],[76.3481,10.8404],[76.3491,10.8394],[76.3495,10.8385],[76.3489,10.835],[76.3503,10.8311],[76.354,10.828],[76.3579,10.8271],[76.3621,10.8275],[76.3711,10.8233],[76.3702,10.8223],[76.3705,10.8178],[76.3695,10.8144],[76.3672,10.813],[76.3648,10.8104],[76.3648,10.8067],[76.3637,10.8055],[76.3616,10.8051],[76.3583,10.8075],[76.3546,10.8093],[76.3529,10.8094],[76.3486,10.8062],[76.3494,10.8031],[76.3476,10.7987],[76.3486,10.7966],[76.349,10.7932],[76.3501,10.7918],[76.3493,10.7896],[76.3472,10.7879],[76.346,10.7853],[76.3437,10.787],[76.3432,10.7893]]]}},{"type":"Feature","properties":{"code":"20B12d","basin":"BARATHAPUZHA","areaHa":1270.08,"shedId":"RB20"},"geometry":{"type":"Polygon","coordinates":[[[76.351,10.7837],[76.3494,10.7851],[76.346,10.7853],[76.3472,10.7879],[76.3493,10.7896],[76.3501,10.7918],[76.349,10.7932],[76.3486,10.7966],[76.3476,10.7987],[76.3494,10.8031],[76.3486,10.8062],[76.3529,10.8094],[76.3546,10.8093],[76.3583,10.8075],[76.3616,10.8051],[76.3637,10.8055],[76.3648,10.8067],[76.3648,10.8104],[76.3672,10.813],[76.3695,10.8144],[76.3705,10.8178],[76.3704,10.8231],[76.3777,10.821],[76.3793,10.8145],[76.3794,10.8114],[76.3812,10.8073],[76.3783,10.7981],[76.3783,10.7943],[76.3769,10.7925],[76.3769,10.7902],[76.3791,10.7878],[76.3798,10.7847],[76.3792,10.7778],[76.3776,10.7742],[76.37829,10.76783],[76.3701,10.7659],[76.3702,10.7684],[76.3728,10.7695],[76.371,10.7714],[76.3673,10.7792],[76.3599,10.7842],[76.3564,10.7831],[76.351,10.7837]]]}},{"type":"Feature","properties":{"code":"20B13a","basin":"BARATHAPUZHA","areaHa":1138.12,"shedId":"RB20"},"geometry":{"type":"Polygon","coordinates":[[[76.3777,10.821],[76.3888,10.8191],[76.3912,10.8162],[76.3923,10.813],[76.4026,10.8124],[76.4046,10.8113],[76.4039,10.8104],[76.4036,10.8063],[76.4064,10.8046],[76.4062,10.796],[76.4043,10.7914],[76.3969,10.7843],[76.3944,10.7796],[76.3902,10.7789],[76.3873,10.7799],[76.3836,10.7773],[76.3833,10.7759],[76.3843,10.773],[76.3833,10.7681],[76.37829,10.76783],[76.3776,10.7742],[76.3792,10.7778],[76.3798,10.7847],[76.3791,10.7878],[76.3769,10.7902],[76.3769,10.7925],[76.3783,10.7943],[76.3783,10.7981],[76.3812,10.8073],[76.3794,10.8114],[76.3793,10.8145],[76.3777,10.821]]]}},{"type":"Feature","properties":{"code":"20B13b","basin":"BARATHAPUZHA","areaHa":1192.47,"shedId":"RB20"},"geometry":{"type":"Polygon","coordinates":[[[76.3944,10.7796],[76.3969,10.7843],[76.4043,10.7914],[76.4062,10.796],[76.4064,10.8046],[76.4036,10.8063],[76.4039,10.8104],[76.4046,10.8113],[76.407,10.8095],[76.4121,10.8087],[76.4141,10.8096],[76.4167,10.8071],[76.4183,10.8043],[76.4261,10.8009],[76.4309,10.8018],[76.4365,10.8013],[76.4432,10.8016],[76.4462,10.8008],[76.4452,10.7985],[76.4423,10.7952],[76.4438,10.7905],[76.4426,10.7822],[76.4421,10.7818],[76.4384,10.7807],[76.4348,10.7813],[76.4312,10.7799],[76.4286,10.7804],[76.419,10.7798],[76.4167,10.7805],[76.413,10.7795],[76.4104,10.781],[76.4055,10.7787],[76.4027,10.7793],[76.4002,10.7808],[76.3968,10.7796],[76.3944,10.7796]]]}},{"type":"Feature","properties":{"code":"20B13c","basin":"BARATHAPUZHA","areaHa":3142.02,"shedId":"RB20"},"geometry":{"type":"Polygon","coordinates":[[[76.4268,10.8008],[76.4183,10.8043],[76.4167,10.8071],[76.4141,10.8096],[76.4121,10.8087],[76.4064,10.8097],[76.4026,10.8124],[76.3923,10.813],[76.3912,10.8162],[76.3888,10.8191],[76.3777,10.821],[76.3712,10.8231],[76.3729,10.8317],[76.3745,10.8339],[76.3762,10.835],[76.3834,10.8359],[76.3831,10.8376],[76.3816,10.8399],[76.3813,10.8466],[76.3845,10.847],[76.3876,10.8465],[76.391,10.8458],[76.3935,10.8444],[76.4039,10.8447],[76.404,10.851],[76.4057,10.8515],[76.407,10.8532],[76.415,10.8533],[76.4234,10.8548],[76.4253,10.8544],[76.4263,10.8529],[76.4269,10.8516],[76.4262,10.8495],[76.4283,10.8484],[76.4292,10.8434],[76.4314,10.8436],[76.4317,10.8404],[76.4363,10.8395],[76.443,10.8401],[76.443,10.8368],[76.4412,10.8302],[76.4449,10.8241],[76.4439,10.8184],[76.4442,10.8167],[76.4503,10.8156],[76.4535,10.8124],[76.4527,10.8118],[76.4499,10.8122],[76.4487,10.8097],[76.4456,10.8091],[76.4458,10.8077],[76.4479,10.8052],[76.4462,10.8008],[76.4432,10.8016],[76.4365,10.8013],[76.4309,10.8018],[76.4268,10.8008]]]}},{"type":"Feature","properties":{"code":"20B13d","basin":"BARATHAPUZHA","areaHa":1053.34,"shedId":"RB20"},"geometry":{"type":"Polygon","coordinates":[[[76.463,10.8415],[76.4631,10.8313],[76.4604,10.8242],[76.4599,10.8193],[76.4588,10.8183],[76.456,10.8189],[76.4539,10.8177],[76.4535,10.8124],[76.4503,10.8156],[76.4442,10.8167],[76.4439,10.8184],[76.4449,10.8241],[76.4412,10.8302],[76.4433,10.8397],[76.4424,10.8404],[76.4377,10.8395],[76.4317,10.8404],[76.4314,10.8436],[76.4292,10.8434],[76.4283,10.8484],[76.4262,10.8495],[76.4269,10.8516],[76.4253,10.8544],[76.4317,10.8547],[76.4344,10.8528],[76.4445,10.8522],[76.4461,10.8496],[76.4482,10.8501],[76.4499,10.8526],[76.4555,10.8532],[76.4618,10.853],[76.4625,10.8488],[76.4636,10.8468],[76.463,10.8415]]]}},{"type":"Feature","properties":{"code":"20B13e","basin":"BARATHAPUZHA","areaHa":676.5,"shedId":"RB20"},"geometry":{"type":"Polygon","coordinates":[[[76.4612,10.8544],[76.4618,10.853],[76.4555,10.8532],[76.4499,10.8526],[76.4475,10.8496],[76.4461,10.8496],[76.4445,10.8522],[76.4344,10.8528],[76.4317,10.8547],[76.4234,10.8548],[76.4183,10.8538],[76.4221,10.862],[76.4273,10.8652],[76.4301,10.8683],[76.4307,10.8709],[76.4351,10.8717],[76.4488,10.8691],[76.4511,10.868],[76.4529,10.8642],[76.4581,10.8626],[76.458,10.8578],[76.4617,10.8545],[76.4612,10.8544]]]}},{"type":"Feature","properties":{"code":"20B13f","basin":"BARATHAPUZHA","areaHa":561.19,"shedId":"RB20"},"geometry":{"type":"Polygon","coordinates":[[[76.519,10.8442],[76.5157,10.848],[76.5101,10.8497],[76.4999,10.8507],[76.499,10.8524],[76.4965,10.8515],[76.4906,10.8511],[76.4795,10.8546],[76.4723,10.8547],[76.471,10.8552],[76.4617,10.8545],[76.458,10.8578],[76.4581,10.8626],[76.4645,10.8614],[76.4684,10.8591],[76.4715,10.8595],[76.4742,10.8591],[76.4774,10.8606],[76.4787,10.8587],[76.481,10.8575],[76.4841,10.8575],[76.4881,10.8563],[76.4927,10.8567],[76.5019,10.8545],[76.5046,10.8551],[76.5101,10.8549],[76.5133,10.8579],[76.5146,10.8582],[76.5172,10.8566],[76.5201,10.8563],[76.5223,10.859],[76.5243,10.8586],[76.5258,10.8592],[76.5263,10.8587],[76.5263,10.8525],[76.5282,10.8513],[76.5299,10.8512],[76.5271,10.8438],[76.5268,10.8409],[76.524,10.8429],[76.522,10.8426],[76.519,10.8442]]]}},{"type":"Feature","properties":{"code":"20B13g","basin":"BARATHAPUZHA","areaHa":952.96,"shedId":"RB20"},"geometry":{"type":"Polygon","coordinates":[[[76.5521,10.8286],[76.5517,10.824],[76.5445,10.8236],[76.5401,10.8259],[76.5263,10.8281],[76.5267,10.8318],[76.5261,10.836],[76.527,10.8392],[76.5271,10.8438],[76.5299,10.8512],[76.531,10.852],[76.5308,10.8555],[76.5314,10.8565],[76.5357,10.858],[76.5398,10.8544],[76.5491,10.8525],[76.5514,10.8492],[76.5517,10.8437],[76.5535,10.8423],[76.5577,10.8409],[76.5635,10.8379],[76.5619,10.8343],[76.5608,10.8333],[76.555,10.8325],[76.553,10.8308],[76.5521,10.8286]]]}},{"type":"Feature","properties":{"code":"20B13h","basin":"BARATHAPUZHA","areaHa":1091.91,"shedId":"RB20"},"geometry":{"type":"Polygon","coordinates":[[[76.5263,10.8281],[76.5188,10.8311],[76.514,10.8319],[76.5115,10.8299],[76.5092,10.8304],[76.4978,10.8382],[76.4942,10.839],[76.4893,10.8385],[76.4843,10.84],[76.4797,10.8393],[76.4766,10.8402],[76.4746,10.8416],[76.4699,10.8424],[76.4678,10.8443],[76.4657,10.8444],[76.4633,10.8431],[76.463,10.8449],[76.4636,10.8468],[76.4625,10.8488],[76.4621,10.8526],[76.4612,10.8544],[76.471,10.8552],[76.4723,10.8547],[76.4795,10.8546],[76.4906,10.8511],[76.4965,10.8515],[76.499,10.8524],[76.4999,10.8507],[76.5101,10.8497],[76.5157,10.848],[76.5184,10.8444],[76.522,10.8426],[76.524,10.8429],[76.5268,10.8409],[76.527,10.8392],[76.5261,10.836],[76.5267,10.8318],[76.5263,10.8281]]]}},{"type":"Feature","properties":{"code":"20B13i","basin":"BARATHAPUZHA","areaHa":775.42,"shedId":"RB20"},"geometry":{"type":"Polygon","coordinates":[[[76.4704,10.8422],[76.4746,10.8416],[76.4766,10.8402],[76.4797,10.8393],[76.4843,10.84],[76.4893,10.8385],[76.4942,10.839],[76.4986,10.8379],[76.4997,10.8366],[76.4986,10.8363],[76.4962,10.832],[76.4956,10.8245],[76.4948,10.8225],[76.4924,10.8203],[76.4903,10.8205],[76.4885,10.8195],[76.4831,10.8227],[76.4797,10.8214],[76.4766,10.8212],[76.4744,10.82],[76.4722,10.82],[76.4684,10.8212],[76.4669,10.8248],[76.4654,10.8258],[76.4643,10.826],[76.4628,10.8253],[76.4611,10.8258],[76.4631,10.8313],[76.4633,10.8431],[76.4657,10.8444],[76.4678,10.8443],[76.4704,10.8422]]]}},{"type":"Feature","properties":{"code":"20B13j","basin":"BARATHAPUZHA","areaHa":730.67,"shedId":"RB20"},"geometry":{"type":"Polygon","coordinates":[[[76.4835,10.8137],[76.4829,10.8094],[76.4775,10.8013],[76.4697,10.8031],[76.465,10.802],[76.4546,10.8044],[76.4517,10.8071],[76.4503,10.8122],[76.4531,10.812],[76.4537,10.8129],[76.4539,10.8177],[76.456,10.8189],[76.4579,10.8182],[76.4596,10.8188],[76.4611,10.8258],[76.4628,10.8253],[76.4643,10.826],[76.4669,10.8248],[76.4681,10.8215],[76.47,10.8204],[76.4744,10.82],[76.4766,10.8212],[76.4797,10.8214],[76.4831,10.8227],[76.4881,10.8195],[76.4903,10.8205],[76.4924,10.8203],[76.4926,10.8155],[76.4911,10.8149],[76.4865,10.8154],[76.4846,10.8148],[76.4835,10.8137]]]}},{"type":"Feature","properties":{"code":"20B13k","basin":"BARATHAPUZHA","areaHa":1032.17,"shedId":"RB20"},"geometry":{"type":"Polygon","coordinates":[[[76.4747,10.7788],[76.463,10.7789],[76.4578,10.7774],[76.4545,10.7772],[76.4523,10.7786],[76.4458,10.778],[76.4416,10.7787],[76.4406,10.7814],[76.4426,10.7822],[76.4438,10.7905],[76.4423,10.7952],[76.4452,10.7985],[76.4479,10.8046],[76.4477,10.8057],[76.4458,10.8077],[76.4456,10.8091],[76.4487,10.8097],[76.4494,10.8117],[76.4503,10.8122],[76.4517,10.8071],[76.4546,10.8044],[76.465,10.802],[76.4697,10.8031],[76.4775,10.8013],[76.4786,10.7939],[76.4746,10.7859],[76.4754,10.7833],[76.4752,10.7795],[76.4747,10.7788]]]}},{"type":"Feature","properties":{"code":"20B13l","basin":"BARATHAPUZHA","areaHa":981.4,"shedId":"RB20"},"geometry":{"type":"Polygon","coordinates":[[[76.4244,10.7699],[76.417,10.7672],[76.4149,10.7656],[76.4075,10.7636],[76.4059,10.7618],[76.4049,10.7584],[76.4016,10.755],[76.3973,10.7525],[76.3933,10.7513],[76.392,10.7589],[76.3894,10.7653],[76.3869,10.7673],[76.3833,10.7681],[76.3843,10.773],[76.3833,10.7767],[76.3873,10.7799],[76.3904,10.7789],[76.3968,10.7796],[76.4002,10.7808],[76.4027,10.7793],[76.4055,10.7787],[76.4104,10.781],[76.4138,10.7795],[76.4167,10.7805],[76.419,10.7798],[76.4286,10.7804],[76.4312,10.7799],[76.4348,10.7813],[76.4384,10.7807],[76.4406,10.7814],[76.4416,10.7787],[76.4354,10.7774],[76.4344,10.7745],[76.432,10.7736],[76.4287,10.7736],[76.4244,10.7699]]]}},{"type":"Feature","properties":{"code":"20B14a","basin":"BARATHAPUZHA","areaHa":2087.51,"shedId":"RB20"},"geometry":{"type":"Polygon","coordinates":[[[76.4203,10.7492],[76.4091,10.7494],[76.4046,10.7471],[76.3988,10.7467],[76.3965,10.747],[76.3951,10.748],[76.3938,10.7492],[76.3933,10.7513],[76.3973,10.7525],[76.4016,10.755],[76.4049,10.7584],[76.4059,10.7618],[76.4075,10.7636],[76.4149,10.7656],[76.417,10.7672],[76.4237,10.7693],[76.4287,10.7736],[76.4337,10.7741],[76.4348,10.7749],[76.4351,10.7771],[76.4358,10.7776],[76.4423,10.7788],[76.4458,10.778],[76.4523,10.7786],[76.4545,10.7772],[76.4578,10.7774],[76.463,10.7789],[76.4744,10.7788],[76.4759,10.7756],[76.4773,10.7691],[76.4762,10.7597],[76.4751,10.7581],[76.4723,10.7561],[76.4694,10.752],[76.4673,10.7528],[76.454,10.7516],[76.4441,10.7497],[76.4362,10.7509],[76.4297,10.7509],[76.4203,10.7492]]]}},{"type":"Feature","properties":{"code":"20B15a","basin":"BARATHAPUZHA","areaHa":1555.9,"shedId":"RB20"},"geometry":{"type":"Polygon","coordinates":[[[76.5004,10.7678],[76.497,10.7654],[76.491,10.7632],[76.4866,10.7601],[76.4796,10.751],[76.4807,10.751],[76.4773,10.7478],[76.4743,10.7476],[76.4696,10.7523],[76.4723,10.7561],[76.4757,10.7588],[76.477,10.7637],[76.4773,10.7691],[76.4768,10.773],[76.4744,10.7788],[76.4752,10.7795],[76.4754,10.7821],[76.4746,10.7859],[76.4749,10.787],[76.4777,10.7913],[76.4786,10.7939],[76.4775,10.8013],[76.4829,10.8094],[76.4837,10.8142],[76.4865,10.8154],[76.4911,10.8149],[76.4928,10.8161],[76.4972,10.81],[76.4982,10.8074],[76.499,10.8021],[76.4988,10.7973],[76.5005,10.7936],[76.5007,10.7917],[76.5007,10.7835],[76.5034,10.7773],[76.5021,10.7717],[76.5023,10.7683],[76.5004,10.7678]]]}},{"type":"Feature","properties":{"code":"20B16a","basin":"BARATHAPUZHA","areaHa":1678.14,"shedId":"RB20"},"geometry":{"type":"Polygon","coordinates":[[[76.5098,10.7699],[76.5023,10.7683],[76.5021,10.7717],[76.5034,10.7773],[76.5007,10.7835],[76.5007,10.7917],[76.5005,10.7936],[76.4988,10.7973],[76.499,10.8021],[76.4982,10.8074],[76.4972,10.81],[76.4932,10.8152],[76.4921,10.8186],[76.4924,10.8204],[76.4954,10.8235],[76.4962,10.832],[76.4992,10.8366],[76.501,10.8362],[76.5081,10.831],[76.5104,10.83],[76.5121,10.8301],[76.514,10.8319],[76.5188,10.8311],[76.5227,10.829],[76.5259,10.8281],[76.5251,10.8247],[76.525,10.8203],[76.5258,10.8188],[76.5292,10.8158],[76.5289,10.8149],[76.526,10.8143],[76.5213,10.8106],[76.5196,10.7973],[76.5204,10.7876],[76.517,10.7805],[76.5144,10.7784],[76.5109,10.7708],[76.5098,10.7699]]]}},{"type":"Feature","properties":{"code":"20B17a","basin":"BARATHAPUZHA","areaHa":1352.28,"shedId":"RB20"},"geometry":{"type":"Polygon","coordinates":[[[76.5398,10.7862],[76.5312,10.7878],[76.527,10.7875],[76.5251,10.7864],[76.5207,10.7817],[76.517,10.7805],[76.5196,10.7852],[76.5205,10.7883],[76.5196,10.7973],[76.5213,10.8106],[76.5253,10.8139],[76.5292,10.8152],[76.525,10.8203],[76.5251,10.8247],[76.5259,10.8281],[76.5401,10.8259],[76.5445,10.8236],[76.5458,10.8237],[76.5478,10.8208],[76.5476,10.8156],[76.5523,10.8121],[76.5549,10.8083],[76.5576,10.806],[76.5571,10.8034],[76.5546,10.8014],[76.5554,10.7986],[76.5543,10.7962],[76.5513,10.7964],[76.5489,10.7952],[76.5425,10.7881],[76.5398,10.7862]]]}},{"type":"Feature","properties":{"code":"20B18a","basin":"BARATHAPUZHA","areaHa":329.86,"shedId":"RB20"},"geometry":{"type":"Polygon","coordinates":[[[76.5482,10.8242],[76.5598,10.8219],[76.5615,10.8198],[76.562,10.8179],[76.5638,10.7986],[76.5611,10.7981],[76.557,10.7938],[76.5543,10.7962],[76.5554,10.7986],[76.5545,10.8011],[76.5571,10.8034],[76.5576,10.806],[76.5549,10.8083],[76.5523,10.8121],[76.5476,10.8156],[76.5478,10.8208],[76.5458,10.8237],[76.5482,10.8242]]]}},{"type":"Feature","properties":{"code":"20B18aa","basin":"BARATHAPUZHA","areaHa":1058.21,"shedId":"RB20"},"geometry":{"type":"Polygon","coordinates":[[[76.8289,10.8131],[76.8239,10.811],[76.8253,10.8191],[76.8274,10.8214],[76.8276,10.8251],[76.8292,10.8277],[76.8301,10.8319],[76.8298,10.8358],[76.8283,10.8382],[76.8271,10.8422],[76.825,10.8449],[76.8327,10.8498],[76.8349,10.8523],[76.8387,10.8522],[76.8406,10.8536],[76.8478,10.8501],[76.8528,10.8396],[76.8529,10.8368],[76.8536,10.8358],[76.8533,10.8341],[76.8504,10.83],[76.8494,10.8313],[76.8483,10.8315],[76.8484,10.8292],[76.8475,10.8273],[76.8471,10.827],[76.8461,10.828],[76.8449,10.8264],[76.8474,10.8229],[76.8479,10.8195],[76.8496,10.8179],[76.8498,10.8135],[76.8473,10.8117],[76.8431,10.8125],[76.8388,10.8116],[76.8364,10.8104],[76.8314,10.8108],[76.8301,10.8127],[76.8289,10.8131]]]}},{"type":"Feature","properties":{"code":"20B18ab","basin":"BARATHAPUZHA","areaHa":1380.74,"shedId":"RB20"},"geometry":{"type":"Polygon","coordinates":[[[76.7787,10.8497],[76.7841,10.8543],[76.783,10.8587],[76.7854,10.8627],[76.783,10.8674],[76.7808,10.8698],[76.7858,10.8708],[76.7918,10.8742],[76.794,10.8746],[76.796,10.8744],[76.7963,10.8711],[76.7984,10.8692],[76.8016,10.8678],[76.8041,10.8675],[76.8072,10.8652],[76.8122,10.8668],[76.8178,10.8649],[76.8251,10.8651],[76.8287,10.8607],[76.8319,10.8587],[76.8333,10.8583],[76.8351,10.859],[76.839,10.8571],[76.8395,10.8552],[76.8408,10.8535],[76.8387,10.8522],[76.8349,10.8523],[76.8304,10.8481],[76.8267,10.8464],[76.8253,10.8449],[76.8235,10.8445],[76.8117,10.8451],[76.8035,10.847],[76.7972,10.8476],[76.794,10.8468],[76.7906,10.845],[76.7834,10.8438],[76.7815,10.8424],[76.78,10.8421],[76.7779,10.8425],[76.7779,10.8478],[76.7787,10.8497]]]}},{"type":"Feature","properties":{"code":"20B18ac","basin":"BARATHAPUZHA","areaHa":418.81,"shedId":"RB20"},"geometry":{"type":"Polygon","coordinates":[[[76.8347,10.8589],[76.8328,10.8583],[76.8287,10.8607],[76.8247,10.8652],[76.8178,10.8649],[76.8122,10.8668],[76.8072,10.8652],[76.8041,10.8675],[76.8016,10.8678],[76.7969,10.8703],[76.7963,10.8711],[76.796,10.8744],[76.7994,10.8762],[76.8031,10.8795],[76.8046,10.8787],[76.8065,10.8796],[76.8077,10.877],[76.8092,10.878],[76.8103,10.8778],[76.8116,10.879],[76.8122,10.8781],[76.812,10.8767],[76.8135,10.8765],[76.8144,10.8771],[76.8167,10.8736],[76.8195,10.8746],[76.8204,10.8736],[76.8249,10.8728],[76.8259,10.872],[76.8266,10.8723],[76.8264,10.873],[76.828,10.873],[76.8285,10.8719],[76.8307,10.8708],[76.8303,10.8696],[76.831,10.8678],[76.8304,10.8673],[76.8305,10.8652],[76.8319,10.8626],[76.8315,10.8611],[76.833,10.8608],[76.8333,10.8592],[76.8347,10.8589]]]}},{"type":"Feature","properties":{"code":"20B18ad","basin":"BARATHAPUZHA","areaHa":778.53,"shedId":"RB20"},"geometry":{"type":"Polygon","coordinates":[[[76.7788,10.8708],[76.7705,10.8721],[76.7665,10.874],[76.7645,10.8775],[76.7601,10.8808],[76.7585,10.8853],[76.754,10.8887],[76.7527,10.89429],[76.7549,10.8948],[76.7572,10.8939],[76.7591,10.8945],[76.7641,10.8921],[76.7652,10.8924],[76.7662,10.8917],[76.7658,10.8898],[76.7675,10.8881],[76.7688,10.8878],[76.7725,10.8891],[76.7747,10.8907],[76.7766,10.89],[76.7818,10.8915],[76.7827,10.8906],[76.7828,10.8895],[76.7865,10.8887],[76.7889,10.8859],[76.7909,10.8856],[76.7909,10.8826],[76.7919,10.882],[76.7938,10.8823],[76.7954,10.8814],[76.7962,10.8817],[76.7975,10.8805],[76.8004,10.8812],[76.8027,10.8805],[76.8031,10.8798],[76.8021,10.8782],[76.796,10.8744],[76.7918,10.8742],[76.7858,10.8708],[76.7808,10.8698],[76.7788,10.8708]]]}},{"type":"Feature","properties":{"code":"20B18ae","basin":"BARATHAPUZHA","areaHa":2370.93,"shedId":"RB20"},"geometry":{"type":"Polygon","coordinates":[[[76.8305,10.7894],[76.8268,10.791],[76.8237,10.795],[76.818,10.7945],[76.8152,10.7976],[76.8164,10.7987],[76.8142,10.807],[76.8147,10.8101],[76.8187,10.8121],[76.823,10.8104],[76.8253,10.812],[76.8289,10.8131],[76.8301,10.8127],[76.831,10.811],[76.8322,10.8107],[76.8364,10.8104],[76.8388,10.8116],[76.8431,10.8125],[76.8473,10.8117],[76.8498,10.8135],[76.8496,10.8179],[76.8515,10.8192],[76.8539,10.8185],[76.8563,10.8189],[76.858,10.8176],[76.8592,10.8178],[76.8606,10.8193],[76.8622,10.8184],[76.86401,10.81836],[76.8648,10.8169],[76.865,10.8136],[76.8706,10.8084],[76.878,10.8096],[76.8818,10.8089],[76.8853,10.8091],[76.8886,10.8102],[76.899,10.8087],[76.9009,10.8074],[76.9004,10.8009],[76.9014,10.8002],[76.9026,10.7975],[76.9027,10.795],[76.9004,10.7933],[76.8962,10.7911],[76.8899,10.789],[76.8888,10.7888],[76.884,10.7918],[76.8816,10.7916],[76.8795,10.7922],[76.8741,10.7897],[76.8706,10.7909],[76.868,10.7909],[76.8625,10.7899],[76.8611,10.7887],[76.8544,10.7862],[76.8462,10.7844],[76.8423,10.7819],[76.8404,10.7815],[76.8372,10.7815],[76.8305,10.7894]]]}},{"type":"Feature","properties":{"code":"20B18af","basin":"BARATHAPUZHA","areaHa":1496.97,"shedId":"RB20"},"geometry":{"type":"Polygon","coordinates":[[[76.8741,10.7897],[76.8693,10.7864],[76.8674,10.7837],[76.8613,10.7806],[76.855,10.776],[76.8506,10.7763],[76.8455,10.774],[76.8391,10.7731],[76.8339,10.7701],[76.83,10.7722],[76.8227,10.7736],[76.8118,10.7793],[76.809,10.7802],[76.8062,10.7822],[76.8043,10.7826],[76.8017,10.7847],[76.7976,10.7847],[76.7938,10.7877],[76.7898,10.7877],[76.7852,10.7897],[76.7811,10.7885],[76.7788,10.7857],[76.7753,10.7846],[76.7681,10.7855],[76.7638,10.7882],[76.7611,10.7889],[76.7517,10.7878],[76.7438,10.7836],[76.7406,10.7835],[76.7389,10.7826],[76.7378,10.783],[76.7369,10.7853],[76.7359,10.7854],[76.7375,10.7865],[76.7405,10.7871],[76.7428,10.7893],[76.7472,10.7908],[76.7492,10.791],[76.7506,10.79],[76.7517,10.79],[76.7524,10.7942],[76.7533,10.7948],[76.7607,10.7954],[76.7631,10.7942],[76.7666,10.7945],[76.7674,10.7941],[76.7678,10.7925],[76.7693,10.7914],[76.7714,10.793],[76.7762,10.792],[76.7762,10.794],[76.7767,10.7942],[76.7796,10.7925],[76.7849,10.7954],[76.7858,10.7951],[76.786,10.7928],[76.7882,10.7907],[76.7894,10.7906],[76.7921,10.7928],[76.7928,10.7924],[76.7933,10.7905],[76.7946,10.7901],[76.7974,10.7919],[76.8008,10.7922],[76.8034,10.7939],[76.8059,10.7919],[76.8071,10.7921],[76.8096,10.7944],[76.8121,10.7938],[76.8134,10.7967],[76.8152,10.7976],[76.818,10.7945],[76.8237,10.795],[76.8271,10.7907],[76.8305,10.7894],[76.8376,10.7814],[76.8423,10.7819],[76.8462,10.7844],[76.8586,10.7876],[76.8625,10.7899],[76.8699,10.791],[76.8741,10.7897]]]}},{"type":"Feature","properties":{"code":"20B18ag","basin":"BARATHAPUZHA","areaHa":1268.08,"shedId":"RB20"},"geometry":{"type":"Polygon","coordinates":[[[76.8382,10.7567],[76.8343,10.7585],[76.8335,10.7604],[76.8312,10.7606],[76.8307,10.7621],[76.8286,10.7619],[76.8256,10.7639],[76.8246,10.7653],[76.8236,10.7647],[76.8224,10.7657],[76.8209,10.7652],[76.8177,10.7654],[76.8154,10.7678],[76.8096,10.7676],[76.8065,10.7701],[76.8008,10.7705],[76.7963,10.7689],[76.7882,10.7696],[76.7836,10.7742],[76.7777,10.7748],[76.7768,10.7756],[76.7758,10.7789],[76.7728,10.7802],[76.7704,10.7825],[76.7691,10.7826],[76.7665,10.7813],[76.7647,10.7816],[76.7609,10.784],[76.7588,10.7845],[76.7553,10.7841],[76.7497,10.7867],[76.7526,10.788],[76.7611,10.7889],[76.7638,10.7882],[76.7681,10.7855],[76.7753,10.7846],[76.7788,10.7857],[76.7811,10.7885],[76.7852,10.7897],[76.7898,10.7877],[76.7938,10.7877],[76.7976,10.7847],[76.8017,10.7847],[76.8043,10.7826],[76.8062,10.7822],[76.809,10.7802],[76.8118,10.7793],[76.8227,10.7736],[76.83,10.7722],[76.8339,10.7701],[76.8391,10.7731],[76.8455,10.774],[76.8506,10.7763],[76.8546,10.776],[76.8499,10.7702],[76.8475,10.7654],[76.8435,10.7637],[76.839,10.7586],[76.8382,10.7567]]]}},{"type":"Feature","properties":{"code":"20B18ah","basin":"BARATHAPUZHA","areaHa":870.94,"shedId":"RB20"},"geometry":{"type":"Polygon","coordinates":[[[76.8432,10.759],[76.8395,10.7566],[76.8382,10.7567],[76.8395,10.7592],[76.8435,10.7637],[76.8475,10.7654],[76.8499,10.7702],[76.8546,10.776],[76.859,10.7785],[76.8613,10.7806],[76.8674,10.7837],[76.8693,10.7864],[76.8723,10.7887],[76.8795,10.7922],[76.8849,10.7915],[76.8888,10.7888],[76.8821,10.7836],[76.8819,10.7825],[76.8827,10.7815],[76.8832,10.7787],[76.88,10.7706],[76.8772,10.7691],[76.8742,10.7686],[76.871,10.7647],[76.8687,10.7632],[76.8647,10.7629],[76.8625,10.7619],[76.8614,10.761],[76.8603,10.7576],[76.8581,10.7584],[76.8562,10.76],[76.8523,10.759],[76.8494,10.76],[76.8476,10.7586],[76.8461,10.7599],[76.8432,10.759]]]}},{"type":"Feature","properties":{"code":"20B18ai","basin":"BARATHAPUZHA","areaHa":981.38,"shedId":"RB20"},"geometry":{"type":"Polygon","coordinates":[[[76.8773,10.7614],[76.8709,10.7592],[76.8697,10.7575],[76.8686,10.7588],[76.8649,10.76],[76.863,10.7591],[76.8618,10.7569],[76.8603,10.7576],[76.8614,10.761],[76.8625,10.7619],[76.8647,10.7629],[76.8687,10.7632],[76.871,10.7647],[76.8742,10.7686],[76.8772,10.7691],[76.88,10.7706],[76.8832,10.7787],[76.8827,10.7815],[76.8819,10.7825],[76.8826,10.7843],[76.8881,10.7885],[76.8962,10.7911],[76.9027,10.7951],[76.9054,10.7887],[76.9052,10.7865],[76.9068,10.7827],[76.9072,10.7784],[76.9053,10.7737],[76.9053,10.7722],[76.9032,10.7723],[76.9027,10.7717],[76.9022,10.7695],[76.9028,10.7681],[76.9015,10.7668],[76.9016,10.7653],[76.8998,10.7627],[76.8958,10.7616],[76.8932,10.7619],[76.8874,10.7577],[76.8849,10.7567],[76.884,10.7567],[76.8832,10.7578],[76.8775,10.7589],[76.877,10.7596],[76.8773,10.7614]]]}},{"type":"Feature","properties":{"code":"20B18aj","basin":"BARATHAPUZHA","areaHa":999.66,"shedId":"RB20"},"geometry":{"type":"Polygon","coordinates":[[[76.8954,10.7439],[76.8872,10.7492],[76.8818,10.7486],[76.8762,10.7447],[76.8723,10.744],[76.8624,10.7454],[76.8583,10.7494],[76.8572,10.7498],[76.8441,10.7466],[76.8384,10.7503],[76.836,10.7531],[76.8264,10.761],[76.8245,10.7622],[76.8185,10.764],[76.8177,10.7654],[76.8209,10.7652],[76.8224,10.7657],[76.8236,10.7647],[76.8246,10.7653],[76.8256,10.7639],[76.8286,10.7619],[76.8307,10.7621],[76.8312,10.7606],[76.8335,10.7604],[76.8343,10.7585],[76.8364,10.758],[76.8385,10.7565],[76.8455,10.7599],[76.8476,10.7586],[76.8494,10.76],[76.8523,10.759],[76.8562,10.76],[76.8581,10.7584],[76.8599,10.7581],[76.8614,10.7569],[76.8621,10.7571],[76.8635,10.7595],[76.8661,10.7599],[76.8686,10.7588],[76.8697,10.7575],[76.8709,10.7592],[76.8767,10.7614],[76.8775,10.7613],[76.877,10.76],[76.8775,10.7589],[76.8832,10.7578],[76.884,10.7567],[76.8849,10.7567],[76.8874,10.7577],[76.8932,10.7619],[76.8958,10.7616],[76.8998,10.7627],[76.9016,10.7653],[76.9015,10.7668],[76.9028,10.7681],[76.9047,10.7634],[76.9006,10.7559],[76.8962,10.7532],[76.8957,10.7504],[76.8961,10.746],[76.8954,10.7439]]]}},{"type":"Feature","properties":{"code":"20B18ak","basin":"BARATHAPUZHA","areaHa":1368.57,"shedId":"RB20"},"geometry":{"type":"Polygon","coordinates":[[[76.8954,10.7439],[76.8941,10.7427],[76.8935,10.7405],[76.8908,10.7382],[76.8884,10.7332],[76.8886,10.7288],[76.8899,10.7273],[76.891,10.7239],[76.8934,10.722],[76.8912,10.7185],[76.8908,10.7168],[76.8888,10.7168],[76.8865,10.7185],[76.8831,10.7175],[76.8818,10.7164],[76.88,10.7168],[76.8766,10.7182],[76.8756,10.7261],[76.8733,10.7264],[76.8705,10.7284],[76.8672,10.7272],[76.8649,10.7278],[76.8627,10.7303],[76.8585,10.7317],[76.8573,10.7343],[76.8546,10.7352],[76.8509,10.7397],[76.8491,10.7404],[76.8416,10.7397],[76.8393,10.7408],[76.8367,10.7435],[76.8324,10.7458],[76.8298,10.7489],[76.8243,10.7492],[76.8212,10.7556],[76.8209,10.7606],[76.8185,10.764],[76.8254,10.7617],[76.836,10.7531],[76.8384,10.7503],[76.8441,10.7466],[76.8572,10.7498],[76.8583,10.7494],[76.8624,10.7454],[76.8723,10.744],[76.8762,10.7447],[76.8818,10.7486],[76.8872,10.7492],[76.8944,10.7449],[76.8954,10.7439]]]}},{"type":"Feature","properties":{"code":"20B18al","basin":"BARATHAPUZHA","areaHa":1252.91,"shedId":"RB20"},"geometry":{"type":"Polygon","coordinates":[[[76.8818,10.7164],[76.8778,10.7095],[76.8751,10.7062],[76.8727,10.7007],[76.8682,10.6949],[76.8675,10.6945],[76.8583,10.6965],[76.8553,10.6995],[76.8546,10.7016],[76.8525,10.704],[76.8512,10.7047],[76.8486,10.7047],[76.8488,10.709],[76.8514,10.7153],[76.8501,10.7205],[76.8374,10.7361],[76.8363,10.7393],[76.8342,10.7418],[76.8339,10.7435],[76.8344,10.7448],[76.8367,10.7435],[76.8393,10.7408],[76.8416,10.7397],[76.8463,10.7404],[76.8491,10.7404],[76.8509,10.7397],[76.8546,10.7352],[76.8573,10.7343],[76.8585,10.7317],[76.8627,10.7303],[76.8649,10.7278],[76.8672,10.7272],[76.8705,10.7284],[76.8733,10.7264],[76.8756,10.7261],[76.8766,10.7182],[76.8818,10.7164]]]}},{"type":"Feature","properties":{"code":"20B18am","basin":"BARATHAPUZHA","areaHa":1887.33,"shedId":"RB20"},"geometry":{"type":"Polygon","coordinates":[[[76.8488,10.709],[76.8457,10.7134],[76.8437,10.7149],[76.8304,10.7211],[76.8254,10.7264],[76.8246,10.7282],[76.8248,10.7294],[76.8262,10.7309],[76.827,10.7335],[76.8249,10.7374],[76.8178,10.738],[76.8163,10.739],[76.8145,10.742],[76.81,10.7466],[76.8016,10.7484],[76.8005,10.749],[76.8,10.7505],[76.796,10.7531],[76.7888,10.7538],[76.7711,10.7719],[76.7682,10.7734],[76.7626,10.7744],[76.7575,10.7773],[76.7548,10.7811],[76.7549,10.7842],[76.7588,10.7845],[76.7609,10.784],[76.7632,10.7821],[76.7665,10.7813],[76.7691,10.7826],[76.7704,10.7825],[76.7728,10.7802],[76.7758,10.7789],[76.7768,10.7756],[76.7777,10.7748],[76.7836,10.7742],[76.7882,10.7696],[76.7963,10.7689],[76.7997,10.7703],[76.8023,10.7705],[76.8065,10.7701],[76.8096,10.7676],[76.8154,10.7678],[76.8209,10.7606],[76.8212,10.7556],[76.8239,10.7497],[76.8253,10.7488],[76.8298,10.7489],[76.8318,10.7463],[76.8344,10.7448],[76.8339,10.7435],[76.8342,10.7418],[76.8363,10.7393],[76.8374,10.7361],[76.8501,10.7205],[76.8512,10.7143],[76.8488,10.709]]]}},{"type":"Feature","properties":{"code":"20B18an","basin":"BARATHAPUZHA","areaHa":1692.96,"shedId":"RB20"},"geometry":{"type":"Polygon","coordinates":[[[76.796,10.7471],[76.7905,10.7462],[76.7873,10.7448],[76.7778,10.7434],[76.7751,10.7441],[76.774,10.745],[76.7711,10.7486],[76.7703,10.7508],[76.7639,10.7571],[76.7565,10.7584],[76.7509,10.7608],[76.7498,10.7569],[76.7405,10.7585],[76.7391,10.7635],[76.7315,10.7677],[76.7256,10.7745],[76.7233,10.7761],[76.7187,10.7855],[76.7188,10.7863],[76.7196,10.7876],[76.729,10.7868],[76.7306,10.7862],[76.733,10.7835],[76.7343,10.7837],[76.7364,10.7854],[76.7372,10.7849],[76.7382,10.7826],[76.7406,10.7835],[76.7438,10.7836],[76.7497,10.7867],[76.7542,10.7846],[76.7549,10.7842],[76.7548,10.7811],[76.7575,10.7773],[76.7626,10.7744],[76.7682,10.7734],[76.7711,10.7719],[76.7888,10.7538],[76.796,10.7531],[76.8002,10.7503],[76.7989,10.7486],[76.796,10.7471]]]}},{"type":"Feature","properties":{"code":"20B18ao","basin":"BARATHAPUZHA","areaHa":3617.31,"shedId":"RB20"},"geometry":{"type":"Polygon","coordinates":[[[76.7068,10.7591],[76.7033,10.7602],[76.7008,10.7619],[76.6917,10.771],[76.6898,10.772],[76.6786,10.7725],[76.6741,10.7712],[76.6697,10.7669],[76.6623,10.7663],[76.6608,10.7664],[76.6578,10.7706],[76.6555,10.7721],[76.6518,10.7728],[76.6376,10.7734],[76.6377,10.7771],[76.6358,10.7813],[76.6364,10.7862],[76.6426,10.7898],[76.6436,10.7925],[76.6446,10.7932],[76.6497,10.7952],[76.6526,10.8007],[76.6535,10.8013],[76.6583,10.8025],[76.6603,10.8036],[76.6636,10.804],[76.6678,10.8069],[76.6707,10.8061],[76.6721,10.8031],[76.6733,10.8023],[76.6802,10.8038],[76.6843,10.8051],[76.6869,10.8068],[76.6921,10.8068],[76.6946,10.8111],[76.6969,10.8116],[76.6986,10.8103],[76.6998,10.8047],[76.7013,10.8024],[76.7034,10.8015],[76.7091,10.802],[76.7114,10.7993],[76.7143,10.7981],[76.7167,10.7961],[76.7191,10.7927],[76.7189,10.7884],[76.7196,10.7876],[76.7187,10.7855],[76.722,10.7795],[76.7227,10.7769],[76.7277,10.7723],[76.731,10.7681],[76.7391,10.7635],[76.7405,10.7585],[76.7293,10.7616],[76.7211,10.7591],[76.7167,10.7598],[76.7128,10.7584],[76.7068,10.7591]]]}},{"type":"Feature","properties":{"code":"20B18ap","basin":"BARATHAPUZHA","areaHa":979.89,"shedId":"RB20"},"geometry":{"type":"Polygon","coordinates":[[[76.6375,10.7735],[76.6352,10.7747],[76.6339,10.7774],[76.6294,10.776],[76.6264,10.7767],[76.6211,10.7798],[76.6176,10.779],[76.6145,10.7802],[76.6088,10.78],[76.6048,10.7824],[76.6017,10.7831],[76.5993,10.7868],[76.5951,10.7865],[76.5918,10.7878],[76.5856,10.7881],[76.58,10.7863],[76.5745,10.7883],[76.5715,10.7883],[76.5695,10.79],[76.5674,10.7908],[76.5627,10.7914],[76.5583,10.79],[76.557,10.7938],[76.5619,10.7985],[76.5726,10.7975],[76.5765,10.7998],[76.5791,10.8001],[76.5945,10.7982],[76.6027,10.7963],[76.6114,10.7933],[76.6172,10.7886],[76.6227,10.7875],[76.6265,10.7842],[76.6364,10.7862],[76.6358,10.7813],[76.6377,10.7771],[76.6375,10.7735]]]}},{"type":"Feature","properties":{"code":"20B18b","basin":"BARATHAPUZHA","areaHa":1317.36,"shedId":"RB20"},"geometry":{"type":"Polygon","coordinates":[[[76.5945,10.7982],[76.5791,10.8001],[76.5765,10.7998],[76.5726,10.7975],[76.5661,10.7979],[76.5638,10.7986],[76.5626,10.8072],[76.563,10.8113],[76.5615,10.8198],[76.5598,10.8219],[76.5518,10.8238],[76.5521,10.8286],[76.553,10.8308],[76.555,10.8325],[76.5608,10.8333],[76.5619,10.8343],[76.5635,10.8379],[76.5685,10.8366],[76.5722,10.8339],[76.5768,10.8397],[76.5776,10.839],[76.5804,10.8388],[76.583,10.8342],[76.5878,10.831],[76.5844,10.827],[76.5837,10.8218],[76.5842,10.8196],[76.5857,10.8178],[76.5904,10.8158],[76.591,10.815],[76.5916,10.8079],[76.5942,10.803],[76.5945,10.7982]]]}},{"type":"Feature","properties":{"code":"20B18c","basin":"BARATHAPUZHA","areaHa":627.02,"shedId":"RB20"},"geometry":{"type":"Polygon","coordinates":[[[76.6027,10.7963],[76.5945,10.7982],[76.5942,10.803],[76.5916,10.8079],[76.5908,10.8155],[76.5857,10.8178],[76.5839,10.8205],[76.5844,10.827],[76.5878,10.831],[76.6025,10.8267],[76.6076,10.8244],[76.6065,10.8197],[76.6084,10.8169],[76.6078,10.8105],[76.6026,10.8002],[76.6027,10.7963]]]}},{"type":"Feature","properties":{"code":"20B18d","basin":"BARATHAPUZHA","areaHa":289.79,"shedId":"RB20"},"geometry":{"type":"Polygon","coordinates":[[[76.6039,10.7958],[76.6027,10.7963],[76.6026,10.8002],[76.6062,10.8065],[76.6083,10.8124],[76.6084,10.8169],[76.6065,10.8197],[76.6076,10.8244],[76.611,10.8234],[76.6153,10.8209],[76.6211,10.8186],[76.6227,10.8166],[76.6227,10.8145],[76.6212,10.8122],[76.6199,10.8131],[76.6183,10.8128],[76.617,10.8112],[76.6162,10.8079],[76.6144,10.8051],[76.6108,10.8039],[76.6039,10.7958]]]}},{"type":"Feature","properties":{"code":"20B18e","basin":"BARATHAPUZHA","areaHa":1283.16,"shedId":"RB20"},"geometry":{"type":"Polygon","coordinates":[[[76.6212,10.8206],[76.623,10.8185],[76.6227,10.8166],[76.6206,10.8189],[76.6153,10.8209],[76.611,10.8234],[76.6025,10.8267],[76.587,10.8311],[76.583,10.8342],[76.5804,10.8388],[76.5773,10.8391],[76.5768,10.8397],[76.5798,10.8454],[76.5801,10.8474],[76.5778,10.8511],[76.5799,10.8546],[76.5801,10.8569],[76.5815,10.8601],[76.5826,10.8611],[76.5865,10.8601],[76.593,10.86],[76.5969,10.8588],[76.598,10.8598],[76.6002,10.8641],[76.6026,10.8647],[76.6064,10.8645],[76.6045,10.8585],[76.6049,10.8551],[76.607,10.8484],[76.6103,10.8429],[76.615,10.8379],[76.6191,10.8363],[76.6165,10.8323],[76.6165,10.8286],[76.618,10.8275],[76.6186,10.8251],[76.6213,10.8221],[76.6212,10.8206]]]}},{"type":"Feature","properties":{"code":"20B18f","basin":"BARATHAPUZHA","areaHa":1417.99,"shedId":"RB20"},"geometry":{"type":"Polygon","coordinates":[[[76.6263,10.8642],[76.6431,10.8582],[76.6474,10.8545],[76.6488,10.8512],[76.6436,10.8488],[76.6394,10.8435],[76.6358,10.8419],[76.632,10.8434],[76.6272,10.8366],[76.6223,10.836],[76.6168,10.837],[76.615,10.8379],[76.6103,10.8429],[76.607,10.8484],[76.6049,10.8551],[76.6045,10.8591],[76.6067,10.8649],[76.6071,10.872],[76.6039,10.8821],[76.5985,10.8891],[76.5984,10.89],[76.6056,10.8949],[76.6146,10.8772],[76.6153,10.8743],[76.6216,10.8695],[76.625,10.8665],[76.6263,10.8642]]]}},{"type":"Feature","properties":{"code":"20B18g","basin":"BARATHAPUZHA","areaHa":1307.86,"shedId":"RB20"},"geometry":{"type":"Polygon","coordinates":[[[76.6039,10.7958],[76.6108,10.8039],[76.6144,10.8051],[76.6162,10.8079],[76.617,10.8112],[76.6183,10.8128],[76.6199,10.8131],[76.6212,10.8122],[76.6225,10.8137],[76.623,10.8185],[76.6212,10.8203],[76.6215,10.8217],[76.6186,10.8251],[76.618,10.8275],[76.6165,10.8286],[76.6165,10.8323],[76.6191,10.8363],[76.6253,10.8361],[76.6272,10.8366],[76.632,10.8434],[76.6358,10.8419],[76.6394,10.8435],[76.6436,10.8488],[76.6488,10.8512],[76.657,10.8467],[76.6558,10.8441],[76.6551,10.8386],[76.6525,10.8338],[76.6535,10.831],[76.6536,10.8284],[76.6497,10.827],[76.6456,10.8236],[76.6428,10.8228],[76.6388,10.8167],[76.6357,10.8137],[76.6328,10.8094],[76.6254,10.8067],[76.6222,10.8038],[76.6191,10.8038],[76.6172,10.801],[76.6099,10.7939],[76.6039,10.7958]]]}},{"type":"Feature","properties":{"code":"20B18h","basin":"BARATHAPUZHA","areaHa":1579.71,"shedId":"RB20"},"geometry":{"type":"Polygon","coordinates":[[[76.635,10.7857],[76.626,10.7844],[76.6227,10.7875],[76.6177,10.7883],[76.6099,10.7939],[76.6172,10.801],[76.6191,10.8038],[76.6222,10.8038],[76.6254,10.8067],[76.6328,10.8094],[76.6357,10.8137],[76.6388,10.8167],[76.6428,10.8228],[76.6456,10.8236],[76.6497,10.827],[76.6536,10.8284],[76.6564,10.8241],[76.66,10.8248],[76.6617,10.8221],[76.6654,10.8213],[76.6661,10.8197],[76.6679,10.8184],[76.673,10.8197],[76.677,10.8156],[76.6757,10.8107],[76.6745,10.8106],[76.6722,10.8119],[76.6698,10.8114],[76.6662,10.8078],[76.6649,10.8048],[76.6526,10.8007],[76.6497,10.7952],[76.6436,10.7925],[76.6426,10.7898],[76.639,10.7873],[76.635,10.7857]]]}},{"type":"Feature","properties":{"code":"20B18i","basin":"BARATHAPUZHA","areaHa":557.62,"shedId":"RB20"},"geometry":{"type":"Polygon","coordinates":[[[76.6595,10.825],[76.6571,10.8241],[76.6559,10.8244],[76.6538,10.8276],[76.6535,10.831],[76.6525,10.8333],[76.6551,10.8386],[76.6558,10.8441],[76.657,10.8467],[76.6593,10.8464],[76.662,10.845],[76.6697,10.8405],[76.6719,10.8384],[76.6744,10.8338],[76.6738,10.8311],[76.6745,10.8274],[76.6774,10.8253],[76.6794,10.8248],[76.6797,10.8228],[76.6778,10.8193],[76.677,10.8156],[76.673,10.8197],[76.6679,10.8184],[76.6661,10.8197],[76.6654,10.8213],[76.6617,10.8221],[76.661,10.8239],[76.6595,10.825]]]}},{"type":"Feature","properties":{"code":"20B18j","basin":"BARATHAPUZHA","areaHa":382.78,"shedId":"RB20"},"geometry":{"type":"Polygon","coordinates":[[[76.684,10.8289],[76.6801,10.8264],[76.6794,10.8248],[76.6755,10.8265],[76.6745,10.8274],[76.6741,10.829],[76.6738,10.8311],[76.6744,10.8338],[76.6719,10.8384],[76.6704,10.8399],[76.662,10.845],[76.6593,10.8464],[76.657,10.8467],[76.6488,10.8512],[76.6474,10.8545],[76.6459,10.856],[76.649,10.8602],[76.6567,10.8575],[76.6588,10.8552],[76.6615,10.8544],[76.6634,10.8521],[76.6664,10.851],[76.6682,10.8494],[76.6687,10.8487],[76.6683,10.8468],[76.6703,10.845],[76.6741,10.8434],[76.676,10.8396],[76.6781,10.8371],[76.6783,10.8351],[76.6828,10.8318],[76.684,10.8289]]]}},{"type":"Feature","properties":{"code":"20B18k","basin":"BARATHAPUZHA","areaHa":836.02,"shedId":"RB20"},"geometry":{"type":"Polygon","coordinates":[[[76.6464,10.8669],[76.6516,10.8623],[76.6488,10.862],[76.649,10.8602],[76.6459,10.856],[76.6411,10.8591],[76.6268,10.8638],[76.625,10.8665],[76.6151,10.8746],[76.6146,10.8772],[76.6056,10.8949],[76.6053,10.8982],[76.6102,10.9013],[76.6145,10.9014],[76.6175,10.899],[76.6192,10.8992],[76.6193,10.8998],[76.6207,10.8983],[76.6204,10.8942],[76.6224,10.8865],[76.6288,10.8811],[76.6344,10.8742],[76.6381,10.8714],[76.6407,10.8706],[76.6421,10.8692],[76.6464,10.8669]]]}},{"type":"Feature","properties":{"code":"20B18l","basin":"BARATHAPUZHA","areaHa":426.5,"shedId":"RB20"},"geometry":{"type":"Polygon","coordinates":[[[76.6549,10.8707],[76.653,10.8711],[76.6527,10.8705],[76.6539,10.8685],[76.6529,10.8674],[76.653,10.866],[76.6519,10.8643],[76.6516,10.8623],[76.6464,10.8669],[76.636,10.8729],[76.6326,10.8758],[76.6288,10.8811],[76.6224,10.8865],[76.6204,10.8942],[76.6207,10.8983],[76.624,10.8946],[76.6297,10.8921],[76.635,10.8879],[76.6353,10.8838],[76.6366,10.8804],[76.6399,10.8795],[76.643,10.8803],[76.6441,10.88],[76.6468,10.8761],[76.6502,10.8762],[76.6523,10.8751],[76.655,10.8718],[76.6549,10.8707]]]}},{"type":"Feature","properties":{"code":"20B18m","basin":"BARATHAPUZHA","areaHa":1178.07,"shedId":"RB20"},"geometry":{"type":"Polygon","coordinates":[[[76.6566,10.8728],[76.656,10.8723],[76.656,10.8702],[76.6581,10.8672],[76.6611,10.8656],[76.6608,10.8648],[76.6584,10.8661],[76.6566,10.8653],[76.6564,10.8683],[76.6549,10.8707],[76.655,10.8718],[76.6523,10.8751],[76.6502,10.8762],[76.6468,10.8761],[76.6437,10.8802],[76.6399,10.8795],[76.6366,10.8804],[76.6353,10.8838],[76.635,10.8879],[76.6297,10.8921],[76.624,10.8946],[76.6193,10.8998],[76.6189,10.9028],[76.621,10.9074],[76.6215,10.9107],[76.6232,10.9153],[76.6316,10.9144],[76.6394,10.9125],[76.6487,10.9074],[76.6497,10.9063],[76.6515,10.9059],[76.653,10.9043],[76.6542,10.901],[76.6539,10.8987],[76.6559,10.8955],[76.657,10.8914],[76.6562,10.8886],[76.6569,10.8849],[76.6553,10.8796],[76.6571,10.8743],[76.6573,10.8725],[76.6566,10.8728]]]}},{"type":"Feature","properties":{"code":"20B18n","basin":"BARATHAPUZHA","areaHa":2721.14,"shedId":"RB20"},"geometry":{"type":"Polygon","coordinates":[[[76.689,10.9137],[76.6831,10.9008],[76.6835,10.8984],[76.6825,10.8957],[76.6783,10.8908],[76.6806,10.8799],[76.68,10.8738],[76.6804,10.8673],[76.6798,10.8637],[76.678,10.8603],[76.6766,10.8611],[76.6771,10.8631],[76.6751,10.8629],[76.6754,10.8638],[76.6771,10.8649],[76.6771,10.8659],[76.6738,10.8666],[76.6728,10.8662],[76.6718,10.868],[76.6711,10.8682],[76.6692,10.8676],[76.6672,10.8657],[76.6663,10.8663],[76.6657,10.8706],[76.6643,10.8709],[76.6625,10.8688],[76.6617,10.8697],[76.6616,10.8721],[76.6584,10.8716],[76.6573,10.8725],[76.6553,10.8794],[76.6569,10.8849],[76.6562,10.8882],[76.657,10.891],[76.6567,10.8935],[76.6542,10.8978],[76.6542,10.901],[76.6526,10.9048],[76.6394,10.9125],[76.6316,10.9144],[76.6233,10.9153],[76.6227,10.9198],[76.6257,10.9251],[76.6287,10.934],[76.631,10.9354],[76.6334,10.9391],[76.6376,10.9362],[76.6445,10.9348],[76.6493,10.9348],[76.6543,10.9355],[76.6565,10.9364],[76.6593,10.9311],[76.6619,10.9302],[76.6647,10.9267],[76.6693,10.9232],[76.6781,10.9174],[76.687,10.9149],[76.689,10.9137]]]}},{"type":"Feature","properties":{"code":"20B18o","basin":"BARATHAPUZHA","areaHa":593.71,"shedId":"RB20"},"geometry":{"type":"Polygon","coordinates":[[[76.6891,10.8945],[76.6904,10.8889],[76.6902,10.8808],[76.6909,10.8737],[76.6923,10.8689],[76.6971,10.8639],[76.7009,10.8625],[76.7012,10.8611],[76.7005,10.8593],[76.6952,10.8543],[76.6937,10.8566],[76.6914,10.8572],[76.6883,10.8566],[76.6875,10.8532],[76.6865,10.8539],[76.6875,10.8574],[76.6833,10.8613],[76.6818,10.8603],[76.68,10.8605],[76.6791,10.8587],[76.6775,10.859],[76.6798,10.8637],[76.6804,10.8673],[76.68,10.8738],[76.6806,10.8808],[76.6783,10.8908],[76.6825,10.8957],[76.6835,10.8984],[76.6891,10.8945]]]}},{"type":"Feature","properties":{"code":"20B18p","basin":"BARATHAPUZHA","areaHa":578.36,"shedId":"RB20"},"geometry":{"type":"Polygon","coordinates":[[[76.7094,10.8533],[76.7074,10.8527],[76.7064,10.8534],[76.7044,10.8526],[76.7019,10.8562],[76.7013,10.8556],[76.7016,10.8535],[76.701,10.8524],[76.7003,10.8525],[76.7011,10.8543],[76.7008,10.855],[76.6991,10.8542],[76.6977,10.8544],[76.6972,10.8529],[76.6949,10.8514],[76.695,10.8487],[76.693,10.8491],[76.6952,10.8543],[76.7005,10.8593],[76.7012,10.8615],[76.7002,10.8631],[76.6967,10.8642],[76.6923,10.8689],[76.6909,10.8737],[76.6902,10.8808],[76.6904,10.8889],[76.689,10.8946],[76.6929,10.8951],[76.6983,10.8919],[76.6992,10.8906],[76.6999,10.8891],[76.6997,10.8853],[76.7042,10.8777],[76.7048,10.8731],[76.7086,10.8677],[76.7085,10.8629],[76.7103,10.8566],[76.7094,10.8533]]]}},{"type":"Feature","properties":{"code":"20B18q","basin":"BARATHAPUZHA","areaHa":1275.75,"shedId":"RB20"},"geometry":{"type":"Polygon","coordinates":[[[76.711,10.9087],[76.7142,10.904],[76.7182,10.9011],[76.7199,10.8976],[76.7268,10.8918],[76.7268,10.89],[76.7251,10.8875],[76.7228,10.886],[76.7179,10.8783],[76.716,10.8741],[76.7152,10.8678],[76.7127,10.8643],[76.7138,10.8544],[76.7109,10.8505],[76.7102,10.8486],[76.7092,10.8505],[76.71,10.8518],[76.7091,10.8529],[76.7103,10.8566],[76.7085,10.8629],[76.7086,10.8677],[76.7048,10.8731],[76.7042,10.8777],[76.6997,10.8853],[76.6999,10.8891],[76.699,10.891],[76.6929,10.8951],[76.689,10.8946],[76.6836,10.8982],[76.6831,10.9008],[76.689,10.9137],[76.6969,10.9101],[76.7091,10.9098],[76.711,10.9087]]]}},{"type":"Feature","properties":{"code":"20B18r","basin":"BARATHAPUZHA","areaHa":685.9,"shedId":"RB20"},"geometry":{"type":"Polygon","coordinates":[[[76.7271,10.8579],[76.7257,10.8586],[76.7244,10.8581],[76.7244,10.8558],[76.7231,10.8551],[76.7234,10.8532],[76.7224,10.8524],[76.7226,10.851],[76.7203,10.8499],[76.7206,10.8477],[76.7188,10.8462],[76.7204,10.8433],[76.7202,10.8427],[76.7183,10.8432],[76.7168,10.8446],[76.7159,10.851],[76.7142,10.8503],[76.7139,10.8518],[76.7132,10.8519],[76.7124,10.8506],[76.7126,10.8486],[76.7105,10.8486],[76.7109,10.8505],[76.7138,10.8544],[76.7127,10.8643],[76.7152,10.8678],[76.716,10.8741],[76.7179,10.8783],[76.7228,10.886],[76.7251,10.8875],[76.7267,10.8896],[76.7268,10.8918],[76.732,10.8882],[76.7384,10.8821],[76.7307,10.8718],[76.7277,10.8634],[76.7271,10.8579]]]}},{"type":"Feature","properties":{"code":"20B18s","basin":"BARATHAPUZHA","areaHa":2687.84,"shedId":"RB20"},"geometry":{"type":"Polygon","coordinates":[[[76.7779,10.8425],[76.763,10.8414],[76.7609,10.8393],[76.7554,10.8363],[76.7533,10.8356],[76.75,10.8358],[76.749,10.8369],[76.7454,10.8383],[76.7434,10.8418],[76.743,10.8443],[76.7438,10.8458],[76.742,10.851],[76.7336,10.8512],[76.7316,10.8503],[76.7296,10.8483],[76.7262,10.8479],[76.7279,10.8511],[76.7284,10.8546],[76.7298,10.8562],[76.7273,10.8579],[76.7277,10.8634],[76.7293,10.8684],[76.7312,10.8726],[76.7384,10.8821],[76.732,10.8882],[76.7262,10.892],[76.7202,10.8973],[76.7182,10.9011],[76.714,10.9042],[76.7132,10.9065],[76.7161,10.9074],[76.7175,10.9055],[76.7247,10.9005],[76.7339,10.8964],[76.7381,10.8954],[76.7399,10.8941],[76.7411,10.8901],[76.7471,10.8917],[76.7527,10.89429],[76.754,10.8887],[76.7585,10.8853],[76.7601,10.8808],[76.7645,10.8775],[76.7665,10.874],[76.7698,10.8723],[76.777,10.8713],[76.7808,10.8698],[76.783,10.8674],[76.7852,10.8636],[76.7852,10.862],[76.783,10.8587],[76.7842,10.8545],[76.7791,10.8503],[76.7782,10.8488],[76.7779,10.8425]]]}},{"type":"Feature","properties":{"code":"20B18t","basin":"BARATHAPUZHA","areaHa":815.56,"shedId":"RB20"},"geometry":{"type":"Polygon","coordinates":[[[76.7491,10.8303],[76.7473,10.8247],[76.7416,10.8192],[76.7394,10.8182],[76.7373,10.8191],[76.7232,10.8208],[76.7222,10.8219],[76.7245,10.8225],[76.7255,10.8252],[76.7202,10.8257],[76.7238,10.8271],[76.7238,10.8285],[76.7227,10.829],[76.7201,10.8287],[76.7188,10.8297],[76.7143,10.8294],[76.7135,10.8305],[76.7143,10.832],[76.7156,10.8306],[76.7173,10.8302],[76.7188,10.8342],[76.7205,10.8349],[76.7272,10.8355],[76.7278,10.8387],[76.727,10.8409],[76.7291,10.8423],[76.7296,10.8435],[76.7292,10.844],[76.7273,10.8434],[76.7248,10.8442],[76.7248,10.8456],[76.7262,10.8479],[76.7296,10.8483],[76.7316,10.8503],[76.7336,10.8512],[76.7405,10.8512],[76.742,10.851],[76.7427,10.85],[76.7438,10.8458],[76.743,10.843],[76.745,10.8388],[76.7495,10.8364],[76.7491,10.8303]]]}},{"type":"Feature","properties":{"code":"20B18u","basin":"BARATHAPUZHA","areaHa":1082.07,"shedId":"RB20"},"geometry":{"type":"Polygon","coordinates":[[[76.7027,10.8016],[76.7013,10.8024],[76.6998,10.8047],[76.6986,10.8103],[76.696,10.8118],[76.6946,10.8111],[76.6921,10.8068],[76.6869,10.8068],[76.6843,10.8051],[76.6754,10.8027],[76.6725,10.8026],[76.6713,10.8054],[76.6689,10.807],[76.6668,10.8064],[76.6649,10.8048],[76.6662,10.8078],[76.6698,10.8114],[76.6722,10.8119],[76.6745,10.8106],[76.6761,10.811],[76.6778,10.8193],[76.6797,10.8228],[76.6794,10.8255],[76.6818,10.8279],[76.684,10.8289],[76.6847,10.8272],[76.6878,10.8264],[76.6892,10.8243],[76.6918,10.8233],[76.6936,10.8213],[76.6959,10.8217],[76.6965,10.8234],[76.7037,10.8217],[76.711,10.8225],[76.7142,10.8218],[76.715,10.8225],[76.715,10.824],[76.7164,10.8238],[76.7179,10.8222],[76.7222,10.8219],[76.723,10.8209],[76.7221,10.8185],[76.7224,10.8164],[76.7248,10.8133],[76.7242,10.8078],[76.718,10.804],[76.7074,10.8047],[76.7061,10.8034],[76.7059,10.802],[76.7027,10.8016]]]}},{"type":"Feature","properties":{"code":"20B18v","basin":"BARATHAPUZHA","areaHa":1252.39,"shedId":"RB20"},"geometry":{"type":"Polygon","coordinates":[[[76.7071,10.8045],[76.7111,10.8048],[76.7172,10.8038],[76.7215,10.8057],[76.7242,10.8078],[76.7248,10.8133],[76.7227,10.8157],[76.7221,10.8176],[76.723,10.8209],[76.7373,10.8191],[76.7394,10.8182],[76.7412,10.8189],[76.7479,10.8258],[76.7496,10.832],[76.7495,10.8359],[76.7533,10.8356],[76.754,10.8336],[76.7538,10.8304],[76.7545,10.8257],[76.7563,10.8228],[76.7581,10.822],[76.7585,10.8198],[76.7604,10.8173],[76.761,10.8138],[76.7607,10.8112],[76.7589,10.8082],[76.7552,10.8046],[76.7526,10.8056],[76.7503,10.8054],[76.7469,10.8024],[76.7462,10.7992],[76.7444,10.7976],[76.7395,10.7966],[76.7325,10.7925],[76.7299,10.7918],[76.7193,10.791],[76.7188,10.7934],[76.7154,10.7974],[76.7114,10.7993],[76.7091,10.802],[76.7059,10.802],[76.7061,10.8034],[76.7071,10.8045]]]}},{"type":"Feature","properties":{"code":"20B18w","basin":"BARATHAPUZHA","areaHa":361.87,"shedId":"RB20"},"geometry":{"type":"Polygon","coordinates":[[[76.7549,10.8037],[76.7562,10.8017],[76.7564,10.7999],[76.7524,10.7942],[76.7519,10.7902],[76.7513,10.7898],[76.7492,10.791],[76.7443,10.7899],[76.7428,10.7893],[76.7405,10.7871],[76.7371,10.7863],[76.7337,10.7835],[76.7324,10.7838],[76.7299,10.7866],[76.7204,10.7873],[76.7191,10.7879],[76.7193,10.791],[76.7299,10.7918],[76.7325,10.7925],[76.7395,10.7966],[76.7444,10.7976],[76.7462,10.7992],[76.7469,10.8024],[76.7503,10.8054],[76.7532,10.8054],[76.7552,10.8046],[76.7549,10.8037]]]}},{"type":"Feature","properties":{"code":"20B18x","basin":"BARATHAPUZHA","areaHa":764.36,"shedId":"RB20"},"geometry":{"type":"Polygon","coordinates":[[[76.7753,10.8421],[76.7773,10.8291],[76.774,10.8252],[76.7735,10.8203],[76.7714,10.8173],[76.7702,10.8119],[76.7677,10.8061],[76.7636,10.8028],[76.7623,10.8008],[76.7594,10.8001],[76.7586,10.7984],[76.7561,10.7966],[76.7552,10.795],[76.7533,10.7948],[76.7564,10.7999],[76.7562,10.8017],[76.7549,10.8034],[76.7552,10.8046],[76.7589,10.8082],[76.7607,10.8112],[76.761,10.8138],[76.7604,10.8173],[76.7585,10.8198],[76.7581,10.822],[76.7563,10.8228],[76.7545,10.8257],[76.7538,10.8304],[76.754,10.8336],[76.7533,10.8356],[76.759,10.8381],[76.763,10.8414],[76.7686,10.8415],[76.7737,10.8425],[76.7753,10.8421]]]}},{"type":"Feature","properties":{"code":"20B18y","basin":"BARATHAPUZHA","areaHa":700.45,"shedId":"RB20"},"geometry":{"type":"Polygon","coordinates":[[[76.7807,10.8415],[76.7846,10.8372],[76.7867,10.8334],[76.7921,10.8285],[76.792,10.825],[76.7883,10.8194],[76.7878,10.817],[76.7864,10.8151],[76.7821,10.8118],[76.781,10.8091],[76.778,10.8079],[76.777,10.8033],[76.7756,10.8013],[76.7662,10.7986],[76.7655,10.7978],[76.7654,10.7945],[76.7631,10.7942],[76.7607,10.7954],[76.7582,10.7948],[76.7552,10.795],[76.7561,10.7966],[76.7586,10.7984],[76.7594,10.8001],[76.7623,10.8008],[76.7636,10.8028],[76.7677,10.8061],[76.7702,10.8119],[76.7714,10.8173],[76.7735,10.8203],[76.774,10.8252],[76.7773,10.8291],[76.7751,10.8424],[76.7779,10.8425],[76.7807,10.8415]]]}},{"type":"Feature","properties":{"code":"20B18z","basin":"BARATHAPUZHA","areaHa":2608.59,"shedId":"RB20"},"geometry":{"type":"Polygon","coordinates":[[[76.823,10.8104],[76.8187,10.8121],[76.8147,10.8101],[76.8142,10.807],[76.8162,10.7981],[76.8134,10.7967],[76.8121,10.7938],[76.8096,10.7944],[76.8067,10.7919],[76.8055,10.7921],[76.8045,10.7935],[76.8034,10.7939],[76.8008,10.7922],[76.7974,10.7919],[76.7952,10.7902],[76.7937,10.7901],[76.7921,10.7928],[76.789,10.7905],[76.786,10.7928],[76.7858,10.7951],[76.7849,10.7954],[76.7796,10.7925],[76.7767,10.7942],[76.7762,10.794],[76.7762,10.792],[76.7714,10.793],[76.7693,10.7914],[76.7678,10.7925],[76.7674,10.7941],[76.7654,10.7945],[76.7655,10.7978],[76.7662,10.7986],[76.7744,10.8008],[76.7761,10.8018],[76.777,10.8033],[76.778,10.8079],[76.781,10.8091],[76.7821,10.8118],[76.7867,10.8154],[76.7878,10.817],[76.7883,10.8194],[76.792,10.825],[76.7919,10.829],[76.7867,10.8334],[76.7846,10.8372],[76.78,10.8421],[76.7815,10.8424],[76.7834,10.8438],[76.7909,10.8451],[76.7959,10.8475],[76.8016,10.8473],[76.8117,10.8451],[76.8226,10.8445],[76.825,10.8449],[76.8266,10.843],[76.8298,10.8358],[76.8301,10.8319],[76.8292,10.8277],[76.8276,10.8251],[76.8274,10.8214],[76.8253,10.8191],[76.8239,10.811],[76.823,10.8104]]]}},{"type":"Feature","properties":{"code":"20B19a","basin":"BARATHAPUZHA","areaHa":256.03,"shedId":"RB20"},"geometry":{"type":"Polygon","coordinates":[[[76.5841,10.7789],[76.5829,10.7793],[76.5784,10.7769],[76.5757,10.7766],[76.5733,10.7789],[76.5702,10.7798],[76.5655,10.7838],[76.5613,10.786],[76.5593,10.7879],[76.5583,10.79],[76.5627,10.7914],[76.5674,10.7908],[76.5695,10.79],[76.5715,10.7883],[76.5745,10.7883],[76.58,10.7863],[76.5856,10.7881],[76.5845,10.786],[76.5847,10.7806],[76.5841,10.7789]]]}},{"type":"Feature","properties":{"code":"20B1a","basin":"BARATHAPUZHA","areaHa":65.26,"shedId":"RB20"},"geometry":{"type":"Polygon","coordinates":[[[76.03,10.833],[76.0347,10.834],[76.0358,10.8351],[76.0381,10.8404],[76.0393,10.845],[76.0421,10.8485],[76.0426,10.8474],[76.0397,10.8439],[76.0385,10.8383],[76.0326,10.8259],[76.0302,10.8257],[76.02892,10.82777],[76.03,10.833]]]}},{"type":"Feature","properties":{"code":"20B20a","basin":"BARATHAPUZHA","areaHa":1419.32,"shedId":"RB20"},"geometry":{"type":"Polygon","coordinates":[[[76.6231,10.7523],[76.6193,10.755],[76.6169,10.7553],[76.6141,10.7512],[76.6114,10.7488],[76.6102,10.7485],[76.6063,10.7568],[76.6017,10.7597],[76.597,10.7657],[76.5931,10.7663],[76.5879,10.7626],[76.5858,10.7637],[76.5842,10.767],[76.5836,10.7723],[76.5848,10.7775],[76.5842,10.7788],[76.5847,10.7806],[76.5843,10.7846],[76.5856,10.7881],[76.5918,10.7878],[76.5951,10.7865],[76.5993,10.7868],[76.6017,10.7831],[76.6048,10.7824],[76.6088,10.78],[76.6145,10.7802],[76.6176,10.779],[76.6211,10.7798],[76.6264,10.7767],[76.6294,10.776],[76.6339,10.7774],[76.6352,10.7747],[76.6375,10.7735],[76.6363,10.7704],[76.6323,10.765],[76.63,10.7593],[76.6252,10.7563],[76.6231,10.7523]]]}},{"type":"Feature","properties":{"code":"20B21a","basin":"BARATHAPUZHA","areaHa":1834.17,"shedId":"RB20"},"geometry":{"type":"Polygon","coordinates":[[[76.6708,10.7484],[76.6659,10.7462],[76.6512,10.7468],[76.6415,10.7485],[76.6309,10.7522],[76.6231,10.7523],[76.6252,10.7563],[76.63,10.7593],[76.6323,10.765],[76.6363,10.7704],[76.6375,10.7735],[76.6409,10.7729],[76.6518,10.7728],[76.6555,10.7721],[76.6578,10.7706],[76.6608,10.7664],[76.6623,10.7663],[76.6697,10.7669],[76.6741,10.7712],[76.6786,10.7725],[76.6846,10.7726],[76.6892,10.7719],[76.6917,10.771],[76.7008,10.7619],[76.7001,10.7595],[76.6966,10.7548],[76.6937,10.7531],[76.6898,10.7531],[76.6829,10.7452],[76.6756,10.7464],[76.6708,10.7484]]]}},{"type":"Feature","properties":{"code":"20B22a","basin":"BARATHAPUZHA","areaHa":1786.38,"shedId":"RB20"},"geometry":{"type":"Polygon","coordinates":[[[76.7575,10.7369],[76.7535,10.7352],[76.7517,10.7358],[76.7488,10.7381],[76.7472,10.7378],[76.745,10.7385],[76.7422,10.7376],[76.7388,10.7421],[76.735,10.7399],[76.7327,10.7414],[76.7298,10.7405],[76.7281,10.7377],[76.7266,10.7373],[76.7222,10.7401],[76.7189,10.7405],[76.7181,10.7422],[76.7157,10.743],[76.7127,10.7453],[76.7084,10.7448],[76.705,10.7434],[76.7023,10.7448],[76.6981,10.745],[76.6964,10.7474],[76.6904,10.7486],[76.6882,10.7479],[76.6861,10.7444],[76.6829,10.7452],[76.6898,10.7531],[76.6937,10.7531],[76.6966,10.7548],[76.7001,10.7595],[76.7008,10.7619],[76.7049,10.7595],[76.712,10.7584],[76.7159,10.7598],[76.7211,10.7591],[76.7276,10.7614],[76.7313,10.7614],[76.7405,10.7585],[76.7488,10.7569],[76.7498,10.7569],[76.7509,10.7608],[76.7565,10.7584],[76.7639,10.7571],[76.7703,10.7508],[76.7711,10.7486],[76.774,10.745],[76.7751,10.7441],[76.7781,10.7434],[76.7774,10.7407],[76.7687,10.7341],[76.7675,10.7351],[76.7666,10.7388],[76.765,10.7384],[76.762,10.7391],[76.7595,10.7385],[76.7575,10.7369]]]}},{"type":"Feature","properties":{"code":"20B22b","basin":"BARATHAPUZHA","areaHa":2981.63,"shedId":"RB20"},"geometry":{"type":"Polygon","coordinates":[[[76.8234,10.6932],[76.8128,10.6998],[76.8095,10.7038],[76.8075,10.7047],[76.8012,10.7055],[76.7993,10.7069],[76.7957,10.707],[76.7934,10.7097],[76.7796,10.7181],[76.7759,10.7195],[76.773,10.7222],[76.7683,10.7242],[76.7676,10.7247],[76.7674,10.7289],[76.7661,10.7311],[76.7662,10.7321],[76.7774,10.7407],[76.7781,10.7434],[76.7873,10.7448],[76.7905,10.7462],[76.796,10.7471],[76.7989,10.7486],[76.8,10.7499],[76.8016,10.7484],[76.8078,10.7473],[76.8112,10.7458],[76.8163,10.739],[76.8178,10.738],[76.8249,10.7374],[76.827,10.7335],[76.8262,10.7309],[76.8248,10.7294],[76.8246,10.7282],[76.8254,10.7264],[76.8304,10.7211],[76.8399,10.717],[76.8457,10.7134],[76.8488,10.709],[76.8486,10.7047],[76.8466,10.7037],[76.8456,10.7018],[76.8376,10.697],[76.8328,10.6973],[76.827,10.6924],[76.8234,10.6932]]]}},{"type":"Feature","properties":{"code":"20B22c","basin":"BARATHAPUZHA","areaHa":2064.83,"shedId":"RB20"},"geometry":{"type":"Polygon","coordinates":[[[76.773,10.7222],[76.7759,10.7195],[76.7796,10.7181],[76.7934,10.7097],[76.7957,10.707],[76.7997,10.7068],[76.8012,10.7055],[76.7957,10.7034],[76.7894,10.6989],[76.786,10.6981],[76.7812,10.6941],[76.7792,10.6951],[76.7722,10.6952],[76.7681,10.6962],[76.7622,10.7],[76.758,10.7055],[76.7546,10.7059],[76.7496,10.7077],[76.7477,10.7188],[76.7456,10.7236],[76.7425,10.7278],[76.7386,10.7285],[76.7323,10.7315],[76.7244,10.7328],[76.7211,10.7356],[76.7178,10.7361],[76.7137,10.7377],[76.7122,10.7376],[76.7107,10.7366],[76.7083,10.738],[76.7056,10.7385],[76.694,10.7381],[76.6927,10.7393],[76.6915,10.7418],[76.6861,10.7444],[76.6891,10.7486],[76.6964,10.7474],[76.6981,10.745],[76.7023,10.7448],[76.705,10.7434],[76.7084,10.7448],[76.7127,10.7453],[76.7157,10.743],[76.7181,10.7422],[76.7189,10.7405],[76.7222,10.7401],[76.7266,10.7373],[76.7281,10.7377],[76.7298,10.7405],[76.7327,10.7414],[76.735,10.7399],[76.7388,10.7421],[76.7422,10.7376],[76.745,10.7385],[76.7472,10.7378],[76.7488,10.7381],[76.7517,10.7358],[76.7535,10.7352],[76.7568,10.7365],[76.7598,10.7386],[76.762,10.7391],[76.765,10.7384],[76.7666,10.7388],[76.7675,10.7351],[76.7687,10.7341],[76.7661,10.7319],[76.7674,10.7289],[76.7676,10.7247],[76.773,10.7222]]]}},{"type":"Feature","properties":{"code":"20B23a","basin":"BARATHAPUZHA","areaHa":948.6,"shedId":"RB20"},"geometry":{"type":"Polygon","coordinates":[[[76.7286,10.7131],[76.7104,10.7086],[76.7101,10.7094],[76.7075,10.7247],[76.7083,10.7267],[76.712,10.7289],[76.7137,10.7311],[76.7131,10.7348],[76.7107,10.7366],[76.7122,10.7376],[76.7137,10.7377],[76.7178,10.7361],[76.7211,10.7356],[76.7244,10.7328],[76.7323,10.7315],[76.7386,10.7285],[76.7425,10.7278],[76.7456,10.7236],[76.7477,10.7188],[76.7496,10.7077],[76.7469,10.7085],[76.7422,10.7128],[76.7404,10.7127],[76.7375,10.7114],[76.7342,10.7113],[76.7312,10.7127],[76.7286,10.7131]]]}},{"type":"Feature","properties":{"code":"20B24a","basin":"BARATHAPUZHA","areaHa":1524.67,"shedId":"RB20"},"geometry":{"type":"Polygon","coordinates":[[[76.7277,10.6835],[76.724,10.6841],[76.7209,10.6858],[76.7187,10.6931],[76.7151,10.6973],[76.7149,10.6998],[76.7168,10.7026],[76.7189,10.7044],[76.7193,10.707],[76.7179,10.7074],[76.7132,10.7068],[76.7121,10.707],[76.7104,10.7086],[76.7138,10.71],[76.7286,10.7131],[76.7312,10.7127],[76.7342,10.7113],[76.7375,10.7114],[76.7404,10.7127],[76.7422,10.7128],[76.7447,10.7101],[76.7477,10.7081],[76.7546,10.7059],[76.758,10.7055],[76.7596,10.704],[76.7615,10.7007],[76.7666,10.6968],[76.7722,10.6952],[76.7792,10.6951],[76.7812,10.6941],[76.7796,10.6913],[76.7752,10.69],[76.7589,10.6805],[76.7567,10.6804],[76.7529,10.6859],[76.7512,10.6874],[76.7447,10.6906],[76.7428,10.6903],[76.7409,10.6876],[76.735,10.684],[76.7277,10.6835]]]}},{"type":"Feature","properties":{"code":"20B25a","basin":"BARATHAPUZHA","areaHa":2084.66,"shedId":"RB20"},"geometry":{"type":"Polygon","coordinates":[[[76.8288,10.6626],[76.827,10.663],[76.8254,10.6668],[76.8233,10.6687],[76.821,10.6683],[76.8185,10.6657],[76.8155,10.666],[76.8126,10.6692],[76.81,10.6753],[76.8089,10.676],[76.7993,10.6765],[76.7976,10.6782],[76.797,10.6828],[76.7959,10.685],[76.7877,10.6869],[76.7816,10.6909],[76.7796,10.6913],[76.7809,10.6937],[76.786,10.6981],[76.7894,10.6989],[76.7957,10.7034],[76.8012,10.7055],[76.8075,10.7047],[76.8095,10.7038],[76.8128,10.6998],[76.8187,10.6957],[76.8254,10.6924],[76.827,10.6924],[76.8289,10.6936],[76.8333,10.6975],[76.8376,10.697],[76.8456,10.7018],[76.8466,10.7037],[76.8498,10.7049],[76.8525,10.704],[76.8546,10.7016],[76.8553,10.6995],[76.8583,10.6965],[76.864,10.6953],[76.8608,10.6907],[76.8531,10.6849],[76.8478,10.6843],[76.838,10.6784],[76.8373,10.677],[76.8379,10.6757],[76.8374,10.6747],[76.8312,10.67],[76.8313,10.6655],[76.8288,10.6626]]]}},{"type":"Feature","properties":{"code":"20B26a","basin":"BARATHAPUZHA","areaHa":881.27,"shedId":"RB20"},"geometry":{"type":"Polygon","coordinates":[[[76.8781,10.6702],[76.876,10.6689],[76.8751,10.6675],[76.8736,10.663],[76.8711,10.6589],[76.8692,10.6587],[76.8678,10.6599],[76.8673,10.662],[76.8671,10.6713],[76.8661,10.6729],[76.8639,10.674],[76.8597,10.6729],[76.8587,10.6684],[76.8537,10.6663],[76.8347,10.6668],[76.8333,10.6667],[76.8313,10.6655],[76.8309,10.6686],[76.8312,10.67],[76.8326,10.6714],[76.8378,10.6752],[76.8373,10.677],[76.838,10.6784],[76.8478,10.6843],[76.8531,10.6849],[76.8608,10.6907],[76.864,10.6953],[76.8675,10.6945],[76.8682,10.6949],[76.8708,10.6932],[76.8698,10.6909],[76.8661,10.6859],[76.8673,10.6784],[76.8682,10.677],[76.8777,10.6773],[76.8781,10.6702]]]}},{"type":"Feature","properties":{"code":"20B27a","basin":"BARATHAPUZHA","areaHa":644.72,"shedId":"RB20"},"geometry":{"type":"Polygon","coordinates":[[[76.8686,10.659],[76.8711,10.6589],[76.8736,10.663],[76.8751,10.6675],[76.877,10.6697],[76.8781,10.6699],[76.8781,10.6667],[76.8812,10.6612],[76.8812,10.6553],[76.8831,10.6525],[76.8839,10.6496],[76.8839,10.6474],[76.8826,10.6465],[76.8823,10.6393],[76.8739,10.6378],[76.8707,10.6355],[76.869,10.638],[76.8677,10.6408],[76.8675,10.6436],[76.8648,10.6457],[76.8643,10.6468],[76.8627,10.6549],[76.8609,10.6583],[76.862,10.6628],[76.8614,10.666],[76.8601,10.6676],[76.8586,10.6683],[76.8592,10.6716],[76.8605,10.6735],[76.8639,10.674],[76.8652,10.6736],[76.8668,10.672],[76.8673,10.662],[76.8686,10.659]]]}},{"type":"Feature","properties":{"code":"20B28a","basin":"BARATHAPUZHA","areaHa":773.87,"shedId":"RB20"},"geometry":{"type":"Polygon","coordinates":[[[76.8707,10.6355],[76.8681,10.6335],[76.8581,10.6327],[76.8545,10.6349],[76.851,10.6358],[76.8522,10.6394],[76.852,10.6419],[76.8452,10.6482],[76.8441,10.6504],[76.8441,10.6524],[76.8403,10.6579],[76.8395,10.6624],[76.8367,10.6667],[76.8514,10.6661],[76.8552,10.6666],[76.8586,10.6683],[76.8608,10.667],[76.862,10.6628],[76.8609,10.6583],[76.8627,10.6549],[76.8643,10.6468],[76.8648,10.6457],[76.8675,10.6436],[76.8677,10.6408],[76.8704,10.6363],[76.8707,10.6355]]]}},{"type":"Feature","properties":{"code":"20B29a","basin":"BARATHAPUZHA","areaHa":725.99,"shedId":"RB20"},"geometry":{"type":"Polygon","coordinates":[[[76.8302,10.6377],[76.8277,10.6393],[76.8248,10.6434],[76.8247,10.6469],[76.8228,10.6537],[76.8225,10.6588],[76.823,10.662],[76.8236,10.6641],[76.8256,10.6663],[76.827,10.663],[76.8281,10.6625],[76.8297,10.6631],[76.8318,10.666],[76.8333,10.6667],[76.8367,10.6667],[76.8395,10.6624],[76.8403,10.6579],[76.8441,10.6524],[76.8446,10.6492],[76.8469,10.6462],[76.8517,10.6424],[76.8522,10.6394],[76.851,10.6358],[76.8451,10.6357],[76.83976,10.63481],[76.8356,10.6367],[76.8329,10.6369],[76.8299,10.6382],[76.8302,10.6377]]]}},{"type":"Feature","properties":{"code":"20B2a","basin":"BARATHAPUZHA","areaHa":39.4,"shedId":"RB20"},"geometry":{"type":"Polygon","coordinates":[[[76.0697,10.8371],[76.0621,10.8385],[76.0574,10.8413],[76.0519,10.846],[76.0494,10.847],[76.0426,10.8474],[76.0421,10.8485],[76.0441,10.8488],[76.0495,10.8481],[76.0516,10.8472],[76.0555,10.8437],[76.0609,10.8401],[76.0697,10.83857],[76.0697,10.8371]]]}},{"type":"Feature","properties":{"code":"20B30a","basin":"BARATHAPUZHA","areaHa":1590.0,"shedId":"RB20"},"geometry":{"type":"Polygon","coordinates":[[[76.8177,10.6461],[76.811,10.6459],[76.8068,10.6487],[76.8005,10.6478],[76.7932,10.6504],[76.7916,10.6504],[76.7897,10.6535],[76.7852,10.6559],[76.7809,10.6655],[76.7801,10.6702],[76.7785,10.6747],[76.7752,10.6784],[76.7737,10.6833],[76.771,10.6875],[76.7776,10.691],[76.7816,10.6909],[76.7877,10.6869],[76.7959,10.685],[76.797,10.6828],[76.7976,10.6782],[76.7993,10.6765],[76.8089,10.676],[76.81,10.6753],[76.8128,10.66893],[76.8125,10.6693],[76.8141,10.6672],[76.8155,10.666],[76.8185,10.6657],[76.8219,10.6688],[76.8244,10.668],[76.8256,10.6663],[76.8236,10.6641],[76.8225,10.6588],[76.8229,10.6529],[76.8247,10.6469],[76.8245,10.6447],[76.8177,10.6461]]]}},{"type":"Feature","properties":{"code":"20B31a","basin":"BARATHAPUZHA","areaHa":2740.12,"shedId":"RB20"},"geometry":{"type":"Polygon","coordinates":[[[76.7916,10.6504],[76.7778,10.6435],[76.7728,10.6433],[76.7711,10.6438],[76.7691,10.6455],[76.7671,10.6486],[76.7649,10.65],[76.7574,10.6491],[76.7518,10.6521],[76.7499,10.6518],[76.7476,10.6525],[76.7441,10.6551],[76.7426,10.6578],[76.7391,10.66],[76.7318,10.6631],[76.7271,10.6681],[76.7236,10.6694],[76.7195,10.6687],[76.7147,10.6689],[76.7094,10.6725],[76.705,10.6745],[76.7029,10.6794],[76.6988,10.6826],[76.7038,10.6863],[76.7098,10.6894],[76.7106,10.6923],[76.7108,10.6973],[76.7114,10.6983],[76.7133,10.699],[76.7146,10.6989],[76.7158,10.6963],[76.7187,10.6931],[76.7209,10.6858],[76.7254,10.6838],[76.7313,10.6834],[76.731,10.6837],[76.735,10.684],[76.7409,10.6876],[76.7428,10.6903],[76.7447,10.6906],[76.7512,10.6874],[76.7529,10.6859],[76.7567,10.6804],[76.7589,10.6805],[76.771,10.6875],[76.7737,10.6833],[76.7752,10.6784],[76.7785,10.6747],[76.7801,10.6702],[76.7809,10.6655],[76.7847,10.6566],[76.7897,10.6535],[76.7916,10.6504]]]}},{"type":"Feature","properties":{"code":"20B32a","basin":"BARATHAPUZHA","areaHa":1099.63,"shedId":"RB20"},"geometry":{"type":"Polygon","coordinates":[[[76.711,10.6978],[76.7075,10.704],[76.7068,10.7073],[76.7053,10.7101],[76.7026,10.7121],[76.701,10.7148],[76.6995,10.7155],[76.6961,10.7152],[76.6929,10.7189],[76.6875,10.7194],[76.678,10.7342],[76.6714,10.7377],[76.6701,10.7391],[76.6669,10.7465],[76.67,10.7483],[76.6717,10.7482],[76.6756,10.7464],[76.6854,10.7447],[76.6892,10.7431],[76.6915,10.7418],[76.6927,10.7393],[76.694,10.7381],[76.7068,10.7383],[76.7094,10.7375],[76.7131,10.7348],[76.7137,10.7321],[76.7131,10.7299],[76.7089,10.7273],[76.7076,10.7256],[76.7076,10.7222],[76.7101,10.7094],[76.7121,10.707],[76.7188,10.7073],[76.7195,10.7058],[76.7189,10.7044],[76.7154,10.7009],[76.7146,10.6989],[76.7128,10.6989],[76.711,10.6978]]]}},{"type":"Feature","properties":{"code":"20B33a","basin":"BARATHAPUZHA","areaHa":883.42,"shedId":"RB20"},"geometry":{"type":"Polygon","coordinates":[[[76.6823,10.7158],[76.6765,10.7167],[76.6741,10.7238],[76.6716,10.7261],[76.6713,10.7295],[76.6702,10.732],[76.6668,10.7344],[76.6627,10.7336],[76.6611,10.7341],[76.6604,10.735],[76.6607,10.7378],[76.6586,10.7393],[76.6571,10.7389],[76.6543,10.7395],[76.6504,10.7393],[76.6497,10.7379],[76.6483,10.7375],[76.6474,10.7385],[76.6408,10.7411],[76.6375,10.741],[76.6334,10.7443],[76.6285,10.7438],[76.6268,10.7426],[76.623,10.7438],[76.6194,10.743],[76.6176,10.7445],[76.6124,10.744],[76.6103,10.7464],[76.6103,10.7489],[76.6114,10.7488],[76.6132,10.7503],[76.6157,10.7542],[76.6181,10.7555],[76.6232,10.7522],[76.6309,10.7522],[76.639,10.7492],[76.6472,10.7472],[76.6669,10.7465],[76.6701,10.7391],[76.6714,10.7377],[76.678,10.7342],[76.6879,10.7192],[76.6823,10.7158]]]}},{"type":"Feature","properties":{"code":"20B33b","basin":"BARATHAPUZHA","areaHa":929.44,"shedId":"RB20"},"geometry":{"type":"Polygon","coordinates":[[[76.711,10.6979],[76.7098,10.6894],[76.7038,10.6863],[76.6988,10.6826],[76.6976,10.6827],[76.6954,10.6878],[76.6958,10.6917],[76.6917,10.6947],[76.6892,10.6989],[76.688,10.6993],[76.679,10.6969],[76.6749,10.697],[76.6774,10.7018],[76.6764,10.7088],[76.6749,10.7119],[76.6752,10.7162],[76.6766,10.7168],[76.6816,10.7156],[76.6879,10.7192],[76.691,10.7194],[76.6937,10.7185],[76.6961,10.7152],[76.7005,10.7152],[76.7026,10.7121],[76.7053,10.7101],[76.7068,10.7073],[76.7075,10.704],[76.7102,10.7002],[76.711,10.6979]]]}},{"type":"Feature","properties":{"code":"20B33c","basin":"BARATHAPUZHA","areaHa":1163.8,"shedId":"RB20"},"geometry":{"type":"Polygon","coordinates":[[[76.646,10.7263],[76.6404,10.7287],[76.6383,10.7304],[76.635,10.7315],[76.6279,10.7316],[76.6226,10.7332],[76.6205,10.7361],[76.616,10.7375],[76.6143,10.7387],[76.6115,10.7422],[76.6013,10.7475],[76.5986,10.7506],[76.5986,10.7528],[76.6005,10.7534],[76.6048,10.7529],[76.6079,10.7535],[76.6102,10.7485],[76.6103,10.7464],[76.6124,10.744],[76.6176,10.7445],[76.6194,10.743],[76.623,10.7438],[76.6268,10.7426],[76.6285,10.7438],[76.6334,10.7443],[76.6375,10.741],[76.6408,10.7411],[76.6474,10.7385],[76.6483,10.7375],[76.6497,10.7379],[76.6504,10.7393],[76.6543,10.7395],[76.6566,10.7389],[76.6586,10.7393],[76.6607,10.7378],[76.6604,10.735],[76.6611,10.7341],[76.6627,10.7336],[76.6668,10.7344],[76.6697,10.7325],[76.6711,10.7302],[76.6716,10.7261],[76.6741,10.7238],[76.6764,10.7174],[76.6765,10.7167],[76.6752,10.7162],[76.6748,10.7128],[76.6764,10.7088],[76.6774,10.7018],[76.6749,10.697],[76.6722,10.7004],[76.6711,10.7052],[76.6692,10.7085],[76.6672,10.711],[76.6642,10.7133],[76.6628,10.7155],[76.6612,10.721],[76.6612,10.7246],[76.6594,10.7256],[76.6536,10.7254],[76.646,10.7263]]]}},{"type":"Feature","properties":{"code":"20B34a","basin":"BARATHAPUZHA","areaHa":906.66,"shedId":"RB20"},"geometry":{"type":"Polygon","coordinates":[[[76.6048,10.7529],[76.6005,10.7534],[76.5986,10.7528],[76.5973,10.7536],[76.5907,10.7542],[76.5829,10.759],[76.5811,10.7621],[76.5726,10.7635],[76.5696,10.7679],[76.5667,10.7696],[76.5657,10.7709],[76.56424,10.77448],[76.5649,10.7742],[76.5574,10.7785],[76.5549,10.7788],[76.5514,10.7778],[76.5492,10.7802],[76.5473,10.7838],[76.5444,10.7856],[76.5441,10.7872],[76.5428,10.7885],[76.5489,10.7952],[76.5513,10.7964],[76.5542,10.7963],[76.5569,10.794],[76.5593,10.7879],[76.5613,10.786],[76.5655,10.7838],[76.5702,10.7798],[76.5733,10.7789],[76.5765,10.7764],[76.5829,10.7793],[76.5845,10.7786],[76.5848,10.7775],[76.5837,10.7704],[76.5842,10.767],[76.5858,10.7637],[76.5879,10.7626],[76.5931,10.7663],[76.597,10.7657],[76.6017,10.7597],[76.6063,10.7568],[76.6079,10.7535],[76.6048,10.7529]]]}},{"type":"Feature","properties":{"code":"20B35a","basin":"BARATHAPUZHA","areaHa":1597.85,"shedId":"RB20"},"geometry":{"type":"Polygon","coordinates":[[[76.6031,10.7409],[76.5959,10.7396],[76.5906,10.7411],[76.5847,10.74],[76.5821,10.7413],[76.5788,10.7408],[76.575,10.7385],[76.5724,10.7403],[76.5723,10.7425],[76.5711,10.744],[76.5683,10.7449],[76.5615,10.7456],[76.5608,10.7464],[76.5603,10.753],[76.5596,10.7546],[76.5573,10.7561],[76.5543,10.7566],[76.551,10.7586],[76.544,10.7596],[76.5435,10.7659],[76.5418,10.7692],[76.5382,10.7725],[76.5368,10.776],[76.5355,10.7867],[76.5398,10.7862],[76.5428,10.7885],[76.5441,10.7872],[76.5444,10.7856],[76.5473,10.7838],[76.5492,10.7802],[76.5514,10.7778],[76.5549,10.7788],[76.5574,10.7785],[76.5633,10.7754],[76.5663,10.7701],[76.5696,10.7679],[76.5726,10.7635],[76.5811,10.7621],[76.5829,10.759],[76.5907,10.7542],[76.5986,10.7531],[76.5986,10.7506],[76.6001,10.7486],[76.6023,10.7469],[76.6065,10.745],[76.6055,10.7431],[76.6031,10.7409]]]}},{"type":"Feature","properties":{"code":"20B36a","basin":"BARATHAPUZHA","areaHa":1325.85,"shedId":"RB20"},"geometry":{"type":"Polygon","coordinates":[[[76.5374,10.7574],[76.5314,10.7577],[76.5244,10.7553],[76.5171,10.7552],[76.514,10.7564],[76.5066,10.7546],[76.5024,10.755],[76.4995,10.754],[76.494,10.7552],[76.4904,10.7526],[76.4796,10.751],[76.4879,10.7612],[76.4925,10.764],[76.497,10.7654],[76.4999,10.7677],[76.5098,10.7699],[76.5109,10.7708],[76.5126,10.7754],[76.5153,10.7795],[76.5207,10.7817],[76.5251,10.7864],[76.5289,10.7878],[76.5355,10.7867],[76.5368,10.776],[76.5382,10.7725],[76.5423,10.7684],[76.5441,10.7632],[76.544,10.7596],[76.5374,10.7574]]]}},{"type":"Feature","properties":{"code":"20B37a","basin":"BARATHAPUZHA","areaHa":2181.1,"shedId":"RB20"},"geometry":{"type":"Polygon","coordinates":[[[76.5575,10.7301],[76.5525,10.7331],[76.5449,10.7348],[76.5439,10.7371],[76.5416,10.7385],[76.5385,10.7392],[76.5372,10.7387],[76.5328,10.7399],[76.5293,10.7389],[76.5259,10.7389],[76.5208,10.7399],[76.5187,10.7418],[76.5151,10.7408],[76.5103,10.7421],[76.5079,10.7406],[76.5049,10.7405],[76.5027,10.7427],[76.5011,10.7433],[76.499,10.7471],[76.4978,10.7466],[76.4955,10.7474],[76.4933,10.7469],[76.4899,10.7475],[76.4876,10.7471],[76.4853,10.7456],[76.4834,10.7466],[76.4797,10.7465],[76.4776,10.748],[76.4807,10.751],[76.4904,10.7526],[76.494,10.7552],[76.4995,10.754],[76.5024,10.755],[76.5066,10.7546],[76.514,10.7564],[76.5171,10.7552],[76.5244,10.7553],[76.5314,10.7577],[76.5374,10.7574],[76.5416,10.7591],[76.5453,10.7597],[76.551,10.7586],[76.5543,10.7566],[76.5573,10.7561],[76.5596,10.7546],[76.5603,10.753],[76.5609,10.7462],[76.5622,10.7454],[76.5683,10.7449],[76.5711,10.744],[76.5723,10.7425],[76.5724,10.7403],[76.5747,10.7386],[76.5788,10.7408],[76.581,10.7412],[76.5827,10.7412],[76.5847,10.74],[76.5906,10.7411],[76.5924,10.7407],[76.5918,10.7343],[76.5895,10.724],[76.5856,10.7231],[76.5854,10.7223],[76.5841,10.7226],[76.5817,10.722],[76.5782,10.7202],[76.5755,10.7212],[76.5723,10.7244],[76.5678,10.7269],[76.5623,10.7271],[76.5603,10.7293],[76.5575,10.7301]]]}},{"type":"Feature","properties":{"code":"20B37b","basin":"BARATHAPUZHA","areaHa":2150.34,"shedId":"RB20"},"geometry":{"type":"Polygon","coordinates":[[[76.6533,10.7025],[76.6403,10.7122],[76.6314,10.7153],[76.6279,10.7153],[76.6227,10.7114],[76.6143,10.7108],[76.6107,10.7109],[76.6052,10.7123],[76.5984,10.7154],[76.5941,10.7192],[76.5894,10.7222],[76.5918,10.7343],[76.5924,10.7407],[76.5959,10.7396],[76.6015,10.7403],[76.6041,10.7416],[76.6065,10.745],[76.6115,10.7422],[76.6152,10.738],[76.6205,10.7361],[76.6226,10.7332],[76.6247,10.7324],[76.6279,10.7316],[76.635,10.7315],[76.6383,10.7304],[76.6404,10.7287],[76.646,10.7263],[76.6536,10.7254],[76.6585,10.7257],[76.6608,10.725],[76.6612,10.721],[76.6628,10.7155],[76.6642,10.7133],[76.6672,10.711],[76.6692,10.7085],[76.6711,10.7052],[76.6722,10.7004],[76.6749,10.697],[76.6721,10.6966],[76.6668,10.6934],[76.6645,10.6934],[76.6584,10.7006],[76.6566,10.7017],[76.6533,10.7025]]]}},{"type":"Feature","properties":{"code":"20B37c","basin":"BARATHAPUZHA","areaHa":709.6,"shedId":"RB20"},"geometry":{"type":"Polygon","coordinates":[[[76.5385,10.7392],[76.5439,10.7371],[76.5449,10.7348],[76.5525,10.7331],[76.5575,10.7301],[76.5603,10.7293],[76.5623,10.7271],[76.5678,10.7269],[76.5723,10.7244],[76.5755,10.7212],[76.5778,10.7203],[76.581,10.7212],[76.5817,10.722],[76.5841,10.7226],[76.5854,10.7223],[76.5856,10.7231],[76.5895,10.724],[76.5894,10.7222],[76.5902,10.7213],[76.593,10.72],[76.5984,10.7154],[76.6052,10.7123],[76.6029,10.7079],[76.6009,10.7067],[76.5982,10.7065],[76.591,10.7097],[76.5872,10.7101],[76.5833,10.715],[76.5742,10.7163],[76.5697,10.7198],[76.5627,10.7208],[76.552,10.7286],[76.5461,10.7317],[76.5437,10.7322],[76.533,10.732],[76.5248,10.7342],[76.5186,10.7388],[76.5168,10.7395],[76.5139,10.7386],[76.5112,10.7391],[76.5084,10.7408],[76.5103,10.7421],[76.5151,10.7408],[76.5187,10.7418],[76.5208,10.7399],[76.5225,10.7394],[76.5293,10.7389],[76.5307,10.7397],[76.5331,10.7399],[76.5372,10.7387],[76.5385,10.7392]]]}},{"type":"Feature","properties":{"code":"20B37d","basin":"BARATHAPUZHA","areaHa":422.94,"shedId":"RB20"},"geometry":{"type":"Polygon","coordinates":[[[76.5697,10.7198],[76.5718,10.7178],[76.5687,10.7136],[76.567,10.7144],[76.5578,10.7159],[76.5529,10.7185],[76.5487,10.7218],[76.548,10.7235],[76.5431,10.7251],[76.5406,10.7266],[76.5333,10.7266],[76.5315,10.7259],[76.5295,10.7283],[76.5261,10.7279],[76.5254,10.7294],[76.5236,10.7296],[76.5226,10.732],[76.5199,10.7334],[76.5183,10.7335],[76.5175,10.7348],[76.5159,10.7353],[76.5154,10.7372],[76.5139,10.7386],[76.5168,10.7395],[76.5186,10.7388],[76.5248,10.7342],[76.533,10.732],[76.5437,10.7322],[76.5461,10.7317],[76.552,10.7286],[76.5627,10.7208],[76.5697,10.7198]]]}},{"type":"Feature","properties":{"code":"20B37e","basin":"BARATHAPUZHA","areaHa":2279.29,"shedId":"RB20"},"geometry":{"type":"Polygon","coordinates":[[[76.5975,10.6837],[76.5973,10.6818],[76.5961,10.6807],[76.5947,10.6813],[76.5921,10.6806],[76.5895,10.6812],[76.5886,10.6818],[76.5878,10.6856],[76.5858,10.6867],[76.5841,10.6897],[76.5828,10.6907],[76.5798,10.691],[76.5772,10.6927],[76.5752,10.692],[76.5745,10.6876],[76.5732,10.6865],[76.571,10.6854],[76.566,10.6844],[76.5643,10.6878],[76.5627,10.6893],[76.5626,10.6919],[76.56,10.695],[76.5588,10.6988],[76.5606,10.6988],[76.5633,10.7003],[76.5651,10.7035],[76.5649,10.7079],[76.5718,10.7178],[76.576,10.7158],[76.5833,10.715],[76.5872,10.7101],[76.591,10.7097],[76.5982,10.7065],[76.6009,10.7067],[76.6029,10.7079],[76.6052,10.7123],[76.6107,10.7109],[76.6215,10.7111],[76.6236,10.7117],[76.6279,10.7153],[76.6314,10.7153],[76.6403,10.7122],[76.6492,10.7063],[76.6533,10.7025],[76.6363,10.6956],[76.6288,10.6945],[76.6278,10.6935],[76.6269,10.6906],[76.6201,10.6875],[76.6146,10.6871],[76.6125,10.6884],[76.6112,10.6916],[76.6025,10.6912],[76.5994,10.6898],[76.5969,10.6872],[76.5966,10.6854],[76.5975,10.6837]]]}},{"type":"Feature","properties":{"code":"20B37f","basin":"BARATHAPUZHA","areaHa":1626.12,"shedId":"RB20"},"geometry":{"type":"Polygon","coordinates":[[[76.5325,10.6918],[76.5256,10.6952],[76.5242,10.697],[76.5236,10.699],[76.5214,10.6995],[76.523,10.7011],[76.5239,10.7031],[76.5225,10.7039],[76.5187,10.7097],[76.5165,10.7112],[76.516,10.7142],[76.5135,10.7179],[76.5141,10.7202],[76.5121,10.7219],[76.5124,10.7249],[76.5148,10.7255],[76.5156,10.7271],[76.5153,10.7293],[76.5129,10.7333],[76.5132,10.7389],[76.5154,10.7372],[76.5159,10.7353],[76.5175,10.7348],[76.5183,10.7335],[76.5199,10.7334],[76.5226,10.732],[76.5236,10.7296],[76.5254,10.7294],[76.5261,10.7279],[76.5295,10.7283],[76.5315,10.7259],[76.5333,10.7266],[76.5406,10.7266],[76.5431,10.7251],[76.548,10.7235],[76.5487,10.7218],[76.5529,10.7185],[76.5578,10.7159],[76.567,10.7144],[76.5687,10.7136],[76.5649,10.7079],[76.5649,10.7029],[76.5633,10.7003],[76.5606,10.6988],[76.5569,10.699],[76.5556,10.701],[76.5488,10.6995],[76.545,10.6955],[76.5383,10.6918],[76.5348,10.6948],[76.5342,10.6947],[76.5325,10.6918]]]}},{"type":"Feature","properties":{"code":"20B37g","basin":"BARATHAPUZHA","areaHa":1282.28,"shedId":"RB20"},"geometry":{"type":"Polygon","coordinates":[[[76.4952,10.7187],[76.4955,10.7202],[76.4973,10.7229],[76.4966,10.725],[76.4886,10.7282],[76.4783,10.7298],[76.479,10.7321],[76.4789,10.7351],[76.4766,10.736],[76.4764,10.7373],[76.4757,10.7378],[76.469,10.7412],[76.4718,10.7425],[76.4729,10.7437],[76.4744,10.7476],[76.4762,10.7474],[76.4776,10.748],[76.4797,10.7465],[76.4834,10.7466],[76.4853,10.7456],[76.4876,10.7471],[76.4899,10.7475],[76.4933,10.7469],[76.4955,10.7474],[76.4978,10.7466],[76.499,10.7471],[76.5011,10.7433],[76.5031,10.7424],[76.5045,10.7407],[76.5084,10.7408],[76.5112,10.7391],[76.5132,10.7389],[76.5129,10.7333],[76.5153,10.7293],[76.5156,10.7271],[76.5148,10.7255],[76.5124,10.7249],[76.5121,10.7219],[76.5141,10.7202],[76.5135,10.7179],[76.516,10.7142],[76.5165,10.7112],[76.5187,10.7097],[76.5225,10.7039],[76.5239,10.7031],[76.5235,10.7019],[76.5214,10.6996],[76.518,10.7008],[76.5147,10.703],[76.5074,10.7052],[76.5042,10.7084],[76.5018,10.7089],[76.5003,10.7126],[76.5003,10.7155],[76.4952,10.7187]]]}},{"type":"Feature","properties":{"code":"20B38a","basin":"BARATHAPUZHA","areaHa":17.09,"shedId":"RB20"},"geometry":{"type":"MultiPolygon","coordinates":[[[[76.4729,10.7437],[76.4711,10.7421],[76.4687,10.7414],[76.4708,10.7439],[76.47256,10.7489],[76.4744,10.7476],[76.4729,10.7437]]],[[[76.4702,10.7515],[76.4696,10.7523],[76.4704,10.75132],[76.4702,10.7515]]]]}},{"type":"Feature","properties":{"code":"20B39a","basin":"BARATHAPUZHA","areaHa":14.89,"shedId":"RB20"},"geometry":{"type":"MultiPolygon","coordinates":[[[[76.4783,10.7302],[76.4737,10.7279],[76.475,10.7289],[76.4751,10.7299],[76.4778,10.7309],[76.47862,10.73338],[76.479,10.7321],[76.4783,10.7302]]],[[[76.4641,10.7204],[76.4642,10.7213],[76.4658,10.7221],[76.4692,10.726],[76.4709,10.7267],[76.4641,10.7204]]],[[[76.4619,10.7084],[76.4635,10.7156],[76.465,10.7172],[76.4653,10.7165],[76.4637,10.7143],[76.4619,10.7084]]]]}},{"type":"Feature","properties":{"code":"20B39aa","basin":"BARATHAPUZHA","areaHa":557.1,"shedId":"RB20"},"geometry":{"type":"Polygon","coordinates":[[[76.6922,10.553],[76.6875,10.5512],[76.6837,10.5518],[76.6826,10.5506],[76.6794,10.5498],[76.6746,10.5519],[76.6752,10.5525],[76.6757,10.5585],[76.6765,10.5608],[76.6763,10.5648],[76.6702,10.5749],[76.6675,10.5823],[76.671,10.5816],[76.6729,10.582],[76.677,10.581],[76.6807,10.5814],[76.6829,10.5805],[76.6838,10.577],[76.6833,10.5703],[76.6837,10.5693],[76.6854,10.5673],[76.6962,10.5608],[76.6972,10.5591],[76.6943,10.5549],[76.6922,10.553]]]}},{"type":"Feature","properties":{"code":"20B39ab","basin":"BARATHAPUZHA","areaHa":595.83,"shedId":"RB20"},"geometry":{"type":"Polygon","coordinates":[[[76.6753,10.553],[76.6727,10.5483],[76.6714,10.5472],[76.6638,10.548],[76.6623,10.5493],[76.6562,10.558],[76.6564,10.5646],[76.6592,10.5708],[76.6612,10.5786],[76.6633,10.5827],[76.6652,10.5812],[76.6675,10.5823],[76.6702,10.5749],[76.6761,10.5655],[76.6767,10.5627],[76.6753,10.553]]]}},{"type":"Feature","properties":{"code":"20B39ac","basin":"BARATHAPUZHA","areaHa":934.14,"shedId":"RB20"},"geometry":{"type":"Polygon","coordinates":[[[76.6562,10.5582],[76.6485,10.5552],[76.6449,10.5554],[76.6423,10.5563],[76.6393,10.5598],[76.6406,10.5622],[76.6407,10.5643],[76.6401,10.5662],[76.6367,10.5706],[76.637,10.577],[76.6365,10.578],[76.6303,10.5793],[76.627,10.5818],[76.6365,10.5881],[76.6364,10.5899],[76.6382,10.598],[76.6391,10.5981],[76.6395,10.5975],[76.6397,10.5956],[76.6407,10.594],[76.6451,10.5903],[76.6491,10.5895],[76.6516,10.5879],[76.6549,10.5879],[76.6581,10.587],[76.6592,10.585],[76.6633,10.5827],[76.6612,10.5786],[76.6592,10.5708],[76.6564,10.5646],[76.6562,10.5582]]]}},{"type":"Feature","properties":{"code":"20B39ad","basin":"BARATHAPUZHA","areaHa":1172.96,"shedId":"RB20"},"geometry":{"type":"Polygon","coordinates":[[[76.633,10.596],[76.6378,10.5977],[76.638,10.5962],[76.6364,10.5899],[76.6367,10.5885],[76.6269,10.5821],[76.6239,10.5826],[76.6181,10.5867],[76.6138,10.5873],[76.6073,10.586],[76.6034,10.5894],[76.6014,10.5902],[76.5989,10.5894],[76.5957,10.5893],[76.5899,10.5908],[76.5905,10.594],[76.5927,10.5976],[76.5926,10.6039],[76.5935,10.6075],[76.6012,10.6115],[76.6039,10.6117],[76.6068,10.6139],[76.6111,10.6112],[76.6131,10.6081],[76.6139,10.6082],[76.6162,10.6114],[76.6176,10.612],[76.619,10.6115],[76.6196,10.6104],[76.623,10.61],[76.6261,10.608],[76.6276,10.6061],[76.6294,10.6055],[76.6324,10.6029],[76.6308,10.5964],[76.633,10.596]]]}},{"type":"Feature","properties":{"code":"20B39ae","basin":"BARATHAPUZHA","areaHa":1001.92,"shedId":"RB20"},"geometry":{"type":"Polygon","coordinates":[[[76.5854,10.6233],[76.5896,10.6226],[76.5925,10.6228],[76.5945,10.6219],[76.6009,10.6221],[76.6022,10.6186],[76.6052,10.6164],[76.6068,10.6139],[76.6039,10.6117],[76.6012,10.6115],[76.5964,10.6094],[76.5925,10.6066],[76.585,10.6048],[76.5791,10.6078],[76.576,10.6078],[76.5723,10.6087],[76.5687,10.6084],[76.5631,10.6109],[76.5576,10.6162],[76.5622,10.6234],[76.5682,10.6243],[76.5693,10.6251],[76.5678,10.63],[76.5681,10.6343],[76.5712,10.6381],[76.5725,10.6426],[76.5724,10.6449],[76.5739,10.6447],[76.5749,10.6435],[76.5756,10.6408],[76.5759,10.6336],[76.5802,10.6321],[76.5826,10.626],[76.5837,10.6243],[76.5854,10.6233]]]}},{"type":"Feature","properties":{"code":"20B39af","basin":"BARATHAPUZHA","areaHa":1649.48,"shedId":"RB20"},"geometry":{"type":"Polygon","coordinates":[[[76.5575,10.6164],[76.5482,10.6197],[76.5465,10.6198],[76.5439,10.6185],[76.5419,10.6185],[76.5391,10.6219],[76.5344,10.6237],[76.5307,10.6261],[76.5278,10.627],[76.5243,10.6267],[76.5226,10.6277],[76.5224,10.6297],[76.5203,10.6315],[76.5253,10.6401],[76.5231,10.6433],[76.523,10.646],[76.5243,10.6492],[76.5258,10.6499],[76.5274,10.6521],[76.5283,10.6565],[76.534,10.6567],[76.5354,10.6532],[76.5376,10.6508],[76.5406,10.6511],[76.5428,10.6528],[76.5498,10.6529],[76.5521,10.6538],[76.5555,10.6499],[76.5607,10.6492],[76.5659,10.6438],[76.5724,10.6449],[76.5725,10.6426],[76.5712,10.6381],[76.5681,10.6343],[76.5678,10.63],[76.5693,10.6251],[76.5682,10.6243],[76.5622,10.6234],[76.5575,10.6164]]]}},{"type":"Feature","properties":{"code":"20B39ag","basin":"BARATHAPUZHA","areaHa":1467.44,"shedId":"RB20"},"geometry":{"type":"Polygon","coordinates":[[[76.5203,10.6315],[76.5144,10.6342],[76.512,10.6383],[76.5099,10.6398],[76.506,10.6407],[76.5026,10.6426],[76.4994,10.6426],[76.4952,10.6479],[76.4941,10.6476],[76.4923,10.6452],[76.4901,10.6438],[76.4863,10.6429],[76.4846,10.6431],[76.4801,10.6491],[76.4777,10.65],[76.476,10.6535],[76.4679,10.6554],[76.4646,10.6597],[76.4604,10.6636],[76.4559,10.6647],[76.4536,10.6674],[76.4539,10.6704],[76.4546,10.6711],[76.4554,10.6702],[76.4568,10.6699],[76.4595,10.6708],[76.4644,10.6695],[76.4705,10.6633],[76.4713,10.6629],[76.4735,10.6642],[76.4747,10.664],[76.479,10.6606],[76.4857,10.6606],[76.4893,10.6622],[76.4934,10.6626],[76.4971,10.6656],[76.5015,10.666],[76.5075,10.6644],[76.5131,10.6618],[76.5206,10.6599],[76.5263,10.6599],[76.5283,10.6565],[76.5274,10.6521],[76.5258,10.6499],[76.5243,10.6492],[76.523,10.646],[76.5231,10.6433],[76.5253,10.6401],[76.5203,10.6315]]]}},{"type":"Feature","properties":{"code":"20B39ah","basin":"BARATHAPUZHA","areaHa":2371.73,"shedId":"RB20"},"geometry":{"type":"Polygon","coordinates":[[[76.501,10.5879],[76.4971,10.591],[76.4955,10.5938],[76.493,10.5962],[76.4901,10.6012],[76.4891,10.6052],[76.4903,10.6076],[76.49,10.6094],[76.4852,10.6127],[76.488,10.6164],[76.489,10.621],[76.4915,10.624],[76.4913,10.6256],[76.4898,10.6263],[76.4864,10.6264],[76.4847,10.6296],[76.4825,10.6316],[76.4774,10.6315],[76.476,10.6322],[76.4747,10.6352],[76.4717,10.638],[76.4708,10.6397],[76.4702,10.6453],[76.4688,10.6463],[76.4656,10.6471],[76.4643,10.6482],[76.463,10.6528],[76.4631,10.6564],[76.4617,10.658],[76.459,10.6596],[76.4561,10.6596],[76.4533,10.6551],[76.4514,10.6555],[76.4498,10.6612],[76.4518,10.6641],[76.4515,10.6698],[76.4527,10.6747],[76.4546,10.6711],[76.4535,10.6695],[76.4536,10.6674],[76.4559,10.6647],[76.4604,10.6636],[76.4646,10.6597],[76.4679,10.6554],[76.476,10.6535],[76.4777,10.65],[76.4801,10.6491],[76.4846,10.6431],[76.4863,10.6429],[76.4901,10.6438],[76.4923,10.6452],[76.4941,10.6476],[76.4952,10.6479],[76.4994,10.6426],[76.5026,10.6426],[76.506,10.6407],[76.5094,10.64],[76.5113,10.6389],[76.5144,10.6342],[76.5211,10.6311],[76.5224,10.6297],[76.523,10.6273],[76.5243,10.6267],[76.5278,10.627],[76.5296,10.6265],[76.5359,10.623],[76.5353,10.6189],[76.5309,10.6141],[76.5296,10.6139],[76.5243,10.6154],[76.5235,10.615],[76.5214,10.6112],[76.5173,10.6113],[76.5159,10.6094],[76.5133,10.6086],[76.5129,10.6036],[76.507,10.5998],[76.5048,10.5968],[76.504,10.5943],[76.5041,10.5903],[76.5015,10.5889],[76.501,10.5879]]]}},{"type":"Feature","properties":{"code":"20B39ai","basin":"BARATHAPUZHA","areaHa":2419.55,"shedId":"RB20"},"geometry":{"type":"Polygon","coordinates":[[[76.5142,10.5832],[76.5127,10.5863],[76.5096,10.5852],[76.5072,10.5874],[76.5034,10.588],[76.502,10.5874],[76.501,10.5879],[76.5015,10.5889],[76.5044,10.5908],[76.504,10.5943],[76.5048,10.5968],[76.507,10.5998],[76.5126,10.6032],[76.5131,10.6083],[76.5159,10.6094],[76.5167,10.6109],[76.5183,10.6116],[76.5214,10.6112],[76.5235,10.615],[76.5243,10.6154],[76.5296,10.6139],[76.5309,10.6141],[76.5328,10.6157],[76.5353,10.6189],[76.5359,10.623],[76.5401,10.6212],[76.5408,10.6193],[76.5419,10.6185],[76.5439,10.6185],[76.5465,10.6198],[76.5482,10.6197],[76.5575,10.6164],[76.5631,10.6109],[76.569,10.6083],[76.5723,10.6087],[76.576,10.6078],[76.5791,10.6078],[76.585,10.6048],[76.5932,10.6066],[76.5926,10.6039],[76.5927,10.5976],[76.5905,10.594],[76.5899,10.5908],[76.5873,10.5909],[76.5843,10.5892],[76.5815,10.5888],[76.5765,10.5901],[76.573,10.5919],[76.5709,10.5938],[76.5674,10.5948],[76.5635,10.5942],[76.5616,10.5925],[76.5531,10.5896],[76.5503,10.5901],[76.5462,10.5895],[76.545,10.5917],[76.5437,10.592],[76.5399,10.5883],[76.5359,10.5913],[76.5333,10.5919],[76.532,10.5902],[76.5303,10.5903],[76.5289,10.5834],[76.5251,10.5811],[76.5194,10.5813],[76.5142,10.5832]]]}},{"type":"Feature","properties":{"code":"20B39aj","basin":"BARATHAPUZHA","areaHa":2027.53,"shedId":"RB20"},"geometry":{"type":"Polygon","coordinates":[[[76.6401,10.5662],[76.6406,10.5622],[76.6393,10.5599],[76.6286,10.5527],[76.627,10.5501],[76.6269,10.5508],[76.6258,10.5506],[76.6247,10.5482],[76.6234,10.5474],[76.6218,10.5474],[76.6213,10.5478],[76.6216,10.5491],[76.6185,10.5496],[76.6168,10.552],[76.6195,10.5537],[76.62,10.5553],[76.6194,10.5572],[76.6198,10.5606],[76.6171,10.5625],[76.6132,10.5624],[76.6103,10.5638],[76.6066,10.5678],[76.6065,10.5698],[76.6043,10.5707],[76.6013,10.574],[76.5999,10.5741],[76.5959,10.5718],[76.5927,10.5725],[76.5907,10.5717],[76.5883,10.5741],[76.5833,10.5732],[76.5814,10.5716],[76.5772,10.5718],[76.5725,10.5741],[76.5708,10.5768],[76.5711,10.5792],[76.5695,10.5793],[76.568,10.5811],[76.5642,10.5802],[76.5607,10.5802],[76.5573,10.5817],[76.5544,10.5852],[76.5512,10.5859],[76.5471,10.5883],[76.5462,10.5895],[76.5503,10.5901],[76.5531,10.5896],[76.5616,10.5925],[76.5635,10.5942],[76.5674,10.5948],[76.5709,10.5938],[76.573,10.5919],[76.5765,10.5901],[76.5815,10.5888],[76.5843,10.5892],[76.5868,10.5907],[76.5887,10.591],[76.5957,10.5893],[76.5989,10.5894],[76.6014,10.5902],[76.6034,10.5894],[76.6073,10.586],[76.6138,10.5873],[76.6181,10.5867],[76.6239,10.5826],[76.6268,10.5822],[76.6303,10.5793],[76.6365,10.578],[76.637,10.577],[76.6367,10.5706],[76.6401,10.5662]]]}},{"type":"Feature","properties":{"code":"20B39ak","basin":"BARATHAPUZHA","areaHa":406.03,"shedId":"RB20"},"geometry":{"type":"Polygon","coordinates":[[[76.6562,10.5582],[76.6638,10.548],[76.6572,10.5453],[76.6507,10.5449],[76.6431,10.5412],[76.6422,10.5411],[76.6439,10.5445],[76.644,10.546],[76.6428,10.5471],[76.6388,10.544],[76.6368,10.5437],[76.635,10.5445],[76.6355,10.5509],[76.6347,10.5531],[76.6333,10.5533],[76.6295,10.5516],[76.628,10.549],[76.627,10.5501],[76.6286,10.5527],[76.6393,10.5599],[76.6423,10.5563],[76.6449,10.5554],[76.6485,10.5552],[76.6532,10.5575],[76.6562,10.5582]]]}},{"type":"Feature","properties":{"code":"20B39al","basin":"BARATHAPUZHA","areaHa":1062.66,"shedId":"RB20"},"geometry":{"type":"Polygon","coordinates":[[[76.689,10.5414],[76.6849,10.54],[76.6842,10.5356],[76.6846,10.5348],[76.6874,10.5339],[76.6879,10.5331],[76.6768,10.5301],[76.6758,10.5279],[76.6687,10.5231],[76.668,10.5216],[76.6647,10.5183],[76.6626,10.5187],[76.6603,10.5182],[76.6599,10.5188],[76.6627,10.5225],[76.6627,10.5233],[76.6591,10.5294],[76.6564,10.5317],[76.6462,10.5368],[76.646,10.5389],[76.6421,10.54],[76.6422,10.5411],[76.6447,10.5417],[76.6507,10.5449],[76.6572,10.5453],[76.6638,10.548],[76.6714,10.5472],[76.6727,10.5483],[76.6746,10.5519],[76.6794,10.5498],[76.6826,10.5506],[76.6842,10.5519],[76.6875,10.5512],[76.6922,10.553],[76.6943,10.5549],[76.6972,10.5591],[76.6982,10.5566],[76.6978,10.5543],[76.696,10.5517],[76.6974,10.5507],[76.6973,10.5487],[76.694,10.5446],[76.689,10.5414]]]}},{"type":"Feature","properties":{"code":"20B39am","basin":"BARATHAPUZHA","areaHa":556.35,"shedId":"RB20"},"geometry":{"type":"Polygon","coordinates":[[[76.6603,10.5182],[76.6529,10.5105],[76.6535,10.5042],[76.6491,10.5037],[76.6443,10.5065],[76.6431,10.5166],[76.6446,10.5249],[76.6442,10.5298],[76.6423,10.5314],[76.6369,10.5334],[76.6336,10.5334],[76.6299,10.5346],[76.6305,10.5354],[76.6334,10.5365],[76.6375,10.5368],[76.6448,10.5355],[76.6462,10.5368],[76.6564,10.5317],[76.66,10.5283],[76.6627,10.5233],[76.6625,10.5222],[76.6598,10.519],[76.6603,10.5182]]]}},{"type":"Feature","properties":{"code":"20B39an","basin":"BARATHAPUZHA","areaHa":1568.83,"shedId":"RB20"},"geometry":{"type":"Polygon","coordinates":[[[76.6351,10.5528],[76.6355,10.5509],[76.635,10.5445],[76.6368,10.5437],[76.6388,10.544],[76.64,10.5445],[76.6423,10.5471],[76.6434,10.5468],[76.644,10.546],[76.6439,10.5445],[76.6421,10.54],[76.646,10.5389],[76.6462,10.5368],[76.6448,10.5355],[76.6375,10.5368],[76.6334,10.5365],[76.6305,10.5354],[76.6299,10.5346],[76.6336,10.5334],[76.6369,10.5334],[76.6423,10.5314],[76.6442,10.5298],[76.6444,10.5228],[76.6431,10.5183],[76.6443,10.5097],[76.644,10.5069],[76.6491,10.5037],[76.6535,10.5042],[76.6539,10.5002],[76.6553,10.4956],[76.655,10.4943],[76.6541,10.4936],[76.6518,10.493],[76.6455,10.4964],[76.6439,10.4977],[76.6427,10.5009],[76.6406,10.5024],[76.6378,10.5025],[76.6335,10.5014],[76.6303,10.5026],[76.6262,10.5151],[76.621,10.5247],[76.6167,10.529],[76.6085,10.5335],[76.6057,10.5358],[76.6035,10.5364],[76.6018,10.5397],[76.6049,10.5437],[76.6094,10.5458],[76.6151,10.551],[76.6169,10.5517],[76.6185,10.5496],[76.6216,10.5491],[76.6213,10.5478],[76.6227,10.5473],[76.625,10.5485],[76.6258,10.5506],[76.6269,10.5508],[76.628,10.549],[76.6295,10.5516],[76.6333,10.5533],[76.6351,10.5528]]]}},{"type":"Feature","properties":{"code":"20B39ao","basin":"BARATHAPUZHA","areaHa":2748.51,"shedId":"RB20"},"geometry":{"type":"Polygon","coordinates":[[[76.6145,10.5507],[76.6094,10.5458],[76.6063,10.5446],[76.6031,10.5491],[76.6004,10.5517],[76.5966,10.5536],[76.5914,10.5574],[76.5894,10.557],[76.5882,10.556],[76.5865,10.5513],[76.5847,10.5503],[76.5837,10.5501],[76.5779,10.5545],[76.5756,10.5551],[76.5687,10.5525],[76.561,10.5522],[76.5565,10.5464],[76.5514,10.5463],[76.5478,10.5482],[76.5444,10.5523],[76.5344,10.5577],[76.5348,10.5595],[76.534,10.5634],[76.5353,10.5683],[76.5333,10.5726],[76.5264,10.5744],[76.52,10.5812],[76.5251,10.5811],[76.5282,10.5826],[76.5289,10.5834],[76.5303,10.5903],[76.532,10.5902],[76.5333,10.5919],[76.5359,10.5913],[76.5399,10.5883],[76.5442,10.5921],[76.545,10.5917],[76.5467,10.5886],[76.5512,10.5859],[76.5544,10.5852],[76.5577,10.5814],[76.5621,10.58],[76.5676,10.5812],[76.5695,10.5793],[76.5711,10.5792],[76.5708,10.5768],[76.5725,10.5741],[76.5772,10.5718],[76.5814,10.5716],[76.5833,10.5732],[76.588,10.5741],[76.5907,10.5717],[76.5927,10.5725],[76.5959,10.5718],[76.6008,10.5742],[76.6029,10.5727],[76.6043,10.5707],[76.6065,10.5698],[76.6066,10.5678],[76.6103,10.5638],[76.6132,10.5624],[76.6171,10.5625],[76.6198,10.5606],[76.6194,10.5572],[76.62,10.5553],[76.6195,10.5537],[76.6145,10.5507]]]}},{"type":"Feature","properties":{"code":"20B39ap","basin":"BARATHAPUZHA","areaHa":918.38,"shedId":"RB20"},"geometry":{"type":"Polygon","coordinates":[[[76.5557,10.5241],[76.5509,10.5277],[76.5496,10.5303],[76.5467,10.5329],[76.5435,10.5371],[76.539,10.5396],[76.5376,10.5434],[76.5375,10.5465],[76.5345,10.5489],[76.5335,10.5515],[76.531,10.5539],[76.5291,10.554],[76.5263,10.5568],[76.5245,10.5573],[76.5247,10.56],[76.5212,10.5615],[76.5197,10.5629],[76.5188,10.565],[76.5178,10.5712],[76.5148,10.5779],[76.5152,10.5792],[76.5176,10.5817],[76.52,10.5812],[76.5264,10.5744],[76.5333,10.5726],[76.5353,10.5683],[76.534,10.5634],[76.5347,10.5574],[76.5444,10.5523],[76.5489,10.5475],[76.5525,10.5461],[76.5565,10.5464],[76.5592,10.5453],[76.5605,10.5437],[76.561,10.5422],[76.5602,10.5405],[76.5605,10.5377],[76.5598,10.5332],[76.5604,10.5265],[76.5557,10.5241]]]}},{"type":"Feature","properties":{"code":"20B39aq","basin":"BARATHAPUZHA","areaHa":1686.48,"shedId":"RB20"},"geometry":{"type":"Polygon","coordinates":[[[76.5558,10.5239],[76.5604,10.5265],[76.5598,10.5332],[76.5605,10.5377],[76.5602,10.5405],[76.561,10.5429],[76.5592,10.5453],[76.5565,10.5464],[76.561,10.5522],[76.5687,10.5525],[76.5764,10.5551],[76.5839,10.5501],[76.5865,10.5513],[76.5882,10.556],[76.5894,10.557],[76.5914,10.5574],[76.5966,10.5536],[76.6004,10.5517],[76.6031,10.5491],[76.6063,10.5446],[76.6018,10.5403],[76.6035,10.5364],[76.6003,10.5324],[76.5992,10.5292],[76.5982,10.5213],[76.5967,10.5241],[76.5936,10.5227],[76.5924,10.5204],[76.5903,10.52],[76.5861,10.515],[76.5838,10.5152],[76.5825,10.518],[76.5805,10.5203],[76.5749,10.5203],[76.5711,10.5215],[76.5707,10.5195],[76.5697,10.5191],[76.5663,10.5234],[76.5651,10.5232],[76.5637,10.5208],[76.5626,10.5206],[76.5615,10.5214],[76.5593,10.5215],[76.5562,10.5231],[76.5558,10.5239]]]}},{"type":"Feature","properties":{"code":"20B39ar","basin":"BARATHAPUZHA","areaHa":1606.6,"shedId":"RB20"},"geometry":{"type":"Polygon","coordinates":[[[76.6518,10.493],[76.6487,10.488],[76.6461,10.4864],[76.6475,10.482],[76.6469,10.4799],[76.6458,10.4788],[76.6423,10.4799],[76.6404,10.4796],[76.6364,10.4765],[76.6346,10.4776],[76.6323,10.4778],[76.6288,10.4755],[76.6269,10.4784],[76.6248,10.4799],[76.6252,10.483],[76.6248,10.4855],[76.6222,10.4879],[76.6211,10.4909],[76.6156,10.4935],[76.6151,10.496],[76.6125,10.5013],[76.6077,10.5055],[76.6042,10.5069],[76.6017,10.5067],[76.6028,10.5108],[76.6047,10.5139],[76.6046,10.5165],[76.6013,10.52],[76.5982,10.5214],[76.5992,10.5292],[76.6003,10.5324],[76.6029,10.5359],[76.604,10.5364],[76.6057,10.5358],[76.6085,10.5335],[76.6167,10.529],[76.6202,10.5257],[76.6236,10.5206],[76.6262,10.5151],[76.6303,10.5026],[76.6335,10.5014],[76.6378,10.5025],[76.6413,10.502],[76.6427,10.5009],[76.6442,10.4973],[76.6518,10.493]]]}},{"type":"Feature","properties":{"code":"20B39as","basin":"BARATHAPUZHA","areaHa":711.42,"shedId":"RB20"},"geometry":{"type":"Polygon","coordinates":[[[76.6017,10.5067],[76.5964,10.5039],[76.5922,10.5032],[76.5891,10.5008],[76.5866,10.5008],[76.577,10.5044],[76.5714,10.5099],[76.5688,10.5099],[76.5672,10.5139],[76.565,10.5147],[76.5616,10.5176],[76.5597,10.5197],[76.5596,10.5214],[76.5615,10.5214],[76.5633,10.5206],[76.5658,10.5235],[76.5697,10.5191],[76.5707,10.5195],[76.5711,10.5215],[76.5749,10.5203],[76.5805,10.5203],[76.5825,10.518],[76.5838,10.5152],[76.5857,10.5149],[76.5903,10.52],[76.5924,10.5204],[76.5936,10.5227],[76.5967,10.5241],[76.5979,10.5212],[76.6013,10.52],[76.6046,10.5165],[76.6047,10.5139],[76.6028,10.5108],[76.6017,10.5067]]]}},{"type":"Feature","properties":{"code":"20B39at","basin":"BARATHAPUZHA","areaHa":1660.48,"shedId":"RB20"},"geometry":{"type":"Polygon","coordinates":[[[76.6042,10.5069],[76.6077,10.5055],[76.6125,10.5013],[76.6151,10.496],[76.6156,10.4935],[76.6103,10.4912],[76.6021,10.4817],[76.5961,10.4769],[76.5955,10.477],[76.5912,10.4787],[76.5896,10.4805],[76.5877,10.4805],[76.5844,10.4821],[76.5811,10.4826],[76.5751,10.4857],[76.5691,10.4864],[76.5685,10.4913],[76.5638,10.4968],[76.5606,10.4988],[76.5585,10.5019],[76.558,10.5037],[76.5559,10.5051],[76.5552,10.5093],[76.554,10.5103],[76.5522,10.5104],[76.5506,10.5114],[76.5505,10.5133],[76.5488,10.5157],[76.5432,10.5191],[76.5425,10.5201],[76.5427,10.5218],[76.5434,10.5234],[76.5454,10.5251],[76.546,10.5307],[76.55,10.5292],[76.5509,10.5277],[76.5543,10.5255],[76.5562,10.5231],[76.5596,10.5214],[76.5597,10.5197],[76.5637,10.5157],[76.5672,10.5139],[76.5688,10.5099],[76.5714,10.5099],[76.5744,10.5075],[76.5765,10.5046],[76.5866,10.5008],[76.5898,10.501],[76.5922,10.5032],[76.5964,10.5039],[76.6017,10.5067],[76.6042,10.5069]]]}},{"type":"Feature","properties":{"code":"20B39au","basin":"BARATHAPUZHA","areaHa":472.88,"shedId":"RB20"},"geometry":{"type":"Polygon","coordinates":[[[76.55,10.5292],[76.5461,10.5305],[76.5402,10.5349],[76.539,10.5368],[76.5317,10.5439],[76.5282,10.5432],[76.5265,10.5461],[76.5244,10.5466],[76.521,10.5487],[76.5208,10.5507],[76.5189,10.5516],[76.5184,10.5525],[76.5185,10.5596],[76.5138,10.565],[76.5135,10.5687],[76.512,10.5702],[76.5135,10.5742],[76.5113,10.5769],[76.5067,10.579],[76.506,10.5807],[76.5063,10.5852],[76.5034,10.588],[76.5075,10.5873],[76.509,10.5853],[76.5127,10.5863],[76.5146,10.5827],[76.5176,10.5817],[76.5152,10.5792],[76.5148,10.5779],[76.5178,10.5712],[76.5188,10.565],[76.5197,10.5629],[76.5212,10.5615],[76.5247,10.56],[76.5245,10.5573],[76.5263,10.5568],[76.5291,10.554],[76.531,10.5539],[76.5335,10.5515],[76.5345,10.5489],[76.5375,10.5465],[76.5374,10.5445],[76.5386,10.5401],[76.5435,10.5371],[76.55,10.5292]]]}},{"type":"Feature","properties":{"code":"20B39av","basin":"BARATHAPUZHA","areaHa":352.18,"shedId":"RB20"},"geometry":{"type":"Polygon","coordinates":[[[76.521,10.5424],[76.5181,10.5479],[76.5135,10.5502],[76.5135,10.5535],[76.5103,10.5553],[76.5093,10.559],[76.51,10.5613],[76.5097,10.5624],[76.5066,10.563],[76.5061,10.5637],[76.5065,10.5648],[76.5098,10.5663],[76.5099,10.5683],[76.5064,10.5742],[76.5067,10.5761],[76.5044,10.5758],[76.5035,10.5763],[76.5016,10.5791],[76.5013,10.5818],[76.4984,10.5812],[76.4987,10.5834],[76.5005,10.5847],[76.5001,10.5859],[76.4981,10.5855],[76.4969,10.5866],[76.4971,10.591],[76.5015,10.5875],[76.5034,10.588],[76.5057,10.5862],[76.5066,10.584],[76.506,10.5807],[76.5067,10.579],[76.5113,10.5769],[76.5135,10.5742],[76.512,10.5702],[76.5135,10.5687],[76.5138,10.565],[76.5185,10.5596],[76.5185,10.5521],[76.5208,10.5507],[76.521,10.5487],[76.5244,10.5466],[76.5265,10.5461],[76.5271,10.5446],[76.521,10.5424]]]}},{"type":"Feature","properties":{"code":"20B39aw","basin":"BARATHAPUZHA","areaHa":674.14,"shedId":"RB20"},"geometry":{"type":"Polygon","coordinates":[[[76.5326,10.5195],[76.5301,10.5215],[76.5289,10.5267],[76.5228,10.53],[76.5224,10.5313],[76.5233,10.5366],[76.5231,10.5399],[76.521,10.5424],[76.5221,10.543],[76.5271,10.5445],[76.5288,10.5431],[76.5317,10.5439],[76.539,10.5368],[76.5402,10.5349],[76.546,10.5307],[76.5454,10.5251],[76.5434,10.5234],[76.5425,10.5201],[76.5442,10.5184],[76.5488,10.5157],[76.5505,10.5133],[76.5506,10.5114],[76.5522,10.5104],[76.554,10.5103],[76.5552,10.5093],[76.5559,10.5051],[76.558,10.5037],[76.5596,10.5003],[76.5546,10.5],[76.5482,10.5026],[76.5463,10.5026],[76.5462,10.5066],[76.5473,10.5073],[76.5476,10.509],[76.5452,10.5091],[76.5445,10.51],[76.5417,10.5109],[76.5424,10.5121],[76.5443,10.5119],[76.5448,10.513],[76.5469,10.5135],[76.5472,10.5142],[76.546,10.5158],[76.5433,10.5162],[76.542,10.5149],[76.5394,10.5157],[76.5383,10.5168],[76.5345,10.5148],[76.5341,10.5169],[76.5326,10.5195]]]}},{"type":"Feature","properties":{"code":"20B39ax","basin":"BARATHAPUZHA","areaHa":2271.62,"shedId":"RB20"},"geometry":{"type":"Polygon","coordinates":[[[76.5872,10.4514],[76.5842,10.4462],[76.5797,10.4432],[76.5694,10.4417],[76.5666,10.442],[76.5657,10.4442],[76.5644,10.4443],[76.559,10.4423],[76.5566,10.4447],[76.55469,10.44541],[76.5517,10.4491],[76.5502,10.4498],[76.5565,10.4537],[76.5619,10.4589],[76.562,10.4613],[76.5603,10.465],[76.5571,10.4673],[76.5536,10.4713],[76.5514,10.4777],[76.5449,10.4878],[76.5444,10.4906],[76.5371,10.4976],[76.5376,10.4985],[76.5368,10.5011],[76.5386,10.499],[76.54,10.4992],[76.5396,10.5038],[76.5403,10.5034],[76.5409,10.5003],[76.5434,10.4995],[76.5434,10.4983],[76.5447,10.4961],[76.5443,10.4955],[76.5434,10.4959],[76.5426,10.4954],[76.5428,10.4942],[76.5478,10.4896],[76.5484,10.49],[76.5484,10.4911],[76.5497,10.4905],[76.5507,10.4909],[76.5508,10.4922],[76.549,10.4937],[76.5469,10.4931],[76.5473,10.4956],[76.5467,10.4979],[76.5469,10.5016],[76.5463,10.5026],[76.5482,10.5026],[76.5546,10.5],[76.5596,10.5003],[76.5606,10.4988],[76.5653,10.4953],[76.5685,10.4913],[76.5691,10.4864],[76.5751,10.4857],[76.5811,10.4826],[76.5844,10.4821],[76.5877,10.4805],[76.5896,10.4805],[76.5912,10.4787],[76.5961,10.4769],[76.5958,10.4755],[76.5991,10.472],[76.5988,10.4669],[76.594,10.4621],[76.5934,10.4571],[76.5872,10.4514]]]}},{"type":"Feature","properties":{"code":"20B39ay","basin":"BARATHAPUZHA","areaHa":1025.39,"shedId":"RB20"},"geometry":{"type":"Polygon","coordinates":[[[76.5495,10.4498],[76.54397,10.44792],[76.5374,10.4483],[76.5333,10.4592],[76.5278,10.4627],[76.5269,10.4664],[76.5262,10.4671],[76.5283,10.4702],[76.5311,10.4722],[76.534,10.476],[76.5355,10.4768],[76.5392,10.4854],[76.5398,10.4882],[76.5416,10.4882],[76.5421,10.491],[76.5405,10.4908],[76.5382,10.4921],[76.5368,10.4943],[76.5371,10.4976],[76.5444,10.4906],[76.5449,10.4878],[76.5514,10.4777],[76.5536,10.4713],[76.5571,10.4673],[76.5603,10.465],[76.562,10.4613],[76.5619,10.4589],[76.5565,10.4537],[76.5495,10.4498]]]}},{"type":"Feature","properties":{"code":"20B39az","basin":"BARATHAPUZHA","areaHa":396.49,"shedId":"RB20"},"geometry":{"type":"Polygon","coordinates":[[[76.5398,10.4882],[76.5392,10.4854],[76.5355,10.4768],[76.534,10.476],[76.5311,10.4722],[76.5283,10.4702],[76.5262,10.4671],[76.516,10.4723],[76.5109,10.4729],[76.5198,10.4806],[76.5227,10.4839],[76.5266,10.4856],[76.5314,10.4897],[76.5339,10.4948],[76.5361,10.4901],[76.5368,10.4897],[76.5366,10.4878],[76.5373,10.4876],[76.5393,10.4887],[76.5398,10.4882]]]}},{"type":"Feature","properties":{"code":"20B39b","basin":"BARATHAPUZHA","areaHa":1636.27,"shedId":"RB20"},"geometry":{"type":"Polygon","coordinates":[[[76.4855,10.7088],[76.4839,10.7012],[76.4822,10.6982],[76.4835,10.6941],[76.4801,10.6904],[76.4777,10.6898],[76.4752,10.6872],[76.472,10.6853],[76.4642,10.6847],[76.4618,10.6833],[76.4597,10.6805],[76.4556,10.682],[76.4503,10.6809],[76.4474,10.6893],[76.4407,10.6966],[76.4436,10.6977],[76.4447,10.6988],[76.4444,10.6992],[76.448,10.7001],[76.4489,10.7011],[76.4514,10.7016],[76.4516,10.7022],[76.4521,10.701],[76.4537,10.7004],[76.4545,10.7015],[76.4566,10.6996],[76.4617,10.7064],[76.4631,10.7128],[76.4659,10.7185],[76.46434,10.72014],[76.47,10.7261],[76.4783,10.7302],[76.4788,10.7296],[76.4901,10.7278],[76.4911,10.7268],[76.496,10.7253],[76.4971,10.7244],[76.4973,10.7229],[76.4955,10.7202],[76.4952,10.7187],[76.4972,10.7172],[76.496,10.716],[76.495,10.7128],[76.4927,10.7104],[76.4887,10.7114],[76.4868,10.7105],[76.4855,10.7088]]]}},{"type":"Feature","properties":{"code":"20B39ba","basin":"BARATHAPUZHA","areaHa":537.14,"shedId":"RB20"},"geometry":{"type":"Polygon","coordinates":[[[76.5338,10.4951],[76.5314,10.4897],[76.5266,10.4856],[76.5227,10.4839],[76.5198,10.4806],[76.5109,10.4729],[76.5095,10.4737],[76.50595,10.47424],[76.5033,10.478],[76.5059,10.4824],[76.506,10.4837],[76.5092,10.4877],[76.5146,10.4924],[76.5177,10.496],[76.5216,10.4976],[76.5234,10.5005],[76.5241,10.5077],[76.5262,10.5111],[76.5283,10.5095],[76.5283,10.5074],[76.5299,10.5061],[76.5299,10.5033],[76.532,10.5004],[76.5291,10.4978],[76.5284,10.4956],[76.5296,10.4954],[76.531,10.4965],[76.5326,10.4951],[76.5338,10.4951]]]}},{"type":"Feature","properties":{"code":"20B39bb","basin":"BARATHAPUZHA","areaHa":1380.62,"shedId":"RB20"},"geometry":{"type":"Polygon","coordinates":[[[76.523,10.5389],[76.5224,10.5313],[76.5228,10.53],[76.5289,10.5267],[76.5301,10.5215],[76.5333,10.5186],[76.5345,10.5148],[76.533,10.5142],[76.53,10.5144],[76.529,10.5139],[76.5284,10.5122],[76.5262,10.5119],[76.5239,10.5071],[76.5234,10.5005],[76.5216,10.4976],[76.5177,10.496],[76.5146,10.4924],[76.5092,10.4877],[76.506,10.4837],[76.5059,10.4824],[76.5033,10.478],[76.4984,10.4792],[76.4945,10.4779],[76.4931,10.4797],[76.491,10.4793],[76.4893,10.4856],[76.4895,10.4871],[76.4935,10.4959],[76.496,10.5035],[76.5003,10.5064],[76.5035,10.5077],[76.5084,10.5116],[76.5069,10.5161],[76.5069,10.5193],[76.5089,10.5208],[76.5099,10.5234],[76.5138,10.5265],[76.5152,10.5318],[76.5181,10.5381],[76.5191,10.5388],[76.523,10.5389]]]}},{"type":"Feature","properties":{"code":"20B39bc","basin":"BARATHAPUZHA","areaHa":1076.19,"shedId":"RB20"},"geometry":{"type":"Polygon","coordinates":[[[76.523,10.5389],[76.5191,10.5388],[76.5181,10.5381],[76.5152,10.5318],[76.5138,10.5265],[76.5099,10.5234],[76.5063,10.5251],[76.5046,10.5251],[76.4994,10.5296],[76.494,10.5326],[76.4907,10.5316],[76.4895,10.5301],[76.4878,10.5321],[76.4887,10.5357],[76.4884,10.5372],[76.4849,10.5412],[76.4849,10.5437],[76.4867,10.5493],[76.4893,10.5505],[76.4894,10.5523],[76.4912,10.5544],[76.4916,10.5568],[76.4931,10.5572],[76.4978,10.5566],[76.4984,10.5594],[76.5061,10.5637],[76.5066,10.563],[76.5097,10.5624],[76.51,10.5613],[76.5093,10.559],[76.5103,10.5553],[76.5135,10.5535],[76.5135,10.5502],[76.5181,10.5479],[76.5191,10.5466],[76.5215,10.5415],[76.5229,10.5407],[76.523,10.5389]]]}},{"type":"Feature","properties":{"code":"20B39bd","basin":"BARATHAPUZHA","areaHa":1376.34,"shedId":"RB20"},"geometry":{"type":"Polygon","coordinates":[[[76.5097,10.5231],[76.5089,10.5208],[76.5071,10.5198],[76.5068,10.5187],[76.5069,10.5161],[76.5084,10.5116],[76.5035,10.5077],[76.5003,10.5064],[76.496,10.5035],[76.4935,10.4959],[76.4899,10.4887],[76.4893,10.4856],[76.48793,10.48541],[76.4878,10.4861],[76.4872,10.4861],[76.4826,10.4853],[76.4762,10.4863],[76.4717,10.4959],[76.4688,10.4982],[76.4687,10.4989],[76.47,10.5046],[76.4733,10.506],[76.4797,10.507],[76.4812,10.5087],[76.4805,10.5098],[76.4761,10.5119],[76.4729,10.5164],[76.4749,10.5204],[76.4753,10.5236],[76.4774,10.5267],[76.4816,10.5277],[76.4844,10.5295],[76.4878,10.5289],[76.4907,10.5316],[76.494,10.5326],[76.4994,10.5296],[76.5046,10.5251],[76.5071,10.5248],[76.5097,10.5231]]]}},{"type":"Feature","properties":{"code":"20B39be","basin":"BARATHAPUZHA","areaHa":2466.43,"shedId":"RB20"},"geometry":{"type":"Polygon","coordinates":[[[76.4463,10.5626],[76.4493,10.5605],[76.4509,10.5572],[76.4619,10.5591],[76.4682,10.5589],[76.4704,10.5582],[76.4747,10.5588],[76.4796,10.5586],[76.4832,10.555],[76.4843,10.5547],[76.4858,10.5554],[76.4867,10.5545],[76.4888,10.5503],[76.4867,10.5493],[76.4849,10.5437],[76.4849,10.5412],[76.4884,10.5372],[76.4887,10.5357],[76.4878,10.5321],[76.4895,10.5301],[76.4874,10.5288],[76.4844,10.5295],[76.4816,10.5277],[76.4774,10.5267],[76.4753,10.5236],[76.4748,10.5201],[76.4729,10.5168],[76.4761,10.5119],[76.481,10.5093],[76.4809,10.508],[76.4797,10.507],[76.4729,10.5059],[76.47,10.5046],[76.4693,10.5033],[76.46567,10.50415],[76.4622,10.50652],[76.4608,10.5111],[76.4567,10.5148],[76.4505,10.5219],[76.4426,10.5231],[76.4415,10.5248],[76.4406,10.5287],[76.43605,10.5316],[76.4337,10.5345],[76.4333,10.5361],[76.4357,10.5442],[76.4366,10.5469],[76.4389,10.5504],[76.4406,10.5549],[76.4404,10.5562],[76.4434,10.5586],[76.4463,10.5626]]]}},{"type":"Feature","properties":{"code":"20B39bf","basin":"BARATHAPUZHA","areaHa":2622.33,"shedId":"RB20"},"geometry":{"type":"Polygon","coordinates":[[[76.4974,10.5903],[76.4969,10.5874],[76.4974,10.5858],[76.4997,10.5861],[76.5005,10.5847],[76.4987,10.5834],[76.4984,10.5812],[76.5013,10.5818],[76.5016,10.5791],[76.5035,10.5763],[76.5044,10.5758],[76.5067,10.5761],[76.5064,10.5742],[76.5099,10.5683],[76.5098,10.5663],[76.5065,10.5648],[76.5061,10.5637],[76.5033,10.5624],[76.501,10.5604],[76.4984,10.5594],[76.498,10.5567],[76.4931,10.5572],[76.4916,10.5568],[76.4912,10.5544],[76.4897,10.5529],[76.489,10.5503],[76.4862,10.5551],[76.4832,10.555],[76.4796,10.5586],[76.4747,10.5588],[76.4704,10.5582],[76.4682,10.5589],[76.4616,10.559],[76.4612,10.5639],[76.4606,10.5655],[76.4588,10.5671],[76.4584,10.5706],[76.4606,10.5746],[76.4611,10.5791],[76.4626,10.5821],[76.4631,10.5883],[76.4621,10.5908],[76.463,10.5927],[76.4613,10.5949],[76.4615,10.5997],[76.4623,10.6013],[76.466,10.6042],[76.4661,10.607],[76.4654,10.6087],[76.4669,10.6118],[76.4699,10.6148],[76.4753,10.6168],[76.4791,10.6194],[76.482,10.6232],[76.4846,10.6251],[76.4839,10.6286],[76.4848,10.6294],[76.4864,10.6264],[76.4908,10.6261],[76.4916,10.6251],[76.4915,10.624],[76.489,10.621],[76.488,10.6164],[76.4852,10.6127],[76.49,10.6094],[76.4903,10.6076],[76.4891,10.6052],[76.4901,10.6012],[76.493,10.5962],[76.4955,10.5938],[76.4974,10.5903]]]}},{"type":"Feature","properties":{"code":"20B39bg","basin":"BARATHAPUZHA","areaHa":3772.77,"shedId":"RB20"},"geometry":{"type":"Polygon","coordinates":[[[76.4466,10.5626],[76.4434,10.5586],[76.4404,10.5562],[76.4384,10.5565],[76.4365,10.5551],[76.4342,10.5572],[76.4318,10.55803],[76.4321,10.5615],[76.4308,10.5648],[76.4278,10.5669],[76.4268,10.5709],[76.4253,10.5713],[76.4249,10.5723],[76.4228,10.5719],[76.4213,10.5723],[76.4217,10.5754],[76.4201,10.5786],[76.4196,10.5791],[76.4181,10.5789],[76.4168,10.5799],[76.4155,10.5787],[76.4117,10.5786],[76.4094,10.5794],[76.4084,10.5833],[76.4066,10.5837],[76.4063,10.5869],[76.4042,10.5896],[76.4062,10.5932],[76.4121,10.5924],[76.4167,10.5969],[76.4207,10.5964],[76.4241,10.594],[76.4257,10.5947],[76.4284,10.598],[76.4288,10.5995],[76.428,10.6043],[76.4253,10.6087],[76.4284,10.612],[76.4299,10.6155],[76.4325,10.6166],[76.4344,10.6186],[76.4359,10.6234],[76.4403,10.6234],[76.4426,10.6241],[76.4503,10.6296],[76.452,10.6326],[76.4577,10.6339],[76.463,10.6393],[76.4659,10.6397],[76.4698,10.6389],[76.4708,10.6397],[76.4717,10.638],[76.4747,10.6352],[76.4766,10.6317],[76.4812,10.6318],[76.4838,10.6308],[76.4848,10.6294],[76.4839,10.6286],[76.4846,10.6251],[76.482,10.6232],[76.4783,10.6188],[76.4753,10.6168],[76.4699,10.6148],[76.4677,10.6127],[76.4654,10.6087],[76.4661,10.607],[76.466,10.6042],[76.4623,10.6013],[76.4615,10.5997],[76.4613,10.5949],[76.463,10.5927],[76.4621,10.5908],[76.4631,10.5883],[76.4626,10.5821],[76.4611,10.5791],[76.4606,10.5746],[76.4584,10.5706],[76.4588,10.5671],[76.4606,10.5655],[76.4612,10.5639],[76.4616,10.559],[76.4509,10.5572],[76.4493,10.5605],[76.4466,10.5626]]]}},{"type":"Feature","properties":{"code":"20B39bh","basin":"BARATHAPUZHA","areaHa":776.84,"shedId":"RB20"},"geometry":{"type":"Polygon","coordinates":[[[76.4412,10.6235],[76.4359,10.6234],[76.4352,10.6225],[76.4348,10.6194],[76.4329,10.6169],[76.42856,10.61542],[76.4276,10.6165],[76.4274,10.6187],[76.4247,10.6189],[76.4248,10.6195],[76.4275,10.6193],[76.4262,10.6218],[76.4261,10.627],[76.4214,10.6288],[76.4193,10.6282],[76.4205,10.6274],[76.4204,10.6242],[76.4217,10.623],[76.4204,10.6235],[76.4204,10.6229],[76.4198,10.623],[76.4199,10.6265],[76.4186,10.6294],[76.4187,10.6303],[76.4214,10.632],[76.4303,10.6299],[76.4345,10.6319],[76.4376,10.6308],[76.4389,10.6318],[76.4418,10.6318],[76.4435,10.637],[76.4448,10.6387],[76.4444,10.6407],[76.4452,10.6427],[76.4493,10.6432],[76.4529,10.6463],[76.453,10.6478],[76.4552,10.6485],[76.4532,10.6525],[76.4527,10.655],[76.4539,10.656],[76.4555,10.6592],[76.459,10.6596],[76.4631,10.6564],[76.463,10.6528],[76.4648,10.6475],[76.4702,10.6453],[76.4708,10.6397],[76.4698,10.6389],[76.4659,10.6397],[76.4626,10.6391],[76.458,10.6341],[76.452,10.6326],[76.4503,10.6296],[76.4412,10.6235]]]}},{"type":"Feature","properties":{"code":"20B39bi","basin":"BARATHAPUZHA","areaHa":229.76,"shedId":"RB20"},"geometry":{"type":"MultiPolygon","coordinates":[[[[76.4299,10.6155],[76.4292,10.6147],[76.42856,10.61542],[76.4299,10.6155]]],[[[76.4042,10.5896],[76.4028,10.5907],[76.402,10.5951],[76.403,10.5962],[76.4049,10.5963],[76.4046,10.5985],[76.4055,10.5995],[76.40598,10.59988],[76.4106,10.5957],[76.4135,10.5945],[76.4158,10.599],[76.414,10.6016],[76.414,10.6046],[76.4149,10.6051],[76.416,10.6046],[76.4175,10.6049],[76.4188,10.604],[76.4216,10.6063],[76.4232,10.6049],[76.4245,10.609],[76.4266,10.6102],[76.4253,10.6081],[76.428,10.6043],[76.4288,10.5995],[76.4264,10.5953],[76.4241,10.594],[76.4207,10.5964],[76.4167,10.5969],[76.4121,10.5924],[76.4062,10.5932],[76.4042,10.5896]]]]}},{"type":"Feature","properties":{"code":"20B39bk","basin":"BARATHAPUZHA","areaHa":741.32,"shedId":"RB20"},"geometry":{"type":"MultiPolygon","coordinates":[[[[76.4187,10.6285],[76.4175,10.6313],[76.4185,10.6335],[76.4199,10.6334],[76.4206,10.6363],[76.4205,10.6394],[76.4245,10.6443],[76.4237,10.6461],[76.4247,10.6475],[76.4294,10.6475],[76.4311,10.6483],[76.4315,10.6502],[76.4338,10.6497],[76.435,10.6509],[76.4353,10.6525],[76.441,10.6575],[76.4434,10.662],[76.4451,10.6624],[76.4498,10.6612],[76.4514,10.6555],[76.4527,10.655],[76.4532,10.6525],[76.4552,10.6485],[76.453,10.6478],[76.4529,10.6463],[76.4493,10.6432],[76.4452,10.6427],[76.4444,10.6407],[76.4448,10.6387],[76.4435,10.637],[76.4418,10.6318],[76.4389,10.6318],[76.4376,10.6308],[76.4345,10.6319],[76.4303,10.6299],[76.4214,10.632],[76.4189,10.6306],[76.4187,10.6285]]],[[[76.4195,10.6274],[76.4181,10.6266],[76.4173,10.6279],[76.4191,10.6282],[76.4195,10.6274]]]]}},{"type":"Feature","properties":{"code":"20B39bl","basin":"BARATHAPUZHA","areaHa":106.67,"shedId":"RB20"},"geometry":{"type":"MultiPolygon","coordinates":[[[[76.4306,10.648],[76.4294,10.6475],[76.4251,10.6477],[76.4237,10.6461],[76.4227,10.6469],[76.4228,10.6478],[76.4243,10.6478],[76.4252,10.6489],[76.4251,10.6505],[76.4271,10.65],[76.43143,10.65027],[76.4306,10.648]]],[[[76.4355,10.6562],[76.4397,10.6599],[76.4396,10.6622],[76.4402,10.6633],[76.4445,10.6645],[76.4443,10.663],[76.4454,10.6628],[76.4458,10.6619],[76.4446,10.6624],[76.4429,10.6616],[76.441,10.6575],[76.43556,10.65275],[76.4355,10.6536],[76.4349,10.6537],[76.4355,10.6562]]],[[[76.4483,10.6621],[76.451,10.6659],[76.4503,10.6709],[76.4515,10.6763],[76.4496,10.6803],[76.4476,10.6873],[76.4443,10.6923],[76.4407,10.6957],[76.4407,10.6966],[76.4474,10.6893],[76.4494,10.6847],[76.4509,10.6783],[76.4527,10.6747],[76.4515,10.6698],[76.4518,10.6641],[76.4498,10.6612],[76.4483,10.6621]]]]}},{"type":"Feature","properties":{"code":"20B39bo","basin":"BARATHAPUZHA","areaHa":1.63,"shedId":"RB20"},"geometry":{"type":"Polygon","coordinates":[[[76.3934,10.7505],[76.3922,10.757],[76.3913,10.7606],[76.3923,10.7578],[76.3934,10.7505]]]}},{"type":"Feature","properties":{"code":"20B39c","basin":"BARATHAPUZHA","areaHa":2281.24,"shedId":"RB20"},"geometry":{"type":"Polygon","coordinates":[[[76.4934,10.6626],[76.4857,10.6606],[76.479,10.6606],[76.4747,10.664],[76.4735,10.6642],[76.4713,10.6629],[76.4705,10.6633],[76.4644,10.6695],[76.4595,10.6708],[76.4568,10.6699],[76.4554,10.6702],[76.4509,10.6783],[76.4503,10.6809],[76.4556,10.682],[76.4597,10.6805],[76.4618,10.6833],[76.4642,10.6847],[76.472,10.6853],[76.4752,10.6872],[76.4777,10.6898],[76.4801,10.6904],[76.4835,10.6941],[76.4822,10.6982],[76.4839,10.7012],[76.4858,10.7094],[76.4887,10.7114],[76.4927,10.7104],[76.495,10.7128],[76.496,10.716],[76.4972,10.7172],[76.5003,10.7155],[76.5003,10.7126],[76.5018,10.7089],[76.5042,10.7084],[76.507,10.7055],[76.5094,10.7042],[76.5147,10.703],[76.5182,10.7007],[76.5171,10.6971],[76.5148,10.6937],[76.5155,10.6896],[76.5115,10.6884],[76.5122,10.6856],[76.5142,10.6829],[76.5137,10.6786],[76.5065,10.677],[76.5062,10.6733],[76.5036,10.6705],[76.501,10.666],[76.4971,10.6656],[76.4934,10.6626]]]}},{"type":"Feature","properties":{"code":"20B39d","basin":"BARATHAPUZHA","areaHa":1345.44,"shedId":"RB20"},"geometry":{"type":"Polygon","coordinates":[[[76.5469,10.6747],[76.5443,10.6706],[76.543,10.6698],[76.5402,10.6705],[76.5361,10.6701],[76.5309,10.6712],[76.5282,10.6686],[76.5263,10.6657],[76.5256,10.66],[76.5236,10.6596],[76.5131,10.6618],[76.5075,10.6644],[76.501,10.666],[76.5036,10.6705],[76.5062,10.6733],[76.5063,10.6768],[76.5128,10.678],[76.514,10.6791],[76.5142,10.6829],[76.5122,10.6856],[76.5115,10.6884],[76.5155,10.6896],[76.5148,10.6937],[76.5171,10.6971],[76.5182,10.7007],[76.5236,10.699],[76.5242,10.697],[76.5262,10.6947],[76.5325,10.6918],[76.5342,10.6947],[76.5348,10.6948],[76.5383,10.6918],[76.5395,10.6921],[76.545,10.6955],[76.5474,10.6986],[76.5495,10.6996],[76.5499,10.6958],[76.5519,10.6917],[76.551,10.689],[76.5464,10.6863],[76.5451,10.6847],[76.5449,10.6819],[76.5465,10.6801],[76.5473,10.6776],[76.5469,10.6747]]]}},{"type":"Feature","properties":{"code":"20B39e","basin":"BARATHAPUZHA","areaHa":1477.87,"shedId":"RB20"},"geometry":{"type":"Polygon","coordinates":[[[76.56,10.6495],[76.5555,10.6499],[76.5521,10.6538],[76.5498,10.6529],[76.5428,10.6528],[76.5406,10.6511],[76.5376,10.6508],[76.5354,10.6532],[76.534,10.6567],[76.5285,10.6563],[76.5263,10.6599],[76.5256,10.66],[76.5263,10.6657],[76.5282,10.6686],[76.5309,10.6712],[76.5361,10.6701],[76.5402,10.6705],[76.543,10.6698],[76.5443,10.6706],[76.5469,10.6747],[76.5473,10.6776],[76.5465,10.6801],[76.5449,10.6819],[76.5451,10.6847],[76.5464,10.6863],[76.551,10.689],[76.5517,10.6905],[76.5517,10.6925],[76.5499,10.6958],[76.5495,10.6996],[76.5543,10.701],[76.5559,10.7008],[76.5569,10.699],[76.5588,10.6988],[76.56,10.695],[76.5626,10.6919],[76.5627,10.6893],[76.5643,10.6878],[76.566,10.6844],[76.5704,10.6853],[76.5704,10.6833],[76.5688,10.68],[76.571,10.6796],[76.5719,10.6784],[76.5714,10.6698],[76.5697,10.6638],[76.5674,10.6637],[76.5661,10.6626],[76.5631,10.6618],[76.5626,10.6574],[76.5607,10.6567],[76.5612,10.654],[76.56,10.6495]]]}},{"type":"Feature","properties":{"code":"20B39f","basin":"BARATHAPUZHA","areaHa":2088.97,"shedId":"RB20"},"geometry":{"type":"Polygon","coordinates":[[[76.5893,10.6674],[76.5824,10.6664],[76.5804,10.6677],[76.5776,10.6672],[76.5753,10.6679],[76.5697,10.6638],[76.5714,10.6698],[76.5719,10.6784],[76.571,10.6796],[76.5688,10.6802],[76.5704,10.6833],[76.5704,10.6853],[76.5745,10.6876],[76.5752,10.692],[76.5761,10.6927],[76.5772,10.6927],[76.5798,10.691],[76.5828,10.6907],[76.5841,10.6897],[76.5858,10.6867],[76.5878,10.6856],[76.5886,10.6818],[76.5921,10.6806],[76.5942,10.6813],[76.5966,10.6809],[76.5976,10.6826],[76.5966,10.6854],[76.5969,10.6872],[76.6005,10.6905],[76.6041,10.6915],[76.6107,10.6917],[76.6116,10.6912],[76.6125,10.6884],[76.6146,10.6871],[76.6201,10.6875],[76.6269,10.6906],[76.6278,10.6935],[76.6288,10.6945],[76.6363,10.6956],[76.6533,10.7025],[76.6578,10.7011],[76.6645,10.6934],[76.6625,10.6921],[76.6609,10.6895],[76.6556,10.6844],[76.6516,10.6788],[76.6493,10.6767],[76.6466,10.6753],[76.6403,10.6763],[76.6368,10.6793],[76.6306,10.6769],[76.6277,10.6741],[76.6255,10.6729],[76.6217,10.6721],[76.6136,10.6723],[76.6124,10.6713],[76.6064,10.6719],[76.604,10.671],[76.6016,10.669],[76.5996,10.6686],[76.5973,10.6672],[76.595,10.6671],[76.5926,10.6658],[76.5893,10.6674]]]}},{"type":"Feature","properties":{"code":"20B39g","basin":"BARATHAPUZHA","areaHa":1409.11,"shedId":"RB20"},"geometry":{"type":"Polygon","coordinates":[[[76.6294,10.6667],[76.627,10.6681],[76.623,10.669],[76.6214,10.6703],[76.6194,10.6706],[76.6179,10.672],[76.6255,10.6729],[76.6277,10.6741],[76.6306,10.6769],[76.6368,10.6793],[76.6411,10.676],[76.6471,10.6755],[76.6516,10.6788],[76.6556,10.6844],[76.6609,10.6895],[76.663,10.6926],[76.6645,10.6934],[76.6668,10.6934],[76.6721,10.6966],[76.679,10.6969],[76.6885,10.6992],[76.6897,10.6984],[76.6917,10.6947],[76.6958,10.6917],[76.6954,10.6878],[76.6976,10.6827],[76.6939,10.6815],[76.6866,10.6824],[76.6793,10.6801],[76.6684,10.6723],[76.6647,10.6719],[76.6591,10.6676],[76.6561,10.6645],[76.6557,10.6606],[76.6499,10.6602],[76.6452,10.6629],[76.6431,10.6624],[76.64,10.6637],[76.6355,10.6664],[76.6294,10.6667]]]}},{"type":"Feature","properties":{"code":"20B39h","basin":"BARATHAPUZHA","areaHa":2420.74,"shedId":"RB20"},"geometry":{"type":"Polygon","coordinates":[[[76.7095,10.658],[76.7099,10.6527],[76.7058,10.6461],[76.7046,10.6418],[76.7014,10.6404],[76.6981,10.6405],[76.6924,10.638],[76.6901,10.6375],[76.688,10.638],[76.6806,10.6428],[76.6795,10.6441],[76.6777,10.6444],[76.6755,10.6436],[76.6713,10.6442],[76.6666,10.6397],[76.6643,10.6383],[76.6601,10.6387],[76.6558,10.6411],[76.6544,10.6435],[76.6528,10.6447],[76.6536,10.6457],[76.6541,10.6503],[76.6536,10.6524],[76.656,10.6579],[76.6556,10.6631],[76.6564,10.665],[76.6647,10.6719],[76.6684,10.6723],[76.6793,10.6801],[76.6828,10.6808],[76.685,10.6821],[76.6877,10.6824],[76.6939,10.6815],[76.6988,10.6826],[76.7029,10.6794],[76.705,10.6745],[76.7094,10.6725],[76.7141,10.6691],[76.7182,10.6689],[76.7177,10.6665],[76.7156,10.6625],[76.7123,10.6601],[76.7101,10.6595],[76.7095,10.658]]]}},{"type":"Feature","properties":{"code":"20B39i","basin":"BARATHAPUZHA","areaHa":1263.13,"shedId":"RB20"},"geometry":{"type":"Polygon","coordinates":[[[76.6511,10.6446],[76.6489,10.6473],[76.6456,10.6491],[76.6408,10.6506],[76.6349,10.6486],[76.629,10.6481],[76.6273,10.6485],[76.6258,10.6504],[76.6249,10.6531],[76.6219,10.6536],[76.6194,10.6548],[76.6156,10.6546],[76.6151,10.6556],[76.6153,10.6593],[76.6037,10.6606],[76.602,10.6606],[76.5986,10.6593],[76.5906,10.6597],[76.5855,10.6624],[76.5828,10.6628],[76.5793,10.6616],[76.5735,10.6617],[76.5715,10.6611],[76.5649,10.6537],[76.5619,10.6491],[76.5614,10.6486],[76.56,10.6495],[76.5612,10.654],[76.5607,10.6567],[76.5626,10.6574],[76.5631,10.6618],[76.5661,10.6626],[76.5674,10.6637],[76.5697,10.6638],[76.5744,10.6676],[76.5758,10.6679],[76.5776,10.6672],[76.5804,10.6677],[76.5833,10.6661],[76.5893,10.6674],[76.5926,10.6658],[76.595,10.6671],[76.5973,10.6672],[76.5996,10.6686],[76.6016,10.669],[76.604,10.671],[76.6064,10.6719],[76.6124,10.6713],[76.6136,10.6723],[76.617,10.6724],[76.6194,10.6706],[76.627,10.6681],[76.6298,10.6664],[76.6312,10.6669],[76.6355,10.6664],[76.64,10.6637],[76.6431,10.6624],[76.6452,10.6629],[76.6499,10.6602],[76.6557,10.6606],[76.6558,10.657],[76.6536,10.6524],[76.6541,10.6511],[76.6536,10.6457],[76.6526,10.6445],[76.6511,10.6446]]]}},{"type":"Feature","properties":{"code":"20B39j","basin":"BARATHAPUZHA","areaHa":2474.27,"shedId":"RB20"},"geometry":{"type":"Polygon","coordinates":[[[76.5994,10.6222],[76.5945,10.6219],[76.5925,10.6228],[76.5861,10.6231],[76.5837,10.6243],[76.5802,10.6321],[76.5759,10.6336],[76.5756,10.6408],[76.5745,10.6443],[76.5724,10.6449],[76.5659,10.6438],[76.5614,10.6486],[76.5649,10.6537],[76.5715,10.6611],[76.5735,10.6617],[76.5793,10.6616],[76.5828,10.6628],[76.5855,10.6624],[76.5906,10.6597],[76.5986,10.6593],[76.602,10.6606],[76.6037,10.6606],[76.6153,10.6593],[76.6151,10.6556],[76.6156,10.6546],[76.6194,10.6548],[76.6219,10.6536],[76.6249,10.6531],[76.6267,10.649],[76.6281,10.6482],[76.6349,10.6486],[76.6408,10.6506],[76.6456,10.6491],[76.6498,10.6464],[76.6445,10.6437],[76.6425,10.6408],[76.6359,10.6364],[76.632,10.6304],[76.6228,10.632],[76.6198,10.6301],[76.6189,10.628],[76.6177,10.6278],[76.6046,10.6307],[76.6032,10.6296],[76.6033,10.6277],[76.6014,10.624],[76.5994,10.6222]]]}},{"type":"Feature","properties":{"code":"20B39k","basin":"BARATHAPUZHA","areaHa":1266.85,"shedId":"RB20"},"geometry":{"type":"Polygon","coordinates":[[[76.6169,10.6119],[76.6139,10.6082],[76.6131,10.6081],[76.6111,10.6112],[76.6075,10.613],[76.6052,10.6164],[76.6027,10.618],[76.6013,10.6217],[76.5994,10.6222],[76.602,10.625],[76.6039,10.6304],[76.6052,10.6308],[76.6078,10.6304],[76.6111,10.629],[76.6177,10.6278],[76.6189,10.628],[76.6198,10.6301],[76.6228,10.632],[76.632,10.6304],[76.6359,10.6364],[76.6425,10.6408],[76.6445,10.6437],[76.6498,10.6464],[76.6511,10.6446],[76.6534,10.6446],[76.6556,10.6413],[76.6574,10.6399],[76.6605,10.6387],[76.6595,10.6341],[76.6573,10.629],[76.6525,10.6243],[76.6434,10.6194],[76.64,10.6154],[76.6373,10.6136],[76.6335,10.6133],[76.6245,10.6159],[76.6219,10.6161],[76.6169,10.6119]]]}},{"type":"Feature","properties":{"code":"20B39l","basin":"BARATHAPUZHA","areaHa":4011.11,"shedId":"RB20"},"geometry":{"type":"Polygon","coordinates":[[[76.6272,10.6115],[76.6244,10.61],[76.6228,10.61],[76.6201,10.6102],[76.6186,10.6118],[76.6176,10.612],[76.6219,10.6161],[76.6245,10.6159],[76.6335,10.6133],[76.6373,10.6136],[76.64,10.6154],[76.6434,10.6194],[76.6525,10.6243],[76.6573,10.629],[76.6595,10.6341],[76.6605,10.6387],[76.6649,10.6386],[76.6713,10.6442],[76.6738,10.6436],[76.6755,10.6436],[76.677,10.6444],[76.6795,10.6441],[76.6823,10.6416],[76.6897,10.6375],[76.6924,10.638],[76.6981,10.6405],[76.7014,10.6404],[76.7042,10.6415],[76.7051,10.6425],[76.7058,10.6461],[76.7099,10.6527],[76.7094,10.6568],[76.7098,10.6592],[76.715,10.6618],[76.7177,10.6665],[76.7182,10.6689],[76.7236,10.6694],[76.7271,10.6681],[76.7318,10.6631],[76.7391,10.66],[76.7426,10.6578],[76.7441,10.6551],[76.7476,10.6525],[76.7499,10.6518],[76.7518,10.6521],[76.7574,10.6491],[76.7649,10.65],[76.7671,10.6486],[76.7691,10.6455],[76.7716,10.6435],[76.777,10.6433],[76.7709,10.6408],[76.7681,10.6372],[76.7636,10.6368],[76.7588,10.6342],[76.7571,10.6319],[76.7568,10.6303],[76.7513,10.6232],[76.7388,10.6154],[76.7366,10.616],[76.7283,10.6156],[76.7269,10.6204],[76.7222,10.622],[76.7158,10.6269],[76.715,10.6234],[76.7141,10.6225],[76.7108,10.6259],[76.7071,10.6273],[76.6995,10.6252],[76.6982,10.6202],[76.6949,10.6193],[76.6919,10.6173],[76.6893,10.6173],[76.6862,10.6184],[76.684,10.6226],[76.6796,10.6221],[76.677,10.6234],[76.67,10.6247],[76.6676,10.6239],[76.6643,10.6209],[76.6637,10.6157],[76.6625,10.615],[76.6595,10.6166],[76.658,10.6167],[76.6548,10.6127],[76.6491,10.613],[76.6481,10.6107],[76.6453,10.6122],[76.6415,10.6108],[76.6378,10.6114],[76.6351,10.6103],[76.6272,10.6115]]]}},{"type":"Feature","properties":{"code":"20B39m","basin":"BARATHAPUZHA","areaHa":1875.71,"shedId":"RB20"},"geometry":{"type":"Polygon","coordinates":[[[76.8144,10.6362],[76.8148,10.6294],[76.8134,10.6283],[76.8109,10.6243],[76.8081,10.624],[76.8068,10.6261],[76.807,10.6276],[76.8089,10.6294],[76.8083,10.6308],[76.8096,10.6345],[76.8085,10.6355],[76.8064,10.632],[76.8038,10.6307],[76.7999,10.627],[76.8008,10.6256],[76.8,10.6243],[76.792,10.6226],[76.786,10.6239],[76.7834,10.6238],[76.782,10.625],[76.7804,10.6251],[76.7777,10.6198],[76.7711,10.6189],[76.7685,10.6166],[76.7683,10.6141],[76.7664,10.6129],[76.7652,10.6102],[76.7626,10.6104],[76.7606,10.6082],[76.7588,10.6112],[76.7561,10.61],[76.7553,10.6103],[76.7534,10.6135],[76.7503,10.6153],[76.7492,10.6173],[76.7481,10.6179],[76.7456,10.6179],[76.7409,10.6153],[76.7388,10.6154],[76.7513,10.6232],[76.7568,10.6303],[76.7571,10.6319],[76.7588,10.6342],[76.7636,10.6368],[76.7681,10.6372],[76.7709,10.6408],[76.7768,10.6428],[76.7916,10.6504],[76.7932,10.6504],[76.8005,10.6478],[76.8068,10.6487],[76.8118,10.6456],[76.8177,10.6461],[76.8245,10.6447],[76.8257,10.6416],[76.8298,10.6375],[76.8277,10.6363],[76.8215,10.635],[76.8157,10.6354],[76.8144,10.6362]]]}},{"type":"Feature","properties":{"code":"20B39n","basin":"BARATHAPUZHA","areaHa":325.85,"shedId":"RB20"},"geometry":{"type":"Polygon","coordinates":[[[76.8362,10.5442],[76.8312,10.5417],[76.8309,10.5422],[76.828,10.5606],[76.8282,10.5636],[76.8309,10.5669],[76.8323,10.5737],[76.8358,10.5817],[76.8325,10.5886],[76.8343,10.5954],[76.833,10.5989],[76.838,10.5976],[76.8387,10.5953],[76.8377,10.5945],[76.8383,10.593],[76.8383,10.589],[76.8371,10.5872],[76.8374,10.5863],[76.8365,10.5858],[76.8368,10.5841],[76.8378,10.5835],[76.837,10.5826],[76.8377,10.5811],[76.8369,10.5812],[76.8359,10.5803],[76.8353,10.5782],[76.8345,10.5778],[76.8333,10.5753],[76.8346,10.5721],[76.8349,10.5681],[76.8367,10.5659],[76.8385,10.565],[76.8386,10.5633],[76.8392,10.5629],[76.8386,10.5624],[76.8392,10.5613],[76.8389,10.5605],[76.8359,10.5583],[76.8357,10.5572],[76.8361,10.5544],[76.8355,10.5535],[76.8354,10.548],[76.8362,10.5442]]]}},{"type":"Feature","properties":{"code":"20B39o","basin":"BARATHAPUZHA","areaHa":851.42,"shedId":"RB20"},"geometry":{"type":"Polygon","coordinates":[[[76.8328,10.5987],[76.8343,10.5954],[76.8325,10.5886],[76.8358,10.5817],[76.8323,10.5737],[76.8309,10.5669],[76.8282,10.5636],[76.8245,10.5654],[76.8144,10.5754],[76.817,10.5802],[76.8172,10.5822],[76.8155,10.5836],[76.8113,10.585],[76.8106,10.588],[76.8118,10.5922],[76.8117,10.5961],[76.8084,10.5967],[76.8064,10.5981],[76.8102,10.6025],[76.8115,10.6079],[76.8129,10.6083],[76.815,10.6109],[76.8181,10.6121],[76.819,10.6115],[76.8179,10.6094],[76.8154,10.6079],[76.8168,10.6059],[76.8174,10.6029],[76.8194,10.6022],[76.822,10.5995],[76.8263,10.5968],[76.8279,10.597],[76.8288,10.5978],[76.8303,10.5976],[76.8319,10.5994],[76.8328,10.5987]]]}},{"type":"Feature","properties":{"code":"20B39p","basin":"BARATHAPUZHA","areaHa":444.58,"shedId":"RB20"},"geometry":{"type":"Polygon","coordinates":[[[76.811,10.624],[76.8117,10.6225],[76.8114,10.6212],[76.8125,10.6202],[76.8125,10.6194],[76.8141,10.6191],[76.8153,10.6171],[76.8168,10.6167],[76.8163,10.6146],[76.8182,10.6121],[76.815,10.6109],[76.8124,10.6079],[76.8102,10.6084],[76.8089,10.6113],[76.8036,10.612],[76.7964,10.6164],[76.7937,10.6191],[76.7887,10.6207],[76.784,10.6208],[76.7747,10.6169],[76.7697,10.6158],[76.7684,10.6163],[76.7693,10.6176],[76.772,10.6193],[76.7777,10.6198],[76.7804,10.6251],[76.782,10.625],[76.7834,10.6238],[76.786,10.6239],[76.792,10.6226],[76.8,10.6243],[76.8008,10.6256],[76.7999,10.627],[76.8038,10.6307],[76.8064,10.632],[76.8085,10.6355],[76.8096,10.6345],[76.8083,10.6308],[76.8089,10.6294],[76.807,10.6276],[76.8068,10.6261],[76.8081,10.624],[76.811,10.624]]]}},{"type":"Feature","properties":{"code":"20B39q","basin":"BARATHAPUZHA","areaHa":769.67,"shedId":"RB20"},"geometry":{"type":"Polygon","coordinates":[[[76.8115,10.6079],[76.8102,10.6025],[76.8064,10.5981],[76.8014,10.5988],[76.7977,10.5975],[76.7956,10.5975],[76.7868,10.5995],[76.7824,10.6015],[76.7789,10.6046],[76.7758,10.6102],[76.7705,10.6097],[76.7678,10.6102],[76.7644,10.6092],[76.7638,10.6101],[76.7652,10.6102],[76.7664,10.6129],[76.7683,10.6141],[76.7684,10.6163],[76.7697,10.6158],[76.7747,10.6169],[76.784,10.6208],[76.7861,10.6211],[76.7937,10.6191],[76.7964,10.6164],[76.8036,10.612],[76.8089,10.6113],[76.8102,10.6084],[76.8115,10.6079]]]}},{"type":"Feature","properties":{"code":"20B39r","basin":"BARATHAPUZHA","areaHa":630.76,"shedId":"RB20"},"geometry":{"type":"Polygon","coordinates":[[[76.8055,10.5984],[76.8084,10.5967],[76.8117,10.5961],[76.8118,10.5922],[76.8106,10.588],[76.8113,10.585],[76.8155,10.5836],[76.8172,10.5822],[76.817,10.5802],[76.8144,10.5754],[76.8103,10.5773],[76.8074,10.5812],[76.8006,10.5876],[76.7926,10.5907],[76.7895,10.5937],[76.7853,10.5944],[76.778,10.5936],[76.7763,10.594],[76.7749,10.5953],[76.774,10.5975],[76.7702,10.6],[76.7679,10.6006],[76.7648,10.6066],[76.765,10.6085],[76.7644,10.6092],[76.7678,10.6102],[76.7699,10.6097],[76.7758,10.6102],[76.7789,10.6046],[76.7843,10.6004],[76.7947,10.5976],[76.7972,10.5974],[76.8014,10.5988],[76.8055,10.5984]]]}},{"type":"Feature","properties":{"code":"20B39s","basin":"BARATHAPUZHA","areaHa":2014.98,"shedId":"RB20"},"geometry":{"type":"Polygon","coordinates":[[[76.8312,10.5417],[76.827,10.5406],[76.8166,10.5439],[76.8096,10.5442],[76.7968,10.546],[76.7881,10.5501],[76.7858,10.5532],[76.7878,10.5543],[76.7887,10.5559],[76.7905,10.566],[76.7901,10.5696],[76.7848,10.5738],[76.7815,10.5781],[76.7784,10.5809],[76.7782,10.5834],[76.7791,10.5848],[76.7822,10.5842],[76.781,10.586],[76.7785,10.5855],[76.7768,10.5836],[76.7752,10.5844],[76.7745,10.5856],[76.772,10.5859],[76.7712,10.5876],[76.7733,10.5894],[76.7753,10.5896],[76.7777,10.5888],[76.7784,10.5899],[76.7817,10.5913],[76.7793,10.5919],[76.7686,10.5918],[76.7672,10.594],[76.7681,10.5969],[76.7679,10.6006],[76.7702,10.6],[76.774,10.5975],[76.7753,10.5947],[76.777,10.5937],[76.7847,10.5944],[76.7889,10.5939],[76.7926,10.5907],[76.8006,10.5876],[76.8074,10.5812],[76.8103,10.5773],[76.8153,10.5748],[76.8245,10.5654],[76.8278,10.564],[76.8289,10.5525],[76.8312,10.5417]]]}},{"type":"Feature","properties":{"code":"20B39t","basin":"BARATHAPUZHA","areaHa":1236.07,"shedId":"RB20"},"geometry":{"type":"Polygon","coordinates":[[[76.7858,10.5532],[76.7714,10.5566],[76.7606,10.5573],[76.7578,10.5568],[76.7559,10.5598],[76.7547,10.5628],[76.7548,10.5665],[76.7562,10.5697],[76.7569,10.574],[76.7624,10.5784],[76.7624,10.5818],[76.761,10.5877],[76.7624,10.5882],[76.7624,10.5909],[76.7642,10.5921],[76.7642,10.5947],[76.7637,10.5982],[76.7625,10.5997],[76.7617,10.6032],[76.7534,10.6075],[76.7532,10.6084],[76.7549,10.6109],[76.7561,10.61],[76.7588,10.6112],[76.7602,10.6082],[76.7626,10.6104],[76.7638,10.6101],[76.765,10.6085],[76.7648,10.6066],[76.7662,10.6047],[76.7667,10.6024],[76.7683,10.5996],[76.7672,10.594],[76.7686,10.5918],[76.7816,10.5915],[76.7813,10.5908],[76.7784,10.5899],[76.7777,10.5888],[76.7753,10.5896],[76.7733,10.5894],[76.7712,10.5876],[76.772,10.5859],[76.7745,10.5856],[76.7752,10.5844],[76.7768,10.5836],[76.7785,10.5855],[76.781,10.586],[76.7822,10.5842],[76.7791,10.5848],[76.7782,10.5834],[76.7784,10.5809],[76.7815,10.5781],[76.7848,10.5738],[76.7901,10.5696],[76.7905,10.566],[76.7887,10.5559],[76.7878,10.5543],[76.7858,10.5532]]]}},{"type":"Feature","properties":{"code":"20B39u","basin":"BARATHAPUZHA","areaHa":2164.8,"shedId":"RB20"},"geometry":{"type":"Polygon","coordinates":[[[76.7404,10.6152],[76.7456,10.6179],[76.7481,10.6179],[76.7492,10.6173],[76.7503,10.6153],[76.7534,10.6135],[76.7549,10.6109],[76.7532,10.6084],[76.7536,10.6072],[76.7617,10.6032],[76.7625,10.5997],[76.7637,10.5982],[76.7642,10.5921],[76.7624,10.5909],[76.7624,10.5882],[76.759,10.5876],[76.7542,10.588],[76.752,10.5885],[76.7462,10.5918],[76.7432,10.5922],[76.739,10.5895],[76.7346,10.5886],[76.7279,10.5902],[76.724,10.5869],[76.7226,10.5864],[76.7155,10.5866],[76.7142,10.5899],[76.7139,10.5927],[76.71,10.5976],[76.7082,10.6022],[76.7072,10.6076],[76.7048,10.6106],[76.7025,10.6121],[76.6987,10.6132],[76.6934,10.6129],[76.6869,10.6137],[76.6672,10.6236],[76.6691,10.6246],[76.6712,10.6247],[76.677,10.6234],[76.6796,10.6221],[76.684,10.6226],[76.6862,10.6184],[76.6908,10.6171],[76.6932,10.6179],[76.6949,10.6193],[76.6982,10.6202],[76.7,10.6255],[76.703,10.626],[76.7046,10.627],[76.7082,10.6273],[76.7108,10.6259],[76.7141,10.6225],[76.715,10.6234],[76.7158,10.6269],[76.7222,10.622],[76.7269,10.6204],[76.7283,10.6156],[76.7366,10.616],[76.7404,10.6152]]]}},{"type":"Feature","properties":{"code":"20B39v","basin":"BARATHAPUZHA","areaHa":1759.02,"shedId":"RB20"},"geometry":{"type":"Polygon","coordinates":[[[76.7144,10.5892],[76.7091,10.5879],[76.7063,10.5883],[76.7041,10.5869],[76.7016,10.5865],[76.7004,10.587],[76.6992,10.5893],[76.6963,10.5898],[76.6934,10.5872],[76.6839,10.5948],[76.6791,10.5967],[76.6762,10.5966],[76.6703,10.5946],[76.6663,10.5974],[76.6615,10.5982],[76.6587,10.6006],[76.653,10.5991],[76.6504,10.6003],[76.6479,10.6024],[76.6429,10.6047],[76.6413,10.6042],[76.6389,10.6019],[76.6354,10.6007],[76.6348,10.6016],[76.6346,10.6054],[76.6332,10.6075],[76.6313,10.6085],[76.6244,10.61],[76.6272,10.6115],[76.6351,10.6103],[76.6378,10.6114],[76.6415,10.6108],[76.6453,10.6122],[76.6481,10.6107],[76.6491,10.613],[76.6548,10.6127],[76.658,10.6167],[76.6595,10.6166],[76.6625,10.615],[76.6637,10.6157],[76.6643,10.6209],[76.6672,10.6236],[76.6869,10.6137],[76.6934,10.6129],[76.6987,10.6132],[76.7025,10.6121],[76.7057,10.6099],[76.7072,10.6076],[76.7096,10.5984],[76.7139,10.5927],[76.7144,10.5892]]]}},{"type":"Feature","properties":{"code":"20B39w","basin":"BARATHAPUZHA","areaHa":1316.87,"shedId":"RB20"},"geometry":{"type":"Polygon","coordinates":[[[76.7277,10.581],[76.7245,10.5832],[76.7235,10.583],[76.7219,10.5804],[76.7193,10.5797],[76.7181,10.5812],[76.7143,10.5818],[76.7135,10.5831],[76.7114,10.5829],[76.7084,10.5811],[76.7045,10.5827],[76.7027,10.5822],[76.6992,10.5826],[76.6963,10.5814],[76.6923,10.5809],[76.6905,10.579],[76.6871,10.5793],[76.6807,10.5814],[76.677,10.581],[76.6678,10.5824],[76.6648,10.5813],[76.6592,10.585],[76.6581,10.587],[76.6549,10.5879],[76.6516,10.5879],[76.6491,10.5895],[76.6451,10.5903],[76.6407,10.594],[76.6391,10.5981],[76.6326,10.5959],[76.6309,10.5962],[76.6324,10.6029],[76.623,10.61],[76.6327,10.6079],[76.6346,10.6054],[76.6348,10.6016],[76.6354,10.6007],[76.6389,10.6019],[76.6413,10.6042],[76.6429,10.6047],[76.6479,10.6024],[76.6504,10.6003],[76.653,10.5991],[76.6587,10.6006],[76.6615,10.5982],[76.6663,10.5974],[76.6703,10.5946],[76.6762,10.5966],[76.6791,10.5967],[76.6839,10.5948],[76.6934,10.5872],[76.6963,10.5898],[76.6992,10.5893],[76.7004,10.587],[76.7016,10.5865],[76.7041,10.5869],[76.7063,10.5883],[76.7091,10.5879],[76.7144,10.5892],[76.7155,10.5866],[76.7207,10.5861],[76.724,10.5869],[76.7279,10.5902],[76.7298,10.5901],[76.7334,10.5886],[76.7397,10.5898],[76.7402,10.5861],[76.7423,10.5847],[76.742,10.583],[76.7398,10.581],[76.7296,10.5819],[76.7277,10.581]]]}},{"type":"Feature","properties":{"code":"20B39x","basin":"BARATHAPUZHA","areaHa":1399.81,"shedId":"RB20"},"geometry":{"type":"Polygon","coordinates":[[[76.7537,10.5543],[76.749,10.5473],[76.7439,10.5432],[76.7388,10.5402],[76.7361,10.5455],[76.7302,10.5525],[76.7306,10.5556],[76.7254,10.5719],[76.7268,10.5788],[76.7285,10.5818],[76.7376,10.5809],[76.7398,10.581],[76.7409,10.5817],[76.742,10.583],[76.7423,10.5847],[76.7402,10.5861],[76.7397,10.5898],[76.7432,10.5922],[76.7462,10.5918],[76.752,10.5885],[76.7552,10.5878],[76.761,10.5877],[76.7616,10.5858],[76.7624,10.5784],[76.7569,10.574],[76.7562,10.5697],[76.7546,10.5652],[76.7548,10.5624],[76.7578,10.5568],[76.7559,10.5562],[76.7537,10.5543]]]}},{"type":"Feature","properties":{"code":"20B39y","basin":"BARATHAPUZHA","areaHa":819.88,"shedId":"RB20"},"geometry":{"type":"Polygon","coordinates":[[[76.7362,10.539],[76.7324,10.5377],[76.7316,10.5426],[76.7283,10.546],[76.7221,10.5497],[76.7131,10.5529],[76.7119,10.5574],[76.7092,10.563],[76.7092,10.5644],[76.711,10.5685],[76.7097,10.5722],[76.7093,10.5759],[76.7067,10.5776],[76.6999,10.5781],[76.6954,10.5813],[76.6992,10.5826],[76.7027,10.5822],[76.7045,10.5827],[76.7084,10.5811],[76.7114,10.5829],[76.7135,10.5831],[76.7143,10.5818],[76.7181,10.5812],[76.7193,10.5797],[76.7219,10.5804],[76.7235,10.583],[76.7245,10.5832],[76.7277,10.5809],[76.7255,10.5743],[76.7255,10.5714],[76.7306,10.5556],[76.7302,10.5525],[76.7354,10.5465],[76.7387,10.5406],[76.7362,10.539]]]}},{"type":"Feature","properties":{"code":"20B39z","basin":"BARATHAPUZHA","areaHa":1564.73,"shedId":"RB20"},"geometry":{"type":"Polygon","coordinates":[[[76.7324,10.5377],[76.7285,10.5363],[76.7221,10.5322],[76.7171,10.5314],[76.7134,10.5319],[76.7093,10.5309],[76.7075,10.531],[76.7028,10.5332],[76.6957,10.5324],[76.6912,10.5326],[76.6879,10.5331],[76.6874,10.5339],[76.6846,10.5348],[76.6842,10.5356],[76.6849,10.54],[76.6907,10.5421],[76.6967,10.5476],[76.6974,10.5507],[76.696,10.5519],[76.6978,10.5543],[76.6982,10.5572],[76.6962,10.5608],[76.6854,10.5673],[76.6837,10.5693],[76.6833,10.5703],[76.6838,10.577],[76.6829,10.5805],[76.6905,10.579],[76.6923,10.5809],[76.6954,10.5813],[76.6999,10.5781],[76.7067,10.5776],[76.709,10.5763],[76.7098,10.5718],[76.711,10.5689],[76.7092,10.5644],[76.7092,10.563],[76.7119,10.5574],[76.7129,10.5532],[76.7221,10.5497],[76.7283,10.546],[76.7316,10.5426],[76.7324,10.5377]]]}},{"type":"Feature","properties":{"code":"20B3a","basin":"BARATHAPUZHA","areaHa":6.69,"shedId":"RB20"},"geometry":{"type":"Polygon","coordinates":[[[76.0732,10.8375],[76.0697,10.8371],[76.0697,10.83857],[76.0735,10.8391],[76.0732,10.8375]]]}},{"type":"Feature","properties":{"code":"20B3f","basin":"BARATHAPUZHA","areaHa":21.08,"shedId":"RB20"},"geometry":{"type":"Polygon","coordinates":[[[76.0854,10.8389],[76.0782,10.8386],[76.0732,10.8375],[76.0735,10.8391],[76.0755,10.8396],[76.0854,10.8405],[76.0854,10.8389]]]}},{"type":"Feature","properties":{"code":"20B43a","basin":"BARATHAPUZHA","areaHa":16.79,"shedId":"RB20"},"geometry":{"type":"MultiPolygon","coordinates":[[[[76.2475,10.7662],[76.2486,10.76],[76.2457,10.7529],[76.24629,10.74904],[76.2456,10.7496],[76.2451,10.7545],[76.2476,10.7599],[76.2479,10.762],[76.246,10.7696],[76.2475,10.7662]]],[[[76.2047,10.7691],[76.2053,10.7688],[76.2054,10.7686],[76.2047,10.7691]]]]}},{"type":"Feature","properties":{"code":"20B44a","basin":"BARATHAPUZHA","areaHa":676.32,"shedId":"RB20"},"geometry":{"type":"Polygon","coordinates":[[[76.1885,10.7816],[76.1888,10.7804],[76.1921,10.777],[76.1937,10.7769],[76.1937,10.7781],[76.1945,10.7781],[76.1947,10.776],[76.198,10.7749],[76.2055,10.7684],[76.2049,10.7643],[76.2039,10.7621],[76.2036,10.7521],[76.2029,10.7517],[76.2001,10.7523],[76.1964,10.7517],[76.1942,10.7523],[76.19287,10.75152],[76.1923,10.7519],[76.1883,10.7564],[76.1875,10.7617],[76.1867,10.7629],[76.1838,10.7633],[76.1808,10.7657],[76.1805,10.7668],[76.1812,10.7694],[76.1804,10.7719],[76.1744,10.7734],[76.1752,10.7786],[76.1774,10.7804],[76.1813,10.7811],[76.1811,10.7822],[76.1818,10.7831],[76.1848,10.7846],[76.1857,10.7833],[76.1885,10.7816]]]}},{"type":"Feature","properties":{"code":"20B44b","basin":"BARATHAPUZHA","areaHa":217.28,"shedId":"RB20"},"geometry":{"type":"Polygon","coordinates":[[[76.19287,10.75152],[76.1912,10.74875],[76.1912,10.7499],[76.1906,10.7502],[76.1889,10.7493],[76.1871,10.7504],[76.1852,10.7527],[76.1836,10.7525],[76.181,10.7595],[76.179,10.7596],[76.1747,10.7621],[76.1725,10.7694],[76.1744,10.7734],[76.1796,10.7723],[76.1808,10.7714],[76.1808,10.7657],[76.1838,10.7633],[76.1867,10.7629],[76.1875,10.7617],[76.1883,10.7564],[76.19287,10.75152]]]}},{"type":"Feature","properties":{"code":"20B44e","basin":"BARATHAPUZHA","areaHa":64.45,"shedId":"RB20"},"geometry":{"type":"Polygon","coordinates":[[[76.1911,10.7484],[76.1906,10.7483],[76.1913,10.745],[76.1907,10.7435],[76.1879,10.7417],[76.1866,10.7388],[76.1836,10.7367],[76.1865,10.7453],[76.1862,10.7472],[76.1837,10.7525],[76.1852,10.7527],[76.1871,10.7504],[76.1889,10.7493],[76.1909,10.7501],[76.1911,10.7484]]]}},{"type":"Feature","properties":{"code":"20B44f","basin":"BARATHAPUZHA","areaHa":665.94,"shedId":"RB20"},"geometry":{"type":"Polygon","coordinates":[[[76.181,10.7595],[76.1862,10.7472],[76.1865,10.7453],[76.1826,10.7344],[76.1811,10.7345],[76.1815,10.7297],[76.1788,10.7285],[76.1767,10.7239],[76.1755,10.7235],[76.1752,10.7257],[76.1734,10.7262],[76.1723,10.7258],[76.1696,10.7221],[76.1667,10.721],[76.1646,10.7213],[76.1626,10.7255],[76.1597,10.7271],[76.1602,10.7307],[76.1652,10.7332],[76.1657,10.7369],[76.1715,10.745],[76.1719,10.7477],[76.1745,10.7497],[76.1758,10.7528],[76.1757,10.7559],[76.1733,10.7587],[76.1706,10.7603],[76.1675,10.7606],[76.1693,10.7636],[76.1736,10.7665],[76.1747,10.7621],[76.179,10.7596],[76.181,10.7595]]]}},{"type":"Feature","properties":{"code":"20B44g","basin":"BARATHAPUZHA","areaHa":983.26,"shedId":"RB20"},"geometry":{"type":"Polygon","coordinates":[[[76.1664,10.7753],[76.1689,10.771],[76.1735,10.7716],[76.1725,10.7694],[76.1736,10.7665],[76.1701,10.7644],[76.1675,10.7606],[76.1706,10.7603],[76.1733,10.7587],[76.1757,10.7559],[76.1758,10.7528],[76.1745,10.7497],[76.1719,10.7477],[76.1715,10.745],[76.1657,10.7369],[76.1652,10.7332],[76.1602,10.7307],[76.16,10.7326],[76.1574,10.735],[76.1586,10.7379],[76.1582,10.741],[76.1548,10.7439],[76.1517,10.7508],[76.1494,10.7523],[76.1474,10.7527],[76.1461,10.7549],[76.1484,10.7581],[76.1535,10.7622],[76.1542,10.7681],[76.1539,10.7723],[76.1536,10.774],[76.1519,10.7767],[76.1528,10.7829],[76.1602,10.7813],[76.1664,10.7753]]]}},{"type":"Feature","properties":{"code":"20B44h","basin":"BARATHAPUZHA","areaHa":522.69,"shedId":"RB20"},"geometry":{"type":"Polygon","coordinates":[[[76.1848,10.7846],[76.1815,10.7829],[76.181,10.7809],[76.1774,10.7804],[76.1752,10.7786],[76.1746,10.774],[76.1735,10.7716],[76.1696,10.7708],[76.1684,10.7713],[76.167,10.7745],[76.1648,10.7773],[76.1591,10.7819],[76.1594,10.7845],[76.1622,10.7884],[76.163,10.7938],[76.1652,10.7929],[76.1688,10.7929],[76.1775,10.7979],[76.1833,10.798],[76.1853,10.7969],[76.1856,10.7933],[76.1843,10.7883],[76.1848,10.7846]]]}},{"type":"Feature","properties":{"code":"20B45a","basin":"BARATHAPUZHA","areaHa":854.47,"shedId":"RB20"},"geometry":{"type":"Polygon","coordinates":[[[76.158,10.7815],[76.1486,10.7846],[76.1507,10.7897],[76.1475,10.7932],[76.1433,10.7952],[76.1383,10.7907],[76.1404,10.787],[76.1403,10.7849],[76.1333,10.7841],[76.1299,10.7829],[76.1277,10.784],[76.1269,10.7859],[76.1261,10.7924],[76.125,10.7944],[76.1214,10.797],[76.1202,10.7991],[76.1202,10.8006],[76.1219,10.8045],[76.1245,10.8037],[76.1277,10.8041],[76.1316,10.8067],[76.1342,10.8093],[76.1393,10.8112],[76.1431,10.8107],[76.1445,10.8099],[76.1524,10.8009],[76.163,10.7938],[76.1622,10.7884],[76.1594,10.7845],[76.1593,10.7821],[76.158,10.7815]]]}},{"type":"Feature","properties":{"code":"20B46a","basin":"BARATHAPUZHA","areaHa":2345.97,"shedId":"RB20"},"geometry":{"type":"Polygon","coordinates":[[[76.1116,10.7558],[76.1049,10.7579],[76.1017,10.7605],[76.1004,10.7625],[76.1004,10.7648],[76.1035,10.766],[76.105,10.7676],[76.1068,10.7729],[76.1067,10.7738],[76.1058,10.7743],[76.1027,10.7739],[76.0995,10.7778],[76.0997,10.7788],[76.1031,10.7801],[76.1041,10.7825],[76.1035,10.7833],[76.1004,10.7841],[76.0989,10.7862],[76.0979,10.7892],[76.102,10.7911],[76.1023,10.7949],[76.1049,10.7987],[76.1069,10.8069],[76.1086,10.8108],[76.1219,10.8045],[76.1202,10.8006],[76.1202,10.7991],[76.1214,10.797],[76.1253,10.794],[76.1265,10.791],[76.1273,10.7848],[76.1277,10.784],[76.1299,10.7829],[76.1333,10.7841],[76.1403,10.7849],[76.1404,10.787],[76.1383,10.7907],[76.1429,10.795],[76.1437,10.7951],[76.1479,10.7929],[76.1507,10.7897],[76.1486,10.7846],[76.1528,10.7829],[76.1519,10.7767],[76.1536,10.774],[76.1542,10.7686],[76.1533,10.7618],[76.1484,10.7581],[76.1461,10.7549],[76.1415,10.7574],[76.1368,10.7566],[76.1323,10.7577],[76.1252,10.7558],[76.1173,10.7576],[76.1116,10.7558]]]}},{"type":"Feature","properties":{"code":"20B47a","basin":"BARATHAPUZHA","areaHa":1680.3,"shedId":"RB20"},"geometry":{"type":"Polygon","coordinates":[[[76.0867,10.7735],[76.0767,10.7714],[76.0739,10.7717],[76.0724,10.7735],[76.0717,10.7777],[76.07,10.7814],[76.0676,10.7836],[76.0681,10.7877],[76.0703,10.7896],[76.0693,10.7914],[76.0708,10.7969],[76.0698,10.8083],[76.071,10.8104],[76.0721,10.815],[76.0741,10.8177],[76.0744,10.8209],[76.085,10.8221],[76.0926,10.8256],[76.0933,10.8225],[76.0966,10.8191],[76.1044,10.8124],[76.1086,10.8108],[76.1069,10.8069],[76.1049,10.7987],[76.1023,10.7949],[76.1017,10.7906],[76.0979,10.7892],[76.0965,10.7904],[76.0949,10.7905],[76.0927,10.7843],[76.0872,10.7804],[76.0886,10.7775],[76.0881,10.7744],[76.0867,10.7735]]]}},{"type":"Feature","properties":{"code":"20B48a","basin":"BARATHAPUZHA","areaHa":1736.75,"shedId":"RB20"},"geometry":{"type":"Polygon","coordinates":[[[76.0721,10.815],[76.0698,10.8083],[76.0703,10.8051],[76.0698,10.8044],[76.068,10.8047],[76.065,10.806],[76.0604,10.8109],[76.0511,10.8188],[76.0459,10.8196],[76.0424,10.8188],[76.0394,10.8166],[76.0388,10.8156],[76.0394,10.8116],[76.0389,10.8105],[76.0372,10.8091],[76.0351,10.8084],[76.0345,10.8092],[76.0355,10.8097],[76.0354,10.8127],[76.0371,10.8128],[76.0368,10.8155],[76.0348,10.8159],[76.0338,10.8169],[76.0327,10.8168],[76.0306,10.8198],[76.0303,10.8216],[76.0293,10.822],[76.0289,10.8204],[76.0262,10.8228],[76.0277,10.8234],[76.0278,10.8245],[76.0287,10.8249],[76.0279,10.8257],[76.02892,10.82777],[76.0302,10.8257],[76.0326,10.8259],[76.0385,10.8383],[76.0397,10.8439],[76.0426,10.8474],[76.0494,10.847],[76.0519,10.846],[76.0604,10.8393],[76.0689,10.8371],[76.083,10.839],[76.0885,10.839],[76.0905,10.8379],[76.0926,10.8256],[76.085,10.8221],[76.0744,10.8209],[76.0741,10.8177],[76.0721,10.815]]]}},{"type":"Feature","properties":{"code":"20B4a","basin":"BARATHAPUZHA","areaHa":150.32,"shedId":"RB20"},"geometry":{"type":"Polygon","coordinates":[[[76.0928,10.839],[76.0854,10.8389],[76.0854,10.8405],[76.0918,10.8405],[76.0961,10.8415],[76.1001,10.8436],[76.1016,10.8458],[76.1022,10.8482],[76.1017,10.8676],[76.1024,10.8709],[76.1039,10.8716],[76.1051,10.8711],[76.1111,10.8666],[76.1129,10.8672],[76.1135,10.877],[76.1151,10.8822],[76.1166,10.8823],[76.1292,10.8786],[76.1314,10.8792],[76.1317,10.8803],[76.1301,10.8854],[76.1302,10.8938],[76.1309,10.8938],[76.1303,10.8877],[76.131,10.8835],[76.1327,10.8791],[76.1325,10.8771],[76.131,10.877],[76.1256,10.879],[76.123,10.8789],[76.1157,10.8809],[76.1143,10.8761],[76.1141,10.8681],[76.1134,10.8657],[76.1128,10.8653],[76.1103,10.8659],[76.1053,10.8697],[76.1034,10.869],[76.1028,10.8651],[76.1035,10.8611],[76.1031,10.8449],[76.1,10.8414],[76.0973,10.84],[76.0928,10.839]]]}},{"type":"Feature","properties":{"code":"20B4aa","basin":"BARATHAPUZHA","areaHa":392.45,"shedId":"RB20"},"geometry":{"type":"Polygon","coordinates":[[[76.4313,11.1178],[76.4301,11.1197],[76.4271,11.1214],[76.4255,11.1236],[76.4244,11.1279],[76.4225,11.1291],[76.4222,11.1302],[76.4242,11.1306],[76.4265,11.1332],[76.4308,11.133],[76.4329,11.1342],[76.4357,11.138],[76.4376,11.1386],[76.4451,11.1388],[76.4555,11.1414],[76.4523,11.1342],[76.441,11.1268],[76.4371,11.126],[76.435,11.1217],[76.4313,11.1178]]]}},{"type":"Feature","properties":{"code":"20B4ab","basin":"BARATHAPUZHA","areaHa":615.75,"shedId":"RB20"},"geometry":{"type":"Polygon","coordinates":[[[76.4672,11.135],[76.4646,11.1319],[76.4619,11.1299],[76.4611,11.1262],[76.4589,11.1238],[76.4511,11.12],[76.446,11.119],[76.4438,11.1171],[76.4341,11.1142],[76.4327,11.1108],[76.4305,11.1135],[76.4303,11.1147],[76.4313,11.1178],[76.435,11.1217],[76.4371,11.126],[76.441,11.1268],[76.4523,11.1342],[76.4555,11.1414],[76.4581,11.1414],[76.4597,11.1424],[76.4638,11.1413],[76.4652,11.1418],[76.467,11.1452],[76.4684,11.146],[76.4688,11.1486],[76.4683,11.1513],[76.47,11.1539],[76.4725,11.1511],[76.4719,11.1471],[76.4723,11.1438],[76.4714,11.1414],[76.4726,11.1397],[76.4672,11.135]]]}},{"type":"Feature","properties":{"code":"20B4ac","basin":"BARATHAPUZHA","areaHa":1088.67,"shedId":"RB20"},"geometry":{"type":"Polygon","coordinates":[[[76.4863,11.1389],[76.4872,11.1362],[76.4818,11.1304],[76.4799,11.1213],[76.4757,11.1188],[76.4736,11.1162],[76.4708,11.1149],[76.4682,11.1124],[76.4605,11.1084],[76.4556,11.1066],[76.4517,11.101],[76.4479,11.1008],[76.4446,11.0965],[76.4433,11.0976],[76.4427,11.0991],[76.4428,11.1016],[76.4374,11.1018],[76.4372,11.1025],[76.4385,11.1035],[76.4385,11.1042],[76.4378,11.1049],[76.4348,11.1055],[76.4327,11.1073],[76.4331,11.1091],[76.4345,11.1106],[76.4327,11.1108],[76.4341,11.1142],[76.4438,11.1171],[76.446,11.119],[76.4511,11.12],[76.4589,11.1238],[76.4611,11.1262],[76.4619,11.1299],[76.4726,11.1397],[76.4758,11.1377],[76.4795,11.1384],[76.4817,11.1398],[76.4854,11.1398],[76.4863,11.1389]]]}},{"type":"Feature","properties":{"code":"20B4ad","basin":"BARATHAPUZHA","areaHa":733.91,"shedId":"RB20"},"geometry":{"type":"Polygon","coordinates":[[[76.4312,11.0774],[76.4324,11.0789],[76.4377,11.0794],[76.4436,11.085],[76.4442,11.091],[76.4452,11.0932],[76.4471,11.095],[76.4446,11.0965],[76.4473,11.1004],[76.4517,11.101],[76.4556,11.1066],[76.4605,11.1084],[76.4682,11.1124],[76.4708,11.1149],[76.4736,11.1162],[76.4757,11.1188],[76.4799,11.1213],[76.4805,11.1184],[76.4801,11.1143],[76.4828,11.1096],[76.4823,11.1062],[76.4812,11.1048],[76.4758,11.1031],[76.4732,11.103],[76.4713,11.1022],[76.4684,11.1024],[76.4651,11.1014],[76.4643,11.0994],[76.4605,11.0975],[76.4577,11.0902],[76.4518,11.0888],[76.4485,11.0868],[76.4478,11.0837],[76.4479,11.0801],[76.4485,11.0789],[76.4472,11.0781],[76.4432,11.0779],[76.4401,11.0768],[76.4389,11.0755],[76.4351,11.0676],[76.434,11.069],[76.4312,11.0774]]]}},{"type":"Feature","properties":{"code":"20B4ae","basin":"BARATHAPUZHA","areaHa":659.18,"shedId":"RB20"},"geometry":{"type":"Polygon","coordinates":[[[76.4487,11.0271],[76.4409,11.0502],[76.4416,11.053],[76.441,11.0559],[76.4418,11.0594],[76.4409,11.0611],[76.4371,11.0644],[76.4351,11.0676],[76.4389,11.0755],[76.4408,11.0772],[76.4472,11.0781],[76.4485,11.0789],[76.4496,11.0781],[76.4536,11.0781],[76.4622,11.071],[76.4634,11.0691],[76.4636,11.0661],[76.4552,11.0665],[76.4542,11.066],[76.4494,11.0583],[76.4507,11.0527],[76.4476,11.0501],[76.4465,11.0442],[76.4487,11.0407],[76.451,11.0395],[76.4521,11.037],[76.4524,11.0335],[76.4519,11.0309],[76.4487,11.0271]]]}},{"type":"Feature","properties":{"code":"20B4af","basin":"BARATHAPUZHA","areaHa":804.73,"shedId":"RB20"},"geometry":{"type":"Polygon","coordinates":[[[76.4549,11.0057],[76.4534,11.0041],[76.453,11.0067],[76.4498,11.0096],[76.4498,11.0224],[76.4487,11.0271],[76.4519,11.0309],[76.4524,11.0357],[76.451,11.0395],[76.4487,11.0407],[76.4466,11.0436],[76.4467,11.0472],[76.4476,11.0501],[76.4507,11.0527],[76.4494,11.0583],[76.4539,11.0657],[76.4552,11.0665],[76.4636,11.0661],[76.4638,11.0648],[76.4622,11.0632],[76.4626,11.061],[76.4613,11.0565],[76.4642,11.0525],[76.4634,11.0493],[76.4635,11.0466],[76.4624,11.0437],[76.4645,11.0422],[76.4651,11.0399],[76.4625,11.0339],[76.4622,11.0309],[76.4599,11.0278],[76.4604,11.0248],[76.4598,11.0237],[76.4608,11.0222],[76.4577,11.0193],[76.4549,11.0057]]]}},{"type":"Feature","properties":{"code":"20B4ag","basin":"BARATHAPUZHA","areaHa":1330.41,"shedId":"RB20"},"geometry":{"type":"Polygon","coordinates":[[[76.4544,11.0047],[76.4557,11.0082],[76.4577,11.0193],[76.4608,11.0222],[76.4598,11.0237],[76.4604,11.0248],[76.4599,11.0278],[76.4622,11.0309],[76.4625,11.0339],[76.4651,11.0399],[76.4645,11.0422],[76.4624,11.0437],[76.4635,11.0466],[76.4634,11.0493],[76.4642,11.0525],[76.4613,11.0565],[76.4626,11.061],[76.4622,11.0632],[76.4638,11.0648],[76.4651,11.0637],[76.4711,11.0631],[76.4729,11.0608],[76.4782,11.057],[76.4782,11.0548],[76.4767,11.0504],[76.4772,11.0466],[76.4822,11.0421],[76.4845,11.0362],[76.4868,11.0342],[76.4886,11.0302],[76.4907,11.0284],[76.4905,11.0249],[76.4902,11.0231],[76.4883,11.0213],[76.4885,11.0196],[76.4862,11.0182],[76.4855,11.0186],[76.4841,11.018],[76.484,11.0168],[76.4814,11.0152],[76.478,11.014],[76.4771,11.0146],[76.475,11.0139],[76.4735,11.0154],[76.4713,11.013],[76.4678,11.0121],[76.4662,11.0125],[76.4642,11.0095],[76.4617,11.0102],[76.461,11.0092],[76.4599,11.0091],[76.4593,11.0084],[76.4597,11.0058],[76.4588,11.0053],[76.4585,11.0063],[76.4579,11.0063],[76.456,11.0043],[76.4558,10.9994],[76.4571,10.9973],[76.4563,10.9966],[76.4557,10.9966],[76.4535,11.0006],[76.4534,11.0041],[76.4544,11.0047]]]}},{"type":"Feature","properties":{"code":"20B4ah","basin":"BARATHAPUZHA","areaHa":1176.64,"shedId":"RB20"},"geometry":{"type":"Polygon","coordinates":[[[76.5081,11.0387],[76.5046,11.0337],[76.5011,11.0333],[76.4977,11.0314],[76.4944,11.0285],[76.4913,11.0282],[76.4897,11.029],[76.4871,11.0338],[76.4845,11.0362],[76.4822,11.0421],[76.4772,11.0466],[76.4767,11.0504],[76.4782,11.0548],[76.4782,11.057],[76.4729,11.0608],[76.4711,11.0631],[76.4755,11.0652],[76.481,11.061],[76.4854,11.0594],[76.4917,11.0629],[76.4919,11.0638],[76.4908,11.0661],[76.4931,11.0678],[76.4949,11.0681],[76.4973,11.0674],[76.4997,11.0679],[76.5005,11.0674],[76.5033,11.0622],[76.5072,11.0586],[76.511,11.0503],[76.5127,11.049],[76.5164,11.0429],[76.5159,11.042],[76.5115,11.0413],[76.5081,11.0387]]]}},{"type":"Feature","properties":{"code":"20B4ai","basin":"BARATHAPUZHA","areaHa":1270.75,"shedId":"RB20"},"geometry":{"type":"Polygon","coordinates":[[[76.4368,10.9472],[76.4351,10.9459],[76.4332,10.9468],[76.4305,10.9494],[76.4296,10.9528],[76.4274,10.9544],[76.4308,10.9571],[76.4304,10.958],[76.4289,10.9587],[76.4283,10.9602],[76.4281,10.9677],[76.4287,10.9699],[76.4299,10.9708],[76.4338,10.971],[76.4337,10.974],[76.4361,10.9763],[76.4382,10.9813],[76.4392,10.9822],[76.4425,10.983],[76.4428,10.9867],[76.4486,10.9936],[76.4521,10.9958],[76.4551,10.9959],[76.4569,10.9969],[76.4568,10.9983],[76.4558,10.9994],[76.456,11.0043],[76.4579,11.0063],[76.4585,11.0063],[76.4588,11.0053],[76.4597,11.0058],[76.4593,11.0084],[76.4599,11.0091],[76.461,11.0092],[76.4617,11.0102],[76.4642,11.0095],[76.4662,11.0125],[76.4678,11.0121],[76.4713,11.013],[76.4735,11.0154],[76.475,11.0139],[76.4771,11.0146],[76.478,11.014],[76.4814,11.0152],[76.484,11.0168],[76.4841,11.018],[76.4855,11.0186],[76.4862,11.0182],[76.4885,11.0196],[76.4883,11.0213],[76.4902,11.0231],[76.4907,11.0284],[76.4944,11.0285],[76.4977,11.0314],[76.5011,11.0333],[76.5046,11.0337],[76.5025,11.0297],[76.5018,11.0256],[76.5002,11.0221],[76.4975,11.0192],[76.4965,11.0189],[76.4943,11.02],[76.4929,11.0193],[76.4928,11.0181],[76.4941,11.0153],[76.4937,11.0132],[76.492,11.0105],[76.4904,11.0101],[76.4887,11.0118],[76.4874,11.0122],[76.4839,11.011],[76.4821,11.0066],[76.4795,11.0044],[76.473,11.0017],[76.4698,10.9984],[76.4673,10.9977],[76.4659,10.9963],[76.4656,10.9947],[76.4635,10.9927],[76.4567,10.9904],[76.4527,10.9879],[76.4517,10.9854],[76.451,10.974],[76.4482,10.9735],[76.4469,10.9726],[76.4445,10.9727],[76.4429,10.9692],[76.439,10.9691],[76.4392,10.9669],[76.4417,10.9623],[76.4389,10.9608],[76.4341,10.9547],[76.4332,10.9511],[76.4342,10.9494],[76.4358,10.9487],[76.4368,10.9472]]]}},{"type":"Feature","properties":{"code":"20B4aj","basin":"BARATHAPUZHA","areaHa":1227.14,"shedId":"RB20"},"geometry":{"type":"Polygon","coordinates":[[[76.4474,10.9492],[76.4381,10.948],[76.4368,10.9472],[76.4358,10.9487],[76.4334,10.9503],[76.4341,10.9547],[76.4389,10.9608],[76.4417,10.9623],[76.4392,10.9669],[76.439,10.9691],[76.4429,10.9692],[76.4445,10.9727],[76.4469,10.9726],[76.4482,10.9735],[76.451,10.974],[76.4517,10.9854],[76.4531,10.9883],[76.4583,10.9911],[76.4635,10.9927],[76.4656,10.9947],[76.4659,10.9963],[76.4673,10.9977],[76.4698,10.9984],[76.473,11.0017],[76.4795,11.0044],[76.4821,11.0066],[76.4839,11.011],[76.4874,11.0122],[76.4887,11.0118],[76.4904,11.0101],[76.492,11.0105],[76.4937,11.0132],[76.4941,11.0153],[76.4928,11.0181],[76.4929,11.0193],[76.4943,11.02],[76.4965,11.0189],[76.4975,11.0192],[76.5002,11.0221],[76.5018,11.0256],[76.5026,11.0189],[76.5051,11.0109],[76.5032,11.0081],[76.5026,11.0076],[76.5002,11.0081],[76.499,11.0053],[76.4971,11.0061],[76.4964,11.0039],[76.4945,11.0013],[76.4934,11.0019],[76.4905,11.0016],[76.49,11.0003],[76.4882,11.002],[76.4832,10.9969],[76.4782,10.9958],[76.4756,10.9961],[76.4711,10.9924],[76.47,10.9909],[76.4681,10.9854],[76.4637,10.9826],[76.4624,10.981],[76.4634,10.9776],[76.4611,10.9761],[76.4602,10.9706],[76.4566,10.966],[76.4536,10.9639],[76.4521,10.9612],[76.4498,10.9563],[76.4503,10.9512],[76.4483,10.9504],[76.4474,10.9492]]]}},{"type":"Feature","properties":{"code":"20B4ak","basin":"BARATHAPUZHA","areaHa":3144.73,"shedId":"RB20"},"geometry":{"type":"Polygon","coordinates":[[[76.5038,11.0142],[76.5019,11.0229],[76.5019,11.0266],[76.5028,11.0304],[76.5073,11.038],[76.5121,11.0416],[76.5164,11.0424],[76.5158,11.0445],[76.5106,11.051],[76.5072,11.0586],[76.5051,11.0608],[76.5103,11.0608],[76.5125,11.062],[76.5193,11.0609],[76.529,11.0632],[76.531,11.0626],[76.5371,11.0624],[76.5419,11.0604],[76.5463,11.0604],[76.5536,11.0617],[76.5576,11.0611],[76.5604,11.0622],[76.562,11.0648],[76.5654,11.0637],[76.5685,11.0635],[76.5726,11.0614],[76.5818,11.0644],[76.5834,11.0656],[76.5826,11.0664],[76.5846,11.0655],[76.5886,11.0654],[76.5893,11.0648],[76.5894,11.0624],[76.5823,11.0566],[76.5826,11.0553],[76.5861,11.0518],[76.5883,11.0449],[76.5858,11.0396],[76.5764,11.0382],[76.5728,11.0404],[76.5677,11.0389],[76.5665,11.038],[76.5602,11.0376],[76.5551,11.0367],[76.5517,11.0353],[76.5436,11.0346],[76.5422,11.0339],[76.5403,11.0311],[76.5331,11.0272],[76.533,11.0257],[76.5345,11.0213],[76.5347,11.0168],[76.5329,11.0163],[76.5299,11.018],[76.526,11.0186],[76.5239,11.0173],[76.5217,11.017],[76.5205,11.0158],[76.5191,11.0162],[76.5174,11.0152],[76.5161,11.0165],[76.5145,11.0149],[76.5127,11.0155],[76.5097,11.0147],[76.5072,11.0119],[76.5051,11.0109],[76.5038,11.0142]]]}},{"type":"Feature","properties":{"code":"20B4al","basin":"BARATHAPUZHA","areaHa":2012.4,"shedId":"RB20"},"geometry":{"type":"Polygon","coordinates":[[[76.6089,11.0117],[76.6088,11.0087],[76.6054,11.0084],[76.5961,11.0108],[76.5911,11.0103],[76.5854,11.0133],[76.5825,11.0134],[76.5795,11.0122],[76.5701,11.0109],[76.5623,11.0075],[76.5478,11.0098],[76.5425,11.0097],[76.5402,11.0089],[76.5396,11.0106],[76.535,11.0159],[76.5342,11.023],[76.533,11.0269],[76.5403,11.0311],[76.5422,11.0339],[76.5436,11.0346],[76.5517,11.0353],[76.5551,11.0367],[76.5602,11.0376],[76.5665,11.038],[76.5677,11.0389],[76.5728,11.0404],[76.5764,11.0382],[76.5858,11.0396],[76.5851,11.0358],[76.5859,11.0344],[76.5892,11.0328],[76.592,11.0333],[76.5943,11.0316],[76.5947,11.0301],[76.5932,11.0284],[76.5936,11.0258],[76.5959,11.026],[76.5982,11.0247],[76.6005,11.0177],[76.6043,11.0177],[76.6059,11.0168],[76.6089,11.0117]]]}},{"type":"Feature","properties":{"code":"20B4am","basin":"BARATHAPUZHA","areaHa":1214.88,"shedId":"RB20"},"geometry":{"type":"Polygon","coordinates":[[[76.4519,10.948],[76.4474,10.9492],[76.4483,10.9504],[76.4503,10.9512],[76.4498,10.9563],[76.4521,10.9612],[76.4536,10.9639],[76.4566,10.966],[76.4605,10.9711],[76.4611,10.9761],[76.4634,10.9776],[76.4624,10.981],[76.4637,10.9826],[76.4681,10.9854],[76.47,10.9909],[76.4749,10.9958],[76.4761,10.9962],[76.4782,10.9958],[76.4832,10.9969],[76.4882,11.002],[76.49,11.0003],[76.4905,11.0016],[76.4934,11.0019],[76.4945,11.0013],[76.4964,11.0039],[76.4971,11.0061],[76.499,11.0053],[76.5002,11.0081],[76.5029,11.0078],[76.5045,11.0103],[76.508,11.0126],[76.509,11.0144],[76.5127,11.0155],[76.5145,11.0149],[76.5161,11.0165],[76.5178,11.0152],[76.5191,11.0162],[76.5209,11.0159],[76.5217,11.017],[76.5239,11.0173],[76.526,11.0186],[76.5299,11.018],[76.5329,11.0163],[76.5347,11.0168],[76.5377,11.0122],[76.5396,11.0106],[76.5402,11.0089],[76.5335,11.0085],[76.5275,11.0089],[76.5187,11.0072],[76.5166,11.0035],[76.5076,11.0007],[76.5057,10.9938],[76.5012,10.9906],[76.5004,10.9888],[76.4974,10.9932],[76.4857,10.9934],[76.4828,10.9922],[76.477,10.9924],[76.4745,10.9916],[76.4736,10.9904],[76.4736,10.9875],[76.4755,10.9807],[76.4725,10.9793],[76.4691,10.98],[76.4711,10.9747],[76.4692,10.9734],[76.4687,10.97],[76.4653,10.9689],[76.4645,10.9677],[76.4651,10.9639],[76.4641,10.9593],[76.4643,10.9562],[76.4617,10.9556],[76.4611,10.9531],[76.4591,10.9512],[76.4559,10.9525],[76.4519,10.948]]]}},{"type":"Feature","properties":{"code":"20B4an","basin":"BARATHAPUZHA","areaHa":1700.65,"shedId":"RB20"},"geometry":{"type":"Polygon","coordinates":[[[76.4686,10.9405],[76.4652,10.9427],[76.4556,10.9453],[76.4519,10.948],[76.4559,10.9525],[76.4591,10.9512],[76.4611,10.9531],[76.4617,10.9556],[76.4643,10.9562],[76.4641,10.9593],[76.4651,10.9639],[76.4645,10.9677],[76.4653,10.9689],[76.4687,10.97],[76.4692,10.9734],[76.4711,10.9747],[76.4691,10.98],[76.4725,10.9793],[76.4755,10.9807],[76.4737,10.9868],[76.4737,10.9908],[76.4762,10.9923],[76.4828,10.9922],[76.4857,10.9934],[76.4974,10.9932],[76.5004,10.9888],[76.5005,10.9871],[76.5022,10.984],[76.5,10.9826],[76.498,10.9774],[76.5001,10.9731],[76.4975,10.9719],[76.4972,10.9682],[76.4953,10.9637],[76.4974,10.9608],[76.4958,10.9564],[76.496,10.9521],[76.4946,10.9514],[76.4922,10.9523],[76.4873,10.9506],[76.4845,10.951],[76.4819,10.9497],[76.479,10.9499],[76.4743,10.9473],[76.4723,10.9438],[76.4686,10.9405]]]}},{"type":"Feature","properties":{"code":"20B4ao","basin":"BARATHAPUZHA","areaHa":960.13,"shedId":"RB20"},"geometry":{"type":"Polygon","coordinates":[[[76.5072,10.9705],[76.5037,10.9739],[76.5022,10.9744],[76.5001,10.9731],[76.498,10.9774],[76.5,10.9826],[76.5022,10.984],[76.5005,10.9871],[76.5004,10.9896],[76.5057,10.9938],[76.5076,11.0007],[76.5166,11.0035],[76.5187,11.0072],[76.5275,11.0089],[76.5335,11.0085],[76.5402,11.0089],[76.5392,11.0039],[76.5354,10.9975],[76.5333,10.9949],[76.5294,10.9936],[76.5284,10.9906],[76.5251,10.9884],[76.5237,10.9855],[76.524,10.9834],[76.5218,10.9824],[76.5179,10.984],[76.5163,10.9839],[76.5158,10.9814],[76.5143,10.9805],[76.5129,10.9776],[76.5139,10.9763],[76.5144,10.9731],[76.514,10.9724],[76.5103,10.9723],[76.5083,10.9704],[76.5072,10.9705]]]}},{"type":"Feature","properties":{"code":"20B4ap","basin":"BARATHAPUZHA","areaHa":1032.55,"shedId":"RB20"},"geometry":{"type":"Polygon","coordinates":[[[76.5357,10.9851],[76.5314,10.9825],[76.5283,10.9836],[76.524,10.9834],[76.5237,10.9855],[76.5251,10.9884],[76.5284,10.9906],[76.5294,10.9936],[76.5333,10.9949],[76.5347,10.9964],[76.5392,11.0039],[76.5402,11.0089],[76.5425,11.0097],[76.5478,11.0098],[76.5623,11.0075],[76.5701,11.0109],[76.5756,11.0115],[76.5769,11.0083],[76.5768,11.0058],[76.5742,10.9986],[76.5733,10.9941],[76.5702,10.9943],[76.5677,10.9925],[76.5576,10.9892],[76.5543,10.99],[76.5508,10.9884],[76.5449,10.9892],[76.5426,10.9858],[76.5406,10.9855],[76.539,10.9842],[76.5357,10.9851]]]}},{"type":"Feature","properties":{"code":"20B4aq","basin":"BARATHAPUZHA","areaHa":926.58,"shedId":"RB20"},"geometry":{"type":"Polygon","coordinates":[[[76.5825,11.0134],[76.5864,11.0129],[76.5905,11.0104],[76.5961,11.0108],[76.6054,11.0084],[76.6049,11.0078],[76.6049,10.9989],[76.6071,10.9919],[76.6066,10.991],[76.6038,10.9906],[76.6033,10.9898],[76.603,10.9878],[76.6036,10.9854],[76.6029,10.9849],[76.5994,10.9836],[76.5882,10.9825],[76.5824,10.9881],[76.5735,10.9928],[76.5732,10.9948],[76.5769,11.0066],[76.5769,11.0083],[76.5756,11.0115],[76.5825,11.0134]]]}},{"type":"Feature","properties":{"code":"20B4ar","basin":"BARATHAPUZHA","areaHa":450.77,"shedId":"RB20"},"geometry":{"type":"Polygon","coordinates":[[[76.5882,10.9825],[76.5736,10.9803],[76.5635,10.9775],[76.5566,10.9814],[76.554,10.9822],[76.5498,10.9855],[76.5448,10.9871],[76.5434,10.9868],[76.5449,10.9892],[76.5494,10.9884],[76.5516,10.9885],[76.5543,10.99],[76.5576,10.9892],[76.5593,10.9901],[76.5637,10.9909],[76.5712,10.9944],[76.5733,10.9941],[76.5738,10.9926],[76.5824,10.9881],[76.5882,10.9825]]]}},{"type":"Feature","properties":{"code":"20B4as","basin":"BARATHAPUZHA","areaHa":478.51,"shedId":"RB20"},"geometry":{"type":"Polygon","coordinates":[[[76.5704,10.9795],[76.5699,10.9716],[76.5688,10.9694],[76.5691,10.9679],[76.5662,10.9676],[76.565,10.9656],[76.5649,10.9648],[76.5658,10.9641],[76.5659,10.9621],[76.5631,10.9609],[76.5614,10.9621],[76.5589,10.9601],[76.5585,10.963],[76.5547,10.9629],[76.5514,10.964],[76.551,10.9667],[76.5493,10.9698],[76.5469,10.9724],[76.5469,10.9751],[76.5461,10.9767],[76.547,10.9774],[76.5472,10.9801],[76.5465,10.9803],[76.5453,10.9795],[76.5435,10.9809],[76.544,10.986],[76.5434,10.9868],[76.5448,10.9871],[76.5498,10.9855],[76.554,10.9822],[76.5582,10.9806],[76.5629,10.9777],[76.5645,10.9776],[76.5704,10.9795]]]}},{"type":"Feature","properties":{"code":"20B4at","basin":"BARATHAPUZHA","areaHa":1305.69,"shedId":"RB20"},"geometry":{"type":"Polygon","coordinates":[[[76.6104,10.9584],[76.6028,10.9587],[76.5994,10.9565],[76.5937,10.9548],[76.5923,10.9536],[76.5853,10.9516],[76.583,10.9573],[76.5789,10.9567],[76.5766,10.9575],[76.5692,10.9645],[76.5688,10.9694],[76.5704,10.9741],[76.5704,10.9795],[76.579,10.9813],[76.5833,10.9813],[76.5884,10.9826],[76.5994,10.9836],[76.6036,10.9854],[76.6072,10.9839],[76.6089,10.9825],[76.6096,10.9797],[76.6118,10.9771],[76.6136,10.9735],[76.6124,10.9626],[76.6104,10.9584]]]}},{"type":"Feature","properties":{"code":"20B4au","basin":"BARATHAPUZHA","areaHa":434.89,"shedId":"RB20"},"geometry":{"type":"Polygon","coordinates":[[[76.5853,10.9516],[76.585,10.9475],[76.5839,10.9467],[76.5708,10.9465],[76.5588,10.9491],[76.5582,10.9514],[76.5588,10.958],[76.5578,10.9605],[76.5558,10.963],[76.5585,10.963],[76.5589,10.9601],[76.5614,10.9621],[76.5628,10.9609],[76.5653,10.9616],[76.5661,10.9627],[76.5658,10.9641],[76.5649,10.9648],[76.5656,10.9669],[76.5667,10.9678],[76.5691,10.9679],[76.5692,10.9645],[76.5766,10.9575],[76.5789,10.9567],[76.583,10.9573],[76.5853,10.9516]]]}},{"type":"Feature","properties":{"code":"20B4av","basin":"BARATHAPUZHA","areaHa":532.63,"shedId":"RB20"},"geometry":{"type":"Polygon","coordinates":[[[76.5958,10.9389],[76.5914,10.9362],[76.5898,10.9362],[76.5839,10.9384],[76.5775,10.938],[76.5665,10.9389],[76.5654,10.9393],[76.5652,10.9407],[76.5623,10.9409],[76.5589,10.9396],[76.5565,10.9421],[76.5539,10.9427],[76.5525,10.9447],[76.5498,10.9453],[76.5491,10.946],[76.5494,10.9481],[76.5476,10.9501],[76.5484,10.9544],[76.5511,10.9551],[76.5527,10.9576],[76.5556,10.9561],[76.5555,10.9576],[76.5543,10.9577],[76.5547,10.9592],[76.5579,10.96],[76.5588,10.958],[76.5582,10.9514],[76.5588,10.9491],[76.57,10.9466],[76.5751,10.9464],[76.5839,10.9467],[76.585,10.9475],[76.5851,10.9487],[76.5955,10.9415],[76.5958,10.9389]]]}},{"type":"Feature","properties":{"code":"20B4aw","basin":"BARATHAPUZHA","areaHa":1286.29,"shedId":"RB20"},"geometry":{"type":"Polygon","coordinates":[[[76.6227,10.9198],[76.613,10.9232],[76.6053,10.9283],[76.5997,10.9293],[76.596,10.9312],[76.597,10.9355],[76.5955,10.9377],[76.5959,10.9408],[76.5891,10.9464],[76.5851,10.9487],[76.5848,10.9504],[76.5853,10.9516],[76.5923,10.9536],[76.5937,10.9548],[76.5994,10.9565],[76.6028,10.9587],[76.6055,10.9589],[76.6104,10.9584],[76.6109,10.9568],[76.6124,10.9551],[76.6218,10.9512],[76.6264,10.9501],[76.6287,10.9469],[76.6289,10.9459],[76.6279,10.9431],[76.6334,10.9391],[76.6333,10.9385],[76.631,10.9354],[76.6287,10.934],[76.6257,10.9251],[76.6227,10.9198]]]}},{"type":"Feature","properties":{"code":"20B4ax","basin":"BARATHAPUZHA","areaHa":755.33,"shedId":"RB20"},"geometry":{"type":"Polygon","coordinates":[[[76.5491,10.9461],[76.5498,10.9453],[76.5525,10.9447],[76.5539,10.9427],[76.5565,10.9421],[76.5578,10.9402],[76.5592,10.9395],[76.5623,10.9409],[76.5652,10.9407],[76.5654,10.9393],[76.5665,10.9389],[76.5775,10.938],[76.5839,10.9384],[76.5898,10.9362],[76.5914,10.9362],[76.5938,10.9381],[76.5955,10.9385],[76.597,10.9355],[76.5964,10.9319],[76.596,10.9312],[76.5913,10.9305],[76.5788,10.9343],[76.5733,10.9329],[76.5645,10.9374],[76.5628,10.9373],[76.5591,10.9348],[76.5539,10.9353],[76.5502,10.9345],[76.5486,10.9356],[76.5432,10.9449],[76.5422,10.9515],[76.5431,10.955],[76.5417,10.9582],[76.5421,10.9624],[76.5402,10.9672],[76.5405,10.9702],[76.5396,10.9803],[76.5389,10.9817],[76.5364,10.9838],[76.5365,10.9851],[76.539,10.9842],[76.5406,10.9855],[76.5426,10.9858],[76.5434,10.9868],[76.544,10.986],[76.5436,10.9807],[76.5453,10.9795],[76.5465,10.9803],[76.5472,10.9801],[76.547,10.9774],[76.5461,10.9762],[76.5469,10.9751],[76.5474,10.9713],[76.5493,10.9698],[76.551,10.9667],[76.5514,10.964],[76.5523,10.9633],[76.5558,10.963],[76.5579,10.9603],[76.5577,10.9598],[76.5547,10.9592],[76.5543,10.9577],[76.5555,10.9576],[76.5556,10.9561],[76.5527,10.9576],[76.5511,10.9551],[76.5485,10.9546],[76.5476,10.9501],[76.5494,10.9481],[76.5491,10.9461]]]}},{"type":"Feature","properties":{"code":"20B4ay","basin":"BARATHAPUZHA","areaHa":695.49,"shedId":"RB20"},"geometry":{"type":"Polygon","coordinates":[[[76.5402,10.9673],[76.5361,10.9649],[76.5329,10.9611],[76.5291,10.9605],[76.5244,10.9607],[76.5151,10.9623],[76.5083,10.9704],[76.5103,10.9723],[76.514,10.9724],[76.5144,10.9731],[76.5139,10.9763],[76.5129,10.9776],[76.5143,10.9805],[76.5158,10.9814],[76.5163,10.9839],[76.5179,10.984],[76.5218,10.9824],[76.5239,10.9834],[76.5278,10.9836],[76.5314,10.9825],[76.5338,10.9844],[76.5365,10.9851],[76.5365,10.9836],[76.5389,10.9817],[76.5396,10.9803],[76.5405,10.9694],[76.5402,10.9673]]]}},{"type":"Feature","properties":{"code":"20B4az","basin":"BARATHAPUZHA","areaHa":1487.82,"shedId":"RB20"},"geometry":{"type":"Polygon","coordinates":[[[76.4759,10.9349],[76.471,10.9352],[76.4691,10.9406],[76.4703,10.9425],[76.4723,10.9438],[76.4743,10.9473],[76.479,10.9499],[76.4819,10.9497],[76.4845,10.951],[76.4873,10.9506],[76.4922,10.9523],[76.4946,10.9514],[76.496,10.9521],[76.4958,10.9564],[76.4974,10.9608],[76.4953,10.9637],[76.4972,10.9682],[76.4975,10.9719],[76.5015,10.9742],[76.5037,10.9739],[76.5063,10.9719],[76.5074,10.9701],[76.5083,10.9704],[76.5151,10.9623],[76.5244,10.9607],[76.5291,10.9605],[76.5329,10.9611],[76.5316,10.9583],[76.5267,10.9554],[76.5243,10.9511],[76.5167,10.9461],[76.5164,10.9448],[76.5171,10.9428],[76.5137,10.9424],[76.5125,10.9434],[76.5116,10.9433],[76.5111,10.9411],[76.5094,10.9385],[76.5036,10.9322],[76.4975,10.9318],[76.49,10.9342],[76.4878,10.9334],[76.4853,10.9334],[76.4838,10.9321],[76.4811,10.9316],[76.4782,10.9322],[76.4759,10.9349]]]}},{"type":"Feature","properties":{"code":"20B4b","basin":"BARATHAPUZHA","areaHa":70.68,"shedId":"RB20"},"geometry":{"type":"Polygon","coordinates":[[[76.1508,10.8894],[76.1474,10.8885],[76.1453,10.8891],[76.1385,10.8945],[76.1347,10.8961],[76.1318,10.8959],[76.1309,10.8938],[76.1302,10.8938],[76.1305,10.8969],[76.1315,10.8976],[76.1343,10.8976],[76.1378,10.8963],[76.1426,10.8915],[76.1454,10.8903],[76.1475,10.8902],[76.1503,10.8911],[76.1565,10.8997],[76.1577,10.9031],[76.158,10.9085],[76.15883,10.91095],[76.1594,10.9093],[76.1584,10.907],[76.1586,10.9021],[76.1581,10.9001],[76.1564,10.8963],[76.1523,10.8905],[76.1508,10.8894]]]}},{"type":"Feature","properties":{"code":"20B4ba","basin":"BARATHAPUZHA","areaHa":738.81,"shedId":"RB20"},"geometry":{"type":"Polygon","coordinates":[[[76.4459,10.9494],[76.4516,10.9482],[76.4556,10.9453],[76.4652,10.9427],[76.4681,10.9405],[76.4691,10.9406],[76.471,10.9352],[76.4637,10.9358],[76.4584,10.9404],[76.4566,10.9371],[76.4538,10.9358],[76.4529,10.9333],[76.4508,10.9313],[76.4491,10.9317],[76.4476,10.9311],[76.4481,10.928],[76.446,10.9258],[76.4462,10.9236],[76.4425,10.9201],[76.4396,10.9197],[76.4353,10.923],[76.4308,10.919],[76.4302,10.9214],[76.4306,10.9247],[76.4294,10.9282],[76.4307,10.9314],[76.4326,10.9337],[76.4326,10.9381],[76.4358,10.9425],[76.4351,10.9459],[76.4381,10.948],[76.4459,10.9494]]]}},{"type":"Feature","properties":{"code":"20B4bb","basin":"BARATHAPUZHA","areaHa":1472.33,"shedId":"RB20"},"geometry":{"type":"Polygon","coordinates":[[[76.4566,10.9057],[76.455,10.9083],[76.4469,10.9123],[76.4362,10.9146],[76.4315,10.9164],[76.4308,10.919],[76.4353,10.923],[76.4396,10.9197],[76.4425,10.9201],[76.4462,10.9236],[76.446,10.9258],[76.4481,10.928],[76.4476,10.9311],[76.4491,10.9317],[76.4508,10.9313],[76.4529,10.9333],[76.4538,10.9358],[76.4566,10.9371],[76.4587,10.9405],[76.4637,10.9358],[76.4759,10.9349],[76.4786,10.932],[76.4831,10.9319],[76.4853,10.9334],[76.4913,10.934],[76.4909,10.9293],[76.4887,10.9251],[76.4872,10.9193],[76.4819,10.9154],[76.481,10.9135],[76.477,10.9111],[76.4759,10.9087],[76.4757,10.9058],[76.4732,10.9048],[76.4675,10.9001],[76.4628,10.9028],[76.4607,10.9026],[76.4596,10.9036],[76.4588,10.9065],[76.4566,10.9057]]]}},{"type":"Feature","properties":{"code":"20B4bc","basin":"BARATHAPUZHA","areaHa":2429.94,"shedId":"RB20"},"geometry":{"type":"Polygon","coordinates":[[[76.5145,10.9057],[76.5135,10.9068],[76.5135,10.909],[76.5126,10.91],[76.5058,10.9091],[76.5005,10.9116],[76.499,10.9113],[76.4977,10.9095],[76.4917,10.9109],[76.4864,10.9103],[76.481,10.9135],[76.4819,10.9154],[76.4872,10.9193],[76.4887,10.9251],[76.4909,10.9293],[76.4913,10.934],[76.4975,10.9318],[76.5044,10.9326],[76.5064,10.9358],[76.5094,10.9385],[76.5111,10.9411],[76.5116,10.9433],[76.5125,10.9434],[76.5137,10.9424],[76.5171,10.9428],[76.5164,10.9448],[76.5167,10.9461],[76.5243,10.9511],[76.5267,10.9554],[76.5316,10.9583],[76.5338,10.9625],[76.538,10.9664],[76.5402,10.9673],[76.5421,10.9624],[76.5417,10.9582],[76.5431,10.955],[76.5422,10.9515],[76.5434,10.9442],[76.5482,10.9361],[76.5502,10.9345],[76.5499,10.9337],[76.5478,10.931],[76.5427,10.9295],[76.5411,10.9267],[76.5393,10.9267],[76.5367,10.9245],[76.5376,10.9196],[76.5371,10.916],[76.5333,10.9039],[76.5311,10.9047],[76.5281,10.9085],[76.5249,10.908],[76.5247,10.9061],[76.5232,10.9068],[76.5208,10.9062],[76.5184,10.9083],[76.516,10.9056],[76.5145,10.9057]]]}},{"type":"Feature","properties":{"code":"20B4bd","basin":"BARATHAPUZHA","areaHa":706.78,"shedId":"RB20"},"geometry":{"type":"Polygon","coordinates":[[[76.571,10.9264],[76.568,10.9201],[76.5665,10.9213],[76.5627,10.9221],[76.5581,10.9227],[76.5559,10.9211],[76.5551,10.9218],[76.5532,10.9217],[76.5522,10.9227],[76.5508,10.9204],[76.5518,10.9194],[76.5523,10.9163],[76.552,10.9155],[76.5505,10.9156],[76.5504,10.9134],[76.5498,10.9126],[76.547,10.9122],[76.5451,10.911],[76.5439,10.908],[76.5411,10.9057],[76.5388,10.9056],[76.5347,10.9037],[76.5333,10.9039],[76.5371,10.916],[76.5376,10.9196],[76.5367,10.9245],[76.5393,10.9267],[76.5411,10.9267],[76.5427,10.9295],[76.5478,10.931],[76.5502,10.9345],[76.5539,10.9353],[76.5591,10.9348],[76.5634,10.9374],[76.5679,10.9358],[76.5722,10.9333],[76.571,10.9264]]]}},{"type":"Feature","properties":{"code":"20B4be","basin":"BARATHAPUZHA","areaHa":1285.12,"shedId":"RB20"},"geometry":{"type":"Polygon","coordinates":[[[76.6152,10.9011],[76.6091,10.9009],[76.6052,10.8979],[76.5977,10.9051],[76.5921,10.9082],[76.5863,10.9103],[76.5826,10.9154],[76.5827,10.9192],[76.5794,10.9211],[76.5761,10.9221],[76.5738,10.9218],[76.5728,10.9228],[76.5716,10.9226],[76.5694,10.9201],[76.5682,10.9199],[76.569,10.9232],[76.571,10.9264],[76.5722,10.9333],[76.5743,10.9329],[76.5788,10.9343],[76.5913,10.9305],[76.5967,10.9311],[76.5997,10.9293],[76.6053,10.9283],[76.6089,10.9255],[76.6148,10.9223],[76.6227,10.9198],[76.6232,10.9145],[76.6189,10.9028],[76.6192,10.8992],[76.6175,10.899],[76.6152,10.9011]]]}},{"type":"Feature","properties":{"code":"20B4bf","basin":"BARATHAPUZHA","areaHa":786.33,"shedId":"RB20"},"geometry":{"type":"Polygon","coordinates":[[[76.5852,10.8917],[76.5806,10.8931],[76.5757,10.8965],[76.578,10.8995],[76.5786,10.9026],[76.5723,10.9073],[76.5716,10.9086],[76.5692,10.9099],[76.5648,10.9155],[76.5641,10.9218],[76.567,10.9211],[76.5685,10.9197],[76.5716,10.9226],[76.5728,10.9228],[76.5738,10.9218],[76.5761,10.9221],[76.5794,10.9211],[76.5827,10.9192],[76.5826,10.9154],[76.586,10.9106],[76.5879,10.9094],[76.5921,10.9082],[76.5977,10.9051],[76.6052,10.8979],[76.6059,10.8958],[76.6056,10.8949],[76.5984,10.89],[76.5985,10.8891],[76.595,10.8894],[76.5881,10.8918],[76.5852,10.8917]]]}},{"type":"Feature","properties":{"code":"20B4bg","basin":"BARATHAPUZHA","areaHa":469.57,"shedId":"RB20"},"geometry":{"type":"Polygon","coordinates":[[[76.576,10.8967],[76.569,10.897],[76.5641,10.9036],[76.5606,10.9055],[76.5575,10.9083],[76.5449,10.906],[76.5427,10.9069],[76.5442,10.9085],[76.5451,10.911],[76.547,10.9122],[76.5494,10.9123],[76.5504,10.9134],[76.5505,10.9156],[76.552,10.9155],[76.5521,10.9183],[76.5508,10.9208],[76.5522,10.9227],[76.5532,10.9217],[76.5551,10.9218],[76.5559,10.9211],[76.5581,10.9227],[76.5641,10.9218],[76.5648,10.9155],[76.5692,10.9099],[76.5716,10.9086],[76.5723,10.9073],[76.5786,10.9026],[76.578,10.8995],[76.576,10.8967]]]}},{"type":"Feature","properties":{"code":"20B4bh","basin":"BARATHAPUZHA","areaHa":563.34,"shedId":"RB20"},"geometry":{"type":"Polygon","coordinates":[[[76.5311,10.9047],[76.5347,10.9037],[76.5388,10.9056],[76.5407,10.9055],[76.5427,10.9069],[76.5449,10.906],[76.5575,10.9083],[76.5606,10.9055],[76.5641,10.9036],[76.569,10.897],[76.5605,10.8971],[76.5518,10.8929],[76.548,10.8889],[76.5453,10.8886],[76.5421,10.8898],[76.5345,10.8986],[76.5332,10.8988],[76.5305,10.8975],[76.5282,10.8978],[76.5259,10.9002],[76.5265,10.9048],[76.5248,10.9063],[76.5247,10.9076],[76.5252,10.9082],[76.5281,10.9085],[76.5311,10.9047]]]}},{"type":"Feature","properties":{"code":"20B4bi","basin":"BARATHAPUZHA","areaHa":969.15,"shedId":"RB20"},"geometry":{"type":"Polygon","coordinates":[[[76.5635,10.8918],[76.5511,10.8778],[76.5488,10.8771],[76.5474,10.8725],[76.5356,10.8734],[76.5324,10.8761],[76.5299,10.8752],[76.5275,10.8766],[76.5229,10.8778],[76.5222,10.8792],[76.5236,10.8824],[76.5233,10.8857],[76.5225,10.8872],[76.5228,10.8899],[76.5218,10.8919],[76.5198,10.8928],[76.5187,10.8962],[76.5168,10.8981],[76.5159,10.9028],[76.5177,10.9037],[76.5158,10.9044],[76.5155,10.9054],[76.5184,10.9083],[76.5211,10.9061],[76.5232,10.9068],[76.5248,10.9063],[76.5265,10.9048],[76.5259,10.9002],[76.5282,10.8978],[76.5305,10.8975],[76.5332,10.8988],[76.5345,10.8986],[76.5421,10.8898],[76.5453,10.8886],[76.548,10.8889],[76.5518,10.8929],[76.5605,10.8971],[76.5669,10.8971],[76.5635,10.8918]]]}},{"type":"Feature","properties":{"code":"20B4bj","basin":"BARATHAPUZHA","areaHa":748.58,"shedId":"RB20"},"geometry":{"type":"Polygon","coordinates":[[[76.5664,10.8641],[76.5625,10.8634],[76.5578,10.8662],[76.5542,10.8667],[76.551,10.8718],[76.5474,10.8725],[76.5483,10.8762],[76.5492,10.8774],[76.5518,10.8784],[76.5536,10.8812],[76.5635,10.8918],[76.5669,10.8971],[76.5757,10.8965],[76.5806,10.8931],[76.5774,10.885],[76.5761,10.8783],[76.5723,10.8717],[76.5707,10.87],[76.5682,10.869],[76.5664,10.8641]]]}},{"type":"Feature","properties":{"code":"20B4bk","basin":"BARATHAPUZHA","areaHa":1245.31,"shedId":"RB20"},"geometry":{"type":"Polygon","coordinates":[[[76.581,10.8595],[76.5796,10.8539],[76.578,10.8518],[76.5782,10.8502],[76.5745,10.8505],[76.5723,10.8526],[76.5713,10.8553],[76.5666,10.8589],[76.5664,10.8644],[76.5682,10.869],[76.5707,10.87],[76.5723,10.8717],[76.5761,10.8783],[76.5774,10.885],[76.5806,10.8931],[76.5854,10.8916],[76.5886,10.8917],[76.595,10.8894],[76.5985,10.8891],[76.6019,10.8852],[76.6045,10.8806],[76.6071,10.872],[76.6066,10.8646],[76.6026,10.8647],[76.6002,10.8641],[76.598,10.8598],[76.5969,10.8588],[76.593,10.86],[76.5865,10.8601],[76.5826,10.8611],[76.581,10.8595]]]}},{"type":"Feature","properties":{"code":"20B4bl","basin":"BARATHAPUZHA","areaHa":1018.86,"shedId":"RB20"},"geometry":{"type":"Polygon","coordinates":[[[76.5354,10.8735],[76.551,10.8718],[76.5545,10.8665],[76.5578,10.8662],[76.5625,10.8634],[76.5664,10.8641],[76.5666,10.8589],[76.5713,10.8553],[76.5723,10.8526],[76.5745,10.8505],[76.5782,10.8502],[76.5799,10.8483],[76.58,10.8462],[76.5793,10.8443],[76.5768,10.8397],[76.5727,10.8342],[76.5714,10.834],[76.5685,10.8366],[76.5636,10.8378],[76.5577,10.8409],[76.5535,10.8423],[76.5514,10.8444],[76.5514,10.8492],[76.5497,10.852],[76.5467,10.8532],[76.5398,10.8544],[76.5379,10.8556],[76.5365,10.8576],[76.535,10.858],[76.5346,10.8625],[76.5353,10.8646],[76.543,10.864],[76.5447,10.866],[76.5438,10.8698],[76.5378,10.8703],[76.536,10.8718],[76.5354,10.8735]]]}},{"type":"Feature","properties":{"code":"20B4bm","basin":"BARATHAPUZHA","areaHa":1088.92,"shedId":"RB20"},"geometry":{"type":"Polygon","coordinates":[[[76.5446,10.8679],[76.5447,10.866],[76.543,10.864],[76.5353,10.8646],[76.5267,10.8676],[76.5223,10.8682],[76.5104,10.8737],[76.5133,10.88],[76.5167,10.8825],[76.5167,10.8837],[76.5181,10.8864],[76.5174,10.8897],[76.5124,10.8909],[76.5086,10.8903],[76.5069,10.8931],[76.5043,10.8938],[76.4963,10.8935],[76.4936,10.8947],[76.4912,10.8928],[76.489,10.893],[76.4865,10.9016],[76.484,10.9044],[76.481,10.9135],[76.4864,10.9103],[76.4917,10.9109],[76.4977,10.9095],[76.499,10.9113],[76.5005,10.9116],[76.5058,10.9091],[76.5096,10.91],[76.513,10.9098],[76.5137,10.9064],[76.5155,10.9054],[76.5158,10.9044],[76.5177,10.9037],[76.5159,10.9028],[76.5168,10.8981],[76.5187,10.8962],[76.5198,10.8928],[76.5218,10.8919],[76.5228,10.8899],[76.5225,10.8872],[76.5233,10.8857],[76.5236,10.8821],[76.5222,10.8792],[76.5227,10.878],[76.5275,10.8766],[76.5299,10.8752],[76.5324,10.8761],[76.5346,10.8744],[76.536,10.8718],[76.5378,10.8703],[76.5433,10.8702],[76.5446,10.8679]]]}},{"type":"Feature","properties":{"code":"20B4bn","basin":"BARATHAPUZHA","areaHa":481.42,"shedId":"RB20"},"geometry":{"type":"Polygon","coordinates":[[[76.4843,10.8873],[76.4788,10.8887],[76.4742,10.8891],[76.4728,10.8905],[76.4664,10.8919],[76.4649,10.8943],[76.4623,10.8954],[76.461,10.8968],[76.4609,10.8985],[76.459,10.9033],[76.4597,10.9036],[76.4611,10.9025],[76.4628,10.9028],[76.4664,10.9003],[76.4679,10.9002],[76.4732,10.9048],[76.4759,10.906],[76.4759,10.9087],[76.477,10.9111],[76.481,10.9135],[76.484,10.9044],[76.4865,10.9016],[76.489,10.8931],[76.4885,10.8895],[76.4858,10.8893],[76.4843,10.8873]]]}},{"type":"Feature","properties":{"code":"20B4bo","basin":"BARATHAPUZHA","areaHa":1757.91,"shedId":"RB20"},"geometry":{"type":"Polygon","coordinates":[[[76.5349,10.8583],[76.5309,10.856],[76.531,10.852],[76.5301,10.8512],[76.5282,10.8513],[76.5263,10.8525],[76.5263,10.8587],[76.5258,10.8592],[76.5243,10.8586],[76.5223,10.859],[76.5201,10.8563],[76.5172,10.8566],[76.5152,10.858],[76.5137,10.8581],[76.5111,10.8555],[76.5094,10.8547],[76.5046,10.8551],[76.5019,10.8545],[76.4927,10.8567],[76.4881,10.8563],[76.4841,10.8575],[76.4804,10.8577],[76.4787,10.8587],[76.4774,10.8606],[76.4809,10.8667],[76.4808,10.8691],[76.4796,10.8715],[76.48,10.8758],[76.4807,10.8785],[76.4829,10.8806],[76.4831,10.8855],[76.4852,10.8889],[76.4885,10.8895],[76.489,10.8931],[76.4912,10.8928],[76.4936,10.8947],[76.4963,10.8935],[76.502,10.894],[76.5059,10.8936],[76.5069,10.8931],[76.5086,10.8903],[76.5124,10.8909],[76.5174,10.8897],[76.5181,10.8864],[76.5167,10.8837],[76.5167,10.8825],[76.5133,10.88],[76.5127,10.8778],[76.5102,10.874],[76.5223,10.8682],[76.5267,10.8676],[76.5353,10.8646],[76.5346,10.8625],[76.5349,10.8583]]]}},{"type":"Feature","properties":{"code":"20B4bp","basin":"BARATHAPUZHA","areaHa":1261.49,"shedId":"RB20"},"geometry":{"type":"Polygon","coordinates":[[[76.4831,10.8813],[76.4807,10.8785],[76.4801,10.8765],[76.4796,10.8715],[76.4808,10.8691],[76.4809,10.8667],[76.4774,10.8606],[76.4742,10.8591],[76.4719,10.8595],[76.4684,10.8591],[76.4645,10.8614],[76.4582,10.8625],[76.4529,10.8642],[76.4511,10.868],[76.4472,10.8694],[76.4485,10.8714],[76.451,10.8723],[76.4544,10.8749],[76.46,10.8766],[76.4599,10.8817],[76.4554,10.8841],[76.4539,10.8842],[76.4527,10.8853],[76.4537,10.8891],[76.4515,10.8916],[76.4515,10.8933],[76.4529,10.8959],[76.4514,10.9005],[76.4479,10.9012],[76.4463,10.9023],[76.4443,10.9064],[76.4439,10.9093],[76.4383,10.9112],[76.4358,10.9133],[76.4355,10.9149],[76.4469,10.9123],[76.455,10.9083],[76.4566,10.9057],[76.4591,10.9063],[76.4594,10.9013],[76.4609,10.8985],[76.461,10.8968],[76.4623,10.8954],[76.4644,10.8947],[76.466,10.8922],[76.4676,10.8913],[76.4728,10.8905],[76.4742,10.8891],[76.4788,10.8887],[76.4843,10.8873],[76.4828,10.8847],[76.4831,10.8813]]]}},{"type":"Feature","properties":{"code":"20B4bq","basin":"BARATHAPUZHA","areaHa":953.58,"shedId":"RB20"},"geometry":{"type":"Polygon","coordinates":[[[76.4353,10.8765],[76.4386,10.8803],[76.439,10.8832],[76.4383,10.8846],[76.4332,10.8859],[76.4325,10.8868],[76.4324,10.8888],[76.4345,10.8953],[76.4347,10.8974],[76.4341,10.8992],[76.4325,10.9004],[76.4287,10.8998],[76.4277,10.9011],[76.4274,10.9031],[76.4289,10.9062],[76.4287,10.9076],[76.4275,10.9078],[76.427,10.9093],[76.4275,10.9127],[76.4295,10.9133],[76.4307,10.9161],[76.4315,10.9164],[76.4355,10.9149],[76.4358,10.9133],[76.4393,10.9106],[76.4434,10.9098],[76.4463,10.9023],[76.4479,10.9012],[76.4514,10.9005],[76.4529,10.8959],[76.4515,10.8933],[76.4515,10.8916],[76.4537,10.8891],[76.4527,10.8853],[76.4539,10.8842],[76.4554,10.8841],[76.4599,10.8817],[76.46,10.8766],[76.4544,10.8749],[76.451,10.8723],[76.4485,10.8714],[76.4472,10.8693],[76.4356,10.8717],[76.4353,10.8765]]]}},{"type":"Feature","properties":{"code":"20B4br","basin":"BARATHAPUZHA","areaHa":1415.87,"shedId":"RB20"},"geometry":{"type":"Polygon","coordinates":[[[76.4356,10.8717],[76.4307,10.8709],[76.4301,10.8683],[76.4273,10.8652],[76.4221,10.862],[76.4186,10.866],[76.4155,10.8659],[76.4137,10.8679],[76.4118,10.8729],[76.4081,10.8776],[76.404,10.8801],[76.4017,10.8823],[76.4034,10.885],[76.4024,10.8889],[76.4048,10.8962],[76.4079,10.9001],[76.4116,10.9028],[76.4131,10.9051],[76.4119,10.9074],[76.4121,10.9089],[76.4153,10.9116],[76.4167,10.9116],[76.419,10.9142],[76.4193,10.9163],[76.4275,10.9127],[76.427,10.9093],[76.4275,10.9078],[76.4287,10.9076],[76.4289,10.9062],[76.4274,10.9031],[76.4277,10.9011],[76.4287,10.8998],[76.432,10.9004],[76.4336,10.8999],[76.4347,10.8974],[76.4324,10.8888],[76.4325,10.8868],[76.4332,10.8859],[76.4383,10.8846],[76.439,10.8832],[76.4386,10.8803],[76.4353,10.8765],[76.4356,10.8717]]]}},{"type":"Feature","properties":{"code":"20B4bs","basin":"BARATHAPUZHA","areaHa":1054.43,"shedId":"RB20"},"geometry":{"type":"Polygon","coordinates":[[[76.4193,10.9163],[76.419,10.9142],[76.4167,10.9116],[76.4153,10.9116],[76.4121,10.9089],[76.4119,10.9074],[76.4131,10.9051],[76.4109,10.902],[76.4079,10.9001],[76.4048,10.8962],[76.4024,10.8889],[76.4004,10.8905],[76.3987,10.8907],[76.3983,10.8993],[76.3999,10.9055],[76.3993,10.9065],[76.3955,10.9086],[76.3897,10.9094],[76.3864,10.9124],[76.3849,10.9128],[76.3811,10.9124],[76.3783,10.9091],[76.3744,10.9078],[76.3682,10.9092],[76.3654,10.9123],[76.3663,10.9164],[76.3669,10.9169],[76.3666,10.9195],[76.3648,10.9209],[76.3608,10.9223],[76.3585,10.9268],[76.3662,10.9262],[76.373,10.9221],[76.3808,10.921],[76.3907,10.9231],[76.3937,10.9242],[76.3963,10.9261],[76.3991,10.9264],[76.4054,10.9237],[76.4121,10.9186],[76.4193,10.9163]]]}},{"type":"Feature","properties":{"code":"20B4bt","basin":"BARATHAPUZHA","areaHa":1029.05,"shedId":"RB20"},"geometry":{"type":"Polygon","coordinates":[[[76.3835,10.8931],[76.3788,10.8954],[76.374,10.8939],[76.3696,10.8947],[76.3679,10.8983],[76.3645,10.8996],[76.361,10.9039],[76.3579,10.9046],[76.3555,10.9062],[76.3547,10.9095],[76.3536,10.9113],[76.3472,10.913],[76.3421,10.9098],[76.34,10.9095],[76.3403,10.9169],[76.344,10.9192],[76.3467,10.9194],[76.3522,10.9185],[76.3538,10.9192],[76.3554,10.9207],[76.356,10.9233],[76.3585,10.9268],[76.3608,10.9223],[76.3648,10.9209],[76.3666,10.9195],[76.3669,10.9169],[76.3663,10.9164],[76.3654,10.9123],[76.3682,10.9092],[76.3744,10.9078],[76.3783,10.9091],[76.3811,10.9124],[76.3849,10.9128],[76.3864,10.9124],[76.3897,10.9094],[76.3955,10.9086],[76.3993,10.9065],[76.3999,10.9055],[76.3983,10.8993],[76.3987,10.8907],[76.3905,10.8923],[76.3879,10.8939],[76.3835,10.8931]]]}},{"type":"Feature","properties":{"code":"20B4bu","basin":"BARATHAPUZHA","areaHa":1053.25,"shedId":"RB20"},"geometry":{"type":"Polygon","coordinates":[[[76.4011,10.8821],[76.3941,10.8843],[76.39,10.8822],[76.3867,10.8829],[76.3839,10.8808],[76.3799,10.8799],[76.3701,10.8841],[76.3631,10.8847],[76.3622,10.8873],[76.3613,10.888],[76.3502,10.8889],[76.3491,10.892],[76.3454,10.8934],[76.3456,10.8965],[76.3448,10.8993],[76.3419,10.9001],[76.3402,10.8999],[76.3344,10.9027],[76.3338,10.9051],[76.3363,10.9058],[76.3392,10.9077],[76.34,10.9095],[76.3421,10.9098],[76.3472,10.913],[76.3536,10.9113],[76.3547,10.9095],[76.3555,10.9062],[76.3579,10.9046],[76.361,10.9039],[76.3645,10.8996],[76.3679,10.8983],[76.3696,10.8947],[76.374,10.8939],[76.3788,10.8954],[76.3835,10.8931],[76.3879,10.8939],[76.3905,10.8923],[76.4004,10.8905],[76.4025,10.8888],[76.4033,10.8847],[76.4011,10.8821]]]}},{"type":"Feature","properties":{"code":"20B4bv","basin":"BARATHAPUZHA","areaHa":689.77,"shedId":"RB20"},"geometry":{"type":"Polygon","coordinates":[[[76.3454,10.8934],[76.3494,10.8917],[76.3498,10.8891],[76.3518,10.8889],[76.3514,10.8842],[76.3519,10.8813],[76.3503,10.8805],[76.3476,10.8777],[76.3443,10.8778],[76.3407,10.8796],[76.3398,10.8808],[76.3357,10.88],[76.3254,10.8809],[76.3248,10.8813],[76.3254,10.883],[76.3243,10.8854],[76.3255,10.8895],[76.3239,10.8893],[76.3199,10.8914],[76.3212,10.8948],[76.3247,10.8968],[76.324,10.8986],[76.3238,10.9051],[76.3265,10.9046],[76.3338,10.9051],[76.3344,10.9027],[76.3402,10.8999],[76.3419,10.9001],[76.3448,10.8993],[76.3456,10.8965],[76.3454,10.8934]]]}},{"type":"Feature","properties":{"code":"20B4bw","basin":"BARATHAPUZHA","areaHa":3986.21,"shedId":"RB20"},"geometry":{"type":"Polygon","coordinates":[[[76.354,10.828],[76.3503,10.8311],[76.3489,10.835],[76.3495,10.8385],[76.3491,10.8394],[76.3481,10.8404],[76.3459,10.8399],[76.3442,10.842],[76.3423,10.8426],[76.3377,10.8471],[76.3375,10.8506],[76.3325,10.8539],[76.3335,10.8574],[76.3354,10.8591],[76.3386,10.8609],[76.3406,10.8606],[76.342,10.8609],[76.3424,10.8616],[76.3421,10.867],[76.3377,10.8751],[76.3461,10.8749],[76.3477,10.8778],[76.3503,10.8805],[76.3519,10.8813],[76.3514,10.8842],[76.3518,10.8889],[76.3613,10.888],[76.3622,10.8873],[76.3631,10.8847],[76.3701,10.8841],[76.3799,10.8799],[76.3839,10.8808],[76.3867,10.8829],[76.39,10.8822],[76.3941,10.8843],[76.4005,10.8821],[76.4016,10.8824],[76.404,10.8801],[76.4081,10.8776],[76.4118,10.8729],[76.4137,10.8679],[76.4155,10.8659],[76.4186,10.866],[76.4216,10.863],[76.4221,10.862],[76.4183,10.8538],[76.4112,10.853],[76.4074,10.8533],[76.4057,10.8515],[76.404,10.851],[76.4039,10.8447],[76.3935,10.8444],[76.391,10.8458],[76.3876,10.8465],[76.3845,10.847],[76.3813,10.8466],[76.3816,10.8399],[76.3831,10.8376],[76.3834,10.8359],[76.3762,10.835],[76.3745,10.8339],[76.3729,10.8317],[76.3711,10.8233],[76.3621,10.8275],[76.3579,10.8271],[76.354,10.828]]]}},{"type":"Feature","properties":{"code":"20B4bx","basin":"BARATHAPUZHA","areaHa":2009.44,"shedId":"RB20"},"geometry":{"type":"Polygon","coordinates":[[[76.3222,10.8473],[76.3204,10.8479],[76.3189,10.8499],[76.3121,10.8551],[76.3064,10.8532],[76.3064,10.8564],[76.3052,10.8591],[76.3069,10.8637],[76.302,10.8673],[76.2998,10.871],[76.2962,10.8743],[76.3018,10.8778],[76.3011,10.8806],[76.2991,10.8822],[76.2967,10.8891],[76.2985,10.8901],[76.3022,10.8893],[76.3039,10.8897],[76.3055,10.8925],[76.306,10.8962],[76.3082,10.9009],[76.312,10.9034],[76.3112,10.9047],[76.3095,10.9057],[76.3086,10.9074],[76.3071,10.9082],[76.3047,10.9083],[76.3029,10.9111],[76.2986,10.9131],[76.2991,10.9168],[76.3,10.9167],[76.3007,10.9153],[76.3052,10.9115],[76.3069,10.9112],[76.3147,10.9126],[76.3205,10.9115],[76.3208,10.9069],[76.3238,10.9051],[76.324,10.8986],[76.3247,10.8968],[76.3212,10.8948],[76.3199,10.8914],[76.3239,10.8893],[76.3255,10.8895],[76.3243,10.8854],[76.3254,10.883],[76.3248,10.8813],[76.3259,10.8807],[76.3295,10.8809],[76.3314,10.8801],[76.3369,10.88],[76.3398,10.8808],[76.3407,10.8796],[76.3443,10.8778],[76.3477,10.8778],[76.3455,10.8746],[76.3377,10.8751],[76.3421,10.867],[76.3421,10.861],[76.3386,10.8609],[76.3354,10.8591],[76.3335,10.8574],[76.3327,10.8539],[76.3302,10.8512],[76.3276,10.8495],[76.3266,10.8473],[76.3222,10.8473]]]}},{"type":"Feature","properties":{"code":"20B4by","basin":"BARATHAPUZHA","areaHa":900.08,"shedId":"RB20"},"geometry":{"type":"Polygon","coordinates":[[[76.2889,10.8889],[76.2873,10.8899],[76.2838,10.8947],[76.2805,10.8952],[76.2794,10.8965],[76.2788,10.9016],[76.2754,10.9023],[76.274,10.9032],[76.2715,10.9097],[76.269,10.9139],[76.2697,10.9146],[76.2772,10.9149],[76.2796,10.9158],[76.2848,10.9126],[76.2867,10.9124],[76.2939,10.9166],[76.2955,10.9185],[76.2969,10.9189],[76.2994,10.9177],[76.3,10.9167],[76.2991,10.9168],[76.2986,10.9131],[76.3029,10.9111],[76.3047,10.9083],[76.3071,10.9082],[76.3086,10.9074],[76.3095,10.9057],[76.312,10.9038],[76.3082,10.9009],[76.306,10.8962],[76.3055,10.8925],[76.3039,10.8897],[76.3022,10.8893],[76.2985,10.8901],[76.2966,10.8891],[76.2949,10.8901],[76.2936,10.8899],[76.293,10.8891],[76.2889,10.8889]]]}},{"type":"Feature","properties":{"code":"20B4bz","basin":"BARATHAPUZHA","areaHa":2390.31,"shedId":"RB20"},"geometry":{"type":"Polygon","coordinates":[[[76.3064,10.8564],[76.306,10.8524],[76.3006,10.8505],[76.3014,10.8472],[76.2992,10.8423],[76.2976,10.8422],[76.2934,10.8439],[76.2923,10.8433],[76.2917,10.8417],[76.288,10.8437],[76.2855,10.8443],[76.2774,10.8532],[76.2734,10.8517],[76.2724,10.852],[76.2707,10.8565],[76.2729,10.8602],[76.2705,10.8622],[76.2682,10.8666],[76.2651,10.8694],[76.261,10.8749],[76.2587,10.8759],[76.2538,10.8765],[76.2511,10.8802],[76.25,10.884],[76.2527,10.8843],[76.2547,10.8858],[76.2588,10.8954],[76.2624,10.8996],[76.2663,10.9061],[76.267,10.9084],[76.2668,10.9107],[76.269,10.9139],[76.2715,10.9097],[76.274,10.9032],[76.2792,10.9012],[76.2791,10.8976],[76.2805,10.8952],[76.2838,10.8947],[76.2873,10.8899],[76.2889,10.8889],[76.293,10.8891],[76.2936,10.8899],[76.2949,10.8901],[76.2967,10.8891],[76.2991,10.8822],[76.3011,10.8806],[76.3018,10.8778],[76.2962,10.8743],[76.2998,10.871],[76.302,10.8673],[76.3069,10.8637],[76.3052,10.8591],[76.3064,10.8564]]]}},{"type":"Feature","properties":{"code":"20B4c","basin":"BARATHAPUZHA","areaHa":2.14,"shedId":"RB20"},"geometry":{"type":"Polygon","coordinates":[[[76.1604,10.9126],[76.1594,10.9093],[76.15883,10.91095],[76.1604,10.9126]]]}},{"type":"Feature","properties":{"code":"20B4ca","basin":"BARATHAPUZHA","areaHa":2449.19,"shedId":"RB20"},"geometry":{"type":"Polygon","coordinates":[[[76.245,10.8506],[76.2428,10.8489],[76.2369,10.8501],[76.2311,10.8502],[76.2277,10.8539],[76.2225,10.8581],[76.2169,10.8592],[76.2146,10.8589],[76.2128,10.8578],[76.2101,10.8597],[76.2108,10.8608],[76.21,10.8635],[76.211,10.8659],[76.2124,10.8675],[76.2157,10.869],[76.2141,10.8744],[76.2152,10.8837],[76.212,10.8856],[76.2122,10.8886],[76.2116,10.8913],[76.213,10.8939],[76.2121,10.8964],[76.2114,10.9028],[76.2117,10.9039],[76.2147,10.9072],[76.2166,10.9116],[76.2173,10.9069],[76.2192,10.9053],[76.2201,10.9022],[76.2274,10.8936],[76.2289,10.8901],[76.2289,10.8871],[76.2295,10.8859],[76.2314,10.8846],[76.2337,10.8841],[76.2463,10.8856],[76.25,10.884],[76.2511,10.8802],[76.2538,10.8765],[76.2587,10.8759],[76.261,10.8749],[76.2651,10.8694],[76.2682,10.8666],[76.2705,10.8622],[76.2728,10.8605],[76.2728,10.8596],[76.2713,10.8581],[76.2707,10.8565],[76.2726,10.8519],[76.2701,10.8505],[76.2672,10.8465],[76.2655,10.8428],[76.262,10.8438],[76.2602,10.8466],[76.2587,10.8474],[76.2547,10.8471],[76.2539,10.8453],[76.2514,10.8444],[76.2478,10.8495],[76.245,10.8506]]]}},{"type":"Feature","properties":{"code":"20B4cb","basin":"BARATHAPUZHA","areaHa":1577.01,"shedId":"RB20"},"geometry":{"type":"Polygon","coordinates":[[[76.2107,10.8603],[76.2101,10.8597],[76.2069,10.8599],[76.2038,10.8572],[76.2004,10.8563],[76.1964,10.8542],[76.1929,10.8537],[76.1952,10.8561],[76.1961,10.8592],[76.1959,10.8606],[76.1935,10.8626],[76.1855,10.8671],[76.1859,10.8729],[76.181,10.8793],[76.1793,10.8801],[76.1777,10.8796],[76.1735,10.8821],[76.1768,10.8886],[76.176,10.8914],[76.1763,10.8929],[76.1795,10.8964],[76.1878,10.9016],[76.1889,10.8992],[76.1917,10.8975],[76.2,10.8979],[76.2047,10.8973],[76.2061,10.8988],[76.20689,10.90427],[76.2101,10.9074],[76.2108,10.9104],[76.212,10.9118],[76.2142,10.9123],[76.2166,10.9116],[76.2147,10.9072],[76.2115,10.9036],[76.2121,10.8964],[76.213,10.8939],[76.2116,10.8906],[76.2122,10.8852],[76.2152,10.8837],[76.2141,10.8744],[76.2157,10.869],[76.2124,10.8675],[76.211,10.8659],[76.21,10.8635],[76.2107,10.8603]]]}},{"type":"Feature","properties":{"code":"20B4cc","basin":"BARATHAPUZHA","areaHa":1339.66,"shedId":"RB20"},"geometry":{"type":"Polygon","coordinates":[[[76.1443,10.8784],[76.1421,10.8796],[76.1378,10.8799],[76.1342,10.8771],[76.1326,10.8774],[76.1327,10.8791],[76.131,10.8835],[76.1303,10.8877],[76.1311,10.8949],[76.1318,10.8959],[76.1364,10.8957],[76.1435,10.8901],[76.1464,10.8887],[76.149,10.8886],[76.1506,10.8892],[76.1523,10.8905],[76.1564,10.8963],[76.1581,10.9001],[76.1586,10.9021],[76.1584,10.907],[76.1596,10.9097],[76.1634,10.9124],[76.1698,10.9151],[76.1715,10.915],[76.1729,10.9086],[76.1742,10.9068],[76.1776,10.9067],[76.1837,10.9098],[76.1875,10.9093],[76.1895,10.9075],[76.1878,10.9016],[76.1795,10.8964],[76.1766,10.8934],[76.176,10.8914],[76.1768,10.8886],[76.174,10.8836],[76.1736,10.8818],[76.1726,10.8811],[76.1684,10.8802],[76.1624,10.8753],[76.1583,10.8757],[76.1565,10.8752],[76.1497,10.8779],[76.1479,10.8797],[76.1443,10.8784]]]}},{"type":"Feature","properties":{"code":"20B4cd","basin":"BARATHAPUZHA","areaHa":2836.34,"shedId":"RB20"},"geometry":{"type":"Polygon","coordinates":[[[76.1643,10.8435],[76.1558,10.8442],[76.1464,10.8456],[76.1439,10.8471],[76.144,10.8518],[76.143,10.853],[76.1376,10.853],[76.1275,10.849],[76.1194,10.8486],[76.1133,10.8523],[76.1118,10.8549],[76.1093,10.8571],[76.1081,10.8625],[76.1034,10.869],[76.1053,10.8697],[76.1103,10.8659],[76.1128,10.8653],[76.1134,10.8657],[76.1141,10.8681],[76.1143,10.8761],[76.1157,10.8809],[76.123,10.8789],[76.1256,10.879],[76.1321,10.8768],[76.1326,10.8774],[76.1342,10.8771],[76.1378,10.8799],[76.1421,10.8796],[76.1445,10.8783],[76.1479,10.8797],[76.1497,10.8779],[76.1565,10.8752],[76.1583,10.8757],[76.1624,10.8753],[76.1684,10.8802],[76.1736,10.8818],[76.1777,10.8796],[76.1802,10.88],[76.1859,10.8729],[76.1855,10.8671],[76.1935,10.8626],[76.1959,10.8606],[76.1961,10.8592],[76.1952,10.8561],[76.1907,10.8521],[76.1809,10.8511],[76.1768,10.8469],[76.1716,10.8485],[76.1666,10.8457],[76.1643,10.8435]]]}},{"type":"Feature","properties":{"code":"20B4ce","basin":"BARATHAPUZHA","areaHa":2189.18,"shedId":"RB20"},"geometry":{"type":"Polygon","coordinates":[[[76.1277,10.8041],[76.1235,10.8039],[76.1119,10.8096],[76.1044,10.8124],[76.0933,10.8225],[76.0905,10.8379],[76.0885,10.839],[76.0928,10.839],[76.0973,10.84],[76.1,10.8414],[76.1031,10.8449],[76.1035,10.8611],[76.1028,10.8651],[76.1034,10.869],[76.1081,10.8625],[76.1093,10.8571],[76.1118,10.8549],[76.1133,10.8523],[76.1194,10.8486],[76.1275,10.849],[76.1381,10.8531],[76.143,10.853],[76.1439,10.8523],[76.1439,10.8471],[76.1397,10.8447],[76.1411,10.8413],[76.1413,10.8348],[76.1407,10.8334],[76.1389,10.8325],[76.1389,10.8303],[76.1358,10.8305],[76.1315,10.8276],[76.1301,10.8255],[76.1308,10.8209],[76.1352,10.8142],[76.1368,10.8105],[76.1342,10.8093],[76.1316,10.8067],[76.1277,10.8041]]]}},{"type":"Feature","properties":{"code":"20B4e","basin":"BARATHAPUZHA","areaHa":19.17,"shedId":"RB20"},"geometry":{"type":"Polygon","coordinates":[[[76.1706,10.9151],[76.1634,10.9124],[76.1599,10.9099],[76.1597,10.9112],[76.1604,10.9126],[76.1668,10.9152],[76.1705,10.9157],[76.1706,10.9151]]]}},{"type":"Feature","properties":{"code":"20B4f","basin":"BARATHAPUZHA","areaHa":53.34,"shedId":"RB20"},"geometry":{"type":"MultiPolygon","coordinates":[[[[76.2115,10.9129],[76.2123,10.9119],[76.2108,10.9104],[76.211,10.9116],[76.2115,10.9129]]],[[[76.2,10.8979],[76.1917,10.8975],[76.1898,10.8984],[76.1886,10.8999],[76.1924,10.8982],[76.1979,10.8993],[76.2041,10.8986],[76.2053,10.8998],[76.20689,10.90427],[76.2061,10.8988],[76.2047,10.8973],[76.2,10.8979]]],[[[76.1875,10.9093],[76.1825,10.9096],[76.1791,10.9072],[76.1762,10.9067],[76.1814,10.9103],[76.1858,10.9113],[76.1882,10.9111],[76.1898,10.9101],[76.1895,10.9075],[76.1875,10.9093]]],[[[76.1706,10.9157],[76.1714,10.9153],[76.1715,10.915],[76.1706,10.9151],[76.1706,10.9157]]]]}},{"type":"Feature","properties":{"code":"20B4g","basin":"BARATHAPUZHA","areaHa":17.59,"shedId":"RB20"},"geometry":{"type":"MultiPolygon","coordinates":[[[[76.2274,10.8936],[76.2201,10.9022],[76.2192,10.9053],[76.2212,10.9031],[76.2233,10.8985],[76.2274,10.8936]]],[[[76.2166,10.913],[76.217,10.9112],[76.2153,10.9122],[76.2123,10.9119],[76.2115,10.9129],[76.21369,10.91443],[76.2166,10.913]]]]}},{"type":"Feature","properties":{"code":"20B4h","basin":"BARATHAPUZHA","areaHa":62.98,"shedId":"RB20"},"geometry":{"type":"Polygon","coordinates":[[[76.2532,10.8846],[76.25,10.884],[76.2463,10.8856],[76.2337,10.8841],[76.2314,10.8846],[76.2304,10.8855],[76.2338,10.8852],[76.2434,10.8868],[76.2509,10.8848],[76.2526,10.8851],[76.2544,10.8874],[76.2585,10.8965],[76.2622,10.9008],[76.2659,10.9082],[76.2665,10.9116],[76.2672,10.9114],[76.2663,10.9061],[76.2624,10.8996],[76.2588,10.8954],[76.2561,10.8884],[76.2545,10.8855],[76.2532,10.8846]]]}},{"type":"Feature","properties":{"code":"20B4i","basin":"BARATHAPUZHA","areaHa":33.28,"shedId":"RB20"},"geometry":{"type":"MultiPolygon","coordinates":[[[[76.2964,10.9188],[76.2939,10.9166],[76.2867,10.9124],[76.2848,10.9126],[76.2835,10.9135],[76.28303,10.91387],[76.2845,10.9134],[76.287,10.9142],[76.2912,10.9166],[76.2949,10.9199],[76.2968,10.9198],[76.2964,10.9188]]],[[[76.2732,10.9146],[76.2795,10.9161],[76.2802,10.9157],[76.2732,10.9146]]],[[[76.2671,10.9114],[76.2665,10.9117],[76.2679,10.915],[76.2706,10.9148],[76.2692,10.9142],[76.2671,10.9114]]]]}},{"type":"Feature","properties":{"code":"20B4j","basin":"BARATHAPUZHA","areaHa":17.1,"shedId":"RB20"},"geometry":{"type":"MultiPolygon","coordinates":[[[[76.3238,10.9554],[76.3243,10.9589],[76.3268,10.9575],[76.3259,10.9561],[76.3212,10.9528],[76.32148,10.954],[76.3238,10.9554]]],[[[76.3159,10.9124],[76.3194,10.9119],[76.31968,10.9118],[76.3181,10.9118],[76.3159,10.9124]]],[[[76.3153,10.9125],[76.3081,10.9115],[76.3125,10.9129],[76.3138,10.9128],[76.3153,10.9125]]],[[[76.2994,10.9177],[76.2964,10.9188],[76.2968,10.9198],[76.2994,10.9177]]]]}},{"type":"Feature","properties":{"code":"20B4k","basin":"BARATHAPUZHA","areaHa":576.32,"shedId":"RB20"},"geometry":{"type":"MultiPolygon","coordinates":[[[[76.356,10.9233],[76.3549,10.92],[76.3522,10.9185],[76.3454,10.9194],[76.344,10.9192],[76.3403,10.9169],[76.34,10.9092],[76.3389,10.9074],[76.33517,10.90553],[76.3357,10.9068],[76.3348,10.9085],[76.3355,10.9126],[76.3345,10.914],[76.3323,10.9145],[76.3329,10.9172],[76.3322,10.9204],[76.3335,10.922],[76.3334,10.923],[76.3317,10.9243],[76.3311,10.9261],[76.3244,10.931],[76.3225,10.9333],[76.3226,10.9353],[76.3213,10.9366],[76.322,10.9383],[76.3217,10.9405],[76.3242,10.9405],[76.328,10.942],[76.3294,10.9418],[76.331,10.9401],[76.3325,10.9363],[76.338,10.9345],[76.3444,10.9295],[76.3475,10.9287],[76.3501,10.9271],[76.3515,10.9269],[76.3535,10.9277],[76.3583,10.9268],[76.356,10.9233]]],[[[76.3288,10.9046],[76.3238,10.9051],[76.3228,10.9056],[76.3288,10.9046]]]]}},{"type":"Feature","properties":{"code":"20B4l","basin":"BARATHAPUZHA","areaHa":427.92,"shedId":"RB20"},"geometry":{"type":"Polygon","coordinates":[[[76.3585,10.9268],[76.3535,10.9277],[76.3515,10.9269],[76.3501,10.9271],[76.3475,10.9287],[76.3444,10.9295],[76.338,10.9345],[76.3325,10.9363],[76.331,10.9401],[76.329,10.942],[76.3242,10.9405],[76.3217,10.9405],[76.3217,10.9449],[76.3208,10.9499],[76.3212,10.9528],[76.3268,10.9571],[76.3243,10.9594],[76.32831,10.96419],[76.3309,10.9625],[76.3332,10.9589],[76.3328,10.9567],[76.3302,10.9541],[76.3293,10.9521],[76.3321,10.9497],[76.3325,10.947],[76.3345,10.9428],[76.3377,10.9404],[76.3515,10.933],[76.3528,10.9317],[76.3572,10.9301],[76.3581,10.9292],[76.3585,10.9268]]]}},{"type":"Feature","properties":{"code":"20B4m","basin":"BARATHAPUZHA","areaHa":18.7,"shedId":"RB20"},"geometry":{"type":"Polygon","coordinates":[[[76.3302,10.9782],[76.3293,10.9758],[76.3299,10.9722],[76.3282,10.9688],[76.3262,10.9675],[76.3288,10.9737],[76.3288,10.9747],[76.3275,10.9766],[76.3283,10.9788],[76.3302,10.9782]]]}},{"type":"Feature","properties":{"code":"20B4n","basin":"BARATHAPUZHA","areaHa":1167.53,"shedId":"RB20"},"geometry":{"type":"Polygon","coordinates":[[[76.3604,10.9269],[76.3585,10.9268],[76.3581,10.9292],[76.3572,10.9301],[76.3528,10.9317],[76.3515,10.933],[76.3348,10.9425],[76.3325,10.947],[76.3321,10.9497],[76.3293,10.9521],[76.3302,10.9541],[76.3328,10.9567],[76.3332,10.9589],[76.3309,10.9625],[76.32831,10.96419],[76.3287,10.965],[76.3275,10.9673],[76.3262,10.9675],[76.3282,10.9688],[76.3299,10.9722],[76.3293,10.9758],[76.3302,10.9782],[76.3338,10.9805],[76.33633,10.9804],[76.3376,10.9775],[76.3388,10.9769],[76.3432,10.9766],[76.3467,10.9751],[76.3482,10.9737],[76.3505,10.9736],[76.3529,10.9745],[76.3562,10.9742],[76.3557,10.972],[76.3543,10.9705],[76.3567,10.9653],[76.3568,10.9573],[76.3543,10.9526],[76.354,10.95],[76.3526,10.9482],[76.354,10.9432],[76.3532,10.9388],[76.3549,10.937],[76.3554,10.9339],[76.3565,10.9329],[76.3595,10.9323],[76.3608,10.9303],[76.3604,10.9269]],[[76.3596,10.92791],[76.3588,10.9282],[76.3596,10.92791],[76.3596,10.92791]]]}},{"type":"Feature","properties":{"code":"20B4o","basin":"BARATHAPUZHA","areaHa":2164.93,"shedId":"RB20"},"geometry":{"type":"Polygon","coordinates":[[[76.3638,10.9266],[76.3604,10.9269],[76.3609,10.9296],[76.3601,10.9318],[76.3557,10.9333],[76.3549,10.937],[76.3532,10.9388],[76.354,10.9432],[76.3526,10.9487],[76.354,10.95],[76.3543,10.9526],[76.3567,10.9569],[76.357,10.959],[76.3567,10.9653],[76.3543,10.9705],[76.3557,10.972],[76.3562,10.9742],[76.3594,10.9741],[76.3609,10.973],[76.3649,10.9724],[76.3665,10.9737],[76.3682,10.9767],[76.372,10.9773],[76.373,10.9773],[76.3745,10.976],[76.3778,10.9765],[76.3808,10.9759],[76.3868,10.9776],[76.3899,10.9756],[76.3924,10.975],[76.3973,10.9766],[76.4012,10.9789],[76.4038,10.9772],[76.4046,10.9763],[76.4047,10.9717],[76.4015,10.9693],[76.4018,10.9661],[76.4046,10.9609],[76.4012,10.9572],[76.397,10.954],[76.3913,10.9537],[76.3907,10.9531],[76.3914,10.9494],[76.3877,10.9484],[76.3885,10.945],[76.3864,10.9417],[76.3868,10.9385],[76.3861,10.9373],[76.3846,10.9378],[76.3832,10.9373],[76.3826,10.9322],[76.381,10.9297],[76.3781,10.9285],[76.3746,10.9309],[76.3695,10.9319],[76.3644,10.9286],[76.3638,10.9266]]]}},{"type":"Feature","properties":{"code":"20B4p","basin":"BARATHAPUZHA","areaHa":1440.15,"shedId":"RB20"},"geometry":{"type":"Polygon","coordinates":[[[76.4309,10.9163],[76.4295,10.9133],[76.4283,10.9127],[76.4265,10.913],[76.421,10.9159],[76.4121,10.9186],[76.4054,10.9237],[76.3991,10.9264],[76.3963,10.9261],[76.3937,10.9242],[76.3907,10.9231],[76.3808,10.921],[76.373,10.9221],[76.3662,10.9262],[76.3638,10.9266],[76.3644,10.9286],[76.3695,10.9319],[76.3746,10.9309],[76.3781,10.9285],[76.381,10.9297],[76.3826,10.9322],[76.3832,10.9373],[76.3846,10.9378],[76.3861,10.9373],[76.3868,10.9385],[76.3864,10.9417],[76.3885,10.945],[76.3877,10.9484],[76.3914,10.9494],[76.3907,10.9531],[76.3913,10.9537],[76.397,10.954],[76.4012,10.9572],[76.4046,10.9609],[76.4078,10.9564],[76.4092,10.953],[76.409,10.9513],[76.4106,10.9497],[76.4104,10.9481],[76.4073,10.9438],[76.4076,10.9422],[76.4133,10.9378],[76.4143,10.935],[76.4175,10.9323],[76.4253,10.9285],[76.428,10.9225],[76.4288,10.9181],[76.4315,10.9164],[76.4309,10.9163]]]}},{"type":"Feature","properties":{"code":"20B4q","basin":"BARATHAPUZHA","areaHa":637.75,"shedId":"RB20"},"geometry":{"type":"Polygon","coordinates":[[[76.4315,10.9164],[76.4288,10.9181],[76.428,10.9225],[76.4253,10.9285],[76.4175,10.9323],[76.4143,10.935],[76.4138,10.9373],[76.4082,10.9416],[76.4073,10.9432],[76.4081,10.9454],[76.4098,10.9474],[76.4162,10.9507],[76.4174,10.9537],[76.4198,10.956],[76.422,10.9571],[76.4252,10.9566],[76.4276,10.9539],[76.4296,10.9528],[76.4305,10.9494],[76.4332,10.9468],[76.4351,10.9459],[76.4358,10.944],[76.4354,10.9416],[76.4326,10.9381],[76.4326,10.9337],[76.4307,10.9314],[76.4294,10.9282],[76.4306,10.9247],[76.4302,10.9214],[76.4315,10.9164]]]}},{"type":"Feature","properties":{"code":"20B4r","basin":"BARATHAPUZHA","areaHa":3342.78,"shedId":"RB20"},"geometry":{"type":"Polygon","coordinates":[[[76.415,10.9498],[76.4098,10.9474],[76.4106,10.9497],[76.409,10.9513],[76.4092,10.953],[76.4078,10.9564],[76.4037,10.962],[76.4018,10.9661],[76.4015,10.9693],[76.4047,10.9717],[76.4047,10.9755],[76.4038,10.9772],[76.4012,10.9789],[76.403,10.9829],[76.402,10.9886],[76.4026,10.9901],[76.4044,10.9922],[76.4085,10.9926],[76.4117,10.9964],[76.4118,10.9988],[76.4153,11.0008],[76.4154,11.0031],[76.4145,11.004],[76.4076,11.0045],[76.4065,11.0079],[76.4051,11.0091],[76.4038,11.0134],[76.4074,11.0166],[76.4073,11.0185],[76.4025,11.0183],[76.3986,11.0191],[76.3981,11.0197],[76.4009,11.0243],[76.4009,11.0281],[76.3995,11.0306],[76.3996,11.0316],[76.4028,11.0343],[76.4066,11.0363],[76.4073,11.0419],[76.4102,11.0492],[76.4102,11.0516],[76.4117,11.0536],[76.4118,11.0581],[76.4093,11.063],[76.4094,11.0651],[76.4163,11.0724],[76.4284,11.0672],[76.429,11.0656],[76.4329,11.0616],[76.4334,11.0563],[76.4351,11.0527],[76.4371,11.0443],[76.4371,11.0412],[76.4352,11.0379],[76.4374,11.0348],[76.4367,11.0321],[76.4326,11.0278],[76.4301,11.0237],[76.4342,11.0173],[76.4313,11.0104],[76.4311,11.0036],[76.423,10.9986],[76.4227,10.9977],[76.4259,10.9941],[76.4255,10.9931],[76.4219,10.991],[76.4216,10.9896],[76.4247,10.985],[76.425,10.9825],[76.4242,10.9795],[76.4212,10.9764],[76.4208,10.9727],[76.4253,10.969],[76.4268,10.9646],[76.4283,10.9635],[76.4284,10.9597],[76.4308,10.9571],[76.43,10.956],[76.4274,10.9546],[76.4244,10.957],[76.4212,10.9568],[76.4174,10.9537],[76.4168,10.9516],[76.415,10.9498]]]}},{"type":"Feature","properties":{"code":"20B4s","basin":"BARATHAPUZHA","areaHa":1660.77,"shedId":"RB20"},"geometry":{"type":"MultiPolygon","coordinates":[[[[76.4539,10.9996],[76.4557,10.997],[76.4555,10.996],[76.4521,10.9958],[76.4486,10.9936],[76.4428,10.9867],[76.4425,10.983],[76.4392,10.9822],[76.4382,10.9813],[76.4361,10.9763],[76.4337,10.974],[76.4338,10.971],[76.4299,10.9708],[76.4287,10.9699],[76.4281,10.9677],[76.4283,10.9635],[76.4273,10.9639],[76.4253,10.969],[76.4208,10.9727],[76.4212,10.9764],[76.4242,10.9795],[76.425,10.9825],[76.4247,10.985],[76.4216,10.9896],[76.4219,10.991],[76.4255,10.9931],[76.4259,10.9941],[76.4227,10.9977],[76.423,10.9986],[76.4311,11.0036],[76.4313,11.0104],[76.4342,11.0173],[76.4301,11.0237],[76.4326,11.0278],[76.4363,11.0315],[76.4373,11.0341],[76.437,11.0358],[76.4352,11.0379],[76.4371,11.0412],[76.4369,11.0457],[76.4351,11.0527],[76.4334,11.0563],[76.4331,11.0588],[76.4355,11.0592],[76.4417,11.0578],[76.441,11.0559],[76.4416,11.053],[76.4409,11.0513],[76.4411,11.049],[76.4496,11.0245],[76.4498,11.0096],[76.453,11.0067],[76.4535,11.0006],[76.4543,10.9991],[76.4539,10.9996]]],[[[76.4543,10.9991],[76.4543,10.9991],[76.4543,10.9991],[76.4543,10.9991]]]]}},{"type":"Feature","properties":{"code":"20B4t","basin":"BARATHAPUZHA","areaHa":643.68,"shedId":"RB20"},"geometry":{"type":"Polygon","coordinates":[[[76.4355,11.0592],[76.4331,11.0588],[76.4329,11.0616],[76.429,11.0656],[76.4284,11.0672],[76.4163,11.0724],[76.4181,11.0731],[76.4212,11.0729],[76.4236,11.074],[76.4246,11.0752],[76.4251,11.0793],[76.4247,11.082],[76.4254,11.0835],[76.4251,11.0863],[76.4227,11.0916],[76.4256,11.0957],[76.4258,11.0974],[76.4292,11.0982],[76.4338,11.0969],[76.4383,11.0978],[76.4394,11.0973],[76.4429,11.1014],[76.4427,11.0991],[76.4433,11.0976],[76.4471,11.095],[76.4452,11.0932],[76.4442,11.091],[76.4439,11.0855],[76.4377,11.0794],[76.4324,11.0789],[76.4312,11.0779],[76.434,11.069],[76.4363,11.0664],[76.4371,11.0644],[76.4409,11.0611],[76.4418,11.0594],[76.4418,11.0579],[76.4355,11.0592]]]}},{"type":"Feature","properties":{"code":"20B4u","basin":"BARATHAPUZHA","areaHa":610.22,"shedId":"RB20"},"geometry":{"type":"Polygon","coordinates":[[[76.4228,11.1342],[76.422,11.1318],[76.4225,11.1291],[76.4244,11.1279],[76.4255,11.1236],[76.4271,11.1214],[76.4301,11.1197],[76.431,11.1185],[76.4314,11.1169],[76.4303,11.1147],[76.4305,11.1135],[76.4327,11.1108],[76.4345,11.1106],[76.4331,11.1091],[76.4327,11.1073],[76.4348,11.1055],[76.4378,11.1049],[76.4385,11.1042],[76.4385,11.1035],[76.4372,11.1025],[76.4374,11.1018],[76.4429,11.1014],[76.4398,11.0974],[76.4383,11.0978],[76.4338,11.0969],[76.4292,11.0982],[76.4258,11.0974],[76.4199,11.103],[76.4192,11.1071],[76.4196,11.1104],[76.4186,11.1156],[76.4157,11.1196],[76.4146,11.1268],[76.4124,11.1316],[76.4149,11.1382],[76.416,11.1391],[76.4228,11.1342]]]}},{"type":"Feature","properties":{"code":"20B4v","basin":"BARATHAPUZHA","areaHa":374.2,"shedId":"RB20"},"geometry":{"type":"Polygon","coordinates":[[[76.4238,11.1683],[76.4215,11.1663],[76.4212,11.162],[76.4232,11.1589],[76.4228,11.1575],[76.4235,11.154],[76.4211,11.1513],[76.4186,11.151],[76.4182,11.1502],[76.4192,11.1454],[76.4234,11.1432],[76.4233,11.1353],[76.4228,11.1343],[76.416,11.1391],[76.4162,11.1408],[76.4152,11.1434],[76.4138,11.146],[76.41,11.1504],[76.4087,11.154],[76.4107,11.1563],[76.4128,11.1613],[76.41241,11.16247],[76.4141,11.1678],[76.4139,11.1707],[76.4158,11.1703],[76.4215,11.1708],[76.4228,11.1719],[76.4242,11.1702],[76.4238,11.1683]]]}},{"type":"Feature","properties":{"code":"20B4w","basin":"BARATHAPUZHA","areaHa":1167.87,"shedId":"RB20"},"geometry":{"type":"Polygon","coordinates":[[[76.4282,11.2066],[76.4291,11.2046],[76.432,11.2018],[76.43947,11.2024],[76.4389,11.1992],[76.4501,11.1993],[76.4417,11.1926],[76.4386,11.1873],[76.4359,11.1852],[76.4337,11.1837],[76.4304,11.1834],[76.4287,11.1798],[76.4243,11.1794],[76.4231,11.1767],[76.4232,11.1722],[76.4215,11.1708],[76.4145,11.1703],[76.4113,11.1762],[76.4072,11.1809],[76.4059,11.1836],[76.4038,11.1855],[76.4041,11.1877],[76.4068,11.1906],[76.408,11.1934],[76.4072,11.1955],[76.4077,11.1983],[76.4071,11.2011],[76.40561,11.20249],[76.4057,11.2037],[76.4071,11.2059],[76.4097,11.2077],[76.4167,11.209],[76.42,11.2077],[76.4282,11.2066]]]}},{"type":"Feature","properties":{"code":"20B4x","basin":"BARATHAPUZHA","areaHa":384.24,"shedId":"RB20"},"geometry":{"type":"Polygon","coordinates":[[[76.4558,11.1907],[76.4485,11.1877],[76.4463,11.1848],[76.4432,11.1828],[76.4414,11.1791],[76.4383,11.1775],[76.4381,11.1739],[76.4332,11.1745],[76.4294,11.174],[76.4281,11.1733],[76.4256,11.1695],[76.424,11.169],[76.4242,11.1702],[76.4228,11.1719],[76.4237,11.1788],[76.4243,11.1794],[76.4289,11.1799],[76.43,11.1831],[76.4322,11.1839],[76.4337,11.1837],[76.4359,11.1852],[76.4386,11.1873],[76.4417,11.1926],[76.4501,11.1993],[76.4528,11.199],[76.455,11.1969],[76.4545,11.1917],[76.4558,11.1907]]]}},{"type":"Feature","properties":{"code":"20B4y","basin":"BARATHAPUZHA","areaHa":976.04,"shedId":"RB20"},"geometry":{"type":"Polygon","coordinates":[[[76.45944,11.18857],[76.4625,11.1866],[76.4634,11.1808],[76.4626,11.169],[76.4585,11.1709],[76.4572,11.1709],[76.454,11.1698],[76.4501,11.167],[76.4462,11.1657],[76.4366,11.1566],[76.4342,11.1536],[76.422,11.1495],[76.419,11.1459],[76.4184,11.1508],[76.4211,11.1513],[76.4236,11.1545],[76.4228,11.1575],[76.4232,11.1589],[76.4212,11.162],[76.4215,11.1663],[76.424,11.169],[76.4256,11.1695],[76.4281,11.1733],[76.4313,11.1744],[76.4381,11.1739],[76.4383,11.1775],[76.4414,11.1791],[76.4426,11.1822],[76.4463,11.1848],[76.4477,11.1871],[76.4512,11.1891],[76.4558,11.1907],[76.4581,11.1876],[76.45944,11.18857]]]}},{"type":"Feature","properties":{"code":"20B4z","basin":"BARATHAPUZHA","areaHa":1331.18,"shedId":"RB20"},"geometry":{"type":"Polygon","coordinates":[[[76.4626,11.1687],[76.463,11.1675],[76.4641,11.1667],[76.4685,11.1647],[76.4711,11.165],[76.4727,11.163],[76.4705,11.16],[76.47,11.1539],[76.4683,11.1513],[76.4688,11.1486],[76.4684,11.146],[76.467,11.1452],[76.4652,11.1418],[76.4638,11.1413],[76.4597,11.1424],[76.4581,11.1414],[76.4548,11.1414],[76.4451,11.1388],[76.4376,11.1386],[76.4357,11.138],[76.4337,11.1349],[76.4308,11.133],[76.4268,11.1333],[76.4242,11.1306],[76.4222,11.1302],[76.4221,11.1326],[76.4233,11.1353],[76.4234,11.1432],[76.419,11.1459],[76.4217,11.1493],[76.4336,11.1532],[76.4444,11.1643],[76.4462,11.1657],[76.4501,11.167],[76.454,11.1698],[76.4585,11.1709],[76.4626,11.1687]]]}},{"type":"Feature","properties":{"code":"20B5a","basin":"BARATHAPUZHA","areaHa":569.71,"shedId":"RB20"},"geometry":{"type":"Polygon","coordinates":[[[76.1368,10.8105],[76.1308,10.8209],[76.13,10.8248],[76.1315,10.8276],[76.1348,10.8299],[76.1365,10.8308],[76.1389,10.8303],[76.1389,10.8325],[76.1407,10.8334],[76.1413,10.8348],[76.1411,10.8413],[76.1399,10.845],[76.1439,10.8471],[76.1472,10.8452],[76.1647,10.8438],[76.1612,10.8391],[76.1606,10.8338],[76.159,10.8314],[76.1576,10.8304],[76.1555,10.8312],[76.1512,10.8312],[76.1494,10.8298],[76.1486,10.8283],[76.1476,10.8288],[76.1452,10.8284],[76.1451,10.8269],[76.1436,10.8248],[76.1413,10.824],[76.14,10.8226],[76.1399,10.8217],[76.1408,10.8204],[76.1403,10.8183],[76.141,10.8175],[76.137,10.8143],[76.1368,10.8105]]]}},{"type":"Feature","properties":{"code":"20B5b","basin":"BARATHAPUZHA","areaHa":458.94,"shedId":"RB20"},"geometry":{"type":"Polygon","coordinates":[[[76.1756,10.8342],[76.1728,10.8316],[76.1674,10.83],[76.163,10.8303],[76.1597,10.8292],[76.1576,10.8304],[76.1606,10.8338],[76.1614,10.8395],[76.1666,10.8457],[76.1723,10.8486],[76.1745,10.8473],[76.1768,10.8469],[76.1809,10.8511],[76.1907,10.8521],[76.1929,10.8537],[76.1951,10.8473],[76.1894,10.8468],[76.185,10.8447],[76.1794,10.8378],[76.1788,10.8346],[76.1756,10.8342]]]}},{"type":"Feature","properties":{"code":"20B5c","basin":"BARATHAPUZHA","areaHa":442.76,"shedId":"RB20"},"geometry":{"type":"Polygon","coordinates":[[[76.2162,10.8378],[76.2187,10.8356],[76.2162,10.8349],[76.2126,10.8358],[76.2087,10.8348],[76.2056,10.8351],[76.2029,10.838],[76.2008,10.8392],[76.1954,10.8462],[76.1929,10.8537],[76.1964,10.8542],[76.2004,10.8563],[76.2038,10.8572],[76.2069,10.8599],[76.2113,10.8592],[76.2128,10.8578],[76.2125,10.8559],[76.2138,10.8512],[76.2123,10.8454],[76.2112,10.844],[76.2126,10.8421],[76.2148,10.8406],[76.2162,10.8378]]]}},{"type":"Feature","properties":{"code":"20B5d","basin":"BARATHAPUZHA","areaHa":1156.33,"shedId":"RB20"},"geometry":{"type":"Polygon","coordinates":[[[76.1413,10.8111],[76.1368,10.8105],[76.137,10.8143],[76.1408,10.8171],[76.1403,10.8183],[76.1408,10.8204],[76.1399,10.8217],[76.14,10.8226],[76.1413,10.824],[76.1436,10.8248],[76.1451,10.8269],[76.1452,10.8284],[76.1476,10.8288],[76.1486,10.8283],[76.1494,10.8298],[76.1512,10.8312],[76.156,10.8311],[76.1597,10.8292],[76.163,10.8303],[76.1674,10.83],[76.1728,10.8316],[76.1756,10.8342],[76.1784,10.8342],[76.1791,10.835],[76.1794,10.8378],[76.1816,10.8402],[76.1828,10.8426],[76.185,10.8447],[76.1884,10.8465],[76.1951,10.8473],[76.2001,10.84],[76.2056,10.8351],[76.2043,10.8338],[76.203,10.8278],[76.2001,10.8301],[76.1978,10.8311],[76.1964,10.831],[76.1921,10.8286],[76.1876,10.8271],[76.1856,10.828],[76.1827,10.8255],[76.179,10.8267],[76.1784,10.8264],[76.1774,10.8247],[76.1767,10.8206],[76.1735,10.8208],[76.1716,10.8193],[76.1677,10.8203],[76.1651,10.8186],[76.1617,10.8193],[76.1593,10.8175],[76.1559,10.8168],[76.1547,10.8145],[76.1542,10.8095],[76.1487,10.805],[76.1445,10.8099],[76.1413,10.8111]]]}},{"type":"Feature","properties":{"code":"20B6a","basin":"BARATHAPUZHA","areaHa":1930.45,"shedId":"RB20"},"geometry":{"type":"Polygon","coordinates":[[[76.1991,10.7821],[76.1956,10.7832],[76.1885,10.7828],[76.1879,10.7823],[76.1884,10.7817],[76.1852,10.7838],[76.1843,10.7883],[76.1857,10.7958],[76.1853,10.7969],[76.1833,10.798],[76.1766,10.7977],[76.1702,10.7936],[76.1668,10.7927],[76.163,10.7938],[76.155,10.7988],[76.15,10.8031],[76.1487,10.805],[76.1542,10.8095],[76.1547,10.8145],[76.1556,10.8165],[76.1593,10.8175],[76.1617,10.8193],[76.1651,10.8186],[76.1677,10.8203],[76.1716,10.8193],[76.1735,10.8208],[76.1767,10.8206],[76.1774,10.8247],[76.179,10.8267],[76.1827,10.8255],[76.1856,10.828],[76.1876,10.8271],[76.1921,10.8286],[76.1964,10.831],[76.1978,10.8311],[76.2019,10.829],[76.203,10.8278],[76.2012,10.8228],[76.2028,10.8205],[76.2024,10.8177],[76.2011,10.8151],[76.2043,10.8106],[76.2025,10.8033],[76.2035,10.7972],[76.2008,10.786],[76.1991,10.7821]]]}},{"type":"Feature","properties":{"code":"20B7a","basin":"BARATHAPUZHA","areaHa":314.14,"shedId":"RB20"},"geometry":{"type":"Polygon","coordinates":[[[76.1991,10.7821],[76.2035,10.7972],[76.2025,10.8033],[76.2043,10.8106],[76.2068,10.8117],[76.2107,10.8118],[76.2109,10.81],[76.214,10.8067],[76.2156,10.804],[76.2147,10.8009],[76.2127,10.7992],[76.2122,10.7979],[76.2128,10.7963],[76.2144,10.7947],[76.2143,10.7924],[76.2117,10.7894],[76.2082,10.788],[76.205,10.7877],[76.2024,10.7859],[76.2017,10.7837],[76.19993,10.78174],[76.1991,10.7821]]]}},{"type":"Feature","properties":{"code":"20B7b","basin":"BARATHAPUZHA","areaHa":565.06,"shedId":"RB20"},"geometry":{"type":"Polygon","coordinates":[[[76.2043,10.8106],[76.2011,10.8151],[76.2024,10.8177],[76.2028,10.8205],[76.2012,10.8228],[76.2036,10.8291],[76.2049,10.8347],[76.2103,10.835],[76.2126,10.8358],[76.2162,10.8349],[76.2182,10.8353],[76.221,10.8376],[76.2239,10.8376],[76.2241,10.8349],[76.2269,10.8311],[76.2278,10.8287],[76.2254,10.8271],[76.2233,10.8229],[76.2234,10.8217],[76.2177,10.8167],[76.2148,10.8131],[76.2129,10.8121],[76.2068,10.8117],[76.2043,10.8106]]]}},{"type":"Feature","properties":{"code":"20B7c","basin":"BARATHAPUZHA","areaHa":854.18,"shedId":"RB20"},"geometry":{"type":"Polygon","coordinates":[[[76.236,10.812],[76.2349,10.803],[76.2354,10.7989],[76.2326,10.7946],[76.2232,10.7938],[76.2187,10.791],[76.2168,10.785],[76.21699,10.78104],[76.2113,10.778],[76.2096,10.7777],[76.2044,10.7786],[76.19993,10.78174],[76.2017,10.7837],[76.2024,10.7859],[76.205,10.7877],[76.2082,10.788],[76.2117,10.7894],[76.2143,10.7924],[76.2144,10.7947],[76.2128,10.7963],[76.2122,10.7979],[76.2127,10.7992],[76.2147,10.8009],[76.2156,10.804],[76.214,10.8067],[76.2109,10.81],[76.2107,10.8118],[76.2148,10.8131],[76.2177,10.8167],[76.2231,10.8215],[76.2303,10.8201],[76.2324,10.8178],[76.2356,10.8179],[76.2357,10.8169],[76.2337,10.8141],[76.236,10.812]]]}},{"type":"Feature","properties":{"code":"20B8a","basin":"BARATHAPUZHA","areaHa":415.17,"shedId":"RB20"},"geometry":{"type":"Polygon","coordinates":[[[76.2322,10.7936],[76.2328,10.7905],[76.2403,10.7864],[76.2405,10.7811],[76.2393,10.7756],[76.2413,10.774],[76.2385,10.7737],[76.2361,10.7742],[76.2316,10.7726],[76.2293,10.7735],[76.2271,10.7773],[76.2236,10.7806],[76.2203,10.7823],[76.21699,10.78104],[76.2168,10.785],[76.2187,10.791],[76.224,10.794],[76.2311,10.7948],[76.2326,10.7946],[76.2322,10.7936]]]}},{"type":"Feature","properties":{"code":"20B9a","basin":"BARATHAPUZHA","areaHa":768.77,"shedId":"RB20"},"geometry":{"type":"Polygon","coordinates":[[[76.2529,10.7814],[76.2462,10.7691],[76.2438,10.7727],[76.2393,10.7756],[76.2405,10.7811],[76.2403,10.7864],[76.2328,10.7905],[76.2322,10.7936],[76.2354,10.7989],[76.2349,10.803],[76.2358,10.8086],[76.2395,10.8068],[76.2446,10.8062],[76.25,10.8084],[76.2515,10.8098],[76.2549,10.808],[76.2567,10.8082],[76.2584,10.8072],[76.2588,10.806],[76.2581,10.7973],[76.2525,10.7829],[76.2529,10.7814]]]}},{"type":"Feature","properties":{"code":"20B9b","basin":"BARATHAPUZHA","areaHa":1849.99,"shedId":"RB20"},"geometry":{"type":"Polygon","coordinates":[[[76.2473,10.8076],[76.2458,10.8064],[76.2444,10.8062],[76.2395,10.8068],[76.2359,10.8085],[76.236,10.812],[76.2337,10.8141],[76.2357,10.8169],[76.2356,10.8179],[76.2324,10.8178],[76.2303,10.8201],[76.2247,10.8208],[76.2233,10.8218],[76.2249,10.8263],[76.2276,10.8283],[76.2278,10.8294],[76.2241,10.8349],[76.2239,10.8376],[76.221,10.8376],[76.2187,10.8356],[76.2159,10.8381],[76.2148,10.8406],[76.2114,10.8435],[76.2138,10.8512],[76.2125,10.8559],[76.2128,10.8578],[76.2155,10.8591],[76.2209,10.8587],[76.2251,10.8561],[76.2311,10.8502],[76.2369,10.8501],[76.2428,10.8489],[76.2446,10.8505],[76.2457,10.8507],[76.248,10.8493],[76.2514,10.8444],[76.2539,10.8453],[76.2547,10.8471],[76.2587,10.8474],[76.2602,10.8466],[76.262,10.8438],[76.2654,10.8428],[76.2655,10.8419],[76.263,10.8404],[76.2602,10.835],[76.2606,10.8282],[76.2591,10.8238],[76.2551,10.8184],[76.2535,10.8116],[76.25,10.8084],[76.2473,10.8076]]]}},{"type":"Feature","properties":{"code":"20B9c","basin":"BARATHAPUZHA","areaHa":1205.45,"shedId":"RB20"},"geometry":{"type":"Polygon","coordinates":[[[76.2625,10.8105],[76.2622,10.8093],[76.2586,10.8068],[76.2567,10.8082],[76.2549,10.808],[76.2515,10.8098],[76.2535,10.8116],[76.2556,10.8194],[76.2593,10.8242],[76.2607,10.8287],[76.2601,10.8346],[76.263,10.8404],[76.2655,10.8419],[76.2654,10.8428],[76.2672,10.8465],[76.2701,10.8505],[76.2772,10.8533],[76.2855,10.8443],[76.288,10.8437],[76.2933,10.8405],[76.2937,10.8375],[76.2945,10.8361],[76.2971,10.8346],[76.2977,10.8334],[76.2977,10.8302],[76.2992,10.8282],[76.2982,10.8265],[76.2983,10.8254],[76.2946,10.825],[76.2915,10.8233],[76.2887,10.8226],[76.2871,10.8229],[76.2837,10.8213],[76.2772,10.825],[76.274,10.8195],[76.2661,10.8179],[76.2627,10.8157],[76.2615,10.8136],[76.2625,10.8105]]]}},{"type":"Feature","properties":{"code":"20B9d","basin":"BARATHAPUZHA","areaHa":1080.36,"shedId":"RB20"},"geometry":{"type":"Polygon","coordinates":[[[76.2772,10.8041],[76.2707,10.8041],[76.268,10.8013],[76.2647,10.7995],[76.2582,10.7987],[76.2586,10.8068],[76.2624,10.8096],[76.2617,10.8146],[76.2661,10.8179],[76.274,10.8195],[76.2772,10.825],[76.2837,10.8213],[76.2871,10.8229],[76.2887,10.8226],[76.2915,10.8233],[76.2946,10.825],[76.2981,10.8255],[76.3001,10.8244],[76.3034,10.824],[76.3115,10.8212],[76.3129,10.8203],[76.3139,10.8185],[76.3126,10.8155],[76.3089,10.8102],[76.3103,10.8039],[76.3064,10.8037],[76.3048,10.8066],[76.3004,10.8071],[76.293,10.8065],[76.2899,10.8047],[76.2875,10.8043],[76.2859,10.8042],[76.2809,10.8059],[76.2772,10.8041]]]}},{"type":"Feature","properties":{"code":"20B9e","basin":"BARATHAPUZHA","areaHa":1768.87,"shedId":"RB20"},"geometry":{"type":"Polygon","coordinates":[[[76.2965,10.7951],[76.2958,10.7946],[76.2956,10.7927],[76.2931,10.7895],[76.2867,10.7879],[76.2842,10.7835],[76.2809,10.7818],[76.2795,10.7785],[76.2776,10.7768],[76.277,10.7754],[76.2716,10.7756],[76.2671,10.7789],[76.2637,10.7783],[76.2634,10.7762],[76.2615,10.7736],[76.2626,10.7702],[76.2603,10.7599],[76.2606,10.7592],[76.2631,10.7585],[76.2642,10.7573],[76.2658,10.7538],[76.2582,10.7495],[76.2517,10.7468],[76.2463,10.749],[76.2457,10.7529],[76.2486,10.76],[76.2475,10.7662],[76.2462,10.7691],[76.2529,10.7814],[76.2525,10.7829],[76.2582,10.7987],[76.2647,10.7995],[76.268,10.8013],[76.2707,10.8041],[76.2772,10.8041],[76.2809,10.8059],[76.2859,10.8042],[76.2899,10.8047],[76.293,10.8065],[76.3004,10.8071],[76.3048,10.8066],[76.3064,10.8037],[76.3106,10.8038],[76.3031,10.7955],[76.2965,10.7951]]]}},{"type":"Feature","properties":{"code":"22B10a","basin":"BHAVANI","areaHa":312.03,"shedId":"RB22"},"geometry":{"type":"Polygon","coordinates":[[[76.526,11.0998],[76.5177,11.0996],[76.5135,11.1033],[76.5098,11.1027],[76.5087,11.104],[76.5065,11.1094],[76.5062,11.1121],[76.5044,11.1136],[76.5077,11.1149],[76.5087,11.1159],[76.5154,11.1154],[76.5179,11.1142],[76.5218,11.1107],[76.5244,11.1037],[76.528,11.1024],[76.5326,11.1026],[76.5336,11.1017],[76.5374,11.1013],[76.5384,11.1001],[76.5325,11.0976],[76.526,11.0998]]]}},{"type":"Feature","properties":{"code":"22B10b","basin":"BHAVANI","areaHa":701.52,"shedId":"RB22"},"geometry":{"type":"Polygon","coordinates":[[[76.5098,11.1027],[76.5068,11.1011],[76.5056,11.0995],[76.5018,11.0982],[76.4978,11.0953],[76.496,11.0972],[76.4899,11.1],[76.4869,11.1007],[76.4844,11.0999],[76.4828,11.1007],[76.4799,11.1041],[76.4823,11.1062],[76.4828,11.1091],[76.4801,11.1143],[76.4805,11.1184],[76.4799,11.122],[76.4812,11.1286],[76.4857,11.1266],[76.4894,11.1226],[76.4903,11.1224],[76.4917,11.1235],[76.4925,11.1234],[76.4938,11.1199],[76.4957,11.1181],[76.4985,11.1181],[76.5004,11.1192],[76.5023,11.1192],[76.5035,11.1148],[76.5062,11.1121],[76.5065,11.1094],[76.5087,11.104],[76.5098,11.1027]]]}},{"type":"Feature","properties":{"code":"22B10c","basin":"BHAVANI","areaHa":836.11,"shedId":"RB22"},"geometry":{"type":"Polygon","coordinates":[[[76.5045,11.1444],[76.5058,11.1393],[76.5049,11.1339],[76.5076,11.1319],[76.5103,11.1272],[76.518,11.1242],[76.517,11.1218],[76.5195,11.1169],[76.5221,11.1148],[76.5281,11.1117],[76.5283,11.1081],[76.5326,11.1026],[76.528,11.1024],[76.5244,11.1037],[76.5218,11.1107],[76.5179,11.1142],[76.5147,11.1156],[76.5087,11.1159],[76.5077,11.1149],[76.5044,11.1136],[76.502,11.1194],[76.4985,11.1181],[76.4957,11.1181],[76.4938,11.1199],[76.4925,11.1234],[76.4917,11.1235],[76.4903,11.1224],[76.4894,11.1226],[76.4857,11.1266],[76.4812,11.1286],[76.4825,11.1315],[76.4872,11.1362],[76.4859,11.1393],[76.5019,11.1444],[76.5045,11.1444]]]}},{"type":"Feature","properties":{"code":"22B11a","basin":"BHAVANI","areaHa":669.09,"shedId":"RB22"},"geometry":{"type":"Polygon","coordinates":[[[76.5272,11.1479],[76.5266,11.1435],[76.5246,11.1404],[76.5273,11.1359],[76.5275,11.1312],[76.5298,11.1293],[76.53,11.1276],[76.5257,11.1234],[76.523,11.1217],[76.5221,11.1199],[76.5233,11.1173],[76.5243,11.1166],[76.5295,11.1163],[76.5335,11.1114],[76.5339,11.1099],[76.5326,11.103],[76.531,11.1041],[76.5283,11.1081],[76.5281,11.1117],[76.5221,11.1148],[76.5195,11.1169],[76.517,11.1218],[76.518,11.1242],[76.5103,11.1272],[76.5076,11.1319],[76.5049,11.1339],[76.5058,11.1393],[76.5045,11.1444],[76.5074,11.1443],[76.5096,11.1435],[76.5139,11.1443],[76.5147,11.1448],[76.5155,11.1468],[76.5181,11.1476],[76.5209,11.1495],[76.5272,11.1479]]]}},{"type":"Feature","properties":{"code":"22B12a","basin":"BHAVANI","areaHa":397.88,"shedId":"RB22"},"geometry":{"type":"Polygon","coordinates":[[[76.5272,11.1479],[76.5203,11.1494],[76.5181,11.1476],[76.5155,11.1468],[76.5147,11.1448],[76.5139,11.1443],[76.5096,11.1435],[76.5074,11.1443],[76.5019,11.1444],[76.498,11.1428],[76.4955,11.1426],[76.4932,11.1515],[76.4974,11.1523],[76.5005,11.1543],[76.5025,11.1545],[76.5058,11.1564],[76.5142,11.1555],[76.5188,11.1596],[76.5214,11.1591],[76.5227,11.156],[76.5245,11.155],[76.5267,11.1518],[76.5272,11.1479]]]}},{"type":"Feature","properties":{"code":"22B12b","basin":"BHAVANI","areaHa":501.31,"shedId":"RB22"},"geometry":{"type":"Polygon","coordinates":[[[76.4935,11.1508],[76.4955,11.1426],[76.4859,11.1393],[76.4854,11.1398],[76.4817,11.1398],[76.4789,11.1382],[76.4752,11.1378],[76.4715,11.1409],[76.4723,11.1438],[76.4719,11.1471],[76.4726,11.1505],[76.4723,11.1516],[76.4699,11.1541],[76.4705,11.16],[76.4727,11.1628],[76.4764,11.1626],[76.4814,11.1663],[76.4818,11.1648],[76.4814,11.161],[76.4824,11.1591],[76.4816,11.1575],[76.4819,11.155],[76.487,11.1525],[76.4919,11.1527],[76.4935,11.1508]]]}},{"type":"Feature","properties":{"code":"22B12c","basin":"BHAVANI","areaHa":454.13,"shedId":"RB22"},"geometry":{"type":"Polygon","coordinates":[[[76.5167,11.1622],[76.5179,11.1599],[76.5188,11.1596],[76.5142,11.1555],[76.5058,11.1564],[76.4963,11.1519],[76.4932,11.1515],[76.4919,11.1527],[76.487,11.1525],[76.4847,11.1533],[76.4815,11.1557],[76.4824,11.1591],[76.4814,11.161],[76.4818,11.1633],[76.4814,11.1663],[76.4829,11.1678],[76.4856,11.169],[76.4881,11.1691],[76.4937,11.1652],[76.4974,11.1643],[76.4997,11.1645],[76.5022,11.1629],[76.5035,11.1627],[76.5077,11.1641],[76.51,11.1619],[76.5167,11.1622]]]}},{"type":"Feature","properties":{"code":"22B13a","basin":"BHAVANI","areaHa":199.18,"shedId":"RB22"},"geometry":{"type":"Polygon","coordinates":[[[76.5133,11.169],[76.5151,11.1644],[76.5166,11.1624],[76.51,11.1619],[76.5077,11.1641],[76.5027,11.1628],[76.4997,11.1645],[76.4974,11.1643],[76.4937,11.1652],[76.4881,11.1691],[76.4844,11.1685],[76.4848,11.1711],[76.4878,11.1712],[76.4937,11.1702],[76.5006,11.1704],[76.5028,11.1711],[76.5079,11.1692],[76.5122,11.1695],[76.5133,11.169]]]}},{"type":"Feature","properties":{"code":"22B13b","basin":"BHAVANI","areaHa":415.11,"shedId":"RB22"},"geometry":{"type":"Polygon","coordinates":[[[76.4779,11.1851],[76.4795,11.1831],[76.4799,11.1793],[76.4831,11.1784],[76.484,11.1775],[76.4848,11.172],[76.4844,11.1685],[76.4797,11.1655],[76.4775,11.1632],[76.4753,11.1624],[76.4727,11.1628],[76.4717,11.1646],[76.4706,11.1652],[76.4685,11.1647],[76.4634,11.1671],[76.4626,11.1684],[76.4634,11.177],[76.4658,11.1777],[76.4686,11.1797],[76.4741,11.1856],[76.4763,11.1846],[76.4779,11.1851]]]}},{"type":"Feature","properties":{"code":"22B13c","basin":"BHAVANI","areaHa":497.09,"shedId":"RB22"},"geometry":{"type":"Polygon","coordinates":[[[76.5131,11.1734],[76.5136,11.1721],[76.5132,11.1693],[76.5079,11.1692],[76.5028,11.1711],[76.5006,11.1704],[76.4937,11.1702],[76.4883,11.1712],[76.4848,11.1711],[76.484,11.1775],[76.4831,11.1784],[76.4799,11.1793],[76.4794,11.1834],[76.4779,11.1851],[76.4792,11.1862],[76.4807,11.1897],[76.4837,11.1928],[76.4869,11.1943],[76.4885,11.196],[76.4947,11.1912],[76.4947,11.1892],[76.4937,11.187],[76.494,11.1856],[76.4915,11.1836],[76.492,11.1811],[76.4959,11.1808],[76.498,11.1792],[76.5024,11.1781],[76.5043,11.1758],[76.5131,11.1734]]]}},{"type":"Feature","properties":{"code":"22B14a","basin":"BHAVANI","areaHa":372.08,"shedId":"RB22"},"geometry":{"type":"Polygon","coordinates":[[[76.5056,11.1906],[76.5083,11.1851],[76.5097,11.1787],[76.5129,11.1737],[76.5085,11.1743],[76.5043,11.1758],[76.5024,11.1781],[76.498,11.1792],[76.4959,11.1808],[76.492,11.1811],[76.4915,11.1836],[76.494,11.1856],[76.4937,11.187],[76.4947,11.1892],[76.4947,11.1912],[76.4885,11.196],[76.49,11.1969],[76.4935,11.197],[76.4955,11.1985],[76.4984,11.1983],[76.5024,11.2019],[76.504,11.1998],[76.5037,11.1964],[76.5055,11.1932],[76.5056,11.1906]]]}},{"type":"Feature","properties":{"code":"22B15a","basin":"BHAVANI","areaHa":802.1,"shedId":"RB22"},"geometry":{"type":"Polygon","coordinates":[[[76.5029,11.2116],[76.5038,11.2063],[76.5013,11.2032],[76.5024,11.2019],[76.4984,11.1983],[76.4955,11.1985],[76.4929,11.1968],[76.4895,11.1968],[76.4875,11.1947],[76.4837,11.1928],[76.4807,11.1897],[76.4792,11.1862],[76.478,11.1851],[76.4763,11.1846],[76.4741,11.1856],[76.4686,11.1797],[76.4658,11.1777],[76.4634,11.177],[76.4625,11.1866],[76.45944,11.18857],[76.465,11.1926],[76.4734,11.1948],[76.4725,11.2087],[76.4767,11.2114],[76.478,11.2116],[76.4817,11.2107],[76.5029,11.2116]]]}},{"type":"Feature","properties":{"code":"22B16a","basin":"BHAVANI","areaHa":273.41,"shedId":"RB22"},"geometry":{"type":"Polygon","coordinates":[[[76.5217,11.2019],[76.5213,11.1999],[76.5198,11.1984],[76.5145,11.1968],[76.5056,11.1911],[76.5055,11.1932],[76.5037,11.1964],[76.504,11.1998],[76.5013,11.203],[76.5038,11.2063],[76.5029,11.2116],[76.5106,11.2115],[76.5163,11.2041],[76.5217,11.2019]]]}},{"type":"Feature","properties":{"code":"22B17a","basin":"BHAVANI","areaHa":582.55,"shedId":"RB22"},"geometry":{"type":"Polygon","coordinates":[[[76.5352,11.19675],[76.5359,11.1926],[76.5307,11.1896],[76.5281,11.1852],[76.5274,11.1825],[76.5247,11.1788],[76.5206,11.1759],[76.5133,11.1731],[76.5097,11.1787],[76.5083,11.1851],[76.5056,11.1911],[76.5145,11.1968],[76.5198,11.1984],[76.5213,11.1999],[76.5217,11.2019],[76.5344,11.1966],[76.5352,11.19675]]]}},{"type":"Feature","properties":{"code":"22B18a","basin":"BHAVANI","areaHa":819.1,"shedId":"RB22"},"geometry":{"type":"Polygon","coordinates":[[[76.5468,11.159],[76.5443,11.1567],[76.5364,11.1532],[76.5272,11.1479],[76.5267,11.1518],[76.5254,11.1538],[76.5227,11.156],[76.5214,11.1591],[76.5179,11.1599],[76.5151,11.1644],[76.5135,11.1677],[76.5133,11.1731],[76.5206,11.1759],[76.5247,11.1788],[76.5274,11.1825],[76.5295,11.1878],[76.5302,11.1842],[76.5319,11.1805],[76.5347,11.179],[76.5368,11.1752],[76.5403,11.1733],[76.5453,11.1652],[76.5453,11.1632],[76.5468,11.159]]]}},{"type":"Feature","properties":{"code":"22B19a","basin":"BHAVANI","areaHa":405.44,"shedId":"RB22"},"geometry":{"type":"Polygon","coordinates":[[[76.5548,11.1553],[76.5486,11.1531],[76.5467,11.1438],[76.5446,11.1415],[76.5406,11.1404],[76.5362,11.1375],[76.5316,11.1367],[76.5285,11.1371],[76.5272,11.1361],[76.5249,11.1397],[76.5247,11.1409],[76.5266,11.1435],[76.5272,11.1479],[76.5364,11.1532],[76.5443,11.1567],[76.5468,11.159],[76.5482,11.1586],[76.5511,11.159],[76.5545,11.156],[76.5548,11.1553]]]}},{"type":"Feature","properties":{"code":"22B1a","basin":"BHAVANI","areaHa":542.5,"shedId":"RB22"},"geometry":{"type":"Polygon","coordinates":[[[76.7542,11.0332],[76.7587,11.0386],[76.7605,11.0434],[76.7608,11.0477],[76.7619,11.051],[76.7619,11.0482],[76.7687,11.044],[76.7743,11.0427],[76.7754,11.0431],[76.7768,11.0425],[76.7802,11.0431],[76.7826,11.0427],[76.7889,11.0459],[76.7919,11.049],[76.7936,11.0537],[76.7963,11.0566],[76.79853,11.05708],[76.801,11.0549],[76.7974,11.0482],[76.794,11.0446],[76.7939,11.0417],[76.7917,11.0374],[76.7818,11.0347],[76.7733,11.0339],[76.7685,11.0316],[76.7662,11.0298],[76.7634,11.031],[76.7556,11.0323],[76.7542,11.0332]]]}},{"type":"Feature","properties":{"code":"22B1aa","basin":"BHAVANI","areaHa":660.41,"shedId":"RB22"},"geometry":{"type":"Polygon","coordinates":[[[76.6105,10.9832],[76.6036,10.9853],[76.6031,10.9866],[76.6038,10.9906],[76.6066,10.991],[76.6071,10.9919],[76.6049,10.9989],[76.605,11.0081],[76.6088,11.0087],[76.6092,11.0095],[76.6107,11.0089],[76.6144,11.0092],[76.618,11.012],[76.6214,11.0127],[76.621,11.016],[76.6222,11.0211],[76.623,11.022],[76.6253,11.022],[76.6304,11.02],[76.6297,11.0176],[76.634,11.0151],[76.6342,11.014],[76.6333,11.0122],[76.6343,11.0105],[76.6321,11.009],[76.6308,11.0054],[76.6245,11.0057],[76.6229,11.0049],[76.6228,11.0031],[76.6211,11.0013],[76.6196,10.9966],[76.6195,10.9942],[76.6201,10.993],[76.6166,10.9908],[76.6163,10.9865],[76.6149,10.984],[76.6105,10.9832]]]}},{"type":"Feature","properties":{"code":"22B1ab","basin":"BHAVANI","areaHa":508.64,"shedId":"RB22"},"geometry":{"type":"Polygon","coordinates":[[[76.6213,11.0174],[76.6214,11.0127],[76.6166,11.0113],[76.6147,11.0093],[76.6127,11.0088],[76.6092,11.0095],[76.6089,11.0117],[76.6062,11.0161],[76.6091,11.021],[76.6103,11.0248],[76.6186,11.0283],[76.6189,11.0305],[76.6199,11.0316],[76.624,11.0324],[76.6265,11.0339],[76.6322,11.0357],[76.6362,11.0387],[76.6395,11.0395],[76.6455,11.0433],[76.6467,11.0413],[76.6448,11.0417],[76.6442,11.041],[76.6464,11.0393],[76.6463,11.0373],[76.6325,11.0309],[76.6316,11.029],[76.632,11.027],[76.6294,11.027],[76.6289,11.0259],[76.6306,11.0223],[76.6307,11.0204],[76.6304,11.02],[76.6279,11.0207],[76.6253,11.022],[76.623,11.022],[76.6222,11.0211],[76.6213,11.0174]]]}},{"type":"Feature","properties":{"code":"22B1ac","basin":"BHAVANI","areaHa":893.34,"shedId":"RB22"},"geometry":{"type":"Polygon","coordinates":[[[76.6455,11.0433],[76.6395,11.0395],[76.6362,11.0387],[76.6322,11.0357],[76.6265,11.0339],[76.624,11.0324],[76.6196,11.0314],[76.6186,11.0283],[76.6103,11.0248],[76.6091,11.021],[76.6062,11.0161],[76.6043,11.0177],[76.6001,11.018],[76.5994,11.022],[76.5982,11.0247],[76.5959,11.026],[76.5936,11.0258],[76.5932,11.0284],[76.5947,11.0308],[76.5996,11.0326],[76.6016,11.0351],[76.6034,11.035],[76.6035,11.037],[76.6046,11.038],[76.6077,11.0361],[76.6087,11.0361],[76.6101,11.0385],[76.612,11.0381],[76.6133,11.0387],[76.6142,11.041],[76.6157,11.0422],[76.6178,11.0429],[76.6204,11.042],[76.6221,11.0439],[76.6276,11.0464],[76.6278,11.0478],[76.6295,11.0492],[76.6375,11.0517],[76.64,11.0534],[76.6441,11.0542],[76.6475,11.0557],[76.6507,11.0553],[76.6539,11.0535],[76.6537,11.0519],[76.6488,11.0474],[76.6448,11.0459],[76.6445,11.045],[76.6455,11.0433]]]}},{"type":"Feature","properties":{"code":"22B1ad","basin":"BHAVANI","areaHa":420.62,"shedId":"RB22"},"geometry":{"type":"Polygon","coordinates":[[[76.666,11.0823],[76.6645,11.08],[76.6636,11.0768],[76.6604,11.0739],[76.6597,11.0708],[76.6591,11.0702],[76.6572,11.0703],[76.6555,11.0685],[76.6559,11.066],[76.6538,11.0604],[76.6546,11.0577],[76.6539,11.0535],[76.6507,11.0553],[76.6475,11.0557],[76.6441,11.0542],[76.64,11.0534],[76.6377,11.0578],[76.639,11.061],[76.6406,11.0612],[76.6424,11.0642],[76.649,11.0658],[76.6513,11.0688],[76.6503,11.072],[76.6537,11.0776],[76.6524,11.0798],[76.6525,11.0826],[76.6593,11.087],[76.6657,11.0841],[76.666,11.0823]]]}},{"type":"Feature","properties":{"code":"22B1ae","basin":"BHAVANI","areaHa":1167.9,"shedId":"RB22"},"geometry":{"type":"Polygon","coordinates":[[[76.6529,11.0905],[76.6556,11.0905],[76.6593,11.087],[76.6525,11.0826],[76.6524,11.0798],[76.6536,11.0768],[76.6503,11.072],[76.6514,11.0691],[76.6499,11.0665],[76.6453,11.0645],[76.6422,11.0641],[76.6406,11.0612],[76.6392,11.0612],[76.638,11.0593],[76.6378,11.0572],[76.6396,11.0544],[76.6397,11.053],[76.6365,11.0513],[76.6295,11.0492],[76.6278,11.0478],[76.6276,11.0464],[76.6221,11.0439],[76.6204,11.042],[76.6178,11.0429],[76.6157,11.0422],[76.6142,11.041],[76.6133,11.0387],[76.612,11.0381],[76.6101,11.0385],[76.6087,11.0361],[76.6077,11.0361],[76.6046,11.038],[76.6054,11.0405],[76.6048,11.045],[76.6061,11.0467],[76.61,11.0498],[76.6116,11.0505],[76.6138,11.05],[76.6151,11.0518],[76.6166,11.0515],[76.619,11.0539],[76.622,11.0545],[76.6216,11.0578],[76.6228,11.0587],[76.6245,11.0616],[76.6256,11.0667],[76.6265,11.0677],[76.6288,11.0674],[76.6313,11.0706],[76.6315,11.073],[76.6307,11.0747],[76.6317,11.077],[76.6331,11.0778],[76.6338,11.0821],[76.6362,11.086],[76.6375,11.087],[76.6407,11.0867],[76.6446,11.0899],[76.6503,11.0924],[76.6529,11.0905]]]}},{"type":"Feature","properties":{"code":"22B1af","basin":"BHAVANI","areaHa":380.21,"shedId":"RB22"},"geometry":{"type":"Polygon","coordinates":[[[76.6566,11.0928],[76.6544,11.0964],[76.6519,11.0965],[76.6501,11.095],[76.6503,11.0924],[76.6446,11.0899],[76.6407,11.0867],[76.6375,11.087],[76.6362,11.086],[76.6338,11.0821],[76.6331,11.0778],[76.6317,11.077],[76.6307,11.0747],[76.6315,11.073],[76.6313,11.0706],[76.6288,11.0674],[76.6263,11.0675],[76.6246,11.0636],[76.6233,11.0651],[76.6216,11.0693],[76.6196,11.0693],[76.6175,11.0705],[76.618,11.0711],[76.6175,11.0739],[76.6179,11.0745],[76.62,11.0748],[76.6219,11.0743],[76.6247,11.0756],[76.6249,11.0784],[76.6277,11.0816],[76.6288,11.0862],[76.6328,11.0864],[76.6319,11.0912],[76.6328,11.0928],[76.6363,11.0934],[76.6382,11.0919],[76.6393,11.09],[76.6401,11.0899],[76.6435,11.0932],[76.6441,11.0959],[76.6475,11.0968],[76.6488,11.0996],[76.6495,11.0999],[76.651,11.0984],[76.6522,11.0983],[76.6538,11.1012],[76.6591,11.1013],[76.6573,11.0993],[76.6583,11.0958],[76.6575,11.0927],[76.6566,11.0928]]]}},{"type":"Feature","properties":{"code":"22B1ag","basin":"BHAVANI","areaHa":1153.95,"shedId":"RB22"},"geometry":{"type":"Polygon","coordinates":[[[76.6153,11.0718],[76.6196,11.0693],[76.6216,11.0693],[76.6233,11.0651],[76.6246,11.0636],[76.6246,11.0619],[76.6236,11.0598],[76.6216,11.0578],[76.622,11.0545],[76.619,11.0539],[76.6166,11.0515],[76.6151,11.0518],[76.6138,11.05],[76.6116,11.0505],[76.61,11.0498],[76.6061,11.0467],[76.6048,11.045],[76.6054,11.0405],[76.6046,11.038],[76.6035,11.037],[76.6037,11.0355],[76.6032,11.0349],[76.6014,11.035],[76.5996,11.0326],[76.5947,11.0308],[76.592,11.0333],[76.5892,11.0328],[76.5859,11.0344],[76.5851,11.0358],[76.5853,11.0378],[76.5883,11.0449],[76.5861,11.0518],[76.5826,11.0553],[76.5823,11.0566],[76.5894,11.0624],[76.5897,11.064],[76.5886,11.0654],[76.5897,11.0668],[76.5928,11.0675],[76.5952,11.0654],[76.599,11.0653],[76.6153,11.0718]]]}},{"type":"Feature","properties":{"code":"22B1ah","basin":"BHAVANI","areaHa":916.79,"shedId":"RB22"},"geometry":{"type":"Polygon","coordinates":[[[76.6591,11.1013],[76.6538,11.1012],[76.6522,11.0983],[76.651,11.0984],[76.6495,11.0999],[76.6488,11.0996],[76.6475,11.0968],[76.6441,11.0959],[76.6435,11.0932],[76.6401,11.0899],[76.6393,11.09],[76.6382,11.0919],[76.6363,11.0934],[76.6328,11.0928],[76.6319,11.0912],[76.6328,11.0864],[76.6288,11.0862],[76.6277,11.0816],[76.6249,11.0784],[76.6247,11.0756],[76.6219,11.0743],[76.62,11.0748],[76.6179,11.0745],[76.6175,11.0739],[76.618,11.0711],[76.6175,11.0705],[76.6153,11.0718],[76.599,11.0653],[76.5952,11.0654],[76.5921,11.0676],[76.5897,11.0668],[76.5886,11.0654],[76.5877,11.0655],[76.587,11.0685],[76.5887,11.0713],[76.5971,11.076],[76.6036,11.0778],[76.6095,11.0824],[76.6109,11.0842],[76.6133,11.0856],[76.6201,11.0877],[76.6211,11.0892],[76.6206,11.0916],[76.6217,11.095],[76.6304,11.098],[76.6337,11.0981],[76.6375,11.1009],[76.639,11.1034],[76.6426,11.1053],[76.6458,11.1021],[76.6484,11.1023],[76.6532,11.1067],[76.6551,11.1095],[76.6584,11.1104],[76.6587,11.109],[76.657,11.1077],[76.6594,11.103],[76.6594,11.1019],[76.6591,11.1013]]]}},{"type":"Feature","properties":{"code":"22B1ai","basin":"BHAVANI","areaHa":515.42,"shedId":"RB22"},"geometry":{"type":"Polygon","coordinates":[[[76.6813,11.1206],[76.681,11.1248],[76.6791,11.1251],[76.6773,11.1221],[76.6745,11.1227],[76.6719,11.1213],[76.6697,11.1172],[76.6686,11.1175],[76.6668,11.1193],[76.6629,11.1197],[76.6623,11.1169],[76.6594,11.1163],[76.6586,11.1152],[76.6579,11.1128],[76.6584,11.1104],[76.6551,11.1095],[76.6532,11.1067],[76.6493,11.1029],[76.6462,11.1019],[76.6426,11.1053],[76.6435,11.1079],[76.6434,11.1111],[76.6459,11.1137],[76.6454,11.116],[76.6474,11.1181],[76.651,11.12],[76.6535,11.1195],[76.6547,11.1214],[76.6582,11.1217],[76.6622,11.1249],[76.6678,11.1265],[76.6713,11.1305],[76.6753,11.1328],[76.6774,11.1309],[76.68,11.1301],[76.6884,11.1329],[76.689,11.1306],[76.687,11.1295],[76.6874,11.1268],[76.6854,11.1274],[76.6839,11.1269],[76.6839,11.1207],[76.683,11.1202],[76.6813,11.1206]]]}},{"type":"Feature","properties":{"code":"22B1aj","basin":"BHAVANI","areaHa":405.92,"shedId":"RB22"},"geometry":{"type":"Polygon","coordinates":[[[76.6873,11.1349],[76.6884,11.1329],[76.6827,11.1307],[76.68,11.1301],[76.6783,11.1304],[76.6753,11.1328],[76.6777,11.1355],[76.6739,11.1368],[76.6731,11.1397],[76.6734,11.1409],[76.675,11.1424],[76.6742,11.1455],[76.6792,11.1489],[76.6789,11.1509],[76.6799,11.1528],[76.6814,11.154],[76.6839,11.1548],[76.6859,11.1575],[76.6894,11.16],[76.6896,11.159],[76.6908,11.158],[76.6906,11.157],[76.6886,11.1569],[76.69,11.1495],[76.6924,11.1466],[76.6926,11.1452],[76.692,11.1437],[76.689,11.1428],[76.6913,11.1385],[76.6874,11.136],[76.6873,11.1349]]]}},{"type":"Feature","properties":{"code":"22B1b","basin":"BHAVANI","areaHa":651.55,"shedId":"RB22"},"geometry":{"type":"Polygon","coordinates":[[[76.7441,11.057],[76.7451,11.0568],[76.7465,11.055],[76.7514,11.0559],[76.7542,11.0542],[76.7569,11.0537],[76.7576,11.0528],[76.7585,11.0533],[76.7592,11.0527],[76.7614,11.0526],[76.7619,11.051],[76.7608,11.0477],[76.7605,11.0434],[76.7583,11.0377],[76.7554,11.0351],[76.7542,11.03315],[76.7482,11.0348],[76.7383,11.0395],[76.7321,11.0384],[76.7268,11.04092],[76.7266,11.0435],[76.7316,11.0522],[76.7339,11.052],[76.7395,11.0529],[76.7419,11.0541],[76.7427,11.0559],[76.7441,11.057]]]}},{"type":"Feature","properties":{"code":"22B1c","basin":"BHAVANI","areaHa":758.33,"shedId":"RB22"},"geometry":{"type":"Polygon","coordinates":[[[76.7437,11.0568],[76.7419,11.0541],[76.7395,11.0529],[76.7339,11.052],[76.7316,11.0522],[76.7266,11.0435],[76.7268,11.04092],[76.7224,11.0403],[76.7166,11.0411],[76.7143,11.04075],[76.7139,11.0422],[76.7147,11.0452],[76.7141,11.0483],[76.716,11.0505],[76.7181,11.0516],[76.7196,11.0537],[76.7221,11.0553],[76.7244,11.0621],[76.7229,11.0641],[76.7239,11.065],[76.7287,11.0654],[76.7337,11.0728],[76.7392,11.0736],[76.7415,11.0759],[76.7437,11.0765],[76.748,11.0817],[76.7492,11.0841],[76.7482,11.0903],[76.7472,11.0923],[76.751,11.0934],[76.7526,11.0911],[76.7526,11.0875],[76.7544,11.0842],[76.7539,11.0822],[76.7549,11.0788],[76.7543,11.0779],[76.7524,11.0775],[76.7517,11.0786],[76.7501,11.0791],[76.7487,11.0743],[76.7473,11.0745],[76.7468,11.0756],[76.7452,11.0751],[76.7451,11.0721],[76.7425,11.0734],[76.7416,11.073],[76.7416,11.0696],[76.7435,11.069],[76.7441,11.0679],[76.7439,11.067],[76.7424,11.0664],[76.7438,11.0646],[76.743,11.0631],[76.7437,11.0608],[76.7461,11.0601],[76.7458,11.0584],[76.7437,11.0568]]]}},{"type":"Feature","properties":{"code":"22B1d","basin":"BHAVANI","areaHa":597.47,"shedId":"RB22"},"geometry":{"type":"Polygon","coordinates":[[[76.7477,11.0913],[76.7492,11.0841],[76.748,11.0817],[76.7437,11.0765],[76.7415,11.0759],[76.7392,11.0736],[76.7337,11.0728],[76.7287,11.0654],[76.7239,11.065],[76.7229,11.0641],[76.7221,11.0645],[76.7205,11.0693],[76.7184,11.0709],[76.7171,11.0742],[76.7212,11.0765],[76.7209,11.0777],[76.7193,11.0789],[76.7193,11.0805],[76.7236,11.0837],[76.7288,11.0861],[76.7343,11.0869],[76.7383,11.0905],[76.7398,11.0928],[76.745,11.0966],[76.7466,11.0925],[76.7477,11.0913]]]}},{"type":"Feature","properties":{"code":"22B1e","basin":"BHAVANI","areaHa":840.43,"shedId":"RB22"},"geometry":{"type":"Polygon","coordinates":[[[76.7274,11.1097],[76.7313,11.1084],[76.7372,11.1051],[76.7408,11.1014],[76.7411,11.0998],[76.7429,11.1],[76.7437,11.0993],[76.745,11.0966],[76.7398,11.0928],[76.7383,11.0905],[76.7343,11.0869],[76.7288,11.0861],[76.7236,11.0837],[76.7193,11.0805],[76.7193,11.0789],[76.7209,11.0777],[76.7212,11.0765],[76.7171,11.0742],[76.7159,11.0758],[76.7155,11.0788],[76.7144,11.0803],[76.7143,11.0845],[76.7119,11.088],[76.7134,11.0909],[76.7121,11.0924],[76.709,11.0932],[76.7104,11.1],[76.7119,11.1032],[76.7135,11.1038],[76.7139,11.1071],[76.7149,11.108],[76.7183,11.1075],[76.7218,11.1097],[76.7274,11.1097]]]}},{"type":"Feature","properties":{"code":"22B1f","basin":"BHAVANI","areaHa":708.55,"shedId":"RB22"},"geometry":{"type":"Polygon","coordinates":[[[76.73994,11.10217],[76.7372,11.1051],[76.7313,11.1084],[76.7268,11.1099],[76.7274,11.1114],[76.725,11.1154],[76.7247,11.1171],[76.723,11.1187],[76.7248,11.1242],[76.7248,11.1299],[76.7238,11.1325],[76.7236,11.1361],[76.7242,11.1384],[76.7261,11.1358],[76.726,11.1335],[76.7285,11.1338],[76.7279,11.1307],[76.7283,11.1299],[76.7309,11.1308],[76.7331,11.1326],[76.7341,11.1338],[76.7345,11.1363],[76.7366,11.1346],[76.7402,11.1336],[76.7399,11.1328],[76.7384,11.1324],[76.7394,11.1315],[76.7413,11.1321],[76.7429,11.1336],[76.7457,11.1369],[76.7457,11.1378],[76.7478,11.1362],[76.7482,11.1342],[76.7477,11.1333],[76.7467,11.1332],[76.7476,11.1319],[76.7474,11.1309],[76.7467,11.1299],[76.7452,11.1303],[76.7467,11.1243],[76.7479,11.1225],[76.7466,11.1195],[76.7479,11.1166],[76.748,11.1149],[76.7472,11.1144],[76.7478,11.1116],[76.7457,11.1083],[76.7431,11.108],[76.7414,11.1093],[76.7407,11.1091],[76.7412,11.1057],[76.74063,11.10407],[76.74,11.1039],[76.7396,11.1048],[76.7389,11.1048],[76.7388,11.1036],[76.73994,11.10217]]]}},{"type":"Feature","properties":{"code":"22B1g","basin":"BHAVANI","areaHa":734.41,"shedId":"RB22"},"geometry":{"type":"Polygon","coordinates":[[[76.7242,11.1383],[76.7236,11.1361],[76.7238,11.1325],[76.7248,11.1299],[76.7248,11.1242],[76.723,11.1187],[76.7247,11.1171],[76.7274,11.1108],[76.7268,11.1099],[76.7248,11.1095],[76.7218,11.1097],[76.7183,11.1075],[76.7149,11.108],[76.7139,11.1071],[76.7135,11.1038],[76.7119,11.1032],[76.7104,11.1],[76.7075,11.1028],[76.704,11.104],[76.7024,11.106],[76.6999,11.1101],[76.6997,11.1138],[76.7003,11.1148],[76.7052,11.116],[76.7096,11.1185],[76.7089,11.1249],[76.7118,11.1274],[76.7105,11.1315],[76.7133,11.134],[76.7154,11.1388],[76.7153,11.1436],[76.70968,11.14735],[76.7155,11.1489],[76.7167,11.1476],[76.718,11.1475],[76.717,11.1434],[76.7191,11.1418],[76.7195,11.1406],[76.722,11.14],[76.7242,11.1383]]]}},{"type":"Feature","properties":{"code":"22B1h","basin":"BHAVANI","areaHa":416.12,"shedId":"RB22"},"geometry":{"type":"Polygon","coordinates":[[[76.7107,11.1468],[76.7153,11.1436],[76.7154,11.1388],[76.7133,11.134],[76.7105,11.1315],[76.7118,11.1274],[76.7089,11.1249],[76.7095,11.1182],[76.7052,11.116],[76.7043,11.1241],[76.7035,11.1247],[76.6993,11.1248],[76.6996,11.1267],[76.7009,11.1288],[76.701,11.1317],[76.6971,11.1412],[76.6963,11.1467],[76.6911,11.1544],[76.6907,11.1582],[76.6918,11.1577],[76.6926,11.1556],[76.6946,11.1558],[76.6962,11.1551],[76.6969,11.1534],[76.6954,11.1517],[76.6961,11.1501],[76.6977,11.1492],[76.699,11.1498],[76.7008,11.1496],[76.7019,11.1471],[76.7001,11.1464],[76.7024,11.1438],[76.7063,11.1413],[76.71,11.1412],[76.7126,11.1419],[76.712,11.1441],[76.7087,11.1458],[76.7092,11.1472],[76.7107,11.1468]]]}},{"type":"Feature","properties":{"code":"22B1i","basin":"BHAVANI","areaHa":1160.25,"shedId":"RB22"},"geometry":{"type":"Polygon","coordinates":[[[76.6907,11.1558],[76.6963,11.1467],[76.6971,11.1412],[76.701,11.1317],[76.7009,11.1288],[76.6996,11.1267],[76.6993,11.1248],[76.7035,11.1247],[76.7045,11.1238],[76.7045,11.1192],[76.7052,11.116],[76.6997,11.1145],[76.6999,11.1101],[76.704,11.104],[76.7075,11.1028],[76.7104,11.0998],[76.709,11.0932],[76.7035,11.0934],[76.6993,11.0917],[76.6969,11.092],[76.6945,11.0908],[76.6897,11.0916],[76.6864,11.0905],[76.6848,11.0913],[76.6854,11.0924],[76.6846,11.0941],[76.6812,11.0949],[76.6796,11.0966],[76.6811,11.0983],[76.681,11.1004],[76.68,11.1021],[76.6825,11.1048],[76.683,11.1079],[76.6852,11.1104],[76.6841,11.1121],[76.6841,11.1132],[76.6865,11.1187],[76.6866,11.1211],[76.6842,11.122],[76.6839,11.1269],[76.6854,11.1274],[76.6874,11.1268],[76.687,11.1295],[76.6887,11.1301],[76.689,11.1316],[76.6872,11.1356],[76.6913,11.1385],[76.689,11.1428],[76.6916,11.1435],[76.6925,11.1444],[76.6924,11.1466],[76.69,11.1495],[76.6887,11.1571],[76.6906,11.157],[76.6907,11.1558]]]}},{"type":"Feature","properties":{"code":"22B1j","basin":"BHAVANI","areaHa":506.0,"shedId":"RB22"},"geometry":{"type":"Polygon","coordinates":[[[76.6813,11.1206],[76.6834,11.1203],[76.6842,11.122],[76.6867,11.1208],[76.6864,11.1181],[76.685,11.1161],[76.6841,11.1132],[76.6841,11.1121],[76.6852,11.1104],[76.683,11.1079],[76.6825,11.1048],[76.68,11.1021],[76.681,11.1004],[76.6811,11.0983],[76.6796,11.0966],[76.6812,11.0949],[76.6846,11.0941],[76.6854,11.0924],[76.6848,11.0913],[76.6795,11.0905],[76.6784,11.0908],[76.6771,11.0923],[76.673,11.0929],[76.6706,11.0957],[76.6685,11.0969],[76.6683,11.0992],[76.6661,11.1026],[76.6663,11.1051],[76.6674,11.1078],[76.6656,11.1096],[76.6738,11.1159],[76.6747,11.1227],[76.6773,11.1221],[76.6787,11.1248],[76.6805,11.1251],[76.681,11.1248],[76.6813,11.1206]]]}},{"type":"Feature","properties":{"code":"22B1k","basin":"BHAVANI","areaHa":386.97,"shedId":"RB22"},"geometry":{"type":"Polygon","coordinates":[[[76.6731,11.0929],[76.6665,11.0897],[76.6624,11.0891],[76.657,11.0918],[76.6583,11.0958],[76.6573,11.0993],[76.6594,11.1019],[76.6594,11.103],[76.657,11.1077],[76.6587,11.109],[76.6579,11.1121],[76.6586,11.1152],[76.6594,11.1163],[76.6623,11.1169],[76.6626,11.1195],[76.6662,11.1195],[76.6697,11.1172],[76.6719,11.1213],[76.6747,11.1227],[76.6738,11.1159],[76.6656,11.1096],[76.6674,11.1078],[76.6663,11.1051],[76.6662,11.1021],[76.6683,11.0992],[76.6685,11.0969],[76.6706,11.0957],[76.6731,11.0929]]]}},{"type":"Feature","properties":{"code":"22B1l","basin":"BHAVANI","areaHa":2097.56,"shedId":"RB22"},"geometry":{"type":"Polygon","coordinates":[[[76.6551,11.0959],[76.6576,11.0913],[76.6624,11.0891],[76.6665,11.0897],[76.6675,11.0905],[76.6701,11.091],[76.6731,11.0929],[76.6771,11.0923],[76.6784,11.0908],[76.6795,11.0905],[76.6846,11.0913],[76.6868,11.0905],[76.6897,11.0916],[76.6938,11.0907],[76.6969,11.092],[76.6993,11.0917],[76.7035,11.0934],[76.7091,11.0932],[76.7129,11.0919],[76.7134,11.0907],[76.7119,11.088],[76.7144,11.0842],[76.7144,11.0803],[76.7155,11.0788],[76.7159,11.0758],[76.7184,11.0709],[76.7205,11.0693],[76.7218,11.0649],[76.7244,11.0623],[76.7221,11.0553],[76.7196,11.0537],[76.7181,11.0516],[76.716,11.0505],[76.7141,11.0483],[76.7147,11.0441],[76.7139,11.0422],[76.7106,11.0433],[76.7084,11.0469],[76.7052,11.0471],[76.7042,11.0489],[76.7023,11.0505],[76.6985,11.0509],[76.6978,11.0532],[76.6987,11.0569],[76.698,11.0577],[76.6972,11.0578],[76.6915,11.0548],[76.6905,11.0556],[76.6894,11.0581],[76.6863,11.0613],[76.6827,11.0616],[76.6799,11.064],[76.6757,11.0707],[76.6758,11.0734],[76.6784,11.0773],[76.6782,11.0783],[76.6725,11.0802],[76.6715,11.0829],[76.6677,11.083],[76.66,11.0866],[76.6556,11.0905],[76.6516,11.091],[76.6502,11.0925],[76.6498,11.0942],[76.6513,11.0962],[76.6535,11.0966],[76.6551,11.0959]]]}},{"type":"Feature","properties":{"code":"22B1m","basin":"BHAVANI","areaHa":1299.29,"shedId":"RB22"},"geometry":{"type":"Polygon","coordinates":[[[76.714,11.0422],[76.7143,11.04075],[76.7124,11.0391],[76.7105,11.0386],[76.7103,11.0349],[76.7087,11.0328],[76.7053,11.0298],[76.7022,11.0286],[76.69585,11.02363],[76.6936,11.0255],[76.6908,11.0303],[76.6986,11.0346],[76.7001,11.036],[76.6999,11.0372],[76.6972,11.0405],[76.6925,11.0421],[76.6878,11.0454],[76.6821,11.0458],[76.6804,11.0498],[76.6805,11.0511],[76.676,11.0539],[76.6757,11.0555],[76.6707,11.0547],[76.6672,11.0559],[76.6581,11.0563],[76.6557,11.0581],[76.6544,11.0582],[76.6538,11.0604],[76.6559,11.066],[76.6555,11.0685],[76.6572,11.0703],[76.6591,11.0702],[76.6597,11.0708],[76.6604,11.0739],[76.6636,11.0768],[76.6661,11.0837],[76.6677,11.083],[76.6715,11.0829],[76.6725,11.0802],[76.6782,11.0783],[76.6784,11.0773],[76.6758,11.0734],[76.6757,11.0707],[76.6799,11.064],[76.6827,11.0616],[76.6863,11.0613],[76.6894,11.0581],[76.6905,11.0556],[76.6915,11.0548],[76.6972,11.0578],[76.698,11.0577],[76.6987,11.0569],[76.6978,11.0532],[76.6985,11.0509],[76.7023,11.0505],[76.7042,11.0489],[76.7052,11.0471],[76.7084,11.0469],[76.7106,11.0433],[76.714,11.0422]]]}},{"type":"Feature","properties":{"code":"22B1n","basin":"BHAVANI","areaHa":781.42,"shedId":"RB22"},"geometry":{"type":"Polygon","coordinates":[[[76.7001,11.036],[76.6853,11.0262],[76.678,11.0331],[76.6738,11.0349],[76.6724,11.0374],[76.6722,11.0409],[76.6644,11.0406],[76.6602,11.042],[76.6592,11.0449],[76.6585,11.0451],[76.6585,11.0462],[76.6574,11.0472],[76.6588,11.0475],[76.6591,11.0482],[76.6569,11.0494],[76.6559,11.0508],[76.6535,11.0518],[76.6538,11.055],[76.6546,11.0566],[76.6544,11.0582],[76.6557,11.0581],[76.6581,11.0563],[76.6672,11.0559],[76.6707,11.0547],[76.6757,11.0555],[76.676,11.0539],[76.6805,11.0511],[76.6804,11.0498],[76.6821,11.0458],[76.6878,11.0454],[76.6925,11.0421],[76.6972,11.0405],[76.6999,11.0372],[76.7001,11.036]]]}},{"type":"Feature","properties":{"code":"22B1o","basin":"BHAVANI","areaHa":366.93,"shedId":"RB22"},"geometry":{"type":"Polygon","coordinates":[[[76.685,11.026],[76.681,11.0249],[76.6771,11.0254],[76.6733,11.0244],[76.669,11.0269],[76.6664,11.0272],[76.6613,11.0245],[76.6603,11.0262],[76.6588,11.0258],[76.6571,11.0265],[76.6571,11.0279],[76.6586,11.0305],[76.6587,11.0332],[76.6603,11.0359],[76.6586,11.0364],[76.6586,11.0382],[76.6568,11.0413],[76.6579,11.0434],[76.6563,11.0434],[76.6562,11.0444],[76.6571,11.045],[76.6592,11.0449],[76.6602,11.042],[76.6644,11.0406],[76.6722,11.0409],[76.6724,11.0374],[76.6738,11.0349],[76.678,11.0331],[76.685,11.026]]]}},{"type":"Feature","properties":{"code":"22B1p","basin":"BHAVANI","areaHa":1338.99,"shedId":"RB22"},"geometry":{"type":"Polygon","coordinates":[[[76.6948,11.0224],[76.6934,11.0174],[76.6897,11.0122],[76.6878,11.0006],[76.6858,10.9956],[76.6855,10.9889],[76.6763,10.9874],[76.6721,10.9893],[76.6679,10.9875],[76.6648,10.9905],[76.6637,10.9955],[76.6595,10.9967],[76.6581,11.0001],[76.6555,11.003],[76.6547,11.0058],[76.6548,11.0066],[76.6572,11.0085],[76.6604,11.0087],[76.6615,11.0114],[76.6607,11.0146],[76.661,11.0182],[76.6618,11.0195],[76.6607,11.0226],[76.6613,11.0245],[76.6664,11.0272],[76.669,11.0269],[76.6733,11.0244],[76.6771,11.0254],[76.681,11.0249],[76.685,11.026],[76.6908,11.0303],[76.6936,11.0255],[76.69585,11.02363],[76.6948,11.0224]]]}},{"type":"Feature","properties":{"code":"22B1q","basin":"BHAVANI","areaHa":317.51,"shedId":"RB22"},"geometry":{"type":"Polygon","coordinates":[[[76.6584,11.045],[76.6567,11.0448],[76.6561,11.0436],[76.6579,11.0434],[76.6568,11.0413],[76.6586,11.0382],[76.6586,11.0364],[76.6601,11.0361],[76.6603,11.0355],[76.6587,11.0332],[76.6586,11.0305],[76.6569,11.0269],[76.6588,11.0258],[76.6605,11.026],[76.6613,11.0245],[76.6607,11.0226],[76.6618,11.02],[76.6607,11.0155],[76.6615,11.0114],[76.6604,11.0087],[76.659,11.0083],[76.6572,11.0084],[76.6551,11.0131],[76.6523,11.0144],[76.6509,11.0161],[76.6497,11.0196],[76.6506,11.0222],[76.6495,11.0236],[76.6529,11.0274],[76.6535,11.0313],[76.6549,11.0332],[76.6554,11.036],[76.6548,11.0396],[76.6537,11.0418],[76.6534,11.0479],[76.6516,11.0499],[76.6535,11.0518],[76.6559,11.0508],[76.6569,11.0494],[76.6591,11.0482],[76.6586,11.0474],[76.6574,11.0474],[76.6585,11.0462],[76.6584,11.045]]]}},{"type":"Feature","properties":{"code":"22B1r","basin":"BHAVANI","areaHa":448.12,"shedId":"RB22"},"geometry":{"type":"Polygon","coordinates":[[[76.6289,11.0254],[76.6294,11.027],[76.632,11.027],[76.6316,11.029],[76.6325,11.0309],[76.6463,11.0373],[76.6464,11.0393],[76.6442,11.041],[76.6448,11.0417],[76.6467,11.0413],[76.6446,11.0456],[76.6463,11.0468],[76.6488,11.0474],[76.6516,11.0499],[76.6534,11.0479],[76.6537,11.0418],[76.6548,11.0396],[76.6554,11.036],[76.6549,11.0332],[76.6535,11.0313],[76.6529,11.0274],[76.6502,11.0238],[76.6482,11.0233],[76.644,11.0252],[76.6414,11.0249],[76.6391,11.0215],[76.635,11.0209],[76.6325,11.0188],[76.6308,11.0183],[76.6296,11.0184],[76.6307,11.0204],[76.6306,11.0223],[76.6289,11.0254]]]}},{"type":"Feature","properties":{"code":"22B1s","basin":"BHAVANI","areaHa":456.37,"shedId":"RB22"},"geometry":{"type":"Polygon","coordinates":[[[76.6499,11.0233],[76.6506,11.0222],[76.6497,11.0203],[76.65,11.0176],[76.6523,11.0144],[76.6551,11.0131],[76.6573,11.0091],[76.6565,11.0076],[76.6548,11.0066],[76.6549,11.0042],[76.6526,11.0045],[76.6473,11.0067],[76.6412,11.0073],[76.6379,11.0062],[76.6372,11.005],[76.632,11.002],[76.6284,11.0019],[76.6233,11.0053],[76.6308,11.0054],[76.6321,11.009],[76.6343,11.0105],[76.6333,11.0122],[76.6342,11.014],[76.634,11.0151],[76.6302,11.017],[76.6296,11.0184],[76.632,11.0185],[76.6356,11.0211],[76.6367,11.0208],[76.6391,11.0215],[76.6414,11.0249],[76.644,11.0252],[76.6476,11.0234],[76.6499,11.0233]]]}},{"type":"Feature","properties":{"code":"22B1t","basin":"BHAVANI","areaHa":709.93,"shedId":"RB22"},"geometry":{"type":"Polygon","coordinates":[[[76.6551,11.0043],[76.6555,11.003],[76.6581,11.0001],[76.6595,10.9967],[76.6637,10.9955],[76.6648,10.9905],[76.6679,10.9875],[76.6672,10.9868],[76.6638,10.9865],[76.6615,10.9854],[76.6596,10.9819],[76.6576,10.9817],[76.6561,10.9778],[76.6525,10.9748],[76.6479,10.9753],[76.6432,10.9749],[76.6427,10.9759],[76.6428,10.9773],[76.6441,10.979],[76.64,10.9843],[76.6414,10.9891],[76.6446,10.9881],[76.6463,10.9917],[76.6446,10.9932],[76.645,10.9963],[76.6407,11.0038],[76.6394,11.0038],[76.6313,10.999],[76.6273,10.9982],[76.6265,10.9983],[76.6259,11.0002],[76.6245,11.0011],[76.621,11.0007],[76.6228,11.0031],[76.6233,11.0053],[76.6284,11.0019],[76.632,11.002],[76.6372,11.005],[76.6379,11.0062],[76.6412,11.0073],[76.6473,11.0067],[76.6526,11.0045],[76.6551,11.0043]]]}},{"type":"Feature","properties":{"code":"22B1u","basin":"BHAVANI","areaHa":749.34,"shedId":"RB22"},"geometry":{"type":"Polygon","coordinates":[[[76.6855,10.9889],[76.683,10.9854],[76.6755,10.9778],[76.6745,10.9747],[76.6672,10.9688],[76.668,10.96],[76.6656,10.9558],[76.664,10.9512],[76.6661,10.9474],[76.6659,10.9461],[76.6631,10.9514],[76.6606,10.953],[76.659,10.9561],[76.6557,10.9592],[76.6551,10.9624],[76.6544,10.9625],[76.6534,10.9606],[76.6528,10.9605],[76.6532,10.9626],[76.6519,10.964],[76.6525,10.9674],[76.6494,10.9699],[76.6488,10.9713],[76.6461,10.9712],[76.6421,10.9725],[76.6414,10.9742],[76.6459,10.9753],[76.6525,10.9748],[76.6561,10.9778],[76.6569,10.9809],[76.658,10.982],[76.6595,10.9818],[76.6604,10.9839],[76.6624,10.9861],[76.6672,10.9868],[76.6717,10.9892],[76.6726,10.9893],[76.6763,10.9874],[76.6855,10.9889]]]}},{"type":"Feature","properties":{"code":"22B1v","basin":"BHAVANI","areaHa":652.61,"shedId":"RB22"},"geometry":{"type":"Polygon","coordinates":[[[76.6565,10.9364],[76.6543,10.9355],[76.6484,10.9347],[76.6445,10.9348],[76.6376,10.9362],[76.6279,10.9431],[76.6287,10.9467],[76.6414,10.9455],[76.643,10.9515],[76.6461,10.9536],[76.6466,10.9584],[76.6484,10.9604],[76.6509,10.9617],[76.653,10.9604],[76.6544,10.9625],[76.6551,10.9624],[76.6557,10.9592],[76.659,10.9561],[76.6606,10.953],[76.6631,10.9514],[76.6659,10.9461],[76.6651,10.9436],[76.6607,10.9423],[76.6562,10.9393],[76.6565,10.9364]]]}},{"type":"Feature","properties":{"code":"22B1w","basin":"BHAVANI","areaHa":426.57,"shedId":"RB22"},"geometry":{"type":"Polygon","coordinates":[[[76.6287,10.9467],[76.6266,10.9505],[76.6291,10.9524],[76.6347,10.9621],[76.6369,10.9632],[76.6395,10.966],[76.6406,10.9697],[76.6433,10.9704],[76.6443,10.972],[76.6461,10.9712],[76.6488,10.9713],[76.6494,10.9699],[76.6525,10.9674],[76.6519,10.964],[76.6532,10.9626],[76.6528,10.9605],[76.6509,10.9617],[76.6484,10.9604],[76.6466,10.9584],[76.6461,10.9536],[76.643,10.9515],[76.6414,10.9455],[76.6287,10.9467]]]}},{"type":"Feature","properties":{"code":"22B1x","basin":"BHAVANI","areaHa":290.09,"shedId":"RB22"},"geometry":{"type":"Polygon","coordinates":[[[76.6255,10.9505],[76.6265,10.9625],[76.6293,10.9653],[76.6317,10.9713],[76.6298,10.9756],[76.6304,10.9775],[76.6333,10.9785],[76.6337,10.9793],[76.636,10.9788],[76.6371,10.9777],[76.6392,10.9776],[76.6437,10.9799],[76.6441,10.979],[76.6427,10.9768],[76.6432,10.9745],[76.6417,10.9744],[76.6414,10.9737],[76.6421,10.9725],[76.6443,10.972],[76.6433,10.9704],[76.6406,10.9697],[76.6395,10.966],[76.6369,10.9632],[76.6347,10.9621],[76.6286,10.9518],[76.6264,10.9501],[76.6255,10.9505]]]}},{"type":"Feature","properties":{"code":"22B1y","basin":"BHAVANI","areaHa":321.46,"shedId":"RB22"},"geometry":{"type":"Polygon","coordinates":[[[76.6437,10.9799],[76.6392,10.9776],[76.6371,10.9777],[76.636,10.9788],[76.6337,10.9793],[76.6343,10.9834],[76.6355,10.9855],[76.6355,10.9912],[76.6336,10.9923],[76.6285,10.9925],[76.6268,10.9934],[76.6233,11.0011],[76.6253,11.0007],[76.6265,10.9983],[76.6273,10.9982],[76.6313,10.999],[76.6394,11.0038],[76.6407,11.0038],[76.645,10.9963],[76.6446,10.9932],[76.6463,10.9917],[76.6446,10.9881],[76.6414,10.9891],[76.6401,10.9847],[76.6405,10.9832],[76.6437,10.9799]]]}},{"type":"Feature","properties":{"code":"22B1z","basin":"BHAVANI","areaHa":916.71,"shedId":"RB22"},"geometry":{"type":"Polygon","coordinates":[[[76.6255,10.9505],[76.6124,10.9551],[76.6106,10.9574],[76.6104,10.9586],[76.6128,10.9641],[76.6127,10.9686],[76.6136,10.9735],[76.6118,10.9771],[76.6096,10.9797],[76.6082,10.9833],[76.6136,10.9836],[76.6153,10.9844],[76.6163,10.9865],[76.6166,10.9908],[76.6201,10.993],[76.6195,10.9954],[76.6202,10.9991],[76.6211,11.0006],[76.623,11.0011],[76.6268,10.9934],[76.6285,10.9925],[76.6336,10.9923],[76.6355,10.9912],[76.6355,10.9855],[76.6343,10.9834],[76.6339,10.9796],[76.6333,10.9785],[76.6304,10.9775],[76.6298,10.9759],[76.6316,10.9717],[76.6315,10.9704],[76.6293,10.9653],[76.6265,10.9625],[76.6255,10.9505]]]}},{"type":"Feature","properties":{"code":"22B20a","basin":"BHAVANI","areaHa":528.89,"shedId":"RB22"},"geometry":{"type":"Polygon","coordinates":[[[76.5562,11.1533],[76.5525,11.1507],[76.5507,11.148],[76.5508,11.1454],[76.554,11.1416],[76.5543,11.1403],[76.5518,11.1338],[76.5511,11.1278],[76.5489,11.1239],[76.5429,11.1256],[76.5401,11.1256],[76.5311,11.1238],[76.5283,11.1211],[76.5263,11.1202],[76.5223,11.1206],[76.53,11.1276],[76.5298,11.1293],[76.5274,11.1316],[76.5272,11.1361],[76.5278,11.1367],[76.5352,11.1372],[76.5406,11.1404],[76.5446,11.1415],[76.5467,11.1438],[76.5486,11.1531],[76.5548,11.1553],[76.5562,11.1533]]]}},{"type":"Feature","properties":{"code":"22B21a","basin":"BHAVANI","areaHa":816.57,"shedId":"RB22"},"geometry":{"type":"Polygon","coordinates":[[[76.5489,11.1239],[76.5501,11.1168],[76.5499,11.1126],[76.5527,11.1064],[76.5543,11.0977],[76.5508,11.0905],[76.5501,11.0899],[76.546,11.0904],[76.5444,11.0883],[76.5422,11.0873],[76.5406,11.0884],[76.5375,11.0888],[76.5335,11.0914],[76.5331,11.0922],[76.5364,11.0933],[76.5383,11.1005],[76.5374,11.1013],[76.5336,11.1017],[76.5326,11.1025],[76.5339,11.1099],[76.5335,11.1114],[76.5312,11.1146],[76.5295,11.1163],[76.5239,11.1168],[76.5221,11.1199],[76.5223,11.1206],[76.5263,11.1202],[76.5283,11.1211],[76.5311,11.1238],[76.5393,11.1255],[76.5451,11.1251],[76.5489,11.1239]]]}},{"type":"Feature","properties":{"code":"22B22a","basin":"BHAVANI","areaHa":434.87,"shedId":"RB22"},"geometry":{"type":"Polygon","coordinates":[[[76.5554,11.0671],[76.55,11.0697],[76.5463,11.0667],[76.5436,11.0655],[76.5407,11.0657],[76.5385,11.0643],[76.5372,11.0647],[76.5364,11.0663],[76.5367,11.0714],[76.5352,11.0737],[76.5341,11.0774],[76.5315,11.0797],[76.53,11.0842],[76.5307,11.0897],[76.5318,11.0917],[76.5331,11.0922],[76.5337,11.0911],[76.5362,11.0901],[76.5375,11.0888],[76.5406,11.0884],[76.5422,11.0873],[76.5444,11.0883],[76.546,11.0904],[76.55,11.0899],[76.5482,11.0863],[76.5493,11.0828],[76.545,11.0809],[76.5441,11.0788],[76.5446,11.0777],[76.5545,11.0692],[76.5554,11.0671]]]}},{"type":"Feature","properties":{"code":"22B23a","basin":"BHAVANI","areaHa":891.5,"shedId":"RB22"},"geometry":{"type":"Polygon","coordinates":[[[76.5545,11.0692],[76.5498,11.0729],[76.5446,11.0777],[76.5441,11.0788],[76.545,11.0809],[76.5493,11.0828],[76.5482,11.0863],[76.5497,11.0896],[76.5517,11.0918],[76.554,11.0969],[76.5648,11.0965],[76.5736,11.093],[76.5768,11.093],[76.579,11.0923],[76.5811,11.0929],[76.5833,11.0947],[76.5903,11.0959],[76.5917,11.0984],[76.5939,11.099],[76.5943,11.0925],[76.5934,11.0918],[76.5906,11.0923],[76.5887,11.0913],[76.5872,11.0856],[76.5858,11.0852],[76.5833,11.0859],[76.578,11.082],[76.5772,11.0792],[76.5759,11.078],[76.5741,11.0776],[76.5695,11.0787],[76.5659,11.0749],[76.5617,11.0757],[76.5609,11.0753],[76.5576,11.0712],[76.5573,11.0682],[76.5564,11.0671],[76.5554,11.0671],[76.5545,11.0692]]]}},{"type":"Feature","properties":{"code":"22B24a","basin":"BHAVANI","areaHa":601.28,"shedId":"RB22"},"geometry":{"type":"Polygon","coordinates":[[[76.5585,11.1102],[76.563,11.1075],[76.5677,11.1087],[76.5768,11.1057],[76.578,11.1058],[76.5849,11.1096],[76.5867,11.1099],[76.5905,11.1089],[76.593,11.1068],[76.5922,11.106],[76.5923,11.1044],[76.5939,11.099],[76.5917,11.0984],[76.5903,11.0959],[76.5833,11.0947],[76.5811,11.0929],[76.579,11.0923],[76.5768,11.093],[76.5736,11.093],[76.5648,11.0965],[76.554,11.0969],[76.5544,11.0989],[76.5536,11.1003],[76.5533,11.1039],[76.5556,11.1058],[76.5578,11.1097],[76.5585,11.1102]]]}},{"type":"Feature","properties":{"code":"22B25a","basin":"BHAVANI","areaHa":342.83,"shedId":"RB22"},"geometry":{"type":"Polygon","coordinates":[[[76.6002,11.1142],[76.6021,11.1122],[76.5996,11.1077],[76.5987,11.1074],[76.5954,11.1082],[76.593,11.1068],[76.5905,11.1089],[76.5867,11.1099],[76.5839,11.1093],[76.578,11.1058],[76.5768,11.1057],[76.5677,11.1087],[76.563,11.1075],[76.559,11.1101],[76.5604,11.1141],[76.5705,11.1141],[76.5727,11.1146],[76.5765,11.1141],[76.5791,11.1152],[76.5819,11.1174],[76.5847,11.116],[76.5886,11.1152],[76.5915,11.1157],[76.5941,11.1141],[76.6002,11.1142]]]}},{"type":"Feature","properties":{"code":"22B26a","basin":"BHAVANI","areaHa":459.04,"shedId":"RB22"},"geometry":{"type":"Polygon","coordinates":[[[76.6037,11.1118],[76.6021,11.1122],[76.6002,11.1142],[76.5941,11.1141],[76.5915,11.1157],[76.5886,11.1152],[76.5841,11.1162],[76.5822,11.1174],[76.5765,11.1141],[76.5733,11.1146],[76.5705,11.1141],[76.5611,11.1143],[76.5604,11.1141],[76.559,11.1101],[76.5573,11.1092],[76.5556,11.1058],[76.5533,11.1039],[76.5498,11.1138],[76.5501,11.1168],[76.5624,11.1205],[76.5637,11.1212],[76.5655,11.1235],[76.5676,11.1238],[76.5757,11.1229],[76.5767,11.1235],[76.577,11.1249],[76.5805,11.1251],[76.5876,11.1187],[76.593,11.1197],[76.5976,11.1174],[76.6016,11.117],[76.6036,11.1146],[76.6037,11.1118]]]}},{"type":"Feature","properties":{"code":"22B26b","basin":"BHAVANI","areaHa":684.05,"shedId":"RB22"},"geometry":{"type":"Polygon","coordinates":[[[76.5604,11.1508],[76.5613,11.1486],[76.5645,11.1462],[76.5657,11.1409],[76.5688,11.1365],[76.5718,11.1359],[76.5731,11.1326],[76.5771,11.129],[76.5767,11.1235],[76.5746,11.1229],[76.5661,11.1237],[76.5624,11.1205],[76.5501,11.1168],[76.5487,11.1233],[76.5511,11.1278],[76.5518,11.1338],[76.5543,11.1403],[76.554,11.1416],[76.5508,11.1454],[76.5507,11.148],[76.5525,11.1507],[76.5562,11.1533],[76.5584,11.1514],[76.5604,11.1508]]]}},{"type":"Feature","properties":{"code":"22B26c","basin":"BHAVANI","areaHa":1092.36,"shedId":"RB22"},"geometry":{"type":"Polygon","coordinates":[[[76.5908,11.1532],[76.5935,11.1512],[76.5978,11.1493],[76.6014,11.146],[76.6025,11.1441],[76.6073,11.1448],[76.6099,11.1443],[76.6118,11.1428],[76.609,11.1391],[76.606,11.1371],[76.6051,11.1348],[76.5992,11.1327],[76.5948,11.128],[76.5917,11.1268],[76.5887,11.1245],[76.5874,11.1229],[76.5865,11.1196],[76.581,11.125],[76.577,11.1249],[76.5771,11.129],[76.5731,11.1326],[76.5718,11.1359],[76.5688,11.1365],[76.5657,11.1409],[76.5645,11.1462],[76.5613,11.1486],[76.5604,11.151],[76.5654,11.1496],[76.572,11.1509],[76.5795,11.1537],[76.5865,11.1544],[76.5908,11.1532]]]}},{"type":"Feature","properties":{"code":"22B26d","basin":"BHAVANI","areaHa":351.51,"shedId":"RB22"},"geometry":{"type":"Polygon","coordinates":[[[76.6104,11.1159],[76.6096,11.113],[76.6079,11.1119],[76.6039,11.1117],[76.6036,11.1146],[76.6016,11.117],[76.5976,11.1174],[76.593,11.1197],[76.5874,11.1188],[76.5865,11.1196],[76.5874,11.1229],[76.5914,11.1266],[76.5948,11.128],[76.5992,11.1327],[76.6051,11.1348],[76.6052,11.134],[76.6067,11.1332],[76.6075,11.1312],[76.6092,11.1294],[76.6088,11.1241],[76.6077,11.1211],[76.6078,11.1184],[76.6104,11.1159]]]}},{"type":"Feature","properties":{"code":"22B27a","basin":"BHAVANI","areaHa":307.32,"shedId":"RB22"},"geometry":{"type":"Polygon","coordinates":[[[76.6164,11.1226],[76.6115,11.1183],[76.6104,11.1159],[76.6082,11.1176],[76.6077,11.1211],[76.6088,11.1241],[76.6093,11.1289],[76.6067,11.1332],[76.6052,11.134],[76.6051,11.1351],[76.606,11.1371],[76.609,11.1391],[76.6118,11.1428],[76.6157,11.1378],[76.6173,11.1343],[76.6218,11.1322],[76.6216,11.1302],[76.6228,11.1286],[76.6229,11.1271],[76.6207,11.1195],[76.6191,11.12],[76.6173,11.1224],[76.6164,11.1226]]]}},{"type":"Feature","properties":{"code":"22B28a","basin":"BHAVANI","areaHa":222.43,"shedId":"RB22"},"geometry":{"type":"Polygon","coordinates":[[[76.6303,11.1276],[76.6283,11.127],[76.6262,11.1233],[76.6207,11.1195],[76.6229,11.1271],[76.6228,11.1286],[76.6216,11.1302],[76.622,11.1318],[76.6214,11.1326],[76.6173,11.1343],[76.6148,11.139],[76.6212,11.1404],[76.6264,11.1432],[76.6301,11.1416],[76.6303,11.138],[76.6296,11.1356],[76.6302,11.1341],[76.6294,11.1316],[76.6303,11.1276]]]}},{"type":"Feature","properties":{"code":"22B29a","basin":"BHAVANI","areaHa":273.6,"shedId":"RB22"},"geometry":{"type":"Polygon","coordinates":[[[76.652,11.144],[76.6486,11.1404],[76.6496,11.1375],[76.6467,11.1354],[76.6463,11.1335],[76.6433,11.129],[76.6417,11.1278],[76.6402,11.1278],[76.636,11.1304],[76.6352,11.13],[76.6345,11.1276],[76.6338,11.1271],[76.6303,11.1276],[76.6294,11.1316],[76.6302,11.1341],[76.6296,11.1356],[76.6303,11.138],[76.6301,11.1416],[76.6332,11.1423],[76.6359,11.1396],[76.6384,11.1389],[76.6417,11.1403],[76.6447,11.1432],[76.6481,11.1445],[76.652,11.144]]]}},{"type":"Feature","properties":{"code":"22B2a","basin":"BHAVANI","areaHa":540.23,"shedId":"RB22"},"geometry":{"type":"Polygon","coordinates":[[[76.6894,11.16],[76.6859,11.1575],[76.6839,11.1548],[76.6802,11.1531],[76.6789,11.1509],[76.6792,11.1489],[76.6741,11.1453],[76.675,11.1424],[76.6734,11.1409],[76.6731,11.139],[76.6739,11.1368],[76.6777,11.1355],[76.6766,11.1337],[76.6713,11.1305],[76.6678,11.1265],[76.6622,11.1249],[76.6582,11.1217],[76.6547,11.1214],[76.6535,11.1195],[76.6518,11.1201],[76.6499,11.1196],[76.642,11.1141],[76.6387,11.1151],[76.6402,11.1158],[76.6428,11.1202],[76.646,11.1222],[76.6506,11.1238],[76.6535,11.1231],[76.6574,11.1262],[76.6619,11.1279],[76.6645,11.1296],[76.6654,11.1311],[76.6634,11.1342],[76.6637,11.1356],[76.6651,11.1358],[76.6661,11.1385],[76.6652,11.1406],[76.6644,11.1458],[76.6685,11.1497],[76.6682,11.1528],[76.6697,11.155],[76.6735,11.1555],[76.6759,11.1565],[76.6822,11.1637],[76.684,11.1635],[76.6886,11.1609],[76.6894,11.16]]]}},{"type":"Feature","properties":{"code":"22B2b","basin":"BHAVANI","areaHa":599.0,"shedId":"RB22"},"geometry":{"type":"Polygon","coordinates":[[[76.6392,11.1147],[76.642,11.1141],[76.6454,11.116],[76.6459,11.1137],[76.6434,11.1111],[76.6435,11.1079],[76.6426,11.1053],[76.639,11.1034],[76.6375,11.1009],[76.6337,11.0981],[76.6304,11.098],[76.6217,11.095],[76.6206,11.0916],[76.6211,11.0892],[76.6201,11.0877],[76.6133,11.0856],[76.6097,11.0834],[76.6089,11.0858],[76.6093,11.0881],[76.6154,11.0945],[76.6153,11.0993],[76.6134,11.1046],[76.6155,11.1069],[76.6165,11.1077],[76.6188,11.107],[76.6218,11.1089],[76.6235,11.1108],[76.6277,11.1119],[76.635,11.1179],[76.6392,11.1147]]]}},{"type":"Feature","properties":{"code":"22B2c","basin":"BHAVANI","areaHa":328.59,"shedId":"RB22"},"geometry":{"type":"Polygon","coordinates":[[[76.6658,11.1476],[76.6644,11.1455],[76.6661,11.1381],[76.6651,11.1358],[76.6637,11.1356],[76.6634,11.1342],[76.6654,11.1311],[76.6645,11.1296],[76.6619,11.1279],[76.6574,11.1262],[76.6535,11.1231],[76.6506,11.1238],[76.646,11.1222],[76.6424,11.1198],[76.641,11.1168],[76.6396,11.1154],[76.6387,11.1151],[76.6353,11.1175],[76.635,11.1179],[76.6378,11.1201],[76.6394,11.1229],[76.6428,11.1238],[76.6464,11.1269],[76.6482,11.1273],[76.6502,11.1294],[76.6541,11.1316],[76.6567,11.1341],[76.6575,11.1379],[76.6561,11.1413],[76.6588,11.1434],[76.659,11.1466],[76.6616,11.1485],[76.6658,11.1476]]]}},{"type":"Feature","properties":{"code":"22B30a","basin":"BHAVANI","areaHa":182.34,"shedId":"RB22"},"geometry":{"type":"Polygon","coordinates":[[[76.6486,11.1446],[76.6447,11.1432],[76.6417,11.1403],[76.6384,11.1389],[76.6359,11.1396],[76.6332,11.1423],[76.6344,11.1451],[76.6399,11.1493],[76.644,11.1497],[76.6457,11.1506],[76.6479,11.1492],[76.6522,11.1499],[76.6557,11.1495],[76.6577,11.1459],[76.6563,11.1447],[76.6538,11.1447],[76.652,11.144],[76.6486,11.1446]]]}},{"type":"Feature","properties":{"code":"22B30b","basin":"BHAVANI","areaHa":277.86,"shedId":"RB22"},"geometry":{"type":"Polygon","coordinates":[[[76.6436,11.153],[76.6457,11.1506],[76.644,11.1497],[76.6399,11.1493],[76.6344,11.1451],[76.6332,11.1423],[76.6311,11.1416],[76.6264,11.1432],[76.6212,11.1404],[76.6148,11.139],[76.6115,11.1432],[76.6193,11.1515],[76.623,11.1496],[76.6242,11.1481],[76.6273,11.148],[76.6389,11.1549],[76.6409,11.1548],[76.6436,11.153]]]}},{"type":"Feature","properties":{"code":"22B30c","basin":"BHAVANI","areaHa":250.0,"shedId":"RB22"},"geometry":{"type":"Polygon","coordinates":[[[76.6193,11.1515],[76.6163,11.1488],[76.6143,11.1458],[76.6115,11.1432],[76.6099,11.1443],[76.6073,11.1448],[76.6029,11.144],[76.5978,11.1493],[76.5935,11.1512],[76.5901,11.1536],[76.6002,11.1571],[76.6039,11.1567],[76.6053,11.1574],[76.6093,11.1526],[76.6116,11.1529],[76.6171,11.1512],[76.6193,11.1515]]]}},{"type":"Feature","properties":{"code":"22B30d","basin":"BHAVANI","areaHa":436.71,"shedId":"RB22"},"geometry":{"type":"Polygon","coordinates":[[[76.594,11.1608],[76.5992,11.1614],[76.6029,11.16],[76.6053,11.1574],[76.6039,11.1567],[76.6002,11.1571],[76.5901,11.1536],[76.5865,11.1544],[76.5795,11.1537],[76.572,11.1509],[76.5654,11.1496],[76.5606,11.1511],[76.5666,11.1609],[76.5697,11.1636],[76.5748,11.1663],[76.5782,11.1665],[76.5793,11.1645],[76.5834,11.1621],[76.5842,11.1609],[76.5878,11.1615],[76.594,11.1608]]]}},{"type":"Feature","properties":{"code":"22B30e","basin":"BHAVANI","areaHa":1178.69,"shedId":"RB22"},"geometry":{"type":"Polygon","coordinates":[[[76.5694,11.171],[76.5771,11.1675],[76.5782,11.1665],[76.5736,11.1659],[76.5691,11.1632],[76.5666,11.1609],[76.5606,11.1511],[76.5588,11.1512],[76.5558,11.1537],[76.5545,11.156],[76.5519,11.1585],[76.5511,11.159],[76.5497,11.1586],[76.5468,11.159],[76.5453,11.1632],[76.5453,11.1652],[76.5432,11.168],[76.5414,11.172],[76.5403,11.1733],[76.5368,11.1752],[76.5339,11.1798],[76.5319,11.1805],[76.5302,11.1842],[76.5295,11.1878],[76.5315,11.1904],[76.5359,11.1926],[76.5352,11.19675],[76.5463,11.1984],[76.55,11.1944],[76.5534,11.193],[76.5537,11.1898],[76.551,11.1867],[76.553,11.1837],[76.5569,11.1817],[76.5589,11.1789],[76.5623,11.176],[76.5662,11.1751],[76.5694,11.171]]]}},{"type":"Feature","properties":{"code":"22B30f","basin":"BHAVANI","areaHa":553.25,"shedId":"RB22"},"geometry":{"type":"Polygon","coordinates":[[[76.5701,11.1706],[76.5662,11.1751],[76.5623,11.176],[76.5589,11.1789],[76.5569,11.1817],[76.553,11.1837],[76.551,11.1867],[76.5537,11.1898],[76.5534,11.193],[76.55,11.1944],[76.5463,11.1984],[76.56812,11.20156],[76.5699,11.1988],[76.5709,11.1984],[76.5737,11.194],[76.5741,11.1914],[76.5704,11.1799],[76.5683,11.1783],[76.5689,11.1752],[76.5714,11.1702],[76.5701,11.1706]]]}},{"type":"Feature","properties":{"code":"22B30g","basin":"BHAVANI","areaHa":212.42,"shedId":"RB22"},"geometry":{"type":"Polygon","coordinates":[[[76.5934,11.1608],[76.5878,11.1615],[76.5842,11.1609],[76.5834,11.1621],[76.5793,11.1645],[76.5778,11.1671],[76.5718,11.1695],[76.5689,11.1752],[76.5683,11.1783],[76.5704,11.1799],[76.5723,11.1846],[76.5738,11.1898],[76.574,11.1928],[76.5709,11.1984],[76.5699,11.1988],[76.56812,11.20156],[76.5727,11.2022],[76.5736,11.1962],[76.576,11.1924],[76.5752,11.1862],[76.5726,11.1801],[76.5748,11.1751],[76.5797,11.1714],[76.5844,11.1654],[76.5934,11.1608]]]}},{"type":"Feature","properties":{"code":"22B30h","basin":"BHAVANI","areaHa":1169.74,"shedId":"RB22"},"geometry":{"type":"Polygon","coordinates":[[[76.6044,11.1851],[76.5992,11.1826],[76.596,11.1801],[76.5942,11.1773],[76.5945,11.1729],[76.594,11.1686],[76.5971,11.1648],[76.6005,11.1627],[76.6012,11.1607],[76.5992,11.1614],[76.5935,11.1608],[76.585,11.165],[76.5822,11.1677],[76.5791,11.172],[76.5756,11.1741],[76.5726,11.1793],[76.5752,11.1862],[76.576,11.1924],[76.5736,11.1962],[76.5727,11.2022],[76.6012,11.2064],[76.6021,11.2018],[76.6013,11.1977],[76.6025,11.1934],[76.604,11.1914],[76.6044,11.1851]]]}},{"type":"Feature","properties":{"code":"22B30i","basin":"BHAVANI","areaHa":633.15,"shedId":"RB22"},"geometry":{"type":"Polygon","coordinates":[[[76.6241,11.1483],[76.623,11.1496],[76.6198,11.1514],[76.6171,11.1512],[76.6122,11.1528],[76.6088,11.1529],[76.6046,11.1585],[76.6012,11.1607],[76.6005,11.1627],[76.5971,11.1648],[76.5939,11.1689],[76.5945,11.1729],[76.5942,11.1773],[76.5954,11.1796],[76.6021,11.1842],[76.6044,11.1851],[76.6061,11.1841],[76.6062,11.1806],[76.6079,11.1767],[76.6169,11.1663],[76.6172,11.1637],[76.6182,11.1619],[76.6223,11.1597],[76.6239,11.158],[76.6241,11.1483]]]}},{"type":"Feature","properties":{"code":"22B30j","basin":"BHAVANI","areaHa":1026.27,"shedId":"RB22"},"geometry":{"type":"Polygon","coordinates":[[[76.6295,11.1941],[76.6333,11.19],[76.6328,11.1862],[76.6315,11.1839],[76.6295,11.1822],[76.6276,11.1785],[76.6232,11.1752],[76.6249,11.1726],[76.6244,11.171],[76.6251,11.1691],[76.6252,11.1654],[76.6292,11.159],[76.6281,11.1577],[76.6278,11.1553],[76.6301,11.1496],[76.6273,11.148],[76.6242,11.1481],[76.6239,11.158],[76.6223,11.1597],[76.6182,11.1619],[76.6172,11.1637],[76.6169,11.1663],[76.6079,11.1767],[76.6066,11.1792],[76.6063,11.1836],[76.6044,11.1851],[76.604,11.1914],[76.6025,11.1934],[76.6013,11.1977],[76.6021,11.2018],[76.6012,11.2064],[76.6295,11.1941]]]}},{"type":"Feature","properties":{"code":"22B30k","basin":"BHAVANI","areaHa":649.78,"shedId":"RB22"},"geometry":{"type":"Polygon","coordinates":[[[76.643,11.1534],[76.6409,11.1548],[76.6389,11.1549],[76.6301,11.1496],[76.6278,11.1553],[76.6281,11.1577],[76.6292,11.159],[76.6252,11.1654],[76.6251,11.1691],[76.6244,11.171],[76.6249,11.1726],[76.6232,11.1752],[76.6276,11.1785],[76.6295,11.1822],[76.6315,11.1839],[76.6328,11.1862],[76.633,11.1849],[76.6379,11.1822],[76.6395,11.18],[76.6429,11.1779],[76.6443,11.1736],[76.6466,11.1707],[76.6473,11.1644],[76.6449,11.1611],[76.6444,11.156],[76.643,11.1534]]]}},{"type":"Feature","properties":{"code":"22B30l","basin":"BHAVANI","areaHa":1042.29,"shedId":"RB22"},"geometry":{"type":"Polygon","coordinates":[[[76.659,11.1466],[76.6577,11.1459],[76.6563,11.1492],[76.6544,11.1499],[76.6479,11.1492],[76.643,11.1534],[76.6444,11.156],[76.6447,11.1606],[76.6473,11.1644],[76.6466,11.1707],[76.6443,11.1736],[76.6429,11.1779],[76.6395,11.18],[76.6379,11.1822],[76.633,11.1849],[76.6333,11.19],[76.6295,11.1941],[76.6535,11.2099],[76.6558,11.2098],[76.6566,11.2076],[76.6551,11.2041],[76.6543,11.1922],[76.6527,11.1871],[76.6555,11.1828],[76.6559,11.1791],[76.6595,11.1745],[76.6542,11.1645],[76.6549,11.1588],[76.6575,11.1544],[76.659,11.1466]]]}},{"type":"Feature","properties":{"code":"22B31a","basin":"BHAVANI","areaHa":337.5,"shedId":"RB22"},"geometry":{"type":"Polygon","coordinates":[[[76.6689,11.158],[76.6716,11.1556],[76.6697,11.155],[76.6685,11.1538],[76.6685,11.1497],[76.6675,11.1486],[76.6659,11.1476],[76.6616,11.1485],[76.659,11.1466],[76.6574,11.1548],[76.6549,11.1588],[76.6542,11.1645],[76.6595,11.1743],[76.6631,11.1726],[76.666,11.1696],[76.6676,11.1602],[76.6689,11.158]]]}},{"type":"Feature","properties":{"code":"22B32a","basin":"BHAVANI","areaHa":603.28,"shedId":"RB22"},"geometry":{"type":"Polygon","coordinates":[[[76.6716,11.1556],[76.6676,11.1602],[76.666,11.1696],[76.6631,11.1726],[76.6595,11.1743],[76.6576,11.1767],[76.6558,11.1793],[76.6555,11.1828],[76.6527,11.1871],[76.6543,11.1922],[76.6551,11.2041],[76.6566,11.2076],[76.6609,11.2011],[76.6621,11.1966],[76.6663,11.1911],[76.6692,11.1795],[76.6729,11.1765],[76.6777,11.1699],[76.6774,11.167],[76.6758,11.1634],[76.6729,11.1595],[76.6716,11.1556]]]}},{"type":"Feature","properties":{"code":"22B33a","basin":"BHAVANI","areaHa":1316.52,"shedId":"RB22"},"geometry":{"type":"Polygon","coordinates":[[[76.6914,11.1627],[76.6897,11.1618],[76.6894,11.1603],[76.684,11.1635],[76.6822,11.1637],[76.6759,11.1565],[76.6735,11.1555],[76.6716,11.1556],[76.6729,11.1595],[76.6764,11.1646],[76.6779,11.1688],[76.6777,11.1699],[76.6729,11.1765],[76.6692,11.1795],[76.6663,11.1911],[76.6621,11.1966],[76.6609,11.2011],[76.6566,11.2076],[76.6558,11.2098],[76.6715,11.219],[76.6745,11.219],[76.6756,11.2172],[76.6801,11.2135],[76.6852,11.2132],[76.6866,11.212],[76.6869,11.2088],[76.6831,11.2006],[76.6825,11.1962],[76.6835,11.1911],[76.6882,11.1863],[76.6876,11.1841],[76.6881,11.1805],[76.6875,11.1786],[76.6878,11.1717],[76.6895,11.1684],[76.6926,11.1658],[76.6914,11.1627]]]}},{"type":"Feature","properties":{"code":"22B34a","basin":"BHAVANI","areaHa":926.99,"shedId":"RB22"},"geometry":{"type":"Polygon","coordinates":[[[76.694,11.2082],[76.6957,11.2038],[76.7077,11.1954],[76.709,11.1933],[76.7135,11.194],[76.7162,11.1954],[76.7195,11.1957],[76.7237,11.1945],[76.7247,11.1926],[76.7246,11.1919],[76.7211,11.1904],[76.7206,11.1881],[76.7191,11.1863],[76.7157,11.186],[76.7128,11.1881],[76.71,11.1874],[76.7095,11.1831],[76.7077,11.1795],[76.7068,11.1789],[76.7023,11.1814],[76.6998,11.1812],[76.6998,11.1789],[76.7014,11.1758],[76.7001,11.175],[76.6963,11.1751],[76.6932,11.1725],[76.6926,11.1658],[76.6895,11.1684],[76.6879,11.1713],[76.6875,11.1786],[76.6881,11.1805],[76.6876,11.1841],[76.6882,11.1863],[76.6835,11.1911],[76.6825,11.1962],[76.6831,11.2006],[76.6856,11.2054],[76.687,11.2105],[76.693,11.2092],[76.694,11.2082]]]}},{"type":"Feature","properties":{"code":"22B35a","basin":"BHAVANI","areaHa":410.97,"shedId":"RB22"},"geometry":{"type":"Polygon","coordinates":[[[76.7233,11.2054],[76.7222,11.202],[76.7269,11.1969],[76.7288,11.1935],[76.728,11.1909],[76.7258,11.1909],[76.7246,11.1919],[76.7241,11.1942],[76.7195,11.1957],[76.7162,11.1954],[76.7135,11.194],[76.709,11.1933],[76.7077,11.1954],[76.6957,11.2038],[76.6937,11.2089],[76.6967,11.2079],[76.7016,11.2091],[76.707,11.207],[76.7127,11.2081],[76.719,11.2075],[76.7221,11.2083],[76.723,11.2072],[76.7233,11.2054]]]}},{"type":"Feature","properties":{"code":"22B36a","basin":"BHAVANI","areaHa":408.82,"shedId":"RB22"},"geometry":{"type":"Polygon","coordinates":[[[76.7275,11.2182],[76.7317,11.2153],[76.732,11.2139],[76.7266,11.2098],[76.7233,11.2054],[76.723,11.2072],[76.7221,11.2083],[76.719,11.2075],[76.7127,11.2081],[76.707,11.207],[76.7049,11.2082],[76.7005,11.2091],[76.6963,11.2079],[76.687,11.2105],[76.6864,11.2124],[76.6974,11.2163],[76.7021,11.2186],[76.7074,11.2166],[76.715,11.2156],[76.721,11.2166],[76.7251,11.2162],[76.7275,11.2182]]]}},{"type":"Feature","properties":{"code":"22B36b","basin":"BHAVANI","areaHa":717.96,"shedId":"RB22"},"geometry":{"type":"Polygon","coordinates":[[[76.727,11.2182],[76.7251,11.2162],[76.721,11.2166],[76.715,11.2156],[76.7074,11.2166],[76.7021,11.2186],[76.6974,11.2163],[76.6864,11.2124],[76.6852,11.2132],[76.6801,11.2135],[76.6756,11.2172],[76.6745,11.219],[76.6786,11.2215],[76.68188,11.2261],[76.6981,11.2278],[76.7068,11.2304],[76.71,11.2325],[76.7106,11.2319],[76.71254,11.23239],[76.7135,11.232],[76.7189,11.2277],[76.7213,11.2245],[76.7251,11.2255],[76.7253,11.219],[76.7259,11.2182],[76.727,11.2182]]]}},{"type":"Feature","properties":{"code":"22B36c","basin":"BHAVANI","areaHa":274.2,"shedId":"RB22"},"geometry":{"type":"Polygon","coordinates":[[[76.71,11.2325],[76.7068,11.2304],[76.6981,11.2278],[76.68188,11.2261],[76.6845,11.2281],[76.6831,11.2297],[76.6855,11.2318],[76.6847,11.2337],[76.6907,11.2367],[76.6927,11.2369],[76.6973,11.2396],[76.7066,11.2377],[76.7097,11.2332],[76.71,11.2325]]]}},{"type":"Feature","properties":{"code":"22B3a","basin":"BHAVANI","areaHa":429.05,"shedId":"RB22"},"geometry":{"type":"Polygon","coordinates":[[[76.6378,11.1201],[76.6265,11.1113],[76.6235,11.1108],[76.6213,11.1123],[76.6217,11.1166],[76.6245,11.1194],[76.6248,11.1208],[76.6242,11.1217],[76.6271,11.1244],[76.6287,11.1274],[76.6338,11.1271],[76.6345,11.1276],[76.6352,11.13],[76.636,11.1304],[76.6402,11.1278],[76.6417,11.1278],[76.6437,11.1295],[76.6463,11.1335],[76.647,11.1358],[76.6496,11.1375],[76.6486,11.1404],[76.6508,11.1432],[76.6533,11.1446],[76.6563,11.1447],[76.659,11.1466],[76.6588,11.1434],[76.6561,11.1413],[76.6575,11.1379],[76.6567,11.1341],[76.6541,11.1316],[76.6502,11.1294],[76.6482,11.1273],[76.6464,11.1269],[76.6428,11.1238],[76.6394,11.1229],[76.6378,11.1201]]]}},{"type":"Feature","properties":{"code":"22B4a","basin":"BHAVANI","areaHa":380.59,"shedId":"RB22"},"geometry":{"type":"Polygon","coordinates":[[[76.6188,11.1203],[76.6207,11.1195],[76.6242,11.1217],[76.6248,11.1208],[76.6245,11.1194],[76.6214,11.1159],[76.6213,11.1123],[76.6235,11.1108],[76.6207,11.1081],[76.6188,11.107],[76.6165,11.1077],[76.6116,11.1031],[76.6042,11.1006],[76.5982,11.1011],[76.5944,11.1044],[76.593,11.1068],[76.5954,11.1082],[76.5991,11.1074],[76.602,11.1122],[76.6067,11.1116],[76.6092,11.1126],[76.6115,11.1183],[76.6155,11.1223],[76.6173,11.1224],[76.6188,11.1203]]]}},{"type":"Feature","properties":{"code":"22B5a","basin":"BHAVANI","areaHa":371.34,"shedId":"RB22"},"geometry":{"type":"Polygon","coordinates":[[[76.6134,11.1046],[76.6153,11.0993],[76.6154,11.0945],[76.6093,11.0881],[76.6089,11.0858],[76.6097,11.0834],[76.6108,11.0841],[76.6095,11.0824],[76.6076,11.0813],[76.605,11.0854],[76.6024,11.0869],[76.5992,11.0872],[76.5962,11.0893],[76.5943,11.0925],[76.5939,11.0993],[76.5922,11.106],[76.593,11.1068],[76.5954,11.1033],[76.5987,11.101],[76.6042,11.1006],[76.6098,11.1023],[76.6134,11.1046]]]}},{"type":"Feature","properties":{"code":"22B6a","basin":"BHAVANI","areaHa":605.29,"shedId":"RB22"},"geometry":{"type":"Polygon","coordinates":[[[76.6073,11.0811],[76.6036,11.0778],[76.5971,11.076],[76.5887,11.0713],[76.587,11.0685],[76.5877,11.0655],[76.5841,11.0657],[76.572,11.0728],[76.5663,11.072],[76.5651,11.0748],[76.5665,11.0753],[76.5695,11.0787],[76.5741,11.0776],[76.5759,11.078],[76.5772,11.0792],[76.578,11.082],[76.5833,11.0859],[76.5868,11.0853],[76.5875,11.0861],[76.5882,11.0905],[76.5894,11.0919],[76.5906,11.0923],[76.5934,11.0918],[76.5943,11.0925],[76.5968,11.0885],[76.5992,11.0872],[76.6024,11.0869],[76.605,11.0854],[76.6073,11.0811]]]}},{"type":"Feature","properties":{"code":"22B7a","basin":"BHAVANI","areaHa":447.76,"shedId":"RB22"},"geometry":{"type":"Polygon","coordinates":[[[76.5364,11.067],[76.5379,11.0643],[76.5407,11.0657],[76.5436,11.0655],[76.5463,11.0667],[76.55,11.0697],[76.5547,11.0671],[76.5564,11.0671],[76.5573,11.0682],[76.5576,11.0712],[76.5596,11.0741],[76.5617,11.0757],[76.5651,11.0748],[76.5663,11.072],[76.5716,11.0729],[76.5732,11.0717],[76.5746,11.0716],[76.5772,11.0693],[76.5813,11.0677],[76.5834,11.0656],[76.5799,11.0636],[76.5726,11.0614],[76.5685,11.0635],[76.5654,11.0637],[76.5625,11.0648],[76.5615,11.0643],[76.5604,11.0622],[76.5587,11.0612],[76.5515,11.0616],[76.5463,11.0604],[76.5419,11.0604],[76.5371,11.0624],[76.5281,11.0631],[76.5291,11.0647],[76.5317,11.0661],[76.5364,11.067]]]}},{"type":"Feature","properties":{"code":"22B8a","basin":"BHAVANI","areaHa":417.96,"shedId":"RB22"},"geometry":{"type":"Polygon","coordinates":[[[76.5364,11.067],[76.5307,11.0657],[76.5291,11.0647],[76.5281,11.0631],[76.5244,11.0618],[76.5185,11.0609],[76.5125,11.062],[76.5103,11.0608],[76.5053,11.0607],[76.5033,11.0622],[76.5005,11.0674],[76.4997,11.0679],[76.4973,11.0674],[76.4944,11.0681],[76.4931,11.0708],[76.4885,11.0728],[76.484,11.0781],[76.4884,11.0787],[76.4895,11.0771],[76.4905,11.0775],[76.4926,11.0762],[76.4959,11.0764],[76.4997,11.0753],[76.5021,11.0734],[76.5029,11.0744],[76.5059,11.0735],[76.507,11.0746],[76.5089,11.0752],[76.5135,11.0677],[76.5157,11.0662],[76.5206,11.0667],[76.5232,11.0682],[76.5271,11.0684],[76.5345,11.0682],[76.5364,11.0677],[76.5364,11.067]]]}},{"type":"Feature","properties":{"code":"22B8b","basin":"BHAVANI","areaHa":1423.31,"shedId":"RB22"},"geometry":{"type":"Polygon","coordinates":[[[76.4919,11.0638],[76.4916,11.0628],[76.4853,11.0594],[76.481,11.061],[76.4755,11.0652],[76.4711,11.0631],[76.4642,11.0641],[76.4634,11.0691],[76.4617,11.0715],[76.4556,11.076],[76.4543,11.0777],[76.4492,11.0782],[76.4481,11.0793],[76.4481,11.0862],[76.4518,11.0888],[76.4577,11.0902],[76.4605,11.0975],[76.4643,11.0994],[76.4655,11.1017],[76.4684,11.1024],[76.4713,11.1022],[76.4799,11.1041],[76.4826,11.101],[76.4816,11.1005],[76.4809,11.099],[76.4863,11.0918],[76.4873,11.0883],[76.4863,11.0838],[76.4833,11.0792],[76.4878,11.0734],[76.4931,11.0708],[76.4942,11.069],[76.4944,11.0681],[76.4908,11.0661],[76.4919,11.0638]]]}},{"type":"Feature","properties":{"code":"22B8c","basin":"BHAVANI","areaHa":776.49,"shedId":"RB22"},"geometry":{"type":"Polygon","coordinates":[[[76.5345,11.0682],[76.5232,11.0682],[76.5206,11.0667],[76.5157,11.0662],[76.5135,11.0677],[76.5089,11.0752],[76.507,11.0746],[76.5059,11.0735],[76.5029,11.0744],[76.5021,11.0734],[76.4997,11.0753],[76.4959,11.0764],[76.4926,11.0762],[76.4905,11.0775],[76.4895,11.0771],[76.4884,11.0787],[76.484,11.0781],[76.4833,11.0792],[76.4863,11.0838],[76.4873,11.0883],[76.4863,11.0918],[76.4809,11.099],[76.4811,11.0999],[76.4826,11.101],[76.4844,11.0999],[76.4879,11.1007],[76.496,11.0972],[76.5007,11.0912],[76.5017,11.0884],[76.5049,11.0855],[76.5056,11.0835],[76.5086,11.0818],[76.5094,11.0795],[76.5126,11.0786],[76.5158,11.0763],[76.5222,11.0748],[76.5275,11.0758],[76.5295,11.0754],[76.5345,11.0767],[76.5352,11.0737],[76.5367,11.0714],[76.5364,11.0677],[76.5345,11.0682]]]}},{"type":"Feature","properties":{"code":"22B9a","basin":"BHAVANI","areaHa":846.87,"shedId":"RB22"},"geometry":{"type":"Polygon","coordinates":[[[76.5315,11.0797],[76.5344,11.0766],[76.5295,11.0754],[76.5275,11.0758],[76.5222,11.0748],[76.5158,11.0763],[76.5126,11.0786],[76.5094,11.0795],[76.5086,11.0818],[76.5056,11.0835],[76.5046,11.0859],[76.5017,11.0884],[76.5007,11.0912],[76.4978,11.0953],[76.5002,11.0973],[76.5056,11.0995],[76.5068,11.1011],[76.5115,11.1033],[76.5135,11.1033],[76.5177,11.0996],[76.5253,11.0999],[76.5322,11.0976],[76.5384,11.1001],[76.5364,11.0933],[76.5318,11.0917],[76.5307,11.0897],[76.5299,11.0855],[76.5315,11.0797]]]}},{"type":"Feature","properties":{"code":"23K27c","basin":"KADALUNDY","areaHa":47.79,"shedId":"RB23"},"geometry":{"type":"Polygon","coordinates":[[[76.4159,11.1389],[76.4149,11.1382],[76.4124,11.1316],[76.4142,11.1282],[76.4162,11.1187],[76.4144,11.1176],[76.4132,11.1185],[76.4149,11.1198],[76.4138,11.1263],[76.4129,11.1292],[76.4106,11.133],[76.4145,11.14],[76.4149,11.142],[76.40801,11.1538],[76.4087,11.154],[76.4108,11.1491],[76.4148,11.1442],[76.4161,11.1413],[76.4159,11.1389]]]}},{"type":"Feature","properties":{"code":"23K27d","basin":"KADALUNDY","areaHa":22.74,"shedId":"RB23"},"geometry":{"type":"Polygon","coordinates":[[[76.4144,11.1176],[76.4099,11.1119],[76.4043,11.1121],[76.4025,11.1107],[76.4002,11.1121],[76.4016,11.1119],[76.4046,11.1129],[76.4085,11.1127],[76.4131,11.1185],[76.4144,11.1176]]]}},{"type":"Feature","properties":{"code":"23K27f","basin":"KADALUNDY","areaHa":40.99,"shedId":"RB23"},"geometry":{"type":"MultiPolygon","coordinates":[[[[76.38627,11.09947],[76.3875,11.0991],[76.38961,11.10267],[76.3897,11.1003],[76.3888,11.0988],[76.3882,11.0987],[76.38627,11.09947]]],[[[76.3829,11.0995],[76.3774,11.0966],[76.371,11.0977],[76.3683,11.0947],[76.3641,11.0968],[76.3622,11.0969],[76.36181,11.09788],[76.367,11.0976],[76.3691,11.0988],[76.3757,11.0972],[76.3823,11.1006],[76.3861,11.0995],[76.3829,11.0995]]]]}},{"type":"Feature","properties":{"code":"23K28a","basin":"KADALUNDY","areaHa":61.83,"shedId":"RB23"},"geometry":{"type":"Polygon","coordinates":[[[76.362,11.0973],[76.3591,11.092],[76.3545,11.0907],[76.3537,11.0899],[76.3521,11.0853],[76.3455,11.0881],[76.3465,11.0888],[76.348,11.0886],[76.3512,11.0926],[76.3579,11.0935],[76.3606,11.0982],[76.362,11.0973]]]}},{"type":"Feature","properties":{"code":"23K30c","basin":"KADALUNDY","areaHa":257.79,"shedId":"RB23"},"geometry":{"type":"Polygon","coordinates":[[[76.3455,11.0881],[76.3516,11.0852],[76.3512,11.0783],[76.353,11.0751],[76.3515,11.0723],[76.3505,11.0681],[76.349,11.069],[76.3486,11.0708],[76.3475,11.0714],[76.3462,11.0701],[76.3444,11.0698],[76.3433,11.0684],[76.3415,11.0705],[76.3395,11.0703],[76.3373,11.0726],[76.336,11.0731],[76.3341,11.0731],[76.3326,11.0715],[76.3303,11.0731],[76.3298,11.0741],[76.332,11.0731],[76.3342,11.075],[76.3363,11.0756],[76.3385,11.0782],[76.3398,11.078],[76.3428,11.0837],[76.3439,11.0878],[76.3455,11.0881]]]}},{"type":"Feature","properties":{"code":"23K30d","basin":"KADALUNDY","areaHa":1146.35,"shedId":"RB23"},"geometry":{"type":"Polygon","coordinates":[[[76.3692,11.0639],[76.3672,11.0651],[76.3619,11.0665],[76.357,11.0644],[76.3549,11.0663],[76.3505,11.0681],[76.3515,11.0723],[76.353,11.0751],[76.3512,11.0783],[76.3511,11.0801],[76.3516,11.0852],[76.3527,11.086],[76.3533,11.0892],[76.3545,11.0907],[76.3591,11.092],[76.3616,11.0969],[76.3641,11.0968],[76.3683,11.0947],[76.371,11.0977],[76.3765,11.0965],[76.3786,11.097],[76.3829,11.0995],[76.3888,11.0988],[76.3924,11.0934],[76.3922,11.0921],[76.3857,11.0834],[76.3829,11.081],[76.3825,11.0793],[76.377,11.0716],[76.3739,11.0694],[76.371,11.0686],[76.3711,11.0659],[76.3692,11.0639]]]}},{"type":"Feature","properties":{"code":"23K30e","basin":"KADALUNDY","areaHa":280.95,"shedId":"RB23"},"geometry":{"type":"Polygon","coordinates":[[[76.349,11.069],[76.3554,11.066],[76.357,11.0644],[76.3551,11.0637],[76.3542,11.0618],[76.3507,11.0588],[76.3475,11.0583],[76.346,11.0599],[76.344,11.0602],[76.3379,11.0577],[76.3352,11.0608],[76.3343,11.0656],[76.3308,11.0694],[76.3314,11.0709],[76.3303,11.0731],[76.3326,11.0715],[76.3341,11.0731],[76.336,11.0731],[76.3373,11.0726],[76.3395,11.0703],[76.3415,11.0705],[76.3433,11.0684],[76.3444,11.0698],[76.3462,11.0701],[76.3475,11.0714],[76.3486,11.0708],[76.349,11.069]]]}},{"type":"Feature","properties":{"code":"23K30f","basin":"KADALUNDY","areaHa":482.68,"shedId":"RB23"},"geometry":{"type":"MultiPolygon","coordinates":[[[[76.3359,11.0597],[76.3379,11.0577],[76.344,11.0602],[76.346,11.0599],[76.3475,11.0583],[76.3505,11.0587],[76.3469,11.0534],[76.3468,11.0474],[76.345,11.0441],[76.3415,11.0454],[76.3374,11.0445],[76.3343,11.0466],[76.3323,11.0458],[76.3293,11.0458],[76.3279,11.044],[76.3268,11.0436],[76.3224,11.0434],[76.3188,11.0447],[76.3169,11.0438],[76.3155,11.0442],[76.3129,11.0434],[76.3109,11.0454],[76.3076,11.0456],[76.3053,11.0474],[76.2987,11.0482],[76.2948,11.0494],[76.295,11.0503],[76.2997,11.0495],[76.3015,11.0486],[76.3044,11.0488],[76.3063,11.0472],[76.3095,11.0467],[76.3096,11.0494],[76.311,11.0506],[76.3143,11.0505],[76.317,11.0516],[76.3192,11.0497],[76.3195,11.0511],[76.321,11.0522],[76.3232,11.05],[76.3234,11.051],[76.3251,11.0505],[76.33,11.0545],[76.3315,11.055],[76.3314,11.0562],[76.3304,11.0567],[76.3304,11.0573],[76.3331,11.0582],[76.3332,11.0597],[76.3346,11.0605],[76.3348,11.0619],[76.3359,11.0597]]],[[[76.3338,11.063],[76.3338,11.066],[76.3348,11.063],[76.3338,11.063]]]]}},{"type":"Feature","properties":{"code":"23K30g","basin":"KADALUNDY","areaHa":528.63,"shedId":"RB23"},"geometry":{"type":"Polygon","coordinates":[[[76.3451,11.0434],[76.348,11.0416],[76.3492,11.0385],[76.3533,11.0364],[76.3551,11.0276],[76.3577,11.0255],[76.3566,11.0245],[76.3548,11.024],[76.351,11.0254],[76.3474,11.0289],[76.3439,11.0295],[76.3397,11.0317],[76.3368,11.0318],[76.3362,11.0332],[76.332,11.0344],[76.3311,11.0343],[76.3296,11.0318],[76.3284,11.0335],[76.3267,11.0334],[76.3247,11.0343],[76.3238,11.036],[76.322,11.0372],[76.3173,11.0377],[76.3168,11.0396],[76.3174,11.0415],[76.3129,11.0434],[76.3155,11.0442],[76.3169,11.0438],[76.3188,11.0447],[76.3224,11.0434],[76.3268,11.0436],[76.3279,11.044],[76.3293,11.0458],[76.3323,11.0458],[76.3343,11.0466],[76.3374,11.0445],[76.3415,11.0454],[76.345,11.0441],[76.3451,11.0434]]]}},{"type":"Feature","properties":{"code":"23K30h","basin":"KADALUNDY","areaHa":863.03,"shedId":"RB23"},"geometry":{"type":"Polygon","coordinates":[[[76.3644,11.0413],[76.3627,11.0407],[76.3602,11.0379],[76.3582,11.0367],[76.3586,11.0322],[76.3604,11.0281],[76.3601,11.0265],[76.3577,11.0255],[76.3551,11.0276],[76.3533,11.0364],[76.3492,11.0385],[76.348,11.0416],[76.3451,11.0434],[76.3468,11.0474],[76.3469,11.0534],[76.3505,11.0587],[76.3542,11.0618],[76.3555,11.064],[76.3619,11.0665],[76.3672,11.0651],[76.3693,11.0638],[76.3711,11.0659],[76.371,11.0686],[76.3731,11.069],[76.3751,11.0699],[76.37406,11.06952],[76.377,11.0716],[76.3769,11.0671],[76.3788,11.0651],[76.3777,11.0619],[76.3784,11.0585],[76.3764,11.0568],[76.3763,11.0547],[76.3733,11.0495],[76.3709,11.0475],[76.3703,11.046],[76.3667,11.0463],[76.3654,11.0449],[76.3639,11.0471],[76.3627,11.0472],[76.3627,11.0446],[76.3645,11.0422],[76.3644,11.0413]]]}},{"type":"Feature","properties":{"code":"23K30i","basin":"KADALUNDY","areaHa":2275.0,"shedId":"RB23"},"geometry":{"type":"Polygon","coordinates":[[[76.3769,11.0713],[76.3825,11.0793],[76.3829,11.081],[76.3857,11.0834],[76.3922,11.0921],[76.3924,11.0934],[76.3888,11.0988],[76.3897,11.1003],[76.38961,11.10267],[76.3923,11.1084],[76.3994,11.1122],[76.4025,11.1107],[76.4043,11.1121],[76.4099,11.1119],[76.4132,11.1166],[76.4162,11.1187],[76.4187,11.1152],[76.4196,11.1104],[76.4192,11.1071],[76.4199,11.103],[76.426,11.097],[76.4227,11.0916],[76.4251,11.0863],[76.4254,11.0836],[76.4247,11.082],[76.4251,11.0793],[76.4246,11.0752],[76.4236,11.074],[76.4212,11.0729],[76.4181,11.0731],[76.4163,11.0724],[76.4109,11.0671],[76.4091,11.0641],[76.405,11.0624],[76.3998,11.0618],[76.3968,11.0578],[76.3867,11.0545],[76.3832,11.0551],[76.3776,11.0579],[76.3784,11.0585],[76.3777,11.0619],[76.3788,11.0651],[76.3768,11.0678],[76.3769,11.0713]]]}},{"type":"Feature","properties":{"code":"23K30j","basin":"KADALUNDY","areaHa":504.54,"shedId":"RB23"},"geometry":{"type":"Polygon","coordinates":[[[76.3606,11.0245],[76.3566,11.0245],[76.3603,11.0269],[76.3603,11.0287],[76.3582,11.0338],[76.3582,11.0367],[76.3602,11.0379],[76.3627,11.0407],[76.3646,11.0414],[76.3627,11.0446],[76.3627,11.0472],[76.3639,11.0471],[76.3654,11.0449],[76.3667,11.0463],[76.3703,11.046],[76.3709,11.0475],[76.3733,11.0495],[76.3763,11.0547],[76.3764,11.0568],[76.3776,11.0579],[76.3832,11.0551],[76.3867,11.0545],[76.394,11.0566],[76.3922,11.0536],[76.3861,11.0492],[76.3858,11.0473],[76.383,11.0445],[76.3798,11.0444],[76.3757,11.0418],[76.3751,11.0391],[76.3717,11.0355],[76.3708,11.0313],[76.3715,11.0292],[76.3705,11.028],[76.3687,11.0269],[76.365,11.0263],[76.3606,11.0245]]]}},{"type":"Feature","properties":{"code":"23K30k","basin":"KADALUNDY","areaHa":2266.88,"shedId":"RB23"},"geometry":{"type":"Polygon","coordinates":[[[76.3798,11.0055],[76.3761,11.0096],[76.3727,11.0084],[76.3693,11.0084],[76.3677,11.009],[76.3643,11.0133],[76.3611,11.0152],[76.3604,11.0175],[76.3581,11.0188],[76.3548,11.0221],[76.354,11.0242],[76.3606,11.0245],[76.365,11.0263],[76.3695,11.0272],[76.3715,11.0292],[76.3708,11.0313],[76.3717,11.0355],[76.3751,11.0391],[76.3757,11.0418],[76.3798,11.0444],[76.383,11.0445],[76.3858,11.0473],[76.3861,11.0492],[76.3922,11.0536],[76.394,11.0566],[76.3968,11.0578],[76.3998,11.0618],[76.405,11.0624],[76.4091,11.0641],[76.4118,11.0581],[76.4117,11.0536],[76.4102,11.0516],[76.4102,11.0492],[76.4073,11.0419],[76.4066,11.0363],[76.4028,11.0343],[76.3996,11.0316],[76.3995,11.0306],[76.4009,11.0281],[76.4009,11.0243],[76.3981,11.0197],[76.3986,11.0191],[76.4025,11.0183],[76.4073,11.0185],[76.4074,11.0166],[76.4038,11.0134],[76.4051,11.0091],[76.4065,11.0079],[76.4076,11.0045],[76.4145,11.004],[76.4157,11.0018],[76.4074,11.0007],[76.4028,10.9973],[76.398,11.0012],[76.3945,11.0008],[76.3914,11.0031],[76.3882,11.002],[76.3862,11.0021],[76.3798,11.0055]]]}},{"type":"Feature","properties":{"code":"23K30l","basin":"KADALUNDY","areaHa":996.94,"shedId":"RB23"},"geometry":{"type":"Polygon","coordinates":[[[76.3945,11.0008],[76.3937,10.997],[76.3921,10.995],[76.3901,10.9944],[76.3872,10.9947],[76.3836,10.9935],[76.3828,10.9945],[76.383,10.9971],[76.3816,10.9996],[76.3757,10.9999],[76.3725,10.9962],[76.371,10.9954],[76.3714,10.9974],[76.3661,10.9995],[76.3649,10.9996],[76.3631,10.9984],[76.36065,10.99895],[76.3571,11.0012],[76.3547,11.0048],[76.3486,11.0077],[76.347,11.0099],[76.3437,11.0119],[76.3411,11.02],[76.3388,11.0204],[76.3352,11.0225],[76.332,11.0226],[76.3294,11.0256],[76.3258,11.0265],[76.3256,11.0273],[76.3268,11.0285],[76.3259,11.0313],[76.326,11.0337],[76.3284,11.0335],[76.3296,11.0318],[76.3311,11.0343],[76.332,11.0344],[76.3362,11.0332],[76.3368,11.0318],[76.3397,11.0317],[76.3439,11.0295],[76.3474,11.0289],[76.3501,11.0259],[76.354,11.0242],[76.3548,11.0221],[76.3581,11.0188],[76.3604,11.0175],[76.3611,11.0152],[76.3643,11.0133],[76.3677,11.009],[76.3693,11.0084],[76.3727,11.0084],[76.3761,11.0096],[76.3798,11.0055],[76.3862,11.0021],[76.3882,11.002],[76.3918,11.003],[76.3945,11.0008]]]}},{"type":"Feature","properties":{"code":"23K30m","basin":"KADALUNDY","areaHa":408.82,"shedId":"RB23"},"geometry":{"type":"Polygon","coordinates":[[[76.326,11.0337],[76.3268,11.0285],[76.3256,11.0273],[76.3258,11.0265],[76.3294,11.0256],[76.332,11.0226],[76.3359,11.0223],[76.3372,11.0211],[76.3415,11.0196],[76.3429,11.0137],[76.3437,11.0119],[76.3446,11.0115],[76.3429,11.0046],[76.3414,11.003],[76.3373,11.0025],[76.3338,11.0043],[76.3271,11.0053],[76.3248,11.0063],[76.3255,11.0081],[76.3251,11.011],[76.3258,11.0119],[76.3277,11.012],[76.32692,11.01452],[76.3293,11.0183],[76.3292,11.0225],[76.3283,11.0244],[76.3249,11.0236],[76.3235,11.0248],[76.3236,11.026],[76.322,11.0271],[76.3199,11.0262],[76.3199,11.0305],[76.3236,11.0332],[76.3243,11.0347],[76.326,11.0337]]]}},{"type":"Feature","properties":{"code":"23K30n","basin":"KADALUNDY","areaHa":1284.71,"shedId":"RB23"},"geometry":{"type":"MultiPolygon","coordinates":[[[[76.3778,10.9765],[76.3745,10.976],[76.373,10.9773],[76.3682,10.9767],[76.3657,10.9727],[76.3638,10.9724],[76.3583,10.9742],[76.3529,10.9745],[76.3505,10.9736],[76.3482,10.9737],[76.3452,10.9759],[76.3432,10.9766],[76.3402,10.9765],[76.3383,10.9774],[76.3421,10.9778],[76.3465,10.9758],[76.3509,10.9767],[76.3544,10.9755],[76.3588,10.9767],[76.3611,10.9746],[76.3632,10.9756],[76.3645,10.982],[76.3693,10.9897],[76.3685,10.9928],[76.3697,10.9934],[76.37,10.9947],[76.3725,10.9962],[76.3757,10.9999],[76.3816,10.9996],[76.383,10.9971],[76.3828,10.9945],[76.3836,10.9935],[76.3844,10.9935],[76.3872,10.9947],[76.3901,10.9944],[76.3921,10.995],[76.3937,10.997],[76.3945,11.0008],[76.398,11.0012],[76.4028,10.9973],[76.4074,11.0007],[76.4157,11.0018],[76.4153,11.0008],[76.4118,10.9988],[76.4117,10.9964],[76.4085,10.9926],[76.4044,10.9922],[76.4033,10.9912],[76.402,10.9886],[76.403,10.9829],[76.4016,10.9793],[76.4005,10.9781],[76.3924,10.975],[76.3899,10.9756],[76.3868,10.9776],[76.382,10.976],[76.3778,10.9765]]],[[[76.36065,10.99895],[76.3572,10.9983],[76.3529,10.9998],[76.352,10.9982],[76.3519,10.9964],[76.3512,10.9961],[76.3474,10.9975],[76.3471,10.9984],[76.3444,10.998],[76.3431,10.999],[76.3392,11.0001],[76.3351,10.9994],[76.3328,11.0015],[76.3278,11.0034],[76.3257,11.0035],[76.3239,11.0057],[76.3256,11.0062],[76.3271,11.0053],[76.3338,11.0043],[76.336,11.0028],[76.3405,11.0026],[76.3429,11.0046],[76.3446,11.0115],[76.347,11.0099],[76.3486,11.0077],[76.3547,11.0048],[76.3571,11.0012],[76.36065,10.99895]]],[[[76.33633,10.9804],[76.3338,10.9805],[76.3306,10.9783],[76.3283,10.9788],[76.3293,10.9804],[76.3319,10.9822],[76.3346,10.9812],[76.3357,10.9816],[76.33633,10.9804]]]]}},{"type":"Feature","properties":{"code":"23K30o","basin":"KADALUNDY","areaHa":77.74,"shedId":"RB23"},"geometry":{"type":"MultiPolygon","coordinates":[[[[76.3266,11.0145],[76.3262,11.0161],[76.3275,11.019],[76.329,11.0195],[76.3293,11.0183],[76.3266,11.0145]]],[[[76.329,11.0196],[76.3287,11.0204],[76.3282,11.0202],[76.3287,11.0228],[76.3292,11.0225],[76.329,11.0196]]],[[[76.3252,11.0067],[76.324,11.0069],[76.3251,11.0093],[76.3244,11.011],[76.3246,11.0128],[76.3255,11.0136],[76.3271,11.0137],[76.3277,11.012],[76.3258,11.0119],[76.3251,11.011],[76.3255,11.0081],[76.3252,11.0067]]],[[[76.322,11.0318],[76.32,11.031],[76.3199,11.0262],[76.3196,11.0273],[76.3189,11.0274],[76.3192,11.0287],[76.3185,11.0292],[76.3145,11.0286],[76.3146,11.0317],[76.3189,11.0346],[76.3194,11.0374],[76.322,11.0372],[76.3238,11.036],[76.3243,11.0347],[76.322,11.0318]]],[[[76.324,11.0243],[76.3235,11.0248],[76.3242,11.0241],[76.324,11.0243]]]]}},{"type":"Feature","properties":{"code":"23K30p","basin":"KADALUNDY","areaHa":384.54,"shedId":"RB23"},"geometry":{"type":"Polygon","coordinates":[[[76.3142,11.0426],[76.3174,11.0415],[76.317,11.0381],[76.3178,11.0374],[76.3194,11.0374],[76.3193,11.0351],[76.3149,11.0322],[76.3142,11.0309],[76.3145,11.0286],[76.3124,11.0294],[76.3075,11.0278],[76.3071,11.0271],[76.30371,11.02805],[76.3041,11.0291],[76.3023,11.0348],[76.2977,11.0392],[76.293,11.0418],[76.2932,11.0435],[76.2939,11.0437],[76.2937,11.0453],[76.296,11.0476],[76.2948,11.0494],[76.2987,11.0482],[76.3053,11.0474],[76.3076,11.0456],[76.3109,11.0454],[76.3142,11.0426]]]}},{"type":"Feature","properties":{"code":"23K30q","basin":"KADALUNDY","areaHa":275.12,"shedId":"RB23"},"geometry":{"type":"Polygon","coordinates":[[[76.3025,11.0284],[76.3019,11.0277],[76.2987,11.0285],[76.2981,11.0269],[76.2969,11.0265],[76.2962,11.0249],[76.2923,11.0257],[76.2916,11.0235],[76.2895,11.0239],[76.2886,11.0215],[76.2846,11.0245],[76.2857,11.0258],[76.2866,11.0302],[76.2875,11.0318],[76.2873,11.0331],[76.2892,11.0324],[76.2894,11.0335],[76.2888,11.0346],[76.2871,11.0335],[76.2858,11.0336],[76.2844,11.0354],[76.286,11.0354],[76.2874,11.0389],[76.288,11.0383],[76.2888,11.0403],[76.2924,11.0406],[76.293,11.0418],[76.2977,11.0392],[76.3023,11.0348],[76.3041,11.0291],[76.30371,11.02805],[76.3025,11.0284]]]}},{"type":"Feature","properties":{"code":"24C56g","basin":"CHALIYAR","areaHa":9.35,"shedId":"RB20"},"geometry":{"type":"Polygon","coordinates":[[[76.4395,11.2028],[76.4332,11.2017],[76.432,11.2018],[76.4304,11.2032],[76.4324,11.2026],[76.4374,11.2036],[76.4395,11.2028]]]}},{"type":"Feature","properties":{"code":"24C56h","basin":"CHALIYAR","areaHa":25.11,"shedId":"RB20"},"geometry":{"type":"Polygon","coordinates":[[[76.4279,11.2068],[76.42,11.2077],[76.4167,11.209],[76.4097,11.2077],[76.4079,11.2064],[76.4059,11.2069],[76.4057,11.2079],[76.4147,11.2096],[76.4255,11.208],[76.4279,11.2068]]]}},{"type":"Feature","properties":{"code":"24C56m","basin":"CHALIYAR","areaHa":19.03,"shedId":"RB20"},"geometry":{"type":"MultiPolygon","coordinates":[[[[76.403,11.1864],[76.402,11.1879],[76.4076,11.1924],[76.40729,11.19514],[76.408,11.1934],[76.4078,11.1922],[76.4037,11.1865],[76.403,11.1864]]],[[[76.4059,11.2069],[76.4079,11.2064],[76.4062,11.2048],[76.40561,11.20249],[76.4054,11.2083],[76.4059,11.2069]]],[[[76.4072,11.1955],[76.4071,11.1997],[76.4072,11.1999],[76.4077,11.1983],[76.4072,11.1955]]]]}},{"type":"Feature","properties":{"code":"24C56w","basin":"CHALIYAR","areaHa":15.85,"shedId":"RB20"},"geometry":{"type":"MultiPolygon","coordinates":[[[[76.4141,11.1695],[76.4131,11.1644],[76.4135,11.1707],[76.4128,11.1735],[76.4137,11.1723],[76.4141,11.1695]]],[[[76.4077,11.1548],[76.4099,11.157],[76.41241,11.16247],[76.4128,11.1613],[76.4107,11.1563],[76.4087,11.154],[76.40801,11.1538],[76.4077,11.1548]]],[[[76.4031,11.1863],[76.4037,11.1865],[76.4038,11.1855],[76.4034,11.1859],[76.4031,11.1863]]]]}},{"type":"Feature","properties":{"code":"MALAMPUZHA","basin":"BARATHAPUZHA","areaHa":2254.19,"shedId":"RB20"},"geometry":{"type":"Polygon","coordinates":[[[76.6562,10.8726],[76.6584,10.8716],[76.6616,10.8721],[76.6617,10.8697],[76.6625,10.8688],[76.6643,10.8709],[76.6657,10.8706],[76.6663,10.8663],[76.6672,10.8657],[76.6692,10.8676],[76.6711,10.8682],[76.6718,10.868],[76.6728,10.8662],[76.6738,10.8666],[76.6771,10.8659],[76.6771,10.8649],[76.6754,10.8638],[76.6751,10.8629],[76.6771,10.8631],[76.6766,10.8611],[76.678,10.8603],[76.6775,10.859],[76.6791,10.8587],[76.68,10.8605],[76.6818,10.8603],[76.6833,10.8613],[76.6875,10.8574],[76.6865,10.8543],[76.6869,10.8533],[76.6879,10.8535],[76.6883,10.8566],[76.6914,10.8572],[76.6937,10.8566],[76.6952,10.8542],[76.6931,10.8489],[76.695,10.8487],[76.6949,10.8514],[76.6972,10.8529],[76.6977,10.8544],[76.6991,10.8542],[76.7008,10.855],[76.7011,10.8543],[76.7003,10.8525],[76.701,10.8524],[76.7016,10.8535],[76.7013,10.8556],[76.7019,10.8562],[76.7044,10.8526],[76.7064,10.8534],[76.7074,10.8527],[76.7094,10.8528],[76.71,10.8518],[76.7092,10.8505],[76.7102,10.8486],[76.7126,10.8486],[76.7124,10.8506],[76.7132,10.8519],[76.7139,10.8518],[76.7142,10.8503],[76.7159,10.851],[76.7167,10.8448],[76.7196,10.8427],[76.7204,10.8433],[76.7188,10.8462],[76.7206,10.8477],[76.7201,10.8487],[76.7204,10.8501],[76.7226,10.851],[76.7224,10.8524],[76.7234,10.8532],[76.7231,10.8551],[76.7244,10.8558],[76.7244,10.8581],[76.7257,10.8586],[76.7296,10.8568],[76.7296,10.8558],[76.7281,10.8538],[76.7278,10.8508],[76.7247,10.8452],[76.7252,10.844],[76.726,10.8442],[76.7273,10.8434],[76.7292,10.844],[76.7296,10.8435],[76.7291,10.8423],[76.727,10.8409],[76.7278,10.8387],[76.7272,10.8355],[76.7205,10.8349],[76.7188,10.8342],[76.7173,10.8302],[76.7156,10.8306],[76.7143,10.832],[76.7135,10.8305],[76.7143,10.8294],[76.7188,10.8297],[76.7201,10.8287],[76.7227,10.829],[76.7238,10.8285],[76.7238,10.8271],[76.7202,10.8257],[76.7255,10.8252],[76.7249,10.8229],[76.7225,10.8219],[76.7183,10.8221],[76.717,10.8227],[76.7164,10.8238],[76.715,10.824],[76.715,10.8225],[76.7142,10.8218],[76.711,10.8225],[76.7037,10.8217],[76.6965,10.8234],[76.6959,10.8217],[76.6936,10.8213],[76.6918,10.8233],[76.6892,10.8243],[76.6878,10.8264],[76.6847,10.8272],[76.6828,10.8318],[76.6783,10.8351],[76.6781,10.8371],[76.676,10.8396],[76.6741,10.8434],[76.6703,10.845],[76.6683,10.8468],[76.6687,10.8487],[76.6682,10.8494],[76.6664,10.851],[76.6634,10.8521],[76.6615,10.8544],[76.6588,10.8552],[76.6567,10.8575],[76.6488,10.8603],[76.6488,10.862],[76.6512,10.862],[76.6521,10.863],[76.6519,10.8643],[76.653,10.866],[76.6529,10.8674],[76.6539,10.8685],[76.6527,10.8701],[76.653,10.8711],[76.6546,10.871],[76.6558,10.8693],[76.6567,10.8652],[76.6584,10.8661],[76.6605,10.8648],[76.6612,10.8652],[76.6581,10.8672],[76.656,10.8702],[76.6562,10.8726]]]}},{"type":"Feature","properties":{"code":"MANGALAM R","basin":"BARATHAPUZHA","areaHa":428.79,"shedId":"RB20"},"geometry":{"type":"Polygon","coordinates":[[[76.549,10.4937],[76.5508,10.4922],[76.5507,10.4909],[76.5497,10.4905],[76.5484,10.4911],[76.5481,10.4896],[76.5447,10.4921],[76.5441,10.4935],[76.5426,10.4947],[76.5434,10.4959],[76.5447,10.4957],[76.5434,10.4995],[76.5409,10.5003],[76.5403,10.5034],[76.5396,10.5038],[76.54,10.4992],[76.5386,10.499],[76.537,10.501],[76.5366,10.5008],[76.5376,10.4985],[76.5367,10.4969],[76.5368,10.4943],[76.5382,10.4921],[76.5405,10.4908],[76.5419,10.4912],[76.5422,10.4903],[76.5415,10.4894],[76.5416,10.4882],[76.5406,10.488],[76.5393,10.4887],[76.5368,10.4876],[76.5368,10.4897],[76.5361,10.4901],[76.5338,10.4951],[76.5326,10.4951],[76.531,10.4965],[76.5296,10.4954],[76.5284,10.4956],[76.5291,10.4978],[76.532,10.5004],[76.5299,10.5033],[76.5299,10.5061],[76.5283,10.5074],[76.5283,10.5095],[76.5262,10.5111],[76.5262,10.5119],[76.5284,10.5122],[76.5292,10.5141],[76.5311,10.5147],[76.533,10.5142],[76.5383,10.5168],[76.5394,10.5157],[76.542,10.5149],[76.5433,10.5162],[76.546,10.5158],[76.5472,10.5142],[76.5469,10.5135],[76.5448,10.513],[76.5443,10.5119],[76.5424,10.5121],[76.5417,10.5109],[76.5445,10.51],[76.5452,10.5091],[76.5476,10.509],[76.5473,10.5073],[76.5462,10.5066],[76.546,10.5047],[76.5469,10.5016],[76.5467,10.4979],[76.5473,10.4956],[76.5469,10.4931],[76.549,10.4937]]]}},{"type":"Feature","properties":{"code":"PARAMBIKOL","basin":"CHALAKUDI","areaHa":1773.39,"shedId":"RB16"},"geometry":{"type":"Polygon","coordinates":[[[76.7839,10.4048],[76.7865,10.4037],[76.7872,10.4046],[76.7896,10.4035],[76.789,10.4024],[76.7908,10.4014],[76.7947,10.4021],[76.7968,10.4043],[76.797,10.401],[76.8002,10.3997],[76.7995,10.3978],[76.8024,10.3959],[76.8036,10.3956],[76.8048,10.397],[76.8058,10.3963],[76.8074,10.3967],[76.8086,10.3946],[76.81,10.3958],[76.8123,10.3961],[76.8114,10.3929],[76.8143,10.3933],[76.8162,10.3912],[76.8182,10.3921],[76.8216,10.3888],[76.8243,10.389],[76.8269,10.392],[76.8281,10.391],[76.8267,10.389],[76.8266,10.3875],[76.8285,10.3858],[76.8297,10.3856],[76.8315,10.3836],[76.8332,10.3831],[76.834,10.3844],[76.8345,10.3835],[76.8373,10.383],[76.842,10.3784],[76.8442,10.3779],[76.8447,10.3752],[76.8486,10.3688],[76.849,10.3676],[76.8484,10.3661],[76.8464,10.3699],[76.8451,10.3693],[76.8448,10.3704],[76.8454,10.3718],[76.8434,10.375],[76.8425,10.3747],[76.8417,10.3759],[76.8407,10.3743],[76.8381,10.3776],[76.8374,10.3777],[76.8356,10.3752],[76.8358,10.3743],[76.837,10.3736],[76.837,10.371],[76.8363,10.3695],[76.8365,10.3664],[76.8353,10.362],[76.8346,10.3621],[76.834,10.3634],[76.8326,10.3629],[76.8319,10.3651],[76.831,10.3644],[76.8327,10.3683],[76.8313,10.3707],[76.8299,10.3697],[76.8302,10.3678],[76.8292,10.3627],[76.8281,10.364],[76.8261,10.3643],[76.8252,10.3653],[76.8234,10.3654],[76.8232,10.3678],[76.8221,10.3687],[76.8216,10.3703],[76.8223,10.3705],[76.8222,10.3711],[76.8207,10.3724],[76.8194,10.3706],[76.8175,10.3717],[76.8155,10.3703],[76.8126,10.3729],[76.8106,10.3712],[76.8114,10.3697],[76.8104,10.3697],[76.8117,10.3668],[76.8114,10.3657],[76.8097,10.3679],[76.8081,10.368],[76.8084,10.3712],[76.8074,10.3715],[76.8064,10.3732],[76.8074,10.3735],[76.8074,10.377],[76.8059,10.3779],[76.8053,10.3764],[76.8042,10.3787],[76.8037,10.3767],[76.803,10.3766],[76.8018,10.3814],[76.8008,10.3822],[76.8017,10.383],[76.8015,10.3836],[76.7977,10.3831],[76.797,10.3839],[76.7953,10.3843],[76.7916,10.3824],[76.791,10.381],[76.7883,10.3805],[76.787,10.3784],[76.7858,10.3782],[76.7849,10.3765],[76.7848,10.3754],[76.7859,10.3742],[76.7882,10.3741],[76.787,10.3733],[76.7874,10.3727],[76.7913,10.3724],[76.792,10.3721],[76.7919,10.3714],[76.7888,10.3705],[76.7868,10.3691],[76.7828,10.3689],[76.7808,10.3696],[76.7797,10.3683],[76.7777,10.3692],[76.7772,10.3712],[76.776,10.3695],[76.775,10.3705],[76.7743,10.3685],[76.7738,10.3685],[76.7733,10.3699],[76.7702,10.3695],[76.7695,10.3705],[76.77,10.3717],[76.7695,10.3721],[76.772,10.3727],[76.7716,10.3741],[76.7706,10.3751],[76.7701,10.3732],[76.7684,10.3744],[76.7678,10.3735],[76.7668,10.3739],[76.7673,10.3754],[76.7665,10.3759],[76.765,10.3806],[76.7698,10.3817],[76.7692,10.3855],[76.7705,10.387],[76.7745,10.3844],[76.7755,10.3865],[76.7775,10.3863],[76.778,10.3849],[76.7808,10.3856],[76.7812,10.387],[76.7792,10.3881],[76.7796,10.3891],[76.7817,10.389],[76.7836,10.3898],[76.7852,10.389],[76.7852,10.3903],[76.7833,10.3925],[76.7786,10.393],[76.7789,10.395],[76.7832,10.3951],[76.7838,10.3957],[76.7834,10.3967],[76.7857,10.3974],[76.7836,10.3989],[76.7829,10.3974],[76.7827,10.3986],[76.7818,10.3993],[76.7821,10.4009],[76.7806,10.4011],[76.7798,10.4022],[76.7811,10.403],[76.7828,10.4029],[76.7839,10.4048]]]}},{"type":"Feature","properties":{"code":"TU1a","basin":"BARATHAPUZHA","areaHa":966.25,"shedId":"RB16"},"geometry":{"type":"Polygon","coordinates":[[[76.8317,10.5016],[76.8284,10.5057],[76.8262,10.5099],[76.8216,10.514],[76.8193,10.5212],[76.8153,10.521],[76.8113,10.5277],[76.8102,10.5286],[76.8067,10.5287],[76.8111,10.5331],[76.8146,10.5406],[76.8172,10.5433],[76.8279,10.5406],[76.8364,10.5439],[76.8361,10.5449],[76.8424,10.541],[76.8433,10.5373],[76.8421,10.5358],[76.8317,10.5016]]]}}]}