{
  "nvdm": "1.0",
  "dataset": "geojson-layers/water-bodies-census",
  "scope": {
    "kind": "city",
    "id": "bangalore"
  },
  "provenance": {
    "sources": [
      {
        "id": "opencity-bengaluru-waterbodies-census",
        "title": "First Census of Water Bodies - Bengaluru Urban district KML (Jal Dharohar, via OpenCity)",
        "publisher": "Ministry of Jal Shakti / Jal Dharohar (via OpenCity)",
        "license": "Public Domain per OpenCity CKAN metadata (no upstream dedication)",
        "as_of": "2023"
      }
    ],
    "method": "manual",
    "produced_at": "2026-06-03",
    "produced_by": "scripts/convert-bangalore-water-bodies-census-kml.py",
    "note": "First Census of Water Bodies (Jal Dharohar; survey 2018-19, release 2023), Bangalore Urban district = 718 Point features incl. Anekal taluk beyond GBA. Carries fields OSM lacks (ownership, encroachment, storage capacity); no name field - names live on the polygon layer via the ATREE join."
  },
  "type": "FeatureCollection",
  "features": [
    {
      "type": "Feature",
      "properties": {
        "census_code": "1/12/002/000001/000099/001",
        "village": "ADIGARAKALLAHALLI",
        "block_tehsil": "ANEKAL",
        "subdistrict": "Anekal",
        "district": "Bengaluru Urban",
        "rural_or_urban": "Rural",
        "water_body_type_code": "02",
        "water_body_type": "Tank",
        "water_body_ownership": "Panchayat",
        "water_body_nature": "Natural",
        "in_use": "No",
        "encroached": "No",
        "storage_capacity_original": 4.0,
        "max_depth_m": null,
        "water_spread_area": 0.0,
        "image_path": "https://mi6census.mowr.gov.in/mic/getWaterBodyImageByURL/MIC_112002000001000099001.jpeg"
      },
      "geometry": {
        "type": "Point",
        "coordinates": [
          77.7994444,
          12.8252778
        ]
      }
    },
    {
      "type": "Feature",
      "properties": {
        "census_code": "1/12/002/000001/000073/001",
        "village": "ALI BOMMASANDRA",
        "block_tehsil": "ANEKAL",
        "subdistrict": "Anekal",
        "district": "Bengaluru Urban",
        "rural_or_urban": "Rural",
        "water_body_type_code": "02",
        "water_body_type": "Tank",
        "water_body_ownership": "Panchayat",
        "water_body_nature": "Natural",
        "in_use": "No",
        "encroached": "No",
        "storage_capacity_original": 4.0,
        "max_depth_m": 1.0,
        "water_spread_area": 0.0,
        "image_path": "https://mi6census.mowr.gov.in/mic/getWaterBodyImageByURL/MIC_112002000001000073001.jpeg"
      },
      "geometry": {
        "type": "Point",
        "coordinates": [
          77.7358333,
          12.8316667
        ]
      }
    },
    {
      "type": "Feature",
      "properties": {
        "census_code": "1/12/002/000001/000192/001",
        "village": "AMANI DODDAKERE",
        "block_tehsil": "ANEKAL",
        "subdistrict": "Anekal",
        "district": "Bengaluru Urban",
        "rural_or_urban": "Rural",
        "water_body_type_code": "02",
        "water_body_type": "Tank",
        "water_body_ownership": "Panchayat",
        "water_body_nature": "Natural",
        "in_use": "No",
        "encroached": "No",
        "storage_capacity_original": 4.0,
        "max_depth_m": null,
        "water_spread_area": 0.0,
        "image_path": "https://mi6census.mowr.gov.in/mic/getWaterBodyImageByURL/MIC_112002000001000192001.jpeg"
      },
      "geometry": {
        "type": "Point",
        "coordinates": [
          77.6933333,
          12.7341667
        ]
      }
    },
    {
      "type": "Feature",
      "properties": {
        "census_code": "1/12/002/000001/000176/001",
        "village": "A MEDIHALLI",
        "block_tehsil": "ANEKAL",
        "subdistrict": "Anekal",
        "district": "Bengaluru Urban",
        "rural_or_urban": "Rural",
        "water_body_type_code": "02",
        "water_body_type": "Tank",
        "water_body_ownership": "Panchayat",
        "water_body_nature": "Natural",
        "in_use": "No",
        "encroached": "No",
        "storage_capacity_original": 4.0,
        "max_depth_m": null,
        "water_spread_area": 0.0,
        "image_path": "https://mi6census.mowr.gov.in/mic/getWaterBodyImageByURL/MIC_112002000001000176001.jpeg"
      },
      "geometry": {
        "type": "Point",
        "coordinates": [
          77.6725,
          12.7211111
        ]
      }
    },
    {
      "type": "Feature",
      "properties": {
        "census_code": "1/12/002/000001/000127/001",
        "village": "ANDAPURA",
        "block_tehsil": "ANEKAL",
        "subdistrict": "Anekal",
        "district": "Bengaluru Urban",
        "rural_or_urban": "Rural",
        "water_body_type_code": "02",
        "water_body_type": "Tank",
        "water_body_ownership": "Panchayat",
        "water_body_nature": "Natural",
        "in_use": "No",
        "encroached": "No",
        "storage_capacity_original": 4.0,
        "max_depth_m": null,
        "water_spread_area": 0.0,
        "image_path": "https://mi6census.mowr.gov.in/mic/getWaterBodyImageByURL/MIC_112002000001000127001.jpeg"
      },
      "geometry": {
        "type": "Point",
        "coordinates": [
          77.6916667,
          12.8213889
        ]
      }
    },
    {
      "type": "Feature",
      "properties": {
        "census_code": "1/12/002/000001/000194/001",
        "village": "ANEKAL (RURAL)",
        "block_tehsil": "ANEKAL",
        "subdistrict": "Anekal",
        "district": "Bengaluru Urban",
        "rural_or_urban": "Rural",
        "water_body_type_code": "02",
        "water_body_type": "Tank",
        "water_body_ownership": "Panchayat",
        "water_body_nature": "Natural",
        "in_use": "No",
        "encroached": "No",
        "storage_capacity_original": 4.0,
        "max_depth_m": null,
        "water_spread_area": 0.0,
        "image_path": "https://mi6census.mowr.gov.in/mic/getWaterBodyImageByURL/MIC_112002000001000194001.jpeg"
      },
      "geometry": {
        "type": "Point",
        "coordinates": [
          77.6947222,
          12.7066667
        ]
      }
    },
    {
      "type": "Feature",
      "properties": {
        "census_code": "1/12/002/000001/000153/001",
        "village": "AREHALLI",
        "block_tehsil": "ANEKAL",
        "subdistrict": "Anekal",
        "district": "Bengaluru Urban",
        "rural_or_urban": "Rural",
        "water_body_type_code": "02",
        "water_body_type": "Tank",
        "water_body_ownership": "Panchayat",
        "water_body_nature": "Natural",
        "in_use": "No",
        "encroached": "No",
        "storage_capacity_original": 4.0,
        "max_depth_m": null,
        "water_spread_area": 0.0,
        "image_path": "https://mi6census.mowr.gov.in/mic/getWaterBodyImageByURL/MIC_112002000001000153001.jpeg"
      },
      "geometry": {
        "type": "Point",
        "coordinates": [
          77.7613889,
          12.7658333
        ]
      }
    },
    {
      "type": "Feature",
      "properties": {
        "census_code": "1/12/002/000001/000156/002",
        "village": "ARENUR",
        "block_tehsil": "ANEKAL",
        "subdistrict": "Anekal",
        "district": "Bengaluru Urban",
        "rural_or_urban": "Rural",
        "water_body_type_code": "02",
        "water_body_type": "Tank",
        "water_body_ownership": "Panchayat",
        "water_body_nature": "Natural",
        "in_use": "No",
        "encroached": "No",
        "storage_capacity_original": 4.0,
        "max_depth_m": null,
        "water_spread_area": 0.0,
        "image_path": "https://mi6census.mowr.gov.in/mic/getWaterBodyImageByURL/MIC_112002000001000156002.jpeg"
      },
      "geometry": {
        "type": "Point",
        "coordinates": [
          77.7616667,
          12.8102778
        ]
      }
    },
    {
      "type": "Feature",
      "properties": {
        "census_code": "1/12/002/000001/000156/001",
        "village": "ARENUR",
        "block_tehsil": "ANEKAL",
        "subdistrict": "Anekal",
        "district": "Bengaluru Urban",
        "rural_or_urban": "Rural",
        "water_body_type_code": "02",
        "water_body_type": "Tank",
        "water_body_ownership": "Panchayat",
        "water_body_nature": "Natural",
        "in_use": "No",
        "encroached": "No",
        "storage_capacity_original": 4.0,
        "max_depth_m": null,
        "water_spread_area": 0.0,
        "image_path": "https://mi6census.mowr.gov.in/mic/getWaterBodyImageByURL/MIC_112002000001000156001.jpeg"
      },
      "geometry": {
        "type": "Point",
        "coordinates": [
          77.7819444,
          12.8127778
        ]
      }
    },
    {
      "type": "Feature",
      "properties": {
        "census_code": "1/12/002/000001/000190/001",
        "village": "AVADADENAHALLI",
        "block_tehsil": "ANEKAL",
        "subdistrict": "Anekal",
        "district": "Bengaluru Urban",
        "rural_or_urban": "Rural",
        "water_body_type_code": "02",
        "water_body_type": "Tank",
        "water_body_ownership": "Panchayat",
        "water_body_nature": "Natural",
        "in_use": "No",
        "encroached": "No",
        "storage_capacity_original": 4.0,
        "max_depth_m": null,
        "water_spread_area": 0.0,
        "image_path": "https://mi6census.mowr.gov.in/mic/getWaterBodyImageByURL/MIC_112002000001000190001.jpeg"
      },
      "geometry": {
        "type": "Point",
        "coordinates": [
          77.6986111,
          12.7108333
        ]
      }
    },
    {
      "type": "Feature",
      "properties": {
        "census_code": "1/12/002/000001/000136/001",
        "village": "BALAGARANAHALLI",
        "block_tehsil": "ANEKAL",
        "subdistrict": "Anekal",
        "district": "Bengaluru Urban",
        "rural_or_urban": "Rural",
        "water_body_type_code": "02",
        "water_body_type": "Tank",
        "water_body_ownership": "Panchayat",
        "water_body_nature": "Natural",
        "in_use": "No",
        "encroached": "No",
        "storage_capacity_original": 4.0,
        "max_depth_m": null,
        "water_spread_area": 0.0,
        "image_path": "https://mi6census.mowr.gov.in/mic/getWaterBodyImageByURL/MIC_112002000001000136001.jpeg"
      },
      "geometry": {
        "type": "Point",
        "coordinates": [
          77.7344444,
          12.7875
        ]
      }
    },
    {
      "type": "Feature",
      "properties": {
        "census_code": "1/12/002/000001/000160/001",
        "village": "BALLUR",
        "block_tehsil": "ANEKAL",
        "subdistrict": "Anekal",
        "district": "Bengaluru Urban",
        "rural_or_urban": "Rural",
        "water_body_type_code": "02",
        "water_body_type": "Tank",
        "water_body_ownership": "Panchayat",
        "water_body_nature": "Natural",
        "in_use": "No",
        "encroached": "No",
        "storage_capacity_original": 4.0,
        "max_depth_m": null,
        "water_spread_area": 0.0,
        "image_path": "https://mi6census.mowr.gov.in/mic/getWaterBodyImageByURL/MIC_112002000001000160001.jpeg"
      },
      "geometry": {
        "type": "Point",
        "coordinates": [
          77.78,
          12.7552778
        ]
      }
    },
    {
      "type": "Feature",
      "properties": {
        "census_code": "1/12/002/000001/000160/002",
        "village": "BALLUR",
        "block_tehsil": "ANEKAL",
        "subdistrict": "Anekal",
        "district": "Bengaluru Urban",
        "rural_or_urban": "Rural",
        "water_body_type_code": "02",
        "water_body_type": "Tank",
        "water_body_ownership": "Panchayat",
        "water_body_nature": "Natural",
        "in_use": "No",
        "encroached": "No",
        "storage_capacity_original": 4.0,
        "max_depth_m": null,
        "water_spread_area": 0.0,
        "image_path": "https://mi6census.mowr.gov.in/mic/getWaterBodyImageByURL/MIC_112002000001000160002.jpeg"
      },
      "geometry": {
        "type": "Point",
        "coordinates": [
          77.7855556,
          12.7483333
        ]
      }
    },
    {
      "type": "Feature",
      "properties": {
        "census_code": "1/12/002/000001/000039/001",
        "village": "BANDE NALLA SANDRA",
        "block_tehsil": "ANEKAL",
        "subdistrict": "Anekal",
        "district": "Bengaluru Urban",
        "rural_or_urban": "Rural",
        "water_body_type_code": "02",
        "water_body_type": "Tank",
        "water_body_ownership": "Co-operative",
        "water_body_nature": "Natural",
        "in_use": "No",
        "encroached": "No",
        "storage_capacity_original": 4.0,
        "max_depth_m": null,
        "water_spread_area": 0.0,
        "image_path": "https://mi6census.mowr.gov.in/mic/getWaterBodyImageByURL/MIC_112002000001000039001.jpeg"
      },
      "geometry": {
        "type": "Point",
        "coordinates": [
          77.6519444,
          12.7936111
        ]
      }
    },
    {
      "type": "Feature",
      "properties": {
        "census_code": "1/12/002/000001/000006/003",
        "village": "BANNERUGHATTA",
        "block_tehsil": "ANEKAL",
        "subdistrict": "Anekal",
        "district": "Bengaluru Urban",
        "rural_or_urban": "Rural",
        "water_body_type_code": "02",
        "water_body_type": "Tank",
        "water_body_ownership": "Panchayat",
        "water_body_nature": "Natural",
        "in_use": "No",
        "encroached": "No",
        "storage_capacity_original": 4.0,
        "max_depth_m": null,
        "water_spread_area": 0.0,
        "image_path": "https://mi6census.mowr.gov.in/mic/getWaterBodyImageByURL/MIC_112002000001000006003.jpeg"
      },
      "geometry": {
        "type": "Point",
        "coordinates": [
          77.5755556,
          12.8080556
        ]
      }
    },
    {
      "type": "Feature",
      "properties": {
        "census_code": "1/12/002/000001/000006/001",
        "village": "BANNERUGHATTA",
        "block_tehsil": "ANEKAL",
        "subdistrict": "Anekal",
        "district": "Bengaluru Urban",
        "rural_or_urban": "Rural",
        "water_body_type_code": "02",
        "water_body_type": "Tank",
        "water_body_ownership": "Panchayat",
        "water_body_nature": "Natural",
        "in_use": "No",
        "encroached": "No",
        "storage_capacity_original": 4.0,
        "max_depth_m": null,
        "water_spread_area": 0.0,
        "image_path": "https://mi6census.mowr.gov.in/mic/getWaterBodyImageByURL/MIC_112002000001000006001.jpeg"
      },
      "geometry": {
        "type": "Point",
        "coordinates": [
          77.5802778,
          12.8075
        ]
      }
    },
    {
      "type": "Feature",
      "properties": {
        "census_code": "1/12/002/000001/000006/004",
        "village": "BANNERUGHATTA",
        "block_tehsil": "ANEKAL",
        "subdistrict": "Anekal",
        "district": "Bengaluru Urban",
        "rural_or_urban": "Rural",
        "water_body_type_code": "02",
        "water_body_type": "Tank",
        "water_body_ownership": "Panchayat",
        "water_body_nature": "Natural",
        "in_use": "No",
        "encroached": "No",
        "storage_capacity_original": 4.0,
        "max_depth_m": null,
        "water_spread_area": 0.0,
        "image_path": "https://mi6census.mowr.gov.in/mic/getWaterBodyImageByURL/MIC_112002000001000006004.jpeg"
      },
      "geometry": {
        "type": "Point",
        "coordinates": [
          77.5797222,
          12.8177778
        ]
      }
    },
    {
      "type": "Feature",
      "properties": {
        "census_code": "1/12/002/000001/000006/002",
        "village": "BANNERUGHATTA",
        "block_tehsil": "ANEKAL",
        "subdistrict": "Anekal",
        "district": "Bengaluru Urban",
        "rural_or_urban": "Rural",
        "water_body_type_code": "02",
        "water_body_type": "Tank",
        "water_body_ownership": "Panchayat",
        "water_body_nature": "Natural",
        "in_use": "No",
        "encroached": "No",
        "storage_capacity_original": 4.0,
        "max_depth_m": null,
        "water_spread_area": 0.0,
        "image_path": "https://mi6census.mowr.gov.in/mic/getWaterBodyImageByURL/MIC_112002000001000006002.jpeg"
      },
      "geometry": {
        "type": "Point",
        "coordinates": [
          77.5763889,
          12.8058333
        ]
      }
    },
    {
      "type": "Feature",
      "properties": {
        "census_code": "1/12/002/000001/000014/001",
        "village": "BEGIHALLI",
        "block_tehsil": "ANEKAL",
        "subdistrict": "Anekal",
        "district": "Bengaluru Urban",
        "rural_or_urban": "Rural",
        "water_body_type_code": "02",
        "water_body_type": "Tank",
        "water_body_ownership": "Panchayat",
        "water_body_nature": "Natural",
        "in_use": "No",
        "encroached": "No",
        "storage_capacity_original": 4.0,
        "max_depth_m": null,
        "water_spread_area": 0.0,
        "image_path": "https://mi6census.mowr.gov.in/mic/getWaterBodyImageByURL/MIC_112002000001000014001.jpeg"
      },
      "geometry": {
        "type": "Point",
        "coordinates": [
          77.61,
          12.7936111
        ]
      }
    },
    {
      "type": "Feature",
      "properties": {
        "census_code": "1/12/002/000001/000014/002",
        "village": "BEGIHALLI",
        "block_tehsil": "ANEKAL",
        "subdistrict": "Anekal",
        "district": "Bengaluru Urban",
        "rural_or_urban": "Rural",
        "water_body_type_code": "02",
        "water_body_type": "Tank",
        "water_body_ownership": "Panchayat",
        "water_body_nature": "Natural",
        "in_use": "No",
        "encroached": "No",
        "storage_capacity_original": 4.0,
        "max_depth_m": null,
        "water_spread_area": 0.0,
        "image_path": "https://mi6census.mowr.gov.in/mic/getWaterBodyImageByURL/MIC_112002000001000014002.jpeg"
      },
      "geometry": {
        "type": "Point",
        "coordinates": [
          77.6080556,
          12.7980556
        ]
      }
    },
    {
      "type": "Feature",
      "properties": {
        "census_code": "1/12/002/000001/000139/001",
        "village": "BENDIGANAHALLI",
        "block_tehsil": "ANEKAL",
        "subdistrict": "Anekal",
        "district": "Bengaluru Urban",
        "rural_or_urban": "Rural",
        "water_body_type_code": "02",
        "water_body_type": "Tank",
        "water_body_ownership": "Panchayat",
        "water_body_nature": "Natural",
        "in_use": "No",
        "encroached": "No",
        "storage_capacity_original": 4.0,
        "max_depth_m": null,
        "water_spread_area": 0.0,
        "image_path": "https://mi6census.mowr.gov.in/mic/getWaterBodyImageByURL/MIC_112002000001000139001.jpeg"
      },
      "geometry": {
        "type": "Point",
        "coordinates": [
          77.7408333,
          12.8105556
        ]
      }
    },
    {
      "type": "Feature",
      "properties": {
        "census_code": "1/12/002/000001/000216/001",
        "village": "BESTAMMANAHALLI",
        "block_tehsil": "ANEKAL",
        "subdistrict": "Anekal",
        "district": "Bengaluru Urban",
        "rural_or_urban": "Rural",
        "water_body_type_code": "02",
        "water_body_type": "Tank",
        "water_body_ownership": "Panchayat",
        "water_body_nature": "Natural",
        "in_use": "No",
        "encroached": "No",
        "storage_capacity_original": 4.0,
        "max_depth_m": null,
        "water_spread_area": 0.0,
        "image_path": "https://mi6census.mowr.gov.in/mic/getWaterBodyImageByURL/MIC_112002000001000216001.jpeg"
      },
      "geometry": {
        "type": "Point",
        "coordinates": [
          77.7194444,
          12.7297222
        ]
      }
    },
    {
      "type": "Feature",
      "properties": {
        "census_code": "1/12/002/000001/000152/002",
        "village": "BHAKTIPURA",
        "block_tehsil": "ANEKAL",
        "subdistrict": "Anekal",
        "district": "Bengaluru Urban",
        "rural_or_urban": "Rural",
        "water_body_type_code": "02",
        "water_body_type": "Tank",
        "water_body_ownership": "Panchayat",
        "water_body_nature": "Natural",
        "in_use": "No",
        "encroached": "No",
        "storage_capacity_original": 4.0,
        "max_depth_m": null,
        "water_spread_area": 0.0,
        "image_path": "https://mi6census.mowr.gov.in/mic/getWaterBodyImageByURL/MIC_112002000001000152002.jpeg"
      },
      "geometry": {
        "type": "Point",
        "coordinates": [
          77.7619444,
          12.7588889
        ]
      }
    },
    {
      "type": "Feature",
      "properties": {
        "census_code": "1/12/002/000001/000152/001",
        "village": "BHAKTIPURA",
        "block_tehsil": "ANEKAL",
        "subdistrict": "Anekal",
        "district": "Bengaluru Urban",
        "rural_or_urban": "Rural",
        "water_body_type_code": "02",
        "water_body_type": "Tank",
        "water_body_ownership": "Panchayat",
        "water_body_nature": "Natural",
        "in_use": "No",
        "encroached": "No",
        "storage_capacity_original": 4.0,
        "max_depth_m": null,
        "water_spread_area": 0.0,
        "image_path": "https://mi6census.mowr.gov.in/mic/getWaterBodyImageByURL/MIC_112002000001000152001.jpeg"
      },
      "geometry": {
        "type": "Point",
        "coordinates": [
          77.7633333,
          12.7519444
        ]
      }
    },
    {
      "type": "Feature",
      "properties": {
        "census_code": "1/12/002/000001/000003/001",
        "village": "BHOOTHANAHALLI",
        "block_tehsil": "ANEKAL",
        "subdistrict": "Anekal",
        "district": "Bengaluru Urban",
        "rural_or_urban": "Rural",
        "water_body_type_code": "02",
        "water_body_type": "Tank",
        "water_body_ownership": "Panchayat",
        "water_body_nature": "Natural",
        "in_use": "No",
        "encroached": "No",
        "storage_capacity_original": 4.0,
        "max_depth_m": null,
        "water_spread_area": 0.0,
        "image_path": "https://mi6census.mowr.gov.in/mic/getWaterBodyImageByURL/MIC_112002000001000003001.jpeg"
      },
      "geometry": {
        "type": "Point",
        "coordinates": [
          77.5561111,
          12.805
        ]
      }
    },
    {
      "type": "Feature",
      "properties": {
        "census_code": "1/12/002/000001/000091/001",
        "village": "B.HOSAHALLI",
        "block_tehsil": "ANEKAL",
        "subdistrict": "Anekal",
        "district": "Bengaluru Urban",
        "rural_or_urban": "Rural",
        "water_body_type_code": "02",
        "water_body_type": "Tank",
        "water_body_ownership": "Panchayat",
        "water_body_nature": "Natural",
        "in_use": "No",
        "encroached": "No",
        "storage_capacity_original": 4.0,
        "max_depth_m": null,
        "water_spread_area": 0.0,
        "image_path": "https://mi6census.mowr.gov.in/mic/getWaterBodyImageByURL/MIC_112002000001000091001.jpeg"
      },
      "geometry": {
        "type": "Point",
        "coordinates": [
          77.7666667,
          12.8463889
        ]
      }
    },
    {
      "type": "Feature",
      "properties": {
        "census_code": "1/12/002/000001/000218/001",
        "village": "BIDARAGERE",
        "block_tehsil": "ANEKAL",
        "subdistrict": "Anekal",
        "district": "Bengaluru Urban",
        "rural_or_urban": "Rural",
        "water_body_type_code": "02",
        "water_body_type": "Tank",
        "water_body_ownership": "Panchayat",
        "water_body_nature": "Natural",
        "in_use": "No",
        "encroached": "No",
        "storage_capacity_original": 4.0,
        "max_depth_m": null,
        "water_spread_area": 0.0,
        "image_path": "https://mi6census.mowr.gov.in/mic/getWaterBodyImageByURL/MIC_112002000001000218001.jpeg"
      },
      "geometry": {
        "type": "Point",
        "coordinates": [
          77.7108333,
          12.7155556
        ]
      }
    },
    {
      "type": "Feature",
      "properties": {
        "census_code": "1/12/002/000001/000092/001",
        "village": "BIKKANAHALLI",
        "block_tehsil": "ANEKAL",
        "subdistrict": "Anekal",
        "district": "Bengaluru Urban",
        "rural_or_urban": "Rural",
        "water_body_type_code": "02",
        "water_body_type": "Tank",
        "water_body_ownership": "Panchayat",
        "water_body_nature": "Natural",
        "in_use": "No",
        "encroached": "No",
        "storage_capacity_original": 4.0,
        "max_depth_m": null,
        "water_spread_area": 0.0,
        "image_path": "https://mi6census.mowr.gov.in/mic/getWaterBodyImageByURL/MIC_112002000001000092001.jpeg"
      },
      "geometry": {
        "type": "Point",
        "coordinates": [
          77.7638889,
          12.8383333
        ]
      }
    },
    {
      "type": "Feature",
      "properties": {
        "census_code": "1/12/002/000001/000100/001",
        "village": "BILLAPURA",
        "block_tehsil": "ANEKAL",
        "subdistrict": "Anekal",
        "district": "Bengaluru Urban",
        "rural_or_urban": "Rural",
        "water_body_type_code": "02",
        "water_body_type": "Tank",
        "water_body_ownership": "Panchayat",
        "water_body_nature": "Natural",
        "in_use": "No",
        "encroached": "No",
        "storage_capacity_original": 4.0,
        "max_depth_m": null,
        "water_spread_area": 0.0,
        "image_path": "https://mi6census.mowr.gov.in/mic/getWaterBodyImageByURL/MIC_112002000001000100001.jpeg"
      },
      "geometry": {
        "type": "Point",
        "coordinates": [
          77.7827778,
          12.85
        ]
      }
    },
    {
      "type": "Feature",
      "properties": {
        "census_code": "1/12/002/000001/000002/001",
        "village": "BILWARADAHALLI",
        "block_tehsil": "ANEKAL",
        "subdistrict": "Anekal",
        "district": "Bengaluru Urban",
        "rural_or_urban": "Rural",
        "water_body_type_code": "02",
        "water_body_type": "Tank",
        "water_body_ownership": "Panchayat",
        "water_body_nature": "Natural",
        "in_use": "No",
        "encroached": "No",
        "storage_capacity_original": 4.0,
        "max_depth_m": null,
        "water_spread_area": 0.0,
        "image_path": "https://mi6census.mowr.gov.in/mic/getWaterBodyImageByURL/MIC_112002000001000002001.jpeg"
      },
      "geometry": {
        "type": "Point",
        "coordinates": [
          77.5752778,
          12.8327778
        ]
      }
    },
    {
      "type": "Feature",
      "properties": {
        "census_code": "1/12/002/000001/000043/001",
        "village": "BOMMANDAHALLI",
        "block_tehsil": "ANEKAL",
        "subdistrict": "Anekal",
        "district": "Bengaluru Urban",
        "rural_or_urban": "Rural",
        "water_body_type_code": "02",
        "water_body_type": "Tank",
        "water_body_ownership": "Panchayat",
        "water_body_nature": "Natural",
        "in_use": "No",
        "encroached": "No",
        "storage_capacity_original": 4.0,
        "max_depth_m": null,
        "water_spread_area": 0.0,
        "image_path": "https://mi6census.mowr.gov.in/mic/getWaterBodyImageByURL/MIC_112002000001000043001.jpeg"
      },
      "geometry": {
        "type": "Point",
        "coordinates": [
          77.6258333,
          12.74
        ]
      }
    },
    {
      "type": "Feature",
      "properties": {
        "census_code": "1/12/002/000001/000222/001",
        "village": "BUJANGADASANAKERE",
        "block_tehsil": "ANEKAL",
        "subdistrict": "Anekal",
        "district": "Bengaluru Urban",
        "rural_or_urban": "Rural",
        "water_body_type_code": "02",
        "water_body_type": "Tank",
        "water_body_ownership": "Panchayat",
        "water_body_nature": "Natural",
        "in_use": "No",
        "encroached": "No",
        "storage_capacity_original": 4.0,
        "max_depth_m": null,
        "water_spread_area": 0.0,
        "image_path": "https://mi6census.mowr.gov.in/mic/getWaterBodyImageByURL/MIC_112002000001000222001.jpeg"
      },
      "geometry": {
        "type": "Point",
        "coordinates": [
          77.6116667,
          12.8230556
        ]
      }
    },
    {
      "type": "Feature",
      "properties": {
        "census_code": "1/12/002/000001/000021/001",
        "village": "BUKKASAGARA",
        "block_tehsil": "ANEKAL",
        "subdistrict": "Anekal",
        "district": "Bengaluru Urban",
        "rural_or_urban": "Rural",
        "water_body_type_code": "02",
        "water_body_type": "Tank",
        "water_body_ownership": "Panchayat",
        "water_body_nature": "Natural",
        "in_use": "No",
        "encroached": "No",
        "storage_capacity_original": 4.0,
        "max_depth_m": null,
        "water_spread_area": 0.0,
        "image_path": "https://mi6census.mowr.gov.in/mic/getWaterBodyImageByURL/MIC_112002000001000021001.jpeg"
      },
      "geometry": {
        "type": "Point",
        "coordinates": [
          77.6213889,
          12.7830556
        ]
      }
    },
    {
      "type": "Feature",
      "properties": {
        "census_code": "1/12/002/000001/000101/001",
        "village": "BURAGUNTE",
        "block_tehsil": "ANEKAL",
        "subdistrict": "Anekal",
        "district": "Bengaluru Urban",
        "rural_or_urban": "Rural",
        "water_body_type_code": "02",
        "water_body_type": "Tank",
        "water_body_ownership": "Panchayat",
        "water_body_nature": "Natural",
        "in_use": "No",
        "encroached": "No",
        "storage_capacity_original": 4.0,
        "max_depth_m": null,
        "water_spread_area": 0.0,
        "image_path": "https://mi6census.mowr.gov.in/mic/getWaterBodyImageByURL/MIC_112002000001000101001.jpeg"
      },
      "geometry": {
        "type": "Point",
        "coordinates": [
          77.7791667,
          12.8408333
        ]
      }
    },
    {
      "type": "Feature",
      "properties": {
        "census_code": "1/12/002/000001/000226/001",
        "village": "BYALAHALLI",
        "block_tehsil": "ANEKAL",
        "subdistrict": "Anekal",
        "district": "Bengaluru Urban",
        "rural_or_urban": "Rural",
        "water_body_type_code": "02",
        "water_body_type": "Tank",
        "water_body_ownership": "Panchayat",
        "water_body_nature": "Natural",
        "in_use": "No",
        "encroached": "No",
        "storage_capacity_original": 4.0,
        "max_depth_m": null,
        "water_spread_area": 0.0,
        "image_path": "https://mi6census.mowr.gov.in/mic/getWaterBodyImageByURL/MIC_112002000001000226001.jpeg"
      },
      "geometry": {
        "type": "Point",
        "coordinates": [
          77.7941667,
          12.8116667
        ]
      }
    },
    {
      "type": "Feature",
      "properties": {
        "census_code": "1/12/002/000001/000220/001",
        "village": "CHANNENA AGRAHARA",
        "block_tehsil": "ANEKAL",
        "subdistrict": "Anekal",
        "district": "Bengaluru Urban",
        "rural_or_urban": "Rural",
        "water_body_type_code": "02",
        "water_body_type": "Tank",
        "water_body_ownership": "Panchayat",
        "water_body_nature": "Natural",
        "in_use": "No",
        "encroached": "No",
        "storage_capacity_original": 4.0,
        "max_depth_m": null,
        "water_spread_area": 0.0,
        "image_path": "https://mi6census.mowr.gov.in/mic/getWaterBodyImageByURL/MIC_112002000001000220001.jpeg"
      },
      "geometry": {
        "type": "Point",
        "coordinates": [
          77.7338889,
          12.7125
        ]
      }
    },
    {
      "type": "Feature",
      "properties": {
        "census_code": "1/12/002/000001/000174/001",
        "village": "CHIKKA HOSAHALLI",
        "block_tehsil": "ANEKAL",
        "subdistrict": "Anekal",
        "district": "Bengaluru Urban",
        "rural_or_urban": "Rural",
        "water_body_type_code": "02",
        "water_body_type": "Tank",
        "water_body_ownership": "Panchayat",
        "water_body_nature": "Natural",
        "in_use": "No",
        "encroached": "No",
        "storage_capacity_original": 4.0,
        "max_depth_m": null,
        "water_spread_area": 0.0,
        "image_path": "https://mi6census.mowr.gov.in/mic/getWaterBodyImageByURL/MIC_112002000001000174001.jpeg"
      },
      "geometry": {
        "type": "Point",
        "coordinates": [
          77.6466667,
          12.7025
        ]
      }
    },
    {
      "type": "Feature",
      "properties": {
        "census_code": "1/12/002/000001/000060/001",
        "village": "CHIKKANAGAMANGALA",
        "block_tehsil": "ANEKAL",
        "subdistrict": "Anekal",
        "district": "Bengaluru Urban",
        "rural_or_urban": "Rural",
        "water_body_type_code": "02",
        "water_body_type": "Tank",
        "water_body_ownership": "Panchayat",
        "water_body_nature": "Natural",
        "in_use": "No",
        "encroached": "No",
        "storage_capacity_original": 4.0,
        "max_depth_m": null,
        "water_spread_area": 0.0,
        "image_path": "https://mi6census.mowr.gov.in/mic/getWaterBodyImageByURL/MIC_112002000001000060001.jpeg"
      },
      "geometry": {
        "type": "Point",
        "coordinates": [
          77.6994444,
          12.8552778
        ]
      }
    },
    {
      "type": "Feature",
      "properties": {
        "census_code": "1/12/002/000001/000060/002",
        "village": "CHIKKANAGAMANGALA",
        "block_tehsil": "ANEKAL",
        "subdistrict": "Anekal",
        "district": "Bengaluru Urban",
        "rural_or_urban": "Rural",
        "water_body_type_code": "02",
        "water_body_type": "Tank",
        "water_body_ownership": "Panchayat",
        "water_body_nature": "Natural",
        "in_use": "No",
        "encroached": "No",
        "storage_capacity_original": 4.0,
        "max_depth_m": null,
        "water_spread_area": 0.0,
        "image_path": "https://mi6census.mowr.gov.in/mic/getWaterBodyImageByURL/MIC_112002000001000060002.jpeg"
      },
      "geometry": {
        "type": "Point",
        "coordinates": [
          77.6888889,
          12.8538889
        ]
      }
    },
    {
      "type": "Feature",
      "properties": {
        "census_code": "1/12/002/000001/000169/001",
        "village": "CHIKKANAHALLI",
        "block_tehsil": "ANEKAL",
        "subdistrict": "Anekal",
        "district": "Bengaluru Urban",
        "rural_or_urban": "Rural",
        "water_body_type_code": "02",
        "water_body_type": "Tank",
        "water_body_ownership": "Panchayat",
        "water_body_nature": "Natural",
        "in_use": "No",
        "encroached": "No",
        "storage_capacity_original": 4.0,
        "max_depth_m": null,
        "water_spread_area": 0.0,
        "image_path": "https://mi6census.mowr.gov.in/mic/getWaterBodyImageByURL/MIC_112002000001000169001.jpeg"
      },
      "geometry": {
        "type": "Point",
        "coordinates": [
          77.6472222,
          12.7180556
        ]
      }
    },
    {
      "type": "Feature",
      "properties": {
        "census_code": "1/12/002/000001/000076/001",
        "village": "CHIKKATHIMMASANDRA",
        "block_tehsil": "ANEKAL",
        "subdistrict": "Anekal",
        "district": "Bengaluru Urban",
        "rural_or_urban": "Rural",
        "water_body_type_code": "02",
        "water_body_type": "Tank",
        "water_body_ownership": "Panchayat",
        "water_body_nature": "Natural",
        "in_use": "No",
        "encroached": "No",
        "storage_capacity_original": 4.0,
        "max_depth_m": null,
        "water_spread_area": 0.0,
        "image_path": "https://mi6census.mowr.gov.in/mic/getWaterBodyImageByURL/MIC_112002000001000076001.jpeg"
      },
      "geometry": {
        "type": "Point",
        "coordinates": [
          77.745,
          12.8472222
        ]
      }
    },
    {
      "type": "Feature",
      "properties": {
        "census_code": "1/12/002/000001/000151/001",
        "village": "DASANAPURA",
        "block_tehsil": "ANEKAL",
        "subdistrict": "Anekal",
        "district": "Bengaluru Urban",
        "rural_or_urban": "Rural",
        "water_body_type_code": "02",
        "water_body_type": "Tank",
        "water_body_ownership": "Panchayat",
        "water_body_nature": "Natural",
        "in_use": "No",
        "encroached": "No",
        "storage_capacity_original": 4.0,
        "max_depth_m": null,
        "water_spread_area": 0.0,
        "image_path": "https://mi6census.mowr.gov.in/mic/getWaterBodyImageByURL/MIC_112002000001000151001.jpeg"
      },
      "geometry": {
        "type": "Point",
        "coordinates": [
          77.78,
          12.7536111
        ]
      }
    },
    {
      "type": "Feature",
      "properties": {
        "census_code": "1/12/002/000001/000111/001",
        "village": "DESHAPANDE GUTTAHALLI",
        "block_tehsil": "ANEKAL",
        "subdistrict": "Anekal",
        "district": "Bengaluru Urban",
        "rural_or_urban": "Rural",
        "water_body_type_code": "02",
        "water_body_type": "Tank",
        "water_body_ownership": "Panchayat",
        "water_body_nature": "Natural",
        "in_use": "No",
        "encroached": "No",
        "storage_capacity_original": 4.0,
        "max_depth_m": null,
        "water_spread_area": 0.0,
        "image_path": "https://mi6census.mowr.gov.in/mic/getWaterBodyImageByURL/MIC_112002000001000111001.jpeg"
      },
      "geometry": {
        "type": "Point",
        "coordinates": [
          77.8238889,
          12.925
        ]
      }
    },
    {
      "type": "Feature",
      "properties": {
        "census_code": "1/12/002/000001/000181/001",
        "village": "DODDA HAGADE",
        "block_tehsil": "ANEKAL",
        "subdistrict": "Anekal",
        "district": "Bengaluru Urban",
        "rural_or_urban": "Rural",
        "water_body_type_code": "02",
        "water_body_type": "Tank",
        "water_body_ownership": "Panchayat",
        "water_body_nature": "Natural",
        "in_use": "No",
        "encroached": "No",
        "storage_capacity_original": 4.0,
        "max_depth_m": null,
        "water_spread_area": 0.0,
        "image_path": "https://mi6census.mowr.gov.in/mic/getWaterBodyImageByURL/MIC_112002000001000181001.jpeg"
      },
      "geometry": {
        "type": "Point",
        "coordinates": [
          77.6969444,
          12.7544444
        ]
      }
    },
    {
      "type": "Feature",
      "properties": {
        "census_code": "1/12/002/000001/000117/001",
        "village": "DODDATHIMMASANDRA",
        "block_tehsil": "ANEKAL",
        "subdistrict": "Anekal",
        "district": "Bengaluru Urban",
        "rural_or_urban": "Rural",
        "water_body_type_code": "02",
        "water_body_type": "Tank",
        "water_body_ownership": "Panchayat",
        "water_body_nature": "Natural",
        "in_use": "No",
        "encroached": "No",
        "storage_capacity_original": 4.0,
        "max_depth_m": null,
        "water_spread_area": 0.0,
        "image_path": "https://mi6census.mowr.gov.in/mic/getWaterBodyImageByURL/MIC_112002000001000117001.jpeg"
      },
      "geometry": {
        "type": "Point",
        "coordinates": [
          77.7980556,
          12.8777778
        ]
      }
    },
    {
      "type": "Feature",
      "properties": {
        "census_code": "1/12/002/000001/000046/001",
        "village": "DYAVASANDRA",
        "block_tehsil": "ANEKAL",
        "subdistrict": "Anekal",
        "district": "Bengaluru Urban",
        "rural_or_urban": "Rural",
        "water_body_type_code": "02",
        "water_body_type": "Tank",
        "water_body_ownership": "Panchayat",
        "water_body_nature": "Natural",
        "in_use": "No",
        "encroached": "No",
        "storage_capacity_original": 4.0,
        "max_depth_m": null,
        "water_spread_area": 0.0,
        "image_path": "https://mi6census.mowr.gov.in/mic/getWaterBodyImageByURL/MIC_112002000001000046001.jpeg"
      },
      "geometry": {
        "type": "Point",
        "coordinates": [
          77.6416667,
          12.7594444
        ]
      }
    },
    {
      "type": "Feature",
      "properties": {
        "census_code": "1/12/002/000001/000058/001",
        "village": "GATTAHALLI",
        "block_tehsil": "ANEKAL",
        "subdistrict": "Anekal",
        "district": "Bengaluru Urban",
        "rural_or_urban": "Rural",
        "water_body_type_code": "02",
        "water_body_type": "Tank",
        "water_body_ownership": "Panchayat",
        "water_body_nature": "Natural",
        "in_use": "No",
        "encroached": "No",
        "storage_capacity_original": 4.0,
        "max_depth_m": null,
        "water_spread_area": 0.0,
        "image_path": "https://mi6census.mowr.gov.in/mic/getWaterBodyImageByURL/MIC_112002000001000058001.jpeg"
      },
      "geometry": {
        "type": "Point",
        "coordinates": [
          77.6941667,
          12.8736111
        ]
      }
    },
    {
      "type": "Feature",
      "properties": {
        "census_code": "1/12/002/000001/000227/001",
        "village": "GIDDENAHALLI",
        "block_tehsil": "ANEKAL",
        "subdistrict": "Anekal",
        "district": "Bengaluru Urban",
        "rural_or_urban": "Rural",
        "water_body_type_code": "02",
        "water_body_type": "Tank",
        "water_body_ownership": "Panchayat",
        "water_body_nature": "Natural",
        "in_use": "No",
        "encroached": "No",
        "storage_capacity_original": 4.0,
        "max_depth_m": null,
        "water_spread_area": 0.0,
        "image_path": "https://mi6census.mowr.gov.in/mic/getWaterBodyImageByURL/MIC_112002000001000227001.jpeg"
      },
      "geometry": {
        "type": "Point",
        "coordinates": [
          77.6186111,
          12.7655556
        ]
      }
    },
    {
      "type": "Feature",
      "properties": {
        "census_code": "1/12/002/000001/000027/002",
        "village": "GIDDENAHALLI",
        "block_tehsil": "ANEKAL",
        "subdistrict": "Anekal",
        "district": "Bengaluru Urban",
        "rural_or_urban": "Rural",
        "water_body_type_code": "02",
        "water_body_type": "Tank",
        "water_body_ownership": "Panchayat",
        "water_body_nature": "Natural",
        "in_use": "No",
        "encroached": "No",
        "storage_capacity_original": 4.0,
        "max_depth_m": null,
        "water_spread_area": 0.0,
        "image_path": "https://mi6census.mowr.gov.in/mic/getWaterBodyImageByURL/MIC_112002000001000027002.jpeg"
      },
      "geometry": {
        "type": "Point",
        "coordinates": [
          77.77,
          12.7836111
        ]
      }
    },
    {
      "type": "Feature",
      "properties": {
        "census_code": "1/12/002/000001/000027/001",
        "village": "GIDDENAHALLI",
        "block_tehsil": "ANEKAL",
        "subdistrict": "Anekal",
        "district": "Bengaluru Urban",
        "rural_or_urban": "Rural",
        "water_body_type_code": "02",
        "water_body_type": "Tank",
        "water_body_ownership": "Panchayat",
        "water_body_nature": "Natural",
        "in_use": "No",
        "encroached": "No",
        "storage_capacity_original": 4.0,
        "max_depth_m": null,
        "water_spread_area": 0.0,
        "image_path": "https://mi6census.mowr.gov.in/mic/getWaterBodyImageByURL/MIC_112002000001000027001.jpeg"
      },
      "geometry": {
        "type": "Point",
        "coordinates": [
          77.6222222,
          12.7602778
        ]
      }
    },
    {
      "type": "Feature",
      "properties": {
        "census_code": "1/12/002/000001/000123/001",
        "village": "GOLLAHALLI",
        "block_tehsil": "ANEKAL",
        "subdistrict": "Anekal",
        "district": "Bengaluru Urban",
        "rural_or_urban": "Rural",
        "water_body_type_code": "02",
        "water_body_type": "Tank",
        "water_body_ownership": "Panchayat",
        "water_body_nature": "Natural",
        "in_use": "No",
        "encroached": "No",
        "storage_capacity_original": 4.0,
        "max_depth_m": null,
        "water_spread_area": 0.0,
        "image_path": "https://mi6census.mowr.gov.in/mic/getWaterBodyImageByURL/MIC_112002000001000123001.jpeg"
      },
      "geometry": {
        "type": "Point",
        "coordinates": [
          77.5844444,
          12.8194444
        ]
      }
    },
    {
      "type": "Feature",
      "properties": {
        "census_code": "1/12/002/000001/000105/001",
        "village": "GONIGHATTAPURA",
        "block_tehsil": "ANEKAL",
        "subdistrict": "Anekal",
        "district": "Bengaluru Urban",
        "rural_or_urban": "Rural",
        "water_body_type_code": "02",
        "water_body_type": "Tank",
        "water_body_ownership": "Panchayat",
        "water_body_nature": "Natural",
        "in_use": "No",
        "encroached": "No",
        "storage_capacity_original": 4.0,
        "max_depth_m": null,
        "water_spread_area": 0.0,
        "image_path": "https://mi6census.mowr.gov.in/mic/getWaterBodyImageByURL/MIC_112002000001000105001.jpeg"
      },
      "geometry": {
        "type": "Point",
        "coordinates": [
          77.7925,
          12.9197222
        ]
      }
    },
    {
      "type": "Feature",
      "properties": {
        "census_code": "1/12/002/000001/000105/002",
        "village": "GONIGHATTAPURA",
        "block_tehsil": "ANEKAL",
        "subdistrict": "Anekal",
        "district": "Bengaluru Urban",
        "rural_or_urban": "Rural",
        "water_body_type_code": "02",
        "water_body_type": "Tank",
        "water_body_ownership": "Panchayat",
        "water_body_nature": "Natural",
        "in_use": "No",
        "encroached": "No",
        "storage_capacity_original": 4.0,
        "max_depth_m": null,
        "water_spread_area": 0.0,
        "image_path": "https://mi6census.mowr.gov.in/mic/getWaterBodyImageByURL/MIC_112002000001000105002.jpeg"
      },
      "geometry": {
        "type": "Point",
        "coordinates": [
          77.7802778,
          12.9125
        ]
      }
    },
    {
      "type": "Feature",
      "properties": {
        "census_code": "1/12/002/000001/000069/001",
        "village": "GOTTAMARANAHALLI",
        "block_tehsil": "ANEKAL",
        "subdistrict": "Anekal",
        "district": "Bengaluru Urban",
        "rural_or_urban": "Rural",
        "water_body_type_code": "02",
        "water_body_type": "Tank",
        "water_body_ownership": "Panchayat",
        "water_body_nature": "Natural",
        "in_use": "No",
        "encroached": "No",
        "storage_capacity_original": 4.0,
        "max_depth_m": null,
        "water_spread_area": 0.0,
        "image_path": "https://mi6census.mowr.gov.in/mic/getWaterBodyImageByURL/MIC_112002000001000069001.jpeg"
      },
      "geometry": {
        "type": "Point",
        "coordinates": [
          77.7152778,
          12.8405556
        ]
      }
    },
    {
      "type": "Feature",
      "properties": {
        "census_code": "1/12/002/000001/000141/001",
        "village": "GUDDAHATTI",
        "block_tehsil": "ANEKAL",
        "subdistrict": "Anekal",
        "district": "Bengaluru Urban",
        "rural_or_urban": "Rural",
        "water_body_type_code": "02",
        "water_body_type": "Tank",
        "water_body_ownership": "Panchayat",
        "water_body_nature": "Natural",
        "in_use": "No",
        "encroached": "No",
        "storage_capacity_original": 4.0,
        "max_depth_m": null,
        "water_spread_area": 0.0,
        "image_path": "https://mi6census.mowr.gov.in/mic/getWaterBodyImageByURL/MIC_112002000001000141001.jpeg"
      },
      "geometry": {
        "type": "Point",
        "coordinates": [
          77.7408333,
          12.8102778
        ]
      }
    },
    {
      "type": "Feature",
      "properties": {
        "census_code": "1/12/002/000001/000120/001",
        "village": "GUDIGHATTANAHALLI",
        "block_tehsil": "ANEKAL",
        "subdistrict": "Anekal",
        "district": "Bengaluru Urban",
        "rural_or_urban": "Rural",
        "water_body_type_code": "02",
        "water_body_type": "Tank",
        "water_body_ownership": "Panchayat",
        "water_body_nature": "Natural",
        "in_use": "No",
        "encroached": "No",
        "storage_capacity_original": 4.0,
        "max_depth_m": null,
        "water_spread_area": 0.0,
        "image_path": "https://mi6census.mowr.gov.in/mic/getWaterBodyImageByURL/MIC_112002000001000120001.jpeg"
      },
      "geometry": {
        "type": "Point",
        "coordinates": [
          77.8097222,
          12.8622222
        ]
      }
    },
    {
      "type": "Feature",
      "properties": {
        "census_code": "1/12/002/000001/000212/001",
        "village": "HALDENAHALLI",
        "block_tehsil": "ANEKAL",
        "subdistrict": "Anekal",
        "district": "Bengaluru Urban",
        "rural_or_urban": "Rural",
        "water_body_type_code": "02",
        "water_body_type": "Tank",
        "water_body_ownership": "Panchayat",
        "water_body_nature": "Natural",
        "in_use": "No",
        "encroached": "No",
        "storage_capacity_original": 4.0,
        "max_depth_m": null,
        "water_spread_area": 0.0,
        "image_path": "https://mi6census.mowr.gov.in/mic/getWaterBodyImageByURL/MIC_112002000001000212001.jpeg"
      },
      "geometry": {
        "type": "Point",
        "coordinates": [
          77.7097222,
          12.7177778
        ]
      }
    },
    {
      "type": "Feature",
      "properties": {
        "census_code": "1/12/002/000001/000212/002",
        "village": "HALDENAHALLI",
        "block_tehsil": "ANEKAL",
        "subdistrict": "Anekal",
        "district": "Bengaluru Urban",
        "rural_or_urban": "Rural",
        "water_body_type_code": "02",
        "water_body_type": "Tank",
        "water_body_ownership": "Panchayat",
        "water_body_nature": "Natural",
        "in_use": "No",
        "encroached": "No",
        "storage_capacity_original": 4.0,
        "max_depth_m": null,
        "water_spread_area": 0.0,
        "image_path": "https://mi6census.mowr.gov.in/mic/getWaterBodyImageByURL/MIC_112002000001000212002.jpeg"
      },
      "geometry": {
        "type": "Point",
        "coordinates": [
          77.7136111,
          12.7238889
        ]
      }
    },
    {
      "type": "Feature",
      "properties": {
        "census_code": "1/12/002/000001/000149/001",
        "village": "HALEHALLI",
        "block_tehsil": "ANEKAL",
        "subdistrict": "Anekal",
        "district": "Bengaluru Urban",
        "rural_or_urban": "Rural",
        "water_body_type_code": "02",
        "water_body_type": "Tank",
        "water_body_ownership": "Panchayat",
        "water_body_nature": "Natural",
        "in_use": "No",
        "encroached": "No",
        "storage_capacity_original": 4.0,
        "max_depth_m": null,
        "water_spread_area": 0.0,
        "image_path": "https://mi6census.mowr.gov.in/mic/getWaterBodyImageByURL/MIC_112002000001000149001.jpeg"
      },
      "geometry": {
        "type": "Point",
        "coordinates": [
          77.7458333,
          12.7341667
        ]
      }
    },
    {
      "type": "Feature",
      "properties": {
        "census_code": "1/12/002/000001/000149/002",
        "village": "HALEHALLI",
        "block_tehsil": "ANEKAL",
        "subdistrict": "Anekal",
        "district": "Bengaluru Urban",
        "rural_or_urban": "Rural",
        "water_body_type_code": "02",
        "water_body_type": "Tank",
        "water_body_ownership": "Panchayat",
        "water_body_nature": "Natural",
        "in_use": "No",
        "encroached": "No",
        "storage_capacity_original": 4.0,
        "max_depth_m": null,
        "water_spread_area": 0.0,
        "image_path": "https://mi6census.mowr.gov.in/mic/getWaterBodyImageByURL/MIC_112002000001000149002.jpeg"
      },
      "geometry": {
        "type": "Point",
        "coordinates": [
          77.7533333,
          12.7327778
        ]
      }
    },
    {
      "type": "Feature",
      "properties": {
        "census_code": "1/12/002/000001/000094/001",
        "village": "HANDENAHALLI",
        "block_tehsil": "ANEKAL",
        "subdistrict": "Anekal",
        "district": "Bengaluru Urban",
        "rural_or_urban": "Rural",
        "water_body_type_code": "02",
        "water_body_type": "Tank",
        "water_body_ownership": "Panchayat",
        "water_body_nature": "Natural",
        "in_use": "No",
        "encroached": "No",
        "storage_capacity_original": 4.0,
        "max_depth_m": null,
        "water_spread_area": 0.0,
        "image_path": "https://mi6census.mowr.gov.in/mic/getWaterBodyImageByURL/MIC_112002000001000094001.jpeg"
      },
      "geometry": {
        "type": "Point",
        "coordinates": [
          77.7961111,
          12.8144444
        ]
      }
    },
    {
      "type": "Feature",
      "properties": {
        "census_code": "1/12/002/000001/000094/002",
        "village": "HANDENAHALLI",
        "block_tehsil": "ANEKAL",
        "subdistrict": "Anekal",
        "district": "Bengaluru Urban",
        "rural_or_urban": "Rural",
        "water_body_type_code": "02",
        "water_body_type": "Tank",
        "water_body_ownership": "Panchayat",
        "water_body_nature": "Natural",
        "in_use": "No",
        "encroached": "No",
        "storage_capacity_original": 4.0,
        "max_depth_m": null,
        "water_spread_area": 0.0,
        "image_path": "https://mi6census.mowr.gov.in/mic/getWaterBodyImageByURL/MIC_112002000001000094002.jpeg"
      },
      "geometry": {
        "type": "Point",
        "coordinates": [
          77.7672222,
          12.8280556
        ]
      }
    },
    {
      "type": "Feature",
      "properties": {
        "census_code": "1/12/002/000001/000040/001",
        "village": "HARAGADDE",
        "block_tehsil": "ANEKAL",
        "subdistrict": "Anekal",
        "district": "Bengaluru Urban",
        "rural_or_urban": "Rural",
        "water_body_type_code": "02",
        "water_body_type": "Tank",
        "water_body_ownership": "Panchayat",
        "water_body_nature": "Natural",
        "in_use": "No",
        "encroached": "No",
        "storage_capacity_original": 4.0,
        "max_depth_m": null,
        "water_spread_area": 0.0,
        "image_path": "https://mi6census.mowr.gov.in/mic/getWaterBodyImageByURL/MIC_112002000001000040001.jpeg"
      },
      "geometry": {
        "type": "Point",
        "coordinates": [
          77.6530556,
          12.7625
        ]
      }
    },
    {
      "type": "Feature",
      "properties": {
        "census_code": "1/12/002/000001/000040/002",
        "village": "HARAGADDE",
        "block_tehsil": "ANEKAL",
        "subdistrict": "Anekal",
        "district": "Bengaluru Urban",
        "rural_or_urban": "Rural",
        "water_body_type_code": "02",
        "water_body_type": "Tank",
        "water_body_ownership": "Panchayat",
        "water_body_nature": "Natural",
        "in_use": "No",
        "encroached": "No",
        "storage_capacity_original": 4.0,
        "max_depth_m": null,
        "water_spread_area": 0.0,
        "image_path": "https://mi6census.mowr.gov.in/mic/getWaterBodyImageByURL/MIC_112002000001000040002.jpeg"
      },
      "geometry": {
        "type": "Point",
        "coordinates": [
          77.6483333,
          12.7627778
        ]
      }
    },
    {
      "type": "Feature",
      "properties": {
        "census_code": "1/12/002/000001/000040/003",
        "village": "HARAGADDE",
        "block_tehsil": "ANEKAL",
        "subdistrict": "Anekal",
        "district": "Bengaluru Urban",
        "rural_or_urban": "Rural",
        "water_body_type_code": "02",
        "water_body_type": "Tank",
        "water_body_ownership": "Panchayat",
        "water_body_nature": "Natural",
        "in_use": "No",
        "encroached": "No",
        "storage_capacity_original": 4.0,
        "max_depth_m": null,
        "water_spread_area": 0.0,
        "image_path": "https://mi6census.mowr.gov.in/mic/getWaterBodyImageByURL/MIC_112002000001000040003.jpeg"
      },
      "geometry": {
        "type": "Point",
        "coordinates": [
          77.6433333,
          12.7630556
        ]
      }
    },
    {
      "type": "Feature",
      "properties": {
        "census_code": "1/12/002/000001/000066/001",
        "village": "HAROHALLI",
        "block_tehsil": "ANEKAL",
        "subdistrict": "Anekal",
        "district": "Bengaluru Urban",
        "rural_or_urban": "Rural",
        "water_body_type_code": "02",
        "water_body_type": "Tank",
        "water_body_ownership": "Panchayat",
        "water_body_nature": "Natural",
        "in_use": "No",
        "encroached": "No",
        "storage_capacity_original": 4.0,
        "max_depth_m": null,
        "water_spread_area": 0.0,
        "image_path": "https://mi6census.mowr.gov.in/mic/getWaterBodyImageByURL/MIC_112002000001000066001.jpeg"
      },
      "geometry": {
        "type": "Point",
        "coordinates": [
          77.7069444,
          12.86
        ]
      }
    },
    {
      "type": "Feature",
      "properties": {
        "census_code": "1/12/002/000001/000129/001",
        "village": "HEELALIGE",
        "block_tehsil": "ANEKAL",
        "subdistrict": "Anekal",
        "district": "Bengaluru Urban",
        "rural_or_urban": "Rural",
        "water_body_type_code": "02",
        "water_body_type": "Tank",
        "water_body_ownership": "Panchayat",
        "water_body_nature": "Natural",
        "in_use": "No",
        "encroached": "No",
        "storage_capacity_original": 4.0,
        "max_depth_m": null,
        "water_spread_area": 0.0,
        "image_path": "https://mi6census.mowr.gov.in/mic/getWaterBodyImageByURL/MIC_112002000001000129001.jpeg"
      },
      "geometry": {
        "type": "Point",
        "coordinates": [
          77.7002778,
          12.8163889
        ]
      }
    },
    {
      "type": "Feature",
      "properties": {
        "census_code": "1/12/002/000001/000051/001",
        "village": "HENNAGARA",
        "block_tehsil": "ANEKAL",
        "subdistrict": "Anekal",
        "district": "Bengaluru Urban",
        "rural_or_urban": "Rural",
        "water_body_type_code": "02",
        "water_body_type": "Tank",
        "water_body_ownership": "Panchayat",
        "water_body_nature": "Natural",
        "in_use": "No",
        "encroached": "No",
        "storage_capacity_original": 4.0,
        "max_depth_m": null,
        "water_spread_area": 0.0,
        "image_path": "https://mi6census.mowr.gov.in/mic/getWaterBodyImageByURL/MIC_112002000001000051001.jpeg"
      },
      "geometry": {
        "type": "Point",
        "coordinates": [
          77.6605556,
          12.7830556
        ]
      }
    },
    {
      "type": "Feature",
      "properties": {
        "census_code": "1/12/002/000001/000050/001",
        "village": "HINNAKKI",
        "block_tehsil": "ANEKAL",
        "subdistrict": "Anekal",
        "district": "Bengaluru Urban",
        "rural_or_urban": "Rural",
        "water_body_type_code": "02",
        "water_body_type": "Tank",
        "water_body_ownership": "Panchayat",
        "water_body_nature": "Natural",
        "in_use": "No",
        "encroached": "No",
        "storage_capacity_original": 4.0,
        "max_depth_m": null,
        "water_spread_area": 0.0,
        "image_path": "https://mi6census.mowr.gov.in/mic/getWaterBodyImageByURL/MIC_112002000001000050001.jpeg"
      },
      "geometry": {
        "type": "Point",
        "coordinates": [
          77.6777778,
          12.7752778
        ]
      }
    },
    {
      "type": "Feature",
      "properties": {
        "census_code": "1/12/002/000001/000205/001",
        "village": "HOMPALAGHATTA",
        "block_tehsil": "ANEKAL",
        "subdistrict": "Anekal",
        "district": "Bengaluru Urban",
        "rural_or_urban": "Rural",
        "water_body_type_code": "02",
        "water_body_type": "Tank",
        "water_body_ownership": "Panchayat",
        "water_body_nature": "Natural",
        "in_use": "No",
        "encroached": "No",
        "storage_capacity_original": 4.0,
        "max_depth_m": null,
        "water_spread_area": 0.0,
        "image_path": "https://mi6census.mowr.gov.in/mic/getWaterBodyImageByURL/MIC_112002000001000205001.jpeg"
      },
      "geometry": {
        "type": "Point",
        "coordinates": [
          77.6961111,
          12.6811111
        ]
      }
    },
    {
      "type": "Feature",
      "properties": {
        "census_code": "1/12/002/000001/000178/001",
        "village": "HONNAKALASAPURA",
        "block_tehsil": "ANEKAL",
        "subdistrict": "Anekal",
        "district": "Bengaluru Urban",
        "rural_or_urban": "Rural",
        "water_body_type_code": "02",
        "water_body_type": "Tank",
        "water_body_ownership": "Panchayat",
        "water_body_nature": "Natural",
        "in_use": "No",
        "encroached": "No",
        "storage_capacity_original": 4.0,
        "max_depth_m": null,
        "water_spread_area": 0.0,
        "image_path": "https://mi6census.mowr.gov.in/mic/getWaterBodyImageByURL/MIC_112002000001000178001.jpeg"
      },
      "geometry": {
        "type": "Point",
        "coordinates": [
          77.6775,
          12.7258333
        ]
      }
    },
    {
      "type": "Feature",
      "properties": {
        "census_code": "1/12/002/000001/000052/001",
        "village": "HOSAHALLI",
        "block_tehsil": "ANEKAL",
        "subdistrict": "Anekal",
        "district": "Bengaluru Urban",
        "rural_or_urban": "Rural",
        "water_body_type_code": "02",
        "water_body_type": "Tank",
        "water_body_ownership": "Panchayat",
        "water_body_nature": "Natural",
        "in_use": "No",
        "encroached": "No",
        "storage_capacity_original": 4.0,
        "max_depth_m": null,
        "water_spread_area": 0.0,
        "image_path": "https://mi6census.mowr.gov.in/mic/getWaterBodyImageByURL/MIC_112002000001000052001.jpeg"
      },
      "geometry": {
        "type": "Point",
        "coordinates": [
          77.6791667,
          12.7994444
        ]
      }
    },
    {
      "type": "Feature",
      "properties": {
        "census_code": "1/12/002/000001/000033/004",
        "village": "HULIMANGALA",
        "block_tehsil": "ANEKAL",
        "subdistrict": "Anekal",
        "district": "Bengaluru Urban",
        "rural_or_urban": "Rural",
        "water_body_type_code": "02",
        "water_body_type": "Tank",
        "water_body_ownership": "Panchayat",
        "water_body_nature": "Natural",
        "in_use": "No",
        "encroached": "No",
        "storage_capacity_original": 4.0,
        "max_depth_m": null,
        "water_spread_area": 0.0,
        "image_path": "https://mi6census.mowr.gov.in/mic/getWaterBodyImageByURL/MIC_112002000001000033004.jpeg"
      },
      "geometry": {
        "type": "Point",
        "coordinates": [
          77.6344444,
          12.8155556
        ]
      }
    },
    {
      "type": "Feature",
      "properties": {
        "census_code": "1/12/002/000001/000033/002",
        "village": "HULIMANGALA",
        "block_tehsil": "ANEKAL",
        "subdistrict": "Anekal",
        "district": "Bengaluru Urban",
        "rural_or_urban": "Rural",
        "water_body_type_code": "02",
        "water_body_type": "Tank",
        "water_body_ownership": "Panchayat",
        "water_body_nature": "Natural",
        "in_use": "No",
        "encroached": "No",
        "storage_capacity_original": 4.0,
        "max_depth_m": null,
        "water_spread_area": 0.0,
        "image_path": "https://mi6census.mowr.gov.in/mic/getWaterBodyImageByURL/MIC_112002000001000033002.jpeg"
      },
      "geometry": {
        "type": "Point",
        "coordinates": [
          77.6452778,
          12.8230556
        ]
      }
    },
    {
      "type": "Feature",
      "properties": {
        "census_code": "1/12/002/000001/000033/001",
        "village": "HULIMANGALA",
        "block_tehsil": "ANEKAL",
        "subdistrict": "Anekal",
        "district": "Bengaluru Urban",
        "rural_or_urban": "Rural",
        "water_body_type_code": "02",
        "water_body_type": "Tank",
        "water_body_ownership": "Panchayat",
        "water_body_nature": "Natural",
        "in_use": "No",
        "encroached": "No",
        "storage_capacity_original": 4.0,
        "max_depth_m": null,
        "water_spread_area": 0.0,
        "image_path": "https://mi6census.mowr.gov.in/mic/getWaterBodyImageByURL/MIC_112002000001000033001.jpeg"
      },
      "geometry": {
        "type": "Point",
        "coordinates": [
          77.645,
          12.8227778
        ]
      }
    },
    {
      "type": "Feature",
      "properties": {
        "census_code": "1/12/002/000001/000033/003",
        "village": "HULIMANGALA",
        "block_tehsil": "ANEKAL",
        "subdistrict": "Anekal",
        "district": "Bengaluru Urban",
        "rural_or_urban": "Rural",
        "water_body_type_code": "02",
        "water_body_type": "Tank",
        "water_body_ownership": "Panchayat",
        "water_body_nature": "Natural",
        "in_use": "No",
        "encroached": "No",
        "storage_capacity_original": 4.0,
        "max_depth_m": null,
        "water_spread_area": 0.0,
        "image_path": "https://mi6census.mowr.gov.in/mic/getWaterBodyImageByURL/MIC_112002000001000033003.jpeg"
      },
      "geometry": {
        "type": "Point",
        "coordinates": [
          77.6444444,
          12.8291667
        ]
      }
    },
    {
      "type": "Feature",
      "properties": {
        "census_code": "1/12/002/000001/000018/003",
        "village": "HULLAHALLI",
        "block_tehsil": "ANEKAL",
        "subdistrict": "Anekal",
        "district": "Bengaluru Urban",
        "rural_or_urban": "Rural",
        "water_body_type_code": "02",
        "water_body_type": "Tank",
        "water_body_ownership": "Panchayat",
        "water_body_nature": "Natural",
        "in_use": "No",
        "encroached": "No",
        "storage_capacity_original": 4.0,
        "max_depth_m": null,
        "water_spread_area": 0.0,
        "image_path": "https://mi6census.mowr.gov.in/mic/getWaterBodyImageByURL/MIC_112002000001000018003.jpeg"
      },
      "geometry": {
        "type": "Point",
        "coordinates": [
          77.6133333,
          12.825
        ]
      }
    },
    {
      "type": "Feature",
      "properties": {
        "census_code": "1/12/002/000001/000018/004",
        "village": "HULLAHALLI",
        "block_tehsil": "ANEKAL",
        "subdistrict": "Anekal",
        "district": "Bengaluru Urban",
        "rural_or_urban": "Rural",
        "water_body_type_code": "02",
        "water_body_type": "Tank",
        "water_body_ownership": "Panchayat",
        "water_body_nature": "Natural",
        "in_use": "No",
        "encroached": "No",
        "storage_capacity_original": 4.0,
        "max_depth_m": null,
        "water_spread_area": 0.0,
        "image_path": "https://mi6census.mowr.gov.in/mic/getWaterBodyImageByURL/MIC_112002000001000018004.jpeg"
      },
      "geometry": {
        "type": "Point",
        "coordinates": [
          77.6197222,
          12.8280556
        ]
      }
    },
    {
      "type": "Feature",
      "properties": {
        "census_code": "1/12/002/000001/000018/001",
        "village": "HULLAHALLI",
        "block_tehsil": "ANEKAL",
        "subdistrict": "Bengaluru South",
        "district": "Bengaluru Urban",
        "rural_or_urban": "Rural",
        "water_body_type_code": "02",
        "water_body_type": "Tank",
        "water_body_ownership": "Panchayat",
        "water_body_nature": "Natural",
        "in_use": "No",
        "encroached": "No",
        "storage_capacity_original": 4.0,
        "max_depth_m": null,
        "water_spread_area": 0.0,
        "image_path": "https://mi6census.mowr.gov.in/mic/getWaterBodyImageByURL/MIC_112002000001000018001.jpeg"
      },
      "geometry": {
        "type": "Point",
        "coordinates": [
          77.6122222,
          12.8380556
        ]
      }
    },
    {
      "type": "Feature",
      "properties": {
        "census_code": "1/12/002/000001/000018/002",
        "village": "HULLAHALLI",
        "block_tehsil": "ANEKAL",
        "subdistrict": "Anekal",
        "district": "Bengaluru Urban",
        "rural_or_urban": "Rural",
        "water_body_type_code": "02",
        "water_body_type": "Tank",
        "water_body_ownership": "Panchayat",
        "water_body_nature": "Natural",
        "in_use": "No",
        "encroached": "No",
        "storage_capacity_original": 4.0,
        "max_depth_m": null,
        "water_spread_area": 0.0,
        "image_path": "https://mi6census.mowr.gov.in/mic/getWaterBodyImageByURL/MIC_112002000001000018002.jpeg"
      },
      "geometry": {
        "type": "Point",
        "coordinates": [
          77.6147222,
          12.8327778
        ]
      }
    },
    {
      "type": "Feature",
      "properties": {
        "census_code": "1/12/002/000001/000063/001",
        "village": "HUSKUR",
        "block_tehsil": "ANEKAL",
        "subdistrict": "Anekal",
        "district": "Bengaluru Urban",
        "rural_or_urban": "Rural",
        "water_body_type_code": "02",
        "water_body_type": "Tank",
        "water_body_ownership": "Panchayat",
        "water_body_nature": "Natural",
        "in_use": "No",
        "encroached": "No",
        "storage_capacity_original": 4.0,
        "max_depth_m": null,
        "water_spread_area": 0.0,
        "image_path": "https://mi6census.mowr.gov.in/mic/getWaterBodyImageByURL/MIC_112002000001000063001.jpeg"
      },
      "geometry": {
        "type": "Point",
        "coordinates": [
          77.7088889,
          12.8583333
        ]
      }
    },
    {
      "type": "Feature",
      "properties": {
        "census_code": "1/12/002/000001/000159/001",
        "village": "INDLABELE",
        "block_tehsil": "ANEKAL",
        "subdistrict": "Anekal",
        "district": "Bengaluru Urban",
        "rural_or_urban": "Rural",
        "water_body_type_code": "02",
        "water_body_type": "Tank",
        "water_body_ownership": "Panchayat",
        "water_body_nature": "Natural",
        "in_use": "No",
        "encroached": "No",
        "storage_capacity_original": 4.0,
        "max_depth_m": null,
        "water_spread_area": 0.0,
        "image_path": "https://mi6census.mowr.gov.in/mic/getWaterBodyImageByURL/MIC_112002000001000159001.jpeg"
      },
      "geometry": {
        "type": "Point",
        "coordinates": [
          77.7763889,
          12.7958333
        ]
      }
    },
    {
      "type": "Feature",
      "properties": {
        "census_code": "1/12/002/000001/000172/001",
        "village": "INDLAWADIPURA",
        "block_tehsil": "ANEKAL",
        "subdistrict": "Anekal",
        "district": "Bengaluru Urban",
        "rural_or_urban": "Rural",
        "water_body_type_code": "02",
        "water_body_type": "Tank",
        "water_body_ownership": "Panchayat",
        "water_body_nature": "Natural",
        "in_use": "No",
        "encroached": "No",
        "storage_capacity_original": 4.0,
        "max_depth_m": null,
        "water_spread_area": 0.0,
        "image_path": "https://mi6census.mowr.gov.in/mic/getWaterBodyImageByURL/MIC_112002000001000172001.jpeg"
      },
      "geometry": {
        "type": "Point",
        "coordinates": [
          77.6419444,
          12.7161111
        ]
      }
    },
    {
      "type": "Feature",
      "properties": {
        "census_code": "1/12/002/000001/000144/001",
        "village": "ITCHANGUR",
        "block_tehsil": "ANEKAL",
        "subdistrict": "Anekal",
        "district": "Bengaluru Urban",
        "rural_or_urban": "Rural",
        "water_body_type_code": "02",
        "water_body_type": "Tank",
        "water_body_ownership": "Panchayat",
        "water_body_nature": "Natural",
        "in_use": "No",
        "encroached": "No",
        "storage_capacity_original": 4.0,
        "max_depth_m": null,
        "water_spread_area": 0.0,
        "image_path": "https://mi6census.mowr.gov.in/mic/getWaterBodyImageByURL/MIC_112002000001000144001.jpeg"
      },
      "geometry": {
        "type": "Point",
        "coordinates": [
          77.7391667,
          12.7777778
        ]
      }
    },
    {
      "type": "Feature",
      "properties": {
        "census_code": "1/12/002/000001/000102/002",
        "village": "ITTANGUR",
        "block_tehsil": "ANEKAL",
        "subdistrict": "Anekal",
        "district": "Bengaluru Urban",
        "rural_or_urban": "Rural",
        "water_body_type_code": "02",
        "water_body_type": "Tank",
        "water_body_ownership": "Panchayat",
        "water_body_nature": "Natural",
        "in_use": "No",
        "encroached": "No",
        "storage_capacity_original": 4.0,
        "max_depth_m": null,
        "water_spread_area": 0.0,
        "image_path": "https://mi6census.mowr.gov.in/mic/getWaterBodyImageByURL/MIC_112002000001000102002.jpeg"
      },
      "geometry": {
        "type": "Point",
        "coordinates": [
          77.7930556,
          12.8891667
        ]
      }
    },
    {
      "type": "Feature",
      "properties": {
        "census_code": "1/12/002/000001/000102/003",
        "village": "ITTANGUR",
        "block_tehsil": "ANEKAL",
        "subdistrict": "Anekal",
        "district": "Bengaluru Urban",
        "rural_or_urban": "Rural",
        "water_body_type_code": "02",
        "water_body_type": "Tank",
        "water_body_ownership": "Panchayat",
        "water_body_nature": "Natural",
        "in_use": "No",
        "encroached": "No",
        "storage_capacity_original": 4.0,
        "max_depth_m": null,
        "water_spread_area": 0.0,
        "image_path": "https://mi6census.mowr.gov.in/mic/getWaterBodyImageByURL/MIC_112002000001000102003.jpeg"
      },
      "geometry": {
        "type": "Point",
        "coordinates": [
          77.7966667,
          12.8797222
        ]
      }
    },
    {
      "type": "Feature",
      "properties": {
        "census_code": "1/12/002/000001/000102/001",
        "village": "ITTANGUR",
        "block_tehsil": "ANEKAL",
        "subdistrict": "Anekal",
        "district": "Bengaluru Urban",
        "rural_or_urban": "Rural",
        "water_body_type_code": "02",
        "water_body_type": "Tank",
        "water_body_ownership": "Panchayat",
        "water_body_nature": "Natural",
        "in_use": "No",
        "encroached": "No",
        "storage_capacity_original": 4.0,
        "max_depth_m": null,
        "water_spread_area": 0.0,
        "image_path": "https://mi6census.mowr.gov.in/mic/getWaterBodyImageByURL/MIC_112002000001000102001.jpeg"
      },
      "geometry": {
        "type": "Point",
        "coordinates": [
          77.7852778,
          12.8752778
        ]
      }
    },
    {
      "type": "Feature",
      "properties": {
        "census_code": "1/12/002/000001/000155/001",
        "village": "JIGALA",
        "block_tehsil": "ANEKAL",
        "subdistrict": "Anekal",
        "district": "Bengaluru Urban",
        "rural_or_urban": "Rural",
        "water_body_type_code": "02",
        "water_body_type": "Tank",
        "water_body_ownership": "Panchayat",
        "water_body_nature": "Natural",
        "in_use": "No",
        "encroached": "No",
        "storage_capacity_original": 4.0,
        "max_depth_m": null,
        "water_spread_area": 0.0,
        "image_path": "https://mi6census.mowr.gov.in/mic/getWaterBodyImageByURL/MIC_112002000001000155001.jpeg"
      },
      "geometry": {
        "type": "Point",
        "coordinates": [
          77.7597222,
          12.8005556
        ]
      }
    },
    {
      "type": "Feature",
      "properties": {
        "census_code": "1/12/002/000001/000053/001",
        "village": "KACHANAIKANAHALLI",
        "block_tehsil": "ANEKAL",
        "subdistrict": "Anekal",
        "district": "Bengaluru Urban",
        "rural_or_urban": "Rural",
        "water_body_type_code": "02",
        "water_body_type": "Tank",
        "water_body_ownership": "Panchayat",
        "water_body_nature": "Natural",
        "in_use": "No",
        "encroached": "No",
        "storage_capacity_original": 4.0,
        "max_depth_m": null,
        "water_spread_area": 0.0,
        "image_path": "https://mi6census.mowr.gov.in/mic/getWaterBodyImageByURL/MIC_112002000001000053001.jpeg"
      },
      "geometry": {
        "type": "Point",
        "coordinates": [
          77.6786111,
          12.8013889
        ]
      }
    },
    {
      "type": "Feature",
      "properties": {
        "census_code": "1/12/002/000001/000026/001",
        "village": "KADAJAKKANAHALLI",
        "block_tehsil": "ANEKAL",
        "subdistrict": "Anekal",
        "district": "Bengaluru Urban",
        "rural_or_urban": "Rural",
        "water_body_type_code": "02",
        "water_body_type": "Tank",
        "water_body_ownership": "Panchayat",
        "water_body_nature": "Natural",
        "in_use": "No",
        "encroached": "No",
        "storage_capacity_original": 4.0,
        "max_depth_m": null,
        "water_spread_area": 0.0,
        "image_path": "https://mi6census.mowr.gov.in/mic/getWaterBodyImageByURL/MIC_112002000001000026001.jpeg"
      },
      "geometry": {
        "type": "Point",
        "coordinates": [
          77.6422222,
          12.7319444
        ]
      }
    },
    {
      "type": "Feature",
      "properties": {
        "census_code": "1/12/002/000001/000067/001",
        "village": "KAGGALIPURA",
        "block_tehsil": "ANEKAL",
        "subdistrict": "Anekal",
        "district": "Bengaluru Urban",
        "rural_or_urban": "Rural",
        "water_body_type_code": "02",
        "water_body_type": "Tank",
        "water_body_ownership": "Panchayat",
        "water_body_nature": "Natural",
        "in_use": "No",
        "encroached": "No",
        "storage_capacity_original": 4.0,
        "max_depth_m": null,
        "water_spread_area": 0.0,
        "image_path": "https://mi6census.mowr.gov.in/mic/getWaterBodyImageByURL/MIC_112002000001000067001.jpeg"
      },
      "geometry": {
        "type": "Point",
        "coordinates": [
          77.73,
          12.8525
        ]
      }
    },
    {
      "type": "Feature",
      "properties": {
        "census_code": "1/12/002/000001/000022/001",
        "village": "KALBALU",
        "block_tehsil": "ANEKAL",
        "subdistrict": "Anekal",
        "district": "Bengaluru Urban",
        "rural_or_urban": "Rural",
        "water_body_type_code": "02",
        "water_body_type": "Tank",
        "water_body_ownership": "Panchayat",
        "water_body_nature": "Natural",
        "in_use": "No",
        "encroached": "No",
        "storage_capacity_original": 4.0,
        "max_depth_m": null,
        "water_spread_area": 0.0,
        "image_path": "https://mi6census.mowr.gov.in/mic/getWaterBodyImageByURL/MIC_112002000001000022001.jpeg"
      },
      "geometry": {
        "type": "Point",
        "coordinates": [
          77.6197222,
          12.7744444
        ]
      }
    },
    {
      "type": "Feature",
      "properties": {
        "census_code": "1/12/002/000001/000008/001",
        "village": "KALKERE",
        "block_tehsil": "ANEKAL",
        "subdistrict": "Anekal",
        "district": "Bengaluru Urban",
        "rural_or_urban": "Rural",
        "water_body_type_code": "02",
        "water_body_type": "Tank",
        "water_body_ownership": "Panchayat",
        "water_body_nature": "Natural",
        "in_use": "No",
        "encroached": "No",
        "storage_capacity_original": 4.0,
        "max_depth_m": null,
        "water_spread_area": 0.0,
        "image_path": "https://mi6census.mowr.gov.in/mic/getWaterBodyImageByURL/MIC_112002000001000008001.jpeg"
      },
      "geometry": {
        "type": "Point",
        "coordinates": [
          77.59,
          12.8302778
        ]
      }
    },
    {
      "type": "Feature",
      "properties": {
        "census_code": "1/12/002/000001/000115/001",
        "village": "KAMANAHALLI",
        "block_tehsil": "ANEKAL",
        "subdistrict": "Anekal",
        "district": "Bengaluru Urban",
        "rural_or_urban": "Rural",
        "water_body_type_code": "02",
        "water_body_type": "Tank",
        "water_body_ownership": "Panchayat",
        "water_body_nature": "Natural",
        "in_use": "No",
        "encroached": "No",
        "storage_capacity_original": 4.0,
        "max_depth_m": null,
        "water_spread_area": 0.0,
        "image_path": "https://mi6census.mowr.gov.in/mic/getWaterBodyImageByURL/MIC_112002000001000115001.jpeg"
      },
      "geometry": {
        "type": "Point",
        "coordinates": [
          77.7980556,
          12.91
        ]
      }
    },
    {
      "type": "Feature",
      "properties": {
        "census_code": "1/12/002/000001/000217/001",
        "village": "KARPUR",
        "block_tehsil": "ANEKAL",
        "subdistrict": "Anekal",
        "district": "Bengaluru Urban",
        "rural_or_urban": "Rural",
        "water_body_type_code": "02",
        "water_body_type": "Tank",
        "water_body_ownership": "Panchayat",
        "water_body_nature": "Natural",
        "in_use": "No",
        "encroached": "No",
        "storage_capacity_original": 4.0,
        "max_depth_m": null,
        "water_spread_area": 0.0,
        "image_path": "https://mi6census.mowr.gov.in/mic/getWaterBodyImageByURL/MIC_112002000001000217001.jpeg"
      },
      "geometry": {
        "type": "Point",
        "coordinates": [
          77.7133333,
          12.7277778
        ]
      }
    },
    {
      "type": "Feature",
      "properties": {
        "census_code": "1/12/002/000001/000180/001",
        "village": "KEMPAVADERAHALLI",
        "block_tehsil": "ANEKAL",
        "subdistrict": "Anekal",
        "district": "Bengaluru Urban",
        "rural_or_urban": "Rural",
        "water_body_type_code": "02",
        "water_body_type": "Tank",
        "water_body_ownership": "Panchayat",
        "water_body_nature": "Natural",
        "in_use": "No",
        "encroached": "No",
        "storage_capacity_original": 4.0,
        "max_depth_m": null,
        "water_spread_area": 0.0,
        "image_path": "https://mi6census.mowr.gov.in/mic/getWaterBodyImageByURL/MIC_112002000001000180001.jpeg"
      },
      "geometry": {
        "type": "Point",
        "coordinates": [
          77.6836111,
          12.7416667
        ]
      }
    },
    {
      "type": "Feature",
      "properties": {
        "census_code": "1/12/002/000001/000150/001",
        "village": "KODLIPURA",
        "block_tehsil": "ANEKAL",
        "subdistrict": "Anekal",
        "district": "Bengaluru Urban",
        "rural_or_urban": "Rural",
        "water_body_type_code": "02",
        "water_body_type": "Tank",
        "water_body_ownership": "Panchayat",
        "water_body_nature": "Natural",
        "in_use": "No",
        "encroached": "No",
        "storage_capacity_original": 4.0,
        "max_depth_m": null,
        "water_spread_area": 0.0,
        "image_path": "https://mi6census.mowr.gov.in/mic/getWaterBodyImageByURL/MIC_112002000001000150001.jpeg"
      },
      "geometry": {
        "type": "Point",
        "coordinates": [
          77.7594444,
          12.7422222
        ]
      }
    },
    {
      "type": "Feature",
      "properties": {
        "census_code": "1/12/002/000001/000042/003",
        "village": "KONASANDRA",
        "block_tehsil": "ANEKAL",
        "subdistrict": "Anekal",
        "district": "Bengaluru Urban",
        "rural_or_urban": "Rural",
        "water_body_type_code": "02",
        "water_body_type": "Tank",
        "water_body_ownership": "Panchayat",
        "water_body_nature": "Natural",
        "in_use": "No",
        "encroached": "No",
        "storage_capacity_original": 4.0,
        "max_depth_m": null,
        "water_spread_area": 0.0,
        "image_path": "https://mi6census.mowr.gov.in/mic/getWaterBodyImageByURL/MIC_112002000001000042003.jpeg"
      },
      "geometry": {
        "type": "Point",
        "coordinates": [
          77.6369444,
          12.7627778
        ]
      }
    },
    {
      "type": "Feature",
      "properties": {
        "census_code": "1/12/002/000001/000042/001",
        "village": "KONASANDRA",
        "block_tehsil": "ANEKAL",
        "subdistrict": "Anekal",
        "district": "Bengaluru Urban",
        "rural_or_urban": "Rural",
        "water_body_type_code": "02",
        "water_body_type": "Tank",
        "water_body_ownership": "Panchayat",
        "water_body_nature": "Natural",
        "in_use": "No",
        "encroached": "No",
        "storage_capacity_original": 4.0,
        "max_depth_m": null,
        "water_spread_area": 0.0,
        "image_path": "https://mi6census.mowr.gov.in/mic/getWaterBodyImageByURL/MIC_112002000001000042001.jpeg"
      },
      "geometry": {
        "type": "Point",
        "coordinates": [
          77.6375,
          12.7619444
        ]
      }
    },
    {
      "type": "Feature",
      "properties": {
        "census_code": "1/12/002/000001/000042/002",
        "village": "KONASANDRA",
        "block_tehsil": "ANEKAL",
        "subdistrict": "Anekal",
        "district": "Bengaluru Urban",
        "rural_or_urban": "Rural",
        "water_body_type_code": "02",
        "water_body_type": "Tank",
        "water_body_ownership": "Panchayat",
        "water_body_nature": "Natural",
        "in_use": "No",
        "encroached": "No",
        "storage_capacity_original": 4.0,
        "max_depth_m": null,
        "water_spread_area": 0.0,
        "image_path": "https://mi6census.mowr.gov.in/mic/getWaterBodyImageByURL/MIC_112002000001000042002.jpeg"
      },
      "geometry": {
        "type": "Point",
        "coordinates": [
          77.6366667,
          12.7625
        ]
      }
    },
    {
      "type": "Feature",
      "properties": {
        "census_code": "1/12/002/000001/000030/001",
        "village": "KOPPA",
        "block_tehsil": "ANEKAL",
        "subdistrict": "Anekal",
        "district": "Bengaluru Urban",
        "rural_or_urban": "Rural",
        "water_body_type_code": "02",
        "water_body_type": "Tank",
        "water_body_ownership": "Panchayat",
        "water_body_nature": "Natural",
        "in_use": "No",
        "encroached": "No",
        "storage_capacity_original": 4.0,
        "max_depth_m": null,
        "water_spread_area": 0.0,
        "image_path": "https://mi6census.mowr.gov.in/mic/getWaterBodyImageByURL/MIC_112002000001000030001.jpeg"
      },
      "geometry": {
        "type": "Point",
        "coordinates": [
          77.6272222,
          12.8011111
        ]
      }
    },
    {
      "type": "Feature",
      "properties": {
        "census_code": "1/12/002/000001/000095/001",
        "village": "KOTIGANAHALLI",
        "block_tehsil": "ANEKAL",
        "subdistrict": "Anekal",
        "district": "Bengaluru Urban",
        "rural_or_urban": "Rural",
        "water_body_type_code": "02",
        "water_body_type": "Tank",
        "water_body_ownership": "Panchayat",
        "water_body_nature": "Natural",
        "in_use": "No",
        "encroached": "No",
        "storage_capacity_original": 4.0,
        "max_depth_m": null,
        "water_spread_area": 0.0,
        "image_path": "https://mi6census.mowr.gov.in/mic/getWaterBodyImageByURL/MIC_112002000001000095001.jpeg"
      },
      "geometry": {
        "type": "Point",
        "coordinates": [
          77.7683333,
          12.8338889
        ]
      }
    },
    {
      "type": "Feature",
      "properties": {
        "census_code": "1/12/002/000001/000143/001",
        "village": "KRISHNASAGARA",
        "block_tehsil": "ANEKAL",
        "subdistrict": "Anekal",
        "district": "Bengaluru Urban",
        "rural_or_urban": "Rural",
        "water_body_type_code": "02",
        "water_body_type": "Tank",
        "water_body_ownership": "Panchayat",
        "water_body_nature": "Natural",
        "in_use": "No",
        "encroached": "No",
        "storage_capacity_original": 4.0,
        "max_depth_m": null,
        "water_spread_area": 0.0,
        "image_path": "https://mi6census.mowr.gov.in/mic/getWaterBodyImageByURL/MIC_112002000001000143001.jpeg"
      },
      "geometry": {
        "type": "Point",
        "coordinates": [
          77.7486111,
          12.7838889
        ]
      }
    },
    {
      "type": "Feature",
      "properties": {
        "census_code": "1/12/002/000001/000114/001",
        "village": "KUGUR",
        "block_tehsil": "ANEKAL",
        "subdistrict": "Anekal",
        "district": "Bengaluru Urban",
        "rural_or_urban": "Rural",
        "water_body_type_code": "02",
        "water_body_type": "Tank",
        "water_body_ownership": "Panchayat",
        "water_body_nature": "Natural",
        "in_use": "No",
        "encroached": "No",
        "storage_capacity_original": 4.0,
        "max_depth_m": null,
        "water_spread_area": 0.0,
        "image_path": "https://mi6census.mowr.gov.in/mic/getWaterBodyImageByURL/MIC_112002000001000114001.jpeg"
      },
      "geometry": {
        "type": "Point",
        "coordinates": [
          77.8083333,
          12.9108333
        ]
      }
    },
    {
      "type": "Feature",
      "properties": {
        "census_code": "1/12/002/000001/000164/001",
        "village": "KUMBARANAHALLI",
        "block_tehsil": "ANEKAL",
        "subdistrict": "Anekal",
        "district": "Bengaluru Urban",
        "rural_or_urban": "Rural",
        "water_body_type_code": "02",
        "water_body_type": "Tank",
        "water_body_ownership": "Panchayat",
        "water_body_nature": "Natural",
        "in_use": "No",
        "encroached": "No",
        "storage_capacity_original": 4.0,
        "max_depth_m": null,
        "water_spread_area": 0.0,
        "image_path": "https://mi6census.mowr.gov.in/mic/getWaterBodyImageByURL/MIC_112002000001000164001.jpeg"
      },
      "geometry": {
        "type": "Point",
        "coordinates": [
          77.6608333,
          12.7502778
        ]
      }
    },
    {
      "type": "Feature",
      "properties": {
        "census_code": "1/12/002/000001/000211/001",
        "village": "KURUBARAHATTI",
        "block_tehsil": "ANEKAL",
        "subdistrict": "Anekal",
        "district": "Bengaluru Urban",
        "rural_or_urban": "Rural",
        "water_body_type_code": "02",
        "water_body_type": "Tank",
        "water_body_ownership": "Panchayat",
        "water_body_nature": "Natural",
        "in_use": "No",
        "encroached": "No",
        "storage_capacity_original": 4.0,
        "max_depth_m": null,
        "water_spread_area": 0.0,
        "image_path": "https://mi6census.mowr.gov.in/mic/getWaterBodyImageByURL/MIC_112002000001000211001.jpeg"
      },
      "geometry": {
        "type": "Point",
        "coordinates": [
          77.7044444,
          12.7066667
        ]
      }
    },
    {
      "type": "Feature",
      "properties": {
        "census_code": "1/12/002/000001/000116/001",
        "village": "KUTHAGANAHALLI",
        "block_tehsil": "ANEKAL",
        "subdistrict": "Anekal",
        "district": "Bengaluru Urban",
        "rural_or_urban": "Rural",
        "water_body_type_code": "02",
        "water_body_type": "Tank",
        "water_body_ownership": "Panchayat",
        "water_body_nature": "Natural",
        "in_use": "No",
        "encroached": "No",
        "storage_capacity_original": 4.0,
        "max_depth_m": null,
        "water_spread_area": 0.0,
        "image_path": "https://mi6census.mowr.gov.in/mic/getWaterBodyImageByURL/MIC_112002000001000116001.jpeg"
      },
      "geometry": {
        "type": "Point",
        "coordinates": [
          77.7980556,
          12.8966667
        ]
      }
    },
    {
      "type": "Feature",
      "properties": {
        "census_code": "1/12/002/000001/000116/002",
        "village": "KUTHAGANAHALLI",
        "block_tehsil": "ANEKAL",
        "subdistrict": "Anekal",
        "district": "Bengaluru Urban",
        "rural_or_urban": "Rural",
        "water_body_type_code": "02",
        "water_body_type": "Tank",
        "water_body_ownership": "Panchayat",
        "water_body_nature": "Natural",
        "in_use": "No",
        "encroached": "No",
        "storage_capacity_original": 4.0,
        "max_depth_m": null,
        "water_spread_area": 0.0,
        "image_path": "https://mi6census.mowr.gov.in/mic/getWaterBodyImageByURL/MIC_112002000001000116002.jpeg"
      },
      "geometry": {
        "type": "Point",
        "coordinates": [
          77.7955556,
          12.9083333
        ]
      }
    },
    {
      "type": "Feature",
      "properties": {
        "census_code": "1/12/002/000001/000038/001",
        "village": "KYALASANAHALLI",
        "block_tehsil": "ANEKAL",
        "subdistrict": "Anekal",
        "district": "Bengaluru Urban",
        "rural_or_urban": "Rural",
        "water_body_type_code": "02",
        "water_body_type": "Tank",
        "water_body_ownership": "Panchayat",
        "water_body_nature": "Natural",
        "in_use": "No",
        "encroached": "No",
        "storage_capacity_original": 4.0,
        "max_depth_m": null,
        "water_spread_area": 0.0,
        "image_path": "https://mi6census.mowr.gov.in/mic/getWaterBodyImageByURL/MIC_112002000001000038001.jpeg"
      },
      "geometry": {
        "type": "Point",
        "coordinates": [
          77.6558333,
          12.8036111
        ]
      }
    },
    {
      "type": "Feature",
      "properties": {
        "census_code": "1/12/002/000001/000010/001",
        "village": "LAXMIPURA",
        "block_tehsil": "ANEKAL",
        "subdistrict": "Anekal",
        "district": "Bengaluru Urban",
        "rural_or_urban": "Rural",
        "water_body_type_code": "02",
        "water_body_type": "Tank",
        "water_body_ownership": "Panchayat",
        "water_body_nature": "Natural",
        "in_use": "No",
        "encroached": "No",
        "storage_capacity_original": 4.0,
        "max_depth_m": null,
        "water_spread_area": 0.0,
        "image_path": "https://mi6census.mowr.gov.in/mic/getWaterBodyImageByURL/MIC_112002000001000010001.jpeg"
      },
      "geometry": {
        "type": "Point",
        "coordinates": [
          77.5944444,
          12.8236111
        ]
      }
    },
    {
      "type": "Feature",
      "properties": {
        "census_code": "1/12/002/000001/000041/001",
        "village": "MADA PATNA",
        "block_tehsil": "ANEKAL",
        "subdistrict": "Anekal",
        "district": "Bengaluru Urban",
        "rural_or_urban": "Rural",
        "water_body_type_code": "02",
        "water_body_type": "Tank",
        "water_body_ownership": "Panchayat",
        "water_body_nature": "Natural",
        "in_use": "No",
        "encroached": "No",
        "storage_capacity_original": 4.0,
        "max_depth_m": null,
        "water_spread_area": 0.0,
        "image_path": "https://mi6census.mowr.gov.in/mic/getWaterBodyImageByURL/MIC_112002000001000041001.jpeg"
      },
      "geometry": {
        "type": "Point",
        "coordinates": [
          77.6455556,
          12.7805556
        ]
      }
    },
    {
      "type": "Feature",
      "properties": {
        "census_code": "1/12/002/000001/000186/002",
        "village": "MADIVALA",
        "block_tehsil": "ANEKAL",
        "subdistrict": "Anekal",
        "district": "Bengaluru Urban",
        "rural_or_urban": "Rural",
        "water_body_type_code": "02",
        "water_body_type": "Tank",
        "water_body_ownership": "Panchayat",
        "water_body_nature": "Natural",
        "in_use": "No",
        "encroached": "No",
        "storage_capacity_original": 4.0,
        "max_depth_m": null,
        "water_spread_area": 0.0,
        "image_path": "https://mi6census.mowr.gov.in/mic/getWaterBodyImageByURL/MIC_112002000001000186002.jpeg"
      },
      "geometry": {
        "type": "Point",
        "coordinates": [
          77.735,
          12.7541667
        ]
      }
    },
    {
      "type": "Feature",
      "properties": {
        "census_code": "1/12/002/000001/000186/001",
        "village": "MADIVALA",
        "block_tehsil": "ANEKAL",
        "subdistrict": "Anekal",
        "district": "Bengaluru Urban",
        "rural_or_urban": "Rural",
        "water_body_type_code": "02",
        "water_body_type": "Tank",
        "water_body_ownership": "Panchayat",
        "water_body_nature": "Natural",
        "in_use": "No",
        "encroached": "No",
        "storage_capacity_original": 4.0,
        "max_depth_m": null,
        "water_spread_area": 0.0,
        "image_path": "https://mi6census.mowr.gov.in/mic/getWaterBodyImageByURL/MIC_112002000001000186001.jpeg"
      },
      "geometry": {
        "type": "Point",
        "coordinates": [
          77.7186111,
          12.7713889
        ]
      }
    },
    {
      "type": "Feature",
      "properties": {
        "census_code": "1/12/002/000001/000119/001",
        "village": "MAHAL CHOWDADENAHALLI",
        "block_tehsil": "ANEKAL",
        "subdistrict": "Anekal",
        "district": "Bengaluru Urban",
        "rural_or_urban": "Rural",
        "water_body_type_code": "02",
        "water_body_type": "Tank",
        "water_body_ownership": "Panchayat",
        "water_body_nature": "Natural",
        "in_use": "No",
        "encroached": "No",
        "storage_capacity_original": 4.0,
        "max_depth_m": null,
        "water_spread_area": 0.0,
        "image_path": "https://mi6census.mowr.gov.in/mic/getWaterBodyImageByURL/MIC_112002000001000119001.jpeg"
      },
      "geometry": {
        "type": "Point",
        "coordinates": [
          77.8111111,
          12.8719444
        ]
      }
    },
    {
      "type": "Feature",
      "properties": {
        "census_code": "1/12/002/000001/000023/002",
        "village": "MAHANTHALINGAPURA",
        "block_tehsil": "ANEKAL",
        "subdistrict": "Anekal",
        "district": "Bengaluru Urban",
        "rural_or_urban": "Rural",
        "water_body_type_code": "02",
        "water_body_type": "Tank",
        "water_body_ownership": "Panchayat",
        "water_body_nature": "Natural",
        "in_use": "No",
        "encroached": "No",
        "storage_capacity_original": 4.0,
        "max_depth_m": null,
        "water_spread_area": 0.0,
        "image_path": "https://mi6census.mowr.gov.in/mic/getWaterBodyImageByURL/MIC_112002000001000023002.jpeg"
      },
      "geometry": {
        "type": "Point",
        "coordinates": [
          77.6186111,
          12.7655556
        ]
      }
    },
    {
      "type": "Feature",
      "properties": {
        "census_code": "1/12/002/000001/000023/001",
        "village": "MAHANTHALINGAPURA",
        "block_tehsil": "ANEKAL",
        "subdistrict": "Anekal",
        "district": "Bengaluru Urban",
        "rural_or_urban": "Rural",
        "water_body_type_code": "02",
        "water_body_type": "Tank",
        "water_body_ownership": "Panchayat",
        "water_body_nature": "Natural",
        "in_use": "No",
        "encroached": "No",
        "storage_capacity_original": 4.0,
        "max_depth_m": null,
        "water_spread_area": 0.0,
        "image_path": "https://mi6census.mowr.gov.in/mic/getWaterBodyImageByURL/MIC_112002000001000023001.jpeg"
      },
      "geometry": {
        "type": "Point",
        "coordinates": [
          77.6186111,
          12.7655556
        ]
      }
    },
    {
      "type": "Feature",
      "properties": {
        "census_code": "1/12/002/000001/000154/003",
        "village": "MANCHANAHALLI",
        "block_tehsil": "ANEKAL",
        "subdistrict": "Anekal",
        "district": "Bengaluru Urban",
        "rural_or_urban": "Rural",
        "water_body_type_code": "02",
        "water_body_type": "Tank",
        "water_body_ownership": "Panchayat",
        "water_body_nature": "Natural",
        "in_use": "No",
        "encroached": "No",
        "storage_capacity_original": 4.0,
        "max_depth_m": null,
        "water_spread_area": 0.0,
        "image_path": "https://mi6census.mowr.gov.in/mic/getWaterBodyImageByURL/MIC_112002000001000154003.jpeg"
      },
      "geometry": {
        "type": "Point",
        "coordinates": [
          77.7677778,
          12.7677778
        ]
      }
    },
    {
      "type": "Feature",
      "properties": {
        "census_code": "1/12/002/000001/000154/002",
        "village": "MANCHANAHALLI",
        "block_tehsil": "ANEKAL",
        "subdistrict": "Anekal",
        "district": "Bengaluru Urban",
        "rural_or_urban": "Rural",
        "water_body_type_code": "02",
        "water_body_type": "Tank",
        "water_body_ownership": "Panchayat",
        "water_body_nature": "Natural",
        "in_use": "No",
        "encroached": "No",
        "storage_capacity_original": 4.0,
        "max_depth_m": null,
        "water_spread_area": 0.0,
        "image_path": "https://mi6census.mowr.gov.in/mic/getWaterBodyImageByURL/MIC_112002000001000154002.jpeg"
      },
      "geometry": {
        "type": "Point",
        "coordinates": [
          77.7519444,
          12.7636111
        ]
      }
    },
    {
      "type": "Feature",
      "properties": {
        "census_code": "1/12/002/000001/000154/001",
        "village": "MANCHANAHALLI",
        "block_tehsil": "ANEKAL",
        "subdistrict": "Anekal",
        "district": "Bengaluru Urban",
        "rural_or_urban": "Rural",
        "water_body_type_code": "02",
        "water_body_type": "Tank",
        "water_body_ownership": "Panchayat",
        "water_body_nature": "Natural",
        "in_use": "No",
        "encroached": "No",
        "storage_capacity_original": 4.0,
        "max_depth_m": null,
        "water_spread_area": 0.0,
        "image_path": "https://mi6census.mowr.gov.in/mic/getWaterBodyImageByURL/MIC_112002000001000154001.jpeg"
      },
      "geometry": {
        "type": "Point",
        "coordinates": [
          77.7527778,
          12.7752778
        ]
      }
    },
    {
      "type": "Feature",
      "properties": {
        "census_code": "1/12/002/000001/000012/003",
        "village": "MANTAPA",
        "block_tehsil": "ANEKAL",
        "subdistrict": "Anekal",
        "district": "Bengaluru Urban",
        "rural_or_urban": "Rural",
        "water_body_type_code": "02",
        "water_body_type": "Tank",
        "water_body_ownership": "Panchayat",
        "water_body_nature": "Natural",
        "in_use": "No",
        "encroached": "No",
        "storage_capacity_original": 4.0,
        "max_depth_m": null,
        "water_spread_area": 0.0,
        "image_path": "https://mi6census.mowr.gov.in/mic/getWaterBodyImageByURL/MIC_112002000001000012003.jpeg"
      },
      "geometry": {
        "type": "Point",
        "coordinates": [
          77.5922222,
          12.7952778
        ]
      }
    },
    {
      "type": "Feature",
      "properties": {
        "census_code": "1/12/002/000001/000012/002",
        "village": "MANTAPA",
        "block_tehsil": "ANEKAL",
        "subdistrict": "Anekal",
        "district": "Bengaluru Urban",
        "rural_or_urban": "Rural",
        "water_body_type_code": "02",
        "water_body_type": "Tank",
        "water_body_ownership": "Panchayat",
        "water_body_nature": "Natural",
        "in_use": "No",
        "encroached": "No",
        "storage_capacity_original": 4.0,
        "max_depth_m": null,
        "water_spread_area": 0.0,
        "image_path": "https://mi6census.mowr.gov.in/mic/getWaterBodyImageByURL/MIC_112002000001000012002.jpeg"
      },
      "geometry": {
        "type": "Point",
        "coordinates": [
          77.5944444,
          12.8141667
        ]
      }
    },
    {
      "type": "Feature",
      "properties": {
        "census_code": "1/12/002/000001/000012/001",
        "village": "MANTAPA",
        "block_tehsil": "ANEKAL",
        "subdistrict": "Anekal",
        "district": "Bengaluru Urban",
        "rural_or_urban": "Rural",
        "water_body_type_code": "02",
        "water_body_type": "Tank",
        "water_body_ownership": "Panchayat",
        "water_body_nature": "Natural",
        "in_use": "No",
        "encroached": "No",
        "storage_capacity_original": 4.0,
        "max_depth_m": null,
        "water_spread_area": 0.0,
        "image_path": "https://mi6census.mowr.gov.in/mic/getWaterBodyImageByURL/MIC_112002000001000012001.jpeg"
      },
      "geometry": {
        "type": "Point",
        "coordinates": [
          77.5941667,
          12.8077778
        ]
      }
    },
    {
      "type": "Feature",
      "properties": {
        "census_code": "1/12/002/000001/000161/002",
        "village": "MARANAIKANAHALLI",
        "block_tehsil": "ANEKAL",
        "subdistrict": "Anekal",
        "district": "Bengaluru Urban",
        "rural_or_urban": "Rural",
        "water_body_type_code": "02",
        "water_body_type": "Tank",
        "water_body_ownership": "Panchayat",
        "water_body_nature": "Natural",
        "in_use": "No",
        "encroached": "No",
        "storage_capacity_original": 4.0,
        "max_depth_m": null,
        "water_spread_area": 0.0,
        "image_path": "https://mi6census.mowr.gov.in/mic/getWaterBodyImageByURL/MIC_112002000001000161002.jpeg"
      },
      "geometry": {
        "type": "Point",
        "coordinates": [
          77.7730556,
          12.7238889
        ]
      }
    },
    {
      "type": "Feature",
      "properties": {
        "census_code": "1/12/002/000001/000161/001",
        "village": "MARANAIKANAHALLI",
        "block_tehsil": "ANEKAL",
        "subdistrict": "Anekal",
        "district": "Bengaluru Urban",
        "rural_or_urban": "Rural",
        "water_body_type_code": "02",
        "water_body_type": "Tank",
        "water_body_ownership": "Panchayat",
        "water_body_nature": "Natural",
        "in_use": "No",
        "encroached": "No",
        "storage_capacity_original": 4.0,
        "max_depth_m": null,
        "water_spread_area": 0.0,
        "image_path": "https://mi6census.mowr.gov.in/mic/getWaterBodyImageByURL/MIC_112002000001000161001.jpeg"
      },
      "geometry": {
        "type": "Point",
        "coordinates": [
          77.77,
          12.7197222
        ]
      }
    },
    {
      "type": "Feature",
      "properties": {
        "census_code": "1/12/002/000001/000184/001",
        "village": "MARASUR",
        "block_tehsil": "ANEKAL",
        "subdistrict": "Anekal",
        "district": "Bengaluru Urban",
        "rural_or_urban": "Rural",
        "water_body_type_code": "02",
        "water_body_type": "Tank",
        "water_body_ownership": "Panchayat",
        "water_body_nature": "Natural",
        "in_use": "No",
        "encroached": "No",
        "storage_capacity_original": 4.0,
        "max_depth_m": null,
        "water_spread_area": 0.0,
        "image_path": "https://mi6census.mowr.gov.in/mic/getWaterBodyImageByURL/MIC_112002000001000184001.jpeg"
      },
      "geometry": {
        "type": "Point",
        "coordinates": [
          77.7161111,
          12.7577778
        ]
      }
    },
    {
      "type": "Feature",
      "properties": {
        "census_code": "1/12/002/000001/000184/002",
        "village": "MARASUR",
        "block_tehsil": "ANEKAL",
        "subdistrict": "Anekal",
        "district": "Bengaluru Urban",
        "rural_or_urban": "Rural",
        "water_body_type_code": "02",
        "water_body_type": "Tank",
        "water_body_ownership": "Panchayat",
        "water_body_nature": "Natural",
        "in_use": "No",
        "encroached": "No",
        "storage_capacity_original": 4.0,
        "max_depth_m": null,
        "water_spread_area": 0.0,
        "image_path": "https://mi6census.mowr.gov.in/mic/getWaterBodyImageByURL/MIC_112002000001000184002.jpeg"
      },
      "geometry": {
        "type": "Point",
        "coordinates": [
          77.7097222,
          12.7608333
        ]
      }
    },
    {
      "type": "Feature",
      "properties": {
        "census_code": "1/12/002/000001/000184/003",
        "village": "MARASUR",
        "block_tehsil": "ANEKAL",
        "subdistrict": "Anekal",
        "district": "Bengaluru Urban",
        "rural_or_urban": "Rural",
        "water_body_type_code": "02",
        "water_body_type": "Tank",
        "water_body_ownership": "Panchayat",
        "water_body_nature": "Natural",
        "in_use": "No",
        "encroached": "No",
        "storage_capacity_original": 4.0,
        "max_depth_m": null,
        "water_spread_area": 0.0,
        "image_path": "https://mi6census.mowr.gov.in/mic/getWaterBodyImageByURL/MIC_112002000001000184003.jpeg"
      },
      "geometry": {
        "type": "Point",
        "coordinates": [
          77.6933333,
          12.7702778
        ]
      }
    },
    {
      "type": "Feature",
      "properties": {
        "census_code": "1/12/002/000001/000188/001",
        "village": "MARASUR AGRAHARA",
        "block_tehsil": "ANEKAL",
        "subdistrict": "Anekal",
        "district": "Bengaluru Urban",
        "rural_or_urban": "Rural",
        "water_body_type_code": "02",
        "water_body_type": "Tank",
        "water_body_ownership": "Panchayat",
        "water_body_nature": "Natural",
        "in_use": "No",
        "encroached": "No",
        "storage_capacity_original": 4.0,
        "max_depth_m": null,
        "water_spread_area": 0.0,
        "image_path": "https://mi6census.mowr.gov.in/mic/getWaterBodyImageByURL/MIC_112002000001000188001.jpeg"
      },
      "geometry": {
        "type": "Point",
        "coordinates": [
          77.7238889,
          12.7636111
        ]
      }
    },
    {
      "type": "Feature",
      "properties": {
        "census_code": "1/12/002/000001/000049/001",
        "village": "MASTHENA HALLI",
        "block_tehsil": "ANEKAL",
        "subdistrict": "Anekal",
        "district": "Bengaluru Urban",
        "rural_or_urban": "Rural",
        "water_body_type_code": "03",
        "water_body_type": "Lake",
        "water_body_ownership": "Panchayat",
        "water_body_nature": "Natural",
        "in_use": "No",
        "encroached": "No",
        "storage_capacity_original": 4.0,
        "max_depth_m": null,
        "water_spread_area": 0.0,
        "image_path": "https://mi6census.mowr.gov.in/mic/getWaterBodyImageByURL/MIC_112002000001000049001.jpeg"
      },
      "geometry": {
        "type": "Point",
        "coordinates": [
          77.6622222,
          12.7902778
        ]
      }
    },
    {
      "type": "Feature",
      "properties": {
        "census_code": "1/12/002/000001/000122/001",
        "village": "MATTANAHALLI",
        "block_tehsil": "ANEKAL",
        "subdistrict": "Anekal",
        "district": "Bengaluru Urban",
        "rural_or_urban": "Rural",
        "water_body_type_code": "02",
        "water_body_type": "Tank",
        "water_body_ownership": "Panchayat",
        "water_body_nature": "Natural",
        "in_use": "No",
        "encroached": "No",
        "storage_capacity_original": 4.0,
        "max_depth_m": null,
        "water_spread_area": 0.0,
        "image_path": "https://mi6census.mowr.gov.in/mic/getWaterBodyImageByURL/MIC_112002000001000122001.jpeg"
      },
      "geometry": {
        "type": "Point",
        "coordinates": [
          77.8213889,
          12.8622222
        ]
      }
    },
    {
      "type": "Feature",
      "properties": {
        "census_code": "1/12/002/000001/000147/002",
        "village": "MAYASANDRA",
        "block_tehsil": "ANEKAL",
        "subdistrict": "Anekal",
        "district": "Bengaluru Urban",
        "rural_or_urban": "Rural",
        "water_body_type_code": "02",
        "water_body_type": "Tank",
        "water_body_ownership": "Panchayat",
        "water_body_nature": "Natural",
        "in_use": "No",
        "encroached": "No",
        "storage_capacity_original": 4.0,
        "max_depth_m": null,
        "water_spread_area": 0.0,
        "image_path": "https://mi6census.mowr.gov.in/mic/getWaterBodyImageByURL/MIC_112002000001000147002.jpeg"
      },
      "geometry": {
        "type": "Point",
        "coordinates": [
          77.7466667,
          12.7494444
        ]
      }
    },
    {
      "type": "Feature",
      "properties": {
        "census_code": "1/12/002/000001/000147/004",
        "village": "MAYASANDRA",
        "block_tehsil": "ANEKAL",
        "subdistrict": "Anekal",
        "district": "Bengaluru Urban",
        "rural_or_urban": "Rural",
        "water_body_type_code": "02",
        "water_body_type": "Tank",
        "water_body_ownership": "Panchayat",
        "water_body_nature": "Natural",
        "in_use": "No",
        "encroached": "No",
        "storage_capacity_original": 4.0,
        "max_depth_m": null,
        "water_spread_area": 0.0,
        "image_path": "https://mi6census.mowr.gov.in/mic/getWaterBodyImageByURL/MIC_112002000001000147004.jpeg"
      },
      "geometry": {
        "type": "Point",
        "coordinates": [
          77.7519444,
          12.7575
        ]
      }
    },
    {
      "type": "Feature",
      "properties": {
        "census_code": "1/12/002/000001/000147/003",
        "village": "MAYASANDRA",
        "block_tehsil": "ANEKAL",
        "subdistrict": "Anekal",
        "district": "Bengaluru Urban",
        "rural_or_urban": "Rural",
        "water_body_type_code": "02",
        "water_body_type": "Tank",
        "water_body_ownership": "Panchayat",
        "water_body_nature": "Natural",
        "in_use": "No",
        "encroached": "No",
        "storage_capacity_original": 4.0,
        "max_depth_m": null,
        "water_spread_area": 0.0,
        "image_path": "https://mi6census.mowr.gov.in/mic/getWaterBodyImageByURL/MIC_112002000001000147003.jpeg"
      },
      "geometry": {
        "type": "Point",
        "coordinates": [
          77.7233333,
          12.7805556
        ]
      }
    },
    {
      "type": "Feature",
      "properties": {
        "census_code": "1/12/002/000001/000147/001",
        "village": "MAYASANDRA",
        "block_tehsil": "ANEKAL",
        "subdistrict": "Anekal",
        "district": "Bengaluru Urban",
        "rural_or_urban": "Rural",
        "water_body_type_code": "02",
        "water_body_type": "Tank",
        "water_body_ownership": "Panchayat",
        "water_body_nature": "Natural",
        "in_use": "No",
        "encroached": "No",
        "storage_capacity_original": 4.0,
        "max_depth_m": null,
        "water_spread_area": 0.0,
        "image_path": "https://mi6census.mowr.gov.in/mic/getWaterBodyImageByURL/MIC_112002000001000147001.jpeg"
      },
      "geometry": {
        "type": "Point",
        "coordinates": [
          77.7513889,
          12.7486111
        ]
      }
    },
    {
      "type": "Feature",
      "properties": {
        "census_code": "1/12/002/000001/000148/001",
        "village": "M.MEDIHALLI",
        "block_tehsil": "ANEKAL",
        "subdistrict": "Anekal",
        "district": "Bengaluru Urban",
        "rural_or_urban": "Rural",
        "water_body_type_code": "02",
        "water_body_type": "Tank",
        "water_body_ownership": "Panchayat",
        "water_body_nature": "Natural",
        "in_use": "No",
        "encroached": "No",
        "storage_capacity_original": 4.0,
        "max_depth_m": null,
        "water_spread_area": 0.0,
        "image_path": "https://mi6census.mowr.gov.in/mic/getWaterBodyImageByURL/MIC_112002000001000148001.jpeg"
      },
      "geometry": {
        "type": "Point",
        "coordinates": [
          77.7408333,
          12.7313889
        ]
      }
    },
    {
      "type": "Feature",
      "properties": {
        "census_code": "1/12/002/000001/000113/001",
        "village": "MUGALUR",
        "block_tehsil": "ANEKAL",
        "subdistrict": "Anekal",
        "district": "Bengaluru Urban",
        "rural_or_urban": "Rural",
        "water_body_type_code": "02",
        "water_body_type": "Tank",
        "water_body_ownership": "Panchayat",
        "water_body_nature": "Natural",
        "in_use": "No",
        "encroached": "No",
        "storage_capacity_original": 4.0,
        "max_depth_m": null,
        "water_spread_area": 0.0,
        "image_path": "https://mi6census.mowr.gov.in/mic/getWaterBodyImageByURL/MIC_112002000001000113001.jpeg"
      },
      "geometry": {
        "type": "Point",
        "coordinates": [
          77.8172222,
          12.8947222
        ]
      }
    },
    {
      "type": "Feature",
      "properties": {
        "census_code": "1/12/002/000001/000210/001",
        "village": "MUTHAGATTI",
        "block_tehsil": "ANEKAL",
        "subdistrict": "Anekal",
        "district": "Bengaluru Urban",
        "rural_or_urban": "Rural",
        "water_body_type_code": "02",
        "water_body_type": "Tank",
        "water_body_ownership": "Panchayat",
        "water_body_nature": "Natural",
        "in_use": "No",
        "encroached": "No",
        "storage_capacity_original": 4.0,
        "max_depth_m": null,
        "water_spread_area": 0.0,
        "image_path": "https://mi6census.mowr.gov.in/mic/getWaterBodyImageByURL/MIC_112002000001000210001.jpeg"
      },
      "geometry": {
        "type": "Point",
        "coordinates": [
          77.7177778,
          12.7008333
        ]
      }
    },
    {
      "type": "Feature",
      "properties": {
        "census_code": "1/12/002/000001/000072/001",
        "village": "MUTHANALLUR",
        "block_tehsil": "ANEKAL",
        "subdistrict": "Anekal",
        "district": "Bengaluru Urban",
        "rural_or_urban": "Rural",
        "water_body_type_code": "02",
        "water_body_type": "Tank",
        "water_body_ownership": "Panchayat",
        "water_body_nature": "Natural",
        "in_use": "No",
        "encroached": "No",
        "storage_capacity_original": 4.0,
        "max_depth_m": null,
        "water_spread_area": 0.0,
        "image_path": "https://mi6census.mowr.gov.in/mic/getWaterBodyImageByURL/MIC_112002000001000072001.jpeg"
      },
      "geometry": {
        "type": "Point",
        "coordinates": [
          77.7361111,
          12.8313889
        ]
      }
    },
    {
      "type": "Feature",
      "properties": {
        "census_code": "1/12/002/000001/000074/001",
        "village": "MUTHANALLUR AMANIKERE",
        "block_tehsil": "ANEKAL",
        "subdistrict": "Anekal",
        "district": "Bengaluru Urban",
        "rural_or_urban": "Rural",
        "water_body_type_code": "02",
        "water_body_type": "Tank",
        "water_body_ownership": "Panchayat",
        "water_body_nature": "Natural",
        "in_use": "No",
        "encroached": "No",
        "storage_capacity_original": 4.0,
        "max_depth_m": null,
        "water_spread_area": 0.0,
        "image_path": "https://mi6census.mowr.gov.in/mic/getWaterBodyImageByURL/MIC_112002000001000074001.jpeg"
      },
      "geometry": {
        "type": "Point",
        "coordinates": [
          77.7361111,
          12.8313889
        ]
      }
    },
    {
      "type": "Feature",
      "properties": {
        "census_code": "1/12/002/000001/000145/001",
        "village": "MUTHASANDRA",
        "block_tehsil": "ANEKAL",
        "subdistrict": "Anekal",
        "district": "Bengaluru Urban",
        "rural_or_urban": "Rural",
        "water_body_type_code": "02",
        "water_body_type": "Tank",
        "water_body_ownership": "Panchayat",
        "water_body_nature": "Natural",
        "in_use": "No",
        "encroached": "No",
        "storage_capacity_original": 4.0,
        "max_depth_m": null,
        "water_spread_area": 0.0,
        "image_path": "https://mi6census.mowr.gov.in/mic/getWaterBodyImageByURL/MIC_112002000001000145001.jpeg"
      },
      "geometry": {
        "type": "Point",
        "coordinates": [
          77.7519444,
          12.7688889
        ]
      }
    },
    {
      "type": "Feature",
      "properties": {
        "census_code": "1/12/002/000001/000145/002",
        "village": "MUTHASANDRA",
        "block_tehsil": "ANEKAL",
        "subdistrict": "Anekal",
        "district": "Bengaluru Urban",
        "rural_or_urban": "Rural",
        "water_body_type_code": "02",
        "water_body_type": "Tank",
        "water_body_ownership": "Panchayat",
        "water_body_nature": "Natural",
        "in_use": "No",
        "encroached": "No",
        "storage_capacity_original": 4.0,
        "max_depth_m": null,
        "water_spread_area": 0.0,
        "image_path": "https://mi6census.mowr.gov.in/mic/getWaterBodyImageByURL/MIC_112002000001000145002.jpeg"
      },
      "geometry": {
        "type": "Point",
        "coordinates": [
          77.7494444,
          12.7636111
        ]
      }
    },
    {
      "type": "Feature",
      "properties": {
        "census_code": "1/12/002/000001/000015/001",
        "village": "NALLASANDRA",
        "block_tehsil": "ANEKAL",
        "subdistrict": "Anekal",
        "district": "Bengaluru Urban",
        "rural_or_urban": "Rural",
        "water_body_type_code": "02",
        "water_body_type": "Tank",
        "water_body_ownership": "Panchayat",
        "water_body_nature": "Natural",
        "in_use": "No",
        "encroached": "No",
        "storage_capacity_original": 4.0,
        "max_depth_m": null,
        "water_spread_area": 0.0,
        "image_path": "https://mi6census.mowr.gov.in/mic/getWaterBodyImageByURL/MIC_112002000001000015001.jpeg"
      },
      "geometry": {
        "type": "Point",
        "coordinates": [
          77.6091667,
          12.7980556
        ]
      }
    },
    {
      "type": "Feature",
      "properties": {
        "census_code": "1/12/002/000001/000015/002",
        "village": "NALLASANDRA",
        "block_tehsil": "ANEKAL",
        "subdistrict": "Anekal",
        "district": "Bengaluru Urban",
        "rural_or_urban": "Rural",
        "water_body_type_code": "02",
        "water_body_type": "Tank",
        "water_body_ownership": "Panchayat",
        "water_body_nature": "Natural",
        "in_use": "No",
        "encroached": "No",
        "storage_capacity_original": 4.0,
        "max_depth_m": null,
        "water_spread_area": 0.0,
        "image_path": "https://mi6census.mowr.gov.in/mic/getWaterBodyImageByURL/MIC_112002000001000015002.jpeg"
      },
      "geometry": {
        "type": "Point",
        "coordinates": [
          77.6019444,
          12.8072222
        ]
      }
    },
    {
      "type": "Feature",
      "properties": {
        "census_code": "1/12/002/000001/000037/001",
        "village": "NANJAPURA",
        "block_tehsil": "ANEKAL",
        "subdistrict": "Anekal",
        "district": "Bengaluru Urban",
        "rural_or_urban": "Rural",
        "water_body_type_code": "02",
        "water_body_type": "Tank",
        "water_body_ownership": "Panchayat",
        "water_body_nature": "Natural",
        "in_use": "No",
        "encroached": "No",
        "storage_capacity_original": 4.0,
        "max_depth_m": null,
        "water_spread_area": 0.0,
        "image_path": "https://mi6census.mowr.gov.in/mic/getWaterBodyImageByURL/MIC_112002000001000037001.jpeg"
      },
      "geometry": {
        "type": "Point",
        "coordinates": [
          77.6416667,
          12.8102778
        ]
      }
    },
    {
      "type": "Feature",
      "properties": {
        "census_code": "1/12/002/000001/000071/001",
        "village": "NARAYANAGHATTA",
        "block_tehsil": "ANEKAL",
        "subdistrict": "Anekal",
        "district": "Bengaluru Urban",
        "rural_or_urban": "Rural",
        "water_body_type_code": "02",
        "water_body_type": "Tank",
        "water_body_ownership": "Panchayat",
        "water_body_nature": "Natural",
        "in_use": "No",
        "encroached": "No",
        "storage_capacity_original": 4.0,
        "max_depth_m": null,
        "water_spread_area": 0.0,
        "image_path": "https://mi6census.mowr.gov.in/mic/getWaterBodyImageByURL/MIC_112002000001000071001.jpeg"
      },
      "geometry": {
        "type": "Point",
        "coordinates": [
          77.7247222,
          12.8294444
        ]
      }
    },
    {
      "type": "Feature",
      "properties": {
        "census_code": "1/12/002/000001/000137/001",
        "village": "NERALUR",
        "block_tehsil": "ANEKAL",
        "subdistrict": "Anekal",
        "district": "Bengaluru Urban",
        "rural_or_urban": "Rural",
        "water_body_type_code": "02",
        "water_body_type": "Tank",
        "water_body_ownership": "Panchayat",
        "water_body_nature": "Natural",
        "in_use": "No",
        "encroached": "No",
        "storage_capacity_original": 4.0,
        "max_depth_m": null,
        "water_spread_area": 0.0,
        "image_path": "https://mi6census.mowr.gov.in/mic/getWaterBodyImageByURL/MIC_112002000001000137001.jpeg"
      },
      "geometry": {
        "type": "Point",
        "coordinates": [
          77.7263889,
          12.7963889
        ]
      }
    },
    {
      "type": "Feature",
      "properties": {
        "census_code": "1/12/002/000001/000045/001",
        "village": "NOSENUR",
        "block_tehsil": "ANEKAL",
        "subdistrict": "Anekal",
        "district": "Bengaluru Urban",
        "rural_or_urban": "Rural",
        "water_body_type_code": "02",
        "water_body_type": "Tank",
        "water_body_ownership": "Panchayat",
        "water_body_nature": "Natural",
        "in_use": "No",
        "encroached": "No",
        "storage_capacity_original": 4.0,
        "max_depth_m": null,
        "water_spread_area": 0.0,
        "image_path": "https://mi6census.mowr.gov.in/mic/getWaterBodyImageByURL/MIC_112002000001000045001.jpeg"
      },
      "geometry": {
        "type": "Point",
        "coordinates": [
          77.6647222,
          12.7436111
        ]
      }
    },
    {
      "type": "Feature",
      "properties": {
        "census_code": "1/12/002/000001/000044/001",
        "village": "NOSENUR GOLLAHALLI",
        "block_tehsil": "ANEKAL",
        "subdistrict": "Anekal",
        "district": "Bengaluru Urban",
        "rural_or_urban": "Rural",
        "water_body_type_code": "02",
        "water_body_type": "Tank",
        "water_body_ownership": "Panchayat",
        "water_body_nature": "Natural",
        "in_use": "No",
        "encroached": "No",
        "storage_capacity_original": 4.0,
        "max_depth_m": null,
        "water_spread_area": 0.0,
        "image_path": "https://mi6census.mowr.gov.in/mic/getWaterBodyImageByURL/MIC_112002000001000044001.jpeg"
      },
      "geometry": {
        "type": "Point",
        "coordinates": [
          77.65,
          12.7288889
        ]
      }
    },
    {
      "type": "Feature",
      "properties": {
        "census_code": "1/12/002/000001/000121/001",
        "village": "PANDITANA AGRAHARA",
        "block_tehsil": "ANEKAL",
        "subdistrict": "Anekal",
        "district": "Bengaluru Urban",
        "rural_or_urban": "Rural",
        "water_body_type_code": "02",
        "water_body_type": "Tank",
        "water_body_ownership": "Panchayat",
        "water_body_nature": "Natural",
        "in_use": "No",
        "encroached": "No",
        "storage_capacity_original": 4.0,
        "max_depth_m": null,
        "water_spread_area": 0.0,
        "image_path": "https://mi6census.mowr.gov.in/mic/getWaterBodyImageByURL/MIC_112002000001000121001.jpeg"
      },
      "geometry": {
        "type": "Point",
        "coordinates": [
          77.8191667,
          12.8797222
        ]
      }
    },
    {
      "type": "Feature",
      "properties": {
        "census_code": "1/12/002/000001/000197/001",
        "village": "PATNAGERE GOLLAHALLI",
        "block_tehsil": "ANEKAL",
        "subdistrict": "Anekal",
        "district": "Bengaluru Urban",
        "rural_or_urban": "Rural",
        "water_body_type_code": "02",
        "water_body_type": "Tank",
        "water_body_ownership": "Panchayat",
        "water_body_nature": "Natural",
        "in_use": "No",
        "encroached": "No",
        "storage_capacity_original": 4.0,
        "max_depth_m": null,
        "water_spread_area": 0.0,
        "image_path": "https://mi6census.mowr.gov.in/mic/getWaterBodyImageByURL/MIC_112002000001000197001.jpeg"
      },
      "geometry": {
        "type": "Point",
        "coordinates": [
          77.6838889,
          12.6913889
        ]
      }
    },
    {
      "type": "Feature",
      "properties": {
        "census_code": "1/12/002/000001/000197/002",
        "village": "PATNAGERE GOLLAHALLI",
        "block_tehsil": "ANEKAL",
        "subdistrict": "Anekal",
        "district": "Bengaluru Urban",
        "rural_or_urban": "Rural",
        "water_body_type_code": "02",
        "water_body_type": "Tank",
        "water_body_ownership": "Panchayat",
        "water_body_nature": "Natural",
        "in_use": "No",
        "encroached": "No",
        "storage_capacity_original": 4.0,
        "max_depth_m": null,
        "water_spread_area": 0.0,
        "image_path": "https://mi6census.mowr.gov.in/mic/getWaterBodyImageByURL/MIC_112002000001000197002.jpeg"
      },
      "geometry": {
        "type": "Point",
        "coordinates": [
          77.6891667,
          12.7066667
        ]
      }
    },
    {
      "type": "Feature",
      "properties": {
        "census_code": "1/12/002/000001/000219/002",
        "village": "RACHAMANAHALLI",
        "block_tehsil": "ANEKAL",
        "subdistrict": "Anekal",
        "district": "Bengaluru Urban",
        "rural_or_urban": "Rural",
        "water_body_type_code": "02",
        "water_body_type": "Tank",
        "water_body_ownership": "Panchayat",
        "water_body_nature": "Natural",
        "in_use": "No",
        "encroached": "No",
        "storage_capacity_original": 4.0,
        "max_depth_m": null,
        "water_spread_area": 0.0,
        "image_path": "https://mi6census.mowr.gov.in/mic/getWaterBodyImageByURL/MIC_112002000001000219002.jpeg"
      },
      "geometry": {
        "type": "Point",
        "coordinates": [
          77.7488889,
          12.7108333
        ]
      }
    },
    {
      "type": "Feature",
      "properties": {
        "census_code": "1/12/002/000001/000219/001",
        "village": "RACHAMANAHALLI",
        "block_tehsil": "ANEKAL",
        "subdistrict": "Anekal",
        "district": "Bengaluru Urban",
        "rural_or_urban": "Rural",
        "water_body_type_code": "02",
        "water_body_type": "Tank",
        "water_body_ownership": "Panchayat",
        "water_body_nature": "Natural",
        "in_use": "No",
        "encroached": "No",
        "storage_capacity_original": 4.0,
        "max_depth_m": null,
        "water_spread_area": 0.0,
        "image_path": "https://mi6census.mowr.gov.in/mic/getWaterBodyImageByURL/MIC_112002000001000219001.jpeg"
      },
      "geometry": {
        "type": "Point",
        "coordinates": [
          77.7177778,
          12.7319444
        ]
      }
    },
    {
      "type": "Feature",
      "properties": {
        "census_code": "1/12/002/000001/000219/003",
        "village": "RACHAMANAHALLI",
        "block_tehsil": "ANEKAL",
        "subdistrict": "Anekal",
        "district": "Bengaluru Urban",
        "rural_or_urban": "Rural",
        "water_body_type_code": "02",
        "water_body_type": "Tank",
        "water_body_ownership": "Panchayat",
        "water_body_nature": "Natural",
        "in_use": "No",
        "encroached": "No",
        "storage_capacity_original": 4.0,
        "max_depth_m": null,
        "water_spread_area": 0.0,
        "image_path": "https://mi6census.mowr.gov.in/mic/getWaterBodyImageByURL/MIC_112002000001000219003.jpeg"
      },
      "geometry": {
        "type": "Point",
        "coordinates": [
          77.7402778,
          12.7288889
        ]
      }
    },
    {
      "type": "Feature",
      "properties": {
        "census_code": "1/12/002/000001/000024/004",
        "village": "RAGIHALLI",
        "block_tehsil": "ANEKAL",
        "subdistrict": "Anekal",
        "district": "Bengaluru Urban",
        "rural_or_urban": "Rural",
        "water_body_type_code": "02",
        "water_body_type": "Tank",
        "water_body_ownership": "Panchayat",
        "water_body_nature": "Natural",
        "in_use": "No",
        "encroached": "No",
        "storage_capacity_original": 4.0,
        "max_depth_m": null,
        "water_spread_area": 0.0,
        "image_path": "https://mi6census.mowr.gov.in/mic/getWaterBodyImageByURL/MIC_112002000001000024004.jpeg"
      },
      "geometry": {
        "type": "Point",
        "coordinates": [
          77.5775,
          12.7372222
        ]
      }
    },
    {
      "type": "Feature",
      "properties": {
        "census_code": "1/12/002/000001/000024/002",
        "village": "RAGIHALLI",
        "block_tehsil": "ANEKAL",
        "subdistrict": "Anekal",
        "district": "Bengaluru Urban",
        "rural_or_urban": "Rural",
        "water_body_type_code": "02",
        "water_body_type": "Tank",
        "water_body_ownership": "Panchayat",
        "water_body_nature": "Natural",
        "in_use": "No",
        "encroached": "No",
        "storage_capacity_original": 4.0,
        "max_depth_m": null,
        "water_spread_area": 0.0,
        "image_path": "https://mi6census.mowr.gov.in/mic/getWaterBodyImageByURL/MIC_112002000001000024002.jpeg"
      },
      "geometry": {
        "type": "Point",
        "coordinates": [
          77.5702778,
          12.7366667
        ]
      }
    },
    {
      "type": "Feature",
      "properties": {
        "census_code": "1/12/002/000001/000024/001",
        "village": "RAGIHALLI",
        "block_tehsil": "ANEKAL",
        "subdistrict": "Anekal",
        "district": "Bengaluru Urban",
        "rural_or_urban": "Rural",
        "water_body_type_code": "02",
        "water_body_type": "Tank",
        "water_body_ownership": "Panchayat",
        "water_body_nature": "Natural",
        "in_use": "No",
        "encroached": "No",
        "storage_capacity_original": 4.0,
        "max_depth_m": null,
        "water_spread_area": 0.0,
        "image_path": "https://mi6census.mowr.gov.in/mic/getWaterBodyImageByURL/MIC_112002000001000024001.jpeg"
      },
      "geometry": {
        "type": "Point",
        "coordinates": [
          77.5780556,
          12.7477778
        ]
      }
    },
    {
      "type": "Feature",
      "properties": {
        "census_code": "1/12/002/000001/000024/003",
        "village": "RAGIHALLI",
        "block_tehsil": "ANEKAL",
        "subdistrict": "Anekal",
        "district": "Bengaluru Urban",
        "rural_or_urban": "Rural",
        "water_body_type_code": "02",
        "water_body_type": "Tank",
        "water_body_ownership": "Panchayat",
        "water_body_nature": "Natural",
        "in_use": "No",
        "encroached": "No",
        "storage_capacity_original": 4.0,
        "max_depth_m": null,
        "water_spread_area": 0.0,
        "image_path": "https://mi6census.mowr.gov.in/mic/getWaterBodyImageByURL/MIC_112002000001000024003.jpeg"
      },
      "geometry": {
        "type": "Point",
        "coordinates": [
          77.5775,
          12.7372222
        ]
      }
    },
    {
      "type": "Feature",
      "properties": {
        "census_code": "1/12/002/000001/000048/001",
        "village": "RAJAPURA",
        "block_tehsil": "ANEKAL",
        "subdistrict": "Anekal",
        "district": "Bengaluru Urban",
        "rural_or_urban": "Rural",
        "water_body_type_code": "02",
        "water_body_type": "Tank",
        "water_body_ownership": "Panchayat",
        "water_body_nature": "Natural",
        "in_use": "No",
        "encroached": "No",
        "storage_capacity_original": 4.0,
        "max_depth_m": null,
        "water_spread_area": 0.0,
        "image_path": "https://mi6census.mowr.gov.in/mic/getWaterBodyImageByURL/MIC_112002000001000048001.jpeg"
      },
      "geometry": {
        "type": "Point",
        "coordinates": [
          77.6691667,
          12.7830556
        ]
      }
    },
    {
      "type": "Feature",
      "properties": {
        "census_code": "1/12/002/000001/000054/001",
        "village": "RAMAKRISHNAPURA",
        "block_tehsil": "ANEKAL",
        "subdistrict": "Anekal",
        "district": "Bengaluru Urban",
        "rural_or_urban": "Rural",
        "water_body_type_code": "02",
        "water_body_type": "Tank",
        "water_body_ownership": "Panchayat",
        "water_body_nature": "Natural",
        "in_use": "No",
        "encroached": "No",
        "storage_capacity_original": 4.0,
        "max_depth_m": null,
        "water_spread_area": 0.0,
        "image_path": "https://mi6census.mowr.gov.in/mic/getWaterBodyImageByURL/MIC_112002000001000054001.jpeg"
      },
      "geometry": {
        "type": "Point",
        "coordinates": [
          77.6947222,
          12.7780556
        ]
      }
    },
    {
      "type": "Feature",
      "properties": {
        "census_code": "1/12/002/000001/000128/001",
        "village": "RAMASAGARA",
        "block_tehsil": "ANEKAL",
        "subdistrict": "Anekal",
        "district": "Bengaluru Urban",
        "rural_or_urban": "Rural",
        "water_body_type_code": "02",
        "water_body_type": "Tank",
        "water_body_ownership": "Panchayat",
        "water_body_nature": "Natural",
        "in_use": "No",
        "encroached": "No",
        "storage_capacity_original": 4.0,
        "max_depth_m": null,
        "water_spread_area": 0.0,
        "image_path": "https://mi6census.mowr.gov.in/mic/getWaterBodyImageByURL/MIC_112002000001000128001.jpeg"
      },
      "geometry": {
        "type": "Point",
        "coordinates": [
          77.7152778,
          12.8152778
        ]
      }
    },
    {
      "type": "Feature",
      "properties": {
        "census_code": "1/12/002/000001/000019/001",
        "village": "RAMASANDRA",
        "block_tehsil": "ANEKAL",
        "subdistrict": "Anekal",
        "district": "Bengaluru Urban",
        "rural_or_urban": "Rural",
        "water_body_type_code": "02",
        "water_body_type": "Tank",
        "water_body_ownership": "Panchayat",
        "water_body_nature": "Natural",
        "in_use": "No",
        "encroached": "No",
        "storage_capacity_original": 4.0,
        "max_depth_m": null,
        "water_spread_area": 0.0,
        "image_path": "https://mi6census.mowr.gov.in/mic/getWaterBodyImageByURL/MIC_112002000001000019001.jpeg"
      },
      "geometry": {
        "type": "Point",
        "coordinates": [
          77.6097222,
          12.7980556
        ]
      }
    },
    {
      "type": "Feature",
      "properties": {
        "census_code": "1/12/002/000001/000056/001",
        "village": "RAYASANDRA",
        "block_tehsil": "ANEKAL",
        "subdistrict": "Anekal",
        "district": "Bengaluru Urban",
        "rural_or_urban": "Rural",
        "water_body_type_code": "02",
        "water_body_type": "Tank",
        "water_body_ownership": "Panchayat",
        "water_body_nature": "Natural",
        "in_use": "No",
        "encroached": "No",
        "storage_capacity_original": 4.0,
        "max_depth_m": null,
        "water_spread_area": 0.0,
        "image_path": "https://mi6census.mowr.gov.in/mic/getWaterBodyImageByURL/MIC_112002000001000056001.jpeg"
      },
      "geometry": {
        "type": "Point",
        "coordinates": [
          77.6986111,
          12.8741667
        ]
      }
    },
    {
      "type": "Feature",
      "properties": {
        "census_code": "1/12/002/000001/000017/003",
        "village": "SAKALAWARA",
        "block_tehsil": "ANEKAL",
        "subdistrict": "Anekal",
        "district": "Bengaluru Urban",
        "rural_or_urban": "Rural",
        "water_body_type_code": "02",
        "water_body_type": "Tank",
        "water_body_ownership": "Panchayat",
        "water_body_nature": "Natural",
        "in_use": "No",
        "encroached": "No",
        "storage_capacity_original": 4.0,
        "max_depth_m": null,
        "water_spread_area": 0.0,
        "image_path": "https://mi6census.mowr.gov.in/mic/getWaterBodyImageByURL/MIC_112002000001000017003.jpeg"
      },
      "geometry": {
        "type": "Point",
        "coordinates": [
          77.6102778,
          12.8291667
        ]
      }
    },
    {
      "type": "Feature",
      "properties": {
        "census_code": "1/12/002/000001/000017/002",
        "village": "SAKALAWARA",
        "block_tehsil": "ANEKAL",
        "subdistrict": "Anekal",
        "district": "Bengaluru Urban",
        "rural_or_urban": "Rural",
        "water_body_type_code": "02",
        "water_body_type": "Tank",
        "water_body_ownership": "Panchayat",
        "water_body_nature": "Natural",
        "in_use": "No",
        "encroached": "No",
        "storage_capacity_original": 4.0,
        "max_depth_m": null,
        "water_spread_area": 0.0,
        "image_path": "https://mi6census.mowr.gov.in/mic/getWaterBodyImageByURL/MIC_112002000001000017002.jpeg"
      },
      "geometry": {
        "type": "Point",
        "coordinates": [
          77.6116667,
          12.8230556
        ]
      }
    },
    {
      "type": "Feature",
      "properties": {
        "census_code": "1/12/002/000001/000017/001",
        "village": "SAKALAWARA",
        "block_tehsil": "ANEKAL",
        "subdistrict": "Anekal",
        "district": "Bengaluru Urban",
        "rural_or_urban": "Rural",
        "water_body_type_code": "02",
        "water_body_type": "Tank",
        "water_body_ownership": "Panchayat",
        "water_body_nature": "Natural",
        "in_use": "No",
        "encroached": "No",
        "storage_capacity_original": 4.0,
        "max_depth_m": null,
        "water_spread_area": 0.0,
        "image_path": "https://mi6census.mowr.gov.in/mic/getWaterBodyImageByURL/MIC_112002000001000017001.jpeg"
      },
      "geometry": {
        "type": "Point",
        "coordinates": [
          77.6088889,
          12.8266667
        ]
      }
    },
    {
      "type": "Feature",
      "properties": {
        "census_code": "1/12/002/000001/000075/001",
        "village": "SAMANAHALLI",
        "block_tehsil": "ANEKAL",
        "subdistrict": "Anekal",
        "district": "Bengaluru Urban",
        "rural_or_urban": "Rural",
        "water_body_type_code": "02",
        "water_body_type": "Tank",
        "water_body_ownership": "Panchayat",
        "water_body_nature": "Natural",
        "in_use": "No",
        "encroached": "No",
        "storage_capacity_original": 4.0,
        "max_depth_m": null,
        "water_spread_area": 0.0,
        "image_path": "https://mi6census.mowr.gov.in/mic/getWaterBodyImageByURL/MIC_112002000001000075001.jpeg"
      },
      "geometry": {
        "type": "Point",
        "coordinates": [
          77.7419444,
          12.835
        ]
      }
    },
    {
      "type": "Feature",
      "properties": {
        "census_code": "1/12/002/000001/000032/001",
        "village": "S.BINGIPURA",
        "block_tehsil": "ANEKAL",
        "subdistrict": "Anekal",
        "district": "Bengaluru Urban",
        "rural_or_urban": "Rural",
        "water_body_type_code": "02",
        "water_body_type": "Tank",
        "water_body_ownership": "Panchayat",
        "water_body_nature": "Natural",
        "in_use": "No",
        "encroached": "No",
        "storage_capacity_original": 4.0,
        "max_depth_m": null,
        "water_spread_area": 0.0,
        "image_path": "https://mi6census.mowr.gov.in/mic/getWaterBodyImageByURL/MIC_112002000001000032001.jpeg"
      },
      "geometry": {
        "type": "Point",
        "coordinates": [
          77.6291667,
          12.8319444
        ]
      }
    },
    {
      "type": "Feature",
      "properties": {
        "census_code": "1/12/002/000001/000047/001",
        "village": "SEETHANAIKANA HALLI",
        "block_tehsil": "ANEKAL",
        "subdistrict": "Anekal",
        "district": "Bengaluru Urban",
        "rural_or_urban": "Rural",
        "water_body_type_code": "02",
        "water_body_type": "Tank",
        "water_body_ownership": "Panchayat",
        "water_body_nature": "Natural",
        "in_use": "No",
        "encroached": "No",
        "storage_capacity_original": 4.0,
        "max_depth_m": null,
        "water_spread_area": 0.0,
        "image_path": "https://mi6census.mowr.gov.in/mic/getWaterBodyImageByURL/MIC_112002000001000047001.jpeg"
      },
      "geometry": {
        "type": "Point",
        "coordinates": [
          77.6697222,
          12.7797222
        ]
      }
    },
    {
      "type": "Feature",
      "properties": {
        "census_code": "1/12/002/000001/000025/001",
        "village": "SHIVANAHALLI",
        "block_tehsil": "ANEKAL",
        "subdistrict": "Kanakapura",
        "district": "Ramanagara",
        "rural_or_urban": "Rural",
        "water_body_type_code": "02",
        "water_body_type": "Tank",
        "water_body_ownership": "Panchayat",
        "water_body_nature": "Natural",
        "in_use": "No",
        "encroached": "No",
        "storage_capacity_original": 4.0,
        "max_depth_m": null,
        "water_spread_area": 0.0,
        "image_path": "https://mi6census.mowr.gov.in/mic/getWaterBodyImageByURL/MIC_112002000001000025001.jpeg"
      },
      "geometry": {
        "type": "Point",
        "coordinates": [
          77.5913889,
          12.7163889
        ]
      }
    },
    {
      "type": "Feature",
      "properties": {
        "census_code": "1/12/002/000001/000179/001",
        "village": "SIDIHOSAKOTE",
        "block_tehsil": "ANEKAL",
        "subdistrict": "Anekal",
        "district": "Bengaluru Urban",
        "rural_or_urban": "Rural",
        "water_body_type_code": "02",
        "water_body_type": "Tank",
        "water_body_ownership": "Panchayat",
        "water_body_nature": "Natural",
        "in_use": "No",
        "encroached": "No",
        "storage_capacity_original": 4.0,
        "max_depth_m": null,
        "water_spread_area": 0.0,
        "image_path": "https://mi6census.mowr.gov.in/mic/getWaterBodyImageByURL/MIC_112002000001000179001.jpeg"
      },
      "geometry": {
        "type": "Point",
        "coordinates": [
          77.6736111,
          12.7319444
        ]
      }
    },
    {
      "type": "Feature",
      "properties": {
        "census_code": "1/12/002/000001/000203/002",
        "village": "SINGASANDRA",
        "block_tehsil": "ANEKAL",
        "subdistrict": "Anekal",
        "district": "Bengaluru Urban",
        "rural_or_urban": "Rural",
        "water_body_type_code": "02",
        "water_body_type": "Tank",
        "water_body_ownership": "Panchayat",
        "water_body_nature": "Natural",
        "in_use": "No",
        "encroached": "No",
        "storage_capacity_original": 4.0,
        "max_depth_m": null,
        "water_spread_area": 0.0,
        "image_path": "https://mi6census.mowr.gov.in/mic/getWaterBodyImageByURL/MIC_112002000001000203002.jpeg"
      },
      "geometry": {
        "type": "Point",
        "coordinates": [
          77.6980556,
          12.6888889
        ]
      }
    },
    {
      "type": "Feature",
      "properties": {
        "census_code": "1/12/002/000001/000203/001",
        "village": "SINGASANDRA",
        "block_tehsil": "ANEKAL",
        "subdistrict": "Anekal",
        "district": "Bengaluru Urban",
        "rural_or_urban": "Rural",
        "water_body_type_code": "02",
        "water_body_type": "Tank",
        "water_body_ownership": "Panchayat",
        "water_body_nature": "Natural",
        "in_use": "No",
        "encroached": "No",
        "storage_capacity_original": 4.0,
        "max_depth_m": null,
        "water_spread_area": 0.0,
        "image_path": "https://mi6census.mowr.gov.in/mic/getWaterBodyImageByURL/MIC_112002000001000203001.jpeg"
      },
      "geometry": {
        "type": "Point",
        "coordinates": [
          77.6997222,
          12.6897222
        ]
      }
    },
    {
      "type": "Feature",
      "properties": {
        "census_code": "1/12/002/000001/000070/001",
        "village": "SINGENA AGRAHARA",
        "block_tehsil": "ANEKAL",
        "subdistrict": "Anekal",
        "district": "Bengaluru Urban",
        "rural_or_urban": "Rural",
        "water_body_type_code": "02",
        "water_body_type": "Tank",
        "water_body_ownership": "Panchayat",
        "water_body_nature": "Natural",
        "in_use": "No",
        "encroached": "No",
        "storage_capacity_original": 4.0,
        "max_depth_m": null,
        "water_spread_area": 0.0,
        "image_path": "https://mi6census.mowr.gov.in/mic/getWaterBodyImageByURL/MIC_112002000001000070001.jpeg"
      },
      "geometry": {
        "type": "Point",
        "coordinates": [
          77.7263889,
          12.8458333
        ]
      }
    },
    {
      "type": "Feature",
      "properties": {
        "census_code": "1/12/002/000001/000097/001",
        "village": "S.MEDIHALLI",
        "block_tehsil": "ANEKAL",
        "subdistrict": "Anekal",
        "district": "Bengaluru Urban",
        "rural_or_urban": "Rural",
        "water_body_type_code": "02",
        "water_body_type": "Tank",
        "water_body_ownership": "Panchayat",
        "water_body_nature": "Natural",
        "in_use": "No",
        "encroached": "No",
        "storage_capacity_original": 4.0,
        "max_depth_m": null,
        "water_spread_area": 0.0,
        "image_path": "https://mi6census.mowr.gov.in/mic/getWaterBodyImageByURL/MIC_112002000001000097001.jpeg"
      },
      "geometry": {
        "type": "Point",
        "coordinates": [
          77.7852778,
          12.8213889
        ]
      }
    },
    {
      "type": "Feature",
      "properties": {
        "census_code": "1/12/002/000001/000093/001",
        "village": "SOLLEPURA",
        "block_tehsil": "ANEKAL",
        "subdistrict": "Anekal",
        "district": "Bengaluru Urban",
        "rural_or_urban": "Rural",
        "water_body_type_code": "02",
        "water_body_type": "Tank",
        "water_body_ownership": "Panchayat",
        "water_body_nature": "Natural",
        "in_use": "No",
        "encroached": "No",
        "storage_capacity_original": 4.0,
        "max_depth_m": null,
        "water_spread_area": 0.0,
        "image_path": "https://mi6census.mowr.gov.in/mic/getWaterBodyImageByURL/MIC_112002000001000093001.jpeg"
      },
      "geometry": {
        "type": "Point",
        "coordinates": [
          77.7591667,
          12.8216667
        ]
      }
    },
    {
      "type": "Feature",
      "properties": {
        "census_code": "1/12/002/000001/000163/001",
        "village": "SOPPAHALLI",
        "block_tehsil": "ANEKAL",
        "subdistrict": "Anekal",
        "district": "Bengaluru Urban",
        "rural_or_urban": "Rural",
        "water_body_type_code": "02",
        "water_body_type": "Tank",
        "water_body_ownership": "Panchayat",
        "water_body_nature": "Natural",
        "in_use": "No",
        "encroached": "No",
        "storage_capacity_original": 4.0,
        "max_depth_m": null,
        "water_spread_area": 0.0,
        "image_path": "https://mi6census.mowr.gov.in/mic/getWaterBodyImageByURL/MIC_112002000001000163001.jpeg"
      },
      "geometry": {
        "type": "Point",
        "coordinates": [
          77.6769444,
          12.7330556
        ]
      }
    },
    {
      "type": "Feature",
      "properties": {
        "census_code": "1/12/002/000001/000163/002",
        "village": "SOPPAHALLI",
        "block_tehsil": "ANEKAL",
        "subdistrict": "Anekal",
        "district": "Bengaluru Urban",
        "rural_or_urban": "Rural",
        "water_body_type_code": "02",
        "water_body_type": "Tank",
        "water_body_ownership": "Panchayat",
        "water_body_nature": "Natural",
        "in_use": "No",
        "encroached": "No",
        "storage_capacity_original": 4.0,
        "max_depth_m": null,
        "water_spread_area": 0.0,
        "image_path": "https://mi6census.mowr.gov.in/mic/getWaterBodyImageByURL/MIC_112002000001000163002.jpeg"
      },
      "geometry": {
        "type": "Point",
        "coordinates": [
          77.6761111,
          12.7633333
        ]
      }
    },
    {
      "type": "Feature",
      "properties": {
        "census_code": "1/12/002/000001/000196/001",
        "village": "SUNAVARA",
        "block_tehsil": "ANEKAL",
        "subdistrict": "Anekal",
        "district": "Bengaluru Urban",
        "rural_or_urban": "Rural",
        "water_body_type_code": "02",
        "water_body_type": "Tank",
        "water_body_ownership": "Panchayat",
        "water_body_nature": "Natural",
        "in_use": "No",
        "encroached": "No",
        "storage_capacity_original": 4.0,
        "max_depth_m": null,
        "water_spread_area": 0.0,
        "image_path": "https://mi6census.mowr.gov.in/mic/getWaterBodyImageByURL/MIC_112002000001000196001.jpeg"
      },
      "geometry": {
        "type": "Point",
        "coordinates": [
          77.6786111,
          12.6947222
        ]
      }
    },
    {
      "type": "Feature",
      "properties": {
        "census_code": "1/12/002/000001/000165/001",
        "village": "SURAGAJAKKANAHALLI",
        "block_tehsil": "ANEKAL",
        "subdistrict": "Anekal",
        "district": "Bengaluru Urban",
        "rural_or_urban": "Rural",
        "water_body_type_code": "02",
        "water_body_type": "Tank",
        "water_body_ownership": "Panchayat",
        "water_body_nature": "Natural",
        "in_use": "No",
        "encroached": "No",
        "storage_capacity_original": 4.0,
        "max_depth_m": null,
        "water_spread_area": 0.0,
        "image_path": "https://mi6census.mowr.gov.in/mic/getWaterBodyImageByURL/MIC_112002000001000165001.jpeg"
      },
      "geometry": {
        "type": "Point",
        "coordinates": [
          77.6638889,
          12.7375
        ]
      }
    },
    {
      "type": "Feature",
      "properties": {
        "census_code": "1/12/002/000001/000204/002",
        "village": "TELAGARAHALLI",
        "block_tehsil": "ANEKAL",
        "subdistrict": "Anekal",
        "district": "Bengaluru Urban",
        "rural_or_urban": "Rural",
        "water_body_type_code": "02",
        "water_body_type": "Tank",
        "water_body_ownership": "Panchayat",
        "water_body_nature": "Natural",
        "in_use": "No",
        "encroached": "No",
        "storage_capacity_original": 4.0,
        "max_depth_m": null,
        "water_spread_area": 0.0,
        "image_path": "https://mi6census.mowr.gov.in/mic/getWaterBodyImageByURL/MIC_112002000001000204002.jpeg"
      },
      "geometry": {
        "type": "Point",
        "coordinates": [
          77.6947222,
          12.695
        ]
      }
    },
    {
      "type": "Feature",
      "properties": {
        "census_code": "1/12/002/000001/000204/003",
        "village": "TELAGARAHALLI",
        "block_tehsil": "ANEKAL",
        "subdistrict": "Anekal",
        "district": "Bengaluru Urban",
        "rural_or_urban": "Rural",
        "water_body_type_code": "02",
        "water_body_type": "Tank",
        "water_body_ownership": "Panchayat",
        "water_body_nature": "Natural",
        "in_use": "No",
        "encroached": "No",
        "storage_capacity_original": 4.0,
        "max_depth_m": null,
        "water_spread_area": 0.0,
        "image_path": "https://mi6census.mowr.gov.in/mic/getWaterBodyImageByURL/MIC_112002000001000204003.jpeg"
      },
      "geometry": {
        "type": "Point",
        "coordinates": [
          77.6908333,
          12.6955556
        ]
      }
    },
    {
      "type": "Feature",
      "properties": {
        "census_code": "1/12/002/000001/000204/001",
        "village": "TELAGARAHALLI",
        "block_tehsil": "ANEKAL",
        "subdistrict": "Anekal",
        "district": "Bengaluru Urban",
        "rural_or_urban": "Rural",
        "water_body_type_code": "02",
        "water_body_type": "Tank",
        "water_body_ownership": "Panchayat",
        "water_body_nature": "Natural",
        "in_use": "No",
        "encroached": "No",
        "storage_capacity_original": 4.0,
        "max_depth_m": null,
        "water_spread_area": 0.0,
        "image_path": "https://mi6census.mowr.gov.in/mic/getWaterBodyImageByURL/MIC_112002000001000204001.jpeg"
      },
      "geometry": {
        "type": "Point",
        "coordinates": [
          77.6922222,
          12.6897222
        ]
      }
    },
    {
      "type": "Feature",
      "properties": {
        "census_code": "1/12/002/000001/000173/001",
        "village": "THAMMANAIKANAHALLI",
        "block_tehsil": "ANEKAL",
        "subdistrict": "Anekal",
        "district": "Bengaluru Urban",
        "rural_or_urban": "Rural",
        "water_body_type_code": "02",
        "water_body_type": "Tank",
        "water_body_ownership": "Panchayat",
        "water_body_nature": "Natural",
        "in_use": "No",
        "encroached": "No",
        "storage_capacity_original": 4.0,
        "max_depth_m": null,
        "water_spread_area": 0.0,
        "image_path": "https://mi6census.mowr.gov.in/mic/getWaterBodyImageByURL/MIC_112002000001000173001.jpeg"
      },
      "geometry": {
        "type": "Point",
        "coordinates": [
          77.6394444,
          12.7027778
        ]
      }
    },
    {
      "type": "Feature",
      "properties": {
        "census_code": "1/12/002/000001/000189/002",
        "village": "THATTANAHALLI",
        "block_tehsil": "ANEKAL",
        "subdistrict": "Anekal",
        "district": "Bengaluru Urban",
        "rural_or_urban": "Rural",
        "water_body_type_code": "02",
        "water_body_type": "Tank",
        "water_body_ownership": "Panchayat",
        "water_body_nature": "Natural",
        "in_use": "No",
        "encroached": "No",
        "storage_capacity_original": 4.0,
        "max_depth_m": null,
        "water_spread_area": 0.0,
        "image_path": "https://mi6census.mowr.gov.in/mic/getWaterBodyImageByURL/MIC_112002000001000189002.jpeg"
      },
      "geometry": {
        "type": "Point",
        "coordinates": [
          77.7219444,
          12.7463889
        ]
      }
    },
    {
      "type": "Feature",
      "properties": {
        "census_code": "1/12/002/000001/000189/001",
        "village": "THATTANAHALLI",
        "block_tehsil": "ANEKAL",
        "subdistrict": "Anekal",
        "district": "Bengaluru Urban",
        "rural_or_urban": "Rural",
        "water_body_type_code": "02",
        "water_body_type": "Tank",
        "water_body_ownership": "Panchayat",
        "water_body_nature": "Natural",
        "in_use": "No",
        "encroached": "No",
        "storage_capacity_original": 4.0,
        "max_depth_m": null,
        "water_spread_area": 0.0,
        "image_path": "https://mi6census.mowr.gov.in/mic/getWaterBodyImageByURL/MIC_112002000001000189001.jpeg"
      },
      "geometry": {
        "type": "Point",
        "coordinates": [
          77.7344444,
          12.7386111
        ]
      }
    },
    {
      "type": "Feature",
      "properties": {
        "census_code": "1/12/002/000001/000079/001",
        "village": "THIGALA CHOWDADENAHALLI",
        "block_tehsil": "ANEKAL",
        "subdistrict": "Anekal",
        "district": "Bengaluru Urban",
        "rural_or_urban": "Rural",
        "water_body_type_code": "02",
        "water_body_type": "Tank",
        "water_body_ownership": "Panchayat",
        "water_body_nature": "Natural",
        "in_use": "No",
        "encroached": "No",
        "storage_capacity_original": 4.0,
        "max_depth_m": null,
        "water_spread_area": 0.0,
        "image_path": "https://mi6census.mowr.gov.in/mic/getWaterBodyImageByURL/MIC_112002000001000079001.jpeg"
      },
      "geometry": {
        "type": "Point",
        "coordinates": [
          77.7533333,
          12.8880556
        ]
      }
    },
    {
      "type": "Feature",
      "properties": {
        "census_code": "1/12/002/000001/000118/001",
        "village": "THINDLU",
        "block_tehsil": "ANEKAL",
        "subdistrict": "Anekal",
        "district": "Bengaluru Urban",
        "rural_or_urban": "Rural",
        "water_body_type_code": "02",
        "water_body_type": "Tank",
        "water_body_ownership": "Panchayat",
        "water_body_nature": "Natural",
        "in_use": "No",
        "encroached": "No",
        "storage_capacity_original": 4.0,
        "max_depth_m": null,
        "water_spread_area": 0.0,
        "image_path": "https://mi6census.mowr.gov.in/mic/getWaterBodyImageByURL/MIC_112002000001000118001.jpeg"
      },
      "geometry": {
        "type": "Point",
        "coordinates": [
          77.8063889,
          12.8519444
        ]
      }
    },
    {
      "type": "Feature",
      "properties": {
        "census_code": "1/12/002/000001/000135/001",
        "village": "THIRUMAGONDANAHALLI",
        "block_tehsil": "ANEKAL",
        "subdistrict": "Anekal",
        "district": "Bengaluru Urban",
        "rural_or_urban": "Rural",
        "water_body_type_code": "02",
        "water_body_type": "Tank",
        "water_body_ownership": "Panchayat",
        "water_body_nature": "Natural",
        "in_use": "No",
        "encroached": "No",
        "storage_capacity_original": 4.0,
        "max_depth_m": null,
        "water_spread_area": 0.0,
        "image_path": "https://mi6census.mowr.gov.in/mic/getWaterBodyImageByURL/MIC_112002000001000135001.jpeg"
      },
      "geometry": {
        "type": "Point",
        "coordinates": [
          77.7188889,
          12.7913889
        ]
      }
    },
    {
      "type": "Feature",
      "properties": {
        "census_code": "1/12/002/000001/000098/001",
        "village": "TYAYAKANA HALLI",
        "block_tehsil": "ANEKAL",
        "subdistrict": "Anekal",
        "district": "Bengaluru Urban",
        "rural_or_urban": "Rural",
        "water_body_type_code": "02",
        "water_body_type": "Tank",
        "water_body_ownership": "Panchayat",
        "water_body_nature": "Natural",
        "in_use": "No",
        "encroached": "No",
        "storage_capacity_original": 4.0,
        "max_depth_m": null,
        "water_spread_area": 0.0,
        "image_path": "https://mi6census.mowr.gov.in/mic/getWaterBodyImageByURL/MIC_112002000001000098001.jpeg"
      },
      "geometry": {
        "type": "Point",
        "coordinates": [
          77.7855556,
          12.8266667
        ]
      }
    },
    {
      "type": "Feature",
      "properties": {
        "census_code": "1/12/002/000001/000036/001",
        "village": "VABASANDRA",
        "block_tehsil": "ANEKAL",
        "subdistrict": "Anekal",
        "district": "Bengaluru Urban",
        "rural_or_urban": "Rural",
        "water_body_type_code": "02",
        "water_body_type": "Tank",
        "water_body_ownership": "Panchayat",
        "water_body_nature": "Natural",
        "in_use": "No",
        "encroached": "No",
        "storage_capacity_original": 4.0,
        "max_depth_m": null,
        "water_spread_area": 0.0,
        "image_path": "https://mi6census.mowr.gov.in/mic/getWaterBodyImageByURL/MIC_112002000001000036001.jpeg"
      },
      "geometry": {
        "type": "Point",
        "coordinates": [
          77.6513889,
          12.8108333
        ]
      }
    },
    {
      "type": "Feature",
      "properties": {
        "census_code": "1/12/002/000001/000009/001",
        "village": "VADERAHALLI",
        "block_tehsil": "ANEKAL",
        "subdistrict": "Bengaluru South",
        "district": "Bengaluru Urban",
        "rural_or_urban": "Rural",
        "water_body_type_code": "02",
        "water_body_type": "Tank",
        "water_body_ownership": "Panchayat",
        "water_body_nature": "Natural",
        "in_use": "No",
        "encroached": "No",
        "storage_capacity_original": 4.0,
        "max_depth_m": null,
        "water_spread_area": 0.0,
        "image_path": "https://mi6census.mowr.gov.in/mic/getWaterBodyImageByURL/MIC_112002000001000009001.jpeg"
      },
      "geometry": {
        "type": "Point",
        "coordinates": [
          77.6025,
          12.8313889
        ]
      }
    },
    {
      "type": "Feature",
      "properties": {
        "census_code": "1/12/002/000001/000029/002",
        "village": "VADERAMANCHANAHALLI",
        "block_tehsil": "ANEKAL",
        "subdistrict": "Anekal",
        "district": "Bengaluru Urban",
        "rural_or_urban": "Rural",
        "water_body_type_code": "02",
        "water_body_type": "Tank",
        "water_body_ownership": "Panchayat",
        "water_body_nature": "Natural",
        "in_use": "No",
        "encroached": "No",
        "storage_capacity_original": 4.0,
        "max_depth_m": null,
        "water_spread_area": 0.0,
        "image_path": "https://mi6census.mowr.gov.in/mic/getWaterBodyImageByURL/MIC_112002000001000029002.jpeg"
      },
      "geometry": {
        "type": "Point",
        "coordinates": [
          77.6325,
          12.7708333
        ]
      }
    },
    {
      "type": "Feature",
      "properties": {
        "census_code": "1/12/002/000001/000029/001",
        "village": "VADERAMANCHANAHALLI",
        "block_tehsil": "ANEKAL",
        "subdistrict": "Anekal",
        "district": "Bengaluru Urban",
        "rural_or_urban": "Rural",
        "water_body_type_code": "02",
        "water_body_type": "Tank",
        "water_body_ownership": "Panchayat",
        "water_body_nature": "Natural",
        "in_use": "No",
        "encroached": "No",
        "storage_capacity_original": 4.0,
        "max_depth_m": null,
        "water_spread_area": 0.0,
        "image_path": "https://mi6census.mowr.gov.in/mic/getWaterBodyImageByURL/MIC_112002000001000029001.jpeg"
      },
      "geometry": {
        "type": "Point",
        "coordinates": [
          77.6316667,
          12.7711111
        ]
      }
    },
    {
      "type": "Feature",
      "properties": {
        "census_code": "1/12/002/000001/000103/002",
        "village": "VOLAGEREKALLAHALLI",
        "block_tehsil": "ANEKAL",
        "subdistrict": "Anekal",
        "district": "Bengaluru Urban",
        "rural_or_urban": "Rural",
        "water_body_type_code": "02",
        "water_body_type": "Tank",
        "water_body_ownership": "Panchayat",
        "water_body_nature": "Natural",
        "in_use": "No",
        "encroached": "No",
        "storage_capacity_original": 4.0,
        "max_depth_m": null,
        "water_spread_area": 0.0,
        "image_path": "https://mi6census.mowr.gov.in/mic/getWaterBodyImageByURL/MIC_112002000001000103002.jpeg"
      },
      "geometry": {
        "type": "Point",
        "coordinates": [
          77.7777778,
          12.8813889
        ]
      }
    },
    {
      "type": "Feature",
      "properties": {
        "census_code": "1/12/002/000001/000103/001",
        "village": "VOLAGEREKALLAHALLI",
        "block_tehsil": "ANEKAL",
        "subdistrict": "Anekal",
        "district": "Bengaluru Urban",
        "rural_or_urban": "Rural",
        "water_body_type_code": "02",
        "water_body_type": "Tank",
        "water_body_ownership": "Panchayat",
        "water_body_nature": "Natural",
        "in_use": "No",
        "encroached": "No",
        "storage_capacity_original": 4.0,
        "max_depth_m": null,
        "water_spread_area": 0.0,
        "image_path": "https://mi6census.mowr.gov.in/mic/getWaterBodyImageByURL/MIC_112002000001000103001.jpeg"
      },
      "geometry": {
        "type": "Point",
        "coordinates": [
          77.7719444,
          12.885
        ]
      }
    },
    {
      "type": "Feature",
      "properties": {
        "census_code": "1/12/002/000001/000142/001",
        "village": "YADAVANAHALLI",
        "block_tehsil": "ANEKAL",
        "subdistrict": "Anekal",
        "district": "Bengaluru Urban",
        "rural_or_urban": "Rural",
        "water_body_type_code": "02",
        "water_body_type": "Tank",
        "water_body_ownership": "Panchayat",
        "water_body_nature": "Natural",
        "in_use": "No",
        "encroached": "No",
        "storage_capacity_original": 4.0,
        "max_depth_m": null,
        "water_spread_area": 0.0,
        "image_path": "https://mi6census.mowr.gov.in/mic/getWaterBodyImageByURL/MIC_112002000001000142001.jpeg"
      },
      "geometry": {
        "type": "Point",
        "coordinates": [
          77.7452778,
          12.8002778
        ]
      }
    },
    {
      "type": "Feature",
      "properties": {
        "census_code": "1/12/002/000005/000033/001",
        "village": "AVALAHALLI",
        "block_tehsil": "BANGALORE EAST",
        "subdistrict": "Bengaluru East",
        "district": "Bengaluru Urban",
        "rural_or_urban": "Rural",
        "water_body_type_code": "02",
        "water_body_type": "Tank",
        "water_body_ownership": "Panchayat",
        "water_body_nature": "Natural",
        "in_use": "No",
        "encroached": "No",
        "storage_capacity_original": 4.0,
        "max_depth_m": null,
        "water_spread_area": 0.0,
        "image_path": "https://mi6census.mowr.gov.in/mic/getWaterBodyImageByURL/MIC_112002000005000033001.jpeg"
      },
      "geometry": {
        "type": "Point",
        "coordinates": [
          77.7277778,
          13.03
        ]
      }
    },
    {
      "type": "Feature",
      "properties": {
        "census_code": "1/12/002/000005/000007/001",
        "village": "BANDEBOMMASANDRA",
        "block_tehsil": "BANGALORE EAST",
        "subdistrict": "Bengaluru East",
        "district": "Bengaluru Urban",
        "rural_or_urban": "Rural",
        "water_body_type_code": "02",
        "water_body_type": "Tank",
        "water_body_ownership": "Panchayat",
        "water_body_nature": "Natural",
        "in_use": "No",
        "encroached": "No",
        "storage_capacity_original": 4.0,
        "max_depth_m": null,
        "water_spread_area": 0.0,
        "image_path": "https://mi6census.mowr.gov.in/mic/getWaterBodyImageByURL/MIC_112002000005000007001.jpeg"
      },
      "geometry": {
        "type": "Point",
        "coordinates": [
          77.6705556,
          13.0722222
        ]
      }
    },
    {
      "type": "Feature",
      "properties": {
        "census_code": "1/12/002/000005/000027/001",
        "village": "BENDIGANAHALLI",
        "block_tehsil": "BANGALORE EAST",
        "subdistrict": "Hosakote",
        "district": "Bengaluru Rural",
        "rural_or_urban": "Rural",
        "water_body_type_code": "02",
        "water_body_type": "Tank",
        "water_body_ownership": "Panchayat",
        "water_body_nature": "Natural",
        "in_use": "No",
        "encroached": "No",
        "storage_capacity_original": 4.0,
        "max_depth_m": null,
        "water_spread_area": 0.0,
        "image_path": "https://mi6census.mowr.gov.in/mic/getWaterBodyImageByURL/MIC_112002000005000027001.jpeg"
      },
      "geometry": {
        "type": "Point",
        "coordinates": [
          77.7713889,
          13.0616667
        ]
      }
    },
    {
      "type": "Feature",
      "properties": {
        "census_code": "1/12/002/000005/000016/002",
        "village": "BIDARAHALLI",
        "block_tehsil": "BANGALORE EAST",
        "subdistrict": "Bengaluru East",
        "district": "Bengaluru Urban",
        "rural_or_urban": "Rural",
        "water_body_type_code": "02",
        "water_body_type": "Tank",
        "water_body_ownership": "Panchayat",
        "water_body_nature": "Natural",
        "in_use": "No",
        "encroached": "No",
        "storage_capacity_original": 4.0,
        "max_depth_m": null,
        "water_spread_area": 0.0,
        "image_path": "https://mi6census.mowr.gov.in/mic/getWaterBodyImageByURL/MIC_112002000005000016002.jpeg"
      },
      "geometry": {
        "type": "Point",
        "coordinates": [
          77.7227778,
          13.0666667
        ]
      }
    },
    {
      "type": "Feature",
      "properties": {
        "census_code": "1/12/002/000005/000016/001",
        "village": "BIDARAHALLI",
        "block_tehsil": "BANGALORE EAST",
        "subdistrict": "Bengaluru East",
        "district": "Bengaluru Urban",
        "rural_or_urban": "Rural",
        "water_body_type_code": "02",
        "water_body_type": "Tank",
        "water_body_ownership": "Panchayat",
        "water_body_nature": "Natural",
        "in_use": "No",
        "encroached": "No",
        "storage_capacity_original": 1.0,
        "max_depth_m": null,
        "water_spread_area": 0.0,
        "image_path": "https://mi6census.mowr.gov.in/mic/getWaterBodyImageByURL/MIC_112002000005000016001.jpeg"
      },
      "geometry": {
        "type": "Point",
        "coordinates": [
          77.7236111,
          13.0666667
        ]
      }
    },
    {
      "type": "Feature",
      "properties": {
        "census_code": "1/12/002/000005/000038/001",
        "village": "BIDARE AGRAHARA",
        "block_tehsil": "BANGALORE EAST",
        "subdistrict": "Bengaluru East",
        "district": "Bengaluru Urban",
        "rural_or_urban": "Rural",
        "water_body_type_code": "02",
        "water_body_type": "Tank",
        "water_body_ownership": "Panchayat",
        "water_body_nature": "Natural",
        "in_use": "No",
        "encroached": "No",
        "storage_capacity_original": 4.0,
        "max_depth_m": null,
        "water_spread_area": 0.0,
        "image_path": "https://mi6census.mowr.gov.in/mic/getWaterBodyImageByURL/MIC_112002000005000038001.jpeg"
      },
      "geometry": {
        "type": "Point",
        "coordinates": [
          77.7516667,
          13.0341667
        ]
      }
    },
    {
      "type": "Feature",
      "properties": {
        "census_code": "1/12/002/000005/000029/001",
        "village": "BOMMENAHALLI",
        "block_tehsil": "BANGALORE EAST",
        "subdistrict": "Bengaluru East",
        "district": "Bengaluru Urban",
        "rural_or_urban": "Rural",
        "water_body_type_code": "02",
        "water_body_type": "Tank",
        "water_body_ownership": "Panchayat",
        "water_body_nature": "Natural",
        "in_use": "No",
        "encroached": "No",
        "storage_capacity_original": 4.0,
        "max_depth_m": null,
        "water_spread_area": 0.0,
        "image_path": "https://mi6census.mowr.gov.in/mic/getWaterBodyImageByURL/MIC_112002000005000029001.jpeg"
      },
      "geometry": {
        "type": "Point",
        "coordinates": [
          77.7444444,
          13.0733333
        ]
      }
    },
    {
      "type": "Feature",
      "properties": {
        "census_code": "1/12/002/000005/000017/002",
        "village": "BYAPPANAHALLI",
        "block_tehsil": "BANGALORE EAST",
        "subdistrict": "Bengaluru East",
        "district": "Bengaluru Urban",
        "rural_or_urban": "Rural",
        "water_body_type_code": "02",
        "water_body_type": "Tank",
        "water_body_ownership": "Panchayat",
        "water_body_nature": "Natural",
        "in_use": "No",
        "encroached": "No",
        "storage_capacity_original": 4.0,
        "max_depth_m": null,
        "water_spread_area": 0.0,
        "image_path": "https://mi6census.mowr.gov.in/mic/getWaterBodyImageByURL/MIC_112002000005000017002.jpeg"
      },
      "geometry": {
        "type": "Point",
        "coordinates": [
          77.7227778,
          13.0711111
        ]
      }
    },
    {
      "type": "Feature",
      "properties": {
        "census_code": "1/12/002/000005/000017/001",
        "village": "BYAPPANAHALLI",
        "block_tehsil": "BANGALORE EAST",
        "subdistrict": "Bengaluru East",
        "district": "Bengaluru Urban",
        "rural_or_urban": "Rural",
        "water_body_type_code": "02",
        "water_body_type": "Tank",
        "water_body_ownership": "Panchayat",
        "water_body_nature": "Natural",
        "in_use": "No",
        "encroached": "No",
        "storage_capacity_original": 4.0,
        "max_depth_m": null,
        "water_spread_area": 0.0,
        "image_path": "https://mi6census.mowr.gov.in/mic/getWaterBodyImageByURL/MIC_112002000005000017001.jpeg"
      },
      "geometry": {
        "type": "Point",
        "coordinates": [
          77.7255556,
          13.0808333
        ]
      }
    },
    {
      "type": "Feature",
      "properties": {
        "census_code": "1/12/002/000005/000032/001",
        "village": "CHEEMASANDRA",
        "block_tehsil": "BANGALORE EAST",
        "subdistrict": "Bengaluru East",
        "district": "Bengaluru Urban",
        "rural_or_urban": "Rural",
        "water_body_type_code": "02",
        "water_body_type": "Tank",
        "water_body_ownership": "Panchayat",
        "water_body_nature": "Natural",
        "in_use": "No",
        "encroached": "No",
        "storage_capacity_original": 4.0,
        "max_depth_m": null,
        "water_spread_area": 0.0,
        "image_path": "https://mi6census.mowr.gov.in/mic/getWaterBodyImageByURL/MIC_112002000005000032001.jpeg"
      },
      "geometry": {
        "type": "Point",
        "coordinates": [
          77.7394444,
          13.0452778
        ]
      }
    },
    {
      "type": "Feature",
      "properties": {
        "census_code": "1/12/002/000005/000045/001",
        "village": "CHIKKABANAHALLI",
        "block_tehsil": "BANGALORE EAST",
        "subdistrict": "Bengaluru East",
        "district": "Bengaluru Urban",
        "rural_or_urban": "Rural",
        "water_body_type_code": "02",
        "water_body_type": "Tank",
        "water_body_ownership": "Panchayat",
        "water_body_nature": "Natural",
        "in_use": "No",
        "encroached": "No",
        "storage_capacity_original": 4.0,
        "max_depth_m": null,
        "water_spread_area": 0.0,
        "image_path": "https://mi6census.mowr.gov.in/mic/getWaterBodyImageByURL/MIC_112002000005000045001.jpeg"
      },
      "geometry": {
        "type": "Point",
        "coordinates": [
          77.7588889,
          13.0227778
        ]
      }
    },
    {
      "type": "Feature",
      "properties": {
        "census_code": "1/12/002/000005/000048/001",
        "village": "CHIKKAKANNALLI",
        "block_tehsil": "BANGALORE EAST",
        "subdistrict": "Bengaluru East",
        "district": "Bengaluru Urban",
        "rural_or_urban": "Rural",
        "water_body_type_code": "02",
        "water_body_type": "Tank",
        "water_body_ownership": "Panchayat",
        "water_body_nature": "Natural",
        "in_use": "No",
        "encroached": "No",
        "storage_capacity_original": 4.0,
        "max_depth_m": null,
        "water_spread_area": 0.0,
        "image_path": "https://mi6census.mowr.gov.in/mic/getWaterBodyImageByURL/MIC_112002000005000048001.jpeg"
      },
      "geometry": {
        "type": "Point",
        "coordinates": [
          77.6930556,
          12.8988889
        ]
      }
    },
    {
      "type": "Feature",
      "properties": {
        "census_code": "1/12/002/000005/000053/001",
        "village": "CHIKKANAYAKANAHALLI",
        "block_tehsil": "BANGALORE EAST",
        "subdistrict": "Bengaluru East",
        "district": "Bengaluru Urban",
        "rural_or_urban": "Rural",
        "water_body_type_code": "02",
        "water_body_type": "Tank",
        "water_body_ownership": "Panchayat",
        "water_body_nature": "Natural",
        "in_use": "No",
        "encroached": "No",
        "storage_capacity_original": 4.0,
        "max_depth_m": null,
        "water_spread_area": 0.0,
        "image_path": "https://mi6census.mowr.gov.in/mic/getWaterBodyImageByURL/MIC_112002000005000053001.jpeg"
      },
      "geometry": {
        "type": "Point",
        "coordinates": [
          77.6919444,
          12.8961111
        ]
      }
    },
    {
      "type": "Feature",
      "properties": {
        "census_code": "1/12/002/000005/000037/001",
        "village": "DODDABANAHALLI",
        "block_tehsil": "BANGALORE EAST",
        "subdistrict": "Bengaluru East",
        "district": "Bengaluru Urban",
        "rural_or_urban": "Rural",
        "water_body_type_code": "02",
        "water_body_type": "Tank",
        "water_body_ownership": "Panchayat",
        "water_body_nature": "Natural",
        "in_use": "No",
        "encroached": "No",
        "storage_capacity_original": 4.0,
        "max_depth_m": null,
        "water_spread_area": 0.0,
        "image_path": "https://mi6census.mowr.gov.in/mic/getWaterBodyImageByURL/MIC_112002000005000037001.jpeg"
      },
      "geometry": {
        "type": "Point",
        "coordinates": [
          77.7458333,
          13.0269444
        ]
      }
    },
    {
      "type": "Feature",
      "properties": {
        "census_code": "1/12/002/000005/000005/001",
        "village": "GUNDUR",
        "block_tehsil": "BANGALORE EAST",
        "subdistrict": "Bengaluru East",
        "district": "Bengaluru Urban",
        "rural_or_urban": "Rural",
        "water_body_type_code": "02",
        "water_body_type": "Tank",
        "water_body_ownership": "Panchayat",
        "water_body_nature": "Natural",
        "in_use": "No",
        "encroached": "No",
        "storage_capacity_original": 4.0,
        "max_depth_m": null,
        "water_spread_area": 0.0,
        "image_path": "https://mi6census.mowr.gov.in/mic/getWaterBodyImageByURL/MIC_112002000005000005001.jpeg"
      },
      "geometry": {
        "type": "Point",
        "coordinates": [
          77.7163889,
          13.0880556
        ]
      }
    },
    {
      "type": "Feature",
      "properties": {
        "census_code": "1/12/002/000005/000052/001",
        "village": "HADOSIDDAPURA",
        "block_tehsil": "BANGALORE EAST",
        "subdistrict": "Bengaluru East",
        "district": "Bengaluru Urban",
        "rural_or_urban": "Rural",
        "water_body_type_code": "02",
        "water_body_type": "Tank",
        "water_body_ownership": "Panchayat",
        "water_body_nature": "Natural",
        "in_use": "No",
        "encroached": "No",
        "storage_capacity_original": 4.0,
        "max_depth_m": null,
        "water_spread_area": 0.0,
        "image_path": "https://mi6census.mowr.gov.in/mic/getWaterBodyImageByURL/MIC_112002000005000052001.jpeg"
      },
      "geometry": {
        "type": "Point",
        "coordinates": [
          77.7016667,
          12.8858333
        ]
      }
    },
    {
      "type": "Feature",
      "properties": {
        "census_code": "1/12/002/000005/000047/001",
        "village": "HALANAYAKANAHALLI",
        "block_tehsil": "BANGALORE EAST",
        "subdistrict": "Bengaluru East",
        "district": "Bengaluru Urban",
        "rural_or_urban": "Rural",
        "water_body_type_code": "02",
        "water_body_type": "Tank",
        "water_body_ownership": "Panchayat",
        "water_body_nature": "Natural",
        "in_use": "No",
        "encroached": "No",
        "storage_capacity_original": 4.0,
        "max_depth_m": null,
        "water_spread_area": 0.0,
        "image_path": "https://mi6census.mowr.gov.in/mic/getWaterBodyImageByURL/MIC_112002000005000047001.jpeg"
      },
      "geometry": {
        "type": "Point",
        "coordinates": [
          77.6933333,
          12.8988889
        ]
      }
    },
    {
      "type": "Feature",
      "properties": {
        "census_code": "1/12/002/000005/000013/001",
        "village": "HALEHALLI",
        "block_tehsil": "BANGALORE EAST",
        "subdistrict": "Bengaluru East",
        "district": "Bengaluru Urban",
        "rural_or_urban": "Rural",
        "water_body_type_code": "02",
        "water_body_type": "Tank",
        "water_body_ownership": "Panchayat",
        "water_body_nature": "Natural",
        "in_use": "No",
        "encroached": "No",
        "storage_capacity_original": 4.0,
        "max_depth_m": null,
        "water_spread_area": 0.0,
        "image_path": "https://mi6census.mowr.gov.in/mic/getWaterBodyImageByURL/MIC_112002000005000013001.jpeg"
      },
      "geometry": {
        "type": "Point",
        "coordinates": [
          77.7075,
          13.0344444
        ]
      }
    },
    {
      "type": "Feature",
      "properties": {
        "census_code": "1/12/002/000005/000015/002",
        "village": "HIRANDAHALLI",
        "block_tehsil": "BANGALORE EAST",
        "subdistrict": "99999- Area Not Under Any Sub-district",
        "district": "Bengaluru Urban",
        "rural_or_urban": "Rural",
        "water_body_type_code": "02",
        "water_body_type": "Tank",
        "water_body_ownership": "Panchayat",
        "water_body_nature": "Natural",
        "in_use": "No",
        "encroached": "No",
        "storage_capacity_original": 4.0,
        "max_depth_m": null,
        "water_spread_area": 0.0,
        "image_path": "https://mi6census.mowr.gov.in/mic/getWaterBodyImageByURL/MIC_112002000005000015002.jpeg"
      },
      "geometry": {
        "type": "Point",
        "coordinates": [
          77.725,
          13.0313889
        ]
      }
    },
    {
      "type": "Feature",
      "properties": {
        "census_code": "1/12/002/000005/000015/001",
        "village": "HIRANDAHALLI",
        "block_tehsil": "BANGALORE EAST",
        "subdistrict": "99999- Area Not Under Any Sub-district",
        "district": "Bengaluru Urban",
        "rural_or_urban": "Rural",
        "water_body_type_code": "02",
        "water_body_type": "Tank",
        "water_body_ownership": "Panchayat",
        "water_body_nature": "Natural",
        "in_use": "No",
        "encroached": "No",
        "storage_capacity_original": 4.0,
        "max_depth_m": null,
        "water_spread_area": 0.0,
        "image_path": "https://mi6census.mowr.gov.in/mic/getWaterBodyImageByURL/MIC_112002000005000015001.jpeg"
      },
      "geometry": {
        "type": "Point",
        "coordinates": [
          77.725,
          13.0313889
        ]
      }
    },
    {
      "type": "Feature",
      "properties": {
        "census_code": "1/12/002/000005/000030/001",
        "village": "HUSKUR",
        "block_tehsil": "BANGALORE EAST",
        "subdistrict": "Bengaluru East",
        "district": "Bengaluru Urban",
        "rural_or_urban": "Rural",
        "water_body_type_code": "02",
        "water_body_type": "Tank",
        "water_body_ownership": "Panchayat",
        "water_body_nature": "Natural",
        "in_use": "No",
        "encroached": "No",
        "storage_capacity_original": 4.0,
        "max_depth_m": null,
        "water_spread_area": 0.0,
        "image_path": "https://mi6census.mowr.gov.in/mic/getWaterBodyImageByURL/MIC_112002000005000030001.jpeg"
      },
      "geometry": {
        "type": "Point",
        "coordinates": [
          77.7644444,
          13.0672222
        ]
      }
    },
    {
      "type": "Feature",
      "properties": {
        "census_code": "1/12/002/000005/000058/001",
        "village": "HUVINANE",
        "block_tehsil": "BANGALORE EAST",
        "subdistrict": "99999- Area Not Under Any Sub-district",
        "district": "Bengaluru Urban",
        "rural_or_urban": "Rural",
        "water_body_type_code": "02",
        "water_body_type": "Tank",
        "water_body_ownership": "Panchayat",
        "water_body_nature": "Natural",
        "in_use": "No",
        "encroached": "No",
        "storage_capacity_original": 4.0,
        "max_depth_m": null,
        "water_spread_area": 0.0,
        "image_path": "https://mi6census.mowr.gov.in/mic/getWaterBodyImageByURL/MIC_112002000005000058001.jpeg"
      },
      "geometry": {
        "type": "Point",
        "coordinates": [
          77.6808333,
          13.0452778
        ]
      }
    },
    {
      "type": "Feature",
      "properties": {
        "census_code": "1/12/002/000005/000021/001",
        "village": "JOTHIPURA",
        "block_tehsil": "BANGALORE EAST",
        "subdistrict": "Bengaluru East",
        "district": "Bengaluru Urban",
        "rural_or_urban": "Rural",
        "water_body_type_code": "02",
        "water_body_type": "Tank",
        "water_body_ownership": "Panchayat",
        "water_body_nature": "Natural",
        "in_use": "No",
        "encroached": "No",
        "storage_capacity_original": 4.0,
        "max_depth_m": null,
        "water_spread_area": 0.0,
        "image_path": "https://mi6census.mowr.gov.in/mic/getWaterBodyImageByURL/MIC_112002000005000021001.jpeg"
      },
      "geometry": {
        "type": "Point",
        "coordinates": [
          77.7594444,
          13.0994444
        ]
      }
    },
    {
      "type": "Feature",
      "properties": {
        "census_code": "1/12/002/000005/000050/001",
        "village": "KACHAMARANAHALLI",
        "block_tehsil": "BANGALORE EAST",
        "subdistrict": "Bengaluru East",
        "district": "Bengaluru Urban",
        "rural_or_urban": "Rural",
        "water_body_type_code": "02",
        "water_body_type": "Tank",
        "water_body_ownership": "Panchayat",
        "water_body_nature": "Natural",
        "in_use": "No",
        "encroached": "No",
        "storage_capacity_original": 4.0,
        "max_depth_m": null,
        "water_spread_area": 0.0,
        "image_path": "https://mi6census.mowr.gov.in/mic/getWaterBodyImageByURL/MIC_112002000005000050001.jpeg"
      },
      "geometry": {
        "type": "Point",
        "coordinates": [
          77.7419444,
          12.9088889
        ]
      }
    },
    {
      "type": "Feature",
      "properties": {
        "census_code": "1/12/002/000005/000006/001",
        "village": "KADA AGRAHARA",
        "block_tehsil": "BANGALORE EAST",
        "subdistrict": "Bengaluru East",
        "district": "Bengaluru Urban",
        "rural_or_urban": "Rural",
        "water_body_type_code": "02",
        "water_body_type": "Tank",
        "water_body_ownership": "Panchayat",
        "water_body_nature": "Natural",
        "in_use": "No",
        "encroached": "No",
        "storage_capacity_original": 4.0,
        "max_depth_m": null,
        "water_spread_area": 0.0,
        "image_path": "https://mi6census.mowr.gov.in/mic/getWaterBodyImageByURL/MIC_112002000005000006001.jpeg"
      },
      "geometry": {
        "type": "Point",
        "coordinates": [
          77.695,
          13.0825
        ]
      }
    },
    {
      "type": "Feature",
      "properties": {
        "census_code": "1/12/002/000005/000002/001",
        "village": "KADUSONNAPPANAHALLI",
        "block_tehsil": "BANGALORE EAST",
        "subdistrict": "Bengaluru East",
        "district": "Bengaluru Urban",
        "rural_or_urban": "Rural",
        "water_body_type_code": "02",
        "water_body_type": "Tank",
        "water_body_ownership": "Panchayat",
        "water_body_nature": "Natural",
        "in_use": "No",
        "encroached": "No",
        "storage_capacity_original": 4.0,
        "max_depth_m": null,
        "water_spread_area": 0.0,
        "image_path": "https://mi6census.mowr.gov.in/mic/getWaterBodyImageByURL/MIC_112002000005000002001.jpeg"
      },
      "geometry": {
        "type": "Point",
        "coordinates": [
          77.6672222,
          13.0997222
        ]
      }
    },
    {
      "type": "Feature",
      "properties": {
        "census_code": "1/12/002/000005/000044/001",
        "village": "KANNAMANGALA",
        "block_tehsil": "BANGALORE EAST",
        "subdistrict": "Hosakote",
        "district": "Bengaluru Rural",
        "rural_or_urban": "Rural",
        "water_body_type_code": "02",
        "water_body_type": "Tank",
        "water_body_ownership": "Panchayat",
        "water_body_nature": "Natural",
        "in_use": "No",
        "encroached": "No",
        "storage_capacity_original": 4.0,
        "max_depth_m": null,
        "water_spread_area": 0.0,
        "image_path": "https://mi6census.mowr.gov.in/mic/getWaterBodyImageByURL/MIC_112002000005000044001.jpeg"
      },
      "geometry": {
        "type": "Point",
        "coordinates": [
          77.7769444,
          13.0261111
        ]
      }
    },
    {
      "type": "Feature",
      "properties": {
        "census_code": "1/12/002/000005/000044/002",
        "village": "KANNAMANGALA",
        "block_tehsil": "BANGALORE EAST",
        "subdistrict": "Hosakote",
        "district": "Bengaluru Rural",
        "rural_or_urban": "Rural",
        "water_body_type_code": "02",
        "water_body_type": "Tank",
        "water_body_ownership": "Panchayat",
        "water_body_nature": "Natural",
        "in_use": "No",
        "encroached": "No",
        "storage_capacity_original": 4.0,
        "max_depth_m": null,
        "water_spread_area": 0.0,
        "image_path": "https://mi6census.mowr.gov.in/mic/getWaterBodyImageByURL/MIC_112002000005000044002.jpeg"
      },
      "geometry": {
        "type": "Point",
        "coordinates": [
          77.7827778,
          13.0247222
        ]
      }
    },
    {
      "type": "Feature",
      "properties": {
        "census_code": "1/12/002/000005/000041/001",
        "village": "KATAMNALLUR",
        "block_tehsil": "BANGALORE EAST",
        "subdistrict": "Bengaluru East",
        "district": "Bengaluru Urban",
        "rural_or_urban": "Rural",
        "water_body_type_code": "02",
        "water_body_type": "Tank",
        "water_body_ownership": "Panchayat",
        "water_body_nature": "Natural",
        "in_use": "No",
        "encroached": "No",
        "storage_capacity_original": 4.0,
        "max_depth_m": null,
        "water_spread_area": 0.0,
        "image_path": "https://mi6census.mowr.gov.in/mic/getWaterBodyImageByURL/MIC_112002000005000041001.jpeg"
      },
      "geometry": {
        "type": "Point",
        "coordinates": [
          77.7616667,
          13.0463889
        ]
      }
    },
    {
      "type": "Feature",
      "properties": {
        "census_code": "1/12/002/000005/000014/001",
        "village": "KITHIGANUR",
        "block_tehsil": "BANGALORE EAST",
        "subdistrict": "Bengaluru East",
        "district": "Bengaluru Urban",
        "rural_or_urban": "Rural",
        "water_body_type_code": "02",
        "water_body_type": "Tank",
        "water_body_ownership": "Panchayat",
        "water_body_nature": "Natural",
        "in_use": "No",
        "encroached": "No",
        "storage_capacity_original": 4.0,
        "max_depth_m": null,
        "water_spread_area": 0.0,
        "image_path": "https://mi6census.mowr.gov.in/mic/getWaterBodyImageByURL/MIC_112002000005000014001.jpeg"
      },
      "geometry": {
        "type": "Point",
        "coordinates": [
          77.7088889,
          13.0327778
        ]
      }
    },
    {
      "type": "Feature",
      "properties": {
        "census_code": "1/12/002/000005/000054/001",
        "village": "KODATHI",
        "block_tehsil": "BANGALORE EAST",
        "subdistrict": "Bengaluru East",
        "district": "Bengaluru Urban",
        "rural_or_urban": "Rural",
        "water_body_type_code": "02",
        "water_body_type": "Tank",
        "water_body_ownership": "Panchayat",
        "water_body_nature": "Natural",
        "in_use": "No",
        "encroached": "No",
        "storage_capacity_original": 4.0,
        "max_depth_m": null,
        "water_spread_area": 0.0,
        "image_path": "https://mi6census.mowr.gov.in/mic/getWaterBodyImageByURL/MIC_112002000005000054001.jpeg"
      },
      "geometry": {
        "type": "Point",
        "coordinates": [
          77.7227778,
          12.8872222
        ]
      }
    },
    {
      "type": "Feature",
      "properties": {
        "census_code": "1/12/002/000005/000040/001",
        "village": "KONADASAPURA",
        "block_tehsil": "BANGALORE EAST",
        "subdistrict": "Bengaluru East",
        "district": "Bengaluru Urban",
        "rural_or_urban": "Rural",
        "water_body_type_code": "02",
        "water_body_type": "Tank",
        "water_body_ownership": "Panchayat",
        "water_body_nature": "Natural",
        "in_use": "No",
        "encroached": "No",
        "storage_capacity_original": 4.0,
        "max_depth_m": null,
        "water_spread_area": 0.0,
        "image_path": "https://mi6census.mowr.gov.in/mic/getWaterBodyImageByURL/MIC_112002000005000040001.jpeg"
      },
      "geometry": {
        "type": "Point",
        "coordinates": [
          77.7563889,
          13.0480556
        ]
      }
    },
    {
      "type": "Feature",
      "properties": {
        "census_code": "1/12/002/000005/000035/001",
        "village": "KURUDUSONNENAHALLI",
        "block_tehsil": "BANGALORE EAST",
        "subdistrict": "Bengaluru East",
        "district": "Bengaluru Urban",
        "rural_or_urban": "Rural",
        "water_body_type_code": "02",
        "water_body_type": "Tank",
        "water_body_ownership": "Panchayat",
        "water_body_nature": "Natural",
        "in_use": "No",
        "encroached": "No",
        "storage_capacity_original": 4.0,
        "max_depth_m": null,
        "water_spread_area": 0.0,
        "image_path": "https://mi6census.mowr.gov.in/mic/getWaterBodyImageByURL/MIC_112002000005000035001.jpeg"
      },
      "geometry": {
        "type": "Point",
        "coordinates": [
          77.7336111,
          13.0175
        ]
      }
    },
    {
      "type": "Feature",
      "properties": {
        "census_code": "1/12/002/000005/000035/002",
        "village": "KURUDUSONNENAHALLI",
        "block_tehsil": "BANGALORE EAST",
        "subdistrict": "Bengaluru East",
        "district": "Bengaluru Urban",
        "rural_or_urban": "Rural",
        "water_body_type_code": "02",
        "water_body_type": "Tank",
        "water_body_ownership": "Panchayat",
        "water_body_nature": "Natural",
        "in_use": "No",
        "encroached": "No",
        "storage_capacity_original": 4.0,
        "max_depth_m": null,
        "water_spread_area": 0.0,
        "image_path": "https://mi6census.mowr.gov.in/mic/getWaterBodyImageByURL/MIC_112002000005000035002.jpeg"
      },
      "geometry": {
        "type": "Point",
        "coordinates": [
          77.7336111,
          13.0175
        ]
      }
    },
    {
      "type": "Feature",
      "properties": {
        "census_code": "1/12/002/000005/000028/001",
        "village": "LAGUMENAHALLI",
        "block_tehsil": "BANGALORE EAST",
        "subdistrict": "Bengaluru East",
        "district": "Bengaluru Urban",
        "rural_or_urban": "Rural",
        "water_body_type_code": "02",
        "water_body_type": "Tank",
        "water_body_ownership": "Panchayat",
        "water_body_nature": "Natural",
        "in_use": "No",
        "encroached": "No",
        "storage_capacity_original": 4.0,
        "max_depth_m": null,
        "water_spread_area": 0.0,
        "image_path": "https://mi6census.mowr.gov.in/mic/getWaterBodyImageByURL/MIC_112002000005000028001.jpeg"
      },
      "geometry": {
        "type": "Point",
        "coordinates": [
          77.7513889,
          13.0719444
        ]
      }
    },
    {
      "type": "Feature",
      "properties": {
        "census_code": "1/12/002/000005/000026/001",
        "village": "MANDUR",
        "block_tehsil": "BANGALORE EAST",
        "subdistrict": "Bengaluru East",
        "district": "Bengaluru Urban",
        "rural_or_urban": "Rural",
        "water_body_type_code": "02",
        "water_body_type": "Tank",
        "water_body_ownership": "Panchayat",
        "water_body_nature": "Natural",
        "in_use": "No",
        "encroached": "No",
        "storage_capacity_original": 4.0,
        "max_depth_m": null,
        "water_spread_area": 0.0,
        "image_path": "https://mi6census.mowr.gov.in/mic/getWaterBodyImageByURL/MIC_112002000005000026001.jpeg"
      },
      "geometry": {
        "type": "Point",
        "coordinates": [
          77.7436111,
          13.0797222
        ]
      }
    },
    {
      "type": "Feature",
      "properties": {
        "census_code": "1/12/002/000005/000012/001",
        "village": "MARAGONDANAHALLI",
        "block_tehsil": "BANGALORE EAST",
        "subdistrict": "Bengaluru East",
        "district": "Bengaluru Urban",
        "rural_or_urban": "Rural",
        "water_body_type_code": "02",
        "water_body_type": "Tank",
        "water_body_ownership": "Panchayat",
        "water_body_nature": "Natural",
        "in_use": "No",
        "encroached": "No",
        "storage_capacity_original": 4.0,
        "max_depth_m": null,
        "water_spread_area": 0.0,
        "image_path": "https://mi6census.mowr.gov.in/mic/getWaterBodyImageByURL/MIC_112002000005000012001.jpeg"
      },
      "geometry": {
        "type": "Point",
        "coordinates": [
          77.6916667,
          13.0430556
        ]
      }
    },
    {
      "type": "Feature",
      "properties": {
        "census_code": "1/12/002/000005/000051/001",
        "village": "MULLURU",
        "block_tehsil": "BANGALORE EAST",
        "subdistrict": "Bengaluru East",
        "district": "Bengaluru Urban",
        "rural_or_urban": "Rural",
        "water_body_type_code": "02",
        "water_body_type": "Tank",
        "water_body_ownership": "Panchayat",
        "water_body_nature": "Natural",
        "in_use": "No",
        "encroached": "No",
        "storage_capacity_original": 4.0,
        "max_depth_m": null,
        "water_spread_area": 0.0,
        "image_path": "https://mi6census.mowr.gov.in/mic/getWaterBodyImageByURL/MIC_112002000005000051001.jpeg"
      },
      "geometry": {
        "type": "Point",
        "coordinates": [
          77.7138889,
          12.9033333
        ]
      }
    },
    {
      "type": "Feature",
      "properties": {
        "census_code": "1/12/002/000005/000009/001",
        "village": "NADAGOWDAGOLLAHALLI",
        "block_tehsil": "BANGALORE EAST",
        "subdistrict": "Bengaluru East",
        "district": "Bengaluru Urban",
        "rural_or_urban": "Rural",
        "water_body_type_code": "02",
        "water_body_type": "Tank",
        "water_body_ownership": "Panchayat",
        "water_body_nature": "Natural",
        "in_use": "No",
        "encroached": "No",
        "storage_capacity_original": 4.0,
        "max_depth_m": null,
        "water_spread_area": 0.0,
        "image_path": "https://mi6census.mowr.gov.in/mic/getWaterBodyImageByURL/MIC_112002000005000009001.jpeg"
      },
      "geometry": {
        "type": "Point",
        "coordinates": [
          77.6680556,
          13.0775
        ]
      }
    },
    {
      "type": "Feature",
      "properties": {
        "census_code": "1/12/002/000005/000031/001",
        "village": "NIMBEKAIPURA",
        "block_tehsil": "BANGALORE EAST",
        "subdistrict": "Bengaluru East",
        "district": "Bengaluru Urban",
        "rural_or_urban": "Rural",
        "water_body_type_code": "02",
        "water_body_type": "Tank",
        "water_body_ownership": "Panchayat",
        "water_body_nature": "Natural",
        "in_use": "No",
        "encroached": "No",
        "storage_capacity_original": 4.0,
        "max_depth_m": null,
        "water_spread_area": 0.0,
        "image_path": "https://mi6census.mowr.gov.in/mic/getWaterBodyImageByURL/MIC_112002000005000031001.jpeg"
      },
      "geometry": {
        "type": "Point",
        "coordinates": [
          77.7561111,
          13.0552778
        ]
      }
    },
    {
      "type": "Feature",
      "properties": {
        "census_code": "1/12/002/000005/000024/001",
        "village": "RAGHUVANAHALLI",
        "block_tehsil": "BANGALORE EAST",
        "subdistrict": "Bengaluru East",
        "district": "Bengaluru Urban",
        "rural_or_urban": "Rural",
        "water_body_type_code": "02",
        "water_body_type": "Tank",
        "water_body_ownership": "Panchayat",
        "water_body_nature": "Natural",
        "in_use": "No",
        "encroached": "No",
        "storage_capacity_original": 4.0,
        "max_depth_m": null,
        "water_spread_area": 0.0,
        "image_path": "https://mi6census.mowr.gov.in/mic/getWaterBodyImageByURL/MIC_112002000005000024001.jpeg"
      },
      "geometry": {
        "type": "Point",
        "coordinates": [
          77.7594444,
          13.0891667
        ]
      }
    },
    {
      "type": "Feature",
      "properties": {
        "census_code": "1/12/002/000005/000010/001",
        "village": "RAMPURA",
        "block_tehsil": "BANGALORE EAST",
        "subdistrict": "Bengaluru East",
        "district": "Bengaluru Urban",
        "rural_or_urban": "Rural",
        "water_body_type_code": "02",
        "water_body_type": "Tank",
        "water_body_ownership": "Panchayat",
        "water_body_nature": "Natural",
        "in_use": "No",
        "encroached": "No",
        "storage_capacity_original": 4.0,
        "max_depth_m": null,
        "water_spread_area": 0.0,
        "image_path": "https://mi6census.mowr.gov.in/mic/getWaterBodyImageByURL/MIC_112002000005000010001.jpeg"
      },
      "geometry": {
        "type": "Point",
        "coordinates": [
          77.6863889,
          13.0502778
        ]
      }
    },
    {
      "type": "Feature",
      "properties": {
        "census_code": "1/12/002/000005/000055/001",
        "village": "SULIKUNTE",
        "block_tehsil": "BANGALORE EAST",
        "subdistrict": "Bengaluru East",
        "district": "Bengaluru Urban",
        "rural_or_urban": "Rural",
        "water_body_type_code": "02",
        "water_body_type": "Tank",
        "water_body_ownership": "Panchayat",
        "water_body_nature": "Natural",
        "in_use": "No",
        "encroached": "No",
        "storage_capacity_original": 4.0,
        "max_depth_m": null,
        "water_spread_area": 0.0,
        "image_path": "https://mi6census.mowr.gov.in/mic/getWaterBodyImageByURL/MIC_112002000005000055001.jpeg"
      },
      "geometry": {
        "type": "Point",
        "coordinates": [
          77.7227778,
          12.8872222
        ]
      }
    },
    {
      "type": "Feature",
      "properties": {
        "census_code": "1/12/002/000005/000055/002",
        "village": "SULIKUNTE",
        "block_tehsil": "BANGALORE EAST",
        "subdistrict": "Bengaluru East",
        "district": "Bengaluru Urban",
        "rural_or_urban": "Rural",
        "water_body_type_code": "02",
        "water_body_type": "Tank",
        "water_body_ownership": "Panchayat",
        "water_body_nature": "Natural",
        "in_use": "No",
        "encroached": "No",
        "storage_capacity_original": 4.0,
        "max_depth_m": null,
        "water_spread_area": 0.0,
        "image_path": "https://mi6census.mowr.gov.in/mic/getWaterBodyImageByURL/MIC_112002000005000055002.jpeg"
      },
      "geometry": {
        "type": "Point",
        "coordinates": [
          77.7280556,
          12.8955556
        ]
      }
    },
    {
      "type": "Feature",
      "properties": {
        "census_code": "1/12/002/000005/000022/001",
        "village": "THIRUMENAHALLI",
        "block_tehsil": "BANGALORE EAST",
        "subdistrict": "Bengaluru East",
        "district": "Bengaluru Urban",
        "rural_or_urban": "Rural",
        "water_body_type_code": "02",
        "water_body_type": "Tank",
        "water_body_ownership": "Panchayat",
        "water_body_nature": "Natural",
        "in_use": "No",
        "encroached": "No",
        "storage_capacity_original": 4.0,
        "max_depth_m": null,
        "water_spread_area": 0.0,
        "image_path": "https://mi6census.mowr.gov.in/mic/getWaterBodyImageByURL/MIC_112002000005000022001.jpeg"
      },
      "geometry": {
        "type": "Point",
        "coordinates": [
          77.7588889,
          13.1105556
        ]
      }
    },
    {
      "type": "Feature",
      "properties": {
        "census_code": "1/12/002/000005/000034/001",
        "village": "VEERENAHALLI",
        "block_tehsil": "BANGALORE EAST",
        "subdistrict": "Bengaluru East",
        "district": "Bengaluru Urban",
        "rural_or_urban": "Rural",
        "water_body_type_code": "02",
        "water_body_type": "Tank",
        "water_body_ownership": "Panchayat",
        "water_body_nature": "Natural",
        "in_use": "No",
        "encroached": "No",
        "storage_capacity_original": 4.0,
        "max_depth_m": null,
        "water_spread_area": 0.0,
        "image_path": "https://mi6census.mowr.gov.in/mic/getWaterBodyImageByURL/MIC_112002000005000034001.jpeg"
      },
      "geometry": {
        "type": "Point",
        "coordinates": [
          77.7341667,
          13.0197222
        ]
      }
    },
    {
      "type": "Feature",
      "properties": {
        "census_code": "1/12/002/000005/000003/001",
        "village": "YERAPPANAHALLI",
        "block_tehsil": "BANGALORE EAST",
        "subdistrict": "Bengaluru East",
        "district": "Bengaluru Urban",
        "rural_or_urban": "Rural",
        "water_body_type_code": "02",
        "water_body_type": "Tank",
        "water_body_ownership": "Panchayat",
        "water_body_nature": "Natural",
        "in_use": "No",
        "encroached": "No",
        "storage_capacity_original": 4.0,
        "max_depth_m": null,
        "water_spread_area": 0.0,
        "image_path": "https://mi6census.mowr.gov.in/mic/getWaterBodyImageByURL/MIC_112002000005000003001.jpeg"
      },
      "geometry": {
        "type": "Point",
        "coordinates": [
          77.685,
          13.0877778
        ]
      }
    },
    {
      "type": "Feature",
      "properties": {
        "census_code": "1/12/002/000002/000157/001",
        "village": "ADAKAMARANAHALLI",
        "block_tehsil": "BANGALORE NORTH",
        "subdistrict": "Bengaluru North",
        "district": "Bengaluru Urban",
        "rural_or_urban": "Rural",
        "water_body_type_code": "02",
        "water_body_type": "Tank",
        "water_body_ownership": "Panchayat",
        "water_body_nature": "Natural",
        "in_use": "No",
        "encroached": "No",
        "storage_capacity_original": 4.0,
        "max_depth_m": null,
        "water_spread_area": 0.0,
        "image_path": "https://mi6census.mowr.gov.in/mic/getWaterBodyImageByURL/MIC_112002000002000157001.jpeg"
      },
      "geometry": {
        "type": "Point",
        "coordinates": [
          77.4472222,
          13.0708333
        ]
      }
    },
    {
      "type": "Feature",
      "properties": {
        "census_code": "1/12/002/000002/000040/001",
        "village": "ADDE VISHWANATHAPURA",
        "block_tehsil": "BANGALORE NORTH",
        "subdistrict": "Yelahanka",
        "district": "Bengaluru Urban",
        "rural_or_urban": "Rural",
        "water_body_type_code": "02",
        "water_body_type": "Tank",
        "water_body_ownership": "Panchayat",
        "water_body_nature": "Natural",
        "in_use": "No",
        "encroached": "No",
        "storage_capacity_original": 4.0,
        "max_depth_m": null,
        "water_spread_area": 0.0,
        "image_path": "https://mi6census.mowr.gov.in/mic/getWaterBodyImageByURL/MIC_112002000002000040001.jpeg"
      },
      "geometry": {
        "type": "Point",
        "coordinates": [
          77.5544444,
          13.1830556
        ]
      }
    },
    {
      "type": "Feature",
      "properties": {
        "census_code": "1/12/002/000002/000137/001",
        "village": "AGRAHARA PALYA",
        "block_tehsil": "BANGALORE NORTH",
        "subdistrict": "Bengaluru North",
        "district": "Bengaluru Urban",
        "rural_or_urban": "Rural",
        "water_body_type_code": "02",
        "water_body_type": "Tank",
        "water_body_ownership": "Panchayat",
        "water_body_nature": "Natural",
        "in_use": "No",
        "encroached": "No",
        "storage_capacity_original": 4.0,
        "max_depth_m": null,
        "water_spread_area": 0.0,
        "image_path": "https://mi6census.mowr.gov.in/mic/getWaterBodyImageByURL/MIC_112002000002000137001.jpeg"
      },
      "geometry": {
        "type": "Point",
        "coordinates": [
          77.4477778,
          13.1236111
        ]
      }
    },
    {
      "type": "Feature",
      "properties": {
        "census_code": "1/12/002/000002/000151/001",
        "village": "ALUR",
        "block_tehsil": "BANGALORE NORTH",
        "subdistrict": "Yelahanka",
        "district": "Bengaluru Urban",
        "rural_or_urban": "Rural",
        "water_body_type_code": "02",
        "water_body_type": "Tank",
        "water_body_ownership": "Panchayat",
        "water_body_nature": "Natural",
        "in_use": "No",
        "encroached": "No",
        "storage_capacity_original": 4.0,
        "max_depth_m": null,
        "water_spread_area": 0.0,
        "image_path": "https://mi6census.mowr.gov.in/mic/getWaterBodyImageByURL/MIC_112002000002000151001.jpeg"
      },
      "geometry": {
        "type": "Point",
        "coordinates": [
          77.5336111,
          13.1963889
        ]
      }
    },
    {
      "type": "Feature",
      "properties": {
        "census_code": "1/12/002/000002/000017/002",
        "village": "ARAKERE",
        "block_tehsil": "BANGALORE NORTH",
        "subdistrict": "Yelahanka",
        "district": "Bengaluru Urban",
        "rural_or_urban": "Rural",
        "water_body_type_code": "02",
        "water_body_type": "Tank",
        "water_body_ownership": "Panchayat",
        "water_body_nature": "Natural",
        "in_use": "No",
        "encroached": "No",
        "storage_capacity_original": 4.0,
        "max_depth_m": null,
        "water_spread_area": 0.0,
        "image_path": "https://mi6census.mowr.gov.in/mic/getWaterBodyImageByURL/MIC_112002000002000017002.jpeg"
      },
      "geometry": {
        "type": "Point",
        "coordinates": [
          77.5247222,
          13.1869444
        ]
      }
    },
    {
      "type": "Feature",
      "properties": {
        "census_code": "1/12/002/000002/000017/001",
        "village": "ARAKERE",
        "block_tehsil": "BANGALORE NORTH",
        "subdistrict": "Yelahanka",
        "district": "Bengaluru Urban",
        "rural_or_urban": "Rural",
        "water_body_type_code": "02",
        "water_body_type": "Tank",
        "water_body_ownership": "Panchayat",
        "water_body_nature": "Natural",
        "in_use": "No",
        "encroached": "No",
        "storage_capacity_original": 4.0,
        "max_depth_m": null,
        "water_spread_area": 0.0,
        "image_path": "https://mi6census.mowr.gov.in/mic/getWaterBodyImageByURL/MIC_112002000002000017001.jpeg"
      },
      "geometry": {
        "type": "Point",
        "coordinates": [
          77.5336111,
          13.1963889
        ]
      }
    },
    {
      "type": "Feature",
      "properties": {
        "census_code": "1/12/002/000002/000173/001",
        "village": "AVVERAHALLI",
        "block_tehsil": "BANGALORE NORTH",
        "subdistrict": "Bengaluru North",
        "district": "Bengaluru Urban",
        "rural_or_urban": "Rural",
        "water_body_type_code": "01",
        "water_body_type": "Pond",
        "water_body_ownership": "State WRD/State Irrigation",
        "water_body_nature": "Natural",
        "in_use": "No",
        "encroached": "No",
        "storage_capacity_original": 4.0,
        "max_depth_m": null,
        "water_spread_area": 0.0,
        "image_path": "https://mi6census.mowr.gov.in/mic/getWaterBodyImageByURL/MIC_112002000002000173001.jpeg"
      },
      "geometry": {
        "type": "Point",
        "coordinates": [
          77.4172222,
          13.0433333
        ]
      }
    },
    {
      "type": "Feature",
      "properties": {
        "census_code": "1/12/002/000002/000003/001",
        "village": "BAGALUR",
        "block_tehsil": "BANGALORE NORTH",
        "subdistrict": "Yelahanka",
        "district": "Bengaluru Urban",
        "rural_or_urban": "Rural",
        "water_body_type_code": "02",
        "water_body_type": "Tank",
        "water_body_ownership": "Panchayat",
        "water_body_nature": "Natural",
        "in_use": "No",
        "encroached": "No",
        "storage_capacity_original": 4.0,
        "max_depth_m": 1.0,
        "water_spread_area": 0.0,
        "image_path": "https://mi6census.mowr.gov.in/mic/getWaterBodyImageByURL/MIC_112002000002000003001.jpeg"
      },
      "geometry": {
        "type": "Point",
        "coordinates": [
          77.6647222,
          13.1369444
        ]
      }
    },
    {
      "type": "Feature",
      "properties": {
        "census_code": "1/12/002/000002/000003/002",
        "village": "BAGALUR",
        "block_tehsil": "BANGALORE NORTH",
        "subdistrict": "Yelahanka",
        "district": "Bengaluru Urban",
        "rural_or_urban": "Rural",
        "water_body_type_code": "02",
        "water_body_type": "Tank",
        "water_body_ownership": "Panchayat",
        "water_body_nature": "Natural",
        "in_use": "No",
        "encroached": "No",
        "storage_capacity_original": 4.0,
        "max_depth_m": 1.0,
        "water_spread_area": 0.0,
        "image_path": "https://mi6census.mowr.gov.in/mic/getWaterBodyImageByURL/MIC_112002000002000003002.jpeg"
      },
      "geometry": {
        "type": "Point",
        "coordinates": [
          77.6630556,
          13.1363889
        ]
      }
    },
    {
      "type": "Feature",
      "properties": {
        "census_code": "1/12/002/000002/000047/001",
        "village": "BEGUR",
        "block_tehsil": "BANGALORE NORTH",
        "subdistrict": "Yelahanka",
        "district": "Bengaluru Urban",
        "rural_or_urban": "Rural",
        "water_body_type_code": "02",
        "water_body_type": "Tank",
        "water_body_ownership": "Panchayat",
        "water_body_nature": "Natural",
        "in_use": "No",
        "encroached": "No",
        "storage_capacity_original": 4.0,
        "max_depth_m": null,
        "water_spread_area": 0.0,
        "image_path": "https://mi6census.mowr.gov.in/mic/getWaterBodyImageByURL/MIC_112002000002000047001.jpeg"
      },
      "geometry": {
        "type": "Point",
        "coordinates": [
          77.6902778,
          13.1730556
        ]
      }
    },
    {
      "type": "Feature",
      "properties": {
        "census_code": "1/12/002/000002/000134/003",
        "village": "BETHANAGERE",
        "block_tehsil": "BANGALORE NORTH",
        "subdistrict": "Bengaluru North",
        "district": "Bengaluru Urban",
        "rural_or_urban": "Rural",
        "water_body_type_code": "02",
        "water_body_type": "Tank",
        "water_body_ownership": "Panchayat",
        "water_body_nature": "Natural",
        "in_use": "No",
        "encroached": "No",
        "storage_capacity_original": 4.0,
        "max_depth_m": null,
        "water_spread_area": 0.0,
        "image_path": "https://mi6census.mowr.gov.in/mic/getWaterBodyImageByURL/MIC_112002000002000134003.jpeg"
      },
      "geometry": {
        "type": "Point",
        "coordinates": [
          77.4205556,
          13.1069444
        ]
      }
    },
    {
      "type": "Feature",
      "properties": {
        "census_code": "1/12/002/000002/000134/002",
        "village": "BETHANAGERE",
        "block_tehsil": "BANGALORE NORTH",
        "subdistrict": "Bengaluru North",
        "district": "Bengaluru Urban",
        "rural_or_urban": "Rural",
        "water_body_type_code": "02",
        "water_body_type": "Tank",
        "water_body_ownership": "Panchayat",
        "water_body_nature": "Natural",
        "in_use": "No",
        "encroached": "No",
        "storage_capacity_original": 4.0,
        "max_depth_m": null,
        "water_spread_area": 0.0,
        "image_path": "https://mi6census.mowr.gov.in/mic/getWaterBodyImageByURL/MIC_112002000002000134002.jpeg"
      },
      "geometry": {
        "type": "Point",
        "coordinates": [
          77.4094444,
          13.1194444
        ]
      }
    },
    {
      "type": "Feature",
      "properties": {
        "census_code": "1/12/002/000002/000134/001",
        "village": "BETHANAGERE",
        "block_tehsil": "BANGALORE NORTH",
        "subdistrict": "Bengaluru North",
        "district": "Bengaluru Urban",
        "rural_or_urban": "Rural",
        "water_body_type_code": "02",
        "water_body_type": "Tank",
        "water_body_ownership": "Panchayat",
        "water_body_nature": "Natural",
        "in_use": "No",
        "encroached": "No",
        "storage_capacity_original": 4.0,
        "max_depth_m": null,
        "water_spread_area": 0.0,
        "image_path": "https://mi6census.mowr.gov.in/mic/getWaterBodyImageByURL/MIC_112002000002000134001.jpeg"
      },
      "geometry": {
        "type": "Point",
        "coordinates": [
          77.4186111,
          13.1225
        ]
      }
    },
    {
      "type": "Feature",
      "properties": {
        "census_code": "1/12/002/000002/000108/001",
        "village": "BETTAHALASUR",
        "block_tehsil": "BANGALORE NORTH",
        "subdistrict": "Yelahanka",
        "district": "Bengaluru Urban",
        "rural_or_urban": "Rural",
        "water_body_type_code": "02",
        "water_body_type": "Tank",
        "water_body_ownership": "Panchayat",
        "water_body_nature": "Natural",
        "in_use": "No",
        "encroached": "No",
        "storage_capacity_original": 4.0,
        "max_depth_m": null,
        "water_spread_area": 0.0,
        "image_path": "https://mi6census.mowr.gov.in/mic/getWaterBodyImageByURL/MIC_112002000002000108001.jpeg"
      },
      "geometry": {
        "type": "Point",
        "coordinates": [
          77.6144444,
          13.1580556
        ]
      }
    },
    {
      "type": "Feature",
      "properties": {
        "census_code": "1/12/002/000002/000081/001",
        "village": "BILIJAJI",
        "block_tehsil": "BANGALORE NORTH",
        "subdistrict": "Yelahanka",
        "district": "Bengaluru Urban",
        "rural_or_urban": "Rural",
        "water_body_type_code": "02",
        "water_body_type": "Tank",
        "water_body_ownership": "Panchayat",
        "water_body_nature": "Natural",
        "in_use": "No",
        "encroached": "No",
        "storage_capacity_original": 4.0,
        "max_depth_m": null,
        "water_spread_area": 0.0,
        "image_path": "https://mi6census.mowr.gov.in/mic/getWaterBodyImageByURL/MIC_112002000002000081001.jpeg"
      },
      "geometry": {
        "type": "Point",
        "coordinates": [
          77.4680556,
          13.13
        ]
      }
    },
    {
      "type": "Feature",
      "properties": {
        "census_code": "1/12/002/000002/000054/001",
        "village": "BILMARANAHALLI",
        "block_tehsil": "BANGALORE NORTH",
        "subdistrict": "Yelahanka",
        "district": "Bengaluru Urban",
        "rural_or_urban": "Rural",
        "water_body_type_code": "02",
        "water_body_type": "Tank",
        "water_body_ownership": "Panchayat",
        "water_body_nature": "Natural",
        "in_use": "No",
        "encroached": "No",
        "storage_capacity_original": 4.0,
        "max_depth_m": null,
        "water_spread_area": 0.0,
        "image_path": "https://mi6census.mowr.gov.in/mic/getWaterBodyImageByURL/MIC_112002000002000054001.jpeg"
      },
      "geometry": {
        "type": "Point",
        "coordinates": [
          77.6386111,
          13.1525
        ]
      }
    },
    {
      "type": "Feature",
      "properties": {
        "census_code": "1/12/002/000002/000024/001",
        "village": "BUDUMANAHALLI",
        "block_tehsil": "BANGALORE NORTH",
        "subdistrict": "Yelahanka",
        "district": "Bengaluru Urban",
        "rural_or_urban": "Rural",
        "water_body_type_code": "02",
        "water_body_type": "Tank",
        "water_body_ownership": "Panchayat",
        "water_body_nature": "Natural",
        "in_use": "No",
        "encroached": "No",
        "storage_capacity_original": 4.0,
        "max_depth_m": null,
        "water_spread_area": 0.0,
        "image_path": "https://mi6census.mowr.gov.in/mic/getWaterBodyImageByURL/MIC_112002000002000024001.jpeg"
      },
      "geometry": {
        "type": "Point",
        "coordinates": [
          77.5258333,
          13.1894444
        ]
      }
    },
    {
      "type": "Feature",
      "properties": {
        "census_code": "1/12/002/000002/000104/001",
        "village": "BYANAHALLI",
        "block_tehsil": "BANGALORE NORTH",
        "subdistrict": "Yelahanka",
        "district": "Bengaluru Urban",
        "rural_or_urban": "Rural",
        "water_body_type_code": "02",
        "water_body_type": "Tank",
        "water_body_ownership": "Panchayat",
        "water_body_nature": "Natural",
        "in_use": "No",
        "encroached": "No",
        "storage_capacity_original": 4.0,
        "max_depth_m": null,
        "water_spread_area": 0.0,
        "image_path": "https://mi6census.mowr.gov.in/mic/getWaterBodyImageByURL/MIC_112002000002000104001.jpeg"
      },
      "geometry": {
        "type": "Point",
        "coordinates": [
          77.6222222,
          13.1825
        ]
      }
    },
    {
      "type": "Feature",
      "properties": {
        "census_code": "1/12/002/000002/000041/001",
        "village": "BYANDAHALLI",
        "block_tehsil": "BANGALORE NORTH",
        "subdistrict": "Bengaluru North",
        "district": "Bengaluru Urban",
        "rural_or_urban": "Rural",
        "water_body_type_code": "02",
        "water_body_type": "Tank",
        "water_body_ownership": "Panchayat",
        "water_body_nature": "Natural",
        "in_use": "No",
        "encroached": "No",
        "storage_capacity_original": 4.0,
        "max_depth_m": null,
        "water_spread_area": 0.0,
        "image_path": "https://mi6census.mowr.gov.in/mic/getWaterBodyImageByURL/MIC_112002000002000041001.jpeg"
      },
      "geometry": {
        "type": "Point",
        "coordinates": [
          77.4466667,
          13.0041667
        ]
      }
    },
    {
      "type": "Feature",
      "properties": {
        "census_code": "1/12/002/000002/000001/001",
        "village": "BYAPPANAHALLI",
        "block_tehsil": "BANGALORE NORTH",
        "subdistrict": "Yelahanka",
        "district": "Bengaluru Urban",
        "rural_or_urban": "Rural",
        "water_body_type_code": "01",
        "water_body_type": "Pond",
        "water_body_ownership": "State WRD/State Irrigation",
        "water_body_nature": "Natural",
        "in_use": "No",
        "encroached": "No",
        "storage_capacity_original": 4.0,
        "max_depth_m": null,
        "water_spread_area": 0.0,
        "image_path": "https://mi6census.mowr.gov.in/mic/getWaterBodyImageByURL/MIC_112002000002000001001.jpeg"
      },
      "geometry": {
        "type": "Point",
        "coordinates": [
          77.6494444,
          13.1255556
        ]
      }
    },
    {
      "type": "Feature",
      "properties": {
        "census_code": "1/12/002/000002/000022/002",
        "village": "BYATHA",
        "block_tehsil": "BANGALORE NORTH",
        "subdistrict": "Yelahanka",
        "district": "Bengaluru Urban",
        "rural_or_urban": "Rural",
        "water_body_type_code": "02",
        "water_body_type": "Tank",
        "water_body_ownership": "Panchayat",
        "water_body_nature": "Natural",
        "in_use": "No",
        "encroached": "No",
        "storage_capacity_original": 4.0,
        "max_depth_m": null,
        "water_spread_area": 0.0,
        "image_path": "https://mi6census.mowr.gov.in/mic/getWaterBodyImageByURL/MIC_112002000002000022002.jpeg"
      },
      "geometry": {
        "type": "Point",
        "coordinates": [
          77.4825,
          13.1894444
        ]
      }
    },
    {
      "type": "Feature",
      "properties": {
        "census_code": "1/12/002/000002/000022/003",
        "village": "BYATHA",
        "block_tehsil": "BANGALORE NORTH",
        "subdistrict": "Yelahanka",
        "district": "Bengaluru Urban",
        "rural_or_urban": "Rural",
        "water_body_type_code": "02",
        "water_body_type": "Tank",
        "water_body_ownership": "Panchayat",
        "water_body_nature": "Natural",
        "in_use": "No",
        "encroached": "No",
        "storage_capacity_original": 4.0,
        "max_depth_m": null,
        "water_spread_area": 0.0,
        "image_path": "https://mi6census.mowr.gov.in/mic/getWaterBodyImageByURL/MIC_112002000002000022003.jpeg"
      },
      "geometry": {
        "type": "Point",
        "coordinates": [
          77.4927778,
          13.1622222
        ]
      }
    },
    {
      "type": "Feature",
      "properties": {
        "census_code": "1/12/002/000002/000022/001",
        "village": "BYATHA",
        "block_tehsil": "BANGALORE NORTH",
        "subdistrict": "Yelahanka",
        "district": "Bengaluru Urban",
        "rural_or_urban": "Rural",
        "water_body_type_code": "02",
        "water_body_type": "Tank",
        "water_body_ownership": "Panchayat",
        "water_body_nature": "Natural",
        "in_use": "No",
        "encroached": "No",
        "storage_capacity_original": 4.0,
        "max_depth_m": null,
        "water_spread_area": 0.0,
        "image_path": "https://mi6census.mowr.gov.in/mic/getWaterBodyImageByURL/MIC_112002000002000022001.jpeg"
      },
      "geometry": {
        "type": "Point",
        "coordinates": [
          77.4888889,
          13.1777778
        ]
      }
    },
    {
      "type": "Feature",
      "properties": {
        "census_code": "1/12/002/000002/000086/002",
        "village": "BYLAKERE",
        "block_tehsil": "BANGALORE NORTH",
        "subdistrict": "Yelahanka",
        "district": "Bengaluru Urban",
        "rural_or_urban": "Rural",
        "water_body_type_code": "02",
        "water_body_type": "Tank",
        "water_body_ownership": "Panchayat",
        "water_body_nature": "Natural",
        "in_use": "No",
        "encroached": "No",
        "storage_capacity_original": 4.0,
        "max_depth_m": null,
        "water_spread_area": 0.0,
        "image_path": "https://mi6census.mowr.gov.in/mic/getWaterBodyImageByURL/MIC_112002000002000086002.jpeg"
      },
      "geometry": {
        "type": "Point",
        "coordinates": [
          77.5330556,
          13.1105556
        ]
      }
    },
    {
      "type": "Feature",
      "properties": {
        "census_code": "1/12/002/000002/000086/003",
        "village": "BYLAKERE",
        "block_tehsil": "BANGALORE NORTH",
        "subdistrict": "Yelahanka",
        "district": "Bengaluru Urban",
        "rural_or_urban": "Rural",
        "water_body_type_code": "02",
        "water_body_type": "Tank",
        "water_body_ownership": "Panchayat",
        "water_body_nature": "Natural",
        "in_use": "No",
        "encroached": "No",
        "storage_capacity_original": 4.0,
        "max_depth_m": null,
        "water_spread_area": 0.0,
        "image_path": "https://mi6census.mowr.gov.in/mic/getWaterBodyImageByURL/MIC_112002000002000086003.jpeg"
      },
      "geometry": {
        "type": "Point",
        "coordinates": [
          77.525,
          13.1161111
        ]
      }
    },
    {
      "type": "Feature",
      "properties": {
        "census_code": "1/12/002/000002/000086/001",
        "village": "BYLAKERE",
        "block_tehsil": "BANGALORE NORTH",
        "subdistrict": "Yelahanka",
        "district": "Bengaluru Urban",
        "rural_or_urban": "Rural",
        "water_body_type_code": "02",
        "water_body_type": "Tank",
        "water_body_ownership": "Panchayat",
        "water_body_nature": "Natural",
        "in_use": "No",
        "encroached": "No",
        "storage_capacity_original": 4.0,
        "max_depth_m": null,
        "water_spread_area": 0.0,
        "image_path": "https://mi6census.mowr.gov.in/mic/getWaterBodyImageByURL/MIC_112002000002000086001.jpeg"
      },
      "geometry": {
        "type": "Point",
        "coordinates": [
          77.5263889,
          13.1047222
        ]
      }
    },
    {
      "type": "Feature",
      "properties": {
        "census_code": "1/12/002/000002/000018/001",
        "village": "BYRAPURA",
        "block_tehsil": "BANGALORE NORTH",
        "subdistrict": "Yelahanka",
        "district": "Bengaluru Urban",
        "rural_or_urban": "Rural",
        "water_body_type_code": "02",
        "water_body_type": "Tank",
        "water_body_ownership": "Panchayat",
        "water_body_nature": "Natural",
        "in_use": "No",
        "encroached": "No",
        "storage_capacity_original": 4.0,
        "max_depth_m": null,
        "water_spread_area": 0.0,
        "image_path": "https://mi6census.mowr.gov.in/mic/getWaterBodyImageByURL/MIC_112002000002000018001.jpeg"
      },
      "geometry": {
        "type": "Point",
        "coordinates": [
          77.5205556,
          13.2047222
        ]
      }
    },
    {
      "type": "Feature",
      "properties": {
        "census_code": "1/12/002/000002/000018/002",
        "village": "BYRAPURA",
        "block_tehsil": "BANGALORE NORTH",
        "subdistrict": "Yelahanka",
        "district": "Bengaluru Urban",
        "rural_or_urban": "Rural",
        "water_body_type_code": "02",
        "water_body_type": "Tank",
        "water_body_ownership": "Panchayat",
        "water_body_nature": "Natural",
        "in_use": "No",
        "encroached": "No",
        "storage_capacity_original": 4.0,
        "max_depth_m": null,
        "water_spread_area": 0.0,
        "image_path": "https://mi6census.mowr.gov.in/mic/getWaterBodyImageByURL/MIC_112002000002000018002.jpeg"
      },
      "geometry": {
        "type": "Point",
        "coordinates": [
          77.5197222,
          13.2047222
        ]
      }
    },
    {
      "type": "Feature",
      "properties": {
        "census_code": "1/12/002/000002/000002/001",
        "village": "CHAGALAHATTI",
        "block_tehsil": "BANGALORE NORTH",
        "subdistrict": "Yelahanka",
        "district": "Bengaluru Urban",
        "rural_or_urban": "Rural",
        "water_body_type_code": "02",
        "water_body_type": "Tank",
        "water_body_ownership": "Panchayat",
        "water_body_nature": "Natural",
        "in_use": "No",
        "encroached": "No",
        "storage_capacity_original": 4.0,
        "max_depth_m": null,
        "water_spread_area": 0.0,
        "image_path": "https://mi6census.mowr.gov.in/mic/getWaterBodyImageByURL/MIC_112002000002000002001.jpeg"
      },
      "geometry": {
        "type": "Point",
        "coordinates": [
          77.6672222,
          13.1238889
        ]
      }
    },
    {
      "type": "Feature",
      "properties": {
        "census_code": "1/12/002/000002/000033/001",
        "village": "CHALLAHALLI",
        "block_tehsil": "BANGALORE NORTH",
        "subdistrict": "Yelahanka",
        "district": "Bengaluru Urban",
        "rural_or_urban": "Rural",
        "water_body_type_code": "02",
        "water_body_type": "Tank",
        "water_body_ownership": "Panchayat",
        "water_body_nature": "Natural",
        "in_use": "No",
        "encroached": "No",
        "storage_capacity_original": 4.0,
        "max_depth_m": null,
        "water_spread_area": 0.0,
        "image_path": "https://mi6census.mowr.gov.in/mic/getWaterBodyImageByURL/MIC_112002000002000033001.jpeg"
      },
      "geometry": {
        "type": "Point",
        "coordinates": [
          77.4991667,
          13.2233333
        ]
      }
    },
    {
      "type": "Feature",
      "properties": {
        "census_code": "1/12/002/000002/000033/002",
        "village": "CHALLAHALLI",
        "block_tehsil": "BANGALORE NORTH",
        "subdistrict": "Yelahanka",
        "district": "Bengaluru Urban",
        "rural_or_urban": "Rural",
        "water_body_type_code": "02",
        "water_body_type": "Tank",
        "water_body_ownership": "Panchayat",
        "water_body_nature": "Natural",
        "in_use": "No",
        "encroached": "No",
        "storage_capacity_original": 4.0,
        "max_depth_m": null,
        "water_spread_area": 0.0,
        "image_path": "https://mi6census.mowr.gov.in/mic/getWaterBodyImageByURL/MIC_112002000002000033002.jpeg"
      },
      "geometry": {
        "type": "Point",
        "coordinates": [
          77.4988889,
          13.2233333
        ]
      }
    },
    {
      "type": "Feature",
      "properties": {
        "census_code": "1/12/002/000002/000113/001",
        "village": "CHALLAMAKUNTE",
        "block_tehsil": "BANGALORE NORTH",
        "subdistrict": "Devanahalli",
        "district": "Bengaluru Rural",
        "rural_or_urban": "Rural",
        "water_body_type_code": "02",
        "water_body_type": "Tank",
        "water_body_ownership": "Panchayat",
        "water_body_nature": "Natural",
        "in_use": "No",
        "encroached": "No",
        "storage_capacity_original": 4.0,
        "max_depth_m": null,
        "water_spread_area": 0.0,
        "image_path": "https://mi6census.mowr.gov.in/mic/getWaterBodyImageByURL/MIC_112002000002000113001.jpeg"
      },
      "geometry": {
        "type": "Point",
        "coordinates": [
          77.7444444,
          13.1297222
        ]
      }
    },
    {
      "type": "Feature",
      "properties": {
        "census_code": "1/12/002/000002/000103/001",
        "village": "CHANNAHALLI",
        "block_tehsil": "BANGALORE NORTH",
        "subdistrict": "Yelahanka",
        "district": "Bengaluru Urban",
        "rural_or_urban": "Rural",
        "water_body_type_code": "02",
        "water_body_type": "Tank",
        "water_body_ownership": "Panchayat",
        "water_body_nature": "Natural",
        "in_use": "No",
        "encroached": "No",
        "storage_capacity_original": 4.0,
        "max_depth_m": null,
        "water_spread_area": 0.0,
        "image_path": "https://mi6census.mowr.gov.in/mic/getWaterBodyImageByURL/MIC_112002000002000103001.jpeg"
      },
      "geometry": {
        "type": "Point",
        "coordinates": [
          77.6263889,
          13.1816667
        ]
      }
    },
    {
      "type": "Feature",
      "properties": {
        "census_code": "1/12/002/000002/000110/001",
        "village": "CHIKKAJALA",
        "block_tehsil": "BANGALORE NORTH",
        "subdistrict": "Yelahanka",
        "district": "Bengaluru Urban",
        "rural_or_urban": "Rural",
        "water_body_type_code": "02",
        "water_body_type": "Tank",
        "water_body_ownership": "Panchayat",
        "water_body_nature": "Natural",
        "in_use": "No",
        "encroached": "No",
        "storage_capacity_original": 4.0,
        "max_depth_m": null,
        "water_spread_area": 0.0,
        "image_path": "https://mi6census.mowr.gov.in/mic/getWaterBodyImageByURL/MIC_112002000002000110001.jpeg"
      },
      "geometry": {
        "type": "Point",
        "coordinates": [
          77.6325,
          13.1705556
        ]
      }
    },
    {
      "type": "Feature",
      "properties": {
        "census_code": "1/12/002/000002/000110/003",
        "village": "CHIKKAJALA",
        "block_tehsil": "BANGALORE NORTH",
        "subdistrict": "Yelahanka",
        "district": "Bengaluru Urban",
        "rural_or_urban": "Rural",
        "water_body_type_code": "02",
        "water_body_type": "Tank",
        "water_body_ownership": "Panchayat",
        "water_body_nature": "Natural",
        "in_use": "No",
        "encroached": "No",
        "storage_capacity_original": 4.0,
        "max_depth_m": null,
        "water_spread_area": 0.0,
        "image_path": "https://mi6census.mowr.gov.in/mic/getWaterBodyImageByURL/MIC_112002000002000110003.jpeg"
      },
      "geometry": {
        "type": "Point",
        "coordinates": [
          77.6355556,
          13.1752778
        ]
      }
    },
    {
      "type": "Feature",
      "properties": {
        "census_code": "1/12/002/000002/000110/002",
        "village": "CHIKKAJALA",
        "block_tehsil": "BANGALORE NORTH",
        "subdistrict": "Yelahanka",
        "district": "Bengaluru Urban",
        "rural_or_urban": "Rural",
        "water_body_type_code": "02",
        "water_body_type": "Tank",
        "water_body_ownership": "Panchayat",
        "water_body_nature": "Natural",
        "in_use": "No",
        "encroached": "No",
        "storage_capacity_original": 4.0,
        "max_depth_m": null,
        "water_spread_area": 0.0,
        "image_path": "https://mi6census.mowr.gov.in/mic/getWaterBodyImageByURL/MIC_112002000002000110002.jpeg"
      },
      "geometry": {
        "type": "Point",
        "coordinates": [
          77.6325,
          13.1705556
        ]
      }
    },
    {
      "type": "Feature",
      "properties": {
        "census_code": "1/12/002/000002/000158/001",
        "village": "DASANAPURA",
        "block_tehsil": "BANGALORE NORTH",
        "subdistrict": "Nelamangala",
        "district": "Bengaluru Rural",
        "rural_or_urban": "Rural",
        "water_body_type_code": "02",
        "water_body_type": "Tank",
        "water_body_ownership": "Panchayat",
        "water_body_nature": "Natural",
        "in_use": "No",
        "encroached": "No",
        "storage_capacity_original": 4.0,
        "max_depth_m": null,
        "water_spread_area": 0.0,
        "image_path": "https://mi6census.mowr.gov.in/mic/getWaterBodyImageByURL/MIC_112002000002000158001.jpeg"
      },
      "geometry": {
        "type": "Point",
        "coordinates": [
          77.4247222,
          13.0791667
        ]
      }
    },
    {
      "type": "Feature",
      "properties": {
        "census_code": "1/12/002/000002/000014/001",
        "village": "DASANAYAKANAHALLI",
        "block_tehsil": "BANGALORE NORTH",
        "subdistrict": "Yelahanka",
        "district": "Bengaluru Urban",
        "rural_or_urban": "Rural",
        "water_body_type_code": "01",
        "water_body_type": "Pond",
        "water_body_ownership": "State WRD/State Irrigation",
        "water_body_nature": "Natural",
        "in_use": "No",
        "encroached": "No",
        "storage_capacity_original": 4.0,
        "max_depth_m": null,
        "water_spread_area": 0.0,
        "image_path": "https://mi6census.mowr.gov.in/mic/getWaterBodyImageByURL/MIC_112002000002000014001.jpeg"
      },
      "geometry": {
        "type": "Point",
        "coordinates": [
          77.6916667,
          13.1161111
        ]
      }
    },
    {
      "type": "Feature",
      "properties": {
        "census_code": "1/12/002/000002/000068/001",
        "village": "DASENAHALLI",
        "block_tehsil": "BANGALORE NORTH",
        "subdistrict": "Yelahanka",
        "district": "Bengaluru Urban",
        "rural_or_urban": "Rural",
        "water_body_type_code": "02",
        "water_body_type": "Tank",
        "water_body_ownership": "Panchayat",
        "water_body_nature": "Natural",
        "in_use": "No",
        "encroached": "No",
        "storage_capacity_original": 4.0,
        "max_depth_m": 1.0,
        "water_spread_area": 0.0,
        "image_path": "https://mi6census.mowr.gov.in/mic/getWaterBodyImageByURL/MIC_112002000002000068001.jpeg"
      },
      "geometry": {
        "type": "Point",
        "coordinates": [
          77.4683333,
          13.1538889
        ]
      }
    },
    {
      "type": "Feature",
      "properties": {
        "census_code": "1/12/002/000002/000064/001",
        "village": "DIBBURU",
        "block_tehsil": "BANGALORE NORTH",
        "subdistrict": "Yelahanka",
        "district": "Bengaluru Urban",
        "rural_or_urban": "Rural",
        "water_body_type_code": "02",
        "water_body_type": "Tank",
        "water_body_ownership": "Panchayat",
        "water_body_nature": "Natural",
        "in_use": "No",
        "encroached": "No",
        "storage_capacity_original": 4.0,
        "max_depth_m": null,
        "water_spread_area": 0.0,
        "image_path": "https://mi6census.mowr.gov.in/mic/getWaterBodyImageByURL/MIC_112002000002000064001.jpeg"
      },
      "geometry": {
        "type": "Point",
        "coordinates": [
          77.535,
          13.1658333
        ]
      }
    },
    {
      "type": "Feature",
      "properties": {
        "census_code": "1/12/002/000002/000195/001",
        "village": "DODDAJALA AMANIKERE",
        "block_tehsil": "BANGALORE NORTH",
        "subdistrict": "Yelahanka",
        "district": "Bengaluru Urban",
        "rural_or_urban": "Rural",
        "water_body_type_code": "02",
        "water_body_type": "Tank",
        "water_body_ownership": "Panchayat",
        "water_body_nature": "Natural",
        "in_use": "No",
        "encroached": "No",
        "storage_capacity_original": 4.0,
        "max_depth_m": null,
        "water_spread_area": 0.0,
        "image_path": "https://mi6census.mowr.gov.in/mic/getWaterBodyImageByURL/MIC_112002000002000195001.jpeg"
      },
      "geometry": {
        "type": "Point",
        "coordinates": [
          77.6508333,
          13.1775
        ]
      }
    },
    {
      "type": "Feature",
      "properties": {
        "census_code": "1/12/002/000002/000099/001",
        "village": "GADENAHALLI",
        "block_tehsil": "BANGALORE NORTH",
        "subdistrict": "Yelahanka",
        "district": "Bengaluru Urban",
        "rural_or_urban": "Rural",
        "water_body_type_code": "02",
        "water_body_type": "Tank",
        "water_body_ownership": "Panchayat",
        "water_body_nature": "Natural",
        "in_use": "No",
        "encroached": "No",
        "storage_capacity_original": 4.0,
        "max_depth_m": null,
        "water_spread_area": 0.0,
        "image_path": "https://mi6census.mowr.gov.in/mic/getWaterBodyImageByURL/MIC_112002000002000099001.jpeg"
      },
      "geometry": {
        "type": "Point",
        "coordinates": [
          77.6172222,
          13.1941667
        ]
      }
    },
    {
      "type": "Feature",
      "properties": {
        "census_code": "1/12/002/000002/000183/001",
        "village": "GANGONDANAHALLI",
        "block_tehsil": "BANGALORE NORTH",
        "subdistrict": "Bengaluru North",
        "district": "Bengaluru Urban",
        "rural_or_urban": "Rural",
        "water_body_type_code": "01",
        "water_body_type": "Pond",
        "water_body_ownership": "State WRD/State Irrigation",
        "water_body_nature": "Natural",
        "in_use": "No",
        "encroached": "No",
        "storage_capacity_original": 4.0,
        "max_depth_m": null,
        "water_spread_area": 0.0,
        "image_path": "https://mi6census.mowr.gov.in/mic/getWaterBodyImageByURL/MIC_112002000002000183001.jpeg"
      },
      "geometry": {
        "type": "Point",
        "coordinates": [
          77.4747222,
          13.0202778
        ]
      }
    },
    {
      "type": "Feature",
      "properties": {
        "census_code": "1/12/002/000002/000183/002",
        "village": "GANGONDANAHALLI",
        "block_tehsil": "BANGALORE NORTH",
        "subdistrict": "Bengaluru North",
        "district": "Bengaluru Urban",
        "rural_or_urban": "Rural",
        "water_body_type_code": "01",
        "water_body_type": "Pond",
        "water_body_ownership": "State WRD/State Irrigation",
        "water_body_nature": "Natural",
        "in_use": "No",
        "encroached": "No",
        "storage_capacity_original": 4.0,
        "max_depth_m": null,
        "water_spread_area": 0.0,
        "image_path": "https://mi6census.mowr.gov.in/mic/getWaterBodyImageByURL/MIC_112002000002000183002.jpeg"
      },
      "geometry": {
        "type": "Point",
        "coordinates": [
          77.4730556,
          13.0208333
        ]
      }
    },
    {
      "type": "Feature",
      "properties": {
        "census_code": "1/12/002/000002/000025/002",
        "village": "GANIGARAHALLI",
        "block_tehsil": "BANGALORE NORTH",
        "subdistrict": "Bengaluru North",
        "district": "Bengaluru Urban",
        "rural_or_urban": "Rural",
        "water_body_type_code": "02",
        "water_body_type": "Tank",
        "water_body_ownership": "Panchayat",
        "water_body_nature": "Natural",
        "in_use": "No",
        "encroached": "No",
        "storage_capacity_original": 4.0,
        "max_depth_m": null,
        "water_spread_area": 0.0,
        "image_path": "https://mi6census.mowr.gov.in/mic/getWaterBodyImageByURL/MIC_112002000002000025002.jpeg"
      },
      "geometry": {
        "type": "Point",
        "coordinates": [
          77.5138889,
          13.0902778
        ]
      }
    },
    {
      "type": "Feature",
      "properties": {
        "census_code": "1/12/002/000002/000025/001",
        "village": "GANIGARAHALLI",
        "block_tehsil": "BANGALORE NORTH",
        "subdistrict": "Bengaluru North",
        "district": "Bengaluru Urban",
        "rural_or_urban": "Rural",
        "water_body_type_code": "02",
        "water_body_type": "Tank",
        "water_body_ownership": "Panchayat",
        "water_body_nature": "Natural",
        "in_use": "No",
        "encroached": "No",
        "storage_capacity_original": 4.0,
        "max_depth_m": null,
        "water_spread_area": 0.0,
        "image_path": "https://mi6census.mowr.gov.in/mic/getWaterBodyImageByURL/MIC_112002000002000025001.jpeg"
      },
      "geometry": {
        "type": "Point",
        "coordinates": [
          77.5061111,
          13.0863889
        ]
      }
    },
    {
      "type": "Feature",
      "properties": {
        "census_code": "1/12/002/000002/000192/001",
        "village": "GATTISIDDANAHALLI",
        "block_tehsil": "BANGALORE NORTH",
        "subdistrict": "Bengaluru North",
        "district": "Bengaluru Urban",
        "rural_or_urban": "Rural",
        "water_body_type_code": "01",
        "water_body_type": "Pond",
        "water_body_ownership": "State WRD/State Irrigation",
        "water_body_nature": "Natural",
        "in_use": "No",
        "encroached": "No",
        "storage_capacity_original": 4.0,
        "max_depth_m": null,
        "water_spread_area": 0.0,
        "image_path": "https://mi6census.mowr.gov.in/mic/getWaterBodyImageByURL/MIC_112002000002000192001.jpeg"
      },
      "geometry": {
        "type": "Point",
        "coordinates": [
          77.4077778,
          13.0025
        ]
      }
    },
    {
      "type": "Feature",
      "properties": {
        "census_code": "1/12/002/000002/000188/001",
        "village": "GIDDENAHALLI",
        "block_tehsil": "BANGALORE NORTH",
        "subdistrict": "Bengaluru North",
        "district": "Bengaluru Urban",
        "rural_or_urban": "Rural",
        "water_body_type_code": "02",
        "water_body_type": "Tank",
        "water_body_ownership": "Panchayat",
        "water_body_nature": "Natural",
        "in_use": "No",
        "encroached": "No",
        "storage_capacity_original": 4.0,
        "max_depth_m": null,
        "water_spread_area": 0.0,
        "image_path": "https://mi6census.mowr.gov.in/mic/getWaterBodyImageByURL/MIC_112002000002000188001.jpeg"
      },
      "geometry": {
        "type": "Point",
        "coordinates": [
          77.4225,
          12.9922222
        ]
      }
    },
    {
      "type": "Feature",
      "properties": {
        "census_code": "1/12/002/000002/000128/001",
        "village": "GOPALAPURA",
        "block_tehsil": "BANGALORE NORTH",
        "subdistrict": "Bengaluru North",
        "district": "Bengaluru Urban",
        "rural_or_urban": "Rural",
        "water_body_type_code": "02",
        "water_body_type": "Tank",
        "water_body_ownership": "Panchayat",
        "water_body_nature": "Natural",
        "in_use": "No",
        "encroached": "No",
        "storage_capacity_original": 4.0,
        "max_depth_m": 1.0,
        "water_spread_area": 1.0,
        "image_path": "https://mi6census.mowr.gov.in/mic/getWaterBodyImageByURL/MIC_112002000002000128001.jpeg"
      },
      "geometry": {
        "type": "Point",
        "coordinates": [
          77.4219444,
          13.145
        ]
      }
    },
    {
      "type": "Feature",
      "properties": {
        "census_code": "1/12/002/000002/000128/002",
        "village": "GOPALAPURA",
        "block_tehsil": "BANGALORE NORTH",
        "subdistrict": "Bengaluru North",
        "district": "Bengaluru Urban",
        "rural_or_urban": "Rural",
        "water_body_type_code": "02",
        "water_body_type": "Tank",
        "water_body_ownership": "Panchayat",
        "water_body_nature": "Natural",
        "in_use": "No",
        "encroached": "No",
        "storage_capacity_original": 4.0,
        "max_depth_m": 1.0,
        "water_spread_area": 1.0,
        "image_path": "https://mi6census.mowr.gov.in/mic/getWaterBodyImageByURL/MIC_112002000002000128002.jpeg"
      },
      "geometry": {
        "type": "Point",
        "coordinates": [
          77.4236111,
          13.1433333
        ]
      }
    },
    {
      "type": "Feature",
      "properties": {
        "census_code": "1/12/002/000002/000080/001",
        "village": "GUDDADAHALLI",
        "block_tehsil": "BANGALORE NORTH",
        "subdistrict": "Yelahanka",
        "district": "Bengaluru Urban",
        "rural_or_urban": "Rural",
        "water_body_type_code": "02",
        "water_body_type": "Tank",
        "water_body_ownership": "Panchayat",
        "water_body_nature": "Natural",
        "in_use": "No",
        "encroached": "No",
        "storage_capacity_original": 4.0,
        "max_depth_m": 1.0,
        "water_spread_area": 0.0,
        "image_path": "https://mi6census.mowr.gov.in/mic/getWaterBodyImageByURL/MIC_112002000002000080001.jpeg"
      },
      "geometry": {
        "type": "Point",
        "coordinates": [
          77.4602778,
          13.1413889
        ]
      }
    },
    {
      "type": "Feature",
      "properties": {
        "census_code": "1/12/002/000002/000096/001",
        "village": "GUNIAGRAHARA",
        "block_tehsil": "BANGALORE NORTH",
        "subdistrict": "Yelahanka",
        "district": "Bengaluru Urban",
        "rural_or_urban": "Rural",
        "water_body_type_code": "02",
        "water_body_type": "Tank",
        "water_body_ownership": "Panchayat",
        "water_body_nature": "Natural",
        "in_use": "No",
        "encroached": "No",
        "storage_capacity_original": 4.0,
        "max_depth_m": 1.0,
        "water_spread_area": 0.0,
        "image_path": "https://mi6census.mowr.gov.in/mic/getWaterBodyImageByURL/MIC_112002000002000096001.jpeg"
      },
      "geometry": {
        "type": "Point",
        "coordinates": [
          77.5275,
          13.1022222
        ]
      }
    },
    {
      "type": "Feature",
      "properties": {
        "census_code": "1/12/002/000002/000034/002",
        "village": "HANIYUR",
        "block_tehsil": "BANGALORE NORTH",
        "subdistrict": "Yelahanka",
        "district": "Bengaluru Urban",
        "rural_or_urban": "Rural",
        "water_body_type_code": "02",
        "water_body_type": "Tank",
        "water_body_ownership": "Panchayat",
        "water_body_nature": "Natural",
        "in_use": "No",
        "encroached": "No",
        "storage_capacity_original": 4.0,
        "max_depth_m": null,
        "water_spread_area": 0.0,
        "image_path": "https://mi6census.mowr.gov.in/mic/getWaterBodyImageByURL/MIC_112002000002000034002.jpeg"
      },
      "geometry": {
        "type": "Point",
        "coordinates": [
          77.5172222,
          13.2186111
        ]
      }
    },
    {
      "type": "Feature",
      "properties": {
        "census_code": "1/12/002/000002/000034/001",
        "village": "HANIYUR",
        "block_tehsil": "BANGALORE NORTH",
        "subdistrict": "Yelahanka",
        "district": "Bengaluru Urban",
        "rural_or_urban": "Rural",
        "water_body_type_code": "02",
        "water_body_type": "Tank",
        "water_body_ownership": "Panchayat",
        "water_body_nature": "Natural",
        "in_use": "No",
        "encroached": "No",
        "storage_capacity_original": 4.0,
        "max_depth_m": null,
        "water_spread_area": 0.0,
        "image_path": "https://mi6census.mowr.gov.in/mic/getWaterBodyImageByURL/MIC_112002000002000034001.jpeg"
      },
      "geometry": {
        "type": "Point",
        "coordinates": [
          77.515,
          13.2163889
        ]
      }
    },
    {
      "type": "Feature",
      "properties": {
        "census_code": "1/12/002/000002/000154/001",
        "village": "HANUMANTHA SAGARA",
        "block_tehsil": "BANGALORE NORTH",
        "subdistrict": "Bengaluru North",
        "district": "Bengaluru Urban",
        "rural_or_urban": "Rural",
        "water_body_type_code": "01",
        "water_body_type": "Pond",
        "water_body_ownership": "State WRD/State Irrigation",
        "water_body_nature": "Natural",
        "in_use": "No",
        "encroached": "No",
        "storage_capacity_original": 1.0,
        "max_depth_m": null,
        "water_spread_area": 0.0,
        "image_path": "https://mi6census.mowr.gov.in/mic/getWaterBodyImageByURL/MIC_112002000002000154001.jpeg"
      },
      "geometry": {
        "type": "Point",
        "coordinates": [
          77.4666667,
          13.0708333
        ]
      }
    },
    {
      "type": "Feature",
      "properties": {
        "census_code": "1/12/002/000002/000167/002",
        "village": "HAROKYATHANAHALLI",
        "block_tehsil": "BANGALORE NORTH",
        "subdistrict": "Bengaluru North",
        "district": "Bengaluru Urban",
        "rural_or_urban": "Rural",
        "water_body_type_code": "02",
        "water_body_type": "Tank",
        "water_body_ownership": "Panchayat",
        "water_body_nature": "Natural",
        "in_use": "No",
        "encroached": "No",
        "storage_capacity_original": 4.0,
        "max_depth_m": null,
        "water_spread_area": 0.0,
        "image_path": "https://mi6census.mowr.gov.in/mic/getWaterBodyImageByURL/MIC_112002000002000167002.jpeg"
      },
      "geometry": {
        "type": "Point",
        "coordinates": [
          77.4452778,
          13.0527778
        ]
      }
    },
    {
      "type": "Feature",
      "properties": {
        "census_code": "1/12/002/000002/000167/001",
        "village": "HAROKYATHANAHALLI",
        "block_tehsil": "BANGALORE NORTH",
        "subdistrict": "Bengaluru North",
        "district": "Bengaluru Urban",
        "rural_or_urban": "Rural",
        "water_body_type_code": "02",
        "water_body_type": "Tank",
        "water_body_ownership": "Panchayat",
        "water_body_nature": "Natural",
        "in_use": "No",
        "encroached": "No",
        "storage_capacity_original": 4.0,
        "max_depth_m": null,
        "water_spread_area": 0.0,
        "image_path": "https://mi6census.mowr.gov.in/mic/getWaterBodyImageByURL/MIC_112002000002000167001.jpeg"
      },
      "geometry": {
        "type": "Point",
        "coordinates": [
          77.4452778,
          13.0530556
        ]
      }
    },
    {
      "type": "Feature",
      "properties": {
        "census_code": "1/12/002/000002/000079/001",
        "village": "HESARAGHATTA",
        "block_tehsil": "BANGALORE NORTH",
        "subdistrict": "Yelahanka",
        "district": "Bengaluru Urban",
        "rural_or_urban": "Rural",
        "water_body_type_code": "02",
        "water_body_type": "Tank",
        "water_body_ownership": "Panchayat",
        "water_body_nature": "Natural",
        "in_use": "No",
        "encroached": "No",
        "storage_capacity_original": 4.0,
        "max_depth_m": null,
        "water_spread_area": 0.0,
        "image_path": "https://mi6census.mowr.gov.in/mic/getWaterBodyImageByURL/MIC_112002000002000079001.jpeg"
      },
      "geometry": {
        "type": "Point",
        "coordinates": [
          77.4841667,
          13.1433333
        ]
      }
    },
    {
      "type": "Feature",
      "properties": {
        "census_code": "1/12/002/000002/000053/001",
        "village": "HOSAHALLI",
        "block_tehsil": "BANGALORE NORTH",
        "subdistrict": "Yelahanka",
        "district": "Bengaluru Urban",
        "rural_or_urban": "Rural",
        "water_body_type_code": "01",
        "water_body_type": "Pond",
        "water_body_ownership": "State WRD/State Irrigation",
        "water_body_nature": "Natural",
        "in_use": "No",
        "encroached": "No",
        "storage_capacity_original": 4.0,
        "max_depth_m": null,
        "water_spread_area": 0.0,
        "image_path": "https://mi6census.mowr.gov.in/mic/getWaterBodyImageByURL/MIC_112002000002000053001.jpeg"
      },
      "geometry": {
        "type": "Point",
        "coordinates": [
          77.6475,
          13.1413889
        ]
      }
    },
    {
      "type": "Feature",
      "properties": {
        "census_code": "1/12/002/000002/000160/001",
        "village": "HULLEGOWDANAHALLI",
        "block_tehsil": "BANGALORE NORTH",
        "subdistrict": "Nelamangala",
        "district": "Bengaluru Rural",
        "rural_or_urban": "Rural",
        "water_body_type_code": "02",
        "water_body_type": "Tank",
        "water_body_ownership": "Panchayat",
        "water_body_nature": "Natural",
        "in_use": "No",
        "encroached": "No",
        "storage_capacity_original": 4.0,
        "max_depth_m": null,
        "water_spread_area": 0.0,
        "image_path": "https://mi6census.mowr.gov.in/mic/getWaterBodyImageByURL/MIC_112002000002000160001.jpeg"
      },
      "geometry": {
        "type": "Point",
        "coordinates": [
          77.4022222,
          13.0741667
        ]
      }
    },
    {
      "type": "Feature",
      "properties": {
        "census_code": "1/12/002/000002/000160/002",
        "village": "HULLEGOWDANAHALLI",
        "block_tehsil": "BANGALORE NORTH",
        "subdistrict": "Bengaluru North",
        "district": "Bengaluru Urban",
        "rural_or_urban": "Rural",
        "water_body_type_code": "02",
        "water_body_type": "Tank",
        "water_body_ownership": "Panchayat",
        "water_body_nature": "Natural",
        "in_use": "No",
        "encroached": "No",
        "storage_capacity_original": 4.0,
        "max_depth_m": null,
        "water_spread_area": 0.0,
        "image_path": "https://mi6census.mowr.gov.in/mic/getWaterBodyImageByURL/MIC_112002000002000160002.jpeg"
      },
      "geometry": {
        "type": "Point",
        "coordinates": [
          77.3986111,
          13.0586111
        ]
      }
    },
    {
      "type": "Feature",
      "properties": {
        "census_code": "1/12/002/000002/000174/001",
        "village": "HUNNIGERE",
        "block_tehsil": "BANGALORE NORTH",
        "subdistrict": "Bengaluru North",
        "district": "Bengaluru Urban",
        "rural_or_urban": "Rural",
        "water_body_type_code": "02",
        "water_body_type": "Tank",
        "water_body_ownership": "Panchayat",
        "water_body_nature": "Natural",
        "in_use": "No",
        "encroached": "No",
        "storage_capacity_original": 4.0,
        "max_depth_m": null,
        "water_spread_area": 0.0,
        "image_path": "https://mi6census.mowr.gov.in/mic/getWaterBodyImageByURL/MIC_112002000002000174001.jpeg"
      },
      "geometry": {
        "type": "Point",
        "coordinates": [
          77.405,
          13.0661111
        ]
      }
    },
    {
      "type": "Feature",
      "properties": {
        "census_code": "1/12/002/000002/000089/001",
        "village": "HURALI CHIKKANAHALLI",
        "block_tehsil": "BANGALORE NORTH",
        "subdistrict": "Yelahanka",
        "district": "Bengaluru Urban",
        "rural_or_urban": "Rural",
        "water_body_type_code": "01",
        "water_body_type": "Pond",
        "water_body_ownership": "State WRD/State Irrigation",
        "water_body_nature": "Natural",
        "in_use": "No",
        "encroached": "No",
        "storage_capacity_original": 1.0,
        "max_depth_m": null,
        "water_spread_area": 0.0,
        "image_path": "https://mi6census.mowr.gov.in/mic/getWaterBodyImageByURL/MIC_112002000002000089001.jpeg"
      },
      "geometry": {
        "type": "Point",
        "coordinates": [
          77.4897222,
          13.1122222
        ]
      }
    },
    {
      "type": "Feature",
      "properties": {
        "census_code": "1/12/002/000002/000063/001",
        "village": "ITTAGALLPURA",
        "block_tehsil": "BANGALORE NORTH",
        "subdistrict": "Yelahanka",
        "district": "Bengaluru Urban",
        "rural_or_urban": "Rural",
        "water_body_type_code": "02",
        "water_body_type": "Tank",
        "water_body_ownership": "Panchayat",
        "water_body_nature": "Natural",
        "in_use": "No",
        "encroached": "No",
        "storage_capacity_original": 4.0,
        "max_depth_m": null,
        "water_spread_area": 0.0,
        "image_path": "https://mi6census.mowr.gov.in/mic/getWaterBodyImageByURL/MIC_112002000002000063001.jpeg"
      },
      "geometry": {
        "type": "Point",
        "coordinates": [
          77.5416667,
          13.1583333
        ]
      }
    },
    {
      "type": "Feature",
      "properties": {
        "census_code": "1/12/002/000002/000063/002",
        "village": "ITTAGALLPURA",
        "block_tehsil": "BANGALORE NORTH",
        "subdistrict": "Yelahanka",
        "district": "Bengaluru Urban",
        "rural_or_urban": "Rural",
        "water_body_type_code": "02",
        "water_body_type": "Tank",
        "water_body_ownership": "Panchayat",
        "water_body_nature": "Natural",
        "in_use": "No",
        "encroached": "No",
        "storage_capacity_original": 4.0,
        "max_depth_m": null,
        "water_spread_area": 0.0,
        "image_path": "https://mi6census.mowr.gov.in/mic/getWaterBodyImageByURL/MIC_112002000002000063002.jpeg"
      },
      "geometry": {
        "type": "Point",
        "coordinates": [
          77.5402778,
          13.1694444
        ]
      }
    },
    {
      "type": "Feature",
      "properties": {
        "census_code": "1/12/002/000002/000078/001",
        "village": "IVAR KANDAPURA",
        "block_tehsil": "BANGALORE NORTH",
        "subdistrict": "Yelahanka",
        "district": "Bengaluru Urban",
        "rural_or_urban": "Rural",
        "water_body_type_code": "02",
        "water_body_type": "Tank",
        "water_body_ownership": "Panchayat",
        "water_body_nature": "Natural",
        "in_use": "No",
        "encroached": "No",
        "storage_capacity_original": 4.0,
        "max_depth_m": 1.0,
        "water_spread_area": 0.0,
        "image_path": "https://mi6census.mowr.gov.in/mic/getWaterBodyImageByURL/MIC_112002000002000078001.jpeg"
      },
      "geometry": {
        "type": "Point",
        "coordinates": [
          77.4944444,
          13.1377778
        ]
      }
    },
    {
      "type": "Feature",
      "properties": {
        "census_code": "1/12/002/000002/000189/002",
        "village": "KADABAGERE",
        "block_tehsil": "BANGALORE NORTH",
        "subdistrict": "Bengaluru North",
        "district": "Bengaluru Urban",
        "rural_or_urban": "Rural",
        "water_body_type_code": "02",
        "water_body_type": "Tank",
        "water_body_ownership": "Panchayat",
        "water_body_nature": "Natural",
        "in_use": "No",
        "encroached": "No",
        "storage_capacity_original": 4.0,
        "max_depth_m": null,
        "water_spread_area": 0.0,
        "image_path": "https://mi6census.mowr.gov.in/mic/getWaterBodyImageByURL/MIC_112002000002000189002.jpeg"
      },
      "geometry": {
        "type": "Point",
        "coordinates": [
          77.4227778,
          12.9916667
        ]
      }
    },
    {
      "type": "Feature",
      "properties": {
        "census_code": "1/12/002/000002/000189/001",
        "village": "KADABAGERE",
        "block_tehsil": "BANGALORE NORTH",
        "subdistrict": "Bengaluru North",
        "district": "Bengaluru Urban",
        "rural_or_urban": "Rural",
        "water_body_type_code": "02",
        "water_body_type": "Tank",
        "water_body_ownership": "Panchayat",
        "water_body_nature": "Natural",
        "in_use": "No",
        "encroached": "No",
        "storage_capacity_original": 4.0,
        "max_depth_m": null,
        "water_spread_area": 0.0,
        "image_path": "https://mi6census.mowr.gov.in/mic/getWaterBodyImageByURL/MIC_112002000002000189001.jpeg"
      },
      "geometry": {
        "type": "Point",
        "coordinates": [
          77.4330556,
          12.9966667
        ]
      }
    },
    {
      "type": "Feature",
      "properties": {
        "census_code": "1/12/002/000002/000037/001",
        "village": "KADATHANAMALE",
        "block_tehsil": "BANGALORE NORTH",
        "subdistrict": "Yelahanka",
        "district": "Bengaluru Urban",
        "rural_or_urban": "Rural",
        "water_body_type_code": "02",
        "water_body_type": "Tank",
        "water_body_ownership": "Panchayat",
        "water_body_nature": "Natural",
        "in_use": "No",
        "encroached": "No",
        "storage_capacity_original": 4.0,
        "max_depth_m": null,
        "water_spread_area": 0.0,
        "image_path": "https://mi6census.mowr.gov.in/mic/getWaterBodyImageByURL/MIC_112002000002000037001.jpeg"
      },
      "geometry": {
        "type": "Point",
        "coordinates": [
          77.5475,
          13.2063889
        ]
      }
    },
    {
      "type": "Feature",
      "properties": {
        "census_code": "1/12/002/000002/000023/002",
        "village": "KAKOLU",
        "block_tehsil": "BANGALORE NORTH",
        "subdistrict": "Yelahanka",
        "district": "Bengaluru Urban",
        "rural_or_urban": "Rural",
        "water_body_type_code": "02",
        "water_body_type": "Tank",
        "water_body_ownership": "Panchayat",
        "water_body_nature": "Natural",
        "in_use": "No",
        "encroached": "No",
        "storage_capacity_original": 4.0,
        "max_depth_m": null,
        "water_spread_area": 0.0,
        "image_path": "https://mi6census.mowr.gov.in/mic/getWaterBodyImageByURL/MIC_112002000002000023002.jpeg"
      },
      "geometry": {
        "type": "Point",
        "coordinates": [
          77.5069444,
          13.1902778
        ]
      }
    },
    {
      "type": "Feature",
      "properties": {
        "census_code": "1/12/002/000002/000023/001",
        "village": "KAKOLU",
        "block_tehsil": "BANGALORE NORTH",
        "subdistrict": "Yelahanka",
        "district": "Bengaluru Urban",
        "rural_or_urban": "Rural",
        "water_body_type_code": "02",
        "water_body_type": "Tank",
        "water_body_ownership": "Panchayat",
        "water_body_nature": "Natural",
        "in_use": "No",
        "encroached": "No",
        "storage_capacity_original": 4.0,
        "max_depth_m": null,
        "water_spread_area": 0.0,
        "image_path": "https://mi6census.mowr.gov.in/mic/getWaterBodyImageByURL/MIC_112002000002000023001.jpeg"
      },
      "geometry": {
        "type": "Point",
        "coordinates": [
          77.505,
          13.1930556
        ]
      }
    },
    {
      "type": "Feature",
      "properties": {
        "census_code": "1/12/002/000002/000095/001",
        "village": "KALATHAMMANAHALLI",
        "block_tehsil": "BANGALORE NORTH",
        "subdistrict": "Yelahanka",
        "district": "Bengaluru Urban",
        "rural_or_urban": "Rural",
        "water_body_type_code": "02",
        "water_body_type": "Tank",
        "water_body_ownership": "Panchayat",
        "water_body_nature": "Natural",
        "in_use": "No",
        "encroached": "No",
        "storage_capacity_original": 4.0,
        "max_depth_m": 1.0,
        "water_spread_area": 0.0,
        "image_path": "https://mi6census.mowr.gov.in/mic/getWaterBodyImageByURL/MIC_112002000002000095001.jpeg"
      },
      "geometry": {
        "type": "Point",
        "coordinates": [
          77.5197222,
          13.1022222
        ]
      }
    },
    {
      "type": "Feature",
      "properties": {
        "census_code": "1/12/002/000002/000069/001",
        "village": "KALENAHALLI",
        "block_tehsil": "BANGALORE NORTH",
        "subdistrict": "Yelahanka",
        "district": "Bengaluru Urban",
        "rural_or_urban": "Rural",
        "water_body_type_code": "02",
        "water_body_type": "Tank",
        "water_body_ownership": "Panchayat",
        "water_body_nature": "Natural",
        "in_use": "No",
        "encroached": "No",
        "storage_capacity_original": 4.0,
        "max_depth_m": null,
        "water_spread_area": 0.0,
        "image_path": "https://mi6census.mowr.gov.in/mic/getWaterBodyImageByURL/MIC_112002000002000069001.jpeg"
      },
      "geometry": {
        "type": "Point",
        "coordinates": [
          77.5063889,
          13.1463889
        ]
      }
    },
    {
      "type": "Feature",
      "properties": {
        "census_code": "1/12/002/000002/000069/002",
        "village": "KALENAHALLI",
        "block_tehsil": "BANGALORE NORTH",
        "subdistrict": "Yelahanka",
        "district": "Bengaluru Urban",
        "rural_or_urban": "Rural",
        "water_body_type_code": "02",
        "water_body_type": "Tank",
        "water_body_ownership": "Panchayat",
        "water_body_nature": "Natural",
        "in_use": "No",
        "encroached": "No",
        "storage_capacity_original": 4.0,
        "max_depth_m": null,
        "water_spread_area": 0.0,
        "image_path": "https://mi6census.mowr.gov.in/mic/getWaterBodyImageByURL/MIC_112002000002000069002.jpeg"
      },
      "geometry": {
        "type": "Point",
        "coordinates": [
          77.5063889,
          13.1466667
        ]
      }
    },
    {
      "type": "Feature",
      "properties": {
        "census_code": "1/12/002/000002/000180/001",
        "village": "KAMMASANDRA",
        "block_tehsil": "BANGALORE NORTH",
        "subdistrict": "Bengaluru North",
        "district": "Bengaluru Urban",
        "rural_or_urban": "Rural",
        "water_body_type_code": "01",
        "water_body_type": "Pond",
        "water_body_ownership": "State WRD/State Irrigation",
        "water_body_nature": "Natural",
        "in_use": "No",
        "encroached": "No",
        "storage_capacity_original": 4.0,
        "max_depth_m": null,
        "water_spread_area": 0.0,
        "image_path": "https://mi6census.mowr.gov.in/mic/getWaterBodyImageByURL/MIC_112002000002000180001.jpeg"
      },
      "geometry": {
        "type": "Point",
        "coordinates": [
          77.4383333,
          13.0461111
        ]
      }
    },
    {
      "type": "Feature",
      "properties": {
        "census_code": "1/12/002/000002/000030/001",
        "village": "KANNAHALLI",
        "block_tehsil": "BANGALORE NORTH",
        "subdistrict": "Bengaluru North",
        "district": "Bengaluru Urban",
        "rural_or_urban": "Rural",
        "water_body_type_code": "02",
        "water_body_type": "Tank",
        "water_body_ownership": "Panchayat",
        "water_body_nature": "Natural",
        "in_use": "No",
        "encroached": "No",
        "storage_capacity_original": 4.0,
        "max_depth_m": null,
        "water_spread_area": 0.0,
        "image_path": "https://mi6census.mowr.gov.in/mic/getWaterBodyImageByURL/MIC_112002000002000030001.jpeg"
      },
      "geometry": {
        "type": "Point",
        "coordinates": [
          77.4558333,
          12.9672222
        ]
      }
    },
    {
      "type": "Feature",
      "properties": {
        "census_code": "1/12/002/000002/000030/002",
        "village": "KANNAHALLI",
        "block_tehsil": "BANGALORE NORTH",
        "subdistrict": "Bengaluru North",
        "district": "Bengaluru Urban",
        "rural_or_urban": "Rural",
        "water_body_type_code": "02",
        "water_body_type": "Tank",
        "water_body_ownership": "Panchayat",
        "water_body_nature": "Natural",
        "in_use": "No",
        "encroached": "No",
        "storage_capacity_original": 4.0,
        "max_depth_m": null,
        "water_spread_area": 0.0,
        "image_path": "https://mi6census.mowr.gov.in/mic/getWaterBodyImageByURL/MIC_112002000002000030002.jpeg"
      },
      "geometry": {
        "type": "Point",
        "coordinates": [
          77.4597222,
          12.9594444
        ]
      }
    },
    {
      "type": "Feature",
      "properties": {
        "census_code": "1/12/002/000002/000088/001",
        "village": "KASAGATTAPURA",
        "block_tehsil": "BANGALORE NORTH",
        "subdistrict": "Yelahanka",
        "district": "Bengaluru Urban",
        "rural_or_urban": "Rural",
        "water_body_type_code": "02",
        "water_body_type": "Tank",
        "water_body_ownership": "Panchayat",
        "water_body_nature": "Natural",
        "in_use": "No",
        "encroached": "No",
        "storage_capacity_original": 4.0,
        "max_depth_m": 1.0,
        "water_spread_area": 0.0,
        "image_path": "https://mi6census.mowr.gov.in/mic/getWaterBodyImageByURL/MIC_112002000002000088001.jpeg"
      },
      "geometry": {
        "type": "Point",
        "coordinates": [
          77.5016667,
          13.1166667
        ]
      }
    },
    {
      "type": "Feature",
      "properties": {
        "census_code": "1/12/002/000002/000088/002",
        "village": "KASAGATTAPURA",
        "block_tehsil": "BANGALORE NORTH",
        "subdistrict": "Yelahanka",
        "district": "Bengaluru Urban",
        "rural_or_urban": "Rural",
        "water_body_type_code": "02",
        "water_body_type": "Tank",
        "water_body_ownership": "Panchayat",
        "water_body_nature": "Natural",
        "in_use": "No",
        "encroached": "No",
        "storage_capacity_original": 4.0,
        "max_depth_m": 1.0,
        "water_spread_area": 0.0,
        "image_path": "https://mi6census.mowr.gov.in/mic/getWaterBodyImageByURL/MIC_112002000002000088002.jpeg"
      },
      "geometry": {
        "type": "Point",
        "coordinates": [
          77.5061111,
          13.1097222
        ]
      }
    },
    {
      "type": "Feature",
      "properties": {
        "census_code": "1/12/002/000002/000094/001",
        "village": "KEMPAPURA",
        "block_tehsil": "BANGALORE NORTH",
        "subdistrict": "Yelahanka",
        "district": "Bengaluru Urban",
        "rural_or_urban": "Rural",
        "water_body_type_code": "02",
        "water_body_type": "Tank",
        "water_body_ownership": "Panchayat",
        "water_body_nature": "Natural",
        "in_use": "No",
        "encroached": "No",
        "storage_capacity_original": 4.0,
        "max_depth_m": 1.0,
        "water_spread_area": 0.0,
        "image_path": "https://mi6census.mowr.gov.in/mic/getWaterBodyImageByURL/MIC_112002000002000094001.jpeg"
      },
      "geometry": {
        "type": "Point",
        "coordinates": [
          77.4936111,
          13.0972222
        ]
      }
    },
    {
      "type": "Feature",
      "properties": {
        "census_code": "1/12/002/000002/000164/001",
        "village": "KENGANAHALLI",
        "block_tehsil": "BANGALORE NORTH",
        "subdistrict": "Bengaluru North",
        "district": "Bengaluru Urban",
        "rural_or_urban": "Rural",
        "water_body_type_code": "02",
        "water_body_type": "Tank",
        "water_body_ownership": "Panchayat",
        "water_body_nature": "Natural",
        "in_use": "No",
        "encroached": "No",
        "storage_capacity_original": 4.0,
        "max_depth_m": null,
        "water_spread_area": 0.0,
        "image_path": "https://mi6census.mowr.gov.in/mic/getWaterBodyImageByURL/MIC_112002000002000164001.jpeg"
      },
      "geometry": {
        "type": "Point",
        "coordinates": [
          77.3986111,
          13.0586111
        ]
      }
    },
    {
      "type": "Feature",
      "properties": {
        "census_code": "1/12/002/000002/000184/001",
        "village": "K.G. LAKKENAHALLI",
        "block_tehsil": "BANGALORE NORTH",
        "subdistrict": "Bengaluru North",
        "district": "Bengaluru Urban",
        "rural_or_urban": "Rural",
        "water_body_type_code": "02",
        "water_body_type": "Tank",
        "water_body_ownership": "Panchayat",
        "water_body_nature": "Natural",
        "in_use": "No",
        "encroached": "No",
        "storage_capacity_original": 4.0,
        "max_depth_m": null,
        "water_spread_area": 0.0,
        "image_path": "https://mi6census.mowr.gov.in/mic/getWaterBodyImageByURL/MIC_112002000002000184001.jpeg"
      },
      "geometry": {
        "type": "Point",
        "coordinates": [
          77.4572222,
          13.0125
        ]
      }
    },
    {
      "type": "Feature",
      "properties": {
        "census_code": "1/12/002/000002/000187/001",
        "village": "KITTANA HALLI",
        "block_tehsil": "BANGALORE NORTH",
        "subdistrict": "Bengaluru North",
        "district": "Bengaluru Urban",
        "rural_or_urban": "Rural",
        "water_body_type_code": "02",
        "water_body_type": "Tank",
        "water_body_ownership": "Panchayat",
        "water_body_nature": "Natural",
        "in_use": "No",
        "encroached": "No",
        "storage_capacity_original": 4.0,
        "max_depth_m": null,
        "water_spread_area": 0.0,
        "image_path": "https://mi6census.mowr.gov.in/mic/getWaterBodyImageByURL/MIC_112002000002000187001.jpeg"
      },
      "geometry": {
        "type": "Point",
        "coordinates": [
          77.4183333,
          13.0152778
        ]
      }
    },
    {
      "type": "Feature",
      "properties": {
        "census_code": "1/12/002/000002/000082/001",
        "village": "KODAGI THIRUMALAPURA",
        "block_tehsil": "BANGALORE NORTH",
        "subdistrict": "Yelahanka",
        "district": "Bengaluru Urban",
        "rural_or_urban": "Rural",
        "water_body_type_code": "02",
        "water_body_type": "Tank",
        "water_body_ownership": "Panchayat",
        "water_body_nature": "Natural",
        "in_use": "No",
        "encroached": "No",
        "storage_capacity_original": 4.0,
        "max_depth_m": null,
        "water_spread_area": 0.0,
        "image_path": "https://mi6census.mowr.gov.in/mic/getWaterBodyImageByURL/MIC_112002000002000082001.jpeg"
      },
      "geometry": {
        "type": "Point",
        "coordinates": [
          77.4916667,
          13.1155556
        ]
      }
    },
    {
      "type": "Feature",
      "properties": {
        "census_code": "1/12/002/000002/000028/002",
        "village": "KODIGEHALLI(PART)",
        "block_tehsil": "BANGALORE NORTH",
        "subdistrict": "Bengaluru North",
        "district": "Bengaluru Urban",
        "rural_or_urban": "Rural",
        "water_body_type_code": "02",
        "water_body_type": "Tank",
        "water_body_ownership": "Panchayat",
        "water_body_nature": "Natural",
        "in_use": "No",
        "encroached": "No",
        "storage_capacity_original": 4.0,
        "max_depth_m": null,
        "water_spread_area": 0.0,
        "image_path": "https://mi6census.mowr.gov.in/mic/getWaterBodyImageByURL/MIC_112002000002000028002.jpeg"
      },
      "geometry": {
        "type": "Point",
        "coordinates": [
          77.4591667,
          12.9680556
        ]
      }
    },
    {
      "type": "Feature",
      "properties": {
        "census_code": "1/12/002/000002/000028/001",
        "village": "KODIGEHALLI(PART)",
        "block_tehsil": "BANGALORE NORTH",
        "subdistrict": "Bengaluru North",
        "district": "Bengaluru Urban",
        "rural_or_urban": "Rural",
        "water_body_type_code": "02",
        "water_body_type": "Tank",
        "water_body_ownership": "Panchayat",
        "water_body_nature": "Natural",
        "in_use": "No",
        "encroached": "No",
        "storage_capacity_original": 4.0,
        "max_depth_m": null,
        "water_spread_area": 0.0,
        "image_path": "https://mi6census.mowr.gov.in/mic/getWaterBodyImageByURL/MIC_112002000002000028001.jpeg"
      },
      "geometry": {
        "type": "Point",
        "coordinates": [
          77.4694444,
          12.975
        ]
      }
    },
    {
      "type": "Feature",
      "properties": {
        "census_code": "1/12/002/000002/000065/001",
        "village": "KOLUVARAYANAHALLI",
        "block_tehsil": "BANGALORE NORTH",
        "subdistrict": "Yelahanka",
        "district": "Bengaluru Urban",
        "rural_or_urban": "Rural",
        "water_body_type_code": "02",
        "water_body_type": "Tank",
        "water_body_ownership": "Panchayat",
        "water_body_nature": "Natural",
        "in_use": "No",
        "encroached": "No",
        "storage_capacity_original": 4.0,
        "max_depth_m": null,
        "water_spread_area": 0.0,
        "image_path": "https://mi6census.mowr.gov.in/mic/getWaterBodyImageByURL/MIC_112002000002000065001.jpeg"
      },
      "geometry": {
        "type": "Point",
        "coordinates": [
          77.5227778,
          13.1602778
        ]
      }
    },
    {
      "type": "Feature",
      "properties": {
        "census_code": "1/12/002/000002/000074/001",
        "village": "KRISHNARAJAPURA",
        "block_tehsil": "BANGALORE NORTH",
        "subdistrict": "Yelahanka",
        "district": "Bengaluru Urban",
        "rural_or_urban": "Rural",
        "water_body_type_code": "02",
        "water_body_type": "Tank",
        "water_body_ownership": "Panchayat",
        "water_body_nature": "Natural",
        "in_use": "No",
        "encroached": "No",
        "storage_capacity_original": 4.0,
        "max_depth_m": null,
        "water_spread_area": 0.0,
        "image_path": "https://mi6census.mowr.gov.in/mic/getWaterBodyImageByURL/MIC_112002000002000074001.jpeg"
      },
      "geometry": {
        "type": "Point",
        "coordinates": [
          77.545,
          13.1413889
        ]
      }
    },
    {
      "type": "Feature",
      "properties": {
        "census_code": "1/12/002/000002/000098/001",
        "village": "KUDURAGERE",
        "block_tehsil": "BANGALORE NORTH",
        "subdistrict": "Yelahanka",
        "district": "Bengaluru Urban",
        "rural_or_urban": "Rural",
        "water_body_type_code": "02",
        "water_body_type": "Tank",
        "water_body_ownership": "Panchayat",
        "water_body_nature": "Natural",
        "in_use": "No",
        "encroached": "No",
        "storage_capacity_original": 4.0,
        "max_depth_m": null,
        "water_spread_area": 0.0,
        "image_path": "https://mi6census.mowr.gov.in/mic/getWaterBodyImageByURL/MIC_112002000002000098001.jpeg"
      },
      "geometry": {
        "type": "Point",
        "coordinates": [
          77.6194444,
          13.1833333
        ]
      }
    },
    {
      "type": "Feature",
      "properties": {
        "census_code": "1/12/002/000002/000093/001",
        "village": "KUMBARAHALLI",
        "block_tehsil": "BANGALORE NORTH",
        "subdistrict": "Yelahanka",
        "district": "Bengaluru Urban",
        "rural_or_urban": "Rural",
        "water_body_type_code": "01",
        "water_body_type": "Pond",
        "water_body_ownership": "State WRD/State Irrigation",
        "water_body_nature": "Natural",
        "in_use": "No",
        "encroached": "No",
        "storage_capacity_original": 4.0,
        "max_depth_m": null,
        "water_spread_area": 0.0,
        "image_path": "https://mi6census.mowr.gov.in/mic/getWaterBodyImageByURL/MIC_112002000002000093001.jpeg"
      },
      "geometry": {
        "type": "Point",
        "coordinates": [
          77.4913889,
          13.1005556
        ]
      }
    },
    {
      "type": "Feature",
      "properties": {
        "census_code": "1/12/002/000002/000163/001",
        "village": "LAKKENAHALLI",
        "block_tehsil": "BANGALORE NORTH",
        "subdistrict": "Bengaluru North",
        "district": "Bengaluru Urban",
        "rural_or_urban": "Rural",
        "water_body_type_code": "01",
        "water_body_type": "Pond",
        "water_body_ownership": "State WRD/State Irrigation",
        "water_body_nature": "Natural",
        "in_use": "No",
        "encroached": "No",
        "storage_capacity_original": 4.0,
        "max_depth_m": null,
        "water_spread_area": 0.0,
        "image_path": "https://mi6census.mowr.gov.in/mic/getWaterBodyImageByURL/MIC_112002000002000163001.jpeg"
      },
      "geometry": {
        "type": "Point",
        "coordinates": [
          77.3991667,
          13.0425
        ]
      }
    },
    {
      "type": "Feature",
      "properties": {
        "census_code": "1/12/002/000002/000181/001",
        "village": "LAKSHMIPURA",
        "block_tehsil": "BANGALORE NORTH",
        "subdistrict": "Bengaluru North",
        "district": "Bengaluru Urban",
        "rural_or_urban": "Rural",
        "water_body_type_code": "01",
        "water_body_type": "Pond",
        "water_body_ownership": "State WRD/State Irrigation",
        "water_body_nature": "Natural",
        "in_use": "No",
        "encroached": "No",
        "storage_capacity_original": 4.0,
        "max_depth_m": null,
        "water_spread_area": 0.0,
        "image_path": "https://mi6census.mowr.gov.in/mic/getWaterBodyImageByURL/MIC_112002000002000181001.jpeg"
      },
      "geometry": {
        "type": "Point",
        "coordinates": [
          77.4694444,
          13.0333333
        ]
      }
    },
    {
      "type": "Feature",
      "properties": {
        "census_code": "1/12/002/000002/000027/001",
        "village": "LAKSHMIPURA",
        "block_tehsil": "BANGALORE NORTH",
        "subdistrict": "Bengaluru North",
        "district": "Bengaluru Urban",
        "rural_or_urban": "Rural",
        "water_body_type_code": "01",
        "water_body_type": "Pond",
        "water_body_ownership": "State WRD/State Irrigation",
        "water_body_nature": "Natural",
        "in_use": "No",
        "encroached": "No",
        "storage_capacity_original": 4.0,
        "max_depth_m": null,
        "water_spread_area": 0.0,
        "image_path": "https://mi6census.mowr.gov.in/mic/getWaterBodyImageByURL/MIC_112002000002000027001.jpeg"
      },
      "geometry": {
        "type": "Point",
        "coordinates": [
          77.4694444,
          13.0333333
        ]
      }
    },
    {
      "type": "Feature",
      "properties": {
        "census_code": "1/12/002/000002/000027/002",
        "village": "LAKSHMIPURA",
        "block_tehsil": "BANGALORE NORTH",
        "subdistrict": "Bengaluru North",
        "district": "Bengaluru Urban",
        "rural_or_urban": "Rural",
        "water_body_type_code": "01",
        "water_body_type": "Pond",
        "water_body_ownership": "State WRD/State Irrigation",
        "water_body_nature": "Natural",
        "in_use": "No",
        "encroached": "No",
        "storage_capacity_original": 4.0,
        "max_depth_m": null,
        "water_spread_area": 0.0,
        "image_path": "https://mi6census.mowr.gov.in/mic/getWaterBodyImageByURL/MIC_112002000002000027002.jpeg"
      },
      "geometry": {
        "type": "Point",
        "coordinates": [
          77.5311111,
          13.0847222
        ]
      }
    },
    {
      "type": "Feature",
      "properties": {
        "census_code": "1/12/002/000002/000071/001",
        "village": "LINGANAHALLI",
        "block_tehsil": "BANGALORE NORTH",
        "subdistrict": "Yelahanka",
        "district": "Bengaluru Urban",
        "rural_or_urban": "Rural",
        "water_body_type_code": "02",
        "water_body_type": "Tank",
        "water_body_ownership": "Panchayat",
        "water_body_nature": "Natural",
        "in_use": "No",
        "encroached": "No",
        "storage_capacity_original": 4.0,
        "max_depth_m": null,
        "water_spread_area": 0.0,
        "image_path": "https://mi6census.mowr.gov.in/mic/getWaterBodyImageByURL/MIC_112002000002000071001.jpeg"
      },
      "geometry": {
        "type": "Point",
        "coordinates": [
          77.5236111,
          13.1588889
        ]
      }
    },
    {
      "type": "Feature",
      "properties": {
        "census_code": "1/12/002/000002/000076/001",
        "village": "LINGARAJAPURA",
        "block_tehsil": "BANGALORE NORTH",
        "subdistrict": "Yelahanka",
        "district": "Bengaluru Urban",
        "rural_or_urban": "Rural",
        "water_body_type_code": "02",
        "water_body_type": "Tank",
        "water_body_ownership": "Panchayat",
        "water_body_nature": "Natural",
        "in_use": "No",
        "encroached": "No",
        "storage_capacity_original": 4.0,
        "max_depth_m": null,
        "water_spread_area": 0.0,
        "image_path": "https://mi6census.mowr.gov.in/mic/getWaterBodyImageByURL/MIC_112002000002000076001.jpeg"
      },
      "geometry": {
        "type": "Point",
        "coordinates": [
          77.5466667,
          13.1280556
        ]
      }
    },
    {
      "type": "Feature",
      "properties": {
        "census_code": "1/12/002/000002/000043/001",
        "village": "MACHOHALLI",
        "block_tehsil": "BANGALORE NORTH",
        "subdistrict": "Bengaluru North",
        "district": "Bengaluru Urban",
        "rural_or_urban": "Rural",
        "water_body_type_code": "02",
        "water_body_type": "Tank",
        "water_body_ownership": "Panchayat",
        "water_body_nature": "Natural",
        "in_use": "No",
        "encroached": "No",
        "storage_capacity_original": 4.0,
        "max_depth_m": null,
        "water_spread_area": 0.0,
        "image_path": "https://mi6census.mowr.gov.in/mic/getWaterBodyImageByURL/MIC_112002000002000043001.jpeg"
      },
      "geometry": {
        "type": "Point",
        "coordinates": [
          77.4694444,
          12.9916667
        ]
      }
    },
    {
      "type": "Feature",
      "properties": {
        "census_code": "1/12/002/000002/000043/002",
        "village": "MACHOHALLI",
        "block_tehsil": "BANGALORE NORTH",
        "subdistrict": "Bengaluru North",
        "district": "Bengaluru Urban",
        "rural_or_urban": "Rural",
        "water_body_type_code": "02",
        "water_body_type": "Tank",
        "water_body_ownership": "Panchayat",
        "water_body_nature": "Natural",
        "in_use": "No",
        "encroached": "No",
        "storage_capacity_original": 4.0,
        "max_depth_m": null,
        "water_spread_area": 0.0,
        "image_path": "https://mi6census.mowr.gov.in/mic/getWaterBodyImageByURL/MIC_112002000002000043002.jpeg"
      },
      "geometry": {
        "type": "Point",
        "coordinates": [
          77.4555556,
          13.0113889
        ]
      }
    },
    {
      "type": "Feature",
      "properties": {
        "census_code": "1/12/002/000002/000073/001",
        "village": "MADAPPANAHALLI",
        "block_tehsil": "BANGALORE NORTH",
        "subdistrict": "Yelahanka",
        "district": "Bengaluru Urban",
        "rural_or_urban": "Rural",
        "water_body_type_code": "02",
        "water_body_type": "Tank",
        "water_body_ownership": "Panchayat",
        "water_body_nature": "Natural",
        "in_use": "No",
        "encroached": "No",
        "storage_capacity_original": 4.0,
        "max_depth_m": null,
        "water_spread_area": 0.0,
        "image_path": "https://mi6census.mowr.gov.in/mic/getWaterBodyImageByURL/MIC_112002000002000073001.jpeg"
      },
      "geometry": {
        "type": "Point",
        "coordinates": [
          77.5458333,
          13.1486111
        ]
      }
    },
    {
      "type": "Feature",
      "properties": {
        "census_code": "1/12/002/000002/000169/001",
        "village": "MADAVARA",
        "block_tehsil": "BANGALORE NORTH",
        "subdistrict": "Bengaluru North",
        "district": "Bengaluru Urban",
        "rural_or_urban": "Rural",
        "water_body_type_code": "01",
        "water_body_type": "Pond",
        "water_body_ownership": "State WRD/State Irrigation",
        "water_body_nature": "Natural",
        "in_use": "No",
        "encroached": "No",
        "storage_capacity_original": 1.0,
        "max_depth_m": null,
        "water_spread_area": 0.0,
        "image_path": "https://mi6census.mowr.gov.in/mic/getWaterBodyImageByURL/MIC_112002000002000169001.jpeg"
      },
      "geometry": {
        "type": "Point",
        "coordinates": [
          77.4808333,
          13.0491667
        ]
      }
    },
    {
      "type": "Feature",
      "properties": {
        "census_code": "1/12/002/000002/000177/001",
        "village": "MALLASANDRA",
        "block_tehsil": "BANGALORE NORTH",
        "subdistrict": "Bengaluru North",
        "district": "Bengaluru Urban",
        "rural_or_urban": "Rural",
        "water_body_type_code": "02",
        "water_body_type": "Tank",
        "water_body_ownership": "Panchayat",
        "water_body_nature": "Natural",
        "in_use": "No",
        "encroached": "No",
        "storage_capacity_original": 4.0,
        "max_depth_m": null,
        "water_spread_area": 0.0,
        "image_path": "https://mi6census.mowr.gov.in/mic/getWaterBodyImageByURL/MIC_112002000002000177001.jpeg"
      },
      "geometry": {
        "type": "Point",
        "coordinates": [
          77.3977778,
          13.0066667
        ]
      }
    },
    {
      "type": "Feature",
      "properties": {
        "census_code": "1/12/002/000002/000013/001",
        "village": "MARALAKUNTE",
        "block_tehsil": "BANGALORE NORTH",
        "subdistrict": "Yelahanka",
        "district": "Bengaluru Urban",
        "rural_or_urban": "Rural",
        "water_body_type_code": "02",
        "water_body_type": "Tank",
        "water_body_ownership": "Panchayat",
        "water_body_nature": "Natural",
        "in_use": "No",
        "encroached": "No",
        "storage_capacity_original": 4.0,
        "max_depth_m": null,
        "water_spread_area": 0.0,
        "image_path": "https://mi6census.mowr.gov.in/mic/getWaterBodyImageByURL/MIC_112002000002000013001.jpeg"
      },
      "geometry": {
        "type": "Point",
        "coordinates": [
          77.7097222,
          13.1305556
        ]
      }
    },
    {
      "type": "Feature",
      "properties": {
        "census_code": "1/12/002/000002/000016/001",
        "village": "MARASANDRA",
        "block_tehsil": "BANGALORE NORTH",
        "subdistrict": "Yelahanka",
        "district": "Bengaluru Urban",
        "rural_or_urban": "Rural",
        "water_body_type_code": "02",
        "water_body_type": "Tank",
        "water_body_ownership": "Panchayat",
        "water_body_nature": "Natural",
        "in_use": "No",
        "encroached": "No",
        "storage_capacity_original": 4.0,
        "max_depth_m": null,
        "water_spread_area": 0.0,
        "image_path": "https://mi6census.mowr.gov.in/mic/getWaterBodyImageByURL/MIC_112002000002000016001.jpeg"
      },
      "geometry": {
        "type": "Point",
        "coordinates": [
          77.5522222,
          13.2175
        ]
      }
    },
    {
      "type": "Feature",
      "properties": {
        "census_code": "1/12/002/000002/000038/001",
        "village": "MARASANDRA AMANIKERE",
        "block_tehsil": "BANGALORE NORTH",
        "subdistrict": "Yelahanka",
        "district": "Bengaluru Urban",
        "rural_or_urban": "Rural",
        "water_body_type_code": "02",
        "water_body_type": "Tank",
        "water_body_ownership": "Panchayat",
        "water_body_nature": "Natural",
        "in_use": "No",
        "encroached": "No",
        "storage_capacity_original": 4.0,
        "max_depth_m": null,
        "water_spread_area": 0.0,
        "image_path": "https://mi6census.mowr.gov.in/mic/getWaterBodyImageByURL/MIC_112002000002000038001.jpeg"
      },
      "geometry": {
        "type": "Point",
        "coordinates": [
          77.5544444,
          13.2233333
        ]
      }
    },
    {
      "type": "Feature",
      "properties": {
        "census_code": "1/12/002/000002/000015/001",
        "village": "MARENAHALLI",
        "block_tehsil": "BANGALORE NORTH",
        "subdistrict": "Yelahanka",
        "district": "Bengaluru Urban",
        "rural_or_urban": "Rural",
        "water_body_type_code": "02",
        "water_body_type": "Tank",
        "water_body_ownership": "Panchayat",
        "water_body_nature": "Natural",
        "in_use": "No",
        "encroached": "No",
        "storage_capacity_original": 4.0,
        "max_depth_m": null,
        "water_spread_area": 0.0,
        "image_path": "https://mi6census.mowr.gov.in/mic/getWaterBodyImageByURL/MIC_112002000002000015001.jpeg"
      },
      "geometry": {
        "type": "Point",
        "coordinates": [
          77.6811111,
          13.1122222
        ]
      }
    },
    {
      "type": "Feature",
      "properties": {
        "census_code": "1/12/002/000002/000146/001",
        "village": "MATHAHALLI",
        "block_tehsil": "BANGALORE NORTH",
        "subdistrict": "Bengaluru North",
        "district": "Bengaluru Urban",
        "rural_or_urban": "Rural",
        "water_body_type_code": "02",
        "water_body_type": "Tank",
        "water_body_ownership": "Panchayat",
        "water_body_nature": "Natural",
        "in_use": "No",
        "encroached": "No",
        "storage_capacity_original": 4.0,
        "max_depth_m": null,
        "water_spread_area": 0.0,
        "image_path": "https://mi6census.mowr.gov.in/mic/getWaterBodyImageByURL/MIC_112002000002000146001.jpeg"
      },
      "geometry": {
        "type": "Point",
        "coordinates": [
          77.4477778,
          13.1236111
        ]
      }
    },
    {
      "type": "Feature",
      "properties": {
        "census_code": "1/12/002/000002/000070/001",
        "village": "MATHKUR",
        "block_tehsil": "BANGALORE NORTH",
        "subdistrict": "Yelahanka",
        "district": "Bengaluru Urban",
        "rural_or_urban": "Rural",
        "water_body_type_code": "02",
        "water_body_type": "Tank",
        "water_body_ownership": "Panchayat",
        "water_body_nature": "Natural",
        "in_use": "No",
        "encroached": "No",
        "storage_capacity_original": 4.0,
        "max_depth_m": null,
        "water_spread_area": 0.0,
        "image_path": "https://mi6census.mowr.gov.in/mic/getWaterBodyImageByURL/MIC_112002000002000070001.jpeg"
      },
      "geometry": {
        "type": "Point",
        "coordinates": [
          77.5088889,
          13.1552778
        ]
      }
    },
    {
      "type": "Feature",
      "properties": {
        "census_code": "1/12/002/000002/000085/001",
        "village": "MAVALLIPURA",
        "block_tehsil": "BANGALORE NORTH",
        "subdistrict": "Yelahanka",
        "district": "Bengaluru Urban",
        "rural_or_urban": "Rural",
        "water_body_type_code": "02",
        "water_body_type": "Tank",
        "water_body_ownership": "Panchayat",
        "water_body_nature": "Natural",
        "in_use": "No",
        "encroached": "No",
        "storage_capacity_original": 4.0,
        "max_depth_m": null,
        "water_spread_area": 0.0,
        "image_path": "https://mi6census.mowr.gov.in/mic/getWaterBodyImageByURL/MIC_112002000002000085001.jpeg"
      },
      "geometry": {
        "type": "Point",
        "coordinates": [
          77.5311111,
          13.1291667
        ]
      }
    },
    {
      "type": "Feature",
      "properties": {
        "census_code": "1/12/002/000002/000102/001",
        "village": "MEENAKUNTE",
        "block_tehsil": "BANGALORE NORTH",
        "subdistrict": "Yelahanka",
        "district": "Bengaluru Urban",
        "rural_or_urban": "Rural",
        "water_body_type_code": "02",
        "water_body_type": "Tank",
        "water_body_ownership": "Panchayat",
        "water_body_nature": "Natural",
        "in_use": "No",
        "encroached": "No",
        "storage_capacity_original": 4.0,
        "max_depth_m": null,
        "water_spread_area": 0.0,
        "image_path": "https://mi6census.mowr.gov.in/mic/getWaterBodyImageByURL/MIC_112002000002000102001.jpeg"
      },
      "geometry": {
        "type": "Point",
        "coordinates": [
          77.6386111,
          13.1794444
        ]
      }
    },
    {
      "type": "Feature",
      "properties": {
        "census_code": "1/12/002/000002/000075/001",
        "village": "MYLAPPANAHALLI",
        "block_tehsil": "BANGALORE NORTH",
        "subdistrict": "Yelahanka",
        "district": "Bengaluru Urban",
        "rural_or_urban": "Rural",
        "water_body_type_code": "02",
        "water_body_type": "Tank",
        "water_body_ownership": "Panchayat",
        "water_body_nature": "Natural",
        "in_use": "No",
        "encroached": "No",
        "storage_capacity_original": 4.0,
        "max_depth_m": null,
        "water_spread_area": 0.0,
        "image_path": "https://mi6census.mowr.gov.in/mic/getWaterBodyImageByURL/MIC_112002000002000075001.jpeg"
      },
      "geometry": {
        "type": "Point",
        "coordinates": [
          77.535,
          13.1308333
        ]
      }
    },
    {
      "type": "Feature",
      "properties": {
        "census_code": "1/12/002/000002/000143/001",
        "village": "NAGARUR",
        "block_tehsil": "BANGALORE NORTH",
        "subdistrict": "Bengaluru North",
        "district": "Bengaluru Urban",
        "rural_or_urban": "Rural",
        "water_body_type_code": "01",
        "water_body_type": "Pond",
        "water_body_ownership": "State WRD/State Irrigation",
        "water_body_nature": "Natural",
        "in_use": "No",
        "encroached": "No",
        "storage_capacity_original": 1.0,
        "max_depth_m": null,
        "water_spread_area": 0.0,
        "image_path": "https://mi6census.mowr.gov.in/mic/getWaterBodyImageByURL/MIC_112002000002000143001.jpeg"
      },
      "geometry": {
        "type": "Point",
        "coordinates": [
          77.4322222,
          13.0894444
        ]
      }
    },
    {
      "type": "Feature",
      "properties": {
        "census_code": "1/12/002/000002/000101/001",
        "village": "NAVARATHNA AGRAHARA",
        "block_tehsil": "BANGALORE NORTH",
        "subdistrict": "Yelahanka",
        "district": "Bengaluru Urban",
        "rural_or_urban": "Rural",
        "water_body_type_code": "02",
        "water_body_type": "Tank",
        "water_body_ownership": "Panchayat",
        "water_body_nature": "Natural",
        "in_use": "No",
        "encroached": "No",
        "storage_capacity_original": 4.0,
        "max_depth_m": null,
        "water_spread_area": 0.0,
        "image_path": "https://mi6census.mowr.gov.in/mic/getWaterBodyImageByURL/MIC_112002000002000101001.jpeg"
      },
      "geometry": {
        "type": "Point",
        "coordinates": [
          77.6258333,
          13.1991667
        ]
      }
    },
    {
      "type": "Feature",
      "properties": {
        "census_code": "1/12/002/000002/000036/002",
        "village": "NELLUKUNTE",
        "block_tehsil": "BANGALORE NORTH",
        "subdistrict": "Yelahanka",
        "district": "Bengaluru Urban",
        "rural_or_urban": "Rural",
        "water_body_type_code": "02",
        "water_body_type": "Tank",
        "water_body_ownership": "Panchayat",
        "water_body_nature": "Natural",
        "in_use": "No",
        "encroached": "No",
        "storage_capacity_original": 4.0,
        "max_depth_m": null,
        "water_spread_area": 0.0,
        "image_path": "https://mi6census.mowr.gov.in/mic/getWaterBodyImageByURL/MIC_112002000002000036002.jpeg"
      },
      "geometry": {
        "type": "Point",
        "coordinates": [
          77.5966667,
          13.1530556
        ]
      }
    },
    {
      "type": "Feature",
      "properties": {
        "census_code": "1/12/002/000002/000036/001",
        "village": "NELLUKUNTE",
        "block_tehsil": "BANGALORE NORTH",
        "subdistrict": "Yelahanka",
        "district": "Bengaluru Urban",
        "rural_or_urban": "Rural",
        "water_body_type_code": "02",
        "water_body_type": "Tank",
        "water_body_ownership": "Panchayat",
        "water_body_nature": "Natural",
        "in_use": "No",
        "encroached": "No",
        "storage_capacity_original": 4.0,
        "max_depth_m": null,
        "water_spread_area": 0.0,
        "image_path": "https://mi6census.mowr.gov.in/mic/getWaterBodyImageByURL/MIC_112002000002000036001.jpeg"
      },
      "geometry": {
        "type": "Point",
        "coordinates": [
          77.5447222,
          13.2322222
        ]
      }
    },
    {
      "type": "Feature",
      "properties": {
        "census_code": "1/12/002/000002/000107/001",
        "village": "NELLUKUNTE",
        "block_tehsil": "BANGALORE NORTH",
        "subdistrict": "Yelahanka",
        "district": "Bengaluru Urban",
        "rural_or_urban": "Rural",
        "water_body_type_code": "02",
        "water_body_type": "Tank",
        "water_body_ownership": "Panchayat",
        "water_body_nature": "Natural",
        "in_use": "No",
        "encroached": "No",
        "storage_capacity_original": 4.0,
        "max_depth_m": null,
        "water_spread_area": 0.0,
        "image_path": "https://mi6census.mowr.gov.in/mic/getWaterBodyImageByURL/MIC_112002000002000107001.jpeg"
      },
      "geometry": {
        "type": "Point",
        "coordinates": [
          77.5497222,
          13.2297222
        ]
      }
    },
    {
      "type": "Feature",
      "properties": {
        "census_code": "1/12/002/000002/000107/002",
        "village": "NELLUKUNTE",
        "block_tehsil": "BANGALORE NORTH",
        "subdistrict": "Yelahanka",
        "district": "Bengaluru Urban",
        "rural_or_urban": "Rural",
        "water_body_type_code": "02",
        "water_body_type": "Tank",
        "water_body_ownership": "Panchayat",
        "water_body_nature": "Natural",
        "in_use": "No",
        "encroached": "No",
        "storage_capacity_original": 4.0,
        "max_depth_m": null,
        "water_spread_area": 0.0,
        "image_path": "https://mi6census.mowr.gov.in/mic/getWaterBodyImageByURL/MIC_112002000002000107002.jpeg"
      },
      "geometry": {
        "type": "Point",
        "coordinates": [
          77.5894444,
          13.1483333
        ]
      }
    },
    {
      "type": "Feature",
      "properties": {
        "census_code": "1/12/002/000002/000142/001",
        "village": "PILLAHALLI",
        "block_tehsil": "BANGALORE NORTH",
        "subdistrict": "Bengaluru North",
        "district": "Bengaluru Urban",
        "rural_or_urban": "Rural",
        "water_body_type_code": "02",
        "water_body_type": "Tank",
        "water_body_ownership": "Panchayat",
        "water_body_nature": "Natural",
        "in_use": "No",
        "encroached": "No",
        "storage_capacity_original": 4.0,
        "max_depth_m": 1.0,
        "water_spread_area": 1.0,
        "image_path": "https://mi6census.mowr.gov.in/mic/getWaterBodyImageByURL/MIC_112002000002000142001.jpeg"
      },
      "geometry": {
        "type": "Point",
        "coordinates": [
          77.4372222,
          13.0980556
        ]
      }
    },
    {
      "type": "Feature",
      "properties": {
        "census_code": "1/12/002/000002/000142/002",
        "village": "PILLAHALLI",
        "block_tehsil": "BANGALORE NORTH",
        "subdistrict": "Bengaluru North",
        "district": "Bengaluru Urban",
        "rural_or_urban": "Rural",
        "water_body_type_code": "02",
        "water_body_type": "Tank",
        "water_body_ownership": "Panchayat",
        "water_body_nature": "Natural",
        "in_use": "No",
        "encroached": "No",
        "storage_capacity_original": 4.0,
        "max_depth_m": 1.0,
        "water_spread_area": 1.0,
        "image_path": "https://mi6census.mowr.gov.in/mic/getWaterBodyImageByURL/MIC_112002000002000142002.jpeg"
      },
      "geometry": {
        "type": "Point",
        "coordinates": [
          77.4230556,
          13.1047222
        ]
      }
    },
    {
      "type": "Feature",
      "properties": {
        "census_code": "1/12/002/000002/000060/001",
        "village": "SADENAHALLI",
        "block_tehsil": "BANGALORE NORTH",
        "subdistrict": "Yelahanka",
        "district": "Bengaluru Urban",
        "rural_or_urban": "Rural",
        "water_body_type_code": "02",
        "water_body_type": "Tank",
        "water_body_ownership": "Panchayat",
        "water_body_nature": "Natural",
        "in_use": "No",
        "encroached": "No",
        "storage_capacity_original": 4.0,
        "max_depth_m": null,
        "water_spread_area": 0.0,
        "image_path": "https://mi6census.mowr.gov.in/mic/getWaterBodyImageByURL/MIC_112002000002000060001.jpeg"
      },
      "geometry": {
        "type": "Point",
        "coordinates": [
          77.5672222,
          13.1994444
        ]
      }
    },
    {
      "type": "Feature",
      "properties": {
        "census_code": "1/12/002/000002/000056/001",
        "village": "SATHNUR",
        "block_tehsil": "BANGALORE NORTH",
        "subdistrict": "Yelahanka",
        "district": "Bengaluru Urban",
        "rural_or_urban": "Rural",
        "water_body_type_code": "01",
        "water_body_type": "Pond",
        "water_body_ownership": "State WRD/State Irrigation",
        "water_body_nature": "Natural",
        "in_use": "No",
        "encroached": "No",
        "storage_capacity_original": 4.0,
        "max_depth_m": null,
        "water_spread_area": 0.0,
        "image_path": "https://mi6census.mowr.gov.in/mic/getWaterBodyImageByURL/MIC_112002000002000056001.jpeg"
      },
      "geometry": {
        "type": "Point",
        "coordinates": [
          77.6502778,
          13.1308333
        ]
      }
    },
    {
      "type": "Feature",
      "properties": {
        "census_code": "1/12/002/000002/000029/002",
        "village": "SEEGEHALLI",
        "block_tehsil": "BANGALORE NORTH",
        "subdistrict": "Bengaluru North",
        "district": "Bengaluru Urban",
        "rural_or_urban": "Rural",
        "water_body_type_code": "02",
        "water_body_type": "Tank",
        "water_body_ownership": "Panchayat",
        "water_body_nature": "Natural",
        "in_use": "No",
        "encroached": "No",
        "storage_capacity_original": 4.0,
        "max_depth_m": null,
        "water_spread_area": 0.0,
        "image_path": "https://mi6census.mowr.gov.in/mic/getWaterBodyImageByURL/MIC_112002000002000029002.jpeg"
      },
      "geometry": {
        "type": "Point",
        "coordinates": [
          77.4533333,
          12.9861111
        ]
      }
    },
    {
      "type": "Feature",
      "properties": {
        "census_code": "1/12/002/000002/000029/001",
        "village": "SEEGEHALLI",
        "block_tehsil": "BANGALORE NORTH",
        "subdistrict": "Bengaluru North",
        "district": "Bengaluru Urban",
        "rural_or_urban": "Rural",
        "water_body_type_code": "02",
        "water_body_type": "Tank",
        "water_body_ownership": "Panchayat",
        "water_body_nature": "Natural",
        "in_use": "No",
        "encroached": "No",
        "storage_capacity_original": 4.0,
        "max_depth_m": null,
        "water_spread_area": 0.0,
        "image_path": "https://mi6census.mowr.gov.in/mic/getWaterBodyImageByURL/MIC_112002000002000029001.jpeg"
      },
      "geometry": {
        "type": "Point",
        "coordinates": [
          77.4497222,
          12.9855556
        ]
      }
    },
    {
      "type": "Feature",
      "properties": {
        "census_code": "1/12/002/000002/000021/002",
        "village": "SEERESANDRA",
        "block_tehsil": "BANGALORE NORTH",
        "subdistrict": "Yelahanka",
        "district": "Bengaluru Urban",
        "rural_or_urban": "Rural",
        "water_body_type_code": "02",
        "water_body_type": "Tank",
        "water_body_ownership": "Panchayat",
        "water_body_nature": "Natural",
        "in_use": "No",
        "encroached": "No",
        "storage_capacity_original": 4.0,
        "max_depth_m": null,
        "water_spread_area": 0.0,
        "image_path": "https://mi6census.mowr.gov.in/mic/getWaterBodyImageByURL/MIC_112002000002000021002.jpeg"
      },
      "geometry": {
        "type": "Point",
        "coordinates": [
          77.4825,
          13.1894444
        ]
      }
    },
    {
      "type": "Feature",
      "properties": {
        "census_code": "1/12/002/000002/000021/001",
        "village": "SEERESANDRA",
        "block_tehsil": "BANGALORE NORTH",
        "subdistrict": "Yelahanka",
        "district": "Bengaluru Urban",
        "rural_or_urban": "Rural",
        "water_body_type_code": "02",
        "water_body_type": "Tank",
        "water_body_ownership": "Panchayat",
        "water_body_nature": "Natural",
        "in_use": "No",
        "encroached": "No",
        "storage_capacity_original": 4.0,
        "max_depth_m": null,
        "water_spread_area": 0.0,
        "image_path": "https://mi6census.mowr.gov.in/mic/getWaterBodyImageByURL/MIC_112002000002000021001.jpeg"
      },
      "geometry": {
        "type": "Point",
        "coordinates": [
          77.4805556,
          13.1908333
        ]
      }
    },
    {
      "type": "Feature",
      "properties": {
        "census_code": "1/12/002/000002/000057/001",
        "village": "SHANUBHOGANAHALLI",
        "block_tehsil": "BANGALORE NORTH",
        "subdistrict": "Yelahanka",
        "district": "Bengaluru Urban",
        "rural_or_urban": "Rural",
        "water_body_type_code": "02",
        "water_body_type": "Tank",
        "water_body_ownership": "Panchayat",
        "water_body_nature": "Natural",
        "in_use": "No",
        "encroached": "No",
        "storage_capacity_original": 4.0,
        "max_depth_m": null,
        "water_spread_area": 0.0,
        "image_path": "https://mi6census.mowr.gov.in/mic/getWaterBodyImageByURL/MIC_112002000002000057001.jpeg"
      },
      "geometry": {
        "type": "Point",
        "coordinates": [
          77.5330556,
          13.1816667
        ]
      }
    },
    {
      "type": "Feature",
      "properties": {
        "census_code": "1/12/002/000002/000165/001",
        "village": "SHIVANAPURA",
        "block_tehsil": "BANGALORE NORTH",
        "subdistrict": "Bengaluru North",
        "district": "Bengaluru Urban",
        "rural_or_urban": "Rural",
        "water_body_type_code": "02",
        "water_body_type": "Tank",
        "water_body_ownership": "Panchayat",
        "water_body_nature": "Natural",
        "in_use": "No",
        "encroached": "No",
        "storage_capacity_original": 4.0,
        "max_depth_m": null,
        "water_spread_area": 0.0,
        "image_path": "https://mi6census.mowr.gov.in/mic/getWaterBodyImageByURL/MIC_112002000002000165001.jpeg"
      },
      "geometry": {
        "type": "Point",
        "coordinates": [
          77.3963889,
          13.0547222
        ]
      }
    },
    {
      "type": "Feature",
      "properties": {
        "census_code": "1/12/002/000002/000175/001",
        "village": "SONDEKOPPA",
        "block_tehsil": "BANGALORE NORTH",
        "subdistrict": "Bengaluru North",
        "district": "Bengaluru Urban",
        "rural_or_urban": "Rural",
        "water_body_type_code": "02",
        "water_body_type": "Tank",
        "water_body_ownership": "Panchayat",
        "water_body_nature": "Natural",
        "in_use": "No",
        "encroached": "No",
        "storage_capacity_original": 4.0,
        "max_depth_m": null,
        "water_spread_area": 0.0,
        "image_path": "https://mi6census.mowr.gov.in/mic/getWaterBodyImageByURL/MIC_112002000002000175001.jpeg"
      },
      "geometry": {
        "type": "Point",
        "coordinates": [
          77.3838889,
          13.0169444
        ]
      }
    },
    {
      "type": "Feature",
      "properties": {
        "census_code": "1/12/002/000002/000055/001",
        "village": "SONNAPPANAHALLI",
        "block_tehsil": "BANGALORE NORTH",
        "subdistrict": "Yelahanka",
        "district": "Bengaluru Urban",
        "rural_or_urban": "Rural",
        "water_body_type_code": "02",
        "water_body_type": "Tank",
        "water_body_ownership": "Panchayat",
        "water_body_nature": "Natural",
        "in_use": "No",
        "encroached": "No",
        "storage_capacity_original": 4.0,
        "max_depth_m": null,
        "water_spread_area": 0.0,
        "image_path": "https://mi6census.mowr.gov.in/mic/getWaterBodyImageByURL/MIC_112002000002000055001.jpeg"
      },
      "geometry": {
        "type": "Point",
        "coordinates": [
          77.615,
          13.1580556
        ]
      }
    },
    {
      "type": "Feature",
      "properties": {
        "census_code": "1/12/002/000002/000032/001",
        "village": "SONNENAHALLI",
        "block_tehsil": "BANGALORE NORTH",
        "subdistrict": "Yelahanka",
        "district": "Bengaluru Urban",
        "rural_or_urban": "Rural",
        "water_body_type_code": "02",
        "water_body_type": "Tank",
        "water_body_ownership": "Panchayat",
        "water_body_nature": "Natural",
        "in_use": "No",
        "encroached": "No",
        "storage_capacity_original": 4.0,
        "max_depth_m": null,
        "water_spread_area": 0.0,
        "image_path": "https://mi6census.mowr.gov.in/mic/getWaterBodyImageByURL/MIC_112002000002000032001.jpeg"
      },
      "geometry": {
        "type": "Point",
        "coordinates": [
          77.4975,
          13.1997222
        ]
      }
    },
    {
      "type": "Feature",
      "properties": {
        "census_code": "1/12/002/000002/000032/002",
        "village": "SONNENAHALLI",
        "block_tehsil": "BANGALORE NORTH",
        "subdistrict": "Yelahanka",
        "district": "Bengaluru Urban",
        "rural_or_urban": "Rural",
        "water_body_type_code": "02",
        "water_body_type": "Tank",
        "water_body_ownership": "Panchayat",
        "water_body_nature": "Natural",
        "in_use": "No",
        "encroached": "No",
        "storage_capacity_original": 4.0,
        "max_depth_m": null,
        "water_spread_area": 0.0,
        "image_path": "https://mi6census.mowr.gov.in/mic/getWaterBodyImageByURL/MIC_112002000002000032002.jpeg"
      },
      "geometry": {
        "type": "Point",
        "coordinates": [
          77.4975,
          13.1988889
        ]
      }
    },
    {
      "type": "Feature",
      "properties": {
        "census_code": "1/12/002/000002/000059/001",
        "village": "SREERAMANAHALLI",
        "block_tehsil": "BANGALORE NORTH",
        "subdistrict": "Yelahanka",
        "district": "Bengaluru Urban",
        "rural_or_urban": "Rural",
        "water_body_type_code": "02",
        "water_body_type": "Tank",
        "water_body_ownership": "Panchayat",
        "water_body_nature": "Natural",
        "in_use": "No",
        "encroached": "No",
        "storage_capacity_original": 4.0,
        "max_depth_m": null,
        "water_spread_area": 0.0,
        "image_path": "https://mi6census.mowr.gov.in/mic/getWaterBodyImageByURL/MIC_112002000002000059001.jpeg"
      },
      "geometry": {
        "type": "Point",
        "coordinates": [
          77.5522222,
          13.2058333
        ]
      }
    },
    {
      "type": "Feature",
      "properties": {
        "census_code": "1/12/002/000002/000039/001",
        "village": "SURADENPURA",
        "block_tehsil": "BANGALORE NORTH",
        "subdistrict": "Yelahanka",
        "district": "Bengaluru Urban",
        "rural_or_urban": "Rural",
        "water_body_type_code": "02",
        "water_body_type": "Tank",
        "water_body_ownership": "Panchayat",
        "water_body_nature": "Natural",
        "in_use": "No",
        "encroached": "No",
        "storage_capacity_original": 4.0,
        "max_depth_m": null,
        "water_spread_area": 0.0,
        "image_path": "https://mi6census.mowr.gov.in/mic/getWaterBodyImageByURL/MIC_112002000002000039001.jpeg"
      },
      "geometry": {
        "type": "Point",
        "coordinates": [
          77.5658333,
          13.1997222
        ]
      }
    },
    {
      "type": "Feature",
      "properties": {
        "census_code": "1/12/002/000002/000097/001",
        "village": "TARAHUNASE",
        "block_tehsil": "BANGALORE NORTH",
        "subdistrict": "Yelahanka",
        "district": "Bengaluru Urban",
        "rural_or_urban": "Rural",
        "water_body_type_code": "02",
        "water_body_type": "Tank",
        "water_body_ownership": "Panchayat",
        "water_body_nature": "Natural",
        "in_use": "No",
        "encroached": "No",
        "storage_capacity_original": 4.0,
        "max_depth_m": null,
        "water_spread_area": 0.0,
        "image_path": "https://mi6census.mowr.gov.in/mic/getWaterBodyImageByURL/MIC_112002000002000097001.jpeg"
      },
      "geometry": {
        "type": "Point",
        "coordinates": [
          77.5913889,
          13.1844444
        ]
      }
    },
    {
      "type": "Feature",
      "properties": {
        "census_code": "1/12/002/000002/000100/001",
        "village": "THARABANAHALLI",
        "block_tehsil": "BANGALORE NORTH",
        "subdistrict": "Yelahanka",
        "district": "Bengaluru Urban",
        "rural_or_urban": "Rural",
        "water_body_type_code": "02",
        "water_body_type": "Tank",
        "water_body_ownership": "Panchayat",
        "water_body_nature": "Natural",
        "in_use": "No",
        "encroached": "No",
        "storage_capacity_original": 4.0,
        "max_depth_m": null,
        "water_spread_area": 0.0,
        "image_path": "https://mi6census.mowr.gov.in/mic/getWaterBodyImageByURL/MIC_112002000002000100001.jpeg"
      },
      "geometry": {
        "type": "Point",
        "coordinates": [
          77.6208333,
          13.1830556
        ]
      }
    },
    {
      "type": "Feature",
      "properties": {
        "census_code": "1/12/002/000002/000106/001",
        "village": "THIMMASANDRA",
        "block_tehsil": "BANGALORE NORTH",
        "subdistrict": "Yelahanka",
        "district": "Bengaluru Urban",
        "rural_or_urban": "Rural",
        "water_body_type_code": "02",
        "water_body_type": "Tank",
        "water_body_ownership": "Panchayat",
        "water_body_nature": "Natural",
        "in_use": "No",
        "encroached": "No",
        "storage_capacity_original": 4.0,
        "max_depth_m": null,
        "water_spread_area": 0.0,
        "image_path": "https://mi6census.mowr.gov.in/mic/getWaterBodyImageByURL/MIC_112002000002000106001.jpeg"
      },
      "geometry": {
        "type": "Point",
        "coordinates": [
          77.5841667,
          13.1644444
        ]
      }
    },
    {
      "type": "Feature",
      "properties": {
        "census_code": "1/12/002/000003/000016/001",
        "village": "AGARA",
        "block_tehsil": "BANGALORE SOUTH",
        "subdistrict": "Bengaluru South",
        "district": "Bengaluru Urban",
        "rural_or_urban": "Rural",
        "water_body_type_code": "02",
        "water_body_type": "Tank",
        "water_body_ownership": "Panchayat",
        "water_body_nature": "Natural",
        "in_use": "No",
        "encroached": "No",
        "storage_capacity_original": 4.0,
        "max_depth_m": null,
        "water_spread_area": 0.0,
        "image_path": "https://mi6census.mowr.gov.in/mic/getWaterBodyImageByURL/MIC_112002000003000016001.jpeg"
      },
      "geometry": {
        "type": "Point",
        "coordinates": [
          77.5161111,
          12.8611111
        ]
      }
    },
    {
      "type": "Feature",
      "properties": {
        "census_code": "1/12/002/000003/000062/002",
        "village": "AJJANAHALLI",
        "block_tehsil": "BANGALORE SOUTH",
        "subdistrict": "Bengaluru South",
        "district": "Bengaluru Urban",
        "rural_or_urban": "Rural",
        "water_body_type_code": "02",
        "water_body_type": "Tank",
        "water_body_ownership": "Panchayat",
        "water_body_nature": "Natural",
        "in_use": "No",
        "encroached": "No",
        "storage_capacity_original": 4.0,
        "max_depth_m": null,
        "water_spread_area": 0.0,
        "image_path": "https://mi6census.mowr.gov.in/mic/getWaterBodyImageByURL/MIC_112002000003000062002.jpeg"
      },
      "geometry": {
        "type": "Point",
        "coordinates": [
          77.3833333,
          12.9105556
        ]
      }
    },
    {
      "type": "Feature",
      "properties": {
        "census_code": "1/12/002/000003/000062/001",
        "village": "AJJANAHALLI",
        "block_tehsil": "BANGALORE SOUTH",
        "subdistrict": "Bengaluru South",
        "district": "Bengaluru Urban",
        "rural_or_urban": "Rural",
        "water_body_type_code": "02",
        "water_body_type": "Tank",
        "water_body_ownership": "Panchayat",
        "water_body_nature": "Natural",
        "in_use": "No",
        "encroached": "No",
        "storage_capacity_original": 4.0,
        "max_depth_m": null,
        "water_spread_area": 0.0,
        "image_path": "https://mi6census.mowr.gov.in/mic/getWaterBodyImageByURL/MIC_112002000003000062001.jpeg"
      },
      "geometry": {
        "type": "Point",
        "coordinates": [
          77.3894444,
          12.9147222
        ]
      }
    },
    {
      "type": "Feature",
      "properties": {
        "census_code": "1/12/002/000003/000093/002",
        "village": "BHEEMANAKUPPE",
        "block_tehsil": "BANGALORE SOUTH",
        "subdistrict": "Bengaluru South",
        "district": "Bengaluru Urban",
        "rural_or_urban": "Rural",
        "water_body_type_code": "02",
        "water_body_type": "Tank",
        "water_body_ownership": "Panchayat",
        "water_body_nature": "Natural",
        "in_use": "No",
        "encroached": "No",
        "storage_capacity_original": 4.0,
        "max_depth_m": null,
        "water_spread_area": 0.0,
        "image_path": "https://mi6census.mowr.gov.in/mic/getWaterBodyImageByURL/MIC_112002000003000093002.jpeg"
      },
      "geometry": {
        "type": "Point",
        "coordinates": [
          77.4369444,
          12.9119444
        ]
      }
    },
    {
      "type": "Feature",
      "properties": {
        "census_code": "1/12/002/000003/000093/001",
        "village": "BHEEMANAKUPPE",
        "block_tehsil": "BANGALORE SOUTH",
        "subdistrict": "Bengaluru South",
        "district": "Bengaluru Urban",
        "rural_or_urban": "Rural",
        "water_body_type_code": "02",
        "water_body_type": "Tank",
        "water_body_ownership": "Panchayat",
        "water_body_nature": "Natural",
        "in_use": "No",
        "encroached": "No",
        "storage_capacity_original": 4.0,
        "max_depth_m": null,
        "water_spread_area": 0.0,
        "image_path": "https://mi6census.mowr.gov.in/mic/getWaterBodyImageByURL/MIC_112002000003000093001.jpeg"
      },
      "geometry": {
        "type": "Point",
        "coordinates": [
          77.4305556,
          12.91
        ]
      }
    },
    {
      "type": "Feature",
      "properties": {
        "census_code": "1/12/002/000003/000070/001",
        "village": "BYALALU",
        "block_tehsil": "BANGALORE SOUTH",
        "subdistrict": "Bengaluru South",
        "district": "Bengaluru Urban",
        "rural_or_urban": "Rural",
        "water_body_type_code": "02",
        "water_body_type": "Tank",
        "water_body_ownership": "Panchayat",
        "water_body_nature": "Natural",
        "in_use": "No",
        "encroached": "No",
        "storage_capacity_original": 4.0,
        "max_depth_m": null,
        "water_spread_area": 0.0,
        "image_path": "https://mi6census.mowr.gov.in/mic/getWaterBodyImageByURL/MIC_112002000003000070001.jpeg"
      },
      "geometry": {
        "type": "Point",
        "coordinates": [
          77.3880556,
          12.8936111
        ]
      }
    },
    {
      "type": "Feature",
      "properties": {
        "census_code": "1/12/002/000003/000070/002",
        "village": "BYALALU",
        "block_tehsil": "BANGALORE SOUTH",
        "subdistrict": "Bengaluru South",
        "district": "Bengaluru Urban",
        "rural_or_urban": "Rural",
        "water_body_type_code": "02",
        "water_body_type": "Tank",
        "water_body_ownership": "Panchayat",
        "water_body_nature": "Natural",
        "in_use": "No",
        "encroached": "No",
        "storage_capacity_original": 4.0,
        "max_depth_m": null,
        "water_spread_area": 0.0,
        "image_path": "https://mi6census.mowr.gov.in/mic/getWaterBodyImageByURL/MIC_112002000003000070002.jpeg"
      },
      "geometry": {
        "type": "Point",
        "coordinates": [
          77.3788889,
          12.8891667
        ]
      }
    },
    {
      "type": "Feature",
      "properties": {
        "census_code": "1/12/002/000003/000046/004",
        "village": "BYCHAGUPPE",
        "block_tehsil": "BANGALORE SOUTH",
        "subdistrict": "Bengaluru South",
        "district": "Bengaluru Urban",
        "rural_or_urban": "Rural",
        "water_body_type_code": "02",
        "water_body_type": "Tank",
        "water_body_ownership": "Panchayat",
        "water_body_nature": "Natural",
        "in_use": "No",
        "encroached": "No",
        "storage_capacity_original": 4.0,
        "max_depth_m": null,
        "water_spread_area": 0.0,
        "image_path": "https://mi6census.mowr.gov.in/mic/getWaterBodyImageByURL/MIC_112002000003000046004.jpeg"
      },
      "geometry": {
        "type": "Point",
        "coordinates": [
          77.3997222,
          12.9811111
        ]
      }
    },
    {
      "type": "Feature",
      "properties": {
        "census_code": "1/12/002/000003/000046/005",
        "village": "BYCHAGUPPE",
        "block_tehsil": "BANGALORE SOUTH",
        "subdistrict": "Bengaluru South",
        "district": "Bengaluru Urban",
        "rural_or_urban": "Rural",
        "water_body_type_code": "02",
        "water_body_type": "Tank",
        "water_body_ownership": "Panchayat",
        "water_body_nature": "Natural",
        "in_use": "No",
        "encroached": "No",
        "storage_capacity_original": 4.0,
        "max_depth_m": null,
        "water_spread_area": 0.0,
        "image_path": "https://mi6census.mowr.gov.in/mic/getWaterBodyImageByURL/MIC_112002000003000046005.jpeg"
      },
      "geometry": {
        "type": "Point",
        "coordinates": [
          77.3902778,
          12.9916667
        ]
      }
    },
    {
      "type": "Feature",
      "properties": {
        "census_code": "1/12/002/000003/000046/003",
        "village": "BYCHAGUPPE",
        "block_tehsil": "BANGALORE SOUTH",
        "subdistrict": "Bengaluru South",
        "district": "Bengaluru Urban",
        "rural_or_urban": "Rural",
        "water_body_type_code": "02",
        "water_body_type": "Tank",
        "water_body_ownership": "Panchayat",
        "water_body_nature": "Natural",
        "in_use": "No",
        "encroached": "No",
        "storage_capacity_original": 4.0,
        "max_depth_m": null,
        "water_spread_area": 0.0,
        "image_path": "https://mi6census.mowr.gov.in/mic/getWaterBodyImageByURL/MIC_112002000003000046003.jpeg"
      },
      "geometry": {
        "type": "Point",
        "coordinates": [
          77.3997222,
          12.9811111
        ]
      }
    },
    {
      "type": "Feature",
      "properties": {
        "census_code": "1/12/002/000003/000046/001",
        "village": "BYCHAGUPPE",
        "block_tehsil": "BANGALORE SOUTH",
        "subdistrict": "Bengaluru South",
        "district": "Bengaluru Urban",
        "rural_or_urban": "Rural",
        "water_body_type_code": "02",
        "water_body_type": "Tank",
        "water_body_ownership": "Panchayat",
        "water_body_nature": "Natural",
        "in_use": "No",
        "encroached": "No",
        "storage_capacity_original": 4.0,
        "max_depth_m": null,
        "water_spread_area": 0.0,
        "image_path": "https://mi6census.mowr.gov.in/mic/getWaterBodyImageByURL/MIC_112002000003000046001.jpeg"
      },
      "geometry": {
        "type": "Point",
        "coordinates": [
          77.4,
          12.9697222
        ]
      }
    },
    {
      "type": "Feature",
      "properties": {
        "census_code": "1/12/002/000003/000046/002",
        "village": "BYCHAGUPPE",
        "block_tehsil": "BANGALORE SOUTH",
        "subdistrict": "Bengaluru South",
        "district": "Bengaluru Urban",
        "rural_or_urban": "Rural",
        "water_body_type_code": "02",
        "water_body_type": "Tank",
        "water_body_ownership": "Panchayat",
        "water_body_nature": "Natural",
        "in_use": "No",
        "encroached": "No",
        "storage_capacity_original": 4.0,
        "max_depth_m": null,
        "water_spread_area": 0.0,
        "image_path": "https://mi6census.mowr.gov.in/mic/getWaterBodyImageByURL/MIC_112002000003000046002.jpeg"
      },
      "geometry": {
        "type": "Point",
        "coordinates": [
          77.3894444,
          12.9658333
        ]
      }
    },
    {
      "type": "Feature",
      "properties": {
        "census_code": "1/12/002/000003/000044/001",
        "village": "CHANNENAHALLI",
        "block_tehsil": "BANGALORE SOUTH",
        "subdistrict": "Bengaluru South",
        "district": "Bengaluru Urban",
        "rural_or_urban": "Rural",
        "water_body_type_code": "02",
        "water_body_type": "Tank",
        "water_body_ownership": "Panchayat",
        "water_body_nature": "Natural",
        "in_use": "No",
        "encroached": "No",
        "storage_capacity_original": 4.0,
        "max_depth_m": null,
        "water_spread_area": 0.0,
        "image_path": "https://mi6census.mowr.gov.in/mic/getWaterBodyImageByURL/MIC_112002000003000044001.jpeg"
      },
      "geometry": {
        "type": "Point",
        "coordinates": [
          77.425,
          12.9766667
        ]
      }
    },
    {
      "type": "Feature",
      "properties": {
        "census_code": "1/12/002/000003/000044/002",
        "village": "CHANNENAHALLI",
        "block_tehsil": "BANGALORE SOUTH",
        "subdistrict": "Bengaluru South",
        "district": "Bengaluru Urban",
        "rural_or_urban": "Rural",
        "water_body_type_code": "02",
        "water_body_type": "Tank",
        "water_body_ownership": "Panchayat",
        "water_body_nature": "Natural",
        "in_use": "No",
        "encroached": "No",
        "storage_capacity_original": 4.0,
        "max_depth_m": null,
        "water_spread_area": 0.0,
        "image_path": "https://mi6census.mowr.gov.in/mic/getWaterBodyImageByURL/MIC_112002000003000044002.jpeg"
      },
      "geometry": {
        "type": "Point",
        "coordinates": [
          77.4294444,
          12.9775
        ]
      }
    },
    {
      "type": "Feature",
      "properties": {
        "census_code": "1/12/002/000003/000066/002",
        "village": "CHIKKANAHALLI",
        "block_tehsil": "BANGALORE SOUTH",
        "subdistrict": "Bengaluru South",
        "district": "Bengaluru Urban",
        "rural_or_urban": "Rural",
        "water_body_type_code": "02",
        "water_body_type": "Tank",
        "water_body_ownership": "Panchayat",
        "water_body_nature": "Natural",
        "in_use": "No",
        "encroached": "No",
        "storage_capacity_original": 4.0,
        "max_depth_m": null,
        "water_spread_area": 0.0,
        "image_path": "https://mi6census.mowr.gov.in/mic/getWaterBodyImageByURL/MIC_112002000003000066002.jpeg"
      },
      "geometry": {
        "type": "Point",
        "coordinates": [
          77.3616667,
          12.8916667
        ]
      }
    },
    {
      "type": "Feature",
      "properties": {
        "census_code": "1/12/002/000003/000066/003",
        "village": "CHIKKANAHALLI",
        "block_tehsil": "BANGALORE SOUTH",
        "subdistrict": "Bengaluru South",
        "district": "Bengaluru Urban",
        "rural_or_urban": "Rural",
        "water_body_type_code": "02",
        "water_body_type": "Tank",
        "water_body_ownership": "Panchayat",
        "water_body_nature": "Natural",
        "in_use": "No",
        "encroached": "No",
        "storage_capacity_original": 4.0,
        "max_depth_m": null,
        "water_spread_area": 0.0,
        "image_path": "https://mi6census.mowr.gov.in/mic/getWaterBodyImageByURL/MIC_112002000003000066003.jpeg"
      },
      "geometry": {
        "type": "Point",
        "coordinates": [
          77.3511111,
          12.8872222
        ]
      }
    },
    {
      "type": "Feature",
      "properties": {
        "census_code": "1/12/002/000003/000066/001",
        "village": "CHIKKANAHALLI",
        "block_tehsil": "BANGALORE SOUTH",
        "subdistrict": "Bengaluru South",
        "district": "Bengaluru Urban",
        "rural_or_urban": "Rural",
        "water_body_type_code": "02",
        "water_body_type": "Tank",
        "water_body_ownership": "Panchayat",
        "water_body_nature": "Natural",
        "in_use": "No",
        "encroached": "No",
        "storage_capacity_original": 4.0,
        "max_depth_m": null,
        "water_spread_area": 0.0,
        "image_path": "https://mi6census.mowr.gov.in/mic/getWaterBodyImageByURL/MIC_112002000003000066001.jpeg"
      },
      "geometry": {
        "type": "Point",
        "coordinates": [
          77.3616667,
          12.8916667
        ]
      }
    },
    {
      "type": "Feature",
      "properties": {
        "census_code": "1/12/002/000003/000066/006",
        "village": "CHIKKANAHALLI",
        "block_tehsil": "BANGALORE SOUTH",
        "subdistrict": "Ramanagara",
        "district": "Ramanagara",
        "rural_or_urban": "Rural",
        "water_body_type_code": "02",
        "water_body_type": "Tank",
        "water_body_ownership": "Panchayat",
        "water_body_nature": "Natural",
        "in_use": "No",
        "encroached": "No",
        "storage_capacity_original": 4.0,
        "max_depth_m": null,
        "water_spread_area": 0.0,
        "image_path": "https://mi6census.mowr.gov.in/mic/getWaterBodyImageByURL/MIC_112002000003000066006.jpeg"
      },
      "geometry": {
        "type": "Point",
        "coordinates": [
          77.35,
          12.8694444
        ]
      }
    },
    {
      "type": "Feature",
      "properties": {
        "census_code": "1/12/002/000003/000066/005",
        "village": "CHIKKANAHALLI",
        "block_tehsil": "BANGALORE SOUTH",
        "subdistrict": "Ramanagara",
        "district": "Ramanagara",
        "rural_or_urban": "Rural",
        "water_body_type_code": "02",
        "water_body_type": "Tank",
        "water_body_ownership": "Co-operative",
        "water_body_nature": "Natural",
        "in_use": "No",
        "encroached": "No",
        "storage_capacity_original": 4.0,
        "max_depth_m": null,
        "water_spread_area": 0.0,
        "image_path": "https://mi6census.mowr.gov.in/mic/getWaterBodyImageByURL/MIC_112002000003000066005.jpeg"
      },
      "geometry": {
        "type": "Point",
        "coordinates": [
          77.3866667,
          12.8441667
        ]
      }
    },
    {
      "type": "Feature",
      "properties": {
        "census_code": "1/12/002/000003/000066/004",
        "village": "CHIKKANAHALLI",
        "block_tehsil": "BANGALORE SOUTH",
        "subdistrict": "Bengaluru South",
        "district": "Bengaluru Urban",
        "rural_or_urban": "Rural",
        "water_body_type_code": "02",
        "water_body_type": "Tank",
        "water_body_ownership": "Panchayat",
        "water_body_nature": "Natural",
        "in_use": "No",
        "encroached": "No",
        "storage_capacity_original": 4.0,
        "max_depth_m": null,
        "water_spread_area": 0.0,
        "image_path": "https://mi6census.mowr.gov.in/mic/getWaterBodyImageByURL/MIC_112002000003000066004.jpeg"
      },
      "geometry": {
        "type": "Point",
        "coordinates": [
          77.3616667,
          12.8916667
        ]
      }
    },
    {
      "type": "Feature",
      "properties": {
        "census_code": "1/12/002/000003/000083/001",
        "village": "CHIKKELLUR",
        "block_tehsil": "BANGALORE SOUTH",
        "subdistrict": "Bengaluru South",
        "district": "Bengaluru Urban",
        "rural_or_urban": "Rural",
        "water_body_type_code": "02",
        "water_body_type": "Tank",
        "water_body_ownership": "Panchayat",
        "water_body_nature": "Natural",
        "in_use": "No",
        "encroached": "No",
        "storage_capacity_original": 4.0,
        "max_depth_m": null,
        "water_spread_area": 0.0,
        "image_path": "https://mi6census.mowr.gov.in/mic/getWaterBodyImageByURL/MIC_112002000003000083001.jpeg"
      },
      "geometry": {
        "type": "Point",
        "coordinates": [
          77.4263889,
          12.8997222
        ]
      }
    },
    {
      "type": "Feature",
      "properties": {
        "census_code": "1/12/002/000003/000083/002",
        "village": "CHIKKELLUR",
        "block_tehsil": "BANGALORE SOUTH",
        "subdistrict": "Bengaluru South",
        "district": "Bengaluru Urban",
        "rural_or_urban": "Rural",
        "water_body_type_code": "02",
        "water_body_type": "Tank",
        "water_body_ownership": "Panchayat",
        "water_body_nature": "Natural",
        "in_use": "No",
        "encroached": "No",
        "storage_capacity_original": 4.0,
        "max_depth_m": null,
        "water_spread_area": 0.0,
        "image_path": "https://mi6census.mowr.gov.in/mic/getWaterBodyImageByURL/MIC_112002000003000083002.jpeg"
      },
      "geometry": {
        "type": "Point",
        "coordinates": [
          77.4186111,
          12.8805556
        ]
      }
    },
    {
      "type": "Feature",
      "properties": {
        "census_code": "1/12/002/000003/000014/001",
        "village": "CHINNAKURCHI",
        "block_tehsil": "BANGALORE SOUTH",
        "subdistrict": "Bengaluru South",
        "district": "Bengaluru Urban",
        "rural_or_urban": "Rural",
        "water_body_type_code": "02",
        "water_body_type": "Tank",
        "water_body_ownership": "Panchayat",
        "water_body_nature": "Natural",
        "in_use": "No",
        "encroached": "No",
        "storage_capacity_original": 4.0,
        "max_depth_m": null,
        "water_spread_area": 0.0,
        "image_path": "https://mi6census.mowr.gov.in/mic/getWaterBodyImageByURL/MIC_112002000003000014001.jpeg"
      },
      "geometry": {
        "type": "Point",
        "coordinates": [
          77.4647222,
          12.8211111
        ]
      }
    },
    {
      "type": "Feature",
      "properties": {
        "census_code": "1/12/002/000003/000054/003",
        "village": "CHOLANAIKANAHALLI",
        "block_tehsil": "BANGALORE SOUTH",
        "subdistrict": "Bengaluru South",
        "district": "Bengaluru Urban",
        "rural_or_urban": "Rural",
        "water_body_type_code": "02",
        "water_body_type": "Tank",
        "water_body_ownership": "Panchayat",
        "water_body_nature": "Natural",
        "in_use": "No",
        "encroached": "No",
        "storage_capacity_original": 4.0,
        "max_depth_m": null,
        "water_spread_area": 0.0,
        "image_path": "https://mi6census.mowr.gov.in/mic/getWaterBodyImageByURL/MIC_112002000003000054003.jpeg"
      },
      "geometry": {
        "type": "Point",
        "coordinates": [
          77.3508333,
          12.9586111
        ]
      }
    },
    {
      "type": "Feature",
      "properties": {
        "census_code": "1/12/002/000003/000054/002",
        "village": "CHOLANAIKANAHALLI",
        "block_tehsil": "BANGALORE SOUTH",
        "subdistrict": "Bengaluru South",
        "district": "Bengaluru Urban",
        "rural_or_urban": "Rural",
        "water_body_type_code": "02",
        "water_body_type": "Tank",
        "water_body_ownership": "Panchayat",
        "water_body_nature": "Natural",
        "in_use": "No",
        "encroached": "No",
        "storage_capacity_original": 4.0,
        "max_depth_m": null,
        "water_spread_area": 0.0,
        "image_path": "https://mi6census.mowr.gov.in/mic/getWaterBodyImageByURL/MIC_112002000003000054002.jpeg"
      },
      "geometry": {
        "type": "Point",
        "coordinates": [
          77.3605556,
          12.9575
        ]
      }
    },
    {
      "type": "Feature",
      "properties": {
        "census_code": "1/12/002/000003/000054/004",
        "village": "CHOLANAIKANAHALLI",
        "block_tehsil": "BANGALORE SOUTH",
        "subdistrict": "Bengaluru South",
        "district": "Bengaluru Urban",
        "rural_or_urban": "Rural",
        "water_body_type_code": "02",
        "water_body_type": "Tank",
        "water_body_ownership": "Panchayat",
        "water_body_nature": "Natural",
        "in_use": "No",
        "encroached": "No",
        "storage_capacity_original": 4.0,
        "max_depth_m": null,
        "water_spread_area": 0.0,
        "image_path": "https://mi6census.mowr.gov.in/mic/getWaterBodyImageByURL/MIC_112002000003000054004.jpeg"
      },
      "geometry": {
        "type": "Point",
        "coordinates": [
          77.3569444,
          12.9436111
        ]
      }
    },
    {
      "type": "Feature",
      "properties": {
        "census_code": "1/12/002/000003/000054/001",
        "village": "CHOLANAIKANAHALLI",
        "block_tehsil": "BANGALORE SOUTH",
        "subdistrict": "Bengaluru South",
        "district": "Bengaluru Urban",
        "rural_or_urban": "Rural",
        "water_body_type_code": "02",
        "water_body_type": "Tank",
        "water_body_ownership": "Panchayat",
        "water_body_nature": "Natural",
        "in_use": "No",
        "encroached": "No",
        "storage_capacity_original": 4.0,
        "max_depth_m": null,
        "water_spread_area": 0.0,
        "image_path": "https://mi6census.mowr.gov.in/mic/getWaterBodyImageByURL/MIC_112002000003000054001.jpeg"
      },
      "geometry": {
        "type": "Point",
        "coordinates": [
          77.3641667,
          12.9580556
        ]
      }
    },
    {
      "type": "Feature",
      "properties": {
        "census_code": "1/12/002/000003/000071/001",
        "village": "CHUNCHANAKUPPE",
        "block_tehsil": "BANGALORE SOUTH",
        "subdistrict": "Bengaluru South",
        "district": "Bengaluru Urban",
        "rural_or_urban": "Rural",
        "water_body_type_code": "02",
        "water_body_type": "Tank",
        "water_body_ownership": "Panchayat",
        "water_body_nature": "Natural",
        "in_use": "No",
        "encroached": "No",
        "storage_capacity_original": 4.0,
        "max_depth_m": null,
        "water_spread_area": 0.0,
        "image_path": "https://mi6census.mowr.gov.in/mic/getWaterBodyImageByURL/MIC_112002000003000071001.jpeg"
      },
      "geometry": {
        "type": "Point",
        "coordinates": [
          77.3925,
          12.8925
        ]
      }
    },
    {
      "type": "Feature",
      "properties": {
        "census_code": "1/12/002/000003/000011/001",
        "village": "DEVAGERE",
        "block_tehsil": "BANGALORE SOUTH",
        "subdistrict": "Bengaluru South",
        "district": "Bengaluru Urban",
        "rural_or_urban": "Rural",
        "water_body_type_code": "02",
        "water_body_type": "Tank",
        "water_body_ownership": "Panchayat",
        "water_body_nature": "Natural",
        "in_use": "No",
        "encroached": "No",
        "storage_capacity_original": 4.0,
        "max_depth_m": null,
        "water_spread_area": 0.0,
        "image_path": "https://mi6census.mowr.gov.in/mic/getWaterBodyImageByURL/MIC_112002000003000011001.jpeg"
      },
      "geometry": {
        "type": "Point",
        "coordinates": [
          77.4627778,
          12.8558333
        ]
      }
    },
    {
      "type": "Feature",
      "properties": {
        "census_code": "1/12/002/000003/000047/001",
        "village": "DEVAMACHAHALLI NARAYANAPURA",
        "block_tehsil": "BANGALORE SOUTH",
        "subdistrict": "Bengaluru South",
        "district": "Bengaluru Urban",
        "rural_or_urban": "Rural",
        "water_body_type_code": "02",
        "water_body_type": "Tank",
        "water_body_ownership": "Panchayat",
        "water_body_nature": "Natural",
        "in_use": "No",
        "encroached": "No",
        "storage_capacity_original": 4.0,
        "max_depth_m": null,
        "water_spread_area": 0.0,
        "image_path": "https://mi6census.mowr.gov.in/mic/getWaterBodyImageByURL/MIC_112002000003000047001.jpeg"
      },
      "geometry": {
        "type": "Point",
        "coordinates": [
          77.3744444,
          12.9661111
        ]
      }
    },
    {
      "type": "Feature",
      "properties": {
        "census_code": "1/12/002/000003/000047/002",
        "village": "DEVAMACHAHALLI NARAYANAPURA",
        "block_tehsil": "BANGALORE SOUTH",
        "subdistrict": "Bengaluru South",
        "district": "Bengaluru Urban",
        "rural_or_urban": "Rural",
        "water_body_type_code": "02",
        "water_body_type": "Tank",
        "water_body_ownership": "Panchayat",
        "water_body_nature": "Natural",
        "in_use": "No",
        "encroached": "No",
        "storage_capacity_original": 4.0,
        "max_depth_m": null,
        "water_spread_area": 0.0,
        "image_path": "https://mi6census.mowr.gov.in/mic/getWaterBodyImageByURL/MIC_112002000003000047002.jpeg"
      },
      "geometry": {
        "type": "Point",
        "coordinates": [
          77.3797222,
          12.9669444
        ]
      }
    },
    {
      "type": "Feature",
      "properties": {
        "census_code": "1/12/002/000003/000048/001",
        "village": "DEVAMACHOHALLI",
        "block_tehsil": "BANGALORE SOUTH",
        "subdistrict": "Bengaluru South",
        "district": "Bengaluru Urban",
        "rural_or_urban": "Rural",
        "water_body_type_code": "02",
        "water_body_type": "Tank",
        "water_body_ownership": "Panchayat",
        "water_body_nature": "Natural",
        "in_use": "No",
        "encroached": "No",
        "storage_capacity_original": 4.0,
        "max_depth_m": null,
        "water_spread_area": 0.0,
        "image_path": "https://mi6census.mowr.gov.in/mic/getWaterBodyImageByURL/MIC_112002000003000048001.jpeg"
      },
      "geometry": {
        "type": "Point",
        "coordinates": [
          77.3744444,
          12.9661111
        ]
      }
    },
    {
      "type": "Feature",
      "properties": {
        "census_code": "1/12/002/000003/000048/002",
        "village": "DEVAMACHOHALLI",
        "block_tehsil": "BANGALORE SOUTH",
        "subdistrict": "Bengaluru South",
        "district": "Bengaluru Urban",
        "rural_or_urban": "Rural",
        "water_body_type_code": "02",
        "water_body_type": "Tank",
        "water_body_ownership": "Panchayat",
        "water_body_nature": "Natural",
        "in_use": "No",
        "encroached": "No",
        "storage_capacity_original": 4.0,
        "max_depth_m": null,
        "water_spread_area": 0.0,
        "image_path": "https://mi6census.mowr.gov.in/mic/getWaterBodyImageByURL/MIC_112002000003000048002.jpeg"
      },
      "geometry": {
        "type": "Point",
        "coordinates": [
          77.3775,
          12.9627778
        ]
      }
    },
    {
      "type": "Feature",
      "properties": {
        "census_code": "1/12/002/000003/000061/002",
        "village": "DODDAMARANAHALLI",
        "block_tehsil": "BANGALORE SOUTH",
        "subdistrict": "Bengaluru South",
        "district": "Bengaluru Urban",
        "rural_or_urban": "Rural",
        "water_body_type_code": "02",
        "water_body_type": "Tank",
        "water_body_ownership": "Panchayat",
        "water_body_nature": "Natural",
        "in_use": "No",
        "encroached": "No",
        "storage_capacity_original": 4.0,
        "max_depth_m": null,
        "water_spread_area": 0.0,
        "image_path": "https://mi6census.mowr.gov.in/mic/getWaterBodyImageByURL/MIC_112002000003000061002.jpeg"
      },
      "geometry": {
        "type": "Point",
        "coordinates": [
          77.3691667,
          12.9216667
        ]
      }
    },
    {
      "type": "Feature",
      "properties": {
        "census_code": "1/12/002/000003/000061/001",
        "village": "DODDAMARANAHALLI",
        "block_tehsil": "BANGALORE SOUTH",
        "subdistrict": "Bengaluru South",
        "district": "Bengaluru Urban",
        "rural_or_urban": "Rural",
        "water_body_type_code": "02",
        "water_body_type": "Tank",
        "water_body_ownership": "Panchayat",
        "water_body_nature": "Natural",
        "in_use": "No",
        "encroached": "No",
        "storage_capacity_original": 4.0,
        "max_depth_m": null,
        "water_spread_area": 0.0,
        "image_path": "https://mi6census.mowr.gov.in/mic/getWaterBodyImageByURL/MIC_112002000003000061001.jpeg"
      },
      "geometry": {
        "type": "Point",
        "coordinates": [
          77.3816667,
          12.9288889
        ]
      }
    },
    {
      "type": "Feature",
      "properties": {
        "census_code": "1/12/002/000003/000033/001",
        "village": "DODDANAGAMANGALA",
        "block_tehsil": "BANGALORE SOUTH",
        "subdistrict": "Bengaluru South",
        "district": "Bengaluru Urban",
        "rural_or_urban": "Rural",
        "water_body_type_code": "02",
        "water_body_type": "Tank",
        "water_body_ownership": "Panchayat",
        "water_body_nature": "Natural",
        "in_use": "No",
        "encroached": "No",
        "storage_capacity_original": 4.0,
        "max_depth_m": null,
        "water_spread_area": 0.0,
        "image_path": "https://mi6census.mowr.gov.in/mic/getWaterBodyImageByURL/MIC_112002000003000033001.jpeg"
      },
      "geometry": {
        "type": "Point",
        "coordinates": [
          77.6761111,
          12.8672222
        ]
      }
    },
    {
      "type": "Feature",
      "properties": {
        "census_code": "1/12/002/000003/000033/002",
        "village": "DODDANAGAMANGALA",
        "block_tehsil": "BANGALORE SOUTH",
        "subdistrict": "99999- Area Not Under Any Sub-district",
        "district": "Bengaluru Urban",
        "rural_or_urban": "Rural",
        "water_body_type_code": "02",
        "water_body_type": "Tank",
        "water_body_ownership": "Panchayat",
        "water_body_nature": "Natural",
        "in_use": "No",
        "encroached": "No",
        "storage_capacity_original": 4.0,
        "max_depth_m": null,
        "water_spread_area": 0.0,
        "image_path": "https://mi6census.mowr.gov.in/mic/getWaterBodyImageByURL/MIC_112002000003000033002.jpeg"
      },
      "geometry": {
        "type": "Point",
        "coordinates": [
          77.6741667,
          12.8691667
        ]
      }
    },
    {
      "type": "Feature",
      "properties": {
        "census_code": "1/12/002/000003/000079/001",
        "village": "DODDERI",
        "block_tehsil": "BANGALORE SOUTH",
        "subdistrict": "Ramanagara",
        "district": "Ramanagara",
        "rural_or_urban": "Rural",
        "water_body_type_code": "02",
        "water_body_type": "Tank",
        "water_body_ownership": "Panchayat",
        "water_body_nature": "Natural",
        "in_use": "No",
        "encroached": "No",
        "storage_capacity_original": 4.0,
        "max_depth_m": null,
        "water_spread_area": 0.0,
        "image_path": "https://mi6census.mowr.gov.in/mic/getWaterBodyImageByURL/MIC_112002000003000079001.jpeg"
      },
      "geometry": {
        "type": "Point",
        "coordinates": [
          77.385,
          12.8511111
        ]
      }
    },
    {
      "type": "Feature",
      "properties": {
        "census_code": "1/12/002/000003/000079/002",
        "village": "DODDERI",
        "block_tehsil": "BANGALORE SOUTH",
        "subdistrict": "Bengaluru South",
        "district": "Bengaluru Urban",
        "rural_or_urban": "Rural",
        "water_body_type_code": "02",
        "water_body_type": "Tank",
        "water_body_ownership": "Panchayat",
        "water_body_nature": "Natural",
        "in_use": "No",
        "encroached": "No",
        "storage_capacity_original": 4.0,
        "max_depth_m": null,
        "water_spread_area": 0.0,
        "image_path": "https://mi6census.mowr.gov.in/mic/getWaterBodyImageByURL/MIC_112002000003000079002.jpeg"
      },
      "geometry": {
        "type": "Point",
        "coordinates": [
          77.3791667,
          12.8883333
        ]
      }
    },
    {
      "type": "Feature",
      "properties": {
        "census_code": "1/12/002/000003/000079/003",
        "village": "DODDERI",
        "block_tehsil": "BANGALORE SOUTH",
        "subdistrict": "Bengaluru South",
        "district": "Bengaluru Urban",
        "rural_or_urban": "Rural",
        "water_body_type_code": "02",
        "water_body_type": "Tank",
        "water_body_ownership": "Panchayat",
        "water_body_nature": "Natural",
        "in_use": "No",
        "encroached": "No",
        "storage_capacity_original": 4.0,
        "max_depth_m": null,
        "water_spread_area": 0.0,
        "image_path": "https://mi6census.mowr.gov.in/mic/getWaterBodyImageByURL/MIC_112002000003000079003.jpeg"
      },
      "geometry": {
        "type": "Point",
        "coordinates": [
          77.3791667,
          12.8883333
        ]
      }
    },
    {
      "type": "Feature",
      "properties": {
        "census_code": "1/12/002/000003/000069/001",
        "village": "DONNENAHALLI",
        "block_tehsil": "BANGALORE SOUTH",
        "subdistrict": "Bengaluru South",
        "district": "Bengaluru Urban",
        "rural_or_urban": "Rural",
        "water_body_type_code": "02",
        "water_body_type": "Tank",
        "water_body_ownership": "Panchayat",
        "water_body_nature": "Natural",
        "in_use": "No",
        "encroached": "No",
        "storage_capacity_original": 4.0,
        "max_depth_m": null,
        "water_spread_area": 0.0,
        "image_path": "https://mi6census.mowr.gov.in/mic/getWaterBodyImageByURL/MIC_112002000003000069001.jpeg"
      },
      "geometry": {
        "type": "Point",
        "coordinates": [
          77.3755556,
          12.8847222
        ]
      }
    },
    {
      "type": "Feature",
      "properties": {
        "census_code": "1/12/002/000003/000069/002",
        "village": "DONNENAHALLI",
        "block_tehsil": "BANGALORE SOUTH",
        "subdistrict": "Bengaluru South",
        "district": "Bengaluru Urban",
        "rural_or_urban": "Rural",
        "water_body_type_code": "02",
        "water_body_type": "Tank",
        "water_body_ownership": "Panchayat",
        "water_body_nature": "Natural",
        "in_use": "No",
        "encroached": "No",
        "storage_capacity_original": 4.0,
        "max_depth_m": null,
        "water_spread_area": 0.0,
        "image_path": "https://mi6census.mowr.gov.in/mic/getWaterBodyImageByURL/MIC_112002000003000069002.jpeg"
      },
      "geometry": {
        "type": "Point",
        "coordinates": [
          77.3744444,
          12.8883333
        ]
      }
    },
    {
      "type": "Feature",
      "properties": {
        "census_code": "1/12/002/000003/000072/001",
        "village": "GANAPATHIHALLI",
        "block_tehsil": "BANGALORE SOUTH",
        "subdistrict": "Bengaluru South",
        "district": "Bengaluru Urban",
        "rural_or_urban": "Rural",
        "water_body_type_code": "02",
        "water_body_type": "Tank",
        "water_body_ownership": "Panchayat",
        "water_body_nature": "Natural",
        "in_use": "No",
        "encroached": "No",
        "storage_capacity_original": 4.0,
        "max_depth_m": null,
        "water_spread_area": 0.0,
        "image_path": "https://mi6census.mowr.gov.in/mic/getWaterBodyImageByURL/MIC_112002000003000072001.jpeg"
      },
      "geometry": {
        "type": "Point",
        "coordinates": [
          77.4125,
          12.9022222
        ]
      }
    },
    {
      "type": "Feature",
      "properties": {
        "census_code": "1/12/002/000003/000050/001",
        "village": "GANGAPPANAHALLI",
        "block_tehsil": "BANGALORE SOUTH",
        "subdistrict": "Bengaluru South",
        "district": "Bengaluru Urban",
        "rural_or_urban": "Rural",
        "water_body_type_code": "02",
        "water_body_type": "Tank",
        "water_body_ownership": "Panchayat",
        "water_body_nature": "Natural",
        "in_use": "No",
        "encroached": "No",
        "storage_capacity_original": 4.0,
        "max_depth_m": null,
        "water_spread_area": 0.0,
        "image_path": "https://mi6census.mowr.gov.in/mic/getWaterBodyImageByURL/MIC_112002000003000050001.jpeg"
      },
      "geometry": {
        "type": "Point",
        "coordinates": [
          77.3530556,
          12.9608333
        ]
      }
    },
    {
      "type": "Feature",
      "properties": {
        "census_code": "1/12/002/000003/000041/005",
        "village": "GANGENAHALLI",
        "block_tehsil": "BANGALORE SOUTH",
        "subdistrict": "Bengaluru South",
        "district": "Bengaluru Urban",
        "rural_or_urban": "Rural",
        "water_body_type_code": "02",
        "water_body_type": "Tank",
        "water_body_ownership": "Panchayat",
        "water_body_nature": "Natural",
        "in_use": "No",
        "encroached": "No",
        "storage_capacity_original": 4.0,
        "max_depth_m": null,
        "water_spread_area": 0.0,
        "image_path": "https://mi6census.mowr.gov.in/mic/getWaterBodyImageByURL/MIC_112002000003000041005.jpeg"
      },
      "geometry": {
        "type": "Point",
        "coordinates": [
          77.3863889,
          12.9891667
        ]
      }
    },
    {
      "type": "Feature",
      "properties": {
        "census_code": "1/12/002/000003/000041/002",
        "village": "GANGENAHALLI",
        "block_tehsil": "BANGALORE SOUTH",
        "subdistrict": "Bengaluru South",
        "district": "Bengaluru Urban",
        "rural_or_urban": "Rural",
        "water_body_type_code": "02",
        "water_body_type": "Tank",
        "water_body_ownership": "Panchayat",
        "water_body_nature": "Natural",
        "in_use": "No",
        "encroached": "No",
        "storage_capacity_original": 4.0,
        "max_depth_m": null,
        "water_spread_area": 0.0,
        "image_path": "https://mi6census.mowr.gov.in/mic/getWaterBodyImageByURL/MIC_112002000003000041002.jpeg"
      },
      "geometry": {
        "type": "Point",
        "coordinates": [
          77.4041667,
          12.975
        ]
      }
    },
    {
      "type": "Feature",
      "properties": {
        "census_code": "1/12/002/000003/000041/003",
        "village": "GANGENAHALLI",
        "block_tehsil": "BANGALORE SOUTH",
        "subdistrict": "Bengaluru South",
        "district": "Bengaluru Urban",
        "rural_or_urban": "Rural",
        "water_body_type_code": "02",
        "water_body_type": "Tank",
        "water_body_ownership": "Panchayat",
        "water_body_nature": "Natural",
        "in_use": "No",
        "encroached": "No",
        "storage_capacity_original": 4.0,
        "max_depth_m": null,
        "water_spread_area": 0.0,
        "image_path": "https://mi6census.mowr.gov.in/mic/getWaterBodyImageByURL/MIC_112002000003000041003.jpeg"
      },
      "geometry": {
        "type": "Point",
        "coordinates": [
          77.39,
          12.9783333
        ]
      }
    },
    {
      "type": "Feature",
      "properties": {
        "census_code": "1/12/002/000003/000041/004",
        "village": "GANGENAHALLI",
        "block_tehsil": "BANGALORE SOUTH",
        "subdistrict": "Bengaluru South",
        "district": "Bengaluru Urban",
        "rural_or_urban": "Rural",
        "water_body_type_code": "02",
        "water_body_type": "Tank",
        "water_body_ownership": "Panchayat",
        "water_body_nature": "Natural",
        "in_use": "No",
        "encroached": "No",
        "storage_capacity_original": 4.0,
        "max_depth_m": null,
        "water_spread_area": 0.0,
        "image_path": "https://mi6census.mowr.gov.in/mic/getWaterBodyImageByURL/MIC_112002000003000041004.jpeg"
      },
      "geometry": {
        "type": "Point",
        "coordinates": [
          77.3836111,
          12.9833333
        ]
      }
    },
    {
      "type": "Feature",
      "properties": {
        "census_code": "1/12/002/000003/000041/001",
        "village": "GANGENAHALLI",
        "block_tehsil": "BANGALORE SOUTH",
        "subdistrict": "Bengaluru South",
        "district": "Bengaluru Urban",
        "rural_or_urban": "Rural",
        "water_body_type_code": "02",
        "water_body_type": "Tank",
        "water_body_ownership": "Panchayat",
        "water_body_nature": "Natural",
        "in_use": "No",
        "encroached": "No",
        "storage_capacity_original": 4.0,
        "max_depth_m": null,
        "water_spread_area": 0.0,
        "image_path": "https://mi6census.mowr.gov.in/mic/getWaterBodyImageByURL/MIC_112002000003000041001.jpeg"
      },
      "geometry": {
        "type": "Point",
        "coordinates": [
          77.3922222,
          12.9755556
        ]
      }
    },
    {
      "type": "Feature",
      "properties": {
        "census_code": "1/12/002/000003/000055/001",
        "village": "GANUKAL",
        "block_tehsil": "BANGALORE SOUTH",
        "subdistrict": "Bengaluru South",
        "district": "Bengaluru Urban",
        "rural_or_urban": "Rural",
        "water_body_type_code": "02",
        "water_body_type": "Tank",
        "water_body_ownership": "Panchayat",
        "water_body_nature": "Natural",
        "in_use": "No",
        "encroached": "No",
        "storage_capacity_original": 4.0,
        "max_depth_m": null,
        "water_spread_area": 0.0,
        "image_path": "https://mi6census.mowr.gov.in/mic/getWaterBodyImageByURL/MIC_112002000003000055001.jpeg"
      },
      "geometry": {
        "type": "Point",
        "coordinates": [
          77.3780556,
          12.9575
        ]
      }
    },
    {
      "type": "Feature",
      "properties": {
        "census_code": "1/12/002/000003/000009/002",
        "village": "GONIPURA",
        "block_tehsil": "BANGALORE SOUTH",
        "subdistrict": "Bengaluru South",
        "district": "Bengaluru Urban",
        "rural_or_urban": "Rural",
        "water_body_type_code": "02",
        "water_body_type": "Tank",
        "water_body_ownership": "Panchayat",
        "water_body_nature": "Natural",
        "in_use": "No",
        "encroached": "No",
        "storage_capacity_original": 4.0,
        "max_depth_m": null,
        "water_spread_area": 0.0,
        "image_path": "https://mi6census.mowr.gov.in/mic/getWaterBodyImageByURL/MIC_112002000003000009002.jpeg"
      },
      "geometry": {
        "type": "Point",
        "coordinates": [
          77.4469444,
          12.8361111
        ]
      }
    },
    {
      "type": "Feature",
      "properties": {
        "census_code": "1/12/002/000003/000009/001",
        "village": "GONIPURA",
        "block_tehsil": "BANGALORE SOUTH",
        "subdistrict": "Bengaluru South",
        "district": "Bengaluru Urban",
        "rural_or_urban": "Rural",
        "water_body_type_code": "02",
        "water_body_type": "Tank",
        "water_body_ownership": "Panchayat",
        "water_body_nature": "Natural",
        "in_use": "No",
        "encroached": "No",
        "storage_capacity_original": 4.0,
        "max_depth_m": null,
        "water_spread_area": 0.0,
        "image_path": "https://mi6census.mowr.gov.in/mic/getWaterBodyImageByURL/MIC_112002000003000009001.jpeg"
      },
      "geometry": {
        "type": "Point",
        "coordinates": [
          77.4480556,
          12.8394444
        ]
      }
    },
    {
      "type": "Feature",
      "properties": {
        "census_code": "1/12/002/000003/000009/003",
        "village": "GONIPURA",
        "block_tehsil": "BANGALORE SOUTH",
        "subdistrict": "Bengaluru South",
        "district": "Bengaluru Urban",
        "rural_or_urban": "Rural",
        "water_body_type_code": "02",
        "water_body_type": "Tank",
        "water_body_ownership": "Panchayat",
        "water_body_nature": "Natural",
        "in_use": "No",
        "encroached": "No",
        "storage_capacity_original": 4.0,
        "max_depth_m": null,
        "water_spread_area": 0.0,
        "image_path": "https://mi6census.mowr.gov.in/mic/getWaterBodyImageByURL/MIC_112002000003000009003.jpeg"
      },
      "geometry": {
        "type": "Point",
        "coordinates": [
          77.4427778,
          12.8322222
        ]
      }
    },
    {
      "type": "Feature",
      "properties": {
        "census_code": "1/12/002/000003/000009/004",
        "village": "GONIPURA",
        "block_tehsil": "BANGALORE SOUTH",
        "subdistrict": "Bengaluru South",
        "district": "Bengaluru Urban",
        "rural_or_urban": "Rural",
        "water_body_type_code": "02",
        "water_body_type": "Tank",
        "water_body_ownership": "Panchayat",
        "water_body_nature": "Natural",
        "in_use": "No",
        "encroached": "No",
        "storage_capacity_original": 4.0,
        "max_depth_m": null,
        "water_spread_area": 0.0,
        "image_path": "https://mi6census.mowr.gov.in/mic/getWaterBodyImageByURL/MIC_112002000003000009004.jpeg"
      },
      "geometry": {
        "type": "Point",
        "coordinates": [
          77.4480556,
          12.8258333
        ]
      }
    },
    {
      "type": "Feature",
      "properties": {
        "census_code": "1/12/002/000003/000025/001",
        "village": "GULAKAMALE",
        "block_tehsil": "BANGALORE SOUTH",
        "subdistrict": "Bengaluru South",
        "district": "Bengaluru Urban",
        "rural_or_urban": "Rural",
        "water_body_type_code": "02",
        "water_body_type": "Tank",
        "water_body_ownership": "Panchayat",
        "water_body_nature": "Natural",
        "in_use": "No",
        "encroached": "No",
        "storage_capacity_original": 4.0,
        "max_depth_m": null,
        "water_spread_area": 0.0,
        "image_path": "https://mi6census.mowr.gov.in/mic/getWaterBodyImageByURL/MIC_112002000003000025001.jpeg"
      },
      "geometry": {
        "type": "Point",
        "coordinates": [
          77.5222222,
          12.7830556
        ]
      }
    },
    {
      "type": "Feature",
      "properties": {
        "census_code": "1/12/002/000003/000036/002",
        "village": "HOMMADEVANAHALLI",
        "block_tehsil": "BANGALORE SOUTH",
        "subdistrict": "Bengaluru South",
        "district": "Bengaluru Urban",
        "rural_or_urban": "Rural",
        "water_body_type_code": "02",
        "water_body_type": "Tank",
        "water_body_ownership": "Panchayat",
        "water_body_nature": "Natural",
        "in_use": "No",
        "encroached": "No",
        "storage_capacity_original": 4.0,
        "max_depth_m": 1.0,
        "water_spread_area": 0.0,
        "image_path": "https://mi6census.mowr.gov.in/mic/getWaterBodyImageByURL/MIC_112002000003000036002.jpeg"
      },
      "geometry": {
        "type": "Point",
        "coordinates": [
          77.6077778,
          12.8380556
        ]
      }
    },
    {
      "type": "Feature",
      "properties": {
        "census_code": "1/12/002/000003/000036/003",
        "village": "HOMMADEVANAHALLI",
        "block_tehsil": "BANGALORE SOUTH",
        "subdistrict": "Bengaluru South",
        "district": "Bengaluru Urban",
        "rural_or_urban": "Rural",
        "water_body_type_code": "02",
        "water_body_type": "Tank",
        "water_body_ownership": "Panchayat",
        "water_body_nature": "Natural",
        "in_use": "No",
        "encroached": "No",
        "storage_capacity_original": 4.0,
        "max_depth_m": null,
        "water_spread_area": 0.0,
        "image_path": "https://mi6census.mowr.gov.in/mic/getWaterBodyImageByURL/MIC_112002000003000036003.jpeg"
      },
      "geometry": {
        "type": "Point",
        "coordinates": [
          77.6063889,
          12.8336111
        ]
      }
    },
    {
      "type": "Feature",
      "properties": {
        "census_code": "1/12/002/000003/000036/001",
        "village": "HOMMADEVANAHALLI",
        "block_tehsil": "BANGALORE SOUTH",
        "subdistrict": "Bengaluru South",
        "district": "Bengaluru Urban",
        "rural_or_urban": "Rural",
        "water_body_type_code": "02",
        "water_body_type": "Tank",
        "water_body_ownership": "Panchayat",
        "water_body_nature": "Natural",
        "in_use": "No",
        "encroached": "No",
        "storage_capacity_original": 4.0,
        "max_depth_m": null,
        "water_spread_area": 0.0,
        "image_path": "https://mi6census.mowr.gov.in/mic/getWaterBodyImageByURL/MIC_112002000003000036001.jpeg"
      },
      "geometry": {
        "type": "Point",
        "coordinates": [
          77.6177778,
          12.84
        ]
      }
    },
    {
      "type": "Feature",
      "properties": {
        "census_code": "1/12/002/000003/000043/001",
        "village": "HONNIGANAHATTI",
        "block_tehsil": "BANGALORE SOUTH",
        "subdistrict": "Bengaluru South",
        "district": "Bengaluru Urban",
        "rural_or_urban": "Rural",
        "water_body_type_code": "02",
        "water_body_type": "Tank",
        "water_body_ownership": "Panchayat",
        "water_body_nature": "Natural",
        "in_use": "No",
        "encroached": "No",
        "storage_capacity_original": 4.0,
        "max_depth_m": null,
        "water_spread_area": 0.0,
        "image_path": "https://mi6census.mowr.gov.in/mic/getWaterBodyImageByURL/MIC_112002000003000043001.jpeg"
      },
      "geometry": {
        "type": "Point",
        "coordinates": [
          77.4155556,
          12.9819444
        ]
      }
    },
    {
      "type": "Feature",
      "properties": {
        "census_code": "1/12/002/000003/000043/002",
        "village": "HONNIGANAHATTI",
        "block_tehsil": "BANGALORE SOUTH",
        "subdistrict": "Bengaluru North",
        "district": "Bengaluru Urban",
        "rural_or_urban": "Rural",
        "water_body_type_code": "02",
        "water_body_type": "Tank",
        "water_body_ownership": "Panchayat",
        "water_body_nature": "Natural",
        "in_use": "No",
        "encroached": "No",
        "storage_capacity_original": 4.0,
        "max_depth_m": null,
        "water_spread_area": 0.0,
        "image_path": "https://mi6census.mowr.gov.in/mic/getWaterBodyImageByURL/MIC_112002000003000043002.jpeg"
      },
      "geometry": {
        "type": "Point",
        "coordinates": [
          77.4177778,
          12.9933333
        ]
      }
    },
    {
      "type": "Feature",
      "properties": {
        "census_code": "1/12/002/000003/000063/004",
        "village": "HULUVENAHALLI",
        "block_tehsil": "BANGALORE SOUTH",
        "subdistrict": "Bengaluru South",
        "district": "Bengaluru Urban",
        "rural_or_urban": "Rural",
        "water_body_type_code": "02",
        "water_body_type": "Tank",
        "water_body_ownership": "Panchayat",
        "water_body_nature": "Natural",
        "in_use": "No",
        "encroached": "No",
        "storage_capacity_original": 4.0,
        "max_depth_m": null,
        "water_spread_area": 0.0,
        "image_path": "https://mi6census.mowr.gov.in/mic/getWaterBodyImageByURL/MIC_112002000003000063004.jpeg"
      },
      "geometry": {
        "type": "Point",
        "coordinates": [
          77.3619444,
          12.9283333
        ]
      }
    },
    {
      "type": "Feature",
      "properties": {
        "census_code": "1/12/002/000003/000063/003",
        "village": "HULUVENAHALLI",
        "block_tehsil": "BANGALORE SOUTH",
        "subdistrict": "Bengaluru South",
        "district": "Bengaluru Urban",
        "rural_or_urban": "Rural",
        "water_body_type_code": "02",
        "water_body_type": "Tank",
        "water_body_ownership": "Panchayat",
        "water_body_nature": "Natural",
        "in_use": "No",
        "encroached": "No",
        "storage_capacity_original": 4.0,
        "max_depth_m": null,
        "water_spread_area": 0.0,
        "image_path": "https://mi6census.mowr.gov.in/mic/getWaterBodyImageByURL/MIC_112002000003000063003.jpeg"
      },
      "geometry": {
        "type": "Point",
        "coordinates": [
          77.37,
          12.9216667
        ]
      }
    },
    {
      "type": "Feature",
      "properties": {
        "census_code": "1/12/002/000003/000063/002",
        "village": "HULUVENAHALLI",
        "block_tehsil": "BANGALORE SOUTH",
        "subdistrict": "Bengaluru South",
        "district": "Bengaluru Urban",
        "rural_or_urban": "Rural",
        "water_body_type_code": "02",
        "water_body_type": "Tank",
        "water_body_ownership": "Panchayat",
        "water_body_nature": "Natural",
        "in_use": "No",
        "encroached": "No",
        "storage_capacity_original": 4.0,
        "max_depth_m": null,
        "water_spread_area": 0.0,
        "image_path": "https://mi6census.mowr.gov.in/mic/getWaterBodyImageByURL/MIC_112002000003000063002.jpeg"
      },
      "geometry": {
        "type": "Point",
        "coordinates": [
          77.3672222,
          12.9194444
        ]
      }
    },
    {
      "type": "Feature",
      "properties": {
        "census_code": "1/12/002/000003/000063/001",
        "village": "HULUVENAHALLI",
        "block_tehsil": "BANGALORE SOUTH",
        "subdistrict": "Bengaluru South",
        "district": "Bengaluru Urban",
        "rural_or_urban": "Rural",
        "water_body_type_code": "02",
        "water_body_type": "Tank",
        "water_body_ownership": "Panchayat",
        "water_body_nature": "Natural",
        "in_use": "No",
        "encroached": "No",
        "storage_capacity_original": 4.0,
        "max_depth_m": null,
        "water_spread_area": 0.0,
        "image_path": "https://mi6census.mowr.gov.in/mic/getWaterBodyImageByURL/MIC_112002000003000063001.jpeg"
      },
      "geometry": {
        "type": "Point",
        "coordinates": [
          77.3619444,
          12.9283333
        ]
      }
    },
    {
      "type": "Feature",
      "properties": {
        "census_code": "1/12/002/000003/000019/001",
        "village": "KAGGALIPURA",
        "block_tehsil": "BANGALORE SOUTH",
        "subdistrict": "Bengaluru South",
        "district": "Bengaluru Urban",
        "rural_or_urban": "Rural",
        "water_body_type_code": "02",
        "water_body_type": "Tank",
        "water_body_ownership": "Panchayat",
        "water_body_nature": "Natural",
        "in_use": "No",
        "encroached": "No",
        "storage_capacity_original": 4.0,
        "max_depth_m": null,
        "water_spread_area": 0.0,
        "image_path": "https://mi6census.mowr.gov.in/mic/getWaterBodyImageByURL/MIC_112002000003000019001.jpeg"
      },
      "geometry": {
        "type": "Point",
        "coordinates": [
          77.5063889,
          12.7975
        ]
      }
    },
    {
      "type": "Feature",
      "properties": {
        "census_code": "1/12/002/000003/000019/002",
        "village": "KAGGALIPURA",
        "block_tehsil": "BANGALORE SOUTH",
        "subdistrict": "Bengaluru South",
        "district": "Bengaluru Urban",
        "rural_or_urban": "Rural",
        "water_body_type_code": "02",
        "water_body_type": "Tank",
        "water_body_ownership": "Panchayat",
        "water_body_nature": "Natural",
        "in_use": "No",
        "encroached": "No",
        "storage_capacity_original": 4.0,
        "max_depth_m": null,
        "water_spread_area": 0.0,
        "image_path": "https://mi6census.mowr.gov.in/mic/getWaterBodyImageByURL/MIC_112002000003000019002.jpeg"
      },
      "geometry": {
        "type": "Point",
        "coordinates": [
          77.5102778,
          12.8163889
        ]
      }
    },
    {
      "type": "Feature",
      "properties": {
        "census_code": "1/12/002/000003/000001/002",
        "village": "KAMBIPURA",
        "block_tehsil": "BANGALORE SOUTH",
        "subdistrict": "Bengaluru South",
        "district": "Bengaluru Urban",
        "rural_or_urban": "Rural",
        "water_body_type_code": "02",
        "water_body_type": "Tank",
        "water_body_ownership": "Panchayat",
        "water_body_nature": "Natural",
        "in_use": "No",
        "encroached": "No",
        "storage_capacity_original": 4.0,
        "max_depth_m": null,
        "water_spread_area": 0.0,
        "image_path": "https://mi6census.mowr.gov.in/mic/getWaterBodyImageByURL/MIC_112002000003000001002.jpeg"
      },
      "geometry": {
        "type": "Point",
        "coordinates": [
          77.4683333,
          12.8877778
        ]
      }
    },
    {
      "type": "Feature",
      "properties": {
        "census_code": "1/12/002/000003/000001/001",
        "village": "KAMBIPURA",
        "block_tehsil": "BANGALORE SOUTH",
        "subdistrict": "Bengaluru South",
        "district": "Bengaluru Urban",
        "rural_or_urban": "Rural",
        "water_body_type_code": "02",
        "water_body_type": "Tank",
        "water_body_ownership": "Panchayat",
        "water_body_nature": "Natural",
        "in_use": "No",
        "encroached": "No",
        "storage_capacity_original": 4.0,
        "max_depth_m": null,
        "water_spread_area": 0.0,
        "image_path": "https://mi6census.mowr.gov.in/mic/getWaterBodyImageByURL/MIC_112002000003000001001.jpeg"
      },
      "geometry": {
        "type": "Point",
        "coordinates": [
          77.4580556,
          12.8897222
        ]
      }
    },
    {
      "type": "Feature",
      "properties": {
        "census_code": "1/12/002/000003/000096/002",
        "village": "KANIMINIKE",
        "block_tehsil": "BANGALORE SOUTH",
        "subdistrict": "Bengaluru South",
        "district": "Bengaluru Urban",
        "rural_or_urban": "Rural",
        "water_body_type_code": "02",
        "water_body_type": "Tank",
        "water_body_ownership": "Panchayat",
        "water_body_nature": "Natural",
        "in_use": "No",
        "encroached": "No",
        "storage_capacity_original": 4.0,
        "max_depth_m": null,
        "water_spread_area": 0.0,
        "image_path": "https://mi6census.mowr.gov.in/mic/getWaterBodyImageByURL/MIC_112002000003000096002.jpeg"
      },
      "geometry": {
        "type": "Point",
        "coordinates": [
          77.4372222,
          12.8680556
        ]
      }
    },
    {
      "type": "Feature",
      "properties": {
        "census_code": "1/12/002/000003/000096/001",
        "village": "KANIMINIKE",
        "block_tehsil": "BANGALORE SOUTH",
        "subdistrict": "Bengaluru South",
        "district": "Bengaluru Urban",
        "rural_or_urban": "Rural",
        "water_body_type_code": "02",
        "water_body_type": "Tank",
        "water_body_ownership": "Panchayat",
        "water_body_nature": "Natural",
        "in_use": "No",
        "encroached": "No",
        "storage_capacity_original": 4.0,
        "max_depth_m": null,
        "water_spread_area": 0.0,
        "image_path": "https://mi6census.mowr.gov.in/mic/getWaterBodyImageByURL/MIC_112002000003000096001.jpeg"
      },
      "geometry": {
        "type": "Point",
        "coordinates": [
          77.4322222,
          12.8669444
        ]
      }
    },
    {
      "type": "Feature",
      "properties": {
        "census_code": "1/12/002/000003/000023/001",
        "village": "K.  CHUDAHALLI",
        "block_tehsil": "BANGALORE SOUTH",
        "subdistrict": "Bengaluru South",
        "district": "Bengaluru Urban",
        "rural_or_urban": "Rural",
        "water_body_type_code": "02",
        "water_body_type": "Tank",
        "water_body_ownership": "Panchayat",
        "water_body_nature": "Natural",
        "in_use": "No",
        "encroached": "No",
        "storage_capacity_original": 4.0,
        "max_depth_m": null,
        "water_spread_area": 0.0,
        "image_path": "https://mi6census.mowr.gov.in/mic/getWaterBodyImageByURL/MIC_112002000003000023001.jpeg"
      },
      "geometry": {
        "type": "Point",
        "coordinates": [
          77.4927778,
          12.7752778
        ]
      }
    },
    {
      "type": "Feature",
      "properties": {
        "census_code": "1/12/002/000003/000087/002",
        "village": "KENCHANAPURA",
        "block_tehsil": "BANGALORE SOUTH",
        "subdistrict": "Bengaluru South",
        "district": "Bengaluru Urban",
        "rural_or_urban": "Rural",
        "water_body_type_code": "02",
        "water_body_type": "Tank",
        "water_body_ownership": "Panchayat",
        "water_body_nature": "Natural",
        "in_use": "No",
        "encroached": "No",
        "storage_capacity_original": 4.0,
        "max_depth_m": null,
        "water_spread_area": 0.0,
        "image_path": "https://mi6census.mowr.gov.in/mic/getWaterBodyImageByURL/MIC_112002000003000087002.jpeg"
      },
      "geometry": {
        "type": "Point",
        "coordinates": [
          77.4575,
          12.9466667
        ]
      }
    },
    {
      "type": "Feature",
      "properties": {
        "census_code": "1/12/002/000003/000087/001",
        "village": "KENCHANAPURA",
        "block_tehsil": "BANGALORE SOUTH",
        "subdistrict": "Bengaluru South",
        "district": "Bengaluru Urban",
        "rural_or_urban": "Rural",
        "water_body_type_code": "02",
        "water_body_type": "Tank",
        "water_body_ownership": "Panchayat",
        "water_body_nature": "Natural",
        "in_use": "No",
        "encroached": "No",
        "storage_capacity_original": 4.0,
        "max_depth_m": null,
        "water_spread_area": 0.0,
        "image_path": "https://mi6census.mowr.gov.in/mic/getWaterBodyImageByURL/MIC_112002000003000087001.jpeg"
      },
      "geometry": {
        "type": "Point",
        "coordinates": [
          77.4511111,
          12.9575
        ]
      }
    },
    {
      "type": "Feature",
      "properties": {
        "census_code": "1/12/002/000003/000075/001",
        "village": "KETHOHALLI",
        "block_tehsil": "BANGALORE SOUTH",
        "subdistrict": "Bengaluru South",
        "district": "Bengaluru Urban",
        "rural_or_urban": "Rural",
        "water_body_type_code": "02",
        "water_body_type": "Tank",
        "water_body_ownership": "Panchayat",
        "water_body_nature": "Natural",
        "in_use": "No",
        "encroached": "No",
        "storage_capacity_original": 4.0,
        "max_depth_m": null,
        "water_spread_area": 0.0,
        "image_path": "https://mi6census.mowr.gov.in/mic/getWaterBodyImageByURL/MIC_112002000003000075001.jpeg"
      },
      "geometry": {
        "type": "Point",
        "coordinates": [
          77.4083333,
          12.9075
        ]
      }
    },
    {
      "type": "Feature",
      "properties": {
        "census_code": "1/12/002/000003/000075/002",
        "village": "KETHOHALLI",
        "block_tehsil": "BANGALORE SOUTH",
        "subdistrict": "Bengaluru South",
        "district": "Bengaluru Urban",
        "rural_or_urban": "Rural",
        "water_body_type_code": "02",
        "water_body_type": "Tank",
        "water_body_ownership": "Panchayat",
        "water_body_nature": "Natural",
        "in_use": "No",
        "encroached": "No",
        "storage_capacity_original": 4.0,
        "max_depth_m": null,
        "water_spread_area": 0.0,
        "image_path": "https://mi6census.mowr.gov.in/mic/getWaterBodyImageByURL/MIC_112002000003000075002.jpeg"
      },
      "geometry": {
        "type": "Point",
        "coordinates": [
          77.405,
          12.9083333
        ]
      }
    },
    {
      "type": "Feature",
      "properties": {
        "census_code": "1/12/002/000003/000076/001",
        "village": "KETHOHALLI NARASIMHAPURA",
        "block_tehsil": "BANGALORE SOUTH",
        "subdistrict": "Bengaluru South",
        "district": "Bengaluru Urban",
        "rural_or_urban": "Rural",
        "water_body_type_code": "02",
        "water_body_type": "Tank",
        "water_body_ownership": "Panchayat",
        "water_body_nature": "Natural",
        "in_use": "No",
        "encroached": "No",
        "storage_capacity_original": 4.0,
        "max_depth_m": null,
        "water_spread_area": 0.0,
        "image_path": "https://mi6census.mowr.gov.in/mic/getWaterBodyImageByURL/MIC_112002000003000076001.jpeg"
      },
      "geometry": {
        "type": "Point",
        "coordinates": [
          77.3875,
          12.8911111
        ]
      }
    },
    {
      "type": "Feature",
      "properties": {
        "census_code": "1/12/002/000003/000081/001",
        "village": "KOLUR",
        "block_tehsil": "BANGALORE SOUTH",
        "subdistrict": "Bengaluru South",
        "district": "Bengaluru Urban",
        "rural_or_urban": "Rural",
        "water_body_type_code": "02",
        "water_body_type": "Tank",
        "water_body_ownership": "Panchayat",
        "water_body_nature": "Natural",
        "in_use": "No",
        "encroached": "No",
        "storage_capacity_original": 4.0,
        "max_depth_m": null,
        "water_spread_area": 0.0,
        "image_path": "https://mi6census.mowr.gov.in/mic/getWaterBodyImageByURL/MIC_112002000003000081001.jpeg"
      },
      "geometry": {
        "type": "Point",
        "coordinates": [
          77.405,
          12.8888889
        ]
      }
    },
    {
      "type": "Feature",
      "properties": {
        "census_code": "1/12/002/000003/000081/002",
        "village": "KOLUR",
        "block_tehsil": "BANGALORE SOUTH",
        "subdistrict": "Bengaluru South",
        "district": "Bengaluru Urban",
        "rural_or_urban": "Rural",
        "water_body_type_code": "02",
        "water_body_type": "Tank",
        "water_body_ownership": "Panchayat",
        "water_body_nature": "Natural",
        "in_use": "No",
        "encroached": "No",
        "storage_capacity_original": 4.0,
        "max_depth_m": null,
        "water_spread_area": 0.0,
        "image_path": "https://mi6census.mowr.gov.in/mic/getWaterBodyImageByURL/MIC_112002000003000081002.jpeg"
      },
      "geometry": {
        "type": "Point",
        "coordinates": [
          77.4036111,
          12.8877778
        ]
      }
    },
    {
      "type": "Feature",
      "properties": {
        "census_code": "1/12/002/000003/000078/001",
        "village": "KOLUR GURURAYANAPURA",
        "block_tehsil": "BANGALORE SOUTH",
        "subdistrict": "Bengaluru South",
        "district": "Bengaluru Urban",
        "rural_or_urban": "Rural",
        "water_body_type_code": "02",
        "water_body_type": "Tank",
        "water_body_ownership": "Panchayat",
        "water_body_nature": "Natural",
        "in_use": "No",
        "encroached": "No",
        "storage_capacity_original": 4.0,
        "max_depth_m": null,
        "water_spread_area": 0.0,
        "image_path": "https://mi6census.mowr.gov.in/mic/getWaterBodyImageByURL/MIC_112002000003000078001.jpeg"
      },
      "geometry": {
        "type": "Point",
        "coordinates": [
          77.4011111,
          12.8880556
        ]
      }
    },
    {
      "type": "Feature",
      "properties": {
        "census_code": "1/12/002/000003/000078/002",
        "village": "KOLUR GURURAYANAPURA",
        "block_tehsil": "BANGALORE SOUTH",
        "subdistrict": "Bengaluru South",
        "district": "Bengaluru Urban",
        "rural_or_urban": "Rural",
        "water_body_type_code": "02",
        "water_body_type": "Tank",
        "water_body_ownership": "Panchayat",
        "water_body_nature": "Natural",
        "in_use": "No",
        "encroached": "No",
        "storage_capacity_original": 4.0,
        "max_depth_m": null,
        "water_spread_area": 0.0,
        "image_path": "https://mi6census.mowr.gov.in/mic/getWaterBodyImageByURL/MIC_112002000003000078002.jpeg"
      },
      "geometry": {
        "type": "Point",
        "coordinates": [
          77.4022222,
          12.8855556
        ]
      }
    },
    {
      "type": "Feature",
      "properties": {
        "census_code": "1/12/002/000003/000080/001",
        "village": "KOLUR NANJUNDAPURA",
        "block_tehsil": "BANGALORE SOUTH",
        "subdistrict": "Bengaluru South",
        "district": "Bengaluru Urban",
        "rural_or_urban": "Rural",
        "water_body_type_code": "02",
        "water_body_type": "Tank",
        "water_body_ownership": "Panchayat",
        "water_body_nature": "Natural",
        "in_use": "No",
        "encroached": "No",
        "storage_capacity_original": 4.0,
        "max_depth_m": null,
        "water_spread_area": 0.0,
        "image_path": "https://mi6census.mowr.gov.in/mic/getWaterBodyImageByURL/MIC_112002000003000080001.jpeg"
      },
      "geometry": {
        "type": "Point",
        "coordinates": [
          77.4447222,
          12.8816667
        ]
      }
    },
    {
      "type": "Feature",
      "properties": {
        "census_code": "1/12/002/000003/000006/001",
        "village": "KUMBALAGODU GOLLAHALLI",
        "block_tehsil": "BANGALORE SOUTH",
        "subdistrict": "Bengaluru South",
        "district": "Bengaluru Urban",
        "rural_or_urban": "Rural",
        "water_body_type_code": "01",
        "water_body_type": "Pond",
        "water_body_ownership": "State WRD/State Irrigation",
        "water_body_nature": "Natural",
        "in_use": "No",
        "encroached": "No",
        "storage_capacity_original": 4.0,
        "max_depth_m": null,
        "water_spread_area": 0.0,
        "image_path": "https://mi6census.mowr.gov.in/mic/getWaterBodyImageByURL/MIC_112002000003000006001.jpeg"
      },
      "geometry": {
        "type": "Point",
        "coordinates": [
          77.4519444,
          12.8413889
        ]
      }
    },
    {
      "type": "Feature",
      "properties": {
        "census_code": "1/12/002/000003/000045/004",
        "village": "KURUBARAHALLI",
        "block_tehsil": "BANGALORE SOUTH",
        "subdistrict": "Bengaluru South",
        "district": "Bengaluru Urban",
        "rural_or_urban": "Rural",
        "water_body_type_code": "02",
        "water_body_type": "Tank",
        "water_body_ownership": "Panchayat",
        "water_body_nature": "Natural",
        "in_use": "No",
        "encroached": "No",
        "storage_capacity_original": 4.0,
        "max_depth_m": null,
        "water_spread_area": 0.0,
        "image_path": "https://mi6census.mowr.gov.in/mic/getWaterBodyImageByURL/MIC_112002000003000045004.jpeg"
      },
      "geometry": {
        "type": "Point",
        "coordinates": [
          77.4161111,
          12.9688889
        ]
      }
    },
    {
      "type": "Feature",
      "properties": {
        "census_code": "1/12/002/000003/000045/002",
        "village": "KURUBARAHALLI",
        "block_tehsil": "BANGALORE SOUTH",
        "subdistrict": "Bengaluru South",
        "district": "Bengaluru Urban",
        "rural_or_urban": "Rural",
        "water_body_type_code": "02",
        "water_body_type": "Tank",
        "water_body_ownership": "Panchayat",
        "water_body_nature": "Natural",
        "in_use": "No",
        "encroached": "No",
        "storage_capacity_original": 4.0,
        "max_depth_m": null,
        "water_spread_area": 0.0,
        "image_path": "https://mi6census.mowr.gov.in/mic/getWaterBodyImageByURL/MIC_112002000003000045002.jpeg"
      },
      "geometry": {
        "type": "Point",
        "coordinates": [
          77.4061111,
          12.9691667
        ]
      }
    },
    {
      "type": "Feature",
      "properties": {
        "census_code": "1/12/002/000003/000045/005",
        "village": "KURUBARAHALLI",
        "block_tehsil": "BANGALORE SOUTH",
        "subdistrict": "Bengaluru South",
        "district": "Bengaluru Urban",
        "rural_or_urban": "Rural",
        "water_body_type_code": "02",
        "water_body_type": "Tank",
        "water_body_ownership": "Panchayat",
        "water_body_nature": "Natural",
        "in_use": "No",
        "encroached": "No",
        "storage_capacity_original": 4.0,
        "max_depth_m": null,
        "water_spread_area": 0.0,
        "image_path": "https://mi6census.mowr.gov.in/mic/getWaterBodyImageByURL/MIC_112002000003000045005.jpeg"
      },
      "geometry": {
        "type": "Point",
        "coordinates": [
          77.4044444,
          12.9675
        ]
      }
    },
    {
      "type": "Feature",
      "properties": {
        "census_code": "1/12/002/000003/000045/003",
        "village": "KURUBARAHALLI",
        "block_tehsil": "BANGALORE SOUTH",
        "subdistrict": "Bengaluru South",
        "district": "Bengaluru Urban",
        "rural_or_urban": "Rural",
        "water_body_type_code": "02",
        "water_body_type": "Tank",
        "water_body_ownership": "Panchayat",
        "water_body_nature": "Natural",
        "in_use": "No",
        "encroached": "No",
        "storage_capacity_original": 4.0,
        "max_depth_m": null,
        "water_spread_area": 0.0,
        "image_path": "https://mi6census.mowr.gov.in/mic/getWaterBodyImageByURL/MIC_112002000003000045003.jpeg"
      },
      "geometry": {
        "type": "Point",
        "coordinates": [
          77.4163889,
          12.96
        ]
      }
    },
    {
      "type": "Feature",
      "properties": {
        "census_code": "1/12/002/000003/000045/001",
        "village": "KURUBARAHALLI",
        "block_tehsil": "BANGALORE SOUTH",
        "subdistrict": "Bengaluru South",
        "district": "Bengaluru Urban",
        "rural_or_urban": "Rural",
        "water_body_type_code": "02",
        "water_body_type": "Tank",
        "water_body_ownership": "Panchayat",
        "water_body_nature": "Natural",
        "in_use": "No",
        "encroached": "No",
        "storage_capacity_original": 4.0,
        "max_depth_m": null,
        "water_spread_area": 0.0,
        "image_path": "https://mi6census.mowr.gov.in/mic/getWaterBodyImageByURL/MIC_112002000003000045001.jpeg"
      },
      "geometry": {
        "type": "Point",
        "coordinates": [
          77.4075,
          12.9702778
        ]
      }
    },
    {
      "type": "Feature",
      "properties": {
        "census_code": "1/12/002/000003/000053/001",
        "village": "MADAPATNA",
        "block_tehsil": "BANGALORE SOUTH",
        "subdistrict": "Bengaluru South",
        "district": "Bengaluru Urban",
        "rural_or_urban": "Rural",
        "water_body_type_code": "02",
        "water_body_type": "Tank",
        "water_body_ownership": "Panchayat",
        "water_body_nature": "Natural",
        "in_use": "No",
        "encroached": "No",
        "storage_capacity_original": 4.0,
        "max_depth_m": null,
        "water_spread_area": 0.0,
        "image_path": "https://mi6census.mowr.gov.in/mic/getWaterBodyImageByURL/MIC_112002000003000053001.jpeg"
      },
      "geometry": {
        "type": "Point",
        "coordinates": [
          77.3580556,
          12.9277778
        ]
      }
    },
    {
      "type": "Feature",
      "properties": {
        "census_code": "1/12/002/000003/000091/002",
        "village": "MALIGONDANAHALLI",
        "block_tehsil": "BANGALORE SOUTH",
        "subdistrict": "Bengaluru South",
        "district": "Bengaluru Urban",
        "rural_or_urban": "Rural",
        "water_body_type_code": "02",
        "water_body_type": "Tank",
        "water_body_ownership": "Panchayat",
        "water_body_nature": "Natural",
        "in_use": "No",
        "encroached": "No",
        "storage_capacity_original": 4.0,
        "max_depth_m": null,
        "water_spread_area": 0.0,
        "image_path": "https://mi6census.mowr.gov.in/mic/getWaterBodyImageByURL/MIC_112002000003000091002.jpeg"
      },
      "geometry": {
        "type": "Point",
        "coordinates": [
          77.4183333,
          12.9227778
        ]
      }
    },
    {
      "type": "Feature",
      "properties": {
        "census_code": "1/12/002/000003/000091/001",
        "village": "MALIGONDANAHALLI",
        "block_tehsil": "BANGALORE SOUTH",
        "subdistrict": "Bengaluru South",
        "district": "Bengaluru Urban",
        "rural_or_urban": "Rural",
        "water_body_type_code": "02",
        "water_body_type": "Tank",
        "water_body_ownership": "Panchayat",
        "water_body_nature": "Natural",
        "in_use": "No",
        "encroached": "No",
        "storage_capacity_original": 4.0,
        "max_depth_m": null,
        "water_spread_area": 0.0,
        "image_path": "https://mi6census.mowr.gov.in/mic/getWaterBodyImageByURL/MIC_112002000003000091001.jpeg"
      },
      "geometry": {
        "type": "Point",
        "coordinates": [
          77.4083333,
          12.9075
        ]
      }
    },
    {
      "type": "Feature",
      "properties": {
        "census_code": "1/12/002/000003/000091/004",
        "village": "MALIGONDANAHALLI",
        "block_tehsil": "BANGALORE SOUTH",
        "subdistrict": "Anekal",
        "district": "Bengaluru Urban",
        "rural_or_urban": "Rural",
        "water_body_type_code": "02",
        "water_body_type": "Tank",
        "water_body_ownership": "Panchayat",
        "water_body_nature": "Natural",
        "in_use": "No",
        "encroached": "No",
        "storage_capacity_original": 4.0,
        "max_depth_m": null,
        "water_spread_area": 0.0,
        "image_path": "https://mi6census.mowr.gov.in/mic/getWaterBodyImageByURL/MIC_112002000003000091004.jpeg"
      },
      "geometry": {
        "type": "Point",
        "coordinates": [
          77.6525,
          12.8341667
        ]
      }
    },
    {
      "type": "Feature",
      "properties": {
        "census_code": "1/12/002/000003/000091/003",
        "village": "MALIGONDANAHALLI",
        "block_tehsil": "BANGALORE SOUTH",
        "subdistrict": "Anekal",
        "district": "Bengaluru Urban",
        "rural_or_urban": "Rural",
        "water_body_type_code": "02",
        "water_body_type": "Tank",
        "water_body_ownership": "Panchayat",
        "water_body_nature": "Natural",
        "in_use": "No",
        "encroached": "No",
        "storage_capacity_original": 4.0,
        "max_depth_m": null,
        "water_spread_area": 0.0,
        "image_path": "https://mi6census.mowr.gov.in/mic/getWaterBodyImageByURL/MIC_112002000003000091003.jpeg"
      },
      "geometry": {
        "type": "Point",
        "coordinates": [
          77.6630556,
          12.8266667
        ]
      }
    },
    {
      "type": "Feature",
      "properties": {
        "census_code": "1/12/002/000003/000017/001",
        "village": "MALLASANDRA",
        "block_tehsil": "BANGALORE SOUTH",
        "subdistrict": "99999- Area Not Under Any Sub-district",
        "district": "Bengaluru Urban",
        "rural_or_urban": "Rural",
        "water_body_type_code": "02",
        "water_body_type": "Tank",
        "water_body_ownership": "Panchayat",
        "water_body_nature": "Natural",
        "in_use": "No",
        "encroached": "No",
        "storage_capacity_original": 4.0,
        "max_depth_m": null,
        "water_spread_area": 0.0,
        "image_path": "https://mi6census.mowr.gov.in/mic/getWaterBodyImageByURL/MIC_112002000003000017001.jpeg"
      },
      "geometry": {
        "type": "Point",
        "coordinates": [
          77.6211111,
          12.8563889
        ]
      }
    },
    {
      "type": "Feature",
      "properties": {
        "census_code": "1/12/002/000003/000017/004",
        "village": "MALLASANDRA",
        "block_tehsil": "BANGALORE SOUTH",
        "subdistrict": "Bengaluru South",
        "district": "Bengaluru Urban",
        "rural_or_urban": "Rural",
        "water_body_type_code": "02",
        "water_body_type": "Tank",
        "water_body_ownership": "Panchayat",
        "water_body_nature": "Natural",
        "in_use": "No",
        "encroached": "No",
        "storage_capacity_original": 4.0,
        "max_depth_m": null,
        "water_spread_area": 0.0,
        "image_path": "https://mi6census.mowr.gov.in/mic/getWaterBodyImageByURL/MIC_112002000003000017004.jpeg"
      },
      "geometry": {
        "type": "Point",
        "coordinates": [
          77.6211111,
          12.8497222
        ]
      }
    },
    {
      "type": "Feature",
      "properties": {
        "census_code": "1/12/002/000003/000017/003",
        "village": "MALLASANDRA",
        "block_tehsil": "BANGALORE SOUTH",
        "subdistrict": "Bengaluru South",
        "district": "Bengaluru Urban",
        "rural_or_urban": "Rural",
        "water_body_type_code": "02",
        "water_body_type": "Tank",
        "water_body_ownership": "Panchayat",
        "water_body_nature": "Natural",
        "in_use": "No",
        "encroached": "No",
        "storage_capacity_original": 4.0,
        "max_depth_m": null,
        "water_spread_area": 0.0,
        "image_path": "https://mi6census.mowr.gov.in/mic/getWaterBodyImageByURL/MIC_112002000003000017003.jpeg"
      },
      "geometry": {
        "type": "Point",
        "coordinates": [
          77.6166667,
          12.8519444
        ]
      }
    },
    {
      "type": "Feature",
      "properties": {
        "census_code": "1/12/002/000003/000017/002",
        "village": "MALLASANDRA",
        "block_tehsil": "BANGALORE SOUTH",
        "subdistrict": "99999- Area Not Under Any Sub-district",
        "district": "Bengaluru Urban",
        "rural_or_urban": "Rural",
        "water_body_type_code": "02",
        "water_body_type": "Tank",
        "water_body_ownership": "Panchayat",
        "water_body_nature": "Natural",
        "in_use": "No",
        "encroached": "No",
        "storage_capacity_original": 4.0,
        "max_depth_m": null,
        "water_spread_area": 0.0,
        "image_path": "https://mi6census.mowr.gov.in/mic/getWaterBodyImageByURL/MIC_112002000003000017002.jpeg"
      },
      "geometry": {
        "type": "Point",
        "coordinates": [
          77.6186111,
          12.8583333
        ]
      }
    },
    {
      "type": "Feature",
      "properties": {
        "census_code": "1/12/002/000003/000090/001",
        "village": "MARAGONDANAHALLI",
        "block_tehsil": "BANGALORE SOUTH",
        "subdistrict": "Bengaluru South",
        "district": "Bengaluru Urban",
        "rural_or_urban": "Rural",
        "water_body_type_code": "02",
        "water_body_type": "Tank",
        "water_body_ownership": "Panchayat",
        "water_body_nature": "Natural",
        "in_use": "No",
        "encroached": "No",
        "storage_capacity_original": 4.0,
        "max_depth_m": null,
        "water_spread_area": 0.0,
        "image_path": "https://mi6census.mowr.gov.in/mic/getWaterBodyImageByURL/MIC_112002000003000090001.jpeg"
      },
      "geometry": {
        "type": "Point",
        "coordinates": [
          77.4222222,
          12.9377778
        ]
      }
    },
    {
      "type": "Feature",
      "properties": {
        "census_code": "1/12/002/000003/000090/002",
        "village": "MARAGONDANAHALLI",
        "block_tehsil": "BANGALORE SOUTH",
        "subdistrict": "Bengaluru South",
        "district": "Bengaluru Urban",
        "rural_or_urban": "Rural",
        "water_body_type_code": "02",
        "water_body_type": "Tank",
        "water_body_ownership": "Panchayat",
        "water_body_nature": "Natural",
        "in_use": "No",
        "encroached": "No",
        "storage_capacity_original": 4.0,
        "max_depth_m": null,
        "water_spread_area": 0.0,
        "image_path": "https://mi6census.mowr.gov.in/mic/getWaterBodyImageByURL/MIC_112002000003000090002.jpeg"
      },
      "geometry": {
        "type": "Point",
        "coordinates": [
          77.4322222,
          12.9352778
        ]
      }
    },
    {
      "type": "Feature",
      "properties": {
        "census_code": "1/12/002/000003/000086/001",
        "village": "M.KRISHNASAGARA",
        "block_tehsil": "BANGALORE SOUTH",
        "subdistrict": "Bengaluru South",
        "district": "Bengaluru Urban",
        "rural_or_urban": "Rural",
        "water_body_type_code": "02",
        "water_body_type": "Tank",
        "water_body_ownership": "Panchayat",
        "water_body_nature": "Natural",
        "in_use": "No",
        "encroached": "No",
        "storage_capacity_original": 4.0,
        "max_depth_m": null,
        "water_spread_area": 0.0,
        "image_path": "https://mi6census.mowr.gov.in/mic/getWaterBodyImageByURL/MIC_112002000003000086001.jpeg"
      },
      "geometry": {
        "type": "Point",
        "coordinates": [
          77.4280556,
          12.9344444
        ]
      }
    },
    {
      "type": "Feature",
      "properties": {
        "census_code": "1/12/002/000003/000035/001",
        "village": "MYLASANDRA",
        "block_tehsil": "BANGALORE SOUTH",
        "subdistrict": "99999- Area Not Under Any Sub-district",
        "district": "Bengaluru Urban",
        "rural_or_urban": "Rural",
        "water_body_type_code": "02",
        "water_body_type": "Tank",
        "water_body_ownership": "Panchayat",
        "water_body_nature": "Natural",
        "in_use": "No",
        "encroached": "No",
        "storage_capacity_original": 4.0,
        "max_depth_m": null,
        "water_spread_area": 0.0,
        "image_path": "https://mi6census.mowr.gov.in/mic/getWaterBodyImageByURL/MIC_112002000003000035001.jpeg"
      },
      "geometry": {
        "type": "Point",
        "coordinates": [
          77.6211111,
          12.8563889
        ]
      }
    },
    {
      "type": "Feature",
      "properties": {
        "census_code": "1/12/002/000003/000035/002",
        "village": "MYLASANDRA",
        "block_tehsil": "BANGALORE SOUTH",
        "subdistrict": "Bengaluru South",
        "district": "Bengaluru Urban",
        "rural_or_urban": "Rural",
        "water_body_type_code": "02",
        "water_body_type": "Tank",
        "water_body_ownership": "Panchayat",
        "water_body_nature": "Natural",
        "in_use": "No",
        "encroached": "No",
        "storage_capacity_original": 4.0,
        "max_depth_m": null,
        "water_spread_area": 0.0,
        "image_path": "https://mi6census.mowr.gov.in/mic/getWaterBodyImageByURL/MIC_112002000003000035002.jpeg"
      },
      "geometry": {
        "type": "Point",
        "coordinates": [
          77.6166667,
          12.8513889
        ]
      }
    },
    {
      "type": "Feature",
      "properties": {
        "census_code": "1/12/002/000003/000021/001",
        "village": "NAGANAYAKANAHALLI",
        "block_tehsil": "BANGALORE SOUTH",
        "subdistrict": "Bengaluru South",
        "district": "Bengaluru Urban",
        "rural_or_urban": "Rural",
        "water_body_type_code": "02",
        "water_body_type": "Tank",
        "water_body_ownership": "Panchayat",
        "water_body_nature": "Natural",
        "in_use": "No",
        "encroached": "No",
        "storage_capacity_original": 4.0,
        "max_depth_m": null,
        "water_spread_area": 0.0,
        "image_path": "https://mi6census.mowr.gov.in/mic/getWaterBodyImageByURL/MIC_112002000003000021001.jpeg"
      },
      "geometry": {
        "type": "Point",
        "coordinates": [
          77.4758333,
          12.7955556
        ]
      }
    },
    {
      "type": "Feature",
      "properties": {
        "census_code": "1/12/002/000003/000022/002",
        "village": "NELAGULI",
        "block_tehsil": "BANGALORE SOUTH",
        "subdistrict": "Bengaluru South",
        "district": "Bengaluru Urban",
        "rural_or_urban": "Rural",
        "water_body_type_code": "02",
        "water_body_type": "Tank",
        "water_body_ownership": "Panchayat",
        "water_body_nature": "Natural",
        "in_use": "No",
        "encroached": "No",
        "storage_capacity_original": 4.0,
        "max_depth_m": null,
        "water_spread_area": 0.0,
        "image_path": "https://mi6census.mowr.gov.in/mic/getWaterBodyImageByURL/MIC_112002000003000022002.jpeg"
      },
      "geometry": {
        "type": "Point",
        "coordinates": [
          77.4933333,
          12.7705556
        ]
      }
    },
    {
      "type": "Feature",
      "properties": {
        "census_code": "1/12/002/000003/000022/004",
        "village": "NELAGULI",
        "block_tehsil": "BANGALORE SOUTH",
        "subdistrict": "Bengaluru South",
        "district": "Bengaluru Urban",
        "rural_or_urban": "Rural",
        "water_body_type_code": "02",
        "water_body_type": "Tank",
        "water_body_ownership": "Panchayat",
        "water_body_nature": "Natural",
        "in_use": "No",
        "encroached": "No",
        "storage_capacity_original": 4.0,
        "max_depth_m": null,
        "water_spread_area": 0.0,
        "image_path": "https://mi6census.mowr.gov.in/mic/getWaterBodyImageByURL/MIC_112002000003000022004.jpeg"
      },
      "geometry": {
        "type": "Point",
        "coordinates": [
          77.4922222,
          12.775
        ]
      }
    },
    {
      "type": "Feature",
      "properties": {
        "census_code": "1/12/002/000003/000022/003",
        "village": "NELAGULI",
        "block_tehsil": "BANGALORE SOUTH",
        "subdistrict": "Bengaluru South",
        "district": "Bengaluru Urban",
        "rural_or_urban": "Rural",
        "water_body_type_code": "02",
        "water_body_type": "Tank",
        "water_body_ownership": "Panchayat",
        "water_body_nature": "Natural",
        "in_use": "No",
        "encroached": "No",
        "storage_capacity_original": 4.0,
        "max_depth_m": null,
        "water_spread_area": 0.0,
        "image_path": "https://mi6census.mowr.gov.in/mic/getWaterBodyImageByURL/MIC_112002000003000022003.jpeg"
      },
      "geometry": {
        "type": "Point",
        "coordinates": [
          77.4888889,
          12.7708333
        ]
      }
    },
    {
      "type": "Feature",
      "properties": {
        "census_code": "1/12/002/000003/000028/001",
        "village": "NETTIGERE",
        "block_tehsil": "BANGALORE SOUTH",
        "subdistrict": "Bengaluru South",
        "district": "Bengaluru Urban",
        "rural_or_urban": "Rural",
        "water_body_type_code": "02",
        "water_body_type": "Tank",
        "water_body_ownership": "Panchayat",
        "water_body_nature": "Natural",
        "in_use": "No",
        "encroached": "No",
        "storage_capacity_original": 4.0,
        "max_depth_m": null,
        "water_spread_area": 0.0,
        "image_path": "https://mi6census.mowr.gov.in/mic/getWaterBodyImageByURL/MIC_112002000003000028001.jpeg"
      },
      "geometry": {
        "type": "Point",
        "coordinates": [
          77.5019444,
          12.7538889
        ]
      }
    },
    {
      "type": "Feature",
      "properties": {
        "census_code": "1/12/002/000003/000056/001",
        "village": "PEDDANAPALYA",
        "block_tehsil": "BANGALORE SOUTH",
        "subdistrict": "Bengaluru South",
        "district": "Bengaluru Urban",
        "rural_or_urban": "Rural",
        "water_body_type_code": "02",
        "water_body_type": "Tank",
        "water_body_ownership": "Panchayat",
        "water_body_nature": "Natural",
        "in_use": "No",
        "encroached": "No",
        "storage_capacity_original": 4.0,
        "max_depth_m": null,
        "water_spread_area": 0.0,
        "image_path": "https://mi6census.mowr.gov.in/mic/getWaterBodyImageByURL/MIC_112002000003000056001.jpeg"
      },
      "geometry": {
        "type": "Point",
        "coordinates": [
          77.4,
          12.9697222
        ]
      }
    },
    {
      "type": "Feature",
      "properties": {
        "census_code": "1/12/002/000003/000074/002",
        "village": "PUNAGUMARANAHALLI",
        "block_tehsil": "BANGALORE SOUTH",
        "subdistrict": "Bengaluru South",
        "district": "Bengaluru Urban",
        "rural_or_urban": "Rural",
        "water_body_type_code": "02",
        "water_body_type": "Tank",
        "water_body_ownership": "Panchayat",
        "water_body_nature": "Natural",
        "in_use": "No",
        "encroached": "No",
        "storage_capacity_original": 4.0,
        "max_depth_m": null,
        "water_spread_area": 0.0,
        "image_path": "https://mi6census.mowr.gov.in/mic/getWaterBodyImageByURL/MIC_112002000003000074002.jpeg"
      },
      "geometry": {
        "type": "Point",
        "coordinates": [
          77.4061111,
          12.9125
        ]
      }
    },
    {
      "type": "Feature",
      "properties": {
        "census_code": "1/12/002/000003/000074/001",
        "village": "PUNAGUMARANAHALLI",
        "block_tehsil": "BANGALORE SOUTH",
        "subdistrict": "Bengaluru South",
        "district": "Bengaluru Urban",
        "rural_or_urban": "Rural",
        "water_body_type_code": "02",
        "water_body_type": "Tank",
        "water_body_ownership": "Co-operative",
        "water_body_nature": "Natural",
        "in_use": "No",
        "encroached": "No",
        "storage_capacity_original": 4.0,
        "max_depth_m": null,
        "water_spread_area": 0.0,
        "image_path": "https://mi6census.mowr.gov.in/mic/getWaterBodyImageByURL/MIC_112002000003000074001.jpeg"
      },
      "geometry": {
        "type": "Point",
        "coordinates": [
          77.4166667,
          12.9072222
        ]
      }
    },
    {
      "type": "Feature",
      "properties": {
        "census_code": "1/12/002/000003/000060/001",
        "village": "PURADAPALYA",
        "block_tehsil": "BANGALORE SOUTH",
        "subdistrict": "Bengaluru South",
        "district": "Bengaluru Urban",
        "rural_or_urban": "Rural",
        "water_body_type_code": "02",
        "water_body_type": "Tank",
        "water_body_ownership": "Panchayat",
        "water_body_nature": "Natural",
        "in_use": "No",
        "encroached": "No",
        "storage_capacity_original": 4.0,
        "max_depth_m": null,
        "water_spread_area": 0.0,
        "image_path": "https://mi6census.mowr.gov.in/mic/getWaterBodyImageByURL/MIC_112002000003000060001.jpeg"
      },
      "geometry": {
        "type": "Point",
        "coordinates": [
          77.3694444,
          12.9472222
        ]
      }
    },
    {
      "type": "Feature",
      "properties": {
        "census_code": "1/12/002/000003/000092/002",
        "village": "RAMOHALLI",
        "block_tehsil": "BANGALORE SOUTH",
        "subdistrict": "Bengaluru South",
        "district": "Bengaluru Urban",
        "rural_or_urban": "Rural",
        "water_body_type_code": "02",
        "water_body_type": "Tank",
        "water_body_ownership": "Panchayat",
        "water_body_nature": "Natural",
        "in_use": "No",
        "encroached": "No",
        "storage_capacity_original": 4.0,
        "max_depth_m": null,
        "water_spread_area": 0.0,
        "image_path": "https://mi6census.mowr.gov.in/mic/getWaterBodyImageByURL/MIC_112002000003000092002.jpeg"
      },
      "geometry": {
        "type": "Point",
        "coordinates": [
          77.4288889,
          12.8927778
        ]
      }
    },
    {
      "type": "Feature",
      "properties": {
        "census_code": "1/12/002/000003/000092/001",
        "village": "RAMOHALLI",
        "block_tehsil": "BANGALORE SOUTH",
        "subdistrict": "Bengaluru South",
        "district": "Bengaluru Urban",
        "rural_or_urban": "Rural",
        "water_body_type_code": "02",
        "water_body_type": "Tank",
        "water_body_ownership": "Panchayat",
        "water_body_nature": "Natural",
        "in_use": "No",
        "encroached": "No",
        "storage_capacity_original": 4.0,
        "max_depth_m": null,
        "water_spread_area": 0.0,
        "image_path": "https://mi6census.mowr.gov.in/mic/getWaterBodyImageByURL/MIC_112002000003000092001.jpeg"
      },
      "geometry": {
        "type": "Point",
        "coordinates": [
          77.4277778,
          12.9166667
        ]
      }
    },
    {
      "type": "Feature",
      "properties": {
        "census_code": "1/12/002/000003/000092/003",
        "village": "RAMOHALLI",
        "block_tehsil": "BANGALORE SOUTH",
        "subdistrict": "Bengaluru South",
        "district": "Bengaluru Urban",
        "rural_or_urban": "Rural",
        "water_body_type_code": "02",
        "water_body_type": "Tank",
        "water_body_ownership": "Panchayat",
        "water_body_nature": "Natural",
        "in_use": "No",
        "encroached": "No",
        "storage_capacity_original": 4.0,
        "max_depth_m": null,
        "water_spread_area": 0.0,
        "image_path": "https://mi6census.mowr.gov.in/mic/getWaterBodyImageByURL/MIC_112002000003000092003.jpeg"
      },
      "geometry": {
        "type": "Point",
        "coordinates": [
          77.4177778,
          12.905
        ]
      }
    },
    {
      "type": "Feature",
      "properties": {
        "census_code": "1/12/002/000003/000029/001",
        "village": "RAVUGODLU",
        "block_tehsil": "BANGALORE SOUTH",
        "subdistrict": "Bengaluru South",
        "district": "Bengaluru Urban",
        "rural_or_urban": "Rural",
        "water_body_type_code": "02",
        "water_body_type": "Tank",
        "water_body_ownership": "Panchayat",
        "water_body_nature": "Natural",
        "in_use": "No",
        "encroached": "No",
        "storage_capacity_original": 4.0,
        "max_depth_m": null,
        "water_spread_area": 0.0,
        "image_path": "https://mi6census.mowr.gov.in/mic/getWaterBodyImageByURL/MIC_112002000003000029001.jpeg"
      },
      "geometry": {
        "type": "Point",
        "coordinates": [
          77.5019444,
          12.7530556
        ]
      }
    },
    {
      "type": "Feature",
      "properties": {
        "census_code": "1/12/002/000003/000027/003",
        "village": "SOMANAHALLI",
        "block_tehsil": "BANGALORE SOUTH",
        "subdistrict": "Bengaluru South",
        "district": "Bengaluru Urban",
        "rural_or_urban": "Rural",
        "water_body_type_code": "02",
        "water_body_type": "Tank",
        "water_body_ownership": "Panchayat",
        "water_body_nature": "Natural",
        "in_use": "No",
        "encroached": "No",
        "storage_capacity_original": 4.0,
        "max_depth_m": null,
        "water_spread_area": 0.0,
        "image_path": "https://mi6census.mowr.gov.in/mic/getWaterBodyImageByURL/MIC_112002000003000027003.jpeg"
      },
      "geometry": {
        "type": "Point",
        "coordinates": [
          77.5066667,
          12.7683333
        ]
      }
    },
    {
      "type": "Feature",
      "properties": {
        "census_code": "1/12/002/000003/000027/001",
        "village": "SOMANAHALLI",
        "block_tehsil": "BANGALORE SOUTH",
        "subdistrict": "Bengaluru South",
        "district": "Bengaluru Urban",
        "rural_or_urban": "Rural",
        "water_body_type_code": "02",
        "water_body_type": "Tank",
        "water_body_ownership": "Panchayat",
        "water_body_nature": "Natural",
        "in_use": "No",
        "encroached": "No",
        "storage_capacity_original": 4.0,
        "max_depth_m": null,
        "water_spread_area": 0.0,
        "image_path": "https://mi6census.mowr.gov.in/mic/getWaterBodyImageByURL/MIC_112002000003000027001.jpeg"
      },
      "geometry": {
        "type": "Point",
        "coordinates": [
          77.5025,
          12.77
        ]
      }
    },
    {
      "type": "Feature",
      "properties": {
        "census_code": "1/12/002/000003/000027/004",
        "village": "SOMANAHALLI",
        "block_tehsil": "BANGALORE SOUTH",
        "subdistrict": "Bengaluru South",
        "district": "Bengaluru Urban",
        "rural_or_urban": "Rural",
        "water_body_type_code": "02",
        "water_body_type": "Tank",
        "water_body_ownership": "Panchayat",
        "water_body_nature": "Natural",
        "in_use": "No",
        "encroached": "No",
        "storage_capacity_original": 4.0,
        "max_depth_m": null,
        "water_spread_area": 0.0,
        "image_path": "https://mi6census.mowr.gov.in/mic/getWaterBodyImageByURL/MIC_112002000003000027004.jpeg"
      },
      "geometry": {
        "type": "Point",
        "coordinates": [
          77.495,
          12.7702778
        ]
      }
    },
    {
      "type": "Feature",
      "properties": {
        "census_code": "1/12/002/000003/000027/002",
        "village": "SOMANAHALLI",
        "block_tehsil": "BANGALORE SOUTH",
        "subdistrict": "Bengaluru South",
        "district": "Bengaluru Urban",
        "rural_or_urban": "Rural",
        "water_body_type_code": "02",
        "water_body_type": "Tank",
        "water_body_ownership": "Panchayat",
        "water_body_nature": "Natural",
        "in_use": "No",
        "encroached": "No",
        "storage_capacity_original": 4.0,
        "max_depth_m": null,
        "water_spread_area": 0.0,
        "image_path": "https://mi6census.mowr.gov.in/mic/getWaterBodyImageByURL/MIC_112002000003000027002.jpeg"
      },
      "geometry": {
        "type": "Point",
        "coordinates": [
          77.51,
          12.7713889
        ]
      }
    },
    {
      "type": "Feature",
      "properties": {
        "census_code": "1/12/002/000003/000089/001",
        "village": "SULIKERE",
        "block_tehsil": "BANGALORE SOUTH",
        "subdistrict": "Bengaluru South",
        "district": "Bengaluru Urban",
        "rural_or_urban": "Rural",
        "water_body_type_code": "02",
        "water_body_type": "Tank",
        "water_body_ownership": "Panchayat",
        "water_body_nature": "Natural",
        "in_use": "No",
        "encroached": "No",
        "storage_capacity_original": 4.0,
        "max_depth_m": null,
        "water_spread_area": 0.0,
        "image_path": "https://mi6census.mowr.gov.in/mic/getWaterBodyImageByURL/MIC_112002000003000089001.jpeg"
      },
      "geometry": {
        "type": "Point",
        "coordinates": [
          77.4463889,
          12.9472222
        ]
      }
    },
    {
      "type": "Feature",
      "properties": {
        "census_code": "1/12/002/000003/000064/001",
        "village": "SULIVARA",
        "block_tehsil": "BANGALORE SOUTH",
        "subdistrict": "Bengaluru South",
        "district": "Bengaluru Urban",
        "rural_or_urban": "Rural",
        "water_body_type_code": "02",
        "water_body_type": "Tank",
        "water_body_ownership": "Panchayat",
        "water_body_nature": "Natural",
        "in_use": "No",
        "encroached": "No",
        "storage_capacity_original": 4.0,
        "max_depth_m": null,
        "water_spread_area": 0.0,
        "image_path": "https://mi6census.mowr.gov.in/mic/getWaterBodyImageByURL/MIC_112002000003000064001.jpeg"
      },
      "geometry": {
        "type": "Point",
        "coordinates": [
          77.3591667,
          12.8958333
        ]
      }
    },
    {
      "type": "Feature",
      "properties": {
        "census_code": "1/12/002/000003/000064/003",
        "village": "SULIVARA",
        "block_tehsil": "BANGALORE SOUTH",
        "subdistrict": "Bengaluru South",
        "district": "Bengaluru Urban",
        "rural_or_urban": "Rural",
        "water_body_type_code": "02",
        "water_body_type": "Tank",
        "water_body_ownership": "Panchayat",
        "water_body_nature": "Natural",
        "in_use": "No",
        "encroached": "No",
        "storage_capacity_original": 4.0,
        "max_depth_m": null,
        "water_spread_area": 0.0,
        "image_path": "https://mi6census.mowr.gov.in/mic/getWaterBodyImageByURL/MIC_112002000003000064003.jpeg"
      },
      "geometry": {
        "type": "Point",
        "coordinates": [
          77.3661111,
          12.9013889
        ]
      }
    },
    {
      "type": "Feature",
      "properties": {
        "census_code": "1/12/002/000003/000064/004",
        "village": "SULIVARA",
        "block_tehsil": "BANGALORE SOUTH",
        "subdistrict": "Bengaluru South",
        "district": "Bengaluru Urban",
        "rural_or_urban": "Rural",
        "water_body_type_code": "02",
        "water_body_type": "Tank",
        "water_body_ownership": "Panchayat",
        "water_body_nature": "Natural",
        "in_use": "No",
        "encroached": "No",
        "storage_capacity_original": 4.0,
        "max_depth_m": null,
        "water_spread_area": 0.0,
        "image_path": "https://mi6census.mowr.gov.in/mic/getWaterBodyImageByURL/MIC_112002000003000064004.jpeg"
      },
      "geometry": {
        "type": "Point",
        "coordinates": [
          77.3647222,
          12.9066667
        ]
      }
    },
    {
      "type": "Feature",
      "properties": {
        "census_code": "1/12/002/000003/000064/002",
        "village": "SULIVARA",
        "block_tehsil": "BANGALORE SOUTH",
        "subdistrict": "Bengaluru South",
        "district": "Bengaluru Urban",
        "rural_or_urban": "Rural",
        "water_body_type_code": "02",
        "water_body_type": "Tank",
        "water_body_ownership": "Panchayat",
        "water_body_nature": "Natural",
        "in_use": "No",
        "encroached": "No",
        "storage_capacity_original": 4.0,
        "max_depth_m": null,
        "water_spread_area": 0.0,
        "image_path": "https://mi6census.mowr.gov.in/mic/getWaterBodyImageByURL/MIC_112002000003000064002.jpeg"
      },
      "geometry": {
        "type": "Point",
        "coordinates": [
          77.3591667,
          12.8888889
        ]
      }
    },
    {
      "type": "Feature",
      "properties": {
        "census_code": "1/12/002/000003/000057/004",
        "village": "TAVAREKERE",
        "block_tehsil": "BANGALORE SOUTH",
        "subdistrict": "Bengaluru South",
        "district": "Bengaluru Urban",
        "rural_or_urban": "Rural",
        "water_body_type_code": "02",
        "water_body_type": "Tank",
        "water_body_ownership": "Panchayat",
        "water_body_nature": "Natural",
        "in_use": "No",
        "encroached": "No",
        "storage_capacity_original": 4.0,
        "max_depth_m": null,
        "water_spread_area": 0.0,
        "image_path": "https://mi6census.mowr.gov.in/mic/getWaterBodyImageByURL/MIC_112002000003000057004.jpeg"
      },
      "geometry": {
        "type": "Point",
        "coordinates": [
          77.4038889,
          12.9561111
        ]
      }
    },
    {
      "type": "Feature",
      "properties": {
        "census_code": "1/12/002/000003/000057/003",
        "village": "TAVAREKERE",
        "block_tehsil": "BANGALORE SOUTH",
        "subdistrict": "Bengaluru South",
        "district": "Bengaluru Urban",
        "rural_or_urban": "Rural",
        "water_body_type_code": "02",
        "water_body_type": "Tank",
        "water_body_ownership": "Panchayat",
        "water_body_nature": "Natural",
        "in_use": "No",
        "encroached": "No",
        "storage_capacity_original": 4.0,
        "max_depth_m": null,
        "water_spread_area": 0.0,
        "image_path": "https://mi6census.mowr.gov.in/mic/getWaterBodyImageByURL/MIC_112002000003000057003.jpeg"
      },
      "geometry": {
        "type": "Point",
        "coordinates": [
          77.4011111,
          12.94
        ]
      }
    },
    {
      "type": "Feature",
      "properties": {
        "census_code": "1/12/002/000003/000057/005",
        "village": "TAVAREKERE",
        "block_tehsil": "BANGALORE SOUTH",
        "subdistrict": "Bengaluru South",
        "district": "Bengaluru Urban",
        "rural_or_urban": "Rural",
        "water_body_type_code": "02",
        "water_body_type": "Tank",
        "water_body_ownership": "Panchayat",
        "water_body_nature": "Natural",
        "in_use": "No",
        "encroached": "No",
        "storage_capacity_original": 4.0,
        "max_depth_m": null,
        "water_spread_area": 0.0,
        "image_path": "https://mi6census.mowr.gov.in/mic/getWaterBodyImageByURL/MIC_112002000003000057005.jpeg"
      },
      "geometry": {
        "type": "Point",
        "coordinates": [
          77.3975,
          12.9588889
        ]
      }
    },
    {
      "type": "Feature",
      "properties": {
        "census_code": "1/12/002/000003/000057/002",
        "village": "TAVAREKERE",
        "block_tehsil": "BANGALORE SOUTH",
        "subdistrict": "Bengaluru South",
        "district": "Bengaluru Urban",
        "rural_or_urban": "Rural",
        "water_body_type_code": "02",
        "water_body_type": "Tank",
        "water_body_ownership": "Panchayat",
        "water_body_nature": "Natural",
        "in_use": "No",
        "encroached": "No",
        "storage_capacity_original": 4.0,
        "max_depth_m": null,
        "water_spread_area": 0.0,
        "image_path": "https://mi6census.mowr.gov.in/mic/getWaterBodyImageByURL/MIC_112002000003000057002.jpeg"
      },
      "geometry": {
        "type": "Point",
        "coordinates": [
          77.3933333,
          12.9522222
        ]
      }
    },
    {
      "type": "Feature",
      "properties": {
        "census_code": "1/12/002/000003/000057/001",
        "village": "TAVAREKERE",
        "block_tehsil": "BANGALORE SOUTH",
        "subdistrict": "Bengaluru South",
        "district": "Bengaluru Urban",
        "rural_or_urban": "Rural",
        "water_body_type_code": "02",
        "water_body_type": "Tank",
        "water_body_ownership": "Panchayat",
        "water_body_nature": "Natural",
        "in_use": "No",
        "encroached": "No",
        "storage_capacity_original": 4.0,
        "max_depth_m": null,
        "water_spread_area": 0.0,
        "image_path": "https://mi6census.mowr.gov.in/mic/getWaterBodyImageByURL/MIC_112002000003000057001.jpeg"
      },
      "geometry": {
        "type": "Point",
        "coordinates": [
          77.3941667,
          12.9638889
        ]
      }
    },
    {
      "type": "Feature",
      "properties": {
        "census_code": "1/12/002/000003/000057/006",
        "village": "TAVAREKERE",
        "block_tehsil": "BANGALORE SOUTH",
        "subdistrict": "Bengaluru South",
        "district": "Bengaluru Urban",
        "rural_or_urban": "Rural",
        "water_body_type_code": "02",
        "water_body_type": "Tank",
        "water_body_ownership": "Panchayat",
        "water_body_nature": "Natural",
        "in_use": "No",
        "encroached": "No",
        "storage_capacity_original": 4.0,
        "max_depth_m": null,
        "water_spread_area": 0.0,
        "image_path": "https://mi6census.mowr.gov.in/mic/getWaterBodyImageByURL/MIC_112002000003000057006.jpeg"
      },
      "geometry": {
        "type": "Point",
        "coordinates": [
          77.4,
          12.9666667
        ]
      }
    },
    {
      "type": "Feature",
      "properties": {
        "census_code": "1/12/002/000003/000057/007",
        "village": "TAVAREKERE",
        "block_tehsil": "BANGALORE SOUTH",
        "subdistrict": "Bengaluru South",
        "district": "Bengaluru Urban",
        "rural_or_urban": "Rural",
        "water_body_type_code": "02",
        "water_body_type": "Tank",
        "water_body_ownership": "Panchayat",
        "water_body_nature": "Natural",
        "in_use": "No",
        "encroached": "No",
        "storage_capacity_original": 4.0,
        "max_depth_m": null,
        "water_spread_area": 0.0,
        "image_path": "https://mi6census.mowr.gov.in/mic/getWaterBodyImageByURL/MIC_112002000003000057007.jpeg"
      },
      "geometry": {
        "type": "Point",
        "coordinates": [
          77.3941667,
          12.9741667
        ]
      }
    },
    {
      "type": "Feature",
      "properties": {
        "census_code": "1/12/002/000003/000024/003",
        "village": "THARALU",
        "block_tehsil": "BANGALORE SOUTH",
        "subdistrict": "Bengaluru South",
        "district": "Bengaluru Urban",
        "rural_or_urban": "Rural",
        "water_body_type_code": "02",
        "water_body_type": "Tank",
        "water_body_ownership": "Panchayat",
        "water_body_nature": "Natural",
        "in_use": "No",
        "encroached": "No",
        "storage_capacity_original": 4.0,
        "max_depth_m": null,
        "water_spread_area": 0.0,
        "image_path": "https://mi6census.mowr.gov.in/mic/getWaterBodyImageByURL/MIC_112002000003000024003.jpeg"
      },
      "geometry": {
        "type": "Point",
        "coordinates": [
          77.5422222,
          12.7911111
        ]
      }
    },
    {
      "type": "Feature",
      "properties": {
        "census_code": "1/12/002/000003/000024/002",
        "village": "THARALU",
        "block_tehsil": "BANGALORE SOUTH",
        "subdistrict": "Bengaluru South",
        "district": "Bengaluru Urban",
        "rural_or_urban": "Rural",
        "water_body_type_code": "02",
        "water_body_type": "Tank",
        "water_body_ownership": "Panchayat",
        "water_body_nature": "Natural",
        "in_use": "No",
        "encroached": "No",
        "storage_capacity_original": 4.0,
        "max_depth_m": null,
        "water_spread_area": 0.0,
        "image_path": "https://mi6census.mowr.gov.in/mic/getWaterBodyImageByURL/MIC_112002000003000024002.jpeg"
      },
      "geometry": {
        "type": "Point",
        "coordinates": [
          77.5330556,
          12.7883333
        ]
      }
    },
    {
      "type": "Feature",
      "properties": {
        "census_code": "1/12/002/000003/000024/001",
        "village": "THARALU",
        "block_tehsil": "BANGALORE SOUTH",
        "subdistrict": "Bengaluru South",
        "district": "Bengaluru Urban",
        "rural_or_urban": "Rural",
        "water_body_type_code": "02",
        "water_body_type": "Tank",
        "water_body_ownership": "Panchayat",
        "water_body_nature": "Natural",
        "in_use": "No",
        "encroached": "No",
        "storage_capacity_original": 4.0,
        "max_depth_m": null,
        "water_spread_area": 0.0,
        "image_path": "https://mi6census.mowr.gov.in/mic/getWaterBodyImageByURL/MIC_112002000003000024001.jpeg"
      },
      "geometry": {
        "type": "Point",
        "coordinates": [
          77.5238889,
          12.7863889
        ]
      }
    },
    {
      "type": "Feature",
      "properties": {
        "census_code": "1/12/002/000003/000031/002",
        "village": "THATTAGUPPE",
        "block_tehsil": "BANGALORE SOUTH",
        "subdistrict": "Bengaluru South",
        "district": "Bengaluru Urban",
        "rural_or_urban": "Rural",
        "water_body_type_code": "02",
        "water_body_type": "Tank",
        "water_body_ownership": "Panchayat",
        "water_body_nature": "Natural",
        "in_use": "No",
        "encroached": "No",
        "storage_capacity_original": 4.0,
        "max_depth_m": null,
        "water_spread_area": 0.0,
        "image_path": "https://mi6census.mowr.gov.in/mic/getWaterBodyImageByURL/MIC_112002000003000031002.jpeg"
      },
      "geometry": {
        "type": "Point",
        "coordinates": [
          77.5230556,
          12.7719444
        ]
      }
    },
    {
      "type": "Feature",
      "properties": {
        "census_code": "1/12/002/000003/000031/004",
        "village": "THATTAGUPPE",
        "block_tehsil": "BANGALORE SOUTH",
        "subdistrict": "Bengaluru South",
        "district": "Bengaluru Urban",
        "rural_or_urban": "Rural",
        "water_body_type_code": "02",
        "water_body_type": "Tank",
        "water_body_ownership": "Panchayat",
        "water_body_nature": "Natural",
        "in_use": "No",
        "encroached": "No",
        "storage_capacity_original": 4.0,
        "max_depth_m": null,
        "water_spread_area": 0.0,
        "image_path": "https://mi6census.mowr.gov.in/mic/getWaterBodyImageByURL/MIC_112002000003000031004.jpeg"
      },
      "geometry": {
        "type": "Point",
        "coordinates": [
          77.5152778,
          12.7711111
        ]
      }
    },
    {
      "type": "Feature",
      "properties": {
        "census_code": "1/12/002/000003/000031/001",
        "village": "THATTAGUPPE",
        "block_tehsil": "BANGALORE SOUTH",
        "subdistrict": "Bengaluru South",
        "district": "Bengaluru Urban",
        "rural_or_urban": "Rural",
        "water_body_type_code": "02",
        "water_body_type": "Tank",
        "water_body_ownership": "Panchayat",
        "water_body_nature": "Natural",
        "in_use": "No",
        "encroached": "No",
        "storage_capacity_original": 4.0,
        "max_depth_m": null,
        "water_spread_area": 0.0,
        "image_path": "https://mi6census.mowr.gov.in/mic/getWaterBodyImageByURL/MIC_112002000003000031001.jpeg"
      },
      "geometry": {
        "type": "Point",
        "coordinates": [
          77.5186111,
          12.8405556
        ]
      }
    },
    {
      "type": "Feature",
      "properties": {
        "census_code": "1/12/002/000003/000031/003",
        "village": "THATTAGUPPE",
        "block_tehsil": "BANGALORE SOUTH",
        "subdistrict": "Bengaluru South",
        "district": "Bengaluru Urban",
        "rural_or_urban": "Rural",
        "water_body_type_code": "02",
        "water_body_type": "Tank",
        "water_body_ownership": "Panchayat",
        "water_body_nature": "Natural",
        "in_use": "No",
        "encroached": "No",
        "storage_capacity_original": 4.0,
        "max_depth_m": null,
        "water_spread_area": 0.0,
        "image_path": "https://mi6census.mowr.gov.in/mic/getWaterBodyImageByURL/MIC_112002000003000031003.jpeg"
      },
      "geometry": {
        "type": "Point",
        "coordinates": [
          77.5330556,
          12.7763889
        ]
      }
    },
    {
      "type": "Feature",
      "properties": {
        "census_code": "1/12/002/000003/000051/001",
        "village": "THIPPAGONDANAHALLI",
        "block_tehsil": "BANGALORE SOUTH",
        "subdistrict": "Bengaluru South",
        "district": "Bengaluru Urban",
        "rural_or_urban": "Rural",
        "water_body_type_code": "02",
        "water_body_type": "Tank",
        "water_body_ownership": "Panchayat",
        "water_body_nature": "Natural",
        "in_use": "No",
        "encroached": "No",
        "storage_capacity_original": 4.0,
        "max_depth_m": null,
        "water_spread_area": 0.0,
        "image_path": "https://mi6census.mowr.gov.in/mic/getWaterBodyImageByURL/MIC_112002000003000051001.jpeg"
      },
      "geometry": {
        "type": "Point",
        "coordinates": [
          77.3347222,
          12.9533333
        ]
      }
    },
    {
      "type": "Feature",
      "properties": {
        "census_code": "1/12/002/000003/000008/001",
        "village": "THIPPUR",
        "block_tehsil": "BANGALORE SOUTH",
        "subdistrict": "Bengaluru South",
        "district": "Bengaluru Urban",
        "rural_or_urban": "Rural",
        "water_body_type_code": "02",
        "water_body_type": "Tank",
        "water_body_ownership": "Panchayat",
        "water_body_nature": "Natural",
        "in_use": "No",
        "encroached": "No",
        "storage_capacity_original": 4.0,
        "max_depth_m": null,
        "water_spread_area": 0.0,
        "image_path": "https://mi6census.mowr.gov.in/mic/getWaterBodyImageByURL/MIC_112002000003000008001.jpeg"
      },
      "geometry": {
        "type": "Point",
        "coordinates": [
          77.4463889,
          12.8241667
        ]
      }
    },
    {
      "type": "Feature",
      "properties": {
        "census_code": "1/12/002/000003/000020/002",
        "village": "UTTARI",
        "block_tehsil": "BANGALORE SOUTH",
        "subdistrict": "Bengaluru South",
        "district": "Bengaluru Urban",
        "rural_or_urban": "Rural",
        "water_body_type_code": "02",
        "water_body_type": "Tank",
        "water_body_ownership": "Panchayat",
        "water_body_nature": "Natural",
        "in_use": "No",
        "encroached": "No",
        "storage_capacity_original": 4.0,
        "max_depth_m": null,
        "water_spread_area": 0.0,
        "image_path": "https://mi6census.mowr.gov.in/mic/getWaterBodyImageByURL/MIC_112002000003000020002.jpeg"
      },
      "geometry": {
        "type": "Point",
        "coordinates": [
          77.4888889,
          12.81
        ]
      }
    },
    {
      "type": "Feature",
      "properties": {
        "census_code": "1/12/002/000003/000020/001",
        "village": "UTTARI",
        "block_tehsil": "BANGALORE SOUTH",
        "subdistrict": "Bengaluru South",
        "district": "Bengaluru Urban",
        "rural_or_urban": "Rural",
        "water_body_type_code": "02",
        "water_body_type": "Tank",
        "water_body_ownership": "Panchayat",
        "water_body_nature": "Natural",
        "in_use": "No",
        "encroached": "No",
        "storage_capacity_original": 4.0,
        "max_depth_m": null,
        "water_spread_area": 0.0,
        "image_path": "https://mi6census.mowr.gov.in/mic/getWaterBodyImageByURL/MIC_112002000003000020001.jpeg"
      },
      "geometry": {
        "type": "Point",
        "coordinates": [
          77.4911111,
          12.8172222
        ]
      }
    },
    {
      "type": "Feature",
      "properties": {
        "census_code": "1/12/002/000003/000067/001",
        "village": "VADAHALLI",
        "block_tehsil": "BANGALORE SOUTH",
        "subdistrict": "Bengaluru South",
        "district": "Bengaluru Urban",
        "rural_or_urban": "Rural",
        "water_body_type_code": "02",
        "water_body_type": "Tank",
        "water_body_ownership": "Panchayat",
        "water_body_nature": "Natural",
        "in_use": "No",
        "encroached": "No",
        "storage_capacity_original": 4.0,
        "max_depth_m": null,
        "water_spread_area": 0.0,
        "image_path": "https://mi6census.mowr.gov.in/mic/getWaterBodyImageByURL/MIC_112002000003000067001.jpeg"
      },
      "geometry": {
        "type": "Point",
        "coordinates": [
          77.5302778,
          12.8363889
        ]
      }
    },
    {
      "type": "Feature",
      "properties": {
        "census_code": "1/12/002/000003/000067/002",
        "village": "VADAHALLI",
        "block_tehsil": "BANGALORE SOUTH",
        "subdistrict": "Bengaluru South",
        "district": "Bengaluru Urban",
        "rural_or_urban": "Rural",
        "water_body_type_code": "02",
        "water_body_type": "Tank",
        "water_body_ownership": "Panchayat",
        "water_body_nature": "Natural",
        "in_use": "No",
        "encroached": "No",
        "storage_capacity_original": 4.0,
        "max_depth_m": null,
        "water_spread_area": 0.0,
        "image_path": "https://mi6census.mowr.gov.in/mic/getWaterBodyImageByURL/MIC_112002000003000067002.jpeg"
      },
      "geometry": {
        "type": "Point",
        "coordinates": [
          77.5186111,
          12.8405556
        ]
      }
    },
    {
      "type": "Feature",
      "properties": {
        "census_code": "1/12/002/000003/000058/001",
        "village": "YALACHAGUPPE RAMAPURA",
        "block_tehsil": "BANGALORE SOUTH",
        "subdistrict": "Bengaluru South",
        "district": "Bengaluru Urban",
        "rural_or_urban": "Rural",
        "water_body_type_code": "02",
        "water_body_type": "Tank",
        "water_body_ownership": "Panchayat",
        "water_body_nature": "Natural",
        "in_use": "No",
        "encroached": "No",
        "storage_capacity_original": 4.0,
        "max_depth_m": null,
        "water_spread_area": 0.0,
        "image_path": "https://mi6census.mowr.gov.in/mic/getWaterBodyImageByURL/MIC_112002000003000058001.jpeg"
      },
      "geometry": {
        "type": "Point",
        "coordinates": [
          77.4233333,
          12.9655556
        ]
      }
    },
    {
      "type": "Feature",
      "properties": {
        "census_code": "1/12/002/000003/000059/002",
        "village": "YELACHAGUPPE",
        "block_tehsil": "BANGALORE SOUTH",
        "subdistrict": "Bengaluru South",
        "district": "Bengaluru Urban",
        "rural_or_urban": "Rural",
        "water_body_type_code": "01",
        "water_body_type": "Pond",
        "water_body_ownership": "State WRD/State Irrigation",
        "water_body_nature": "Natural",
        "in_use": "No",
        "encroached": "No",
        "storage_capacity_original": 4.0,
        "max_depth_m": null,
        "water_spread_area": 0.0,
        "image_path": "https://mi6census.mowr.gov.in/mic/getWaterBodyImageByURL/MIC_112002000003000059002.jpeg"
      },
      "geometry": {
        "type": "Point",
        "coordinates": [
          77.4208333,
          12.9644444
        ]
      }
    },
    {
      "type": "Feature",
      "properties": {
        "census_code": "1/12/002/000003/000059/003",
        "village": "YELACHAGUPPE",
        "block_tehsil": "BANGALORE SOUTH",
        "subdistrict": "Bengaluru South",
        "district": "Bengaluru Urban",
        "rural_or_urban": "Rural",
        "water_body_type_code": "01",
        "water_body_type": "Pond",
        "water_body_ownership": "State WRD/State Irrigation",
        "water_body_nature": "Natural",
        "in_use": "No",
        "encroached": "No",
        "storage_capacity_original": 4.0,
        "max_depth_m": null,
        "water_spread_area": 0.0,
        "image_path": "https://mi6census.mowr.gov.in/mic/getWaterBodyImageByURL/MIC_112002000003000059003.jpeg"
      },
      "geometry": {
        "type": "Point",
        "coordinates": [
          77.4172222,
          12.9580556
        ]
      }
    },
    {
      "type": "Feature",
      "properties": {
        "census_code": "1/12/002/000003/000059/001",
        "village": "YELACHAGUPPE",
        "block_tehsil": "BANGALORE SOUTH",
        "subdistrict": "Bengaluru South",
        "district": "Bengaluru Urban",
        "rural_or_urban": "Rural",
        "water_body_type_code": "01",
        "water_body_type": "Pond",
        "water_body_ownership": "State WRD/State Irrigation",
        "water_body_nature": "Natural",
        "in_use": "No",
        "encroached": "No",
        "storage_capacity_original": 4.0,
        "max_depth_m": null,
        "water_spread_area": 0.0,
        "image_path": "https://mi6census.mowr.gov.in/mic/getWaterBodyImageByURL/MIC_112002000003000059001.jpeg"
      },
      "geometry": {
        "type": "Point",
        "coordinates": [
          77.4244444,
          12.9605556
        ]
      }
    },
    {
      "type": "Feature",
      "properties": {
        "census_code": "2/12/002/253189/025883/001",
        "village": "BANGALORE (M CORP.) - WARD NO.1",
        "block_tehsil": "ANEKAL",
        "subdistrict": "99999- Area Not Under Any Sub-district",
        "district": "Bengaluru Urban",
        "rural_or_urban": "Urban",
        "water_body_type_code": "02",
        "water_body_type": "Tank",
        "water_body_ownership": "Panchayat",
        "water_body_nature": "Natural",
        "in_use": "No",
        "encroached": "No",
        "storage_capacity_original": 4.0,
        "max_depth_m": 0.0,
        "water_spread_area": 0.0,
        "image_path": "https://mi6census.mowr.gov.in/mic/getWaterBodyImageByURL/MIC_212002253189025883001.jpeg"
      },
      "geometry": {
        "type": "Point",
        "coordinates": [
          77.5961111,
          13.1055556
        ]
      }
    },
    {
      "type": "Feature",
      "properties": {
        "census_code": "2/12/002/253189/025981/001",
        "village": "BANGALORE (M CORP.) - WARD NO.10",
        "block_tehsil": "ANEKAL",
        "subdistrict": "99999- Area Not Under Any Sub-district",
        "district": "Bengaluru Urban",
        "rural_or_urban": "Urban",
        "water_body_type_code": "01",
        "water_body_type": "Pond",
        "water_body_ownership": "Panchayat",
        "water_body_nature": "Natural",
        "in_use": "No",
        "encroached": "No",
        "storage_capacity_original": 4.0,
        "max_depth_m": 0.0,
        "water_spread_area": 0.0,
        "image_path": "https://mi6census.mowr.gov.in/mic/getWaterBodyImageByURL/MIC_212002253189025981001.jpeg"
      },
      "geometry": {
        "type": "Point",
        "coordinates": [
          77.5675,
          13.0630556
        ]
      }
    },
    {
      "type": "Feature",
      "properties": {
        "census_code": "2/12/002/253189/025982/001",
        "village": "BANGALORE (M CORP.) - WARD NO.11",
        "block_tehsil": "ANEKAL",
        "subdistrict": "99999- Area Not Under Any Sub-district",
        "district": "Bengaluru Urban",
        "rural_or_urban": "Urban",
        "water_body_type_code": "02",
        "water_body_type": "Tank",
        "water_body_ownership": "Panchayat",
        "water_body_nature": "Natural",
        "in_use": "No",
        "encroached": "No",
        "storage_capacity_original": 4.0,
        "max_depth_m": 0.0,
        "water_spread_area": 0.0,
        "image_path": "https://mi6census.mowr.gov.in/mic/getWaterBodyImageByURL/MIC_212002253189025982001.jpeg"
      },
      "geometry": {
        "type": "Point",
        "coordinates": [
          77.5383333,
          13.0841667
        ]
      }
    },
    {
      "type": "Feature",
      "properties": {
        "census_code": "2/12/002/253189/025988/001",
        "village": "BANGALORE (M CORP.) - WARD NO.17",
        "block_tehsil": "ANEKAL",
        "subdistrict": "99999- Area Not Under Any Sub-district",
        "district": "Bengaluru Urban",
        "rural_or_urban": "Urban",
        "water_body_type_code": "03",
        "water_body_type": "Lake",
        "water_body_ownership": "Panchayat",
        "water_body_nature": "Natural",
        "in_use": "No",
        "encroached": "No",
        "storage_capacity_original": 4.0,
        "max_depth_m": 0.0,
        "water_spread_area": 0.0,
        "image_path": "https://mi6census.mowr.gov.in/mic/getWaterBodyImageByURL/MIC_212002253189025988001.jpeg"
      },
      "geometry": {
        "type": "Point",
        "coordinates": [
          77.5522222,
          13.0375
        ]
      }
    },
    {
      "type": "Feature",
      "properties": {
        "census_code": "2/12/002/253189/025884/002",
        "village": "BANGALORE (M CORP.) - WARD NO.2",
        "block_tehsil": "ANEKAL",
        "subdistrict": "99999- Area Not Under Any Sub-district",
        "district": "Bengaluru Urban",
        "rural_or_urban": "Urban",
        "water_body_type_code": "02",
        "water_body_type": "Tank",
        "water_body_ownership": "Panchayat",
        "water_body_nature": "Natural",
        "in_use": "No",
        "encroached": "No",
        "storage_capacity_original": 4.0,
        "max_depth_m": 0.0,
        "water_spread_area": 0.0,
        "image_path": "https://mi6census.mowr.gov.in/mic/getWaterBodyImageByURL/MIC_212002253189025884002.jpeg"
      },
      "geometry": {
        "type": "Point",
        "coordinates": [
          77.5780556,
          13.1130556
        ]
      }
    },
    {
      "type": "Feature",
      "properties": {
        "census_code": "2/12/002/253189/025884/001",
        "village": "BANGALORE (M CORP.) - WARD NO.2",
        "block_tehsil": "ANEKAL",
        "subdistrict": "99999- Area Not Under Any Sub-district",
        "district": "Bengaluru Urban",
        "rural_or_urban": "Urban",
        "water_body_type_code": "02",
        "water_body_type": "Tank",
        "water_body_ownership": "Panchayat",
        "water_body_nature": "Natural",
        "in_use": "No",
        "encroached": "No",
        "storage_capacity_original": 4.0,
        "max_depth_m": 0.0,
        "water_spread_area": 0.0,
        "image_path": "https://mi6census.mowr.gov.in/mic/getWaterBodyImageByURL/MIC_212002253189025884001.jpeg"
      },
      "geometry": {
        "type": "Point",
        "coordinates": [
          77.5772222,
          13.1330556
        ]
      }
    },
    {
      "type": "Feature",
      "properties": {
        "census_code": "2/12/002/253189/025996/004",
        "village": "BANGALORE (M CORP.) - WARD NO.25",
        "block_tehsil": "ANEKAL",
        "subdistrict": "99999- Area Not Under Any Sub-district",
        "district": "Bengaluru Urban",
        "rural_or_urban": "Urban",
        "water_body_type_code": "03",
        "water_body_type": "Lake",
        "water_body_ownership": "Panchayat",
        "water_body_nature": "Natural",
        "in_use": "No",
        "encroached": "No",
        "storage_capacity_original": 4.0,
        "max_depth_m": 0.0,
        "water_spread_area": 0.0,
        "image_path": "https://mi6census.mowr.gov.in/mic/getWaterBodyImageByURL/MIC_212002253189025996004.jpeg"
      },
      "geometry": {
        "type": "Point",
        "coordinates": [
          77.6905556,
          12.9869444
        ]
      }
    },
    {
      "type": "Feature",
      "properties": {
        "census_code": "2/12/002/253189/025996/002",
        "village": "BANGALORE (M CORP.) - WARD NO.25",
        "block_tehsil": "ANEKAL",
        "subdistrict": "99999- Area Not Under Any Sub-district",
        "district": "Bengaluru Urban",
        "rural_or_urban": "Urban",
        "water_body_type_code": "03",
        "water_body_type": "Lake",
        "water_body_ownership": "Panchayat",
        "water_body_nature": "Natural",
        "in_use": "No",
        "encroached": "No",
        "storage_capacity_original": 4.0,
        "max_depth_m": 0.0,
        "water_spread_area": 0.0,
        "image_path": "https://mi6census.mowr.gov.in/mic/getWaterBodyImageByURL/MIC_212002253189025996002.jpeg"
      },
      "geometry": {
        "type": "Point",
        "coordinates": [
          77.6652778,
          13.0230556
        ]
      }
    },
    {
      "type": "Feature",
      "properties": {
        "census_code": "2/12/002/253189/025996/001",
        "village": "BANGALORE (M CORP.) - WARD NO.25",
        "block_tehsil": "ANEKAL",
        "subdistrict": "99999- Area Not Under Any Sub-district",
        "district": "Bengaluru Urban",
        "rural_or_urban": "Urban",
        "water_body_type_code": "03",
        "water_body_type": "Lake",
        "water_body_ownership": "Panchayat",
        "water_body_nature": "Natural",
        "in_use": "No",
        "encroached": "No",
        "storage_capacity_original": 4.0,
        "max_depth_m": 0.0,
        "water_spread_area": 0.0,
        "image_path": "https://mi6census.mowr.gov.in/mic/getWaterBodyImageByURL/MIC_212002253189025996001.jpeg"
      },
      "geometry": {
        "type": "Point",
        "coordinates": [
          77.6572222,
          13.0372222
        ]
      }
    },
    {
      "type": "Feature",
      "properties": {
        "census_code": "2/12/002/253189/025996/003",
        "village": "BANGALORE (M CORP.) - WARD NO.25",
        "block_tehsil": "ANEKAL",
        "subdistrict": "99999- Area Not Under Any Sub-district",
        "district": "Bengaluru Urban",
        "rural_or_urban": "Urban",
        "water_body_type_code": "03",
        "water_body_type": "Lake",
        "water_body_ownership": "Panchayat",
        "water_body_nature": "Natural",
        "in_use": "No",
        "encroached": "No",
        "storage_capacity_original": 4.0,
        "max_depth_m": 0.0,
        "water_spread_area": 0.0,
        "image_path": "https://mi6census.mowr.gov.in/mic/getWaterBodyImageByURL/MIC_212002253189025996003.jpeg"
      },
      "geometry": {
        "type": "Point",
        "coordinates": [
          77.685,
          12.9922222
        ]
      }
    },
    {
      "type": "Feature",
      "properties": {
        "census_code": "2/12/002/253189/025974/001",
        "village": "BANGALORE (M CORP.) - WARD NO.3",
        "block_tehsil": "ANEKAL",
        "subdistrict": "Anekal",
        "district": "Bengaluru Urban",
        "rural_or_urban": "Urban",
        "water_body_type_code": "01",
        "water_body_type": "Pond",
        "water_body_ownership": "Panchayat",
        "water_body_nature": "Natural",
        "in_use": "No",
        "encroached": "No",
        "storage_capacity_original": 4.0,
        "max_depth_m": 0.0,
        "water_spread_area": 0.0,
        "image_path": "https://mi6census.mowr.gov.in/mic/getWaterBodyImageByURL/MIC_212002253189025974001.jpeg"
      },
      "geometry": {
        "type": "Point",
        "coordinates": [
          77.6869444,
          12.7188889
        ]
      }
    },
    {
      "type": "Feature",
      "properties": {
        "census_code": "2/12/002/253189/025974/002",
        "village": "BANGALORE (M CORP.) - WARD NO.3",
        "block_tehsil": "ANEKAL",
        "subdistrict": "99999- Area Not Under Any Sub-district",
        "district": "Bengaluru Urban",
        "rural_or_urban": "Urban",
        "water_body_type_code": "01",
        "water_body_type": "Pond",
        "water_body_ownership": "Co-operative",
        "water_body_nature": "Natural",
        "in_use": "No",
        "encroached": "No",
        "storage_capacity_original": 4.0,
        "max_depth_m": 0.0,
        "water_spread_area": 0.0,
        "image_path": "https://mi6census.mowr.gov.in/mic/getWaterBodyImageByURL/MIC_212002253189025974002.jpeg"
      },
      "geometry": {
        "type": "Point",
        "coordinates": [
          77.5591667,
          13.1027778
        ]
      }
    },
    {
      "type": "Feature",
      "properties": {
        "census_code": "2/12/002/253189/025974/003",
        "village": "BANGALORE (M CORP.) - WARD NO.3",
        "block_tehsil": "ANEKAL",
        "subdistrict": "99999- Area Not Under Any Sub-district",
        "district": "Bengaluru Urban",
        "rural_or_urban": "Urban",
        "water_body_type_code": "02",
        "water_body_type": "Tank",
        "water_body_ownership": "Panchayat",
        "water_body_nature": "Natural",
        "in_use": "No",
        "encroached": "No",
        "storage_capacity_original": 4.0,
        "max_depth_m": 0.0,
        "water_spread_area": 0.0,
        "image_path": "https://mi6census.mowr.gov.in/mic/getWaterBodyImageByURL/MIC_212002253189025974003.jpeg"
      },
      "geometry": {
        "type": "Point",
        "coordinates": [
          77.565,
          13.11
        ]
      }
    },
    {
      "type": "Feature",
      "properties": {
        "census_code": "2/12/002/253189/026004/001",
        "village": "BANGALORE (M CORP.) - WARD NO.33",
        "block_tehsil": "ANEKAL",
        "subdistrict": "Anekal",
        "district": "Bengaluru Urban",
        "rural_or_urban": "Urban",
        "water_body_type_code": "03",
        "water_body_type": "Lake",
        "water_body_ownership": "Panchayat",
        "water_body_nature": "Natural",
        "in_use": "No",
        "encroached": "No",
        "storage_capacity_original": 4.0,
        "max_depth_m": 0.0,
        "water_spread_area": 0.0,
        "image_path": "https://mi6census.mowr.gov.in/mic/getWaterBodyImageByURL/MIC_212002253189026004001.jpeg"
      },
      "geometry": {
        "type": "Point",
        "coordinates": [
          77.7669444,
          12.925
        ]
      }
    },
    {
      "type": "Feature",
      "properties": {
        "census_code": "2/12/002/253189/026006/001",
        "village": "BANGALORE (M CORP.) - WARD NO.35",
        "block_tehsil": "ANEKAL",
        "subdistrict": "Anekal",
        "district": "Bengaluru Urban",
        "rural_or_urban": "Urban",
        "water_body_type_code": "03",
        "water_body_type": "Lake",
        "water_body_ownership": "Panchayat",
        "water_body_nature": "Natural",
        "in_use": "No",
        "encroached": "No",
        "storage_capacity_original": 4.0,
        "max_depth_m": 0.0,
        "water_spread_area": 0.0,
        "image_path": "https://mi6census.mowr.gov.in/mic/getWaterBodyImageByURL/MIC_212002253189026006001.jpeg"
      },
      "geometry": {
        "type": "Point",
        "coordinates": [
          77.7938889,
          12.9161111
        ]
      }
    },
    {
      "type": "Feature",
      "properties": {
        "census_code": "2/12/002/253189/025975/004",
        "village": "BANGALORE (M CORP.) - WARD NO.4",
        "block_tehsil": "ANEKAL",
        "subdistrict": "99999- Area Not Under Any Sub-district",
        "district": "Bengaluru Urban",
        "rural_or_urban": "Urban",
        "water_body_type_code": "03",
        "water_body_type": "Lake",
        "water_body_ownership": "Panchayat",
        "water_body_nature": "Natural",
        "in_use": "No",
        "encroached": "No",
        "storage_capacity_original": 4.0,
        "max_depth_m": 0.0,
        "water_spread_area": 0.0,
        "image_path": "https://mi6census.mowr.gov.in/mic/getWaterBodyImageByURL/MIC_212002253189025975004.jpeg"
      },
      "geometry": {
        "type": "Point",
        "coordinates": [
          77.5938889,
          13.0897222
        ]
      }
    },
    {
      "type": "Feature",
      "properties": {
        "census_code": "2/12/002/253189/025975/001",
        "village": "BANGALORE (M CORP.) - WARD NO.4",
        "block_tehsil": "ANEKAL",
        "subdistrict": "99999- Area Not Under Any Sub-district",
        "district": "Bengaluru Urban",
        "rural_or_urban": "Urban",
        "water_body_type_code": "02",
        "water_body_type": "Tank",
        "water_body_ownership": "Panchayat",
        "water_body_nature": "Natural",
        "in_use": "No",
        "encroached": "No",
        "storage_capacity_original": 4.0,
        "max_depth_m": 0.0,
        "water_spread_area": 0.0,
        "image_path": "https://mi6census.mowr.gov.in/mic/getWaterBodyImageByURL/MIC_212002253189025975001.jpeg"
      },
      "geometry": {
        "type": "Point",
        "coordinates": [
          77.5897222,
          13.0922222
        ]
      }
    },
    {
      "type": "Feature",
      "properties": {
        "census_code": "2/12/002/253189/025975/002",
        "village": "BANGALORE (M CORP.) - WARD NO.4",
        "block_tehsil": "ANEKAL",
        "subdistrict": "99999- Area Not Under Any Sub-district",
        "district": "Bengaluru Urban",
        "rural_or_urban": "Urban",
        "water_body_type_code": "02",
        "water_body_type": "Tank",
        "water_body_ownership": "Panchayat",
        "water_body_nature": "Natural",
        "in_use": "No",
        "encroached": "No",
        "storage_capacity_original": 4.0,
        "max_depth_m": 0.0,
        "water_spread_area": 0.0,
        "image_path": "https://mi6census.mowr.gov.in/mic/getWaterBodyImageByURL/MIC_212002253189025975002.jpeg"
      },
      "geometry": {
        "type": "Point",
        "coordinates": [
          77.5941667,
          13.0888889
        ]
      }
    },
    {
      "type": "Feature",
      "properties": {
        "census_code": "2/12/002/253189/025975/003",
        "village": "BANGALORE (M CORP.) - WARD NO.4",
        "block_tehsil": "ANEKAL",
        "subdistrict": "99999- Area Not Under Any Sub-district",
        "district": "Bengaluru Urban",
        "rural_or_urban": "Urban",
        "water_body_type_code": "03",
        "water_body_type": "Lake",
        "water_body_ownership": "Panchayat",
        "water_body_nature": "Natural",
        "in_use": "No",
        "encroached": "No",
        "storage_capacity_original": 4.0,
        "max_depth_m": 0.0,
        "water_spread_area": 0.0,
        "image_path": "https://mi6census.mowr.gov.in/mic/getWaterBodyImageByURL/MIC_212002253189025975003.jpeg"
      },
      "geometry": {
        "type": "Point",
        "coordinates": [
          77.5919444,
          13.0908333
        ]
      }
    },
    {
      "type": "Feature",
      "properties": {
        "census_code": "2/12/002/253189/026013/001",
        "village": "BANGALORE (M CORP.) - WARD NO.42",
        "block_tehsil": "ANEKAL",
        "subdistrict": "Anekal",
        "district": "Bengaluru Urban",
        "rural_or_urban": "Urban",
        "water_body_type_code": "03",
        "water_body_type": "Lake",
        "water_body_ownership": "Panchayat",
        "water_body_nature": "Natural",
        "in_use": "No",
        "encroached": "No",
        "storage_capacity_original": 4.0,
        "max_depth_m": 0.0,
        "water_spread_area": 0.0,
        "image_path": "https://mi6census.mowr.gov.in/mic/getWaterBodyImageByURL/MIC_212002253189026013001.jpeg"
      },
      "geometry": {
        "type": "Point",
        "coordinates": [
          77.7913889,
          12.9080556
        ]
      }
    },
    {
      "type": "Feature",
      "properties": {
        "census_code": "2/12/002/253189/025976/007",
        "village": "BANGALORE (M CORP.) - WARD NO.5",
        "block_tehsil": "ANEKAL",
        "subdistrict": "99999- Area Not Under Any Sub-district",
        "district": "Bengaluru Urban",
        "rural_or_urban": "Urban",
        "water_body_type_code": "03",
        "water_body_type": "Lake",
        "water_body_ownership": "Panchayat",
        "water_body_nature": "Natural",
        "in_use": "No",
        "encroached": "No",
        "storage_capacity_original": 4.0,
        "max_depth_m": 0.0,
        "water_spread_area": 0.0,
        "image_path": "https://mi6census.mowr.gov.in/mic/getWaterBodyImageByURL/MIC_212002253189025976007.jpeg"
      },
      "geometry": {
        "type": "Point",
        "coordinates": [
          77.6144444,
          13.0805556
        ]
      }
    },
    {
      "type": "Feature",
      "properties": {
        "census_code": "2/12/002/253189/025976/002",
        "village": "BANGALORE (M CORP.) - WARD NO.5",
        "block_tehsil": "ANEKAL",
        "subdistrict": "99999- Area Not Under Any Sub-district",
        "district": "Bengaluru Urban",
        "rural_or_urban": "Urban",
        "water_body_type_code": "03",
        "water_body_type": "Lake",
        "water_body_ownership": "Panchayat",
        "water_body_nature": "Natural",
        "in_use": "No",
        "encroached": "No",
        "storage_capacity_original": 4.0,
        "max_depth_m": 0.0,
        "water_spread_area": 0.0,
        "image_path": "https://mi6census.mowr.gov.in/mic/getWaterBodyImageByURL/MIC_212002253189025976002.jpeg"
      },
      "geometry": {
        "type": "Point",
        "coordinates": [
          77.6269444,
          13.1158333
        ]
      }
    },
    {
      "type": "Feature",
      "properties": {
        "census_code": "2/12/002/253189/025976/001",
        "village": "BANGALORE (M CORP.) - WARD NO.5",
        "block_tehsil": "ANEKAL",
        "subdistrict": "99999- Area Not Under Any Sub-district",
        "district": "Bengaluru Urban",
        "rural_or_urban": "Urban",
        "water_body_type_code": "03",
        "water_body_type": "Lake",
        "water_body_ownership": "Panchayat",
        "water_body_nature": "Natural",
        "in_use": "No",
        "encroached": "No",
        "storage_capacity_original": 4.0,
        "max_depth_m": 0.0,
        "water_spread_area": 0.0,
        "image_path": "https://mi6census.mowr.gov.in/mic/getWaterBodyImageByURL/MIC_212002253189025976001.jpeg"
      },
      "geometry": {
        "type": "Point",
        "coordinates": [
          77.615,
          13.1155556
        ]
      }
    },
    {
      "type": "Feature",
      "properties": {
        "census_code": "2/12/002/253189/025976/008",
        "village": "BANGALORE (M CORP.) - WARD NO.5",
        "block_tehsil": "ANEKAL",
        "subdistrict": "99999- Area Not Under Any Sub-district",
        "district": "Bengaluru Urban",
        "rural_or_urban": "Urban",
        "water_body_type_code": "03",
        "water_body_type": "Lake",
        "water_body_ownership": "Panchayat",
        "water_body_nature": "Natural",
        "in_use": "No",
        "encroached": "No",
        "storage_capacity_original": 4.0,
        "max_depth_m": 0.0,
        "water_spread_area": 0.0,
        "image_path": "https://mi6census.mowr.gov.in/mic/getWaterBodyImageByURL/MIC_212002253189025976008.jpeg"
      },
      "geometry": {
        "type": "Point",
        "coordinates": [
          77.6113889,
          13.0652778
        ]
      }
    },
    {
      "type": "Feature",
      "properties": {
        "census_code": "2/12/002/253189/025976/009",
        "village": "BANGALORE (M CORP.) - WARD NO.5",
        "block_tehsil": "ANEKAL",
        "subdistrict": "99999- Area Not Under Any Sub-district",
        "district": "Bengaluru Urban",
        "rural_or_urban": "Urban",
        "water_body_type_code": "02",
        "water_body_type": "Tank",
        "water_body_ownership": "Panchayat",
        "water_body_nature": "Natural",
        "in_use": "No",
        "encroached": "No",
        "storage_capacity_original": 4.0,
        "max_depth_m": 0.0,
        "water_spread_area": 0.0,
        "image_path": "https://mi6census.mowr.gov.in/mic/getWaterBodyImageByURL/MIC_212002253189025976009.jpeg"
      },
      "geometry": {
        "type": "Point",
        "coordinates": [
          77.6252778,
          13.1063889
        ]
      }
    },
    {
      "type": "Feature",
      "properties": {
        "census_code": "2/12/002/253189/025976/006",
        "village": "BANGALORE (M CORP.) - WARD NO.5",
        "block_tehsil": "ANEKAL",
        "subdistrict": "99999- Area Not Under Any Sub-district",
        "district": "Bengaluru Urban",
        "rural_or_urban": "Urban",
        "water_body_type_code": "03",
        "water_body_type": "Lake",
        "water_body_ownership": "Panchayat",
        "water_body_nature": "Natural",
        "in_use": "No",
        "encroached": "No",
        "storage_capacity_original": 4.0,
        "max_depth_m": 0.0,
        "water_spread_area": 0.0,
        "image_path": "https://mi6census.mowr.gov.in/mic/getWaterBodyImageByURL/MIC_212002253189025976006.jpeg"
      },
      "geometry": {
        "type": "Point",
        "coordinates": [
          77.63,
          13.0852778
        ]
      }
    },
    {
      "type": "Feature",
      "properties": {
        "census_code": "2/12/002/253189/025976/005",
        "village": "BANGALORE (M CORP.) - WARD NO.5",
        "block_tehsil": "ANEKAL",
        "subdistrict": "99999- Area Not Under Any Sub-district",
        "district": "Bengaluru Urban",
        "rural_or_urban": "Urban",
        "water_body_type_code": "03",
        "water_body_type": "Lake",
        "water_body_ownership": "Panchayat",
        "water_body_nature": "Natural",
        "in_use": "No",
        "encroached": "No",
        "storage_capacity_original": 4.0,
        "max_depth_m": 0.0,
        "water_spread_area": 0.0,
        "image_path": "https://mi6census.mowr.gov.in/mic/getWaterBodyImageByURL/MIC_212002253189025976005.jpeg"
      },
      "geometry": {
        "type": "Point",
        "coordinates": [
          77.6319444,
          13.0919444
        ]
      }
    },
    {
      "type": "Feature",
      "properties": {
        "census_code": "2/12/002/253189/025976/004",
        "village": "BANGALORE (M CORP.) - WARD NO.5",
        "block_tehsil": "ANEKAL",
        "subdistrict": "99999- Area Not Under Any Sub-district",
        "district": "Bengaluru Urban",
        "rural_or_urban": "Urban",
        "water_body_type_code": "03",
        "water_body_type": "Lake",
        "water_body_ownership": "Panchayat",
        "water_body_nature": "Natural",
        "in_use": "No",
        "encroached": "No",
        "storage_capacity_original": 4.0,
        "max_depth_m": 0.0,
        "water_spread_area": 0.0,
        "image_path": "https://mi6census.mowr.gov.in/mic/getWaterBodyImageByURL/MIC_212002253189025976004.jpeg"
      },
      "geometry": {
        "type": "Point",
        "coordinates": [
          77.6258333,
          13.09
        ]
      }
    },
    {
      "type": "Feature",
      "properties": {
        "census_code": "2/12/002/253189/025976/003",
        "village": "BANGALORE (M CORP.) - WARD NO.5",
        "block_tehsil": "ANEKAL",
        "subdistrict": "99999- Area Not Under Any Sub-district",
        "district": "Bengaluru Urban",
        "rural_or_urban": "Urban",
        "water_body_type_code": "03",
        "water_body_type": "Lake",
        "water_body_ownership": "Panchayat",
        "water_body_nature": "Natural",
        "in_use": "No",
        "encroached": "No",
        "storage_capacity_original": 4.0,
        "max_depth_m": 0.0,
        "water_spread_area": 0.0,
        "image_path": "https://mi6census.mowr.gov.in/mic/getWaterBodyImageByURL/MIC_212002253189025976003.jpeg"
      },
      "geometry": {
        "type": "Point",
        "coordinates": [
          77.6177778,
          13.1072222
        ]
      }
    },
    {
      "type": "Feature",
      "properties": {
        "census_code": "2/12/002/253189/026022/001",
        "village": "BANGALORE (M CORP.) - WARD NO.51",
        "block_tehsil": "ANEKAL",
        "subdistrict": "99999- Area Not Under Any Sub-district",
        "district": "Bengaluru Urban",
        "rural_or_urban": "Urban",
        "water_body_type_code": "03",
        "water_body_type": "Lake",
        "water_body_ownership": "Panchayat",
        "water_body_nature": "Natural",
        "in_use": "No",
        "encroached": "No",
        "storage_capacity_original": 4.0,
        "max_depth_m": 0.0,
        "water_spread_area": 0.0,
        "image_path": "https://mi6census.mowr.gov.in/mic/getWaterBodyImageByURL/MIC_212002253189026022001.jpeg"
      },
      "geometry": {
        "type": "Point",
        "coordinates": [
          77.6769444,
          13.0091667
        ]
      }
    },
    {
      "type": "Feature",
      "properties": {
        "census_code": "2/12/002/253189/026023/003",
        "village": "BANGALORE (M CORP.) - WARD NO.52",
        "block_tehsil": "ANEKAL",
        "subdistrict": "99999- Area Not Under Any Sub-district",
        "district": "Bengaluru Urban",
        "rural_or_urban": "Urban",
        "water_body_type_code": "01",
        "water_body_type": "Pond",
        "water_body_ownership": "Panchayat",
        "water_body_nature": "Natural",
        "in_use": "No",
        "encroached": "No",
        "storage_capacity_original": 4.0,
        "max_depth_m": 0.0,
        "water_spread_area": 0.0,
        "image_path": "https://mi6census.mowr.gov.in/mic/getWaterBodyImageByURL/MIC_212002253189026023003.jpeg"
      },
      "geometry": {
        "type": "Point",
        "coordinates": [
          77.7030556,
          13.0155556
        ]
      }
    },
    {
      "type": "Feature",
      "properties": {
        "census_code": "2/12/002/253189/026023/002",
        "village": "BANGALORE (M CORP.) - WARD NO.52",
        "block_tehsil": "ANEKAL",
        "subdistrict": "99999- Area Not Under Any Sub-district",
        "district": "Bengaluru Urban",
        "rural_or_urban": "Urban",
        "water_body_type_code": "03",
        "water_body_type": "Lake",
        "water_body_ownership": "Panchayat",
        "water_body_nature": "Natural",
        "in_use": "No",
        "encroached": "No",
        "storage_capacity_original": 4.0,
        "max_depth_m": 0.0,
        "water_spread_area": 0.0,
        "image_path": "https://mi6census.mowr.gov.in/mic/getWaterBodyImageByURL/MIC_212002253189026023002.jpeg"
      },
      "geometry": {
        "type": "Point",
        "coordinates": [
          77.7102778,
          13.0236111
        ]
      }
    },
    {
      "type": "Feature",
      "properties": {
        "census_code": "2/12/002/253189/026023/001",
        "village": "BANGALORE (M CORP.) - WARD NO.52",
        "block_tehsil": "ANEKAL",
        "subdistrict": "99999- Area Not Under Any Sub-district",
        "district": "Bengaluru Urban",
        "rural_or_urban": "Urban",
        "water_body_type_code": "03",
        "water_body_type": "Lake",
        "water_body_ownership": "Panchayat",
        "water_body_nature": "Natural",
        "in_use": "No",
        "encroached": "No",
        "storage_capacity_original": 4.0,
        "max_depth_m": 0.0,
        "water_spread_area": 0.0,
        "image_path": "https://mi6census.mowr.gov.in/mic/getWaterBodyImageByURL/MIC_212002253189026023001.jpeg"
      },
      "geometry": {
        "type": "Point",
        "coordinates": [
          77.6841667,
          13.0122222
        ]
      }
    },
    {
      "type": "Feature",
      "properties": {
        "census_code": "2/12/002/253189/026024/001",
        "village": "BANGALORE (M CORP.) - WARD NO.53",
        "block_tehsil": "ANEKAL",
        "subdistrict": "99999- Area Not Under Any Sub-district",
        "district": "Bengaluru Urban",
        "rural_or_urban": "Urban",
        "water_body_type_code": "03",
        "water_body_type": "Lake",
        "water_body_ownership": "Panchayat",
        "water_body_nature": "Natural",
        "in_use": "No",
        "encroached": "No",
        "storage_capacity_original": 4.0,
        "max_depth_m": 0.0,
        "water_spread_area": 0.0,
        "image_path": "https://mi6census.mowr.gov.in/mic/getWaterBodyImageByURL/MIC_212002253189026024001.jpeg"
      },
      "geometry": {
        "type": "Point",
        "coordinates": [
          77.7116667,
          13.0091667
        ]
      }
    },
    {
      "type": "Feature",
      "properties": {
        "census_code": "2/12/002/253189/026024/002",
        "village": "BANGALORE (M CORP.) - WARD NO.53",
        "block_tehsil": "ANEKAL",
        "subdistrict": "99999- Area Not Under Any Sub-district",
        "district": "Bengaluru Urban",
        "rural_or_urban": "Urban",
        "water_body_type_code": "03",
        "water_body_type": "Lake",
        "water_body_ownership": "Panchayat",
        "water_body_nature": "Natural",
        "in_use": "No",
        "encroached": "No",
        "storage_capacity_original": 4.0,
        "max_depth_m": 0.0,
        "water_spread_area": 0.0,
        "image_path": "https://mi6census.mowr.gov.in/mic/getWaterBodyImageByURL/MIC_212002253189026024002.jpeg"
      },
      "geometry": {
        "type": "Point",
        "coordinates": [
          77.7116667,
          13.015
        ]
      }
    },
    {
      "type": "Feature",
      "properties": {
        "census_code": "2/12/002/253189/026025/002",
        "village": "BANGALORE (M CORP.) - WARD NO.54",
        "block_tehsil": "ANEKAL",
        "subdistrict": "99999- Area Not Under Any Sub-district",
        "district": "Bengaluru Urban",
        "rural_or_urban": "Urban",
        "water_body_type_code": "03",
        "water_body_type": "Lake",
        "water_body_ownership": "Panchayat",
        "water_body_nature": "Natural",
        "in_use": "No",
        "encroached": "No",
        "storage_capacity_original": 4.0,
        "max_depth_m": 0.0,
        "water_spread_area": 0.0,
        "image_path": "https://mi6census.mowr.gov.in/mic/getWaterBodyImageByURL/MIC_212002253189026025002.jpeg"
      },
      "geometry": {
        "type": "Point",
        "coordinates": [
          77.7169444,
          12.9988889
        ]
      }
    },
    {
      "type": "Feature",
      "properties": {
        "census_code": "2/12/002/253189/026025/006",
        "village": "BANGALORE (M CORP.) - WARD NO.54",
        "block_tehsil": "ANEKAL",
        "subdistrict": "99999- Area Not Under Any Sub-district",
        "district": "Bengaluru Urban",
        "rural_or_urban": "Urban",
        "water_body_type_code": "03",
        "water_body_type": "Lake",
        "water_body_ownership": "Panchayat",
        "water_body_nature": "Natural",
        "in_use": "No",
        "encroached": "No",
        "storage_capacity_original": 4.0,
        "max_depth_m": 0.0,
        "water_spread_area": 0.0,
        "image_path": "https://mi6census.mowr.gov.in/mic/getWaterBodyImageByURL/MIC_212002253189026025006.jpeg"
      },
      "geometry": {
        "type": "Point",
        "coordinates": [
          77.7466667,
          12.9802778
        ]
      }
    },
    {
      "type": "Feature",
      "properties": {
        "census_code": "2/12/002/253189/026025/004",
        "village": "BANGALORE (M CORP.) - WARD NO.54",
        "block_tehsil": "ANEKAL",
        "subdistrict": "99999- Area Not Under Any Sub-district",
        "district": "Bengaluru Urban",
        "rural_or_urban": "Urban",
        "water_body_type_code": "03",
        "water_body_type": "Lake",
        "water_body_ownership": "Panchayat",
        "water_body_nature": "Natural",
        "in_use": "No",
        "encroached": "No",
        "storage_capacity_original": 4.0,
        "max_depth_m": 1.0,
        "water_spread_area": 0.0,
        "image_path": "https://mi6census.mowr.gov.in/mic/getWaterBodyImageByURL/MIC_212002253189026025004.jpeg"
      },
      "geometry": {
        "type": "Point",
        "coordinates": [
          77.7244444,
          12.9983333
        ]
      }
    },
    {
      "type": "Feature",
      "properties": {
        "census_code": "2/12/002/253189/026025/005",
        "village": "BANGALORE (M CORP.) - WARD NO.54",
        "block_tehsil": "ANEKAL",
        "subdistrict": "99999- Area Not Under Any Sub-district",
        "district": "Bengaluru Urban",
        "rural_or_urban": "Urban",
        "water_body_type_code": "03",
        "water_body_type": "Lake",
        "water_body_ownership": "Panchayat",
        "water_body_nature": "Natural",
        "in_use": "No",
        "encroached": "No",
        "storage_capacity_original": 4.0,
        "max_depth_m": 0.0,
        "water_spread_area": 0.0,
        "image_path": "https://mi6census.mowr.gov.in/mic/getWaterBodyImageByURL/MIC_212002253189026025005.jpeg"
      },
      "geometry": {
        "type": "Point",
        "coordinates": [
          77.7380556,
          12.9780556
        ]
      }
    },
    {
      "type": "Feature",
      "properties": {
        "census_code": "2/12/002/253189/026025/001",
        "village": "BANGALORE (M CORP.) - WARD NO.54",
        "block_tehsil": "ANEKAL",
        "subdistrict": "99999- Area Not Under Any Sub-district",
        "district": "Bengaluru Urban",
        "rural_or_urban": "Urban",
        "water_body_type_code": "03",
        "water_body_type": "Lake",
        "water_body_ownership": "Panchayat",
        "water_body_nature": "Natural",
        "in_use": "No",
        "encroached": "No",
        "storage_capacity_original": 4.0,
        "max_depth_m": 0.0,
        "water_spread_area": 0.0,
        "image_path": "https://mi6census.mowr.gov.in/mic/getWaterBodyImageByURL/MIC_212002253189026025001.jpeg"
      },
      "geometry": {
        "type": "Point",
        "coordinates": [
          77.6866667,
          13.0255556
        ]
      }
    },
    {
      "type": "Feature",
      "properties": {
        "census_code": "2/12/002/253189/026025/003",
        "village": "BANGALORE (M CORP.) - WARD NO.54",
        "block_tehsil": "ANEKAL",
        "subdistrict": "99999- Area Not Under Any Sub-district",
        "district": "Bengaluru Urban",
        "rural_or_urban": "Urban",
        "water_body_type_code": "03",
        "water_body_type": "Lake",
        "water_body_ownership": "Panchayat",
        "water_body_nature": "Natural",
        "in_use": "No",
        "encroached": "No",
        "storage_capacity_original": 4.0,
        "max_depth_m": 0.0,
        "water_spread_area": 0.0,
        "image_path": "https://mi6census.mowr.gov.in/mic/getWaterBodyImageByURL/MIC_212002253189026025003.jpeg"
      },
      "geometry": {
        "type": "Point",
        "coordinates": [
          77.7130556,
          12.9808333
        ]
      }
    },
    {
      "type": "Feature",
      "properties": {
        "census_code": "2/12/002/253189/026026/001",
        "village": "BANGALORE (M CORP.) - WARD NO.55",
        "block_tehsil": "ANEKAL",
        "subdistrict": "99999- Area Not Under Any Sub-district",
        "district": "Bengaluru Urban",
        "rural_or_urban": "Urban",
        "water_body_type_code": "03",
        "water_body_type": "Lake",
        "water_body_ownership": "Panchayat",
        "water_body_nature": "Natural",
        "in_use": "No",
        "encroached": "No",
        "storage_capacity_original": 4.0,
        "max_depth_m": 0.0,
        "water_spread_area": 0.0,
        "image_path": "https://mi6census.mowr.gov.in/mic/getWaterBodyImageByURL/MIC_212002253189026026001.jpeg"
      },
      "geometry": {
        "type": "Point",
        "coordinates": [
          77.7041667,
          13.0038889
        ]
      }
    },
    {
      "type": "Feature",
      "properties": {
        "census_code": "2/12/002/253189/026026/002",
        "village": "BANGALORE (M CORP.) - WARD NO.55",
        "block_tehsil": "ANEKAL",
        "subdistrict": "99999- Area Not Under Any Sub-district",
        "district": "Bengaluru Urban",
        "rural_or_urban": "Urban",
        "water_body_type_code": "01",
        "water_body_type": "Pond",
        "water_body_ownership": "Panchayat",
        "water_body_nature": "Natural",
        "in_use": "No",
        "encroached": "No",
        "storage_capacity_original": 4.0,
        "max_depth_m": 0.0,
        "water_spread_area": 0.0,
        "image_path": "https://mi6census.mowr.gov.in/mic/getWaterBodyImageByURL/MIC_212002253189026026002.jpeg"
      },
      "geometry": {
        "type": "Point",
        "coordinates": [
          77.6927778,
          13.0041667
        ]
      }
    },
    {
      "type": "Feature",
      "properties": {
        "census_code": "2/12/002/253189/026027/001",
        "village": "BANGALORE (M CORP.) - WARD NO.56",
        "block_tehsil": "ANEKAL",
        "subdistrict": "99999- Area Not Under Any Sub-district",
        "district": "Bengaluru Urban",
        "rural_or_urban": "Urban",
        "water_body_type_code": "03",
        "water_body_type": "Lake",
        "water_body_ownership": "Panchayat",
        "water_body_nature": "Natural",
        "in_use": "No",
        "encroached": "No",
        "storage_capacity_original": 4.0,
        "max_depth_m": 0.0,
        "water_spread_area": 0.0,
        "image_path": "https://mi6census.mowr.gov.in/mic/getWaterBodyImageByURL/MIC_212002253189026027001.jpeg"
      },
      "geometry": {
        "type": "Point",
        "coordinates": [
          77.6830556,
          12.9961111
        ]
      }
    },
    {
      "type": "Feature",
      "properties": {
        "census_code": "2/12/002/253189/026028/001",
        "village": "BANGALORE (M CORP.) - WARD NO.57",
        "block_tehsil": "ANEKAL",
        "subdistrict": "99999- Area Not Under Any Sub-district",
        "district": "Bengaluru Urban",
        "rural_or_urban": "Urban",
        "water_body_type_code": "02",
        "water_body_type": "Tank",
        "water_body_ownership": "Panchayat",
        "water_body_nature": "Natural",
        "in_use": "No",
        "encroached": "No",
        "storage_capacity_original": 4.0,
        "max_depth_m": 0.0,
        "water_spread_area": 0.0,
        "image_path": "https://mi6census.mowr.gov.in/mic/getWaterBodyImageByURL/MIC_212002253189026028001.jpeg"
      },
      "geometry": {
        "type": "Point",
        "coordinates": [
          77.6719444,
          12.9802778
        ]
      }
    },
    {
      "type": "Feature",
      "properties": {
        "census_code": "2/12/002/253189/026028/002",
        "village": "BANGALORE (M CORP.) - WARD NO.57",
        "block_tehsil": "ANEKAL",
        "subdistrict": "99999- Area Not Under Any Sub-district",
        "district": "Bengaluru Urban",
        "rural_or_urban": "Urban",
        "water_body_type_code": "02",
        "water_body_type": "Tank",
        "water_body_ownership": "Panchayat",
        "water_body_nature": "Natural",
        "in_use": "No",
        "encroached": "No",
        "storage_capacity_original": 4.0,
        "max_depth_m": 0.0,
        "water_spread_area": 0.0,
        "image_path": "https://mi6census.mowr.gov.in/mic/getWaterBodyImageByURL/MIC_212002253189026028002.jpeg"
      },
      "geometry": {
        "type": "Point",
        "coordinates": [
          77.6608333,
          12.9786111
        ]
      }
    },
    {
      "type": "Feature",
      "properties": {
        "census_code": "2/12/002/253189/026029/001",
        "village": "BANGALORE (M CORP.) - WARD NO.58",
        "block_tehsil": "ANEKAL",
        "subdistrict": "99999- Area Not Under Any Sub-district",
        "district": "Bengaluru Urban",
        "rural_or_urban": "Urban",
        "water_body_type_code": "03",
        "water_body_type": "Lake",
        "water_body_ownership": "Panchayat",
        "water_body_nature": "Natural",
        "in_use": "No",
        "encroached": "No",
        "storage_capacity_original": 4.0,
        "max_depth_m": 0.0,
        "water_spread_area": 0.0,
        "image_path": "https://mi6census.mowr.gov.in/mic/getWaterBodyImageByURL/MIC_212002253189026029001.jpeg"
      },
      "geometry": {
        "type": "Point",
        "coordinates": [
          77.6552778,
          12.98
        ]
      }
    },
    {
      "type": "Feature",
      "properties": {
        "census_code": "2/12/002/253189/026038/001",
        "village": "BANGALORE (M CORP.) - WARD NO.67",
        "block_tehsil": "ANEKAL",
        "subdistrict": "Anekal",
        "district": "Bengaluru Urban",
        "rural_or_urban": "Urban",
        "water_body_type_code": "03",
        "water_body_type": "Lake",
        "water_body_ownership": "Panchayat",
        "water_body_nature": "Natural",
        "in_use": "No",
        "encroached": "No",
        "storage_capacity_original": 4.0,
        "max_depth_m": 0.0,
        "water_spread_area": 0.0,
        "image_path": "https://mi6census.mowr.gov.in/mic/getWaterBodyImageByURL/MIC_212002253189026038001.jpeg"
      },
      "geometry": {
        "type": "Point",
        "coordinates": [
          77.7683333,
          12.8711111
        ]
      }
    },
    {
      "type": "Feature",
      "properties": {
        "census_code": "2/12/002/253189/026039/001",
        "village": "BANGALORE (M CORP.) - WARD NO.68",
        "block_tehsil": "ANEKAL",
        "subdistrict": "Anekal",
        "district": "Bengaluru Urban",
        "rural_or_urban": "Urban",
        "water_body_type_code": "03",
        "water_body_type": "Lake",
        "water_body_ownership": "Panchayat",
        "water_body_nature": "Natural",
        "in_use": "No",
        "encroached": "No",
        "storage_capacity_original": 4.0,
        "max_depth_m": 0.0,
        "water_spread_area": 0.0,
        "image_path": "https://mi6census.mowr.gov.in/mic/getWaterBodyImageByURL/MIC_212002253189026039001.jpeg"
      },
      "geometry": {
        "type": "Point",
        "coordinates": [
          77.7644444,
          12.8763889
        ]
      }
    },
    {
      "type": "Feature",
      "properties": {
        "census_code": "2/12/002/253189/026040/002",
        "village": "BANGALORE (M CORP.) - WARD NO.69",
        "block_tehsil": "ANEKAL",
        "subdistrict": "Anekal",
        "district": "Bengaluru Urban",
        "rural_or_urban": "Urban",
        "water_body_type_code": "03",
        "water_body_type": "Lake",
        "water_body_ownership": "Panchayat",
        "water_body_nature": "Natural",
        "in_use": "No",
        "encroached": "No",
        "storage_capacity_original": 4.0,
        "max_depth_m": 0.0,
        "water_spread_area": 0.0,
        "image_path": "https://mi6census.mowr.gov.in/mic/getWaterBodyImageByURL/MIC_212002253189026040002.jpeg"
      },
      "geometry": {
        "type": "Point",
        "coordinates": [
          77.7680556,
          12.8675
        ]
      }
    },
    {
      "type": "Feature",
      "properties": {
        "census_code": "2/12/002/253189/026040/001",
        "village": "BANGALORE (M CORP.) - WARD NO.69",
        "block_tehsil": "ANEKAL",
        "subdistrict": "Anekal",
        "district": "Bengaluru Urban",
        "rural_or_urban": "Urban",
        "water_body_type_code": "03",
        "water_body_type": "Lake",
        "water_body_ownership": "Panchayat",
        "water_body_nature": "Natural",
        "in_use": "No",
        "encroached": "No",
        "storage_capacity_original": 4.0,
        "max_depth_m": 0.0,
        "water_spread_area": 0.0,
        "image_path": "https://mi6census.mowr.gov.in/mic/getWaterBodyImageByURL/MIC_212002253189026040001.jpeg"
      },
      "geometry": {
        "type": "Point",
        "coordinates": [
          77.7675,
          12.8691667
        ]
      }
    },
    {
      "type": "Feature",
      "properties": {
        "census_code": "2/12/002/253189/025978/002",
        "village": "BANGALORE (M CORP.) - WARD NO.7",
        "block_tehsil": "ANEKAL",
        "subdistrict": "99999- Area Not Under Any Sub-district",
        "district": "Bengaluru Urban",
        "rural_or_urban": "Urban",
        "water_body_type_code": "03",
        "water_body_type": "Lake",
        "water_body_ownership": "Panchayat",
        "water_body_nature": "Natural",
        "in_use": "No",
        "encroached": "No",
        "storage_capacity_original": 4.0,
        "max_depth_m": 0.0,
        "water_spread_area": 0.0,
        "image_path": "https://mi6census.mowr.gov.in/mic/getWaterBodyImageByURL/MIC_212002253189025978002.jpeg"
      },
      "geometry": {
        "type": "Point",
        "coordinates": [
          77.6041667,
          13.0436111
        ]
      }
    },
    {
      "type": "Feature",
      "properties": {
        "census_code": "2/12/002/253189/025978/001",
        "village": "BANGALORE (M CORP.) - WARD NO.7",
        "block_tehsil": "ANEKAL",
        "subdistrict": "99999- Area Not Under Any Sub-district",
        "district": "Bengaluru Urban",
        "rural_or_urban": "Urban",
        "water_body_type_code": "03",
        "water_body_type": "Lake",
        "water_body_ownership": "Panchayat",
        "water_body_nature": "Natural",
        "in_use": "No",
        "encroached": "No",
        "storage_capacity_original": 4.0,
        "max_depth_m": 0.0,
        "water_spread_area": 0.0,
        "image_path": "https://mi6census.mowr.gov.in/mic/getWaterBodyImageByURL/MIC_212002253189025978001.jpeg"
      },
      "geometry": {
        "type": "Point",
        "coordinates": [
          77.5997222,
          13.06
        ]
      }
    },
    {
      "type": "Feature",
      "properties": {
        "census_code": "2/12/002/253189/026041/001",
        "village": "BANGALORE (M CORP.) - WARD NO.70",
        "block_tehsil": "ANEKAL",
        "subdistrict": "Anekal",
        "district": "Bengaluru Urban",
        "rural_or_urban": "Urban",
        "water_body_type_code": "03",
        "water_body_type": "Lake",
        "water_body_ownership": "Panchayat",
        "water_body_nature": "Natural",
        "in_use": "No",
        "encroached": "No",
        "storage_capacity_original": 4.0,
        "max_depth_m": 0.0,
        "water_spread_area": 0.0,
        "image_path": "https://mi6census.mowr.gov.in/mic/getWaterBodyImageByURL/MIC_212002253189026041001.jpeg"
      },
      "geometry": {
        "type": "Point",
        "coordinates": [
          77.7661111,
          12.8741667
        ]
      }
    },
    {
      "type": "Feature",
      "properties": {
        "census_code": "2/12/002/253189/026041/002",
        "village": "BANGALORE (M CORP.) - WARD NO.70",
        "block_tehsil": "ANEKAL",
        "subdistrict": "Anekal",
        "district": "Bengaluru Urban",
        "rural_or_urban": "Urban",
        "water_body_type_code": "03",
        "water_body_type": "Lake",
        "water_body_ownership": "Panchayat",
        "water_body_nature": "Natural",
        "in_use": "No",
        "encroached": "No",
        "storage_capacity_original": 4.0,
        "max_depth_m": 0.0,
        "water_spread_area": 0.0,
        "image_path": "https://mi6census.mowr.gov.in/mic/getWaterBodyImageByURL/MIC_212002253189026041002.jpeg"
      },
      "geometry": {
        "type": "Point",
        "coordinates": [
          77.7661111,
          12.8741667
        ]
      }
    },
    {
      "type": "Feature",
      "properties": {
        "census_code": "2/12/002/253189/026042/001",
        "village": "BANGALORE (M CORP.) - WARD NO.71",
        "block_tehsil": "ANEKAL",
        "subdistrict": "Anekal",
        "district": "Bengaluru Urban",
        "rural_or_urban": "Urban",
        "water_body_type_code": "03",
        "water_body_type": "Lake",
        "water_body_ownership": "Panchayat",
        "water_body_nature": "Natural",
        "in_use": "No",
        "encroached": "No",
        "storage_capacity_original": 4.0,
        "max_depth_m": 0.0,
        "water_spread_area": 0.0,
        "image_path": "https://mi6census.mowr.gov.in/mic/getWaterBodyImageByURL/MIC_212002253189026042001.jpeg"
      },
      "geometry": {
        "type": "Point",
        "coordinates": [
          77.7591667,
          12.8619444
        ]
      }
    },
    {
      "type": "Feature",
      "properties": {
        "census_code": "2/12/002/253189/026042/002",
        "village": "BANGALORE (M CORP.) - WARD NO.71",
        "block_tehsil": "ANEKAL",
        "subdistrict": "Anekal",
        "district": "Bengaluru Urban",
        "rural_or_urban": "Urban",
        "water_body_type_code": "03",
        "water_body_type": "Lake",
        "water_body_ownership": "Panchayat",
        "water_body_nature": "Natural",
        "in_use": "No",
        "encroached": "No",
        "storage_capacity_original": 4.0,
        "max_depth_m": 0.0,
        "water_spread_area": 0.0,
        "image_path": "https://mi6census.mowr.gov.in/mic/getWaterBodyImageByURL/MIC_212002253189026042002.jpeg"
      },
      "geometry": {
        "type": "Point",
        "coordinates": [
          77.7591667,
          12.8619444
        ]
      }
    },
    {
      "type": "Feature",
      "properties": {
        "census_code": "2/12/002/253189/026042/003",
        "village": "BANGALORE (M CORP.) - WARD NO.71",
        "block_tehsil": "ANEKAL",
        "subdistrict": "Anekal",
        "district": "Bengaluru Urban",
        "rural_or_urban": "Urban",
        "water_body_type_code": "03",
        "water_body_type": "Lake",
        "water_body_ownership": "Panchayat",
        "water_body_nature": "Natural",
        "in_use": "No",
        "encroached": "No",
        "storage_capacity_original": 4.0,
        "max_depth_m": 0.0,
        "water_spread_area": 0.0,
        "image_path": "https://mi6census.mowr.gov.in/mic/getWaterBodyImageByURL/MIC_212002253189026042003.jpeg"
      },
      "geometry": {
        "type": "Point",
        "coordinates": [
          77.7622222,
          12.8616667
        ]
      }
    },
    {
      "type": "Feature",
      "properties": {
        "census_code": "2/12/002/253189/026042/004",
        "village": "BANGALORE (M CORP.) - WARD NO.71",
        "block_tehsil": "ANEKAL",
        "subdistrict": "Anekal",
        "district": "Bengaluru Urban",
        "rural_or_urban": "Urban",
        "water_body_type_code": "03",
        "water_body_type": "Lake",
        "water_body_ownership": "Panchayat",
        "water_body_nature": "Natural",
        "in_use": "No",
        "encroached": "No",
        "storage_capacity_original": 4.0,
        "max_depth_m": 0.0,
        "water_spread_area": 0.0,
        "image_path": "https://mi6census.mowr.gov.in/mic/getWaterBodyImageByURL/MIC_212002253189026042004.jpeg"
      },
      "geometry": {
        "type": "Point",
        "coordinates": [
          77.7622222,
          12.8616667
        ]
      }
    },
    {
      "type": "Feature",
      "properties": {
        "census_code": "2/12/002/253189/026043/003",
        "village": "BANGALORE (M CORP.) - WARD NO.72",
        "block_tehsil": "ANEKAL",
        "subdistrict": "99999- Area Not Under Any Sub-district",
        "district": "Bengaluru Urban",
        "rural_or_urban": "Urban",
        "water_body_type_code": "03",
        "water_body_type": "Lake",
        "water_body_ownership": "Panchayat",
        "water_body_nature": "Natural",
        "in_use": "No",
        "encroached": "No",
        "storage_capacity_original": 4.0,
        "max_depth_m": 0.0,
        "water_spread_area": 0.0,
        "image_path": "https://mi6census.mowr.gov.in/mic/getWaterBodyImageByURL/MIC_212002253189026043003.jpeg"
      },
      "geometry": {
        "type": "Point",
        "coordinates": [
          77.4908333,
          12.9902778
        ]
      }
    },
    {
      "type": "Feature",
      "properties": {
        "census_code": "2/12/002/253189/026043/004",
        "village": "BANGALORE (M CORP.) - WARD NO.72",
        "block_tehsil": "ANEKAL",
        "subdistrict": "99999- Area Not Under Any Sub-district",
        "district": "Bengaluru Urban",
        "rural_or_urban": "Urban",
        "water_body_type_code": "03",
        "water_body_type": "Lake",
        "water_body_ownership": "Panchayat",
        "water_body_nature": "Natural",
        "in_use": "No",
        "encroached": "No",
        "storage_capacity_original": 4.0,
        "max_depth_m": 0.0,
        "water_spread_area": 0.0,
        "image_path": "https://mi6census.mowr.gov.in/mic/getWaterBodyImageByURL/MIC_212002253189026043004.jpeg"
      },
      "geometry": {
        "type": "Point",
        "coordinates": [
          77.5033333,
          12.9875
        ]
      }
    },
    {
      "type": "Feature",
      "properties": {
        "census_code": "2/12/002/253189/026043/002",
        "village": "BANGALORE (M CORP.) - WARD NO.72",
        "block_tehsil": "ANEKAL",
        "subdistrict": "99999- Area Not Under Any Sub-district",
        "district": "Bengaluru Urban",
        "rural_or_urban": "Urban",
        "water_body_type_code": "03",
        "water_body_type": "Lake",
        "water_body_ownership": "Panchayat",
        "water_body_nature": "Natural",
        "in_use": "No",
        "encroached": "No",
        "storage_capacity_original": 4.0,
        "max_depth_m": 0.0,
        "water_spread_area": 0.0,
        "image_path": "https://mi6census.mowr.gov.in/mic/getWaterBodyImageByURL/MIC_212002253189026043002.jpeg"
      },
      "geometry": {
        "type": "Point",
        "coordinates": [
          77.4866667,
          13.01
        ]
      }
    },
    {
      "type": "Feature",
      "properties": {
        "census_code": "2/12/002/253189/026043/001",
        "village": "BANGALORE (M CORP.) - WARD NO.72",
        "block_tehsil": "ANEKAL",
        "subdistrict": "99999- Area Not Under Any Sub-district",
        "district": "Bengaluru Urban",
        "rural_or_urban": "Urban",
        "water_body_type_code": "03",
        "water_body_type": "Lake",
        "water_body_ownership": "Panchayat",
        "water_body_nature": "Natural",
        "in_use": "No",
        "encroached": "No",
        "storage_capacity_original": 4.0,
        "max_depth_m": 0.0,
        "water_spread_area": 0.0,
        "image_path": "https://mi6census.mowr.gov.in/mic/getWaterBodyImageByURL/MIC_212002253189026043001.jpeg"
      },
      "geometry": {
        "type": "Point",
        "coordinates": [
          77.4833333,
          13.0019444
        ]
      }
    },
    {
      "type": "Feature",
      "properties": {
        "census_code": "2/12/002/253189/025979/001",
        "village": "BANGALORE (M CORP.) - WARD NO.8",
        "block_tehsil": "ANEKAL",
        "subdistrict": "99999- Area Not Under Any Sub-district",
        "district": "Bengaluru Urban",
        "rural_or_urban": "Urban",
        "water_body_type_code": "03",
        "water_body_type": "Lake",
        "water_body_ownership": "Panchayat",
        "water_body_nature": "Natural",
        "in_use": "No",
        "encroached": "No",
        "storage_capacity_original": 4.0,
        "max_depth_m": 0.0,
        "water_spread_area": 0.0,
        "image_path": "https://mi6census.mowr.gov.in/mic/getWaterBodyImageByURL/MIC_212002253189025979001.jpeg"
      },
      "geometry": {
        "type": "Point",
        "coordinates": [
          77.5888889,
          13.0427778
        ]
      }
    },
    {
      "type": "Feature",
      "properties": {
        "census_code": "2/12/002/253189/026053/002",
        "village": "BANGALORE (M CORP.) - WARD NO.82",
        "block_tehsil": "ANEKAL",
        "subdistrict": "99999- Area Not Under Any Sub-district",
        "district": "Bengaluru Urban",
        "rural_or_urban": "Urban",
        "water_body_type_code": "01",
        "water_body_type": "Pond",
        "water_body_ownership": "Panchayat",
        "water_body_nature": "Natural",
        "in_use": "No",
        "encroached": "No",
        "storage_capacity_original": 4.0,
        "max_depth_m": 0.0,
        "water_spread_area": 0.0,
        "image_path": "https://mi6census.mowr.gov.in/mic/getWaterBodyImageByURL/MIC_212002253189026053002.jpeg"
      },
      "geometry": {
        "type": "Point",
        "coordinates": [
          77.6986111,
          12.9866667
        ]
      }
    },
    {
      "type": "Feature",
      "properties": {
        "census_code": "2/12/002/253189/026053/001",
        "village": "BANGALORE (M CORP.) - WARD NO.82",
        "block_tehsil": "ANEKAL",
        "subdistrict": "99999- Area Not Under Any Sub-district",
        "district": "Bengaluru Urban",
        "rural_or_urban": "Urban",
        "water_body_type_code": "03",
        "water_body_type": "Lake",
        "water_body_ownership": "Panchayat",
        "water_body_nature": "Natural",
        "in_use": "No",
        "encroached": "No",
        "storage_capacity_original": 4.0,
        "max_depth_m": 0.0,
        "water_spread_area": 0.0,
        "image_path": "https://mi6census.mowr.gov.in/mic/getWaterBodyImageByURL/MIC_212002253189026053001.jpeg"
      },
      "geometry": {
        "type": "Point",
        "coordinates": [
          77.695,
          12.9902778
        ]
      }
    },
    {
      "type": "Feature",
      "properties": {
        "census_code": "2/12/002/253189/026055/001",
        "village": "BANGALORE (M CORP.) - WARD NO.84",
        "block_tehsil": "ANEKAL",
        "subdistrict": "99999- Area Not Under Any Sub-district",
        "district": "Bengaluru Urban",
        "rural_or_urban": "Urban",
        "water_body_type_code": "03",
        "water_body_type": "Lake",
        "water_body_ownership": "Panchayat",
        "water_body_nature": "Natural",
        "in_use": "No",
        "encroached": "No",
        "storage_capacity_original": 4.0,
        "max_depth_m": 0.0,
        "water_spread_area": 0.0,
        "image_path": "https://mi6census.mowr.gov.in/mic/getWaterBodyImageByURL/MIC_212002253189026055001.jpeg"
      },
      "geometry": {
        "type": "Point",
        "coordinates": [
          77.7416667,
          12.9630556
        ]
      }
    },
    {
      "type": "Feature",
      "properties": {
        "census_code": "2/12/002/253189/026055/002",
        "village": "BANGALORE (M CORP.) - WARD NO.84",
        "block_tehsil": "ANEKAL",
        "subdistrict": "99999- Area Not Under Any Sub-district",
        "district": "Bengaluru Urban",
        "rural_or_urban": "Urban",
        "water_body_type_code": "03",
        "water_body_type": "Lake",
        "water_body_ownership": "Panchayat",
        "water_body_nature": "Natural",
        "in_use": "No",
        "encroached": "No",
        "storage_capacity_original": 4.0,
        "max_depth_m": 0.0,
        "water_spread_area": 0.0,
        "image_path": "https://mi6census.mowr.gov.in/mic/getWaterBodyImageByURL/MIC_212002253189026055002.jpeg"
      },
      "geometry": {
        "type": "Point",
        "coordinates": [
          77.7369444,
          12.9775
        ]
      }
    },
    {
      "type": "Feature",
      "properties": {
        "census_code": "2/12/002/253189/026056/001",
        "village": "BANGALORE (M CORP.) - WARD NO.85",
        "block_tehsil": "ANEKAL",
        "subdistrict": "99999- Area Not Under Any Sub-district",
        "district": "Bengaluru Urban",
        "rural_or_urban": "Urban",
        "water_body_type_code": "02",
        "water_body_type": "Tank",
        "water_body_ownership": "Panchayat",
        "water_body_nature": "Natural",
        "in_use": "No",
        "encroached": "No",
        "storage_capacity_original": 4.0,
        "max_depth_m": 0.0,
        "water_spread_area": 0.0,
        "image_path": "https://mi6census.mowr.gov.in/mic/getWaterBodyImageByURL/MIC_212002253189026056001.jpeg"
      },
      "geometry": {
        "type": "Point",
        "coordinates": [
          77.6838889,
          12.9761111
        ]
      }
    },
    {
      "type": "Feature",
      "properties": {
        "census_code": "2/12/002/253189/026056/002",
        "village": "BANGALORE (M CORP.) - WARD NO.85",
        "block_tehsil": "ANEKAL",
        "subdistrict": "99999- Area Not Under Any Sub-district",
        "district": "Bengaluru Urban",
        "rural_or_urban": "Urban",
        "water_body_type_code": "03",
        "water_body_type": "Lake",
        "water_body_ownership": "Panchayat",
        "water_body_nature": "Natural",
        "in_use": "No",
        "encroached": "No",
        "storage_capacity_original": 4.0,
        "max_depth_m": 0.0,
        "water_spread_area": 0.0,
        "image_path": "https://mi6census.mowr.gov.in/mic/getWaterBodyImageByURL/MIC_212002253189026056002.jpeg"
      },
      "geometry": {
        "type": "Point",
        "coordinates": [
          77.7080556,
          12.965
        ]
      }
    },
    {
      "type": "Feature",
      "properties": {
        "census_code": "2/12/002/253189/026434/001",
        "village": "BANGALORE (M CORP.) - WARD NO.86",
        "block_tehsil": "ANEKAL",
        "subdistrict": "99999- Area Not Under Any Sub-district",
        "district": "Bengaluru Urban",
        "rural_or_urban": "Urban",
        "water_body_type_code": "03",
        "water_body_type": "Lake",
        "water_body_ownership": "Panchayat",
        "water_body_nature": "Natural",
        "in_use": "No",
        "encroached": "No",
        "storage_capacity_original": 4.0,
        "max_depth_m": 0.0,
        "water_spread_area": 0.0,
        "image_path": "https://mi6census.mowr.gov.in/mic/getWaterBodyImageByURL/MIC_212002253189026434001.jpeg"
      },
      "geometry": {
        "type": "Point",
        "coordinates": [
          77.7083333,
          12.9625
        ]
      }
    },
    {
      "type": "Feature",
      "properties": {
        "census_code": "2/12/002/253189/026434/002",
        "village": "BANGALORE (M CORP.) - WARD NO.86",
        "block_tehsil": "ANEKAL",
        "subdistrict": "99999- Area Not Under Any Sub-district",
        "district": "Bengaluru Urban",
        "rural_or_urban": "Urban",
        "water_body_type_code": "03",
        "water_body_type": "Lake",
        "water_body_ownership": "Panchayat",
        "water_body_nature": "Natural",
        "in_use": "No",
        "encroached": "No",
        "storage_capacity_original": 4.0,
        "max_depth_m": 0.0,
        "water_spread_area": 0.0,
        "image_path": "https://mi6census.mowr.gov.in/mic/getWaterBodyImageByURL/MIC_212002253189026434002.jpeg"
      },
      "geometry": {
        "type": "Point",
        "coordinates": [
          77.7186111,
          12.9708333
        ]
      }
    },
    {
      "type": "Feature",
      "properties": {
        "census_code": "2/12/002/253189/025980/002",
        "village": "BANGALORE (M CORP.) - WARD NO.9",
        "block_tehsil": "ANEKAL",
        "subdistrict": "99999- Area Not Under Any Sub-district",
        "district": "Bengaluru Urban",
        "rural_or_urban": "Urban",
        "water_body_type_code": "02",
        "water_body_type": "Tank",
        "water_body_ownership": "Panchayat",
        "water_body_nature": "Natural",
        "in_use": "No",
        "encroached": "No",
        "storage_capacity_original": 4.0,
        "max_depth_m": 0.0,
        "water_spread_area": 0.0,
        "image_path": "https://mi6census.mowr.gov.in/mic/getWaterBodyImageByURL/MIC_212002253189025980002.jpeg"
      },
      "geometry": {
        "type": "Point",
        "coordinates": [
          77.5541667,
          13.0766667
        ]
      }
    },
    {
      "type": "Feature",
      "properties": {
        "census_code": "2/12/002/253189/025980/001",
        "village": "BANGALORE (M CORP.) - WARD NO.9",
        "block_tehsil": "ANEKAL",
        "subdistrict": "99999- Area Not Under Any Sub-district",
        "district": "Bengaluru Urban",
        "rural_or_urban": "Urban",
        "water_body_type_code": "02",
        "water_body_type": "Tank",
        "water_body_ownership": "Panchayat",
        "water_body_nature": "Natural",
        "in_use": "No",
        "encroached": "No",
        "storage_capacity_original": 4.0,
        "max_depth_m": 0.0,
        "water_spread_area": 0.0,
        "image_path": "https://mi6census.mowr.gov.in/mic/getWaterBodyImageByURL/MIC_212002253189025980001.jpeg"
      },
      "geometry": {
        "type": "Point",
        "coordinates": [
          77.5580556,
          13.0719444
        ]
      }
    },
    {
      "type": "Feature",
      "properties": {
        "census_code": "2/12/002/276600/1302773/001",
        "village": "BBMP WARD NUMBER 101 (KAMAKSHI PALYA)",
        "block_tehsil": "BBMP",
        "subdistrict": "99999- Area Not Under Any Sub-district",
        "district": "Bengaluru Urban",
        "rural_or_urban": "Urban",
        "water_body_type_code": "03",
        "water_body_type": "Lake",
        "water_body_ownership": "Panchayat",
        "water_body_nature": "Natural",
        "in_use": "No",
        "encroached": "No",
        "storage_capacity_original": 4.0,
        "max_depth_m": 0.0,
        "water_spread_area": 0.0,
        "image_path": "https://mi6census.mowr.gov.in/mic/getWaterBodyImageByURL/MIC_2120022766001302773001.jpeg"
      },
      "geometry": {
        "type": "Point",
        "coordinates": [
          77.5291667,
          12.9838889
        ]
      }
    },
    {
      "type": "Feature",
      "properties": {
        "census_code": "2/12/002/276600/1302773/002",
        "village": "BBMP WARD NUMBER 101 (KAMAKSHI PALYA)",
        "block_tehsil": "BBMP",
        "subdistrict": "99999- Area Not Under Any Sub-district",
        "district": "Bengaluru Urban",
        "rural_or_urban": "Urban",
        "water_body_type_code": "03",
        "water_body_type": "Lake",
        "water_body_ownership": "Panchayat",
        "water_body_nature": "Natural",
        "in_use": "No",
        "encroached": "No",
        "storage_capacity_original": 4.0,
        "max_depth_m": 0.0,
        "water_spread_area": 0.0,
        "image_path": "https://mi6census.mowr.gov.in/mic/getWaterBodyImageByURL/MIC_2120022766001302773002.jpeg"
      },
      "geometry": {
        "type": "Point",
        "coordinates": [
          77.5430556,
          12.9908333
        ]
      }
    },
    {
      "type": "Feature",
      "properties": {
        "census_code": "2/12/002/276600/1302777/001",
        "village": "BBMP WARD NUMBER 105 (AGRAHARA DASARAHALLI)",
        "block_tehsil": "BBMP",
        "subdistrict": "99999- Area Not Under Any Sub-district",
        "district": "Bengaluru Urban",
        "rural_or_urban": "Urban",
        "water_body_type_code": "03",
        "water_body_type": "Lake",
        "water_body_ownership": "Panchayat",
        "water_body_nature": "Natural",
        "in_use": "No",
        "encroached": "No",
        "storage_capacity_original": 4.0,
        "max_depth_m": 0.0,
        "water_spread_area": 0.0,
        "image_path": "https://mi6census.mowr.gov.in/mic/getWaterBodyImageByURL/MIC_2120022766001302777001.jpeg"
      },
      "geometry": {
        "type": "Point",
        "coordinates": [
          77.5438889,
          12.9841667
        ]
      }
    },
    {
      "type": "Feature",
      "properties": {
        "census_code": "2/12/002/276600/1303150/002",
        "village": "BBMP WARD NUMBER 12 (SHETTIHALLI)",
        "block_tehsil": "BBMP",
        "subdistrict": "99999- Area Not Under Any Sub-district",
        "district": "Bengaluru Urban",
        "rural_or_urban": "Urban",
        "water_body_type_code": "03",
        "water_body_type": "Lake",
        "water_body_ownership": "Panchayat",
        "water_body_nature": "Natural",
        "in_use": "No",
        "encroached": "No",
        "storage_capacity_original": 4.0,
        "max_depth_m": 0.0,
        "water_spread_area": 0.0,
        "image_path": "https://mi6census.mowr.gov.in/mic/getWaterBodyImageByURL/MIC_2120022766001303150002.jpeg"
      },
      "geometry": {
        "type": "Point",
        "coordinates": [
          77.5255556,
          13.0694444
        ]
      }
    },
    {
      "type": "Feature",
      "properties": {
        "census_code": "2/12/002/276600/1303150/001",
        "village": "BBMP WARD NUMBER 12 (SHETTIHALLI)",
        "block_tehsil": "BBMP",
        "subdistrict": "99999- Area Not Under Any Sub-district",
        "district": "Bengaluru Urban",
        "rural_or_urban": "Urban",
        "water_body_type_code": "03",
        "water_body_type": "Lake",
        "water_body_ownership": "Panchayat",
        "water_body_nature": "Natural",
        "in_use": "No",
        "encroached": "No",
        "storage_capacity_original": 4.0,
        "max_depth_m": 0.0,
        "water_spread_area": 0.0,
        "image_path": "https://mi6census.mowr.gov.in/mic/getWaterBodyImageByURL/MIC_2120022766001303150001.jpeg"
      },
      "geometry": {
        "type": "Point",
        "coordinates": [
          77.5316667,
          13.0813889
        ]
      }
    },
    {
      "type": "Feature",
      "properties": {
        "census_code": "2/12/002/276600/1302800/001",
        "village": "BBMP WARD NUMBER 128 (NAGARABHAVI)",
        "block_tehsil": "BBMP",
        "subdistrict": "99999- Area Not Under Any Sub-district",
        "district": "Bengaluru Urban",
        "rural_or_urban": "Urban",
        "water_body_type_code": "03",
        "water_body_type": "Lake",
        "water_body_ownership": "Panchayat",
        "water_body_nature": "Natural",
        "in_use": "No",
        "encroached": "No",
        "storage_capacity_original": 4.0,
        "max_depth_m": 0.0,
        "water_spread_area": 0.0,
        "image_path": "https://mi6census.mowr.gov.in/mic/getWaterBodyImageByURL/MIC_2120022766001302800001.jpeg"
      },
      "geometry": {
        "type": "Point",
        "coordinates": [
          77.5233333,
          12.9505556
        ]
      }
    },
    {
      "type": "Feature",
      "properties": {
        "census_code": "2/12/002/276600/1302801/001",
        "village": "BBMP WARD NUMBER 129 (JNANA BHARATHI WARD)",
        "block_tehsil": "BBMP",
        "subdistrict": "99999- Area Not Under Any Sub-district",
        "district": "Bengaluru Urban",
        "rural_or_urban": "Urban",
        "water_body_type_code": "03",
        "water_body_type": "Lake",
        "water_body_ownership": "Panchayat",
        "water_body_nature": "Natural",
        "in_use": "No",
        "encroached": "No",
        "storage_capacity_original": 4.0,
        "max_depth_m": 0.0,
        "water_spread_area": 0.0,
        "image_path": "https://mi6census.mowr.gov.in/mic/getWaterBodyImageByURL/MIC_2120022766001302801001.jpeg"
      },
      "geometry": {
        "type": "Point",
        "coordinates": [
          77.4933333,
          12.9619444
        ]
      }
    },
    {
      "type": "Feature",
      "properties": {
        "census_code": "2/12/002/276600/1302801/002",
        "village": "BBMP WARD NUMBER 129 (JNANA BHARATHI WARD)",
        "block_tehsil": "BBMP",
        "subdistrict": "99999- Area Not Under Any Sub-district",
        "district": "Bengaluru Urban",
        "rural_or_urban": "Urban",
        "water_body_type_code": "03",
        "water_body_type": "Lake",
        "water_body_ownership": "Panchayat",
        "water_body_nature": "Natural",
        "in_use": "No",
        "encroached": "No",
        "storage_capacity_original": 4.0,
        "max_depth_m": 0.0,
        "water_spread_area": 0.0,
        "image_path": "https://mi6census.mowr.gov.in/mic/getWaterBodyImageByURL/MIC_2120022766001302801002.jpeg"
      },
      "geometry": {
        "type": "Point",
        "coordinates": [
          77.5008333,
          12.9844444
        ]
      }
    },
    {
      "type": "Feature",
      "properties": {
        "census_code": "2/12/002/276600/1303151/001",
        "village": "BBMP WARD NUMBER 13 (MALLASANDRA)",
        "block_tehsil": "BBMP",
        "subdistrict": "99999- Area Not Under Any Sub-district",
        "district": "Bengaluru Urban",
        "rural_or_urban": "Urban",
        "water_body_type_code": "03",
        "water_body_type": "Lake",
        "water_body_ownership": "Panchayat",
        "water_body_nature": "Natural",
        "in_use": "No",
        "encroached": "No",
        "storage_capacity_original": 4.0,
        "max_depth_m": 0.0,
        "water_spread_area": 0.0,
        "image_path": "https://mi6census.mowr.gov.in/mic/getWaterBodyImageByURL/MIC_2120022766001303151001.jpeg"
      },
      "geometry": {
        "type": "Point",
        "coordinates": [
          77.5194444,
          13.0561111
        ]
      }
    },
    {
      "type": "Feature",
      "properties": {
        "census_code": "2/12/002/276600/1302802/004",
        "village": "BBMP WARD NUMBER 130 (ULLALU)",
        "block_tehsil": "BBMP",
        "subdistrict": "Bengaluru North",
        "district": "Bengaluru Urban",
        "rural_or_urban": "Urban",
        "water_body_type_code": "03",
        "water_body_type": "Lake",
        "water_body_ownership": "Panchayat",
        "water_body_nature": "Natural",
        "in_use": "No",
        "encroached": "No",
        "storage_capacity_original": 4.0,
        "max_depth_m": 0.0,
        "water_spread_area": 0.0,
        "image_path": "https://mi6census.mowr.gov.in/mic/getWaterBodyImageByURL/MIC_2120022766001302802004.jpeg"
      },
      "geometry": {
        "type": "Point",
        "coordinates": [
          77.4713889,
          12.9602778
        ]
      }
    },
    {
      "type": "Feature",
      "properties": {
        "census_code": "2/12/002/276600/1302802/001",
        "village": "BBMP WARD NUMBER 130 (ULLALU)",
        "block_tehsil": "BBMP",
        "subdistrict": "99999- Area Not Under Any Sub-district",
        "district": "Bengaluru Urban",
        "rural_or_urban": "Urban",
        "water_body_type_code": "01",
        "water_body_type": "Pond",
        "water_body_ownership": "Panchayat",
        "water_body_nature": "Natural",
        "in_use": "No",
        "encroached": "No",
        "storage_capacity_original": 4.0,
        "max_depth_m": 0.0,
        "water_spread_area": 0.0,
        "image_path": "https://mi6census.mowr.gov.in/mic/getWaterBodyImageByURL/MIC_2120022766001302802001.jpeg"
      },
      "geometry": {
        "type": "Point",
        "coordinates": [
          77.4794444,
          12.9594444
        ]
      }
    },
    {
      "type": "Feature",
      "properties": {
        "census_code": "2/12/002/276600/1302802/002",
        "village": "BBMP WARD NUMBER 130 (ULLALU)",
        "block_tehsil": "BBMP",
        "subdistrict": "Bengaluru South",
        "district": "Bengaluru Urban",
        "rural_or_urban": "Urban",
        "water_body_type_code": "03",
        "water_body_type": "Lake",
        "water_body_ownership": "Panchayat",
        "water_body_nature": "Natural",
        "in_use": "No",
        "encroached": "No",
        "storage_capacity_original": 4.0,
        "max_depth_m": 0.0,
        "water_spread_area": 0.0,
        "image_path": "https://mi6census.mowr.gov.in/mic/getWaterBodyImageByURL/MIC_2120022766001302802002.jpeg"
      },
      "geometry": {
        "type": "Point",
        "coordinates": [
          77.4713889,
          12.9463889
        ]
      }
    },
    {
      "type": "Feature",
      "properties": {
        "census_code": "2/12/002/276600/1302802/003",
        "village": "BBMP WARD NUMBER 130 (ULLALU)",
        "block_tehsil": "BBMP",
        "subdistrict": "99999- Area Not Under Any Sub-district",
        "district": "Bengaluru Urban",
        "rural_or_urban": "Urban",
        "water_body_type_code": "03",
        "water_body_type": "Lake",
        "water_body_ownership": "Panchayat",
        "water_body_nature": "Natural",
        "in_use": "No",
        "encroached": "No",
        "storage_capacity_original": 4.0,
        "max_depth_m": 0.0,
        "water_spread_area": 0.0,
        "image_path": "https://mi6census.mowr.gov.in/mic/getWaterBodyImageByURL/MIC_2120022766001302802003.jpeg"
      },
      "geometry": {
        "type": "Point",
        "coordinates": [
          77.4930556,
          12.9316667
        ]
      }
    },
    {
      "type": "Feature",
      "properties": {
        "census_code": "2/12/002/276600/1302803/001",
        "village": "BBMP WARD NUMBER 131 (NAYANDAHALLI)",
        "block_tehsil": "BBMP",
        "subdistrict": "99999- Area Not Under Any Sub-district",
        "district": "Bengaluru Urban",
        "rural_or_urban": "Urban",
        "water_body_type_code": "03",
        "water_body_type": "Lake",
        "water_body_ownership": "Panchayat",
        "water_body_nature": "Natural",
        "in_use": "No",
        "encroached": "No",
        "storage_capacity_original": 4.0,
        "max_depth_m": 0.0,
        "water_spread_area": 0.0,
        "image_path": "https://mi6census.mowr.gov.in/mic/getWaterBodyImageByURL/MIC_2120022766001302803001.jpeg"
      },
      "geometry": {
        "type": "Point",
        "coordinates": [
          77.5205556,
          12.9411111
        ]
      }
    },
    {
      "type": "Feature",
      "properties": {
        "census_code": "2/12/002/276600/1303152/001",
        "village": "BBMP WARD NUMBER 14 (BAGALAKUNTE)",
        "block_tehsil": "BBMP",
        "subdistrict": "99999- Area Not Under Any Sub-district",
        "district": "Bengaluru Urban",
        "rural_or_urban": "Urban",
        "water_body_type_code": "03",
        "water_body_type": "Lake",
        "water_body_ownership": "Panchayat",
        "water_body_nature": "Natural",
        "in_use": "No",
        "encroached": "No",
        "storage_capacity_original": 4.0,
        "max_depth_m": 0.0,
        "water_spread_area": 0.0,
        "image_path": "https://mi6census.mowr.gov.in/mic/getWaterBodyImageByURL/MIC_2120022766001303152001.jpeg"
      },
      "geometry": {
        "type": "Point",
        "coordinates": [
          77.5,
          13.0577778
        ]
      }
    },
    {
      "type": "Feature",
      "properties": {
        "census_code": "2/12/002/276600/1302816/001",
        "village": "BBMP WARD NUMBER 144 (SIDDAPURA)",
        "block_tehsil": "BBMP",
        "subdistrict": "99999- Area Not Under Any Sub-district",
        "district": "Bengaluru Urban",
        "rural_or_urban": "Urban",
        "water_body_type_code": "03",
        "water_body_type": "Lake",
        "water_body_ownership": "Panchayat",
        "water_body_nature": "Natural",
        "in_use": "No",
        "encroached": "No",
        "storage_capacity_original": 4.0,
        "max_depth_m": 0.0,
        "water_spread_area": 0.0,
        "image_path": "https://mi6census.mowr.gov.in/mic/getWaterBodyImageByURL/MIC_2120022766001302816001.jpeg"
      },
      "geometry": {
        "type": "Point",
        "coordinates": [
          77.7241667,
          12.96
        ]
      }
    },
    {
      "type": "Feature",
      "properties": {
        "census_code": "2/12/002/276600/1302821/001",
        "village": "BBMP WARD NUMBER 149 (VARTHUR)",
        "block_tehsil": "BBMP",
        "subdistrict": "99999- Area Not Under Any Sub-district",
        "district": "Bengaluru Urban",
        "rural_or_urban": "Urban",
        "water_body_type_code": "03",
        "water_body_type": "Lake",
        "water_body_ownership": "Panchayat",
        "water_body_nature": "Natural",
        "in_use": "No",
        "encroached": "No",
        "storage_capacity_original": 4.0,
        "max_depth_m": 0.0,
        "water_spread_area": 0.0,
        "image_path": "https://mi6census.mowr.gov.in/mic/getWaterBodyImageByURL/MIC_2120022766001302821001.jpeg"
      },
      "geometry": {
        "type": "Point",
        "coordinates": [
          77.7055556,
          12.9333333
        ]
      }
    },
    {
      "type": "Feature",
      "properties": {
        "census_code": "2/12/002/276600/1302821/005",
        "village": "BBMP WARD NUMBER 149 (VARTHUR)",
        "block_tehsil": "BBMP",
        "subdistrict": "99999- Area Not Under Any Sub-district",
        "district": "Bengaluru Urban",
        "rural_or_urban": "Urban",
        "water_body_type_code": "03",
        "water_body_type": "Lake",
        "water_body_ownership": "Panchayat",
        "water_body_nature": "Natural",
        "in_use": "No",
        "encroached": "No",
        "storage_capacity_original": 4.0,
        "max_depth_m": 0.0,
        "water_spread_area": 0.0,
        "image_path": "https://mi6census.mowr.gov.in/mic/getWaterBodyImageByURL/MIC_2120022766001302821005.jpeg"
      },
      "geometry": {
        "type": "Point",
        "coordinates": [
          77.7186111,
          12.91
        ]
      }
    },
    {
      "type": "Feature",
      "properties": {
        "census_code": "2/12/002/276600/1302821/003",
        "village": "BBMP WARD NUMBER 149 (VARTHUR)",
        "block_tehsil": "BBMP",
        "subdistrict": "99999- Area Not Under Any Sub-district",
        "district": "Bengaluru Urban",
        "rural_or_urban": "Urban",
        "water_body_type_code": "03",
        "water_body_type": "Lake",
        "water_body_ownership": "Panchayat",
        "water_body_nature": "Natural",
        "in_use": "No",
        "encroached": "No",
        "storage_capacity_original": 4.0,
        "max_depth_m": 0.0,
        "water_spread_area": 0.0,
        "image_path": "https://mi6census.mowr.gov.in/mic/getWaterBodyImageByURL/MIC_2120022766001302821003.jpeg"
      },
      "geometry": {
        "type": "Point",
        "coordinates": [
          77.7213889,
          12.9152778
        ]
      }
    },
    {
      "type": "Feature",
      "properties": {
        "census_code": "2/12/002/276600/1302821/002",
        "village": "BBMP WARD NUMBER 149 (VARTHUR)",
        "block_tehsil": "BBMP",
        "subdistrict": "99999- Area Not Under Any Sub-district",
        "district": "Bengaluru Urban",
        "rural_or_urban": "Urban",
        "water_body_type_code": "03",
        "water_body_type": "Lake",
        "water_body_ownership": "Panchayat",
        "water_body_nature": "Natural",
        "in_use": "No",
        "encroached": "No",
        "storage_capacity_original": 4.0,
        "max_depth_m": 0.0,
        "water_spread_area": 0.0,
        "image_path": "https://mi6census.mowr.gov.in/mic/getWaterBodyImageByURL/MIC_2120022766001302821002.jpeg"
      },
      "geometry": {
        "type": "Point",
        "coordinates": [
          77.7238889,
          12.92
        ]
      }
    },
    {
      "type": "Feature",
      "properties": {
        "census_code": "2/12/002/276600/1302821/004",
        "village": "BBMP WARD NUMBER 149 (VARTHUR)",
        "block_tehsil": "BBMP",
        "subdistrict": "99999- Area Not Under Any Sub-district",
        "district": "Bengaluru Urban",
        "rural_or_urban": "Urban",
        "water_body_type_code": "03",
        "water_body_type": "Lake",
        "water_body_ownership": "Panchayat",
        "water_body_nature": "Natural",
        "in_use": "No",
        "encroached": "No",
        "storage_capacity_original": 4.0,
        "max_depth_m": 0.0,
        "water_spread_area": 0.0,
        "image_path": "https://mi6census.mowr.gov.in/mic/getWaterBodyImageByURL/MIC_2120022766001302821004.jpeg"
      },
      "geometry": {
        "type": "Point",
        "coordinates": [
          77.7113889,
          12.9175
        ]
      }
    },
    {
      "type": "Feature",
      "properties": {
        "census_code": "2/12/002/276600/1302822/005",
        "village": "BBMP WARD NUMBER 150 (BELLANDURU)",
        "block_tehsil": "BBMP",
        "subdistrict": "99999- Area Not Under Any Sub-district",
        "district": "Bengaluru Urban",
        "rural_or_urban": "Urban",
        "water_body_type_code": "03",
        "water_body_type": "Lake",
        "water_body_ownership": "Panchayat",
        "water_body_nature": "Natural",
        "in_use": "No",
        "encroached": "No",
        "storage_capacity_original": 4.0,
        "max_depth_m": 0.0,
        "water_spread_area": 0.0,
        "image_path": "https://mi6census.mowr.gov.in/mic/getWaterBodyImageByURL/MIC_2120022766001302822005.jpeg"
      },
      "geometry": {
        "type": "Point",
        "coordinates": [
          77.6616667,
          12.8977778
        ]
      }
    },
    {
      "type": "Feature",
      "properties": {
        "census_code": "2/12/002/276600/1302822/003",
        "village": "BBMP WARD NUMBER 150 (BELLANDURU)",
        "block_tehsil": "BBMP",
        "subdistrict": "99999- Area Not Under Any Sub-district",
        "district": "Bengaluru Urban",
        "rural_or_urban": "Urban",
        "water_body_type_code": "03",
        "water_body_type": "Lake",
        "water_body_ownership": "Panchayat",
        "water_body_nature": "Natural",
        "in_use": "No",
        "encroached": "No",
        "storage_capacity_original": 4.0,
        "max_depth_m": 0.0,
        "water_spread_area": 0.0,
        "image_path": "https://mi6census.mowr.gov.in/mic/getWaterBodyImageByURL/MIC_2120022766001302822003.jpeg"
      },
      "geometry": {
        "type": "Point",
        "coordinates": [
          77.6636111,
          12.9122222
        ]
      }
    },
    {
      "type": "Feature",
      "properties": {
        "census_code": "2/12/002/276600/1302822/001",
        "village": "BBMP WARD NUMBER 150 (BELLANDURU)",
        "block_tehsil": "BBMP",
        "subdistrict": "99999- Area Not Under Any Sub-district",
        "district": "Bengaluru Urban",
        "rural_or_urban": "Urban",
        "water_body_type_code": "03",
        "water_body_type": "Lake",
        "water_body_ownership": "Panchayat",
        "water_body_nature": "Natural",
        "in_use": "No",
        "encroached": "No",
        "storage_capacity_original": 4.0,
        "max_depth_m": 0.0,
        "water_spread_area": 0.0,
        "image_path": "https://mi6census.mowr.gov.in/mic/getWaterBodyImageByURL/MIC_2120022766001302822001.jpeg"
      },
      "geometry": {
        "type": "Point",
        "coordinates": [
          77.6947222,
          12.9127778
        ]
      }
    },
    {
      "type": "Feature",
      "properties": {
        "census_code": "2/12/002/276600/1302822/008",
        "village": "BBMP WARD NUMBER 150 (BELLANDURU)",
        "block_tehsil": "BBMP",
        "subdistrict": "99999- Area Not Under Any Sub-district",
        "district": "Bengaluru Urban",
        "rural_or_urban": "Urban",
        "water_body_type_code": "03",
        "water_body_type": "Lake",
        "water_body_ownership": "Panchayat",
        "water_body_nature": "Natural",
        "in_use": "No",
        "encroached": "No",
        "storage_capacity_original": 4.0,
        "max_depth_m": 0.0,
        "water_spread_area": 0.0,
        "image_path": "https://mi6census.mowr.gov.in/mic/getWaterBodyImageByURL/MIC_2120022766001302822008.jpeg"
      },
      "geometry": {
        "type": "Point",
        "coordinates": [
          77.6994444,
          12.9241667
        ]
      }
    },
    {
      "type": "Feature",
      "properties": {
        "census_code": "2/12/002/276600/1302822/009",
        "village": "BBMP WARD NUMBER 150 (BELLANDURU)",
        "block_tehsil": "BBMP",
        "subdistrict": "99999- Area Not Under Any Sub-district",
        "district": "Bengaluru Urban",
        "rural_or_urban": "Urban",
        "water_body_type_code": "03",
        "water_body_type": "Lake",
        "water_body_ownership": "Panchayat",
        "water_body_nature": "Natural",
        "in_use": "No",
        "encroached": "No",
        "storage_capacity_original": 4.0,
        "max_depth_m": 0.0,
        "water_spread_area": 0.0,
        "image_path": "https://mi6census.mowr.gov.in/mic/getWaterBodyImageByURL/MIC_2120022766001302822009.jpeg"
      },
      "geometry": {
        "type": "Point",
        "coordinates": [
          77.6811111,
          12.9030556
        ]
      }
    },
    {
      "type": "Feature",
      "properties": {
        "census_code": "2/12/002/276600/1302822/006",
        "village": "BBMP WARD NUMBER 150 (BELLANDURU)",
        "block_tehsil": "BBMP",
        "subdistrict": "99999- Area Not Under Any Sub-district",
        "district": "Bengaluru Urban",
        "rural_or_urban": "Urban",
        "water_body_type_code": "03",
        "water_body_type": "Lake",
        "water_body_ownership": "Panchayat",
        "water_body_nature": "Natural",
        "in_use": "No",
        "encroached": "No",
        "storage_capacity_original": 4.0,
        "max_depth_m": 0.0,
        "water_spread_area": 0.0,
        "image_path": "https://mi6census.mowr.gov.in/mic/getWaterBodyImageByURL/MIC_2120022766001302822006.jpeg"
      },
      "geometry": {
        "type": "Point",
        "coordinates": [
          77.6661111,
          12.9030556
        ]
      }
    },
    {
      "type": "Feature",
      "properties": {
        "census_code": "2/12/002/276600/1302822/007",
        "village": "BBMP WARD NUMBER 150 (BELLANDURU)",
        "block_tehsil": "BBMP",
        "subdistrict": "99999- Area Not Under Any Sub-district",
        "district": "Bengaluru Urban",
        "rural_or_urban": "Urban",
        "water_body_type_code": "03",
        "water_body_type": "Lake",
        "water_body_ownership": "Panchayat",
        "water_body_nature": "Natural",
        "in_use": "No",
        "encroached": "No",
        "storage_capacity_original": 4.0,
        "max_depth_m": 0.0,
        "water_spread_area": 0.0,
        "image_path": "https://mi6census.mowr.gov.in/mic/getWaterBodyImageByURL/MIC_2120022766001302822007.jpeg"
      },
      "geometry": {
        "type": "Point",
        "coordinates": [
          77.6877778,
          12.9222222
        ]
      }
    },
    {
      "type": "Feature",
      "properties": {
        "census_code": "2/12/002/276600/1302822/002",
        "village": "BBMP WARD NUMBER 150 (BELLANDURU)",
        "block_tehsil": "BBMP",
        "subdistrict": "99999- Area Not Under Any Sub-district",
        "district": "Bengaluru Urban",
        "rural_or_urban": "Urban",
        "water_body_type_code": "03",
        "water_body_type": "Lake",
        "water_body_ownership": "Panchayat",
        "water_body_nature": "Natural",
        "in_use": "No",
        "encroached": "No",
        "storage_capacity_original": 4.0,
        "max_depth_m": 0.0,
        "water_spread_area": 0.0,
        "image_path": "https://mi6census.mowr.gov.in/mic/getWaterBodyImageByURL/MIC_2120022766001302822002.jpeg"
      },
      "geometry": {
        "type": "Point",
        "coordinates": [
          77.6705556,
          12.9133333
        ]
      }
    },
    {
      "type": "Feature",
      "properties": {
        "census_code": "2/12/002/276600/1302822/010",
        "village": "BBMP WARD NUMBER 150 (BELLANDURU)",
        "block_tehsil": "BBMP",
        "subdistrict": "99999- Area Not Under Any Sub-district",
        "district": "Bengaluru Urban",
        "rural_or_urban": "Urban",
        "water_body_type_code": "03",
        "water_body_type": "Lake",
        "water_body_ownership": "Panchayat",
        "water_body_nature": "Natural",
        "in_use": "No",
        "encroached": "No",
        "storage_capacity_original": 4.0,
        "max_depth_m": 0.0,
        "water_spread_area": 0.0,
        "image_path": "https://mi6census.mowr.gov.in/mic/getWaterBodyImageByURL/MIC_2120022766001302822010.jpeg"
      },
      "geometry": {
        "type": "Point",
        "coordinates": [
          77.6786111,
          12.9158333
        ]
      }
    },
    {
      "type": "Feature",
      "properties": {
        "census_code": "2/12/002/276600/1302822/004",
        "village": "BBMP WARD NUMBER 150 (BELLANDURU)",
        "block_tehsil": "BBMP",
        "subdistrict": "99999- Area Not Under Any Sub-district",
        "district": "Bengaluru Urban",
        "rural_or_urban": "Urban",
        "water_body_type_code": "03",
        "water_body_type": "Lake",
        "water_body_ownership": "Panchayat",
        "water_body_nature": "Natural",
        "in_use": "No",
        "encroached": "No",
        "storage_capacity_original": 4.0,
        "max_depth_m": 0.0,
        "water_spread_area": 0.0,
        "image_path": "https://mi6census.mowr.gov.in/mic/getWaterBodyImageByURL/MIC_2120022766001302822004.jpeg"
      },
      "geometry": {
        "type": "Point",
        "coordinates": [
          77.6655556,
          12.9175
        ]
      }
    },
    {
      "type": "Feature",
      "properties": {
        "census_code": "2/12/002/276600/1302823/001",
        "village": "BBMP WARD NUMBER 151 (KORAMANGALA)",
        "block_tehsil": "BBMP",
        "subdistrict": "99999- Area Not Under Any Sub-district",
        "district": "Bengaluru Urban",
        "rural_or_urban": "Urban",
        "water_body_type_code": "03",
        "water_body_type": "Lake",
        "water_body_ownership": "Panchayat",
        "water_body_nature": "Natural",
        "in_use": "No",
        "encroached": "No",
        "storage_capacity_original": 4.0,
        "max_depth_m": 0.0,
        "water_spread_area": 0.0,
        "image_path": "https://mi6census.mowr.gov.in/mic/getWaterBodyImageByURL/MIC_2120022766001302823001.jpeg"
      },
      "geometry": {
        "type": "Point",
        "coordinates": [
          77.625,
          12.9319444
        ]
      }
    },
    {
      "type": "Feature",
      "properties": {
        "census_code": "2/12/002/276600/1302825/001",
        "village": "BBMP WARD NUMBER 153 (JAYANAGAR)",
        "block_tehsil": "BBMP",
        "subdistrict": "99999- Area Not Under Any Sub-district",
        "district": "Bengaluru Urban",
        "rural_or_urban": "Urban",
        "water_body_type_code": "03",
        "water_body_type": "Lake",
        "water_body_ownership": "Panchayat",
        "water_body_nature": "Natural",
        "in_use": "No",
        "encroached": "No",
        "storage_capacity_original": 4.0,
        "max_depth_m": 0.0,
        "water_spread_area": 0.0,
        "image_path": "https://mi6census.mowr.gov.in/mic/getWaterBodyImageByURL/MIC_2120022766001302825001.jpeg"
      },
      "geometry": {
        "type": "Point",
        "coordinates": [
          77.5955556,
          12.9311111
        ]
      }
    },
    {
      "type": "Feature",
      "properties": {
        "census_code": "2/12/002/276600/1302827/001",
        "village": "BBMP WARD NUMBER 155 (HANUMANTH NAGAR)",
        "block_tehsil": "BBMP",
        "subdistrict": "99999- Area Not Under Any Sub-district",
        "district": "Bengaluru Urban",
        "rural_or_urban": "Urban",
        "water_body_type_code": "03",
        "water_body_type": "Lake",
        "water_body_ownership": "Panchayat",
        "water_body_nature": "Natural",
        "in_use": "No",
        "encroached": "No",
        "storage_capacity_original": 4.0,
        "max_depth_m": 0.0,
        "water_spread_area": 0.0,
        "image_path": "https://mi6census.mowr.gov.in/mic/getWaterBodyImageByURL/MIC_2120022766001302827001.jpeg"
      },
      "geometry": {
        "type": "Point",
        "coordinates": [
          77.5594444,
          12.9530556
        ]
      }
    },
    {
      "type": "Feature",
      "properties": {
        "census_code": "2/12/002/276600/1302831/001",
        "village": "BBMP WARD NUMBER 159 (KENGERI)",
        "block_tehsil": "BBMP",
        "subdistrict": "99999- Area Not Under Any Sub-district",
        "district": "Bengaluru Urban",
        "rural_or_urban": "Urban",
        "water_body_type_code": "03",
        "water_body_type": "Lake",
        "water_body_ownership": "Panchayat",
        "water_body_nature": "Natural",
        "in_use": "No",
        "encroached": "No",
        "storage_capacity_original": 4.0,
        "max_depth_m": 0.0,
        "water_spread_area": 0.0,
        "image_path": "https://mi6census.mowr.gov.in/mic/getWaterBodyImageByURL/MIC_2120022766001302831001.jpeg"
      },
      "geometry": {
        "type": "Point",
        "coordinates": [
          77.4855556,
          12.9144444
        ]
      }
    },
    {
      "type": "Feature",
      "properties": {
        "census_code": "2/12/002/276600/1302831/002",
        "village": "BBMP WARD NUMBER 159 (KENGERI)",
        "block_tehsil": "BBMP",
        "subdistrict": "Bengaluru South",
        "district": "Bengaluru Urban",
        "rural_or_urban": "Urban",
        "water_body_type_code": "03",
        "water_body_type": "Lake",
        "water_body_ownership": "Panchayat",
        "water_body_nature": "Natural",
        "in_use": "No",
        "encroached": "No",
        "storage_capacity_original": 4.0,
        "max_depth_m": 0.0,
        "water_spread_area": 0.0,
        "image_path": "https://mi6census.mowr.gov.in/mic/getWaterBodyImageByURL/MIC_2120022766001302831002.jpeg"
      },
      "geometry": {
        "type": "Point",
        "coordinates": [
          77.4827778,
          12.9311111
        ]
      }
    },
    {
      "type": "Feature",
      "properties": {
        "census_code": "2/12/002/276600/1302832/002",
        "village": "BBMP WARD NUMBER 160 (RAJA RAJESHAWARI NAGAR)",
        "block_tehsil": "BBMP",
        "subdistrict": "99999- Area Not Under Any Sub-district",
        "district": "Bengaluru Urban",
        "rural_or_urban": "Urban",
        "water_body_type_code": "03",
        "water_body_type": "Lake",
        "water_body_ownership": "Panchayat",
        "water_body_nature": "Natural",
        "in_use": "No",
        "encroached": "No",
        "storage_capacity_original": 4.0,
        "max_depth_m": 0.0,
        "water_spread_area": 0.0,
        "image_path": "https://mi6census.mowr.gov.in/mic/getWaterBodyImageByURL/MIC_2120022766001302832002.jpeg"
      },
      "geometry": {
        "type": "Point",
        "coordinates": [
          77.5283333,
          12.9147222
        ]
      }
    },
    {
      "type": "Feature",
      "properties": {
        "census_code": "2/12/002/276600/1302832/001",
        "village": "BBMP WARD NUMBER 160 (RAJA RAJESHAWARI NAGAR)",
        "block_tehsil": "BBMP",
        "subdistrict": "99999- Area Not Under Any Sub-district",
        "district": "Bengaluru Urban",
        "rural_or_urban": "Urban",
        "water_body_type_code": "03",
        "water_body_type": "Lake",
        "water_body_ownership": "Panchayat",
        "water_body_nature": "Natural",
        "in_use": "No",
        "encroached": "No",
        "storage_capacity_original": 4.0,
        "max_depth_m": 0.0,
        "water_spread_area": 0.0,
        "image_path": "https://mi6census.mowr.gov.in/mic/getWaterBodyImageByURL/MIC_2120022766001302832001.jpeg"
      },
      "geometry": {
        "type": "Point",
        "coordinates": [
          77.5147222,
          12.9252778
        ]
      }
    },
    {
      "type": "Feature",
      "properties": {
        "census_code": "2/12/002/276600/1302832/003",
        "village": "BBMP WARD NUMBER 160 (RAJA RAJESHAWARI NAGAR)",
        "block_tehsil": "BBMP",
        "subdistrict": "99999- Area Not Under Any Sub-district",
        "district": "Bengaluru Urban",
        "rural_or_urban": "Urban",
        "water_body_type_code": "03",
        "water_body_type": "Lake",
        "water_body_ownership": "Panchayat",
        "water_body_nature": "Natural",
        "in_use": "No",
        "encroached": "No",
        "storage_capacity_original": 4.0,
        "max_depth_m": 0.0,
        "water_spread_area": 0.0,
        "image_path": "https://mi6census.mowr.gov.in/mic/getWaterBodyImageByURL/MIC_2120022766001302832003.jpeg"
      },
      "geometry": {
        "type": "Point",
        "coordinates": [
          77.5088889,
          12.925
        ]
      }
    },
    {
      "type": "Feature",
      "properties": {
        "census_code": "2/12/002/276600/1302839/001",
        "village": "BBMP WARD NUMBER 167 (YEDIYUR)",
        "block_tehsil": "BBMP",
        "subdistrict": "99999- Area Not Under Any Sub-district",
        "district": "Bengaluru Urban",
        "rural_or_urban": "Urban",
        "water_body_type_code": "03",
        "water_body_type": "Lake",
        "water_body_ownership": "Panchayat",
        "water_body_nature": "Natural",
        "in_use": "No",
        "encroached": "No",
        "storage_capacity_original": 4.0,
        "max_depth_m": 0.0,
        "water_spread_area": 0.0,
        "image_path": "https://mi6census.mowr.gov.in/mic/getWaterBodyImageByURL/MIC_2120022766001302839001.jpeg"
      },
      "geometry": {
        "type": "Point",
        "coordinates": [
          77.5769444,
          12.9325
        ]
      }
    },
    {
      "type": "Feature",
      "properties": {
        "census_code": "2/12/002/276600/1302846/002",
        "village": "BBMP WARD NUMBER 174 (HSR LAYOUT)",
        "block_tehsil": "BBMP",
        "subdistrict": "99999- Area Not Under Any Sub-district",
        "district": "Bengaluru Urban",
        "rural_or_urban": "Urban",
        "water_body_type_code": "03",
        "water_body_type": "Lake",
        "water_body_ownership": "Panchayat",
        "water_body_nature": "Natural",
        "in_use": "No",
        "encroached": "No",
        "storage_capacity_original": 4.0,
        "max_depth_m": 0.0,
        "water_spread_area": 0.0,
        "image_path": "https://mi6census.mowr.gov.in/mic/getWaterBodyImageByURL/MIC_2120022766001302846002.jpeg"
      },
      "geometry": {
        "type": "Point",
        "coordinates": [
          77.6652778,
          12.9213889
        ]
      }
    },
    {
      "type": "Feature",
      "properties": {
        "census_code": "2/12/002/276600/1302846/001",
        "village": "BBMP WARD NUMBER 174 (HSR LAYOUT)",
        "block_tehsil": "BBMP",
        "subdistrict": "99999- Area Not Under Any Sub-district",
        "district": "Bengaluru Urban",
        "rural_or_urban": "Urban",
        "water_body_type_code": "03",
        "water_body_type": "Lake",
        "water_body_ownership": "Panchayat",
        "water_body_nature": "Natural",
        "in_use": "No",
        "encroached": "No",
        "storage_capacity_original": 4.0,
        "max_depth_m": 0.0,
        "water_spread_area": 0.0,
        "image_path": "https://mi6census.mowr.gov.in/mic/getWaterBodyImageByURL/MIC_2120022766001302846001.jpeg"
      },
      "geometry": {
        "type": "Point",
        "coordinates": [
          77.6444444,
          12.9188889
        ]
      }
    },
    {
      "type": "Feature",
      "properties": {
        "census_code": "2/12/002/276600/1302854/001",
        "village": "BBMP WARD NUMBER 182 (PADMANABHA NAGAR)",
        "block_tehsil": "BBMP",
        "subdistrict": "99999- Area Not Under Any Sub-district",
        "district": "Bengaluru Urban",
        "rural_or_urban": "Urban",
        "water_body_type_code": "03",
        "water_body_type": "Lake",
        "water_body_ownership": "Panchayat",
        "water_body_nature": "Natural",
        "in_use": "No",
        "encroached": "No",
        "storage_capacity_original": 4.0,
        "max_depth_m": 0.0,
        "water_spread_area": 0.0,
        "image_path": "https://mi6census.mowr.gov.in/mic/getWaterBodyImageByURL/MIC_2120022766001302854001.jpeg"
      },
      "geometry": {
        "type": "Point",
        "coordinates": [
          77.5566667,
          12.9088889
        ]
      }
    },
    {
      "type": "Feature",
      "properties": {
        "census_code": "2/12/002/276600/1302856/005",
        "village": "BBMP WARD NUMBER 184 (UTTARAHALLI)",
        "block_tehsil": "BBMP",
        "subdistrict": "99999- Area Not Under Any Sub-district",
        "district": "Bengaluru Urban",
        "rural_or_urban": "Urban",
        "water_body_type_code": "03",
        "water_body_type": "Lake",
        "water_body_ownership": "Panchayat",
        "water_body_nature": "Natural",
        "in_use": "No",
        "encroached": "No",
        "storage_capacity_original": 4.0,
        "max_depth_m": 0.0,
        "water_spread_area": 0.0,
        "image_path": "https://mi6census.mowr.gov.in/mic/getWaterBodyImageByURL/MIC_2120022766001302856005.jpeg"
      },
      "geometry": {
        "type": "Point",
        "coordinates": [
          77.5338889,
          12.9136111
        ]
      }
    },
    {
      "type": "Feature",
      "properties": {
        "census_code": "2/12/002/276600/1302856/003",
        "village": "BBMP WARD NUMBER 184 (UTTARAHALLI)",
        "block_tehsil": "BBMP",
        "subdistrict": "99999- Area Not Under Any Sub-district",
        "district": "Bengaluru Urban",
        "rural_or_urban": "Urban",
        "water_body_type_code": "03",
        "water_body_type": "Lake",
        "water_body_ownership": "Panchayat",
        "water_body_nature": "Natural",
        "in_use": "No",
        "encroached": "No",
        "storage_capacity_original": 4.0,
        "max_depth_m": 0.0,
        "water_spread_area": 0.0,
        "image_path": "https://mi6census.mowr.gov.in/mic/getWaterBodyImageByURL/MIC_2120022766001302856003.jpeg"
      },
      "geometry": {
        "type": "Point",
        "coordinates": [
          77.54,
          12.8813889
        ]
      }
    },
    {
      "type": "Feature",
      "properties": {
        "census_code": "2/12/002/276600/1302856/002",
        "village": "BBMP WARD NUMBER 184 (UTTARAHALLI)",
        "block_tehsil": "BBMP",
        "subdistrict": "99999- Area Not Under Any Sub-district",
        "district": "Bengaluru Urban",
        "rural_or_urban": "Urban",
        "water_body_type_code": "03",
        "water_body_type": "Lake",
        "water_body_ownership": "Panchayat",
        "water_body_nature": "Natural",
        "in_use": "No",
        "encroached": "No",
        "storage_capacity_original": 4.0,
        "max_depth_m": 0.0,
        "water_spread_area": 0.0,
        "image_path": "https://mi6census.mowr.gov.in/mic/getWaterBodyImageByURL/MIC_2120022766001302856002.jpeg"
      },
      "geometry": {
        "type": "Point",
        "coordinates": [
          77.5433333,
          12.8975
        ]
      }
    },
    {
      "type": "Feature",
      "properties": {
        "census_code": "2/12/002/276600/1302856/001",
        "village": "BBMP WARD NUMBER 184 (UTTARAHALLI)",
        "block_tehsil": "BBMP",
        "subdistrict": "99999- Area Not Under Any Sub-district",
        "district": "Bengaluru Urban",
        "rural_or_urban": "Urban",
        "water_body_type_code": "03",
        "water_body_type": "Lake",
        "water_body_ownership": "Panchayat",
        "water_body_nature": "Natural",
        "in_use": "No",
        "encroached": "No",
        "storage_capacity_original": 4.0,
        "max_depth_m": 0.0,
        "water_spread_area": 0.0,
        "image_path": "https://mi6census.mowr.gov.in/mic/getWaterBodyImageByURL/MIC_2120022766001302856001.jpeg"
      },
      "geometry": {
        "type": "Point",
        "coordinates": [
          77.5436111,
          12.9108333
        ]
      }
    },
    {
      "type": "Feature",
      "properties": {
        "census_code": "2/12/002/276600/1302856/006",
        "village": "BBMP WARD NUMBER 184 (UTTARAHALLI)",
        "block_tehsil": "BBMP",
        "subdistrict": "99999- Area Not Under Any Sub-district",
        "district": "Bengaluru Urban",
        "rural_or_urban": "Urban",
        "water_body_type_code": "03",
        "water_body_type": "Lake",
        "water_body_ownership": "Panchayat",
        "water_body_nature": "Natural",
        "in_use": "No",
        "encroached": "No",
        "storage_capacity_original": 4.0,
        "max_depth_m": 0.0,
        "water_spread_area": 0.0,
        "image_path": "https://mi6census.mowr.gov.in/mic/getWaterBodyImageByURL/MIC_2120022766001302856006.jpeg"
      },
      "geometry": {
        "type": "Point",
        "coordinates": [
          77.5319444,
          12.9141667
        ]
      }
    },
    {
      "type": "Feature",
      "properties": {
        "census_code": "2/12/002/276600/1302856/004",
        "village": "BBMP WARD NUMBER 184 (UTTARAHALLI)",
        "block_tehsil": "BBMP",
        "subdistrict": "99999- Area Not Under Any Sub-district",
        "district": "Bengaluru Urban",
        "rural_or_urban": "Urban",
        "water_body_type_code": "03",
        "water_body_type": "Lake",
        "water_body_ownership": "Panchayat",
        "water_body_nature": "Natural",
        "in_use": "No",
        "encroached": "No",
        "storage_capacity_original": 4.0,
        "max_depth_m": 0.0,
        "water_spread_area": 0.0,
        "image_path": "https://mi6census.mowr.gov.in/mic/getWaterBodyImageByURL/MIC_2120022766001302856004.jpeg"
      },
      "geometry": {
        "type": "Point",
        "coordinates": [
          77.5486111,
          12.9008333
        ]
      }
    },
    {
      "type": "Feature",
      "properties": {
        "census_code": "2/12/002/276600/1302857/001",
        "village": "BBMP WARD NUMBER 185 (YELCHENAHALLI)",
        "block_tehsil": "BBMP",
        "subdistrict": "99999- Area Not Under Any Sub-district",
        "district": "Bengaluru Urban",
        "rural_or_urban": "Urban",
        "water_body_type_code": "03",
        "water_body_type": "Lake",
        "water_body_ownership": "Panchayat",
        "water_body_nature": "Natural",
        "in_use": "No",
        "encroached": "No",
        "storage_capacity_original": 4.0,
        "max_depth_m": 0.0,
        "water_spread_area": 0.0,
        "image_path": "https://mi6census.mowr.gov.in/mic/getWaterBodyImageByURL/MIC_2120022766001302857001.jpeg"
      },
      "geometry": {
        "type": "Point",
        "coordinates": [
          77.5655556,
          12.9005556
        ]
      }
    },
    {
      "type": "Feature",
      "properties": {
        "census_code": "2/12/002/276600/1302858/001",
        "village": "BBMP WARD NUMBER 186 (JARAGANAHALLI)",
        "block_tehsil": "BBMP",
        "subdistrict": "99999- Area Not Under Any Sub-district",
        "district": "Bengaluru Urban",
        "rural_or_urban": "Urban",
        "water_body_type_code": "03",
        "water_body_type": "Lake",
        "water_body_ownership": "Panchayat",
        "water_body_nature": "Natural",
        "in_use": "No",
        "encroached": "No",
        "storage_capacity_original": 4.0,
        "max_depth_m": 0.0,
        "water_spread_area": 0.0,
        "image_path": "https://mi6census.mowr.gov.in/mic/getWaterBodyImageByURL/MIC_2120022766001302858001.jpeg"
      },
      "geometry": {
        "type": "Point",
        "coordinates": [
          77.5808333,
          12.9019444
        ]
      }
    },
    {
      "type": "Feature",
      "properties": {
        "census_code": "2/12/002/276600/1302860/001",
        "village": "BBMP WARD NUMBER 188 (BILEKHALLI)",
        "block_tehsil": "BBMP",
        "subdistrict": "99999- Area Not Under Any Sub-district",
        "district": "Bengaluru Urban",
        "rural_or_urban": "Urban",
        "water_body_type_code": "03",
        "water_body_type": "Lake",
        "water_body_ownership": "Panchayat",
        "water_body_nature": "Natural",
        "in_use": "No",
        "encroached": "No",
        "storage_capacity_original": 4.0,
        "max_depth_m": 0.0,
        "water_spread_area": 0.0,
        "image_path": "https://mi6census.mowr.gov.in/mic/getWaterBodyImageByURL/MIC_2120022766001302860001.jpeg"
      },
      "geometry": {
        "type": "Point",
        "coordinates": [
          77.6188889,
          12.9047222
        ]
      }
    },
    {
      "type": "Feature",
      "properties": {
        "census_code": "2/12/002/276600/1302862/003",
        "village": "BBMP WARD NUMBER 190 (MANGAMMANA PALYA)",
        "block_tehsil": "BBMP",
        "subdistrict": "99999- Area Not Under Any Sub-district",
        "district": "Bengaluru Urban",
        "rural_or_urban": "Urban",
        "water_body_type_code": "03",
        "water_body_type": "Lake",
        "water_body_ownership": "Panchayat",
        "water_body_nature": "Natural",
        "in_use": "No",
        "encroached": "No",
        "storage_capacity_original": 4.0,
        "max_depth_m": 0.0,
        "water_spread_area": 0.0,
        "image_path": "https://mi6census.mowr.gov.in/mic/getWaterBodyImageByURL/MIC_2120022766001302862003.jpeg"
      },
      "geometry": {
        "type": "Point",
        "coordinates": [
          77.6386111,
          12.8961111
        ]
      }
    },
    {
      "type": "Feature",
      "properties": {
        "census_code": "2/12/002/276600/1302862/002",
        "village": "BBMP WARD NUMBER 190 (MANGAMMANA PALYA)",
        "block_tehsil": "BBMP",
        "subdistrict": "99999- Area Not Under Any Sub-district",
        "district": "Bengaluru Urban",
        "rural_or_urban": "Urban",
        "water_body_type_code": "03",
        "water_body_type": "Lake",
        "water_body_ownership": "Panchayat",
        "water_body_nature": "Natural",
        "in_use": "No",
        "encroached": "No",
        "storage_capacity_original": 4.0,
        "max_depth_m": 0.0,
        "water_spread_area": 0.0,
        "image_path": "https://mi6census.mowr.gov.in/mic/getWaterBodyImageByURL/MIC_2120022766001302862002.jpeg"
      },
      "geometry": {
        "type": "Point",
        "coordinates": [
          77.6383333,
          12.9027778
        ]
      }
    },
    {
      "type": "Feature",
      "properties": {
        "census_code": "2/12/002/276600/1302862/001",
        "village": "BBMP WARD NUMBER 190 (MANGAMMANA PALYA)",
        "block_tehsil": "BBMP",
        "subdistrict": "99999- Area Not Under Any Sub-district",
        "district": "Bengaluru Urban",
        "rural_or_urban": "Urban",
        "water_body_type_code": "03",
        "water_body_type": "Lake",
        "water_body_ownership": "Panchayat",
        "water_body_nature": "Natural",
        "in_use": "No",
        "encroached": "No",
        "storage_capacity_original": 4.0,
        "max_depth_m": 0.0,
        "water_spread_area": 0.0,
        "image_path": "https://mi6census.mowr.gov.in/mic/getWaterBodyImageByURL/MIC_2120022766001302862001.jpeg"
      },
      "geometry": {
        "type": "Point",
        "coordinates": [
          77.6488889,
          12.8994444
        ]
      }
    },
    {
      "type": "Feature",
      "properties": {
        "census_code": "2/12/002/276600/1302863/002",
        "village": "BBMP WARD NUMBER 191 (SINGA SANDRA)",
        "block_tehsil": "BBMP",
        "subdistrict": "99999- Area Not Under Any Sub-district",
        "district": "Bengaluru Urban",
        "rural_or_urban": "Urban",
        "water_body_type_code": "03",
        "water_body_type": "Lake",
        "water_body_ownership": "Panchayat",
        "water_body_nature": "Natural",
        "in_use": "No",
        "encroached": "No",
        "storage_capacity_original": 4.0,
        "max_depth_m": 0.0,
        "water_spread_area": 0.0,
        "image_path": "https://mi6census.mowr.gov.in/mic/getWaterBodyImageByURL/MIC_2120022766001302863002.jpeg"
      },
      "geometry": {
        "type": "Point",
        "coordinates": [
          77.6452778,
          12.8808333
        ]
      }
    },
    {
      "type": "Feature",
      "properties": {
        "census_code": "2/12/002/276600/1302863/005",
        "village": "BBMP WARD NUMBER 191 (SINGA SANDRA)",
        "block_tehsil": "BBMP",
        "subdistrict": "99999- Area Not Under Any Sub-district",
        "district": "Bengaluru Urban",
        "rural_or_urban": "Urban",
        "water_body_type_code": "03",
        "water_body_type": "Lake",
        "water_body_ownership": "Panchayat",
        "water_body_nature": "Natural",
        "in_use": "No",
        "encroached": "No",
        "storage_capacity_original": 4.0,
        "max_depth_m": 0.0,
        "water_spread_area": 0.0,
        "image_path": "https://mi6census.mowr.gov.in/mic/getWaterBodyImageByURL/MIC_2120022766001302863005.jpeg"
      },
      "geometry": {
        "type": "Point",
        "coordinates": [
          77.6561111,
          12.8933333
        ]
      }
    },
    {
      "type": "Feature",
      "properties": {
        "census_code": "2/12/002/276600/1302863/004",
        "village": "BBMP WARD NUMBER 191 (SINGA SANDRA)",
        "block_tehsil": "BBMP",
        "subdistrict": "99999- Area Not Under Any Sub-district",
        "district": "Bengaluru Urban",
        "rural_or_urban": "Urban",
        "water_body_type_code": "03",
        "water_body_type": "Lake",
        "water_body_ownership": "Panchayat",
        "water_body_nature": "Natural",
        "in_use": "No",
        "encroached": "No",
        "storage_capacity_original": 4.0,
        "max_depth_m": 0.0,
        "water_spread_area": 0.0,
        "image_path": "https://mi6census.mowr.gov.in/mic/getWaterBodyImageByURL/MIC_2120022766001302863004.jpeg"
      },
      "geometry": {
        "type": "Point",
        "coordinates": [
          77.6666667,
          12.8863889
        ]
      }
    },
    {
      "type": "Feature",
      "properties": {
        "census_code": "2/12/002/276600/1302863/003",
        "village": "BBMP WARD NUMBER 191 (SINGA SANDRA)",
        "block_tehsil": "BBMP",
        "subdistrict": "99999- Area Not Under Any Sub-district",
        "district": "Bengaluru Urban",
        "rural_or_urban": "Urban",
        "water_body_type_code": "03",
        "water_body_type": "Lake",
        "water_body_ownership": "Panchayat",
        "water_body_nature": "Natural",
        "in_use": "No",
        "encroached": "No",
        "storage_capacity_original": 4.0,
        "max_depth_m": 0.0,
        "water_spread_area": 0.0,
        "image_path": "https://mi6census.mowr.gov.in/mic/getWaterBodyImageByURL/MIC_2120022766001302863003.jpeg"
      },
      "geometry": {
        "type": "Point",
        "coordinates": [
          77.6697222,
          12.8786111
        ]
      }
    },
    {
      "type": "Feature",
      "properties": {
        "census_code": "2/12/002/276600/1302863/001",
        "village": "BBMP WARD NUMBER 191 (SINGA SANDRA)",
        "block_tehsil": "BBMP",
        "subdistrict": "99999- Area Not Under Any Sub-district",
        "district": "Bengaluru Urban",
        "rural_or_urban": "Urban",
        "water_body_type_code": "03",
        "water_body_type": "Lake",
        "water_body_ownership": "Panchayat",
        "water_body_nature": "Natural",
        "in_use": "No",
        "encroached": "No",
        "storage_capacity_original": 4.0,
        "max_depth_m": 0.0,
        "water_spread_area": 0.0,
        "image_path": "https://mi6census.mowr.gov.in/mic/getWaterBodyImageByURL/MIC_2120022766001302863001.jpeg"
      },
      "geometry": {
        "type": "Point",
        "coordinates": [
          77.6597222,
          12.8805556
        ]
      }
    },
    {
      "type": "Feature",
      "properties": {
        "census_code": "2/12/002/276600/1302864/001",
        "village": "BBMP WARD NUMBER 192 (BEGUR)",
        "block_tehsil": "BBMP",
        "subdistrict": "99999- Area Not Under Any Sub-district",
        "district": "Bengaluru Urban",
        "rural_or_urban": "Urban",
        "water_body_type_code": "03",
        "water_body_type": "Lake",
        "water_body_ownership": "Panchayat",
        "water_body_nature": "Natural",
        "in_use": "No",
        "encroached": "No",
        "storage_capacity_original": 4.0,
        "max_depth_m": 0.0,
        "water_spread_area": 0.0,
        "image_path": "https://mi6census.mowr.gov.in/mic/getWaterBodyImageByURL/MIC_2120022766001302864001.jpeg"
      },
      "geometry": {
        "type": "Point",
        "coordinates": [
          77.6047222,
          12.8544444
        ]
      }
    },
    {
      "type": "Feature",
      "properties": {
        "census_code": "2/12/002/276600/1302864/005",
        "village": "BBMP WARD NUMBER 192 (BEGUR)",
        "block_tehsil": "BBMP",
        "subdistrict": "99999- Area Not Under Any Sub-district",
        "district": "Bengaluru Urban",
        "rural_or_urban": "Urban",
        "water_body_type_code": "03",
        "water_body_type": "Lake",
        "water_body_ownership": "Panchayat",
        "water_body_nature": "Natural",
        "in_use": "No",
        "encroached": "No",
        "storage_capacity_original": 4.0,
        "max_depth_m": 0.0,
        "water_spread_area": 0.0,
        "image_path": "https://mi6census.mowr.gov.in/mic/getWaterBodyImageByURL/MIC_2120022766001302864005.jpeg"
      },
      "geometry": {
        "type": "Point",
        "coordinates": [
          77.6602778,
          12.865
        ]
      }
    },
    {
      "type": "Feature",
      "properties": {
        "census_code": "2/12/002/276600/1302864/011",
        "village": "BBMP WARD NUMBER 192 (BEGUR)",
        "block_tehsil": "BBMP",
        "subdistrict": "99999- Area Not Under Any Sub-district",
        "district": "Bengaluru Urban",
        "rural_or_urban": "Urban",
        "water_body_type_code": "03",
        "water_body_type": "Lake",
        "water_body_ownership": "Panchayat",
        "water_body_nature": "Natural",
        "in_use": "No",
        "encroached": "No",
        "storage_capacity_original": 4.0,
        "max_depth_m": 0.0,
        "water_spread_area": 0.0,
        "image_path": "https://mi6census.mowr.gov.in/mic/getWaterBodyImageByURL/MIC_2120022766001302864011.jpeg"
      },
      "geometry": {
        "type": "Point",
        "coordinates": [
          77.6097222,
          12.8627778
        ]
      }
    },
    {
      "type": "Feature",
      "properties": {
        "census_code": "2/12/002/276600/1302864/009",
        "village": "BBMP WARD NUMBER 192 (BEGUR)",
        "block_tehsil": "BBMP",
        "subdistrict": "99999- Area Not Under Any Sub-district",
        "district": "Bengaluru Urban",
        "rural_or_urban": "Urban",
        "water_body_type_code": "03",
        "water_body_type": "Lake",
        "water_body_ownership": "Panchayat",
        "water_body_nature": "Natural",
        "in_use": "No",
        "encroached": "No",
        "storage_capacity_original": 4.0,
        "max_depth_m": 0.0,
        "water_spread_area": 0.0,
        "image_path": "https://mi6census.mowr.gov.in/mic/getWaterBodyImageByURL/MIC_2120022766001302864009.jpeg"
      },
      "geometry": {
        "type": "Point",
        "coordinates": [
          77.5883333,
          12.8461111
        ]
      }
    },
    {
      "type": "Feature",
      "properties": {
        "census_code": "2/12/002/276600/1302864/008",
        "village": "BBMP WARD NUMBER 192 (BEGUR)",
        "block_tehsil": "BBMP",
        "subdistrict": "99999- Area Not Under Any Sub-district",
        "district": "Bengaluru Urban",
        "rural_or_urban": "Urban",
        "water_body_type_code": "03",
        "water_body_type": "Lake",
        "water_body_ownership": "Panchayat",
        "water_body_nature": "Natural",
        "in_use": "No",
        "encroached": "No",
        "storage_capacity_original": 4.0,
        "max_depth_m": 0.0,
        "water_spread_area": 0.0,
        "image_path": "https://mi6census.mowr.gov.in/mic/getWaterBodyImageByURL/MIC_2120022766001302864008.jpeg"
      },
      "geometry": {
        "type": "Point",
        "coordinates": [
          77.6041667,
          12.8488889
        ]
      }
    },
    {
      "type": "Feature",
      "properties": {
        "census_code": "2/12/002/276600/1302864/007",
        "village": "BBMP WARD NUMBER 192 (BEGUR)",
        "block_tehsil": "BBMP",
        "subdistrict": "99999- Area Not Under Any Sub-district",
        "district": "Bengaluru Urban",
        "rural_or_urban": "Urban",
        "water_body_type_code": "03",
        "water_body_type": "Lake",
        "water_body_ownership": "Panchayat",
        "water_body_nature": "Natural",
        "in_use": "No",
        "encroached": "No",
        "storage_capacity_original": 4.0,
        "max_depth_m": 0.0,
        "water_spread_area": 0.0,
        "image_path": "https://mi6census.mowr.gov.in/mic/getWaterBodyImageByURL/MIC_2120022766001302864007.jpeg"
      },
      "geometry": {
        "type": "Point",
        "coordinates": [
          77.6152778,
          12.8622222
        ]
      }
    },
    {
      "type": "Feature",
      "properties": {
        "census_code": "2/12/002/276600/1302864/006",
        "village": "BBMP WARD NUMBER 192 (BEGUR)",
        "block_tehsil": "BBMP",
        "subdistrict": "99999- Area Not Under Any Sub-district",
        "district": "Bengaluru Urban",
        "rural_or_urban": "Urban",
        "water_body_type_code": "03",
        "water_body_type": "Lake",
        "water_body_ownership": "Panchayat",
        "water_body_nature": "Natural",
        "in_use": "No",
        "encroached": "No",
        "storage_capacity_original": 4.0,
        "max_depth_m": 0.0,
        "water_spread_area": 0.0,
        "image_path": "https://mi6census.mowr.gov.in/mic/getWaterBodyImageByURL/MIC_2120022766001302864006.jpeg"
      },
      "geometry": {
        "type": "Point",
        "coordinates": [
          77.6138889,
          12.8661111
        ]
      }
    },
    {
      "type": "Feature",
      "properties": {
        "census_code": "2/12/002/276600/1302864/002",
        "village": "BBMP WARD NUMBER 192 (BEGUR)",
        "block_tehsil": "BBMP",
        "subdistrict": "99999- Area Not Under Any Sub-district",
        "district": "Bengaluru Urban",
        "rural_or_urban": "Urban",
        "water_body_type_code": "03",
        "water_body_type": "Lake",
        "water_body_ownership": "Panchayat",
        "water_body_nature": "Natural",
        "in_use": "No",
        "encroached": "No",
        "storage_capacity_original": 4.0,
        "max_depth_m": 0.0,
        "water_spread_area": 0.0,
        "image_path": "https://mi6census.mowr.gov.in/mic/getWaterBodyImageByURL/MIC_2120022766001302864002.jpeg"
      },
      "geometry": {
        "type": "Point",
        "coordinates": [
          77.65,
          12.8688889
        ]
      }
    },
    {
      "type": "Feature",
      "properties": {
        "census_code": "2/12/002/276600/1302864/003",
        "village": "BBMP WARD NUMBER 192 (BEGUR)",
        "block_tehsil": "BBMP",
        "subdistrict": "99999- Area Not Under Any Sub-district",
        "district": "Bengaluru Urban",
        "rural_or_urban": "Urban",
        "water_body_type_code": "03",
        "water_body_type": "Lake",
        "water_body_ownership": "Panchayat",
        "water_body_nature": "Natural",
        "in_use": "No",
        "encroached": "No",
        "storage_capacity_original": 4.0,
        "max_depth_m": 0.0,
        "water_spread_area": 0.0,
        "image_path": "https://mi6census.mowr.gov.in/mic/getWaterBodyImageByURL/MIC_2120022766001302864003.jpeg"
      },
      "geometry": {
        "type": "Point",
        "coordinates": [
          77.6444444,
          12.8677778
        ]
      }
    },
    {
      "type": "Feature",
      "properties": {
        "census_code": "2/12/002/276600/1302864/010",
        "village": "BBMP WARD NUMBER 192 (BEGUR)",
        "block_tehsil": "BBMP",
        "subdistrict": "99999- Area Not Under Any Sub-district",
        "district": "Bengaluru Urban",
        "rural_or_urban": "Urban",
        "water_body_type_code": "03",
        "water_body_type": "Lake",
        "water_body_ownership": "Panchayat",
        "water_body_nature": "Natural",
        "in_use": "No",
        "encroached": "No",
        "storage_capacity_original": 4.0,
        "max_depth_m": 0.0,
        "water_spread_area": 0.0,
        "image_path": "https://mi6census.mowr.gov.in/mic/getWaterBodyImageByURL/MIC_2120022766001302864010.jpeg"
      },
      "geometry": {
        "type": "Point",
        "coordinates": [
          77.5888889,
          12.8644444
        ]
      }
    },
    {
      "type": "Feature",
      "properties": {
        "census_code": "2/12/002/276600/1302864/004",
        "village": "BBMP WARD NUMBER 192 (BEGUR)",
        "block_tehsil": "BBMP",
        "subdistrict": "99999- Area Not Under Any Sub-district",
        "district": "Bengaluru Urban",
        "rural_or_urban": "Urban",
        "water_body_type_code": "03",
        "water_body_type": "Lake",
        "water_body_ownership": "Panchayat",
        "water_body_nature": "Natural",
        "in_use": "No",
        "encroached": "No",
        "storage_capacity_original": 4.0,
        "max_depth_m": 0.0,
        "water_spread_area": 0.0,
        "image_path": "https://mi6census.mowr.gov.in/mic/getWaterBodyImageByURL/MIC_2120022766001302864004.jpeg"
      },
      "geometry": {
        "type": "Point",
        "coordinates": [
          77.6380556,
          12.8833333
        ]
      }
    },
    {
      "type": "Feature",
      "properties": {
        "census_code": "2/12/002/276600/1302865/003",
        "village": "BBMP WARD NUMBER 193 (ARAKERE)",
        "block_tehsil": "BBMP",
        "subdistrict": "99999- Area Not Under Any Sub-district",
        "district": "Bengaluru Urban",
        "rural_or_urban": "Urban",
        "water_body_type_code": "03",
        "water_body_type": "Lake",
        "water_body_ownership": "Panchayat",
        "water_body_nature": "Natural",
        "in_use": "No",
        "encroached": "No",
        "storage_capacity_original": 4.0,
        "max_depth_m": 0.0,
        "water_spread_area": 0.0,
        "image_path": "https://mi6census.mowr.gov.in/mic/getWaterBodyImageByURL/MIC_2120022766001302865003.jpeg"
      },
      "geometry": {
        "type": "Point",
        "coordinates": [
          77.5997222,
          12.8838889
        ]
      }
    },
    {
      "type": "Feature",
      "properties": {
        "census_code": "2/12/002/276600/1302865/001",
        "village": "BBMP WARD NUMBER 193 (ARAKERE)",
        "block_tehsil": "BBMP",
        "subdistrict": "99999- Area Not Under Any Sub-district",
        "district": "Bengaluru Urban",
        "rural_or_urban": "Urban",
        "water_body_type_code": "03",
        "water_body_type": "Lake",
        "water_body_ownership": "Panchayat",
        "water_body_nature": "Natural",
        "in_use": "No",
        "encroached": "No",
        "storage_capacity_original": 4.0,
        "max_depth_m": 0.0,
        "water_spread_area": 0.0,
        "image_path": "https://mi6census.mowr.gov.in/mic/getWaterBodyImageByURL/MIC_2120022766001302865001.jpeg"
      },
      "geometry": {
        "type": "Point",
        "coordinates": [
          77.615,
          12.8722222
        ]
      }
    },
    {
      "type": "Feature",
      "properties": {
        "census_code": "2/12/002/276600/1302865/002",
        "village": "BBMP WARD NUMBER 193 (ARAKERE)",
        "block_tehsil": "BBMP",
        "subdistrict": "99999- Area Not Under Any Sub-district",
        "district": "Bengaluru Urban",
        "rural_or_urban": "Urban",
        "water_body_type_code": "03",
        "water_body_type": "Lake",
        "water_body_ownership": "Panchayat",
        "water_body_nature": "Natural",
        "in_use": "No",
        "encroached": "No",
        "storage_capacity_original": 4.0,
        "max_depth_m": 0.0,
        "water_spread_area": 0.0,
        "image_path": "https://mi6census.mowr.gov.in/mic/getWaterBodyImageByURL/MIC_2120022766001302865002.jpeg"
      },
      "geometry": {
        "type": "Point",
        "coordinates": [
          77.6016667,
          12.8713889
        ]
      }
    },
    {
      "type": "Feature",
      "properties": {
        "census_code": "2/12/002/276600/1302866/003",
        "village": "BBMP WARD NUMBER 194 (GOTTIGERE)",
        "block_tehsil": "BBMP",
        "subdistrict": "99999- Area Not Under Any Sub-district",
        "district": "Bengaluru Urban",
        "rural_or_urban": "Urban",
        "water_body_type_code": "03",
        "water_body_type": "Lake",
        "water_body_ownership": "Panchayat",
        "water_body_nature": "Natural",
        "in_use": "No",
        "encroached": "No",
        "storage_capacity_original": 4.0,
        "max_depth_m": 0.0,
        "water_spread_area": 0.0,
        "image_path": "https://mi6census.mowr.gov.in/mic/getWaterBodyImageByURL/MIC_2120022766001302866003.jpeg"
      },
      "geometry": {
        "type": "Point",
        "coordinates": [
          77.5797222,
          12.8727778
        ]
      }
    },
    {
      "type": "Feature",
      "properties": {
        "census_code": "2/12/002/276600/1302866/002",
        "village": "BBMP WARD NUMBER 194 (GOTTIGERE)",
        "block_tehsil": "BBMP",
        "subdistrict": "99999- Area Not Under Any Sub-district",
        "district": "Bengaluru Urban",
        "rural_or_urban": "Urban",
        "water_body_type_code": "03",
        "water_body_type": "Lake",
        "water_body_ownership": "Panchayat",
        "water_body_nature": "Natural",
        "in_use": "No",
        "encroached": "No",
        "storage_capacity_original": 4.0,
        "max_depth_m": 0.0,
        "water_spread_area": 0.0,
        "image_path": "https://mi6census.mowr.gov.in/mic/getWaterBodyImageByURL/MIC_2120022766001302866002.jpeg"
      },
      "geometry": {
        "type": "Point",
        "coordinates": [
          77.5841667,
          12.8633333
        ]
      }
    },
    {
      "type": "Feature",
      "properties": {
        "census_code": "2/12/002/276600/1302866/001",
        "village": "BBMP WARD NUMBER 194 (GOTTIGERE)",
        "block_tehsil": "BBMP",
        "subdistrict": "99999- Area Not Under Any Sub-district",
        "district": "Bengaluru Urban",
        "rural_or_urban": "Urban",
        "water_body_type_code": "03",
        "water_body_type": "Lake",
        "water_body_ownership": "Panchayat",
        "water_body_nature": "Natural",
        "in_use": "No",
        "encroached": "No",
        "storage_capacity_original": 4.0,
        "max_depth_m": 0.0,
        "water_spread_area": 0.0,
        "image_path": "https://mi6census.mowr.gov.in/mic/getWaterBodyImageByURL/MIC_2120022766001302866001.jpeg"
      },
      "geometry": {
        "type": "Point",
        "coordinates": [
          77.5886111,
          12.8533333
        ]
      }
    },
    {
      "type": "Feature",
      "properties": {
        "census_code": "2/12/002/276600/1302867/001",
        "village": "BBMP WARD NUMBER 195 (KONANKUNTE)",
        "block_tehsil": "BBMP",
        "subdistrict": "99999- Area Not Under Any Sub-district",
        "district": "Bengaluru Urban",
        "rural_or_urban": "Urban",
        "water_body_type_code": "03",
        "water_body_type": "Lake",
        "water_body_ownership": "Panchayat",
        "water_body_nature": "Natural",
        "in_use": "No",
        "encroached": "No",
        "storage_capacity_original": 4.0,
        "max_depth_m": 0.0,
        "water_spread_area": 0.0,
        "image_path": "https://mi6census.mowr.gov.in/mic/getWaterBodyImageByURL/MIC_2120022766001302867001.jpeg"
      },
      "geometry": {
        "type": "Point",
        "coordinates": [
          77.5775,
          12.8863889
        ]
      }
    },
    {
      "type": "Feature",
      "properties": {
        "census_code": "2/12/002/276600/1302867/002",
        "village": "BBMP WARD NUMBER 195 (KONANKUNTE)",
        "block_tehsil": "BBMP",
        "subdistrict": "99999- Area Not Under Any Sub-district",
        "district": "Bengaluru Urban",
        "rural_or_urban": "Urban",
        "water_body_type_code": "03",
        "water_body_type": "Lake",
        "water_body_ownership": "Panchayat",
        "water_body_nature": "Natural",
        "in_use": "No",
        "encroached": "No",
        "storage_capacity_original": 4.0,
        "max_depth_m": 0.0,
        "water_spread_area": 0.0,
        "image_path": "https://mi6census.mowr.gov.in/mic/getWaterBodyImageByURL/MIC_2120022766001302867002.jpeg"
      },
      "geometry": {
        "type": "Point",
        "coordinates": [
          77.5858333,
          12.8913889
        ]
      }
    },
    {
      "type": "Feature",
      "properties": {
        "census_code": "2/12/002/276600/1302868/002",
        "village": "BBMP WARD NUMBER 196 (ANJANAPURA)",
        "block_tehsil": "BBMP",
        "subdistrict": "99999- Area Not Under Any Sub-district",
        "district": "Bengaluru Urban",
        "rural_or_urban": "Urban",
        "water_body_type_code": "03",
        "water_body_type": "Lake",
        "water_body_ownership": "Panchayat",
        "water_body_nature": "Natural",
        "in_use": "No",
        "encroached": "No",
        "storage_capacity_original": 4.0,
        "max_depth_m": 0.0,
        "water_spread_area": 0.0,
        "image_path": "https://mi6census.mowr.gov.in/mic/getWaterBodyImageByURL/MIC_2120022766001302868002.jpeg"
      },
      "geometry": {
        "type": "Point",
        "coordinates": [
          77.5769444,
          12.8597222
        ]
      }
    },
    {
      "type": "Feature",
      "properties": {
        "census_code": "2/12/002/276600/1302868/001",
        "village": "BBMP WARD NUMBER 196 (ANJANAPURA)",
        "block_tehsil": "BBMP",
        "subdistrict": "99999- Area Not Under Any Sub-district",
        "district": "Bengaluru Urban",
        "rural_or_urban": "Urban",
        "water_body_type_code": "03",
        "water_body_type": "Lake",
        "water_body_ownership": "Panchayat",
        "water_body_nature": "Natural",
        "in_use": "No",
        "encroached": "No",
        "storage_capacity_original": 4.0,
        "max_depth_m": 0.0,
        "water_spread_area": 0.0,
        "image_path": "https://mi6census.mowr.gov.in/mic/getWaterBodyImageByURL/MIC_2120022766001302868001.jpeg"
      },
      "geometry": {
        "type": "Point",
        "coordinates": [
          77.5658333,
          12.8672222
        ]
      }
    },
    {
      "type": "Feature",
      "properties": {
        "census_code": "2/12/002/276600/1302869/004",
        "village": "BBMP WARD NUMBER 197 (VASANTHPURA)",
        "block_tehsil": "BBMP",
        "subdistrict": "99999- Area Not Under Any Sub-district",
        "district": "Bengaluru Urban",
        "rural_or_urban": "Urban",
        "water_body_type_code": "03",
        "water_body_type": "Lake",
        "water_body_ownership": "Panchayat",
        "water_body_nature": "Natural",
        "in_use": "No",
        "encroached": "No",
        "storage_capacity_original": 4.0,
        "max_depth_m": 0.0,
        "water_spread_area": 0.0,
        "image_path": "https://mi6census.mowr.gov.in/mic/getWaterBodyImageByURL/MIC_2120022766001302869004.jpeg"
      },
      "geometry": {
        "type": "Point",
        "coordinates": [
          77.5572222,
          12.8908333
        ]
      }
    },
    {
      "type": "Feature",
      "properties": {
        "census_code": "2/12/002/276600/1302869/001",
        "village": "BBMP WARD NUMBER 197 (VASANTHPURA)",
        "block_tehsil": "BBMP",
        "subdistrict": "99999- Area Not Under Any Sub-district",
        "district": "Bengaluru Urban",
        "rural_or_urban": "Urban",
        "water_body_type_code": "03",
        "water_body_type": "Lake",
        "water_body_ownership": "Panchayat",
        "water_body_nature": "Natural",
        "in_use": "No",
        "encroached": "No",
        "storage_capacity_original": 4.0,
        "max_depth_m": 0.0,
        "water_spread_area": 0.0,
        "image_path": "https://mi6census.mowr.gov.in/mic/getWaterBodyImageByURL/MIC_2120022766001302869001.jpeg"
      },
      "geometry": {
        "type": "Point",
        "coordinates": [
          77.5647222,
          12.8861111
        ]
      }
    },
    {
      "type": "Feature",
      "properties": {
        "census_code": "2/12/002/276600/1302869/005",
        "village": "BBMP WARD NUMBER 197 (VASANTHPURA)",
        "block_tehsil": "BBMP",
        "subdistrict": "99999- Area Not Under Any Sub-district",
        "district": "Bengaluru Urban",
        "rural_or_urban": "Urban",
        "water_body_type_code": "03",
        "water_body_type": "Lake",
        "water_body_ownership": "Panchayat",
        "water_body_nature": "Natural",
        "in_use": "No",
        "encroached": "No",
        "storage_capacity_original": 4.0,
        "max_depth_m": 0.0,
        "water_spread_area": 0.0,
        "image_path": "https://mi6census.mowr.gov.in/mic/getWaterBodyImageByURL/MIC_2120022766001302869005.jpeg"
      },
      "geometry": {
        "type": "Point",
        "coordinates": [
          77.5536111,
          12.8969444
        ]
      }
    },
    {
      "type": "Feature",
      "properties": {
        "census_code": "2/12/002/276600/1302869/002",
        "village": "BBMP WARD NUMBER 197 (VASANTHPURA)",
        "block_tehsil": "BBMP",
        "subdistrict": "99999- Area Not Under Any Sub-district",
        "district": "Bengaluru Urban",
        "rural_or_urban": "Urban",
        "water_body_type_code": "03",
        "water_body_type": "Lake",
        "water_body_ownership": "Panchayat",
        "water_body_nature": "Natural",
        "in_use": "No",
        "encroached": "No",
        "storage_capacity_original": 4.0,
        "max_depth_m": 0.0,
        "water_spread_area": 0.0,
        "image_path": "https://mi6census.mowr.gov.in/mic/getWaterBodyImageByURL/MIC_2120022766001302869002.jpeg"
      },
      "geometry": {
        "type": "Point",
        "coordinates": [
          77.5544444,
          12.8972222
        ]
      }
    },
    {
      "type": "Feature",
      "properties": {
        "census_code": "2/12/002/276600/1302869/003",
        "village": "BBMP WARD NUMBER 197 (VASANTHPURA)",
        "block_tehsil": "BBMP",
        "subdistrict": "99999- Area Not Under Any Sub-district",
        "district": "Bengaluru Urban",
        "rural_or_urban": "Urban",
        "water_body_type_code": "03",
        "water_body_type": "Lake",
        "water_body_ownership": "Panchayat",
        "water_body_nature": "Natural",
        "in_use": "No",
        "encroached": "No",
        "storage_capacity_original": 4.0,
        "max_depth_m": 0.0,
        "water_spread_area": 0.0,
        "image_path": "https://mi6census.mowr.gov.in/mic/getWaterBodyImageByURL/MIC_2120022766001302869003.jpeg"
      },
      "geometry": {
        "type": "Point",
        "coordinates": [
          77.5547222,
          12.8947222
        ]
      }
    },
    {
      "type": "Feature",
      "properties": {
        "census_code": "2/12/002/276600/1302870/004",
        "village": "BBMP WARD NUMBER 198 (HEMMIGEPURA)",
        "block_tehsil": "BBMP",
        "subdistrict": "99999- Area Not Under Any Sub-district",
        "district": "Bengaluru Urban",
        "rural_or_urban": "Urban",
        "water_body_type_code": "03",
        "water_body_type": "Lake",
        "water_body_ownership": "Panchayat",
        "water_body_nature": "Natural",
        "in_use": "No",
        "encroached": "No",
        "storage_capacity_original": 4.0,
        "max_depth_m": 0.0,
        "water_spread_area": 0.0,
        "image_path": "https://mi6census.mowr.gov.in/mic/getWaterBodyImageByURL/MIC_2120022766001302870004.jpeg"
      },
      "geometry": {
        "type": "Point",
        "coordinates": [
          77.4936111,
          12.8797222
        ]
      }
    },
    {
      "type": "Feature",
      "properties": {
        "census_code": "2/12/002/276600/1302870/012",
        "village": "BBMP WARD NUMBER 198 (HEMMIGEPURA)",
        "block_tehsil": "BBMP",
        "subdistrict": "99999- Area Not Under Any Sub-district",
        "district": "Bengaluru Urban",
        "rural_or_urban": "Urban",
        "water_body_type_code": "03",
        "water_body_type": "Lake",
        "water_body_ownership": "Panchayat",
        "water_body_nature": "Natural",
        "in_use": "No",
        "encroached": "No",
        "storage_capacity_original": 4.0,
        "max_depth_m": 0.0,
        "water_spread_area": 0.0,
        "image_path": "https://mi6census.mowr.gov.in/mic/getWaterBodyImageByURL/MIC_2120022766001302870012.jpeg"
      },
      "geometry": {
        "type": "Point",
        "coordinates": [
          77.5008333,
          12.8830556
        ]
      }
    },
    {
      "type": "Feature",
      "properties": {
        "census_code": "2/12/002/276600/1302870/011",
        "village": "BBMP WARD NUMBER 198 (HEMMIGEPURA)",
        "block_tehsil": "BBMP",
        "subdistrict": "99999- Area Not Under Any Sub-district",
        "district": "Bengaluru Urban",
        "rural_or_urban": "Urban",
        "water_body_type_code": "03",
        "water_body_type": "Lake",
        "water_body_ownership": "Panchayat",
        "water_body_nature": "Natural",
        "in_use": "No",
        "encroached": "No",
        "storage_capacity_original": 4.0,
        "max_depth_m": 0.0,
        "water_spread_area": 0.0,
        "image_path": "https://mi6census.mowr.gov.in/mic/getWaterBodyImageByURL/MIC_2120022766001302870011.jpeg"
      },
      "geometry": {
        "type": "Point",
        "coordinates": [
          77.5322222,
          12.8675
        ]
      }
    },
    {
      "type": "Feature",
      "properties": {
        "census_code": "2/12/002/276600/1302870/010",
        "village": "BBMP WARD NUMBER 198 (HEMMIGEPURA)",
        "block_tehsil": "BBMP",
        "subdistrict": "Bengaluru South",
        "district": "Bengaluru Urban",
        "rural_or_urban": "Urban",
        "water_body_type_code": "03",
        "water_body_type": "Lake",
        "water_body_ownership": "Panchayat",
        "water_body_nature": "Natural",
        "in_use": "No",
        "encroached": "No",
        "storage_capacity_original": 4.0,
        "max_depth_m": 0.0,
        "water_spread_area": 0.0,
        "image_path": "https://mi6census.mowr.gov.in/mic/getWaterBodyImageByURL/MIC_2120022766001302870010.jpeg"
      },
      "geometry": {
        "type": "Point",
        "coordinates": [
          77.5388889,
          12.8630556
        ]
      }
    },
    {
      "type": "Feature",
      "properties": {
        "census_code": "2/12/002/276600/1302870/009",
        "village": "BBMP WARD NUMBER 198 (HEMMIGEPURA)",
        "block_tehsil": "BBMP",
        "subdistrict": "99999- Area Not Under Any Sub-district",
        "district": "Bengaluru Urban",
        "rural_or_urban": "Urban",
        "water_body_type_code": "03",
        "water_body_type": "Lake",
        "water_body_ownership": "Panchayat",
        "water_body_nature": "Natural",
        "in_use": "No",
        "encroached": "No",
        "storage_capacity_original": 4.0,
        "max_depth_m": 0.0,
        "water_spread_area": 0.0,
        "image_path": "https://mi6census.mowr.gov.in/mic/getWaterBodyImageByURL/MIC_2120022766001302870009.jpeg"
      },
      "geometry": {
        "type": "Point",
        "coordinates": [
          77.5433333,
          12.8686111
        ]
      }
    },
    {
      "type": "Feature",
      "properties": {
        "census_code": "2/12/002/276600/1302870/008",
        "village": "BBMP WARD NUMBER 198 (HEMMIGEPURA)",
        "block_tehsil": "BBMP",
        "subdistrict": "99999- Area Not Under Any Sub-district",
        "district": "Bengaluru Urban",
        "rural_or_urban": "Urban",
        "water_body_type_code": "03",
        "water_body_type": "Lake",
        "water_body_ownership": "Panchayat",
        "water_body_nature": "Natural",
        "in_use": "No",
        "encroached": "No",
        "storage_capacity_original": 4.0,
        "max_depth_m": 0.0,
        "water_spread_area": 0.0,
        "image_path": "https://mi6census.mowr.gov.in/mic/getWaterBodyImageByURL/MIC_2120022766001302870008.jpeg"
      },
      "geometry": {
        "type": "Point",
        "coordinates": [
          77.5169444,
          12.8813889
        ]
      }
    },
    {
      "type": "Feature",
      "properties": {
        "census_code": "2/12/002/276600/1302870/007",
        "village": "BBMP WARD NUMBER 198 (HEMMIGEPURA)",
        "block_tehsil": "BBMP",
        "subdistrict": "99999- Area Not Under Any Sub-district",
        "district": "Bengaluru Urban",
        "rural_or_urban": "Urban",
        "water_body_type_code": "03",
        "water_body_type": "Lake",
        "water_body_ownership": "Panchayat",
        "water_body_nature": "Natural",
        "in_use": "No",
        "encroached": "No",
        "storage_capacity_original": 4.0,
        "max_depth_m": 0.0,
        "water_spread_area": 0.0,
        "image_path": "https://mi6census.mowr.gov.in/mic/getWaterBodyImageByURL/MIC_2120022766001302870007.jpeg"
      },
      "geometry": {
        "type": "Point",
        "coordinates": [
          77.5136111,
          12.8722222
        ]
      }
    },
    {
      "type": "Feature",
      "properties": {
        "census_code": "2/12/002/276600/1302870/006",
        "village": "BBMP WARD NUMBER 198 (HEMMIGEPURA)",
        "block_tehsil": "BBMP",
        "subdistrict": "99999- Area Not Under Any Sub-district",
        "district": "Bengaluru Urban",
        "rural_or_urban": "Urban",
        "water_body_type_code": "03",
        "water_body_type": "Lake",
        "water_body_ownership": "Panchayat",
        "water_body_nature": "Natural",
        "in_use": "No",
        "encroached": "No",
        "storage_capacity_original": 4.0,
        "max_depth_m": 0.0,
        "water_spread_area": 0.0,
        "image_path": "https://mi6census.mowr.gov.in/mic/getWaterBodyImageByURL/MIC_2120022766001302870006.jpeg"
      },
      "geometry": {
        "type": "Point",
        "coordinates": [
          77.495,
          12.9075
        ]
      }
    },
    {
      "type": "Feature",
      "properties": {
        "census_code": "2/12/002/276600/1302870/005",
        "village": "BBMP WARD NUMBER 198 (HEMMIGEPURA)",
        "block_tehsil": "BBMP",
        "subdistrict": "99999- Area Not Under Any Sub-district",
        "district": "Bengaluru Urban",
        "rural_or_urban": "Urban",
        "water_body_type_code": "03",
        "water_body_type": "Lake",
        "water_body_ownership": "Panchayat",
        "water_body_nature": "Natural",
        "in_use": "No",
        "encroached": "No",
        "storage_capacity_original": 4.0,
        "max_depth_m": 0.0,
        "water_spread_area": 0.0,
        "image_path": "https://mi6census.mowr.gov.in/mic/getWaterBodyImageByURL/MIC_2120022766001302870005.jpeg"
      },
      "geometry": {
        "type": "Point",
        "coordinates": [
          77.4919444,
          12.9077778
        ]
      }
    },
    {
      "type": "Feature",
      "properties": {
        "census_code": "2/12/002/276600/1302870/003",
        "village": "BBMP WARD NUMBER 198 (HEMMIGEPURA)",
        "block_tehsil": "BBMP",
        "subdistrict": "Bengaluru South",
        "district": "Bengaluru Urban",
        "rural_or_urban": "Urban",
        "water_body_type_code": "03",
        "water_body_type": "Lake",
        "water_body_ownership": "Panchayat",
        "water_body_nature": "Natural",
        "in_use": "No",
        "encroached": "No",
        "storage_capacity_original": 4.0,
        "max_depth_m": 0.0,
        "water_spread_area": 0.0,
        "image_path": "https://mi6census.mowr.gov.in/mic/getWaterBodyImageByURL/MIC_2120022766001302870003.jpeg"
      },
      "geometry": {
        "type": "Point",
        "coordinates": [
          77.4819444,
          12.875
        ]
      }
    },
    {
      "type": "Feature",
      "properties": {
        "census_code": "2/12/002/276600/1302870/002",
        "village": "BBMP WARD NUMBER 198 (HEMMIGEPURA)",
        "block_tehsil": "BBMP",
        "subdistrict": "Bengaluru South",
        "district": "Bengaluru Urban",
        "rural_or_urban": "Urban",
        "water_body_type_code": "03",
        "water_body_type": "Lake",
        "water_body_ownership": "Panchayat",
        "water_body_nature": "Natural",
        "in_use": "No",
        "encroached": "No",
        "storage_capacity_original": 4.0,
        "max_depth_m": 0.0,
        "water_spread_area": 0.0,
        "image_path": "https://mi6census.mowr.gov.in/mic/getWaterBodyImageByURL/MIC_2120022766001302870002.jpeg"
      },
      "geometry": {
        "type": "Point",
        "coordinates": [
          77.4719444,
          12.8888889
        ]
      }
    },
    {
      "type": "Feature",
      "properties": {
        "census_code": "2/12/002/276600/1302870/001",
        "village": "BBMP WARD NUMBER 198 (HEMMIGEPURA)",
        "block_tehsil": "BBMP",
        "subdistrict": "99999- Area Not Under Any Sub-district",
        "district": "Bengaluru Urban",
        "rural_or_urban": "Urban",
        "water_body_type_code": "03",
        "water_body_type": "Lake",
        "water_body_ownership": "Panchayat",
        "water_body_nature": "Natural",
        "in_use": "No",
        "encroached": "No",
        "storage_capacity_original": 4.0,
        "max_depth_m": 0.0,
        "water_spread_area": 0.0,
        "image_path": "https://mi6census.mowr.gov.in/mic/getWaterBodyImageByURL/MIC_2120022766001302870001.jpeg"
      },
      "geometry": {
        "type": "Point",
        "coordinates": [
          77.4972222,
          12.875
        ]
      }
    },
    {
      "type": "Feature",
      "properties": {
        "census_code": "2/12/002/276600/1302695/001",
        "village": "BBMP WARD NUMBER 23 (NAGAVARA)",
        "block_tehsil": "BBMP",
        "subdistrict": "99999- Area Not Under Any Sub-district",
        "district": "Bengaluru Urban",
        "rural_or_urban": "Urban",
        "water_body_type_code": "03",
        "water_body_type": "Lake",
        "water_body_ownership": "Panchayat",
        "water_body_nature": "Natural",
        "in_use": "No",
        "encroached": "No",
        "storage_capacity_original": 4.0,
        "max_depth_m": 0.0,
        "water_spread_area": 0.0,
        "image_path": "https://mi6census.mowr.gov.in/mic/getWaterBodyImageByURL/MIC_2120022766001302695001.jpeg"
      },
      "geometry": {
        "type": "Point",
        "coordinates": [
          77.6416667,
          13.0755556
        ]
      }
    },
    {
      "type": "Feature",
      "properties": {
        "census_code": "2/12/002/276600/1302697/001",
        "village": "BBMP WARD NUMBER 25 (HORAMAVU)",
        "block_tehsil": "BBMP",
        "subdistrict": "99999- Area Not Under Any Sub-district",
        "district": "Bengaluru Urban",
        "rural_or_urban": "Urban",
        "water_body_type_code": "03",
        "water_body_type": "Lake",
        "water_body_ownership": "Panchayat",
        "water_body_nature": "Natural",
        "in_use": "No",
        "encroached": "No",
        "storage_capacity_original": 4.0,
        "max_depth_m": 0.0,
        "water_spread_area": 0.0,
        "image_path": "https://mi6census.mowr.gov.in/mic/getWaterBodyImageByURL/MIC_2120022766001302697001.jpeg"
      },
      "geometry": {
        "type": "Point",
        "coordinates": [
          77.6444444,
          13.0244444
        ]
      }
    },
    {
      "type": "Feature",
      "properties": {
        "census_code": "2/12/002/276600/1302697/002",
        "village": "BBMP WARD NUMBER 25 (HORAMAVU)",
        "block_tehsil": "BBMP",
        "subdistrict": "99999- Area Not Under Any Sub-district",
        "district": "Bengaluru Urban",
        "rural_or_urban": "Urban",
        "water_body_type_code": "03",
        "water_body_type": "Lake",
        "water_body_ownership": "Panchayat",
        "water_body_nature": "Natural",
        "in_use": "No",
        "encroached": "No",
        "storage_capacity_original": 4.0,
        "max_depth_m": 0.0,
        "water_spread_area": 0.0,
        "image_path": "https://mi6census.mowr.gov.in/mic/getWaterBodyImageByURL/MIC_2120022766001302697002.jpeg"
      },
      "geometry": {
        "type": "Point",
        "coordinates": [
          77.6580556,
          13.0461111
        ]
      }
    },
    {
      "type": "Feature",
      "properties": {
        "census_code": "2/12/002/276600/1302698/001",
        "village": "BBMP WARD NUMBER 26 (RAMAMURTHY NAGAR)",
        "block_tehsil": "BBMP",
        "subdistrict": "99999- Area Not Under Any Sub-district",
        "district": "Bengaluru Urban",
        "rural_or_urban": "Urban",
        "water_body_type_code": "03",
        "water_body_type": "Lake",
        "water_body_ownership": "Panchayat",
        "water_body_nature": "Natural",
        "in_use": "No",
        "encroached": "No",
        "storage_capacity_original": 4.0,
        "max_depth_m": 0.0,
        "water_spread_area": 0.0,
        "image_path": "https://mi6census.mowr.gov.in/mic/getWaterBodyImageByURL/MIC_2120022766001302698001.jpeg"
      },
      "geometry": {
        "type": "Point",
        "coordinates": [
          77.6875,
          13.0425
        ]
      }
    },
    {
      "type": "Feature",
      "properties": {
        "census_code": "2/12/002/276600/1302707/001",
        "village": "BBMP WARD NUMBER 35 (ARAMANE NAGARA)",
        "block_tehsil": "BBMP",
        "subdistrict": "99999- Area Not Under Any Sub-district",
        "district": "Bengaluru Urban",
        "rural_or_urban": "Urban",
        "water_body_type_code": "03",
        "water_body_type": "Lake",
        "water_body_ownership": "Panchayat",
        "water_body_nature": "Natural",
        "in_use": "No",
        "encroached": "No",
        "storage_capacity_original": 4.0,
        "max_depth_m": 0.0,
        "water_spread_area": 0.0,
        "image_path": "https://mi6census.mowr.gov.in/mic/getWaterBodyImageByURL/MIC_2120022766001302707001.jpeg"
      },
      "geometry": {
        "type": "Point",
        "coordinates": [
          77.5725,
          13.0080556
        ]
      }
    },
    {
      "type": "Feature",
      "properties": {
        "census_code": "2/12/002/276600/1302711/001",
        "village": "BBMP WARD NUMBER 39 (CHOKKASANDRA)",
        "block_tehsil": "BBMP",
        "subdistrict": "99999- Area Not Under Any Sub-district",
        "district": "Bengaluru Urban",
        "rural_or_urban": "Urban",
        "water_body_type_code": "03",
        "water_body_type": "Lake",
        "water_body_ownership": "Panchayat",
        "water_body_nature": "Natural",
        "in_use": "No",
        "encroached": "No",
        "storage_capacity_original": 4.0,
        "max_depth_m": 0.0,
        "water_spread_area": 0.0,
        "image_path": "https://mi6census.mowr.gov.in/mic/getWaterBodyImageByURL/MIC_2120022766001302711001.jpeg"
      },
      "geometry": {
        "type": "Point",
        "coordinates": [
          77.5111111,
          13.0394444
        ]
      }
    },
    {
      "type": "Feature",
      "properties": {
        "census_code": "2/12/002/276600/1302712/001",
        "village": "BBMP WARD NUMBER 40 (DODDA BIDARAKALLU)",
        "block_tehsil": "BBMP",
        "subdistrict": "99999- Area Not Under Any Sub-district",
        "district": "Bengaluru Urban",
        "rural_or_urban": "Urban",
        "water_body_type_code": "03",
        "water_body_type": "Lake",
        "water_body_ownership": "Panchayat",
        "water_body_nature": "Natural",
        "in_use": "No",
        "encroached": "No",
        "storage_capacity_original": 4.0,
        "max_depth_m": 0.0,
        "water_spread_area": 0.0,
        "image_path": "https://mi6census.mowr.gov.in/mic/getWaterBodyImageByURL/MIC_2120022766001302712001.jpeg"
      },
      "geometry": {
        "type": "Point",
        "coordinates": [
          77.4955556,
          13.045
        ]
      }
    },
    {
      "type": "Feature",
      "properties": {
        "census_code": "2/12/002/276600/1302713/002",
        "village": "BBMP WARD NUMBER 41 (PEENYA INDUSTRIAL AREA)",
        "block_tehsil": "BBMP",
        "subdistrict": "99999- Area Not Under Any Sub-district",
        "district": "Bengaluru Urban",
        "rural_or_urban": "Urban",
        "water_body_type_code": "03",
        "water_body_type": "Lake",
        "water_body_ownership": "Panchayat",
        "water_body_nature": "Natural",
        "in_use": "No",
        "encroached": "No",
        "storage_capacity_original": 4.0,
        "max_depth_m": 0.0,
        "water_spread_area": 0.0,
        "image_path": "https://mi6census.mowr.gov.in/mic/getWaterBodyImageByURL/MIC_2120022766001302713002.jpeg"
      },
      "geometry": {
        "type": "Point",
        "coordinates": [
          77.5044444,
          13.0244444
        ]
      }
    },
    {
      "type": "Feature",
      "properties": {
        "census_code": "2/12/002/276600/1302713/004",
        "village": "BBMP WARD NUMBER 41 (PEENYA INDUSTRIAL AREA)",
        "block_tehsil": "BBMP",
        "subdistrict": "Bengaluru North",
        "district": "Bengaluru Urban",
        "rural_or_urban": "Urban",
        "water_body_type_code": "03",
        "water_body_type": "Lake",
        "water_body_ownership": "Panchayat",
        "water_body_nature": "Natural",
        "in_use": "No",
        "encroached": "No",
        "storage_capacity_original": 4.0,
        "max_depth_m": 0.0,
        "water_spread_area": 0.0,
        "image_path": "https://mi6census.mowr.gov.in/mic/getWaterBodyImageByURL/MIC_2120022766001302713004.jpeg"
      },
      "geometry": {
        "type": "Point",
        "coordinates": [
          77.53,
          13.0847222
        ]
      }
    },
    {
      "type": "Feature",
      "properties": {
        "census_code": "2/12/002/276600/1302713/003",
        "village": "BBMP WARD NUMBER 41 (PEENYA INDUSTRIAL AREA)",
        "block_tehsil": "BBMP",
        "subdistrict": "99999- Area Not Under Any Sub-district",
        "district": "Bengaluru Urban",
        "rural_or_urban": "Urban",
        "water_body_type_code": "03",
        "water_body_type": "Lake",
        "water_body_ownership": "Panchayat",
        "water_body_nature": "Natural",
        "in_use": "No",
        "encroached": "No",
        "storage_capacity_original": 4.0,
        "max_depth_m": 0.0,
        "water_spread_area": 0.0,
        "image_path": "https://mi6census.mowr.gov.in/mic/getWaterBodyImageByURL/MIC_2120022766001302713003.jpeg"
      },
      "geometry": {
        "type": "Point",
        "coordinates": [
          77.4977778,
          13.0258333
        ]
      }
    },
    {
      "type": "Feature",
      "properties": {
        "census_code": "2/12/002/276600/1302713/001",
        "village": "BBMP WARD NUMBER 41 (PEENYA INDUSTRIAL AREA)",
        "block_tehsil": "BBMP",
        "subdistrict": "99999- Area Not Under Any Sub-district",
        "district": "Bengaluru Urban",
        "rural_or_urban": "Urban",
        "water_body_type_code": "03",
        "water_body_type": "Lake",
        "water_body_ownership": "Panchayat",
        "water_body_nature": "Natural",
        "in_use": "No",
        "encroached": "No",
        "storage_capacity_original": 4.0,
        "max_depth_m": 0.0,
        "water_spread_area": 0.0,
        "image_path": "https://mi6census.mowr.gov.in/mic/getWaterBodyImageByURL/MIC_2120022766001302713001.jpeg"
      },
      "geometry": {
        "type": "Point",
        "coordinates": [
          77.5047222,
          13.0258333
        ]
      }
    },
    {
      "type": "Feature",
      "properties": {
        "census_code": "2/12/002/276600/1302723/001",
        "village": "BBMP WARD NUMBER 51 (VIJNANAPURA)",
        "block_tehsil": "BBMP",
        "subdistrict": "99999- Area Not Under Any Sub-district",
        "district": "Bengaluru Urban",
        "rural_or_urban": "Urban",
        "water_body_type_code": "03",
        "water_body_type": "Lake",
        "water_body_ownership": "Panchayat",
        "water_body_nature": "Natural",
        "in_use": "No",
        "encroached": "No",
        "storage_capacity_original": 4.0,
        "max_depth_m": 0.0,
        "water_spread_area": 0.0,
        "image_path": "https://mi6census.mowr.gov.in/mic/getWaterBodyImageByURL/MIC_2120022766001302723001.jpeg"
      },
      "geometry": {
        "type": "Point",
        "coordinates": [
          77.6663889,
          12.995
        ]
      }
    },
    {
      "type": "Feature",
      "properties": {
        "census_code": "2/12/002/276600/1302724/001",
        "village": "BBMP WARD NUMBER 52 (KR PURAM)",
        "block_tehsil": "BBMP",
        "subdistrict": "Bengaluru East",
        "district": "Bengaluru Urban",
        "rural_or_urban": "Urban",
        "water_body_type_code": "03",
        "water_body_type": "Lake",
        "water_body_ownership": "Panchayat",
        "water_body_nature": "Natural",
        "in_use": "No",
        "encroached": "No",
        "storage_capacity_original": 4.0,
        "max_depth_m": 0.0,
        "water_spread_area": 0.0,
        "image_path": "https://mi6census.mowr.gov.in/mic/getWaterBodyImageByURL/MIC_2120022766001302724001.jpeg"
      },
      "geometry": {
        "type": "Point",
        "coordinates": [
          77.7077778,
          13.0241667
        ]
      }
    },
    {
      "type": "Feature",
      "properties": {
        "census_code": "2/12/002/276600/1302725/001",
        "village": "BBMP WARD NUMBER 53 (BASAVANAPURA)",
        "block_tehsil": "BBMP",
        "subdistrict": "99999- Area Not Under Any Sub-district",
        "district": "Bengaluru Urban",
        "rural_or_urban": "Urban",
        "water_body_type_code": "03",
        "water_body_type": "Lake",
        "water_body_ownership": "Panchayat",
        "water_body_nature": "Natural",
        "in_use": "No",
        "encroached": "No",
        "storage_capacity_original": 4.0,
        "max_depth_m": 0.0,
        "water_spread_area": 0.0,
        "image_path": "https://mi6census.mowr.gov.in/mic/getWaterBodyImageByURL/MIC_2120022766001302725001.jpeg"
      },
      "geometry": {
        "type": "Point",
        "coordinates": [
          77.7258333,
          13.0288889
        ]
      }
    },
    {
      "type": "Feature",
      "properties": {
        "census_code": "2/12/002/276600/1302726/001",
        "village": "BBMP WARD NUMBER 54 (HUDI)",
        "block_tehsil": "BBMP",
        "subdistrict": "99999- Area Not Under Any Sub-district",
        "district": "Bengaluru Urban",
        "rural_or_urban": "Urban",
        "water_body_type_code": "03",
        "water_body_type": "Lake",
        "water_body_ownership": "Panchayat",
        "water_body_nature": "Natural",
        "in_use": "No",
        "encroached": "No",
        "storage_capacity_original": 4.0,
        "max_depth_m": 0.0,
        "water_spread_area": 0.0,
        "image_path": "https://mi6census.mowr.gov.in/mic/getWaterBodyImageByURL/MIC_2120022766001302726001.jpeg"
      },
      "geometry": {
        "type": "Point",
        "coordinates": [
          77.6863889,
          13.0261111
        ]
      }
    },
    {
      "type": "Feature",
      "properties": {
        "census_code": "2/12/002/276600/1302744/001",
        "village": "BBMP WARD NUMBER 72 (HEROHALLI)",
        "block_tehsil": "BBMP",
        "subdistrict": "99999- Area Not Under Any Sub-district",
        "district": "Bengaluru Urban",
        "rural_or_urban": "Urban",
        "water_body_type_code": "03",
        "water_body_type": "Lake",
        "water_body_ownership": "Panchayat",
        "water_body_nature": "Natural",
        "in_use": "No",
        "encroached": "No",
        "storage_capacity_original": 4.0,
        "max_depth_m": 0.0,
        "water_spread_area": 0.0,
        "image_path": "https://mi6census.mowr.gov.in/mic/getWaterBodyImageByURL/MIC_2120022766001302744001.jpeg"
      },
      "geometry": {
        "type": "Point",
        "coordinates": [
          77.4911111,
          12.9827778
        ]
      }
    },
    {
      "type": "Feature",
      "properties": {
        "census_code": "2/12/002/276600/1302745/001",
        "village": "BBMP WARD NUMBER 73 (KOTTEGEPALYA)",
        "block_tehsil": "BBMP",
        "subdistrict": "99999- Area Not Under Any Sub-district",
        "district": "Bengaluru Urban",
        "rural_or_urban": "Urban",
        "water_body_type_code": "03",
        "water_body_type": "Lake",
        "water_body_ownership": "Panchayat",
        "water_body_nature": "Natural",
        "in_use": "No",
        "encroached": "No",
        "storage_capacity_original": 4.0,
        "max_depth_m": 0.0,
        "water_spread_area": 0.0,
        "image_path": "https://mi6census.mowr.gov.in/mic/getWaterBodyImageByURL/MIC_2120022766001302745001.jpeg"
      },
      "geometry": {
        "type": "Point",
        "coordinates": [
          77.5083333,
          12.965
        ]
      }
    },
    {
      "type": "Feature",
      "properties": {
        "census_code": "2/12/002/276600/1302753/001",
        "village": "BBMP WARD NUMBER 81 (VIJNANA NAGAR)",
        "block_tehsil": "BBMP",
        "subdistrict": "99999- Area Not Under Any Sub-district",
        "district": "Bengaluru Urban",
        "rural_or_urban": "Urban",
        "water_body_type_code": "03",
        "water_body_type": "Lake",
        "water_body_ownership": "Panchayat",
        "water_body_nature": "Natural",
        "in_use": "No",
        "encroached": "No",
        "storage_capacity_original": 4.0,
        "max_depth_m": 1.0,
        "water_spread_area": 0.0,
        "image_path": "https://mi6census.mowr.gov.in/mic/getWaterBodyImageByURL/MIC_2120022766001302753001.jpeg"
      },
      "geometry": {
        "type": "Point",
        "coordinates": [
          77.6741667,
          12.9669444
        ]
      }
    },
    {
      "type": "Feature",
      "properties": {
        "census_code": "2/12/002/253190/025550/001",
        "village": "KUNIGAL (TMC) - WARD NO.12",
        "block_tehsil": "BBMP",
        "subdistrict": "99999- Area Not Under Any Sub-district",
        "district": "Bengaluru Urban",
        "rural_or_urban": "Urban",
        "water_body_type_code": "03",
        "water_body_type": "Lake",
        "water_body_ownership": "Panchayat",
        "water_body_nature": "Natural",
        "in_use": "No",
        "encroached": "No",
        "storage_capacity_original": 4.0,
        "max_depth_m": 0.0,
        "water_spread_area": 0.0,
        "image_path": "https://mi6census.mowr.gov.in/mic/getWaterBodyImageByURL/MIC_212002253190025550001.jpeg"
      },
      "geometry": {
        "type": "Point",
        "coordinates": [
          77.5755556,
          13.0094444
        ]
      }
    },
    {
      "type": "Feature",
      "properties": {
        "census_code": "2/12/002/253190/025564/001",
        "village": "KUNIGAL (TMC) - WARD NO.19",
        "block_tehsil": "BBMP",
        "subdistrict": "99999- Area Not Under Any Sub-district",
        "district": "Bengaluru Urban",
        "rural_or_urban": "Urban",
        "water_body_type_code": "03",
        "water_body_type": "Lake",
        "water_body_ownership": "Panchayat",
        "water_body_nature": "Natural",
        "in_use": "No",
        "encroached": "No",
        "storage_capacity_original": 4.0,
        "max_depth_m": 0.0,
        "water_spread_area": 0.0,
        "image_path": "https://mi6census.mowr.gov.in/mic/getWaterBodyImageByURL/MIC_212002253190025564001.jpeg"
      },
      "geometry": {
        "type": "Point",
        "coordinates": [
          77.6211111,
          12.9855556
        ]
      }
    }
  ]
}
