{"type": "FeatureCollection", "name": "mmr-corporations-2024", "_provenance": "OpenStreetMap administrative boundaries via Overpass API (ODbL).", "features": [{"type": "Feature", "geometry": {"type": "MultiPolygon", "coordinates": [[[[72.9054505, 18.9607594], [72.9054639, 18.9606516], [72.9055028, 18.960521], [72.905649, 18.9603282], [72.9058394, 18.9601798], [72.9061733, 18.9596759], [72.9061948, 18.9595456], [72.9063329, 18.9592586], [72.9063356, 18.9591965], [72.9063021, 18.9591546], [72.906227, 18.9591267], [72.9061532, 18.9590874], [72.9060781, 18.9590456], [72.9060405, 18.9589694], [72.9060231, 18.9585078], [72.9062109, 18.9584992], [72.9064791, 18.9584941], [72.9067473, 18.958484], [72.9068037, 18.958432], [72.9068117, 18.9584054], [72.9068144, 18.9583369], [72.9068023, 18.9582747], [72.9067648, 18.9582329], [72.9067044, 18.9582278], [72.9059668, 18.9582608], [72.905881, 18.9581859], [72.905712, 18.9581872], [72.9056945, 18.9582414], [72.9056449, 18.9582719], [72.9055792, 18.958249], [72.9052828, 18.9578406], [72.905087, 18.9574411], [72.9049382, 18.9570961], [72.9048403, 18.9569654], [72.9047759, 18.9569413], [72.9045948, 18.9570111], [72.9045533, 18.9570685], [72.9045305, 18.9572169], [72.9045452, 18.9573827], [72.9043011, 18.9573662], [72.9041469, 18.9573751], [72.9039578, 18.9573637], [72.9037459, 18.957247], [72.9036212, 18.9570403], [72.9033436, 18.9562602], [72.9030901, 18.9554624], [72.9030137, 18.9554612], [72.9028944, 18.9554526], [72.9028581, 18.9553825], [72.9027884, 18.9553677], [72.9027656, 18.9554272], [72.9027146, 18.9556362], [72.9026704, 18.9557884], [72.9025765, 18.9559127], [72.9025148, 18.9559647], [72.9020722, 18.9552417], [72.9019609, 18.9548752], [72.9018711, 18.9547179], [72.901745, 18.9547432], [72.9017021, 18.9548701], [72.9017611, 18.9551479], [72.9018965, 18.9553914], [72.9026597, 18.9566817], [72.9029493, 18.9572622], [72.9030566, 18.9575273], [72.9029828, 18.9578026], [72.9029641, 18.9579801], [72.9029923, 18.9582059], [72.9030137, 18.9583543], [72.9029266, 18.9584773], [72.9028246, 18.9585015], [72.9027482, 18.9584203], [72.9025123, 18.9581064], [72.902036, 18.9573967], [72.9019651, 18.9573798], [72.9017039, 18.9575131], [72.901544, 18.9575923], [72.901201, 18.9579715], [72.9010051, 18.958008], [72.9002798, 18.9582141], [72.9000364, 18.958365], [72.8993416, 18.9586248], [72.898823, 18.9585647], [72.8986557, 18.9587189], [72.8987287, 18.9588332], [72.8986971, 18.9589555], [72.8982423, 18.9593431], [72.8983347, 18.9597789], [72.8988561, 18.9602364], [72.8992942, 18.9604749], [72.8994593, 18.9607105], [72.8996104, 18.9607906], [72.8999546, 18.9608923], [72.8999519, 18.9611561], [72.8998997, 18.9614925], [72.8998943, 18.9618223], [72.8999587, 18.9620354], [72.9000391, 18.9621723], [72.9000565, 18.9623052], [72.9000995, 18.9624193], [72.9001893, 18.9624818], [72.9002725, 18.9626086], [72.9003382, 18.9627364], [72.9004642, 18.9629038], [72.9006239, 18.9630678], [72.900648, 18.9632783], [72.9005608, 18.9634594], [72.9005232, 18.9635278], [72.9005393, 18.9636623], [72.9006922, 18.9638272], [72.9007834, 18.9637206], [72.9008746, 18.9637384], [72.9009417, 18.9637409], [72.9010463, 18.9637967], [72.9012448, 18.963921], [72.901344, 18.9639033], [72.9014808, 18.9636902], [72.9015934, 18.9635355], [72.9017034, 18.9634467], [72.9017611, 18.9633849], [72.9018872, 18.9633113], [72.9020843, 18.9633427], [72.9022037, 18.9633214], [72.9022734, 18.9633696], [72.9022654, 18.9634736], [72.9022385, 18.9635979], [72.9022372, 18.9636712], [72.90226, 18.9637054], [72.9022989, 18.9637194], [72.9023431, 18.9637194], [72.902382, 18.9636902], [72.9023927, 18.963576], [72.9024544, 18.9634835], [72.9024638, 18.9634483], [72.9025215, 18.9631638], [72.9025523, 18.9630192], [72.9026516, 18.962933], [72.9027575, 18.9628785], [72.9029386, 18.9629013], [72.9030499, 18.9628154], [72.9031545, 18.9628315], [72.9033221, 18.9628024], [72.9034294, 18.9627326], [72.903475, 18.962673], [72.9035233, 18.9626315], [72.9036145, 18.962601], [72.9036829, 18.9625931], [72.9037969, 18.9625804], [72.9038733, 18.9624777], [72.903876, 18.9623902], [72.9038653, 18.9623445], [72.9038438, 18.9622874], [72.9037902, 18.9621961], [72.9036722, 18.9619757], [72.903589, 18.9617864], [72.9036064, 18.9616495], [72.9036521, 18.9615407], [72.9037714, 18.9613971], [72.9038773, 18.9612309], [72.9040141, 18.9610419], [72.9041201, 18.960976], [72.9042166, 18.9608948], [72.9043602, 18.9607975], [72.9044487, 18.9606884], [72.9045868, 18.9606069], [72.9047973, 18.9605802], [72.9048443, 18.9606843], [72.9049569, 18.9607337], [72.9050535, 18.9607413], [72.9051755, 18.9607274], [72.905256, 18.9608136], [72.9053365, 18.9608403], [72.9053646, 18.9608618], [72.9053847, 18.9609037], [72.905429, 18.9608964], [72.9054505, 18.9607594]]], [[[72.8053786, 18.9786999], [72.8056884, 18.9789253], [72.8059963, 18.9790986], [72.8060888, 18.9791435], [72.8062447, 18.9792192], [72.806761, 18.9793825], [72.8072588, 18.9795189], [72.8081467, 18.9797475], [72.8087403, 18.9799389], [72.8092573, 18.9801188], [72.8094036, 18.980162], [72.8094515, 18.9801891], [72.8094944, 18.9802507], [72.8095522, 18.9803278], [72.8095989, 18.9804], [72.8094287, 18.980809], [72.8089178, 18.9817754], [72.8088708, 18.9818705], [72.8087045, 18.9818274], [72.8086375, 18.982029], [72.8086427, 18.9821356], [72.8086759, 18.9821329], [72.8086819, 18.98237], [72.8086766, 18.9824299], [72.8085731, 18.9824361], [72.8086241, 18.9830715], [72.8088186, 18.9830791], [72.8088212, 18.9831298], [72.8091793, 18.9831399], [72.8091726, 18.9823587], [72.8089714, 18.9823841], [72.8089057, 18.9821305], [72.8089312, 18.9819517], [72.8095065, 18.9808204], [72.8097961, 18.9802474], [72.8103028, 18.9803992], [72.8105515, 18.980467], [72.8108196, 18.9805401], [72.8110703, 18.9805998], [72.8113123, 18.9806639], [72.8114947, 18.9807399], [72.8116718, 18.9808529], [72.8118377, 18.9809855], [72.8119716, 18.9811112], [72.8121183, 18.9812684], [72.8123045, 18.9815031], [72.8124859, 18.9817755], [72.8125377, 18.9818901], [72.812599, 18.9820465], [72.8126531, 18.9822052], [72.8127212, 18.9824876], [72.8127353, 18.9825968], [72.812748, 18.9829278], [72.8127433, 18.9830938], [72.8127035, 18.9834231], [72.8126717, 18.9835329], [72.81261, 18.983743], [72.8125699, 18.9839082], [72.8125425, 18.9841075], [72.8125513, 18.9842469], [72.8125665, 18.9843725], [72.8126426, 18.9846333], [72.8127616, 18.9849071], [72.8129837, 18.9852065], [72.8131752, 18.9854543], [72.8133786, 18.9857694], [72.8134888, 18.9860179], [72.8135202, 18.9861612], [72.8135182, 18.9863003], [72.8134949, 18.9864479], [72.8134438, 18.9866481], [72.8134287, 18.9868107], [72.8133891, 18.9868839], [72.8133178, 18.9870237], [72.8132603, 18.9871131], [72.8131376, 18.9872306], [72.812813, 18.9874591], [72.8126961, 18.9875389], [72.8125954, 18.9875945], [72.8124871, 18.9876304], [72.812419, 18.9876432], [72.8123409, 18.9876414], [72.8122693, 18.9876257], [72.812199, 18.9875917], [72.8121605, 18.9875649], [72.8120659, 18.9874738], [72.812024, 18.9874221], [72.8119885, 18.9873615], [72.8119123, 18.9872385], [72.8118742, 18.9871881], [72.8117818, 18.9871032], [72.8116904, 18.9870038], [72.8116395, 18.9869456], [72.8115813, 18.9869007], [72.8114659, 18.9868635], [72.8114032, 18.9868412], [72.8113593, 18.9868409], [72.8112974, 18.986859], [72.8111401, 18.9869057], [72.8110204, 18.986933], [72.8108653, 18.9869473], [72.8107143, 18.9869552], [72.8105998, 18.9869689], [72.8104477, 18.9869938], [72.810284, 18.9870562], [72.8101348, 18.9871272], [72.8100156, 18.9872068], [72.8098992, 18.9873429], [72.8098, 18.9874814], [72.8097075, 18.9876325], [72.8096431, 18.9877849], [72.8096013, 18.9879419], [72.8095835, 18.9880721], [72.8095803, 18.9882271], [72.8095885, 18.9883469], [72.8096027, 18.9884838], [72.8096595, 18.9887617], [72.8097208, 18.9889703], [72.8097972, 18.9891642], [72.8099183, 18.9894282], [72.8100956, 18.9898001], [72.8103188, 18.9902431], [72.8104505, 18.9905297], [72.8105656, 18.9908119], [72.8106582, 18.9910687], [72.8107697, 18.991387], [72.8108261, 18.9915917], [72.810892, 18.9918824], [72.8109216, 18.9920191], [72.8109585, 18.9922046], [72.810994, 18.9923714], [72.8110078, 18.9924328], [72.8110314, 18.9924867], [72.8110705, 18.9925279], [72.8111162, 18.9925497], [72.8111445, 18.9925548], [72.8111777, 18.9925585], [72.8112857, 18.9925466], [72.8113598, 18.9925384], [72.8114525, 18.992528], [72.811531, 18.9925192], [72.8115544, 18.9925153], [72.8117138, 18.9924839], [72.8117546, 18.9924696], [72.8117894, 18.992448], [72.8118032, 18.9924325], [72.8118168, 18.9924144], [72.811839, 18.9923889], [72.8118612, 18.9923679], [72.8118974, 18.9923465], [72.8119347, 18.9923357], [72.8119753, 18.9923318], [72.8120073, 18.992342], [72.8120328, 18.9923568], [72.8120638, 18.9923872], [72.8120869, 18.9924119], [72.8121141, 18.9924396], [72.8121449, 18.9924658], [72.8121855, 18.99249], [72.812233, 18.992515], [72.8122625, 18.9925418], [72.8122763, 18.9925624], [72.8122932, 18.9925803], [72.8123164, 18.9926014], [72.812335, 18.9926216], [72.8123428, 18.9926455], [72.8123427, 18.992672], [72.8123449, 18.9927019], [72.8123567, 18.9927182], [72.8123823, 18.9927257], [72.8124062, 18.9927209], [72.8124311, 18.9927021], [72.8124478, 18.9926858], [72.8124738, 18.9926713], [72.8124962, 18.992671], [72.8125252, 18.9926818], [72.8125595, 18.9927012], [72.8125939, 18.9927163], [72.8126301, 18.9927164], [72.812719, 18.9927042], [72.8127589, 18.9927038], [72.8127883, 18.992753], [72.8127292, 18.9929591], [72.8126972, 18.9931515], [72.8126407, 18.9931861], [72.8126273, 18.9933053], [72.8125647, 18.9935727], [72.8125146, 18.9936617], [72.8124732, 18.9937093], [72.8124058, 18.9937465], [72.8123635, 18.993759], [72.8123282, 18.9937548], [72.8122963, 18.9937294], [72.8122659, 18.9936846], [72.8122539, 18.9936614], [72.8121574, 18.9935979], [72.8121176, 18.9935619], [72.8120992, 18.9935387], [72.8119485, 18.9934645], [72.8118774, 18.9934299], [72.8118072, 18.9934099], [72.8117093, 18.993396], [72.8116185, 18.9933961], [72.8115581, 18.9933986], [72.8114828, 18.9934037], [72.8113918, 18.9934154], [72.8113129, 18.9934389], [72.8112404, 18.9934683], [72.8111773, 18.9935043], [72.8111324, 18.9935478], [72.8111185, 18.9935809], [72.8111015, 18.9936465], [72.8110896, 18.9938219], [72.8110983, 18.993975], [72.8111003, 18.9942325], [72.8110992, 18.994301], [72.8110931, 18.9944694], [72.8110533, 18.9948889], [72.8109956, 18.9953191], [72.8109051, 18.9956796], [72.8107721, 18.9961607], [72.8106341, 18.9966763], [72.8105295, 18.9970514], [72.8104492, 18.9973464], [72.8103186, 18.9978648], [72.8102934, 18.9980071], [72.810278, 18.9980941], [72.8102612, 18.9981889], [72.8101973, 18.9987044], [72.8101643, 18.9991351], [72.8101619, 18.9998042], [72.810186, 19.0003009], [72.8102342, 19.000803], [72.8103303, 19.0013815], [72.810411, 19.0017439], [72.8105302, 19.0021727], [72.810678, 19.0026458], [72.8108236, 19.0030365], [72.8108773, 19.0031759], [72.8110514, 19.0035465], [72.8112443, 19.0039614], [72.8113073, 19.0041059], [72.8113301, 19.0041909], [72.8114613, 19.0044933], [72.8115715, 19.0047106], [72.8116661, 19.0049822], [72.8117372, 19.00517], [72.8118778, 19.0054579], [72.8120199, 19.0057653], [72.8120615, 19.0058325], [72.8120977, 19.0058579], [72.8121111, 19.0058794], [72.8121084, 19.0059479], [72.8121232, 19.0060366], [72.812144, 19.006099], [72.812152, 19.0061358], [72.8121453, 19.0061675], [72.8121292, 19.0061992], [72.8121319, 19.0062359], [72.8121373, 19.0062702], [72.8121655, 19.0062968], [72.812207, 19.0063133], [72.8122459, 19.0063222], [72.8122768, 19.0063399], [72.8122969, 19.0063932], [72.8123635, 19.0065545], [72.8123763, 19.0066059], [72.8123763, 19.006627], [72.8123571, 19.0066371], [72.8122975, 19.0066421], [72.8122326, 19.0066391], [72.8121442, 19.0066361], [72.812091, 19.0066512], [72.8120527, 19.0066924], [72.8120442, 19.0067357], [72.8120495, 19.0067689], [72.8120633, 19.0067931], [72.8120974, 19.0068081], [72.8121517, 19.0068293], [72.812223, 19.0068404], [72.8122997, 19.0068565], [72.8123667, 19.0068786], [72.8124125, 19.0069058], [72.8124263, 19.0069259], [72.8124234, 19.0069581], [72.8124149, 19.00699], [72.8124258, 19.00709], [72.8124486, 19.0071722], [72.8124714, 19.0072545], [72.8124764, 19.0073168], [72.8124756, 19.0074855], [72.8124975, 19.0080055], [72.8124967, 19.0080566], [72.8124857, 19.0080718], [72.8124629, 19.0080798], [72.8124418, 19.0080798], [72.8123902, 19.0080702], [72.8123537, 19.0080463], [72.8123156, 19.0080191], [72.8122928, 19.0080143], [72.8122666, 19.0080255], [72.8122286, 19.0080742], [72.8122058, 19.0081277], [72.8121906, 19.0081797], [72.8121948, 19.0082012], [72.8122227, 19.0082188], [72.8122858, 19.0082423], [72.8123162, 19.0082679], [72.8123331, 19.0083038], [72.8123382, 19.008327], [72.8123213, 19.0083574], [72.812301, 19.0083757], [72.8122714, 19.0083881], [72.8122621, 19.0084112], [72.8122647, 19.0084496], [72.8122723, 19.0084711], [72.8122875, 19.0084815], [72.8123061, 19.0084791], [72.8123179, 19.0084687], [72.8123424, 19.0084655], [72.812377, 19.0084743], [72.8123922, 19.0084815], [72.8124049, 19.0085127], [72.8124091, 19.0085414], [72.8124007, 19.0086269], [72.8123876, 19.008726], [72.8123474, 19.0088997], [72.8123223, 19.0090034], [72.8122714, 19.009186], [72.8121694, 19.0094554], [72.8121503, 19.0095259], [72.8121513, 19.0095531], [72.8121705, 19.0095752], [72.8121822, 19.0095983], [72.8121794, 19.0096531], [72.8121794, 19.0097362], [72.8121861, 19.0098304], [72.8122131, 19.0098943], [72.8122638, 19.0099422], [72.8124328, 19.0100237], [72.8125807, 19.0100798], [72.8126595, 19.0100949], [72.8127553, 19.0100899], [72.8128394, 19.0100677], [72.8129455, 19.0100086], [72.8130206, 19.0099566], [72.8130783, 19.0098831], [72.8131681, 19.0097487], [72.8132137, 19.0096802], [72.8132566, 19.0096371], [72.8132808, 19.0096244], [72.8133009, 19.0096359], [72.8133224, 19.0096435], [72.8134002, 19.0096168], [72.8135745, 19.0095572], [72.8136644, 19.0095255], [72.8137247, 19.0095153], [72.8137891, 19.0095153], [72.8138669, 19.0095432], [72.8139809, 19.0096104], [72.8140761, 19.0096555], [72.8141521, 19.0096907], [72.814191, 19.0096907], [72.8142248, 19.0096875], [72.8142518, 19.0096875], [72.8143008, 19.0097131], [72.8143583, 19.0097562], [72.8143921, 19.0098105], [72.8144157, 19.0098776], [72.8144461, 19.009983], [72.8144901, 19.0100789], [72.814587, 19.0102071], [72.814764, 19.010404], [72.8148257, 19.0104463], [72.8149045, 19.0104734], [72.8149579, 19.0104938], [72.8150182, 19.0105369], [72.8150839, 19.010599], [72.8151605, 19.0106685], [72.8152281, 19.0107245], [72.8153093, 19.01082], [72.8153717, 19.0109098], [72.8154223, 19.0110126], [72.8154677, 19.0111159], [72.815542, 19.0112394], [72.8156128, 19.0113129], [72.815698, 19.0114269], [72.8157298, 19.0114977], [72.8157661, 19.0116519], [72.8157915, 19.0117653], [72.8158382, 19.0119031], [72.8158537, 19.011946], [72.8158735, 19.0119781], [72.8159005, 19.011997], [72.8159268, 19.0120221], [72.8159378, 19.0120475], [72.8159473, 19.0120968], [72.8159651, 19.0121651], [72.8160023, 19.0122586], [72.8160417, 19.01231], [72.8160939, 19.0123677], [72.8161159, 19.0124051], [72.8161357, 19.0124695], [72.8161426, 19.0125853], [72.8161968, 19.0129312], [72.8162455, 19.0131038], [72.8163186, 19.0133043], [72.8163517, 19.01349], [72.8163758, 19.0138784], [72.8163836, 19.0141776], [72.816503, 19.0141742], [72.8163904, 19.0145038], [72.8162804, 19.0149147], [72.8162402, 19.0152088], [72.8162107, 19.0154396], [72.8161624, 19.015645], [72.816267, 19.0158606], [72.8170181, 19.0162293], [72.8170221, 19.0162739], [72.8171414, 19.0163322], [72.8171709, 19.0163043], [72.8175759, 19.0164641], [72.8176162, 19.0164819], [72.8176534, 19.0164894], [72.8176953, 19.0164983], [72.8177181, 19.0164463], [72.817816, 19.0164983], [72.8178066, 19.0165338], [72.8178039, 19.0166213], [72.8178012, 19.0167088], [72.8177623, 19.0167126], [72.8176148, 19.0168127], [72.8175786, 19.0168044], [72.8175317, 19.0167937], [72.8165863, 19.0162739], [72.8164762, 19.0162231], [72.8164172, 19.0162358], [72.8162885, 19.0163753], [72.8161952, 19.0165525], [72.8160953, 19.0167709], [72.8160417, 19.0171183], [72.8160283, 19.0176711], [72.8160149, 19.0179982], [72.8159398, 19.0188781], [72.8159586, 19.019261], [72.8160417, 19.0195248], [72.8160632, 19.0199001], [72.816039, 19.0202297], [72.8159049, 19.0206278], [72.8158459, 19.0209549], [72.8158298, 19.0213378], [72.8158218, 19.0215813], [72.8158164, 19.0217638], [72.8158432, 19.0220808], [72.8159183, 19.0224941], [72.8158942, 19.0227731], [72.815854, 19.0229506], [72.8157735, 19.0231154], [72.8157252, 19.0232904], [72.8156447, 19.0236124], [72.8155053, 19.0240764], [72.8153899, 19.0244669], [72.815229, 19.024718], [72.8151056, 19.0250045], [72.8150064, 19.0253037], [72.8149313, 19.0257449], [72.8149071, 19.026247], [72.8149044, 19.0266958], [72.8150064, 19.0267769], [72.8153551, 19.0260771], [72.8155348, 19.026214], [72.815583, 19.0261303], [72.8154174, 19.026015], [72.815626, 19.0256283], [72.8157493, 19.0255116], [72.8159264, 19.0252809], [72.81609, 19.0249715], [72.8164279, 19.0247864], [72.8167418, 19.0245734], [72.8168866, 19.0244137], [72.8169832, 19.0243249], [72.817077, 19.0242463], [72.8172433, 19.0239851], [72.8174204, 19.0237366], [72.8174955, 19.0234222], [72.8176296, 19.0231965], [72.8177825, 19.0230558], [72.8179166, 19.0229062], [72.8180346, 19.0226552], [72.8182827, 19.0223876], [72.8184745, 19.022323], [72.8185536, 19.0221417], [72.8187038, 19.0219819], [72.8187295, 19.0218989], [72.8187548, 19.0217081], [72.8187387, 19.021651], [72.8187816, 19.0213771], [72.8187548, 19.0211819], [72.8187749, 19.0209461], [72.8188071, 19.0206506], [72.8188607, 19.020288], [72.8189331, 19.0199039], [72.8189841, 19.0196351], [72.8190739, 19.0194487], [72.819196, 19.0191685], [72.8195111, 19.0187564], [72.8198882, 19.0184665], [72.8200167, 19.0182949], [72.82012, 19.0181808], [72.8203078, 19.0180958], [72.8205237, 19.0180033], [72.8208924, 19.0179228], [72.8213283, 19.0178309], [72.8218514, 19.0177801], [72.8223503, 19.017737], [72.8224844, 19.017524], [72.8227553, 19.0175646], [72.8235895, 19.0177143], [72.8240347, 19.0178511], [72.8249922, 19.0182759], [72.8253543, 19.0184547], [72.8258286, 19.0186904], [72.8269114, 19.0193105], [72.8269446, 19.0193308], [72.8283798, 19.0202095], [72.8291255, 19.0207699], [72.8300482, 19.0215255], [72.8313357, 19.0225119], [72.8318561, 19.0230064], [72.832253, 19.0234501], [72.8327089, 19.024008], [72.833468, 19.0246875], [72.8334492, 19.024789], [72.8334385, 19.0248701], [72.8334787, 19.0249969], [72.8337631, 19.025433], [72.8341064, 19.0258565], [72.8341922, 19.0260391], [72.8342271, 19.0262166], [72.834321, 19.0263915], [72.8344577, 19.0263839], [72.8345838, 19.0264853], [72.8347555, 19.0266476], [72.8351846, 19.0272714], [72.8354073, 19.0277253], [72.8358176, 19.028628], [72.8361315, 19.0295028], [72.8361824, 19.0296169], [72.8364426, 19.0299414], [72.8365499, 19.0301899], [72.836802, 19.0310089], [72.8368074, 19.0311864], [72.8366384, 19.0312904], [72.8366867, 19.0313969], [72.8369442, 19.0312676], [72.8370702, 19.0314146], [72.8372714, 19.0320029], [72.8373277, 19.032406], [72.8373653, 19.0324593], [72.8374538, 19.0325658], [72.8375208, 19.0330196], [72.8376469, 19.0333797], [72.8377461, 19.0338107], [72.8378159, 19.033902], [72.8378856, 19.0345968], [72.8378561, 19.0353219], [72.8378668, 19.0360319], [72.838068, 19.0371475], [72.8380492, 19.0376521], [72.8381002, 19.0381313], [72.8380573, 19.0386156], [72.8379339, 19.0391531], [72.8378373, 19.0396323], [72.8377166, 19.0406515], [72.8376254, 19.041255], [72.8375825, 19.0418762], [72.8375825, 19.0420258], [72.8376241, 19.0421399], [72.8376563, 19.0422362], [72.8377515, 19.0423287], [72.8377555, 19.0424479], [72.8377743, 19.0425126], [72.8378172, 19.0425709], [72.8378977, 19.0426102], [72.8379594, 19.0426408], [72.8379069, 19.0432639], [72.8377065, 19.0440004], [72.8375046, 19.044349], [72.8368806, 19.0454962], [72.836848, 19.045583], [72.8367168, 19.0457621], [72.8364735, 19.0462565], [72.8362895, 19.0467928], [72.8362251, 19.0471217], [72.8362208, 19.0472831], [72.8362782, 19.0474446], [72.8364695, 19.0475906], [72.836633, 19.0477558], [72.8367439, 19.0479493], [72.8368798, 19.0480955], [72.8369227, 19.0481792], [72.8370461, 19.0482476], [72.8374431, 19.0483034], [72.8376308, 19.0481513], [72.8379929, 19.0480549], [72.8381404, 19.048131], [72.838127, 19.0482578], [72.8381297, 19.0484251], [72.8380839, 19.0484884], [72.8378963, 19.0486913], [72.8377949, 19.0488986], [72.8374618, 19.0492541], [72.8373626, 19.0492465], [72.8372392, 19.0491705], [72.8370032, 19.0490767], [72.8368476, 19.0490538], [72.8367123, 19.0490937], [72.836406, 19.0492631], [72.8362173, 19.0493429], [72.8359576, 19.0494115], [72.8358082, 19.0494177], [72.8356408, 19.0494017], [72.8350943, 19.0492922], [72.8344442, 19.0493297], [72.8338538, 19.0494068], [72.8336397, 19.0493847], [72.8334003, 19.0493275], [72.8330201, 19.0491527], [72.8327345, 19.0489131], [72.8323589, 19.0485696], [72.8319472, 19.0481677], [72.8312887, 19.0474857], [72.8299593, 19.0460812], [72.829915, 19.0458503], [72.8299423, 19.0456529], [72.8299042, 19.0453877], [72.8297909, 19.0451052], [72.8295709, 19.0449527], [72.8292949, 19.0447873], [72.8290223, 19.04471], [72.828624, 19.0446255], [72.8283185, 19.0444369], [72.8278059, 19.0442062], [72.8274438, 19.0440313], [72.8273231, 19.0439552], [72.8271112, 19.0438564], [72.8268349, 19.0437118], [72.8267142, 19.0436332], [72.8265801, 19.043542], [72.8260651, 19.0432276], [72.8255823, 19.0429461], [72.8252658, 19.0427382], [72.8248957, 19.0426013], [72.8246087, 19.0425101], [72.8240937, 19.0424061], [72.8236968, 19.0423503], [72.8234285, 19.042254], [72.8232434, 19.0420029], [72.8230852, 19.0415719], [72.8230865, 19.0412575], [72.8228545, 19.0412854], [72.8228802, 19.0415259], [72.8227425, 19.0415428], [72.8227122, 19.0412891], [72.8225233, 19.0413095], [72.8225313, 19.0409355], [72.8224844, 19.0407276], [72.822538, 19.0405806], [72.8225219, 19.040502], [72.8224616, 19.0404441], [72.8223744, 19.040469], [72.8223315, 19.0405248], [72.8222019, 19.0408955], [72.8220928, 19.0411865], [72.8220686, 19.0416531], [72.8218979, 19.0418431], [72.8218415, 19.0424614], [72.8218111, 19.0427205], [72.8217494, 19.0428954], [72.8215724, 19.043012], [72.8214169, 19.0430247], [72.8212103, 19.0429258], [72.8208616, 19.0426723], [72.820462, 19.0423402], [72.8199644, 19.0422552], [72.8196962, 19.0421361], [72.8194293, 19.0420397], [72.8192885, 19.0419928], [72.8191303, 19.0419383], [72.8188124, 19.041847], [72.8184651, 19.041745], [72.818328, 19.0416843], [72.8182404, 19.0416638], [72.818173, 19.0416766], [72.8181164, 19.0418534], [72.8181338, 19.0419554], [72.8181472, 19.0421272], [72.8181053, 19.0423249], [72.8180677, 19.0423728], [72.818012, 19.0424374], [72.8179456, 19.0425254], [72.8178656, 19.0426089], [72.817714, 19.042761], [72.8175685, 19.0428847], [72.817804, 19.0430127], [72.8179193, 19.0435876], [72.8180346, 19.04412], [72.8180748, 19.044333], [72.8181365, 19.0445764], [72.8182706, 19.0446803], [72.8184181, 19.0448223], [72.8185067, 19.0450125], [72.8187078, 19.0454689], [72.8188875, 19.0458492], [72.8190887, 19.0462523], [72.819322, 19.0468227], [72.8199148, 19.0481411], [72.8205049, 19.0493429], [72.8206497, 19.0497232], [72.8209341, 19.0500426], [72.8210199, 19.0502885], [72.8210521, 19.0507474], [72.8211325, 19.0510517], [72.8212666, 19.0512976], [72.8214115, 19.0514725], [72.821492, 19.0518401], [72.8215644, 19.0523751], [72.8216824, 19.0526489], [72.8219855, 19.0533867], [72.8223744, 19.0540484], [72.8227825, 19.0543997], [72.8231683, 19.0545884], [72.8235573, 19.0546771], [72.823689, 19.0547189], [72.8236978, 19.0547214], [72.8238228, 19.0547608], [72.8239033, 19.0549661], [72.8239086, 19.0552526], [72.8239059, 19.0555087], [72.8238603, 19.0557191], [72.8237826, 19.0558839], [72.8235814, 19.0562059], [72.8234768, 19.0564822], [72.8232864, 19.0566495], [72.8232488, 19.0568599], [72.8233346, 19.0568954], [72.82334, 19.0570095], [72.8230758, 19.0572199], [72.8229732, 19.0572586], [72.8228988, 19.0572859], [72.8228103, 19.057296], [72.8227043, 19.0571971], [72.8223368, 19.0575622], [72.8220257, 19.0576053], [72.8218085, 19.0578132], [72.8216583, 19.0579856], [72.821508, 19.0580743], [72.8213632, 19.0581174], [72.821156, 19.0580122], [72.8211245, 19.058016], [72.8210997, 19.0580325], [72.8210628, 19.0581402], [72.8211218, 19.0583735], [72.8212032, 19.058594], [72.8208911, 19.0587563], [72.8205035, 19.0589223], [72.8205438, 19.0590694], [72.8206497, 19.0592443], [72.8207155, 19.0593787], [72.8208053, 19.0595929], [72.8208898, 19.0597171], [72.8212197, 19.0603775], [72.8213699, 19.0608921], [72.8215563, 19.0611165], [72.8216663, 19.0614816], [72.821673, 19.0619683], [72.8216985, 19.0623638], [72.8218192, 19.0626021], [72.8220794, 19.0628683], [72.8221706, 19.0630381], [72.8222873, 19.0635743], [72.8177809, 19.0644019], [72.8178705, 19.064719], [72.8223936, 19.0638047], [72.8225917, 19.0640813], [72.8226319, 19.0642892], [72.8225729, 19.0646454], [72.8226426, 19.0647493], [72.8228371, 19.0648089], [72.8228948, 19.0650878], [72.8229537, 19.0655936], [72.8228921, 19.0659598], [72.8228035, 19.0662527], [72.8223717, 19.0670816], [72.8221866, 19.0677027], [72.8221973, 19.0687471], [72.820954, 19.0690698], [72.8210007, 19.0692062], [72.8219798, 19.0689074], [72.82224, 19.0688346], [72.8223824, 19.0693042], [72.8223812, 19.0695706], [72.8223744, 19.0697839], [72.822074, 19.0703467], [72.8220457, 19.0704293], [72.8217868, 19.0711843], [72.8216395, 19.0717866], [72.8215245, 19.0724156], [72.8215212, 19.0724339], [72.8215107, 19.0724913], [72.8215349, 19.0729324], [72.8214946, 19.0733659], [72.8214598, 19.0736397], [72.8214222, 19.0739717], [72.8214883, 19.0744139], [72.8215133, 19.0746455], [72.8215644, 19.0749029], [72.8215311, 19.0753824], [72.8214534, 19.0757713], [72.8213006, 19.0759206], [72.82119, 19.0761791], [72.8211349, 19.0763915], [72.8211236, 19.0765959], [72.8210993, 19.0769905], [72.8211727, 19.0770437], [72.8213786, 19.0768157], [72.8214026, 19.076816], [72.8209688, 19.0773083], [72.8209591, 19.0773325], [72.8208183, 19.0772998], [72.8207466, 19.0774222], [72.8206948, 19.0775016], [72.8208006, 19.0776643], [72.8206177, 19.077947], [72.820469, 19.0780565], [72.8201864, 19.0782668], [72.8201471, 19.0782942], [72.8198698, 19.0784876], [72.8198606, 19.078494], [72.8197917, 19.0786418], [72.8198281, 19.0787592], [72.8198371, 19.078788], [72.8199701, 19.0785494], [72.8201845, 19.0783416], [72.8206863, 19.0780105], [72.8212681, 19.0771186], [72.8213964, 19.077258], [72.8215147, 19.0772933], [72.8216368, 19.0773533], [72.8218782, 19.0775105], [72.821974, 19.0775788], [72.8220519, 19.0777383], [72.8221203, 19.0778914], [72.8219839, 19.0779961], [72.820766, 19.0787387], [72.8208119, 19.0787949], [72.8221475, 19.0780024], [72.8221529, 19.0779941], [72.8221834, 19.0780531], [72.8222629, 19.0781762], [72.82235, 19.078311], [72.8224819, 19.0784291], [72.8225883, 19.0785244], [72.8225997, 19.0785346], [72.8226882, 19.078565], [72.8228762, 19.0786649], [72.8230557, 19.0787602], [72.8234607, 19.0791582], [72.8235278, 19.0792773], [72.8235573, 19.0793914], [72.8234929, 19.0794547], [72.823399, 19.0794623], [72.8233428, 19.0796767], [72.8233212, 19.0797589], [72.8231174, 19.080053], [72.8227213, 19.0808565], [72.8216268, 19.0822273], [72.8216404, 19.0822384], [72.8229487, 19.0806712], [72.8230273, 19.0807101], [72.8231245, 19.0807575], [72.8233352, 19.0809325], [72.823626, 19.0811741], [72.8237841, 19.0813643], [72.8239354, 19.0815463], [72.8239992, 19.081622], [72.8240394, 19.0816771], [72.824089, 19.0817959], [72.824206, 19.0821331], [72.8242116, 19.0821799], [72.824217, 19.0822252], [72.8242269, 19.0823093], [72.8242618, 19.0826072], [72.8242288, 19.0828631], [72.824209, 19.0830111], [72.8241888, 19.083174], [72.8241317, 19.0833768], [72.8240561, 19.0835155], [72.8228666, 19.0841069], [72.8226213, 19.0844435], [72.822521, 19.0856711], [72.8225521, 19.0856821], [72.8225876, 19.0856853], [72.8226138, 19.085674], [72.8227198, 19.0845201], [72.8229351, 19.0841904], [72.8231058, 19.0840779], [72.8234768, 19.0839642], [72.8238533, 19.083906], [72.8241152, 19.0840529], [72.8242888, 19.0841796], [72.8245416, 19.0843774], [72.8247213, 19.0845953], [72.8249225, 19.0848666], [72.8251666, 19.0851632], [72.8254965, 19.0857816], [72.8257352, 19.0865725], [72.8260196, 19.087305], [72.8262797, 19.0884837], [72.8264567, 19.0890414], [72.8265318, 19.0901363], [72.8265479, 19.0921869], [72.8265532, 19.093994], [72.8262448, 19.096478], [72.8261606, 19.0968298], [72.825993, 19.097436], [72.825844, 19.0981401], [72.8255033, 19.099154], [72.8252394, 19.0999144], [72.8249586, 19.1009013], [72.8248334, 19.101269], [72.8247284, 19.1016042], [72.8242729, 19.1031371], [72.8240131, 19.1046217], [72.8238174, 19.1058], [72.8237236, 19.1063221], [72.8234902, 19.1077668], [72.823222, 19.1090162], [72.822994, 19.1104634], [72.8227338, 19.1112769], [72.822479, 19.112245], [72.8221518, 19.1132841], [72.8217173, 19.1143536], [72.8213337, 19.1153623], [72.820808, 19.1166244], [72.8201857, 19.1179016], [72.8199158, 19.1186453], [72.819713, 19.1192967], [72.8195373, 19.1197246], [72.8192804, 19.1206122], [72.8191973, 19.1207875], [72.819177, 19.1208298], [72.8191439, 19.1208515], [72.8190133, 19.1208703], [72.8187074, 19.121061], [72.8184868, 19.1213396], [72.8181674, 19.1218509], [72.8180301, 19.1223236], [72.8175933, 19.1229512], [72.8172702, 19.1233452], [72.8170099, 19.123776], [72.8164789, 19.1247263], [72.8159881, 19.1255195], [72.8156635, 19.1260137], [72.8152531, 19.1265813], [72.8150734, 19.1269336], [72.8144807, 19.1281246], [72.8138638, 19.1289786], [72.8133082, 19.1298559], [72.813094, 19.1301721], [72.8126943, 19.1306916], [72.8124019, 19.1310591], [72.8122196, 19.1312947], [72.812115, 19.1314493], [72.8119218, 19.1316901], [72.8117555, 19.1319511], [72.8111279, 19.1327189], [72.8108195, 19.1331016], [72.81057, 19.1335678], [72.8102856, 19.1338998], [72.8096608, 19.1347715], [72.8094649, 19.1349995], [72.809296, 19.1351845], [72.8089419, 19.1355139], [72.8084443, 19.135951], [72.8082061, 19.1361456], [72.8080018, 19.1363868], [72.8077456, 19.1365757], [72.8075259, 19.1368279], [72.8072807, 19.1369349], [72.8071574, 19.1371291], [72.8070375, 19.1372472], [72.806721, 19.1374879], [72.8064716, 19.137716], [72.8063152, 19.1378372], [72.8058871, 19.1381038], [72.8052433, 19.138593], [72.804837, 19.1390089], [72.8044551, 19.1392132], [72.8041848, 19.1393888], [72.8040826, 19.1394371], [72.8039212, 19.1395133], [72.8036137, 19.1396793], [72.8031372, 19.1399251], [72.8027012, 19.1401103], [72.8021639, 19.1403242], [72.8019983, 19.1405221], [72.8020152, 19.1407967], [72.8020186, 19.1409755], [72.802022, 19.1411223], [72.8020352, 19.1412153], [72.8020526, 19.1414269], [72.8021741, 19.1416331], [72.8024343, 19.1418502], [72.8026979, 19.1419779], [72.8028297, 19.1420897], [72.8030358, 19.1423578], [72.8031372, 19.1426005], [72.8031811, 19.1427441], [72.8032318, 19.1428463], [72.8032538, 19.1429165], [72.8032842, 19.1429884], [72.8033095, 19.1430953], [72.8033366, 19.1431687], [72.8032535, 19.143318], [72.8033572, 19.1434715], [72.8034581, 19.1434274], [72.8036989, 19.1432475], [72.8037637, 19.1433295], [72.8036543, 19.1434208], [72.8035873, 19.1434956], [72.8034782, 19.1436175], [72.8035131, 19.1437847], [72.8035989, 19.1439849], [72.8037518, 19.144327], [72.8039373, 19.1447399], [72.8042561, 19.1454495], [72.8041413, 19.1454789], [72.8026162, 19.1458698], [72.802577, 19.1456091], [72.802581, 19.1454026], [72.8025556, 19.1452936], [72.8025515, 19.1451606], [72.8025877, 19.145082], [72.8026615, 19.145044], [72.8026897, 19.1449363], [72.8025824, 19.1447096], [72.8024872, 19.1446703], [72.8023933, 19.1446627], [72.8023115, 19.1445841], [72.8023115, 19.1445208], [72.8021371, 19.1444308], [72.802053, 19.1443977], [72.8019457, 19.144347], [72.801766, 19.1442729], [72.8004678, 19.1436546], [72.8003605, 19.1435431], [72.8001674, 19.1434316], [72.8000708, 19.1432897], [72.8000601, 19.143158], [72.7998831, 19.1429907], [72.7999619, 19.1427788], [72.8002804, 19.1428859], [72.8005359, 19.1428548], [72.8006861, 19.142837], [72.8007859, 19.1427067], [72.8005966, 19.1424257], [72.8003696, 19.1422973], [72.8003374, 19.142049], [72.8000423, 19.1418057], [72.7999592, 19.1414485], [72.8000638, 19.1412229], [72.7999806, 19.1410988], [72.7999136, 19.1411165], [72.7997097, 19.1412027], [72.7995773, 19.1413437], [72.7995129, 19.1411612], [72.7993771, 19.1409087], [72.7992377, 19.140782], [72.7991545, 19.1407795], [72.7991347, 19.1408673], [72.799074, 19.1408649], [72.7990187, 19.1408616], [72.7989795, 19.1408447], [72.7989136, 19.1406884], [72.7986352, 19.14057], [72.7985108, 19.1405514], [72.7984437, 19.1404184], [72.7985537, 19.1400599], [72.7985772, 19.1399047], [72.7985383, 19.139745], [72.7984766, 19.1397171], [72.7983995, 19.1397203], [72.7983505, 19.1397678], [72.7984364, 19.1400306], [72.7983767, 19.140293], [72.7982935, 19.1404197], [72.798261, 19.1405165], [72.7979986, 19.1407697], [72.7975308, 19.1409145], [72.7973792, 19.1408153], [72.7972046, 19.1404095], [72.7971724, 19.1400979], [72.7970642, 19.1400075], [72.7965069, 19.1408712], [72.7965072, 19.1410076], [72.7965662, 19.1411773], [72.7964991, 19.1413142], [72.7964615, 19.1415675], [72.7962001, 19.1415429], [72.7962126, 19.1412647], [72.7959681, 19.1412305], [72.79596, 19.1409974], [72.7958742, 19.1409467], [72.7956757, 19.1409619], [72.7954933, 19.1410329], [72.7953726, 19.1411343], [72.7947275, 19.1411486], [72.7946569, 19.1412093], [72.7943024, 19.1410988], [72.7941076, 19.1409411], [72.7941269, 19.1405704], [72.7944704, 19.1401578], [72.7948352, 19.1396308], [72.7953072, 19.1391949], [72.7956291, 19.1388807], [72.7957686, 19.1384854], [72.7958544, 19.1383334], [72.795833, 19.1379989], [72.7956828, 19.1377759], [72.7956291, 19.1376239], [72.7957042, 19.1374718], [72.7958115, 19.1373299], [72.7958651, 19.1371069], [72.7958437, 19.1368434], [72.7958973, 19.1366508], [72.7961119, 19.1364278], [72.7963265, 19.1362454], [72.7965732, 19.1359413], [72.7966698, 19.1356372], [72.7965196, 19.1353534], [72.7965089, 19.1350899], [72.7964981, 19.1348263], [72.7966162, 19.134725], [72.7967342, 19.1342993], [72.7967342, 19.1340256], [72.7966064, 19.1337148], [72.7965045, 19.133621], [72.7963006, 19.1333853], [72.7963355, 19.1330103], [72.795842, 19.1329824], [72.7957991, 19.133156], [72.7956194, 19.1331079], [72.7953753, 19.1330255], [72.7952854, 19.1329507], [72.7952465, 19.1328798], [72.7952224, 19.1327087], [72.7952304, 19.1322729], [72.795208, 19.1319299], [72.794989, 19.1315279], [72.7948003, 19.1313091], [72.7945991, 19.1308783], [72.7944919, 19.130896], [72.7944757, 19.1309949], [72.7944355, 19.1310505], [72.7943846, 19.1310557], [72.7943051, 19.1310667], [72.7942316, 19.1310227], [72.7941442, 19.1308614], [72.7940771, 19.1308361], [72.7938706, 19.1309222], [72.7936479, 19.1308817], [72.7934709, 19.1307322], [72.793479, 19.1304509], [72.7934253, 19.1303267], [72.7933127, 19.1302862], [72.7931186, 19.1302853], [72.7930166, 19.1303436], [72.7929603, 19.1303385], [72.7928718, 19.1302448], [72.7927253, 19.1302178], [72.7925955, 19.1302625], [72.7925965, 19.1304129], [72.7925526, 19.1304297], [72.7923729, 19.1301713], [72.79228, 19.1301899], [72.79217, 19.1302938], [72.7919984, 19.1302026], [72.7918509, 19.1300759], [72.791639, 19.1301291], [72.7915773, 19.1301975], [72.7915719, 19.1302836], [72.7917221, 19.1305066], [72.7917345, 19.1306502], [72.7917087, 19.1307702], [72.7915612, 19.1309602], [72.7913831, 19.1310151], [72.7911123, 19.1309163], [72.7909111, 19.1309061], [72.790845, 19.1309755], [72.7907555, 19.1310024], [72.7905651, 19.1310075], [72.7904471, 19.1310354], [72.7902754, 19.1310759], [72.7901101, 19.1310363], [72.7898875, 19.1310641], [72.7897131, 19.1310489], [72.7895308, 19.1309932], [72.7892491, 19.1307296], [72.7891633, 19.1304788], [72.7890989, 19.1301544], [72.7891489, 19.1299609], [72.7890265, 19.1299086], [72.7889451, 19.1299989], [72.7888163, 19.1299609], [72.7886768, 19.1299305], [72.7885973, 19.1298554], [72.7885839, 19.1296451], [72.7884793, 19.1295842], [72.7883828, 19.1295994], [72.7882996, 19.1296831], [72.7880985, 19.1296907], [72.7878571, 19.1296957], [72.7877095, 19.1296425], [72.7875486, 19.1295918], [72.7874118, 19.1294753], [72.787157, 19.1293688], [72.7870889, 19.1294212], [72.7870568, 19.1294947], [72.7870675, 19.129667], [72.7870353, 19.1298799], [72.7869817, 19.1300724], [72.786928, 19.130265], [72.7872928, 19.1303765], [72.7873786, 19.1306097], [72.7874842, 19.1307879], [72.7877176, 19.1307474], [72.7878329, 19.1306663], [72.7880653, 19.1305387], [72.7881833, 19.1305387], [72.7882487, 19.1306536], [72.7883023, 19.1307829], [72.7883506, 19.1310033], [72.7882822, 19.1312419], [72.788195, 19.1315203], [72.7881675, 19.1315737], [72.7879965, 19.1319055], [72.7881092, 19.1319511], [72.7878829, 19.1321707], [72.7877649, 19.1323734], [72.7876254, 19.1324849], [72.7874645, 19.1325457], [72.7873143, 19.1324747], [72.7871852, 19.1324211], [72.7870973, 19.132321], [72.7868885, 19.1322347], [72.7868063, 19.1322146], [72.7867176, 19.1322091], [72.7865075, 19.1322387], [72.7863289, 19.1322752], [72.7860052, 19.1325423], [72.7859715, 19.1327569], [72.786031, 19.132971], [72.7859443, 19.1331623], [72.785958, 19.1333068], [72.7860688, 19.1334581], [72.7863215, 19.1335298], [72.7865267, 19.1335526], [72.7867305, 19.1335234], [72.7869987, 19.1332029], [72.7873635, 19.1330002], [72.7874601, 19.1330103], [72.7876291, 19.1330939], [72.7878946, 19.1334702], [72.7878946, 19.1337604], [72.7879496, 19.1344952], [72.7879335, 19.1347651], [72.7879831, 19.1351186], [72.7882607, 19.1358081], [72.7884149, 19.1373713], [72.7883506, 19.1380682], [72.788423, 19.1385775], [72.7883854, 19.1392059], [72.7882513, 19.1396899], [72.7880703, 19.140217], [72.7881803, 19.1410709], [72.788132, 19.1416157], [72.7877672, 19.1418539], [72.787621, 19.141864], [72.7875231, 19.1419907], [72.7875003, 19.1421376], [72.7876071, 19.1429394], [72.7877363, 19.1434432], [72.7879697, 19.1440989], [72.7882969, 19.1445753], [72.7886617, 19.1448059], [72.7888177, 19.1448706], [72.7889192, 19.1451676], [72.7889568, 19.1454672], [72.78904, 19.146097], [72.7892144, 19.1471343], [72.7891445, 19.1481277], [72.7889873, 19.1491042], [72.7888548, 19.1496429], [72.788651, 19.1502206], [72.7884029, 19.1507616], [72.7878597, 19.1516826], [72.7873823, 19.1523237], [72.7869639, 19.1527329], [72.7865736, 19.1530394], [72.7859044, 19.1535804], [72.7854836, 19.1538397], [72.7853197, 19.1539376], [72.7852013, 19.1539981], [72.784684, 19.1542721], [72.7843487, 19.1545432], [72.7842629, 19.154789], [72.7842953, 19.1551968], [72.784306, 19.155891], [72.7841526, 19.1566268], [72.7839453, 19.1572389], [72.7836648, 19.1576318], [72.7834073, 19.157837], [72.7832745, 19.1578877], [72.7832034, 19.1578674], [72.7828909, 19.1574164], [72.7827904, 19.1574722], [72.7827662, 19.1575507], [72.782506, 19.1576115], [72.7820393, 19.1576647], [72.7816933, 19.1578015], [72.7815565, 19.1579231], [72.7815109, 19.1581334], [72.7815951, 19.1583364], [72.781696, 19.158549], [72.7819803, 19.1588454], [72.7823693, 19.1592001], [72.7828655, 19.1595573], [72.7830613, 19.1596004], [72.7833241, 19.1595751], [72.783528, 19.1596511], [72.7837318, 19.1598994], [72.7838391, 19.160249], [72.7838713, 19.1606392], [72.7838176, 19.1612371], [72.7836621, 19.1616881], [72.7834207, 19.1621644], [72.7832115, 19.1624482], [72.7829754, 19.1626762], [72.7826053, 19.1629347], [72.7823639, 19.1630563], [72.7821976, 19.163112], [72.7820125, 19.163183], [72.7811972, 19.1636394], [72.780819, 19.1640251], [72.7807143, 19.1642926], [72.7807277, 19.1646423], [72.7809396, 19.1652275], [72.7810684, 19.1657013], [72.7811032, 19.1660205], [72.7810174, 19.1663448], [72.7810013, 19.1665171], [72.7811301, 19.1667983], [72.7811285, 19.1672472], [72.7812749, 19.1674545], [72.7814251, 19.1674697], [72.7816611, 19.1675812], [72.7817255, 19.167718], [72.7816987, 19.1678953], [72.7817738, 19.1679663], [72.7819347, 19.1680321], [72.7821225, 19.1680068], [72.7828655, 19.1675913], [72.7837363, 19.1674705], [72.7842061, 19.1673441], [72.7843273, 19.1669883], [72.7844775, 19.1668262], [72.7847242, 19.1664715], [72.7849092, 19.166442], [72.7854538, 19.166355], [72.7861297, 19.166507], [72.7867198, 19.1668262], [72.7872723, 19.1672012], [72.7876371, 19.1676927], [72.7877068, 19.1680676], [72.7877176, 19.1681284], [72.7876478, 19.1684147], [72.7877082, 19.1685439], [72.7879925, 19.1686263], [72.7881896, 19.1686757], [72.7882808, 19.1689442], [72.7883077, 19.1693141], [72.7884693, 19.1695801], [72.7886644, 19.1698183], [72.7888951, 19.1699069], [72.7891606, 19.1698867], [72.7894878, 19.1697043], [72.7898401, 19.1697622], [72.7901423, 19.1699272], [72.7906036, 19.1703579], [72.7908678, 19.170672], [72.790955, 19.1708468], [72.7909309, 19.1710014], [72.7905124, 19.1712167], [72.7904212, 19.1713231], [72.7904266, 19.1714954], [72.790617, 19.1716272], [72.7908517, 19.1716069], [72.7912071, 19.1714498], [72.7916819, 19.1712877], [72.7922022, 19.1714219], [72.7926582, 19.1715892], [72.7930713, 19.1718932], [72.7936238, 19.172035], [72.7939832, 19.1720806], [72.7940637, 19.172187], [72.7942686, 19.1731031], [72.7948008, 19.1752546], [72.7949157, 19.1762439], [72.7950818, 19.1772895], [72.7953032, 19.1783672], [72.7955118, 19.1793887], [72.7956676, 19.1801773], [72.7960485, 19.1813883], [72.7961918, 19.1828478], [72.7961468, 19.1847964], [72.7961236, 19.1857708], [72.7958313, 19.1869143], [72.7958473, 19.1880229], [72.7957079, 19.1895326], [72.7956274, 19.1901532], [72.7956086, 19.1907156], [72.7956516, 19.1910221], [72.7957106, 19.1912653], [72.796247, 19.1928941], [72.796534, 19.1936338], [72.7965903, 19.1943126], [72.7966922, 19.1955336], [72.7967566, 19.1965266], [72.796595, 19.1971296], [72.7949735, 19.1971114], [72.7938193, 19.1970985], [72.7937472, 19.1969268], [72.7936774, 19.1966988], [72.7932537, 19.1965114], [72.7930123, 19.1962074], [72.7929532, 19.195873], [72.7928299, 19.1955285], [72.7925134, 19.1953867], [72.7922881, 19.1951435], [72.7922291, 19.1948041], [72.7919072, 19.1943228], [72.7916819, 19.1940036], [72.7913949, 19.193801], [72.7910703, 19.1935679], [72.7907243, 19.1934134], [72.7901208, 19.1932639], [72.7895361, 19.1932639], [72.7889299, 19.193421], [72.7884793, 19.1936768], [72.7878705, 19.1940695], [72.787621, 19.19411], [72.7874011, 19.1940796], [72.7870819, 19.1939378], [72.7869076, 19.1938238], [72.7866983, 19.1937655], [72.7864569, 19.1935679], [72.7862048, 19.1934261], [72.7859527, 19.1934413], [72.7855182, 19.193421], [72.7852714, 19.1932943], [72.7850246, 19.1930056], [72.784, 19.1929853], [72.7837801, 19.1930816], [72.7834958, 19.1934514], [72.7832544, 19.1935831], [72.7830827, 19.1936084], [72.7828842, 19.1935578], [72.7826321, 19.1934261], [72.7824819, 19.1934869], [72.7823478, 19.1936642], [72.7820796, 19.1943937], [72.7819616, 19.1947635], [72.7817899, 19.1950878], [72.7818274, 19.1956197], [72.7819133, 19.1962682], [72.782042, 19.1971345], [72.7819991, 19.1980464], [72.7822995, 19.2002045], [72.7823853, 19.2005592], [72.7825516, 19.2008631], [72.7828252, 19.2010607], [72.7832571, 19.2010708], [72.7838337, 19.2009644], [72.7847108, 19.2007998], [72.7849039, 19.2008099], [72.7850341, 19.2008226], [72.7853327, 19.2009382], [72.7854779, 19.2011316], [72.7856764, 19.2015217], [72.7858132, 19.201932], [72.7858588, 19.2021828], [72.7859044, 19.2024285], [72.7859285, 19.2027553], [72.7859071, 19.203082], [72.7857927, 19.2036029], [72.7855343, 19.2041611], [72.7852308, 19.2046972], [72.7849143, 19.2051012], [72.7845204, 19.2054883], [72.7841315, 19.2058049], [72.7837694, 19.2059443], [72.7833503, 19.2060842], [72.7830371, 19.2061317], [72.7827689, 19.2061291], [72.7825999, 19.2060506], [72.7825275, 19.2059012], [72.7822539, 19.2057897], [72.7813661, 19.2058911], [72.7809423, 19.2056783], [72.7804011, 19.2056374], [72.779811, 19.205834], [72.7796227, 19.2060202], [72.7793974, 19.2063951], [72.7792939, 19.207298], [72.7793169, 19.208001], [72.7791989, 19.2084316], [72.7793491, 19.2086696], [72.7795851, 19.2088014], [72.7799016, 19.2088115], [72.7802128, 19.2088925], [72.7804971, 19.2092066], [72.7805279, 19.2096207], [72.7804863, 19.2098044], [72.7803375, 19.2099411], [72.7801122, 19.2099918], [72.7801651, 19.2100939], [72.7805051, 19.2102147], [72.7806835, 19.2102818], [72.7808619, 19.2104199], [72.7813339, 19.2114761], [72.7814788, 19.2120763], [72.781586, 19.2126791], [72.7816558, 19.2134567], [72.7817067, 19.2142216], [72.7817282, 19.2147991], [72.7816424, 19.2152727], [72.7809906, 19.2168608], [72.7806687, 19.2174889], [72.7803791, 19.2176333], [72.7798587, 19.2176687], [72.7796575, 19.2177194], [72.779156, 19.2183475], [72.778818, 19.2191909], [72.7788582, 19.2199887], [72.778751, 19.2201255], [72.7783659, 19.2201107], [72.7780563, 19.2203458], [72.7777969, 19.2207218], [72.7774581, 19.2214349], [72.7769726, 19.2216603], [72.7766615, 19.2218705], [72.7765059, 19.2220554], [72.7765086, 19.2228988], [72.7761573, 19.2233394], [72.7761412, 19.2239169], [72.7760124, 19.2244665], [72.7761358, 19.2250034], [72.7761868, 19.2254846], [72.7763611, 19.2259126], [72.7766642, 19.226252], [72.7775493, 19.2267129], [72.77797, 19.2271975], [72.7785391, 19.2280147], [72.7788851, 19.2285237], [72.7792633, 19.2291189], [72.7797675, 19.2298938], [72.7804402, 19.2305895], [72.7805936, 19.2308309], [72.7806205, 19.2310436], [72.7806017, 19.2312728], [72.7805239, 19.2314792], [72.7802273, 19.2321573], [72.7798748, 19.2333836], [72.7797702, 19.2344954], [72.7795836, 19.2353341], [72.779333, 19.2359313], [72.7789828, 19.2364119], [72.7787322, 19.2366531], [72.7786437, 19.2369747], [72.7786732, 19.2373951], [72.7787456, 19.2377547], [72.778877, 19.2379598], [72.7791157, 19.23817], [72.7793813, 19.238246], [72.7800035, 19.238441], [72.780143, 19.2385575], [72.7802449, 19.2387221], [72.7804971, 19.2391526], [72.7807509, 19.2396291], [72.7810094, 19.2404492], [72.7810013, 19.2406948], [72.7809638, 19.2410012], [72.7808028, 19.2411329], [72.7805319, 19.2415305], [72.7806258, 19.2418825], [72.7807841, 19.2426751], [72.7809826, 19.243569], [72.7814278, 19.2447086], [72.7818784, 19.2458937], [72.7821171, 19.2468231], [72.7822968, 19.2477372], [72.7827823, 19.249839], [72.7828521, 19.2502644], [72.7828842, 19.2506898], [72.7828842, 19.2515002], [72.7828494, 19.2527966], [72.7827126, 19.2540779], [72.7825302, 19.2556175], [72.7823639, 19.2563569], [72.7821949, 19.2569386], [72.781983, 19.2572381], [72.7817202, 19.257466], [72.7818382, 19.2578103], [72.7818382, 19.2583522], [72.7817523, 19.2587928], [72.7814197, 19.259365], [72.7812105, 19.2597195], [72.7812749, 19.2599272], [72.7814412, 19.2600538], [72.7816236, 19.2601095], [72.7820635, 19.2600994], [72.7824765, 19.2600031], [72.7830168, 19.260357], [72.7831873, 19.2607146], [72.7833467, 19.2608957], [72.7837466, 19.2614236], [72.7838579, 19.2617345], [72.7841154, 19.262087], [72.7842146, 19.2622921], [72.7842683, 19.2625086], [72.7844265, 19.2629023], [72.784455, 19.2632715], [72.7843836, 19.2634872], [72.7842515, 19.26371], [72.7841093, 19.2637783], [72.7840236, 19.2638189], [72.7839303, 19.2638848], [72.7838331, 19.2641455], [72.7837549, 19.2643921], [72.7837473, 19.264586], [72.7837178, 19.2646975], [72.7837151, 19.2648545], [72.7843501, 19.2647904], [72.7845016, 19.2647592], [72.7865911, 19.2638955], [72.787062, 19.2637042], [72.7874129, 19.2635688], [72.7883112, 19.263206], [72.7898601, 19.2614731], [72.7899323, 19.2614429], [72.7900783, 19.2614865], [72.7913211, 19.2615103], [72.7919203, 19.2617], [72.792068, 19.2617077], [72.7922692, 19.2617733], [72.7922952, 19.2617467], [72.7923419, 19.2617762], [72.7924007, 19.2617446], [72.7924946, 19.2617563], [72.7926057, 19.2617787], [72.7926194, 19.2617699], [72.7944313, 19.2619794], [72.7946599, 19.2620187], [72.7950474, 19.2620758], [72.7961021, 19.2622252], [72.7961008, 19.2622209], [72.7963475, 19.2622184], [72.7978697, 19.2622095], [72.798825, 19.2622078], [72.7989755, 19.2622148], [72.7994004, 19.2622061], [72.7997222, 19.2622689], [72.7998405, 19.2619511], [72.7999131, 19.2619712], [72.800221, 19.2618718], [72.8005748, 19.2612783], [72.8008568, 19.2611692], [72.800891, 19.2610829], [72.800617, 19.2604946], [72.8006905, 19.2603348], [72.8007602, 19.2600706], [72.8007862, 19.2599191], [72.8008502, 19.2595392], [72.8008574, 19.2593298], [72.8008065, 19.2588232], [72.8010351, 19.2588755], [72.8016629, 19.2590609], [72.8024188, 19.2588972], [72.8026057, 19.2588224], [72.8028348, 19.2586998], [72.8031421, 19.2585177], [72.8033442, 19.2583732], [72.803537, 19.2582459], [72.8038085, 19.2580201], [72.8040568, 19.2578243], [72.8042679, 19.2576843], [72.8044376, 19.2575826], [72.8046399, 19.2574295], [72.8048837, 19.257225], [72.8056192, 19.2566634], [72.80589, 19.2564852], [72.8063489, 19.2561925], [72.8066612, 19.2559759], [72.8069093, 19.2557931], [72.8071486, 19.2555928], [72.8074616, 19.2553157], [72.8078436, 19.2549919], [72.80824, 19.2546077], [72.808549, 19.254296], [72.8088345, 19.2540358], [72.8093138, 19.2535749], [72.8095951, 19.2532974], [72.8100006, 19.252909], [72.8105438, 19.2524315], [72.8109444, 19.2520733], [72.8111887, 19.2518386], [72.8114239, 19.2515951], [72.811641, 19.2513514], [72.8119041, 19.2510147], [72.8120992, 19.2507649], [72.8123762, 19.2504614], [72.8127312, 19.2501156], [72.8133614, 19.2495916], [72.8139689, 19.2490674], [72.8148335, 19.2483734], [72.8153249, 19.2480249], [72.8157155, 19.2477314], [72.8160094, 19.2475318], [72.816248, 19.2473748], [72.8165185, 19.2472224], [72.8166833, 19.2471423], [72.8173733, 19.2469172], [72.8182271, 19.2466897], [72.8189024, 19.2465465], [72.8190253, 19.246535], [72.8197596, 19.2464055], [72.82064, 19.2462302], [72.8210644, 19.2461315], [72.8220804, 19.2460226], [72.8223129, 19.2459865], [72.8227647, 19.2458839], [72.8231209, 19.2457844], [72.8235229, 19.2456595], [72.8241803, 19.2454859], [72.824623, 19.2453831], [72.8258867, 19.2451259], [72.8266565, 19.2450529], [72.8269664, 19.2450134], [72.8272035, 19.244973], [72.8274368, 19.2452221], [72.8276699, 19.2454885], [72.8278666, 19.2457587], [72.828421, 19.2464999], [72.8287176, 19.24683], [72.8288427, 19.2469583], [72.8289721, 19.2470636], [72.8291765, 19.2471886], [72.829755, 19.2474819], [72.8300698, 19.2476584], [72.8304467, 19.2478555], [72.830697, 19.2479598], [72.8311986, 19.2481458], [72.8313918, 19.2482053], [72.8319446, 19.2483999], [72.8332963, 19.2488437], [72.8343977, 19.2492845], [72.8349639, 19.2495204], [72.8352186, 19.2496264], [72.8359457, 19.2500224], [72.8366346, 19.250506], [72.8377642, 19.2513117], [72.8382966, 19.2517142], [72.8385994, 19.2520386], [72.8396637, 19.2537592], [72.8399697, 19.2554048], [72.8378874, 19.2583945], [72.8370033, 19.2598217], [72.8364424, 19.2619035], [72.8366384, 19.2626022], [72.8368415, 19.2631121], [72.836956, 19.2633961], [72.8371952, 19.2638001], [72.8372475, 19.2638828], [72.8373927, 19.2641362], [72.8375498, 19.2643701], [72.8378212, 19.2647147], [72.8381324, 19.2651701], [72.8384325, 19.265581], [72.8386456, 19.2658669], [72.8387302, 19.2659733], [72.8389162, 19.2661337], [72.8390295, 19.2662263], [72.8390932, 19.2662415], [72.8394364, 19.2665102], [72.8398076, 19.2667393], [72.8400803, 19.2668887], [72.8403791, 19.2670737], [72.8404661, 19.2671219], [72.8407631, 19.2672064], [72.84097, 19.2672561], [72.8411839, 19.2673148], [72.8415339, 19.2674166], [72.841671, 19.2674248], [72.8424861, 19.26745], [72.8428397, 19.2673733], [72.8432537, 19.2672912], [72.8441499, 19.2671708], [72.8446554, 19.2670814], [72.8455619, 19.2669346], [72.8461045, 19.2670861], [72.8461981, 19.2671073], [72.8466454, 19.2672339], [72.8470762, 19.2673419], [72.8476344, 19.2678557], [72.8486357, 19.2685627], [72.8498821, 19.2693768], [72.8500483, 19.2694771], [72.8503883, 19.2693816], [72.850597, 19.269063], [72.8512451, 19.2680992], [72.8523637, 19.2675557], [72.8532493, 19.2673865], [72.856719, 19.2690769], [72.858087, 19.2694244], [72.8591721, 19.2689766], [72.8598807, 19.2686941], [72.8602195, 19.2685354], [72.8613235, 19.2676355], [72.8618978, 19.2677064], [72.8622032, 19.2680812], [72.8626067, 19.2685064], [72.8631849, 19.2683227], [72.8634714, 19.267832], [72.863792, 19.2674414], [72.8647359, 19.2671717], [72.8650022, 19.2669407], [72.8655508, 19.2670606], [72.8660166, 19.2669612], [72.8661856, 19.2665813], [72.8661442, 19.2659496], [72.8657345, 19.2651714], [72.8659344, 19.2646601], [72.8660678, 19.2644731], [72.8670854, 19.26301], [72.867127, 19.2629578], [72.8674863, 19.2626237], [72.8681192, 19.2620146], [72.8686257, 19.2614159], [72.8688528, 19.2611411], [72.8693, 19.2608936], [72.86969, 19.2606818], [72.8698154, 19.2606111], [72.8698514, 19.2606159], [72.8699104, 19.2606659], [72.8699464, 19.2608198], [72.8699802, 19.2609879], [72.870105, 19.2610773], [72.8708005, 19.2612049], [72.8710933, 19.2611647], [72.8710914, 19.2610987], [72.8714607, 19.2611625], [72.8718697, 19.2612518], [72.8718944, 19.2612444], [72.8721556, 19.2611941], [72.8721642, 19.261195], [72.8722669, 19.2611665], [72.8724717, 19.2612029], [72.8726417, 19.261133], [72.8726995, 19.2610656], [72.8732121, 19.2608472], [72.8733292, 19.2608042], [72.8738031, 19.2606913], [72.873848, 19.2605825], [72.8740431, 19.2606075], [72.8744902, 19.2606138], [72.8748556, 19.2606791], [72.8750591, 19.2607267], [72.8752063, 19.260679], [72.8753414, 19.2606146], [72.8757415, 19.2604458], [72.8758872, 19.2605394], [72.8761072, 19.2604404], [72.8768141, 19.2597215], [72.8773009, 19.2592412], [72.8776541, 19.2587862], [72.8779285, 19.2580991], [72.8782317, 19.2575988], [72.8783254, 19.2573731], [72.8786543, 19.2568068], [72.8787731, 19.2567287], [72.8795151, 19.2562616], [72.8798203, 19.2560878], [72.8802656, 19.2557367], [72.8807755, 19.255225], [72.8811214, 19.2548722], [72.8813989, 19.2545677], [72.8818276, 19.2542582], [72.8834231, 19.2537973], [72.8838943, 19.253679], [72.8848471, 19.2532787], [72.8854856, 19.252711], [72.8862754, 19.2520177], [72.8872929, 19.2510969], [72.8908207, 19.2511393], [72.8926448, 19.2516655], [72.8948495, 19.2506936], [72.8987539, 19.2512679], [72.9015827, 19.2499555], [72.9055408, 19.2491659], [72.9055343, 19.2396691], [72.9106378, 19.2353286], [72.9150651, 19.230718], [72.9122595, 19.2286626], [72.9116796, 19.2274449], [72.9109748, 19.2260409], [72.91077, 19.2246597], [72.9104341, 19.2224538], [72.9103501, 19.2218289], [72.9102092, 19.2207211], [72.9101037, 19.2199864], [72.9099107, 19.2184912], [72.9082449, 19.2168704], [72.9074513, 19.2104661], [72.9101687, 19.2075954], [72.911116, 19.207805], [72.911627, 19.2078815], [72.9122371, 19.207946], [72.9127872, 19.20802], [72.9133, 19.2080792], [72.9134645, 19.208264], [72.9141144, 19.2091477], [72.9148605, 19.2101727], [72.9157366, 19.2126075], [72.9159616, 19.2131772], [72.9163305, 19.2141739], [72.9167179, 19.2153834], [72.9172118, 19.2161664], [72.9179077, 19.2163635], [72.9193659, 19.21674], [72.920089, 19.2169335], [72.922291, 19.2163945], [72.9250625, 19.2160101], [72.9324329, 19.2078528], [72.9326842, 19.2066938], [72.9353378, 19.2049319], [72.9365433, 19.2039855], [72.9411622, 19.2018562], [72.941367, 19.1956996], [72.941724, 19.1922445], [72.9416978, 19.1910551], [72.9411319, 19.1900811], [72.939847, 19.188974], [72.9407464, 19.1886481], [72.9413343, 19.1881573], [72.94194, 19.1873861], [72.9422479, 19.1876548], [72.9428767, 19.1878532], [72.9434392, 19.1875968], [72.9442546, 19.1879767], [72.944738, 19.1879683], [72.9448792, 19.1880211], [72.9450318, 19.1879342], [72.9457593, 19.1879285], [72.9463521, 19.1877872], [72.9464482, 19.1878903], [72.9465788, 19.1878007], [72.9467275, 19.1880204], [72.9469571, 19.1879332], [72.946874, 19.1876567], [72.9472903, 19.1876354], [72.9475413, 19.1878151], [72.9481166, 19.1875608], [72.948139, 19.1875023], [72.9486387, 19.1875888], [72.9497703, 19.1887029], [72.9523677, 19.186394], [72.953303, 19.1847412], [72.9534477, 19.184851], [72.9537316, 19.1849157], [72.9544135, 19.1847782], [72.9544561, 19.1848044], [72.9544595, 19.1851701], [72.9549813, 19.1851776], [72.955084, 19.1848693], [72.955177, 19.1847606], [72.9554233, 19.1846512], [72.955528, 19.1843682], [72.9558557, 19.1842167], [72.9558877, 19.1837988], [72.9556915, 19.1835684], [72.9557866, 19.1833308], [72.9564213, 19.1830071], [72.9565578, 19.1827644], [72.9566637, 19.1827068], [72.957343, 19.1827011], [72.9575038, 19.1825905], [72.9576982, 19.1826659], [72.9580208, 19.1825524], [72.9581648, 19.1821675], [72.9583474, 19.1821528], [72.958452, 19.1819278], [72.9586574, 19.1816866], [72.9585385, 19.1810504], [72.958622, 19.1808092], [72.95867, 19.1807584], [72.9588093, 19.180858], [72.9590187, 19.1808146], [72.9595604, 19.1802074], [72.9596001, 19.1800619], [72.9593925, 19.1797084], [72.959394, 19.1794204], [72.9597466, 19.1793144], [72.9597501, 19.1790616], [72.9597979, 19.178933], [72.9601734, 19.1789001], [72.9604985, 19.1791148], [72.9607781, 19.1789015], [72.9608763, 19.1790084], [72.9610622, 19.1788707], [72.9615821, 19.1794789], [72.9616685, 19.1794425], [72.9617324, 19.1793911], [72.9618567, 19.1790107], [72.9621528, 19.1786949], [72.9625495, 19.1784252], [72.9626225, 19.178107], [72.9625576, 19.1776151], [72.9633791, 19.1768267], [72.963784, 19.1766703], [72.9639722, 19.1768977], [72.964487, 19.1768812], [72.9657448, 19.1771438], [72.9662046, 19.1774267], [72.9662862, 19.1775204], [72.9667659, 19.1776556], [72.9669691, 19.1779506], [72.9677638, 19.1777923], [72.9680256, 19.1779136], [72.9679595, 19.1775312], [72.9681556, 19.1768995], [72.9684274, 19.1763224], [72.9685081, 19.1760117], [72.9686761, 19.1759134], [72.9690217, 19.1727562], [72.9720345, 19.172718], [72.9742464, 19.1742018], [72.9771448, 19.1721654], [72.9803131, 19.1703446], [72.9817485, 19.1703648], [72.9796906, 19.168768], [72.9791331, 19.1667292], [72.9790857, 19.1666005], [72.978969, 19.166221], [72.9787714, 19.165497], [72.9783708, 19.164443], [72.9774261, 19.1618647], [72.9769099, 19.1601154], [72.9768271, 19.1598554], [72.9763666, 19.1579506], [72.9761727, 19.1571816], [72.9763017, 19.1562668], [72.9762567, 19.1557834], [72.9762223, 19.1556317], [72.976094, 19.1549241], [72.9758394, 19.1536179], [72.975817, 19.153528], [72.9757349, 19.1530233], [72.9756595, 19.1526554], [72.9755447, 19.1524723], [72.9753362, 19.1523183], [72.9750183, 19.1518945], [72.973732, 19.1501713], [72.9735543, 19.1499883], [72.9730351, 19.1492978], [72.9729335, 19.1491336], [72.9722574, 19.1479886], [72.9718735, 19.1473491], [72.9717764, 19.147137], [72.9708794, 19.1455921], [72.9705285, 19.1449761], [72.9702949, 19.1445265], [72.9699305, 19.1438929], [72.9692865, 19.1428151], [72.969027, 19.1423927], [72.968074, 19.140654], [72.9670342, 19.1397327], [72.9656789, 19.1390777], [72.9650374, 19.138404], [72.9645245, 19.1378731], [72.9641358, 19.1374567], [72.9624581, 19.1356997], [72.9622282, 19.135455], [72.9614352, 19.1346531], [72.9613111, 19.1345277], [72.9663527, 19.1311402], [72.9681981, 19.1285149], [72.9697148, 19.1262942], [72.9699222, 19.1244797], [72.9700595, 19.1224278], [72.9700059, 19.1219159], [72.9696472, 19.1203628], [72.969346, 19.1203345], [72.9685897, 19.1201267], [72.968087, 19.1201566], [72.9676595, 19.1203028], [72.9674384, 19.1204073], [72.9676226, 19.1202402], [72.9680354, 19.120087], [72.9682049, 19.1201009], [72.9685904, 19.1200399], [72.9689463, 19.1201177], [72.9691744, 19.1201926], [72.96959, 19.1201298], [72.9686701, 19.1177547], [72.967726, 19.1155853], [72.9667658, 19.1135224], [72.9658163, 19.1119815], [72.9657876, 19.1118975], [72.9656117, 19.111562], [72.9655266, 19.1113884], [72.9651681, 19.110723], [72.9649043, 19.110177], [72.9645073, 19.1094369], [72.9644991, 19.1092582], [72.9644537, 19.1091531], [72.9638748, 19.10777], [72.9636437, 19.1071306], [72.9633808, 19.1062132], [72.9633433, 19.1061067], [72.962957, 19.1050473], [72.9625869, 19.1034455], [72.962029, 19.1013064], [72.9616473, 19.099448], [72.9615829, 19.0990121], [72.9615239, 19.0986927], [72.9612388, 19.096851], [72.9611106, 19.096614], [72.9610195, 19.0964513], [72.9607952, 19.0925367], [72.960366, 19.089708], [72.9604091, 19.0885498], [72.9603568, 19.0876111], [72.960315, 19.0867632], [72.9603982, 19.083949], [72.9602694, 19.0812773], [72.960307, 19.0795232], [72.9603874, 19.0778147], [72.9603016, 19.0754774], [72.9602681, 19.0751809], [72.9605323, 19.0739616], [72.9604975, 19.0726181], [72.9608058, 19.0703721], [72.9614067, 19.0684252], [72.9615247, 19.0672997], [72.9615086, 19.0660777], [72.9618037, 19.0636796], [72.9621416, 19.0624677], [72.9627039, 19.060747], [72.9624045, 19.0578107], [72.9625091, 19.0570476], [72.9625748, 19.0564126], [72.9625909, 19.0555481], [72.9626901, 19.0549091], [72.9626834, 19.0546898], [72.9627479, 19.0539799], [72.9628283, 19.0528542], [72.9629624, 19.052195], [72.9631019, 19.0495533], [72.9634612, 19.046947], [72.9635954, 19.0451722], [72.9638636, 19.0434127], [72.9637402, 19.0414806], [72.9635953, 19.0395638], [72.963118, 19.037576], [72.9626942, 19.0356389], [72.9619968, 19.0337524], [72.9608864, 19.0315516], [72.9602319, 19.0304396], [72.9598242, 19.0297564], [72.9591483, 19.0286153], [72.9587406, 19.0279459], [72.9582417, 19.0272156], [72.9576221, 19.0262926], [72.9561549, 19.024368], [72.9551625, 19.0232346], [72.9538857, 19.0221493], [72.9533069, 19.0214969], [72.9518473, 19.0203337], [72.949444, 19.0185789], [72.9421323, 19.0134718], [72.9292416, 19.0039265], [72.926647, 19.0024473], [72.9235591, 19.0010123], [72.9225844, 19.0000666], [72.9215544, 18.9992906], [72.9194731, 18.9978449], [72.9171556, 18.9989558], [72.9152191, 18.9983776], [72.91457, 18.9981848], [72.9140013, 18.9982], [72.9135454, 18.9983776], [72.913143, 18.9987225], [72.9102355, 18.9987174], [72.9100317, 18.9988746], [72.9098064, 18.9989761], [72.9093611, 18.9988797], [72.9088408, 18.998517], [72.908543, 18.998441], [72.9083794, 18.9985982], [72.9082319, 18.9988569], [72.907961, 18.9989735], [72.907607, 18.9990699], [72.9069525, 18.9987706], [72.9068989, 18.9982431], [72.9067813, 18.9981656], [72.9061103, 18.9981785], [72.9058461, 18.9981265], [72.9059413, 18.9979718], [72.9058534, 18.9979216], [72.9064174, 18.9971469], [72.9063183, 18.9970859], [72.9062431, 18.9971349], [72.9060553, 18.9974151], [72.9059789, 18.9973593], [72.905826, 18.9975381], [72.9059011, 18.9976002], [72.9055367, 18.9981438], [72.9050159, 18.9980821], [72.9048683, 18.9980376], [72.904749, 18.9979243], [72.9046296, 18.9978102], [72.9055525, 18.9964483], [72.90572, 18.9960652], [72.9057183, 18.996044], [72.9057093, 18.9960266], [72.9056852, 18.9960139], [72.9056557, 18.9960069], [72.9056374, 18.9960165], [72.9054537, 18.9962754], [72.9053441, 18.9962176], [72.9055319, 18.9959663], [72.9054089, 18.9959023], [72.9053646, 18.9959873], [72.9053204, 18.9959961], [72.9052842, 18.995934], [72.9052775, 18.9958021], [72.9051916, 18.9956614], [72.904847, 18.995565], [72.9043803, 18.9952683], [72.9043736, 18.9948891], [72.9044031, 18.9944123], [72.9046196, 18.9936072], [72.9047665, 18.9932672], [72.9048825, 18.993122], [72.9050562, 18.9930643], [72.9051009, 18.993027], [72.9051138, 18.9929362], [72.9050723, 18.992831], [72.904458, 18.9924937], [72.9041737, 18.9937085], [72.9040262, 18.9937466], [72.9039025, 18.9938247], [72.9038504, 18.9939484], [72.9038385, 18.9957755], [72.9038465, 18.9964704], [72.9037468, 18.9968928], [72.9036346, 18.9972693], [72.9032108, 18.9973225], [72.9029587, 18.9975001], [72.9028487, 18.997708], [72.9011911, 18.9973783], [72.895377, 18.9963263], [72.8953318, 18.9965122], [72.8951401, 18.9965401], [72.8949778, 18.99653], [72.8947954, 18.996459], [72.8946412, 18.9963461], [72.8945139, 18.9961551], [72.8936139, 18.9959627], [72.8917774, 18.9955702], [72.8917336, 18.9963842], [72.8916788, 18.9972463], [72.8916639, 18.9974798], [72.8916129, 18.9986603], [72.8915942, 18.9992081], [72.8917361, 18.9992387], [72.8919643, 18.9993108], [72.8924417, 18.9992652], [72.8928226, 18.9992043], [72.8943708, 18.999188], [72.89536, 18.9992023], [72.8954534, 18.9997129], [72.8954256, 18.9998227], [72.8954256, 19.000486], [72.8953575, 19.0005767], [72.8953575, 19.0009489], [72.8955165, 19.0014285], [72.895371, 19.001423], [72.8953045, 19.0012305], [72.8948099, 19.0012161], [72.8944566, 19.0012114], [72.8935531, 19.0010921], [72.8935066, 19.0009567], [72.8935012, 19.0008097], [72.8934824, 19.0003658], [72.8933778, 18.9998028], [72.8933054, 18.9997775], [72.8930292, 18.9997293], [72.8928199, 18.9997597], [72.8919858, 19.0003709], [72.8918436, 19.000485], [72.891672, 19.0005205], [72.891452, 19.000485], [72.891275, 19.0003329], [72.891098, 18.9999144], [72.8908324, 18.9997394], [72.8906098, 18.9996405], [72.8898427, 18.999605], [72.8891078, 18.9997546], [72.888751, 18.9997394], [72.888397, 18.9996431], [72.8876138, 18.999463], [72.8871568, 18.9996303], [72.8868657, 18.9994904], [72.88651, 18.9994148], [72.8862802, 18.9992947], [72.8860621, 18.9992259], [72.8857027, 18.9992703], [72.8856128, 18.9993603], [72.8855689, 18.9995036], [72.8855109, 19.0004204], [72.8857094, 19.0008743], [72.8855927, 19.0010671], [72.8853446, 19.0010379], [72.8846526, 19.0018114], [72.884404, 19.0023481], [72.8844058, 19.0025367], [72.8842771, 19.0026179], [72.8840464, 19.0024708], [72.883691, 19.0025296], [72.8835033, 19.0029155], [72.8838479, 19.0034801], [72.8836441, 19.0039417], [72.8837943, 19.0051387], [72.8840502, 19.0069901], [72.8842216, 19.0084409], [72.8839541, 19.0085518], [72.88374, 19.008657], [72.8830647, 19.0084963], [72.8826141, 19.0078319], [72.8820026, 19.007421], [72.8811765, 19.0074616], [72.8803879, 19.0072232], [72.879551, 19.0068073], [72.8793901, 19.0067871], [72.8792775, 19.0070204], [72.878902, 19.0069037], [72.8787035, 19.0060567], [72.8784782, 19.0059045], [72.8779846, 19.0059248], [72.8766864, 19.006006], [72.875289, 19.0059071], [72.8732747, 19.0060947], [72.8730628, 19.006574], [72.8718799, 19.0065461], [72.8714347, 19.0058893], [72.8713113, 19.0053415], [72.8713133, 19.0044989], [72.871191, 19.0043534], [72.871029, 19.0043665], [72.8709009, 19.0044641], [72.8707051, 19.004672], [72.8702223, 19.0052781], [72.8688678, 19.0047481], [72.8680792, 19.0039366], [72.867642, 19.0038199], [72.8670153, 19.0041125], [72.8667837, 19.0042206], [72.8661388, 19.0045067], [72.8659603, 19.0045858], [72.8658369, 19.0045579], [72.8657779, 19.0044945], [72.8657055, 19.0038605], [72.8653407, 19.0032722], [72.8649116, 19.0029019], [72.8643966, 19.0029881], [72.8640479, 19.002065], [72.8632861, 19.0019078], [72.8624305, 19.0019281], [72.8618699, 19.0019864], [72.8610948, 19.0021132], [72.8609633, 19.001786], [72.8608561, 19.0011723], [72.8607166, 19.0004597], [72.8603706, 18.9993413], [72.8602338, 18.9987275], [72.8600755, 18.9982939], [72.8601855, 18.9980047], [72.8605396, 18.997197], [72.8607005, 18.9967024], [72.8608242, 18.99639], [72.8610133, 18.9959317], [72.8620742, 18.9954745], [72.8620213, 18.9953622], [72.8619994, 18.9953168], [72.861013, 18.9957248], [72.8603598, 18.994936], [72.8602445, 18.9947509], [72.8601614, 18.9946469], [72.8600433, 18.9946089], [72.859877, 18.9946165], [72.8596491, 18.9946317], [72.859405, 18.9946596], [72.8590509, 18.99469], [72.8587317, 18.994827], [72.8583589, 18.9947027], [72.8579861, 18.9945049], [72.8581604, 18.9942538], [72.8581524, 18.9940763], [72.8581456, 18.9939416], [72.8579807, 18.9936451], [72.8577983, 18.9934118], [72.8575784, 18.993394], [72.8573263, 18.9934371], [72.8570741, 18.993635], [72.8568086, 18.9935614], [72.8566423, 18.993465], [72.8566182, 18.9933306], [72.8567362, 18.9929477], [72.8566396, 18.9928361], [72.8564545, 18.9927828], [72.8568128, 18.9918959], [72.856938, 18.9915859], [72.8570331, 18.9915975], [72.8581497, 18.9889049], [72.8589115, 18.9870712], [72.8595391, 18.9855976], [72.8596678, 18.9852324], [72.860197, 18.9839269], [72.8612014, 18.981601], [72.8608277, 18.9812654], [72.8595471, 18.9800836], [72.8594699, 18.9800183], [72.857692, 18.9783549], [72.856409, 18.9785795], [72.8502774, 18.9799695], [72.8500736, 18.9790057], [72.8556313, 18.9777727], [72.855484, 18.9772794], [72.8554594, 18.9771972], [72.8554044, 18.9769254], [72.8553365, 18.9766719], [72.8558788, 18.9756284], [72.8558658, 18.9753264], [72.8557035, 18.9750159], [72.8555024, 18.9747927], [72.8553362, 18.9745426], [72.8541324, 18.9737212], [72.8540803, 18.9731705], [72.8540503, 18.9726959], [72.8536382, 18.9723373], [72.8534854, 18.9722915], [72.8529784, 18.9721395], [72.8520396, 18.9721496], [72.8509342, 18.9726003], [72.8505709, 18.9728305], [72.8501332, 18.9731112], [72.8495287, 18.9730471], [72.8491398, 18.9733163], [72.8489486, 18.9729266], [72.8490449, 18.9727901], [72.8496848, 18.9727833], [72.849859, 18.9726874], [72.8500977, 18.9724413], [72.8501031, 18.972241], [72.8500367, 18.9720144], [72.84983, 18.9716118], [72.8499448, 18.9714496], [72.8500253, 18.9712441], [72.8501024, 18.9711073], [72.8502989, 18.9707926], [72.8503918, 18.9705378], [72.8504316, 18.9704286], [72.85061, 18.9704629], [72.8506789, 18.9704273], [72.8506789, 18.9703578], [72.8507792, 18.970347], [72.850722, 18.9691471], [72.850661, 18.9691241], [72.8506662, 18.9689049], [72.8507217, 18.9688998], [72.8507972, 18.9688317], [72.852087, 18.9687562], [72.8521903, 18.968679], [72.8521375, 18.9679684], [72.8522383, 18.9679616], [72.8522311, 18.9678004], [72.8508531, 18.9678708], [72.8508138, 18.9678495], [72.8508023, 18.9678397], [72.8507698, 18.9677567], [72.851002, 18.9677041], [72.8509755, 18.9676029], [72.8513826, 18.967474], [72.8515211, 18.9674346], [72.85168, 18.9673886], [72.8528096, 18.9670431], [72.8527305, 18.9667252], [72.852782, 18.9666969], [72.8529357, 18.9666583], [72.8530101, 18.9666651], [72.8530581, 18.9666242], [72.8532142, 18.9665834], [72.853291, 18.966597], [72.8533438, 18.9665607], [72.853495, 18.9665243], [72.8535719, 18.9665243], [72.8536151, 18.9665016], [72.8536007, 18.966429], [72.8535719, 18.9664086], [72.8535334, 18.9664063], [72.8534974, 18.9664267], [72.853483, 18.9664562], [72.853483, 18.9664926], [72.853339, 18.9665243], [72.8533174, 18.9664926], [72.8532814, 18.9664699], [72.853243, 18.9664744], [72.8532118, 18.9665016], [72.8531998, 18.9665357], [72.853207, 18.9665584], [72.8530509, 18.9665879], [72.8530317, 18.9665539], [72.8529837, 18.9665357], [72.8529309, 18.9665607], [72.8529237, 18.9665947], [72.8529285, 18.9666265], [72.8527961, 18.9666544], [72.8527788, 18.9665895], [72.8527028, 18.9665925], [72.8526314, 18.9666086], [72.8525665, 18.9663453], [72.8526521, 18.9663229], [72.8524986, 18.965819], [72.8503531, 18.9662989], [72.8502568, 18.9658785], [72.8500947, 18.9659159], [72.8500285, 18.9658781], [72.8499628, 18.965645], [72.849958, 18.9655389], [72.8498959, 18.9652993], [72.8498472, 18.965129], [72.8497226, 18.9649412], [72.8496864, 18.9648652], [72.8495224, 18.964214], [72.849456, 18.9639185], [72.8493483, 18.9634396], [72.849168, 18.9627218], [72.8487832, 18.9612622], [72.8481634, 18.9586636], [72.8480337, 18.9581329], [72.847972, 18.9579749], [72.8494037, 18.9574505], [72.8495253, 18.9574359], [72.8503803, 18.9579291], [72.850619, 18.9588255], [72.8509637, 18.9587419], [72.8507029, 18.9576679], [72.8503384, 18.9577326], [72.8496932, 18.9573837], [72.8493441, 18.9558415], [72.8491974, 18.9558676], [72.8490054, 18.9559078], [72.849291, 18.9572123], [72.8492115, 18.9573147], [72.8490988, 18.957392], [72.8479497, 18.9577642], [72.8471942, 18.9546796], [72.8471014, 18.9545626], [72.8469796, 18.9544774], [72.8469067, 18.954202], [72.8471169, 18.9541906], [72.8471434, 18.95413], [72.847108, 18.9540464], [72.8470417, 18.954036], [72.8468716, 18.9540652], [72.8468451, 18.9538019], [72.8468981, 18.9536097], [72.8468893, 18.9534529], [72.8466175, 18.9523934], [72.8465701, 18.9520538], [72.8466264, 18.9520361], [72.8466794, 18.9520068], [72.846686, 18.9519212], [72.8466286, 18.9518522], [72.8464849, 18.9518188], [72.8461712, 18.9505691], [72.8464894, 18.9504897], [72.8467165, 18.9487585], [72.8467665, 18.948377], [72.846812, 18.94803], [72.8467899, 18.9477918], [72.8454619, 18.9426779], [72.8436929, 18.9355172], [72.8436319, 18.9354256], [72.8435429, 18.9353872], [72.8434132, 18.9353946], [72.8433241, 18.9354684], [72.8432402, 18.9358575], [72.8430869, 18.9358863], [72.8429451, 18.9358104], [72.8441959, 18.9290572], [72.8440799, 18.929031], [72.8440468, 18.9291512], [72.8432152, 18.9289905], [72.8429818, 18.9289474], [72.8422909, 18.9329667], [72.8420368, 18.9331632], [72.8419394, 18.9331829], [72.8412745, 18.9333178], [72.8409563, 18.9332969], [72.8407288, 18.9332453], [72.8405056, 18.9331548], [72.8402835, 18.9330119], [72.8401079, 18.9328434], [72.839967, 18.9327074], [72.8398715, 18.9325257], [72.8399341, 18.9321355], [72.8400309, 18.9315327], [72.8401211, 18.9309708], [72.840088, 18.930883], [72.8375332, 18.9289565], [72.8369451, 18.9294016], [72.8367482, 18.929179], [72.8371587, 18.9288929], [72.8372332, 18.9286817], [72.8368609, 18.9285635], [72.8367789, 18.9284955], [72.8368117, 18.9284609], [72.836798, 18.9284335], [72.8362732, 18.9281161], [72.8363678, 18.9279695], [72.836452, 18.9280125], [72.8364733, 18.9280083], [72.8364852, 18.9279934], [72.8364957, 18.9279733], [72.8364882, 18.9279503], [72.8364158, 18.9279062], [72.8365072, 18.9277678], [72.8366357, 18.9278513], [72.8367001, 18.9278552], [72.8368691, 18.9273109], [72.8377746, 18.9275975], [72.8379634, 18.9272361], [72.8379473, 18.9272069], [72.837842, 18.9271641], [72.8379805, 18.9268967], [72.8381123, 18.9269443], [72.8382342, 18.9267008], [72.8403752, 18.9276706], [72.8404968, 18.9274261], [72.8379833, 18.9262511], [72.8384454, 18.9250608], [72.8403983, 18.9257626], [72.8403226, 18.9259556], [72.8405541, 18.9260425], [72.8406845, 18.9256871], [72.8408488, 18.9252919], [72.8409202, 18.9250848], [72.838789, 18.9242859], [72.8400372, 18.9216867], [72.8400862, 18.9216537], [72.8399063, 18.921415], [72.8400635, 18.921309], [72.8402434, 18.9215476], [72.8402836, 18.9215205], [72.840207, 18.9214185], [72.8404252, 18.9212477], [72.8441819, 18.9252216], [72.8442074, 18.9252024], [72.8443252, 18.9253494], [72.844394, 18.9255314], [72.844403, 18.92578], [72.8443616, 18.9259624], [72.844376, 18.926005], [72.8444156, 18.9260187], [72.8444751, 18.9259965], [72.8445328, 18.9257715], [72.8445274, 18.9255482], [72.8444463, 18.9252994], [72.8443237, 18.9251255], [72.840466, 18.9210519], [72.8405111, 18.920965], [72.8403904, 18.9208099], [72.840066, 18.9205525], [72.8397147, 18.9204025], [72.8393447, 18.9203234], [72.8389741, 18.9203156], [72.8385705, 18.9203446], [72.8383201, 18.9203995], [72.8380939, 18.9204876], [72.8377795, 18.920682], [72.8349625, 18.9236755], [72.8342043, 18.9231274], [72.8343734, 18.9229324], [72.8345228, 18.9229191], [72.8345235, 18.9228996], [72.8349013, 18.9229025], [72.8349003, 18.9229153], [72.8349037, 18.9229277], [72.8349113, 18.9229383], [72.8349218, 18.922946], [72.8349344, 18.92295], [72.8349477, 18.92295], [72.8349603, 18.9229459], [72.8349708, 18.9229383], [72.8349782, 18.9229279], [72.8349817, 18.9229155], [72.8349808, 18.9229027], [72.8349755, 18.9228909], [72.8349664, 18.9228814], [72.8349545, 18.9228752], [72.8349411, 18.9228731], [72.8349277, 18.9228752], [72.8346678, 18.9222945], [72.8349074, 18.9220047], [72.8349092, 18.9219519], [72.8348804, 18.921928], [72.8348335, 18.9219297], [72.8347388, 18.9218605], [72.8347721, 18.9218197], [72.8347226, 18.9217835], [72.8346633, 18.9217401], [72.83463, 18.9217808], [72.8345236, 18.921703], [72.8345254, 18.9216655], [72.8344984, 18.9216417], [72.8344497, 18.9216519], [72.8342125, 18.9219206], [72.8341185, 18.9219137], [72.8341218, 18.9219454], [72.8337492, 18.9218822], [72.8336628, 18.9218378], [72.8336115, 18.9217861], [72.8320827, 18.9183468], [72.8328057, 18.9181873], [72.8328377, 18.9181438], [72.8328431, 18.9181096], [72.8328297, 18.9180499], [72.8327841, 18.9180195], [72.8327546, 18.9180119], [72.832088, 18.9180919], [72.8320417, 18.9180512], [72.831852, 18.9173268], [72.8318332, 18.917309], [72.831805, 18.9173027], [72.8314792, 18.9173763], [72.8302252, 18.916322], [72.8299436, 18.9160848], [72.8301716, 18.915774], [72.830472, 18.9153629], [72.8307912, 18.9153857], [72.831164, 18.9151371], [72.8312829, 18.915006], [72.8302975, 18.9138766], [72.8302419, 18.9138129], [72.8299763, 18.9135122], [72.8294195, 18.9128818], [72.8290436, 18.9126174], [72.828454, 18.9122027], [72.8274932, 18.911527], [72.82696, 18.9111765], [72.8265687, 18.9105484], [72.8267866, 18.9104353], [72.8252766, 18.9076136], [72.8247547, 18.9078476], [72.8237888, 18.9088669], [72.8236431, 18.9089991], [72.8227419, 18.9099411], [72.822597, 18.9101358], [72.8225541, 18.9103287], [72.8225675, 18.9106636], [72.8224817, 18.9107778], [72.8223261, 18.9108108], [72.8221545, 18.9107753], [72.8210199, 18.9097102], [72.8207678, 18.9098948], [72.8206122, 18.9098263], [72.8204754, 18.9097172], [72.8203145, 18.90957], [72.8202072, 18.9094279], [72.8201589, 18.9092604], [72.8201562, 18.9091031], [72.8201885, 18.9089261], [72.8203905, 18.9084856], [72.8206052, 18.908278], [72.8195543, 18.9072549], [72.8191594, 18.9075717], [72.8185345, 18.9069927], [72.8179982, 18.9075107], [72.8178468, 18.9073725], [72.8177154, 18.9069412], [72.817525, 18.9068168], [72.8175425, 18.9067058], [72.817462, 18.9064977], [72.8174981, 18.9063144], [72.817698, 18.9059496], [72.8183752, 18.9049365], [72.8186904, 18.9045692], [72.8187763, 18.9045438], [72.8188943, 18.9045489], [72.8189211, 18.9044931], [72.8187655, 18.9044423], [72.8186529, 18.9044982], [72.8182988, 18.9048534], [72.8181526, 18.9048376], [72.8180373, 18.9048706], [72.8178697, 18.9050513], [72.8176444, 18.9050513], [72.8175854, 18.9049346], [72.8176766, 18.904823], [72.817816, 18.9046149], [72.8177717, 18.9041118], [72.8174204, 18.9029776], [72.8177624, 18.9029655], [72.8177623, 18.9028773], [72.8179206, 18.9028722], [72.8179166, 18.9027238], [72.8175974, 18.9027086], [72.8175934, 18.9025113], [72.8174499, 18.902517], [72.8174297, 18.9022937], [72.818732, 18.9022937], [72.8187759, 18.9022957], [72.8188111, 18.9022912], [72.818821, 18.9022767], [72.8188151, 18.9022582], [72.818791, 18.902248], [72.8180829, 18.9022391], [72.81804, 18.9022112], [72.8174767, 18.9021985], [72.8174271, 18.901547], [72.8174969, 18.9012323], [72.8174593, 18.9009329], [72.8170999, 18.900471], [72.8168907, 18.9000853], [72.8166171, 18.8996184], [72.8163328, 18.8992733], [72.81609, 18.8991255], [72.8149366, 18.8977755], [72.8148615, 18.897471], [72.8147918, 18.897065], [72.814663, 18.8966437], [72.8144002, 18.8963037], [72.8138477, 18.8957555], [72.813617, 18.8954104], [72.8132415, 18.8950856], [72.8129303, 18.8948267], [72.8125066, 18.8947151], [72.8119755, 18.8947227], [72.8115249, 18.8948318], [72.8111413, 18.8948217], [72.8109348, 18.8947557], [72.8106505, 18.8945907], [72.8098109, 18.8937914], [72.8096634, 18.8935021], [72.8096098, 18.8932026], [72.8094649, 18.8930326], [72.8092423, 18.8928423], [72.8090599, 18.8928017], [72.8088587, 18.8927763], [72.8084511, 18.8925124], [72.8081654, 18.8921787], [72.8081077, 18.8921596], [72.8080755, 18.8921926], [72.8082901, 18.8925225], [72.8086388, 18.8929311], [72.8088641, 18.8935503], [72.8089768, 18.8941872], [72.8078047, 18.8951426], [72.8073031, 18.8956236], [72.8066379, 18.896362], [72.8061497, 18.8969508], [72.8058225, 18.8973923], [72.8055623, 18.8977958], [72.8053021, 18.8981993], [72.8048086, 18.8991204], [72.8046481, 18.899477], [72.8043702, 18.9000946], [72.8039625, 18.901372], [72.8037787, 18.9021751], [72.8036794, 18.9027473], [72.803597, 18.9033045], [72.8034916, 18.905203], [72.8035279, 18.9057321], [72.803567, 18.9059265], [72.8037223, 18.9070909], [72.8040013, 18.9081744], [72.804392, 18.9092333], [72.804574, 18.9095916], [72.8053692, 18.9110366], [72.8060958, 18.9121484], [72.80684, 18.9129775], [72.8083592, 18.9146745], [72.8143573, 18.9213383], [72.8144431, 18.9212825], [72.8138316, 18.9205949], [72.8085471, 18.9146867], [72.8086546, 18.9143171], [72.8087152, 18.9141872], [72.8087509, 18.9140286], [72.8091672, 18.9134472], [72.8104842, 18.9124119], [72.8108543, 18.9121303], [72.8112164, 18.9119653], [72.8113908, 18.911808], [72.8114726, 18.9119247], [72.8115705, 18.911907], [72.8119835, 18.9116634], [72.8121901, 18.9117218], [72.8124504, 18.9116862], [72.8125281, 18.9118004], [72.8127507, 18.9118207], [72.8129251, 18.9116963], [72.8129573, 18.9118435], [72.8130565, 18.9119197], [72.813255, 18.9119527], [72.8133556, 18.9118928], [72.8133998, 18.9119945], [72.8134963, 18.9121227], [72.8136372, 18.9122112], [72.8137323, 18.9121391], [72.813782, 18.9120935], [72.8138409, 18.9121759], [72.8138598, 18.9123561], [72.813916, 18.9124449], [72.8140099, 18.9124348], [72.8142553, 18.9126402], [72.8143144, 18.9125743], [72.8144029, 18.9125629], [72.8143896, 18.9126984], [72.8145692, 18.912856], [72.8147113, 18.9129118], [72.8148656, 18.912894], [72.8149286, 18.91279], [72.8149448, 18.9126705], [72.8150762, 18.9127213], [72.8150868, 18.9127925], [72.8150333, 18.9128989], [72.8149822, 18.9129968], [72.8149983, 18.9130691], [72.815044, 18.9130917], [72.8153899, 18.9130907], [72.8154637, 18.913097], [72.8155039, 18.9131427], [72.8154288, 18.9131934], [72.815461, 18.9132873], [72.815402, 18.9133292], [72.8154235, 18.9133609], [72.8153443, 18.9134256], [72.8154248, 18.9135208], [72.8153832, 18.9135702], [72.8154593, 18.9136424], [72.815461, 18.9138075], [72.8153329, 18.914008], [72.8154422, 18.914112], [72.8154731, 18.9141405], [72.815516, 18.9141399], [72.8156635, 18.9142109], [72.8158325, 18.9144799], [72.8162403, 18.9149061], [72.8162938, 18.914962], [72.8164515, 18.9154398], [72.8164333, 18.9158146], [72.8164092, 18.9160328], [72.8163796, 18.9161723], [72.8162724, 18.9163677], [72.81609, 18.9166062], [72.8157695, 18.9170711], [72.815744, 18.9171771], [72.8157708, 18.9172507], [72.8158432, 18.9173217], [72.8165084, 18.9181463], [72.816656, 18.918291], [72.8167444, 18.918362], [72.8168109, 18.9183962], [72.8168678, 18.9184255], [72.81694, 18.9184139], [72.8170127, 18.9184023], [72.8183601, 18.9174334], [72.8184373, 18.9173784], [72.8189546, 18.918017], [72.8206605, 18.9198413], [72.8207168, 18.919821], [72.8208429, 18.91975], [72.8208697, 18.9196992], [72.8208187, 18.919651], [72.8207651, 18.9196535], [72.8206846, 18.919717], [72.8206336, 18.9197094], [72.8189036, 18.9178241], [72.8194454, 18.917356], [72.8196426, 18.9175691], [72.819837, 18.9176516], [72.8200597, 18.9176592], [72.8202729, 18.917578], [72.8204875, 18.9173712], [72.8206444, 18.9171111], [72.8207396, 18.9170033], [72.8212278, 18.9166734], [72.821492, 18.9164781], [72.8216314, 18.9163867], [72.8217696, 18.9163385], [72.8219694, 18.9163144], [72.8220887, 18.9163905], [72.8222631, 18.9165872], [72.8222443, 18.9166125], [72.8222939, 18.9166747], [72.8223199, 18.916654], [72.8223843, 18.9167263], [72.8223583, 18.916747], [72.8223985, 18.9168016], [72.8224321, 18.9167851], [72.8226225, 18.9170769], [72.822589, 18.9171162], [72.8228974, 18.9174968], [72.8227499, 18.9176947], [72.822654, 18.9177905], [72.8226145, 18.9177632], [72.8225821, 18.9177978], [72.8226022, 18.9178175], [72.8225368, 18.9178823], [72.8225276, 18.9179757], [72.8225766, 18.9180503], [72.8225347, 18.9180655], [72.8225782, 18.9182935], [72.8214678, 18.9191867], [72.8209394, 18.9195622], [72.8209394, 18.9195952], [72.820977, 18.9196231], [72.8215134, 18.9192476], [72.8226534, 18.9183544], [72.8227231, 18.9182859], [72.8227124, 18.9181311], [72.8229162, 18.9180094], [72.8230691, 18.9179663], [72.8242654, 18.9194226], [72.8244754, 18.9197937], [72.8243941, 18.9199098], [72.8244144, 18.9199525], [72.8252622, 18.919436], [72.8253879, 18.9194708], [72.8255072, 18.9195774], [72.8255714, 18.9197504], [72.8256011, 18.9200291], [72.8256132, 18.9201496], [72.8256217, 18.9202534], [72.8255595, 18.9203005], [72.8254911, 18.9203361], [72.8253718, 18.9203817], [72.8250794, 18.9204959], [72.8249949, 18.9205923], [72.8249681, 18.9206697], [72.8249453, 18.9207712], [72.8249531, 18.9209029], [72.8251572, 18.9216478], [72.8251317, 18.921814], [72.8252149, 18.922135], [72.8251505, 18.9222669], [72.8250915, 18.9223304], [72.8250526, 18.9224103], [72.8249681, 18.922508], [72.8247938, 18.9225828], [72.824555, 18.9226399], [72.8243726, 18.9226424], [72.8241742, 18.9226374], [72.8238952, 18.9226095], [72.8237021, 18.9225765], [72.8233749, 18.9226069], [72.8231335, 18.9227465], [72.8224361, 18.9232514], [72.8223342, 18.9233909], [72.8221169, 18.9235229], [72.8218862, 18.9235381], [72.8217092, 18.9235279], [72.8215979, 18.9235191], [72.8214812, 18.9235305], [72.8213511, 18.9235406], [72.8211828, 18.923583], [72.8208818, 18.9235571], [72.8199886, 18.9242802], [72.8198236, 18.924298], [72.8196989, 18.9243982], [72.8195755, 18.9245682], [72.8185845, 18.9253588], [72.8184637, 18.9254258], [72.8183686, 18.9254774], [72.8181514, 18.9252657], [72.818052, 18.9252621], [72.8179729, 18.9253142], [72.8179568, 18.9253636], [72.8179514, 18.9254233], [72.8198692, 18.927519], [72.8208482, 18.928648], [72.8213927, 18.9294904], [72.8220191, 18.930497], [72.8223288, 18.9310913], [72.8226104, 18.9316774], [72.8231268, 18.9329634], [72.8233534, 18.9336842], [72.8235331, 18.9344124], [72.8237209, 18.9354094], [72.8238469, 18.9364242], [72.823889, 18.9375857], [72.8238711, 18.9387647], [72.823745, 18.9399811], [72.8234406, 18.9414418], [72.8234364, 18.9414618], [72.8230941, 18.9424343], [72.8227285, 18.943231], [72.8221298, 18.9444886], [72.8214865, 18.9456497], [72.8208, 18.946666], [72.8197861, 18.9480232], [72.8191246, 18.9488426], [72.8188178, 18.9491826], [72.8187309, 18.9492881], [72.8181285, 18.9500197], [72.8176725, 18.9504839], [72.8173747, 18.9507123], [72.8168383, 18.9510852], [72.8160069, 18.9516966], [72.8155235, 18.9521461], [72.8148843, 18.9528283], [72.8146657, 18.9529092], [72.8132436, 18.9535976], [72.8128643, 18.953778], [72.8125382, 18.9539079], [72.8117667, 18.9541717], [72.8109256, 18.9544244], [72.8100574, 18.9546936], [72.8084162, 18.9551542], [72.8082539, 18.9551466], [72.8081372, 18.9550832], [72.8078033, 18.9546697], [72.8076767, 18.9547243], [72.807354, 18.9540086], [72.8068203, 18.9534191], [72.8064448, 18.9531324], [72.8054845, 18.9527569], [72.8052083, 18.9526326], [72.804983, 18.9523485], [72.8047925, 18.9519832], [72.8044385, 18.9515773], [72.8044076, 18.9511575], [72.8043094, 18.9510264], [72.8035694, 18.9507275], [72.8030759, 18.9502709], [72.8027862, 18.9500705], [72.8025475, 18.9498371], [72.8021559, 18.9492561], [72.8016605, 18.9489076], [72.8005769, 18.9486623], [72.8000692, 18.9485331], [72.7995703, 18.9483353], [72.7989507, 18.947942], [72.7979698, 18.9472361], [72.797808, 18.9469679], [72.797682, 18.9465924], [72.7973923, 18.9458491], [72.7968505, 18.9453037], [72.7963167, 18.9446568], [72.7957937, 18.9439363], [72.7955577, 18.9435735], [72.7954182, 18.9431676], [72.7953324, 18.9425993], [72.7952921, 18.9419651], [72.7951312, 18.9414932], [72.7948496, 18.9409097], [72.7948093, 18.9406763], [72.7945948, 18.9402019], [72.7944392, 18.9398289], [72.7943967, 18.9396638], [72.7943278, 18.9395916], [72.7940798, 18.9393317], [72.7938221, 18.9392745], [72.7933878, 18.9391541], [72.7929935, 18.9392048], [72.7927923, 18.939319], [72.7925375, 18.9392911], [72.7924141, 18.939352], [72.7922988, 18.9395397], [72.7922612, 18.9399837], [72.7922934, 18.9403084], [72.7926448, 18.9410289], [72.7928111, 18.9411913], [72.7930847, 18.9416885], [72.7930847, 18.9420462], [72.7930123, 18.9424953], [72.7930691, 18.9427242], [72.7932939, 18.943127], [72.7935085, 18.9437485], [72.7933663, 18.9437891], [72.793436, 18.9439895], [72.7933368, 18.9440276], [72.7933449, 18.9441697], [72.7933046, 18.9442813], [72.7926019, 18.9452123], [72.7922854, 18.9454457], [72.7923551, 18.9457349], [72.792339, 18.9459049], [72.7922264, 18.9463489], [72.7922478, 18.9465823], [72.792331, 18.9467446], [72.7922022, 18.9478], [72.7920332, 18.9482389], [72.7917855, 18.9482182], [72.7916763, 18.9488968], [72.7919421, 18.9489289], [72.7919367, 18.9491673], [72.791985, 18.9493703], [72.7921486, 18.9499208], [72.7927199, 18.9511511], [72.7933234, 18.9523435], [72.7938116, 18.9527087], [72.7945089, 18.9534368], [72.7948791, 18.9538402], [72.7948067, 18.9539188], [72.7950749, 18.9542257], [72.7954236, 18.9546469], [72.7956247, 18.9549766], [72.7956408, 18.9552303], [72.7958554, 18.9555322], [72.7960351, 18.9559558], [72.796255, 18.9562247], [72.7966601, 18.9564277], [72.7970271, 18.9566073], [72.7975603, 18.9573929], [72.7980171, 18.9580284], [72.7984265, 18.9584929], [72.7985044, 18.9585944], [72.7984746, 18.9587922], [72.7984567, 18.9590125], [72.7984484, 18.9592759], [72.798712, 18.9591832], [72.7988981, 18.9593251], [72.7991143, 18.9589796], [72.7993289, 18.9589999], [72.7994709, 18.9590492], [72.7992538, 18.959402], [72.7991733, 18.9595034], [72.7990286, 18.9596262], [72.7989225, 18.9597332], [72.7988401, 18.9598617], [72.7987895, 18.9600022], [72.7987334, 18.9602687], [72.7987132, 18.960476], [72.7987232, 18.9607659], [72.7987571, 18.9612979], [72.7988049, 18.9616797], [72.7988473, 18.9619027], [72.79895, 18.9623467], [72.7990765, 18.9628496], [72.7991164, 18.9630634], [72.7991924, 18.9634299], [72.7992989, 18.9637748], [72.7994096, 18.9640773], [72.7994831, 18.964406], [72.7995724, 18.9647932], [72.7997291, 18.9653961], [72.7998802, 18.9660307], [72.800004, 18.9665315], [72.800083, 18.9668941], [72.8001757, 18.9672573], [72.800322, 18.9678155], [72.8006564, 18.9690153], [72.8010246, 18.970325], [72.8012055, 18.9710206], [72.8013072, 18.9713649], [72.8014608, 18.9718399], [72.8017209, 18.9724404], [72.802733, 18.9744583], [72.8027814, 18.9745547], [72.8031676, 18.9753033], [72.8035751, 18.9760779], [72.8039228, 18.9767711], [72.8040779, 18.9770872], [72.8042139, 18.977327], [72.804516, 18.9777701], [72.8046826, 18.977986], [72.8048931, 18.9782481], [72.8051102, 18.9784874], [72.8053786, 18.9786999]]], [[[72.8082137, 19.0742937], [72.8079926, 19.0744486], [72.8078388, 19.0745925], [72.8077282, 19.0747739], [72.807725, 19.0749755], [72.807888, 19.0759307], [72.8079758, 19.076008], [72.8081218, 19.076092], [72.8082675, 19.0761003], [72.8084263, 19.0760703], [72.8085665, 19.0761658], [72.8086549, 19.0764643], [72.8087111, 19.0769449], [72.8086394, 19.0770248], [72.8085961, 19.0771482], [72.8086678, 19.0773646], [72.8087954, 19.0775302], [72.8088732, 19.0777207], [72.8089278, 19.0779025], [72.8089387, 19.0782345], [72.8088965, 19.0785026], [72.8088987, 19.07873], [72.8090131, 19.079077], [72.8091725, 19.0793317], [72.8091821, 19.0796926], [72.8092381, 19.0797537], [72.8093241, 19.0797001], [72.809342, 19.0796201], [72.8093692, 19.0794705], [72.8093682, 19.0792579], [72.8092275, 19.0786834], [72.8090969, 19.0782457], [72.8090635, 19.0780213], [72.8090303, 19.0777742], [72.8090513, 19.0777131], [72.8090991, 19.0776587], [72.809164, 19.0776825], [72.809198, 19.0777426], [72.8092778, 19.0779189], [72.8092832, 19.0779822], [72.80932, 19.0781767], [72.8093787, 19.0783266], [72.8094267, 19.0784082], [72.8094815, 19.0784531], [72.8095716, 19.0785591], [72.8096717, 19.078641], [72.8098147, 19.0787544], [72.8099371, 19.0787878], [72.810117, 19.0786919], [72.8100971, 19.0785601], [72.8101362, 19.0783574], [72.8101263, 19.0782448], [72.8100712, 19.0781549], [72.8100515, 19.0779399], [72.8100618, 19.0778398], [72.8101239, 19.0777625], [72.8100582, 19.0776248], [72.8099491, 19.0775134], [72.8098125, 19.0774358], [72.809745, 19.0773022], [72.8097511, 19.0771466], [72.8098649, 19.0768716], [72.8101219, 19.0764842], [72.8102825, 19.0761644], [72.8107037, 19.074912], [72.8106918, 19.0748018], [72.8106819, 19.0747095], [72.8106244, 19.0746258], [72.8104637, 19.0746055], [72.8103689, 19.074679], [72.8102002, 19.0748167], [72.8100783, 19.0748615], [72.8099936, 19.074819], [72.8098174, 19.0748271], [72.8094668, 19.0749447], [72.8091594, 19.0749478], [72.8090132, 19.0748576], [72.8088815, 19.0747363], [72.8085748, 19.0745842], [72.8085755, 19.0743523], [72.8084102, 19.0742595], [72.8082137, 19.0742937]]], [[[72.783316, 19.1344038], [72.7833564, 19.1343478], [72.7835127, 19.1342124], [72.7837332, 19.1340603], [72.7837749, 19.1339759], [72.7837869, 19.1338463], [72.7837094, 19.1337281], [72.7837153, 19.1335535], [72.7836379, 19.133379], [72.7835306, 19.1333058], [72.7833816, 19.133272], [72.7832325, 19.1330636], [72.7832862, 19.1327595], [72.7832743, 19.1325624], [72.7832266, 19.1324667], [72.7829226, 19.1321288], [72.7827021, 19.1320894], [72.7825113, 19.1320894], [72.7824577, 19.1322189], [72.7823683, 19.1323653], [72.7822371, 19.1323653], [72.7821835, 19.1322978], [72.7822848, 19.1321176], [72.7822312, 19.1320331], [72.7823206, 19.1319148], [72.7825531, 19.1317684], [72.7827617, 19.1315657], [72.7829107, 19.1313742], [72.7831312, 19.1311434], [72.783161, 19.1310138], [72.7832683, 19.1309744], [72.783459, 19.1309069], [72.7837094, 19.1308168], [72.7838286, 19.1307435], [72.7838882, 19.1306309], [72.7838524, 19.1305802], [72.7837809, 19.1306028], [72.7836855, 19.130721], [72.7835604, 19.1307267], [72.7835127, 19.1306816], [72.7832623, 19.1308224], [72.7832147, 19.1308956], [72.7831372, 19.1309181], [72.7829464, 19.1310533], [72.7829286, 19.1311997], [72.7828213, 19.1312335], [72.7828213, 19.1313517], [72.7826425, 19.1314643], [72.7825352, 19.1314981], [72.7823206, 19.1315713], [72.7822073, 19.1316108], [72.7822014, 19.1317009], [72.7820464, 19.1318079], [72.7818855, 19.1320218], [72.7818676, 19.1322471], [72.7817543, 19.1322752], [72.7816232, 19.1324104], [72.781504, 19.1324329], [72.7814265, 19.1323879], [72.7813788, 19.1323147], [72.7810987, 19.1325455], [72.7811345, 19.1326976], [72.7810927, 19.1327989], [72.7810153, 19.1330974], [72.7809437, 19.13321], [72.7808245, 19.1332776], [72.780759, 19.1332438], [72.7806219, 19.1332213], [72.7805742, 19.1332663], [72.7803238, 19.1335986], [72.7802821, 19.1337619], [72.7803477, 19.1340265], [72.7803894, 19.1341054], [72.7805325, 19.1342405], [72.7806517, 19.134325], [72.7808364, 19.1342631], [72.7808126, 19.1345052], [72.7808603, 19.1346741], [72.7809914, 19.1347811], [72.7810868, 19.1348825], [72.7811106, 19.1350402], [72.7811941, 19.1350908], [72.7812835, 19.1351415], [72.7813312, 19.1352203], [72.7814802, 19.1353048], [72.7817305, 19.1353048], [72.7818616, 19.1353499], [72.781957, 19.1353499], [72.7820881, 19.135333], [72.7822431, 19.1353555], [72.7823742, 19.1352767], [72.7824756, 19.1352767], [72.7825292, 19.1352147], [72.7826246, 19.1351753], [72.7827021, 19.1351584], [72.7827021, 19.1350627], [72.7827557, 19.1349838], [72.7828213, 19.1350908], [72.7828928, 19.1351303], [72.7830001, 19.1350683], [72.7830597, 19.1349444], [72.7832087, 19.1348374], [72.7832862, 19.1347023], [72.7833279, 19.1345277], [72.783316, 19.1344038]]], [[[72.7737051, 19.1329821], [72.7736602, 19.1329813], [72.7736134, 19.1329908], [72.7735736, 19.133], [72.773543, 19.133019], [72.7735085, 19.1330635], [72.7734505, 19.1330728], [72.7734534, 19.1331124], [72.7733875, 19.1331994], [72.7733562, 19.1332634], [72.7733641, 19.1332821], [72.7733605, 19.1332987], [72.7733786, 19.133321], [72.7734132, 19.1333574], [72.7734305, 19.1333802], [72.7734161, 19.1333867], [72.7733545, 19.1333333], [72.7733526, 19.133316], [72.7732633, 19.1333174], [72.7732605, 19.1333684], [72.7732795, 19.1333729], [72.773252, 19.1334078], [72.7732519, 19.1334472], [72.7732289, 19.1334844], [72.7732741, 19.133531], [72.7732939, 19.1335632], [72.7733128, 19.1335741], [72.7733432, 19.133551], [72.7733661, 19.1335474], [72.7733787, 19.1335554], [72.7733865, 19.1335741], [72.7733863, 19.1336077], [72.7733779, 19.1336134], [72.7733626, 19.1336889], [72.7733819, 19.1336904], [72.7733864, 19.133702], [72.7734138, 19.1337171], [72.773416, 19.1337531], [72.7734017, 19.1337903], [72.7734035, 19.1338007], [72.7734114, 19.1338048], [72.773454, 19.133773], [72.7734869, 19.1337574], [72.7735153, 19.1337262], [72.7735666, 19.1336535], [72.7735861, 19.1336267], [72.7735802, 19.1335885], [72.7736267, 19.1335802], [72.7736583, 19.1335465], [72.7736543, 19.1336052], [72.7736643, 19.1336204], [72.7736833, 19.1336201], [72.7737434, 19.1335334], [72.773751, 19.1334941], [72.773755, 19.1334543], [72.7737911, 19.1334142], [72.7738139, 19.1333567], [72.7738493, 19.133348], [72.7738872, 19.1333527], [72.7739143, 19.1333327], [72.7739485, 19.1332946], [72.7739282, 19.1332732], [72.7739269, 19.1332473], [72.7739053, 19.1332339], [72.7739146, 19.1331958], [72.7738862, 19.1331892], [72.7738674, 19.1331736], [72.7738467, 19.1331087], [72.7738226, 19.1330445], [72.7737563, 19.1330441], [72.7737261, 19.1330166], [72.7737051, 19.1329821]]]]}, "properties": {"corporation_id": "bmc", "name": "Greater Mumbai", "acronym": "BMC", "district": "Mumbai City + Suburban", "osm_ids": [7964375, 7964376], "area_sqkm": 474.4}}, {"type": "Feature", "geometry": {"type": "Polygon", "coordinates": [[[72.9306069, 19.2881626], [72.933147, 19.286998], [72.9358515, 19.2881933], [72.9380071, 19.2892208], [72.9408503, 19.2941271], [72.9439348, 19.296927], [72.9487842, 19.2982332], [72.9559618, 19.3001875], [72.9581022, 19.2993572], [72.9616642, 19.2993572], [72.9670715, 19.297089], [72.9761695, 19.2908108], [72.9811477, 19.2887045], [72.9849242, 19.2841677], [72.9884433, 19.280846], [72.9905032, 19.2767141], [72.9911899, 19.2717719], [72.992649, 19.2643989], [72.9953955, 19.2621099], [72.9988932, 19.2539869], [73.0020045, 19.2373344], [73.0034315, 19.2293215], [73.0091285, 19.2228482], [73.016746, 19.2136087], [73.0186772, 19.2110961], [73.0217457, 19.2043688], [73.0247497, 19.2005592], [73.0260372, 19.1999715], [73.0294704, 19.19908], [73.0350494, 19.1994852], [73.049912, 19.2011899], [73.0612277, 19.2031328], [73.0618071, 19.2008226], [73.0622792, 19.2005389], [73.0646181, 19.1995865], [73.0651974, 19.198634], [73.0662274, 19.197783], [73.0669784, 19.1969116], [73.0688667, 19.1968508], [73.0707121, 19.1964658], [73.0709481, 19.1917035], [73.0706262, 19.1905484], [73.0727505, 19.189981], [73.0742955, 19.1899404], [73.0757975, 19.1895757], [73.0768919, 19.1883192], [73.0768489, 19.1866777], [73.0770635, 19.1850767], [73.0735874, 19.1849754], [73.0706906, 19.1863129], [73.0687809, 19.1846309], [73.0676436, 19.1840431], [73.0673218, 19.1830501], [73.0677724, 19.181976], [73.0676114, 19.1809323], [73.0697572, 19.1781557], [73.0680942, 19.1764635], [73.0680254, 19.1752997], [73.0675659, 19.1743467], [73.0675515, 19.1741434], [73.0676386, 19.1739402], [73.0679038, 19.1735374], [73.0685931, 19.1732182], [73.0702748, 19.1725214], [73.0714416, 19.1725012], [73.0719137, 19.1721668], [73.0718493, 19.1717614], [73.0717206, 19.1714067], [73.0712914, 19.171275], [73.0699373, 19.1708701], [73.0698503, 19.1704449], [73.0699103, 19.1699205], [73.0704188, 19.1691429], [73.0707764, 19.1673025], [73.0714845, 19.1661472], [73.0725574, 19.1644649], [73.0725924, 19.164353], [73.0734587, 19.1622151], [73.0735659, 19.1593977], [73.0736303, 19.1579384], [73.0731583, 19.1566006], [73.0733192, 19.1551108], [73.073759, 19.1536108], [73.0740702, 19.1530382], [73.0745798, 19.1527088], [73.0748319, 19.1519183], [73.0751485, 19.1509251], [73.0753416, 19.1486142], [73.0755776, 19.1461159], [73.0758155, 19.1449865], [73.0759906, 19.1438303], [73.0735874, 19.1428776], [73.0667531, 19.1439824], [73.0628693, 19.1472156], [73.0625474, 19.1471345], [73.0617428, 19.1348906], [73.0498928, 19.1316484], [73.036015, 19.1338567], [73.0269384, 19.1424924], [73.0203938, 19.1504588], [73.0163383, 19.1529318], [73.0141282, 19.1701806], [73.013978, 19.1754501], [73.0102658, 19.1843573], [73.0082166, 19.1864447], [73.0050731, 19.1875289], [73.0036247, 19.1859988], [72.9993868, 19.1867993], [72.9979499, 19.1894691], [72.9962842, 19.1891622], [72.9951274, 19.1827259], [72.9866946, 19.1787536], [72.9855036, 19.1774465], [72.9850175, 19.1767671], [72.9833794, 19.1744773], [72.9817485, 19.1703648], [72.9803131, 19.1703446], [72.9771448, 19.1721654], [72.9742464, 19.1742018], [72.9720345, 19.172718], [72.9690217, 19.1727562], [72.9686761, 19.1759134], [72.9685081, 19.1760117], [72.9684274, 19.1763224], [72.9681556, 19.1768995], [72.9679595, 19.1775312], [72.9680256, 19.1779136], [72.9677638, 19.1777923], [72.9669691, 19.1779506], [72.9667659, 19.1776556], [72.9662862, 19.1775204], [72.9662046, 19.1774267], [72.9657448, 19.1771438], [72.964487, 19.1768812], [72.9639722, 19.1768977], [72.963784, 19.1766703], [72.9633791, 19.1768267], [72.9625576, 19.1776151], [72.9626225, 19.178107], [72.9625495, 19.1784252], [72.9621528, 19.1786949], [72.9618567, 19.1790107], [72.9617324, 19.1793911], [72.9616685, 19.1794425], [72.9615821, 19.1794789], [72.9610622, 19.1788707], [72.9608763, 19.1790084], [72.9607781, 19.1789015], [72.9604985, 19.1791148], [72.9601734, 19.1789001], [72.9597979, 19.178933], [72.9597501, 19.1790616], [72.9597466, 19.1793144], [72.959394, 19.1794204], [72.9593925, 19.1797084], [72.9596001, 19.1800619], [72.9595604, 19.1802074], [72.9590187, 19.1808146], [72.9588093, 19.180858], [72.95867, 19.1807584], [72.958622, 19.1808092], [72.9585385, 19.1810504], [72.9586574, 19.1816866], [72.958452, 19.1819278], [72.9583474, 19.1821528], [72.9581648, 19.1821675], [72.9580208, 19.1825524], [72.9576982, 19.1826659], [72.9575038, 19.1825905], [72.957343, 19.1827011], [72.9566637, 19.1827068], [72.9565578, 19.1827644], [72.9564213, 19.1830071], [72.9557866, 19.1833308], [72.9556915, 19.1835684], [72.9558877, 19.1837988], [72.9558557, 19.1842167], [72.955528, 19.1843682], [72.9554233, 19.1846512], [72.955177, 19.1847606], [72.955084, 19.1848693], [72.9549813, 19.1851776], [72.9544595, 19.1851701], [72.9544561, 19.1848044], [72.9544135, 19.1847782], [72.9537316, 19.1849157], [72.9534477, 19.184851], [72.953303, 19.1847412], [72.9523677, 19.186394], [72.9497703, 19.1887029], [72.9486387, 19.1875888], [72.948139, 19.1875023], [72.9481166, 19.1875608], [72.9475413, 19.1878151], [72.9472903, 19.1876354], [72.946874, 19.1876567], [72.9469571, 19.1879332], [72.9467275, 19.1880204], [72.9465788, 19.1878007], [72.9464482, 19.1878903], [72.9463521, 19.1877872], [72.9457593, 19.1879285], [72.9450318, 19.1879342], [72.9448792, 19.1880211], [72.944738, 19.1879683], [72.9442546, 19.1879767], [72.9434392, 19.1875968], [72.9428767, 19.1878532], [72.9422479, 19.1876548], [72.94194, 19.1873861], [72.9413343, 19.1881573], [72.9407464, 19.1886481], [72.939847, 19.188974], [72.9411319, 19.1900811], [72.9416978, 19.1910551], [72.941724, 19.1922445], [72.941367, 19.1956996], [72.9411622, 19.2018562], [72.9365433, 19.2039855], [72.9353378, 19.2049319], [72.9326842, 19.2066938], [72.9324329, 19.2078528], [72.9250625, 19.2160101], [72.9240703, 19.2175599], [72.9197359, 19.2224024], [72.918663, 19.22765], [72.9172682, 19.2328772], [72.9156804, 19.2359567], [72.9131698, 19.2392995], [72.9103803, 19.2439591], [72.9112172, 19.2440604], [72.9156589, 19.2499758], [72.9158734, 19.2506241], [72.9146933, 19.2534601], [72.9167962, 19.2591525], [72.9199934, 19.2622111], [72.9226755, 19.2621504], [72.9243922, 19.2645203], [72.9255723, 19.2692603], [72.9288554, 19.2701514], [72.9322886, 19.2693817], [72.9349707, 19.2696654], [72.9372023, 19.2685311], [72.9375672, 19.2726429], [72.9328679, 19.2754583], [72.931323, 19.2793472], [72.9294777, 19.2823043], [72.9275679, 19.2832967], [72.9297352, 19.2862943], [72.9291987, 19.2867398], [72.9306069, 19.2881626]]]}, "properties": {"corporation_id": "tmc", "name": "Thane", "acronym": "TMC", "district": "Thane", "osm_ids": [7120000], "area_sqkm": 141.0}}, {"type": "Feature", "geometry": {"type": "Polygon", "coordinates": [[[73.1663703, 19.1779835], [73.1541823, 19.1775985], [73.1467151, 19.1835568], [73.142209, 19.1834352], [73.1401062, 19.1815707], [73.13663, 19.1835162], [73.1349992, 19.1854618], [73.1232833, 19.1855429], [73.1120395, 19.1724911], [73.1116962, 19.1680322], [73.1056022, 19.1639785], [73.1051731, 19.1612625], [73.1054305, 19.1585262], [73.1041967, 19.1579891], [73.1039027, 19.1584768], [73.1033077, 19.1591579], [73.1027266, 19.1594488], [73.1022996, 19.1595546], [73.1018516, 19.1595017], [73.1016906, 19.1592835], [73.1015716, 19.1587876], [73.1015156, 19.1583115], [73.1012426, 19.1581131], [73.1010116, 19.1577957], [73.1007875, 19.1572865], [73.1004515, 19.1569162], [73.1000315, 19.1563607], [73.0995415, 19.1559574], [73.0990725, 19.15564], [73.0984424, 19.1555408], [73.0979314, 19.1555738], [73.0951953, 19.156033], [73.0937791, 19.1559925], [73.0927491, 19.1548574], [73.0921912, 19.1529723], [73.0916118, 19.1496075], [73.0879855, 19.1474385], [73.0869341, 19.1446817], [73.0860328, 19.1440128], [73.085475, 19.1429384], [73.084456, 19.1426483], [73.0824602, 19.1431614], [73.079896, 19.1440533], [73.0793059, 19.143952], [73.078866, 19.1424519], [73.0775249, 19.1421782], [73.0763662, 19.142685], [73.0759906, 19.1438303], [73.0758155, 19.1449865], [73.0755776, 19.1461159], [73.0753416, 19.1486142], [73.0751485, 19.1509251], [73.0748319, 19.1519183], [73.0745798, 19.1527088], [73.0740702, 19.1530382], [73.073759, 19.1536108], [73.0733192, 19.1551108], [73.0731583, 19.1566006], [73.0736303, 19.1579384], [73.0735659, 19.1593977], [73.0734587, 19.1622151], [73.0725924, 19.164353], [73.0725574, 19.1644649], [73.0714845, 19.1661472], [73.0707764, 19.1673025], [73.0704188, 19.1691429], [73.0699103, 19.1699205], [73.0698503, 19.1704449], [73.0699373, 19.1708701], [73.0712914, 19.171275], [73.0717206, 19.1714067], [73.0718493, 19.1717614], [73.0719137, 19.1721668], [73.0714416, 19.1725012], [73.0702748, 19.1725214], [73.0685931, 19.1732182], [73.0679038, 19.1735374], [73.0676386, 19.1739402], [73.0675515, 19.1741434], [73.0675659, 19.1743467], [73.0680254, 19.1752997], [73.0680942, 19.1764635], [73.0697572, 19.1781557], [73.0676114, 19.1809323], [73.0677724, 19.181976], [73.0673218, 19.1830501], [73.0676436, 19.1840431], [73.0687809, 19.1846309], [73.0706906, 19.1863129], [73.0735874, 19.1849754], [73.0770635, 19.1850767], [73.0768489, 19.1866777], [73.0768919, 19.1883192], [73.0757975, 19.1895757], [73.0742955, 19.1899404], [73.0727505, 19.189981], [73.0706262, 19.1905484], [73.0709481, 19.1917035], [73.0707121, 19.1964658], [73.0688667, 19.1968508], [73.0669784, 19.1969116], [73.0662274, 19.197783], [73.0651974, 19.198634], [73.0646181, 19.1995865], [73.0622792, 19.2005389], [73.0618071, 19.2008226], [73.0612277, 19.2031328], [73.0671033, 19.212763], [73.0673081, 19.2174886], [73.0674114, 19.2198704], [73.0666221, 19.2274723], [73.0668589, 19.2314968], [73.0697004, 19.2349994], [73.0723228, 19.2369656], [73.0762289, 19.2398943], [73.0777513, 19.2410358], [73.0824871, 19.2422281], [73.0880912, 19.2414829], [73.0925902, 19.2385765], [73.0983521, 19.2332854], [73.1020238, 19.2322187], [73.1024565, 19.232093], [73.107587, 19.232242], [73.1119281, 19.2343287], [73.1142811, 19.2375917], [73.1144539, 19.2378313], [73.1158746, 19.2425262], [73.1163482, 19.2473699], [73.1161703, 19.2477419], [73.1143356, 19.2515776], [73.113416, 19.2532837], [73.1042918, 19.2618497], [73.1018854, 19.2670843], [73.1036942, 19.2715675], [73.114231, 19.2793305], [73.1230265, 19.2814219], [73.1279366, 19.2825894], [73.1327493, 19.280318], [73.1381897, 19.2704422], [73.1415376, 19.2675188], [73.145365, 19.2677157], [73.1471717, 19.2684592], [73.1529206, 19.2708372], [73.1597839, 19.2726544], [73.1699115, 19.2736025], [73.1745149, 19.2750247], [73.1786998, 19.279212], [73.1805412, 19.2841102], [73.1809185, 19.285602], [73.1930625, 19.2873808], [73.1949856, 19.2881858], [73.196496, 19.2894073], [73.1972977, 19.29063], [73.1963831, 19.2926847], [73.194475, 19.2942975], [73.1916282, 19.2952892], [73.1905288, 19.296559], [73.1900139, 19.2991083], [73.1900575, 19.3035433], [73.1918558, 19.3069118], [73.1932415, 19.3071493], [73.2009257, 19.3056267], [73.2052821, 19.3041205], [73.2075209, 19.3023012], [73.2104694, 19.2994925], [73.2133197, 19.3003293], [73.2206153, 19.3047441], [73.2219886, 19.3065262], [73.2218599, 19.3094829], [73.2246494, 19.3118319], [73.2313013, 19.3112244], [73.2399272, 19.3062832], [73.2393279, 19.303975], [73.2391333, 19.3006331], [73.2357216, 19.295246], [73.2353782, 19.2923905], [73.2331466, 19.2904057], [73.2272243, 19.2895146], [73.2249068, 19.2870842], [73.220787, 19.2874083], [73.2173537, 19.2892716], [73.2170377, 19.2883369], [73.2160663, 19.2854639], [73.2114205, 19.2851247], [73.2057273, 19.2795423], [73.2045526, 19.2752255], [73.2061529, 19.2705566], [73.2064253, 19.2668249], [73.20249, 19.2652703], [73.2024345, 19.2611089], [73.198681, 19.2612528], [73.1954241, 19.2605246], [73.1935814, 19.2597964], [73.1926386, 19.2584614], [73.1926815, 19.2568836], [73.1936671, 19.2545776], [73.1941385, 19.2528784], [73.1938814, 19.2511792], [73.1925786, 19.2503377], [73.1904874, 19.2507261], [73.1875733, 19.2530241], [73.1834827, 19.2559062], [73.1816681, 19.2560927], [73.1800075, 19.2556881], [73.1757222, 19.2529573], [73.1754175, 19.2524395], [73.1735721, 19.2514672], [73.1712118, 19.2504138], [73.1696668, 19.2501301], [73.1681648, 19.2505353], [73.1674352, 19.2513861], [73.1666628, 19.2530067], [73.165547, 19.2543032], [73.1649812, 19.2548044], [73.1645358, 19.2544324], [73.1639457, 19.2547971], [73.1626904, 19.2533284], [73.1619179, 19.2520015], [73.1602711, 19.247955], [73.1586885, 19.2437463], [73.158313, 19.2430676], [73.1578088, 19.2425004], [73.157326, 19.2419838], [73.1553733, 19.240748], [73.1538391, 19.2401301], [73.152895, 19.2384081], [73.151586, 19.2373242], [73.1493759, 19.2339408], [73.147434, 19.2351462], [73.1470907, 19.2336065], [73.146522, 19.2331608], [73.1462538, 19.2322086], [73.1459963, 19.2310233], [73.1477666, 19.2296254], [73.1474876, 19.2290176], [73.1505239, 19.2267078], [73.1512749, 19.2260291], [73.1519294, 19.2251984], [73.1526267, 19.2238713], [73.1530237, 19.2225341], [73.1533535, 19.219971], [73.1532891, 19.2169166], [73.1535387, 19.2149561], [73.1529968, 19.2139735], [73.1529701, 19.2123727], [73.1539302, 19.2121955], [73.1543058, 19.2118205], [73.1552499, 19.2098652], [73.1575835, 19.2065167], [73.159225, 19.20523], [73.1590962, 19.2051388], [73.1581521, 19.2052958], [73.158077, 19.2047842], [73.1576049, 19.204926], [73.1572723, 19.2046728], [73.1574855, 19.2030524], [73.1571547, 19.2025467], [73.157814, 19.201967], [73.1576586, 19.200316], [73.1577766, 19.1985429], [73.1594825, 19.1984416], [73.1601691, 19.1958173], [73.15974, 19.1947534], [73.1599545, 19.1925546], [73.1608664, 19.1923724], [73.1611776, 19.1905282], [73.1630229, 19.1888462], [73.1638383, 19.1852592], [73.1669926, 19.1814086], [73.1663703, 19.1779835]]]}, "properties": {"corporation_id": "kdmc", "name": "Kalyan-Dombivli", "acronym": "KDMC", "district": "Thane", "osm_ids": [13184538], "area_sqkm": 116.3}}, {"type": "Feature", "geometry": {"type": "Polygon", "coordinates": [[[73.023697, 19.0025515], [73.0231433, 19.0024675], [73.0226503, 19.0021678], [73.0221497, 19.0019534], [73.0213689, 19.0016262], [73.0212644, 19.0016008], [73.0211531, 19.0016147], [73.0209872, 19.0016575], [73.0208273, 19.0016641], [73.0206687, 19.0016428], [73.0205398, 19.0015916], [73.020425, 19.0014828], [73.0203256, 19.0013534], [73.0202694, 19.0011744], [73.0202631, 19.0011039], [73.020276, 19.0010733], [73.0203118, 19.0010408], [73.0203306, 19.0010174], [73.0203009, 19.0009755], [73.0202554, 19.0009415], [73.0202171, 19.0009228], [73.0201823, 19.0009444], [73.0201597, 19.000993], [73.0201145, 19.0010708], [73.0200642, 19.0011391], [73.0200513, 19.0012192], [73.0203285, 19.0019384], [73.0198852, 19.0020513], [73.0197423, 19.0015686], [73.0189347, 18.9997217], [73.0181389, 18.9991855], [73.0172673, 18.9988668], [73.0169008, 18.9987197], [73.0166924, 18.9987123], [73.0161935, 18.9984536], [73.0158608, 18.9984606], [73.0140419, 18.9984479], [73.0125202, 18.9985616], [73.0118476, 18.9985428], [73.0095202, 18.9988391], [73.0085492, 18.9992703], [73.0086565, 18.9995543], [73.0069721, 19.0004216], [73.0062962, 19.000868], [73.0061567, 19.0011622], [73.0058941, 19.0014419], [73.0057633, 19.0015812], [73.00569, 19.0016592], [73.0049711, 19.0014208], [73.0038983, 19.0013955], [73.0027878, 19.000797], [73.002651, 19.0008274], [73.0026108, 19.0009491], [73.0027664, 19.0021867], [73.002364, 19.002912], [73.0023265, 19.0038808], [73.0021763, 19.0048952], [73.0014574, 19.0062291], [73.001259, 19.0072689], [73.0012375, 19.0088868], [73.001436, 19.01017], [73.0012429, 19.0117524], [73.0012246, 19.0123191], [73.0012033, 19.0127498], [73.0011096, 19.0131081], [73.0009095, 19.0136112], [73.0007051, 19.0142714], [73.0006455, 19.0149879], [73.0004667, 19.0155676], [73.0004284, 19.0159742], [73.0004582, 19.0169483], [73.0007349, 19.0176729], [73.001199, 19.0184055], [73.0018334, 19.0188885], [73.0024168, 19.0190133], [73.002536, 19.0190898], [73.0025062, 19.0192709], [73.0024593, 19.0196533], [73.0023231, 19.0200236], [73.0023103, 19.0203738], [73.002404, 19.0207603], [73.0026509, 19.0212473], [73.0027872, 19.0215573], [73.0029916, 19.0217263], [73.0030775, 19.0219743], [73.0028039, 19.0226159], [73.0028951, 19.0247459], [73.0033457, 19.0264194], [73.003457, 19.0273107], [73.0033162, 19.0276898], [73.0034101, 19.0280625], [73.0038205, 19.0284771], [73.0038471, 19.0285931], [73.0037884, 19.0287055], [73.0035576, 19.0288853], [73.0032129, 19.0289652], [73.002187, 19.0320891], [73.0001807, 19.0394421], [72.9990435, 19.0427281], [72.998507, 19.0448578], [72.9982173, 19.0471295], [72.9981744, 19.047596], [72.9967797, 19.0500908], [72.9947519, 19.0533664], [72.9934913, 19.0557952], [72.9924774, 19.0582949], [72.9919816, 19.0587923], [72.9918659, 19.0589084], [72.9918008, 19.0590386], [72.9915869, 19.0594661], [72.9909486, 19.0598515], [72.9881269, 19.0608858], [72.9864585, 19.0620418], [72.9852194, 19.0625286], [72.9836788, 19.0628808], [72.9831116, 19.0629358], [72.9824815, 19.0629191], [72.9818479, 19.0628556], [72.9811684, 19.062743], [72.9805137, 19.0625936], [72.9784778, 19.0620916], [72.9783949, 19.0623938], [72.9781088, 19.0630595], [72.9778898, 19.0639416], [72.9787016, 19.0641257], [72.9793311, 19.0646059], [72.9793453, 19.0653831], [72.979061, 19.0668991], [72.9796404, 19.0675886], [72.9807025, 19.0679435], [72.9814589, 19.068841], [72.9818988, 19.0693682], [72.9821777, 19.0697434], [72.9825908, 19.0703113], [72.9826283, 19.0707675], [72.9823308, 19.0714531], [72.9825854, 19.0721871], [72.9822957, 19.0725623], [72.9831487, 19.0730186], [72.9839835, 19.0750259], [72.9838432, 19.0754737], [72.9839194, 19.0758198], [72.9845088, 19.0782434], [72.9868665, 19.0793755], [72.9867175, 19.0805036], [72.9866678, 19.0818857], [72.9866971, 19.0820859], [72.9866946, 19.0824484], [72.9865765, 19.0826715], [72.9862761, 19.0831074], [72.9856324, 19.0842836], [72.985214, 19.0857233], [72.9847312, 19.0897891], [72.9845917, 19.0936418], [72.9834223, 19.097023], [72.9828862, 19.0979654], [72.9816466, 19.0991773], [72.9807327, 19.1000403], [72.9805845, 19.1001152], [72.9804182, 19.1001911], [72.980091, 19.1003078], [72.979871, 19.1005105], [72.9791629, 19.1021732], [72.9785369, 19.1056264], [72.978487, 19.1091227], [72.9783797, 19.1137859], [72.9784441, 19.1171718], [72.9787659, 19.1192397], [72.9795384, 19.1205576], [72.9796563, 19.1208701], [72.9800504, 19.122214], [72.9802036, 19.1227674], [72.9794526, 19.1260922], [72.9793185, 19.1289102], [72.9799193, 19.131348], [72.9808009, 19.1328429], [72.9805357, 19.1336143], [72.9803373, 19.1345148], [72.9803646, 19.1350629], [72.9806263, 19.1355173], [72.9804247, 19.1358049], [72.980327, 19.1363856], [72.9804503, 19.1366644], [72.9802968, 19.1373716], [72.9804021, 19.1381036], [72.9806609, 19.1388364], [72.9805738, 19.1393047], [72.9806262, 19.139783], [72.9807415, 19.1401685], [72.9809814, 19.140412], [72.9809975, 19.1407237], [72.9808527, 19.1417086], [72.980908, 19.1421593], [72.9810238, 19.1424247], [72.9812068, 19.1425016], [72.9811728, 19.1426082], [72.9810777, 19.1427805], [72.981046, 19.1430691], [72.9811443, 19.1433065], [72.9813671, 19.1439053], [72.9813149, 19.144123], [72.9812455, 19.144263], [72.9812405, 19.144484], [72.9813194, 19.1447374], [72.9814336, 19.1449039], [72.9814323, 19.1451674], [72.9815385, 19.1455016], [72.9816577, 19.1457548], [72.9816205, 19.1462197], [72.9817675, 19.1468769], [72.9819382, 19.14716], [72.9820027, 19.147282], [72.9819557, 19.147437], [72.9819954, 19.1481683], [72.9824567, 19.1510973], [72.9824567, 19.1528304], [72.9824977, 19.1547931], [72.9824768, 19.1551996], [72.9824674, 19.1555769], [72.9824352, 19.1557011], [72.9823333, 19.1559], [72.9822367, 19.1580954], [72.9821759, 19.1625659], [72.9826122, 19.1648399], [72.9831165, 19.1662029], [72.9829824, 19.16749], [72.9835376, 19.1703244], [72.9841428, 19.1734037], [72.9844277, 19.1743821], [72.9844729, 19.1745374], [72.9845756, 19.1748269], [72.9848278, 19.1759315], [72.9850175, 19.1767671], [72.9855036, 19.1774465], [72.9866946, 19.1787536], [72.9951274, 19.1827259], [72.9962842, 19.1891622], [72.9979499, 19.1894691], [72.9993868, 19.1867993], [73.0036247, 19.1859988], [73.0050731, 19.1875289], [73.0082166, 19.1864447], [73.0102658, 19.1843573], [73.013978, 19.1754501], [73.0141282, 19.1701806], [73.0163383, 19.1529318], [73.0203938, 19.1504588], [73.0269384, 19.1424924], [73.036015, 19.1338567], [73.0358648, 19.1148402], [73.0359077, 19.1105014], [73.0363798, 19.1070546], [73.0391264, 19.1070141], [73.040647, 19.1028131], [73.0414009, 19.1011746], [73.0456495, 19.1037699], [73.0475303, 19.1014982], [73.0476138, 19.0975544], [73.0471086, 19.0923745], [73.0486965, 19.0876701], [73.0461645, 19.0867778], [73.0445337, 19.0786259], [73.0447006, 19.0764572], [73.0436749, 19.0679544], [73.044498, 19.0639961], [73.044668, 19.0632992], [73.0448127, 19.062483], [73.04485, 19.0623447], [73.0450548, 19.0619055], [73.0451534, 19.0616702], [73.0455892, 19.0606305], [73.0463123, 19.0589054], [73.0461562, 19.0568521], [73.0461001, 19.0561146], [73.0454212, 19.0554642], [73.0437838, 19.0538955], [73.0447285, 19.0524592], [73.0479669, 19.0475352], [73.0492959, 19.0435319], [73.0492861, 19.0412422], [73.0492821, 19.040309], [73.0493971, 19.0380598], [73.0497037, 19.0358939], [73.0489617, 19.0334193], [73.0488423, 19.0311767], [73.0488821, 19.0293489], [73.0490977, 19.0270083], [73.0480161, 19.025374], [73.0478736, 19.021999], [73.0471623, 19.020567], [73.0478952, 19.0181669], [73.0463554, 19.0139745], [73.0450783, 19.0110316], [73.0439871, 19.0084765], [73.0431304, 19.0076517], [73.0422556, 19.0071263], [73.0413187, 19.0066874], [73.0342038, 19.0037305], [73.0329687, 19.0031393], [73.0318905, 19.0025352], [73.0311142, 19.0036891], [73.0310012, 19.0036885], [73.0309417, 19.0037211], [73.0309028, 19.0037571], [73.0308435, 19.0038467], [73.0307679, 19.0039093], [73.0306723, 19.0039122], [73.0303873, 19.0038385], [73.0301249, 19.0037565], [73.0299069, 19.003624], [73.02974, 19.0034649], [73.0294248, 19.0030705], [73.0292846, 19.0029124], [73.02893, 19.0025126], [73.0288115, 19.0023866], [73.0287037, 19.0022354], [73.0286147, 19.0021442], [73.0283535, 19.001953], [73.0281498, 19.0018606], [73.0279548, 19.0018494], [73.0277659, 19.0019081], [73.0274874, 19.0020625], [73.027, 19.0023363], [73.0263767, 19.0025672], [73.0264667, 19.0028579], [73.0261945, 19.0029691], [73.0259984, 19.0028462], [73.0257324, 19.002785], [73.024681, 19.0025329], [73.024483, 19.0026543], [73.0242605, 19.0026369], [73.0241434, 19.0026191], [73.023697, 19.0025515]]]}, "properties": {"corporation_id": "nmmc", "name": "Navi Mumbai", "acronym": "NMMC", "district": "Thane", "osm_ids": [13180880], "area_sqkm": 104.6}}, {"type": "Feature", "geometry": {"type": "Polygon", "coordinates": [[[72.9150651, 19.230718], [72.9106378, 19.2353286], [72.9055343, 19.2396691], [72.9055408, 19.2491659], [72.9015827, 19.2499555], [72.8987539, 19.2512679], [72.8948495, 19.2506936], [72.8926448, 19.2516655], [72.8908207, 19.2511393], [72.8872929, 19.2510969], [72.8862754, 19.2520177], [72.8854856, 19.252711], [72.8848471, 19.2532787], [72.8838943, 19.253679], [72.8834231, 19.2537973], [72.8818276, 19.2542582], [72.8813989, 19.2545677], [72.8811214, 19.2548722], [72.8807755, 19.255225], [72.8802656, 19.2557367], [72.8798203, 19.2560878], [72.8795151, 19.2562616], [72.8787731, 19.2567287], [72.8786543, 19.2568068], [72.8783254, 19.2573731], [72.8782317, 19.2575988], [72.8779285, 19.2580991], [72.8776541, 19.2587862], [72.8773009, 19.2592412], [72.8768141, 19.2597215], [72.8761072, 19.2604404], [72.8758872, 19.2605394], [72.8757415, 19.2604458], [72.8753414, 19.2606146], [72.8752063, 19.260679], [72.8750591, 19.2607267], [72.8748556, 19.2606791], [72.8744902, 19.2606138], [72.8740431, 19.2606075], [72.873848, 19.2605825], [72.8738031, 19.2606913], [72.8733292, 19.2608042], [72.8732121, 19.2608472], [72.8726995, 19.2610656], [72.8726417, 19.261133], [72.8724717, 19.2612029], [72.8722669, 19.2611665], [72.8721642, 19.261195], [72.8721556, 19.2611941], [72.8718944, 19.2612444], [72.8718697, 19.2612518], [72.8714607, 19.2611625], [72.8710914, 19.2610987], [72.8710933, 19.2611647], [72.8708005, 19.2612049], [72.870105, 19.2610773], [72.8699802, 19.2609879], [72.8699464, 19.2608198], [72.8699104, 19.2606659], [72.8698514, 19.2606159], [72.8698154, 19.2606111], [72.86969, 19.2606818], [72.8693, 19.2608936], [72.8688528, 19.2611411], [72.8686257, 19.2614159], [72.8681192, 19.2620146], [72.8674863, 19.2626237], [72.867127, 19.2629578], [72.8670854, 19.26301], [72.8660678, 19.2644731], [72.8659344, 19.2646601], [72.8657345, 19.2651714], [72.8661442, 19.2659496], [72.8661856, 19.2665813], [72.8660166, 19.2669612], [72.8655508, 19.2670606], [72.8650022, 19.2669407], [72.8647359, 19.2671717], [72.863792, 19.2674414], [72.8634714, 19.267832], [72.8631849, 19.2683227], [72.8626067, 19.2685064], [72.8622032, 19.2680812], [72.8618978, 19.2677064], [72.8613235, 19.2676355], [72.8602195, 19.2685354], [72.8598807, 19.2686941], [72.8591721, 19.2689766], [72.858087, 19.2694244], [72.856719, 19.2690769], [72.8532493, 19.2673865], [72.8523637, 19.2675557], [72.8512451, 19.2680992], [72.850597, 19.269063], [72.8503883, 19.2693816], [72.8500483, 19.2694771], [72.8498821, 19.2693768], [72.8486357, 19.2685627], [72.8476344, 19.2678557], [72.8470762, 19.2673419], [72.8466454, 19.2672339], [72.8461981, 19.2671073], [72.8461045, 19.2670861], [72.8455619, 19.2669346], [72.8446554, 19.2670814], [72.8441499, 19.2671708], [72.8432537, 19.2672912], [72.8428397, 19.2673733], [72.8424861, 19.26745], [72.841671, 19.2674248], [72.8415339, 19.2674166], [72.8411839, 19.2673148], [72.84097, 19.2672561], [72.8407631, 19.2672064], [72.8404661, 19.2671219], [72.8403791, 19.2670737], [72.8400803, 19.2668887], [72.8398076, 19.2667393], [72.8394364, 19.2665102], [72.8390932, 19.2662415], [72.8390295, 19.2662263], [72.8389162, 19.2661337], [72.8387302, 19.2659733], [72.8386456, 19.2658669], [72.8384325, 19.265581], [72.8381324, 19.2651701], [72.8378212, 19.2647147], [72.8375498, 19.2643701], [72.8373927, 19.2641362], [72.8372475, 19.2638828], [72.8371952, 19.2638001], [72.836956, 19.2633961], [72.8368415, 19.2631121], [72.8366384, 19.2626022], [72.8364424, 19.2619035], [72.8370033, 19.2598217], [72.8378874, 19.2583945], [72.8399697, 19.2554048], [72.8396637, 19.2537592], [72.8385994, 19.2520386], [72.8382966, 19.2517142], [72.8377642, 19.2513117], [72.8366346, 19.250506], [72.8359457, 19.2500224], [72.8352186, 19.2496264], [72.8349639, 19.2495204], [72.8343977, 19.2492845], [72.8332963, 19.2488437], [72.8319446, 19.2483999], [72.8313918, 19.2482053], [72.8311986, 19.2481458], [72.830697, 19.2479598], [72.8304467, 19.2478555], [72.8300698, 19.2476584], [72.829755, 19.2474819], [72.8291765, 19.2471886], [72.8289721, 19.2470636], [72.8288427, 19.2469583], [72.8287176, 19.24683], [72.828421, 19.2464999], [72.8278666, 19.2457587], [72.8276699, 19.2454885], [72.8274368, 19.2452221], [72.8272035, 19.244973], [72.8269664, 19.2450134], [72.8266565, 19.2450529], [72.8258867, 19.2451259], [72.824623, 19.2453831], [72.8241803, 19.2454859], [72.8235229, 19.2456595], [72.8231209, 19.2457844], [72.8227647, 19.2458839], [72.8223129, 19.2459865], [72.8220804, 19.2460226], [72.8210644, 19.2461315], [72.82064, 19.2462302], [72.8197596, 19.2464055], [72.8190253, 19.246535], [72.8189024, 19.2465465], [72.8182271, 19.2466897], [72.8173733, 19.2469172], [72.8166833, 19.2471423], [72.8165185, 19.2472224], [72.816248, 19.2473748], [72.8160094, 19.2475318], [72.8157155, 19.2477314], [72.8153249, 19.2480249], [72.8148335, 19.2483734], [72.8139689, 19.2490674], [72.8133614, 19.2495916], [72.8127312, 19.2501156], [72.8123762, 19.2504614], [72.8120992, 19.2507649], [72.8119041, 19.2510147], [72.811641, 19.2513514], [72.8114239, 19.2515951], [72.8111887, 19.2518386], [72.8109444, 19.2520733], [72.8105438, 19.2524315], [72.8100006, 19.252909], [72.8095951, 19.2532974], [72.8093138, 19.2535749], [72.8088345, 19.2540358], [72.808549, 19.254296], [72.80824, 19.2546077], [72.8078436, 19.2549919], [72.8074616, 19.2553157], [72.8071486, 19.2555928], [72.8069093, 19.2557931], [72.8066612, 19.2559759], [72.8063489, 19.2561925], [72.80589, 19.2564852], [72.8056192, 19.2566634], [72.8048837, 19.257225], [72.8046399, 19.2574295], [72.8044376, 19.2575826], [72.8042679, 19.2576843], [72.8040568, 19.2578243], [72.8038085, 19.2580201], [72.803537, 19.2582459], [72.8033442, 19.2583732], [72.8031421, 19.2585177], [72.8028348, 19.2586998], [72.8026057, 19.2588224], [72.8024188, 19.2588972], [72.8016629, 19.2590609], [72.8010351, 19.2588755], [72.8008065, 19.2588232], [72.8008574, 19.2593298], [72.8008502, 19.2595392], [72.8007862, 19.2599191], [72.8007602, 19.2600706], [72.8006905, 19.2603348], [72.800617, 19.2604946], [72.800891, 19.2610829], [72.8008568, 19.2611692], [72.8005748, 19.2612783], [72.800221, 19.2618718], [72.7999131, 19.2619712], [72.7998405, 19.2619511], [72.7997222, 19.2622689], [72.7994004, 19.2622061], [72.7989755, 19.2622148], [72.798825, 19.2622078], [72.7978697, 19.2622095], [72.7963475, 19.2622184], [72.7961008, 19.2622209], [72.7961021, 19.2622252], [72.7950474, 19.2620758], [72.7946599, 19.2620187], [72.7944313, 19.2619794], [72.7926194, 19.2617699], [72.7926057, 19.2617787], [72.7924946, 19.2617563], [72.7924007, 19.2617446], [72.7923419, 19.2617762], [72.7922952, 19.2617467], [72.7922692, 19.2617733], [72.792068, 19.2617077], [72.7919203, 19.2617], [72.7913211, 19.2615103], [72.7900783, 19.2614865], [72.7899323, 19.2614429], [72.7898601, 19.2614731], [72.7883112, 19.263206], [72.7874129, 19.2635688], [72.787062, 19.2637042], [72.7865911, 19.2638955], [72.7845016, 19.2647592], [72.7843501, 19.2647904], [72.7837151, 19.2648545], [72.7838814, 19.2650039], [72.783994, 19.2650469], [72.7842736, 19.2650622], [72.7844319, 19.2650394], [72.7845982, 19.2650217], [72.7846679, 19.265047], [72.7848094, 19.2651077], [72.7849811, 19.2651381], [72.7851849, 19.2651887], [72.7853888, 19.2652596], [72.7854853, 19.2654318], [72.7854853, 19.2656343], [72.7854531, 19.2659888], [72.7854317, 19.2661812], [72.7853137, 19.2663939], [72.7851527, 19.2664952], [72.7849811, 19.2664851], [72.7848416, 19.2664041], [72.7846377, 19.2663129], [72.784391, 19.2663332], [72.7842301, 19.2665762], [72.7842193, 19.266799], [72.7841013, 19.2670928], [72.7838891, 19.2675088], [72.7837151, 19.2679739], [72.7836078, 19.2683385], [72.7835112, 19.2687132], [72.7833825, 19.2689765], [72.783243, 19.2691487], [72.7831035, 19.2691386], [72.7829641, 19.269017], [72.7826958, 19.2689259], [72.782492, 19.2689867], [72.7822989, 19.2689765], [72.7822023, 19.2690677], [72.7821057, 19.2692399], [72.7818912, 19.2693108], [72.781741, 19.2695032], [72.7815693, 19.2696754], [72.7814513, 19.2698171], [72.781344, 19.2699488], [72.7811723, 19.2700602], [72.7810329, 19.2701108], [72.7810114, 19.2703134], [72.7810758, 19.2705261], [72.7812367, 19.2707185], [72.7813762, 19.2708704], [72.7815264, 19.2708502], [72.7815157, 19.2709413], [72.7815157, 19.2710628], [72.7815157, 19.2712249], [72.7815371, 19.2713667], [72.7815693, 19.271468], [72.7814942, 19.2715794], [72.7813333, 19.2715692], [72.7812904, 19.2716401], [72.7813333, 19.271711], [72.7813011, 19.2717819], [72.7811938, 19.2719136], [72.7809578, 19.272268], [72.7808505, 19.2726124], [72.7807754, 19.2729162], [72.780829, 19.2732099], [72.7807539, 19.2734935], [72.7806574, 19.2737467], [72.7805608, 19.2738378], [72.7803891, 19.2738176], [72.7801531, 19.2737467], [72.7800458, 19.2738378], [72.7801769, 19.274028], [72.7804642, 19.2741112], [72.7806895, 19.2741821], [72.780711, 19.2742834], [72.7806681, 19.2744353], [72.7806359, 19.2746278], [72.7805715, 19.2748809], [72.780432, 19.2754582], [72.7803355, 19.2759139], [72.7802067, 19.2761671], [72.7800565, 19.2764608], [72.7799171, 19.2766431], [72.7798205, 19.276795], [72.7797239, 19.2769469], [72.7795845, 19.2770279], [72.7795094, 19.2770988], [72.7795308, 19.2772204], [72.7795416, 19.2773925], [72.7794557, 19.2772811], [72.7793592, 19.2772204], [72.7792841, 19.277271], [72.7792626, 19.2773723], [72.7793055, 19.2775039], [72.7793913, 19.2776052], [72.7793484, 19.2776963], [72.7792353, 19.2776057], [72.7792197, 19.2777368], [72.7792411, 19.2778989], [72.7792626, 19.2780305], [72.7792948, 19.2781824], [72.779209, 19.2783749], [72.7791982, 19.2785572], [72.7790943, 19.2786032], [72.7789837, 19.2786888], [72.7788334, 19.2787091], [72.7787798, 19.2786179], [72.7786725, 19.2785673], [72.7786189, 19.2786382], [72.7787047, 19.2788002], [72.7788442, 19.2789319], [72.7790158, 19.2789926], [72.7790802, 19.2790939], [72.7791768, 19.2792154], [72.7792519, 19.2793572], [72.7792948, 19.2794483], [72.779445, 19.2795192], [72.779563, 19.27958], [72.7796596, 19.279499], [72.7797669, 19.2794889], [72.7798634, 19.2796104], [72.7800243, 19.2797117], [72.7801102, 19.2795901], [72.7802175, 19.2796306], [72.7803462, 19.279499], [72.7804213, 19.27958], [72.7805179, 19.2796509], [72.7806359, 19.2795294], [72.7807646, 19.2794281], [72.7808612, 19.2792661], [72.781065, 19.2792559], [72.7812229, 19.2792494], [72.7813762, 19.279185], [72.7815908, 19.2792661], [72.781741, 19.2793977], [72.7818697, 19.2794686], [72.7818912, 19.2793066], [72.7819555, 19.2792256], [72.7820736, 19.2791445], [72.7822881, 19.2789622], [72.7825027, 19.2787698], [72.7826422, 19.2788205], [72.7827387, 19.2789217], [72.7828138, 19.2790331], [72.7827602, 19.2791445], [72.7829319, 19.2793876], [72.7831464, 19.2797015], [72.7833266, 19.2800786], [72.7840161, 19.2812511], [72.7840376, 19.281722], [72.7840364, 19.2819949], [72.7839054, 19.2826248], [72.7840108, 19.2840714], [72.784009, 19.2843344], [72.7839947, 19.2849626], [72.7839518, 19.2855955], [72.7838284, 19.2868259], [72.7840805, 19.2878234], [72.7841824, 19.2883449], [72.7843434, 19.2894386], [72.7844721, 19.2903398], [72.7845472, 19.2916917], [72.7845258, 19.29316], [72.7845311, 19.2948866], [72.7844667, 19.2967194], [72.7845579, 19.2991572], [72.7846706, 19.3007166], [72.7844989, 19.3010077], [72.784551, 19.3014992], [72.7844775, 19.3018684], [72.7846599, 19.3022684], [72.784971, 19.3025671], [72.7850193, 19.3031594], [72.7853092, 19.3038587], [72.7855772, 19.3039847], [72.7859205, 19.3040353], [72.7861136, 19.3043087], [72.7861994, 19.3047239], [72.7859031, 19.3050549], [72.7859492, 19.3052249], [72.7858985, 19.3053791], [72.7859632, 19.3056004], [72.786027, 19.3057253], [72.7860531, 19.3058013], [72.7860978, 19.3058316], [72.7861131, 19.305975], [72.7861059, 19.306123], [72.7861684, 19.306131], [72.7861991, 19.3060951], [72.786196, 19.306239], [72.7862533, 19.3063501], [72.7865428, 19.306506], [72.7870095, 19.3067945], [72.7875513, 19.3075793], [72.7879429, 19.3076552], [72.7880663, 19.3078526], [72.7886617, 19.308526], [72.7889621, 19.3086475], [72.7893591, 19.308769], [72.7896327, 19.3090272], [72.7899009, 19.3091436], [72.7902281, 19.3093968], [72.7906144, 19.3094119], [72.7908236, 19.3094474], [72.7911991, 19.3094828], [72.7915692, 19.3097967], [72.7919984, 19.3099081], [72.7924785, 19.3100119], [72.7930069, 19.3096803], [72.7935594, 19.3094499], [72.7936855, 19.3091689], [72.7937686, 19.3091107], [72.793825, 19.3091993], [72.7940044, 19.3090845], [72.7940359, 19.3090665], [72.793825, 19.3087184], [72.7937113, 19.3083178], [72.7939537, 19.3078577], [72.7941871, 19.3074729], [72.7948254, 19.3064376], [72.7952921, 19.306106], [72.7958178, 19.3063592], [72.7967298, 19.3060908], [72.7970624, 19.3058934], [72.7972368, 19.3056199], [72.7976632, 19.3054529], [72.7981889, 19.305463], [72.8023195, 19.3038733], [72.8025341, 19.3036101], [72.8030062, 19.3035797], [72.8034675, 19.3038936], [72.8077161, 19.3034784], [72.8085369, 19.3029519], [72.8086442, 19.3026582], [72.8092691, 19.3025772], [72.8093013, 19.3027494], [72.8094006, 19.3028962], [72.8096795, 19.3029012], [72.8098297, 19.3027595], [72.8099953, 19.3021616], [72.8105485, 19.3023241], [72.8106773, 19.3030126], [72.8107631, 19.3030936], [72.8110689, 19.303043], [72.8123295, 19.3028152], [72.8141642, 19.3029519], [72.8150117, 19.3029468], [72.8154731, 19.3027645], [72.8157252, 19.3028861], [72.8157306, 19.3031848], [72.8155106, 19.3038429], [72.8154677, 19.3040075], [72.8155033, 19.3040366], [72.8155924, 19.3040568], [72.8156917, 19.3039992], [72.8159022, 19.3036531], [72.816267, 19.3034961], [72.8166372, 19.3035847], [72.8172648, 19.3044809], [72.8179514, 19.3050428], [72.8187454, 19.3053517], [72.8202796, 19.3062123], [72.8222161, 19.3074173], [72.8239703, 19.3085817], [72.8253758, 19.3098524], [72.8268886, 19.311113], [72.8278059, 19.31168], [72.8293178, 19.3123002], [72.8296459, 19.3124444], [72.8295869, 19.3127381], [72.8259515, 19.322352], [72.8250512, 19.3259829], [72.8311586, 19.3283351], [72.8394413, 19.3270189], [72.849977, 19.326209], [72.8565001, 19.326452], [72.8608346, 19.3260065], [72.8720784, 19.321896], [72.8760052, 19.3156794], [72.8805005, 19.3107991], [72.8887403, 19.3021722], [72.8957999, 19.2942942], [72.8967762, 19.2936967], [72.9030633, 19.2895044], [72.9082024, 19.2888057], [72.9098654, 19.2887753], [72.9166353, 19.2889373], [72.9232335, 19.2898892], [72.9260659, 19.2892512], [72.9296601, 19.2886335], [72.9306069, 19.2881626], [72.9291987, 19.2867398], [72.9297352, 19.2862943], [72.9275679, 19.2832967], [72.9294777, 19.2823043], [72.931323, 19.2793472], [72.9328679, 19.2754583], [72.9375672, 19.2726429], [72.9372023, 19.2685311], [72.9349707, 19.2696654], [72.9322886, 19.2693817], [72.9288554, 19.2701514], [72.9255723, 19.2692603], [72.9243922, 19.2645203], [72.9226755, 19.2621504], [72.9199934, 19.2622111], [72.9167962, 19.2591525], [72.9146933, 19.2534601], [72.9158734, 19.2506241], [72.9156589, 19.2499758], [72.9112172, 19.2440604], [72.9103803, 19.2439591], [72.9174185, 19.2346803], [72.9150651, 19.230718]]]}, "properties": {"corporation_id": "mbmc", "name": "Mira-Bhayandar", "acronym": "MBMC", "district": "Thane", "osm_ids": [13180677], "area_sqkm": 88.7}}, {"type": "Feature", "geometry": {"type": "Polygon", "coordinates": [[[72.9358515, 19.2881933], [72.933147, 19.286998], [72.9306069, 19.2881626], [72.9296601, 19.2886335], [72.9260659, 19.2892512], [72.9232335, 19.2898892], [72.9166353, 19.2889373], [72.9098654, 19.2887753], [72.9082024, 19.2888057], [72.9030633, 19.2895044], [72.8967762, 19.2936967], [72.8957999, 19.2942942], [72.8887403, 19.3021722], [72.8805005, 19.3107991], [72.8760052, 19.3156794], [72.8720784, 19.321896], [72.8608346, 19.3260065], [72.8565001, 19.326452], [72.849977, 19.326209], [72.8394413, 19.3270189], [72.8311586, 19.3283351], [72.8250512, 19.3259829], [72.8232568, 19.3326909], [72.8221384, 19.3315722], [72.8211835, 19.3307724], [72.8202608, 19.3298182], [72.8197256, 19.3293736], [72.8195447, 19.3292234], [72.8191692, 19.3289653], [72.8190806, 19.3287628], [72.8188741, 19.3285173], [72.8184503, 19.3281199], [72.8175384, 19.3276618], [72.8173399, 19.3274492], [72.8174465, 19.327134], [72.8174606, 19.3270923], [72.8170341, 19.3268772], [72.8167257, 19.3266873], [72.816664, 19.3265026], [72.816267, 19.3263153], [72.8156957, 19.3261229], [72.815178, 19.3259533], [72.8148347, 19.3257989], [72.8138423, 19.3257939], [72.8129786, 19.3257584], [72.81276, 19.3257002], [72.8127319, 19.3255509], [72.8108758, 19.3256066], [72.8084028, 19.3255863], [72.8078449, 19.3256977], [72.8070456, 19.3261229], [72.8063321, 19.3268164], [72.8057086, 19.3275491], [72.8054511, 19.32742], [72.8052043, 19.3278604], [72.8053974, 19.3279642], [72.8051024, 19.328521], [72.8048154, 19.3289766], [72.8043889, 19.329417], [72.8039651, 19.3297359], [72.803548, 19.3299144], [72.8033012, 19.330046], [72.8030586, 19.3297284], [72.8033831, 19.3295461], [72.8039222, 19.329331], [72.8042441, 19.3289463], [72.8043487, 19.3286071], [72.8043111, 19.328149], [72.8040832, 19.3278503], [72.8028896, 19.3276656], [72.8016543, 19.3279908], [72.7991652, 19.3295702], [72.7966761, 19.3319392], [72.7943373, 19.3357457], [72.7918696, 19.3397344], [72.7884149, 19.3433991], [72.786355, 19.3456262], [72.7842092, 19.3472256], [72.7833295, 19.3478127], [72.7819347, 19.3492704], [72.7794456, 19.3504851], [72.7781402, 19.3509209], [72.777214, 19.3519833], [72.7762484, 19.3539269], [72.7753258, 19.3587046], [72.7747035, 19.3595751], [72.7737593, 19.3595346], [72.7731156, 19.3596359], [72.7724504, 19.3601015], [72.7713185, 19.3611744], [72.7709269, 19.3621461], [72.7683949, 19.3655066], [72.7662331, 19.3674955], [72.7646989, 19.3688822], [72.7629393, 19.3701019], [72.7619415, 19.3707952], [72.7612871, 19.3714936], [72.760815, 19.3720958], [72.7599031, 19.3730725], [72.7590877, 19.3740441], [72.758342, 19.3749196], [72.7579665, 19.375618], [72.7578217, 19.376534], [72.7578109, 19.3776119], [72.7577037, 19.3784064], [72.7575964, 19.3791756], [72.7577197, 19.3798942], [72.7578539, 19.3804761], [72.758224, 19.3814173], [72.7583957, 19.3823586], [72.7585566, 19.3830164], [72.759034, 19.3839071], [72.7592701, 19.3845042], [72.7595449, 19.3851761], [72.7599031, 19.3863309], [72.7601123, 19.386928], [72.7603215, 19.3874948], [72.7604771, 19.3880261], [72.7607238, 19.3888054], [72.7609491, 19.3892304], [72.7610457, 19.3896302], [72.761271, 19.3903842], [72.7617431, 19.3909964], [72.7622688, 19.3913405], [72.7628642, 19.3914873], [72.7633524, 19.3916694], [72.7641946, 19.391634], [72.7646511, 19.3918666], [72.7652531, 19.3919611], [72.7660433, 19.3919726], [72.7665857, 19.3919792], [72.7673602, 19.3923746], [72.7676265, 19.392719], [72.7681717, 19.3930576], [72.7691081, 19.393992], [72.7685216, 19.3946911], [72.7681482, 19.3947156], [72.7677865, 19.3946432], [72.7673703, 19.3944676], [72.7669726, 19.394218], [72.7666461, 19.3936277], [72.7664054, 19.3933176], [72.7657825, 19.3930913], [72.765643, 19.3929446], [72.7653748, 19.3929446], [72.7644038, 19.3931267], [72.763925, 19.3935227], [72.7635884, 19.3936327], [72.7629849, 19.394183], [72.762419, 19.3947915], [72.7620327, 19.3955049], [72.7617323, 19.3964613], [72.7616036, 19.3976149], [72.7615446, 19.3991582], [72.7615231, 19.4008786], [72.7616492, 19.4023611], [72.7615982, 19.4046278], [72.7612334, 19.4065935], [72.7605763, 19.4085642], [72.7602974, 19.4101099], [72.7601606, 19.410965], [72.7601981, 19.4120199], [72.7603134, 19.4132873], [72.7602625, 19.4148279], [72.7599969, 19.4157082], [72.7598387, 19.4169047], [72.759769, 19.4174435], [72.7593023, 19.4181493], [72.759144, 19.4186654], [72.7591136, 19.4187724], [72.7590831, 19.4188794], [72.7590454, 19.4190121], [72.7590175, 19.4191104], [72.7589871, 19.4192173], [72.7589587, 19.4193171], [72.7589346, 19.419402], [72.7589111, 19.4194846], [72.7588807, 19.4195914], [72.7588543, 19.4196844], [72.7588191, 19.4198081], [72.7587873, 19.41992], [72.7587667, 19.419996], [72.7587399, 19.4200822], [72.758704, 19.420205], [72.7586699, 19.4203213], [72.7586368, 19.4204346], [72.7582428, 19.4217818], [72.7579424, 19.4228974], [72.7576412, 19.4237923], [72.7574981, 19.4242176], [72.757355, 19.4246428], [72.7570707, 19.4255787], [72.7567917, 19.4264564], [72.756557, 19.4271976], [72.7563223, 19.4279387], [72.7560595, 19.4288025], [72.7557966, 19.4296663], [72.7556497, 19.4301032], [72.7554801, 19.4306073], [72.7553217, 19.4311539], [72.755185, 19.4316014], [72.7549825, 19.4322754], [72.7547022, 19.4329116], [72.7543402, 19.4339461], [72.7541042, 19.4345127], [72.7538681, 19.4350793], [72.7536321, 19.4357709], [72.7532512, 19.4368871], [72.7528703, 19.4380032], [72.7515842, 19.4417659], [72.7512503, 19.4429455], [72.7486874, 19.4497675], [72.7483991, 19.4504407], [72.7480021, 19.4513765], [72.747345, 19.4525917], [72.746669, 19.4539119], [72.7461648, 19.454615], [72.7456337, 19.4554395], [72.7450436, 19.4566534], [72.7447808, 19.4571441], [72.7446145, 19.4575032], [72.7444187, 19.4584376], [72.7441692, 19.4600676], [72.7443007, 19.4605064], [72.744475, 19.4619441], [72.744711, 19.4626218], [72.7447915, 19.4633654], [72.7449846, 19.4643415], [72.7453119, 19.4649737], [72.7456605, 19.4655352], [72.7461487, 19.4661977], [72.7467442, 19.4668704], [72.747286, 19.4674167], [72.748493, 19.4681399], [72.7498877, 19.4688884], [72.7506092, 19.4694435], [72.7518618, 19.47078], [72.7525324, 19.4715589], [72.7530956, 19.4722366], [72.7539808, 19.4733594], [72.7548015, 19.474558], [72.7559702, 19.4762216], [72.7572134, 19.4776908], [72.7580054, 19.4784936], [72.7585589, 19.478903], [72.7591294, 19.4791359], [72.7594871, 19.4791519], [72.7597766, 19.4790877], [72.7597766, 19.4789111], [72.7596914, 19.4787184], [72.759453, 19.4784294], [72.7590953, 19.4781564], [72.7589591, 19.4779236], [72.7590017, 19.4777952], [72.7592827, 19.4776908], [72.760543, 19.4779156], [72.7619651, 19.4782447], [72.7628081, 19.4783812], [72.7632594, 19.4784053], [72.764111, 19.4782046], [72.7651754, 19.4781083], [72.7660014, 19.4781645], [72.7662569, 19.4784133], [72.7665496, 19.4789428], [72.7661739, 19.4985633], [72.7676439, 19.4995251], [72.7685076, 19.5004252], [72.7714044, 19.5002482], [72.7792525, 19.4996717], [72.7847832, 19.4993279], [72.7852929, 19.4999701], [72.786591, 19.500319], [72.7873957, 19.501037], [72.7891767, 19.5014466], [72.7906734, 19.5016893], [72.7919984, 19.502104], [72.7928674, 19.5021647], [72.7962148, 19.5028524], [72.7974915, 19.5033884], [72.7996158, 19.5037727], [72.8015149, 19.5042278], [72.8043473, 19.5045918], [72.8061497, 19.5049863], [72.8102159, 19.5056841], [72.8125441, 19.5064122], [72.8163528, 19.5066751], [72.8207087, 19.5076055], [72.8235626, 19.5078786], [72.829206, 19.5095472], [72.8305685, 19.5114282], [72.8348815, 19.5156856], [72.837199, 19.5188912], [72.8369307, 19.5190378], [72.8399724, 19.5217656], [72.8414959, 19.5226125], [72.8431883, 19.5229184], [72.8446206, 19.5229462], [72.8454414, 19.5231737], [72.8485554, 19.5241596], [72.8501111, 19.5245059], [72.8536731, 19.5252618], [72.8569776, 19.524425], [72.8590482, 19.5239548], [72.8621972, 19.5234366], [72.8657055, 19.5228349], [72.8680658, 19.5230827], [72.8728107, 19.5235959], [72.8745031, 19.5246854], [72.8767455, 19.5261896], [72.878741, 19.5274763], [72.8781601, 19.520637], [72.8788074, 19.5193055], [72.8794223, 19.517789], [72.8795618, 19.5178092], [72.8794545, 19.5181378], [72.879492, 19.5183047], [72.8792775, 19.5190378], [72.8792914, 19.519496], [72.8794532, 19.5195281], [72.8795832, 19.5196193], [72.8797764, 19.5195536], [72.8799319, 19.519417], [72.8801304, 19.5188356], [72.8803879, 19.5181126], [72.8807527, 19.5175716], [72.8808868, 19.5171216], [72.881037, 19.5161154], [72.8815359, 19.5147906], [72.8818148, 19.5139766], [72.8821582, 19.513203], [72.8825229, 19.5128086], [72.8829038, 19.5123333], [72.8832257, 19.5119894], [72.8835744, 19.511595], [72.8839016, 19.5112057], [72.8850281, 19.5102248], [72.8857309, 19.5095674], [72.8864014, 19.5093146], [72.8870664, 19.5091663], [72.8879082, 19.508853], [72.8886027, 19.5086616], [72.8889766, 19.5084501], [72.8891476, 19.5081782], [72.8892972, 19.508148], [72.8894681, 19.5080271], [72.8895749, 19.5080171], [72.8898848, 19.5079063], [72.890216, 19.5078862], [72.8905686, 19.5080674], [72.8907453, 19.5080512], [72.8911581, 19.5076695], [72.8925251, 19.5069131], [72.8931115, 19.5064158], [72.8936226, 19.5060253], [72.8951949, 19.505449], [72.895799, 19.5056642], [72.8965839, 19.5051972], [72.89852, 19.5051809], [72.9001486, 19.5051998], [72.9008351, 19.5045648], [72.9007362, 19.5017318], [72.9001951, 19.5015965], [72.8993892, 19.5009439], [72.8989982, 19.4996523], [72.89873, 19.4993918], [72.8984886, 19.4970722], [72.8997254, 19.4959276], [72.9005463, 19.4954223], [72.9009191, 19.4951891], [72.9012905, 19.4949473], [72.9024593, 19.4944149], [72.9027341, 19.4941605], [72.9043692, 19.4936647], [72.904644, 19.4934104], [72.905733, 19.4931656], [72.9060076, 19.4929114], [72.9084603, 19.4921675], [72.9085971, 19.4920407], [72.9086095, 19.4912622], [72.9088851, 19.490757], [72.9092977, 19.4903752], [72.9106547, 19.4903907], [72.9114756, 19.4898855], [72.9117766, 19.4895281], [72.9121684, 19.4887354], [72.9127179, 19.4882268], [72.9129991, 19.4874578], [72.9138265, 19.4864378], [72.9143892, 19.4848997], [72.9144221, 19.4823257], [72.9134702, 19.4807129], [72.9134702, 19.4708812], [72.910509, 19.4695056], [72.9092216, 19.4555053], [72.9152297, 19.44636], [72.9190921, 19.445065], [72.9219245, 19.4454697], [72.9236411, 19.4414229], [72.9266452, 19.4352716], [72.9279327, 19.4321149], [72.9298209, 19.4296057], [72.9291343, 19.4258014], [72.9319667, 19.4222398], [72.9346274, 19.41884], [72.9401206, 19.4177067], [72.943983, 19.4146306], [72.9460429, 19.4096116], [72.949047, 19.4079926], [72.9543685, 19.4052401], [72.9560851, 19.4029734], [72.9601729, 19.3987231], [72.9595184, 19.3940477], [72.9625439, 19.3855061], [72.9594755, 19.3816198], [72.9572224, 19.3829557], [72.9496908, 19.379211], [72.9496264, 19.3780977], [72.9396915, 19.3769844], [72.9361721, 19.3717216], [72.9196926, 19.3603852], [72.9136419, 19.3515177], [72.9083633, 19.352206], [72.8966045, 19.3439458], [72.8996085, 19.3402204], [72.9024409, 19.3394915], [72.9057883, 19.3422451], [72.9137706, 19.3300967], [72.9197787, 19.3321215], [72.9254436, 19.3377098], [72.9275893, 19.3381957], [72.928791, 19.3328504], [72.9328301, 19.3276401], [72.9285764, 19.3209848], [72.9268598, 19.3087943], [72.930057, 19.3050074], [72.9298854, 19.3030025], [72.9334259, 19.299742], [72.9358935, 19.2960156], [72.9360652, 19.2920461], [72.9358515, 19.2881933]]]}, "properties": {"corporation_id": "vvcmc", "name": "Vasai-Virar", "acronym": "VVCMC", "district": "Palghar", "osm_ids": [13253971], "area_sqkm": 365.0}}, {"type": "Feature", "geometry": {"type": "Polygon", "coordinates": [[[73.0438302, 19.2669995], [73.0434402, 19.2676377], [73.0432452, 19.2687667], [73.0430102, 19.2721542], [73.0422052, 19.2731601], [73.0419192, 19.2736387], [73.0421792, 19.2758967], [73.0417372, 19.2764367], [73.0409441, 19.2758353], [73.0401641, 19.2762526], [73.037876, 19.2767434], [73.036095, 19.2764612], [73.0339629, 19.2770134], [73.0327538, 19.2778233], [73.0324938, 19.2798236], [73.0332479, 19.2818852], [73.0345089, 19.2830755], [73.036316, 19.2830755], [73.0386821, 19.2839099], [73.0421922, 19.2846707], [73.0422832, 19.2849898], [73.0419192, 19.2904012], [73.0420882, 19.2919227], [73.0445973, 19.2930025], [73.0451433, 19.2939535], [73.0450068, 19.2941805], [73.0446363, 19.2942173], [73.0445453, 19.2944872], [73.0448573, 19.294978], [73.0451563, 19.2959106], [73.0447533, 19.2970394], [73.0448573, 19.2971989], [73.0456633, 19.2977511], [73.0450393, 19.300291], [73.0443503, 19.3012848], [73.0432452, 19.3033584], [73.044854, 19.3033768], [73.0458846, 19.3033885], [73.0464693, 19.3033952], [73.0472364, 19.3027695], [73.0484584, 19.3019965], [73.0504345, 19.3021314], [73.0518255, 19.3027817], [73.0529176, 19.3041314], [73.0533726, 19.3062172], [73.0534376, 19.3097507], [73.0541006, 19.3111371], [73.0573117, 19.3122659], [73.0587288, 19.3115911], [73.0600548, 19.3116524], [73.0605619, 19.3122782], [73.0610429, 19.3132965], [73.0616799, 19.3138854], [73.063175, 19.314597], [73.065268, 19.3146215], [73.0670491, 19.3153454], [73.0692072, 19.3153454], [73.0700002, 19.3158852], [73.0718983, 19.3193081], [73.0731463, 19.3194185], [73.0762534, 19.3195412], [73.0789445, 19.3191364], [73.0799904, 19.3195541], [73.0848727, 19.3215041], [73.0882009, 19.3234548], [73.0891239, 19.3223629], [73.091139, 19.3217863], [73.092335, 19.3216391], [73.092725, 19.3206699], [73.0933231, 19.3199829], [73.0945191, 19.3197007], [73.0953251, 19.3198234], [73.0969112, 19.3208539], [73.1009283, 19.3194799], [73.1017344, 19.3195535], [73.1035934, 19.3118242], [73.1020854, 19.3057387], [73.0960532, 19.3010026], [73.0879799, 19.2974689], [73.0879669, 19.2947081], [73.0873038, 19.2918123], [73.0885779, 19.2899717], [73.0885259, 19.2884992], [73.0885129, 19.2874317], [73.0892279, 19.2867322], [73.0893579, 19.2837381], [73.090658, 19.2828055], [73.090983, 19.282057], [73.090515, 19.281333], [73.0911, 19.280928], [73.090983, 19.2803022], [73.0902419, 19.2798604], [73.09045, 19.2787928], [73.0895269, 19.2782774], [73.0895789, 19.2775779], [73.0874208, 19.2766575], [73.0861988, 19.2763753], [73.0855618, 19.2759458], [73.0852498, 19.2746204], [73.0845737, 19.2739594], [73.0845997, 19.2735283], [73.0845087, 19.2728901], [73.0831957, 19.2715893], [73.0825847, 19.2717979], [73.0817916, 19.271172], [73.0790355, 19.2704725], [73.0753954, 19.2719943], [73.0737313, 19.2711352], [73.0719763, 19.2725956], [73.0711312, 19.2722888], [73.0710661, 19.2710731], [73.069607, 19.2700603], [73.069548, 19.268845], [73.0689472, 19.2683689], [73.0683491, 19.2681776], [73.0681151, 19.2691471], [73.0684271, 19.2733196], [73.0681541, 19.2749272], [73.0661911, 19.27505], [73.065463, 19.2746204], [73.064826, 19.2732951], [73.064579, 19.2732337], [73.0621089, 19.2743259], [73.0611209, 19.2736142], [73.0600938, 19.2722888], [73.0600938, 19.2708898], [73.0603148, 19.2688772], [73.0612119, 19.2661282], [73.0574807, 19.2656127], [73.0519685, 19.2645082], [73.0476264, 19.264815], [73.0475484, 19.2656864], [73.0441943, 19.2667786], [73.0438302, 19.2669995]]]}, "properties": {"corporation_id": "bncmc", "name": "Bhiwandi-Nizampur", "acronym": "BNCMC", "district": "Thane", "osm_ids": [13184109], "area_sqkm": 27.2}}, {"type": "Feature", "geometry": {"type": "Polygon", "coordinates": [[[73.1608664, 19.1923724], [73.1599545, 19.1925546], [73.15974, 19.1947534], [73.1601691, 19.1958173], [73.1594825, 19.1984416], [73.1577766, 19.1985429], [73.1576586, 19.200316], [73.157814, 19.201967], [73.1571547, 19.2025467], [73.1574855, 19.2030524], [73.1572723, 19.2046728], [73.1576049, 19.204926], [73.158077, 19.2047842], [73.1581521, 19.2052958], [73.1590962, 19.2051388], [73.159225, 19.20523], [73.1575835, 19.2065167], [73.1552499, 19.2098652], [73.1543058, 19.2118205], [73.1539302, 19.2121955], [73.1529701, 19.2123727], [73.1529968, 19.2139735], [73.1535387, 19.2149561], [73.1532891, 19.2169166], [73.1533535, 19.219971], [73.1530237, 19.2225341], [73.1526267, 19.2238713], [73.1519294, 19.2251984], [73.1512749, 19.2260291], [73.1505239, 19.2267078], [73.1474876, 19.2290176], [73.1477666, 19.2296254], [73.1459963, 19.2310233], [73.1462538, 19.2322086], [73.146522, 19.2331608], [73.1470907, 19.2336065], [73.147434, 19.2351462], [73.1493759, 19.2339408], [73.151586, 19.2373242], [73.152895, 19.2384081], [73.1538391, 19.2401301], [73.1553733, 19.240748], [73.157326, 19.2419838], [73.1578088, 19.2425004], [73.158313, 19.2430676], [73.1586885, 19.2437463], [73.1602711, 19.247955], [73.1619179, 19.2520015], [73.1626904, 19.2533284], [73.1639457, 19.2547971], [73.1645358, 19.2544324], [73.1649812, 19.2548044], [73.165547, 19.2543032], [73.1666628, 19.2530067], [73.1674352, 19.2513861], [73.1681648, 19.2505353], [73.1696668, 19.2501301], [73.1712118, 19.2504138], [73.1735721, 19.2514672], [73.1754175, 19.2524395], [73.1756938, 19.2511912], [73.1757689, 19.2492161], [73.1755757, 19.2469472], [73.1740522, 19.2467649], [73.1738591, 19.2450631], [73.1715095, 19.2448706], [73.1711018, 19.2430474], [73.1712198, 19.2413558], [73.1718421, 19.23934], [73.1717777, 19.2388538], [73.1728291, 19.237233], [73.17402, 19.2357338], [73.1755113, 19.2364834], [73.1750392, 19.2371823], [73.1757474, 19.2380738], [73.1749749, 19.2393906], [73.1752646, 19.2399782], [73.1756508, 19.2396135], [73.1757903, 19.2389348], [73.1760156, 19.2378509], [73.1768095, 19.2370912], [73.1767774, 19.2363213], [73.1778181, 19.2355312], [73.1774211, 19.2349032], [73.1768632, 19.2339307], [73.1771207, 19.2328366], [73.1783008, 19.2318642], [73.1793523, 19.231155], [73.1734943, 19.230993], [73.1718635, 19.2291087], [73.1717133, 19.2276905], [73.1706404, 19.2267585], [73.1705761, 19.225867], [73.1693101, 19.2247122], [73.1690097, 19.2231115], [73.1712627, 19.2217743], [73.1708121, 19.2187148], [73.1719708, 19.214095], [73.1735587, 19.2138924], [73.1742453, 19.2095156], [73.1749105, 19.2085018], [73.1750607, 19.2077122], [73.1757688, 19.205382], [73.1760049, 19.2031935], [73.1766271, 19.2010455], [73.1756186, 19.2009442], [73.1753397, 19.1984517], [73.1760692, 19.1973777], [73.1762731, 19.1969521], [73.1761551, 19.1962531], [73.1757152, 19.1958528], [73.1753343, 19.1961466], [73.1748569, 19.1959946], [73.1743425, 19.1954495], [73.173269, 19.1950777], [73.1729184, 19.1945946], [73.1723571, 19.1938212], [73.1714773, 19.1932437], [73.1707263, 19.1921899], [73.1698519, 19.1917795], [73.1693959, 19.1921443], [73.1695354, 19.192808], [73.1693852, 19.1932893], [73.1689882, 19.1935223], [73.1687844, 19.1934514], [73.1687951, 19.19296], [73.1687576, 19.1922963], [73.1681031, 19.192195], [73.1682908, 19.1912476], [73.1665206, 19.1908929], [73.1651687, 19.1924534], [73.1632161, 19.1918454], [73.162111, 19.1932842], [73.1606572, 19.1938415], [73.1610328, 19.1931576], [73.1615853, 19.1927725], [73.1613815, 19.1923926], [73.1608664, 19.1923724]]]}, "properties": {"corporation_id": "umc", "name": "Ulhasnagar", "acronym": "UMC", "district": "Thane", "osm_ids": [13184432], "area_sqkm": 13.0}}, {"type": "Feature", "geometry": {"type": "Polygon", "coordinates": [[[73.1323171, 19.1055846], [73.1325424, 19.103851], [73.1316626, 19.101499], [73.1314158, 19.098052], [73.1304395, 19.095852], [73.1308794, 19.0939763], [73.1308579, 19.0913707], [73.130461, 19.0906306], [73.1297314, 19.0890084], [73.1295597, 19.0870313], [73.1278646, 19.0849426], [73.1281865, 19.083442], [73.1291199, 19.0827424], [73.1307185, 19.0816575], [73.1319094, 19.0823876], [73.1339586, 19.0801569], [73.1346881, 19.08111], [73.1365549, 19.0803191], [73.1379497, 19.0801569], [73.1378639, 19.0793457], [73.1389475, 19.0783521], [73.140825, 19.077186], [73.1446337, 19.0769224], [73.1456423, 19.0767804], [73.1485605, 19.0753406], [73.1489038, 19.073049], [73.1473589, 19.0710008], [73.1469726, 19.068993], [73.145256, 19.0682629], [73.1443548, 19.0686686], [73.1428528, 19.0693784], [73.1417155, 19.0690742], [73.1398272, 19.0691553], [73.1366086, 19.0675734], [73.1350422, 19.066458], [73.1335509, 19.0658597], [73.1317055, 19.0658191], [73.1297743, 19.0654135], [73.127532, 19.0642068], [73.127532, 19.0635984], [73.1269526, 19.0626249], [73.1274039, 19.0618158], [73.1271894, 19.061765], [73.1269962, 19.0616332], [73.1269319, 19.0614913], [73.1268997, 19.0612783], [73.1268997, 19.0610958], [73.1268675, 19.0608727], [73.126846, 19.0606293], [73.1267602, 19.0603656], [73.1267066, 19.060031], [73.1266529, 19.0597572], [73.1266315, 19.0595037], [73.1266315, 19.0592907], [73.1265778, 19.0590474], [73.1265134, 19.0588141], [73.1263954, 19.0586722], [73.1262452, 19.0585099], [73.126095, 19.0584186], [73.1258375, 19.0582462], [73.1255478, 19.0581854], [73.1253547, 19.0582361], [73.1252045, 19.0582665], [73.1250114, 19.0584186], [73.1248183, 19.0585606], [73.1247325, 19.0586215], [73.1246574, 19.0587736], [73.124475, 19.0589155], [73.1243033, 19.0590271], [73.124196, 19.0590778], [73.1241531, 19.0591589], [73.1240029, 19.0592299], [73.1238205, 19.0593009], [73.1236274, 19.059311], [73.1234879, 19.0592907], [73.1233699, 19.0591995], [73.1232626, 19.0591995], [73.1231446, 19.0591995], [73.1230373, 19.0590879], [73.1229086, 19.0590575], [73.1227047, 19.058946], [73.1225009, 19.0588445], [73.1224258, 19.0587837], [73.1223614, 19.0586113], [73.1224043, 19.0584085], [73.1225009, 19.0582767], [73.1226511, 19.0582057], [73.1227476, 19.0580738], [73.1228978, 19.0578913], [73.1229944, 19.0576784], [73.1231768, 19.057293], [73.1231875, 19.0569786], [73.1232411, 19.056644], [73.1231768, 19.0564108], [73.1231017, 19.0563195], [73.1230802, 19.0561268], [73.1230051, 19.0559443], [73.1228013, 19.0555589], [73.1226618, 19.0553155], [73.1225545, 19.0551736], [73.1225009, 19.0549302], [73.1225652, 19.0546868], [73.1226189, 19.0545448], [73.1226403, 19.0543623], [73.1226511, 19.0539566], [73.1226832, 19.0533989], [73.1226618, 19.0531352], [73.1225545, 19.0529932], [73.1224258, 19.0529121], [73.1222326, 19.0528006], [73.1220824, 19.0526687], [73.1218571, 19.0525572], [73.1215353, 19.0524152], [73.121267, 19.0523037], [73.1210096, 19.0522124], [73.120795, 19.0521617], [73.1205804, 19.0520805], [73.1204624, 19.0520805], [73.1203551, 19.0520501], [73.120162, 19.0520096], [73.1200647, 19.0516221], [73.1203797, 19.0513751], [73.1208801, 19.0509528], [73.1214702, 19.0503646], [73.1221247, 19.0489144], [73.1227684, 19.0474743], [73.123219, 19.0462371], [73.1233692, 19.045446], [73.123219, 19.0437524], [73.1229079, 19.0426977], [73.1223071, 19.0418153], [73.1220817, 19.0414401], [73.1222749, 19.0409229], [73.1232834, 19.0410344], [73.1247532, 19.0412575], [73.1294095, 19.0401622], [73.1293881, 19.0393407], [73.1295383, 19.0371805], [73.1305039, 19.0365922], [73.1310511, 19.0342697], [73.1354499, 19.0304967], [73.1365013, 19.0286812], [73.1387865, 19.0264296], [73.1386256, 19.0261151], [73.1349242, 19.0249183], [73.1302464, 19.0241069], [73.1276393, 19.023904], [73.1243563, 19.0234273], [73.1232726, 19.0224739], [73.1225967, 19.0211857], [73.1224036, 19.0200395], [73.1225002, 19.0189441], [73.1224573, 19.0159417], [73.1218672, 19.0146433], [73.1207943, 19.0125842], [73.1204188, 19.0113061], [73.1202578, 19.0108294], [73.1202793, 19.0097237], [73.1210303, 19.008192], [73.1205475, 19.0079993], [73.1197858, 19.0078471], [73.118906, 19.0065385], [73.1177902, 19.006427], [73.1167066, 19.007066], [73.1162023, 19.0075529], [73.1157732, 19.007066], [73.1158161, 19.0066197], [73.1164491, 19.0056053], [73.1169748, 19.0054126], [73.1190348, 19.0042866], [73.1202471, 19.0047126], [73.1206548, 19.0050879], [73.1211698, 19.0057473], [73.12235, 19.0061023], [73.1226075, 19.0058285], [73.1231117, 19.0057169], [73.1241739, 19.0056459], [73.1255257, 19.005727], [73.1259441, 19.0055647], [73.1260085, 19.0051184], [73.1256866, 19.0039721], [73.1260621, 19.002907], [73.1268775, 19.0030287], [73.1286371, 19.003049], [73.1284225, 19.0012433], [73.1278753, 19.0013549], [73.1272638, 19.000797], [73.1269848, 19.0000869], [73.1272209, 18.999255], [73.1293291, 18.9944998], [73.1290448, 18.9942715], [73.1288785, 18.9941371], [73.1287551, 18.9940014], [73.1285968, 18.9936908], [73.1283904, 18.993271], [73.128326, 18.9929261], [73.1284118, 18.9922971], [73.1286049, 18.9918305], [73.1289268, 18.9913638], [73.129313, 18.9910189], [73.1296134, 18.9906131], [73.1300699, 18.9901116], [73.1307994, 18.9891884], [73.1306063, 18.9885695], [73.130402, 18.9882861], [73.1299835, 18.9880223], [73.1287685, 18.9874821], [73.1280958, 18.9870782], [73.1270551, 18.9864289], [73.1268056, 18.9862882], [73.1286693, 18.9845857], [73.1312871, 18.9841393], [73.1312871, 18.9835711], [73.1307936, 18.9795738], [73.131845, 18.9785796], [73.1325102, 18.9755967], [73.1325639, 18.9745428], [73.1317378, 18.9741167], [73.1311048, 18.9739848], [73.1303645, 18.9738529], [73.1299139, 18.9736703], [73.1293989, 18.9731833], [73.1288839, 18.9726151], [73.1286264, 18.9724528], [73.127929, 18.9723006], [73.1271565, 18.9721585], [73.1265557, 18.9720063], [73.1259227, 18.9716512], [73.1254292, 18.9713164], [73.1253112, 18.97087], [73.1256331, 18.9702511], [73.1258905, 18.9695408], [73.125794, 18.9689016], [73.1255472, 18.9685871], [73.124956, 18.968449], [73.1243746, 18.9686091], [73.1238274, 18.968741], [73.1234627, 18.9688729], [73.1230228, 18.968883], [73.1226719, 18.9688703], [73.1224037, 18.9687181], [73.122157, 18.968708], [73.1217278, 18.9687384], [73.1215132, 18.9688805], [73.1212236, 18.9690834], [73.1211345, 18.9692686], [73.120877, 18.9694208], [73.1204157, 18.9695628], [73.1196754, 18.9697759], [73.119228, 18.9697733], [73.1188385, 18.969786], [73.1185306, 18.9698545], [73.1182409, 18.9700371], [73.1180049, 18.9702299], [73.1178193, 18.9704962], [73.1177993, 18.9705524], [73.1176938, 18.9708488], [73.1175377, 18.9710923], [73.1171359, 18.9714271], [73.1167786, 18.9717645], [73.1162025, 18.9721374], [73.1155126, 18.9726371], [73.114944, 18.9730936], [73.1145717, 18.9735578], [73.1139172, 18.9741762], [73.1133883, 18.9748793], [73.1127907, 18.9756981], [73.1127855, 18.9760959], [73.1125546, 18.9761256], [73.1125604, 18.9769328], [73.1113101, 18.9776068], [73.1100226, 18.9787229], [73.1091428, 18.9796157], [73.1086922, 18.9799403], [73.1081584, 18.9803532], [73.1075979, 18.9810563], [73.1072546, 18.981523], [73.1067764, 18.9829136], [73.1065017, 18.983185], [73.1060906, 18.9836791], [73.1059438, 18.9846053], [73.1053971, 18.9852168], [73.1050425, 18.9856604], [73.1046617, 18.986117], [73.1045061, 18.9871214], [73.1041896, 18.9881764], [73.1042164, 18.9882931], [73.1040823, 18.9883895], [73.1035834, 18.9885822], [73.1028968, 18.988704], [73.1023657, 18.9887598], [73.1005302, 18.9890216], [73.0999309, 18.9891786], [73.0996781, 18.9897591], [73.0990344, 18.990246], [73.0987769, 18.9905706], [73.0983263, 18.9906518], [73.0977898, 18.9912605], [73.0976826, 18.9915243], [73.0971998, 18.9920841], [73.0965942, 18.992579], [73.0958903, 18.9932758], [73.0938749, 18.9954414], [73.0935198, 18.995785], [73.093392, 18.9959056], [73.092055, 18.997247], [73.0913865, 18.9977583], [73.0909054, 18.9984588], [73.0909139, 18.9985795], [73.090948, 18.9987204], [73.0908884, 18.9988332], [73.090799, 18.9989459], [73.0905988, 18.9992076], [73.0900922, 18.9996182], [73.0891555, 19.0002261], [73.0886445, 19.0006206], [73.0886786, 19.0009145], [73.0884572, 19.0011721], [73.0881719, 19.0013815], [73.0876056, 19.0018002], [73.0873246, 19.0021222], [73.0869802, 19.0026964], [73.086554, 19.0035111], [73.086273, 19.0040586], [73.0860608, 19.004736], [73.0858027, 19.0052147], [73.085395, 19.0057219], [73.0850553, 19.0063129], [73.0844166, 19.006945], [73.0841611, 19.0071422], [73.0833564, 19.0073354], [73.0828522, 19.0076796], [73.082143, 19.0078386], [73.081764, 19.0079554], [73.0815043, 19.0079272], [73.0811637, 19.0078145], [73.0807507, 19.0076535], [73.0801461, 19.0074321], [73.0794946, 19.0070818], [73.0792477, 19.0070053], [73.0788547, 19.0067404], [73.0784555, 19.0064668], [73.0781761, 19.0065329], [73.0778725, 19.0064619], [73.0777703, 19.0063411], [73.0776483, 19.0060567], [73.0774927, 19.0058234], [73.0771977, 19.0056256], [73.0768921, 19.0054965], [73.0766934, 19.0054126], [73.076055, 19.005372], [73.0749607, 19.0053111], [73.0742311, 19.0052553], [73.073405, 19.0052097], [73.072257, 19.0051437], [73.0711466, 19.0051437], [73.07024, 19.005159], [73.0690813, 19.005306], [73.0681586, 19.0055698], [73.067531, 19.0057372], [73.0670911, 19.0058335], [73.0666459, 19.0059908], [73.0662757, 19.0061632], [73.065986, 19.0062799], [73.0658197, 19.0063813], [73.0656642, 19.0064675], [73.0654818, 19.0066248], [73.065117, 19.0069139], [73.0647469, 19.0071675], [73.0643499, 19.0075276], [73.0641568, 19.0079485], [73.0638242, 19.0089325], [73.0636954, 19.0094295], [73.0636686, 19.0098302], [73.063556, 19.0102816], [73.0634808, 19.0109511], [73.0634808, 19.011367], [73.0634916, 19.0117321], [73.0634272, 19.012427], [73.0632663, 19.0132029], [73.063159, 19.0136848], [73.0629551, 19.0140956], [73.0628103, 19.0144506], [73.0626225, 19.0149476], [73.0624831, 19.015328], [73.062408, 19.0155258], [73.0622739, 19.0157439], [73.0621451, 19.0159569], [73.0619574, 19.0161547], [73.0617106, 19.016322], [73.0614906, 19.0165807], [73.0612385, 19.0169306], [73.0610239, 19.0172552], [73.0608094, 19.0175291], [73.060627, 19.0176965], [73.0604339, 19.0178588], [73.0602997, 19.0179754], [73.0600744, 19.0181478], [73.059833, 19.0182898], [73.0596185, 19.0184724], [73.0594361, 19.0186398], [73.0594253, 19.0187361], [73.0594307, 19.0188731], [73.0597794, 19.0190455], [73.0599511, 19.0191216], [73.0602354, 19.0192129], [73.060348, 19.0197352], [73.0594683, 19.0210741], [73.0578789, 19.0219979], [73.0568719, 19.0217486], [73.0562013, 19.0214925], [73.0557239, 19.0213074], [73.0554872, 19.0212333], [73.0552787, 19.0211679], [73.0551982, 19.0210437], [73.0548455, 19.0209246], [73.0545974, 19.0208408], [73.0545254, 19.0208134], [73.0544582, 19.0207878], [73.0542272, 19.020671], [73.0536586, 19.0204174], [73.0535835, 19.0204427], [73.0533823, 19.0208535], [73.0532724, 19.0209017], [73.0531329, 19.0208763], [73.0530551, 19.0208966], [73.0531892, 19.0202728], [73.0527815, 19.0200598], [73.0525562, 19.0200066], [73.0524704, 19.0200421], [73.0519849, 19.0198975], [73.0519071, 19.0199685], [73.0517784, 19.0199203], [73.0517113, 19.0197936], [73.0516013, 19.0196363], [73.0514109, 19.0195374], [73.0512929, 19.0195222], [73.0509772, 19.0193846], [73.0506009, 19.0192205], [73.0503919, 19.019141], [73.0500805, 19.0190227], [73.0499545, 19.0190506], [73.0496782, 19.0189491], [73.0489379, 19.0186525], [73.0485436, 19.0185003], [73.0482405, 19.0183355], [73.0479864, 19.0182024], [73.0478952, 19.0181669], [73.0471623, 19.020567], [73.0478736, 19.021999], [73.0480161, 19.025374], [73.0490977, 19.0270083], [73.0488821, 19.0293489], [73.0488423, 19.0311767], [73.0489617, 19.0334193], [73.0497037, 19.0358939], [73.0493971, 19.0380598], [73.0492821, 19.040309], [73.0492861, 19.0412422], [73.0492959, 19.0435319], [73.0479669, 19.0475352], [73.0447285, 19.0524592], [73.0437838, 19.0538955], [73.0454212, 19.0554642], [73.0461001, 19.0561146], [73.0461562, 19.0568521], [73.0463123, 19.0589054], [73.0455892, 19.0606305], [73.0451534, 19.0616702], [73.0450548, 19.0619055], [73.04485, 19.0623447], [73.0448127, 19.062483], [73.044668, 19.0632992], [73.044498, 19.0639961], [73.0436749, 19.0679544], [73.0447006, 19.0764572], [73.0445337, 19.0786259], [73.0461645, 19.0867778], [73.0486965, 19.0876701], [73.0471086, 19.0923745], [73.0476138, 19.0975544], [73.0475303, 19.1014982], [73.0542969, 19.101134], [73.0588949, 19.1022041], [73.0618071, 19.1044593], [73.0635237, 19.1069329], [73.065034, 19.1079531], [73.0677839, 19.1104371], [73.0702615, 19.1103595], [73.070476, 19.1109475], [73.0729866, 19.1102581], [73.073797, 19.1094522], [73.0771923, 19.1094471], [73.0804968, 19.113198], [73.0812263, 19.1133196], [73.0843806, 19.1106231], [73.0861062, 19.1120106], [73.0862045, 19.1138468], [73.086977, 19.1146172], [73.089494, 19.1132954], [73.092277, 19.1130763], [73.0930447, 19.113707], [73.0956888, 19.1131574], [73.0966043, 19.1134443], [73.098886, 19.1123667], [73.0998879, 19.1090267], [73.1005597, 19.1086564], [73.1012463, 19.1070343], [73.1011371, 19.1049234], [73.1020617, 19.1044796], [73.1062812, 19.1068563], [73.1083488, 19.1070546], [73.1085505, 19.1082225], [73.1128976, 19.1088755], [73.1166837, 19.1082635], [73.117404, 19.1054528], [73.1195068, 19.1043377], [73.1219959, 19.1070749], [73.1251507, 19.1073111], [73.1298744, 19.1055137], [73.1323171, 19.1055846]]]}, "properties": {"corporation_id": "pmc", "name": "Panvel", "acronym": "PMC", "district": "Raigad", "osm_ids": [13182526], "area_sqkm": 107.1}}]}