{"type": "FeatureCollection", "features": [{"type": "Feature", "properties": {"drain_type": "Side Drain", "material": "Concrete Wall", "status": "Bad", "ward": "N082", "zone": "N07", "source": "Greater Chennai Corporation", "year": "2024", "shedId": "KOSAS"}, "geometry": {"type": "LineString", "coordinates": [[80.16058, 13.11476], [80.15838, 13.11459]]}}, {"type": "Feature", "properties": {"drain_type": "Side Drain", "material": "Concrete Wall", "status": "Bad", "ward": "N082", "zone": "N07", "source": "Greater Chennai Corporation", "year": "2024", "shedId": "KOSAS"}, "geometry": {"type": "LineString", "coordinates": [[80.15838, 13.11459], [80.15876, 13.11571]]}}, {"type": "Feature", "properties": {"drain_type": "Side Drain", "material": "Concrete Wall", "status": "Bad", "ward": "N082", "zone": "N07", "source": "Greater Chennai Corporation", "year": "2024", "shedId": "KOSAS"}, "geometry": {"type": "LineString", "coordinates": [[80.16058, 13.11476], [80.16062, 13.11544], [80.15884, 13.11583], [80.15886, 13.11597]]}}, {"type": "Feature", "properties": {"drain_type": "SWD", "material": "Concrete Wall", "status": "Good", "ward": "N082", "zone": "N07", "source": "Greater Chennai Corporation", "year": "2024", "shedId": "KOSAS"}, "geometry": {"type": "LineString", "coordinates": [[80.16061, 13.11491], [80.16074, 13.11656], [80.16113, 13.11835], [80.16106, 13.11917], [80.1608, 13.11944], [80.16076, 13.12078]]}}, {"type": "Feature", "properties": {"drain_type": "Side Drain", "material": "Concrete Wall", "status": "Bad", "ward": "N082", "zone": "N07", "source": "Greater Chennai Corporation", "year": "2024", "shedId": "KOSAS"}, "geometry": {"type": "LineString", "coordinates": [[80.16082, 13.12022], [80.16075, 13.12111]]}}, {"type": "Feature", "properties": {"drain_type": "Side Drain", "material": "Concrete Wall", "status": "Good", "ward": "N082", "zone": "N07", "source": "Greater Chennai Corporation", "year": "2024", "shedId": "KOSAS"}, "geometry": {"type": "LineString", "coordinates": [[80.16084, 13.12016], [80.16119, 13.1201], [80.16143, 13.12099]]}}, {"type": "Feature", "properties": {"drain_type": "Side Drain", "material": "Concrete Wall", "status": "Good", "ward": "N082", "zone": "N07", "source": "Greater Chennai Corporation", "year": "2024", "shedId": "KOSAS"}, "geometry": {"type": "LineString", "coordinates": [[80.16089, 13.11936], [80.16125, 13.11984]]}}, {"type": "Feature", "properties": {"drain_type": "Side Drain", "material": "Concrete Wall", "status": "Good", "ward": "N082", "zone": "N07", "source": "Greater Chennai Corporation", "year": "2024", "shedId": "KOSAS"}, "geometry": {"type": "LineString", "coordinates": [[80.16113, 13.1184], [80.1617, 13.11831]]}}, {"type": "Feature", "properties": {"drain_type": "Side Drain", "material": "Concrete Wall", "status": "Good", "ward": "N082", "zone": "N07", "source": "Greater Chennai Corporation", "year": "2024", "shedId": "KOSAS"}, "geometry": {"type": "LineString", "coordinates": [[80.16092, 13.11727], [80.16392, 13.11612]]}}, {"type": "Feature", "properties": {"drain_type": "Side Drain", "material": "Concrete Wall", "status": "Good", "ward": "N082", "zone": "N07", "source": "Greater Chennai Corporation", "year": "2024", "shedId": "KOSAS"}, "geometry": {"type": "LineString", "coordinates": [[80.1589, 13.11625], [80.16068, 13.11599]]}}, {"type": "Feature", "properties": {"drain_type": "Side Drain", "material": "Concrete Wall", "status": "Good", "ward": "N082", "zone": "N07", "source": "Greater Chennai Corporation", "year": "2024", "shedId": "KOSAS"}, "geometry": {"type": "LineString", "coordinates": [[80.16068, 13.11599], [80.16381, 13.11508], [80.16381, 13.11494]]}}, {"type": "Feature", "properties": {"drain_type": "Side Drain", "material": "Concrete Wall", "status": "Good", "ward": "N082", "zone": "N07", "source": "Greater Chennai Corporation", "year": "2024", "shedId": "KOSAS"}, "geometry": {"type": "LineString", "coordinates": [[80.16156, 13.1151], [80.16175, 13.11562]]}}, {"type": "Feature", "properties": {"drain_type": "Side Drain", "material": "Concrete Wall", "status": "Good", "ward": "N082", "zone": "N07", "source": "Greater Chennai Corporation", "year": "2024", "shedId": "KOSAS"}, "geometry": {"type": "LineString", "coordinates": [[80.1617, 13.11565], [80.16137, 13.11471]]}}, {"type": "Feature", "properties": {"drain_type": "Side Drain", "material": "Concrete Wall", "status": "Good", "ward": "N082", "zone": "N07", "source": "Greater Chennai Corporation", "year": "2024", "shedId": "KOSAS"}, "geometry": {"type": "LineString", "coordinates": [[80.16299, 13.11528], [80.16122, 13.11595], [80.15894, 13.11636]]}}, {"type": "Feature", "properties": {"drain_type": "Side Drain", "material": "Concrete Wall", "status": "Good", "ward": "N082", "zone": "N07", "source": "Greater Chennai Corporation", "year": "2024", "shedId": "KOSAS"}, "geometry": {"type": "LineString", "coordinates": [[80.15894, 13.11636], [80.1589, 13.11647], [80.15928, 13.11816]]}}, {"type": "Feature", "properties": {"drain_type": "Side Drain", "material": "Concrete Wall", "status": "Good", "ward": "N082", "zone": "N07", "source": "Greater Chennai Corporation", "year": "2024", "shedId": "KOSAS"}, "geometry": {"type": "LineString", "coordinates": [[80.15858, 13.11835], [80.15928, 13.11816], [80.1611, 13.1179]]}}, {"type": "Feature", "properties": {"drain_type": "Side Drain", "material": "Concrete Wall", "status": "Good", "ward": "N082", "zone": "N07", "source": "Greater Chennai Corporation", "year": "2024", "shedId": "KOSAS"}, "geometry": {"type": "LineString", "coordinates": [[80.15857, 13.1185], [80.15926, 13.11822], [80.16102, 13.11791]]}}, {"type": "Feature", "properties": {"drain_type": "Side Drain", "material": "Concrete Wall", "status": "Good", "ward": "N082", "zone": "N07", "source": "Greater Chennai Corporation", "year": "2024", "shedId": "KOSAS"}, "geometry": {"type": "LineString", "coordinates": [[80.15935, 13.118], [80.15894, 13.11636]]}}, {"type": "Feature", "properties": {"drain_type": "Side Drain", "material": "Concrete Wall", "status": "Good", "ward": "N082", "zone": "N07", "source": "Greater Chennai Corporation", "year": "2024", "shedId": "KOSAS"}, "geometry": {"type": "LineString", "coordinates": [[80.15982, 13.11808], [80.15966, 13.1169]]}}, {"type": "Feature", "properties": {"drain_type": "Side Drain", "material": "Concrete Wall", "status": "Good", "ward": "N082", "zone": "N07", "source": "Greater Chennai Corporation", "year": "2024", "shedId": "KOSAS"}, "geometry": {"type": "LineString", "coordinates": [[80.16078, 13.11675], [80.15908, 13.11698]]}}, {"type": "Feature", "properties": {"drain_type": "Side Drain", "material": "Concrete Wall", "status": "Bad", "ward": "N082", "zone": "N07", "source": "Greater Chennai Corporation", "year": "2024", "shedId": "KOSAS"}, "geometry": {"type": "LineString", "coordinates": [[80.15928, 13.1178], [80.16099, 13.11755]]}}, {"type": "Feature", "properties": {"drain_type": "Side Drain", "material": "Concrete Wall", "status": "Bad", "ward": "N082", "zone": "N07", "source": "Greater Chennai Corporation", "year": "2024", "shedId": "KOSAS"}, "geometry": {"type": "LineString", "coordinates": [[80.15926, 13.11774], [80.16097, 13.11748]]}}, {"type": "Feature", "properties": {"drain_type": "Side Drain", "material": "Concrete Wall", "status": "Good", "ward": "N082", "zone": "N07", "source": "Greater Chennai Corporation", "year": "2024", "shedId": "KOSAS"}, "geometry": {"type": "LineString", "coordinates": [[80.15992, 13.11806], [80.15975, 13.11689]]}}, {"type": "Feature", "properties": {"drain_type": "Side Drain", "material": "Concrete Wall", "status": "Bad", "ward": "N082", "zone": "N07", "source": "Greater Chennai Corporation", "year": "2024", "shedId": "KOSAS"}, "geometry": {"type": "LineString", "coordinates": [[80.15906, 13.11692], [80.15907, 13.11692], [80.15948, 13.11686]]}}, {"type": "Feature", "properties": {"drain_type": "Side Drain", "material": "Concrete Wall", "status": "Good", "ward": "N082", "zone": "N07", "source": "Greater Chennai Corporation", "year": "2024", "shedId": "KOSAS"}, "geometry": {"type": "LineString", "coordinates": [[80.15948, 13.11686], [80.1594, 13.11629], [80.15939, 13.11628]]}}, {"type": "Feature", "properties": {"drain_type": "Side Drain", "material": "Concrete Wall", "status": "Good", "ward": "N082", "zone": "N07", "source": "Greater Chennai Corporation", "year": "2024", "shedId": "KOSAS"}, "geometry": {"type": "LineString", "coordinates": [[80.16034, 13.11674], [80.16016, 13.11615]]}}, {"type": "Feature", "properties": {"drain_type": "Side Drain", "material": "Concrete Wall", "status": "Good", "ward": "N082", "zone": "N07", "source": "Greater Chennai Corporation", "year": "2024", "shedId": "KOSAS"}, "geometry": {"type": "LineString", "coordinates": [[80.15916, 13.11733], [80.16085, 13.11709]]}}, {"type": "Feature", "properties": {"drain_type": "Side Drain", "material": "Concrete Wall", "status": "Good", "ward": "N082", "zone": "N07", "source": "Greater Chennai Corporation", "year": "2024", "shedId": "KOSAS"}, "geometry": {"type": "LineString", "coordinates": [[80.15918, 13.11739], [80.16087, 13.11715]]}}, {"type": "Feature", "properties": {"drain_type": "Side Drain", "material": "Concrete Wall", "status": "Good", "ward": "N082", "zone": "N07", "source": "Greater Chennai Corporation", "year": "2024", "shedId": "KOSAS"}, "geometry": {"type": "LineString", "coordinates": [[80.1606, 13.11608], [80.16069, 13.11669], [80.16102, 13.11791]]}}, {"type": "Feature", "properties": {"drain_type": "Side Drain", "material": "Concrete Wall", "status": "Good", "ward": "N082", "zone": "N07", "source": "Greater Chennai Corporation", "year": "2024", "shedId": "KOSAS"}, "geometry": {"type": "LineString", "coordinates": [[80.16602, 13.11586], [80.16632, 13.1201]]}}, {"type": "Feature", "properties": {"drain_type": "Side Drain", "material": "Concrete Wall", "status": "Bad", "ward": "N082", "zone": "N07", "source": "Greater Chennai Corporation", "year": "2024", "shedId": "KOSAS"}, "geometry": {"type": "LineString", "coordinates": [[80.16573, 13.11847], [80.16583, 13.12013]]}}, {"type": "Feature", "properties": {"drain_type": "SWD", "material": "Concrete Wall", "status": "Good", "ward": "N082", "zone": "N07", "source": "Greater Chennai Corporation", "year": "2024", "shedId": "KOSAS"}, "geometry": {"type": "LineString", "coordinates": [[80.16583, 13.12013], [80.16637, 13.12011], [80.16835, 13.12081], [80.16777, 13.1218], [80.16737, 13.12194]]}}, {"type": "Feature", "properties": {"drain_type": "Side Drain", "material": "Concrete Wall", "status": "Bad", "ward": "N082", "zone": "N07", "source": "Greater Chennai Corporation", "year": "2024", "shedId": "KOSAS"}, "geometry": {"type": "LineString", "coordinates": [[80.16728, 13.1218], [80.16636, 13.12166], [80.16626, 13.12157]]}}, {"type": "Feature", "properties": {"drain_type": "Side Drain", "material": "Concrete Wall", "status": "Good", "ward": "N082", "zone": "N07", "source": "Greater Chennai Corporation", "year": "2024", "shedId": "KOSAS"}, "geometry": {"type": "LineString", "coordinates": [[80.16627, 13.12158], [80.17045, 13.13014], [80.17151, 13.13196]]}}, {"type": "Feature", "properties": {"drain_type": "Side Drain", "material": "Concrete Wall", "status": "Good", "ward": "N082", "zone": "N07", "source": "Greater Chennai Corporation", "year": "2024", "shedId": "KOSAS"}, "geometry": {"type": "LineString", "coordinates": [[80.17107, 13.13196], [80.16582, 13.12166]]}}, {"type": "Feature", "properties": {"drain_type": "SWD", "material": "Concrete Wall", "status": "Bad", "ward": "N082", "zone": "N07", "source": "Greater Chennai Corporation", "year": "2024", "shedId": "KOSAS"}, "geometry": {"type": "LineString", "coordinates": [[80.16582, 13.12166], [80.16493, 13.12174], [80.1646, 13.12201], [80.16369, 13.122], [80.16288, 13.12223], [80.15991, 13.12252]]}}, {"type": "Feature", "properties": {"drain_type": "Side Drain", "material": "Concrete Wall", "status": "Bad", "ward": "N082", "zone": "N07", "source": "Greater Chennai Corporation", "year": "2024", "shedId": "KOSAS"}, "geometry": {"type": "LineString", "coordinates": [[80.16001, 13.12198], [80.16273, 13.12177], [80.1628, 13.12223]]}}, {"type": "Feature", "properties": {"drain_type": "Side Drain", "material": "Concrete Wall", "status": "Good", "ward": "N082", "zone": "N07", "source": "Greater Chennai Corporation", "year": "2024", "shedId": "KOSAS"}, "geometry": {"type": "LineString", "coordinates": [[80.16159, 13.12229], [80.16375, 13.12193], [80.16438, 13.12201]]}}, {"type": "Feature", "properties": {"drain_type": "Side Drain", "material": "Concrete Wall", "status": "Bad", "ward": "N082", "zone": "N07", "source": "Greater Chennai Corporation", "year": "2024", "shedId": "KOSAS"}, "geometry": {"type": "LineString", "coordinates": [[80.16099, 13.12369], [80.16076, 13.12245]]}}, {"type": "Feature", "properties": {"drain_type": "Side Drain", "material": "Concrete Wall", "status": "Bad", "ward": "N082", "zone": "N07", "source": "Greater Chennai Corporation", "year": "2024", "shedId": "KOSAS"}, "geometry": {"type": "LineString", "coordinates": [[80.16162, 13.12234], [80.16188, 13.12348]]}}, {"type": "Feature", "properties": {"drain_type": "Side Drain", "material": "Concrete Wall", "status": "Bad", "ward": "N082", "zone": "N07", "source": "Greater Chennai Corporation", "year": "2024", "shedId": "KOSAS"}, "geometry": {"type": "LineString", "coordinates": [[80.16115, 13.12241], [80.16135, 13.1236]]}}, {"type": "Feature", "properties": {"drain_type": "Side Drain", "material": "Concrete Wall", "status": "Good", "ward": "N082", "zone": "N07", "source": "Greater Chennai Corporation", "year": "2024", "shedId": "KOSAS"}, "geometry": {"type": "LineString", "coordinates": [[80.16224, 13.12227], [80.1624, 13.12338]]}}, {"type": "Feature", "properties": {"drain_type": "Side Drain", "material": "Concrete Wall", "status": "Good", "ward": "N082", "zone": "N07", "source": "Greater Chennai Corporation", "year": "2024", "shedId": "KOSAS"}, "geometry": {"type": "LineString", "coordinates": [[80.1623, 13.12227], [80.16249, 13.12366]]}}, {"type": "Feature", "properties": {"drain_type": "Side Drain", "material": "Concrete Wall", "status": "Bad", "ward": "N082", "zone": "N07", "source": "Greater Chennai Corporation", "year": "2024", "shedId": "KOSAS"}, "geometry": {"type": "LineString", "coordinates": [[80.16252, 13.12226], [80.16266, 13.123]]}}, {"type": "Feature", "properties": {"drain_type": "Side Drain", "material": "Concrete Wall", "status": "Good", "ward": "N082", "zone": "N07", "source": "Greater Chennai Corporation", "year": "2024", "shedId": "KOSAS"}, "geometry": {"type": "LineString", "coordinates": [[80.1628, 13.12223], [80.16312, 13.12327]]}}, {"type": "Feature", "properties": {"drain_type": "Side Drain", "material": "Concrete Wall", "status": "Good", "ward": "N082", "zone": "N07", "source": "Greater Chennai Corporation", "year": "2024", "shedId": "KOSAS"}, "geometry": {"type": "LineString", "coordinates": [[80.16288, 13.12223], [80.16312, 13.12313]]}}, {"type": "Feature", "properties": {"drain_type": "Side Drain", "material": "Concrete Wall", "status": "Bad", "ward": "N082", "zone": "N07", "source": "Greater Chennai Corporation", "year": "2024", "shedId": "KOSAS"}, "geometry": {"type": "LineString", "coordinates": [[80.16574, 13.12158], [80.16501, 13.12172]]}}, {"type": "Feature", "properties": {"drain_type": "Side Drain", "material": "Concrete Wall", "status": "Good", "ward": "N082", "zone": "N07", "source": "Greater Chennai Corporation", "year": "2024", "shedId": "KOSAS"}, "geometry": {"type": "LineString", "coordinates": [[80.16655, 13.12321], [80.1672, 13.12456]]}}, {"type": "Feature", "properties": {"drain_type": "Side Drain", "material": "Concrete Wall", "status": "Good", "ward": "N082", "zone": "N07", "source": "Greater Chennai Corporation", "year": "2024", "shedId": "KOSAS"}, "geometry": {"type": "LineString", "coordinates": [[80.1672, 13.12456], [80.16677, 13.12464], [80.16667, 13.12412], [80.16557, 13.12443], [80.16568, 13.12476], [80.16485, 13.12509], [80.1651, 13.12568], [80.16395, 13.12598]]}}, {"type": "Feature", "properties": {"drain_type": "Side Drain", "material": "Concrete Wall", "status": "Good", "ward": "N082", "zone": "N07", "source": "Greater Chennai Corporation", "year": "2024", "shedId": "KOSAS"}, "geometry": {"type": "LineString", "coordinates": [[80.17238, 13.1309], [80.17278, 13.13078], [80.17287, 13.13204]]}}, {"type": "Feature", "properties": {"drain_type": "Side Drain", "material": "Concrete Wall", "status": "Bad", "ward": "N082", "zone": "N07", "source": "Greater Chennai Corporation", "year": "2024", "shedId": "KOSAS"}, "geometry": {"type": "LineString", "coordinates": [[80.1728, 13.1309], [80.17337, 13.1309], [80.17409, 13.13103]]}}, {"type": "Feature", "properties": {"drain_type": "Side Drain", "material": "Concrete Wall", "status": "Bad", "ward": "N082", "zone": "N07", "source": "Greater Chennai Corporation", "year": "2024", "shedId": "KOSAS"}, "geometry": {"type": "LineString", "coordinates": [[80.17547, 13.12881], [80.17405, 13.12957], [80.17421, 13.13071], [80.17353, 13.13262]]}}, {"type": "Feature", "properties": {"drain_type": "Side Drain", "material": "Concrete Wall", "status": "Good", "ward": "N082", "zone": "N07", "source": "Greater Chennai Corporation", "year": "2024", "shedId": "KOSAS"}, "geometry": {"type": "LineString", "coordinates": [[80.16069, 13.11669], [80.16034, 13.11674]]}}, {"type": "Feature", "properties": {"drain_type": "SWD", "material": "Concrete Wall", "status": "Good", "ward": "N081", "zone": "N07", "source": "Greater Chennai Corporation", "year": "2024", "shedId": "KOSAS"}, "geometry": {"type": "LineString", "coordinates": [[80.1496, 13.12035], [80.15015, 13.12355]]}}, {"type": "Feature", "properties": {"drain_type": "SWD", "material": "Concrete Wall", "status": "Good", "ward": "N081", "zone": "N07", "source": "Greater Chennai Corporation", "year": "2024", "shedId": "KOSAS"}, "geometry": {"type": "LineString", "coordinates": [[80.15024, 13.11985], [80.15083, 13.12339]]}}, {"type": "Feature", "properties": {"drain_type": "SWD", "material": "Concrete Wall", "status": "Good", "ward": "N081", "zone": "N07", "source": "Greater Chennai Corporation", "year": "2024", "shedId": "KOSAS"}, "geometry": {"type": "LineString", "coordinates": [[80.15031, 13.11981], [80.15092, 13.12337], [80.1509, 13.12396]]}}, {"type": "Feature", "properties": {"drain_type": "SWD", "material": "Concrete Wall", "status": "Good", "ward": "N081", "zone": "N07", "source": "Greater Chennai Corporation", "year": "2024", "shedId": "KOSAS"}, "geometry": {"type": "LineString", "coordinates": [[80.14944, 13.12181], [80.14962, 13.1221], [80.14995, 13.12236]]}}, {"type": "Feature", "properties": {"drain_type": "SWD", "material": "Concrete Wall", "status": "Good", "ward": "N081", "zone": "N07", "source": "Greater Chennai Corporation", "year": "2024", "shedId": "KOSAS"}, "geometry": {"type": "LineString", "coordinates": [[80.14987, 13.12174], [80.15148, 13.1215]]}}, {"type": "Feature", "properties": {"drain_type": "SWD", "material": "Concrete Wall", "status": "Good", "ward": "N081", "zone": "N07", "source": "Greater Chennai Corporation", "year": "2024", "shedId": "KOSAS"}, "geometry": {"type": "LineString", "coordinates": [[80.15103, 13.1191], [80.15181, 13.12408]]}}, {"type": "Feature", "properties": {"drain_type": "SWD", "material": "Concrete Wall", "status": "Good", "ward": "N081", "zone": "N07", "source": "Greater Chennai Corporation", "year": "2024", "shedId": "KOSAS"}, "geometry": {"type": "LineString", "coordinates": [[80.15109, 13.11913], [80.15186, 13.12413], [80.15207, 13.12461]]}}, {"type": "Feature", "properties": {"drain_type": "Side Drain", "material": "Concrete wall", "status": "Good", "ward": "N081", "zone": "N07", "source": "Greater Chennai Corporation", "year": "2024", "shedId": "KOSAS"}, "geometry": {"type": "LineString", "coordinates": [[80.1514, 13.12101], [80.15348, 13.12082]]}}, {"type": "Feature", "properties": {"drain_type": "Side Drain", "material": "Concrete wall", "status": "Good", "ward": "N081", "zone": "N07", "source": "Greater Chennai Corporation", "year": "2024", "shedId": "KOSAS"}, "geometry": {"type": "LineString", "coordinates": [[80.15214, 13.12093], [80.15232, 13.12228]]}}, {"type": "Feature", "properties": {"drain_type": "Side Drain", "material": "Concrete wall", "status": "Good", "ward": "N081", "zone": "N07", "source": "Greater Chennai Corporation", "year": "2024", "shedId": "KOSAS"}, "geometry": {"type": "LineString", "coordinates": [[80.15257, 13.1234], [80.15223, 13.12092]]}}, {"type": "Feature", "properties": {"drain_type": "Side Drain", "material": "Concrete wall", "status": "Good", "ward": "N081", "zone": "N07", "source": "Greater Chennai Corporation", "year": "2024", "shedId": "KOSAS"}, "geometry": {"type": "LineString", "coordinates": [[80.15223, 13.12096], [80.15224, 13.12096], [80.15349, 13.12086]]}}, {"type": "Feature", "properties": {"drain_type": "SWD", "material": "Concrete Wall", "status": "Good", "ward": "N081", "zone": "N07", "source": "Greater Chennai Corporation", "year": "2024", "shedId": "KOSAS"}, "geometry": {"type": "LineString", "coordinates": [[80.15253, 13.12314], [80.15253, 13.12314], [80.15315, 13.12302]]}}, {"type": "Feature", "properties": {"drain_type": "Side Drain", "material": "Concrete wall", "status": "Good", "ward": "N081", "zone": "N07", "source": "Greater Chennai Corporation", "year": "2024", "shedId": "KOSAS"}, "geometry": {"type": "LineString", "coordinates": [[80.15252, 13.1231], [80.15345, 13.12296]]}}, {"type": "Feature", "properties": {"drain_type": "Side Drain", "material": "Concrete wall", "status": "Bad", "ward": "N081", "zone": "N07", "source": "Greater Chennai Corporation", "year": "2024", "shedId": "KOSAS"}, "geometry": {"type": "LineString", "coordinates": [[80.15341, 13.12296], [80.15333, 13.1222]]}}, {"type": "Feature", "properties": {"drain_type": "SWD", "material": "Concrete Wall", "status": "Good", "ward": "N081", "zone": "N07", "source": "Greater Chennai Corporation", "year": "2024", "shedId": "KOSAS"}, "geometry": {"type": "LineString", "coordinates": [[80.15338, 13.12266], [80.15465, 13.12249]]}}, {"type": "Feature", "properties": {"drain_type": "Side Drain", "material": "Concrete wall", "status": "Good", "ward": "N081", "zone": "N07", "source": "Greater Chennai Corporation", "year": "2024", "shedId": "KOSAS"}, "geometry": {"type": "LineString", "coordinates": [[80.15343, 13.12265], [80.15534, 13.12233], [80.15665, 13.12231], [80.15781, 13.12252]]}}, {"type": "Feature", "properties": {"drain_type": "Side Drain", "material": "Concrete wall", "status": "Good", "ward": "N081", "zone": "N07", "source": "Greater Chennai Corporation", "year": "2024", "shedId": "KOSAS"}, "geometry": {"type": "LineString", "coordinates": [[80.15404, 13.12257], [80.15395, 13.12155]]}}, {"type": "Feature", "properties": {"drain_type": "Side Drain", "material": "Concrete wall", "status": "Good", "ward": "N081", "zone": "N07", "source": "Greater Chennai Corporation", "year": "2024", "shedId": "KOSAS"}, "geometry": {"type": "LineString", "coordinates": [[80.15345, 13.12182], [80.15642, 13.12143], [80.16007, 13.12158]]}}, {"type": "Feature", "properties": {"drain_type": "Side Drain", "material": "Concrete wall", "status": "Good", "ward": "N081", "zone": "N07", "source": "Greater Chennai Corporation", "year": "2024", "shedId": "KOSAS"}, "geometry": {"type": "LineString", "coordinates": [[80.15403, 13.12186], [80.15638, 13.12149], [80.16007, 13.12158]]}}, {"type": "Feature", "properties": {"drain_type": "SWD", "material": "Concrete Wall", "status": "Good", "ward": "N081", "zone": "N07", "source": "Greater Chennai Corporation", "year": "2024", "shedId": "KOSAS"}, "geometry": {"type": "LineString", "coordinates": [[80.1556, 13.12086], [80.15363, 13.12116]]}}, {"type": "Feature", "properties": {"drain_type": "Side Drain", "material": "Concrete wall", "status": "Bad", "ward": "N081", "zone": "N07", "source": "Greater Chennai Corporation", "year": "2024", "shedId": "KOSAS"}, "geometry": {"type": "LineString", "coordinates": [[80.1547, 13.12141], [80.15472, 13.12169], [80.15472, 13.1217]]}}, {"type": "Feature", "properties": {"drain_type": "Side Drain", "material": "Concrete wall", "status": "Bad", "ward": "N081", "zone": "N07", "source": "Greater Chennai Corporation", "year": "2024", "shedId": "KOSAS"}, "geometry": {"type": "LineString", "coordinates": [[80.15532, 13.12136], [80.15534, 13.12159], [80.15534, 13.1216]]}}, {"type": "Feature", "properties": {"drain_type": "Side Drain", "material": "Concrete wall", "status": "Good", "ward": "N081", "zone": "N07", "source": "Greater Chennai Corporation", "year": "2024", "shedId": "KOSAS"}, "geometry": {"type": "LineString", "coordinates": [[80.15459, 13.12179], [80.15465, 13.12244]]}}, {"type": "Feature", "properties": {"drain_type": "Side Drain", "material": "Concrete wall", "status": "Good", "ward": "N081", "zone": "N07", "source": "Greater Chennai Corporation", "year": "2024", "shedId": "KOSAS"}, "geometry": {"type": "LineString", "coordinates": [[80.15469, 13.12243], [80.15465, 13.12178]]}}, {"type": "Feature", "properties": {"drain_type": "Side Drain", "material": "Concrete wall", "status": "Good", "ward": "N081", "zone": "N07", "source": "Greater Chennai Corporation", "year": "2024", "shedId": "KOSAS"}, "geometry": {"type": "LineString", "coordinates": [[80.15529, 13.12167], [80.15534, 13.12234]]}}, {"type": "Feature", "properties": {"drain_type": "Side Drain", "material": "Concrete wall", "status": "Good", "ward": "N081", "zone": "N07", "source": "Greater Chennai Corporation", "year": "2024", "shedId": "KOSAS"}, "geometry": {"type": "LineString", "coordinates": [[80.15541, 13.12234], [80.15536, 13.12166]]}}, {"type": "Feature", "properties": {"drain_type": "SWD", "material": "Concrete Wall", "status": "Good", "ward": "N081", "zone": "N07", "source": "Greater Chennai Corporation", "year": "2024", "shedId": "KOSAS"}, "geometry": {"type": "LineString", "coordinates": [[80.15669, 13.12191], [80.15664, 13.1223], [80.15664, 13.12231]]}}, {"type": "Feature", "properties": {"drain_type": "SWD", "material": "Concrete Wall", "status": "Good", "ward": "N081", "zone": "N07", "source": "Greater Chennai Corporation", "year": "2024", "shedId": "KOSAS"}, "geometry": {"type": "LineString", "coordinates": [[80.15704, 13.12211], [80.15702, 13.12239], [80.15702, 13.1224]]}}, {"type": "Feature", "properties": {"drain_type": "SWD", "material": "Concrete Wall", "status": "Good", "ward": "N081", "zone": "N07", "source": "Greater Chennai Corporation", "year": "2024", "shedId": "KOSAS"}, "geometry": {"type": "LineString", "coordinates": [[80.15737, 13.1221], [80.15729, 13.12247], [80.15729, 13.12248]]}}, {"type": "Feature", "properties": {"drain_type": "SWD", "material": "Concrete Wall", "status": "Good", "ward": "N081", "zone": "N07", "source": "Greater Chennai Corporation", "year": "2024", "shedId": "KOSAS"}, "geometry": {"type": "LineString", "coordinates": [[80.15923, 13.12236], [80.15929, 13.1229], [80.15969, 13.12303]]}}, {"type": "Feature", "properties": {"drain_type": "Side Drain", "material": "Concrete wall", "status": "Bad", "ward": "N081", "zone": "N07", "source": "Greater Chennai Corporation", "year": "2024", "shedId": "KOSAS"}, "geometry": {"type": "LineString", "coordinates": [[80.15985, 13.12226], [80.15992, 13.12188], [80.16008, 13.12158]]}}, {"type": "Feature", "properties": {"drain_type": "Side Drain", "material": "Concrete wall", "status": "Good", "ward": "N081", "zone": "N07", "source": "Greater Chennai Corporation", "year": "2024", "shedId": "KOSAS"}, "geometry": {"type": "LineString", "coordinates": [[80.15821, 13.12051], [80.15919, 13.11995], [80.16079, 13.11945]]}}, {"type": "Feature", "properties": {"drain_type": "Side Drain", "material": "Concrete wall", "status": "Good", "ward": "N081", "zone": "N07", "source": "Greater Chennai Corporation", "year": "2024", "shedId": "KOSAS"}, "geometry": {"type": "LineString", "coordinates": [[80.15916, 13.12002], [80.16014, 13.11972]]}}, {"type": "Feature", "properties": {"drain_type": "Side Drain", "material": "Concrete wall", "status": "Good", "ward": "N081", "zone": "N07", "source": "Greater Chennai Corporation", "year": "2024", "shedId": "KOSAS"}, "geometry": {"type": "LineString", "coordinates": [[80.1603, 13.12022], [80.16014, 13.11972]]}}, {"type": "Feature", "properties": {"drain_type": "Side Drain", "material": "Concrete wall", "status": "Good", "ward": "N081", "zone": "N07", "source": "Greater Chennai Corporation", "year": "2024", "shedId": "KOSAS"}, "geometry": {"type": "LineString", "coordinates": [[80.15919, 13.11995], [80.15849, 13.11847], [80.15837, 13.11844]]}}, {"type": "Feature", "properties": {"drain_type": "Side Drain", "material": "Concrete wall", "status": "Good", "ward": "N081", "zone": "N07", "source": "Greater Chennai Corporation", "year": "2024", "shedId": "KOSAS"}, "geometry": {"type": "LineString", "coordinates": [[80.15363, 13.11786], [80.15658, 13.1176]]}}, {"type": "Feature", "properties": {"drain_type": "Side Drain", "material": "Concrete wall", "status": "Bad", "ward": "N081", "zone": "N07", "source": "Greater Chennai Corporation", "year": "2024", "shedId": "KOSAS"}, "geometry": {"type": "LineString", "coordinates": [[80.15418, 13.11782], [80.15421, 13.11827]]}}, {"type": "Feature", "properties": {"drain_type": "SWD", "material": "Concrete Wall", "status": "Good", "ward": "N081", "zone": "N07", "source": "Greater Chennai Corporation", "year": "2024", "shedId": "KOSAS"}, "geometry": {"type": "LineString", "coordinates": [[80.15462, 13.11778], [80.15438, 13.11455]]}}, {"type": "Feature", "properties": {"drain_type": "SWD", "material": "Concrete Wall", "status": "Good", "ward": "N081", "zone": "N07", "source": "Greater Chennai Corporation", "year": "2024", "shedId": "KOSAS"}, "geometry": {"type": "LineString", "coordinates": [[80.15475, 13.11777], [80.15454, 13.11578], [80.15451, 13.11462]]}}, {"type": "Feature", "properties": {"drain_type": "Side Drain", "material": "Concrete wall", "status": "Bad", "ward": "N081", "zone": "N07", "source": "Greater Chennai Corporation", "year": "2024", "shedId": "KOSAS"}, "geometry": {"type": "LineString", "coordinates": [[80.15474, 13.11767], [80.15653, 13.11752]]}}, {"type": "Feature", "properties": {"drain_type": "SWD", "material": "Concrete Wall", "status": "Good", "ward": "N081", "zone": "N07", "source": "Greater Chennai Corporation", "year": "2024", "shedId": "KOSAS"}, "geometry": {"type": "LineString", "coordinates": [[80.15464, 13.11682], [80.15598, 13.11657]]}}, {"type": "Feature", "properties": {"drain_type": "Side Drain", "material": "Concrete wall", "status": "Good", "ward": "N081", "zone": "N07", "source": "Greater Chennai Corporation", "year": "2024", "shedId": "KOSAS"}, "geometry": {"type": "LineString", "coordinates": [[80.15567, 13.11664], [80.15463, 13.11461], [80.15451, 13.11462]]}}, {"type": "Feature", "properties": {"drain_type": "Side Drain", "material": "Concrete wall", "status": "Good", "ward": "N081", "zone": "N07", "source": "Greater Chennai Corporation", "year": "2024", "shedId": "KOSAS"}, "geometry": {"type": "LineString", "coordinates": [[80.15454, 13.11578], [80.15516, 13.11569]]}}, {"type": "Feature", "properties": {"drain_type": "SWD", "material": "Concrete Wall", "status": "Good", "ward": "N081", "zone": "N07", "source": "Greater Chennai Corporation", "year": "2024", "shedId": "KOSAS"}, "geometry": {"type": "LineString", "coordinates": [[80.15458, 13.11618], [80.15532, 13.1161]]}}, {"type": "Feature", "properties": {"drain_type": "Side Drain", "material": "Concrete wall", "status": "Bad", "ward": "N081", "zone": "N07", "source": "Greater Chennai Corporation", "year": "2024", "shedId": "KOSAS"}, "geometry": {"type": "LineString", "coordinates": [[80.15535, 13.11617], [80.15458, 13.11624]]}}, {"type": "Feature", "properties": {"drain_type": "Side Drain", "material": "Concrete wall", "status": "Good", "ward": "N081", "zone": "N07", "source": "Greater Chennai Corporation", "year": "2024", "shedId": "KOSAS"}, "geometry": {"type": "LineString", "coordinates": [[80.15469, 13.11454], [80.15555, 13.11633], [80.15662, 13.11746]]}}, {"type": "Feature", "properties": {"drain_type": "Side Drain", "material": "Concrete wall", "status": "Bad", "ward": "N081", "zone": "N07", "source": "Greater Chennai Corporation", "year": "2024", "shedId": "KOSAS"}, "geometry": {"type": "LineString", "coordinates": [[80.15627, 13.1171], [80.15628, 13.1171], [80.1564, 13.11705]]}}, {"type": "Feature", "properties": {"drain_type": "Side Drain", "material": "Concrete wall", "status": "Bad", "ward": "N081", "zone": "N07", "source": "Greater Chennai Corporation", "year": "2024", "shedId": "KOSAS"}, "geometry": {"type": "LineString", "coordinates": [[80.15631, 13.11714], [80.15643, 13.11708]]}}, {"type": "Feature", "properties": {"drain_type": "Side Drain", "material": "Concrete wall", "status": "Bad", "ward": "N081", "zone": "N07", "source": "Greater Chennai Corporation", "year": "2024", "shedId": "KOSAS"}, "geometry": {"type": "LineString", "coordinates": [[80.15584, 13.11666], [80.15601, 13.11661]]}}, {"type": "Feature", "properties": {"drain_type": "Side Drain", "material": "Concrete wall", "status": "Bad", "ward": "N081", "zone": "N07", "source": "Greater Chennai Corporation", "year": "2024", "shedId": "KOSAS"}, "geometry": {"type": "LineString", "coordinates": [[80.15555, 13.11633], [80.15555, 13.11633], [80.15574, 13.11626]]}}, {"type": "Feature", "properties": {"drain_type": "Side Drain", "material": "Concrete wall", "status": "Bad", "ward": "N081", "zone": "N07", "source": "Greater Chennai Corporation", "year": "2024", "shedId": "KOSAS"}, "geometry": {"type": "LineString", "coordinates": [[80.15482, 13.11481], [80.15483, 13.11481], [80.15495, 13.11478]]}}, {"type": "Feature", "properties": {"drain_type": "Side Drain", "material": "Concrete wall", "status": "Bad", "ward": "N081", "zone": "N07", "source": "Greater Chennai Corporation", "year": "2024", "shedId": "KOSAS"}, "geometry": {"type": "LineString", "coordinates": [[80.15479, 13.11476], [80.15481, 13.11476], [80.15493, 13.11473]]}}, {"type": "Feature", "properties": {"drain_type": "Side Drain", "material": "Concrete wall", "status": "Bad", "ward": "N081", "zone": "N07", "source": "Greater Chennai Corporation", "year": "2024", "shedId": "KOSAS"}, "geometry": {"type": "LineString", "coordinates": [[80.15662, 13.11746], [80.15742, 13.11721]]}}, {"type": "Feature", "properties": {"drain_type": "Side Drain", "material": "Concrete wall", "status": "Good", "ward": "N081", "zone": "N07", "source": "Greater Chennai Corporation", "year": "2024", "shedId": "KOSAS"}, "geometry": {"type": "LineString", "coordinates": [[80.15779, 13.11844], [80.15739, 13.11711]]}}, {"type": "Feature", "properties": {"drain_type": "Side Drain", "material": "Concrete wall", "status": "Bad", "ward": "N081", "zone": "N07", "source": "Greater Chennai Corporation", "year": "2024", "shedId": "KOSAS"}, "geometry": {"type": "LineString", "coordinates": [[80.15665, 13.11751], [80.15743, 13.11725]]}}, {"type": "Feature", "properties": {"drain_type": "Side Drain", "material": "Concrete wall", "status": "Good", "ward": "N081", "zone": "N07", "source": "Greater Chennai Corporation", "year": "2024", "shedId": "KOSAS"}, "geometry": {"type": "LineString", "coordinates": [[80.15749, 13.11744], [80.15748, 13.11745], [80.15685, 13.11766]]}}, {"type": "Feature", "properties": {"drain_type": "Side Drain", "material": "Concrete wall", "status": "Good", "ward": "N081", "zone": "N07", "source": "Greater Chennai Corporation", "year": "2024", "shedId": "KOSAS"}, "geometry": {"type": "LineString", "coordinates": [[80.15703, 13.11795], [80.15759, 13.11779]]}}, {"type": "Feature", "properties": {"drain_type": "Side Drain", "material": "Concrete wall", "status": "Bad", "ward": "N081", "zone": "N07", "source": "Greater Chennai Corporation", "year": "2024", "shedId": "KOSAS"}, "geometry": {"type": "LineString", "coordinates": [[80.15767, 13.11805], [80.15766, 13.11805], [80.15719, 13.11821]]}}, {"type": "Feature", "properties": {"drain_type": "Side Drain", "material": "Concrete wall", "status": "Good", "ward": "N081", "zone": "N07", "source": "Greater Chennai Corporation", "year": "2024", "shedId": "KOSAS"}, "geometry": {"type": "LineString", "coordinates": [[80.15721, 13.11824], [80.15767, 13.11808], [80.15768, 13.11808]]}}, {"type": "Feature", "properties": {"drain_type": "Side Drain", "material": "Concrete wall", "status": "Bad", "ward": "N081", "zone": "N07", "source": "Greater Chennai Corporation", "year": "2024", "shedId": "KOSAS"}, "geometry": {"type": "LineString", "coordinates": [[80.15738, 13.11854], [80.15845, 13.11831]]}}, {"type": "Feature", "properties": {"drain_type": "Side Drain", "material": "Concrete wall", "status": "Bad", "ward": "N081", "zone": "N07", "source": "Greater Chennai Corporation", "year": "2024", "shedId": "KOSAS"}, "geometry": {"type": "LineString", "coordinates": [[80.15782, 13.11843], [80.15782, 13.11842], [80.1577, 13.11803]]}}, {"type": "Feature", "properties": {"drain_type": "Side Drain", "material": "Concrete wall", "status": "Good", "ward": "N081", "zone": "N07", "source": "Greater Chennai Corporation", "year": "2024", "shedId": "KOSAS"}, "geometry": {"type": "LineString", "coordinates": [[80.15812, 13.11837], [80.15784, 13.11754], [80.1581, 13.11749]]}}, {"type": "Feature", "properties": {"drain_type": "SWD", "material": "Concrete Wall", "status": "Good", "ward": "N081", "zone": "N07", "source": "Greater Chennai Corporation", "year": "2024", "shedId": "KOSAS"}, "geometry": {"type": "LineString", "coordinates": [[80.14984, 13.12166], [80.1514, 13.12144]]}}, {"type": "Feature", "properties": {"drain_type": "Side Drain", "material": "Concrete wall", "status": "Good", "ward": "N081", "zone": "N07", "source": "Greater Chennai Corporation", "year": "2024", "shedId": "KOSAS"}, "geometry": {"type": "LineString", "coordinates": [[80.15349, 13.12086], [80.15359, 13.12107], [80.1556, 13.12086]]}}, {"type": "Feature", "properties": {"drain_type": "Side Drain", "material": "Concrete wall", "status": "Good", "ward": "N081", "zone": "N07", "source": "Greater Chennai Corporation", "year": "2024", "shedId": "KOSAS"}, "geometry": {"type": "LineString", "coordinates": [[80.1556, 13.12086], [80.15551, 13.12028], [80.15346, 13.12057], [80.15348, 13.12082]]}}, {"type": "Feature", "properties": {"drain_type": "Side Drain", "material": "Concrete wall", "status": "Good", "ward": "N081", "zone": "N07", "source": "Greater Chennai Corporation", "year": "2024", "shedId": "KOSAS"}, "geometry": {"type": "LineString", "coordinates": [[80.16007, 13.12158], [80.16021, 13.12101], [80.15997, 13.12034]]}}, {"type": "Feature", "properties": {"drain_type": "Side Drain", "material": "Concrete wall", "status": "Good", "ward": "N081", "zone": "N07", "source": "Greater Chennai Corporation", "year": "2024", "shedId": "KOSAS"}, "geometry": {"type": "LineString", "coordinates": [[80.16009, 13.11974], [80.16021, 13.12022], [80.15997, 13.12034], [80.15878, 13.12018]]}}, {"type": "Feature", "properties": {"drain_type": "SWD", "material": "Concrete Wall", "status": "Good", "ward": "N081", "zone": "N07", "source": "Greater Chennai Corporation", "year": "2024", "shedId": "KOSAS"}, "geometry": {"type": "LineString", "coordinates": [[80.15576, 13.11673], [80.15466, 13.1169]]}}, {"type": "Feature", "properties": {"drain_type": "Side Drain", "material": "Concrete wall", "status": "Good", "ward": "N081", "zone": "N07", "source": "Greater Chennai Corporation", "year": "2024", "shedId": "KOSAS"}, "geometry": {"type": "LineString", "coordinates": [[80.1566, 13.11761], [80.15576, 13.11673]]}}, {"type": "Feature", "properties": {"drain_type": "Side Drain", "material": "Concrete", "status": "Bad", "ward": "N080", "zone": "N07", "source": "Greater Chennai Corporation", "year": "2024", "shedId": "KOSAS"}, "geometry": {"type": "LineString", "coordinates": [[80.15508, 13.12268], [80.15507, 13.12256], [80.15506, 13.12248]]}}, {"type": "Feature", "properties": {"drain_type": "Side Drain", "material": "Concrete", "status": "Good", "ward": "N080", "zone": "N07", "source": "Greater Chennai Corporation", "year": "2024", "shedId": "KOSAS"}, "geometry": {"type": "LineString", "coordinates": [[80.1546, 13.12268], [80.15458, 13.12256]]}}, {"type": "Feature", "properties": {"drain_type": "Side Drain", "material": "Concrete", "status": "Bad", "ward": "N080", "zone": "N07", "source": "Greater Chennai Corporation", "year": "2024", "shedId": "KOSAS"}, "geometry": {"type": "LineString", "coordinates": [[80.15462, 13.12255], [80.1547, 13.12309], [80.15526, 13.12303]]}}, {"type": "Feature", "properties": {"drain_type": "SWD", "material": "Concrete", "status": "Good", "ward": "N080", "zone": "N07", "source": "Greater Chennai Corporation", "year": "2024", "shedId": "KOSAS"}, "geometry": {"type": "LineString", "coordinates": [[80.15682, 13.12239], [80.15677, 13.12302], [80.15559, 13.12285]]}}, {"type": "Feature", "properties": {"drain_type": "Side Drain", "material": "Concrete", "status": "Good", "ward": "N080", "zone": "N07", "source": "Greater Chennai Corporation", "year": "2024", "shedId": "KOSAS"}, "geometry": {"type": "LineString", "coordinates": [[80.15729, 13.12253], [80.1573, 13.12299], [80.15732, 13.1237]]}}, {"type": "Feature", "properties": {"drain_type": "SWD", "material": "Concrete", "status": "Good", "ward": "N080", "zone": "N07", "source": "Greater Chennai Corporation", "year": "2024", "shedId": "KOSAS"}, "geometry": {"type": "LineString", "coordinates": [[80.15781, 13.12256], [80.15779, 13.12377]]}}, {"type": "Feature", "properties": {"drain_type": "Side Drain", "material": "Concrete", "status": "Good", "ward": "N080", "zone": "N07", "source": "Greater Chennai Corporation", "year": "2024", "shedId": "KOSAS"}, "geometry": {"type": "LineString", "coordinates": [[80.1591, 13.12392], [80.15872, 13.126], [80.15896, 13.12597]]}}, {"type": "Feature", "properties": {"drain_type": "Side Drain", "material": "Concrete", "status": "Good", "ward": "N080", "zone": "N07", "source": "Greater Chennai Corporation", "year": "2024", "shedId": "KOSAS"}, "geometry": {"type": "LineString", "coordinates": [[80.15899, 13.12447], [80.15782, 13.12439]]}}, {"type": "Feature", "properties": {"drain_type": "Side Drain", "material": "Concrete", "status": "Good", "ward": "N080", "zone": "N07", "source": "Greater Chennai Corporation", "year": "2024", "shedId": "KOSAS"}, "geometry": {"type": "LineString", "coordinates": [[80.15888, 13.12483], [80.1578, 13.12477]]}}, {"type": "Feature", "properties": {"drain_type": "Side Drain", "material": "Concrete", "status": "Good", "ward": "N080", "zone": "N07", "source": "Greater Chennai Corporation", "year": "2024", "shedId": "KOSAS"}, "geometry": {"type": "LineString", "coordinates": [[80.15516, 13.12509], [80.15553, 13.12513]]}}, {"type": "Feature", "properties": {"drain_type": "Side Drain", "material": "Concrete", "status": "Bad", "ward": "N080", "zone": "N07", "source": "Greater Chennai Corporation", "year": "2024", "shedId": "KOSAS"}, "geometry": {"type": "LineString", "coordinates": [[80.15563, 13.12471], [80.15772, 13.12494]]}}, {"type": "Feature", "properties": {"drain_type": "Side Drain", "material": "Concrete", "status": "Bad", "ward": "N080", "zone": "N07", "source": "Greater Chennai Corporation", "year": "2024", "shedId": "KOSAS"}, "geometry": {"type": "LineString", "coordinates": [[80.15566, 13.12398], [80.15774, 13.12415]]}}, {"type": "Feature", "properties": {"drain_type": "Side Drain", "material": "Concrete", "status": "Bad", "ward": "N080", "zone": "N07", "source": "Greater Chennai Corporation", "year": "2024", "shedId": "KOSAS"}, "geometry": {"type": "LineString", "coordinates": [[80.15773, 13.12447], [80.15565, 13.12444]]}}, {"type": "Feature", "properties": {"drain_type": "Side Drain", "material": "Concrete", "status": "Good", "ward": "N080", "zone": "N07", "source": "Greater Chennai Corporation", "year": "2024", "shedId": "KOSAS"}, "geometry": {"type": "LineString", "coordinates": [[80.1556, 13.12404], [80.1556, 13.12413], [80.1556, 13.12434]]}}, {"type": "Feature", "properties": {"drain_type": "Side Drain", "material": "Concrete", "status": "Good", "ward": "N080", "zone": "N07", "source": "Greater Chennai Corporation", "year": "2024", "shedId": "KOSAS"}, "geometry": {"type": "LineString", "coordinates": [[80.15488, 13.12563], [80.15486, 13.12657]]}}, {"type": "Feature", "properties": {"drain_type": "Side Drain", "material": "Brick Wall", "status": "Good", "ward": "N080", "zone": "N07", "source": "Greater Chennai Corporation", "year": "2024", "shedId": "KOSAS"}, "geometry": {"type": "LineString", "coordinates": [[80.15442, 13.12623], [80.15488, 13.12622]]}}, {"type": "Feature", "properties": {"drain_type": "Side Drain", "material": "Concrete", "status": "Good", "ward": "N080", "zone": "N07", "source": "Greater Chennai Corporation", "year": "2024", "shedId": "KOSAS"}, "geometry": {"type": "LineString", "coordinates": [[80.15471, 13.12686], [80.15553, 13.1269]]}}, {"type": "Feature", "properties": {"drain_type": "Side Drain", "material": "Concrete", "status": "Good", "ward": "N080", "zone": "N07", "source": "Greater Chennai Corporation", "year": "2024", "shedId": "KOSAS"}, "geometry": {"type": "LineString", "coordinates": [[80.15878, 13.12736], [80.15807, 13.12743]]}}, {"type": "Feature", "properties": {"drain_type": "Side Drain", "material": "Concrete", "status": "Good", "ward": "N080", "zone": "N07", "source": "Greater Chennai Corporation", "year": "2024", "shedId": "KOSAS"}, "geometry": {"type": "LineString", "coordinates": [[80.15806, 13.12743], [80.15797, 13.12987]]}}, {"type": "Feature", "properties": {"drain_type": "Side Drain", "material": "Concrete", "status": "Bad", "ward": "N080", "zone": "N07", "source": "Greater Chennai Corporation", "year": "2024", "shedId": "KOSAS"}, "geometry": {"type": "LineString", "coordinates": [[80.16111, 13.12894], [80.16231, 13.1288], [80.16286, 13.12882]]}}, {"type": "Feature", "properties": {"drain_type": "Side Drain", "material": "Concrete", "status": "Bad", "ward": "N080", "zone": "N07", "source": "Greater Chennai Corporation", "year": "2024", "shedId": "KOSAS"}, "geometry": {"type": "LineString", "coordinates": [[80.16279, 13.13098], [80.16358, 13.13108]]}}, {"type": "Feature", "properties": {"drain_type": "Side Drain", "material": "Concrete", "status": "Good", "ward": "N080", "zone": "N07", "source": "Greater Chennai Corporation", "year": "2024", "shedId": "KOSAS"}, "geometry": {"type": "LineString", "coordinates": [[80.16202, 13.12954], [80.16204, 13.12966]]}}, {"type": "Feature", "properties": {"drain_type": "Side Drain", "material": "Concrete", "status": "Bad", "ward": "N080", "zone": "N07", "source": "Greater Chennai Corporation", "year": "2024", "shedId": "KOSAS"}, "geometry": {"type": "LineString", "coordinates": [[80.16226, 13.12923], [80.16284, 13.12928]]}}, {"type": "Feature", "properties": {"drain_type": "SWD", "material": "Concrete", "status": "Good", "ward": "N080", "zone": "N07", "source": "Greater Chennai Corporation", "year": "2024", "shedId": "KOSAS"}, "geometry": {"type": "LineString", "coordinates": [[80.16289, 13.13176], [80.16277, 13.13349]]}}, {"type": "Feature", "properties": {"drain_type": "SWD", "material": "Concrete", "status": "Good", "ward": "N080", "zone": "N07", "source": "Greater Chennai Corporation", "year": "2024", "shedId": "KOSAS"}, "geometry": {"type": "LineString", "coordinates": [[80.15789, 13.13277], [80.1581, 13.13279], [80.15812, 13.13279]]}}, {"type": "Feature", "properties": {"drain_type": "SWD", "material": "Concrete", "status": "Good", "ward": "N080", "zone": "N07", "source": "Greater Chennai Corporation", "year": "2024", "shedId": "KOSAS"}, "geometry": {"type": "LineString", "coordinates": [[80.15797, 13.13243], [80.15815, 13.13245]]}}, {"type": "Feature", "properties": {"drain_type": "SWD", "material": "Concrete", "status": "Good", "ward": "N080", "zone": "N07", "source": "Greater Chennai Corporation", "year": "2024", "shedId": "KOSAS"}, "geometry": {"type": "LineString", "coordinates": [[80.15816, 13.13244], [80.15806, 13.13317], [80.1585, 13.13327]]}}, {"type": "Feature", "properties": {"drain_type": "SWD", "material": "Concrete", "status": "Good", "ward": "N080", "zone": "N07", "source": "Greater Chennai Corporation", "year": "2024", "shedId": "KOSAS"}, "geometry": {"type": "LineString", "coordinates": [[80.15851, 13.13328], [80.16151, 13.13326], [80.16163, 13.13355], [80.16277, 13.13349]]}}, {"type": "Feature", "properties": {"drain_type": "SWD", "material": "Concrete", "status": "Good", "ward": "N080", "zone": "N07", "source": "Greater Chennai Corporation", "year": "2024", "shedId": "KOSAS"}, "geometry": {"type": "LineString", "coordinates": [[80.16277, 13.13349], [80.16427, 13.13335]]}}, {"type": "Feature", "properties": {"drain_type": "SWD", "material": "Concrete", "status": "Good", "ward": "N080", "zone": "N07", "source": "Greater Chennai Corporation", "year": "2024", "shedId": "KOSAS"}, "geometry": {"type": "LineString", "coordinates": [[80.16436, 13.13387], [80.16397, 13.13197]]}}, {"type": "Feature", "properties": {"drain_type": "Side Drain", "material": "Concrete", "status": "Good", "ward": "N080", "zone": "N07", "source": "Greater Chennai Corporation", "year": "2024", "shedId": "KOSAS"}, "geometry": {"type": "LineString", "coordinates": [[80.16377, 13.1348], [80.16301, 13.13461], [80.15998, 13.13459]]}}, {"type": "Feature", "properties": {"drain_type": "Side Drain", "material": "Concrete", "status": "Good", "ward": "N080", "zone": "N07", "source": "Greater Chennai Corporation", "year": "2024", "shedId": "KOSAS"}, "geometry": {"type": "LineString", "coordinates": [[80.15998, 13.13459], [80.15994, 13.13424], [80.15863, 13.1343]]}}, {"type": "Feature", "properties": {"drain_type": "SWD", "material": "Concrete", "status": "Good", "ward": "N080", "zone": "N07", "source": "Greater Chennai Corporation", "year": "2024", "shedId": "KOSAS"}, "geometry": {"type": "LineString", "coordinates": [[80.16173, 13.13288], [80.16172, 13.13218]]}}, {"type": "Feature", "properties": {"drain_type": "SWD", "material": "Concrete", "status": "Good", "ward": "N080", "zone": "N07", "source": "Greater Chennai Corporation", "year": "2024", "shedId": "KOSAS"}, "geometry": {"type": "LineString", "coordinates": [[80.16205, 13.13163], [80.16196, 13.13218], [80.15863, 13.13217]]}}, {"type": "Feature", "properties": {"drain_type": "SWD", "material": "Concrete", "status": "Good", "ward": "N080", "zone": "N07", "source": "Greater Chennai Corporation", "year": "2024", "shedId": "KOSAS"}, "geometry": {"type": "LineString", "coordinates": [[80.16078, 13.13141], [80.16071, 13.13217]]}}, {"type": "Feature", "properties": {"drain_type": "Side Drain", "material": "Concrete", "status": "Bad", "ward": "N080", "zone": "N07", "source": "Greater Chennai Corporation", "year": "2024", "shedId": "KOSAS"}, "geometry": {"type": "LineString", "coordinates": [[80.15548, 13.12243], [80.15566, 13.12428], [80.15553, 13.12723], [80.15532, 13.12814]]}}, {"type": "Feature", "properties": {"drain_type": "Side Drain", "material": "Concrete", "status": "Bad", "ward": "N080", "zone": "N07", "source": "Greater Chennai Corporation", "year": "2024", "shedId": "KOSAS"}, "geometry": {"type": "LineString", "coordinates": [[80.15897, 13.12607], [80.1588, 13.12736], [80.15871, 13.12998]]}}, {"type": "Feature", "properties": {"drain_type": "Side Drain", "material": "Concrete", "status": "Bad", "ward": "N080", "zone": "N07", "source": "Greater Chennai Corporation", "year": "2024", "shedId": "KOSAS"}, "geometry": {"type": "LineString", "coordinates": [[80.15904, 13.12619], [80.161, 13.12603], [80.16303, 13.12655]]}}, {"type": "Feature", "properties": {"drain_type": "Side Drain", "material": "Concrete", "status": "Good", "ward": "N080", "zone": "N07", "source": "Greater Chennai Corporation", "year": "2024", "shedId": "KOSAS"}, "geometry": {"type": "LineString", "coordinates": [[80.15556, 13.12348], [80.1591, 13.12392]]}}, {"type": "Feature", "properties": {"drain_type": "Side Drain", "material": "Concrete", "status": "Bad", "ward": "N080", "zone": "N07", "source": "Greater Chennai Corporation", "year": "2024", "shedId": "KOSAS"}, "geometry": {"type": "LineString", "coordinates": [[80.15577, 13.12571], [80.15698, 13.12605], [80.15871, 13.12608]]}}, {"type": "Feature", "properties": {"drain_type": "Side Drain", "material": "Concrete", "status": "Bad", "ward": "N080", "zone": "N07", "source": "Greater Chennai Corporation", "year": "2024", "shedId": "KOSAS"}, "geometry": {"type": "LineString", "coordinates": [[80.1588, 13.12886], [80.16056, 13.1288], [80.16102, 13.1287]]}}, {"type": "Feature", "properties": {"drain_type": "Side Drain", "material": "Concrete", "status": "Good", "ward": "N080", "zone": "N07", "source": "Greater Chennai Corporation", "year": "2024", "shedId": "KOSAS"}, "geometry": {"type": "LineString", "coordinates": [[80.15873, 13.13102], [80.15847, 13.13376], [80.15832, 13.1342]]}}, {"type": "Feature", "properties": {"drain_type": "Side Drain", "material": "Concrete", "status": "Good", "ward": "N080", "zone": "N07", "source": "Greater Chennai Corporation", "year": "2024", "shedId": "KOSAS"}, "geometry": {"type": "LineString", "coordinates": [[80.16291, 13.12782], [80.16282, 13.12966]]}}, {"type": "Feature", "properties": {"drain_type": "Side Drain", "material": "Concrete", "status": "Bad", "ward": "N080", "zone": "N07", "source": "Greater Chennai Corporation", "year": "2024", "shedId": "KOSAS"}, "geometry": {"type": "LineString", "coordinates": [[80.15559, 13.12508], [80.15715, 13.12535], [80.15883, 13.12552]]}}, {"type": "Feature", "properties": {"drain_type": "Side Drain", "material": "Concrete", "status": "Bad", "ward": "N080", "zone": "N07", "source": "Greater Chennai Corporation", "year": "2024", "shedId": "KOSAS"}, "geometry": {"type": "LineString", "coordinates": [[80.15558, 13.12513], [80.15881, 13.12556]]}}, {"type": "Feature", "properties": {"drain_type": "Side Drain", "material": "Concrete", "status": "Good", "ward": "N080", "zone": "N07", "source": "Greater Chennai Corporation", "year": "2024", "shedId": "KOSAS"}, "geometry": {"type": "LineString", "coordinates": [[80.15903, 13.1262], [80.15879, 13.13005]]}}, {"type": "Feature", "properties": {"drain_type": "Side Drain", "material": "Concrete", "status": "Bad", "ward": "N080", "zone": "N07", "source": "Greater Chennai Corporation", "year": "2024", "shedId": "KOSAS"}, "geometry": {"type": "LineString", "coordinates": [[80.15554, 13.12664], [80.15886, 13.12661]]}}, {"type": "Feature", "properties": {"drain_type": "Side Drain", "material": "Concrete", "status": "Good", "ward": "N080", "zone": "N07", "source": "Greater Chennai Corporation", "year": "2024", "shedId": "KOSAS"}, "geometry": {"type": "LineString", "coordinates": [[80.16282, 13.12966], [80.16182, 13.12966]]}}, {"type": "Feature", "properties": {"drain_type": "Side Drain", "material": "Concrete", "status": "Bad", "ward": "N080", "zone": "N07", "source": "Greater Chennai Corporation", "year": "2024", "shedId": "KOSAS"}, "geometry": {"type": "LineString", "coordinates": [[80.15397, 13.12658], [80.15548, 13.1266]]}}, {"type": "Feature", "properties": {"drain_type": "Side Drain", "material": "Concrete", "status": "Good", "ward": "N080", "zone": "N07", "source": "Greater Chennai Corporation", "year": "2024", "shedId": "KOSAS"}, "geometry": {"type": "LineString", "coordinates": [[80.15898, 13.12655], [80.15898, 13.12655], [80.15915, 13.12654]]}}, {"type": "Feature", "properties": {"drain_type": "Side Drain", "material": "Concrete", "status": "Bad", "ward": "N080", "zone": "N07", "source": "Greater Chennai Corporation", "year": "2024", "shedId": "KOSAS"}, "geometry": {"type": "LineString", "coordinates": [[80.15915, 13.12654], [80.15978, 13.12831], [80.16083, 13.12812]]}}, {"type": "Feature", "properties": {"drain_type": "Side Drain", "material": "Concrete", "status": "Good", "ward": "N080", "zone": "N07", "source": "Greater Chennai Corporation", "year": "2024", "shedId": "KOSAS"}, "geometry": {"type": "LineString", "coordinates": [[80.1611, 13.1289], [80.16192, 13.12879], [80.16286, 13.12879]]}}, {"type": "Feature", "properties": {"drain_type": "Side Drain", "material": "Concrete", "status": "Bad", "ward": "N080", "zone": "N07", "source": "Greater Chennai Corporation", "year": "2024", "shedId": "KOSAS"}, "geometry": {"type": "LineString", "coordinates": [[80.16308, 13.12658], [80.16283, 13.13068], [80.16271, 13.13147]]}}, {"type": "Feature", "properties": {"drain_type": "Side Drain", "material": "Concrete", "status": "Good", "ward": "N080", "zone": "N07", "source": "Greater Chennai Corporation", "year": "2024", "shedId": "KOSAS"}, "geometry": {"type": "LineString", "coordinates": [[80.15291, 13.1253], [80.15511, 13.12523], [80.15512, 13.12509]]}}, {"type": "Feature", "properties": {"drain_type": "SWD", "material": "Concrete", "status": "Good", "ward": "N080", "zone": "N07", "source": "Greater Chennai Corporation", "year": "2024", "shedId": "KOSAS"}, "geometry": {"type": "LineString", "coordinates": [[80.16083, 13.12812], [80.1611, 13.1289]]}}, {"type": "Feature", "properties": {"drain_type": "Side Drain", "material": "Concrete", "status": "Bad", "ward": "N080", "zone": "N07", "source": "Greater Chennai Corporation", "year": "2024", "shedId": "KOSAS"}, "geometry": {"type": "LineString", "coordinates": [[80.15556, 13.12352], [80.15775, 13.12381]]}}, {"type": "Feature", "properties": {"drain_type": "Side Drain", "material": "Concrete", "status": "Bad", "ward": "N080", "zone": "N07", "source": "Greater Chennai Corporation", "year": "2024", "shedId": "KOSAS"}, "geometry": {"type": "LineString", "coordinates": [[80.15775, 13.12261], [80.15773, 13.1249]]}}, {"type": "Feature", "properties": {"drain_type": "Side Drain", "material": "Concrete", "status": "Bad", "ward": "N080", "zone": "N07", "source": "Greater Chennai Corporation", "year": "2024", "shedId": "KOSAS"}, "geometry": {"type": "LineString", "coordinates": [[80.15608, 13.12665], [80.15584, 13.12785]]}}, {"type": "Feature", "properties": {"drain_type": "Side Drain", "material": "Concrete", "status": "Good", "ward": "N079", "zone": "N07", "source": "Greater Chennai Corporation", "year": "2024", "shedId": "KOSAS"}, "geometry": {"type": "LineString", "coordinates": [[80.15654, 13.13911], [80.15599, 13.1391], [80.15593, 13.13916]]}}, {"type": "Feature", "properties": {"drain_type": "Side Drain", "material": "Concrete", "status": "Bad", "ward": "N079", "zone": "N07", "source": "Greater Chennai Corporation", "year": "2024", "shedId": "KOSAS"}, "geometry": {"type": "LineString", "coordinates": [[80.15593, 13.13916], [80.15584, 13.13972], [80.15603, 13.14073]]}}, {"type": "Feature", "properties": {"drain_type": "Side Drain", "material": "Concrete", "status": "Good", "ward": "N079", "zone": "N07", "source": "Greater Chennai Corporation", "year": "2024", "shedId": "KOSAS"}, "geometry": {"type": "LineString", "coordinates": [[80.14718, 13.13321], [80.15177, 13.13321], [80.1518, 13.13286]]}}, {"type": "Feature", "properties": {"drain_type": "Side Drain", "material": "Concrete", "status": "Good", "ward": "N079", "zone": "N07", "source": "Greater Chennai Corporation", "year": "2024", "shedId": "KOSAS"}, "geometry": {"type": "LineString", "coordinates": [[80.14983, 13.12811], [80.14861, 13.12852], [80.14851, 13.12876]]}}, {"type": "Feature", "properties": {"drain_type": "Side Drain", "material": "Concrete", "status": "Good", "ward": "N079", "zone": "N07", "source": "Greater Chennai Corporation", "year": "2024", "shedId": "KOSAS"}, "geometry": {"type": "LineString", "coordinates": [[80.14851, 13.12876], [80.14794, 13.12881]]}}, {"type": "Feature", "properties": {"drain_type": "Side Drain", "material": "Concrete", "status": "Good", "ward": "N079", "zone": "N07", "source": "Greater Chennai Corporation", "year": "2024", "shedId": "KOSAS"}, "geometry": {"type": "LineString", "coordinates": [[80.14794, 13.12881], [80.14777, 13.13051]]}}, {"type": "Feature", "properties": {"drain_type": "Side Drain", "material": "Concrete", "status": "Good", "ward": "N079", "zone": "N07", "source": "Greater Chennai Corporation", "year": "2024", "shedId": "KOSAS"}, "geometry": {"type": "LineString", "coordinates": [[80.14777, 13.13047], [80.1466, 13.1304]]}}, {"type": "Feature", "properties": {"drain_type": "Side Drain", "material": "Concrete", "status": "Good", "ward": "N079", "zone": "N07", "source": "Greater Chennai Corporation", "year": "2024", "shedId": "KOSAS"}, "geometry": {"type": "LineString", "coordinates": [[80.14655, 13.12909], [80.14791, 13.12912]]}}, {"type": "Feature", "properties": {"drain_type": "Side Drain", "material": "Concrete", "status": "Bad", "ward": "N085", "zone": "N07", "source": "Greater Chennai Corporation", "year": "2024", "shedId": "KOSAS"}, "geometry": {"type": "LineString", "coordinates": [[80.15133, 13.11319], [80.15265, 13.11364], [80.15426, 13.11371]]}}, {"type": "Feature", "properties": {"drain_type": "Side Drain", "material": "Concrete", "status": "Bad", "ward": "N085", "zone": "N07", "source": "Greater Chennai Corporation", "year": "2024", "shedId": "KOSAS"}, "geometry": {"type": "LineString", "coordinates": [[80.15434, 13.11385], [80.15427, 13.11372], [80.15363, 13.11244]]}}, {"type": "Feature", "properties": {"drain_type": "Side Drain", "material": "Concrete", "status": "Good", "ward": "N085", "zone": "N07", "source": "Greater Chennai Corporation", "year": "2024", "shedId": "KOSAS"}, "geometry": {"type": "LineString", "coordinates": [[80.15358, 13.11244], [80.15363, 13.11359]]}}, {"type": "Feature", "properties": {"drain_type": "Side Drain", "material": "Concrete", "status": "Bad", "ward": "N085", "zone": "N07", "source": "Greater Chennai Corporation", "year": "2024", "shedId": "KOSAS"}, "geometry": {"type": "LineString", "coordinates": [[80.15363, 13.11359], [80.15297, 13.1136], [80.15291, 13.1136]]}}, {"type": "Feature", "properties": {"drain_type": "Side Drain", "material": "Concrete", "status": "Good", "ward": "N085", "zone": "N07", "source": "Greater Chennai Corporation", "year": "2024", "shedId": "KOSAS"}, "geometry": {"type": "LineString", "coordinates": [[80.15291, 13.1136], [80.15304, 13.11221]]}}, {"type": "Feature", "properties": {"drain_type": "Side Drain", "material": "Concrete", "status": "Good", "ward": "N085", "zone": "N07", "source": "Greater Chennai Corporation", "year": "2024", "shedId": "KOSAS"}, "geometry": {"type": "LineString", "coordinates": [[80.15304, 13.11221], [80.15122, 13.1123]]}}, {"type": "Feature", "properties": {"drain_type": "Side Drain", "material": "Concrete", "status": "Bad", "ward": "N085", "zone": "N07", "source": "Greater Chennai Corporation", "year": "2024", "shedId": "KOSAS"}, "geometry": {"type": "LineString", "coordinates": [[80.15228, 13.1116], [80.15236, 13.11218]]}}, {"type": "Feature", "properties": {"drain_type": "Side Drain", "material": "Concrete", "status": "Good", "ward": "N085", "zone": "N07", "source": "Greater Chennai Corporation", "year": "2024", "shedId": "KOSAS"}, "geometry": {"type": "LineString", "coordinates": [[80.15117, 13.11218], [80.15176, 13.11329]]}}, {"type": "Feature", "properties": {"drain_type": "Side Drain", "material": "Concrete", "status": "Good", "ward": "N085", "zone": "N07", "source": "Greater Chennai Corporation", "year": "2024", "shedId": "KOSAS"}, "geometry": {"type": "LineString", "coordinates": [[80.153, 13.11314], [80.15309, 13.11218], [80.15341, 13.11193]]}}, {"type": "Feature", "properties": {"drain_type": "Side Drain", "material": "Concrete", "status": "Bad", "ward": "N085", "zone": "N07", "source": "Greater Chennai Corporation", "year": "2024", "shedId": "KOSAS"}, "geometry": {"type": "LineString", "coordinates": [[80.15267, 13.11346], [80.15265, 13.11312], [80.15259, 13.11223]]}}, {"type": "Feature", "properties": {"drain_type": "Side Drain", "material": "Concrete", "status": "Good", "ward": "N085", "zone": "N07", "source": "Greater Chennai Corporation", "year": "2024", "shedId": "KOSAS"}, "geometry": {"type": "LineString", "coordinates": [[80.15254, 13.11223], [80.15262, 13.11358], [80.1523, 13.11347]]}}, {"type": "Feature", "properties": {"drain_type": "Side Drain", "material": "Concrete", "status": "Good", "ward": "N085", "zone": "N07", "source": "Greater Chennai Corporation", "year": "2024", "shedId": "KOSAS"}, "geometry": {"type": "LineString", "coordinates": [[80.1523, 13.11347], [80.15205, 13.11227]]}}, {"type": "Feature", "properties": {"drain_type": "Side Drain", "material": "Concrete", "status": "Good", "ward": "N085", "zone": "N07", "source": "Greater Chennai Corporation", "year": "2024", "shedId": "KOSAS"}, "geometry": {"type": "LineString", "coordinates": [[80.15104, 13.1121], [80.15168, 13.11314]]}}, {"type": "Feature", "properties": {"drain_type": "Side Drain", "material": "Concrete", "status": "Good", "ward": "N085", "zone": "N07", "source": "Greater Chennai Corporation", "year": "2024", "shedId": "KOSAS"}, "geometry": {"type": "LineString", "coordinates": [[80.15405, 13.11312], [80.15559, 13.11291]]}}, {"type": "Feature", "properties": {"drain_type": "Side Drain", "material": "Concrete", "status": "Good", "ward": "N085", "zone": "N07", "source": "Greater Chennai Corporation", "year": "2024", "shedId": "KOSAS"}, "geometry": {"type": "LineString", "coordinates": [[80.15371, 13.11246], [80.15488, 13.11232]]}}, {"type": "Feature", "properties": {"drain_type": "Side Drain", "material": "Concrete", "status": "Good", "ward": "N085", "zone": "N07", "source": "Greater Chennai Corporation", "year": "2024", "shedId": "KOSAS"}, "geometry": {"type": "LineString", "coordinates": [[80.1548, 13.11305], [80.15503, 13.11302], [80.15557, 13.11297]]}}, {"type": "Feature", "properties": {"drain_type": "Side Drain", "material": "Concrete", "status": "Good", "ward": "N085", "zone": "N07", "source": "Greater Chennai Corporation", "year": "2024", "shedId": "KOSAS"}, "geometry": {"type": "LineString", "coordinates": [[80.15542, 13.11363], [80.15612, 13.11157]]}}, {"type": "Feature", "properties": {"drain_type": "Side Drain", "material": "Concrete", "status": "Good", "ward": "N085", "zone": "N07", "source": "Greater Chennai Corporation", "year": "2024", "shedId": "KOSAS"}, "geometry": {"type": "LineString", "coordinates": [[80.15561, 13.11205], [80.15604, 13.11189]]}}, {"type": "Feature", "properties": {"drain_type": "Side Drain", "material": "Concrete", "status": "Good", "ward": "N085", "zone": "N07", "source": "Greater Chennai Corporation", "year": "2024", "shedId": "KOSAS"}, "geometry": {"type": "LineString", "coordinates": [[80.15578, 13.11248], [80.15487, 13.11236], [80.1549, 13.11213], [80.15606, 13.11184]]}}, {"type": "Feature", "properties": {"drain_type": "Side Drain", "material": "Concrete", "status": "Good", "ward": "N085", "zone": "N07", "source": "Greater Chennai Corporation", "year": "2024", "shedId": "KOSAS"}, "geometry": {"type": "LineString", "coordinates": [[80.15574, 13.11067], [80.15553, 13.11074]]}}, {"type": "Feature", "properties": {"drain_type": "Side Drain", "material": "Concrete", "status": "Good", "ward": "N085", "zone": "N07", "source": "Greater Chennai Corporation", "year": "2024", "shedId": "KOSAS"}, "geometry": {"type": "LineString", "coordinates": [[80.15593, 13.11107], [80.15564, 13.11114]]}}, {"type": "Feature", "properties": {"drain_type": "Side Drain", "material": "Concrete", "status": "Good", "ward": "N085", "zone": "N07", "source": "Greater Chennai Corporation", "year": "2024", "shedId": "KOSAS"}, "geometry": {"type": "LineString", "coordinates": [[80.15593, 13.11111], [80.15577, 13.11115], [80.15565, 13.11117]]}}, {"type": "Feature", "properties": {"drain_type": "Side Drain", "material": "Concrete", "status": "Good", "ward": "N085", "zone": "N07", "source": "Greater Chennai Corporation", "year": "2024", "shedId": "KOSAS"}, "geometry": {"type": "LineString", "coordinates": [[80.1558, 13.11193], [80.15529, 13.11016]]}}, {"type": "Feature", "properties": {"drain_type": "Side Drain", "material": "Concrete", "status": "Good", "ward": "N085", "zone": "N07", "source": "Greater Chennai Corporation", "year": "2024", "shedId": "KOSAS"}, "geometry": {"type": "LineString", "coordinates": [[80.15574, 13.11002], [80.15442, 13.11042]]}}, {"type": "Feature", "properties": {"drain_type": "Side Drain", "material": "Concrete", "status": "Good", "ward": "N085", "zone": "N07", "source": "Greater Chennai Corporation", "year": "2024", "shedId": "KOSAS"}, "geometry": {"type": "LineString", "coordinates": [[80.15435, 13.11043], [80.15322, 13.11057]]}}, {"type": "Feature", "properties": {"drain_type": "Side Drain", "material": "Concrete", "status": "Good", "ward": "N085", "zone": "N07", "source": "Greater Chennai Corporation", "year": "2024", "shedId": "KOSAS"}, "geometry": {"type": "LineString", "coordinates": [[80.15423, 13.10907], [80.15501, 13.10917], [80.15582, 13.10992]]}}, {"type": "Feature", "properties": {"drain_type": "Side Drain", "material": "Concrete", "status": "Good", "ward": "N085", "zone": "N07", "source": "Greater Chennai Corporation", "year": "2024", "shedId": "KOSAS"}, "geometry": {"type": "LineString", "coordinates": [[80.15606, 13.10961], [80.15637, 13.11114]]}}, {"type": "Feature", "properties": {"drain_type": "Side Drain", "material": "Concrete", "status": "Good", "ward": "N085", "zone": "N07", "source": "Greater Chennai Corporation", "year": "2024", "shedId": "KOSAS"}, "geometry": {"type": "LineString", "coordinates": [[80.15632, 13.11068], [80.15725, 13.11023], [80.15672, 13.1099], [80.15654, 13.11]]}}, {"type": "Feature", "properties": {"drain_type": "Side Drain", "material": "Concrete", "status": "Good", "ward": "N085", "zone": "N07", "source": "Greater Chennai Corporation", "year": "2024", "shedId": "KOSAS"}, "geometry": {"type": "LineString", "coordinates": [[80.15617, 13.1101], [80.15671, 13.10984], [80.15737, 13.11024], [80.15632, 13.11075]]}}, {"type": "Feature", "properties": {"drain_type": "Side Drain", "material": "Concrete", "status": "Good", "ward": "N085", "zone": "N07", "source": "Greater Chennai Corporation", "year": "2024", "shedId": "KOSAS"}, "geometry": {"type": "LineString", "coordinates": [[80.15588, 13.10924], [80.15633, 13.11114]]}}, {"type": "Feature", "properties": {"drain_type": "Side Drain", "material": "Concrete", "status": "Good", "ward": "N085", "zone": "N07", "source": "Greater Chennai Corporation", "year": "2024", "shedId": "KOSAS"}, "geometry": {"type": "LineString", "coordinates": [[80.15765, 13.11064], [80.15708, 13.11094], [80.15729, 13.11113]]}}, {"type": "Feature", "properties": {"drain_type": "Side Drain", "material": "Concrete", "status": "Good", "ward": "N085", "zone": "N07", "source": "Greater Chennai Corporation", "year": "2024", "shedId": "KOSAS"}, "geometry": {"type": "LineString", "coordinates": [[80.16342, 13.11104], [80.15923, 13.11093], [80.15731, 13.11111], [80.15718, 13.11125], [80.15637, 13.11114], [80.15617, 13.11125]]}}, {"type": "Feature", "properties": {"drain_type": "SWD", "material": "Concrete", "status": "Good", "ward": "N085", "zone": "N07", "source": "Greater Chennai Corporation", "year": "2024", "shedId": "KOSAS"}, "geometry": {"type": "LineString", "coordinates": [[80.16592, 13.10061], [80.16228, 13.10159]]}}, {"type": "Feature", "properties": {"drain_type": "Side Drain", "material": "Concrete", "status": "Good", "ward": "N085", "zone": "N07", "source": "Greater Chennai Corporation", "year": "2024", "shedId": "KOSAS"}, "geometry": {"type": "LineString", "coordinates": [[80.16762, 13.10117], [80.16772, 13.1024]]}}, {"type": "Feature", "properties": {"drain_type": "Side Drain", "material": "Concrete", "status": "Good", "ward": "N085", "zone": "N07", "source": "Greater Chennai Corporation", "year": "2024", "shedId": "KOSAS"}, "geometry": {"type": "LineString", "coordinates": [[80.16763, 13.10151], [80.16781, 13.10288], [80.16767, 13.10297]]}}, {"type": "Feature", "properties": {"drain_type": "Side Drain", "material": "Concrete", "status": "Good", "ward": "N085", "zone": "N07", "source": "Greater Chennai Corporation", "year": "2024", "shedId": "KOSAS"}, "geometry": {"type": "LineString", "coordinates": [[80.16772, 13.1024], [80.16676, 13.10259], [80.1668, 13.10299]]}}, {"type": "Feature", "properties": {"drain_type": "SWD", "material": "Concrete", "status": "Bad", "ward": "N085", "zone": "N07", "source": "Greater Chennai Corporation", "year": "2024", "shedId": "KOSAS"}, "geometry": {"type": "LineString", "coordinates": [[80.16767, 13.10297], [80.16663, 13.10301], [80.16661, 13.10345], [80.16689, 13.10363], [80.16707, 13.10436], [80.16646, 13.10462], [80.1666, 13.1059]]}}, {"type": "Feature", "properties": {"drain_type": "Side Drain", "material": "Concrete", "status": "Bad", "ward": "N085", "zone": "N07", "source": "Greater Chennai Corporation", "year": "2024", "shedId": "KOSAS"}, "geometry": {"type": "LineString", "coordinates": [[80.16899, 13.10321], [80.16806, 13.10324], [80.16675, 13.10353]]}}, {"type": "Feature", "properties": {"drain_type": "Side Drain", "material": "Concrete", "status": "Good", "ward": "N085", "zone": "N07", "source": "Greater Chennai Corporation", "year": "2024", "shedId": "KOSAS"}, "geometry": {"type": "LineString", "coordinates": [[80.16696, 13.10399], [80.16906, 13.10347]]}}, {"type": "Feature", "properties": {"drain_type": "Side Drain", "material": "Concrete", "status": "Good", "ward": "N085", "zone": "N07", "source": "Greater Chennai Corporation", "year": "2024", "shedId": "KOSAS"}, "geometry": {"type": "LineString", "coordinates": [[80.1684, 13.10287], [80.16815, 13.10188], [80.16783, 13.1013]]}}, {"type": "Feature", "properties": {"drain_type": "Side Drain", "material": "Concrete", "status": "Good", "ward": "N085", "zone": "N07", "source": "Greater Chennai Corporation", "year": "2024", "shedId": "KOSAS"}, "geometry": {"type": "LineString", "coordinates": [[80.16033, 13.10853], [80.1604, 13.10582], [80.16029, 13.10426], [80.16002, 13.10302]]}}, {"type": "Feature", "properties": {"drain_type": "Side Drain", "material": "Concrete", "status": "Good", "ward": "N085", "zone": "N07", "source": "Greater Chennai Corporation", "year": "2024", "shedId": "KOSAS"}, "geometry": {"type": "LineString", "coordinates": [[80.15575, 13.11072], [80.15555, 13.11077], [80.15554, 13.11078]]}}, {"type": "Feature", "properties": {"drain_type": "Side Drain", "material": "Concrete", "status": "Good", "ward": "N085", "zone": "N07", "source": "Greater Chennai Corporation", "year": "2024", "shedId": "KOSAS"}, "geometry": {"type": "LineString", "coordinates": [[80.15586, 13.11191], [80.15534, 13.11014]]}}, {"type": "Feature", "properties": {"drain_type": "Side Drain", "material": "Concrete", "status": "Good", "ward": "N085", "zone": "N07", "source": "Greater Chennai Corporation", "year": "2024", "shedId": "KOSAS"}, "geometry": {"type": "LineString", "coordinates": [[80.15453, 13.1092], [80.15502, 13.10922], [80.15578, 13.10996], [80.15439, 13.11036]]}}, {"type": "Feature", "properties": {"drain_type": "Side Drain", "material": "Concrete", "status": "Good", "ward": "N085", "zone": "N07", "source": "Greater Chennai Corporation", "year": "2024", "shedId": "KOSAS"}, "geometry": {"type": "LineString", "coordinates": [[80.15442, 13.11042], [80.15483, 13.11196]]}}, {"type": "Feature", "properties": {"drain_type": "Side Drain", "material": "Concrete", "status": "Good", "ward": "N085", "zone": "N07", "source": "Greater Chennai Corporation", "year": "2024", "shedId": "KOSAS"}, "geometry": {"type": "LineString", "coordinates": [[80.15432, 13.11038], [80.15324, 13.11052]]}}, {"type": "Feature", "properties": {"drain_type": "Side Drain", "material": "Concrete", "status": "Bad", "ward": "N085", "zone": "N07", "source": "Greater Chennai Corporation", "year": "2024", "shedId": "KOSAS"}, "geometry": {"type": "LineString", "coordinates": [[80.15441, 13.11383], [80.15358, 13.1122], [80.15305, 13.1115]]}}, {"type": "Feature", "properties": {"drain_type": "Side Drain", "material": "Concrete", "status": "Good", "ward": "N085", "zone": "N07", "source": "Greater Chennai Corporation", "year": "2024", "shedId": "KOSAS"}, "geometry": {"type": "LineString", "coordinates": [[80.15435, 13.11043], [80.15472, 13.11173]]}}, {"type": "Feature", "properties": {"drain_type": "Side Drain", "material": "Concrete", "status": "Bad", "ward": "N085", "zone": "N07", "source": "Greater Chennai Corporation", "year": "2024", "shedId": "KOSAS"}, "geometry": {"type": "LineString", "coordinates": [[80.15176, 13.11329], [80.15185, 13.11332], [80.15226, 13.11345]]}}, {"type": "Feature", "properties": {"drain_type": "Side Drain", "material": "Concrete", "status": "Good", "ward": "N085", "zone": "N07", "source": "Greater Chennai Corporation", "year": "2024", "shedId": "KOSAS"}, "geometry": {"type": "LineString", "coordinates": [[80.15224, 13.11333], [80.152, 13.11227]]}}, {"type": "Feature", "properties": {"drain_type": "SWD", "material": "Concrete", "status": "Bad", "ward": "N085", "zone": "N07", "source": "Greater Chennai Corporation", "year": "2024", "shedId": "KOSAS"}, "geometry": {"type": "LineString", "coordinates": [[80.1523, 13.11352], [80.15225, 13.11399], [80.15101, 13.114]]}}, {"type": "Feature", "properties": {"drain_type": "SWD", "material": "Concrete", "status": "Good", "ward": "N085", "zone": "N07", "source": "Greater Chennai Corporation", "year": "2024", "shedId": "KOSAS"}, "geometry": {"type": "LineString", "coordinates": [[80.15101, 13.114], [80.15133, 13.11319]]}}, {"type": "Feature", "properties": {"drain_type": "Side Drain", "material": "Concrete", "status": "Good", "ward": "N085", "zone": "N07", "source": "Greater Chennai Corporation", "year": "2024", "shedId": "KOSAS"}, "geometry": {"type": "LineString", "coordinates": [[80.15119, 13.11224], [80.15304, 13.11215], [80.15333, 13.11192]]}}, {"type": "Feature", "properties": {"drain_type": "Side Drain", "material": "Concrete", "status": "Bad", "ward": "N085", "zone": "N07", "source": "Greater Chennai Corporation", "year": "2024", "shedId": "KOSAS"}, "geometry": {"type": "LineString", "coordinates": [[80.15333, 13.11192], [80.15289, 13.11145]]}}, {"type": "Feature", "properties": {"drain_type": "Side Drain", "material": "Concrete", "status": "Good", "ward": "N085", "zone": "N07", "source": "Greater Chennai Corporation", "year": "2024", "shedId": "KOSAS"}, "geometry": {"type": "LineString", "coordinates": [[80.16906, 13.10347], [80.16895, 13.10287], [80.1684, 13.10287]]}}, {"type": "Feature", "properties": {"drain_type": "Side Drain", "material": "Concrete", "status": "Good", "ward": "N085", "zone": "N07", "source": "Greater Chennai Corporation", "year": "2024", "shedId": "KOSAS"}, "geometry": {"type": "LineString", "coordinates": [[80.16767, 13.10297], [80.16776, 13.1033]]}}, {"type": "Feature", "properties": {"drain_type": "Side Drain", "material": "Concrete", "status": "Good", "ward": "N085", "zone": "N07", "source": "Greater Chennai Corporation", "year": "2024", "shedId": "KOSAS"}, "geometry": {"type": "LineString", "coordinates": [[80.15414, 13.10975], [80.15432, 13.11038]]}}, {"type": "Feature", "properties": {"drain_type": "SWD", "material": "Concrete", "status": "Good", "ward": "N078", "zone": "N06", "source": "Greater Chennai Corporation", "year": "2024", "shedId": "KOSAS"}, "geometry": {"type": "LineString", "coordinates": [[80.25554, 13.08616], [80.2544, 13.09018]]}}, {"type": "Feature", "properties": {"drain_type": "SWD", "material": "Concrete", "status": "Good", "ward": "N078", "zone": "N06", "source": "Greater Chennai Corporation", "year": "2024", "shedId": "KOSAS"}, "geometry": {"type": "LineString", "coordinates": [[80.25544, 13.08607], [80.25428, 13.09011], [80.25439, 13.09018], [80.25424, 13.09048], [80.25424, 13.09123]]}}, {"type": "Feature", "properties": {"drain_type": "SWD", "material": "Concrete", "status": "Good", "ward": "N078", "zone": "N06", "source": "Greater Chennai Corporation", "year": "2024", "shedId": "KOSAS"}, "geometry": {"type": "LineString", "coordinates": [[80.25424, 13.09123], [80.25487, 13.09125]]}}, {"type": "Feature", "properties": {"drain_type": "SWD", "material": "Concrete", "status": "Good", "ward": "N078", "zone": "N06", "source": "Greater Chennai Corporation", "year": "2024", "shedId": "KOSAS"}, "geometry": {"type": "LineString", "coordinates": [[80.25487, 13.09125], [80.25505, 13.09148], [80.25616, 13.09238]]}}, {"type": "Feature", "properties": {"drain_type": "SWD", "material": "Concrete", "status": "Good", "ward": "N078", "zone": "N06", "source": "Greater Chennai Corporation", "year": "2024", "shedId": "KOSAS"}, "geometry": {"type": "LineString", "coordinates": [[80.25439, 13.09018], [80.25698, 13.09084], [80.25864, 13.09089]]}}, {"type": "Feature", "properties": {"drain_type": "SWD", "material": "Concrete", "status": "Good", "ward": "N078", "zone": "N06", "source": "Greater Chennai Corporation", "year": "2024", "shedId": "KOSAS"}, "geometry": {"type": "LineString", "coordinates": [[80.25696, 13.09084], [80.2565, 13.09316]]}}, {"type": "Feature", "properties": {"drain_type": "SWD", "material": "Concrete", "status": "Good", "ward": "N078", "zone": "N06", "source": "Greater Chennai Corporation", "year": "2024", "shedId": "KOSAS"}, "geometry": {"type": "LineString", "coordinates": [[80.2565, 13.09316], [80.2559, 13.09303]]}}, {"type": "Feature", "properties": {"drain_type": "SWD", "material": "Concrete", "status": "Good", "ward": "N078", "zone": "N06", "source": "Greater Chennai Corporation", "year": "2024", "shedId": "KOSAS"}, "geometry": {"type": "LineString", "coordinates": [[80.25871, 13.09069], [80.25891, 13.09364]]}}, {"type": "Feature", "properties": {"drain_type": "SWD", "material": "Concrete", "status": "Good", "ward": "N078", "zone": "N06", "source": "Greater Chennai Corporation", "year": "2024", "shedId": "KOSAS"}, "geometry": {"type": "LineString", "coordinates": [[80.25876, 13.09242], [80.25882, 13.09358]]}}, {"type": "Feature", "properties": {"drain_type": "SWD", "material": "Concrete", "status": "Good", "ward": "N078", "zone": "N06", "source": "Greater Chennai Corporation", "year": "2024", "shedId": "KOSAS"}, "geometry": {"type": "LineString", "coordinates": [[80.26069, 13.09127], [80.26029, 13.09351]]}}, {"type": "Feature", "properties": {"drain_type": "Side Drain", "material": "", "status": "Good", "ward": "N078", "zone": "N06", "source": "Greater Chennai Corporation", "year": "2024", "shedId": "KOSAS"}, "geometry": {"type": "LineString", "coordinates": [[80.26046, 13.09242], [80.262, 13.09237]]}}, {"type": "Feature", "properties": {"drain_type": "SWD", "material": "Concrete", "status": "Good", "ward": "N078", "zone": "N06", "source": "Greater Chennai Corporation", "year": "2024", "shedId": "KOSAS"}, "geometry": {"type": "LineString", "coordinates": [[80.26054, 13.09203], [80.26204, 13.09199]]}}, {"type": "Feature", "properties": {"drain_type": "SWD", "material": "Concrete", "status": "Good", "ward": "N078", "zone": "N06", "source": "Greater Chennai Corporation", "year": "2024", "shedId": "KOSAS"}, "geometry": {"type": "LineString", "coordinates": [[80.26282, 13.09352], [80.2629, 13.09301], [80.26357, 13.09284], [80.2635, 13.0923]]}}, {"type": "Feature", "properties": {"drain_type": "SWD", "material": "Concrete", "status": "Good", "ward": "N078", "zone": "N06", "source": "Greater Chennai Corporation", "year": "2024", "shedId": "KOSAS"}, "geometry": {"type": "LineString", "coordinates": [[80.26528, 13.09008], [80.26737, 13.09048], [80.2695, 13.09053]]}}, {"type": "Feature", "properties": {"drain_type": "SWD", "material": "Concrete", "status": "Good", "ward": "N078", "zone": "N06", "source": "Greater Chennai Corporation", "year": "2024", "shedId": "KOSAS"}, "geometry": {"type": "LineString", "coordinates": [[80.26625, 13.09035], [80.26623, 13.0907], [80.2659, 13.09108]]}}, {"type": "Feature", "properties": {"drain_type": "SWD", "material": "Concrete", "status": "Good", "ward": "N078", "zone": "N06", "source": "Greater Chennai Corporation", "year": "2024", "shedId": "KOSAS"}, "geometry": {"type": "LineString", "coordinates": [[80.26919, 13.09062], [80.26929, 13.09105], [80.26936, 13.09222]]}}, {"type": "Feature", "properties": {"drain_type": "SWD", "material": "Concrete", "status": "Good", "ward": "N078", "zone": "N06", "source": "Greater Chennai Corporation", "year": "2024", "shedId": "KOSAS"}, "geometry": {"type": "LineString", "coordinates": [[80.26951, 13.09111], [80.26961, 13.0922]]}}, {"type": "Feature", "properties": {"drain_type": "SWD", "material": "Concrete", "status": "Good", "ward": "N078", "zone": "N06", "source": "Greater Chennai Corporation", "year": "2024", "shedId": "KOSAS"}, "geometry": {"type": "LineString", "coordinates": [[80.26282, 13.09365], [80.25892, 13.09359]]}}, {"type": "Feature", "properties": {"drain_type": "SWD", "material": "Concrete", "status": "Good", "ward": "N078", "zone": "N06", "source": "Greater Chennai Corporation", "year": "2024", "shedId": "KOSAS"}, "geometry": {"type": "LineString", "coordinates": [[80.25891, 13.09351], [80.26238, 13.09348]]}}, {"type": "Feature", "properties": {"drain_type": "Side Drain", "material": "Brick wall", "status": "Good", "ward": "N087", "zone": "N07", "source": "Greater Chennai Corporation", "year": "2024", "shedId": "KOSAS"}, "geometry": {"type": "LineString", "coordinates": [[80.18479, 13.09759], [80.18671, 13.09741]]}}, {"type": "Feature", "properties": {"drain_type": "Side Drain", "material": "Brick wall", "status": "Good", "ward": "N087", "zone": "N07", "source": "Greater Chennai Corporation", "year": "2024", "shedId": "KOSAS"}, "geometry": {"type": "LineString", "coordinates": [[80.18477, 13.09755], [80.1867, 13.09736]]}}, {"type": "Feature", "properties": {"drain_type": "Side Drain", "material": "Concrete Wall", "status": "Good", "ward": "N087", "zone": "N07", "source": "Greater Chennai Corporation", "year": "2024", "shedId": "KOSAS"}, "geometry": {"type": "LineString", "coordinates": [[80.18352, 13.09847], [80.18347, 13.09777]]}}, {"type": "Feature", "properties": {"drain_type": "Side Drain", "material": "Brick wall", "status": "Good", "ward": "N087", "zone": "N07", "source": "Greater Chennai Corporation", "year": "2024", "shedId": "KOSAS"}, "geometry": {"type": "LineString", "coordinates": [[80.18764, 13.09767], [80.18683, 13.09775]]}}, {"type": "Feature", "properties": {"drain_type": "SWD", "material": "Brick wall", "status": "Bad", "ward": "N087", "zone": "N07", "source": "Greater Chennai Corporation", "year": "2024", "shedId": "KOSAS"}, "geometry": {"type": "LineString", "coordinates": [[80.18561, 13.0962], [80.18885, 13.09599]]}}, {"type": "Feature", "properties": {"drain_type": "Side Drain", "material": "Brick wall", "status": "Good", "ward": "N087", "zone": "N07", "source": "Greater Chennai Corporation", "year": "2024", "shedId": "KOSAS"}, "geometry": {"type": "LineString", "coordinates": [[80.18604, 13.09675], [80.18599, 13.09616]]}}, {"type": "Feature", "properties": {"drain_type": "SWD", "material": "Brick wall", "status": "Bad", "ward": "N087", "zone": "N07", "source": "Greater Chennai Corporation", "year": "2024", "shedId": "KOSAS"}, "geometry": {"type": "LineString", "coordinates": [[80.18606, 13.09674], [80.18602, 13.09615]]}}, {"type": "Feature", "properties": {"drain_type": "Side Drain", "material": "Brick wall", "status": "Bad", "ward": "N087", "zone": "N07", "source": "Greater Chennai Corporation", "year": "2024", "shedId": "KOSAS"}, "geometry": {"type": "LineString", "coordinates": [[80.18626, 13.09666], [80.18621, 13.09614]]}}, {"type": "Feature", "properties": {"drain_type": "SWD", "material": "Brick wall", "status": "Bad", "ward": "N087", "zone": "N07", "source": "Greater Chennai Corporation", "year": "2024", "shedId": "KOSAS"}, "geometry": {"type": "LineString", "coordinates": [[80.18628, 13.09664], [80.18623, 13.09614]]}}, {"type": "Feature", "properties": {"drain_type": "SWD", "material": "Brick wall", "status": "Bad", "ward": "N087", "zone": "N07", "source": "Greater Chennai Corporation", "year": "2024", "shedId": "KOSAS"}, "geometry": {"type": "LineString", "coordinates": [[80.1868, 13.09696], [80.18676, 13.0966], [80.18671, 13.0961]]}}, {"type": "Feature", "properties": {"drain_type": "Side Drain", "material": "Concrete Wall", "status": "Good", "ward": "N087", "zone": "N07", "source": "Greater Chennai Corporation", "year": "2024", "shedId": "KOSAS"}, "geometry": {"type": "LineString", "coordinates": [[80.18684, 13.09693], [80.18679, 13.09656], [80.18675, 13.0961]]}}, {"type": "Feature", "properties": {"drain_type": "Side Drain", "material": "Concrete Wall", "status": "Good", "ward": "N087", "zone": "N07", "source": "Greater Chennai Corporation", "year": "2024", "shedId": "KOSAS"}, "geometry": {"type": "LineString", "coordinates": [[80.18753, 13.09695], [80.1875, 13.09644], [80.18749, 13.09608]]}}, {"type": "Feature", "properties": {"drain_type": "Side Drain", "material": "Concrete", "status": "Bad", "ward": "N087", "zone": "N07", "source": "Greater Chennai Corporation", "year": "2024", "shedId": "KOSAS"}, "geometry": {"type": "LineString", "coordinates": [[80.18756, 13.09633], [80.18756, 13.09607]]}}, {"type": "Feature", "properties": {"drain_type": "Side Drain", "material": "Concrete Wall", "status": "Good", "ward": "N087", "zone": "N07", "source": "Greater Chennai Corporation", "year": "2024", "shedId": "KOSAS"}, "geometry": {"type": "LineString", "coordinates": [[80.18805, 13.09592], [80.18808, 13.0966], [80.1883, 13.09789]]}}, {"type": "Feature", "properties": {"drain_type": "Side Drain", "material": "Concrete Wall", "status": "Good", "ward": "N087", "zone": "N07", "source": "Greater Chennai Corporation", "year": "2024", "shedId": "KOSAS"}, "geometry": {"type": "LineString", "coordinates": [[80.18783, 13.09793], [80.18796, 13.09793], [80.1883, 13.09789]]}}, {"type": "Feature", "properties": {"drain_type": "SWD", "material": "Brick wall", "status": "Bad", "ward": "N087", "zone": "N07", "source": "Greater Chennai Corporation", "year": "2024", "shedId": "KOSAS"}, "geometry": {"type": "LineString", "coordinates": [[80.18779, 13.09756], [80.18827, 13.09752]]}}, {"type": "Feature", "properties": {"drain_type": "Side Drain", "material": "Concrete", "status": "Bad", "ward": "N087", "zone": "N07", "source": "Greater Chennai Corporation", "year": "2024", "shedId": "KOSAS"}, "geometry": {"type": "LineString", "coordinates": [[80.18891, 13.0968], [80.18823, 13.09688]]}}, {"type": "Feature", "properties": {"drain_type": "Side Drain", "material": "Concrete", "status": "Bad", "ward": "N087", "zone": "N07", "source": "Greater Chennai Corporation", "year": "2024", "shedId": "KOSAS"}, "geometry": {"type": "LineString", "coordinates": [[80.18895, 13.09686], [80.18856, 13.09689], [80.18824, 13.09693]]}}, {"type": "Feature", "properties": {"drain_type": "Side Drain", "material": "Brick wall", "status": "Good", "ward": "N087", "zone": "N07", "source": "Greater Chennai Corporation", "year": "2024", "shedId": "KOSAS"}, "geometry": {"type": "LineString", "coordinates": [[80.18824, 13.09693], [80.18817, 13.09604]]}}, {"type": "Feature", "properties": {"drain_type": "Side Drain", "material": "Concrete Wall", "status": "Good", "ward": "N087", "zone": "N07", "source": "Greater Chennai Corporation", "year": "2024", "shedId": "KOSAS"}, "geometry": {"type": "LineString", "coordinates": [[80.1882, 13.09646], [80.18927, 13.09637]]}}, {"type": "Feature", "properties": {"drain_type": "Side Drain", "material": "Concrete Wall", "status": "Good", "ward": "N087", "zone": "N07", "source": "Greater Chennai Corporation", "year": "2024", "shedId": "KOSAS"}, "geometry": {"type": "LineString", "coordinates": [[80.1882, 13.09641], [80.18913, 13.09634]]}}, {"type": "Feature", "properties": {"drain_type": "Side Drain", "material": "Brick wall", "status": "Bad", "ward": "N087", "zone": "N07", "source": "Greater Chennai Corporation", "year": "2024", "shedId": "KOSAS"}, "geometry": {"type": "LineString", "coordinates": [[80.18459, 13.09644], [80.18496, 13.0986]]}}, {"type": "Feature", "properties": {"drain_type": "SWD", "material": "Brick wall", "status": "Bad", "ward": "N087", "zone": "N07", "source": "Greater Chennai Corporation", "year": "2024", "shedId": "KOSAS"}, "geometry": {"type": "LineString", "coordinates": [[80.18492, 13.09898], [80.18452, 13.09655]]}}, {"type": "Feature", "properties": {"drain_type": "SWD", "material": "Concrete", "status": "Good", "ward": "N002", "zone": "N01", "source": "Greater Chennai Corporation", "year": "2024", "shedId": "KOSAS"}, "geometry": {"type": "LineString", "coordinates": [[80.31519, 13.20659], [80.31723, 13.21165], [80.31919, 13.21338], [80.32006, 13.21442]]}}, {"type": "Feature", "properties": {"drain_type": "Side Drain", "material": "Concrete", "status": "Good", "ward": "N002", "zone": "N01", "source": "Greater Chennai Corporation", "year": "2024", "shedId": "KOSAS"}, "geometry": {"type": "LineString", "coordinates": [[80.31919, 13.21338], [80.31878, 13.21371], [80.31876, 13.21394]]}}, {"type": "Feature", "properties": {"drain_type": "Side Drain", "material": "Concrete", "status": "Bad", "ward": "N002", "zone": "N01", "source": "Greater Chennai Corporation", "year": "2024", "shedId": "KOSAS"}, "geometry": {"type": "LineString", "coordinates": [[80.31458, 13.20814], [80.31573, 13.208]]}}, {"type": "Feature", "properties": {"drain_type": "Side Drain", "material": "Concrete", "status": "Good", "ward": "N002", "zone": "N01", "source": "Greater Chennai Corporation", "year": "2024", "shedId": "KOSAS"}, "geometry": {"type": "LineString", "coordinates": [[80.31501, 13.20813], [80.31574, 13.20803]]}}, {"type": "Feature", "properties": {"drain_type": "Side Drain", "material": "Concrete", "status": "Good", "ward": "N002", "zone": "N01", "source": "Greater Chennai Corporation", "year": "2024", "shedId": "KOSAS"}, "geometry": {"type": "LineString", "coordinates": [[80.31498, 13.20835], [80.31583, 13.20821]]}}, {"type": "Feature", "properties": {"drain_type": "Side Drain", "material": "Concrete", "status": "Good", "ward": "N002", "zone": "N01", "source": "Greater Chennai Corporation", "year": "2024", "shedId": "KOSAS"}, "geometry": {"type": "LineString", "coordinates": [[80.31662, 13.21366], [80.31635, 13.21266]]}}, {"type": "Feature", "properties": {"drain_type": "Side Drain", "material": "Concrete", "status": "Good", "ward": "N002", "zone": "N01", "source": "Greater Chennai Corporation", "year": "2024", "shedId": "KOSAS"}, "geometry": {"type": "LineString", "coordinates": [[80.31661, 13.21258], [80.31667, 13.21278]]}}, {"type": "Feature", "properties": {"drain_type": "Side Drain", "material": "Concrete", "status": "Good", "ward": "N002", "zone": "N01", "source": "Greater Chennai Corporation", "year": "2024", "shedId": "KOSAS"}, "geometry": {"type": "LineString", "coordinates": [[80.31662, 13.21255], [80.31669, 13.21277], [80.31669, 13.21278]]}}, {"type": "Feature", "properties": {"drain_type": "Side Drain", "material": "Concrete", "status": "Good", "ward": "N002", "zone": "N01", "source": "Greater Chennai Corporation", "year": "2024", "shedId": "KOSAS"}, "geometry": {"type": "LineString", "coordinates": [[80.31686, 13.21255], [80.31689, 13.21271], [80.31689, 13.21272]]}}, {"type": "Feature", "properties": {"drain_type": "Side Drain", "material": "Concrete", "status": "Good", "ward": "N002", "zone": "N01", "source": "Greater Chennai Corporation", "year": "2024", "shedId": "KOSAS"}, "geometry": {"type": "LineString", "coordinates": [[80.31687, 13.21248], [80.31691, 13.21271], [80.31691, 13.21271]]}}, {"type": "Feature", "properties": {"drain_type": "Side Drain", "material": "Concrete", "status": "Good", "ward": "N002", "zone": "N01", "source": "Greater Chennai Corporation", "year": "2024", "shedId": "KOSAS"}, "geometry": {"type": "LineString", "coordinates": [[80.31699, 13.21271], [80.31668, 13.21281], [80.31644, 13.2129]]}}, {"type": "Feature", "properties": {"drain_type": "Side Drain", "material": "Concrete", "status": "Good", "ward": "N002", "zone": "N01", "source": "Greater Chennai Corporation", "year": "2024", "shedId": "KOSAS"}, "geometry": {"type": "LineString", "coordinates": [[80.31668, 13.21281], [80.31695, 13.21389]]}}, {"type": "Feature", "properties": {"drain_type": "Side Drain", "material": "Concrete", "status": "Good", "ward": "N002", "zone": "N01", "source": "Greater Chennai Corporation", "year": "2024", "shedId": "KOSAS"}, "geometry": {"type": "LineString", "coordinates": [[80.31671, 13.21389], [80.31663, 13.21358], [80.31686, 13.21352]]}}, {"type": "Feature", "properties": {"drain_type": "Side Drain", "material": "Concrete", "status": "Good", "ward": "N002", "zone": "N01", "source": "Greater Chennai Corporation", "year": "2024", "shedId": "KOSAS"}, "geometry": {"type": "LineString", "coordinates": [[80.31894, 13.21351], [80.31852, 13.21401]]}}, {"type": "Feature", "properties": {"drain_type": "Side Drain", "material": "Concrete", "status": "Good", "ward": "N002", "zone": "N01", "source": "Greater Chennai Corporation", "year": "2024", "shedId": "KOSAS"}, "geometry": {"type": "LineString", "coordinates": [[80.31818, 13.21409], [80.31847, 13.21401]]}}, {"type": "Feature", "properties": {"drain_type": "Side Drain", "material": "Concrete", "status": "Good", "ward": "N002", "zone": "N01", "source": "Greater Chennai Corporation", "year": "2024", "shedId": "KOSAS"}, "geometry": {"type": "LineString", "coordinates": [[80.31771, 13.21258], [80.31788, 13.21339], [80.31824, 13.21331]]}}, {"type": "Feature", "properties": {"drain_type": "Side Drain", "material": "Concrete", "status": "Good", "ward": "N002", "zone": "N01", "source": "Greater Chennai Corporation", "year": "2024", "shedId": "KOSAS"}, "geometry": {"type": "LineString", "coordinates": [[80.31825, 13.21334], [80.3179, 13.21343], [80.31802, 13.21402]]}}, {"type": "Feature", "properties": {"drain_type": "Side Drain", "material": "Concrete", "status": "Good", "ward": "N002", "zone": "N01", "source": "Greater Chennai Corporation", "year": "2024", "shedId": "KOSAS"}, "geometry": {"type": "LineString", "coordinates": [[80.31798, 13.21402], [80.31785, 13.21346]]}}, {"type": "Feature", "properties": {"drain_type": "Side Drain", "material": "Concrete", "status": "Good", "ward": "N002", "zone": "N01", "source": "Greater Chennai Corporation", "year": "2024", "shedId": "KOSAS"}, "geometry": {"type": "LineString", "coordinates": [[80.31623, 13.21588], [80.3173, 13.21529], [80.3183, 13.21516]]}}, {"type": "Feature", "properties": {"drain_type": "Side Drain", "material": "Concrete", "status": "Good", "ward": "N002", "zone": "N01", "source": "Greater Chennai Corporation", "year": "2024", "shedId": "KOSAS"}, "geometry": {"type": "LineString", "coordinates": [[80.31757, 13.21499], [80.31761, 13.21524]]}}, {"type": "Feature", "properties": {"drain_type": "Side Drain", "material": "Concrete", "status": "Good", "ward": "N002", "zone": "N01", "source": "Greater Chennai Corporation", "year": "2024", "shedId": "KOSAS"}, "geometry": {"type": "LineString", "coordinates": [[80.31758, 13.21524], [80.31758, 13.21584]]}}, {"type": "Feature", "properties": {"drain_type": "Side Drain", "material": "Concrete", "status": "Good", "ward": "N002", "zone": "N01", "source": "Greater Chennai Corporation", "year": "2024", "shedId": "KOSAS"}, "geometry": {"type": "LineString", "coordinates": [[80.31783, 13.21521], [80.31784, 13.21592]]}}, {"type": "Feature", "properties": {"drain_type": "Side Drain", "material": "Concrete", "status": "Good", "ward": "N002", "zone": "N01", "source": "Greater Chennai Corporation", "year": "2024", "shedId": "KOSAS"}, "geometry": {"type": "LineString", "coordinates": [[80.31722, 13.21538], [80.31754, 13.21653]]}}, {"type": "Feature", "properties": {"drain_type": "Side Drain", "material": "Concrete", "status": "Good", "ward": "N002", "zone": "N01", "source": "Greater Chennai Corporation", "year": "2024", "shedId": "KOSAS"}, "geometry": {"type": "LineString", "coordinates": [[80.31705, 13.21548], [80.31734, 13.21656]]}}, {"type": "Feature", "properties": {"drain_type": "Side Drain", "material": "Concrete", "status": "Good", "ward": "N002", "zone": "N01", "source": "Greater Chennai Corporation", "year": "2024", "shedId": "KOSAS"}, "geometry": {"type": "LineString", "coordinates": [[80.31734, 13.21656], [80.31863, 13.21631]]}}, {"type": "Feature", "properties": {"drain_type": "Side Drain", "material": "Concrete", "status": "Good", "ward": "N002", "zone": "N01", "source": "Greater Chennai Corporation", "year": "2024", "shedId": "KOSAS"}, "geometry": {"type": "LineString", "coordinates": [[80.31687, 13.21559], [80.31708, 13.21659]]}}, {"type": "Feature", "properties": {"drain_type": "Side Drain", "material": "Concrete", "status": "Good", "ward": "N002", "zone": "N01", "source": "Greater Chennai Corporation", "year": "2024", "shedId": "KOSAS"}, "geometry": {"type": "LineString", "coordinates": [[80.31708, 13.21707], [80.31782, 13.2168], [80.3187, 13.21668]]}}, {"type": "Feature", "properties": {"drain_type": "Side Drain", "material": "Concrete", "status": "Good", "ward": "N002", "zone": "N01", "source": "Greater Chennai Corporation", "year": "2024", "shedId": "KOSAS"}, "geometry": {"type": "LineString", "coordinates": [[80.3191, 13.21506], [80.31953, 13.2148], [80.32023, 13.2146]]}}, {"type": "Feature", "properties": {"drain_type": "Side Drain", "material": "Concrete", "status": "Good", "ward": "N002", "zone": "N01", "source": "Greater Chennai Corporation", "year": "2024", "shedId": "KOSAS"}, "geometry": {"type": "LineString", "coordinates": [[80.31913, 13.21509], [80.31954, 13.21484], [80.32026, 13.21463]]}}, {"type": "Feature", "properties": {"drain_type": "Side Drain", "material": "Concrete", "status": "Good", "ward": "N002", "zone": "N01", "source": "Greater Chennai Corporation", "year": "2024", "shedId": "KOSAS"}, "geometry": {"type": "LineString", "coordinates": [[80.31946, 13.21786], [80.31937, 13.21721]]}}, {"type": "Feature", "properties": {"drain_type": "Side Drain", "material": "Concrete", "status": "Good", "ward": "N002", "zone": "N01", "source": "Greater Chennai Corporation", "year": "2024", "shedId": "KOSAS"}, "geometry": {"type": "LineString", "coordinates": [[80.31748, 13.21776], [80.31823, 13.21753], [80.31883, 13.21746]]}}, {"type": "Feature", "properties": {"drain_type": "Side Drain", "material": "Concrete", "status": "Good", "ward": "N002", "zone": "N01", "source": "Greater Chennai Corporation", "year": "2024", "shedId": "KOSAS"}, "geometry": {"type": "LineString", "coordinates": [[80.31883, 13.21817], [80.31882, 13.21746]]}}, {"type": "Feature", "properties": {"drain_type": "Side Drain", "material": "Concrete", "status": "Good", "ward": "N002", "zone": "N01", "source": "Greater Chennai Corporation", "year": "2024", "shedId": "KOSAS"}, "geometry": {"type": "LineString", "coordinates": [[80.31797, 13.2186], [80.31859, 13.21841]]}}, {"type": "Feature", "properties": {"drain_type": "Side Drain", "material": "Concrete", "status": "Good", "ward": "N002", "zone": "N01", "source": "Greater Chennai Corporation", "year": "2024", "shedId": "KOSAS"}, "geometry": {"type": "LineString", "coordinates": [[80.31809, 13.21895], [80.31824, 13.21879], [80.31889, 13.21857]]}}, {"type": "Feature", "properties": {"drain_type": "Side Drain", "material": "Concrete", "status": "Good", "ward": "N002", "zone": "N01", "source": "Greater Chennai Corporation", "year": "2024", "shedId": "KOSAS"}, "geometry": {"type": "LineString", "coordinates": [[80.31977, 13.21538], [80.31974, 13.21521], [80.32044, 13.21511]]}}, {"type": "Feature", "properties": {"drain_type": "Side Drain", "material": "Concrete", "status": "Good", "ward": "N002", "zone": "N01", "source": "Greater Chennai Corporation", "year": "2024", "shedId": "KOSAS"}, "geometry": {"type": "LineString", "coordinates": [[80.32012, 13.21558], [80.32013, 13.21568], [80.32051, 13.21566]]}}, {"type": "Feature", "properties": {"drain_type": "Side Drain", "material": "Concrete", "status": "Good", "ward": "N002", "zone": "N01", "source": "Greater Chennai Corporation", "year": "2024", "shedId": "KOSAS"}, "geometry": {"type": "LineString", "coordinates": [[80.31964, 13.21706], [80.31934, 13.21574]]}}, {"type": "Feature", "properties": {"drain_type": "Side Drain", "material": "Concrete", "status": "Good", "ward": "N002", "zone": "N01", "source": "Greater Chennai Corporation", "year": "2024", "shedId": "KOSAS"}, "geometry": {"type": "LineString", "coordinates": [[80.31906, 13.21511], [80.3193, 13.21574], [80.31957, 13.21698]]}}, {"type": "Feature", "properties": {"drain_type": "Side Drain", "material": "Concrete", "status": "Good", "ward": "N002", "zone": "N01", "source": "Greater Chennai Corporation", "year": "2024", "shedId": "KOSAS"}, "geometry": {"type": "LineString", "coordinates": [[80.3185, 13.21535], [80.31877, 13.21709]]}}, {"type": "Feature", "properties": {"drain_type": "Side Drain", "material": "Concrete", "status": "Good", "ward": "N002", "zone": "N01", "source": "Greater Chennai Corporation", "year": "2024", "shedId": "KOSAS"}, "geometry": {"type": "LineString", "coordinates": [[80.31883, 13.21817], [80.31915, 13.21892]]}}, {"type": "Feature", "properties": {"drain_type": "Side Drain", "material": "Concrete", "status": "Good", "ward": "N002", "zone": "N01", "source": "Greater Chennai Corporation", "year": "2024", "shedId": "KOSAS"}, "geometry": {"type": "LineString", "coordinates": [[80.31817, 13.21925], [80.31915, 13.21892]]}}, {"type": "Feature", "properties": {"drain_type": "Side Drain", "material": "Concrete", "status": "Good", "ward": "N002", "zone": "N01", "source": "Greater Chennai Corporation", "year": "2024", "shedId": "KOSAS"}, "geometry": {"type": "LineString", "coordinates": [[80.31811, 13.21908], [80.31874, 13.21886], [80.31871, 13.21872]]}}, {"type": "Feature", "properties": {"drain_type": "SWD", "material": "Concrete", "status": "Good", "ward": "N002", "zone": "N01", "source": "Greater Chennai Corporation", "year": "2024", "shedId": "KOSAS"}, "geometry": {"type": "LineString", "coordinates": [[80.31861, 13.21991], [80.31833, 13.21919]]}}, {"type": "Feature", "properties": {"drain_type": "SWD", "material": "Concrete", "status": "Good", "ward": "N002", "zone": "N01", "source": "Greater Chennai Corporation", "year": "2024", "shedId": "KOSAS"}, "geometry": {"type": "LineString", "coordinates": [[80.31848, 13.21913], [80.31877, 13.21985]]}}, {"type": "Feature", "properties": {"drain_type": "Side Drain", "material": "Concrete", "status": "Good", "ward": "N002", "zone": "N01", "source": "Greater Chennai Corporation", "year": "2024", "shedId": "KOSAS"}, "geometry": {"type": "LineString", "coordinates": [[80.31861, 13.21991], [80.31921, 13.21954], [80.31941, 13.21951]]}}, {"type": "Feature", "properties": {"drain_type": "Side Drain", "material": "Concrete", "status": "Good", "ward": "N002", "zone": "N01", "source": "Greater Chennai Corporation", "year": "2024", "shedId": "KOSAS"}, "geometry": {"type": "LineString", "coordinates": [[80.31941, 13.21951], [80.31931, 13.21864]]}}, {"type": "Feature", "properties": {"drain_type": "Side Drain", "material": "Concrete", "status": "Good", "ward": "N002", "zone": "N01", "source": "Greater Chennai Corporation", "year": "2024", "shedId": "KOSAS"}, "geometry": {"type": "LineString", "coordinates": [[80.31849, 13.22], [80.31917, 13.21962], [80.31981, 13.2195]]}}, {"type": "Feature", "properties": {"drain_type": "SWD", "material": "Concrete", "status": "Good", "ward": "N002", "zone": "N01", "source": "Greater Chennai Corporation", "year": "2024", "shedId": "KOSAS"}, "geometry": {"type": "LineString", "coordinates": [[80.31865, 13.21994], [80.31865, 13.21995], [80.31873, 13.22015]]}}, {"type": "Feature", "properties": {"drain_type": "SWD", "material": "Concrete", "status": "Good", "ward": "N002", "zone": "N01", "source": "Greater Chennai Corporation", "year": "2024", "shedId": "KOSAS"}, "geometry": {"type": "LineString", "coordinates": [[80.31879, 13.21989], [80.3188, 13.21989], [80.3189, 13.22017]]}}, {"type": "Feature", "properties": {"drain_type": "Side Drain", "material": "Concrete", "status": "Good", "ward": "N002", "zone": "N01", "source": "Greater Chennai Corporation", "year": "2024", "shedId": "KOSAS"}, "geometry": {"type": "LineString", "coordinates": [[80.31894, 13.2198], [80.31895, 13.21981], [80.31906, 13.22006]]}}, {"type": "Feature", "properties": {"drain_type": "SWD", "material": "Concrete", "status": "Good", "ward": "N002", "zone": "N01", "source": "Greater Chennai Corporation", "year": "2024", "shedId": "KOSAS"}, "geometry": {"type": "LineString", "coordinates": [[80.31997, 13.21949], [80.31937, 13.22176], [80.31945, 13.22225]]}}, {"type": "Feature", "properties": {"drain_type": "Side Drain", "material": "Concrete", "status": "Bad", "ward": "N002", "zone": "N01", "source": "Greater Chennai Corporation", "year": "2024", "shedId": "KOSAS"}, "geometry": {"type": "LineString", "coordinates": [[80.32041, 13.21874], [80.32109, 13.21856]]}}, {"type": "Feature", "properties": {"drain_type": "SWD", "material": "Concrete", "status": "Good", "ward": "N002", "zone": "N01", "source": "Greater Chennai Corporation", "year": "2024", "shedId": "KOSAS"}, "geometry": {"type": "LineString", "coordinates": [[80.32058, 13.22014], [80.32063, 13.22069]]}}, {"type": "Feature", "properties": {"drain_type": "SWD", "material": "Concrete", "status": "Good", "ward": "N002", "zone": "N01", "source": "Greater Chennai Corporation", "year": "2024", "shedId": "KOSAS"}, "geometry": {"type": "LineString", "coordinates": [[80.32006, 13.22006], [80.32028, 13.22069]]}}, {"type": "Feature", "properties": {"drain_type": "SWD", "material": "Concrete", "status": "Good", "ward": "N002", "zone": "N01", "source": "Greater Chennai Corporation", "year": "2024", "shedId": "KOSAS"}, "geometry": {"type": "LineString", "coordinates": [[80.31938, 13.22187], [80.31973, 13.22173], [80.31986, 13.22148], [80.31984, 13.22068]]}}, {"type": "Feature", "properties": {"drain_type": "Side Drain", "material": "Concrete", "status": "Bad", "ward": "N002", "zone": "N01", "source": "Greater Chennai Corporation", "year": "2024", "shedId": "KOSAS"}, "geometry": {"type": "LineString", "coordinates": [[80.31792, 13.21847], [80.31883, 13.21817]]}}, {"type": "Feature", "properties": {"drain_type": "Side Drain", "material": "Concrete", "status": "Bad", "ward": "N002", "zone": "N01", "source": "Greater Chennai Corporation", "year": "2024", "shedId": "KOSAS"}, "geometry": {"type": "LineString", "coordinates": [[80.31733, 13.21758], [80.31818, 13.21726], [80.31815, 13.21715], [80.31877, 13.21709]]}}, {"type": "Feature", "properties": {"drain_type": "Side Drain", "material": "Concrete", "status": "Good", "ward": "N002", "zone": "N01", "source": "Greater Chennai Corporation", "year": "2024", "shedId": "KOSAS"}, "geometry": {"type": "LineString", "coordinates": [[80.31877, 13.21709], [80.31961, 13.21697]]}}, {"type": "Feature", "properties": {"drain_type": "Side Drain", "material": "Concrete", "status": "Good", "ward": "N002", "zone": "N01", "source": "Greater Chennai Corporation", "year": "2024", "shedId": "KOSAS"}, "geometry": {"type": "LineString", "coordinates": [[80.31792, 13.2152], [80.31784, 13.21473]]}}, {"type": "Feature", "properties": {"drain_type": "Side Drain", "material": "Concrete", "status": "Good", "ward": "N002", "zone": "N01", "source": "Greater Chennai Corporation", "year": "2024", "shedId": "KOSAS"}, "geometry": {"type": "LineString", "coordinates": [[80.31784, 13.21473], [80.31814, 13.2147], [80.31818, 13.21517]]}}, {"type": "Feature", "properties": {"drain_type": "Side Drain", "material": "Concrete", "status": "Good", "ward": "N002", "zone": "N01", "source": "Greater Chennai Corporation", "year": "2024", "shedId": "KOSAS"}, "geometry": {"type": "LineString", "coordinates": [[80.31906, 13.21511], [80.31857, 13.21527], [80.3185, 13.21535]]}}, {"type": "Feature", "properties": {"drain_type": "Side Drain", "material": "Concrete", "status": "Good", "ward": "N002", "zone": "N01", "source": "Greater Chennai Corporation", "year": "2024", "shedId": "KOSAS"}, "geometry": {"type": "LineString", "coordinates": [[80.3185, 13.21535], [80.31872, 13.21653]]}}, {"type": "Feature", "properties": {"drain_type": "Side Drain", "material": "Concrete", "status": "Good", "ward": "N002", "zone": "N01", "source": "Greater Chennai Corporation", "year": "2024", "shedId": "KOSAS"}, "geometry": {"type": "LineString", "coordinates": [[80.3178, 13.21218], [80.31849, 13.21406]]}}, {"type": "Feature", "properties": {"drain_type": "Side Drain", "material": "Concrete", "status": "Good", "ward": "N002", "zone": "N01", "source": "Greater Chennai Corporation", "year": "2024", "shedId": "KOSAS"}, "geometry": {"type": "LineString", "coordinates": [[80.31849, 13.21406], [80.319, 13.215]]}}, {"type": "Feature", "properties": {"drain_type": "Side Drain", "material": "Concrete", "status": "Good", "ward": "N002", "zone": "N01", "source": "Greater Chennai Corporation", "year": "2024", "shedId": "KOSAS"}, "geometry": {"type": "LineString", "coordinates": [[80.31785, 13.21223], [80.31854, 13.21404]]}}, {"type": "Feature", "properties": {"drain_type": "Side Drain", "material": "Concrete", "status": "Good", "ward": "N002", "zone": "N01", "source": "Greater Chennai Corporation", "year": "2024", "shedId": "KOSAS"}, "geometry": {"type": "LineString", "coordinates": [[80.31854, 13.21404], [80.31905, 13.21503]]}}, {"type": "Feature", "properties": {"drain_type": "Side Drain", "material": "Concrete", "status": "Good", "ward": "N002", "zone": "N01", "source": "Greater Chennai Corporation", "year": "2024", "shedId": "KOSAS"}, "geometry": {"type": "LineString", "coordinates": [[80.31746, 13.21307], [80.31778, 13.2142]]}}, {"type": "Feature", "properties": {"drain_type": "Side Drain", "material": "Concrete", "status": "Good", "ward": "N002", "zone": "N01", "source": "Greater Chennai Corporation", "year": "2024", "shedId": "KOSAS"}, "geometry": {"type": "LineString", "coordinates": [[80.31778, 13.2142], [80.31849, 13.21406]]}}, {"type": "Feature", "properties": {"drain_type": "Side Drain", "material": "Concrete", "status": "Good", "ward": "N002", "zone": "N01", "source": "Greater Chennai Corporation", "year": "2024", "shedId": "KOSAS"}, "geometry": {"type": "LineString", "coordinates": [[80.31771, 13.21279], [80.31767, 13.2126], [80.31767, 13.21259]]}}, {"type": "Feature", "properties": {"drain_type": "Side Drain", "material": "Concrete", "status": "Good", "ward": "N002", "zone": "N01", "source": "Greater Chennai Corporation", "year": "2024", "shedId": "KOSAS"}, "geometry": {"type": "LineString", "coordinates": [[80.31767, 13.21259], [80.31795, 13.21249]]}}, {"type": "Feature", "properties": {"drain_type": "Side Drain", "material": "Concrete", "status": "Good", "ward": "N002", "zone": "N01", "source": "Greater Chennai Corporation", "year": "2024", "shedId": "KOSAS"}, "geometry": {"type": "LineString", "coordinates": [[80.31775, 13.21396], [80.3174, 13.21266]]}}, {"type": "Feature", "properties": {"drain_type": "Side Drain", "material": "Concrete", "status": "Good", "ward": "N002", "zone": "N01", "source": "Greater Chennai Corporation", "year": "2024", "shedId": "KOSAS"}, "geometry": {"type": "LineString", "coordinates": [[80.3174, 13.21266], [80.31745, 13.21258], [80.31794, 13.21246]]}}, {"type": "Feature", "properties": {"drain_type": "Side Drain", "material": "Concrete", "status": "Good", "ward": "N002", "zone": "N01", "source": "Greater Chennai Corporation", "year": "2024", "shedId": "KOSAS"}, "geometry": {"type": "LineString", "coordinates": [[80.31699, 13.21386], [80.3169, 13.21353]]}}, {"type": "Feature", "properties": {"drain_type": "Side Drain", "material": "Concrete", "status": "Good", "ward": "N002", "zone": "N01", "source": "Greater Chennai Corporation", "year": "2024", "shedId": "KOSAS"}, "geometry": {"type": "LineString", "coordinates": [[80.3169, 13.21353], [80.31721, 13.21346]]}}, {"type": "Feature", "properties": {"drain_type": "Side Drain", "material": "Concrete", "status": "Good", "ward": "N002", "zone": "N01", "source": "Greater Chennai Corporation", "year": "2024", "shedId": "KOSAS"}, "geometry": {"type": "LineString", "coordinates": [[80.3164, 13.21271], [80.31645, 13.21286]]}}, {"type": "Feature", "properties": {"drain_type": "Side Drain", "material": "Concrete", "status": "Good", "ward": "N002", "zone": "N01", "source": "Greater Chennai Corporation", "year": "2024", "shedId": "KOSAS"}, "geometry": {"type": "LineString", "coordinates": [[80.31645, 13.21286], [80.31716, 13.21263], [80.31713, 13.21247]]}}, {"type": "Feature", "properties": {"drain_type": "Side Drain", "material": "Concrete", "status": "Good", "ward": "N002", "zone": "N01", "source": "Greater Chennai Corporation", "year": "2024", "shedId": "KOSAS"}, "geometry": {"type": "LineString", "coordinates": [[80.31588, 13.20837], [80.31516, 13.20861], [80.3151, 13.20837]]}}, {"type": "Feature", "properties": {"drain_type": "SWD", "material": "Concrete", "status": "Good", "ward": "N002", "zone": "N01", "source": "Greater Chennai Corporation", "year": "2024", "shedId": "KOSAS"}, "geometry": {"type": "LineString", "coordinates": [[80.32021, 13.21458], [80.32051, 13.21567], [80.32005, 13.21705]]}}, {"type": "Feature", "properties": {"drain_type": "Side Drain", "material": "Concrete", "status": "Good", "ward": "N002", "zone": "N01", "source": "Greater Chennai Corporation", "year": "2024", "shedId": "KOSAS"}, "geometry": {"type": "LineString", "coordinates": [[80.32109, 13.21856], [80.32122, 13.21933], [80.32081, 13.22017]]}}, {"type": "Feature", "properties": {"drain_type": "SWD", "material": "Concrete", "status": "Good", "ward": "N002", "zone": "N01", "source": "Greater Chennai Corporation", "year": "2024", "shedId": "KOSAS"}, "geometry": {"type": "LineString", "coordinates": [[80.32081, 13.22017], [80.31982, 13.21997]]}}, {"type": "Feature", "properties": {"drain_type": "Side Drain", "material": "Concrete", "status": "Good", "ward": "N002", "zone": "N01", "source": "Greater Chennai Corporation", "year": "2024", "shedId": "KOSAS"}, "geometry": {"type": "LineString", "coordinates": [[80.32053, 13.22067], [80.32028, 13.22069]]}}, {"type": "Feature", "properties": {"drain_type": "SWD", "material": "Concrete", "status": "Good", "ward": "N002", "zone": "N01", "source": "Greater Chennai Corporation", "year": "2024", "shedId": "KOSAS"}, "geometry": {"type": "LineString", "coordinates": [[80.32028, 13.22069], [80.31984, 13.22068]]}}, {"type": "Feature", "properties": {"drain_type": "Side Drain", "material": "Concrete", "status": "Bad", "ward": "N002", "zone": "N01", "source": "Greater Chennai Corporation", "year": "2024", "shedId": "KOSAS"}, "geometry": {"type": "LineString", "coordinates": [[80.32005, 13.21705], [80.31934, 13.21708]]}}, {"type": "Feature", "properties": {"drain_type": "Side Drain", "material": "Concrete", "status": "Good", "ward": "N002", "zone": "N01", "source": "Greater Chennai Corporation", "year": "2024", "shedId": "KOSAS"}, "geometry": {"type": "LineString", "coordinates": [[80.31934, 13.21708], [80.3195, 13.21787]]}}, {"type": "Feature", "properties": {"drain_type": "Side Drain", "material": "Concrete", "status": "Good", "ward": "N007", "zone": "N01", "source": "Greater Chennai Corporation", "year": "2024", "shedId": "KOSAS"}, "geometry": {"type": "LineString", "coordinates": [[80.29698, 13.16609], [80.29897, 13.16567]]}}, {"type": "Feature", "properties": {"drain_type": "Side Drain", "material": "Concrete", "status": "Good", "ward": "N007", "zone": "N01", "source": "Greater Chennai Corporation", "year": "2024", "shedId": "KOSAS"}, "geometry": {"type": "LineString", "coordinates": [[80.29896, 13.16565], [80.29894, 13.16607], [80.29948, 13.16788], [80.29945, 13.16828]]}}, {"type": "Feature", "properties": {"drain_type": "Side Drain", "material": "Concrete", "status": "Good", "ward": "N007", "zone": "N01", "source": "Greater Chennai Corporation", "year": "2024", "shedId": "KOSAS"}, "geometry": {"type": "LineString", "coordinates": [[80.29898, 13.16622], [80.29752, 13.16647]]}}, {"type": "Feature", "properties": {"drain_type": "Side Drain", "material": "Concrete", "status": "Good", "ward": "N007", "zone": "N01", "source": "Greater Chennai Corporation", "year": "2024", "shedId": "KOSAS"}, "geometry": {"type": "LineString", "coordinates": [[80.29768, 13.16678], [80.29911, 13.16647]]}}, {"type": "Feature", "properties": {"drain_type": "Side Drain", "material": "Concrete", "status": "Good", "ward": "N007", "zone": "N01", "source": "Greater Chennai Corporation", "year": "2024", "shedId": "KOSAS"}, "geometry": {"type": "LineString", "coordinates": [[80.29863, 13.16708], [80.29924, 13.16692]]}}, {"type": "Feature", "properties": {"drain_type": "Side Drain", "material": "Concrete", "status": "Good", "ward": "N007", "zone": "N01", "source": "Greater Chennai Corporation", "year": "2024", "shedId": "KOSAS"}, "geometry": {"type": "LineString", "coordinates": [[80.29871, 13.16748], [80.29933, 13.16733]]}}, {"type": "Feature", "properties": {"drain_type": "Side Drain", "material": "Concrete", "status": "Good", "ward": "N007", "zone": "N01", "source": "Greater Chennai Corporation", "year": "2024", "shedId": "KOSAS"}, "geometry": {"type": "LineString", "coordinates": [[80.29696, 13.16681], [80.29698, 13.1671], [80.29764, 13.16706]]}}, {"type": "Feature", "properties": {"drain_type": "Side Drain", "material": "Concrete", "status": "Good", "ward": "N007", "zone": "N01", "source": "Greater Chennai Corporation", "year": "2024", "shedId": "KOSAS"}, "geometry": {"type": "LineString", "coordinates": [[80.29857, 13.16715], [80.29866, 13.16748]]}}, {"type": "Feature", "properties": {"drain_type": "Side Drain", "material": "Concrete", "status": "Good", "ward": "N007", "zone": "N01", "source": "Greater Chennai Corporation", "year": "2024", "shedId": "KOSAS"}, "geometry": {"type": "LineString", "coordinates": [[80.29844, 13.1672], [80.29833, 13.16688], [80.29787, 13.16696]]}}, {"type": "Feature", "properties": {"drain_type": "Side Drain", "material": "Concrete", "status": "Good", "ward": "N007", "zone": "N01", "source": "Greater Chennai Corporation", "year": "2024", "shedId": "KOSAS"}, "geometry": {"type": "LineString", "coordinates": [[80.2967, 13.16792], [80.29745, 13.16802], [80.29939, 13.16761]]}}, {"type": "Feature", "properties": {"drain_type": "Side Drain", "material": "Concrete", "status": "Good", "ward": "N007", "zone": "N01", "source": "Greater Chennai Corporation", "year": "2024", "shedId": "KOSAS"}, "geometry": {"type": "LineString", "coordinates": [[80.29754, 13.16857], [80.29745, 13.16802]]}}, {"type": "Feature", "properties": {"drain_type": "Side Drain", "material": "Concrete", "status": "Good", "ward": "N007", "zone": "N01", "source": "Greater Chennai Corporation", "year": "2024", "shedId": "KOSAS"}, "geometry": {"type": "LineString", "coordinates": [[80.29775, 13.16834], [80.29943, 13.16789]]}}, {"type": "Feature", "properties": {"drain_type": "Side Drain", "material": "Concrete", "status": "Good", "ward": "N007", "zone": "N01", "source": "Greater Chennai Corporation", "year": "2024", "shedId": "KOSAS"}, "geometry": {"type": "LineString", "coordinates": [[80.29794, 13.16859], [80.29891, 13.16834]]}}, {"type": "Feature", "properties": {"drain_type": "Side Drain", "material": "Concrete", "status": "Good", "ward": "N007", "zone": "N01", "source": "Greater Chennai Corporation", "year": "2024", "shedId": "KOSAS"}, "geometry": {"type": "LineString", "coordinates": [[80.29796, 13.16862], [80.29945, 13.16827]]}}, {"type": "Feature", "properties": {"drain_type": "Side Drain", "material": "Concrete", "status": "Good", "ward": "N007", "zone": "N01", "source": "Greater Chennai Corporation", "year": "2024", "shedId": "KOSAS"}, "geometry": {"type": "LineString", "coordinates": [[80.29883, 13.16805], [80.29892, 13.16837]]}}, {"type": "Feature", "properties": {"drain_type": "SWD", "material": "Concrete", "status": "Good", "ward": "N007", "zone": "N01", "source": "Greater Chennai Corporation", "year": "2024", "shedId": "KOSAS"}, "geometry": {"type": "LineString", "coordinates": [[80.2967, 13.16928], [80.29904, 13.1686]]}}, {"type": "Feature", "properties": {"drain_type": "Side Drain", "material": "Concrete", "status": "Good", "ward": "N007", "zone": "N01", "source": "Greater Chennai Corporation", "year": "2024", "shedId": "KOSAS"}, "geometry": {"type": "LineString", "coordinates": [[80.29903, 13.16861], [80.29896, 13.16836]]}}, {"type": "Feature", "properties": {"drain_type": "SWD", "material": "Concrete", "status": "Good", "ward": "N007", "zone": "N01", "source": "Greater Chennai Corporation", "year": "2024", "shedId": "KOSAS"}, "geometry": {"type": "LineString", "coordinates": [[80.29707, 13.16874], [80.29708, 13.16917]]}}, {"type": "Feature", "properties": {"drain_type": "SWD", "material": "Concrete", "status": "Good", "ward": "N007", "zone": "N01", "source": "Greater Chennai Corporation", "year": "2024", "shedId": "KOSAS"}, "geometry": {"type": "LineString", "coordinates": [[80.2943, 13.16733], [80.29651, 13.16729]]}}, {"type": "Feature", "properties": {"drain_type": "SWD", "material": "Concrete", "status": "Good", "ward": "N007", "zone": "N01", "source": "Greater Chennai Corporation", "year": "2024", "shedId": "KOSAS"}, "geometry": {"type": "LineString", "coordinates": [[80.29433, 13.16785], [80.29652, 13.16784]]}}, {"type": "Feature", "properties": {"drain_type": "SWD", "material": "Concrete", "status": "Good", "ward": "N007", "zone": "N01", "source": "Greater Chennai Corporation", "year": "2024", "shedId": "KOSAS"}, "geometry": {"type": "LineString", "coordinates": [[80.29437, 13.16989], [80.29654, 13.16932]]}}, {"type": "Feature", "properties": {"drain_type": "Side Drain", "material": "Concrete", "status": "Good", "ward": "N007", "zone": "N01", "source": "Greater Chennai Corporation", "year": "2024", "shedId": "KOSAS"}, "geometry": {"type": "LineString", "coordinates": [[80.29426, 13.16642], [80.29439, 13.16943], [80.29432, 13.17075]]}}, {"type": "Feature", "properties": {"drain_type": "SWD", "material": "Concrete", "status": "Good", "ward": "N007", "zone": "N01", "source": "Greater Chennai Corporation", "year": "2024", "shedId": "KOSAS"}, "geometry": {"type": "LineString", "coordinates": [[80.29236, 13.17251], [80.2923, 13.17188], [80.29224, 13.17131]]}}, {"type": "Feature", "properties": {"drain_type": "SWD", "material": "Concrete", "status": "Good", "ward": "N007", "zone": "N01", "source": "Greater Chennai Corporation", "year": "2024", "shedId": "KOSAS"}, "geometry": {"type": "LineString", "coordinates": [[80.29224, 13.17131], [80.29397, 13.17092], [80.29435, 13.17096]]}}, {"type": "Feature", "properties": {"drain_type": "SWD", "material": "Concrete", "status": "Good", "ward": "N007", "zone": "N01", "source": "Greater Chennai Corporation", "year": "2024", "shedId": "KOSAS"}, "geometry": {"type": "LineString", "coordinates": [[80.29435, 13.17114], [80.29591, 13.17089]]}}, {"type": "Feature", "properties": {"drain_type": "SWD", "material": "Concrete", "status": "Good", "ward": "N007", "zone": "N01", "source": "Greater Chennai Corporation", "year": "2024", "shedId": "KOSAS"}, "geometry": {"type": "LineString", "coordinates": [[80.29435, 13.17114], [80.29432, 13.17243]]}}, {"type": "Feature", "properties": {"drain_type": "SWD", "material": "Concrete", "status": "Good", "ward": "N007", "zone": "N01", "source": "Greater Chennai Corporation", "year": "2024", "shedId": "KOSAS"}, "geometry": {"type": "LineString", "coordinates": [[80.30052, 13.17046], [80.29961, 13.17066]]}}, {"type": "Feature", "properties": {"drain_type": "Side Drain", "material": "Concrete", "status": "Good", "ward": "N007", "zone": "N01", "source": "Greater Chennai Corporation", "year": "2024", "shedId": "KOSAS"}, "geometry": {"type": "LineString", "coordinates": [[80.29961, 13.17066], [80.29969, 13.1712]]}}, {"type": "Feature", "properties": {"drain_type": "SWD", "material": "Concrete", "status": "Good", "ward": "N007", "zone": "N01", "source": "Greater Chennai Corporation", "year": "2024", "shedId": "KOSAS"}, "geometry": {"type": "LineString", "coordinates": [[80.29436, 13.16999], [80.29635, 13.16988], [80.29642, 13.16936]]}}, {"type": "Feature", "properties": {"drain_type": "SWD", "material": "Concrete", "status": "Good", "ward": "N007", "zone": "N01", "source": "Greater Chennai Corporation", "year": "2024", "shedId": "KOSAS"}, "geometry": {"type": "LineString", "coordinates": [[80.29524, 13.17146], [80.29863, 13.1707], [80.29961, 13.1707]]}}, {"type": "Feature", "properties": {"drain_type": "SWD", "material": "Concrete", "status": "Good", "ward": "N007", "zone": "N01", "source": "Greater Chennai Corporation", "year": "2024", "shedId": "KOSAS"}, "geometry": {"type": "LineString", "coordinates": [[80.29434, 13.17134], [80.29507, 13.17131], [80.29511, 13.17148], [80.29524, 13.17146]]}}, {"type": "Feature", "properties": {"drain_type": "Side Drain", "material": "Concrete", "status": "Good", "ward": "N007", "zone": "N01", "source": "Greater Chennai Corporation", "year": "2024", "shedId": "KOSAS"}, "geometry": {"type": "LineString", "coordinates": [[80.29967, 13.17119], [80.29964, 13.17109], [80.29962, 13.171]]}}, {"type": "Feature", "properties": {"drain_type": "Side Drain", "material": "Concrete", "status": "Good", "ward": "N007", "zone": "N01", "source": "Greater Chennai Corporation", "year": "2024", "shedId": "KOSAS"}, "geometry": {"type": "LineString", "coordinates": [[80.29962, 13.171], [80.30047, 13.17064]]}}, {"type": "Feature", "properties": {"drain_type": "SWD", "material": "Concrete", "status": "Good", "ward": "N007", "zone": "N01", "source": "Greater Chennai Corporation", "year": "2024", "shedId": "KOSAS"}, "geometry": {"type": "LineString", "coordinates": [[80.29434, 13.1704], [80.29522, 13.17039], [80.29751, 13.17007]]}}, {"type": "Feature", "properties": {"drain_type": "SWD", "material": "Concrete", "status": "Good", "ward": "N007", "zone": "N01", "source": "Greater Chennai Corporation", "year": "2024", "shedId": "KOSAS"}, "geometry": {"type": "LineString", "coordinates": [[80.29751, 13.17007], [80.2995, 13.16967]]}}, {"type": "Feature", "properties": {"drain_type": "Side Drain", "material": "Concrete", "status": "Good", "ward": "N007", "zone": "N01", "source": "Greater Chennai Corporation", "year": "2024", "shedId": "KOSAS"}, "geometry": {"type": "LineString", "coordinates": [[80.2975, 13.16635], [80.2977, 13.16739], [80.29857, 13.16715]]}}, {"type": "Feature", "properties": {"drain_type": "SWD", "material": "Concrete", "status": "Good", "ward": "N007", "zone": "N01", "source": "Greater Chennai Corporation", "year": "2024", "shedId": "KOSAS"}, "geometry": {"type": "LineString", "coordinates": [[80.29649, 13.16634], [80.29652, 13.16784]]}}, {"type": "Feature", "properties": {"drain_type": "SWD", "material": "Concrete", "status": "Good", "ward": "N007", "zone": "N01", "source": "Greater Chennai Corporation", "year": "2024", "shedId": "KOSAS"}, "geometry": {"type": "LineString", "coordinates": [[80.29652, 13.16784], [80.29654, 13.16932]]}}, {"type": "Feature", "properties": {"drain_type": "SWD", "material": "Concrete", "status": "Good", "ward": "N007", "zone": "N01", "source": "Greater Chennai Corporation", "year": "2024", "shedId": "KOSAS"}, "geometry": {"type": "LineString", "coordinates": [[80.29466, 13.16732], [80.29465, 13.16691]]}}, {"type": "Feature", "properties": {"drain_type": "SWD", "material": "Concrete", "status": "Good", "ward": "N007", "zone": "N01", "source": "Greater Chennai Corporation", "year": "2024", "shedId": "KOSAS"}, "geometry": {"type": "LineString", "coordinates": [[80.29603, 13.1673], [80.29601, 13.16682], [80.29451, 13.1669], [80.29446, 13.16643]]}}, {"type": "Feature", "properties": {"drain_type": "Side Drain", "material": "Concrete", "status": "Good", "ward": "N007", "zone": "N01", "source": "Greater Chennai Corporation", "year": "2024", "shedId": "KOSAS"}, "geometry": {"type": "LineString", "coordinates": [[80.29675, 13.16626], [80.29681, 13.16683], [80.29696, 13.16681]]}}, {"type": "Feature", "properties": {"drain_type": "Side Drain", "material": "Concrete", "status": "Good", "ward": "N007", "zone": "N01", "source": "Greater Chennai Corporation", "year": "2024", "shedId": "KOSAS"}, "geometry": {"type": "LineString", "coordinates": [[80.29696, 13.16681], [80.29717, 13.16678], [80.29709, 13.16615]]}}, {"type": "Feature", "properties": {"drain_type": "SWD", "material": "Concrete", "status": "Good", "ward": "N009", "zone": "N01", "source": "Greater Chennai Corporation", "year": "2024", "shedId": "KOSAS"}, "geometry": {"type": "LineString", "coordinates": [[80.30584, 13.16014], [80.30268, 13.16064]]}}, {"type": "Feature", "properties": {"drain_type": "SWD", "material": "Concrete", "status": "Good", "ward": "N009", "zone": "N01", "source": "Greater Chennai Corporation", "year": "2024", "shedId": "KOSAS"}, "geometry": {"type": "LineString", "coordinates": [[80.30265, 13.16058], [80.30346, 13.16289], [80.30354, 13.16413]]}}, {"type": "Feature", "properties": {"drain_type": "SWD", "material": "Concrete", "status": "Good", "ward": "N009", "zone": "N01", "source": "Greater Chennai Corporation", "year": "2024", "shedId": "KOSAS"}, "geometry": {"type": "LineString", "coordinates": [[80.30299, 13.16165], [80.30437, 13.1617], [80.30607, 13.16149]]}}, {"type": "Feature", "properties": {"drain_type": "SWD", "material": "Concrete", "status": "Good", "ward": "N009", "zone": "N01", "source": "Greater Chennai Corporation", "year": "2024", "shedId": "KOSAS"}, "geometry": {"type": "LineString", "coordinates": [[80.30353, 13.16324], [80.30627, 13.16263]]}}, {"type": "Feature", "properties": {"drain_type": "SWD", "material": "Concrete", "status": "Good", "ward": "N009", "zone": "N01", "source": "Greater Chennai Corporation", "year": "2024", "shedId": "KOSAS"}, "geometry": {"type": "LineString", "coordinates": [[80.30335, 13.16428], [80.30332, 13.16299], [80.30284, 13.16172]]}}, {"type": "Feature", "properties": {"drain_type": "Side Drain", "material": "Concrete", "status": "Good", "ward": "N009", "zone": "N01", "source": "Greater Chennai Corporation", "year": "2024", "shedId": "KOSAS"}, "geometry": {"type": "LineString", "coordinates": [[80.30147, 13.16403], [80.30329, 13.16371]]}}, {"type": "Feature", "properties": {"drain_type": "Side Drain", "material": "Concrete", "status": "Good", "ward": "N010", "zone": "N01", "source": "Greater Chennai Corporation", "year": "2024", "shedId": "KOSAS"}, "geometry": {"type": "LineString", "coordinates": [[80.3003, 13.16461], [80.30023, 13.16429], [80.30147, 13.16403]]}}, {"type": "Feature", "properties": {"drain_type": "SWD", "material": "Concrete", "status": "Good", "ward": "N010", "zone": "N01", "source": "Greater Chennai Corporation", "year": "2024", "shedId": "KOSAS"}, "geometry": {"type": "LineString", "coordinates": [[80.30019, 13.16198], [80.30209, 13.16179], [80.30279, 13.1616]]}}, {"type": "Feature", "properties": {"drain_type": "SWD", "material": "Concrete", "status": "Good", "ward": "N010", "zone": "N01", "source": "Greater Chennai Corporation", "year": "2024", "shedId": "KOSAS"}, "geometry": {"type": "LineString", "coordinates": [[80.2999, 13.16103], [80.30253, 13.16074]]}}, {"type": "Feature", "properties": {"drain_type": "Side Drain", "material": "Concrete", "status": "Good", "ward": "N010", "zone": "N01", "source": "Greater Chennai Corporation", "year": "2024", "shedId": "KOSAS"}, "geometry": {"type": "LineString", "coordinates": [[80.3003, 13.16086], [80.3025, 13.16066]]}}, {"type": "Feature", "properties": {"drain_type": "SWD", "material": "Concrete", "status": "Good", "ward": "N010", "zone": "N01", "source": "Greater Chennai Corporation", "year": "2024", "shedId": "KOSAS"}, "geometry": {"type": "LineString", "coordinates": [[80.30174, 13.15808], [80.30189, 13.1584], [80.30284, 13.16172]]}}, {"type": "Feature", "properties": {"drain_type": "SWD", "material": "Concrete", "status": "Good", "ward": "N010", "zone": "N01", "source": "Greater Chennai Corporation", "year": "2024", "shedId": "KOSAS"}, "geometry": {"type": "LineString", "coordinates": [[80.30186, 13.15792], [80.30206, 13.15839], [80.30299, 13.16165]]}}, {"type": "Feature", "properties": {"drain_type": "SWD", "material": "Concrete", "status": "Good", "ward": "N016", "zone": "N02", "source": "Greater Chennai Corporation", "year": "2024", "shedId": "KOSAS"}, "geometry": {"type": "LineString", "coordinates": [[80.25761, 13.19176], [80.25769, 13.19383], [80.25753, 13.19549]]}}, {"type": "Feature", "properties": {"drain_type": "SWD", "material": "Concrete", "status": "Good", "ward": "N016", "zone": "N02", "source": "Greater Chennai Corporation", "year": "2024", "shedId": "KOSAS"}, "geometry": {"type": "LineString", "coordinates": [[80.25483, 13.19178], [80.25834, 13.19182], [80.25981, 13.19207], [80.26127, 13.19262], [80.2653, 13.19257], [80.26946, 13.19216]]}}, {"type": "Feature", "properties": {"drain_type": "SWD", "material": "Concrete", "status": "Good", "ward": "N016", "zone": "N02", "source": "Greater Chennai Corporation", "year": "2024", "shedId": "KOSAS"}, "geometry": {"type": "LineString", "coordinates": [[80.25796, 13.19168], [80.25925, 13.19182], [80.26005, 13.19201]]}}, {"type": "Feature", "properties": {"drain_type": "SWD", "material": "Concrete", "status": "Good", "ward": "N016", "zone": "N02", "source": "Greater Chennai Corporation", "year": "2024", "shedId": "KOSAS"}, "geometry": {"type": "LineString", "coordinates": [[80.25943, 13.19186], [80.25941, 13.192]]}}, {"type": "Feature", "properties": {"drain_type": "SWD", "material": "Concrete", "status": "Good", "ward": "N016", "zone": "N02", "source": "Greater Chennai Corporation", "year": "2024", "shedId": "KOSAS"}, "geometry": {"type": "LineString", "coordinates": [[80.26989, 13.19224], [80.27487, 13.19227]]}}, {"type": "Feature", "properties": {"drain_type": "SWD", "material": "Concrete", "status": "Good", "ward": "N016", "zone": "N02", "source": "Greater Chennai Corporation", "year": "2024", "shedId": "KOSAS"}, "geometry": {"type": "LineString", "coordinates": [[80.27487, 13.19227], [80.27501, 13.19552], [80.27541, 13.19781]]}}, {"type": "Feature", "properties": {"drain_type": "SWD", "material": "Concrete", "status": "Good", "ward": "N016", "zone": "N02", "source": "Greater Chennai Corporation", "year": "2024", "shedId": "KOSAS"}, "geometry": {"type": "LineString", "coordinates": [[80.27509, 13.1978], [80.2796, 13.19772]]}}, {"type": "Feature", "properties": {"drain_type": "SWD", "material": "Concrete", "status": "Good", "ward": "N016", "zone": "N02", "source": "Greater Chennai Corporation", "year": "2024", "shedId": "KOSAS"}, "geometry": {"type": "LineString", "coordinates": [[80.27975, 13.19478], [80.2796, 13.19784]]}}, {"type": "Feature", "properties": {"drain_type": "SWD", "material": "Concrete", "status": "Good", "ward": "N016", "zone": "N02", "source": "Greater Chennai Corporation", "year": "2024", "shedId": "KOSAS"}, "geometry": {"type": "LineString", "coordinates": [[80.27971, 13.19558], [80.28153, 13.19554], [80.28307, 13.19515]]}}, {"type": "Feature", "properties": {"drain_type": "SWD", "material": "Concrete", "status": "Good", "ward": "N016", "zone": "N02", "source": "Greater Chennai Corporation", "year": "2024", "shedId": "KOSAS"}, "geometry": {"type": "LineString", "coordinates": [[80.27658, 13.20438], [80.27935, 13.20379]]}}, {"type": "Feature", "properties": {"drain_type": "SWD", "material": "Concrete", "status": "Good", "ward": "N016", "zone": "N02", "source": "Greater Chennai Corporation", "year": "2024", "shedId": "KOSAS"}, "geometry": {"type": "LineString", "coordinates": [[80.25298, 13.19771], [80.25277, 13.19691], [80.25386, 13.1968], [80.25423, 13.19639], [80.2549, 13.19178]]}}, {"type": "Feature", "properties": {"drain_type": "SWD", "material": "Concrete", "status": "Good", "ward": "N016", "zone": "N02", "source": "Greater Chennai Corporation", "year": "2024", "shedId": "KOSAS"}, "geometry": {"type": "LineString", "coordinates": [[80.27574, 13.20292], [80.27609, 13.20282]]}}, {"type": "Feature", "properties": {"drain_type": "SWD", "material": "Concrete", "status": "Good", "ward": "N016", "zone": "N02", "source": "Greater Chennai Corporation", "year": "2024", "shedId": "KOSAS"}, "geometry": {"type": "LineString", "coordinates": [[80.27609, 13.20282], [80.27631, 13.20442]]}}, {"type": "Feature", "properties": {"drain_type": "SWD", "material": "Concrete", "status": "Good", "ward": "N016", "zone": "N02", "source": "Greater Chennai Corporation", "year": "2024", "shedId": "KOSAS"}, "geometry": {"type": "LineString", "coordinates": [[80.26139, 13.19262], [80.26141, 13.19299], [80.26098, 13.19302], [80.26092, 13.19357], [80.26114, 13.1939], [80.26116, 13.1952], [80.26035, 13.19882], [80.26019, 13.2007]]}}, {"type": "Feature", "properties": {"drain_type": "SWD", "material": "Concrete", "status": "Good", "ward": "N016", "zone": "N02", "source": "Greater Chennai Corporation", "year": "2024", "shedId": "KOSAS"}, "geometry": {"type": "LineString", "coordinates": [[80.26019, 13.2007], [80.25969, 13.20275]]}}, {"type": "Feature", "properties": {"drain_type": "SWD", "material": "Concrete", "status": "Good", "ward": "N016", "zone": "N02", "source": "Greater Chennai Corporation", "year": "2024", "shedId": "KOSAS"}, "geometry": {"type": "LineString", "coordinates": [[80.25753, 13.19549], [80.25611, 13.19553], [80.25583, 13.19548]]}}, {"type": "Feature", "properties": {"drain_type": "SWD", "material": "Concrete", "status": "Good", "ward": "N016", "zone": "N02", "source": "Greater Chennai Corporation", "year": "2024", "shedId": "KOSAS"}, "geometry": {"type": "LineString", "coordinates": [[80.25583, 13.19548], [80.25512, 13.19565], [80.25437, 13.19553]]}}, {"type": "Feature", "properties": {"drain_type": "SWD", "material": "Concrete", "status": "Good", "ward": "N021", "zone": "N02", "source": "Greater Chennai Corporation", "year": "2024", "shedId": "KOSAS"}, "geometry": {"type": "LineString", "coordinates": [[80.25568, 13.16574], [80.25632, 13.16567]]}}, {"type": "Feature", "properties": {"drain_type": "SWD", "material": "Concrete", "status": "Good", "ward": "N021", "zone": "N02", "source": "Greater Chennai Corporation", "year": "2024", "shedId": "KOSAS"}, "geometry": {"type": "LineString", "coordinates": [[80.25723, 13.16536], [80.25703, 13.16384]]}}, {"type": "Feature", "properties": {"drain_type": "SWD", "material": "Concrete", "status": "Good", "ward": "N021", "zone": "N02", "source": "Greater Chennai Corporation", "year": "2024", "shedId": "KOSAS"}, "geometry": {"type": "LineString", "coordinates": [[80.25781, 13.1654], [80.25765, 13.16377]]}}, {"type": "Feature", "properties": {"drain_type": "SWD", "material": "Concrete", "status": "Good", "ward": "N021", "zone": "N02", "source": "Greater Chennai Corporation", "year": "2024", "shedId": "KOSAS"}, "geometry": {"type": "LineString", "coordinates": [[80.25831, 13.16805], [80.2569, 13.16789]]}}, {"type": "Feature", "properties": {"drain_type": "SWD", "material": "Concrete", "status": "Good", "ward": "N021", "zone": "N02", "source": "Greater Chennai Corporation", "year": "2024", "shedId": "KOSAS"}, "geometry": {"type": "LineString", "coordinates": [[80.25862, 13.16544], [80.26265, 13.16517]]}}, {"type": "Feature", "properties": {"drain_type": "SWD", "material": "Concrete", "status": "Good", "ward": "N021", "zone": "N02", "source": "Greater Chennai Corporation", "year": "2024", "shedId": "KOSAS"}, "geometry": {"type": "LineString", "coordinates": [[80.25932, 13.16712], [80.25976, 13.16709]]}}, {"type": "Feature", "properties": {"drain_type": "SWD", "material": "Concrete", "status": "Good", "ward": "N021", "zone": "N02", "source": "Greater Chennai Corporation", "year": "2024", "shedId": "KOSAS"}, "geometry": {"type": "LineString", "coordinates": [[80.26041, 13.16535], [80.26004, 13.16326]]}}, {"type": "Feature", "properties": {"drain_type": "SWD", "material": "Concrete", "status": "Good", "ward": "N021", "zone": "N02", "source": "Greater Chennai Corporation", "year": "2024", "shedId": "KOSAS"}, "geometry": {"type": "LineString", "coordinates": [[80.26046, 13.16535], [80.26055, 13.1675]]}}, {"type": "Feature", "properties": {"drain_type": "SWD", "material": "Concrete", "status": "Good", "ward": "N021", "zone": "N02", "source": "Greater Chennai Corporation", "year": "2024", "shedId": "KOSAS"}, "geometry": {"type": "LineString", "coordinates": [[80.25995, 13.16685], [80.26054, 13.16682]]}}, {"type": "Feature", "properties": {"drain_type": "SWD", "material": "Concrete", "status": "Good", "ward": "N021", "zone": "N02", "source": "Greater Chennai Corporation", "year": "2024", "shedId": "KOSAS"}, "geometry": {"type": "LineString", "coordinates": [[80.26015, 13.16362], [80.26145, 13.16336]]}}, {"type": "Feature", "properties": {"drain_type": "SWD", "material": "Concrete", "status": "Good", "ward": "N021", "zone": "N02", "source": "Greater Chennai Corporation", "year": "2024", "shedId": "KOSAS"}, "geometry": {"type": "LineString", "coordinates": [[80.26147, 13.16327], [80.26191, 13.16316]]}}, {"type": "Feature", "properties": {"drain_type": "SWD", "material": "Concrete", "status": "Good", "ward": "N021", "zone": "N02", "source": "Greater Chennai Corporation", "year": "2024", "shedId": "KOSAS"}, "geometry": {"type": "LineString", "coordinates": [[80.26166, 13.16394], [80.26199, 13.16389]]}}, {"type": "Feature", "properties": {"drain_type": "SWD", "material": "Concrete", "status": "Good", "ward": "N021", "zone": "N02", "source": "Greater Chennai Corporation", "year": "2024", "shedId": "KOSAS"}, "geometry": {"type": "LineString", "coordinates": [[80.26264, 13.1637], [80.26303, 13.16404], [80.26298, 13.16436]]}}, {"type": "Feature", "properties": {"drain_type": "SWD", "material": "Concrete", "status": "Good", "ward": "N021", "zone": "N02", "source": "Greater Chennai Corporation", "year": "2024", "shedId": "KOSAS"}, "geometry": {"type": "LineString", "coordinates": [[80.26109, 13.16447], [80.26269, 13.16444]]}}, {"type": "Feature", "properties": {"drain_type": "SWD", "material": "Concrete", "status": "Good", "ward": "N021", "zone": "N02", "source": "Greater Chennai Corporation", "year": "2024", "shedId": "KOSAS"}, "geometry": {"type": "LineString", "coordinates": [[80.26106, 13.16635], [80.26106, 13.16758]]}}, {"type": "Feature", "properties": {"drain_type": "SWD", "material": "Concrete", "status": "Good", "ward": "N021", "zone": "N02", "source": "Greater Chennai Corporation", "year": "2024", "shedId": "KOSAS"}, "geometry": {"type": "LineString", "coordinates": [[80.25877, 13.16905], [80.25787, 13.16905]]}}, {"type": "Feature", "properties": {"drain_type": "SWD", "material": "Concrete", "status": "Good", "ward": "N021", "zone": "N02", "source": "Greater Chennai Corporation", "year": "2024", "shedId": "KOSAS"}, "geometry": {"type": "LineString", "coordinates": [[80.26196, 13.16444], [80.26203, 13.16514]]}}, {"type": "Feature", "properties": {"drain_type": "SWD", "material": "Concrete", "status": "Good", "ward": "N021", "zone": "N02", "source": "Greater Chennai Corporation", "year": "2024", "shedId": "KOSAS"}, "geometry": {"type": "LineString", "coordinates": [[80.26228, 13.16443], [80.26228, 13.16519]]}}, {"type": "Feature", "properties": {"drain_type": "SWD", "material": "Concrete", "status": "Good", "ward": "N021", "zone": "N02", "source": "Greater Chennai Corporation", "year": "2024", "shedId": "KOSAS"}, "geometry": {"type": "LineString", "coordinates": [[80.26227, 13.16519], [80.26232, 13.16721]]}}, {"type": "Feature", "properties": {"drain_type": "SWD", "material": "Concrete", "status": "Good", "ward": "N021", "zone": "N02", "source": "Greater Chennai Corporation", "year": "2024", "shedId": "KOSAS"}, "geometry": {"type": "LineString", "coordinates": [[80.26262, 13.16586], [80.26352, 13.16584]]}}, {"type": "Feature", "properties": {"drain_type": "SWD", "material": "Concrete", "status": "Good", "ward": "N021", "zone": "N02", "source": "Greater Chennai Corporation", "year": "2024", "shedId": "KOSAS"}, "geometry": {"type": "LineString", "coordinates": [[80.26306, 13.16586], [80.26305, 13.16718]]}}, {"type": "Feature", "properties": {"drain_type": "SWD", "material": "Concrete", "status": "Good", "ward": "N021", "zone": "N02", "source": "Greater Chennai Corporation", "year": "2024", "shedId": "KOSAS"}, "geometry": {"type": "LineString", "coordinates": [[80.26354, 13.16626], [80.26424, 13.16624]]}}, {"type": "Feature", "properties": {"drain_type": "SWD", "material": "Concrete", "status": "Good", "ward": "N021", "zone": "N02", "source": "Greater Chennai Corporation", "year": "2024", "shedId": "KOSAS"}, "geometry": {"type": "LineString", "coordinates": [[80.26371, 13.16625], [80.26374, 13.16667]]}}, {"type": "Feature", "properties": {"drain_type": "SWD", "material": "Concrete", "status": "Good", "ward": "N021", "zone": "N02", "source": "Greater Chennai Corporation", "year": "2024", "shedId": "KOSAS"}, "geometry": {"type": "LineString", "coordinates": [[80.26353, 13.16668], [80.2642, 13.16664]]}}, {"type": "Feature", "properties": {"drain_type": "SWD", "material": "Concrete", "status": "Good", "ward": "N021", "zone": "N02", "source": "Greater Chennai Corporation", "year": "2024", "shedId": "KOSAS"}, "geometry": {"type": "LineString", "coordinates": [[80.26298, 13.16245], [80.26337, 13.1636], [80.2638, 13.16446]]}}, {"type": "Feature", "properties": {"drain_type": "SWD", "material": "Concrete", "status": "Good", "ward": "N021", "zone": "N02", "source": "Greater Chennai Corporation", "year": "2024", "shedId": "KOSAS"}, "geometry": {"type": "LineString", "coordinates": [[80.26354, 13.16426], [80.26372, 13.16435]]}}, {"type": "Feature", "properties": {"drain_type": "SWD", "material": "Concrete", "status": "Good", "ward": "N021", "zone": "N02", "source": "Greater Chennai Corporation", "year": "2024", "shedId": "KOSAS"}, "geometry": {"type": "LineString", "coordinates": [[80.26347, 13.16442], [80.26361, 13.16434], [80.26363, 13.16432]]}}, {"type": "Feature", "properties": {"drain_type": "SWD", "material": "Concrete", "status": "Good", "ward": "N021", "zone": "N02", "source": "Greater Chennai Corporation", "year": "2024", "shedId": "KOSAS"}, "geometry": {"type": "LineString", "coordinates": [[80.26431, 13.16435], [80.26375, 13.16439]]}}, {"type": "Feature", "properties": {"drain_type": "SWD", "material": "Concrete", "status": "Good", "ward": "N021", "zone": "N02", "source": "Greater Chennai Corporation", "year": "2024", "shedId": "KOSAS"}, "geometry": {"type": "LineString", "coordinates": [[80.25639, 13.16684], [80.25633, 13.16545], [80.2561, 13.16418]]}}, {"type": "Feature", "properties": {"drain_type": "SWD", "material": "Concrete", "status": "Good", "ward": "N021", "zone": "N02", "source": "Greater Chennai Corporation", "year": "2024", "shedId": "KOSAS"}, "geometry": {"type": "LineString", "coordinates": [[80.25632, 13.1654], [80.2569, 13.16534], [80.25852, 13.1654]]}}, {"type": "Feature", "properties": {"drain_type": "SWD", "material": "Concrete", "status": "Good", "ward": "N021", "zone": "N02", "source": "Greater Chennai Corporation", "year": "2024", "shedId": "KOSAS"}, "geometry": {"type": "LineString", "coordinates": [[80.25696, 13.1674], [80.25692, 13.16533], [80.25669, 13.1639]]}}, {"type": "Feature", "properties": {"drain_type": "SWD", "material": "Concrete", "status": "Good", "ward": "N021", "zone": "N02", "source": "Greater Chennai Corporation", "year": "2024", "shedId": "KOSAS"}, "geometry": {"type": "LineString", "coordinates": [[80.25867, 13.16364], [80.25855, 13.16717], [80.25832, 13.168]]}}, {"type": "Feature", "properties": {"drain_type": "SWD", "material": "Concrete", "status": "Good", "ward": "N021", "zone": "N02", "source": "Greater Chennai Corporation", "year": "2024", "shedId": "KOSAS"}, "geometry": {"type": "LineString", "coordinates": [[80.25937, 13.16771], [80.25925, 13.1635]]}}, {"type": "Feature", "properties": {"drain_type": "SWD", "material": "Concrete", "status": "Good", "ward": "N021", "zone": "N02", "source": "Greater Chennai Corporation", "year": "2024", "shedId": "KOSAS"}, "geometry": {"type": "LineString", "coordinates": [[80.25961, 13.16344], [80.25979, 13.16437], [80.26001, 13.16755]]}}, {"type": "Feature", "properties": {"drain_type": "SWD", "material": "Concrete", "status": "Good", "ward": "N021", "zone": "N02", "source": "Greater Chennai Corporation", "year": "2024", "shedId": "KOSAS"}, "geometry": {"type": "LineString", "coordinates": [[80.26061, 13.16298], [80.26108, 13.16439], [80.26135, 13.16759]]}}, {"type": "Feature", "properties": {"drain_type": "SWD", "material": "Concrete", "status": "Good", "ward": "N021", "zone": "N02", "source": "Greater Chennai Corporation", "year": "2024", "shedId": "KOSAS"}, "geometry": {"type": "LineString", "coordinates": [[80.26107, 13.16723], [80.26418, 13.16716]]}}, {"type": "Feature", "properties": {"drain_type": "SWD", "material": "Concrete", "status": "Good", "ward": "N021", "zone": "N02", "source": "Greater Chennai Corporation", "year": "2024", "shedId": "KOSAS"}, "geometry": {"type": "LineString", "coordinates": [[80.26164, 13.16444], [80.26187, 13.16614], [80.26189, 13.1676]]}}, {"type": "Feature", "properties": {"drain_type": "SWD", "material": "Concrete", "status": "Good", "ward": "N021", "zone": "N02", "source": "Greater Chennai Corporation", "year": "2024", "shedId": "KOSAS"}, "geometry": {"type": "LineString", "coordinates": [[80.26242, 13.16758], [80.26256, 13.16715], [80.2627, 13.16437]]}}, {"type": "Feature", "properties": {"drain_type": "SWD", "material": "Concrete", "status": "Good", "ward": "N021", "zone": "N02", "source": "Greater Chennai Corporation", "year": "2024", "shedId": "KOSAS"}, "geometry": {"type": "LineString", "coordinates": [[80.26341, 13.16435], [80.26354, 13.16612], [80.26353, 13.16717]]}}, {"type": "Feature", "properties": {"drain_type": "SWD", "material": "Concrete", "status": "Good", "ward": "N021", "zone": "N02", "source": "Greater Chennai Corporation", "year": "2024", "shedId": "KOSAS"}, "geometry": {"type": "LineString", "coordinates": [[80.26227, 13.16438], [80.2627, 13.16437]]}}, {"type": "Feature", "properties": {"drain_type": "SWD", "material": "Concrete", "status": "Good", "ward": "N021", "zone": "N02", "source": "Greater Chennai Corporation", "year": "2024", "shedId": "KOSAS"}, "geometry": {"type": "LineString", "coordinates": [[80.2627, 13.16437], [80.26341, 13.16435], [80.26366, 13.16423]]}}, {"type": "Feature", "properties": {"drain_type": "SWD", "material": "Concrete", "status": "Good", "ward": "N021", "zone": "N02", "source": "Greater Chennai Corporation", "year": "2024", "shedId": "KOSAS"}, "geometry": {"type": "LineString", "coordinates": [[80.26184, 13.16259], [80.262, 13.16399], [80.26223, 13.16398], [80.26228, 13.16438]]}}, {"type": "Feature", "properties": {"drain_type": "SWD", "material": "Concrete", "status": "Good", "ward": "N021", "zone": "N02", "source": "Greater Chennai Corporation", "year": "2024", "shedId": "KOSAS"}, "geometry": {"type": "LineString", "coordinates": [[80.25832, 13.168], [80.25695, 13.1714], [80.25679, 13.17279], [80.25717, 13.17466]]}}, {"type": "Feature", "properties": {"drain_type": "SWD", "material": "Concrete", "status": "Good", "ward": "N021", "zone": "N02", "source": "Greater Chennai Corporation", "year": "2024", "shedId": "KOSAS"}, "geometry": {"type": "LineString", "coordinates": [[80.25832, 13.168], [80.26056, 13.16755], [80.26242, 13.16758]]}}, {"type": "Feature", "properties": {"drain_type": "SWD", "material": "Concrete", "status": "Good", "ward": "N023", "zone": "N03", "source": "Greater Chennai Corporation", "year": "2024", "shedId": "KOSAS"}, "geometry": {"type": "LineString", "coordinates": [[80.20451, 13.15969], [80.20523, 13.15969]]}}, {"type": "Feature", "properties": {"drain_type": "SWD", "material": "Concrete", "status": "Good", "ward": "N023", "zone": "N03", "source": "Greater Chennai Corporation", "year": "2024", "shedId": "KOSAS"}, "geometry": {"type": "LineString", "coordinates": [[80.20313, 13.16211], [80.20381, 13.1625], [80.20386, 13.16276], [80.20559, 13.16218], [80.20563, 13.16238], [80.20677, 13.16261]]}}, {"type": "Feature", "properties": {"drain_type": "SWD", "material": "Concrete", "status": "Good", "ward": "N023", "zone": "N03", "source": "Greater Chennai Corporation", "year": "2024", "shedId": "KOSAS"}, "geometry": {"type": "LineString", "coordinates": [[80.20677, 13.16261], [80.20685, 13.16292], [80.20754, 13.16293], [80.20767, 13.16409]]}}, {"type": "Feature", "properties": {"drain_type": "Side Drain", "material": "Concrete", "status": "Good", "ward": "N024", "zone": "N03", "source": "Greater Chennai Corporation", "year": "2024", "shedId": "KOSAS"}, "geometry": {"type": "LineString", "coordinates": [[80.18464, 13.13772], [80.18934, 13.14002], [80.1943, 13.14166], [80.19656, 13.14313]]}}, {"type": "Feature", "properties": {"drain_type": "Side Drain", "material": "Concrete", "status": "Good", "ward": "N024", "zone": "N03", "source": "Greater Chennai Corporation", "year": "2024", "shedId": "KOSAS"}, "geometry": {"type": "LineString", "coordinates": [[80.18491, 13.13743], [80.18989, 13.13984], [80.19456, 13.14137], [80.19682, 13.14287]]}}, {"type": "Feature", "properties": {"drain_type": "SWD", "material": "Concrete", "status": "Good", "ward": "N024", "zone": "N03", "source": "Greater Chennai Corporation", "year": "2024", "shedId": "KOSAS"}, "geometry": {"type": "LineString", "coordinates": [[80.19477, 13.12962], [80.1962, 13.12945]]}}, {"type": "Feature", "properties": {"drain_type": "SWD", "material": "Concrete", "status": "Good", "ward": "N024", "zone": "N03", "source": "Greater Chennai Corporation", "year": "2024", "shedId": "KOSAS"}, "geometry": {"type": "LineString", "coordinates": [[80.19619, 13.12921], [80.19625, 13.12992]]}}, {"type": "Feature", "properties": {"drain_type": "SWD", "material": "Concrete", "status": "Good", "ward": "N024", "zone": "N03", "source": "Greater Chennai Corporation", "year": "2024", "shedId": "KOSAS"}, "geometry": {"type": "LineString", "coordinates": [[80.20316, 13.1421], [80.20259, 13.14017]]}}, {"type": "Feature", "properties": {"drain_type": "SWD", "material": "Concrete", "status": "Good", "ward": "N024", "zone": "N03", "source": "Greater Chennai Corporation", "year": "2024", "shedId": "KOSAS"}, "geometry": {"type": "LineString", "coordinates": [[80.20259, 13.14017], [80.20305, 13.14001]]}}, {"type": "Feature", "properties": {"drain_type": "SWD", "material": "Concrete", "status": "Good", "ward": "N024", "zone": "N03", "source": "Greater Chennai Corporation", "year": "2024", "shedId": "KOSAS"}, "geometry": {"type": "LineString", "coordinates": [[80.195, 13.13], [80.19685, 13.1299], [80.1969, 13.13021]]}}, {"type": "Feature", "properties": {"drain_type": "SWD", "material": "Concrete", "status": "Good", "ward": "N024", "zone": "N03", "source": "Greater Chennai Corporation", "year": "2024", "shedId": "KOSAS"}, "geometry": {"type": "LineString", "coordinates": [[80.1969, 13.13021], [80.1974, 13.1301], [80.19749, 13.12982], [80.19894, 13.12972]]}}, {"type": "Feature", "properties": {"drain_type": "SWD", "material": "Concrete", "status": "Good", "ward": "N024", "zone": "N03", "source": "Greater Chennai Corporation", "year": "2024", "shedId": "KOSAS"}, "geometry": {"type": "LineString", "coordinates": [[80.19894, 13.12972], [80.2003, 13.12941]]}}, {"type": "Feature", "properties": {"drain_type": "SWD", "material": "Concrete", "status": "Good", "ward": "N024", "zone": "N03", "source": "Greater Chennai Corporation", "year": "2024", "shedId": "KOSAS"}, "geometry": {"type": "LineString", "coordinates": [[80.20305, 13.14001], [80.20303, 13.13978], [80.2006, 13.13605], [80.19945, 13.13182]]}}, {"type": "Feature", "properties": {"drain_type": "SWD", "material": "Concrete", "status": "Good", "ward": "N024", "zone": "N03", "source": "Greater Chennai Corporation", "year": "2024", "shedId": "KOSAS"}, "geometry": {"type": "LineString", "coordinates": [[80.19945, 13.13182], [80.19894, 13.12972]]}}, {"type": "Feature", "properties": {"drain_type": "SWD", "material": "Concrete", "status": "Good", "ward": "N026", "zone": "N03", "source": "Greater Chennai Corporation", "year": "2024", "shedId": "KOSAS"}, "geometry": {"type": "LineString", "coordinates": [[80.2242, 13.12953], [80.22429, 13.13061]]}}, {"type": "Feature", "properties": {"drain_type": "Side Drain", "material": "Concrete", "status": "Bad", "ward": "N026", "zone": "N03", "source": "Greater Chennai Corporation", "year": "2024", "shedId": "KOSAS"}, "geometry": {"type": "LineString", "coordinates": [[80.22383, 13.13067], [80.22378, 13.12968]]}}, {"type": "Feature", "properties": {"drain_type": "Side Drain", "material": "Concrete", "status": "Bad", "ward": "N026", "zone": "N03", "source": "Greater Chennai Corporation", "year": "2024", "shedId": "KOSAS"}, "geometry": {"type": "LineString", "coordinates": [[80.22378, 13.13013], [80.22312, 13.13028]]}}, {"type": "Feature", "properties": {"drain_type": "SWD", "material": "Concrete", "status": "Good", "ward": "N026", "zone": "N03", "source": "Greater Chennai Corporation", "year": "2024", "shedId": "KOSAS"}, "geometry": {"type": "LineString", "coordinates": [[80.22315, 13.12993], [80.22317, 13.13073]]}}, {"type": "Feature", "properties": {"drain_type": "Side Drain", "material": "Concrete", "status": "Bad", "ward": "N026", "zone": "N03", "source": "Greater Chennai Corporation", "year": "2024", "shedId": "KOSAS"}, "geometry": {"type": "LineString", "coordinates": [[80.21974, 13.13062], [80.21867, 13.13064]]}}, {"type": "Feature", "properties": {"drain_type": "Side Drain", "material": "Concrete", "status": "Bad", "ward": "N026", "zone": "N03", "source": "Greater Chennai Corporation", "year": "2024", "shedId": "KOSAS"}, "geometry": {"type": "LineString", "coordinates": [[80.21867, 13.13064], [80.21879, 13.13188]]}}, {"type": "Feature", "properties": {"drain_type": "Side Drain", "material": "Concrete", "status": "Bad", "ward": "N026", "zone": "N03", "source": "Greater Chennai Corporation", "year": "2024", "shedId": "KOSAS"}, "geometry": {"type": "LineString", "coordinates": [[80.21869, 13.13104], [80.21975, 13.13099]]}}, {"type": "Feature", "properties": {"drain_type": "Side Drain", "material": "Concrete", "status": "Bad", "ward": "N026", "zone": "N03", "source": "Greater Chennai Corporation", "year": "2024", "shedId": "KOSAS"}, "geometry": {"type": "LineString", "coordinates": [[80.21874, 13.13141], [80.21962, 13.13138]]}}, {"type": "Feature", "properties": {"drain_type": "Side Drain", "material": "Concrete", "status": "Bad", "ward": "N026", "zone": "N03", "source": "Greater Chennai Corporation", "year": "2024", "shedId": "KOSAS"}, "geometry": {"type": "LineString", "coordinates": [[80.21879, 13.13188], [80.2197, 13.13185]]}}, {"type": "Feature", "properties": {"drain_type": "Side Drain", "material": "Concrete", "status": "Bad", "ward": "N026", "zone": "N03", "source": "Greater Chennai Corporation", "year": "2024", "shedId": "KOSAS"}, "geometry": {"type": "LineString", "coordinates": [[80.21779, 13.13086], [80.21868, 13.13088]]}}, {"type": "Feature", "properties": {"drain_type": "Side Drain", "material": "Concrete", "status": "Bad", "ward": "N026", "zone": "N03", "source": "Greater Chennai Corporation", "year": "2024", "shedId": "KOSAS"}, "geometry": {"type": "LineString", "coordinates": [[80.21672, 13.13138], [80.21841, 13.13139]]}}, {"type": "Feature", "properties": {"drain_type": "Side Drain", "material": "Concrete", "status": "Bad", "ward": "N026", "zone": "N03", "source": "Greater Chennai Corporation", "year": "2024", "shedId": "KOSAS"}, "geometry": {"type": "LineString", "coordinates": [[80.21841, 13.13139], [80.21849, 13.13241]]}}, {"type": "Feature", "properties": {"drain_type": "SWD", "material": "Concrete", "status": "Good", "ward": "N026", "zone": "N03", "source": "Greater Chennai Corporation", "year": "2024", "shedId": "KOSAS"}, "geometry": {"type": "LineString", "coordinates": [[80.21672, 13.13138], [80.21694, 13.13251]]}}, {"type": "Feature", "properties": {"drain_type": "Side Drain", "material": "Concrete", "status": "Bad", "ward": "N026", "zone": "N03", "source": "Greater Chennai Corporation", "year": "2024", "shedId": "KOSAS"}, "geometry": {"type": "LineString", "coordinates": [[80.21677, 13.13173], [80.21843, 13.13173]]}}, {"type": "Feature", "properties": {"drain_type": "Side Drain", "material": "Concrete", "status": "Bad", "ward": "N026", "zone": "N03", "source": "Greater Chennai Corporation", "year": "2024", "shedId": "KOSAS"}, "geometry": {"type": "LineString", "coordinates": [[80.21685, 13.13213], [80.21847, 13.13213]]}}, {"type": "Feature", "properties": {"drain_type": "SWD", "material": "Concrete", "status": "Good", "ward": "N026", "zone": "N03", "source": "Greater Chennai Corporation", "year": "2024", "shedId": "KOSAS"}, "geometry": {"type": "LineString", "coordinates": [[80.21694, 13.13251], [80.21797, 13.13259]]}}, {"type": "Feature", "properties": {"drain_type": "SWD", "material": "Concrete", "status": "Good", "ward": "N026", "zone": "N03", "source": "Greater Chennai Corporation", "year": "2024", "shedId": "KOSAS"}, "geometry": {"type": "LineString", "coordinates": [[80.21797, 13.13259], [80.21805, 13.13478]]}}, {"type": "Feature", "properties": {"drain_type": "SWD", "material": "Concrete", "status": "Good", "ward": "N026", "zone": "N03", "source": "Greater Chennai Corporation", "year": "2024", "shedId": "KOSAS"}, "geometry": {"type": "LineString", "coordinates": [[80.21805, 13.13478], [80.2177, 13.13477]]}}, {"type": "Feature", "properties": {"drain_type": "SWD", "material": "Concrete", "status": "Good", "ward": "N026", "zone": "N03", "source": "Greater Chennai Corporation", "year": "2024", "shedId": "KOSAS"}, "geometry": {"type": "LineString", "coordinates": [[80.2177, 13.13477], [80.2177, 13.13534]]}}, {"type": "Feature", "properties": {"drain_type": "SWD", "material": "Concrete", "status": "Good", "ward": "N026", "zone": "N03", "source": "Greater Chennai Corporation", "year": "2024", "shedId": "KOSAS"}, "geometry": {"type": "LineString", "coordinates": [[80.21396, 13.13075], [80.21968, 13.14402], [80.2194, 13.14478]]}}, {"type": "Feature", "properties": {"drain_type": "Side Drain", "material": "Concrete", "status": "Bad", "ward": "N026", "zone": "N03", "source": "Greater Chennai Corporation", "year": "2024", "shedId": "KOSAS"}, "geometry": {"type": "LineString", "coordinates": [[80.21991, 13.14513], [80.22032, 13.14552], [80.22498, 13.15693]]}}, {"type": "Feature", "properties": {"drain_type": "Side Drain", "material": "Concrete", "status": "Bad", "ward": "N026", "zone": "N03", "source": "Greater Chennai Corporation", "year": "2024", "shedId": "KOSAS"}, "geometry": {"type": "LineString", "coordinates": [[80.22382, 13.1461], [80.22391, 13.146], [80.22491, 13.1456]]}}, {"type": "Feature", "properties": {"drain_type": "Side Drain", "material": "Concrete", "status": "Bad", "ward": "N026", "zone": "N03", "source": "Greater Chennai Corporation", "year": "2024", "shedId": "KOSAS"}, "geometry": {"type": "LineString", "coordinates": [[80.22391, 13.146], [80.22372, 13.14585], [80.22316, 13.1444]]}}, {"type": "Feature", "properties": {"drain_type": "Side Drain", "material": "Concrete", "status": "Bad", "ward": "N026", "zone": "N03", "source": "Greater Chennai Corporation", "year": "2024", "shedId": "KOSAS"}, "geometry": {"type": "LineString", "coordinates": [[80.22316, 13.1444], [80.22364, 13.14421], [80.22385, 13.14465]]}}, {"type": "Feature", "properties": {"drain_type": "Side Drain", "material": "Concrete", "status": "Bad", "ward": "N026", "zone": "N03", "source": "Greater Chennai Corporation", "year": "2024", "shedId": "KOSAS"}, "geometry": {"type": "LineString", "coordinates": [[80.22494, 13.14494], [80.22437, 13.14517], [80.22432, 13.14505]]}}, {"type": "Feature", "properties": {"drain_type": "Side Drain", "material": "Concrete", "status": "Bad", "ward": "N026", "zone": "N03", "source": "Greater Chennai Corporation", "year": "2024", "shedId": "KOSAS"}, "geometry": {"type": "LineString", "coordinates": [[80.22496, 13.14476], [80.22427, 13.14507], [80.22411, 13.14488]]}}, {"type": "Feature", "properties": {"drain_type": "Side Drain", "material": "Concrete", "status": "Bad", "ward": "N026", "zone": "N03", "source": "Greater Chennai Corporation", "year": "2024", "shedId": "KOSAS"}, "geometry": {"type": "LineString", "coordinates": [[80.22411, 13.14488], [80.22488, 13.14455]]}}, {"type": "Feature", "properties": {"drain_type": "Side Drain", "material": "Concrete", "status": "Bad", "ward": "N026", "zone": "N03", "source": "Greater Chennai Corporation", "year": "2024", "shedId": "KOSAS"}, "geometry": {"type": "LineString", "coordinates": [[80.22421, 13.14481], [80.22415, 13.1447], [80.22415, 13.14469]]}}, {"type": "Feature", "properties": {"drain_type": "Side Drain", "material": "Concrete", "status": "Bad", "ward": "N026", "zone": "N03", "source": "Greater Chennai Corporation", "year": "2024", "shedId": "KOSAS"}, "geometry": {"type": "LineString", "coordinates": [[80.22408, 13.14472], [80.22483, 13.14442]]}}, {"type": "Feature", "properties": {"drain_type": "Side Drain", "material": "Concrete", "status": "Bad", "ward": "N026", "zone": "N03", "source": "Greater Chennai Corporation", "year": "2024", "shedId": "KOSAS"}, "geometry": {"type": "LineString", "coordinates": [[80.22408, 13.14472], [80.22395, 13.14449]]}}, {"type": "Feature", "properties": {"drain_type": "Side Drain", "material": "Concrete", "status": "Bad", "ward": "N026", "zone": "N03", "source": "Greater Chennai Corporation", "year": "2024", "shedId": "KOSAS"}, "geometry": {"type": "LineString", "coordinates": [[80.22395, 13.14449], [80.22485, 13.14414]]}}, {"type": "Feature", "properties": {"drain_type": "Side Drain", "material": "Concrete", "status": "Bad", "ward": "N026", "zone": "N03", "source": "Greater Chennai Corporation", "year": "2024", "shedId": "KOSAS"}, "geometry": {"type": "LineString", "coordinates": [[80.22404, 13.14445], [80.22383, 13.14414]]}}, {"type": "Feature", "properties": {"drain_type": "Side Drain", "material": "Concrete", "status": "Bad", "ward": "N026", "zone": "N03", "source": "Greater Chennai Corporation", "year": "2024", "shedId": "KOSAS"}, "geometry": {"type": "LineString", "coordinates": [[80.22383, 13.14414], [80.22384, 13.14413], [80.22473, 13.14377]]}}, {"type": "Feature", "properties": {"drain_type": "Side Drain", "material": "Concrete", "status": "Bad", "ward": "N026", "zone": "N03", "source": "Greater Chennai Corporation", "year": "2024", "shedId": "KOSAS"}, "geometry": {"type": "LineString", "coordinates": [[80.22371, 13.14431], [80.22384, 13.14426]]}}, {"type": "Feature", "properties": {"drain_type": "Side Drain", "material": "Concrete", "status": "Bad", "ward": "N026", "zone": "N03", "source": "Greater Chennai Corporation", "year": "2024", "shedId": "KOSAS"}, "geometry": {"type": "LineString", "coordinates": [[80.22299, 13.1508], [80.22485, 13.15076]]}}, {"type": "Feature", "properties": {"drain_type": "SWD", "material": "Concrete", "status": "Good", "ward": "N026", "zone": "N03", "source": "Greater Chennai Corporation", "year": "2024", "shedId": "KOSAS"}, "geometry": {"type": "LineString", "coordinates": [[80.2122, 13.13228], [80.21062, 13.1338], [80.20937, 13.13575], [80.20631, 13.13921]]}}, {"type": "Feature", "properties": {"drain_type": "Side Drain", "material": "Concrete", "status": "Bad", "ward": "N026", "zone": "N03", "source": "Greater Chennai Corporation", "year": "2024", "shedId": "KOSAS"}, "geometry": {"type": "LineString", "coordinates": [[80.20644, 13.1352], [80.2084, 13.13528]]}}, {"type": "Feature", "properties": {"drain_type": "Side Drain", "material": "Concrete", "status": "Bad", "ward": "N026", "zone": "N03", "source": "Greater Chennai Corporation", "year": "2024", "shedId": "KOSAS"}, "geometry": {"type": "LineString", "coordinates": [[80.2084, 13.13528], [80.20842, 13.13585]]}}, {"type": "Feature", "properties": {"drain_type": "Side Drain", "material": "Concrete", "status": "Bad", "ward": "N026", "zone": "N03", "source": "Greater Chennai Corporation", "year": "2024", "shedId": "KOSAS"}, "geometry": {"type": "LineString", "coordinates": [[80.2084, 13.13531], [80.20907, 13.13522], [80.20966, 13.13538]]}}, {"type": "Feature", "properties": {"drain_type": "Side Drain", "material": "Concrete", "status": "Bad", "ward": "N026", "zone": "N03", "source": "Greater Chennai Corporation", "year": "2024", "shedId": "KOSAS"}, "geometry": {"type": "LineString", "coordinates": [[80.20659, 13.13613], [80.20841, 13.13585], [80.20877, 13.13587], [80.2089, 13.13619]]}}, {"type": "Feature", "properties": {"drain_type": "Side Drain", "material": "Concrete", "status": "Bad", "ward": "N026", "zone": "N03", "source": "Greater Chennai Corporation", "year": "2024", "shedId": "KOSAS"}, "geometry": {"type": "LineString", "coordinates": [[80.20615, 13.13704], [80.2065, 13.13694], [80.20825, 13.13689]]}}, {"type": "Feature", "properties": {"drain_type": "SWD", "material": "Concrete", "status": "Good", "ward": "N026", "zone": "N03", "source": "Greater Chennai Corporation", "year": "2024", "shedId": "KOSAS"}, "geometry": {"type": "LineString", "coordinates": [[80.20579, 13.13766], [80.20761, 13.13762]]}}, {"type": "Feature", "properties": {"drain_type": "Side Drain", "material": "Concrete", "status": "Bad", "ward": "N026", "zone": "N03", "source": "Greater Chennai Corporation", "year": "2024", "shedId": "KOSAS"}, "geometry": {"type": "LineString", "coordinates": [[80.20574, 13.13823], [80.20715, 13.13818]]}}, {"type": "Feature", "properties": {"drain_type": "Side Drain", "material": "Concrete", "status": "Bad", "ward": "N026", "zone": "N03", "source": "Greater Chennai Corporation", "year": "2024", "shedId": "KOSAS"}, "geometry": {"type": "LineString", "coordinates": [[80.20582, 13.13884], [80.207, 13.13836]]}}, {"type": "Feature", "properties": {"drain_type": "Side Drain", "material": "Concrete", "status": "Bad", "ward": "N026", "zone": "N03", "source": "Greater Chennai Corporation", "year": "2024", "shedId": "KOSAS"}, "geometry": {"type": "LineString", "coordinates": [[80.20842, 13.13565], [80.2066, 13.13575], [80.20654, 13.13645], [80.20611, 13.13644]]}}, {"type": "Feature", "properties": {"drain_type": "Side Drain", "material": "Concrete", "status": "Bad", "ward": "N026", "zone": "N03", "source": "Greater Chennai Corporation", "year": "2024", "shedId": "KOSAS"}, "geometry": {"type": "LineString", "coordinates": [[80.2225, 13.14303], [80.22307, 13.14428]]}}, {"type": "Feature", "properties": {"drain_type": "Side Drain", "material": "Concrete", "status": "Bad", "ward": "N026", "zone": "N03", "source": "Greater Chennai Corporation", "year": "2024", "shedId": "KOSAS"}, "geometry": {"type": "LineString", "coordinates": [[80.22307, 13.14428], [80.22465, 13.14364]]}}, {"type": "Feature", "properties": {"drain_type": "Side Drain", "material": "Concrete", "status": "Bad", "ward": "N026", "zone": "N03", "source": "Greater Chennai Corporation", "year": "2024", "shedId": "KOSAS"}, "geometry": {"type": "LineString", "coordinates": [[80.22173, 13.14478], [80.22285, 13.14437]]}}, {"type": "Feature", "properties": {"drain_type": "Side Drain", "material": "Concrete", "status": "Bad", "ward": "N026", "zone": "N03", "source": "Greater Chennai Corporation", "year": "2024", "shedId": "KOSAS"}, "geometry": {"type": "LineString", "coordinates": [[80.22285, 13.14437], [80.22237, 13.14313]]}}, {"type": "Feature", "properties": {"drain_type": "SWD", "material": "Concrete", "status": "Good", "ward": "N026", "zone": "N03", "source": "Greater Chennai Corporation", "year": "2024", "shedId": "KOSAS"}, "geometry": {"type": "LineString", "coordinates": [[80.22198, 13.13367], [80.22007, 13.134]]}}, {"type": "Feature", "properties": {"drain_type": "SWD", "material": "Concrete", "status": "Good", "ward": "N026", "zone": "N03", "source": "Greater Chennai Corporation", "year": "2024", "shedId": "KOSAS"}, "geometry": {"type": "LineString", "coordinates": [[80.22007, 13.134], [80.21802, 13.13393]]}}, {"type": "Feature", "properties": {"drain_type": "SWD", "material": "Concrete", "status": "Good", "ward": "N026", "zone": "N03", "source": "Greater Chennai Corporation", "year": "2024", "shedId": "KOSAS"}, "geometry": {"type": "LineString", "coordinates": [[80.22318, 13.13073], [80.2222, 13.13086]]}}, {"type": "Feature", "properties": {"drain_type": "Side Drain", "material": "Concrete", "status": "Bad", "ward": "N026", "zone": "N03", "source": "Greater Chennai Corporation", "year": "2024", "shedId": "KOSAS"}, "geometry": {"type": "LineString", "coordinates": [[80.2222, 13.13086], [80.22014, 13.13096]]}}, {"type": "Feature", "properties": {"drain_type": "SWD", "material": "Concrete", "status": "Good", "ward": "N026", "zone": "N03", "source": "Greater Chennai Corporation", "year": "2024", "shedId": "KOSAS"}, "geometry": {"type": "LineString", "coordinates": [[80.22195, 13.13281], [80.22198, 13.13367]]}}, {"type": "Feature", "properties": {"drain_type": "SWD", "material": "Concrete", "status": "Good", "ward": "N026", "zone": "N03", "source": "Greater Chennai Corporation", "year": "2024", "shedId": "KOSAS"}, "geometry": {"type": "LineString", "coordinates": [[80.2222, 13.13086], [80.22227, 13.13271]]}}, {"type": "Feature", "properties": {"drain_type": "SWD", "material": "Concrete", "status": "Good", "ward": "N026", "zone": "N03", "source": "Greater Chennai Corporation", "year": "2024", "shedId": "KOSAS"}, "geometry": {"type": "LineString", "coordinates": [[80.22227, 13.13271], [80.22195, 13.13281]]}}, {"type": "Feature", "properties": {"drain_type": "SWD", "material": "Concrete", "status": "Good", "ward": "N026", "zone": "N03", "source": "Greater Chennai Corporation", "year": "2024", "shedId": "KOSAS"}, "geometry": {"type": "LineString", "coordinates": [[80.2177, 13.13534], [80.21814, 13.13557], [80.22221, 13.13547], [80.22256, 13.13573]]}}, {"type": "Feature", "properties": {"drain_type": "SWD", "material": "Concrete", "status": "Good", "ward": "N027", "zone": "N03", "source": "Greater Chennai Corporation", "year": "2024", "shedId": "KOSAS"}, "geometry": {"type": "LineString", "coordinates": [[80.24423, 13.16435], [80.24427, 13.16673]]}}, {"type": "Feature", "properties": {"drain_type": "Side Drain", "material": "Concrete", "status": "Good", "ward": "N027", "zone": "N03", "source": "Greater Chennai Corporation", "year": "2024", "shedId": "KOSAS"}, "geometry": {"type": "LineString", "coordinates": [[80.23181, 13.15047], [80.23185, 13.15165]]}}, {"type": "Feature", "properties": {"drain_type": "Side Drain", "material": "Concrete", "status": "Good", "ward": "N027", "zone": "N03", "source": "Greater Chennai Corporation", "year": "2024", "shedId": "KOSAS"}, "geometry": {"type": "LineString", "coordinates": [[80.23234, 13.15163], [80.23236, 13.15261]]}}, {"type": "Feature", "properties": {"drain_type": "Side Drain", "material": "Concrete", "status": "Good", "ward": "N027", "zone": "N03", "source": "Greater Chennai Corporation", "year": "2024", "shedId": "KOSAS"}, "geometry": {"type": "LineString", "coordinates": [[80.23257, 13.15069], [80.23272, 13.15161]]}}, {"type": "Feature", "properties": {"drain_type": "Side Drain", "material": "Concrete", "status": "Good", "ward": "N027", "zone": "N03", "source": "Greater Chennai Corporation", "year": "2024", "shedId": "KOSAS"}, "geometry": {"type": "LineString", "coordinates": [[80.23252, 13.15068], [80.23251, 13.15028]]}}, {"type": "Feature", "properties": {"drain_type": "SWD", "material": "Concrete", "status": "Good", "ward": "N027", "zone": "N03", "source": "Greater Chennai Corporation", "year": "2024", "shedId": "KOSAS"}, "geometry": {"type": "LineString", "coordinates": [[80.22676, 13.15604], [80.22849, 13.15129]]}}, {"type": "Feature", "properties": {"drain_type": "Side Drain", "material": "Concrete", "status": "Bad", "ward": "N027", "zone": "N03", "source": "Greater Chennai Corporation", "year": "2024", "shedId": "KOSAS"}, "geometry": {"type": "LineString", "coordinates": [[80.23124, 13.1514], [80.23125, 13.15181]]}}, {"type": "Feature", "properties": {"drain_type": "SWD", "material": "Concrete", "status": "Good", "ward": "N027", "zone": "N03", "source": "Greater Chennai Corporation", "year": "2024", "shedId": "KOSAS"}, "geometry": {"type": "LineString", "coordinates": [[80.23135, 13.15654], [80.2315, 13.15372], [80.2314, 13.15186]]}}, {"type": "Feature", "properties": {"drain_type": "Side Drain", "material": "Concrete", "status": "Good", "ward": "N027", "zone": "N03", "source": "Greater Chennai Corporation", "year": "2024", "shedId": "KOSAS"}, "geometry": {"type": "LineString", "coordinates": [[80.23016, 13.15495], [80.23139, 13.15492]]}}, {"type": "Feature", "properties": {"drain_type": "Side Drain", "material": "Concrete", "status": "Good", "ward": "N027", "zone": "N03", "source": "Greater Chennai Corporation", "year": "2024", "shedId": "KOSAS"}, "geometry": {"type": "LineString", "coordinates": [[80.23148, 13.15393], [80.23244, 13.15388]]}}, {"type": "Feature", "properties": {"drain_type": "Side Drain", "material": "Concrete", "status": "Bad", "ward": "N027", "zone": "N03", "source": "Greater Chennai Corporation", "year": "2024", "shedId": "KOSAS"}, "geometry": {"type": "LineString", "coordinates": [[80.23392, 13.15324], [80.23306, 13.15338], [80.23262, 13.15386]]}}, {"type": "Feature", "properties": {"drain_type": "Side Drain", "material": "Concrete", "status": "Good", "ward": "N027", "zone": "N03", "source": "Greater Chennai Corporation", "year": "2024", "shedId": "KOSAS"}, "geometry": {"type": "LineString", "coordinates": [[80.23625, 13.15136], [80.23722, 13.15126], [80.23721, 13.15117]]}}, {"type": "Feature", "properties": {"drain_type": "Side Drain", "material": "Concrete", "status": "Good", "ward": "N027", "zone": "N03", "source": "Greater Chennai Corporation", "year": "2024", "shedId": "KOSAS"}, "geometry": {"type": "LineString", "coordinates": [[80.23721, 13.15119], [80.23726, 13.15184]]}}, {"type": "Feature", "properties": {"drain_type": "SWD", "material": "Concrete", "status": "Good", "ward": "N027", "zone": "N03", "source": "Greater Chennai Corporation", "year": "2024", "shedId": "KOSAS"}, "geometry": {"type": "LineString", "coordinates": [[80.24208, 13.15069], [80.24207, 13.15055]]}}, {"type": "Feature", "properties": {"drain_type": "Side Drain", "material": "Concrete", "status": "Good", "ward": "N027", "zone": "N03", "source": "Greater Chennai Corporation", "year": "2024", "shedId": "KOSAS"}, "geometry": {"type": "LineString", "coordinates": [[80.24034, 13.15295], [80.24054, 13.15417]]}}, {"type": "Feature", "properties": {"drain_type": "Side Drain", "material": "Concrete", "status": "Good", "ward": "N027", "zone": "N03", "source": "Greater Chennai Corporation", "year": "2024", "shedId": "KOSAS"}, "geometry": {"type": "LineString", "coordinates": [[80.2263, 13.15757], [80.226, 13.15815], [80.22612, 13.15845]]}}, {"type": "Feature", "properties": {"drain_type": "SWD", "material": "Concrete", "status": "Good", "ward": "N027", "zone": "N03", "source": "Greater Chennai Corporation", "year": "2024", "shedId": "KOSAS"}, "geometry": {"type": "LineString", "coordinates": [[80.24427, 13.16673], [80.24501, 13.16687]]}}, {"type": "Feature", "properties": {"drain_type": "SWD", "material": "Concrete", "status": "Good", "ward": "N027", "zone": "N03", "source": "Greater Chennai Corporation", "year": "2024", "shedId": "KOSAS"}, "geometry": {"type": "LineString", "coordinates": [[80.22983, 13.15238], [80.23125, 13.15181], [80.23167, 13.15184], [80.23177, 13.15166], [80.23386, 13.15156], [80.23506, 13.15167]]}}, {"type": "Feature", "properties": {"drain_type": "SWD", "material": "Concrete", "status": "Good", "ward": "N027", "zone": "N03", "source": "Greater Chennai Corporation", "year": "2024", "shedId": "KOSAS"}, "geometry": {"type": "LineString", "coordinates": [[80.23506, 13.15167], [80.23514, 13.15193]]}}, {"type": "Feature", "properties": {"drain_type": "SWD", "material": "Concrete", "status": "Good", "ward": "N027", "zone": "N03", "source": "Greater Chennai Corporation", "year": "2024", "shedId": "KOSAS"}, "geometry": {"type": "LineString", "coordinates": [[80.23514, 13.15193], [80.23636, 13.15194], [80.23726, 13.15184]]}}, {"type": "Feature", "properties": {"drain_type": "Side Drain", "material": "Concrete", "status": "Good", "ward": "N027", "zone": "N03", "source": "Greater Chennai Corporation", "year": "2024", "shedId": "KOSAS"}, "geometry": {"type": "LineString", "coordinates": [[80.23729, 13.15126], [80.23998, 13.15096], [80.24006, 13.15127]]}}, {"type": "Feature", "properties": {"drain_type": "Side Drain", "material": "Concrete", "status": "Good", "ward": "N027", "zone": "N03", "source": "Greater Chennai Corporation", "year": "2024", "shedId": "KOSAS"}, "geometry": {"type": "LineString", "coordinates": [[80.24006, 13.15127], [80.24098, 13.15113]]}}, {"type": "Feature", "properties": {"drain_type": "Side Drain", "material": "Concrete", "status": "Good", "ward": "N027", "zone": "N03", "source": "Greater Chennai Corporation", "year": "2024", "shedId": "KOSAS"}, "geometry": {"type": "LineString", "coordinates": [[80.23979, 13.1547], [80.23968, 13.15458], [80.23954, 13.15391]]}}, {"type": "Feature", "properties": {"drain_type": "Side Drain", "material": "Concrete", "status": "Bad", "ward": "N027", "zone": "N03", "source": "Greater Chennai Corporation", "year": "2024", "shedId": "KOSAS"}, "geometry": {"type": "LineString", "coordinates": [[80.24196, 13.15077], [80.24168, 13.15068], [80.24164, 13.15098], [80.24098, 13.15113], [80.24138, 13.1535], [80.23979, 13.1547]]}}, {"type": "Feature", "properties": {"drain_type": "Side Drain", "material": "Concrete", "status": "Good", "ward": "N027", "zone": "N03", "source": "Greater Chennai Corporation", "year": "2024", "shedId": "KOSAS"}, "geometry": {"type": "LineString", "coordinates": [[80.23013, 13.15483], [80.23015, 13.15391]]}}, {"type": "Feature", "properties": {"drain_type": "Side Drain", "material": "Concrete", "status": "Bad", "ward": "N027", "zone": "N03", "source": "Greater Chennai Corporation", "year": "2024", "shedId": "KOSAS"}, "geometry": {"type": "LineString", "coordinates": [[80.23015, 13.15391], [80.23149, 13.15384]]}}, {"type": "Feature", "properties": {"drain_type": "Side Drain", "material": "Concrete", "status": "Good", "ward": "N032", "zone": "N03", "source": "Greater Chennai Corporation", "year": "2024", "shedId": "KOSAS"}, "geometry": {"type": "LineString", "coordinates": [[80.20158, 13.12891], [80.20175, 13.12971]]}}, {"type": "Feature", "properties": {"drain_type": "Side Drain", "material": "Concrete", "status": "Good", "ward": "N032", "zone": "N03", "source": "Greater Chennai Corporation", "year": "2024", "shedId": "KOSAS"}, "geometry": {"type": "LineString", "coordinates": [[80.20175, 13.12971], [80.20214, 13.12964], [80.20225, 13.12962]]}}, {"type": "Feature", "properties": {"drain_type": "Side Drain", "material": "Concrete", "status": "Good", "ward": "N032", "zone": "N03", "source": "Greater Chennai Corporation", "year": "2024", "shedId": "KOSAS"}, "geometry": {"type": "LineString", "coordinates": [[80.20224, 13.12963], [80.20238, 13.13043]]}}, {"type": "Feature", "properties": {"drain_type": "Side Drain", "material": "Concrete", "status": "Good", "ward": "N032", "zone": "N03", "source": "Greater Chennai Corporation", "year": "2024", "shedId": "KOSAS"}, "geometry": {"type": "LineString", "coordinates": [[80.2023, 13.12999], [80.20343, 13.12978]]}}, {"type": "Feature", "properties": {"drain_type": "SWD", "material": "Concrete", "status": "Good", "ward": "N032", "zone": "N03", "source": "Greater Chennai Corporation", "year": "2024", "shedId": "KOSAS"}, "geometry": {"type": "LineString", "coordinates": [[80.20622, 13.13063], [80.2062, 13.13297]]}}, {"type": "Feature", "properties": {"drain_type": "Side Drain", "material": "Concrete", "status": "Good", "ward": "N032", "zone": "N03", "source": "Greater Chennai Corporation", "year": "2024", "shedId": "KOSAS"}, "geometry": {"type": "LineString", "coordinates": [[80.20619, 13.13296], [80.21193, 13.13263]]}}, {"type": "Feature", "properties": {"drain_type": "Side Drain", "material": "Concrete", "status": "Good", "ward": "N032", "zone": "N03", "source": "Greater Chennai Corporation", "year": "2024", "shedId": "KOSAS"}, "geometry": {"type": "LineString", "coordinates": [[80.20727, 13.13285], [80.21203, 13.13255]]}}, {"type": "Feature", "properties": {"drain_type": "Side Drain", "material": "Concrete", "status": "Good", "ward": "N032", "zone": "N03", "source": "Greater Chennai Corporation", "year": "2024", "shedId": "KOSAS"}, "geometry": {"type": "LineString", "coordinates": [[80.20781, 13.13218], [80.20899, 13.13215], [80.21226, 13.13182]]}}, {"type": "Feature", "properties": {"drain_type": "Side Drain", "material": "Concrete", "status": "Good", "ward": "N032", "zone": "N03", "source": "Greater Chennai Corporation", "year": "2024", "shedId": "KOSAS"}, "geometry": {"type": "LineString", "coordinates": [[80.20839, 13.13159], [80.21238, 13.13124]]}}, {"type": "Feature", "properties": {"drain_type": "Side Drain", "material": "Concrete", "status": "Good", "ward": "N032", "zone": "N03", "source": "Greater Chennai Corporation", "year": "2024", "shedId": "KOSAS"}, "geometry": {"type": "LineString", "coordinates": [[80.2084, 13.13156], [80.21241, 13.13118]]}}, {"type": "Feature", "properties": {"drain_type": "Side Drain", "material": "Concrete", "status": "Good", "ward": "N032", "zone": "N03", "source": "Greater Chennai Corporation", "year": "2024", "shedId": "KOSAS"}, "geometry": {"type": "LineString", "coordinates": [[80.20835, 13.13092], [80.21247, 13.13087]]}}, {"type": "Feature", "properties": {"drain_type": "Side Drain", "material": "Concrete", "status": "Good", "ward": "N032", "zone": "N03", "source": "Greater Chennai Corporation", "year": "2024", "shedId": "KOSAS"}, "geometry": {"type": "LineString", "coordinates": [[80.20835, 13.13087], [80.21214, 13.13084]]}}, {"type": "Feature", "properties": {"drain_type": "Side Drain", "material": "Concrete", "status": "Good", "ward": "N032", "zone": "N03", "source": "Greater Chennai Corporation", "year": "2024", "shedId": "KOSAS"}, "geometry": {"type": "LineString", "coordinates": [[80.20714, 13.13046], [80.20731, 13.13217]]}}, {"type": "Feature", "properties": {"drain_type": "Side Drain", "material": "Concrete", "status": "Good", "ward": "N032", "zone": "N03", "source": "Greater Chennai Corporation", "year": "2024", "shedId": "KOSAS"}, "geometry": {"type": "LineString", "coordinates": [[80.20782, 13.13205], [80.20776, 13.13035]]}}, {"type": "Feature", "properties": {"drain_type": "Side Drain", "material": "Concrete", "status": "Good", "ward": "N032", "zone": "N03", "source": "Greater Chennai Corporation", "year": "2024", "shedId": "KOSAS"}, "geometry": {"type": "LineString", "coordinates": [[80.20825, 13.13028], [80.20835, 13.13087], [80.20834, 13.13213]]}}, {"type": "Feature", "properties": {"drain_type": "Side Drain", "material": "Concrete", "status": "Good", "ward": "N032", "zone": "N03", "source": "Greater Chennai Corporation", "year": "2024", "shedId": "KOSAS"}, "geometry": {"type": "LineString", "coordinates": [[80.20798, 13.13214], [80.21227, 13.13177]]}}, {"type": "Feature", "properties": {"drain_type": "SWD", "material": "Concrete", "status": "Good", "ward": "N032", "zone": "N03", "source": "Greater Chennai Corporation", "year": "2024", "shedId": "KOSAS"}, "geometry": {"type": "LineString", "coordinates": [[80.21247, 13.13087], [80.21223, 13.13219], [80.21203, 13.13255]]}}, {"type": "Feature", "properties": {"drain_type": "SWD", "material": "Concrete", "status": "Good", "ward": "N032", "zone": "N03", "source": "Greater Chennai Corporation", "year": "2024", "shedId": "KOSAS"}, "geometry": {"type": "LineString", "coordinates": [[80.21199, 13.13255], [80.21061, 13.13382], [80.20969, 13.13536]]}}, {"type": "Feature", "properties": {"drain_type": "Side Drain", "material": "Concrete", "status": "Good", "ward": "N032", "zone": "N03", "source": "Greater Chennai Corporation", "year": "2024", "shedId": "KOSAS"}, "geometry": {"type": "LineString", "coordinates": [[80.20969, 13.13536], [80.20907, 13.13521], [80.20841, 13.13532]]}}, {"type": "Feature", "properties": {"drain_type": "Side Drain", "material": "Concrete", "status": "Good", "ward": "N032", "zone": "N03", "source": "Greater Chennai Corporation", "year": "2024", "shedId": "KOSAS"}, "geometry": {"type": "LineString", "coordinates": [[80.20842, 13.13564], [80.2084, 13.13421]]}}, {"type": "Feature", "properties": {"drain_type": "Side Drain", "material": "Concrete", "status": "Good", "ward": "N032", "zone": "N03", "source": "Greater Chennai Corporation", "year": "2024", "shedId": "KOSAS"}, "geometry": {"type": "LineString", "coordinates": [[80.20673, 13.13451], [80.2084, 13.13453]]}}, {"type": "Feature", "properties": {"drain_type": "Side Drain", "material": "Concrete", "status": "Good", "ward": "N032", "zone": "N03", "source": "Greater Chennai Corporation", "year": "2024", "shedId": "KOSAS"}, "geometry": {"type": "LineString", "coordinates": [[80.20664, 13.13446], [80.2084, 13.1345]]}}, {"type": "Feature", "properties": {"drain_type": "Side Drain", "material": "Concrete", "status": "Good", "ward": "N032", "zone": "N03", "source": "Greater Chennai Corporation", "year": "2024", "shedId": "KOSAS"}, "geometry": {"type": "LineString", "coordinates": [[80.20627, 13.1341], [80.20861, 13.13416], [80.21017, 13.13448]]}}, {"type": "Feature", "properties": {"drain_type": "Side Drain", "material": "Concrete", "status": "Good", "ward": "N032", "zone": "N03", "source": "Greater Chennai Corporation", "year": "2024", "shedId": "KOSAS"}, "geometry": {"type": "LineString", "coordinates": [[80.20636, 13.13379], [80.20825, 13.13392], [80.20902, 13.13382]]}}, {"type": "Feature", "properties": {"drain_type": "Side Drain", "material": "Concrete", "status": "Good", "ward": "N032", "zone": "N03", "source": "Greater Chennai Corporation", "year": "2024", "shedId": "KOSAS"}, "geometry": {"type": "LineString", "coordinates": [[80.2077, 13.13383], [80.20867, 13.13383], [80.2096, 13.13364], [80.20999, 13.13313]]}}, {"type": "Feature", "properties": {"drain_type": "Side Drain", "material": "Concrete", "status": "Good", "ward": "N032", "zone": "N03", "source": "Greater Chennai Corporation", "year": "2024", "shedId": "KOSAS"}, "geometry": {"type": "LineString", "coordinates": [[80.20999, 13.13314], [80.20979, 13.13304]]}}, {"type": "Feature", "properties": {"drain_type": "Side Drain", "material": "Concrete", "status": "Good", "ward": "N032", "zone": "N03", "source": "Greater Chennai Corporation", "year": "2024", "shedId": "KOSAS"}, "geometry": {"type": "LineString", "coordinates": [[80.2077, 13.13338], [80.20942, 13.13332]]}}, {"type": "Feature", "properties": {"drain_type": "Side Drain", "material": "Concrete", "status": "Good", "ward": "N032", "zone": "N03", "source": "Greater Chennai Corporation", "year": "2024", "shedId": "KOSAS"}, "geometry": {"type": "LineString", "coordinates": [[80.2081, 13.13338], [80.20961, 13.13331], [80.20981, 13.13276]]}}, {"type": "Feature", "properties": {"drain_type": "Side Drain", "material": "Concrete", "status": "Good", "ward": "N032", "zone": "N03", "source": "Greater Chennai Corporation", "year": "2024", "shedId": "KOSAS"}, "geometry": {"type": "LineString", "coordinates": [[80.21055, 13.13265], [80.2105, 13.13199]]}}, {"type": "Feature", "properties": {"drain_type": "Side Drain", "material": "Concrete", "status": "Good", "ward": "N032", "zone": "N03", "source": "Greater Chennai Corporation", "year": "2024", "shedId": "KOSAS"}, "geometry": {"type": "LineString", "coordinates": [[80.21046, 13.13195], [80.21042, 13.13143]]}}, {"type": "Feature", "properties": {"drain_type": "Side Drain", "material": "Concrete", "status": "Good", "ward": "N032", "zone": "N03", "source": "Greater Chennai Corporation", "year": "2024", "shedId": "KOSAS"}, "geometry": {"type": "LineString", "coordinates": [[80.21042, 13.13138], [80.21041, 13.13087]]}}, {"type": "Feature", "properties": {"drain_type": "Side Drain", "material": "Concrete", "status": "Good", "ward": "N032", "zone": "N03", "source": "Greater Chennai Corporation", "year": "2024", "shedId": "KOSAS"}, "geometry": {"type": "LineString", "coordinates": [[80.21048, 13.13085], [80.21052, 13.1298]]}}, {"type": "Feature", "properties": {"drain_type": "Side Drain", "material": "Concrete", "status": "Good", "ward": "N032", "zone": "N03", "source": "Greater Chennai Corporation", "year": "2024", "shedId": "KOSAS"}, "geometry": {"type": "LineString", "coordinates": [[80.20977, 13.13082], [80.20973, 13.13014]]}}, {"type": "Feature", "properties": {"drain_type": "Side Drain", "material": "Concrete", "status": "Good", "ward": "N032", "zone": "N03", "source": "Greater Chennai Corporation", "year": "2024", "shedId": "KOSAS"}, "geometry": {"type": "LineString", "coordinates": [[80.20885, 13.13014], [80.20887, 13.13027], [80.20976, 13.13015]]}}, {"type": "Feature", "properties": {"drain_type": "Side Drain", "material": "Concrete", "status": "Good", "ward": "N032", "zone": "N03", "source": "Greater Chennai Corporation", "year": "2024", "shedId": "KOSAS"}, "geometry": {"type": "LineString", "coordinates": [[80.20974, 13.12995], [80.20979, 13.13028]]}}, {"type": "Feature", "properties": {"drain_type": "Side Drain", "material": "Concrete", "status": "Good", "ward": "N032", "zone": "N03", "source": "Greater Chennai Corporation", "year": "2024", "shedId": "KOSAS"}, "geometry": {"type": "LineString", "coordinates": [[80.20979, 13.13028], [80.21148, 13.13032]]}}, {"type": "Feature", "properties": {"drain_type": "Side Drain", "material": "Concrete", "status": "Good", "ward": "N032", "zone": "N03", "source": "Greater Chennai Corporation", "year": "2024", "shedId": "KOSAS"}, "geometry": {"type": "LineString", "coordinates": [[80.20979, 13.13032], [80.21151, 13.13036]]}}, {"type": "Feature", "properties": {"drain_type": "Side Drain", "material": "Concrete", "status": "Good", "ward": "N032", "zone": "N03", "source": "Greater Chennai Corporation", "year": "2024", "shedId": "KOSAS"}, "geometry": {"type": "LineString", "coordinates": [[80.21228, 13.13077], [80.21165, 13.13059], [80.21131, 13.12967], [80.20622, 13.13063]]}}, {"type": "Feature", "properties": {"drain_type": "SWD", "material": "Concrete", "status": "Good", "ward": "N032", "zone": "N03", "source": "Greater Chennai Corporation", "year": "2024", "shedId": "KOSAS"}, "geometry": {"type": "LineString", "coordinates": [[80.20646, 13.13058], [80.20667, 13.13227], [80.2062, 13.13229]]}}, {"type": "Feature", "properties": {"drain_type": "SWD", "material": "Concrete", "status": "Good", "ward": "N100", "zone": "N08", "source": "Greater Chennai Corporation", "year": "2024", "shedId": "KOSAS"}, "geometry": {"type": "LineString", "coordinates": [[80.21024, 13.08508], [80.21054, 13.09247]]}}, {"type": "Feature", "properties": {"drain_type": "SWD", "material": "Concrete", "status": "Good", "ward": "N100", "zone": "N08", "source": "Greater Chennai Corporation", "year": "2024", "shedId": "KOSAS"}, "geometry": {"type": "LineString", "coordinates": [[80.21149, 13.08722], [80.21154, 13.08812]]}}, {"type": "Feature", "properties": {"drain_type": "SWD", "material": "Concrete", "status": "Good", "ward": "N100", "zone": "N08", "source": "Greater Chennai Corporation", "year": "2024", "shedId": "KOSAS"}, "geometry": {"type": "LineString", "coordinates": [[80.21185, 13.08809], [80.21094, 13.08814]]}}, {"type": "Feature", "properties": {"drain_type": "SWD", "material": "Concrete", "status": "Good", "ward": "N100", "zone": "N08", "source": "Greater Chennai Corporation", "year": "2024", "shedId": "KOSAS"}, "geometry": {"type": "LineString", "coordinates": [[80.21094, 13.08813], [80.21095, 13.08876]]}}, {"type": "Feature", "properties": {"drain_type": "SWD", "material": "Concrete", "status": "Good", "ward": "N100", "zone": "N08", "source": "Greater Chennai Corporation", "year": "2024", "shedId": "KOSAS"}, "geometry": {"type": "LineString", "coordinates": [[80.21302, 13.08812], [80.21545, 13.08801]]}}, {"type": "Feature", "properties": {"drain_type": "SWD", "material": "Concrete", "status": "Good", "ward": "N100", "zone": "N08", "source": "Greater Chennai Corporation", "year": "2024", "shedId": "KOSAS"}, "geometry": {"type": "LineString", "coordinates": [[80.21049, 13.09054], [80.21558, 13.09035]]}}, {"type": "Feature", "properties": {"drain_type": "SWD", "material": "Concrete", "status": "Good", "ward": "N100", "zone": "N08", "source": "Greater Chennai Corporation", "year": "2024", "shedId": "KOSAS"}, "geometry": {"type": "LineString", "coordinates": [[80.21049, 13.09068], [80.21558, 13.09048]]}}, {"type": "Feature", "properties": {"drain_type": "SWD", "material": "Concrete", "status": "Good", "ward": "N100", "zone": "N08", "source": "Greater Chennai Corporation", "year": "2024", "shedId": "KOSAS"}, "geometry": {"type": "LineString", "coordinates": [[80.21314, 13.09056], [80.21319, 13.09236]]}}, {"type": "Feature", "properties": {"drain_type": "SWD", "material": "Concrete", "status": "Good", "ward": "N100", "zone": "N08", "source": "Greater Chennai Corporation", "year": "2024", "shedId": "KOSAS"}, "geometry": {"type": "LineString", "coordinates": [[80.2138, 13.09054], [80.21388, 13.09234]]}}, {"type": "Feature", "properties": {"drain_type": "SWD", "material": "Concrete", "status": "Good", "ward": "N100", "zone": "N08", "source": "Greater Chennai Corporation", "year": "2024", "shedId": "KOSAS"}, "geometry": {"type": "LineString", "coordinates": [[80.21385, 13.09178], [80.21504, 13.09174]]}}, {"type": "Feature", "properties": {"drain_type": "SWD", "material": "Concrete", "status": "Good", "ward": "N100", "zone": "N08", "source": "Greater Chennai Corporation", "year": "2024", "shedId": "KOSAS"}, "geometry": {"type": "LineString", "coordinates": [[80.21054, 13.09247], [80.21564, 13.09229]]}}, {"type": "Feature", "properties": {"drain_type": "SWD", "material": "Concrete", "status": "Good", "ward": "N100", "zone": "N08", "source": "Greater Chennai Corporation", "year": "2024", "shedId": "KOSAS"}, "geometry": {"type": "LineString", "coordinates": [[80.21252, 13.09254], [80.21564, 13.09244]]}}, {"type": "Feature", "properties": {"drain_type": "SWD", "material": "Concrete", "status": "Good", "ward": "N100", "zone": "N08", "source": "Greater Chennai Corporation", "year": "2024", "shedId": "KOSAS"}, "geometry": {"type": "LineString", "coordinates": [[80.21514, 13.09245], [80.21514, 13.09324]]}}, {"type": "Feature", "properties": {"drain_type": "SWD", "material": "Concrete", "status": "Good", "ward": "N100", "zone": "N08", "source": "Greater Chennai Corporation", "year": "2024", "shedId": "KOSAS"}, "geometry": {"type": "LineString", "coordinates": [[80.21258, 13.09059], [80.21267, 13.09236]]}}, {"type": "Feature", "properties": {"drain_type": "SWD", "material": "Concrete", "status": "Good", "ward": "N100", "zone": "N08", "source": "Greater Chennai Corporation", "year": "2024", "shedId": "KOSAS"}, "geometry": {"type": "LineString", "coordinates": [[80.21504, 13.09174], [80.21504, 13.09229]]}}, {"type": "Feature", "properties": {"drain_type": "SWD", "material": "Concrete", "status": "Good", "ward": "N100", "zone": "N08", "source": "Greater Chennai Corporation", "year": "2024", "shedId": "KOSAS"}, "geometry": {"type": "LineString", "coordinates": [[80.21263, 13.09238], [80.21264, 13.09253]]}}, {"type": "Feature", "properties": {"drain_type": "SWD", "material": "Concrete", "status": "Good", "ward": "N100", "zone": "N08", "source": "Greater Chennai Corporation", "year": "2024", "shedId": "KOSAS"}, "geometry": {"type": "LineString", "coordinates": [[80.21259, 13.0911], [80.21211, 13.09114], [80.21213, 13.09183], [80.21257, 13.09183]]}}, {"type": "Feature", "properties": {"drain_type": "SWD", "material": "Concrete", "status": "Good", "ward": "N100", "zone": "N08", "source": "Greater Chennai Corporation", "year": "2024", "shedId": "KOSAS"}, "geometry": {"type": "LineString", "coordinates": [[80.21546, 13.08858], [80.21043, 13.08878]]}}, {"type": "Feature", "properties": {"drain_type": "SWD", "material": "Concrete", "status": "Good", "ward": "N100", "zone": "N08", "source": "Greater Chennai Corporation", "year": "2024", "shedId": "KOSAS"}, "geometry": {"type": "LineString", "coordinates": [[80.21533, 13.08489], [80.21571, 13.09349]]}}, {"type": "Feature", "properties": {"drain_type": "SWD", "material": "Concrete", "status": "Good", "ward": "N102", "zone": "N08", "source": "Greater Chennai Corporation", "year": "2024", "shedId": "KOSAS"}, "geometry": {"type": "LineString", "coordinates": [[80.23019, 13.08321], [80.2301, 13.08296], [80.22846, 13.08294], [80.22561, 13.08317]]}}, {"type": "Feature", "properties": {"drain_type": "SWD", "material": "Concrete", "status": "Good", "ward": "N102", "zone": "N08", "source": "Greater Chennai Corporation", "year": "2024", "shedId": "KOSAS"}, "geometry": {"type": "LineString", "coordinates": [[80.23066, 13.08275], [80.23031, 13.07854]]}}, {"type": "Feature", "properties": {"drain_type": "SWD", "material": "Concrete", "status": "Good", "ward": "N102", "zone": "N08", "source": "Greater Chennai Corporation", "year": "2024", "shedId": "KOSAS"}, "geometry": {"type": "LineString", "coordinates": [[80.23061, 13.08204], [80.23072, 13.08203]]}}, {"type": "Feature", "properties": {"drain_type": "SWD", "material": "Concrete", "status": "Good", "ward": "N102", "zone": "N08", "source": "Greater Chennai Corporation", "year": "2024", "shedId": "KOSAS"}, "geometry": {"type": "LineString", "coordinates": [[80.23063, 13.08309], [80.23373, 13.08344]]}}, {"type": "Feature", "properties": {"drain_type": "SWD", "material": "Concrete", "status": "Good", "ward": "N102", "zone": "N08", "source": "Greater Chennai Corporation", "year": "2024", "shedId": "KOSAS"}, "geometry": {"type": "LineString", "coordinates": [[80.22744, 13.08638], [80.22722, 13.08515], [80.22702, 13.08326]]}}, {"type": "Feature", "properties": {"drain_type": "SWD", "material": "Concrete", "status": "Good", "ward": "N102", "zone": "N08", "source": "Greater Chennai Corporation", "year": "2024", "shedId": "KOSAS"}, "geometry": {"type": "LineString", "coordinates": [[80.23373, 13.08344], [80.23449, 13.08659], [80.23441, 13.08773]]}}, {"type": "Feature", "properties": {"drain_type": "SWD", "material": "Concrete", "status": "Good", "ward": "N102", "zone": "N08", "source": "Greater Chennai Corporation", "year": "2024", "shedId": "KOSAS"}, "geometry": {"type": "LineString", "coordinates": [[80.23471, 13.0877], [80.23459, 13.08652]]}}, {"type": "Feature", "properties": {"drain_type": "SWD", "material": "Concrete", "status": "Good", "ward": "N102", "zone": "N08", "source": "Greater Chennai Corporation", "year": "2024", "shedId": "KOSAS"}, "geometry": {"type": "LineString", "coordinates": [[80.22417, 13.08522], [80.22612, 13.08665]]}}, {"type": "Feature", "properties": {"drain_type": "SWD", "material": "Concrete", "status": "Good", "ward": "N102", "zone": "N08", "source": "Greater Chennai Corporation", "year": "2024", "shedId": "KOSAS"}, "geometry": {"type": "LineString", "coordinates": [[80.22612, 13.08665], [80.22673, 13.08631], [80.22742, 13.08618]]}}, {"type": "Feature", "properties": {"drain_type": "SWD", "material": "Concrete", "status": "Good", "ward": "N102", "zone": "N08", "source": "Greater Chennai Corporation", "year": "2024", "shedId": "KOSAS"}, "geometry": {"type": "LineString", "coordinates": [[80.22693, 13.08625], [80.22715, 13.08652], [80.22722, 13.08779]]}}, {"type": "Feature", "properties": {"drain_type": "SWD", "material": "Concrete", "status": "Good", "ward": "N102", "zone": "N08", "source": "Greater Chennai Corporation", "year": "2024", "shedId": "KOSAS"}, "geometry": {"type": "LineString", "coordinates": [[80.22557, 13.08638], [80.22406, 13.08535]]}}, {"type": "Feature", "properties": {"drain_type": "SWD", "material": "Concrete", "status": "Good", "ward": "N102", "zone": "N08", "source": "Greater Chennai Corporation", "year": "2024", "shedId": "KOSAS"}, "geometry": {"type": "LineString", "coordinates": [[80.22406, 13.08535], [80.22366, 13.08589], [80.22347, 13.08661], [80.22378, 13.09192]]}}, {"type": "Feature", "properties": {"drain_type": "SWD", "material": "Concrete", "status": "Good", "ward": "N102", "zone": "N08", "source": "Greater Chennai Corporation", "year": "2024", "shedId": "KOSAS"}, "geometry": {"type": "LineString", "coordinates": [[80.22378, 13.09192], [80.22574, 13.0902]]}}, {"type": "Feature", "properties": {"drain_type": "SWD", "material": "Concrete", "status": "Good", "ward": "N102", "zone": "N08", "source": "Greater Chennai Corporation", "year": "2024", "shedId": "KOSAS"}, "geometry": {"type": "LineString", "coordinates": [[80.22519, 13.08953], [80.2242, 13.08958]]}}, {"type": "Feature", "properties": {"drain_type": "SWD", "material": "Concrete", "status": "Good", "ward": "N102", "zone": "N08", "source": "Greater Chennai Corporation", "year": "2024", "shedId": "KOSAS"}, "geometry": {"type": "LineString", "coordinates": [[80.2242, 13.08958], [80.22429, 13.09143]]}}, {"type": "Feature", "properties": {"drain_type": "SWD", "material": "Concrete", "status": "Good", "ward": "N102", "zone": "N08", "source": "Greater Chennai Corporation", "year": "2024", "shedId": "KOSAS"}, "geometry": {"type": "LineString", "coordinates": [[80.22468, 13.08956], [80.22475, 13.09103]]}}, {"type": "Feature", "properties": {"drain_type": "SWD", "material": "Concrete", "status": "Good", "ward": "N102", "zone": "N08", "source": "Greater Chennai Corporation", "year": "2024", "shedId": "KOSAS"}, "geometry": {"type": "LineString", "coordinates": [[80.22602, 13.08967], [80.22533, 13.08917], [80.22492, 13.08739]]}}, {"type": "Feature", "properties": {"drain_type": "SWD", "material": "Concrete", "status": "Good", "ward": "N102", "zone": "N08", "source": "Greater Chennai Corporation", "year": "2024", "shedId": "KOSAS"}, "geometry": {"type": "LineString", "coordinates": [[80.22492, 13.08739], [80.22598, 13.08681]]}}, {"type": "Feature", "properties": {"drain_type": "SWD", "material": "Concrete", "status": "Good", "ward": "N102", "zone": "N08", "source": "Greater Chennai Corporation", "year": "2024", "shedId": "KOSAS"}, "geometry": {"type": "LineString", "coordinates": [[80.22452, 13.08569], [80.22412, 13.08631], [80.2241, 13.08732]]}}, {"type": "Feature", "properties": {"drain_type": "SWD", "material": "Concrete", "status": "Good", "ward": "N102", "zone": "N08", "source": "Greater Chennai Corporation", "year": "2024", "shedId": "KOSAS"}, "geometry": {"type": "LineString", "coordinates": [[80.22508, 13.08608], [80.22477, 13.08657], [80.22476, 13.0873]]}}, {"type": "Feature", "properties": {"drain_type": "SWD", "material": "Concrete", "status": "Good", "ward": "N102", "zone": "N08", "source": "Greater Chennai Corporation", "year": "2024", "shedId": "KOSAS"}, "geometry": {"type": "LineString", "coordinates": [[80.22476, 13.0873], [80.22351, 13.08734]]}}, {"type": "Feature", "properties": {"drain_type": "SWD", "material": "Concrete", "status": "Good", "ward": "N102", "zone": "N08", "source": "Greater Chennai Corporation", "year": "2024", "shedId": "KOSAS"}, "geometry": {"type": "LineString", "coordinates": [[80.22451, 13.09126], [80.22573, 13.09253]]}}, {"type": "Feature", "properties": {"drain_type": "SWD", "material": "Concrete", "status": "Good", "ward": "N102", "zone": "N08", "source": "Greater Chennai Corporation", "year": "2024", "shedId": "KOSAS"}, "geometry": {"type": "LineString", "coordinates": [[80.22464, 13.09262], [80.22624, 13.09122]]}}, {"type": "Feature", "properties": {"drain_type": "SWD", "material": "Concrete", "status": "Good", "ward": "N102", "zone": "N08", "source": "Greater Chennai Corporation", "year": "2024", "shedId": "KOSAS"}, "geometry": {"type": "LineString", "coordinates": [[80.22552, 13.09105], [80.22489, 13.0916]]}}, {"type": "Feature", "properties": {"drain_type": "SWD", "material": "Concrete", "status": "Good", "ward": "N102", "zone": "N08", "source": "Greater Chennai Corporation", "year": "2024", "shedId": "KOSAS"}, "geometry": {"type": "LineString", "coordinates": [[80.23256, 13.08334], [80.23256, 13.08335], [80.23256, 13.08414]]}}, {"type": "Feature", "properties": {"drain_type": "SWD", "material": "Concrete", "status": "Good", "ward": "N102", "zone": "N08", "source": "Greater Chennai Corporation", "year": "2024", "shedId": "KOSAS"}, "geometry": {"type": "LineString", "coordinates": [[80.23333, 13.08471], [80.23361, 13.08468]]}}, {"type": "Feature", "properties": {"drain_type": "SWD", "material": "Concrete", "status": "Good", "ward": "N102", "zone": "N08", "source": "Greater Chennai Corporation", "year": "2024", "shedId": "KOSAS"}, "geometry": {"type": "LineString", "coordinates": [[80.23361, 13.08468], [80.23364, 13.08508]]}}, {"type": "Feature", "properties": {"drain_type": "SWD", "material": "Concrete", "status": "Good", "ward": "N102", "zone": "N08", "source": "Greater Chennai Corporation", "year": "2024", "shedId": "KOSAS"}, "geometry": {"type": "LineString", "coordinates": [[80.23056, 13.08282], [80.2301, 13.08296]]}}, {"type": "Feature", "properties": {"drain_type": "SWD", "material": "Concrete", "status": "Good", "ward": "N102", "zone": "N08", "source": "Greater Chennai Corporation", "year": "2024", "shedId": "KOSAS"}, "geometry": {"type": "LineString", "coordinates": [[80.23035, 13.08003], [80.23065, 13.08325]]}}, {"type": "Feature", "properties": {"drain_type": "SWD", "material": "Concrete", "status": "Good", "ward": "N102", "zone": "N08", "source": "Greater Chennai Corporation", "year": "2024", "shedId": "KOSAS"}, "geometry": {"type": "LineString", "coordinates": [[80.22955, 13.08194], [80.22942, 13.08201], [80.22953, 13.08274]]}}, {"type": "Feature", "properties": {"drain_type": "SWD", "material": "Concrete", "status": "Good", "ward": "N102", "zone": "N08", "source": "Greater Chennai Corporation", "year": "2024", "shedId": "KOSAS"}, "geometry": {"type": "LineString", "coordinates": [[80.22953, 13.08274], [80.23011, 13.08264], [80.23014, 13.08296]]}}, {"type": "Feature", "properties": {"drain_type": "SWD", "material": "Concrete", "status": "Good", "ward": "N102", "zone": "N08", "source": "Greater Chennai Corporation", "year": "2024", "shedId": "KOSAS"}, "geometry": {"type": "LineString", "coordinates": [[80.22562, 13.08343], [80.22879, 13.08311], [80.23238, 13.08332], [80.23372, 13.08358]]}}, {"type": "Feature", "properties": {"drain_type": "SWD", "material": "Concrete", "status": "Good", "ward": "N103", "zone": "N08", "source": "Greater Chennai Corporation", "year": "2024", "shedId": "KOSAS"}, "geometry": {"type": "LineString", "coordinates": [[80.23537, 13.07804], [80.2353, 13.08076], [80.23511, 13.08095]]}}, {"type": "Feature", "properties": {"drain_type": "SWD", "material": "Concrete", "status": "Good", "ward": "N103", "zone": "N08", "source": "Greater Chennai Corporation", "year": "2024", "shedId": "KOSAS"}, "geometry": {"type": "LineString", "coordinates": [[80.23349, 13.08095], [80.23511, 13.08095]]}}, {"type": "Feature", "properties": {"drain_type": "SWD", "material": "Concrete", "status": "Good", "ward": "N103", "zone": "N08", "source": "Greater Chennai Corporation", "year": "2024", "shedId": "KOSAS"}, "geometry": {"type": "LineString", "coordinates": [[80.23031, 13.07854], [80.23066, 13.08275]]}}, {"type": "Feature", "properties": {"drain_type": "SWD", "material": "Concrete", "status": "Good", "ward": "N103", "zone": "N08", "source": "Greater Chennai Corporation", "year": "2024", "shedId": "KOSAS"}, "geometry": {"type": "LineString", "coordinates": [[80.23207, 13.0793], [80.23215, 13.08013]]}}, {"type": "Feature", "properties": {"drain_type": "SWD", "material": "Concrete", "status": "Good", "ward": "N103", "zone": "N08", "source": "Greater Chennai Corporation", "year": "2024", "shedId": "KOSAS"}, "geometry": {"type": "LineString", "coordinates": [[80.23126, 13.0802], [80.2314, 13.08199]]}}, {"type": "Feature", "properties": {"drain_type": "SWD", "material": "Concrete", "status": "Good", "ward": "N103", "zone": "N08", "source": "Greater Chennai Corporation", "year": "2024", "shedId": "KOSAS"}, "geometry": {"type": "LineString", "coordinates": [[80.2306, 13.08205], [80.23197, 13.08193], [80.2323, 13.08204]]}}, {"type": "Feature", "properties": {"drain_type": "SWD", "material": "Concrete", "status": "Good", "ward": "N103", "zone": "N08", "source": "Greater Chennai Corporation", "year": "2024", "shedId": "KOSAS"}, "geometry": {"type": "LineString", "coordinates": [[80.23201, 13.08103], [80.23188, 13.08194]]}}, {"type": "Feature", "properties": {"drain_type": "SWD", "material": "Concrete", "status": "Good", "ward": "N103", "zone": "N08", "source": "Greater Chennai Corporation", "year": "2024", "shedId": "KOSAS"}, "geometry": {"type": "LineString", "coordinates": [[80.23262, 13.08324], [80.23248, 13.08213]]}}, {"type": "Feature", "properties": {"drain_type": "SWD", "material": "Concrete", "status": "Good", "ward": "N103", "zone": "N08", "source": "Greater Chennai Corporation", "year": "2024", "shedId": "KOSAS"}, "geometry": {"type": "LineString", "coordinates": [[80.23247, 13.08213], [80.23351, 13.08194]]}}, {"type": "Feature", "properties": {"drain_type": "SWD", "material": "Concrete", "status": "Good", "ward": "N103", "zone": "N08", "source": "Greater Chennai Corporation", "year": "2024", "shedId": "KOSAS"}, "geometry": {"type": "LineString", "coordinates": [[80.23265, 13.08207], [80.23259, 13.08136], [80.23233, 13.08132], [80.23246, 13.08069]]}}, {"type": "Feature", "properties": {"drain_type": "SWD", "material": "Concrete", "status": "Good", "ward": "N103", "zone": "N08", "source": "Greater Chennai Corporation", "year": "2024", "shedId": "KOSAS"}, "geometry": {"type": "LineString", "coordinates": [[80.24066, 13.07905], [80.2422, 13.07904], [80.24273, 13.07939], [80.24455, 13.07926]]}}, {"type": "Feature", "properties": {"drain_type": "SWD", "material": "Concrete", "status": "Good", "ward": "N103", "zone": "N08", "source": "Greater Chennai Corporation", "year": "2024", "shedId": "KOSAS"}, "geometry": {"type": "LineString", "coordinates": [[80.23811, 13.07726], [80.23798, 13.07773], [80.23736, 13.07838], [80.23736, 13.07998], [80.23832, 13.08139], [80.23867, 13.08333], [80.23948, 13.0836]]}}, {"type": "Feature", "properties": {"drain_type": "SWD", "material": "Concrete", "status": "Good", "ward": "N103", "zone": "N08", "source": "Greater Chennai Corporation", "year": "2024", "shedId": "KOSAS"}, "geometry": {"type": "LineString", "coordinates": [[80.24586, 13.08161], [80.24117, 13.08283], [80.24043, 13.08344], [80.23948, 13.0836]]}}, {"type": "Feature", "properties": {"drain_type": "SWD", "material": "Concrete", "status": "Good", "ward": "N103", "zone": "N08", "source": "Greater Chennai Corporation", "year": "2024", "shedId": "KOSAS"}, "geometry": {"type": "LineString", "coordinates": [[80.24327, 13.07934], [80.24354, 13.08214]]}}, {"type": "Feature", "properties": {"drain_type": "SWD", "material": "Concrete", "status": "Good", "ward": "N103", "zone": "N08", "source": "Greater Chennai Corporation", "year": "2024", "shedId": "KOSAS"}, "geometry": {"type": "LineString", "coordinates": [[80.24161, 13.08113], [80.24166, 13.0827]]}}, {"type": "Feature", "properties": {"drain_type": "SWD", "material": "Concrete", "status": "Good", "ward": "N103", "zone": "N08", "source": "Greater Chennai Corporation", "year": "2024", "shedId": "KOSAS"}, "geometry": {"type": "LineString", "coordinates": [[80.24117, 13.08283], [80.24139, 13.08298], [80.24415, 13.08366]]}}, {"type": "Feature", "properties": {"drain_type": "SWD", "material": "Concrete", "status": "Good", "ward": "N103", "zone": "N08", "source": "Greater Chennai Corporation", "year": "2024", "shedId": "KOSAS"}, "geometry": {"type": "LineString", "coordinates": [[80.24331, 13.08343], [80.24249, 13.08497]]}}, {"type": "Feature", "properties": {"drain_type": "SWD", "material": "Concrete", "status": "Good", "ward": "N103", "zone": "N08", "source": "Greater Chennai Corporation", "year": "2024", "shedId": "KOSAS"}, "geometry": {"type": "LineString", "coordinates": [[80.2426, 13.08477], [80.24395, 13.08553], [80.24513, 13.08563]]}}, {"type": "Feature", "properties": {"drain_type": "SWD", "material": "Concrete", "status": "Good", "ward": "N103", "zone": "N08", "source": "Greater Chennai Corporation", "year": "2024", "shedId": "KOSAS"}, "geometry": {"type": "LineString", "coordinates": [[80.24427, 13.08378], [80.24511, 13.08549], [80.24512, 13.08563]]}}, {"type": "Feature", "properties": {"drain_type": "SWD", "material": "Concrete", "status": "Good", "ward": "N103", "zone": "N08", "source": "Greater Chennai Corporation", "year": "2024", "shedId": "KOSAS"}, "geometry": {"type": "LineString", "coordinates": [[80.24653, 13.08346], [80.24786, 13.08327], [80.24983, 13.08322]]}}, {"type": "Feature", "properties": {"drain_type": "SWD", "material": "Concrete", "status": "Good", "ward": "N103", "zone": "N08", "source": "Greater Chennai Corporation", "year": "2024", "shedId": "KOSAS"}, "geometry": {"type": "LineString", "coordinates": [[80.2464, 13.08267], [80.24703, 13.08259], [80.24696, 13.08208]]}}, {"type": "Feature", "properties": {"drain_type": "SWD", "material": "Concrete", "status": "Good", "ward": "N103", "zone": "N08", "source": "Greater Chennai Corporation", "year": "2024", "shedId": "KOSAS"}, "geometry": {"type": "LineString", "coordinates": [[80.24952, 13.08155], [80.2503, 13.08582]]}}, {"type": "Feature", "properties": {"drain_type": "SWD", "material": "Concrete", "status": "Good", "ward": "N103", "zone": "N08", "source": "Greater Chennai Corporation", "year": "2024", "shedId": "KOSAS"}, "geometry": {"type": "LineString", "coordinates": [[80.24803, 13.08402], [80.24992, 13.08376]]}}, {"type": "Feature", "properties": {"drain_type": "SWD", "material": "Concrete", "status": "Good", "ward": "N103", "zone": "N08", "source": "Greater Chennai Corporation", "year": "2024", "shedId": "KOSAS"}, "geometry": {"type": "LineString", "coordinates": [[80.24523, 13.08537], [80.24555, 13.08561], [80.25047, 13.08581]]}}, {"type": "Feature", "properties": {"drain_type": "SWD", "material": "Concrete", "status": "Good", "ward": "N103", "zone": "N08", "source": "Greater Chennai Corporation", "year": "2024", "shedId": "KOSAS"}, "geometry": {"type": "LineString", "coordinates": [[80.25046, 13.08582], [80.24966, 13.08153], [80.2501, 13.0814]]}}, {"type": "Feature", "properties": {"drain_type": "SWD", "material": "Concrete", "status": "Good", "ward": "N103", "zone": "N08", "source": "Greater Chennai Corporation", "year": "2024", "shedId": "KOSAS"}, "geometry": {"type": "LineString", "coordinates": [[80.23459, 13.08652], [80.23471, 13.0877]]}}, {"type": "Feature", "properties": {"drain_type": "SWD", "material": "Concrete", "status": "Good", "ward": "N103", "zone": "N08", "source": "Greater Chennai Corporation", "year": "2024", "shedId": "KOSAS"}, "geometry": {"type": "LineString", "coordinates": [[80.23986, 13.08484], [80.23964, 13.08373]]}}, {"type": "Feature", "properties": {"drain_type": "SWD", "material": "Concrete", "status": "Good", "ward": "N103", "zone": "N08", "source": "Greater Chennai Corporation", "year": "2024", "shedId": "KOSAS"}, "geometry": {"type": "LineString", "coordinates": [[80.2338, 13.07595], [80.23355, 13.07785], [80.2335, 13.08193], [80.23449, 13.08659], [80.23441, 13.08773]]}}, {"type": "Feature", "properties": {"drain_type": "SWD", "material": "Concrete", "status": "Good", "ward": "N103", "zone": "N08", "source": "Greater Chennai Corporation", "year": "2024", "shedId": "KOSAS"}, "geometry": {"type": "LineString", "coordinates": [[80.23046, 13.08027], [80.23241, 13.08009], [80.23349, 13.08015]]}}, {"type": "Feature", "properties": {"drain_type": "SWD", "material": "Concrete", "status": "Good", "ward": "N103", "zone": "N08", "source": "Greater Chennai Corporation", "year": "2024", "shedId": "KOSAS"}, "geometry": {"type": "LineString", "coordinates": [[80.23349, 13.08015], [80.2353, 13.08027]]}}, {"type": "Feature", "properties": {"drain_type": "SWD", "material": "Concrete", "status": "Good", "ward": "N103", "zone": "N08", "source": "Greater Chennai Corporation", "year": "2024", "shedId": "KOSAS"}, "geometry": {"type": "LineString", "coordinates": [[80.25044, 13.08601], [80.24563, 13.08572], [80.24524, 13.08584]]}}, {"type": "Feature", "properties": {"drain_type": "SWD", "material": "Concrete", "status": "Good", "ward": "N103", "zone": "N08", "source": "Greater Chennai Corporation", "year": "2024", "shedId": "KOSAS"}, "geometry": {"type": "LineString", "coordinates": [[80.24524, 13.08584], [80.24517, 13.08633]]}}, {"type": "Feature", "properties": {"drain_type": "SWD", "material": "Concrete", "status": "Good", "ward": "N103", "zone": "N08", "source": "Greater Chennai Corporation", "year": "2024", "shedId": "KOSAS"}, "geometry": {"type": "LineString", "coordinates": [[80.24517, 13.08633], [80.24548, 13.08635], [80.24552, 13.08667]]}}, {"type": "Feature", "properties": {"drain_type": "SWD", "material": "Concrete", "status": "Good", "ward": "N103", "zone": "N08", "source": "Greater Chennai Corporation", "year": "2024", "shedId": "KOSAS"}, "geometry": {"type": "LineString", "coordinates": [[80.24582, 13.0818], [80.24622, 13.08176], [80.24653, 13.08346]]}}, {"type": "Feature", "properties": {"drain_type": "SWD", "material": "Concrete", "status": "Good", "ward": "N103", "zone": "N08", "source": "Greater Chennai Corporation", "year": "2024", "shedId": "KOSAS"}, "geometry": {"type": "LineString", "coordinates": [[80.24653, 13.08346], [80.24593, 13.08418], [80.24519, 13.08544]]}}, {"type": "Feature", "properties": {"drain_type": "SWD", "material": "Concrete", "status": "Good", "ward": "N103", "zone": "N08", "source": "Greater Chennai Corporation", "year": "2024", "shedId": "KOSAS"}, "geometry": {"type": "LineString", "coordinates": [[80.24066, 13.07887], [80.24066, 13.07896], [80.24066, 13.07905]]}}, {"type": "Feature", "properties": {"drain_type": "SWD", "material": "Concrete", "status": "Good", "ward": "N011", "zone": "N01", "source": "Greater Chennai Corporation", "year": "2024", "shedId": "KOSAS"}, "geometry": {"type": "LineString", "coordinates": [[80.29803, 13.153], [80.30007, 13.1525]]}}, {"type": "Feature", "properties": {"drain_type": "SWD", "material": "Concrete", "status": "Good", "ward": "N011", "zone": "N01", "source": "Greater Chennai Corporation", "year": "2024", "shedId": "KOSAS"}, "geometry": {"type": "LineString", "coordinates": [[80.30006, 13.15247], [80.30249, 13.16062]]}}, {"type": "Feature", "properties": {"drain_type": "SWD", "material": "Concrete", "status": "Good", "ward": "N011", "zone": "N01", "source": "Greater Chennai Corporation", "year": "2024", "shedId": "KOSAS"}, "geometry": {"type": "LineString", "coordinates": [[80.30264, 13.16055], [80.30218, 13.15879], [80.30187, 13.15792]]}}, {"type": "Feature", "properties": {"drain_type": "SWD", "material": "Concrete", "status": "Good", "ward": "N011", "zone": "N01", "source": "Greater Chennai Corporation", "year": "2024", "shedId": "KOSAS"}, "geometry": {"type": "LineString", "coordinates": [[80.30184, 13.15793], [80.30507, 13.15709]]}}, {"type": "Feature", "properties": {"drain_type": "SWD", "material": "Concrete", "status": "Good", "ward": "N011", "zone": "N01", "source": "Greater Chennai Corporation", "year": "2024", "shedId": "KOSAS"}, "geometry": {"type": "LineString", "coordinates": [[80.30332, 13.15149], [80.30165, 13.15212], [80.30022, 13.15251]]}}, {"type": "Feature", "properties": {"drain_type": "SWD", "material": "Concrete", "status": "Good", "ward": "N011", "zone": "N01", "source": "Greater Chennai Corporation", "year": "2024", "shedId": "KOSAS"}, "geometry": {"type": "LineString", "coordinates": [[80.30022, 13.15251], [80.30178, 13.15777]]}}, {"type": "Feature", "properties": {"drain_type": "SWD", "material": "Concrete", "status": "Good", "ward": "N12", "zone": "N01", "source": "Greater Chennai Corporation", "year": "2024", "shedId": "KOSAS"}, "geometry": {"type": "LineString", "coordinates": [[80.29829, 13.14822], [80.30005, 13.15247]]}}, {"type": "Feature", "properties": {"drain_type": "SWD", "material": "Concrete", "status": "Good", "ward": "N12", "zone": "N01", "source": "Greater Chennai Corporation", "year": "2024", "shedId": "KOSAS"}, "geometry": {"type": "LineString", "coordinates": [[80.30023, 13.1525], [80.29846, 13.1481]]}}, {"type": "Feature", "properties": {"drain_type": "SWD", "material": "Concrete", "status": "Good", "ward": "N015", "zone": "N02", "source": "Greater Chennai Corporation", "year": "2024", "shedId": "KOSAS"}, "geometry": {"type": "LineString", "coordinates": [[80.27504, 13.20467], [80.2752, 13.20458], [80.27631, 13.20443]]}}, {"type": "Feature", "properties": {"drain_type": "SWD", "material": "Concrete", "status": "Good", "ward": "N015", "zone": "N02", "source": "Greater Chennai Corporation", "year": "2024", "shedId": "KOSAS"}, "geometry": {"type": "LineString", "coordinates": [[80.28142, 13.20358], [80.27935, 13.20379]]}}, {"type": "Feature", "properties": {"drain_type": "SWD", "material": "Concrete", "status": "Good", "ward": "N015", "zone": "N02", "source": "Greater Chennai Corporation", "year": "2024", "shedId": "KOSAS"}, "geometry": {"type": "LineString", "coordinates": [[80.27181, 13.2122], [80.27597, 13.21143], [80.27735, 13.21083], [80.27757, 13.2109]]}}, {"type": "Feature", "properties": {"drain_type": "SWD", "material": "Concrete", "status": "Good", "ward": "N015", "zone": "N02", "source": "Greater Chennai Corporation", "year": "2024", "shedId": "KOSAS"}, "geometry": {"type": "LineString", "coordinates": [[80.27666, 13.20713], [80.27631, 13.20442]]}}, {"type": "Feature", "properties": {"drain_type": "Side Drain", "material": "Concrete", "status": "Bad", "ward": "N015", "zone": "N02", "source": "Greater Chennai Corporation", "year": "2024", "shedId": "KOSAS"}, "geometry": {"type": "LineString", "coordinates": [[80.27892, 13.20867], [80.27951, 13.20677], [80.27978, 13.20676]]}}, {"type": "Feature", "properties": {"drain_type": "Side Drain", "material": "Concrete", "status": "Bad", "ward": "N015", "zone": "N02", "source": "Greater Chennai Corporation", "year": "2024", "shedId": "KOSAS"}, "geometry": {"type": "LineString", "coordinates": [[80.27953, 13.20658], [80.27953, 13.2064], [80.27973, 13.20638], [80.27972, 13.20597]]}}, {"type": "Feature", "properties": {"drain_type": "SWD", "material": "Concrete", "status": "Good", "ward": "N015", "zone": "N02", "source": "Greater Chennai Corporation", "year": "2024", "shedId": "KOSAS"}, "geometry": {"type": "LineString", "coordinates": [[80.27686, 13.2069], [80.27845, 13.20662]]}}, {"type": "Feature", "properties": {"drain_type": "SWD", "material": "Concrete", "status": "Good", "ward": "N017", "zone": "N02", "source": "Greater Chennai Corporation", "year": "2024", "shedId": "KOSAS"}, "geometry": {"type": "LineString", "coordinates": [[80.23432, 13.18364], [80.23386, 13.18728], [80.23364, 13.18771], [80.23174, 13.1896], [80.23102, 13.1901], [80.23047, 13.19099], [80.23023, 13.19172], [80.23041, 13.19284], [80.23028, 13.19365], [80.22952, 13.19549], [80.22858, 13.19641], [80.22867, 13.19759]]}}, {"type": "Feature", "properties": {"drain_type": "SWD", "material": "Concrete", "status": "Good", "ward": "N017", "zone": "N02", "source": "Greater Chennai Corporation", "year": "2024", "shedId": "KOSAS"}, "geometry": {"type": "LineString", "coordinates": [[80.22448, 13.18548], [80.22583, 13.18505], [80.22756, 13.18423]]}}, {"type": "Feature", "properties": {"drain_type": "SWD", "material": "Concrete", "status": "Good", "ward": "N017", "zone": "N02", "source": "Greater Chennai Corporation", "year": "2024", "shedId": "KOSAS"}, "geometry": {"type": "LineString", "coordinates": [[80.22756, 13.18423], [80.2287, 13.18399], [80.22902, 13.18388]]}}, {"type": "Feature", "properties": {"drain_type": "SWD", "material": "Concrete", "status": "Good", "ward": "N017", "zone": "N02", "source": "Greater Chennai Corporation", "year": "2024", "shedId": "KOSAS"}, "geometry": {"type": "LineString", "coordinates": [[80.23452, 13.18357], [80.2357, 13.18373], [80.23759, 13.18447], [80.2387, 13.18503], [80.23901, 13.18539], [80.23933, 13.18681], [80.23849, 13.18875], [80.23858, 13.19019], [80.23843, 13.19108]]}}, {"type": "Feature", "properties": {"drain_type": "SWD", "material": "Concrete", "status": "Good", "ward": "N017", "zone": "N02", "source": "Greater Chennai Corporation", "year": "2024", "shedId": "KOSAS"}, "geometry": {"type": "LineString", "coordinates": [[80.2409, 13.19082], [80.23893, 13.19098], [80.23869, 13.19075], [80.23864, 13.18875], [80.23946, 13.18676], [80.23912, 13.18537], [80.2387, 13.18503]]}}, {"type": "Feature", "properties": {"drain_type": "SWD", "material": "Concrete", "status": "Good", "ward": "N018", "zone": "N02", "source": "Greater Chennai Corporation", "year": "2024", "shedId": "KOSAS"}, "geometry": {"type": "LineString", "coordinates": [[80.26353, 13.16717], [80.26353, 13.16789]]}}, {"type": "Feature", "properties": {"drain_type": "SWD", "material": "Concrete", "status": "Good", "ward": "N018", "zone": "N02", "source": "Greater Chennai Corporation", "year": "2024", "shedId": "KOSAS"}, "geometry": {"type": "LineString", "coordinates": [[80.26304, 13.16718], [80.26309, 13.16797]]}}, {"type": "Feature", "properties": {"drain_type": "SWD", "material": "Concrete", "status": "Good", "ward": "N018", "zone": "N02", "source": "Greater Chennai Corporation", "year": "2024", "shedId": "KOSAS"}, "geometry": {"type": "LineString", "coordinates": [[80.26217, 13.16812], [80.26349, 13.16789], [80.26417, 13.16786]]}}, {"type": "Feature", "properties": {"drain_type": "SWD", "material": "Concrete", "status": "Good", "ward": "N018", "zone": "N02", "source": "Greater Chennai Corporation", "year": "2024", "shedId": "KOSAS"}, "geometry": {"type": "LineString", "coordinates": [[80.26228, 13.16819], [80.25928, 13.16826], [80.25814, 13.1684]]}}, {"type": "Feature", "properties": {"drain_type": "SWD", "material": "Concrete", "status": "Good", "ward": "N018", "zone": "N02", "source": "Greater Chennai Corporation", "year": "2024", "shedId": "KOSAS"}, "geometry": {"type": "LineString", "coordinates": [[80.25875, 13.16832], [80.25877, 13.16963], [80.25893, 13.17057]]}}, {"type": "Feature", "properties": {"drain_type": "SWD", "material": "Concrete", "status": "Good", "ward": "N018", "zone": "N02", "source": "Greater Chennai Corporation", "year": "2024", "shedId": "KOSAS"}, "geometry": {"type": "LineString", "coordinates": [[80.25744, 13.17004], [80.25885, 13.17012]]}}, {"type": "Feature", "properties": {"drain_type": "SWD", "material": "Concrete", "status": "Good", "ward": "N018", "zone": "N02", "source": "Greater Chennai Corporation", "year": "2024", "shedId": "KOSAS"}, "geometry": {"type": "LineString", "coordinates": [[80.25875, 13.16863], [80.2598, 13.16849]]}}, {"type": "Feature", "properties": {"drain_type": "SWD", "material": "Concrete", "status": "Good", "ward": "N018", "zone": "N02", "source": "Greater Chennai Corporation", "year": "2024", "shedId": "KOSAS"}, "geometry": {"type": "LineString", "coordinates": [[80.25876, 13.16903], [80.25939, 13.16897], [80.25939, 13.1688]]}}, {"type": "Feature", "properties": {"drain_type": "SWD", "material": "Concrete", "status": "Good", "ward": "N018", "zone": "N02", "source": "Greater Chennai Corporation", "year": "2024", "shedId": "KOSAS"}, "geometry": {"type": "LineString", "coordinates": [[80.25876, 13.16928], [80.25959, 13.16928]]}}, {"type": "Feature", "properties": {"drain_type": "SWD", "material": "Concrete", "status": "Good", "ward": "N018", "zone": "N02", "source": "Greater Chennai Corporation", "year": "2024", "shedId": "KOSAS"}, "geometry": {"type": "LineString", "coordinates": [[80.25978, 13.16826], [80.25984, 13.16912]]}}, {"type": "Feature", "properties": {"drain_type": "SWD", "material": "Concrete", "status": "Good", "ward": "N018", "zone": "N02", "source": "Greater Chennai Corporation", "year": "2024", "shedId": "KOSAS"}, "geometry": {"type": "LineString", "coordinates": [[80.25961, 13.16912], [80.26237, 13.16905]]}}, {"type": "Feature", "properties": {"drain_type": "Open Drain", "material": "Concrete", "status": "Bad", "ward": "N018", "zone": "N02", "source": "Greater Chennai Corporation", "year": "2024", "shedId": "KOSAS"}, "geometry": {"type": "LineString", "coordinates": [[80.26149, 13.16912], [80.2615, 13.16861]]}}, {"type": "Feature", "properties": {"drain_type": "SWD", "material": "Concrete", "status": "Good", "ward": "N018", "zone": "N02", "source": "Greater Chennai Corporation", "year": "2024", "shedId": "KOSAS"}, "geometry": {"type": "LineString", "coordinates": [[80.26187, 13.1685], [80.26192, 13.16909]]}}, {"type": "Feature", "properties": {"drain_type": "SWD", "material": "Concrete", "status": "Good", "ward": "N018", "zone": "N02", "source": "Greater Chennai Corporation", "year": "2024", "shedId": "KOSAS"}, "geometry": {"type": "LineString", "coordinates": [[80.26091, 13.16823], [80.26104, 13.16944], [80.26103, 13.17065]]}}, {"type": "Feature", "properties": {"drain_type": "SWD", "material": "Concrete", "status": "Good", "ward": "N018", "zone": "N02", "source": "Greater Chennai Corporation", "year": "2024", "shedId": "KOSAS"}, "geometry": {"type": "LineString", "coordinates": [[80.25982, 13.16869], [80.26097, 13.16862]]}}, {"type": "Feature", "properties": {"drain_type": "SWD", "material": "Concrete", "status": "Good", "ward": "N018", "zone": "N02", "source": "Greater Chennai Corporation", "year": "2024", "shedId": "KOSAS"}, "geometry": {"type": "LineString", "coordinates": [[80.26252, 13.16809], [80.2626, 13.16903]]}}, {"type": "Feature", "properties": {"drain_type": "SWD", "material": "Concrete", "status": "Good", "ward": "N018", "zone": "N02", "source": "Greater Chennai Corporation", "year": "2024", "shedId": "KOSAS"}, "geometry": {"type": "LineString", "coordinates": [[80.26295, 13.16809], [80.26305, 13.169]]}}, {"type": "Feature", "properties": {"drain_type": "Open Drain", "material": "Concrete", "status": "Bad", "ward": "N018", "zone": "N02", "source": "Greater Chennai Corporation", "year": "2024", "shedId": "KOSAS"}, "geometry": {"type": "LineString", "coordinates": [[80.26301, 13.16847], [80.26357, 13.16839]]}}, {"type": "Feature", "properties": {"drain_type": "SWD", "material": "Concrete", "status": "Good", "ward": "N018", "zone": "N02", "source": "Greater Chennai Corporation", "year": "2024", "shedId": "KOSAS"}, "geometry": {"type": "LineString", "coordinates": [[80.26228, 13.16819], [80.26259, 13.17061]]}}, {"type": "Feature", "properties": {"drain_type": "SWD", "material": "Concrete", "status": "Good", "ward": "N018", "zone": "N02", "source": "Greater Chennai Corporation", "year": "2024", "shedId": "KOSAS"}, "geometry": {"type": "LineString", "coordinates": [[80.26235, 13.16876], [80.26253, 13.16988]]}}, {"type": "Feature", "properties": {"drain_type": "SWD", "material": "Concrete", "status": "Good", "ward": "N018", "zone": "N02", "source": "Greater Chennai Corporation", "year": "2024", "shedId": "KOSAS"}, "geometry": {"type": "LineString", "coordinates": [[80.26305, 13.169], [80.26242, 13.16905]]}}, {"type": "Feature", "properties": {"drain_type": "SWD", "material": "Concrete", "status": "Good", "ward": "N018", "zone": "N02", "source": "Greater Chennai Corporation", "year": "2024", "shedId": "KOSAS"}, "geometry": {"type": "LineString", "coordinates": [[80.26026, 13.16912], [80.26037, 13.17062]]}}, {"type": "Feature", "properties": {"drain_type": "Open Drain", "material": "Concrete", "status": "Bad", "ward": "N018", "zone": "N02", "source": "Greater Chennai Corporation", "year": "2024", "shedId": "KOSAS"}, "geometry": {"type": "LineString", "coordinates": [[80.25992, 13.1705], [80.26036, 13.1705]]}}, {"type": "Feature", "properties": {"drain_type": "SWD", "material": "Concrete", "status": "Good", "ward": "N018", "zone": "N02", "source": "Greater Chennai Corporation", "year": "2024", "shedId": "KOSAS"}, "geometry": {"type": "LineString", "coordinates": [[80.25989, 13.16947], [80.26028, 13.16947]]}}, {"type": "Feature", "properties": {"drain_type": "SWD", "material": "Concrete", "status": "Good", "ward": "N018", "zone": "N02", "source": "Greater Chennai Corporation", "year": "2024", "shedId": "KOSAS"}, "geometry": {"type": "LineString", "coordinates": [[80.2594, 13.16932], [80.2596, 13.17058]]}}, {"type": "Feature", "properties": {"drain_type": "SWD", "material": "Concrete", "status": "Good", "ward": "N018", "zone": "N02", "source": "Greater Chennai Corporation", "year": "2024", "shedId": "KOSAS"}, "geometry": {"type": "LineString", "coordinates": [[80.2596, 13.17058], [80.2642, 13.17065]]}}, {"type": "Feature", "properties": {"drain_type": "SWD", "material": "Concrete", "status": "Good", "ward": "N018", "zone": "N02", "source": "Greater Chennai Corporation", "year": "2024", "shedId": "KOSAS"}, "geometry": {"type": "LineString", "coordinates": [[80.26196, 13.16913], [80.26195, 13.17058]]}}, {"type": "Feature", "properties": {"drain_type": "Open Drain", "material": "Concrete", "status": "Bad", "ward": "N018", "zone": "N02", "source": "Greater Chennai Corporation", "year": "2024", "shedId": "KOSAS"}, "geometry": {"type": "LineString", "coordinates": [[80.26144, 13.16993], [80.26198, 13.16995]]}}, {"type": "Feature", "properties": {"drain_type": "Open Drain", "material": "Concrete", "status": "Bad", "ward": "N018", "zone": "N02", "source": "Greater Chennai Corporation", "year": "2024", "shedId": "KOSAS"}, "geometry": {"type": "LineString", "coordinates": [[80.26148, 13.16972], [80.26198, 13.16971]]}}, {"type": "Feature", "properties": {"drain_type": "Open Drain", "material": "Concrete", "status": "Bad", "ward": "N018", "zone": "N02", "source": "Greater Chennai Corporation", "year": "2024", "shedId": "KOSAS"}, "geometry": {"type": "LineString", "coordinates": [[80.26153, 13.16938], [80.26198, 13.16935]]}}, {"type": "Feature", "properties": {"drain_type": "SWD", "material": "Concrete", "status": "Good", "ward": "N018", "zone": "N02", "source": "Greater Chennai Corporation", "year": "2024", "shedId": "KOSAS"}, "geometry": {"type": "LineString", "coordinates": [[80.25887, 13.16991], [80.25947, 13.16986]]}}, {"type": "Feature", "properties": {"drain_type": "SWD", "material": "Concrete", "status": "Good", "ward": "N018", "zone": "N02", "source": "Greater Chennai Corporation", "year": "2024", "shedId": "KOSAS"}, "geometry": {"type": "LineString", "coordinates": [[80.25894, 13.17027], [80.25954, 13.17023]]}}, {"type": "Feature", "properties": {"drain_type": "SWD", "material": "Concrete", "status": "Good", "ward": "N018", "zone": "N02", "source": "Greater Chennai Corporation", "year": "2024", "shedId": "KOSAS"}, "geometry": {"type": "LineString", "coordinates": [[80.2572, 13.17056], [80.25962, 13.17064]]}}, {"type": "Feature", "properties": {"drain_type": "SWD", "material": "Concrete", "status": "Good", "ward": "N018", "zone": "N02", "source": "Greater Chennai Corporation", "year": "2024", "shedId": "KOSAS"}, "geometry": {"type": "LineString", "coordinates": [[80.25962, 13.17064], [80.26008, 13.17225]]}}, {"type": "Feature", "properties": {"drain_type": "SWD", "material": "Concrete", "status": "Good", "ward": "N018", "zone": "N02", "source": "Greater Chennai Corporation", "year": "2024", "shedId": "KOSAS"}, "geometry": {"type": "LineString", "coordinates": [[80.26008, 13.17225], [80.26269, 13.17188]]}}, {"type": "Feature", "properties": {"drain_type": "SWD", "material": "Concrete", "status": "Good", "ward": "N018", "zone": "N02", "source": "Greater Chennai Corporation", "year": "2024", "shedId": "KOSAS"}, "geometry": {"type": "LineString", "coordinates": [[80.26269, 13.17188], [80.26261, 13.17066]]}}, {"type": "Feature", "properties": {"drain_type": "SWD", "material": "Concrete", "status": "Good", "ward": "N018", "zone": "N02", "source": "Greater Chennai Corporation", "year": "2024", "shedId": "KOSAS"}, "geometry": {"type": "LineString", "coordinates": [[80.25928, 13.17127], [80.25973, 13.17114]]}}, {"type": "Feature", "properties": {"drain_type": "SWD", "material": "Concrete", "status": "Good", "ward": "N018", "zone": "N02", "source": "Greater Chennai Corporation", "year": "2024", "shedId": "KOSAS"}, "geometry": {"type": "LineString", "coordinates": [[80.25973, 13.1711], [80.26103, 13.17094]]}}, {"type": "Feature", "properties": {"drain_type": "SWD", "material": "Concrete", "status": "Good", "ward": "N018", "zone": "N02", "source": "Greater Chennai Corporation", "year": "2024", "shedId": "KOSAS"}, "geometry": {"type": "LineString", "coordinates": [[80.26102, 13.17074], [80.26114, 13.1721], [80.26144, 13.17264]]}}, {"type": "Feature", "properties": {"drain_type": "SWD", "material": "Concrete", "status": "Good", "ward": "N018", "zone": "N02", "source": "Greater Chennai Corporation", "year": "2024", "shedId": "KOSAS"}, "geometry": {"type": "LineString", "coordinates": [[80.25996, 13.17171], [80.26107, 13.17154]]}}, {"type": "Feature", "properties": {"drain_type": "SWD", "material": "Concrete", "status": "Good", "ward": "N018", "zone": "N02", "source": "Greater Chennai Corporation", "year": "2024", "shedId": "KOSAS"}, "geometry": {"type": "LineString", "coordinates": [[80.26115, 13.1712], [80.26264, 13.17112]]}}, {"type": "Feature", "properties": {"drain_type": "SWD", "material": "Concrete", "status": "Good", "ward": "N018", "zone": "N02", "source": "Greater Chennai Corporation", "year": "2024", "shedId": "KOSAS"}, "geometry": {"type": "LineString", "coordinates": [[80.26053, 13.17287], [80.26144, 13.17264]]}}, {"type": "Feature", "properties": {"drain_type": "Open Drain", "material": "Concrete", "status": "Bad", "ward": "N018", "zone": "N02", "source": "Greater Chennai Corporation", "year": "2024", "shedId": "KOSAS"}, "geometry": {"type": "LineString", "coordinates": [[80.26065, 13.17285], [80.26088, 13.17328]]}}, {"type": "Feature", "properties": {"drain_type": "SWD", "material": "Concrete", "status": "Good", "ward": "N018", "zone": "N02", "source": "Greater Chennai Corporation", "year": "2024", "shedId": "KOSAS"}, "geometry": {"type": "LineString", "coordinates": [[80.26116, 13.17251], [80.26142, 13.17313]]}}, {"type": "Feature", "properties": {"drain_type": "Open Drain", "material": "Concrete", "status": "Bad", "ward": "N018", "zone": "N02", "source": "Greater Chennai Corporation", "year": "2024", "shedId": "KOSAS"}, "geometry": {"type": "LineString", "coordinates": [[80.26141, 13.17266], [80.26159, 13.17303]]}}, {"type": "Feature", "properties": {"drain_type": "SWD", "material": "Concrete", "status": "Good", "ward": "N018", "zone": "N02", "source": "Greater Chennai Corporation", "year": "2024", "shedId": "KOSAS"}, "geometry": {"type": "LineString", "coordinates": [[80.25749, 13.17128], [80.25807, 13.17126], [80.25799, 13.17061]]}}, {"type": "Feature", "properties": {"drain_type": "SWD", "material": "Concrete", "status": "Good", "ward": "N018", "zone": "N02", "source": "Greater Chennai Corporation", "year": "2024", "shedId": "KOSAS"}, "geometry": {"type": "LineString", "coordinates": [[80.25748, 13.17157], [80.25793, 13.17152]]}}, {"type": "Feature", "properties": {"drain_type": "SWD", "material": "Concrete", "status": "Good", "ward": "N018", "zone": "N02", "source": "Greater Chennai Corporation", "year": "2024", "shedId": "KOSAS"}, "geometry": {"type": "LineString", "coordinates": [[80.25793, 13.17152], [80.25806, 13.17233]]}}, {"type": "Feature", "properties": {"drain_type": "SWD", "material": "Concrete", "status": "Good", "ward": "N018", "zone": "N02", "source": "Greater Chennai Corporation", "year": "2024", "shedId": "KOSAS"}, "geometry": {"type": "LineString", "coordinates": [[80.25803, 13.17215], [80.25761, 13.17226]]}}, {"type": "Feature", "properties": {"drain_type": "SWD", "material": "Concrete", "status": "Good", "ward": "N018", "zone": "N02", "source": "Greater Chennai Corporation", "year": "2024", "shedId": "KOSAS"}, "geometry": {"type": "LineString", "coordinates": [[80.25768, 13.17295], [80.25755, 13.17232]]}}, {"type": "Feature", "properties": {"drain_type": "SWD", "material": "Concrete", "status": "Good", "ward": "N018", "zone": "N02", "source": "Greater Chennai Corporation", "year": "2024", "shedId": "KOSAS"}, "geometry": {"type": "LineString", "coordinates": [[80.25685, 13.17229], [80.25723, 13.17232], [80.25719, 13.17278]]}}, {"type": "Feature", "properties": {"drain_type": "SWD", "material": "Concrete", "status": "Good", "ward": "N018", "zone": "N02", "source": "Greater Chennai Corporation", "year": "2024", "shedId": "KOSAS"}, "geometry": {"type": "LineString", "coordinates": [[80.25338, 13.17305], [80.25354, 13.17476]]}}, {"type": "Feature", "properties": {"drain_type": "Open Drain", "material": "Concrete", "status": "Bad", "ward": "N018", "zone": "N02", "source": "Greater Chennai Corporation", "year": "2024", "shedId": "KOSAS"}, "geometry": {"type": "LineString", "coordinates": [[80.25401, 13.17264], [80.2542, 13.17467]]}}, {"type": "Feature", "properties": {"drain_type": "SWD", "material": "Concrete", "status": "Good", "ward": "N018", "zone": "N02", "source": "Greater Chennai Corporation", "year": "2024", "shedId": "KOSAS"}, "geometry": {"type": "LineString", "coordinates": [[80.25446, 13.1732], [80.25459, 13.17461]]}}, {"type": "Feature", "properties": {"drain_type": "SWD", "material": "Concrete", "status": "Good", "ward": "N018", "zone": "N02", "source": "Greater Chennai Corporation", "year": "2024", "shedId": "KOSAS"}, "geometry": {"type": "LineString", "coordinates": [[80.25471, 13.17313], [80.25484, 13.17458]]}}, {"type": "Feature", "properties": {"drain_type": "SWD", "material": "Concrete", "status": "Good", "ward": "N018", "zone": "N02", "source": "Greater Chennai Corporation", "year": "2024", "shedId": "KOSAS"}, "geometry": {"type": "LineString", "coordinates": [[80.25339, 13.17311], [80.25406, 13.17305]]}}, {"type": "Feature", "properties": {"drain_type": "SWD", "material": "Concrete", "status": "Good", "ward": "N018", "zone": "N02", "source": "Greater Chennai Corporation", "year": "2024", "shedId": "KOSAS"}, "geometry": {"type": "LineString", "coordinates": [[80.25342, 13.17338], [80.25408, 13.17332]]}}, {"type": "Feature", "properties": {"drain_type": "SWD", "material": "Concrete", "status": "Good", "ward": "N018", "zone": "N02", "source": "Greater Chennai Corporation", "year": "2024", "shedId": "KOSAS"}, "geometry": {"type": "LineString", "coordinates": [[80.25344, 13.17364], [80.2541, 13.17358]]}}, {"type": "Feature", "properties": {"drain_type": "SWD", "material": "Concrete", "status": "Good", "ward": "N018", "zone": "N02", "source": "Greater Chennai Corporation", "year": "2024", "shedId": "KOSAS"}, "geometry": {"type": "LineString", "coordinates": [[80.25347, 13.17397], [80.25414, 13.17391]]}}, {"type": "Feature", "properties": {"drain_type": "Open Drain", "material": "Concrete", "status": "Bad", "ward": "N018", "zone": "N02", "source": "Greater Chennai Corporation", "year": "2024", "shedId": "KOSAS"}, "geometry": {"type": "LineString", "coordinates": [[80.2535, 13.17426], [80.25415, 13.1742]]}}, {"type": "Feature", "properties": {"drain_type": "Open Drain", "material": "Concrete", "status": "Bad", "ward": "N018", "zone": "N02", "source": "Greater Chennai Corporation", "year": "2024", "shedId": "KOSAS"}, "geometry": {"type": "LineString", "coordinates": [[80.25353, 13.17454], [80.25418, 13.17448]]}}, {"type": "Feature", "properties": {"drain_type": "SWD", "material": "Concrete", "status": "Good", "ward": "N018", "zone": "N02", "source": "Greater Chennai Corporation", "year": "2024", "shedId": "KOSAS"}, "geometry": {"type": "LineString", "coordinates": [[80.25573, 13.17276], [80.25591, 13.17467]]}}, {"type": "Feature", "properties": {"drain_type": "SWD", "material": "Concrete", "status": "Good", "ward": "N018", "zone": "N02", "source": "Greater Chennai Corporation", "year": "2024", "shedId": "KOSAS"}, "geometry": {"type": "LineString", "coordinates": [[80.25602, 13.17267], [80.25621, 13.17467]]}}, {"type": "Feature", "properties": {"drain_type": "SWD", "material": "Concrete", "status": "Good", "ward": "N018", "zone": "N02", "source": "Greater Chennai Corporation", "year": "2024", "shedId": "KOSAS"}, "geometry": {"type": "LineString", "coordinates": [[80.25483, 13.17445], [80.25588, 13.17437]]}}, {"type": "Feature", "properties": {"drain_type": "SWD", "material": "Concrete", "status": "Good", "ward": "N018", "zone": "N02", "source": "Greater Chennai Corporation", "year": "2024", "shedId": "KOSAS"}, "geometry": {"type": "LineString", "coordinates": [[80.25492, 13.17414], [80.25585, 13.17406]]}}, {"type": "Feature", "properties": {"drain_type": "SWD", "material": "Concrete", "status": "Good", "ward": "N018", "zone": "N02", "source": "Greater Chennai Corporation", "year": "2024", "shedId": "KOSAS"}, "geometry": {"type": "LineString", "coordinates": [[80.25574, 13.17467], [80.25575, 13.17534]]}}, {"type": "Feature", "properties": {"drain_type": "SWD", "material": "Concrete", "status": "Good", "ward": "N018", "zone": "N02", "source": "Greater Chennai Corporation", "year": "2024", "shedId": "KOSAS"}, "geometry": {"type": "LineString", "coordinates": [[80.25604, 13.17535], [80.25604, 13.1748], [80.25604, 13.17467]]}}, {"type": "Feature", "properties": {"drain_type": "SWD", "material": "Concrete", "status": "Good", "ward": "N018", "zone": "N02", "source": "Greater Chennai Corporation", "year": "2024", "shedId": "KOSAS"}, "geometry": {"type": "LineString", "coordinates": [[80.25629, 13.17476], [80.2563, 13.17522], [80.25622, 13.17527]]}}, {"type": "Feature", "properties": {"drain_type": "SWD", "material": "Concrete", "status": "Good", "ward": "N018", "zone": "N02", "source": "Greater Chennai Corporation", "year": "2024", "shedId": "KOSAS"}, "geometry": {"type": "LineString", "coordinates": [[80.25664, 13.17505], [80.25663, 13.17476], [80.25663, 13.17466]]}}, {"type": "Feature", "properties": {"drain_type": "SWD", "material": "Concrete", "status": "Good", "ward": "N018", "zone": "N02", "source": "Greater Chennai Corporation", "year": "2024", "shedId": "KOSAS"}, "geometry": {"type": "LineString", "coordinates": [[80.25516, 13.17246], [80.25496, 13.1725], [80.2551, 13.17412]]}}, {"type": "Feature", "properties": {"drain_type": "SWD", "material": "Concrete", "status": "Good", "ward": "N018", "zone": "N02", "source": "Greater Chennai Corporation", "year": "2024", "shedId": "KOSAS"}, "geometry": {"type": "LineString", "coordinates": [[80.25505, 13.1735], [80.25609, 13.17341]]}}, {"type": "Feature", "properties": {"drain_type": "SWD", "material": "Concrete", "status": "Good", "ward": "N018", "zone": "N02", "source": "Greater Chennai Corporation", "year": "2024", "shedId": "KOSAS"}, "geometry": {"type": "LineString", "coordinates": [[80.25502, 13.17318], [80.25576, 13.17312]]}}, {"type": "Feature", "properties": {"drain_type": "SWD", "material": "Concrete", "status": "Good", "ward": "N018", "zone": "N02", "source": "Greater Chennai Corporation", "year": "2024", "shedId": "KOSAS"}, "geometry": {"type": "LineString", "coordinates": [[80.25574, 13.17286], [80.255, 13.17293]]}}, {"type": "Feature", "properties": {"drain_type": "SWD", "material": "Concrete", "status": "Good", "ward": "N018", "zone": "N02", "source": "Greater Chennai Corporation", "year": "2024", "shedId": "KOSAS"}, "geometry": {"type": "LineString", "coordinates": [[80.25608, 13.17329], [80.25668, 13.17321]]}}, {"type": "Feature", "properties": {"drain_type": "SWD", "material": "Concrete", "status": "Good", "ward": "N018", "zone": "N02", "source": "Greater Chennai Corporation", "year": "2024", "shedId": "KOSAS"}, "geometry": {"type": "LineString", "coordinates": [[80.25635, 13.17291], [80.25638, 13.17324], [80.25638, 13.17325]]}}, {"type": "Feature", "properties": {"drain_type": "SWD", "material": "Concrete", "status": "Good", "ward": "N018", "zone": "N02", "source": "Greater Chennai Corporation", "year": "2024", "shedId": "KOSAS"}, "geometry": {"type": "LineString", "coordinates": [[80.25278, 13.17383], [80.25276, 13.17433], [80.25275, 13.17465]]}}, {"type": "Feature", "properties": {"drain_type": "SWD", "material": "Concrete", "status": "Good", "ward": "N018", "zone": "N02", "source": "Greater Chennai Corporation", "year": "2024", "shedId": "KOSAS"}, "geometry": {"type": "LineString", "coordinates": [[80.25299, 13.17485], [80.2549, 13.17458]]}}, {"type": "Feature", "properties": {"drain_type": "SWD", "material": "Concrete", "status": "Good", "ward": "N018", "zone": "N02", "source": "Greater Chennai Corporation", "year": "2024", "shedId": "KOSAS"}, "geometry": {"type": "LineString", "coordinates": [[80.2549, 13.17458], [80.25491, 13.17468], [80.257, 13.17465]]}}, {"type": "Feature", "properties": {"drain_type": "SWD", "material": "Concrete", "status": "Good", "ward": "N018", "zone": "N02", "source": "Greater Chennai Corporation", "year": "2024", "shedId": "KOSAS"}, "geometry": {"type": "LineString", "coordinates": [[80.25755, 13.17057], [80.25747, 13.1718], [80.2569, 13.17184]]}}, {"type": "Feature", "properties": {"drain_type": "SWD", "material": "Concrete", "status": "Good", "ward": "N018", "zone": "N02", "source": "Greater Chennai Corporation", "year": "2024", "shedId": "KOSAS"}, "geometry": {"type": "LineString", "coordinates": [[80.25768, 13.16957], [80.25878, 13.16961]]}}, {"type": "Feature", "properties": {"drain_type": "SWD", "material": "Concrete", "status": "Good", "ward": "N018", "zone": "N02", "source": "Greater Chennai Corporation", "year": "2024", "shedId": "KOSAS"}, "geometry": {"type": "LineString", "coordinates": [[80.25878, 13.16961], [80.25939, 13.16959]]}}, {"type": "Feature", "properties": {"drain_type": "SWD", "material": "Concrete", "status": "Good", "ward": "N018", "zone": "N02", "source": "Greater Chennai Corporation", "year": "2024", "shedId": "KOSAS"}, "geometry": {"type": "LineString", "coordinates": [[80.26246, 13.16809], [80.26242, 13.1676], [80.26414, 13.16758]]}}, {"type": "Feature", "properties": {"drain_type": "SWD", "material": "Concrete", "status": "Good", "ward": "N019", "zone": "N02", "source": "Greater Chennai Corporation", "year": "2024", "shedId": "KOSAS"}, "geometry": {"type": "LineString", "coordinates": [[80.24611, 13.16701], [80.24516, 13.1741]]}}, {"type": "Feature", "properties": {"drain_type": "SWD", "material": "Concrete", "status": "Good", "ward": "N019", "zone": "N02", "source": "Greater Chennai Corporation", "year": "2024", "shedId": "KOSAS"}, "geometry": {"type": "LineString", "coordinates": [[80.248, 13.167], [80.24701, 13.17466]]}}, {"type": "Feature", "properties": {"drain_type": "Open Drain", "material": "Concrete", "status": "Bad", "ward": "N019", "zone": "N02", "source": "Greater Chennai Corporation", "year": "2024", "shedId": "KOSAS"}, "geometry": {"type": "LineString", "coordinates": [[80.24523, 13.17367], [80.24711, 13.17391]]}}, {"type": "Feature", "properties": {"drain_type": "Open Drain", "material": "Concrete", "status": "Bad", "ward": "N019", "zone": "N02", "source": "Greater Chennai Corporation", "year": "2024", "shedId": "KOSAS"}, "geometry": {"type": "LineString", "coordinates": [[80.24524, 13.1736], [80.24711, 13.17385]]}}, {"type": "Feature", "properties": {"drain_type": "Open Drain", "material": "Concrete", "status": "Good", "ward": "N019", "zone": "N02", "source": "Greater Chennai Corporation", "year": "2024", "shedId": "KOSAS"}, "geometry": {"type": "LineString", "coordinates": [[80.24386, 13.17417], [80.24402, 13.17094]]}}, {"type": "Feature", "properties": {"drain_type": "SWD", "material": "Concrete", "status": "Good", "ward": "N019", "zone": "N02", "source": "Greater Chennai Corporation", "year": "2024", "shedId": "KOSAS"}, "geometry": {"type": "LineString", "coordinates": [[80.24403, 13.17129], [80.2474, 13.17176]]}}, {"type": "Feature", "properties": {"drain_type": "Open Drain", "material": "Concrete", "status": "Bad", "ward": "N019", "zone": "N02", "source": "Greater Chennai Corporation", "year": "2024", "shedId": "KOSAS"}, "geometry": {"type": "LineString", "coordinates": [[80.24404, 13.17114], [80.24743, 13.17156]]}}, {"type": "Feature", "properties": {"drain_type": "Open Drain", "material": "Concrete", "status": "Good", "ward": "N019", "zone": "N02", "source": "Greater Chennai Corporation", "year": "2024", "shedId": "KOSAS"}, "geometry": {"type": "LineString", "coordinates": [[80.24467, 13.17123], [80.24473, 13.16964], [80.24411, 13.16962]]}}, {"type": "Feature", "properties": {"drain_type": "Open Drain", "material": "Concrete", "status": "Bad", "ward": "N019", "zone": "N02", "source": "Greater Chennai Corporation", "year": "2024", "shedId": "KOSAS"}, "geometry": {"type": "LineString", "coordinates": [[80.24582, 13.16915], [80.24772, 13.16939]]}}, {"type": "Feature", "properties": {"drain_type": "Open Drain", "material": "Concrete", "status": "Bad", "ward": "N019", "zone": "N02", "source": "Greater Chennai Corporation", "year": "2024", "shedId": "KOSAS"}, "geometry": {"type": "LineString", "coordinates": [[80.24604, 13.16755], [80.24795, 13.16766]]}}, {"type": "Feature", "properties": {"drain_type": "Open Drain", "material": "Concrete", "status": "Bad", "ward": "N019", "zone": "N02", "source": "Greater Chennai Corporation", "year": "2024", "shedId": "KOSAS"}, "geometry": {"type": "LineString", "coordinates": [[80.24819, 13.16763], [80.25, 13.16787]]}}, {"type": "Feature", "properties": {"drain_type": "SWD", "material": "Concrete", "status": "Good", "ward": "N019", "zone": "N02", "source": "Greater Chennai Corporation", "year": "2024", "shedId": "KOSAS"}, "geometry": {"type": "LineString", "coordinates": [[80.25012, 13.16693], [80.24908, 13.17429]]}}, {"type": "Feature", "properties": {"drain_type": "Open Drain", "material": "Concrete", "status": "Bad", "ward": "N019", "zone": "N02", "source": "Greater Chennai Corporation", "year": "2024", "shedId": "KOSAS"}, "geometry": {"type": "LineString", "coordinates": [[80.24912, 13.17416], [80.24727, 13.17393]]}}, {"type": "Feature", "properties": {"drain_type": "Open Drain", "material": "Concrete", "status": "Bad", "ward": "N019", "zone": "N02", "source": "Greater Chennai Corporation", "year": "2024", "shedId": "KOSAS"}, "geometry": {"type": "LineString", "coordinates": [[80.24727, 13.17394], [80.24756, 13.17175]]}}, {"type": "Feature", "properties": {"drain_type": "Open Drain", "material": "Concrete", "status": "Bad", "ward": "N019", "zone": "N02", "source": "Greater Chennai Corporation", "year": "2024", "shedId": "KOSAS"}, "geometry": {"type": "LineString", "coordinates": [[80.24756, 13.17175], [80.24942, 13.17198]]}}, {"type": "Feature", "properties": {"drain_type": "Open Drain", "material": "Concrete", "status": "Bad", "ward": "N019", "zone": "N02", "source": "Greater Chennai Corporation", "year": "2024", "shedId": "KOSAS"}, "geometry": {"type": "LineString", "coordinates": [[80.24945, 13.17186], [80.24765, 13.17162]]}}, {"type": "Feature", "properties": {"drain_type": "Open Drain", "material": "Concrete", "status": "Bad", "ward": "N019", "zone": "N02", "source": "Greater Chennai Corporation", "year": "2024", "shedId": "KOSAS"}, "geometry": {"type": "LineString", "coordinates": [[80.24787, 13.16939], [80.24975, 13.16968]]}}, {"type": "Feature", "properties": {"drain_type": "SWD", "material": "Concrete", "status": "Good", "ward": "N019", "zone": "N02", "source": "Greater Chennai Corporation", "year": "2024", "shedId": "KOSAS"}, "geometry": {"type": "LineString", "coordinates": [[80.2497, 13.1708], [80.25157, 13.17108]]}}, {"type": "Feature", "properties": {"drain_type": "SWD", "material": "Concrete", "status": "Good", "ward": "N019", "zone": "N02", "source": "Greater Chennai Corporation", "year": "2024", "shedId": "KOSAS"}, "geometry": {"type": "LineString", "coordinates": [[80.25157, 13.17108], [80.25118, 13.17395]]}}, {"type": "Feature", "properties": {"drain_type": "SWD", "material": "Concrete", "status": "Good", "ward": "N019", "zone": "N02", "source": "Greater Chennai Corporation", "year": "2024", "shedId": "KOSAS"}, "geometry": {"type": "LineString", "coordinates": [[80.2494, 13.17424], [80.25255, 13.17375], [80.25297, 13.17362]]}}, {"type": "Feature", "properties": {"drain_type": "Open Drain", "material": "Concrete", "status": "Bad", "ward": "N019", "zone": "N02", "source": "Greater Chennai Corporation", "year": "2024", "shedId": "KOSAS"}, "geometry": {"type": "LineString", "coordinates": [[80.24898, 13.17409], [80.24912, 13.1741], [80.24913, 13.17411]]}}, {"type": "Feature", "properties": {"drain_type": "Open Drain", "material": "Concrete", "status": "Bad", "ward": "N019", "zone": "N02", "source": "Greater Chennai Corporation", "year": "2024", "shedId": "KOSAS"}, "geometry": {"type": "LineString", "coordinates": [[80.25093, 13.17413], [80.25116, 13.17568]]}}, {"type": "Feature", "properties": {"drain_type": "Open Drain", "material": "Concrete", "status": "Bad", "ward": "N019", "zone": "N02", "source": "Greater Chennai Corporation", "year": "2024", "shedId": "KOSAS"}, "geometry": {"type": "LineString", "coordinates": [[80.24986, 13.176], [80.25116, 13.17568]]}}, {"type": "Feature", "properties": {"drain_type": "SWD", "material": "Concrete", "status": "Good", "ward": "N019", "zone": "N02", "source": "Greater Chennai Corporation", "year": "2024", "shedId": "KOSAS"}, "geometry": {"type": "LineString", "coordinates": [[80.2512, 13.17567], [80.25193, 13.17555]]}}, {"type": "Feature", "properties": {"drain_type": "SWD", "material": "Concrete", "status": "Good", "ward": "N019", "zone": "N02", "source": "Greater Chennai Corporation", "year": "2024", "shedId": "KOSAS"}, "geometry": {"type": "LineString", "coordinates": [[80.25193, 13.17555], [80.25175, 13.17399]]}}, {"type": "Feature", "properties": {"drain_type": "Open Drain", "material": "Concrete", "status": "Bad", "ward": "N019", "zone": "N02", "source": "Greater Chennai Corporation", "year": "2024", "shedId": "KOSAS"}, "geometry": {"type": "LineString", "coordinates": [[80.25053, 13.1742], [80.25071, 13.17579]]}}, {"type": "Feature", "properties": {"drain_type": "Open Drain", "material": "Concrete", "status": "Bad", "ward": "N019", "zone": "N02", "source": "Greater Chennai Corporation", "year": "2024", "shedId": "KOSAS"}, "geometry": {"type": "LineString", "coordinates": [[80.25051, 13.17585], [80.25032, 13.17422]]}}, {"type": "Feature", "properties": {"drain_type": "Open Drain", "material": "Concrete", "status": "Bad", "ward": "N019", "zone": "N02", "source": "Greater Chennai Corporation", "year": "2024", "shedId": "KOSAS"}, "geometry": {"type": "LineString", "coordinates": [[80.25016, 13.17463], [80.25014, 13.17426]]}}, {"type": "Feature", "properties": {"drain_type": "Open Drain", "material": "Concrete", "status": "Bad", "ward": "N019", "zone": "N02", "source": "Greater Chennai Corporation", "year": "2024", "shedId": "KOSAS"}, "geometry": {"type": "LineString", "coordinates": [[80.25009, 13.1747], [80.25025, 13.17591]]}}, {"type": "Feature", "properties": {"drain_type": "SWD", "material": "Concrete", "status": "Good", "ward": "N019", "zone": "N02", "source": "Greater Chennai Corporation", "year": "2024", "shedId": "KOSAS"}, "geometry": {"type": "LineString", "coordinates": [[80.25114, 13.17568], [80.25147, 13.17877]]}}, {"type": "Feature", "properties": {"drain_type": "Open Drain", "material": "Concrete", "status": "Bad", "ward": "N019", "zone": "N02", "source": "Greater Chennai Corporation", "year": "2024", "shedId": "KOSAS"}, "geometry": {"type": "LineString", "coordinates": [[80.25011, 13.17695], [80.25127, 13.17686]]}}, {"type": "Feature", "properties": {"drain_type": "SWD", "material": "Concrete", "status": "Good", "ward": "N019", "zone": "N02", "source": "Greater Chennai Corporation", "year": "2024", "shedId": "KOSAS"}, "geometry": {"type": "LineString", "coordinates": [[80.25278, 13.17381], [80.25275, 13.1792]]}}, {"type": "Feature", "properties": {"drain_type": "SWD", "material": "Concrete", "status": "Good", "ward": "N019", "zone": "N02", "source": "Greater Chennai Corporation", "year": "2024", "shedId": "KOSAS"}, "geometry": {"type": "LineString", "coordinates": [[80.24386, 13.17417], [80.24516, 13.1741], [80.24744, 13.17469], [80.24908, 13.17429]]}}, {"type": "Feature", "properties": {"drain_type": "SWD", "material": "Concrete", "status": "Good", "ward": "N019", "zone": "N02", "source": "Greater Chennai Corporation", "year": "2024", "shedId": "KOSAS"}, "geometry": {"type": "LineString", "coordinates": [[80.24908, 13.17429], [80.24946, 13.17435], [80.25291, 13.17377]]}}, {"type": "Feature", "properties": {"drain_type": "SWD", "material": "Concrete", "status": "Good", "ward": "N020", "zone": "N02", "source": "Greater Chennai Corporation", "year": "2024", "shedId": "KOSAS"}, "geometry": {"type": "LineString", "coordinates": [[80.25401, 13.16502], [80.25261, 13.16592]]}}, {"type": "Feature", "properties": {"drain_type": "SWD", "material": "Concrete", "status": "Good", "ward": "N020", "zone": "N02", "source": "Greater Chennai Corporation", "year": "2024", "shedId": "KOSAS"}, "geometry": {"type": "LineString", "coordinates": [[80.25216, 13.16616], [80.25377, 13.17033]]}}, {"type": "Feature", "properties": {"drain_type": "SWD", "material": "Concrete", "status": "Good", "ward": "N020", "zone": "N02", "source": "Greater Chennai Corporation", "year": "2024", "shedId": "KOSAS"}, "geometry": {"type": "LineString", "coordinates": [[80.25463, 13.17189], [80.25238, 13.16614]]}}, {"type": "Feature", "properties": {"drain_type": "SWD", "material": "Concrete", "status": "Good", "ward": "N020", "zone": "N02", "source": "Greater Chennai Corporation", "year": "2024", "shedId": "KOSAS"}, "geometry": {"type": "LineString", "coordinates": [[80.25261, 13.16592], [80.25491, 13.1717]]}}, {"type": "Feature", "properties": {"drain_type": "SWD", "material": "Concrete", "status": "Good", "ward": "N020", "zone": "N02", "source": "Greater Chennai Corporation", "year": "2024", "shedId": "KOSAS"}, "geometry": {"type": "LineString", "coordinates": [[80.25448, 13.17198], [80.25564, 13.17126]]}}, {"type": "Feature", "properties": {"drain_type": "SWD", "material": "Concrete", "status": "Good", "ward": "N020", "zone": "N02", "source": "Greater Chennai Corporation", "year": "2024", "shedId": "KOSAS"}, "geometry": {"type": "LineString", "coordinates": [[80.25307, 13.16847], [80.2533, 13.16838]]}}, {"type": "Feature", "properties": {"drain_type": "SWD", "material": "Concrete", "status": "Good", "ward": "N020", "zone": "N02", "source": "Greater Chennai Corporation", "year": "2024", "shedId": "KOSAS"}, "geometry": {"type": "LineString", "coordinates": [[80.25305, 13.16841], [80.25328, 13.16834]]}}, {"type": "Feature", "properties": {"drain_type": "Open Drain", "material": "Concrete", "status": "Bad", "ward": "N020", "zone": "N02", "source": "Greater Chennai Corporation", "year": "2024", "shedId": "KOSAS"}, "geometry": {"type": "LineString", "coordinates": [[80.25348, 13.16832], [80.25415, 13.16817]]}}, {"type": "Feature", "properties": {"drain_type": "Open Drain", "material": "Concrete", "status": "Bad", "ward": "N020", "zone": "N02", "source": "Greater Chennai Corporation", "year": "2024", "shedId": "KOSAS"}, "geometry": {"type": "LineString", "coordinates": [[80.25362, 13.16869], [80.25421, 13.16852]]}}, {"type": "Feature", "properties": {"drain_type": "SWD", "material": "Concrete", "status": "Good", "ward": "N020", "zone": "N02", "source": "Greater Chennai Corporation", "year": "2024", "shedId": "KOSAS"}, "geometry": {"type": "LineString", "coordinates": [[80.2534, 13.16812], [80.25367, 13.16801], [80.2543, 13.16794]]}}, {"type": "Feature", "properties": {"drain_type": "SWD", "material": "Concrete", "status": "Good", "ward": "N020", "zone": "N02", "source": "Greater Chennai Corporation", "year": "2024", "shedId": "KOSAS"}, "geometry": {"type": "LineString", "coordinates": [[80.25329, 13.16551], [80.2538, 13.16703], [80.25376, 13.16744]]}}, {"type": "Feature", "properties": {"drain_type": "SWD", "material": "Concrete", "status": "Good", "ward": "N020", "zone": "N02", "source": "Greater Chennai Corporation", "year": "2024", "shedId": "KOSAS"}, "geometry": {"type": "LineString", "coordinates": [[80.25371, 13.16727], [80.25427, 13.16722]]}}, {"type": "Feature", "properties": {"drain_type": "SWD", "material": "Concrete", "status": "Good", "ward": "N020", "zone": "N02", "source": "Greater Chennai Corporation", "year": "2024", "shedId": "KOSAS"}, "geometry": {"type": "LineString", "coordinates": [[80.25349, 13.16598], [80.25393, 13.16587]]}}, {"type": "Feature", "properties": {"drain_type": "SWD", "material": "Concrete", "status": "Good", "ward": "N020", "zone": "N02", "source": "Greater Chennai Corporation", "year": "2024", "shedId": "KOSAS"}, "geometry": {"type": "LineString", "coordinates": [[80.25393, 13.16587], [80.25405, 13.16649]]}}, {"type": "Feature", "properties": {"drain_type": "SWD", "material": "Concrete", "status": "Good", "ward": "N020", "zone": "N02", "source": "Greater Chennai Corporation", "year": "2024", "shedId": "KOSAS"}, "geometry": {"type": "LineString", "coordinates": [[80.25431, 13.16642], [80.2542, 13.1658]]}}, {"type": "Feature", "properties": {"drain_type": "SWD", "material": "Concrete", "status": "Good", "ward": "N020", "zone": "N02", "source": "Greater Chennai Corporation", "year": "2024", "shedId": "KOSAS"}, "geometry": {"type": "LineString", "coordinates": [[80.25421, 13.16584], [80.25423, 13.16583], [80.25445, 13.16578]]}}, {"type": "Feature", "properties": {"drain_type": "SWD", "material": "Concrete", "status": "Good", "ward": "N020", "zone": "N02", "source": "Greater Chennai Corporation", "year": "2024", "shedId": "KOSAS"}, "geometry": {"type": "LineString", "coordinates": [[80.25397, 13.16583], [80.25418, 13.1658], [80.25401, 13.16502]]}}, {"type": "Feature", "properties": {"drain_type": "SWD", "material": "Concrete", "status": "Good", "ward": "N020", "zone": "N02", "source": "Greater Chennai Corporation", "year": "2024", "shedId": "KOSAS"}, "geometry": {"type": "LineString", "coordinates": [[80.25506, 13.16607], [80.25531, 13.16938], [80.25582, 13.17257]]}}, {"type": "Feature", "properties": {"drain_type": "SWD", "material": "Concrete", "status": "Good", "ward": "N020", "zone": "N02", "source": "Greater Chennai Corporation", "year": "2024", "shedId": "KOSAS"}, "geometry": {"type": "LineString", "coordinates": [[80.2547, 13.17011], [80.25541, 13.17]]}}, {"type": "Feature", "properties": {"drain_type": "SWD", "material": "Concrete", "status": "Good", "ward": "N020", "zone": "N02", "source": "Greater Chennai Corporation", "year": "2024", "shedId": "KOSAS"}, "geometry": {"type": "LineString", "coordinates": [[80.2549, 13.17037], [80.25547, 13.17028], [80.25547, 13.17028]]}}, {"type": "Feature", "properties": {"drain_type": "SWD", "material": "Concrete", "status": "Good", "ward": "N020", "zone": "N02", "source": "Greater Chennai Corporation", "year": "2024", "shedId": "KOSAS"}, "geometry": {"type": "LineString", "coordinates": [[80.25565, 13.17133], [80.25682, 13.17082]]}}, {"type": "Feature", "properties": {"drain_type": "SWD", "material": "Concrete", "status": "Good", "ward": "N020", "zone": "N02", "source": "Greater Chennai Corporation", "year": "2024", "shedId": "KOSAS"}, "geometry": {"type": "LineString", "coordinates": [[80.25626, 13.17071], [80.2563, 13.1711]]}}, {"type": "Feature", "properties": {"drain_type": "SWD", "material": "Concrete", "status": "Good", "ward": "N020", "zone": "N02", "source": "Greater Chennai Corporation", "year": "2024", "shedId": "KOSAS"}, "geometry": {"type": "LineString", "coordinates": [[80.25609, 13.17117], [80.25614, 13.17142]]}}, {"type": "Feature", "properties": {"drain_type": "SWD", "material": "Concrete", "status": "Good", "ward": "N020", "zone": "N02", "source": "Greater Chennai Corporation", "year": "2024", "shedId": "KOSAS"}, "geometry": {"type": "LineString", "coordinates": [[80.25596, 13.17144], [80.25673, 13.17141]]}}, {"type": "Feature", "properties": {"drain_type": "SWD", "material": "Concrete", "status": "Good", "ward": "N020", "zone": "N02", "source": "Greater Chennai Corporation", "year": "2024", "shedId": "KOSAS"}, "geometry": {"type": "LineString", "coordinates": [[80.25622, 13.17142], [80.25626, 13.17177], [80.25671, 13.17174]]}}, {"type": "Feature", "properties": {"drain_type": "SWD", "material": "Concrete", "status": "Good", "ward": "N020", "zone": "N02", "source": "Greater Chennai Corporation", "year": "2024", "shedId": "KOSAS"}, "geometry": {"type": "LineString", "coordinates": [[80.25555, 13.17072], [80.25588, 13.17065], [80.2561, 13.17022], [80.25699, 13.17015], [80.25699, 13.16998]]}}, {"type": "Feature", "properties": {"drain_type": "SWD", "material": "Concrete", "status": "Good", "ward": "N020", "zone": "N02", "source": "Greater Chennai Corporation", "year": "2024", "shedId": "KOSAS"}, "geometry": {"type": "LineString", "coordinates": [[80.25601, 13.17039], [80.25694, 13.17056]]}}, {"type": "Feature", "properties": {"drain_type": "SWD", "material": "Concrete", "status": "Good", "ward": "N020", "zone": "N02", "source": "Greater Chennai Corporation", "year": "2024", "shedId": "KOSAS"}, "geometry": {"type": "LineString", "coordinates": [[80.25696, 13.17012], [80.25638, 13.16852]]}}, {"type": "Feature", "properties": {"drain_type": "SWD", "material": "Concrete", "status": "Good", "ward": "N020", "zone": "N02", "source": "Greater Chennai Corporation", "year": "2024", "shedId": "KOSAS"}, "geometry": {"type": "LineString", "coordinates": [[80.25792, 13.16842], [80.25636, 13.16852], [80.25558, 13.1683]]}}, {"type": "Feature", "properties": {"drain_type": "SWD", "material": "Concrete", "status": "Good", "ward": "N020", "zone": "N02", "source": "Greater Chennai Corporation", "year": "2024", "shedId": "KOSAS"}, "geometry": {"type": "LineString", "coordinates": [[80.25558, 13.1683], [80.25558, 13.16755]]}}, {"type": "Feature", "properties": {"drain_type": "SWD", "material": "Concrete", "status": "Good", "ward": "N020", "zone": "N02", "source": "Greater Chennai Corporation", "year": "2024", "shedId": "KOSAS"}, "geometry": {"type": "LineString", "coordinates": [[80.25558, 13.16755], [80.25836, 13.16748]]}}, {"type": "Feature", "properties": {"drain_type": "SWD", "material": "Concrete", "status": "Good", "ward": "N020", "zone": "N02", "source": "Greater Chennai Corporation", "year": "2024", "shedId": "KOSAS"}, "geometry": {"type": "LineString", "coordinates": [[80.25612, 13.16759], [80.25641, 13.16852]]}}, {"type": "Feature", "properties": {"drain_type": "SWD", "material": "Concrete", "status": "Good", "ward": "N020", "zone": "N02", "source": "Greater Chennai Corporation", "year": "2024", "shedId": "KOSAS"}, "geometry": {"type": "LineString", "coordinates": [[80.25686, 13.1675], [80.25687, 13.16849]]}}, {"type": "Feature", "properties": {"drain_type": "SWD", "material": "Concrete", "status": "Good", "ward": "N020", "zone": "N02", "source": "Greater Chennai Corporation", "year": "2024", "shedId": "KOSAS"}, "geometry": {"type": "LineString", "coordinates": [[80.25525, 13.16751], [80.25554, 13.16753], [80.25571, 13.16693], [80.25563, 13.1658]]}}, {"type": "Feature", "properties": {"drain_type": "SWD", "material": "Concrete", "status": "Good", "ward": "N020", "zone": "N02", "source": "Greater Chennai Corporation", "year": "2024", "shedId": "KOSAS"}, "geometry": {"type": "LineString", "coordinates": [[80.25563, 13.1658], [80.25508, 13.16596]]}}, {"type": "Feature", "properties": {"drain_type": "SWD", "material": "Concrete", "status": "Good", "ward": "N020", "zone": "N02", "source": "Greater Chennai Corporation", "year": "2024", "shedId": "KOSAS"}, "geometry": {"type": "LineString", "coordinates": [[80.25692, 13.16559], [80.25692, 13.1675]]}}, {"type": "Feature", "properties": {"drain_type": "SWD", "material": "Concrete", "status": "Good", "ward": "N020", "zone": "N02", "source": "Greater Chennai Corporation", "year": "2024", "shedId": "KOSAS"}, "geometry": {"type": "LineString", "coordinates": [[80.25805, 13.16687], [80.25804, 13.16742], [80.25805, 13.16746]]}}, {"type": "Feature", "properties": {"drain_type": "SWD", "material": "Concrete", "status": "Good", "ward": "N020", "zone": "N02", "source": "Greater Chennai Corporation", "year": "2024", "shedId": "KOSAS"}, "geometry": {"type": "LineString", "coordinates": [[80.25507, 13.17207], [80.25522, 13.17244], [80.25554, 13.17255]]}}, {"type": "Feature", "properties": {"drain_type": "SWD", "material": "Concrete", "status": "Good", "ward": "N020", "zone": "N02", "source": "Greater Chennai Corporation", "year": "2024", "shedId": "KOSAS"}, "geometry": {"type": "LineString", "coordinates": [[80.25409, 13.17243], [80.25331, 13.17287], [80.25295, 13.17363]]}}, {"type": "Feature", "properties": {"drain_type": "SWD", "material": "Concrete", "status": "Good", "ward": "N020", "zone": "N02", "source": "Greater Chennai Corporation", "year": "2024", "shedId": "KOSAS"}, "geometry": {"type": "LineString", "coordinates": [[80.25296, 13.17374], [80.25343, 13.17298], [80.25422, 13.17249], [80.2542, 13.17237]]}}, {"type": "Feature", "properties": {"drain_type": "SWD", "material": "Concrete", "status": "Good", "ward": "N020", "zone": "N02", "source": "Greater Chennai Corporation", "year": "2024", "shedId": "KOSAS"}, "geometry": {"type": "LineString", "coordinates": [[80.25338, 13.17303], [80.25342, 13.17339]]}}, {"type": "Feature", "properties": {"drain_type": "SWD", "material": "Concrete", "status": "Good", "ward": "N020", "zone": "N02", "source": "Greater Chennai Corporation", "year": "2024", "shedId": "KOSAS"}, "geometry": {"type": "LineString", "coordinates": [[80.25339, 13.1731], [80.25345, 13.1731], [80.25355, 13.17309]]}}, {"type": "Feature", "properties": {"drain_type": "Open Drain", "material": "Concrete", "status": "Bad", "ward": "N020", "zone": "N02", "source": "Greater Chennai Corporation", "year": "2024", "shedId": "KOSAS"}, "geometry": {"type": "LineString", "coordinates": [[80.25306, 13.17365], [80.2533, 13.17365]]}}, {"type": "Feature", "properties": {"drain_type": "Open Drain", "material": "Concrete", "status": "Bad", "ward": "N020", "zone": "N02", "source": "Greater Chennai Corporation", "year": "2024", "shedId": "KOSAS"}, "geometry": {"type": "LineString", "coordinates": [[80.25401, 13.1726], [80.25401, 13.17261], [80.25402, 13.17272]]}}, {"type": "Feature", "properties": {"drain_type": "SWD", "material": "Concrete", "status": "Good", "ward": "N020", "zone": "N02", "source": "Greater Chennai Corporation", "year": "2024", "shedId": "KOSAS"}, "geometry": {"type": "LineString", "coordinates": [[80.25675, 13.17221], [80.25538, 13.17228], [80.25523, 13.17161]]}}, {"type": "Feature", "properties": {"drain_type": "SWD", "material": "Concrete", "status": "Good", "ward": "N020", "zone": "N02", "source": "Greater Chennai Corporation", "year": "2024", "shedId": "KOSAS"}, "geometry": {"type": "LineString", "coordinates": [[80.25545, 13.16434], [80.25569, 13.16575]]}}, {"type": "Feature", "properties": {"drain_type": "SWD", "material": "Concrete", "status": "Good", "ward": "N020", "zone": "N02", "source": "Greater Chennai Corporation", "year": "2024", "shedId": "KOSAS"}, "geometry": {"type": "LineString", "coordinates": [[80.25569, 13.16575], [80.25597, 13.16571]]}}, {"type": "Feature", "properties": {"drain_type": "SWD", "material": "Concrete", "status": "Good", "ward": "N020", "zone": "N02", "source": "Greater Chennai Corporation", "year": "2024", "shedId": "KOSAS"}, "geometry": {"type": "LineString", "coordinates": [[80.25461, 13.16842], [80.25491, 13.16963], [80.25534, 13.16961]]}}, {"type": "Feature", "properties": {"drain_type": "SWD", "material": "Concrete", "status": "Good", "ward": "N020", "zone": "N02", "source": "Greater Chennai Corporation", "year": "2024", "shedId": "KOSAS"}, "geometry": {"type": "LineString", "coordinates": [[80.25302, 13.16567], [80.25358, 13.1675], [80.25378, 13.16744], [80.25391, 13.16776], [80.25427, 13.16772]]}}, {"type": "Feature", "properties": {"drain_type": "SWD", "material": "Concrete", "status": "Good", "ward": "N020", "zone": "N02", "source": "Greater Chennai Corporation", "year": "2024", "shedId": "KOSAS"}, "geometry": {"type": "LineString", "coordinates": [[80.25427, 13.16772], [80.25436, 13.16829], [80.25527, 13.16837]]}}, {"type": "Feature", "properties": {"drain_type": "SWD", "material": "Concrete", "status": "Good", "ward": "N020", "zone": "N02", "source": "Greater Chennai Corporation", "year": "2024", "shedId": "KOSAS"}, "geometry": {"type": "LineString", "coordinates": [[80.25472, 13.17216], [80.25462, 13.1719]]}}, {"type": "Feature", "properties": {"drain_type": "SWD", "material": "Concrete", "status": "Good", "ward": "N34", "zone": "N04", "source": "Greater Chennai Corporation", "year": "2024", "shedId": "KOSAS"}, "geometry": {"type": "LineString", "coordinates": [[80.23941, 13.13757], [80.23979, 13.13753]]}}, {"type": "Feature", "properties": {"drain_type": "SWD", "material": "Concrete", "status": "Good", "ward": "N34", "zone": "N04", "source": "Greater Chennai Corporation", "year": "2024", "shedId": "KOSAS"}, "geometry": {"type": "LineString", "coordinates": [[80.23996, 13.13787], [80.24011, 13.13833], [80.2403, 13.13962]]}}, {"type": "Feature", "properties": {"drain_type": "SWD", "material": "Concrete", "status": "Good", "ward": "N34", "zone": "N04", "source": "Greater Chennai Corporation", "year": "2024", "shedId": "KOSAS"}, "geometry": {"type": "LineString", "coordinates": [[80.24011, 13.13833], [80.24011, 13.13832], [80.24079, 13.13821]]}}, {"type": "Feature", "properties": {"drain_type": "SWD", "material": "Concrete", "status": "Bad", "ward": "N34", "zone": "N04", "source": "Greater Chennai Corporation", "year": "2024", "shedId": "KOSAS"}, "geometry": {"type": "LineString", "coordinates": [[80.2403, 13.1428], [80.24305, 13.13895], [80.24366, 13.13843], [80.24579, 13.13827]]}}, {"type": "Feature", "properties": {"drain_type": "SWD", "material": "Concrete", "status": "Good", "ward": "N34", "zone": "N04", "source": "Greater Chennai Corporation", "year": "2024", "shedId": "KOSAS"}, "geometry": {"type": "LineString", "coordinates": [[80.243, 13.13866], [80.24305, 13.13895]]}}, {"type": "Feature", "properties": {"drain_type": "SWD", "material": "Concrete", "status": "Good", "ward": "N34", "zone": "N04", "source": "Greater Chennai Corporation", "year": "2024", "shedId": "KOSAS"}, "geometry": {"type": "LineString", "coordinates": [[80.24245, 13.13977], [80.24242, 13.143], [80.24295, 13.14298]]}}, {"type": "Feature", "properties": {"drain_type": "SWD", "material": "Concrete", "status": "Good", "ward": "N34", "zone": "N04", "source": "Greater Chennai Corporation", "year": "2024", "shedId": "KOSAS"}, "geometry": {"type": "LineString", "coordinates": [[80.24225, 13.1441], [80.24307, 13.14409]]}}, {"type": "Feature", "properties": {"drain_type": "SWD", "material": "Concrete", "status": "Good", "ward": "N34", "zone": "N04", "source": "Greater Chennai Corporation", "year": "2024", "shedId": "KOSAS"}, "geometry": {"type": "LineString", "coordinates": [[80.24323, 13.14206], [80.24323, 13.14218], [80.24239, 13.14221]]}}, {"type": "Feature", "properties": {"drain_type": "SWD", "material": "Concrete", "status": "Good", "ward": "N34", "zone": "N04", "source": "Greater Chennai Corporation", "year": "2024", "shedId": "KOSAS"}, "geometry": {"type": "LineString", "coordinates": [[80.2463, 13.13816], [80.24683, 13.1405]]}}, {"type": "Feature", "properties": {"drain_type": "SWD", "material": "Concrete", "status": "Good", "ward": "N34", "zone": "N04", "source": "Greater Chennai Corporation", "year": "2024", "shedId": "KOSAS"}, "geometry": {"type": "LineString", "coordinates": [[80.24683, 13.1405], [80.24841, 13.14014]]}}, {"type": "Feature", "properties": {"drain_type": "SWD", "material": "Concrete", "status": "Good", "ward": "N34", "zone": "N04", "source": "Greater Chennai Corporation", "year": "2024", "shedId": "KOSAS"}, "geometry": {"type": "LineString", "coordinates": [[80.24829, 13.13941], [80.24841, 13.14014]]}}, {"type": "Feature", "properties": {"drain_type": "SWD", "material": "Concrete", "status": "Good", "ward": "N34", "zone": "N04", "source": "Greater Chennai Corporation", "year": "2024", "shedId": "KOSAS"}, "geometry": {"type": "LineString", "coordinates": [[80.24838, 13.14], [80.2514, 13.13975]]}}, {"type": "Feature", "properties": {"drain_type": "SWD", "material": "Concrete", "status": "Good", "ward": "N34", "zone": "N04", "source": "Greater Chennai Corporation", "year": "2024", "shedId": "KOSAS"}, "geometry": {"type": "LineString", "coordinates": [[80.24705, 13.14048], [80.24782, 13.14356]]}}, {"type": "Feature", "properties": {"drain_type": "SWD", "material": "Concrete", "status": "Good", "ward": "N34", "zone": "N04", "source": "Greater Chennai Corporation", "year": "2024", "shedId": "KOSAS"}, "geometry": {"type": "LineString", "coordinates": [[80.24829, 13.14272], [80.24911, 13.14252]]}}, {"type": "Feature", "properties": {"drain_type": "SWD", "material": "Concrete", "status": "Good", "ward": "N34", "zone": "N04", "source": "Greater Chennai Corporation", "year": "2024", "shedId": "KOSAS"}, "geometry": {"type": "LineString", "coordinates": [[80.24908, 13.14246], [80.24944, 13.14325]]}}, {"type": "Feature", "properties": {"drain_type": "SWD", "material": "Concrete", "status": "Good", "ward": "N34", "zone": "N04", "source": "Greater Chennai Corporation", "year": "2024", "shedId": "KOSAS"}, "geometry": {"type": "LineString", "coordinates": [[80.25437, 13.13693], [80.25294, 13.13732]]}}, {"type": "Feature", "properties": {"drain_type": "SWD", "material": "Concrete", "status": "Good", "ward": "N34", "zone": "N04", "source": "Greater Chennai Corporation", "year": "2024", "shedId": "KOSAS"}, "geometry": {"type": "LineString", "coordinates": [[80.25294, 13.13731], [80.25292, 13.14163]]}}, {"type": "Feature", "properties": {"drain_type": "SWD", "material": "Concrete", "status": "Good", "ward": "N34", "zone": "N04", "source": "Greater Chennai Corporation", "year": "2024", "shedId": "KOSAS"}, "geometry": {"type": "LineString", "coordinates": [[80.25308, 13.14165], [80.25316, 13.14238]]}}, {"type": "Feature", "properties": {"drain_type": "SWD", "material": "Concrete", "status": "Good", "ward": "N34", "zone": "N04", "source": "Greater Chennai Corporation", "year": "2024", "shedId": "KOSAS"}, "geometry": {"type": "LineString", "coordinates": [[80.25226, 13.1396], [80.2522, 13.13873], [80.25296, 13.13866]]}}, {"type": "Feature", "properties": {"drain_type": "SWD", "material": "Concrete", "status": "Good", "ward": "N34", "zone": "N04", "source": "Greater Chennai Corporation", "year": "2024", "shedId": "KOSAS"}, "geometry": {"type": "LineString", "coordinates": [[80.25285, 13.14418], [80.25674, 13.14347]]}}, {"type": "Feature", "properties": {"drain_type": "SWD", "material": "Concrete", "status": "Good", "ward": "N34", "zone": "N04", "source": "Greater Chennai Corporation", "year": "2024", "shedId": "KOSAS"}, "geometry": {"type": "LineString", "coordinates": [[80.25674, 13.14347], [80.25646, 13.13941], [80.25623, 13.13828], [80.25571, 13.13685]]}}, {"type": "Feature", "properties": {"drain_type": "SWD", "material": "Concrete", "status": "Good", "ward": "N34", "zone": "N04", "source": "Greater Chennai Corporation", "year": "2024", "shedId": "KOSAS"}, "geometry": {"type": "LineString", "coordinates": [[80.25657, 13.14077], [80.25764, 13.14063]]}}, {"type": "Feature", "properties": {"drain_type": "SWD", "material": "Concrete", "status": "Good", "ward": "N34", "zone": "N04", "source": "Greater Chennai Corporation", "year": "2024", "shedId": "KOSAS"}, "geometry": {"type": "LineString", "coordinates": [[80.25823, 13.14141], [80.25665, 13.14163]]}}, {"type": "Feature", "properties": {"drain_type": "SWD", "material": "Concrete", "status": "Good", "ward": "N34", "zone": "N04", "source": "Greater Chennai Corporation", "year": "2024", "shedId": "KOSAS"}, "geometry": {"type": "LineString", "coordinates": [[80.25667, 13.14216], [80.25802, 13.14195]]}}, {"type": "Feature", "properties": {"drain_type": "SWD", "material": "Concrete", "status": "Good", "ward": "N34", "zone": "N04", "source": "Greater Chennai Corporation", "year": "2024", "shedId": "KOSAS"}, "geometry": {"type": "LineString", "coordinates": [[80.25676, 13.14342], [80.25677, 13.14341], [80.25825, 13.14328]]}}, {"type": "Feature", "properties": {"drain_type": "SWD", "material": "Concrete", "status": "Good", "ward": "N34", "zone": "N04", "source": "Greater Chennai Corporation", "year": "2024", "shedId": "KOSAS"}, "geometry": {"type": "LineString", "coordinates": [[80.24295, 13.14298], [80.2432, 13.14539]]}}, {"type": "Feature", "properties": {"drain_type": "SWD", "material": "Concrete", "status": "Good", "ward": "N34", "zone": "N04", "source": "Greater Chennai Corporation", "year": "2024", "shedId": "KOSAS"}, "geometry": {"type": "LineString", "coordinates": [[80.25802, 13.14195], [80.2581, 13.14283], [80.25845, 13.14283]]}}, {"type": "Feature", "properties": {"drain_type": "SWD", "material": "Concrete", "status": "Good", "ward": "N34", "zone": "N04", "source": "Greater Chennai Corporation", "year": "2024", "shedId": "KOSAS"}, "geometry": {"type": "LineString", "coordinates": [[80.24852, 13.12463], [80.24787, 13.12467]]}}, {"type": "Feature", "properties": {"drain_type": "SWD", "material": "Concrete", "status": "Good", "ward": "N34", "zone": "N04", "source": "Greater Chennai Corporation", "year": "2024", "shedId": "KOSAS"}, "geometry": {"type": "LineString", "coordinates": [[80.24787, 13.12465], [80.24801, 13.12517]]}}, {"type": "Feature", "properties": {"drain_type": "SWD", "material": "Concrete", "status": "Good", "ward": "N34", "zone": "N04", "source": "Greater Chennai Corporation", "year": "2024", "shedId": "KOSAS"}, "geometry": {"type": "LineString", "coordinates": [[80.24801, 13.12517], [80.24676, 13.12547]]}}, {"type": "Feature", "properties": {"drain_type": "SWD", "material": "Concrete", "status": "Good", "ward": "N34", "zone": "N04", "source": "Greater Chennai Corporation", "year": "2024", "shedId": "KOSAS"}, "geometry": {"type": "LineString", "coordinates": [[80.24869, 13.12576], [80.24898, 13.1257]]}}, {"type": "Feature", "properties": {"drain_type": "SWD", "material": "Concrete", "status": "Good", "ward": "N34", "zone": "N04", "source": "Greater Chennai Corporation", "year": "2024", "shedId": "KOSAS"}, "geometry": {"type": "LineString", "coordinates": [[80.24905, 13.12812], [80.24974, 13.12798]]}}, {"type": "Feature", "properties": {"drain_type": "SWD", "material": "Concrete", "status": "Good", "ward": "N34", "zone": "N04", "source": "Greater Chennai Corporation", "year": "2024", "shedId": "KOSAS"}, "geometry": {"type": "LineString", "coordinates": [[80.24919, 13.12809], [80.24945, 13.12934], [80.2497, 13.12949], [80.24967, 13.12989]]}}, {"type": "Feature", "properties": {"drain_type": "SWD", "material": "Concrete", "status": "Good", "ward": "N34", "zone": "N04", "source": "Greater Chennai Corporation", "year": "2024", "shedId": "KOSAS"}, "geometry": {"type": "LineString", "coordinates": [[80.24788, 13.12876], [80.24883, 13.12868], [80.24937, 13.12882]]}}, {"type": "Feature", "properties": {"drain_type": "SWD", "material": "Concrete", "status": "Good", "ward": "N34", "zone": "N04", "source": "Greater Chennai Corporation", "year": "2024", "shedId": "KOSAS"}, "geometry": {"type": "LineString", "coordinates": [[80.2418, 13.12963], [80.24469, 13.12927], [80.24494, 13.12915]]}}, {"type": "Feature", "properties": {"drain_type": "SWD", "material": "Concrete", "status": "Good", "ward": "N34", "zone": "N04", "source": "Greater Chennai Corporation", "year": "2024", "shedId": "KOSAS"}, "geometry": {"type": "LineString", "coordinates": [[80.24645, 13.13134], [80.24649, 13.13092], [80.24746, 13.13095]]}}, {"type": "Feature", "properties": {"drain_type": "SWD", "material": "Concrete", "status": "Good", "ward": "N34", "zone": "N04", "source": "Greater Chennai Corporation", "year": "2024", "shedId": "KOSAS"}, "geometry": {"type": "LineString", "coordinates": [[80.24771, 13.12994], [80.24725, 13.13189], [80.24732, 13.1323]]}}, {"type": "Feature", "properties": {"drain_type": "SWD", "material": "Concrete", "status": "Good", "ward": "N34", "zone": "N04", "source": "Greater Chennai Corporation", "year": "2024", "shedId": "KOSAS"}, "geometry": {"type": "LineString", "coordinates": [[80.24581, 13.13394], [80.24994, 13.1312], [80.25053, 13.13043]]}}, {"type": "Feature", "properties": {"drain_type": "SWD", "material": "Concrete", "status": "Good", "ward": "N34", "zone": "N04", "source": "Greater Chennai Corporation", "year": "2024", "shedId": "KOSAS"}, "geometry": {"type": "LineString", "coordinates": [[80.24581, 13.13394], [80.24791, 13.13687], [80.24798, 13.13714]]}}, {"type": "Feature", "properties": {"drain_type": "SWD", "material": "Concrete", "status": "Good", "ward": "N34", "zone": "N04", "source": "Greater Chennai Corporation", "year": "2024", "shedId": "KOSAS"}, "geometry": {"type": "LineString", "coordinates": [[80.25398, 13.1341], [80.25535, 13.13398]]}}, {"type": "Feature", "properties": {"drain_type": "SWD", "material": "Concrete", "status": "Good", "ward": "N34", "zone": "N04", "source": "Greater Chennai Corporation", "year": "2024", "shedId": "KOSAS"}, "geometry": {"type": "LineString", "coordinates": [[80.25389, 13.13407], [80.25364, 13.1316]]}}, {"type": "Feature", "properties": {"drain_type": "SWD", "material": "Concrete", "status": "Good", "ward": "N34", "zone": "N04", "source": "Greater Chennai Corporation", "year": "2024", "shedId": "KOSAS"}, "geometry": {"type": "LineString", "coordinates": [[80.25442, 13.13159], [80.25467, 13.13405]]}}, {"type": "Feature", "properties": {"drain_type": "SWD", "material": "Concrete", "status": "Good", "ward": "N34", "zone": "N04", "source": "Greater Chennai Corporation", "year": "2024", "shedId": "KOSAS"}, "geometry": {"type": "LineString", "coordinates": [[80.25053, 13.13043], [80.25325, 13.13223], [80.2535, 13.13286], [80.25361, 13.13408]]}}, {"type": "Feature", "properties": {"drain_type": "SWD", "material": "Concrete", "status": "Good", "ward": "N34", "zone": "N04", "source": "Greater Chennai Corporation", "year": "2024", "shedId": "KOSAS"}, "geometry": {"type": "LineString", "coordinates": [[80.24995, 13.13119], [80.25203, 13.13407]]}}, {"type": "Feature", "properties": {"drain_type": "SWD", "material": "Concrete", "status": "Good", "ward": "N34", "zone": "N04", "source": "Greater Chennai Corporation", "year": "2024", "shedId": "KOSAS"}, "geometry": {"type": "LineString", "coordinates": [[80.25535, 13.13398], [80.25513, 13.13158]]}}, {"type": "Feature", "properties": {"drain_type": "SWD", "material": "Concrete", "status": "Good", "ward": "N34", "zone": "N04", "source": "Greater Chennai Corporation", "year": "2024", "shedId": "KOSAS"}, "geometry": {"type": "LineString", "coordinates": [[80.24888, 13.13189], [80.25091, 13.13485]]}}, {"type": "Feature", "properties": {"drain_type": "SWD", "material": "Concrete", "status": "Good", "ward": "N34", "zone": "N04", "source": "Greater Chennai Corporation", "year": "2024", "shedId": "KOSAS"}, "geometry": {"type": "LineString", "coordinates": [[80.24679, 13.13329], [80.24685, 13.13348], [80.24884, 13.13625]]}}, {"type": "Feature", "properties": {"drain_type": "SWD", "material": "Concrete", "status": "Good", "ward": "N34", "zone": "N04", "source": "Greater Chennai Corporation", "year": "2024", "shedId": "KOSAS"}, "geometry": {"type": "LineString", "coordinates": [[80.25377, 13.13418], [80.25461, 13.13569], [80.25548, 13.13663], [80.25651, 13.13667], [80.25809, 13.13638]]}}, {"type": "Feature", "properties": {"drain_type": "SWD", "material": "Concrete", "status": "Good", "ward": "N34", "zone": "N04", "source": "Greater Chennai Corporation", "year": "2024", "shedId": "KOSAS"}, "geometry": {"type": "LineString", "coordinates": [[80.25734, 13.13653], [80.25743, 13.13532], [80.25725, 13.13519], [80.25692, 13.13154]]}}, {"type": "Feature", "properties": {"drain_type": "SWD", "material": "Concrete", "status": "Good", "ward": "N34", "zone": "N04", "source": "Greater Chennai Corporation", "year": "2024", "shedId": "KOSAS"}, "geometry": {"type": "LineString", "coordinates": [[80.2577, 13.13152], [80.25819, 13.13388]]}}, {"type": "Feature", "properties": {"drain_type": "SWD", "material": "Concrete", "status": "Good", "ward": "N34", "zone": "N04", "source": "Greater Chennai Corporation", "year": "2024", "shedId": "KOSAS"}, "geometry": {"type": "LineString", "coordinates": [[80.25357, 13.13657], [80.25505, 13.1365], [80.25523, 13.13644]]}}, {"type": "Feature", "properties": {"drain_type": "SWD", "material": "Concrete", "status": "Good", "ward": "N34", "zone": "N04", "source": "Greater Chennai Corporation", "year": "2024", "shedId": "KOSAS"}, "geometry": {"type": "LineString", "coordinates": [[80.25288, 13.13165], [80.25859, 13.13149]]}}, {"type": "Feature", "properties": {"drain_type": "SWD", "material": "Concrete", "status": "Good", "ward": "N34", "zone": "N04", "source": "Greater Chennai Corporation", "year": "2024", "shedId": "KOSAS"}, "geometry": {"type": "LineString", "coordinates": [[80.24791, 13.13687], [80.25207, 13.13403], [80.25361, 13.13408]]}}, {"type": "Feature", "properties": {"drain_type": "SWD", "material": "Concrete", "status": "Good", "ward": "N34", "zone": "N04", "source": "Greater Chennai Corporation", "year": "2024", "shedId": "KOSAS"}, "geometry": {"type": "LineString", "coordinates": [[80.24448, 13.12678], [80.24409, 13.12707]]}}, {"type": "Feature", "properties": {"drain_type": "SWD", "material": "Concrete", "status": "Good", "ward": "N036", "zone": "N04", "source": "Greater Chennai Corporation", "year": "2024", "shedId": "KOSAS"}, "geometry": {"type": "LineString", "coordinates": [[80.25442, 13.11661], [80.25433, 13.11757], [80.25501, 13.11928], [80.25565, 13.12428]]}}, {"type": "Feature", "properties": {"drain_type": "SWD", "material": "Concrete", "status": "Good", "ward": "N036", "zone": "N04", "source": "Greater Chennai Corporation", "year": "2024", "shedId": "KOSAS"}, "geometry": {"type": "LineString", "coordinates": [[80.25423, 13.12323], [80.25548, 13.12308]]}}, {"type": "Feature", "properties": {"drain_type": "SWD", "material": "Concrete", "status": "Good", "ward": "N036", "zone": "N04", "source": "Greater Chennai Corporation", "year": "2024", "shedId": "KOSAS"}, "geometry": {"type": "LineString", "coordinates": [[80.25459, 13.12069], [80.2549, 13.12315]]}}, {"type": "Feature", "properties": {"drain_type": "SWD", "material": "Concrete", "status": "Good", "ward": "N036", "zone": "N04", "source": "Greater Chennai Corporation", "year": "2024", "shedId": "KOSAS"}, "geometry": {"type": "LineString", "coordinates": [[80.25553, 13.12341], [80.25659, 13.12328]]}}, {"type": "Feature", "properties": {"drain_type": "SWD", "material": "Concrete", "status": "Good", "ward": "N036", "zone": "N04", "source": "Greater Chennai Corporation", "year": "2024", "shedId": "KOSAS"}, "geometry": {"type": "LineString", "coordinates": [[80.25658, 13.12327], [80.25683, 13.12437], [80.25649, 13.12549]]}}, {"type": "Feature", "properties": {"drain_type": "SWD", "material": "Concrete", "status": "Good", "ward": "N036", "zone": "N04", "source": "Greater Chennai Corporation", "year": "2024", "shedId": "KOSAS"}, "geometry": {"type": "LineString", "coordinates": [[80.25649, 13.12549], [80.25698, 13.12563], [80.25695, 13.12588], [80.25713, 13.12603]]}}, {"type": "Feature", "properties": {"drain_type": "SWD", "material": "Concrete", "status": "Good", "ward": "N036", "zone": "N04", "source": "Greater Chennai Corporation", "year": "2024", "shedId": "KOSAS"}, "geometry": {"type": "LineString", "coordinates": [[80.25272, 13.12226], [80.25296, 13.12442]]}}, {"type": "Feature", "properties": {"drain_type": "SWD", "material": "Concrete", "status": "Good", "ward": "N036", "zone": "N04", "source": "Greater Chennai Corporation", "year": "2024", "shedId": "KOSAS"}, "geometry": {"type": "LineString", "coordinates": [[80.25443, 13.12508], [80.25238, 13.1241], [80.25162, 13.12414]]}}, {"type": "Feature", "properties": {"drain_type": "SWD", "material": "Concrete", "status": "Good", "ward": "N036", "zone": "N04", "source": "Greater Chennai Corporation", "year": "2024", "shedId": "KOSAS"}, "geometry": {"type": "LineString", "coordinates": [[80.25443, 13.12508], [80.25427, 13.12588]]}}, {"type": "Feature", "properties": {"drain_type": "SWD", "material": "Concrete", "status": "Good", "ward": "N036", "zone": "N04", "source": "Greater Chennai Corporation", "year": "2024", "shedId": "KOSAS"}, "geometry": {"type": "LineString", "coordinates": [[80.24832, 13.12378], [80.24988, 13.12837], [80.24981, 13.12987]]}}, {"type": "Feature", "properties": {"drain_type": "SWD", "material": "Concrete", "status": "Good", "ward": "N036", "zone": "N04", "source": "Greater Chennai Corporation", "year": "2024", "shedId": "KOSAS"}, "geometry": {"type": "LineString", "coordinates": [[80.24909, 13.12599], [80.25071, 13.12593], [80.25078, 13.12528]]}}, {"type": "Feature", "properties": {"drain_type": "SWD", "material": "Concrete", "status": "Good", "ward": "N036", "zone": "N04", "source": "Greater Chennai Corporation", "year": "2024", "shedId": "KOSAS"}, "geometry": {"type": "LineString", "coordinates": [[80.25053, 13.12977], [80.25234, 13.13094]]}}, {"type": "Feature", "properties": {"drain_type": "SWD", "material": "Concrete", "status": "Good", "ward": "N036", "zone": "N04", "source": "Greater Chennai Corporation", "year": "2024", "shedId": "KOSAS"}, "geometry": {"type": "LineString", "coordinates": [[80.25234, 13.13094], [80.25234, 13.12984]]}}, {"type": "Feature", "properties": {"drain_type": "SWD", "material": "Concrete", "status": "Good", "ward": "N036", "zone": "N04", "source": "Greater Chennai Corporation", "year": "2024", "shedId": "KOSAS"}, "geometry": {"type": "LineString", "coordinates": [[80.25156, 13.12663], [80.25747, 13.13136]]}}, {"type": "Feature", "properties": {"drain_type": "SWD", "material": "Concrete", "status": "Good", "ward": "N036", "zone": "N04", "source": "Greater Chennai Corporation", "year": "2024", "shedId": "KOSAS"}, "geometry": {"type": "LineString", "coordinates": [[80.25655, 13.13065], [80.25566, 13.13069]]}}, {"type": "Feature", "properties": {"drain_type": "SWD", "material": "Concrete", "status": "Good", "ward": "N036", "zone": "N04", "source": "Greater Chennai Corporation", "year": "2024", "shedId": "KOSAS"}, "geometry": {"type": "LineString", "coordinates": [[80.25566, 13.13069], [80.25566, 13.13098]]}}, {"type": "Feature", "properties": {"drain_type": "SWD", "material": "Concrete", "status": "Good", "ward": "N036", "zone": "N04", "source": "Greater Chennai Corporation", "year": "2024", "shedId": "KOSAS"}, "geometry": {"type": "LineString", "coordinates": [[80.25517, 13.1295], [80.25891, 13.1294]]}}, {"type": "Feature", "properties": {"drain_type": "SWD", "material": "Concrete", "status": "Good", "ward": "N036", "zone": "N04", "source": "Greater Chennai Corporation", "year": "2024", "shedId": "KOSAS"}, "geometry": {"type": "LineString", "coordinates": [[80.25509, 13.12942], [80.25399, 13.12946]]}}, {"type": "Feature", "properties": {"drain_type": "SWD", "material": "Concrete", "status": "Good", "ward": "N036", "zone": "N04", "source": "Greater Chennai Corporation", "year": "2024", "shedId": "KOSAS"}, "geometry": {"type": "LineString", "coordinates": [[80.25399, 13.12946], [80.25393, 13.12906]]}}, {"type": "Feature", "properties": {"drain_type": "SWD", "material": "Concrete", "status": "Good", "ward": "N036", "zone": "N04", "source": "Greater Chennai Corporation", "year": "2024", "shedId": "KOSAS"}, "geometry": {"type": "LineString", "coordinates": [[80.25393, 13.12906], [80.25236, 13.12908]]}}, {"type": "Feature", "properties": {"drain_type": "SWD", "material": "Concrete", "status": "Good", "ward": "N036", "zone": "N04", "source": "Greater Chennai Corporation", "year": "2024", "shedId": "KOSAS"}, "geometry": {"type": "LineString", "coordinates": [[80.2505, 13.12912], [80.25235, 13.12911]]}}, {"type": "Feature", "properties": {"drain_type": "SWD", "material": "Concrete", "status": "Good", "ward": "N036", "zone": "N04", "source": "Greater Chennai Corporation", "year": "2024", "shedId": "KOSAS"}, "geometry": {"type": "LineString", "coordinates": [[80.25235, 13.12913], [80.2523, 13.12805], [80.25241, 13.12791]]}}, {"type": "Feature", "properties": {"drain_type": "SWD", "material": "Concrete", "status": "Good", "ward": "N036", "zone": "N04", "source": "Greater Chennai Corporation", "year": "2024", "shedId": "KOSAS"}, "geometry": {"type": "LineString", "coordinates": [[80.25007, 13.12871], [80.25192, 13.12852], [80.25195, 13.12796], [80.25256, 13.12798], [80.25284, 13.12762]]}}, {"type": "Feature", "properties": {"drain_type": "SWD", "material": "Concrete", "status": "Good", "ward": "N036", "zone": "N04", "source": "Greater Chennai Corporation", "year": "2024", "shedId": "KOSAS"}, "geometry": {"type": "LineString", "coordinates": [[80.25137, 13.1286], [80.25124, 13.12761]]}}, {"type": "Feature", "properties": {"drain_type": "SWD", "material": "Concrete", "status": "Good", "ward": "N036", "zone": "N04", "source": "Greater Chennai Corporation", "year": "2024", "shedId": "KOSAS"}, "geometry": {"type": "LineString", "coordinates": [[80.25124, 13.12761], [80.25156, 13.12757]]}}, {"type": "Feature", "properties": {"drain_type": "SWD", "material": "Concrete", "status": "Good", "ward": "N036", "zone": "N04", "source": "Greater Chennai Corporation", "year": "2024", "shedId": "KOSAS"}, "geometry": {"type": "LineString", "coordinates": [[80.25188, 13.12688], [80.25151, 13.12732], [80.25167, 13.12821]]}}, {"type": "Feature", "properties": {"drain_type": "SWD", "material": "Concrete", "status": "Good", "ward": "N036", "zone": "N04", "source": "Greater Chennai Corporation", "year": "2024", "shedId": "KOSAS"}, "geometry": {"type": "LineString", "coordinates": [[80.2523, 13.12661], [80.25315, 13.12726]]}}, {"type": "Feature", "properties": {"drain_type": "SWD", "material": "Concrete", "status": "Good", "ward": "N036", "zone": "N04", "source": "Greater Chennai Corporation", "year": "2024", "shedId": "KOSAS"}, "geometry": {"type": "LineString", "coordinates": [[80.25286, 13.12764], [80.25317, 13.12721], [80.25347, 13.12577]]}}, {"type": "Feature", "properties": {"drain_type": "SWD", "material": "Concrete", "status": "Good", "ward": "N036", "zone": "N04", "source": "Greater Chennai Corporation", "year": "2024", "shedId": "KOSAS"}, "geometry": {"type": "LineString", "coordinates": [[80.25334, 13.12642], [80.25381, 13.12636]]}}, {"type": "Feature", "properties": {"drain_type": "SWD", "material": "Concrete", "status": "Good", "ward": "N036", "zone": "N04", "source": "Greater Chennai Corporation", "year": "2024", "shedId": "KOSAS"}, "geometry": {"type": "LineString", "coordinates": [[80.25357, 13.1268], [80.25362, 13.12751]]}}, {"type": "Feature", "properties": {"drain_type": "SWD", "material": "Concrete", "status": "Good", "ward": "N036", "zone": "N04", "source": "Greater Chennai Corporation", "year": "2024", "shedId": "KOSAS"}, "geometry": {"type": "LineString", "coordinates": [[80.25312, 13.12729], [80.25343, 13.12751], [80.25431, 13.12745]]}}, {"type": "Feature", "properties": {"drain_type": "SWD", "material": "Concrete", "status": "Good", "ward": "N036", "zone": "N04", "source": "Greater Chennai Corporation", "year": "2024", "shedId": "KOSAS"}, "geometry": {"type": "LineString", "coordinates": [[80.25431, 13.12745], [80.25429, 13.12603], [80.25438, 13.12596]]}}, {"type": "Feature", "properties": {"drain_type": "SWD", "material": "Concrete", "status": "Good", "ward": "N036", "zone": "N04", "source": "Greater Chennai Corporation", "year": "2024", "shedId": "KOSAS"}, "geometry": {"type": "LineString", "coordinates": [[80.25561, 13.12621], [80.25541, 13.12704], [80.25563, 13.12948]]}}, {"type": "Feature", "properties": {"drain_type": "SWD", "material": "Concrete", "status": "Good", "ward": "N036", "zone": "N04", "source": "Greater Chennai Corporation", "year": "2024", "shedId": "KOSAS"}, "geometry": {"type": "LineString", "coordinates": [[80.25546, 13.12765], [80.2572, 13.12755], [80.2573, 13.12742]]}}, {"type": "Feature", "properties": {"drain_type": "SWD", "material": "Concrete", "status": "Good", "ward": "N036", "zone": "N04", "source": "Greater Chennai Corporation", "year": "2024", "shedId": "KOSAS"}, "geometry": {"type": "LineString", "coordinates": [[80.25738, 13.12699], [80.2588, 13.1272]]}}, {"type": "Feature", "properties": {"drain_type": "SWD", "material": "Concrete", "status": "Good", "ward": "N036", "zone": "N04", "source": "Greater Chennai Corporation", "year": "2024", "shedId": "KOSAS"}, "geometry": {"type": "LineString", "coordinates": [[80.2567, 13.12755], [80.25651, 13.12946]]}}, {"type": "Feature", "properties": {"drain_type": "SWD", "material": "Concrete", "status": "Good", "ward": "N036", "zone": "N04", "source": "Greater Chennai Corporation", "year": "2024", "shedId": "KOSAS"}, "geometry": {"type": "LineString", "coordinates": [[80.25745, 13.1265], [80.25727, 13.12814], [80.25754, 13.12817]]}}, {"type": "Feature", "properties": {"drain_type": "SWD", "material": "Concrete", "status": "Good", "ward": "N036", "zone": "N04", "source": "Greater Chennai Corporation", "year": "2024", "shedId": "KOSAS"}, "geometry": {"type": "LineString", "coordinates": [[80.25806, 13.12711], [80.25823, 13.12942]]}}, {"type": "Feature", "properties": {"drain_type": "SWD", "material": "Concrete", "status": "Good", "ward": "N036", "zone": "N04", "source": "Greater Chennai Corporation", "year": "2024", "shedId": "KOSAS"}, "geometry": {"type": "LineString", "coordinates": [[80.25943, 13.1186], [80.25912, 13.126]]}}, {"type": "Feature", "properties": {"drain_type": "SWD", "material": "Concrete", "status": "Good", "ward": "N036", "zone": "N04", "source": "Greater Chennai Corporation", "year": "2024", "shedId": "KOSAS"}, "geometry": {"type": "LineString", "coordinates": [[80.25901, 13.12674], [80.25898, 13.12828]]}}, {"type": "Feature", "properties": {"drain_type": "SWD", "material": "Concrete", "status": "Good", "ward": "N036", "zone": "N04", "source": "Greater Chennai Corporation", "year": "2024", "shedId": "KOSAS"}, "geometry": {"type": "LineString", "coordinates": [[80.25015, 13.1211], [80.25119, 13.12061]]}}, {"type": "Feature", "properties": {"drain_type": "SWD", "material": "Concrete", "status": "Good", "ward": "N37", "zone": "N04", "source": "Greater Chennai Corporation", "year": "2024", "shedId": "KOSAS"}, "geometry": {"type": "LineString", "coordinates": [[80.25957, 13.11854], [80.25938, 13.1229]]}}, {"type": "Feature", "properties": {"drain_type": "SWD", "material": "Concrete", "status": "Good", "ward": "N37", "zone": "N04", "source": "Greater Chennai Corporation", "year": "2024", "shedId": "KOSAS"}, "geometry": {"type": "LineString", "coordinates": [[80.25937, 13.12309], [80.25922, 13.12632]]}}, {"type": "Feature", "properties": {"drain_type": "SWD", "material": "Concrete", "status": "Good", "ward": "N37", "zone": "N04", "source": "Greater Chennai Corporation", "year": "2024", "shedId": "KOSAS"}, "geometry": {"type": "LineString", "coordinates": [[80.26009, 13.1191], [80.25992, 13.1229]]}}, {"type": "Feature", "properties": {"drain_type": "SWD", "material": "Concrete", "status": "Good", "ward": "N37", "zone": "N04", "source": "Greater Chennai Corporation", "year": "2024", "shedId": "KOSAS"}, "geometry": {"type": "LineString", "coordinates": [[80.26005, 13.11998], [80.26575, 13.11989]]}}, {"type": "Feature", "properties": {"drain_type": "SWD", "material": "Concrete", "status": "Good", "ward": "N37", "zone": "N04", "source": "Greater Chennai Corporation", "year": "2024", "shedId": "KOSAS"}, "geometry": {"type": "LineString", "coordinates": [[80.26168, 13.11994], [80.2615, 13.11826]]}}, {"type": "Feature", "properties": {"drain_type": "SWD", "material": "Concrete", "status": "Good", "ward": "N37", "zone": "N04", "source": "Greater Chennai Corporation", "year": "2024", "shedId": "KOSAS"}, "geometry": {"type": "LineString", "coordinates": [[80.2615, 13.11826], [80.25957, 13.11854]]}}, {"type": "Feature", "properties": {"drain_type": "SWD", "material": "Concrete", "status": "Good", "ward": "N37", "zone": "N04", "source": "Greater Chennai Corporation", "year": "2024", "shedId": "KOSAS"}, "geometry": {"type": "LineString", "coordinates": [[80.26003, 13.12054], [80.26519, 13.12048]]}}, {"type": "Feature", "properties": {"drain_type": "SWD", "material": "Concrete", "status": "Good", "ward": "N37", "zone": "N04", "source": "Greater Chennai Corporation", "year": "2024", "shedId": "KOSAS"}, "geometry": {"type": "LineString", "coordinates": [[80.26292, 13.12051], [80.26291, 13.11992]]}}, {"type": "Feature", "properties": {"drain_type": "SWD", "material": "Concrete", "status": "Good", "ward": "N37", "zone": "N04", "source": "Greater Chennai Corporation", "year": "2024", "shedId": "KOSAS"}, "geometry": {"type": "LineString", "coordinates": [[80.26348, 13.12053], [80.26349, 13.12286]]}}, {"type": "Feature", "properties": {"drain_type": "SWD", "material": "Concrete", "status": "Good", "ward": "N37", "zone": "N04", "source": "Greater Chennai Corporation", "year": "2024", "shedId": "KOSAS"}, "geometry": {"type": "LineString", "coordinates": [[80.25938, 13.1229], [80.26577, 13.12283]]}}, {"type": "Feature", "properties": {"drain_type": "SWD", "material": "Concrete", "status": "Good", "ward": "N37", "zone": "N04", "source": "Greater Chennai Corporation", "year": "2024", "shedId": "KOSAS"}, "geometry": {"type": "LineString", "coordinates": [[80.26348, 13.12096], [80.26519, 13.12096]]}}, {"type": "Feature", "properties": {"drain_type": "SWD", "material": "Concrete", "status": "Good", "ward": "N37", "zone": "N04", "source": "Greater Chennai Corporation", "year": "2024", "shedId": "KOSAS"}, "geometry": {"type": "LineString", "coordinates": [[80.2652, 13.11989], [80.2652, 13.12227], [80.26575, 13.1223]]}}, {"type": "Feature", "properties": {"drain_type": "SWD", "material": "Concrete", "status": "Good", "ward": "N37", "zone": "N04", "source": "Greater Chennai Corporation", "year": "2024", "shedId": "KOSAS"}, "geometry": {"type": "LineString", "coordinates": [[80.26574, 13.11946], [80.26582, 13.12727]]}}, {"type": "Feature", "properties": {"drain_type": "SWD", "material": "Concrete", "status": "Good", "ward": "N37", "zone": "N04", "source": "Greater Chennai Corporation", "year": "2024", "shedId": "KOSAS"}, "geometry": {"type": "LineString", "coordinates": [[80.2659, 13.11943], [80.26598, 13.12645], [80.26602, 13.12663], [80.26639, 13.12665], [80.26654, 13.12726]]}}, {"type": "Feature", "properties": {"drain_type": "SWD", "material": "Concrete", "status": "Good", "ward": "N37", "zone": "N04", "source": "Greater Chennai Corporation", "year": "2024", "shedId": "KOSAS"}, "geometry": {"type": "LineString", "coordinates": [[80.26593, 13.12284], [80.26659, 13.12275], [80.26658, 13.11993]]}}, {"type": "Feature", "properties": {"drain_type": "SWD", "material": "Concrete", "status": "Good", "ward": "N37", "zone": "N04", "source": "Greater Chennai Corporation", "year": "2024", "shedId": "KOSAS"}, "geometry": {"type": "LineString", "coordinates": [[80.25942, 13.12304], [80.26578, 13.12295]]}}, {"type": "Feature", "properties": {"drain_type": "SWD", "material": "Concrete", "status": "Good", "ward": "N37", "zone": "N04", "source": "Greater Chennai Corporation", "year": "2024", "shedId": "KOSAS"}, "geometry": {"type": "LineString", "coordinates": [[80.2653, 13.12295], [80.26532, 13.12646]]}}, {"type": "Feature", "properties": {"drain_type": "SWD", "material": "Concrete", "status": "Good", "ward": "N37", "zone": "N04", "source": "Greater Chennai Corporation", "year": "2024", "shedId": "KOSAS"}, "geometry": {"type": "LineString", "coordinates": [[80.26441, 13.1235], [80.26447, 13.12645]]}}, {"type": "Feature", "properties": {"drain_type": "SWD", "material": "Concrete", "status": "Good", "ward": "N37", "zone": "N04", "source": "Greater Chennai Corporation", "year": "2024", "shedId": "KOSAS"}, "geometry": {"type": "LineString", "coordinates": [[80.26287, 13.12298], [80.26287, 13.12674]]}}, {"type": "Feature", "properties": {"drain_type": "SWD", "material": "Concrete", "status": "Good", "ward": "N37", "zone": "N04", "source": "Greater Chennai Corporation", "year": "2024", "shedId": "KOSAS"}, "geometry": {"type": "LineString", "coordinates": [[80.25934, 13.1261], [80.26157, 13.12648], [80.26581, 13.12645]]}}, {"type": "Feature", "properties": {"drain_type": "SWD", "material": "Concrete", "status": "Good", "ward": "N37", "zone": "N04", "source": "Greater Chennai Corporation", "year": "2024", "shedId": "KOSAS"}, "geometry": {"type": "LineString", "coordinates": [[80.26179, 13.12647], [80.26176, 13.12299]]}}, {"type": "Feature", "properties": {"drain_type": "SWD", "material": "Concrete", "status": "Good", "ward": "N37", "zone": "N04", "source": "Greater Chennai Corporation", "year": "2024", "shedId": "KOSAS"}, "geometry": {"type": "LineString", "coordinates": [[80.26048, 13.12628], [80.26047, 13.12301]]}}, {"type": "Feature", "properties": {"drain_type": "SWD", "material": "Concrete", "status": "Good", "ward": "N37", "zone": "N04", "source": "Greater Chennai Corporation", "year": "2024", "shedId": "KOSAS"}, "geometry": {"type": "LineString", "coordinates": [[80.25928, 13.12685], [80.25911, 13.12823], [80.25875, 13.13598]]}}, {"type": "Feature", "properties": {"drain_type": "SWD", "material": "Concrete", "status": "Good", "ward": "N37", "zone": "N04", "source": "Greater Chennai Corporation", "year": "2024", "shedId": "KOSAS"}, "geometry": {"type": "LineString", "coordinates": [[80.25881, 13.13422], [80.2601, 13.13425]]}}, {"type": "Feature", "properties": {"drain_type": "SWD", "material": "Concrete", "status": "Good", "ward": "N37", "zone": "N04", "source": "Greater Chennai Corporation", "year": "2024", "shedId": "KOSAS"}, "geometry": {"type": "LineString", "coordinates": [[80.25891, 13.13238], [80.26192, 13.13187]]}}, {"type": "Feature", "properties": {"drain_type": "SWD", "material": "Concrete", "status": "Good", "ward": "N37", "zone": "N04", "source": "Greater Chennai Corporation", "year": "2024", "shedId": "KOSAS"}, "geometry": {"type": "LineString", "coordinates": [[80.26192, 13.13187], [80.26164, 13.12733]]}}, {"type": "Feature", "properties": {"drain_type": "SWD", "material": "Concrete", "status": "Good", "ward": "N37", "zone": "N04", "source": "Greater Chennai Corporation", "year": "2024", "shedId": "KOSAS"}, "geometry": {"type": "LineString", "coordinates": [[80.26024, 13.13106], [80.25897, 13.13099]]}}, {"type": "Feature", "properties": {"drain_type": "SWD", "material": "Concrete", "status": "Good", "ward": "N37", "zone": "N04", "source": "Greater Chennai Corporation", "year": "2024", "shedId": "KOSAS"}, "geometry": {"type": "LineString", "coordinates": [[80.25941, 13.1303], [80.2611, 13.13045], [80.26175, 13.13042]]}}, {"type": "Feature", "properties": {"drain_type": "SWD", "material": "Concrete", "status": "Good", "ward": "N37", "zone": "N04", "source": "Greater Chennai Corporation", "year": "2024", "shedId": "KOSAS"}, "geometry": {"type": "LineString", "coordinates": [[80.26034, 13.12742], [80.26305, 13.12787]]}}, {"type": "Feature", "properties": {"drain_type": "SWD", "material": "Concrete", "status": "Good", "ward": "N37", "zone": "N04", "source": "Greater Chennai Corporation", "year": "2024", "shedId": "KOSAS"}, "geometry": {"type": "LineString", "coordinates": [[80.26216, 13.12776], [80.26234, 13.12952]]}}, {"type": "Feature", "properties": {"drain_type": "SWD", "material": "Concrete", "status": "Good", "ward": "N37", "zone": "N04", "source": "Greater Chennai Corporation", "year": "2024", "shedId": "KOSAS"}, "geometry": {"type": "LineString", "coordinates": [[80.2594, 13.12995], [80.26179, 13.13004]]}}, {"type": "Feature", "properties": {"drain_type": "SWD", "material": "Concrete", "status": "Good", "ward": "N37", "zone": "N04", "source": "Greater Chennai Corporation", "year": "2024", "shedId": "KOSAS"}, "geometry": {"type": "LineString", "coordinates": [[80.26179, 13.13009], [80.26321, 13.13], [80.26383, 13.12989]]}}, {"type": "Feature", "properties": {"drain_type": "SWD", "material": "Concrete", "status": "Good", "ward": "N37", "zone": "N04", "source": "Greater Chennai Corporation", "year": "2024", "shedId": "KOSAS"}, "geometry": {"type": "LineString", "coordinates": [[80.26311, 13.12749], [80.26319, 13.12877], [80.26345, 13.12997]]}}, {"type": "Feature", "properties": {"drain_type": "SWD", "material": "Concrete", "status": "Good", "ward": "N37", "zone": "N04", "source": "Greater Chennai Corporation", "year": "2024", "shedId": "KOSAS"}, "geometry": {"type": "LineString", "coordinates": [[80.26353, 13.12764], [80.26364, 13.12906], [80.26412, 13.13115]]}}, {"type": "Feature", "properties": {"drain_type": "SWD", "material": "Concrete", "status": "Good", "ward": "N37", "zone": "N04", "source": "Greater Chennai Corporation", "year": "2024", "shedId": "KOSAS"}, "geometry": {"type": "LineString", "coordinates": [[80.2631, 13.13001], [80.26331, 13.13105]]}}, {"type": "Feature", "properties": {"drain_type": "SWD", "material": "Concrete", "status": "Good", "ward": "N37", "zone": "N04", "source": "Greater Chennai Corporation", "year": "2024", "shedId": "KOSAS"}, "geometry": {"type": "LineString", "coordinates": [[80.26928, 13.12762], [80.26793, 13.12751], [80.26635, 13.12783]]}}, {"type": "Feature", "properties": {"drain_type": "SWD", "material": "Concrete", "status": "Good", "ward": "N37", "zone": "N04", "source": "Greater Chennai Corporation", "year": "2024", "shedId": "KOSAS"}, "geometry": {"type": "LineString", "coordinates": [[80.26635, 13.12783], [80.26691, 13.13016]]}}, {"type": "Feature", "properties": {"drain_type": "SWD", "material": "Concrete", "status": "Good", "ward": "N37", "zone": "N04", "source": "Greater Chennai Corporation", "year": "2024", "shedId": "KOSAS"}, "geometry": {"type": "LineString", "coordinates": [[80.26651, 13.12852], [80.2681, 13.12816], [80.26921, 13.12844], [80.26971, 13.12805]]}}, {"type": "Feature", "properties": {"drain_type": "SWD", "material": "Concrete", "status": "Good", "ward": "N37", "zone": "N04", "source": "Greater Chennai Corporation", "year": "2024", "shedId": "KOSAS"}, "geometry": {"type": "LineString", "coordinates": [[80.26685, 13.12843], [80.26671, 13.1278]]}}, {"type": "Feature", "properties": {"drain_type": "SWD", "material": "Concrete", "status": "Good", "ward": "N37", "zone": "N04", "source": "Greater Chennai Corporation", "year": "2024", "shedId": "KOSAS"}, "geometry": {"type": "LineString", "coordinates": [[80.26705, 13.12776], [80.26744, 13.1294]]}}, {"type": "Feature", "properties": {"drain_type": "SWD", "material": "Concrete", "status": "Good", "ward": "N37", "zone": "N04", "source": "Greater Chennai Corporation", "year": "2024", "shedId": "KOSAS"}, "geometry": {"type": "LineString", "coordinates": [[80.26676, 13.12956], [80.26744, 13.1294]]}}, {"type": "Feature", "properties": {"drain_type": "SWD", "material": "Concrete", "status": "Good", "ward": "N37", "zone": "N04", "source": "Greater Chennai Corporation", "year": "2024", "shedId": "KOSAS"}, "geometry": {"type": "LineString", "coordinates": [[80.26737, 13.12909], [80.26809, 13.12891], [80.26793, 13.12818]]}}, {"type": "Feature", "properties": {"drain_type": "SWD", "material": "Concrete", "status": "Good", "ward": "N37", "zone": "N04", "source": "Greater Chennai Corporation", "year": "2024", "shedId": "KOSAS"}, "geometry": {"type": "LineString", "coordinates": [[80.26858, 13.12824], [80.26863, 13.12759]]}}, {"type": "Feature", "properties": {"drain_type": "SWD", "material": "Concrete", "status": "Good", "ward": "N37", "zone": "N04", "source": "Greater Chennai Corporation", "year": "2024", "shedId": "KOSAS"}, "geometry": {"type": "LineString", "coordinates": [[80.26792, 13.12819], [80.26775, 13.12751]]}}, {"type": "Feature", "properties": {"drain_type": "SWD", "material": "Concrete", "status": "Good", "ward": "N37", "zone": "N04", "source": "Greater Chennai Corporation", "year": "2024", "shedId": "KOSAS"}, "geometry": {"type": "LineString", "coordinates": [[80.26682, 13.12982], [80.26601, 13.13037]]}}, {"type": "Feature", "properties": {"drain_type": "SWD", "material": "Concrete", "status": "Good", "ward": "N37", "zone": "N04", "source": "Greater Chennai Corporation", "year": "2024", "shedId": "KOSAS"}, "geometry": {"type": "LineString", "coordinates": [[80.26601, 13.13037], [80.2656, 13.12872]]}}, {"type": "Feature", "properties": {"drain_type": "SWD", "material": "Concrete", "status": "Good", "ward": "N37", "zone": "N04", "source": "Greater Chennai Corporation", "year": "2024", "shedId": "KOSAS"}, "geometry": {"type": "LineString", "coordinates": [[80.26473, 13.12927], [80.26466, 13.12897], [80.26561, 13.12881]]}}, {"type": "Feature", "properties": {"drain_type": "SWD", "material": "Concrete", "status": "Good", "ward": "N37", "zone": "N04", "source": "Greater Chennai Corporation", "year": "2024", "shedId": "KOSAS"}, "geometry": {"type": "LineString", "coordinates": [[80.26481, 13.12894], [80.26376, 13.12779], [80.26374, 13.12747]]}}, {"type": "Feature", "properties": {"drain_type": "SWD", "material": "Concrete", "status": "Good", "ward": "N37", "zone": "N04", "source": "Greater Chennai Corporation", "year": "2024", "shedId": "KOSAS"}, "geometry": {"type": "LineString", "coordinates": [[80.26393, 13.1287], [80.26542, 13.12849]]}}, {"type": "Feature", "properties": {"drain_type": "SWD", "material": "Concrete", "status": "Good", "ward": "N37", "zone": "N04", "source": "Greater Chennai Corporation", "year": "2024", "shedId": "KOSAS"}, "geometry": {"type": "LineString", "coordinates": [[80.26792, 13.11953], [80.26804, 13.1269]]}}, {"type": "Feature", "properties": {"drain_type": "SWD", "material": "Concrete", "status": "Good", "ward": "N37", "zone": "N04", "source": "Greater Chennai Corporation", "year": "2024", "shedId": "KOSAS"}, "geometry": {"type": "LineString", "coordinates": [[80.26052, 13.1321], [80.26085, 13.13369]]}}, {"type": "Feature", "properties": {"drain_type": "SWD", "material": "Concrete", "status": "Good", "ward": "N37", "zone": "N04", "source": "Greater Chennai Corporation", "year": "2024", "shedId": "KOSAS"}, "geometry": {"type": "LineString", "coordinates": [[80.26085, 13.13369], [80.26247, 13.13342]]}}, {"type": "Feature", "properties": {"drain_type": "SWD", "material": "Concrete", "status": "Good", "ward": "N37", "zone": "N04", "source": "Greater Chennai Corporation", "year": "2024", "shedId": "KOSAS"}, "geometry": {"type": "LineString", "coordinates": [[80.26217, 13.1325], [80.26254, 13.13352]]}}, {"type": "Feature", "properties": {"drain_type": "SWD", "material": "Concrete", "status": "Good", "ward": "N38", "zone": "N04", "source": "Greater Chennai Corporation", "year": "2024", "shedId": "KOSAS"}, "geometry": {"type": "LineString", "coordinates": [[80.27807, 13.12649], [80.27691, 13.12676], [80.27496, 13.12755]]}}, {"type": "Feature", "properties": {"drain_type": "SWD", "material": "Concrete", "status": "Good", "ward": "N38", "zone": "N04", "source": "Greater Chennai Corporation", "year": "2024", "shedId": "KOSAS"}, "geometry": {"type": "LineString", "coordinates": [[80.27496, 13.12755], [80.27509, 13.12814], [80.27452, 13.12862]]}}, {"type": "Feature", "properties": {"drain_type": "Side Drain", "material": "Concrete", "status": "Bad", "ward": "N38", "zone": "N04", "source": "Greater Chennai Corporation", "year": "2024", "shedId": "KOSAS"}, "geometry": {"type": "LineString", "coordinates": [[80.27444, 13.12836], [80.27484, 13.1298]]}}, {"type": "Feature", "properties": {"drain_type": "SWD", "material": "Concrete", "status": "Good", "ward": "N38", "zone": "N04", "source": "Greater Chennai Corporation", "year": "2024", "shedId": "KOSAS"}, "geometry": {"type": "LineString", "coordinates": [[80.27478, 13.12963], [80.27762, 13.12885]]}}, {"type": "Feature", "properties": {"drain_type": "SWD", "material": "Concrete", "status": "Good", "ward": "N38", "zone": "N04", "source": "Greater Chennai Corporation", "year": "2024", "shedId": "KOSAS"}, "geometry": {"type": "LineString", "coordinates": [[80.27762, 13.12885], [80.27784, 13.12954]]}}, {"type": "Feature", "properties": {"drain_type": "SWD", "material": "Concrete", "status": "Good", "ward": "N38", "zone": "N04", "source": "Greater Chennai Corporation", "year": "2024", "shedId": "KOSAS"}, "geometry": {"type": "LineString", "coordinates": [[80.27722, 13.1297], [80.27784, 13.12954]]}}, {"type": "Feature", "properties": {"drain_type": "SWD", "material": "Concrete", "status": "Good", "ward": "N38", "zone": "N04", "source": "Greater Chennai Corporation", "year": "2024", "shedId": "KOSAS"}, "geometry": {"type": "LineString", "coordinates": [[80.27752, 13.12962], [80.27927, 13.13544]]}}, {"type": "Feature", "properties": {"drain_type": "SWD", "material": "Concrete", "status": "Good", "ward": "N38", "zone": "N04", "source": "Greater Chennai Corporation", "year": "2024", "shedId": "KOSAS"}, "geometry": {"type": "LineString", "coordinates": [[80.27714, 13.12927], [80.27924, 13.13606], [80.27932, 13.1366]]}}, {"type": "Feature", "properties": {"drain_type": "SWD", "material": "Concrete", "status": "Good", "ward": "N38", "zone": "N04", "source": "Greater Chennai Corporation", "year": "2024", "shedId": "KOSAS"}, "geometry": {"type": "LineString", "coordinates": [[80.2764, 13.12924], [80.27833, 13.13563]]}}, {"type": "Feature", "properties": {"drain_type": "SWD", "material": "Concrete", "status": "Good", "ward": "N38", "zone": "N04", "source": "Greater Chennai Corporation", "year": "2024", "shedId": "KOSAS"}, "geometry": {"type": "LineString", "coordinates": [[80.27606, 13.12933], [80.27743, 13.13401], [80.27789, 13.13516]]}}, {"type": "Feature", "properties": {"drain_type": "SWD", "material": "Concrete", "status": "Good", "ward": "N38", "zone": "N04", "source": "Greater Chennai Corporation", "year": "2024", "shedId": "KOSAS"}, "geometry": {"type": "LineString", "coordinates": [[80.2754, 13.12954], [80.27693, 13.13417], [80.28021, 13.1375]]}}, {"type": "Feature", "properties": {"drain_type": "SWD", "material": "Concrete", "status": "Good", "ward": "N38", "zone": "N04", "source": "Greater Chennai Corporation", "year": "2024", "shedId": "KOSAS"}, "geometry": {"type": "LineString", "coordinates": [[80.27702, 13.13676], [80.27808, 13.13604]]}}, {"type": "Feature", "properties": {"drain_type": "SWD", "material": "Concrete", "status": "Good", "ward": "N38", "zone": "N04", "source": "Greater Chennai Corporation", "year": "2024", "shedId": "KOSAS"}, "geometry": {"type": "LineString", "coordinates": [[80.27759, 13.13632], [80.27867, 13.13825], [80.27944, 13.13993]]}}, {"type": "Feature", "properties": {"drain_type": "SWD", "material": "Concrete", "status": "Good", "ward": "N38", "zone": "N04", "source": "Greater Chennai Corporation", "year": "2024", "shedId": "KOSAS"}, "geometry": {"type": "LineString", "coordinates": [[80.27916, 13.13931], [80.28102, 13.13834]]}}, {"type": "Feature", "properties": {"drain_type": "SWD", "material": "Concrete", "status": "Good", "ward": "N38", "zone": "N04", "source": "Greater Chennai Corporation", "year": "2024", "shedId": "KOSAS"}, "geometry": {"type": "LineString", "coordinates": [[80.2799, 13.13895], [80.2802, 13.13969]]}}, {"type": "Feature", "properties": {"drain_type": "SWD", "material": "Concrete", "status": "Good", "ward": "N38", "zone": "N04", "source": "Greater Chennai Corporation", "year": "2024", "shedId": "KOSAS"}, "geometry": {"type": "LineString", "coordinates": [[80.27831, 13.14031], [80.28177, 13.13915]]}}, {"type": "Feature", "properties": {"drain_type": "SWD", "material": "Concrete", "status": "Good", "ward": "N38", "zone": "N04", "source": "Greater Chennai Corporation", "year": "2024", "shedId": "KOSAS"}, "geometry": {"type": "LineString", "coordinates": [[80.27867, 13.13825], [80.28019, 13.1375], [80.2812, 13.1372]]}}, {"type": "Feature", "properties": {"drain_type": "SWD", "material": "Concrete", "status": "Good", "ward": "N38", "zone": "N04", "source": "Greater Chennai Corporation", "year": "2024", "shedId": "KOSAS"}, "geometry": {"type": "LineString", "coordinates": [[80.28162, 13.13053], [80.27962, 13.13111]]}}, {"type": "Feature", "properties": {"drain_type": "SWD", "material": "Concrete", "status": "Good", "ward": "N38", "zone": "N04", "source": "Greater Chennai Corporation", "year": "2024", "shedId": "KOSAS"}, "geometry": {"type": "LineString", "coordinates": [[80.27867, 13.12846], [80.27941, 13.13096]]}}, {"type": "Feature", "properties": {"drain_type": "SWD", "material": "Concrete", "status": "Good", "ward": "N38", "zone": "N04", "source": "Greater Chennai Corporation", "year": "2024", "shedId": "KOSAS"}, "geometry": {"type": "LineString", "coordinates": [[80.27884, 13.12911], [80.28104, 13.12859], [80.28208, 13.12851]]}}, {"type": "Feature", "properties": {"drain_type": "SWD", "material": "Concrete", "status": "Good", "ward": "N38", "zone": "N04", "source": "Greater Chennai Corporation", "year": "2024", "shedId": "KOSAS"}, "geometry": {"type": "LineString", "coordinates": [[80.27939, 13.13005], [80.28136, 13.12948]]}}, {"type": "Feature", "properties": {"drain_type": "SWD", "material": "Concrete", "status": "Good", "ward": "N38", "zone": "N04", "source": "Greater Chennai Corporation", "year": "2024", "shedId": "KOSAS"}, "geometry": {"type": "LineString", "coordinates": [[80.2812, 13.12863], [80.28136, 13.12948]]}}, {"type": "Feature", "properties": {"drain_type": "SWD", "material": "Concrete", "status": "Good", "ward": "N38", "zone": "N04", "source": "Greater Chennai Corporation", "year": "2024", "shedId": "KOSAS"}, "geometry": {"type": "LineString", "coordinates": [[80.27938, 13.12901], [80.27965, 13.12995]]}}, {"type": "Feature", "properties": {"drain_type": "SWD", "material": "Concrete", "status": "Good", "ward": "N38", "zone": "N04", "source": "Greater Chennai Corporation", "year": "2024", "shedId": "KOSAS"}, "geometry": {"type": "LineString", "coordinates": [[80.27954, 13.12958], [80.28126, 13.12908]]}}, {"type": "Feature", "properties": {"drain_type": "Side Drain", "material": "Concrete", "status": "Bad", "ward": "N38", "zone": "N04", "source": "Greater Chennai Corporation", "year": "2024", "shedId": "KOSAS"}, "geometry": {"type": "LineString", "coordinates": [[80.27935, 13.12044], [80.27985, 13.12156], [80.27944, 13.12171], [80.27951, 13.12199], [80.28236, 13.12794], [80.28324, 13.13025]]}}, {"type": "Feature", "properties": {"drain_type": "Side Drain", "material": "Concrete", "status": "Bad", "ward": "N38", "zone": "N04", "source": "Greater Chennai Corporation", "year": "2024", "shedId": "KOSAS"}, "geometry": {"type": "LineString", "coordinates": [[80.28335, 13.13042], [80.28354, 13.13044], [80.28359, 13.13101], [80.28836, 13.14131]]}}, {"type": "Feature", "properties": {"drain_type": "SWD", "material": "Concrete", "status": "Good", "ward": "N38", "zone": "N04", "source": "Greater Chennai Corporation", "year": "2024", "shedId": "KOSAS"}, "geometry": {"type": "LineString", "coordinates": [[80.27965, 13.13979], [80.27967, 13.13985], [80.27967, 13.13986]]}}, {"type": "Feature", "properties": {"drain_type": "SWD", "material": "Concrete", "status": "Good", "ward": "N39", "zone": "N04", "source": "Greater Chennai Corporation", "year": "2024", "shedId": "KOSAS"}, "geometry": {"type": "LineString", "coordinates": [[80.29499, 13.13423], [80.29702, 13.13378]]}}, {"type": "Feature", "properties": {"drain_type": "SWD", "material": "Concrete", "status": "Good", "ward": "N39", "zone": "N04", "source": "Greater Chennai Corporation", "year": "2024", "shedId": "KOSAS"}, "geometry": {"type": "LineString", "coordinates": [[80.29702, 13.13377], [80.29825, 13.13875], [80.2996, 13.14333]]}}, {"type": "Feature", "properties": {"drain_type": "SWD", "material": "Concrete", "status": "Good", "ward": "N39", "zone": "N04", "source": "Greater Chennai Corporation", "year": "2024", "shedId": "KOSAS"}, "geometry": {"type": "LineString", "coordinates": [[80.296, 13.13532], [80.29735, 13.13509]]}}, {"type": "Feature", "properties": {"drain_type": "SWD", "material": "Concrete", "status": "Good", "ward": "N39", "zone": "N04", "source": "Greater Chennai Corporation", "year": "2024", "shedId": "KOSAS"}, "geometry": {"type": "LineString", "coordinates": [[80.29457, 13.13606], [80.29742, 13.13539]]}}, {"type": "Feature", "properties": {"drain_type": "SWD", "material": "Concrete", "status": "Good", "ward": "N39", "zone": "N04", "source": "Greater Chennai Corporation", "year": "2024", "shedId": "KOSAS"}, "geometry": {"type": "LineString", "coordinates": [[80.29597, 13.13684], [80.29769, 13.13651]]}}, {"type": "Feature", "properties": {"drain_type": "SWD", "material": "Concrete", "status": "Good", "ward": "N39", "zone": "N04", "source": "Greater Chennai Corporation", "year": "2024", "shedId": "KOSAS"}, "geometry": {"type": "LineString", "coordinates": [[80.29597, 13.13726], [80.29612, 13.13784], [80.29664, 13.1391]]}}, {"type": "Feature", "properties": {"drain_type": "SWD", "material": "Concrete", "status": "Good", "ward": "N39", "zone": "N04", "source": "Greater Chennai Corporation", "year": "2024", "shedId": "KOSAS"}, "geometry": {"type": "LineString", "coordinates": [[80.29629, 13.13822], [80.29802, 13.13782]]}}, {"type": "Feature", "properties": {"drain_type": "SWD", "material": "Concrete", "status": "Good", "ward": "N39", "zone": "N04", "source": "Greater Chennai Corporation", "year": "2024", "shedId": "KOSAS"}, "geometry": {"type": "LineString", "coordinates": [[80.29528, 13.14021], [80.29863, 13.14]]}}, {"type": "Feature", "properties": {"drain_type": "SWD", "material": "Concrete", "status": "Good", "ward": "N39", "zone": "N04", "source": "Greater Chennai Corporation", "year": "2024", "shedId": "KOSAS"}, "geometry": {"type": "LineString", "coordinates": [[80.29344, 13.13527], [80.29528, 13.14021]]}}, {"type": "Feature", "properties": {"drain_type": "SWD", "material": "Concrete", "status": "Good", "ward": "N39", "zone": "N04", "source": "Greater Chennai Corporation", "year": "2024", "shedId": "KOSAS"}, "geometry": {"type": "LineString", "coordinates": [[80.29367, 13.1387], [80.29451, 13.14157]]}}, {"type": "Feature", "properties": {"drain_type": "SWD", "material": "Concrete", "status": "Good", "ward": "N39", "zone": "N04", "source": "Greater Chennai Corporation", "year": "2024", "shedId": "KOSAS"}, "geometry": {"type": "LineString", "coordinates": [[80.29451, 13.14157], [80.2956, 13.14141]]}}, {"type": "Feature", "properties": {"drain_type": "SWD", "material": "Concrete", "status": "Good", "ward": "N39", "zone": "N04", "source": "Greater Chennai Corporation", "year": "2024", "shedId": "KOSAS"}, "geometry": {"type": "LineString", "coordinates": [[80.29264, 13.13371], [80.29663, 13.14403]]}}, {"type": "Feature", "properties": {"drain_type": "SWD", "material": "Concrete", "status": "Good", "ward": "N39", "zone": "N04", "source": "Greater Chennai Corporation", "year": "2024", "shedId": "KOSAS"}, "geometry": {"type": "LineString", "coordinates": [[80.29663, 13.14403], [80.2996, 13.14333]]}}, {"type": "Feature", "properties": {"drain_type": "SWD", "material": "Concrete", "status": "Good", "ward": "N40", "zone": "N04", "source": "Greater Chennai Corporation", "year": "2024", "shedId": "KOSAS"}, "geometry": {"type": "LineString", "coordinates": [[80.28906, 13.12747], [80.28991, 13.12722], [80.29003, 13.12731], [80.29258, 13.13354]]}}, {"type": "Feature", "properties": {"drain_type": "SWD", "material": "Concrete", "status": "Good", "ward": "N40", "zone": "N04", "source": "Greater Chennai Corporation", "year": "2024", "shedId": "KOSAS"}, "geometry": {"type": "LineString", "coordinates": [[80.28888, 13.12751], [80.28968, 13.12955], [80.28979, 13.13164], [80.28954, 13.13329]]}}, {"type": "Feature", "properties": {"drain_type": "SWD", "material": "Concrete", "status": "Good", "ward": "N40", "zone": "N04", "source": "Greater Chennai Corporation", "year": "2024", "shedId": "KOSAS"}, "geometry": {"type": "LineString", "coordinates": [[80.28954, 13.13329], [80.29061, 13.13651]]}}, {"type": "Feature", "properties": {"drain_type": "SWD", "material": "Concrete", "status": "Good", "ward": "N40", "zone": "N04", "source": "Greater Chennai Corporation", "year": "2024", "shedId": "KOSAS"}, "geometry": {"type": "LineString", "coordinates": [[80.28762, 13.13715], [80.28871, 13.13671], [80.29316, 13.13621], [80.29338, 13.13737]]}}, {"type": "Feature", "properties": {"drain_type": "SWD", "material": "Concrete", "status": "Good", "ward": "N40", "zone": "N04", "source": "Greater Chennai Corporation", "year": "2024", "shedId": "KOSAS"}, "geometry": {"type": "LineString", "coordinates": [[80.28726, 13.13501], [80.28818, 13.13466], [80.28868, 13.13456]]}}, {"type": "Feature", "properties": {"drain_type": "SWD", "material": "Concrete", "status": "Good", "ward": "N40", "zone": "N04", "source": "Greater Chennai Corporation", "year": "2024", "shedId": "KOSAS"}, "geometry": {"type": "LineString", "coordinates": [[80.28637, 13.13451], [80.28765, 13.13418]]}}, {"type": "Feature", "properties": {"drain_type": "SWD", "material": "Concrete", "status": "Good", "ward": "N40", "zone": "N04", "source": "Greater Chennai Corporation", "year": "2024", "shedId": "KOSAS"}, "geometry": {"type": "LineString", "coordinates": [[80.28666, 13.13443], [80.28637, 13.13338]]}}, {"type": "Feature", "properties": {"drain_type": "SWD", "material": "Concrete", "status": "Good", "ward": "N40", "zone": "N04", "source": "Greater Chennai Corporation", "year": "2024", "shedId": "KOSAS"}, "geometry": {"type": "LineString", "coordinates": [[80.28637, 13.13339], [80.28928, 13.13363], [80.28954, 13.13327]]}}, {"type": "Feature", "properties": {"drain_type": "SWD", "material": "Concrete", "status": "Good", "ward": "N40", "zone": "N04", "source": "Greater Chennai Corporation", "year": "2024", "shedId": "KOSAS"}, "geometry": {"type": "LineString", "coordinates": [[80.28567, 13.13163], [80.28978, 13.13124]]}}, {"type": "Feature", "properties": {"drain_type": "SWD", "material": "Concrete", "status": "Good", "ward": "N40", "zone": "N04", "source": "Greater Chennai Corporation", "year": "2024", "shedId": "KOSAS"}, "geometry": {"type": "LineString", "coordinates": [[80.2898, 13.13108], [80.2898, 13.13108], [80.29053, 13.13094]]}}, {"type": "Feature", "properties": {"drain_type": "SWD", "material": "Concrete", "status": "Good", "ward": "N40", "zone": "N04", "source": "Greater Chennai Corporation", "year": "2024", "shedId": "KOSAS"}, "geometry": {"type": "LineString", "coordinates": [[80.28588, 13.13288], [80.28695, 13.13286]]}}, {"type": "Feature", "properties": {"drain_type": "SWD", "material": "Concrete", "status": "Good", "ward": "N40", "zone": "N04", "source": "Greater Chennai Corporation", "year": "2024", "shedId": "KOSAS"}, "geometry": {"type": "LineString", "coordinates": [[80.28695, 13.13286], [80.28684, 13.13152]]}}, {"type": "Feature", "properties": {"drain_type": "SWD", "material": "Concrete", "status": "Good", "ward": "N40", "zone": "N04", "source": "Greater Chennai Corporation", "year": "2024", "shedId": "KOSAS"}, "geometry": {"type": "LineString", "coordinates": [[80.2858, 13.13269], [80.28589, 13.13294]]}}, {"type": "Feature", "properties": {"drain_type": "SWD", "material": "Concrete", "status": "Good", "ward": "N41", "zone": "N04", "source": "Greater Chennai Corporation", "year": "2024", "shedId": "KOSAS"}, "geometry": {"type": "LineString", "coordinates": [[80.27342, 13.12375], [80.27563, 13.12309]]}}, {"type": "Feature", "properties": {"drain_type": "SWD", "material": "Concrete", "status": "Good", "ward": "N41", "zone": "N04", "source": "Greater Chennai Corporation", "year": "2024", "shedId": "KOSAS"}, "geometry": {"type": "LineString", "coordinates": [[80.27354, 13.12426], [80.27577, 13.12368]]}}, {"type": "Feature", "properties": {"drain_type": "SWD", "material": "Concrete", "status": "Good", "ward": "N41", "zone": "N04", "source": "Greater Chennai Corporation", "year": "2024", "shedId": "KOSAS"}, "geometry": {"type": "LineString", "coordinates": [[80.27361, 13.12492], [80.27428, 13.12499], [80.27753, 13.12416]]}}, {"type": "Feature", "properties": {"drain_type": "SWD", "material": "Concrete", "status": "Good", "ward": "N41", "zone": "N04", "source": "Greater Chennai Corporation", "year": "2024", "shedId": "KOSAS"}, "geometry": {"type": "LineString", "coordinates": [[80.27753, 13.12416], [80.27751, 13.12362], [80.27653, 13.1193]]}}, {"type": "Feature", "properties": {"drain_type": "SWD", "material": "Concrete", "status": "Good", "ward": "N41", "zone": "N04", "source": "Greater Chennai Corporation", "year": "2024", "shedId": "KOSAS"}, "geometry": {"type": "LineString", "coordinates": [[80.2765, 13.12105], [80.27688, 13.12096]]}}, {"type": "Feature", "properties": {"drain_type": "SWD", "material": "Concrete", "status": "Good", "ward": "N41", "zone": "N04", "source": "Greater Chennai Corporation", "year": "2024", "shedId": "KOSAS"}, "geometry": {"type": "LineString", "coordinates": [[80.27371, 13.1255], [80.27444, 13.12535]]}}, {"type": "Feature", "properties": {"drain_type": "SWD", "material": "Concrete", "status": "Good", "ward": "N41", "zone": "N04", "source": "Greater Chennai Corporation", "year": "2024", "shedId": "KOSAS"}, "geometry": {"type": "LineString", "coordinates": [[80.27777, 13.12427], [80.27825, 13.12626]]}}, {"type": "Feature", "properties": {"drain_type": "SWD", "material": "Concrete", "status": "Good", "ward": "N41", "zone": "N04", "source": "Greater Chennai Corporation", "year": "2024", "shedId": "KOSAS"}, "geometry": {"type": "LineString", "coordinates": [[80.27837, 13.12682], [80.27931, 13.12659], [80.27974, 13.12671]]}}, {"type": "Feature", "properties": {"drain_type": "SWD", "material": "Concrete", "status": "Good", "ward": "N41", "zone": "N04", "source": "Greater Chennai Corporation", "year": "2024", "shedId": "KOSAS"}, "geometry": {"type": "LineString", "coordinates": [[80.27974, 13.12671], [80.28007, 13.12828]]}}, {"type": "Feature", "properties": {"drain_type": "SWD", "material": "Concrete", "status": "Good", "ward": "N41", "zone": "N04", "source": "Greater Chennai Corporation", "year": "2024", "shedId": "KOSAS"}, "geometry": {"type": "LineString", "coordinates": [[80.27886, 13.12842], [80.28153, 13.12791]]}}, {"type": "Feature", "properties": {"drain_type": "SWD", "material": "Concrete", "status": "Good", "ward": "N41", "zone": "N04", "source": "Greater Chennai Corporation", "year": "2024", "shedId": "KOSAS"}, "geometry": {"type": "LineString", "coordinates": [[80.27989, 13.12746], [80.2809, 13.1273]]}}, {"type": "Feature", "properties": {"drain_type": "SWD", "material": "Concrete", "status": "Good", "ward": "N41", "zone": "N04", "source": "Greater Chennai Corporation", "year": "2024", "shedId": "KOSAS"}, "geometry": {"type": "LineString", "coordinates": [[80.27823, 13.12652], [80.27868, 13.1285]]}}, {"type": "Feature", "properties": {"drain_type": "SWD", "material": "Concrete", "status": "Good", "ward": "N42", "zone": "N04", "source": "Greater Chennai Corporation", "year": "2024", "shedId": "KOSAS"}, "geometry": {"type": "LineString", "coordinates": [[80.28299, 13.1187], [80.28313, 13.11939], [80.28291, 13.11947], [80.28289, 13.11972]]}}, {"type": "Feature", "properties": {"drain_type": "SWD", "material": "Concrete", "status": "Good", "ward": "N42", "zone": "N04", "source": "Greater Chennai Corporation", "year": "2024", "shedId": "KOSAS"}, "geometry": {"type": "LineString", "coordinates": [[80.28372, 13.12248], [80.28641, 13.12129]]}}, {"type": "Feature", "properties": {"drain_type": "SWD", "material": "Concrete", "status": "Good", "ward": "N42", "zone": "N04", "source": "Greater Chennai Corporation", "year": "2024", "shedId": "KOSAS"}, "geometry": {"type": "LineString", "coordinates": [[80.28558, 13.12083], [80.28611, 13.12065]]}}, {"type": "Feature", "properties": {"drain_type": "SWD", "material": "Concrete", "status": "Good", "ward": "N42", "zone": "N04", "source": "Greater Chennai Corporation", "year": "2024", "shedId": "KOSAS"}, "geometry": {"type": "LineString", "coordinates": [[80.2837, 13.12023], [80.2846, 13.12019]]}}, {"type": "Feature", "properties": {"drain_type": "SWD", "material": "Concrete", "status": "Good", "ward": "N42", "zone": "N04", "source": "Greater Chennai Corporation", "year": "2024", "shedId": "KOSAS"}, "geometry": {"type": "LineString", "coordinates": [[80.28396, 13.1197], [80.28544, 13.11928]]}}, {"type": "Feature", "properties": {"drain_type": "SWD", "material": "Concrete", "status": "Good", "ward": "N42", "zone": "N04", "source": "Greater Chennai Corporation", "year": "2024", "shedId": "KOSAS"}, "geometry": {"type": "LineString", "coordinates": [[80.28467, 13.1192], [80.28477, 13.11947], [80.28478, 13.11951]]}}, {"type": "Feature", "properties": {"drain_type": "SWD", "material": "Concrete", "status": "Good", "ward": "N42", "zone": "N04", "source": "Greater Chennai Corporation", "year": "2024", "shedId": "KOSAS"}, "geometry": {"type": "LineString", "coordinates": [[80.28388, 13.11895], [80.28434, 13.11887], [80.28507, 13.11852]]}}, {"type": "Feature", "properties": {"drain_type": "SWD", "material": "Concrete", "status": "Good", "ward": "N42", "zone": "N04", "source": "Greater Chennai Corporation", "year": "2024", "shedId": "KOSAS"}, "geometry": {"type": "LineString", "coordinates": [[80.28437, 13.12406], [80.28734, 13.12344]]}}, {"type": "Feature", "properties": {"drain_type": "SWD", "material": "Concrete", "status": "Good", "ward": "N42", "zone": "N04", "source": "Greater Chennai Corporation", "year": "2024", "shedId": "KOSAS"}, "geometry": {"type": "LineString", "coordinates": [[80.28485, 13.12706], [80.28774, 13.12627], [80.28816, 13.12608]]}}, {"type": "Feature", "properties": {"drain_type": "SWD", "material": "Concrete", "status": "Good", "ward": "N42", "zone": "N04", "source": "Greater Chennai Corporation", "year": "2024", "shedId": "KOSAS"}, "geometry": {"type": "LineString", "coordinates": [[80.28887, 13.12752], [80.2876, 13.1247], [80.28739, 13.12357], [80.28691, 13.12237], [80.28481, 13.11805], [80.28404, 13.11689]]}}, {"type": "Feature", "properties": {"drain_type": "SWD", "material": "Concrete", "status": "Good", "ward": "N043", "zone": "N04", "source": "Greater Chennai Corporation", "year": "2024", "shedId": "KOSAS"}, "geometry": {"type": "LineString", "coordinates": [[80.28804, 13.12335], [80.28872, 13.12315], [80.28867, 13.12296], [80.28945, 13.12282], [80.29159, 13.12278]]}}, {"type": "Feature", "properties": {"drain_type": "SWD", "material": "Concrete", "status": "Good", "ward": "N043", "zone": "N04", "source": "Greater Chennai Corporation", "year": "2024", "shedId": "KOSAS"}, "geometry": {"type": "LineString", "coordinates": [[80.29162, 13.12266], [80.29152, 13.12315], [80.29177, 13.12539]]}}, {"type": "Feature", "properties": {"drain_type": "SWD", "material": "Concrete", "status": "Good", "ward": "N043", "zone": "N04", "source": "Greater Chennai Corporation", "year": "2024", "shedId": "KOSAS"}, "geometry": {"type": "LineString", "coordinates": [[80.29177, 13.12539], [80.29119, 13.1258], [80.2909, 13.12633], [80.29086, 13.12762]]}}, {"type": "Feature", "properties": {"drain_type": "SWD", "material": "Concrete", "status": "Good", "ward": "N043", "zone": "N04", "source": "Greater Chennai Corporation", "year": "2024", "shedId": "KOSAS"}, "geometry": {"type": "LineString", "coordinates": [[80.29216, 13.12536], [80.29242, 13.12641]]}}, {"type": "Feature", "properties": {"drain_type": "SWD", "material": "Concrete", "status": "Good", "ward": "N043", "zone": "N04", "source": "Greater Chennai Corporation", "year": "2024", "shedId": "KOSAS"}, "geometry": {"type": "LineString", "coordinates": [[80.29259, 13.1225], [80.29285, 13.12207], [80.29388, 13.12183]]}}, {"type": "Feature", "properties": {"drain_type": "SWD", "material": "Concrete", "status": "Good", "ward": "N043", "zone": "N04", "source": "Greater Chennai Corporation", "year": "2024", "shedId": "KOSAS"}, "geometry": {"type": "LineString", "coordinates": [[80.29259, 13.1225], [80.29278, 13.1235]]}}, {"type": "Feature", "properties": {"drain_type": "SWD", "material": "Concrete", "status": "Good", "ward": "N043", "zone": "N04", "source": "Greater Chennai Corporation", "year": "2024", "shedId": "KOSAS"}, "geometry": {"type": "LineString", "coordinates": [[80.29385, 13.12172], [80.29469, 13.12545], [80.29639, 13.13147]]}}, {"type": "Feature", "properties": {"drain_type": "SWD", "material": "Concrete", "status": "Good", "ward": "N043", "zone": "N04", "source": "Greater Chennai Corporation", "year": "2024", "shedId": "KOSAS"}, "geometry": {"type": "LineString", "coordinates": [[80.29399, 13.12162], [80.29479, 13.12531]]}}, {"type": "Feature", "properties": {"drain_type": "SWD", "material": "Concrete", "status": "Good", "ward": "N043", "zone": "N04", "source": "Greater Chennai Corporation", "year": "2024", "shedId": "KOSAS"}, "geometry": {"type": "LineString", "coordinates": [[80.29416, 13.1251], [80.29177, 13.12539]]}}, {"type": "Feature", "properties": {"drain_type": "SWD", "material": "Concrete", "status": "Good", "ward": "N043", "zone": "N04", "source": "Greater Chennai Corporation", "year": "2024", "shedId": "KOSAS"}, "geometry": {"type": "LineString", "coordinates": [[80.29162, 13.12266], [80.29259, 13.1225]]}}, {"type": "Feature", "properties": {"drain_type": "SWD", "material": "Concrete", "status": "Good", "ward": "N044", "zone": "N04", "source": "Greater Chennai Corporation", "year": "2024", "shedId": "KOSAS"}, "geometry": {"type": "LineString", "coordinates": [[80.24436, 13.11573], [80.24393, 13.11437], [80.2437, 13.11309]]}}, {"type": "Feature", "properties": {"drain_type": "SWD", "material": "Concrete", "status": "Good", "ward": "N044", "zone": "N04", "source": "Greater Chennai Corporation", "year": "2024", "shedId": "KOSAS"}, "geometry": {"type": "LineString", "coordinates": [[80.2437, 13.11309], [80.24625, 13.11299]]}}, {"type": "Feature", "properties": {"drain_type": "SWD", "material": "Concrete", "status": "Good", "ward": "N044", "zone": "N04", "source": "Greater Chennai Corporation", "year": "2024", "shedId": "KOSAS"}, "geometry": {"type": "LineString", "coordinates": [[80.24625, 13.11299], [80.24628, 13.11364], [80.24644, 13.11407]]}}, {"type": "Feature", "properties": {"drain_type": "SWD", "material": "Concrete", "status": "Good", "ward": "N044", "zone": "N04", "source": "Greater Chennai Corporation", "year": "2024", "shedId": "KOSAS"}, "geometry": {"type": "LineString", "coordinates": [[80.24644, 13.11407], [80.24746, 13.11392], [80.24788, 13.11351]]}}, {"type": "Feature", "properties": {"drain_type": "SWD", "material": "Concrete", "status": "Good", "ward": "N044", "zone": "N04", "source": "Greater Chennai Corporation", "year": "2024", "shedId": "KOSAS"}, "geometry": {"type": "LineString", "coordinates": [[80.24788, 13.11351], [80.24775, 13.11327], [80.24758, 13.11298]]}}, {"type": "Feature", "properties": {"drain_type": "SWD", "material": "Concrete", "status": "Good", "ward": "N044", "zone": "N04", "source": "Greater Chennai Corporation", "year": "2024", "shedId": "KOSAS"}, "geometry": {"type": "LineString", "coordinates": [[80.24439, 13.11581], [80.24555, 13.11585], [80.24806, 13.11538]]}}, {"type": "Feature", "properties": {"drain_type": "SWD", "material": "Concrete", "status": "Good", "ward": "N044", "zone": "N04", "source": "Greater Chennai Corporation", "year": "2024", "shedId": "KOSAS"}, "geometry": {"type": "LineString", "coordinates": [[80.24594, 13.11578], [80.24644, 13.11902]]}}, {"type": "Feature", "properties": {"drain_type": "SWD", "material": "Concrete", "status": "Good", "ward": "N044", "zone": "N04", "source": "Greater Chennai Corporation", "year": "2024", "shedId": "KOSAS"}, "geometry": {"type": "LineString", "coordinates": [[80.24644, 13.11902], [80.24871, 13.11879]]}}, {"type": "Feature", "properties": {"drain_type": "SWD", "material": "Concrete", "status": "Good", "ward": "N044", "zone": "N04", "source": "Greater Chennai Corporation", "year": "2024", "shedId": "KOSAS"}, "geometry": {"type": "LineString", "coordinates": [[80.2468, 13.11561], [80.24725, 13.11895]]}}, {"type": "Feature", "properties": {"drain_type": "SWD", "material": "Concrete", "status": "Good", "ward": "N044", "zone": "N04", "source": "Greater Chennai Corporation", "year": "2024", "shedId": "KOSAS"}, "geometry": {"type": "LineString", "coordinates": [[80.24734, 13.11551], [80.24781, 13.11889]]}}, {"type": "Feature", "properties": {"drain_type": "SWD", "material": "Concrete", "status": "Good", "ward": "N044", "zone": "N04", "source": "Greater Chennai Corporation", "year": "2024", "shedId": "KOSAS"}, "geometry": {"type": "LineString", "coordinates": [[80.24782, 13.11889], [80.24842, 13.12211]]}}, {"type": "Feature", "properties": {"drain_type": "SWD", "material": "Concrete", "status": "Good", "ward": "N044", "zone": "N04", "source": "Greater Chennai Corporation", "year": "2024", "shedId": "KOSAS"}, "geometry": {"type": "LineString", "coordinates": [[80.24842, 13.11943], [80.24787, 13.11541]]}}, {"type": "Feature", "properties": {"drain_type": "SWD", "material": "Concrete", "status": "Good", "ward": "N044", "zone": "N04", "source": "Greater Chennai Corporation", "year": "2024", "shedId": "KOSAS"}, "geometry": {"type": "LineString", "coordinates": [[80.24839, 13.11542], [80.24886, 13.11877]]}}, {"type": "Feature", "properties": {"drain_type": "SWD", "material": "Concrete", "status": "Good", "ward": "N044", "zone": "N04", "source": "Greater Chennai Corporation", "year": "2024", "shedId": "KOSAS"}, "geometry": {"type": "LineString", "coordinates": [[80.24886, 13.11877], [80.24968, 13.11869]]}}, {"type": "Feature", "properties": {"drain_type": "SWD", "material": "Concrete", "status": "Good", "ward": "N044", "zone": "N04", "source": "Greater Chennai Corporation", "year": "2024", "shedId": "KOSAS"}, "geometry": {"type": "LineString", "coordinates": [[80.24917, 13.11857], [80.24873, 13.11545]]}}, {"type": "Feature", "properties": {"drain_type": "SWD", "material": "Concrete", "status": "Good", "ward": "N044", "zone": "N04", "source": "Greater Chennai Corporation", "year": "2024", "shedId": "KOSAS"}, "geometry": {"type": "LineString", "coordinates": [[80.24928, 13.11548], [80.24972, 13.11875]]}}, {"type": "Feature", "properties": {"drain_type": "SWD", "material": "Concrete", "status": "Good", "ward": "N044", "zone": "N04", "source": "Greater Chennai Corporation", "year": "2024", "shedId": "KOSAS"}, "geometry": {"type": "LineString", "coordinates": [[80.24979, 13.11921], [80.25015, 13.12103]]}}, {"type": "Feature", "properties": {"drain_type": "SWD", "material": "Concrete", "status": "Good", "ward": "N044", "zone": "N04", "source": "Greater Chennai Corporation", "year": "2024", "shedId": "KOSAS"}, "geometry": {"type": "LineString", "coordinates": [[80.24877, 13.11885], [80.24914, 13.12103]]}}, {"type": "Feature", "properties": {"drain_type": "SWD", "material": "Concrete", "status": "Good", "ward": "N044", "zone": "N04", "source": "Greater Chennai Corporation", "year": "2024", "shedId": "KOSAS"}, "geometry": {"type": "LineString", "coordinates": [[80.24445, 13.11664], [80.24496, 13.11915]]}}, {"type": "Feature", "properties": {"drain_type": "SWD", "material": "Concrete", "status": "Good", "ward": "N044", "zone": "N04", "source": "Greater Chennai Corporation", "year": "2024", "shedId": "KOSAS"}, "geometry": {"type": "LineString", "coordinates": [[80.25141, 13.11572], [80.2518, 13.11837]]}}, {"type": "Feature", "properties": {"drain_type": "SWD", "material": "Concrete", "status": "Good", "ward": "N044", "zone": "N04", "source": "Greater Chennai Corporation", "year": "2024", "shedId": "KOSAS"}, "geometry": {"type": "LineString", "coordinates": [[80.25084, 13.11895], [80.25119, 13.12047]]}}, {"type": "Feature", "properties": {"drain_type": "SWD", "material": "Concrete", "status": "Good", "ward": "N044", "zone": "N04", "source": "Greater Chennai Corporation", "year": "2024", "shedId": "KOSAS"}, "geometry": {"type": "LineString", "coordinates": [[80.25103, 13.11981], [80.25184, 13.11961]]}}, {"type": "Feature", "properties": {"drain_type": "SWD", "material": "Concrete", "status": "Good", "ward": "N044", "zone": "N04", "source": "Greater Chennai Corporation", "year": "2024", "shedId": "KOSAS"}, "geometry": {"type": "LineString", "coordinates": [[80.25026, 13.11568], [80.25048, 13.11764]]}}, {"type": "Feature", "properties": {"drain_type": "SWD", "material": "Concrete", "status": "Good", "ward": "N044", "zone": "N04", "source": "Greater Chennai Corporation", "year": "2024", "shedId": "KOSAS"}, "geometry": {"type": "LineString", "coordinates": [[80.25044, 13.11729], [80.25165, 13.11715]]}}, {"type": "Feature", "properties": {"drain_type": "SWD", "material": "Concrete", "status": "Good", "ward": "N044", "zone": "N04", "source": "Greater Chennai Corporation", "year": "2024", "shedId": "KOSAS"}, "geometry": {"type": "LineString", "coordinates": [[80.25028, 13.11585], [80.25141, 13.11572]]}}, {"type": "Feature", "properties": {"drain_type": "SWD", "material": "Concrete", "status": "Good", "ward": "N044", "zone": "N04", "source": "Greater Chennai Corporation", "year": "2024", "shedId": "KOSAS"}, "geometry": {"type": "LineString", "coordinates": [[80.2518, 13.11837], [80.25184, 13.11961]]}}, {"type": "Feature", "properties": {"drain_type": "SWD", "material": "Concrete", "status": "Good", "ward": "N044", "zone": "N04", "source": "Greater Chennai Corporation", "year": "2024", "shedId": "KOSAS"}, "geometry": {"type": "LineString", "coordinates": [[80.24972, 13.11875], [80.2498, 13.11912], [80.2498, 13.11916]]}}, {"type": "Feature", "properties": {"drain_type": "SWD", "material": "Concrete", "status": "Good", "ward": "N044", "zone": "N04", "source": "Greater Chennai Corporation", "year": "2024", "shedId": "KOSAS"}, "geometry": {"type": "LineString", "coordinates": [[80.24879, 13.12114], [80.24888, 13.12157], [80.2489, 13.12165]]}}, {"type": "Feature", "properties": {"drain_type": "SWD", "material": "Concrete", "status": "Good", "ward": "N044", "zone": "N04", "source": "Greater Chennai Corporation", "year": "2024", "shedId": "KOSAS"}, "geometry": {"type": "LineString", "coordinates": [[80.24914, 13.12103], [80.24879, 13.12114]]}}, {"type": "Feature", "properties": {"drain_type": "SWD", "material": "Concrete", "status": "Good", "ward": "N044", "zone": "N04", "source": "Greater Chennai Corporation", "year": "2024", "shedId": "KOSAS"}, "geometry": {"type": "LineString", "coordinates": [[80.24784, 13.11355], [80.24798, 13.11529]]}}, {"type": "Feature", "properties": {"drain_type": "SWD", "material": "Concrete", "status": "Good", "ward": "N045", "zone": "N04", "source": "Greater Chennai Corporation", "year": "2024", "shedId": "KOSAS"}, "geometry": {"type": "LineString", "coordinates": [[80.25283, 13.11438], [80.2549, 13.11396], [80.25707, 13.11321], [80.25956, 13.11331]]}}, {"type": "Feature", "properties": {"drain_type": "SWD", "material": "Concrete", "status": "Good", "ward": "N045", "zone": "N04", "source": "Greater Chennai Corporation", "year": "2024", "shedId": "KOSAS"}, "geometry": {"type": "LineString", "coordinates": [[80.25956, 13.11331], [80.25967, 13.10984]]}}, {"type": "Feature", "properties": {"drain_type": "SWD", "material": "Concrete", "status": "Good", "ward": "N045", "zone": "N04", "source": "Greater Chennai Corporation", "year": "2024", "shedId": "KOSAS"}, "geometry": {"type": "LineString", "coordinates": [[80.25596, 13.11362], [80.25593, 13.11178]]}}, {"type": "Feature", "properties": {"drain_type": "SWD", "material": "Concrete", "status": "Good", "ward": "N045", "zone": "N04", "source": "Greater Chennai Corporation", "year": "2024", "shedId": "KOSAS"}, "geometry": {"type": "LineString", "coordinates": [[80.2572, 13.11319], [80.25727, 13.10991]]}}, {"type": "Feature", "properties": {"drain_type": "SWD", "material": "Concrete", "status": "Good", "ward": "N045", "zone": "N04", "source": "Greater Chennai Corporation", "year": "2024", "shedId": "KOSAS"}, "geometry": {"type": "LineString", "coordinates": [[80.25723, 13.11119], [80.25818, 13.11123], [80.25818, 13.1109]]}}, {"type": "Feature", "properties": {"drain_type": "Side Drain", "material": "Concrete", "status": "Good", "ward": "N045", "zone": "N04", "source": "Greater Chennai Corporation", "year": "2024", "shedId": "KOSAS"}, "geometry": {"type": "LineString", "coordinates": [[80.25724, 13.1109], [80.25663, 13.11092]]}}, {"type": "Feature", "properties": {"drain_type": "Side Drain", "material": "Concrete", "status": "Good", "ward": "N045", "zone": "N04", "source": "Greater Chennai Corporation", "year": "2024", "shedId": "KOSAS"}, "geometry": {"type": "LineString", "coordinates": [[80.25663, 13.11092], [80.25664, 13.11156]]}}, {"type": "Feature", "properties": {"drain_type": "Side Drain", "material": "Concrete", "status": "Good", "ward": "N045", "zone": "N04", "source": "Greater Chennai Corporation", "year": "2024", "shedId": "KOSAS"}, "geometry": {"type": "LineString", "coordinates": [[80.25664, 13.11156], [80.25722, 13.11156]]}}, {"type": "Feature", "properties": {"drain_type": "SWD", "material": "Concrete", "status": "Good", "ward": "N045", "zone": "N04", "source": "Greater Chennai Corporation", "year": "2024", "shedId": "KOSAS"}, "geometry": {"type": "LineString", "coordinates": [[80.25663, 13.11127], [80.25723, 13.11127]]}}, {"type": "Feature", "properties": {"drain_type": "Side Drain", "material": "Concrete", "status": "Good", "ward": "N045", "zone": "N04", "source": "Greater Chennai Corporation", "year": "2024", "shedId": "KOSAS"}, "geometry": {"type": "LineString", "coordinates": [[80.25593, 13.11195], [80.25722, 13.11194]]}}, {"type": "Feature", "properties": {"drain_type": "Side Drain", "material": "Concrete", "status": "Good", "ward": "N045", "zone": "N04", "source": "Greater Chennai Corporation", "year": "2024", "shedId": "KOSAS"}, "geometry": {"type": "LineString", "coordinates": [[80.25594, 13.11241], [80.25719, 13.11243]]}}, {"type": "Feature", "properties": {"drain_type": "Side Drain", "material": "Concrete", "status": "Good", "ward": "N045", "zone": "N04", "source": "Greater Chennai Corporation", "year": "2024", "shedId": "KOSAS"}, "geometry": {"type": "LineString", "coordinates": [[80.25595, 13.11286], [80.25718, 13.11287]]}}, {"type": "Feature", "properties": {"drain_type": "SWD", "material": "Concrete", "status": "Good", "ward": "N045", "zone": "N04", "source": "Greater Chennai Corporation", "year": "2024", "shedId": "KOSAS"}, "geometry": {"type": "LineString", "coordinates": [[80.25234, 13.10869], [80.25729, 13.1093]]}}, {"type": "Feature", "properties": {"drain_type": "SWD", "material": "Concrete", "status": "Good", "ward": "N045", "zone": "N04", "source": "Greater Chennai Corporation", "year": "2024", "shedId": "KOSAS"}, "geometry": {"type": "LineString", "coordinates": [[80.25257, 13.10872], [80.25283, 13.11438]]}}, {"type": "Feature", "properties": {"drain_type": "SWD", "material": "Concrete", "status": "Good", "ward": "N045", "zone": "N04", "source": "Greater Chennai Corporation", "year": "2024", "shedId": "KOSAS"}, "geometry": {"type": "LineString", "coordinates": [[80.25275, 13.11274], [80.25375, 13.11273]]}}, {"type": "Feature", "properties": {"drain_type": "SWD", "material": "Concrete", "status": "Good", "ward": "N045", "zone": "N04", "source": "Greater Chennai Corporation", "year": "2024", "shedId": "KOSAS"}, "geometry": {"type": "LineString", "coordinates": [[80.25378, 13.11208], [80.25273, 13.11211]]}}, {"type": "Feature", "properties": {"drain_type": "SWD", "material": "Concrete", "status": "Good", "ward": "N045", "zone": "N04", "source": "Greater Chennai Corporation", "year": "2024", "shedId": "KOSAS"}, "geometry": {"type": "LineString", "coordinates": [[80.2527, 13.11142], [80.25377, 13.11143]]}}, {"type": "Feature", "properties": {"drain_type": "SWD", "material": "Concrete", "status": "Good", "ward": "N045", "zone": "N04", "source": "Greater Chennai Corporation", "year": "2024", "shedId": "KOSAS"}, "geometry": {"type": "LineString", "coordinates": [[80.25341, 13.11213], [80.2534, 13.11273]]}}, {"type": "Feature", "properties": {"drain_type": "SWD", "material": "Concrete", "status": "Good", "ward": "N045", "zone": "N04", "source": "Greater Chennai Corporation", "year": "2024", "shedId": "KOSAS"}, "geometry": {"type": "LineString", "coordinates": [[80.25334, 13.11274], [80.25343, 13.11417]]}}, {"type": "Feature", "properties": {"drain_type": "SWD", "material": "Concrete", "status": "Good", "ward": "N045", "zone": "N04", "source": "Greater Chennai Corporation", "year": "2024", "shedId": "KOSAS"}, "geometry": {"type": "LineString", "coordinates": [[80.25412, 13.11299], [80.25424, 13.11405]]}}, {"type": "Feature", "properties": {"drain_type": "SWD", "material": "Concrete", "status": "Good", "ward": "N045", "zone": "N04", "source": "Greater Chennai Corporation", "year": "2024", "shedId": "KOSAS"}, "geometry": {"type": "LineString", "coordinates": [[80.25722, 13.10931], [80.25738, 13.10964], [80.25973, 13.10977]]}}, {"type": "Feature", "properties": {"drain_type": "SWD", "material": "Concrete", "status": "Good", "ward": "N045", "zone": "N04", "source": "Greater Chennai Corporation", "year": "2024", "shedId": "KOSAS"}, "geometry": {"type": "LineString", "coordinates": [[80.25726, 13.10942], [80.25724, 13.10973], [80.25968, 13.10984]]}}, {"type": "Feature", "properties": {"drain_type": "SWD", "material": "Concrete", "status": "Good", "ward": "N045", "zone": "N04", "source": "Greater Chennai Corporation", "year": "2024", "shedId": "KOSAS"}, "geometry": {"type": "LineString", "coordinates": [[80.25574, 13.11371], [80.25605, 13.11508], [80.25602, 13.11622], [80.25585, 13.11662]]}}, {"type": "Feature", "properties": {"drain_type": "SWD", "material": "Concrete", "status": "Good", "ward": "N045", "zone": "N04", "source": "Greater Chennai Corporation", "year": "2024", "shedId": "KOSAS"}, "geometry": {"type": "LineString", "coordinates": [[80.25586, 13.11662], [80.25436, 13.11656], [80.2528, 13.11631]]}}, {"type": "Feature", "properties": {"drain_type": "SWD", "material": "Concrete", "status": "Good", "ward": "N045", "zone": "N04", "source": "Greater Chennai Corporation", "year": "2024", "shedId": "KOSAS"}, "geometry": {"type": "LineString", "coordinates": [[80.2528, 13.11631], [80.25272, 13.11485], [80.2526, 13.11469], [80.2529, 13.11446]]}}, {"type": "Feature", "properties": {"drain_type": "SWD", "material": "Concrete", "status": "Good", "ward": "N045", "zone": "N04", "source": "Greater Chennai Corporation", "year": "2024", "shedId": "KOSAS"}, "geometry": {"type": "LineString", "coordinates": [[80.25906, 13.11423], [80.25938, 13.11454], [80.25957, 13.11575], [80.25953, 13.11828]]}}, {"type": "Feature", "properties": {"drain_type": "SWD", "material": "Concrete", "status": "Good", "ward": "N045", "zone": "N04", "source": "Greater Chennai Corporation", "year": "2024", "shedId": "KOSAS"}, "geometry": {"type": "LineString", "coordinates": [[80.25976, 13.11344], [80.25897, 13.11431], [80.25592, 13.11667], [80.25601, 13.11761], [80.25689, 13.11818], [80.25703, 13.11846]]}}, {"type": "Feature", "properties": {"drain_type": "SWD", "material": "Concrete", "status": "Good", "ward": "N045", "zone": "N04", "source": "Greater Chennai Corporation", "year": "2024", "shedId": "KOSAS"}, "geometry": {"type": "LineString", "coordinates": [[80.25957, 13.11326], [80.26008, 13.11363], [80.26113, 13.11387], [80.26148, 13.11418]]}}, {"type": "Feature", "properties": {"drain_type": "SWD", "material": "Concrete", "status": "Good", "ward": "N045", "zone": "N04", "source": "Greater Chennai Corporation", "year": "2024", "shedId": "KOSAS"}, "geometry": {"type": "LineString", "coordinates": [[80.2614, 13.11312], [80.26129, 13.11396]]}}, {"type": "Feature", "properties": {"drain_type": "SWD", "material": "Concrete", "status": "Good", "ward": "N045", "zone": "N04", "source": "Greater Chennai Corporation", "year": "2024", "shedId": "KOSAS"}, "geometry": {"type": "LineString", "coordinates": [[80.25964, 13.11124], [80.26145, 13.11111]]}}, {"type": "Feature", "properties": {"drain_type": "SWD", "material": "Concrete", "status": "Good", "ward": "N045", "zone": "N04", "source": "Greater Chennai Corporation", "year": "2024", "shedId": "KOSAS"}, "geometry": {"type": "LineString", "coordinates": [[80.26145, 13.11111], [80.26153, 13.11136], [80.26159, 13.11249]]}}, {"type": "Feature", "properties": {"drain_type": "SWD", "material": "Concrete", "status": "Good", "ward": "N045", "zone": "N04", "source": "Greater Chennai Corporation", "year": "2024", "shedId": "KOSAS"}, "geometry": {"type": "LineString", "coordinates": [[80.26232, 13.11059], [80.26449, 13.11032], [80.26529, 13.11055], [80.26561, 13.11081]]}}, {"type": "Feature", "properties": {"drain_type": "SWD", "material": "Concrete", "status": "Good", "ward": "N045", "zone": "N04", "source": "Greater Chennai Corporation", "year": "2024", "shedId": "KOSAS"}, "geometry": {"type": "LineString", "coordinates": [[80.26311, 13.11055], [80.26462, 13.1104]]}}, {"type": "Feature", "properties": {"drain_type": "SWD", "material": "Concrete", "status": "Good", "ward": "N045", "zone": "N04", "source": "Greater Chennai Corporation", "year": "2024", "shedId": "KOSAS"}, "geometry": {"type": "LineString", "coordinates": [[80.25973, 13.10977], [80.26189, 13.10999]]}}, {"type": "Feature", "properties": {"drain_type": "SWD", "material": "Concrete", "status": "Good", "ward": "N47", "zone": "N04", "source": "Greater Chennai Corporation", "year": "2024", "shedId": "KOSAS"}, "geometry": {"type": "LineString", "coordinates": [[80.27177, 13.11761], [80.27295, 13.11793], [80.27548, 13.11904]]}}, {"type": "Feature", "properties": {"drain_type": "SWD", "material": "Concrete", "status": "Good", "ward": "N47", "zone": "N04", "source": "Greater Chennai Corporation", "year": "2024", "shedId": "KOSAS"}, "geometry": {"type": "LineString", "coordinates": [[80.27645, 13.11884], [80.27548, 13.11904]]}}, {"type": "Feature", "properties": {"drain_type": "SWD", "material": "Concrete", "status": "Good", "ward": "N47", "zone": "N04", "source": "Greater Chennai Corporation", "year": "2024", "shedId": "KOSAS"}, "geometry": {"type": "LineString", "coordinates": [[80.27651, 13.11909], [80.276, 13.1167], [80.27584, 13.11671]]}}, {"type": "Feature", "properties": {"drain_type": "SWD", "material": "Concrete", "status": "Good", "ward": "N47", "zone": "N04", "source": "Greater Chennai Corporation", "year": "2024", "shedId": "KOSAS"}, "geometry": {"type": "LineString", "coordinates": [[80.27584, 13.11672], [80.27525, 13.11573], [80.27506, 13.1157]]}}, {"type": "Feature", "properties": {"drain_type": "SWD", "material": "Concrete", "status": "Good", "ward": "N47", "zone": "N04", "source": "Greater Chennai Corporation", "year": "2024", "shedId": "KOSAS"}, "geometry": {"type": "LineString", "coordinates": [[80.2755, 13.11615], [80.27581, 13.11607], [80.27604, 13.11616]]}}, {"type": "Feature", "properties": {"drain_type": "SWD", "material": "Concrete", "status": "Good", "ward": "N47", "zone": "N04", "source": "Greater Chennai Corporation", "year": "2024", "shedId": "KOSAS"}, "geometry": {"type": "LineString", "coordinates": [[80.27383, 13.11789], [80.27493, 13.11782], [80.27617, 13.11758]]}}, {"type": "Feature", "properties": {"drain_type": "SWD", "material": "Concrete", "status": "Good", "ward": "N47", "zone": "N04", "source": "Greater Chennai Corporation", "year": "2024", "shedId": "KOSAS"}, "geometry": {"type": "LineString", "coordinates": [[80.27669, 13.11905], [80.27817, 13.11873]]}}, {"type": "Feature", "properties": {"drain_type": "SWD", "material": "Concrete", "status": "Good", "ward": "N47", "zone": "N04", "source": "Greater Chennai Corporation", "year": "2024", "shedId": "KOSAS"}, "geometry": {"type": "LineString", "coordinates": [[80.27821, 13.1188], [80.27723, 13.1163], [80.27705, 13.11505], [80.27717, 13.11434]]}}, {"type": "Feature", "properties": {"drain_type": "SWD", "material": "Concrete", "status": "Good", "ward": "N47", "zone": "N04", "source": "Greater Chennai Corporation", "year": "2024", "shedId": "KOSAS"}, "geometry": {"type": "LineString", "coordinates": [[80.2771, 13.11507], [80.27742, 13.11515], [80.27937, 13.11505]]}}, {"type": "Feature", "properties": {"drain_type": "SWD", "material": "Concrete", "status": "Good", "ward": "N47", "zone": "N04", "source": "Greater Chennai Corporation", "year": "2024", "shedId": "KOSAS"}, "geometry": {"type": "LineString", "coordinates": [[80.27717, 13.11434], [80.27772, 13.11446], [80.27902, 13.11455]]}}, {"type": "Feature", "properties": {"drain_type": "SWD", "material": "Concrete", "status": "Good", "ward": "N47", "zone": "N04", "source": "Greater Chennai Corporation", "year": "2024", "shedId": "KOSAS"}, "geometry": {"type": "LineString", "coordinates": [[80.27747, 13.11709], [80.27982, 13.11663]]}}, {"type": "Feature", "properties": {"drain_type": "SWD", "material": "Concrete", "status": "Good", "ward": "N47", "zone": "N04", "source": "Greater Chennai Corporation", "year": "2024", "shedId": "KOSAS"}, "geometry": {"type": "LineString", "coordinates": [[80.27793, 13.11821], [80.2802, 13.11773]]}}, {"type": "Feature", "properties": {"drain_type": "SWD", "material": "Concrete", "status": "Good", "ward": "N47", "zone": "N04", "source": "Greater Chennai Corporation", "year": "2024", "shedId": "KOSAS"}, "geometry": {"type": "LineString", "coordinates": [[80.2782, 13.1188], [80.28023, 13.11835]]}}, {"type": "Feature", "properties": {"drain_type": "SWD", "material": "Concrete", "status": "Good", "ward": "N47", "zone": "N04", "source": "Greater Chennai Corporation", "year": "2024", "shedId": "KOSAS"}, "geometry": {"type": "LineString", "coordinates": [[80.28042, 13.11824], [80.28019, 13.11769]]}}, {"type": "Feature", "properties": {"drain_type": "SWD", "material": "Concrete", "status": "Good", "ward": "N48", "zone": "N04", "source": "Greater Chennai Corporation", "year": "2024", "shedId": "KOSAS"}, "geometry": {"type": "LineString", "coordinates": [[80.27807, 13.11322], [80.28096, 13.11281]]}}, {"type": "Feature", "properties": {"drain_type": "SWD", "material": "Concrete", "status": "Good", "ward": "N48", "zone": "N04", "source": "Greater Chennai Corporation", "year": "2024", "shedId": "KOSAS"}, "geometry": {"type": "LineString", "coordinates": [[80.27796, 13.1125], [80.27895, 13.11238]]}}, {"type": "Feature", "properties": {"drain_type": "SWD", "material": "Concrete", "status": "Good", "ward": "N48", "zone": "N04", "source": "Greater Chennai Corporation", "year": "2024", "shedId": "KOSAS"}, "geometry": {"type": "LineString", "coordinates": [[80.28236, 13.11397], [80.28278, 13.11384], [80.28327, 13.11367]]}}, {"type": "Feature", "properties": {"drain_type": "SWD", "material": "Concrete", "status": "Good", "ward": "N48", "zone": "N04", "source": "Greater Chennai Corporation", "year": "2024", "shedId": "KOSAS"}, "geometry": {"type": "LineString", "coordinates": [[80.28327, 13.11367], [80.28352, 13.11446]]}}, {"type": "Feature", "properties": {"drain_type": "SWD", "material": "Concrete", "status": "Good", "ward": "N48", "zone": "N04", "source": "Greater Chennai Corporation", "year": "2024", "shedId": "KOSAS"}, "geometry": {"type": "LineString", "coordinates": [[80.28352, 13.11446], [80.28404, 13.11577]]}}, {"type": "Feature", "properties": {"drain_type": "SWD", "material": "Concrete", "status": "Good", "ward": "N48", "zone": "N04", "source": "Greater Chennai Corporation", "year": "2024", "shedId": "KOSAS"}, "geometry": {"type": "LineString", "coordinates": [[80.28355, 13.11445], [80.28449, 13.11408]]}}, {"type": "Feature", "properties": {"drain_type": "SWD", "material": "Concrete", "status": "Good", "ward": "N48", "zone": "N04", "source": "Greater Chennai Corporation", "year": "2024", "shedId": "KOSAS"}, "geometry": {"type": "LineString", "coordinates": [[80.28449, 13.11408], [80.28428, 13.11342], [80.28479, 13.11332]]}}, {"type": "Feature", "properties": {"drain_type": "SWD", "material": "Concrete", "status": "Good", "ward": "N48", "zone": "N04", "source": "Greater Chennai Corporation", "year": "2024", "shedId": "KOSAS"}, "geometry": {"type": "LineString", "coordinates": [[80.27988, 13.11643], [80.2826, 13.11629], [80.28348, 13.11611]]}}, {"type": "Feature", "properties": {"drain_type": "SWD", "material": "Concrete", "status": "Good", "ward": "N48", "zone": "N04", "source": "Greater Chennai Corporation", "year": "2024", "shedId": "KOSAS"}, "geometry": {"type": "LineString", "coordinates": [[80.28576, 13.11513], [80.2848, 13.11544], [80.28344, 13.11607]]}}, {"type": "Feature", "properties": {"drain_type": "SWD", "material": "Concrete", "status": "Good", "ward": "N48", "zone": "N04", "source": "Greater Chennai Corporation", "year": "2024", "shedId": "KOSAS"}, "geometry": {"type": "LineString", "coordinates": [[80.28215, 13.1137], [80.27923, 13.11415], [80.27907, 13.11459]]}}, {"type": "Feature", "properties": {"drain_type": "SWD", "material": "Concrete", "status": "Good", "ward": "N48", "zone": "N04", "source": "Greater Chennai Corporation", "year": "2024", "shedId": "KOSAS"}, "geometry": {"type": "LineString", "coordinates": [[80.27907, 13.11459], [80.27946, 13.11472], [80.27974, 13.1163], [80.28019, 13.11768]]}}, {"type": "Feature", "properties": {"drain_type": "SWD", "material": "Concrete", "status": "Good", "ward": "N48", "zone": "N04", "source": "Greater Chennai Corporation", "year": "2024", "shedId": "KOSAS"}, "geometry": {"type": "LineString", "coordinates": [[80.27971, 13.11544], [80.28197, 13.11541]]}}, {"type": "Feature", "properties": {"drain_type": "SWD", "material": "Concrete", "status": "Good", "ward": "N48", "zone": "N04", "source": "Greater Chennai Corporation", "year": "2024", "shedId": "KOSAS"}, "geometry": {"type": "LineString", "coordinates": [[80.28197, 13.11541], [80.28199, 13.11499], [80.2826, 13.11481]]}}, {"type": "Feature", "properties": {"drain_type": "SWD", "material": "Concrete", "status": "Good", "ward": "N48", "zone": "N04", "source": "Greater Chennai Corporation", "year": "2024", "shedId": "KOSAS"}, "geometry": {"type": "LineString", "coordinates": [[80.2826, 13.1148], [80.28427, 13.11728]]}}, {"type": "Feature", "properties": {"drain_type": "SWD", "material": "Concrete", "status": "Good", "ward": "N48", "zone": "N04", "source": "Greater Chennai Corporation", "year": "2024", "shedId": "KOSAS"}, "geometry": {"type": "LineString", "coordinates": [[80.28327, 13.11855], [80.28262, 13.11629]]}}, {"type": "Feature", "properties": {"drain_type": "SWD", "material": "Concrete", "status": "Good", "ward": "N48", "zone": "N04", "source": "Greater Chennai Corporation", "year": "2024", "shedId": "KOSAS"}, "geometry": {"type": "LineString", "coordinates": [[80.2851, 13.11535], [80.28454, 13.11162]]}}, {"type": "Feature", "properties": {"drain_type": "SWD", "material": "Concrete", "status": "Good", "ward": "N050", "zone": "N05", "source": "Greater Chennai Corporation", "year": "2024", "shedId": "KOSAS"}, "geometry": {"type": "LineString", "coordinates": [[80.29184, 13.10916], [80.29302, 13.11705], [80.29375, 13.12056]]}}, {"type": "Feature", "properties": {"drain_type": "SWD", "material": "Concrete", "status": "Good", "ward": "N050", "zone": "N05", "source": "Greater Chennai Corporation", "year": "2024", "shedId": "KOSAS"}, "geometry": {"type": "LineString", "coordinates": [[80.29388, 13.12185], [80.2928, 13.11689], [80.29202, 13.11123]]}}, {"type": "Feature", "properties": {"drain_type": "SWD", "material": "Concrete", "status": "Good", "ward": "N050", "zone": "N05", "source": "Greater Chennai Corporation", "year": "2024", "shedId": "KOSAS"}, "geometry": {"type": "LineString", "coordinates": [[80.29331, 13.11855], [80.29573, 13.11811]]}}, {"type": "Feature", "properties": {"drain_type": "Side Drain", "material": "Concrete", "status": "Good", "ward": "N050", "zone": "N05", "source": "Greater Chennai Corporation", "year": "2024", "shedId": "KOSAS"}, "geometry": {"type": "LineString", "coordinates": [[80.29722, 13.11858], [80.2959, 13.11879]]}}, {"type": "Feature", "properties": {"drain_type": "Side Drain", "material": "Concrete", "status": "Good", "ward": "N050", "zone": "N05", "source": "Greater Chennai Corporation", "year": "2024", "shedId": "KOSAS"}, "geometry": {"type": "LineString", "coordinates": [[80.29316, 13.1142], [80.29627, 13.1136]]}}, {"type": "Feature", "properties": {"drain_type": "SWD", "material": "Concrete", "status": "Good", "ward": "N050", "zone": "N05", "source": "Greater Chennai Corporation", "year": "2024", "shedId": "KOSAS"}, "geometry": {"type": "LineString", "coordinates": [[80.29605, 13.11982], [80.29623, 13.12059]]}}, {"type": "Feature", "properties": {"drain_type": "SWD", "material": "Concrete", "status": "Good", "ward": "N050", "zone": "N05", "source": "Greater Chennai Corporation", "year": "2024", "shedId": "KOSAS"}, "geometry": {"type": "LineString", "coordinates": [[80.2975, 13.11892], [80.29794, 13.12117]]}}, {"type": "Feature", "properties": {"drain_type": "SWD", "material": "Concrete", "status": "Good", "ward": "N050", "zone": "N05", "source": "Greater Chennai Corporation", "year": "2024", "shedId": "KOSAS"}, "geometry": {"type": "LineString", "coordinates": [[80.29618, 13.11362], [80.29688, 13.11655]]}}, {"type": "Feature", "properties": {"drain_type": "SWD", "material": "Concrete", "status": "Good", "ward": "N050", "zone": "N05", "source": "Greater Chennai Corporation", "year": "2024", "shedId": "KOSAS"}, "geometry": {"type": "LineString", "coordinates": [[80.29263, 13.11422], [80.29691, 13.11339]]}}, {"type": "Feature", "properties": {"drain_type": "SWD", "material": "Concrete", "status": "Good", "ward": "N050", "zone": "N05", "source": "Greater Chennai Corporation", "year": "2024", "shedId": "KOSAS"}, "geometry": {"type": "LineString", "coordinates": [[80.29183, 13.10916], [80.29411, 13.10869]]}}, {"type": "Feature", "properties": {"drain_type": "SWD", "material": "Concrete", "status": "Good", "ward": "N050", "zone": "N05", "source": "Greater Chennai Corporation", "year": "2024", "shedId": "KOSAS"}, "geometry": {"type": "LineString", "coordinates": [[80.29482, 13.10608], [80.29348, 13.10657]]}}, {"type": "Feature", "properties": {"drain_type": "Side Drain", "material": "Concrete", "status": "Good", "ward": "N050", "zone": "N05", "source": "Greater Chennai Corporation", "year": "2024", "shedId": "KOSAS"}, "geometry": {"type": "LineString", "coordinates": [[80.29348, 13.10657], [80.29416, 13.10847]]}}, {"type": "Feature", "properties": {"drain_type": "SWD", "material": "Concrete", "status": "Good", "ward": "N050", "zone": "N05", "source": "Greater Chennai Corporation", "year": "2024", "shedId": "KOSAS"}, "geometry": {"type": "LineString", "coordinates": [[80.29394, 13.10782], [80.29544, 13.10731]]}}, {"type": "Feature", "properties": {"drain_type": "SWD", "material": "Concrete", "status": "Good", "ward": "N050", "zone": "N05", "source": "Greater Chennai Corporation", "year": "2024", "shedId": "KOSAS"}, "geometry": {"type": "LineString", "coordinates": [[80.29386, 13.10765], [80.29537, 13.10714]]}}, {"type": "Feature", "properties": {"drain_type": "SWD", "material": "Concrete", "status": "Good", "ward": "N050", "zone": "N05", "source": "Greater Chennai Corporation", "year": "2024", "shedId": "KOSAS"}, "geometry": {"type": "LineString", "coordinates": [[80.2966, 13.11045], [80.2972, 13.11025]]}}, {"type": "Feature", "properties": {"drain_type": "SWD", "material": "Concrete", "status": "Good", "ward": "N050", "zone": "N05", "source": "Greater Chennai Corporation", "year": "2024", "shedId": "KOSAS"}, "geometry": {"type": "LineString", "coordinates": [[80.29564, 13.11046], [80.29638, 13.1135]]}}, {"type": "Feature", "properties": {"drain_type": "Side Drain", "material": "Concrete", "status": "Good", "ward": "N050", "zone": "N05", "source": "Greater Chennai Corporation", "year": "2024", "shedId": "KOSAS"}, "geometry": {"type": "LineString", "coordinates": [[80.29699, 13.11291], [80.29644, 13.11301], [80.29627, 13.11304]]}}, {"type": "Feature", "properties": {"drain_type": "SWD", "material": "Concrete", "status": "Good", "ward": "N050", "zone": "N05", "source": "Greater Chennai Corporation", "year": "2024", "shedId": "KOSAS"}, "geometry": {"type": "LineString", "coordinates": [[80.29622, 13.11283], [80.2968, 13.11269], [80.29681, 13.11269]]}}, {"type": "Feature", "properties": {"drain_type": "SWD", "material": "Concrete", "status": "Good", "ward": "N050", "zone": "N05", "source": "Greater Chennai Corporation", "year": "2024", "shedId": "KOSAS"}, "geometry": {"type": "LineString", "coordinates": [[80.29681, 13.11269], [80.29678, 13.11234], [80.29674, 13.11219]]}}, {"type": "Feature", "properties": {"drain_type": "SWD", "material": "Concrete", "status": "Good", "ward": "N050", "zone": "N05", "source": "Greater Chennai Corporation", "year": "2024", "shedId": "KOSAS"}, "geometry": {"type": "LineString", "coordinates": [[80.2961, 13.11234], [80.29673, 13.11219], [80.29709, 13.11202]]}}, {"type": "Feature", "properties": {"drain_type": "SWD", "material": "Concrete", "status": "Good", "ward": "N050", "zone": "N05", "source": "Greater Chennai Corporation", "year": "2024", "shedId": "KOSAS"}, "geometry": {"type": "LineString", "coordinates": [[80.29614, 13.11249], [80.29678, 13.11234]]}}, {"type": "Feature", "properties": {"drain_type": "SWD", "material": "Concrete", "status": "Good", "ward": "N050", "zone": "N05", "source": "Greater Chennai Corporation", "year": "2024", "shedId": "KOSAS"}, "geometry": {"type": "LineString", "coordinates": [[80.29587, 13.11139], [80.2968, 13.11106]]}}, {"type": "Feature", "properties": {"drain_type": "SWD", "material": "Concrete", "status": "Good", "ward": "N050", "zone": "N05", "source": "Greater Chennai Corporation", "year": "2024", "shedId": "KOSAS"}, "geometry": {"type": "LineString", "coordinates": [[80.29626, 13.10955], [80.29461, 13.11002]]}}, {"type": "Feature", "properties": {"drain_type": "SWD", "material": "Concrete", "status": "Good", "ward": "N050", "zone": "N05", "source": "Greater Chennai Corporation", "year": "2024", "shedId": "KOSAS"}, "geometry": {"type": "LineString", "coordinates": [[80.29374, 13.10767], [80.29458, 13.10988], [80.29546, 13.11369]]}}, {"type": "Feature", "properties": {"drain_type": "SWD", "material": "Concrete", "status": "Good", "ward": "N050", "zone": "N05", "source": "Greater Chennai Corporation", "year": "2024", "shedId": "KOSAS"}, "geometry": {"type": "LineString", "coordinates": [[80.29537, 13.10714], [80.2967, 13.1107], [80.29709, 13.11202]]}}, {"type": "Feature", "properties": {"drain_type": "SWD", "material": "Concrete", "status": "Good", "ward": "N050", "zone": "N05", "source": "Greater Chennai Corporation", "year": "2024", "shedId": "KOSAS"}, "geometry": {"type": "LineString", "coordinates": [[80.29452, 13.11396], [80.2959, 13.11879]]}}, {"type": "Feature", "properties": {"drain_type": "SWD", "material": "Concrete", "status": "Good", "ward": "N050", "zone": "N05", "source": "Greater Chennai Corporation", "year": "2024", "shedId": "KOSAS"}, "geometry": {"type": "LineString", "coordinates": [[80.2959, 13.11879], [80.29599, 13.11927], [80.29607, 13.1196]]}}, {"type": "Feature", "properties": {"drain_type": "SWD", "material": "Concrete", "status": "Good", "ward": "N052", "zone": "N05", "source": "Greater Chennai Corporation", "year": "2024", "shedId": "KOSAS"}, "geometry": {"type": "LineString", "coordinates": [[80.28028, 13.10574], [80.28471, 13.10509], [80.28656, 13.10458]]}}, {"type": "Feature", "properties": {"drain_type": "SWD", "material": "Concrete", "status": "Good", "ward": "N052", "zone": "N05", "source": "Greater Chennai Corporation", "year": "2024", "shedId": "KOSAS"}, "geometry": {"type": "LineString", "coordinates": [[80.28657, 13.10526], [80.28625, 13.10658], [80.28621, 13.10717]]}}, {"type": "Feature", "properties": {"drain_type": "SWD", "material": "Concrete", "status": "Good", "ward": "N052", "zone": "N05", "source": "Greater Chennai Corporation", "year": "2024", "shedId": "KOSAS"}, "geometry": {"type": "LineString", "coordinates": [[80.28952, 13.10393], [80.28678, 13.10509]]}}, {"type": "Feature", "properties": {"drain_type": "SWD", "material": "Concrete", "status": "Good", "ward": "N052", "zone": "N05", "source": "Greater Chennai Corporation", "year": "2024", "shedId": "KOSAS"}, "geometry": {"type": "LineString", "coordinates": [[80.2869, 13.10893], [80.29048, 13.10806]]}}, {"type": "Feature", "properties": {"drain_type": "SWD", "material": "Concrete", "status": "Good", "ward": "N052", "zone": "N05", "source": "Greater Chennai Corporation", "year": "2024", "shedId": "KOSAS"}, "geometry": {"type": "LineString", "coordinates": [[80.29048, 13.10806], [80.29036, 13.10623]]}}, {"type": "Feature", "properties": {"drain_type": "SWD", "material": "Concrete", "status": "Good", "ward": "N052", "zone": "N05", "source": "Greater Chennai Corporation", "year": "2024", "shedId": "KOSAS"}, "geometry": {"type": "LineString", "coordinates": [[80.29045, 13.10775], [80.2905, 13.10774], [80.29087, 13.10774]]}}, {"type": "Feature", "properties": {"drain_type": "SWD", "material": "Concrete", "status": "Good", "ward": "N052", "zone": "N05", "source": "Greater Chennai Corporation", "year": "2024", "shedId": "KOSAS"}, "geometry": {"type": "LineString", "coordinates": [[80.28951, 13.10681], [80.28967, 13.10823]]}}, {"type": "Feature", "properties": {"drain_type": "SWD", "material": "Concrete", "status": "Good", "ward": "N052", "zone": "N05", "source": "Greater Chennai Corporation", "year": "2024", "shedId": "KOSAS"}, "geometry": {"type": "LineString", "coordinates": [[80.2915, 13.10811], [80.2917, 13.10914]]}}, {"type": "Feature", "properties": {"drain_type": "SWD", "material": "Concrete", "status": "Good", "ward": "N052", "zone": "N05", "source": "Greater Chennai Corporation", "year": "2024", "shedId": "KOSAS"}, "geometry": {"type": "LineString", "coordinates": [[80.29007, 13.10949], [80.28869, 13.10983]]}}, {"type": "Feature", "properties": {"drain_type": "SWD", "material": "Concrete", "status": "Good", "ward": "N052", "zone": "N05", "source": "Greater Chennai Corporation", "year": "2024", "shedId": "KOSAS"}, "geometry": {"type": "LineString", "coordinates": [[80.28869, 13.10983], [80.28876, 13.11013], [80.28873, 13.11063]]}}, {"type": "Feature", "properties": {"drain_type": "SWD", "material": "Concrete", "status": "Good", "ward": "N052", "zone": "N05", "source": "Greater Chennai Corporation", "year": "2024", "shedId": "KOSAS"}, "geometry": {"type": "LineString", "coordinates": [[80.28873, 13.11063], [80.28777, 13.1108]]}}, {"type": "Feature", "properties": {"drain_type": "SWD", "material": "Concrete", "status": "Good", "ward": "N052", "zone": "N05", "source": "Greater Chennai Corporation", "year": "2024", "shedId": "KOSAS"}, "geometry": {"type": "LineString", "coordinates": [[80.28883, 13.11063], [80.28895, 13.11157]]}}, {"type": "Feature", "properties": {"drain_type": "SWD", "material": "Concrete", "status": "Good", "ward": "N052", "zone": "N05", "source": "Greater Chennai Corporation", "year": "2024", "shedId": "KOSAS"}, "geometry": {"type": "LineString", "coordinates": [[80.28866, 13.11167], [80.28945, 13.1114], [80.28996, 13.11135]]}}, {"type": "Feature", "properties": {"drain_type": "SWD", "material": "Concrete", "status": "Good", "ward": "N052", "zone": "N05", "source": "Greater Chennai Corporation", "year": "2024", "shedId": "KOSAS"}, "geometry": {"type": "LineString", "coordinates": [[80.28998, 13.10311], [80.2875, 13.10423], [80.28699, 13.10454]]}}, {"type": "Feature", "properties": {"drain_type": "SWD", "material": "Concrete", "status": "Good", "ward": "N052", "zone": "N05", "source": "Greater Chennai Corporation", "year": "2024", "shedId": "KOSAS"}, "geometry": {"type": "LineString", "coordinates": [[80.28699, 13.10454], [80.28655, 13.10572], [80.28632, 13.1069], [80.2869, 13.10893]]}}, {"type": "Feature", "properties": {"drain_type": "SWD", "material": "Concrete", "status": "Good", "ward": "N052", "zone": "N05", "source": "Greater Chennai Corporation", "year": "2024", "shedId": "KOSAS"}, "geometry": {"type": "LineString", "coordinates": [[80.29045, 13.1077], [80.29008, 13.10769]]}}, {"type": "Feature", "properties": {"drain_type": "SWD", "material": "Concrete", "status": "Good", "ward": "N052", "zone": "N05", "source": "Greater Chennai Corporation", "year": "2024", "shedId": "KOSAS"}, "geometry": {"type": "LineString", "coordinates": [[80.29008, 13.10769], [80.28999, 13.10728], [80.28996, 13.10674]]}}, {"type": "Feature", "properties": {"drain_type": "SWD", "material": "Concrete", "status": "Good", "ward": "N54", "zone": "N05", "source": "Greater Chennai Corporation", "year": "2024", "shedId": "KOSAS"}, "geometry": {"type": "LineString", "coordinates": [[80.27534, 13.0957], [80.27527, 13.10035], [80.27484, 13.10143]]}}, {"type": "Feature", "properties": {"drain_type": "SWD", "material": "Concrete", "status": "Good", "ward": "N54", "zone": "N05", "source": "Greater Chennai Corporation", "year": "2024", "shedId": "KOSAS"}, "geometry": {"type": "LineString", "coordinates": [[80.27522, 13.09781], [80.27514, 13.09991], [80.27466, 13.10123]]}}, {"type": "Feature", "properties": {"drain_type": "SWD", "material": "Concrete", "status": "Good", "ward": "N54", "zone": "N05", "source": "Greater Chennai Corporation", "year": "2024", "shedId": "KOSAS"}, "geometry": {"type": "LineString", "coordinates": [[80.27504, 13.09932], [80.27734, 13.09919]]}}, {"type": "Feature", "properties": {"drain_type": "SWD", "material": "Concrete", "status": "Good", "ward": "N54", "zone": "N05", "source": "Greater Chennai Corporation", "year": "2024", "shedId": "KOSAS"}, "geometry": {"type": "LineString", "coordinates": [[80.27532, 13.09625], [80.27567, 13.09621], [80.27568, 13.09633], [80.27675, 13.09615]]}}, {"type": "Feature", "properties": {"drain_type": "SWD", "material": "Concrete", "status": "Good", "ward": "N54", "zone": "N05", "source": "Greater Chennai Corporation", "year": "2024", "shedId": "KOSAS"}, "geometry": {"type": "LineString", "coordinates": [[80.27536, 13.09747], [80.27753, 13.0972]]}}, {"type": "Feature", "properties": {"drain_type": "SWD", "material": "Concrete", "status": "Good", "ward": "N54", "zone": "N05", "source": "Greater Chennai Corporation", "year": "2024", "shedId": "KOSAS"}, "geometry": {"type": "LineString", "coordinates": [[80.27753, 13.0972], [80.27784, 13.09967]]}}, {"type": "Feature", "properties": {"drain_type": "SWD", "material": "Concrete", "status": "Good", "ward": "N54", "zone": "N05", "source": "Greater Chennai Corporation", "year": "2024", "shedId": "KOSAS"}, "geometry": {"type": "LineString", "coordinates": [[80.27676, 13.09797], [80.27678, 13.09921]]}}, {"type": "Feature", "properties": {"drain_type": "SWD", "material": "Concrete", "status": "Good", "ward": "N54", "zone": "N05", "source": "Greater Chennai Corporation", "year": "2024", "shedId": "KOSAS"}, "geometry": {"type": "LineString", "coordinates": [[80.27631, 13.09925], [80.27652, 13.10211]]}}, {"type": "Feature", "properties": {"drain_type": "SWD", "material": "Concrete", "status": "Good", "ward": "N54", "zone": "N05", "source": "Greater Chennai Corporation", "year": "2024", "shedId": "KOSAS"}, "geometry": {"type": "LineString", "coordinates": [[80.27989, 13.10346], [80.27813, 13.10351]]}}, {"type": "Feature", "properties": {"drain_type": "SWD", "material": "Concrete", "status": "Good", "ward": "N54", "zone": "N05", "source": "Greater Chennai Corporation", "year": "2024", "shedId": "KOSAS"}, "geometry": {"type": "LineString", "coordinates": [[80.27813, 13.10351], [80.27797, 13.1047]]}}, {"type": "Feature", "properties": {"drain_type": "SWD", "material": "Concrete", "status": "Good", "ward": "N54", "zone": "N05", "source": "Greater Chennai Corporation", "year": "2024", "shedId": "KOSAS"}, "geometry": {"type": "LineString", "coordinates": [[80.27716, 13.10433], [80.27823, 13.10484], [80.27983, 13.10539]]}}, {"type": "Feature", "properties": {"drain_type": "Side Drain", "material": "Concrete", "status": "Good", "ward": "N055", "zone": "N05", "source": "Greater Chennai Corporation", "year": "2024", "shedId": "KOSAS"}, "geometry": {"type": "LineString", "coordinates": [[80.28074, 13.09648], [80.28041, 13.09832]]}}, {"type": "Feature", "properties": {"drain_type": "SWD", "material": "Concrete", "status": "Good", "ward": "N055", "zone": "N05", "source": "Greater Chennai Corporation", "year": "2024", "shedId": "KOSAS"}, "geometry": {"type": "LineString", "coordinates": [[80.28019, 13.09832], [80.28111, 13.09832]]}}, {"type": "Feature", "properties": {"drain_type": "SWD", "material": "Concrete", "status": "Good", "ward": "N055", "zone": "N05", "source": "Greater Chennai Corporation", "year": "2024", "shedId": "KOSAS"}, "geometry": {"type": "LineString", "coordinates": [[80.28254, 13.09852], [80.28256, 13.09897], [80.28236, 13.10045]]}}, {"type": "Feature", "properties": {"drain_type": "SWD", "material": "Concrete", "status": "Good", "ward": "N055", "zone": "N05", "source": "Greater Chennai Corporation", "year": "2024", "shedId": "KOSAS"}, "geometry": {"type": "LineString", "coordinates": [[80.28254, 13.09857], [80.28351, 13.09841]]}}, {"type": "Feature", "properties": {"drain_type": "SWD", "material": "Concrete", "status": "Good", "ward": "N055", "zone": "N05", "source": "Greater Chennai Corporation", "year": "2024", "shedId": "KOSAS"}, "geometry": {"type": "LineString", "coordinates": [[80.27989, 13.10345], [80.28003, 13.1035], [80.2801, 13.10354]]}}, {"type": "Feature", "properties": {"drain_type": "Side Drain", "material": "Concrete", "status": "Good", "ward": "N055", "zone": "N05", "source": "Greater Chennai Corporation", "year": "2024", "shedId": "KOSAS"}, "geometry": {"type": "LineString", "coordinates": [[80.28009, 13.10078], [80.28083, 13.1008], [80.28236, 13.10045]]}}, {"type": "Feature", "properties": {"drain_type": "Side Drain", "material": "Concrete", "status": "Good", "ward": "N055", "zone": "N05", "source": "Greater Chennai Corporation", "year": "2024", "shedId": "KOSAS"}, "geometry": {"type": "LineString", "coordinates": [[80.28238, 13.10038], [80.28338, 13.1004], [80.28377, 13.10033]]}}, {"type": "Feature", "properties": {"drain_type": "SWD", "material": "Concrete", "status": "Good", "ward": "N055", "zone": "N05", "source": "Greater Chennai Corporation", "year": "2024", "shedId": "KOSAS"}, "geometry": {"type": "LineString", "coordinates": [[80.28244, 13.10039], [80.28163, 13.10345]]}}, {"type": "Feature", "properties": {"drain_type": "SWD", "material": "Concrete", "status": "Good", "ward": "N055", "zone": "N05", "source": "Greater Chennai Corporation", "year": "2024", "shedId": "KOSAS"}, "geometry": {"type": "LineString", "coordinates": [[80.28163, 13.10345], [80.28273, 13.10337], [80.28405, 13.10316]]}}, {"type": "Feature", "properties": {"drain_type": "SWD", "material": "Concrete", "status": "Good", "ward": "N055", "zone": "N05", "source": "Greater Chennai Corporation", "year": "2024", "shedId": "KOSAS"}, "geometry": {"type": "LineString", "coordinates": [[80.28405, 13.10316], [80.28423, 13.10393], [80.28449, 13.10396]]}}, {"type": "Feature", "properties": {"drain_type": "SWD", "material": "Concrete", "status": "Good", "ward": "N055", "zone": "N05", "source": "Greater Chennai Corporation", "year": "2024", "shedId": "KOSAS"}, "geometry": {"type": "LineString", "coordinates": [[80.28222, 13.10222], [80.28229, 13.10335]]}}, {"type": "Feature", "properties": {"drain_type": "SWD", "material": "Concrete", "status": "Good", "ward": "N055", "zone": "N05", "source": "Greater Chennai Corporation", "year": "2024", "shedId": "KOSAS"}, "geometry": {"type": "LineString", "coordinates": [[80.2822, 13.1016], [80.28393, 13.10132]]}}, {"type": "Feature", "properties": {"drain_type": "SWD", "material": "Concrete", "status": "Good", "ward": "N055", "zone": "N05", "source": "Greater Chennai Corporation", "year": "2024", "shedId": "KOSAS"}, "geometry": {"type": "LineString", "coordinates": [[80.28019, 13.09842], [80.28009, 13.10078]]}}, {"type": "Feature", "properties": {"drain_type": "SWD", "material": "Concrete", "status": "Good", "ward": "N055", "zone": "N05", "source": "Greater Chennai Corporation", "year": "2024", "shedId": "KOSAS"}, "geometry": {"type": "LineString", "coordinates": [[80.28009, 13.10078], [80.28012, 13.10535]]}}, {"type": "Feature", "properties": {"drain_type": "SWD", "material": "Concrete", "status": "Good", "ward": "N055", "zone": "N05", "source": "Greater Chennai Corporation", "year": "2024", "shedId": "KOSAS"}, "geometry": {"type": "LineString", "coordinates": [[80.28081, 13.09669], [80.28111, 13.09832]]}}, {"type": "Feature", "properties": {"drain_type": "SWD", "material": "Concrete", "status": "Good", "ward": "N055", "zone": "N05", "source": "Greater Chennai Corporation", "year": "2024", "shedId": "KOSAS"}, "geometry": {"type": "LineString", "coordinates": [[80.28111, 13.09832], [80.28144, 13.09863], [80.28254, 13.09852]]}}, {"type": "Feature", "properties": {"drain_type": "SWD", "material": "Concrete", "status": "Good", "ward": "N56", "zone": "N05", "source": "Greater Chennai Corporation", "year": "2024", "shedId": "KOSAS"}, "geometry": {"type": "LineString", "coordinates": [[80.28904, 13.0997], [80.28727, 13.10011], [80.28494, 13.10017], [80.28379, 13.10038]]}}, {"type": "Feature", "properties": {"drain_type": "SWD", "material": "Concrete", "status": "Good", "ward": "N56", "zone": "N05", "source": "Greater Chennai Corporation", "year": "2024", "shedId": "KOSAS"}, "geometry": {"type": "LineString", "coordinates": [[80.28374, 13.10003], [80.28391, 13.10094]]}}, {"type": "Feature", "properties": {"drain_type": "SWD", "material": "Concrete", "status": "Good", "ward": "N56", "zone": "N05", "source": "Greater Chennai Corporation", "year": "2024", "shedId": "KOSAS"}, "geometry": {"type": "LineString", "coordinates": [[80.28696, 13.10413], [80.28699, 13.10177], [80.28686, 13.10005]]}}, {"type": "Feature", "properties": {"drain_type": "SWD", "material": "Concrete", "status": "Good", "ward": "N56", "zone": "N05", "source": "Greater Chennai Corporation", "year": "2024", "shedId": "KOSAS"}, "geometry": {"type": "LineString", "coordinates": [[80.28699, 13.10189], [80.28885, 13.10168], [80.28928, 13.10147]]}}, {"type": "Feature", "properties": {"drain_type": "SWD", "material": "Concrete", "status": "Good", "ward": "N56", "zone": "N05", "source": "Greater Chennai Corporation", "year": "2024", "shedId": "KOSAS"}, "geometry": {"type": "LineString", "coordinates": [[80.28711, 13.10425], [80.29064, 13.1027]]}}, {"type": "Feature", "properties": {"drain_type": "SWD", "material": "Concrete", "status": "Good", "ward": "N58", "zone": "N05", "source": "Greater Chennai Corporation", "year": "2024", "shedId": "KOSAS"}, "geometry": {"type": "LineString", "coordinates": [[80.26808, 13.08735], [80.26809, 13.08784], [80.2681, 13.08823]]}}, {"type": "Feature", "properties": {"drain_type": "SWD", "material": "Concrete", "status": "Good", "ward": "N58", "zone": "N05", "source": "Greater Chennai Corporation", "year": "2024", "shedId": "KOSAS"}, "geometry": {"type": "LineString", "coordinates": [[80.26994, 13.08708], [80.26975, 13.08794], [80.26988, 13.09027], [80.26933, 13.09063]]}}, {"type": "Feature", "properties": {"drain_type": "SWD", "material": "Concrete", "status": "Good", "ward": "N58", "zone": "N05", "source": "Greater Chennai Corporation", "year": "2024", "shedId": "KOSAS"}, "geometry": {"type": "LineString", "coordinates": [[80.26933, 13.09063], [80.26599, 13.0903], [80.26548, 13.09018], [80.26523, 13.0899]]}}, {"type": "Feature", "properties": {"drain_type": "SWD", "material": "Concrete", "status": "Good", "ward": "N58", "zone": "N05", "source": "Greater Chennai Corporation", "year": "2024", "shedId": "KOSAS"}, "geometry": {"type": "LineString", "coordinates": [[80.26711, 13.08836], [80.26712, 13.09046]]}}, {"type": "Feature", "properties": {"drain_type": "SWD", "material": "Concrete", "status": "Good", "ward": "N58", "zone": "N05", "source": "Greater Chennai Corporation", "year": "2024", "shedId": "KOSAS"}, "geometry": {"type": "LineString", "coordinates": [[80.26804, 13.08984], [80.26807, 13.09051]]}}, {"type": "Feature", "properties": {"drain_type": "SWD", "material": "Concrete", "status": "Good", "ward": "N58", "zone": "N05", "source": "Greater Chennai Corporation", "year": "2024", "shedId": "KOSAS"}, "geometry": {"type": "LineString", "coordinates": [[80.26985, 13.08952], [80.26943, 13.08961], [80.26897, 13.09061]]}}, {"type": "Feature", "properties": {"drain_type": "SWD", "material": "Concrete", "status": "Good", "ward": "N58", "zone": "N05", "source": "Greater Chennai Corporation", "year": "2024", "shedId": "KOSAS"}, "geometry": {"type": "LineString", "coordinates": [[80.2591, 13.08979], [80.2614, 13.08978], [80.26454, 13.08948]]}}, {"type": "Feature", "properties": {"drain_type": "SWD", "material": "Concrete", "status": "Good", "ward": "N58", "zone": "N05", "source": "Greater Chennai Corporation", "year": "2024", "shedId": "KOSAS"}, "geometry": {"type": "LineString", "coordinates": [[80.26081, 13.08776], [80.26059, 13.089], [80.26058, 13.08978]]}}, {"type": "Feature", "properties": {"drain_type": "SWD", "material": "Concrete", "status": "Good", "ward": "N58", "zone": "N05", "source": "Greater Chennai Corporation", "year": "2024", "shedId": "KOSAS"}, "geometry": {"type": "LineString", "coordinates": [[80.25921, 13.08736], [80.25908, 13.09042]]}}, {"type": "Feature", "properties": {"drain_type": "SWD", "material": "Concrete", "status": "Good", "ward": "N58", "zone": "N05", "source": "Greater Chennai Corporation", "year": "2024", "shedId": "KOSAS"}, "geometry": {"type": "LineString", "coordinates": [[80.2589, 13.09041], [80.26284, 13.09038], [80.26518, 13.0901]]}}, {"type": "Feature", "properties": {"drain_type": "SWD", "material": "Concrete", "status": "Good", "ward": "N58", "zone": "N05", "source": "Greater Chennai Corporation", "year": "2024", "shedId": "KOSAS"}, "geometry": {"type": "LineString", "coordinates": [[80.25755, 13.08952], [80.25848, 13.08978]]}}, {"type": "Feature", "properties": {"drain_type": "SWD", "material": "Concrete", "status": "Good", "ward": "N58", "zone": "N05", "source": "Greater Chennai Corporation", "year": "2024", "shedId": "KOSAS"}, "geometry": {"type": "LineString", "coordinates": [[80.27006, 13.09037], [80.27079, 13.09027], [80.27122, 13.09092], [80.27162, 13.09195]]}}, {"type": "Feature", "properties": {"drain_type": "SWD", "material": "Concrete", "status": "Good", "ward": "N58", "zone": "N05", "source": "Greater Chennai Corporation", "year": "2024", "shedId": "KOSAS"}, "geometry": {"type": "LineString", "coordinates": [[80.25864, 13.09089], [80.25712, 13.09085]]}}, {"type": "Feature", "properties": {"drain_type": "SWD", "material": "Concrete", "status": "Good", "ward": "N58", "zone": "N05", "source": "Greater Chennai Corporation", "year": "2024", "shedId": "KOSAS"}, "geometry": {"type": "LineString", "coordinates": [[80.26961, 13.0922], [80.26951, 13.09111]]}}, {"type": "Feature", "properties": {"drain_type": "SWD", "material": "Concrete", "status": "Good", "ward": "N58", "zone": "N05", "source": "Greater Chennai Corporation", "year": "2024", "shedId": "KOSAS"}, "geometry": {"type": "LineString", "coordinates": [[80.25628, 13.08639], [80.26297, 13.08842], [80.26419, 13.08919], [80.26518, 13.09011]]}}, {"type": "Feature", "properties": {"drain_type": "SWD", "material": "Concrete", "status": "Good", "ward": "N006", "zone": "N01", "source": "Greater Chennai Corporation", "year": "2024", "shedId": "KOSAS"}, "geometry": {"type": "LineString", "coordinates": [[80.29489, 13.17226], [80.29508, 13.17328], [80.29539, 13.17626]]}}, {"type": "Feature", "properties": {"drain_type": "Side Drain", "material": "Concrete", "status": "Bad", "ward": "N006", "zone": "N01", "source": "Greater Chennai Corporation", "year": "2024", "shedId": "KOSAS"}, "geometry": {"type": "LineString", "coordinates": [[80.29531, 13.17475], [80.29605, 13.17456]]}}, {"type": "Feature", "properties": {"drain_type": "Side Drain", "material": "Concrete", "status": "Bad", "ward": "N006", "zone": "N01", "source": "Greater Chennai Corporation", "year": "2024", "shedId": "KOSAS"}, "geometry": {"type": "LineString", "coordinates": [[80.29605, 13.17456], [80.29594, 13.17361]]}}, {"type": "Feature", "properties": {"drain_type": "SWD", "material": "Concrete", "status": "Good", "ward": "N006", "zone": "N01", "source": "Greater Chennai Corporation", "year": "2024", "shedId": "KOSAS"}, "geometry": {"type": "LineString", "coordinates": [[80.29595, 13.17369], [80.2972, 13.17375]]}}, {"type": "Feature", "properties": {"drain_type": "Side Drain", "material": "Concrete", "status": "Bad", "ward": "N006", "zone": "N01", "source": "Greater Chennai Corporation", "year": "2024", "shedId": "KOSAS"}, "geometry": {"type": "LineString", "coordinates": [[80.29602, 13.17369], [80.296, 13.17336]]}}, {"type": "Feature", "properties": {"drain_type": "SWD", "material": "Concrete", "status": "Good", "ward": "N006", "zone": "N01", "source": "Greater Chennai Corporation", "year": "2024", "shedId": "KOSAS"}, "geometry": {"type": "LineString", "coordinates": [[80.29649, 13.17371], [80.29664, 13.17573]]}}, {"type": "Feature", "properties": {"drain_type": "Side Drain", "material": "Concrete", "status": "Bad", "ward": "N006", "zone": "N01", "source": "Greater Chennai Corporation", "year": "2024", "shedId": "KOSAS"}, "geometry": {"type": "LineString", "coordinates": [[80.29657, 13.17491], [80.29754, 13.17485]]}}, {"type": "Feature", "properties": {"drain_type": "SWD", "material": "Concrete", "status": "Good", "ward": "N006", "zone": "N01", "source": "Greater Chennai Corporation", "year": "2024", "shedId": "KOSAS"}, "geometry": {"type": "LineString", "coordinates": [[80.29761, 13.17393], [80.29915, 13.17549]]}}, {"type": "Feature", "properties": {"drain_type": "Side Drain", "material": "Concrete", "status": "Bad", "ward": "N006", "zone": "N01", "source": "Greater Chennai Corporation", "year": "2024", "shedId": "KOSAS"}, "geometry": {"type": "LineString", "coordinates": [[80.29809, 13.17441], [80.29781, 13.17462], [80.29808, 13.17499], [80.29837, 13.17478]]}}, {"type": "Feature", "properties": {"drain_type": "Side Drain", "material": "Concrete", "status": "Bad", "ward": "N006", "zone": "N01", "source": "Greater Chennai Corporation", "year": "2024", "shedId": "KOSAS"}, "geometry": {"type": "LineString", "coordinates": [[80.29799, 13.17426], [80.29841, 13.17408]]}}, {"type": "Feature", "properties": {"drain_type": "Side Drain", "material": "Concrete", "status": "Bad", "ward": "N006", "zone": "N01", "source": "Greater Chennai Corporation", "year": "2024", "shedId": "KOSAS"}, "geometry": {"type": "LineString", "coordinates": [[80.29857, 13.1743], [80.29816, 13.17449]]}}, {"type": "Feature", "properties": {"drain_type": "Side Drain", "material": "Concrete", "status": "Bad", "ward": "N006", "zone": "N01", "source": "Greater Chennai Corporation", "year": "2024", "shedId": "KOSAS"}, "geometry": {"type": "LineString", "coordinates": [[80.2984, 13.17481], [80.29841, 13.1748], [80.29882, 13.17456]]}}, {"type": "Feature", "properties": {"drain_type": "Side Drain", "material": "Concrete", "status": "Bad", "ward": "N006", "zone": "N01", "source": "Greater Chennai Corporation", "year": "2024", "shedId": "KOSAS"}, "geometry": {"type": "LineString", "coordinates": [[80.29863, 13.17503], [80.29905, 13.17464], [80.29979, 13.17449]]}}, {"type": "Feature", "properties": {"drain_type": "Side Drain", "material": "Concrete", "status": "Bad", "ward": "N006", "zone": "N01", "source": "Greater Chennai Corporation", "year": "2024", "shedId": "KOSAS"}, "geometry": {"type": "LineString", "coordinates": [[80.29794, 13.17587], [80.29825, 13.17577], [80.29896, 13.17532]]}}, {"type": "Feature", "properties": {"drain_type": "Side Drain", "material": "Concrete", "status": "Bad", "ward": "N006", "zone": "N01", "source": "Greater Chennai Corporation", "year": "2024", "shedId": "KOSAS"}, "geometry": {"type": "LineString", "coordinates": [[80.29887, 13.17525], [80.29927, 13.17494]]}}, {"type": "Feature", "properties": {"drain_type": "Side Drain", "material": "Concrete", "status": "Bad", "ward": "N006", "zone": "N01", "source": "Greater Chennai Corporation", "year": "2024", "shedId": "KOSAS"}, "geometry": {"type": "LineString", "coordinates": [[80.29485, 13.17633], [80.29869, 13.18067], [80.30212, 13.18421]]}}, {"type": "Feature", "properties": {"drain_type": "SWD", "material": "Concrete", "status": "Good", "ward": "N006", "zone": "N01", "source": "Greater Chennai Corporation", "year": "2024", "shedId": "KOSAS"}, "geometry": {"type": "LineString", "coordinates": [[80.29686, 13.17864], [80.29995, 13.17729]]}}, {"type": "Feature", "properties": {"drain_type": "SWD", "material": "Concrete", "status": "Good", "ward": "N006", "zone": "N01", "source": "Greater Chennai Corporation", "year": "2024", "shedId": "KOSAS"}, "geometry": {"type": "LineString", "coordinates": [[80.29785, 13.17864], [80.30009, 13.17767]]}}, {"type": "Feature", "properties": {"drain_type": "Side Drain", "material": "Concrete", "status": "Bad", "ward": "N006", "zone": "N01", "source": "Greater Chennai Corporation", "year": "2024", "shedId": "KOSAS"}, "geometry": {"type": "LineString", "coordinates": [[80.29863, 13.17917], [80.30035, 13.17835]]}}, {"type": "Feature", "properties": {"drain_type": "Side Drain", "material": "Concrete", "status": "Bad", "ward": "N006", "zone": "N01", "source": "Greater Chennai Corporation", "year": "2024", "shedId": "KOSAS"}, "geometry": {"type": "LineString", "coordinates": [[80.30048, 13.17872], [80.29802, 13.17992]]}}, {"type": "Feature", "properties": {"drain_type": "SWD", "material": "Concrete", "status": "Good", "ward": "N006", "zone": "N01", "source": "Greater Chennai Corporation", "year": "2024", "shedId": "KOSAS"}, "geometry": {"type": "LineString", "coordinates": [[80.29875, 13.18073], [80.29982, 13.18021]]}}, {"type": "Feature", "properties": {"drain_type": "Side Drain", "material": "Concrete", "status": "Bad", "ward": "N006", "zone": "N01", "source": "Greater Chennai Corporation", "year": "2024", "shedId": "KOSAS"}, "geometry": {"type": "LineString", "coordinates": [[80.29866, 13.1796], [80.2993, 13.18045]]}}, {"type": "Feature", "properties": {"drain_type": "Side Drain", "material": "Concrete", "status": "Bad", "ward": "N006", "zone": "N01", "source": "Greater Chennai Corporation", "year": "2024", "shedId": "KOSAS"}, "geometry": {"type": "LineString", "coordinates": [[80.29911, 13.18018], [80.29963, 13.17992]]}}, {"type": "Feature", "properties": {"drain_type": "Side Drain", "material": "Concrete", "status": "Bad", "ward": "N006", "zone": "N01", "source": "Greater Chennai Corporation", "year": "2024", "shedId": "KOSAS"}, "geometry": {"type": "LineString", "coordinates": [[80.29887, 13.17989], [80.29888, 13.17988], [80.29943, 13.17961]]}}, {"type": "Feature", "properties": {"drain_type": "Side Drain", "material": "Concrete", "status": "Bad", "ward": "N006", "zone": "N01", "source": "Greater Chennai Corporation", "year": "2024", "shedId": "KOSAS"}, "geometry": {"type": "LineString", "coordinates": [[80.30018, 13.17887], [80.30018, 13.17887], [80.30024, 13.17908]]}}, {"type": "Feature", "properties": {"drain_type": "SWD", "material": "Concrete", "status": "Good", "ward": "N006", "zone": "N01", "source": "Greater Chennai Corporation", "year": "2024", "shedId": "KOSAS"}, "geometry": {"type": "LineString", "coordinates": [[80.29872, 13.17787], [80.29911, 13.17859]]}}, {"type": "Feature", "properties": {"drain_type": "SWD", "material": "Concrete", "status": "Good", "ward": "N006", "zone": "N01", "source": "Greater Chennai Corporation", "year": "2024", "shedId": "KOSAS"}, "geometry": {"type": "LineString", "coordinates": [[80.29908, 13.1786], [80.2994, 13.17924]]}}, {"type": "Feature", "properties": {"drain_type": "Side Drain", "material": "Concrete", "status": "Bad", "ward": "N006", "zone": "N01", "source": "Greater Chennai Corporation", "year": "2024", "shedId": "KOSAS"}, "geometry": {"type": "LineString", "coordinates": [[80.29917, 13.17894], [80.29918, 13.17895], [80.29935, 13.17927]]}}, {"type": "Feature", "properties": {"drain_type": "SWD", "material": "Concrete", "status": "Good", "ward": "N006", "zone": "N01", "source": "Greater Chennai Corporation", "year": "2024", "shedId": "KOSAS"}, "geometry": {"type": "LineString", "coordinates": [[80.29632, 13.17803], [80.29902, 13.1771], [80.30159, 13.17606]]}}, {"type": "Feature", "properties": {"drain_type": "SWD", "material": "Concrete", "status": "Good", "ward": "N006", "zone": "N01", "source": "Greater Chennai Corporation", "year": "2024", "shedId": "KOSAS"}, "geometry": {"type": "LineString", "coordinates": [[80.29948, 13.17676], [80.30128, 13.17607]]}}, {"type": "Feature", "properties": {"drain_type": "SWD", "material": "Concrete", "status": "Good", "ward": "N006", "zone": "N01", "source": "Greater Chennai Corporation", "year": "2024", "shedId": "KOSAS"}, "geometry": {"type": "LineString", "coordinates": [[80.29529, 13.1769], [80.29764, 13.17684], [80.29809, 13.1767]]}}, {"type": "Feature", "properties": {"drain_type": "SWD", "material": "Concrete", "status": "Good", "ward": "N006", "zone": "N01", "source": "Greater Chennai Corporation", "year": "2024", "shedId": "KOSAS"}, "geometry": {"type": "LineString", "coordinates": [[80.29622, 13.17791], [80.29866, 13.1771]]}}, {"type": "Feature", "properties": {"drain_type": "Side Drain", "material": "Concrete", "status": "Bad", "ward": "N006", "zone": "N01", "source": "Greater Chennai Corporation", "year": "2024", "shedId": "KOSAS"}, "geometry": {"type": "LineString", "coordinates": [[80.29721, 13.17756], [80.29711, 13.17682]]}}, {"type": "Feature", "properties": {"drain_type": "Side Drain", "material": "Concrete", "status": "Good", "ward": "N006", "zone": "N01", "source": "Greater Chennai Corporation", "year": "2024", "shedId": "KOSAS"}, "geometry": {"type": "LineString", "coordinates": [[80.29713, 13.17721], [80.29673, 13.17724], [80.29669, 13.1768]]}}, {"type": "Feature", "properties": {"drain_type": "SWD", "material": "Concrete", "status": "Good", "ward": "N006", "zone": "N01", "source": "Greater Chennai Corporation", "year": "2024", "shedId": "KOSAS"}, "geometry": {"type": "LineString", "coordinates": [[80.29827, 13.17663], [80.29805, 13.17598]]}}, {"type": "Feature", "properties": {"drain_type": "SWD", "material": "Concrete", "status": "Good", "ward": "N006", "zone": "N01", "source": "Greater Chennai Corporation", "year": "2024", "shedId": "KOSAS"}, "geometry": {"type": "LineString", "coordinates": [[80.29805, 13.17599], [80.29914, 13.17566]]}}, {"type": "Feature", "properties": {"drain_type": "SWD", "material": "Concrete", "status": "Good", "ward": "N006", "zone": "N01", "source": "Greater Chennai Corporation", "year": "2024", "shedId": "KOSAS"}, "geometry": {"type": "LineString", "coordinates": [[80.29893, 13.17573], [80.29908, 13.17634]]}}, {"type": "Feature", "properties": {"drain_type": "SWD", "material": "Concrete", "status": "Good", "ward": "N006", "zone": "N01", "source": "Greater Chennai Corporation", "year": "2024", "shedId": "KOSAS"}, "geometry": {"type": "LineString", "coordinates": [[80.29844, 13.17653], [80.29884, 13.17641], [80.29908, 13.17634]]}}, {"type": "Feature", "properties": {"drain_type": "SWD", "material": "Concrete", "status": "Good", "ward": "N006", "zone": "N01", "source": "Greater Chennai Corporation", "year": "2024", "shedId": "KOSAS"}, "geometry": {"type": "LineString", "coordinates": [[80.29852, 13.17637], [80.29903, 13.17618]]}}, {"type": "Feature", "properties": {"drain_type": "SWD", "material": "Concrete", "status": "Good", "ward": "N006", "zone": "N01", "source": "Greater Chennai Corporation", "year": "2024", "shedId": "KOSAS"}, "geometry": {"type": "LineString", "coordinates": [[80.29884, 13.17417], [80.30003, 13.1739], [80.30011, 13.17413]]}}, {"type": "Feature", "properties": {"drain_type": "Side Drain", "material": "Concrete", "status": "Bad", "ward": "N006", "zone": "N01", "source": "Greater Chennai Corporation", "year": "2024", "shedId": "KOSAS"}, "geometry": {"type": "LineString", "coordinates": [[80.2989, 13.17418], [80.29898, 13.17432], [80.29973, 13.17416]]}}, {"type": "Feature", "properties": {"drain_type": "Side Drain", "material": "Concrete", "status": "Bad", "ward": "N006", "zone": "N01", "source": "Greater Chennai Corporation", "year": "2024", "shedId": "KOSAS"}, "geometry": {"type": "LineString", "coordinates": [[80.29973, 13.17416], [80.30007, 13.17561]]}}, {"type": "Feature", "properties": {"drain_type": "SWD", "material": "Concrete", "status": "Good", "ward": "N006", "zone": "N01", "source": "Greater Chennai Corporation", "year": "2024", "shedId": "KOSAS"}, "geometry": {"type": "LineString", "coordinates": [[80.30007, 13.17561], [80.2992, 13.17591]]}}, {"type": "Feature", "properties": {"drain_type": "SWD", "material": "Concrete", "status": "Good", "ward": "N006", "zone": "N01", "source": "Greater Chennai Corporation", "year": "2024", "shedId": "KOSAS"}, "geometry": {"type": "LineString", "coordinates": [[80.2992, 13.17591], [80.29911, 13.17552]]}}, {"type": "Feature", "properties": {"drain_type": "SWD", "material": "Concrete", "status": "Good", "ward": "N006", "zone": "N01", "source": "Greater Chennai Corporation", "year": "2024", "shedId": "KOSAS"}, "geometry": {"type": "LineString", "coordinates": [[80.29911, 13.17552], [80.29982, 13.17526]]}}, {"type": "Feature", "properties": {"drain_type": "Side Drain", "material": "Concrete", "status": "Bad", "ward": "N006", "zone": "N01", "source": "Greater Chennai Corporation", "year": "2024", "shedId": "KOSAS"}, "geometry": {"type": "LineString", "coordinates": [[80.29973, 13.1742], [80.30011, 13.17412]]}}, {"type": "Feature", "properties": {"drain_type": "SWD", "material": "Concrete", "status": "Good", "ward": "N006", "zone": "N01", "source": "Greater Chennai Corporation", "year": "2024", "shedId": "KOSAS"}, "geometry": {"type": "LineString", "coordinates": [[80.29986, 13.17659], [80.29972, 13.17624], [80.30053, 13.17593]]}}, {"type": "Feature", "properties": {"drain_type": "SWD", "material": "Concrete", "status": "Good", "ward": "N006", "zone": "N01", "source": "Greater Chennai Corporation", "year": "2024", "shedId": "KOSAS"}, "geometry": {"type": "LineString", "coordinates": [[80.30063, 13.17628], [80.30032, 13.17488]]}}, {"type": "Feature", "properties": {"drain_type": "SWD", "material": "Concrete", "status": "Good", "ward": "N006", "zone": "N01", "source": "Greater Chennai Corporation", "year": "2024", "shedId": "KOSAS"}, "geometry": {"type": "LineString", "coordinates": [[80.2999, 13.17505], [80.30034, 13.17495]]}}, {"type": "Feature", "properties": {"drain_type": "Side Drain", "material": "Concrete", "status": "Bad", "ward": "N006", "zone": "N01", "source": "Greater Chennai Corporation", "year": "2024", "shedId": "KOSAS"}, "geometry": {"type": "LineString", "coordinates": [[80.30028, 13.17496], [80.30006, 13.17413]]}}, {"type": "Feature", "properties": {"drain_type": "Side Drain", "material": "Concrete", "status": "Bad", "ward": "N006", "zone": "N01", "source": "Greater Chennai Corporation", "year": "2024", "shedId": "KOSAS"}, "geometry": {"type": "LineString", "coordinates": [[80.30111, 13.17536], [80.30042, 13.17551]]}}, {"type": "Feature", "properties": {"drain_type": "Side Drain", "material": "Concrete", "status": "Bad", "ward": "N006", "zone": "N01", "source": "Greater Chennai Corporation", "year": "2024", "shedId": "KOSAS"}, "geometry": {"type": "LineString", "coordinates": [[80.30121, 13.17574], [80.30052, 13.17588]]}}, {"type": "Feature", "properties": {"drain_type": "Side Drain", "material": "Concrete", "status": "Bad", "ward": "N006", "zone": "N01", "source": "Greater Chennai Corporation", "year": "2024", "shedId": "KOSAS"}, "geometry": {"type": "LineString", "coordinates": [[80.29603, 13.17915], [80.29403, 13.17981]]}}, {"type": "Feature", "properties": {"drain_type": "Side Drain", "material": "Concrete", "status": "Bad", "ward": "N006", "zone": "N01", "source": "Greater Chennai Corporation", "year": "2024", "shedId": "KOSAS"}, "geometry": {"type": "LineString", "coordinates": [[80.29904, 13.18104], [80.30006, 13.18057]]}}, {"type": "Feature", "properties": {"drain_type": "SWD", "material": "Concrete", "status": "Good", "ward": "N006", "zone": "N01", "source": "Greater Chennai Corporation", "year": "2024", "shedId": "KOSAS"}, "geometry": {"type": "LineString", "coordinates": [[80.29976, 13.18071], [80.30039, 13.1814], [80.30055, 13.18133]]}}, {"type": "Feature", "properties": {"drain_type": "Side Drain", "material": "Concrete", "status": "Bad", "ward": "N006", "zone": "N01", "source": "Greater Chennai Corporation", "year": "2024", "shedId": "KOSAS"}, "geometry": {"type": "LineString", "coordinates": [[80.30027, 13.18233], [80.30084, 13.18202]]}}, {"type": "Feature", "properties": {"drain_type": "SWD", "material": "Concrete", "status": "Good", "ward": "N006", "zone": "N01", "source": "Greater Chennai Corporation", "year": "2024", "shedId": "KOSAS"}, "geometry": {"type": "LineString", "coordinates": [[80.30065, 13.18163], [80.30092, 13.18236], [80.30114, 13.18258]]}}, {"type": "Feature", "properties": {"drain_type": "Side Drain", "material": "Concrete", "status": "Bad", "ward": "N006", "zone": "N01", "source": "Greater Chennai Corporation", "year": "2024", "shedId": "KOSAS"}, "geometry": {"type": "LineString", "coordinates": [[80.30076, 13.18282], [80.30131, 13.18249]]}}, {"type": "Feature", "properties": {"drain_type": "SWD", "material": "Concrete", "status": "Good", "ward": "N006", "zone": "N01", "source": "Greater Chennai Corporation", "year": "2024", "shedId": "KOSAS"}, "geometry": {"type": "LineString", "coordinates": [[80.30256, 13.18406], [80.30195, 13.18291]]}}, {"type": "Feature", "properties": {"drain_type": "Side Drain", "material": "Concrete", "status": "Bad", "ward": "N006", "zone": "N01", "source": "Greater Chennai Corporation", "year": "2024", "shedId": "KOSAS"}, "geometry": {"type": "LineString", "coordinates": [[80.30255, 13.18286], [80.30246, 13.18267]]}}, {"type": "Feature", "properties": {"drain_type": "SWD", "material": "Concrete", "status": "Good", "ward": "N006", "zone": "N01", "source": "Greater Chennai Corporation", "year": "2024", "shedId": "KOSAS"}, "geometry": {"type": "LineString", "coordinates": [[80.30168, 13.18377], [80.30225, 13.18348]]}}, {"type": "Feature", "properties": {"drain_type": "SWD", "material": "Concrete", "status": "Good", "ward": "N006", "zone": "N01", "source": "Greater Chennai Corporation", "year": "2024", "shedId": "KOSAS"}, "geometry": {"type": "LineString", "coordinates": [[80.3017, 13.1727], [80.30209, 13.17527]]}}, {"type": "Feature", "properties": {"drain_type": "SWD", "material": "Concrete", "status": "Good", "ward": "N006", "zone": "N01", "source": "Greater Chennai Corporation", "year": "2024", "shedId": "KOSAS"}, "geometry": {"type": "LineString", "coordinates": [[80.30314, 13.17507], [80.30151, 13.17539]]}}, {"type": "Feature", "properties": {"drain_type": "SWD", "material": "Concrete", "status": "Good", "ward": "N006", "zone": "N01", "source": "Greater Chennai Corporation", "year": "2024", "shedId": "KOSAS"}, "geometry": {"type": "LineString", "coordinates": [[80.30151, 13.17539], [80.30168, 13.17628]]}}, {"type": "Feature", "properties": {"drain_type": "Side Drain", "material": "Concrete", "status": "Bad", "ward": "N006", "zone": "N01", "source": "Greater Chennai Corporation", "year": "2024", "shedId": "KOSAS"}, "geometry": {"type": "LineString", "coordinates": [[80.30251, 13.17519], [80.30219, 13.17404], [80.30194, 13.17407]]}}, {"type": "Feature", "properties": {"drain_type": "Side Drain", "material": "Concrete", "status": "Bad", "ward": "N006", "zone": "N01", "source": "Greater Chennai Corporation", "year": "2024", "shedId": "KOSAS"}, "geometry": {"type": "LineString", "coordinates": [[80.30107, 13.17501], [80.30206, 13.17478]]}}, {"type": "Feature", "properties": {"drain_type": "Side Drain", "material": "Concrete", "status": "Bad", "ward": "N006", "zone": "N01", "source": "Greater Chennai Corporation", "year": "2024", "shedId": "KOSAS"}, "geometry": {"type": "LineString", "coordinates": [[80.30164, 13.17485], [80.3015, 13.17363], [80.30157, 13.17361]]}}, {"type": "Feature", "properties": {"drain_type": "Side Drain", "material": "Concrete", "status": "Bad", "ward": "N006", "zone": "N01", "source": "Greater Chennai Corporation", "year": "2024", "shedId": "KOSAS"}, "geometry": {"type": "LineString", "coordinates": [[80.30154, 13.17402], [80.30191, 13.17395]]}}, {"type": "Feature", "properties": {"drain_type": "Side Drain", "material": "Concrete", "status": "Bad", "ward": "N006", "zone": "N01", "source": "Greater Chennai Corporation", "year": "2024", "shedId": "KOSAS"}, "geometry": {"type": "LineString", "coordinates": [[80.30182, 13.17356], [80.30187, 13.17355], [80.30201, 13.1735]]}}, {"type": "Feature", "properties": {"drain_type": "Side Drain", "material": "Concrete", "status": "Bad", "ward": "N006", "zone": "N01", "source": "Greater Chennai Corporation", "year": "2024", "shedId": "KOSAS"}, "geometry": {"type": "LineString", "coordinates": [[80.30132, 13.17337], [80.30176, 13.17327]]}}, {"type": "Feature", "properties": {"drain_type": "Side Drain", "material": "Concrete", "status": "Bad", "ward": "N006", "zone": "N01", "source": "Greater Chennai Corporation", "year": "2024", "shedId": "KOSAS"}, "geometry": {"type": "LineString", "coordinates": [[80.30126, 13.17313], [80.30173, 13.17293]]}}, {"type": "Feature", "properties": {"drain_type": "Side Drain", "material": "Concrete", "status": "Bad", "ward": "N006", "zone": "N01", "source": "Greater Chennai Corporation", "year": "2024", "shedId": "KOSAS"}, "geometry": {"type": "LineString", "coordinates": [[80.29449, 13.17647], [80.29888, 13.18149], [80.3017, 13.18435]]}}, {"type": "Feature", "properties": {"drain_type": "SWD", "material": "Concrete", "status": "Good", "ward": "N006", "zone": "N01", "source": "Greater Chennai Corporation", "year": "2024", "shedId": "KOSAS"}, "geometry": {"type": "LineString", "coordinates": [[80.30121, 13.18255], [80.30187, 13.18319], [80.30301, 13.18262]]}}, {"type": "Feature", "properties": {"drain_type": "Side Drain", "material": "Concrete", "status": "Bad", "ward": "N006", "zone": "N01", "source": "Greater Chennai Corporation", "year": "2024", "shedId": "KOSAS"}, "geometry": {"type": "LineString", "coordinates": [[80.29819, 13.17896], [80.29908, 13.1786]]}}, {"type": "Feature", "properties": {"drain_type": "Side Drain", "material": "Concrete", "status": "Good", "ward": "N006", "zone": "N01", "source": "Greater Chennai Corporation", "year": "2024", "shedId": "KOSAS"}, "geometry": {"type": "LineString", "coordinates": [[80.29908, 13.1786], [80.30024, 13.17805]]}}, {"type": "Feature", "properties": {"drain_type": "SWD", "material": "Concrete", "status": "Good", "ward": "N006", "zone": "N01", "source": "Greater Chennai Corporation", "year": "2024", "shedId": "KOSAS"}, "geometry": {"type": "LineString", "coordinates": [[80.29541, 13.17563], [80.29599, 13.17558], [80.29597, 13.17578], [80.29664, 13.17574]]}}, {"type": "Feature", "properties": {"drain_type": "Side Drain", "material": "Concrete", "status": "Bad", "ward": "N006", "zone": "N01", "source": "Greater Chennai Corporation", "year": "2024", "shedId": "KOSAS"}, "geometry": {"type": "LineString", "coordinates": [[80.29664, 13.17574], [80.29766, 13.17556], [80.29863, 13.17503]]}}, {"type": "Feature", "properties": {"drain_type": "SWD", "material": "Concrete", "status": "Good", "ward": "N006", "zone": "N01", "source": "Greater Chennai Corporation", "year": "2024", "shedId": "KOSAS"}, "geometry": {"type": "LineString", "coordinates": [[80.2951, 13.17305], [80.29646, 13.17274], [80.29808, 13.17278]]}}, {"type": "Feature", "properties": {"drain_type": "Side Drain", "material": "Concrete", "status": "Bad", "ward": "N006", "zone": "N01", "source": "Greater Chennai Corporation", "year": "2024", "shedId": "KOSAS"}, "geometry": {"type": "LineString", "coordinates": [[80.29808, 13.17278], [80.29782, 13.17162]]}}, {"type": "Feature", "properties": {"drain_type": "SWD", "material": "Concrete", "status": "Good", "ward": "N006", "zone": "N01", "source": "Greater Chennai Corporation", "year": "2024", "shedId": "KOSAS"}, "geometry": {"type": "LineString", "coordinates": [[80.29485, 13.17633], [80.29546, 13.17619], [80.29495, 13.17225]]}}, {"type": "Feature", "properties": {"drain_type": "Side Drain", "material": "Concrete", "status": "Bad", "ward": "N006", "zone": "N01", "source": "Greater Chennai Corporation", "year": "2024", "shedId": "KOSAS"}, "geometry": {"type": "LineString", "coordinates": [[80.29517, 13.17352], [80.29719, 13.1732], [80.2972, 13.17375]]}}, {"type": "Feature", "properties": {"drain_type": "Side Drain", "material": "Concrete", "status": "Bad", "ward": "N006", "zone": "N01", "source": "Greater Chennai Corporation", "year": "2024", "shedId": "KOSAS"}, "geometry": {"type": "LineString", "coordinates": [[80.2956, 13.17344], [80.29577, 13.1752], [80.29537, 13.17529]]}}, {"type": "Feature", "properties": {"drain_type": "SWD", "material": "Concrete", "status": "Good", "ward": "N064", "zone": "N06", "source": "Greater Chennai Corporation", "year": "2024", "shedId": "KOSAS"}, "geometry": {"type": "LineString", "coordinates": [[80.20685, 13.12412], [80.20729, 13.12413]]}}, {"type": "Feature", "properties": {"drain_type": "SWD", "material": "Concrete", "status": "Good", "ward": "N064", "zone": "N06", "source": "Greater Chennai Corporation", "year": "2024", "shedId": "KOSAS"}, "geometry": {"type": "LineString", "coordinates": [[80.20729, 13.12375], [80.2073, 13.12447]]}}, {"type": "Feature", "properties": {"drain_type": "SWD", "material": "Concrete", "status": "Good", "ward": "N064", "zone": "N06", "source": "Greater Chennai Corporation", "year": "2024", "shedId": "KOSAS"}, "geometry": {"type": "LineString", "coordinates": [[80.21091, 13.12499], [80.2106, 13.12767]]}}, {"type": "Feature", "properties": {"drain_type": "SWD", "material": "Concrete", "status": "Good", "ward": "N064", "zone": "N06", "source": "Greater Chennai Corporation", "year": "2024", "shedId": "KOSAS"}, "geometry": {"type": "LineString", "coordinates": [[80.21033, 13.12306], [80.21051, 13.12087], [80.2104, 13.12004]]}}, {"type": "Feature", "properties": {"drain_type": "SWD", "material": "Concrete", "status": "Good", "ward": "N064", "zone": "N06", "source": "Greater Chennai Corporation", "year": "2024", "shedId": "KOSAS"}, "geometry": {"type": "LineString", "coordinates": [[80.20964, 13.12005], [80.21237, 13.11993]]}}, {"type": "Feature", "properties": {"drain_type": "SWD", "material": "Concrete", "status": "Good", "ward": "N064", "zone": "N06", "source": "Greater Chennai Corporation", "year": "2024", "shedId": "KOSAS"}, "geometry": {"type": "LineString", "coordinates": [[80.2084, 13.12026], [80.20964, 13.12029]]}}, {"type": "Feature", "properties": {"drain_type": "SWD", "material": "Concrete", "status": "Good", "ward": "N064", "zone": "N06", "source": "Greater Chennai Corporation", "year": "2024", "shedId": "KOSAS"}, "geometry": {"type": "LineString", "coordinates": [[80.20964, 13.12029], [80.20957, 13.11907]]}}, {"type": "Feature", "properties": {"drain_type": "SWD", "material": "Concrete", "status": "Good", "ward": "N064", "zone": "N06", "source": "Greater Chennai Corporation", "year": "2024", "shedId": "KOSAS"}, "geometry": {"type": "LineString", "coordinates": [[80.20836, 13.11904], [80.20957, 13.11907]]}}, {"type": "Feature", "properties": {"drain_type": "SWD", "material": "Concrete", "status": "Good", "ward": "N064", "zone": "N06", "source": "Greater Chennai Corporation", "year": "2024", "shedId": "KOSAS"}, "geometry": {"type": "LineString", "coordinates": [[80.2096, 13.11955], [80.21091, 13.11951]]}}, {"type": "Feature", "properties": {"drain_type": "SWD", "material": "Concrete", "status": "Good", "ward": "N064", "zone": "N06", "source": "Greater Chennai Corporation", "year": "2024", "shedId": "KOSAS"}, "geometry": {"type": "LineString", "coordinates": [[80.21091, 13.11951], [80.21092, 13.11965], [80.21091, 13.1199]]}}, {"type": "Feature", "properties": {"drain_type": "SWD", "material": "Concrete", "status": "Good", "ward": "N064", "zone": "N06", "source": "Greater Chennai Corporation", "year": "2024", "shedId": "KOSAS"}, "geometry": {"type": "LineString", "coordinates": [[80.21092, 13.11934], [80.21092, 13.1182]]}}, {"type": "Feature", "properties": {"drain_type": "SWD", "material": "Concrete", "status": "Good", "ward": "N064", "zone": "N06", "source": "Greater Chennai Corporation", "year": "2024", "shedId": "KOSAS"}, "geometry": {"type": "LineString", "coordinates": [[80.21092, 13.11868], [80.21238, 13.11866]]}}, {"type": "Feature", "properties": {"drain_type": "SWD", "material": "Concrete", "status": "Good", "ward": "N064", "zone": "N06", "source": "Greater Chennai Corporation", "year": "2024", "shedId": "KOSAS"}, "geometry": {"type": "LineString", "coordinates": [[80.21247, 13.11823], [80.21247, 13.118], [80.21211, 13.11788], [80.21125, 13.11795], [80.21105, 13.11705]]}}, {"type": "Feature", "properties": {"drain_type": "SWD", "material": "Concrete", "status": "Good", "ward": "N064", "zone": "N06", "source": "Greater Chennai Corporation", "year": "2024", "shedId": "KOSAS"}, "geometry": {"type": "LineString", "coordinates": [[80.21214, 13.11789], [80.21215, 13.1179], [80.21218, 13.11813]]}}, {"type": "Feature", "properties": {"drain_type": "SWD", "material": "Concrete", "status": "Good", "ward": "N064", "zone": "N06", "source": "Greater Chennai Corporation", "year": "2024", "shedId": "KOSAS"}, "geometry": {"type": "LineString", "coordinates": [[80.21247, 13.11823], [80.21432, 13.11828]]}}, {"type": "Feature", "properties": {"drain_type": "SWD", "material": "Concrete", "status": "Bad", "ward": "N064", "zone": "N06", "source": "Greater Chennai Corporation", "year": "2024", "shedId": "KOSAS"}, "geometry": {"type": "LineString", "coordinates": [[80.21286, 13.11827], [80.21286, 13.11901]]}}, {"type": "Feature", "properties": {"drain_type": "SWD", "material": "Concrete", "status": "Good", "ward": "N064", "zone": "N06", "source": "Greater Chennai Corporation", "year": "2024", "shedId": "KOSAS"}, "geometry": {"type": "LineString", "coordinates": [[80.21284, 13.11871], [80.21431, 13.11869]]}}, {"type": "Feature", "properties": {"drain_type": "SWD", "material": "Concrete", "status": "Good", "ward": "N064", "zone": "N06", "source": "Greater Chennai Corporation", "year": "2024", "shedId": "KOSAS"}, "geometry": {"type": "LineString", "coordinates": [[80.21432, 13.11828], [80.21425, 13.12098]]}}, {"type": "Feature", "properties": {"drain_type": "SWD", "material": "Concrete", "status": "Good", "ward": "N064", "zone": "N06", "source": "Greater Chennai Corporation", "year": "2024", "shedId": "KOSAS"}, "geometry": {"type": "LineString", "coordinates": [[80.21307, 13.12098], [80.21425, 13.12098]]}}, {"type": "Feature", "properties": {"drain_type": "SWD", "material": "Concrete", "status": "Good", "ward": "N064", "zone": "N06", "source": "Greater Chennai Corporation", "year": "2024", "shedId": "KOSAS"}, "geometry": {"type": "LineString", "coordinates": [[80.21237, 13.12037], [80.21602, 13.1204]]}}, {"type": "Feature", "properties": {"drain_type": "SWD", "material": "Concrete", "status": "Good", "ward": "N064", "zone": "N06", "source": "Greater Chennai Corporation", "year": "2024", "shedId": "KOSAS"}, "geometry": {"type": "LineString", "coordinates": [[80.21237, 13.12037], [80.21237, 13.12036], [80.21237, 13.11993]]}}, {"type": "Feature", "properties": {"drain_type": "SWD", "material": "Concrete", "status": "Good", "ward": "N064", "zone": "N06", "source": "Greater Chennai Corporation", "year": "2024", "shedId": "KOSAS"}, "geometry": {"type": "LineString", "coordinates": [[80.21238, 13.11997], [80.21426, 13.11997]]}}, {"type": "Feature", "properties": {"drain_type": "SWD", "material": "Concrete", "status": "Good", "ward": "N064", "zone": "N06", "source": "Greater Chennai Corporation", "year": "2024", "shedId": "KOSAS"}, "geometry": {"type": "LineString", "coordinates": [[80.2129, 13.1195], [80.21428, 13.11956]]}}, {"type": "Feature", "properties": {"drain_type": "SWD", "material": "Concrete", "status": "Good", "ward": "N064", "zone": "N06", "source": "Greater Chennai Corporation", "year": "2024", "shedId": "KOSAS"}, "geometry": {"type": "LineString", "coordinates": [[80.21293, 13.11909], [80.2143, 13.11909]]}}, {"type": "Feature", "properties": {"drain_type": "SWD", "material": "Concrete", "status": "Good", "ward": "N064", "zone": "N06", "source": "Greater Chennai Corporation", "year": "2024", "shedId": "KOSAS"}, "geometry": {"type": "LineString", "coordinates": [[80.21222, 13.12367], [80.21228, 13.12252]]}}, {"type": "Feature", "properties": {"drain_type": "SWD", "material": "Concrete", "status": "Good", "ward": "N064", "zone": "N06", "source": "Greater Chennai Corporation", "year": "2024", "shedId": "KOSAS"}, "geometry": {"type": "LineString", "coordinates": [[80.21228, 13.12252], [80.21469, 13.12252]]}}, {"type": "Feature", "properties": {"drain_type": "SWD", "material": "Concrete", "status": "Good", "ward": "N064", "zone": "N06", "source": "Greater Chennai Corporation", "year": "2024", "shedId": "KOSAS"}, "geometry": {"type": "LineString", "coordinates": [[80.21469, 13.12252], [80.21475, 13.12232], [80.21479, 13.1205]]}}, {"type": "Feature", "properties": {"drain_type": "SWD", "material": "Concrete", "status": "Good", "ward": "N064", "zone": "N06", "source": "Greater Chennai Corporation", "year": "2024", "shedId": "KOSAS"}, "geometry": {"type": "LineString", "coordinates": [[80.21476, 13.12173], [80.21812, 13.1217], [80.21896, 13.12176]]}}, {"type": "Feature", "properties": {"drain_type": "SWD", "material": "Concrete", "status": "Good", "ward": "N064", "zone": "N06", "source": "Greater Chennai Corporation", "year": "2024", "shedId": "KOSAS"}, "geometry": {"type": "LineString", "coordinates": [[80.21609, 13.1205], [80.21607, 13.12175]]}}, {"type": "Feature", "properties": {"drain_type": "SWD", "material": "Concrete", "status": "Good", "ward": "N064", "zone": "N06", "source": "Greater Chennai Corporation", "year": "2024", "shedId": "KOSAS"}, "geometry": {"type": "LineString", "coordinates": [[80.21608, 13.12095], [80.21868, 13.12099]]}}, {"type": "Feature", "properties": {"drain_type": "SWD", "material": "Concrete", "status": "Good", "ward": "N064", "zone": "N06", "source": "Greater Chennai Corporation", "year": "2024", "shedId": "KOSAS"}, "geometry": {"type": "LineString", "coordinates": [[80.21979, 13.12219], [80.22222, 13.12223]]}}, {"type": "Feature", "properties": {"drain_type": "SWD", "material": "Concrete", "status": "Good", "ward": "N064", "zone": "N06", "source": "Greater Chennai Corporation", "year": "2024", "shedId": "KOSAS"}, "geometry": {"type": "LineString", "coordinates": [[80.21644, 13.11873], [80.21842, 13.12077], [80.21838, 13.12096]]}}, {"type": "Feature", "properties": {"drain_type": "SWD", "material": "Concrete", "status": "Good", "ward": "N064", "zone": "N06", "source": "Greater Chennai Corporation", "year": "2024", "shedId": "KOSAS"}, "geometry": {"type": "LineString", "coordinates": [[80.21764, 13.11998], [80.21766, 13.12094]]}}, {"type": "Feature", "properties": {"drain_type": "SWD", "material": "Concrete", "status": "Good", "ward": "N064", "zone": "N06", "source": "Greater Chennai Corporation", "year": "2024", "shedId": "KOSAS"}, "geometry": {"type": "LineString", "coordinates": [[80.21886, 13.12059], [80.21974, 13.12095]]}}, {"type": "Feature", "properties": {"drain_type": "SWD", "material": "Concrete", "status": "Good", "ward": "N064", "zone": "N06", "source": "Greater Chennai Corporation", "year": "2024", "shedId": "KOSAS"}, "geometry": {"type": "LineString", "coordinates": [[80.21725, 13.11928], [80.21793, 13.1194], [80.21795, 13.11957]]}}, {"type": "Feature", "properties": {"drain_type": "SWD", "material": "Concrete", "status": "Good", "ward": "N064", "zone": "N06", "source": "Greater Chennai Corporation", "year": "2024", "shedId": "KOSAS"}, "geometry": {"type": "LineString", "coordinates": [[80.21258, 13.11683], [80.21151, 13.11666], [80.21113, 13.11682]]}}, {"type": "Feature", "properties": {"drain_type": "SWD", "material": "Concrete", "status": "Good", "ward": "N064", "zone": "N06", "source": "Greater Chennai Corporation", "year": "2024", "shedId": "KOSAS"}, "geometry": {"type": "LineString", "coordinates": [[80.21902, 13.12116], [80.21888, 13.1237]]}}, {"type": "Feature", "properties": {"drain_type": "SWD", "material": "Concrete", "status": "Good", "ward": "N064", "zone": "N06", "source": "Greater Chennai Corporation", "year": "2024", "shedId": "KOSAS"}, "geometry": {"type": "LineString", "coordinates": [[80.21653, 13.12365], [80.21888, 13.1237]]}}, {"type": "Feature", "properties": {"drain_type": "SWD", "material": "Concrete", "status": "Good", "ward": "N064", "zone": "N06", "source": "Greater Chennai Corporation", "year": "2024", "shedId": "KOSAS"}, "geometry": {"type": "LineString", "coordinates": [[80.21891, 13.12304], [80.22043, 13.12308]]}}, {"type": "Feature", "properties": {"drain_type": "SWD", "material": "Concrete", "status": "Good", "ward": "N064", "zone": "N06", "source": "Greater Chennai Corporation", "year": "2024", "shedId": "KOSAS"}, "geometry": {"type": "LineString", "coordinates": [[80.22046, 13.12237], [80.22043, 13.12368]]}}, {"type": "Feature", "properties": {"drain_type": "SWD", "material": "Concrete", "status": "Good", "ward": "N064", "zone": "N06", "source": "Greater Chennai Corporation", "year": "2024", "shedId": "KOSAS"}, "geometry": {"type": "LineString", "coordinates": [[80.22043, 13.12368], [80.22141, 13.1237]]}}, {"type": "Feature", "properties": {"drain_type": "Side Drain", "material": "Concrete", "status": "Bad", "ward": "N064", "zone": "N06", "source": "Greater Chennai Corporation", "year": "2024", "shedId": "KOSAS"}, "geometry": {"type": "LineString", "coordinates": [[80.22021, 13.12332], [80.22038, 13.12331], [80.22042, 13.12331]]}}, {"type": "Feature", "properties": {"drain_type": "SWD", "material": "Concrete", "status": "Good", "ward": "N064", "zone": "N06", "source": "Greater Chennai Corporation", "year": "2024", "shedId": "KOSAS"}, "geometry": {"type": "LineString", "coordinates": [[80.22046, 13.12237], [80.2213, 13.12237]]}}, {"type": "Feature", "properties": {"drain_type": "SWD", "material": "Concrete", "status": "Good", "ward": "N064", "zone": "N06", "source": "Greater Chennai Corporation", "year": "2024", "shedId": "KOSAS"}, "geometry": {"type": "LineString", "coordinates": [[80.22129, 13.12327], [80.22142, 13.12328], [80.22152, 13.12439]]}}, {"type": "Feature", "properties": {"drain_type": "SWD", "material": "Concrete", "status": "Good", "ward": "N064", "zone": "N06", "source": "Greater Chennai Corporation", "year": "2024", "shedId": "KOSAS"}, "geometry": {"type": "LineString", "coordinates": [[80.21757, 13.12527], [80.2188, 13.12532], [80.21932, 13.12598]]}}, {"type": "Feature", "properties": {"drain_type": "SWD", "material": "Concrete", "status": "Good", "ward": "N064", "zone": "N06", "source": "Greater Chennai Corporation", "year": "2024", "shedId": "KOSAS"}, "geometry": {"type": "LineString", "coordinates": [[80.21932, 13.12598], [80.22246, 13.12372], [80.22341, 13.12253], [80.22382, 13.12137]]}}, {"type": "Feature", "properties": {"drain_type": "SWD", "material": "Concrete", "status": "Good", "ward": "N064", "zone": "N06", "source": "Greater Chennai Corporation", "year": "2024", "shedId": "KOSAS"}, "geometry": {"type": "LineString", "coordinates": [[80.21864, 13.12414], [80.21865, 13.12529]]}}, {"type": "Feature", "properties": {"drain_type": "SWD", "material": "Concrete", "status": "Good", "ward": "N064", "zone": "N06", "source": "Greater Chennai Corporation", "year": "2024", "shedId": "KOSAS"}, "geometry": {"type": "LineString", "coordinates": [[80.21865, 13.12482], [80.22006, 13.12486]]}}, {"type": "Feature", "properties": {"drain_type": "Side Drain", "material": "Concrete", "status": "Bad", "ward": "N064", "zone": "N06", "source": "Greater Chennai Corporation", "year": "2024", "shedId": "KOSAS"}, "geometry": {"type": "LineString", "coordinates": [[80.2203, 13.12433], [80.22028, 13.1251], [80.22039, 13.12524]]}}, {"type": "Feature", "properties": {"drain_type": "SWD", "material": "Concrete", "status": "Good", "ward": "N064", "zone": "N06", "source": "Greater Chennai Corporation", "year": "2024", "shedId": "KOSAS"}, "geometry": {"type": "LineString", "coordinates": [[80.22163, 13.12431], [80.22187, 13.12466], [80.2221, 13.12585]]}}, {"type": "Feature", "properties": {"drain_type": "SWD", "material": "Concrete", "status": "Good", "ward": "N064", "zone": "N06", "source": "Greater Chennai Corporation", "year": "2024", "shedId": "KOSAS"}, "geometry": {"type": "LineString", "coordinates": [[80.22131, 13.12261], [80.22221, 13.12263]]}}, {"type": "Feature", "properties": {"drain_type": "SWD", "material": "Concrete", "status": "Good", "ward": "N064", "zone": "N06", "source": "Greater Chennai Corporation", "year": "2024", "shedId": "KOSAS"}, "geometry": {"type": "LineString", "coordinates": [[80.22179, 13.11813], [80.2227, 13.118]]}}, {"type": "Feature", "properties": {"drain_type": "SWD", "material": "Concrete", "status": "Good", "ward": "N064", "zone": "N06", "source": "Greater Chennai Corporation", "year": "2024", "shedId": "KOSAS"}, "geometry": {"type": "LineString", "coordinates": [[80.22204, 13.11735], [80.22223, 13.11804]]}}, {"type": "Feature", "properties": {"drain_type": "SWD", "material": "Concrete", "status": "Good", "ward": "N064", "zone": "N06", "source": "Greater Chennai Corporation", "year": "2024", "shedId": "KOSAS"}, "geometry": {"type": "LineString", "coordinates": [[80.22232, 13.12007], [80.22225, 13.12308]]}}, {"type": "Feature", "properties": {"drain_type": "SWD", "material": "Concrete", "status": "Good", "ward": "N064", "zone": "N06", "source": "Greater Chennai Corporation", "year": "2024", "shedId": "KOSAS"}, "geometry": {"type": "LineString", "coordinates": [[80.22483, 13.12467], [80.22498, 13.12564], [80.22471, 13.12935]]}}, {"type": "Feature", "properties": {"drain_type": "SWD", "material": "Concrete", "status": "Good", "ward": "N064", "zone": "N06", "source": "Greater Chennai Corporation", "year": "2024", "shedId": "KOSAS"}, "geometry": {"type": "LineString", "coordinates": [[80.22413, 13.12518], [80.22495, 13.12521]]}}, {"type": "Feature", "properties": {"drain_type": "SWD", "material": "Concrete", "status": "Good", "ward": "N064", "zone": "N06", "source": "Greater Chennai Corporation", "year": "2024", "shedId": "KOSAS"}, "geometry": {"type": "LineString", "coordinates": [[80.22346, 13.12554], [80.22498, 13.12562]]}}, {"type": "Feature", "properties": {"drain_type": "SWD", "material": "Concrete", "status": "Good", "ward": "N064", "zone": "N06", "source": "Greater Chennai Corporation", "year": "2024", "shedId": "KOSAS"}, "geometry": {"type": "LineString", "coordinates": [[80.22402, 13.12595], [80.22496, 13.12599]]}}, {"type": "Feature", "properties": {"drain_type": "SWD", "material": "Concrete", "status": "Good", "ward": "N064", "zone": "N06", "source": "Greater Chennai Corporation", "year": "2024", "shedId": "KOSAS"}, "geometry": {"type": "LineString", "coordinates": [[80.22141, 13.12655], [80.2241, 13.12665]]}}, {"type": "Feature", "properties": {"drain_type": "SWD", "material": "Concrete", "status": "Good", "ward": "N064", "zone": "N06", "source": "Greater Chennai Corporation", "year": "2024", "shedId": "KOSAS"}, "geometry": {"type": "LineString", "coordinates": [[80.22183, 13.12658], [80.22188, 13.12791]]}}, {"type": "Feature", "properties": {"drain_type": "SWD", "material": "Concrete", "status": "Good", "ward": "N064", "zone": "N06", "source": "Greater Chennai Corporation", "year": "2024", "shedId": "KOSAS"}, "geometry": {"type": "LineString", "coordinates": [[80.22184, 13.12699], [80.22363, 13.12705]]}}, {"type": "Feature", "properties": {"drain_type": "SWD", "material": "Concrete", "status": "Good", "ward": "N064", "zone": "N06", "source": "Greater Chennai Corporation", "year": "2024", "shedId": "KOSAS"}, "geometry": {"type": "LineString", "coordinates": [[80.21462, 13.13068], [80.21471, 13.12993]]}}, {"type": "Feature", "properties": {"drain_type": "SWD", "material": "Concrete", "status": "Good", "ward": "N064", "zone": "N06", "source": "Greater Chennai Corporation", "year": "2024", "shedId": "KOSAS"}, "geometry": {"type": "LineString", "coordinates": [[80.21468, 13.12993], [80.21516, 13.13], [80.21601, 13.12993]]}}, {"type": "Feature", "properties": {"drain_type": "SWD", "material": "Concrete", "status": "Good", "ward": "N064", "zone": "N06", "source": "Greater Chennai Corporation", "year": "2024", "shedId": "KOSAS"}, "geometry": {"type": "LineString", "coordinates": [[80.21472, 13.12667], [80.21485, 13.12814], [80.21475, 13.12936]]}}, {"type": "Feature", "properties": {"drain_type": "SWD", "material": "Concrete", "status": "Good", "ward": "N064", "zone": "N06", "source": "Greater Chennai Corporation", "year": "2024", "shedId": "KOSAS"}, "geometry": {"type": "LineString", "coordinates": [[80.21607, 13.13087], [80.21601, 13.12912]]}}, {"type": "Feature", "properties": {"drain_type": "SWD", "material": "Concrete", "status": "Good", "ward": "N064", "zone": "N06", "source": "Greater Chennai Corporation", "year": "2024", "shedId": "KOSAS"}, "geometry": {"type": "LineString", "coordinates": [[80.21601, 13.12912], [80.21888, 13.12913]]}}, {"type": "Feature", "properties": {"drain_type": "SWD", "material": "Concrete", "status": "Good", "ward": "N064", "zone": "N06", "source": "Greater Chennai Corporation", "year": "2024", "shedId": "KOSAS"}, "geometry": {"type": "LineString", "coordinates": [[80.21888, 13.12913], [80.21892, 13.1279]]}}, {"type": "Feature", "properties": {"drain_type": "SWD", "material": "Concrete", "status": "Good", "ward": "N064", "zone": "N06", "source": "Greater Chennai Corporation", "year": "2024", "shedId": "KOSAS"}, "geometry": {"type": "LineString", "coordinates": [[80.21892, 13.1279], [80.22407, 13.12793]]}}, {"type": "Feature", "properties": {"drain_type": "SWD", "material": "Concrete", "status": "Good", "ward": "N064", "zone": "N06", "source": "Greater Chennai Corporation", "year": "2024", "shedId": "KOSAS"}, "geometry": {"type": "LineString", "coordinates": [[80.2241, 13.12596], [80.22407, 13.12793]]}}, {"type": "Feature", "properties": {"drain_type": "SWD", "material": "Concrete", "status": "Good", "ward": "N064", "zone": "N06", "source": "Greater Chennai Corporation", "year": "2024", "shedId": "KOSAS"}, "geometry": {"type": "LineString", "coordinates": [[80.22409, 13.12761], [80.22484, 13.12765]]}}, {"type": "Feature", "properties": {"drain_type": "SWD", "material": "Concrete", "status": "Good", "ward": "N064", "zone": "N06", "source": "Greater Chennai Corporation", "year": "2024", "shedId": "KOSAS"}, "geometry": {"type": "LineString", "coordinates": [[80.2241, 13.12649], [80.22493, 13.12652]]}}, {"type": "Feature", "properties": {"drain_type": "SWD", "material": "Concrete", "status": "Good", "ward": "N064", "zone": "N06", "source": "Greater Chennai Corporation", "year": "2024", "shedId": "KOSAS"}, "geometry": {"type": "LineString", "coordinates": [[80.22364, 13.12793], [80.22364, 13.12663]]}}, {"type": "Feature", "properties": {"drain_type": "SWD", "material": "Concrete", "status": "Good", "ward": "N064", "zone": "N06", "source": "Greater Chennai Corporation", "year": "2024", "shedId": "KOSAS"}, "geometry": {"type": "LineString", "coordinates": [[80.22369, 13.12888], [80.22474, 13.12885]]}}, {"type": "Feature", "properties": {"drain_type": "SWD", "material": "Concrete", "status": "Good", "ward": "N064", "zone": "N06", "source": "Greater Chennai Corporation", "year": "2024", "shedId": "KOSAS"}, "geometry": {"type": "LineString", "coordinates": [[80.22336, 13.12864], [80.22359, 13.12863], [80.22364, 13.12863]]}}, {"type": "Feature", "properties": {"drain_type": "SWD", "material": "Concrete", "status": "Good", "ward": "N064", "zone": "N06", "source": "Greater Chennai Corporation", "year": "2024", "shedId": "KOSAS"}, "geometry": {"type": "LineString", "coordinates": [[80.22018, 13.12917], [80.22115, 13.12914]]}}, {"type": "Feature", "properties": {"drain_type": "SWD", "material": "Concrete", "status": "Good", "ward": "N064", "zone": "N06", "source": "Greater Chennai Corporation", "year": "2024", "shedId": "KOSAS"}, "geometry": {"type": "LineString", "coordinates": [[80.2207, 13.1279], [80.22073, 13.12855], [80.22051, 13.12857], [80.22046, 13.12917]]}}, {"type": "Feature", "properties": {"drain_type": "Side Drain", "material": "Concrete", "status": "Bad", "ward": "N064", "zone": "N06", "source": "Greater Chennai Corporation", "year": "2024", "shedId": "KOSAS"}, "geometry": {"type": "LineString", "coordinates": [[80.22115, 13.12914], [80.22113, 13.1279]]}}, {"type": "Feature", "properties": {"drain_type": "SWD", "material": "Concrete", "status": "Good", "ward": "N064", "zone": "N06", "source": "Greater Chennai Corporation", "year": "2024", "shedId": "KOSAS"}, "geometry": {"type": "LineString", "coordinates": [[80.22241, 13.1279], [80.22272, 13.12987]]}}, {"type": "Feature", "properties": {"drain_type": "SWD", "material": "Concrete", "status": "Good", "ward": "N064", "zone": "N06", "source": "Greater Chennai Corporation", "year": "2024", "shedId": "KOSAS"}, "geometry": {"type": "LineString", "coordinates": [[80.21743, 13.12225], [80.21738, 13.12323]]}}, {"type": "Feature", "properties": {"drain_type": "SWD", "material": "Concrete", "status": "Good", "ward": "N064", "zone": "N06", "source": "Greater Chennai Corporation", "year": "2024", "shedId": "KOSAS"}, "geometry": {"type": "LineString", "coordinates": [[80.21655, 13.12322], [80.21645, 13.12429]]}}, {"type": "Feature", "properties": {"drain_type": "SWD", "material": "Concrete", "status": "Good", "ward": "N064", "zone": "N06", "source": "Greater Chennai Corporation", "year": "2024", "shedId": "KOSAS"}, "geometry": {"type": "LineString", "coordinates": [[80.21482, 13.12527], [80.21658, 13.12525]]}}, {"type": "Feature", "properties": {"drain_type": "SWD", "material": "Concrete", "status": "Good", "ward": "N064", "zone": "N06", "source": "Greater Chennai Corporation", "year": "2024", "shedId": "KOSAS"}, "geometry": {"type": "LineString", "coordinates": [[80.21193, 13.12306], [80.21225, 13.12308]]}}, {"type": "Feature", "properties": {"drain_type": "SWD", "material": "Concrete", "status": "Good", "ward": "N064", "zone": "N06", "source": "Greater Chennai Corporation", "year": "2024", "shedId": "KOSAS"}, "geometry": {"type": "LineString", "coordinates": [[80.21478, 13.11711], [80.21629, 13.11741], [80.21815, 13.11741]]}}, {"type": "Feature", "properties": {"drain_type": "SWD", "material": "Concrete", "status": "Good", "ward": "N064", "zone": "N06", "source": "Greater Chennai Corporation", "year": "2024", "shedId": "KOSAS"}, "geometry": {"type": "LineString", "coordinates": [[80.20678, 13.12583], [80.2114, 13.12839]]}}, {"type": "Feature", "properties": {"drain_type": "SWD", "material": "Concrete", "status": "Good", "ward": "N064", "zone": "N06", "source": "Greater Chennai Corporation", "year": "2024", "shedId": "KOSAS"}, "geometry": {"type": "LineString", "coordinates": [[80.22225, 13.12308], [80.22483, 13.12467]]}}, {"type": "Feature", "properties": {"drain_type": "SWD", "material": "Concrete", "status": "Good", "ward": "N064", "zone": "N06", "source": "Greater Chennai Corporation", "year": "2024", "shedId": "KOSAS"}, "geometry": {"type": "LineString", "coordinates": [[80.21645, 13.12429], [80.21657, 13.12525]]}}, {"type": "Feature", "properties": {"drain_type": "SWD", "material": "Concrete", "status": "Good", "ward": "N064", "zone": "N06", "source": "Greater Chennai Corporation", "year": "2024", "shedId": "KOSAS"}, "geometry": {"type": "LineString", "coordinates": [[80.21738, 13.12323], [80.21655, 13.12322]]}}, {"type": "Feature", "properties": {"drain_type": "SWD", "material": "Concrete", "status": "Good", "ward": "N064", "zone": "N06", "source": "Greater Chennai Corporation", "year": "2024", "shedId": "KOSAS"}, "geometry": {"type": "LineString", "coordinates": [[80.21238, 13.11866], [80.21247, 13.11825], [80.21247, 13.11823]]}}, {"type": "Feature", "properties": {"drain_type": "SWD", "material": "Concrete", "status": "Good", "ward": "N064", "zone": "N06", "source": "Greater Chennai Corporation", "year": "2024", "shedId": "KOSAS"}, "geometry": {"type": "LineString", "coordinates": [[80.21121, 13.12041], [80.21237, 13.12037]]}}, {"type": "Feature", "properties": {"drain_type": "SWD", "material": "Concrete", "status": "Good", "ward": "N064", "zone": "N06", "source": "Greater Chennai Corporation", "year": "2024", "shedId": "KOSAS"}, "geometry": {"type": "LineString", "coordinates": [[80.21868, 13.12099], [80.21977, 13.12159]]}}, {"type": "Feature", "properties": {"drain_type": "SWD", "material": "Concrete", "status": "Good", "ward": "N064", "zone": "N06", "source": "Greater Chennai Corporation", "year": "2024", "shedId": "KOSAS"}, "geometry": {"type": "LineString", "coordinates": [[80.21977, 13.12159], [80.21979, 13.12219]]}}, {"type": "Feature", "properties": {"drain_type": "SWD", "material": "Concrete", "status": "Good", "ward": "N064", "zone": "N06", "source": "Greater Chennai Corporation", "year": "2024", "shedId": "KOSAS"}, "geometry": {"type": "LineString", "coordinates": [[80.21431, 13.11842], [80.21565, 13.11851], [80.21639, 13.11883]]}}, {"type": "Feature", "properties": {"drain_type": "SWD", "material": "Concrete", "status": "Good", "ward": "N064", "zone": "N06", "source": "Greater Chennai Corporation", "year": "2024", "shedId": "KOSAS"}, "geometry": {"type": "LineString", "coordinates": [[80.21639, 13.11883], [80.21644, 13.11873]]}}, {"type": "Feature", "properties": {"drain_type": "SWD", "material": "Concrete", "status": "Good", "ward": "N064", "zone": "N06", "source": "Greater Chennai Corporation", "year": "2024", "shedId": "KOSAS"}, "geometry": {"type": "LineString", "coordinates": [[80.21868, 13.12099], [80.21886, 13.12059]]}}, {"type": "Feature", "properties": {"drain_type": "SWD", "material": "Concrete", "status": "Good", "ward": "N064", "zone": "N06", "source": "Greater Chennai Corporation", "year": "2024", "shedId": "KOSAS"}, "geometry": {"type": "LineString", "coordinates": [[80.21713, 13.1194], [80.21716, 13.11937], [80.21725, 13.11928]]}}, {"type": "Feature", "properties": {"drain_type": "SWD", "material": "Concrete", "status": "Good", "ward": "N064", "zone": "N06", "source": "Greater Chennai Corporation", "year": "2024", "shedId": "KOSAS"}, "geometry": {"type": "LineString", "coordinates": [[80.2213, 13.12237], [80.22129, 13.12327]]}}, {"type": "Feature", "properties": {"drain_type": "SWD", "material": "Concrete", "status": "Good", "ward": "N064", "zone": "N06", "source": "Greater Chennai Corporation", "year": "2024", "shedId": "KOSAS"}, "geometry": {"type": "LineString", "coordinates": [[80.21798, 13.12412], [80.21864, 13.12414]]}}, {"type": "Feature", "properties": {"drain_type": "SWD", "material": "Concrete", "status": "Good", "ward": "N064", "zone": "N06", "source": "Greater Chennai Corporation", "year": "2024", "shedId": "KOSAS"}, "geometry": {"type": "LineString", "coordinates": [[80.22365, 13.12793], [80.22363, 13.12878], [80.22369, 13.12888]]}}, {"type": "Feature", "properties": {"drain_type": "SWD", "material": "Concrete", "status": "Good", "ward": "N064", "zone": "N06", "source": "Greater Chennai Corporation", "year": "2024", "shedId": "KOSAS"}, "geometry": {"type": "LineString", "coordinates": [[80.22015, 13.12964], [80.22018, 13.12917]]}}, {"type": "Feature", "properties": {"drain_type": "SWD", "material": "Concrete", "status": "Good", "ward": "N064", "zone": "N06", "source": "Greater Chennai Corporation", "year": "2024", "shedId": "KOSAS"}, "geometry": {"type": "LineString", "coordinates": [[80.21311, 13.11686], [80.21474, 13.11727], [80.21478, 13.11711]]}}, {"type": "Feature", "properties": {"drain_type": "SWD", "material": "Concrete", "status": "Good", "ward": "N064", "zone": "N06", "source": "Greater Chennai Corporation", "year": "2024", "shedId": "KOSAS"}, "geometry": {"type": "LineString", "coordinates": [[80.21815, 13.11784], [80.21924, 13.11804]]}}, {"type": "Feature", "properties": {"drain_type": "SWD", "material": "Concrete", "status": "Good", "ward": "N064", "zone": "N06", "source": "Greater Chennai Corporation", "year": "2024", "shedId": "KOSAS"}, "geometry": {"type": "LineString", "coordinates": [[80.21815, 13.11741], [80.21815, 13.11784]]}}, {"type": "Feature", "properties": {"drain_type": "SWD", "material": "Concrete", "status": "Good", "ward": "N064", "zone": "N06", "source": "Greater Chennai Corporation", "year": "2024", "shedId": "KOSAS"}, "geometry": {"type": "LineString", "coordinates": [[80.22284, 13.12344], [80.22369, 13.12394]]}}, {"type": "Feature", "properties": {"drain_type": "SWD", "material": "Concrete", "status": "Good", "ward": "N66", "zone": "N06", "source": "Greater Chennai Corporation", "year": "2024", "shedId": "KOSAS"}, "geometry": {"type": "LineString", "coordinates": [[80.2196, 13.1139], [80.2246, 13.11182], [80.22648, 13.11121]]}}, {"type": "Feature", "properties": {"drain_type": "SWD", "material": "Concrete", "status": "Good", "ward": "N66", "zone": "N06", "source": "Greater Chennai Corporation", "year": "2024", "shedId": "KOSAS"}, "geometry": {"type": "LineString", "coordinates": [[80.22648, 13.11121], [80.22839, 13.11772]]}}, {"type": "Feature", "properties": {"drain_type": "SWD", "material": "Concrete", "status": "Good", "ward": "N66", "zone": "N06", "source": "Greater Chennai Corporation", "year": "2024", "shedId": "KOSAS"}, "geometry": {"type": "LineString", "coordinates": [[80.22151, 13.11311], [80.22231, 13.11506]]}}, {"type": "Feature", "properties": {"drain_type": "SWD", "material": "Concrete", "status": "Good", "ward": "N66", "zone": "N06", "source": "Greater Chennai Corporation", "year": "2024", "shedId": "KOSAS"}, "geometry": {"type": "LineString", "coordinates": [[80.22338, 13.11236], [80.22498, 13.11631], [80.22498, 13.11645]]}}, {"type": "Feature", "properties": {"drain_type": "SWD", "material": "Concrete", "status": "Good", "ward": "N66", "zone": "N06", "source": "Greater Chennai Corporation", "year": "2024", "shedId": "KOSAS"}, "geometry": {"type": "LineString", "coordinates": [[80.22541, 13.11331], [80.2257, 13.114]]}}, {"type": "Feature", "properties": {"drain_type": "SWD", "material": "Concrete", "status": "Good", "ward": "N66", "zone": "N06", "source": "Greater Chennai Corporation", "year": "2024", "shedId": "KOSAS"}, "geometry": {"type": "LineString", "coordinates": [[80.21949, 13.1159], [80.22083, 13.1159], [80.22718, 13.11346]]}}, {"type": "Feature", "properties": {"drain_type": "SWD", "material": "Concrete", "status": "Good", "ward": "N66", "zone": "N06", "source": "Greater Chennai Corporation", "year": "2024", "shedId": "KOSAS"}, "geometry": {"type": "LineString", "coordinates": [[80.22236, 13.11529], [80.22301, 13.11681]]}}, {"type": "Feature", "properties": {"drain_type": "SWD", "material": "Concrete", "status": "Good", "ward": "N66", "zone": "N06", "source": "Greater Chennai Corporation", "year": "2024", "shedId": "KOSAS"}, "geometry": {"type": "LineString", "coordinates": [[80.22085, 13.11589], [80.2215, 13.11751]]}}, {"type": "Feature", "properties": {"drain_type": "SWD", "material": "Concrete", "status": "Good", "ward": "N66", "zone": "N06", "source": "Greater Chennai Corporation", "year": "2024", "shedId": "KOSAS"}, "geometry": {"type": "LineString", "coordinates": [[80.21945, 13.11795], [80.22025, 13.11801], [80.22299, 13.1168], [80.22604, 13.11624], [80.22754, 13.11618]]}}, {"type": "Feature", "properties": {"drain_type": "SWD", "material": "Concrete", "status": "Good", "ward": "N66", "zone": "N06", "source": "Greater Chennai Corporation", "year": "2024", "shedId": "KOSAS"}, "geometry": {"type": "LineString", "coordinates": [[80.22324, 13.11724], [80.22607, 13.11678]]}}, {"type": "Feature", "properties": {"drain_type": "SWD", "material": "Concrete", "status": "Good", "ward": "N66", "zone": "N06", "source": "Greater Chennai Corporation", "year": "2024", "shedId": "KOSAS"}, "geometry": {"type": "LineString", "coordinates": [[80.22348, 13.11767], [80.22496, 13.11742]]}}, {"type": "Feature", "properties": {"drain_type": "SWD", "material": "Concrete", "status": "Good", "ward": "N66", "zone": "N06", "source": "Greater Chennai Corporation", "year": "2024", "shedId": "KOSAS"}, "geometry": {"type": "LineString", "coordinates": [[80.2265, 13.11621], [80.2265, 13.11656]]}}, {"type": "Feature", "properties": {"drain_type": "SWD", "material": "Concrete", "status": "Good", "ward": "N66", "zone": "N06", "source": "Greater Chennai Corporation", "year": "2024", "shedId": "KOSAS"}, "geometry": {"type": "LineString", "coordinates": [[80.22607, 13.11624], [80.22607, 13.11733], [80.22629, 13.11796], [80.22686, 13.11776]]}}, {"type": "Feature", "properties": {"drain_type": "SWD", "material": "Concrete", "status": "Good", "ward": "N66", "zone": "N06", "source": "Greater Chennai Corporation", "year": "2024", "shedId": "KOSAS"}, "geometry": {"type": "LineString", "coordinates": [[80.22527, 13.11781], [80.22418, 13.11896]]}}, {"type": "Feature", "properties": {"drain_type": "SWD", "material": "Concrete", "status": "Good", "ward": "N66", "zone": "N06", "source": "Greater Chennai Corporation", "year": "2024", "shedId": "KOSAS"}, "geometry": {"type": "LineString", "coordinates": [[80.22374, 13.11763], [80.22384, 13.11793], [80.22442, 13.11868]]}}, {"type": "Feature", "properties": {"drain_type": "SWD", "material": "Concrete", "status": "Good", "ward": "N66", "zone": "N06", "source": "Greater Chennai Corporation", "year": "2024", "shedId": "KOSAS"}, "geometry": {"type": "LineString", "coordinates": [[80.22366, 13.1191], [80.22513, 13.1194]]}}, {"type": "Feature", "properties": {"drain_type": "SWD", "material": "Concrete", "status": "Good", "ward": "N66", "zone": "N06", "source": "Greater Chennai Corporation", "year": "2024", "shedId": "KOSAS"}, "geometry": {"type": "LineString", "coordinates": [[80.22393, 13.12005], [80.22551, 13.11822], [80.22618, 13.11765]]}}, {"type": "Feature", "properties": {"drain_type": "SWD", "material": "Concrete", "status": "Good", "ward": "N66", "zone": "N06", "source": "Greater Chennai Corporation", "year": "2024", "shedId": "KOSAS"}, "geometry": {"type": "LineString", "coordinates": [[80.22611, 13.11129], [80.22754, 13.11622]]}}, {"type": "Feature", "properties": {"drain_type": "SWD", "material": "Concrete", "status": "Good", "ward": "N66", "zone": "N06", "source": "Greater Chennai Corporation", "year": "2024", "shedId": "KOSAS"}, "geometry": {"type": "LineString", "coordinates": [[80.22664, 13.1142], [80.22682, 13.11415], [80.22691, 13.11412]]}}, {"type": "Feature", "properties": {"drain_type": "SWD", "material": "Concrete", "status": "Good", "ward": "N66", "zone": "N06", "source": "Greater Chennai Corporation", "year": "2024", "shedId": "KOSAS"}, "geometry": {"type": "LineString", "coordinates": [[80.22671, 13.11138], [80.22729, 13.1133]]}}, {"type": "Feature", "properties": {"drain_type": "SWD", "material": "Concrete", "status": "Good", "ward": "N66", "zone": "N06", "source": "Greater Chennai Corporation", "year": "2024", "shedId": "KOSAS"}, "geometry": {"type": "LineString", "coordinates": [[80.22728, 13.1133], [80.23091, 13.11238], [80.23157, 13.11236]]}}, {"type": "Feature", "properties": {"drain_type": "SWD", "material": "Concrete", "status": "Good", "ward": "N66", "zone": "N06", "source": "Greater Chennai Corporation", "year": "2024", "shedId": "KOSAS"}, "geometry": {"type": "LineString", "coordinates": [[80.22914, 13.11285], [80.22881, 13.11156]]}}, {"type": "Feature", "properties": {"drain_type": "SWD", "material": "Concrete", "status": "Good", "ward": "N66", "zone": "N06", "source": "Greater Chennai Corporation", "year": "2024", "shedId": "KOSAS"}, "geometry": {"type": "LineString", "coordinates": [[80.22783, 13.11266], [80.22903, 13.11235]]}}, {"type": "Feature", "properties": {"drain_type": "SWD", "material": "Concrete", "status": "Good", "ward": "N66", "zone": "N06", "source": "Greater Chennai Corporation", "year": "2024", "shedId": "KOSAS"}, "geometry": {"type": "LineString", "coordinates": [[80.22674, 13.11146], [80.22846, 13.11102]]}}, {"type": "Feature", "properties": {"drain_type": "SWD", "material": "Concrete", "status": "Good", "ward": "N66", "zone": "N06", "source": "Greater Chennai Corporation", "year": "2024", "shedId": "KOSAS"}, "geometry": {"type": "LineString", "coordinates": [[80.2281, 13.11669], [80.2295, 13.11619], [80.2302, 13.11573]]}}, {"type": "Feature", "properties": {"drain_type": "SWD", "material": "Concrete", "status": "Good", "ward": "N66", "zone": "N06", "source": "Greater Chennai Corporation", "year": "2024", "shedId": "KOSAS"}, "geometry": {"type": "LineString", "coordinates": [[80.23068, 13.11444], [80.23017, 13.11443], [80.23024, 13.11399]]}}, {"type": "Feature", "properties": {"drain_type": "SWD", "material": "Concrete", "status": "Good", "ward": "N66", "zone": "N06", "source": "Greater Chennai Corporation", "year": "2024", "shedId": "KOSAS"}, "geometry": {"type": "LineString", "coordinates": [[80.22968, 13.11285], [80.22982, 13.11335], [80.22976, 13.11398]]}}, {"type": "Feature", "properties": {"drain_type": "SWD", "material": "Concrete", "status": "Good", "ward": "N66", "zone": "N06", "source": "Greater Chennai Corporation", "year": "2024", "shedId": "KOSAS"}, "geometry": {"type": "LineString", "coordinates": [[80.22976, 13.11398], [80.23073, 13.11399]]}}, {"type": "Feature", "properties": {"drain_type": "SWD", "material": "Concrete", "status": "Good", "ward": "N66", "zone": "N06", "source": "Greater Chennai Corporation", "year": "2024", "shedId": "KOSAS"}, "geometry": {"type": "LineString", "coordinates": [[80.23061, 13.11255], [80.22992, 13.11017]]}}, {"type": "Feature", "properties": {"drain_type": "SWD", "material": "Concrete", "status": "Good", "ward": "N66", "zone": "N06", "source": "Greater Chennai Corporation", "year": "2024", "shedId": "KOSAS"}, "geometry": {"type": "LineString", "coordinates": [[80.22992, 13.11017], [80.22896, 13.11042]]}}, {"type": "Feature", "properties": {"drain_type": "SWD", "material": "Concrete", "status": "Good", "ward": "N66", "zone": "N06", "source": "Greater Chennai Corporation", "year": "2024", "shedId": "KOSAS"}, "geometry": {"type": "LineString", "coordinates": [[80.22896, 13.11042], [80.22919, 13.11131]]}}, {"type": "Feature", "properties": {"drain_type": "SWD", "material": "Concrete", "status": "Good", "ward": "N66", "zone": "N06", "source": "Greater Chennai Corporation", "year": "2024", "shedId": "KOSAS"}, "geometry": {"type": "LineString", "coordinates": [[80.22909, 13.1109], [80.23008, 13.11066]]}}, {"type": "Feature", "properties": {"drain_type": "SWD", "material": "Concrete", "status": "Good", "ward": "N66", "zone": "N06", "source": "Greater Chennai Corporation", "year": "2024", "shedId": "KOSAS"}, "geometry": {"type": "LineString", "coordinates": [[80.22865, 13.11612], [80.22878, 13.11645]]}}, {"type": "Feature", "properties": {"drain_type": "SWD", "material": "Concrete", "status": "Good", "ward": "N66", "zone": "N06", "source": "Greater Chennai Corporation", "year": "2024", "shedId": "KOSAS"}, "geometry": {"type": "LineString", "coordinates": [[80.22839, 13.11771], [80.22577, 13.11866], [80.22428, 13.12033], [80.22382, 13.12137]]}}, {"type": "Feature", "properties": {"drain_type": "SWD", "material": "Concrete", "status": "Good", "ward": "N66", "zone": "N06", "source": "Greater Chennai Corporation", "year": "2024", "shedId": "KOSAS"}, "geometry": {"type": "LineString", "coordinates": [[80.22577, 13.11866], [80.22586, 13.11874], [80.22671, 13.11835]]}}, {"type": "Feature", "properties": {"drain_type": "SWD", "material": "Concrete", "status": "Good", "ward": "N66", "zone": "N06", "source": "Greater Chennai Corporation", "year": "2024", "shedId": "KOSAS"}, "geometry": {"type": "LineString", "coordinates": [[80.22826, 13.11776], [80.22893, 13.12145]]}}, {"type": "Feature", "properties": {"drain_type": "SWD", "material": "Concrete", "status": "Good", "ward": "N66", "zone": "N06", "source": "Greater Chennai Corporation", "year": "2024", "shedId": "KOSAS"}, "geometry": {"type": "LineString", "coordinates": [[80.22893, 13.12145], [80.22989, 13.1213]]}}, {"type": "Feature", "properties": {"drain_type": "SWD", "material": "Concrete", "status": "Good", "ward": "N66", "zone": "N06", "source": "Greater Chennai Corporation", "year": "2024", "shedId": "KOSAS"}, "geometry": {"type": "LineString", "coordinates": [[80.22528, 13.11946], [80.22818, 13.12012], [80.2287, 13.12013]]}}, {"type": "Feature", "properties": {"drain_type": "SWD", "material": "Concrete", "status": "Good", "ward": "N66", "zone": "N06", "source": "Greater Chennai Corporation", "year": "2024", "shedId": "KOSAS"}, "geometry": {"type": "LineString", "coordinates": [[80.22622, 13.11967], [80.22624, 13.12031]]}}, {"type": "Feature", "properties": {"drain_type": "SWD", "material": "Concrete", "status": "Good", "ward": "N66", "zone": "N06", "source": "Greater Chennai Corporation", "year": "2024", "shedId": "KOSAS"}, "geometry": {"type": "LineString", "coordinates": [[80.22867, 13.12005], [80.23221, 13.11956]]}}, {"type": "Feature", "properties": {"drain_type": "Side Drain", "material": "Concrete", "status": "Good", "ward": "N66", "zone": "N06", "source": "Greater Chennai Corporation", "year": "2024", "shedId": "KOSAS"}, "geometry": {"type": "LineString", "coordinates": [[80.22952, 13.11995], [80.2296, 13.1204]]}}, {"type": "Feature", "properties": {"drain_type": "SWD", "material": "Concrete", "status": "Good", "ward": "N66", "zone": "N06", "source": "Greater Chennai Corporation", "year": "2024", "shedId": "KOSAS"}, "geometry": {"type": "LineString", "coordinates": [[80.23004, 13.11987], [80.23059, 13.12337], [80.2304, 13.12344], [80.2305, 13.12411]]}}, {"type": "Feature", "properties": {"drain_type": "SWD", "material": "Concrete", "status": "Good", "ward": "N66", "zone": "N06", "source": "Greater Chennai Corporation", "year": "2024", "shedId": "KOSAS"}, "geometry": {"type": "LineString", "coordinates": [[80.23047, 13.12257], [80.23112, 13.12247]]}}, {"type": "Feature", "properties": {"drain_type": "SWD", "material": "Concrete", "status": "Good", "ward": "N66", "zone": "N06", "source": "Greater Chennai Corporation", "year": "2024", "shedId": "KOSAS"}, "geometry": {"type": "LineString", "coordinates": [[80.23071, 13.12056], [80.23098, 13.12248]]}}, {"type": "Feature", "properties": {"drain_type": "SWD", "material": "Concrete", "status": "Good", "ward": "N66", "zone": "N06", "source": "Greater Chennai Corporation", "year": "2024", "shedId": "KOSAS"}, "geometry": {"type": "LineString", "coordinates": [[80.23071, 13.12056], [80.23238, 13.12035]]}}, {"type": "Feature", "properties": {"drain_type": "SWD", "material": "Concrete", "status": "Good", "ward": "N66", "zone": "N06", "source": "Greater Chennai Corporation", "year": "2024", "shedId": "KOSAS"}, "geometry": {"type": "LineString", "coordinates": [[80.23113, 13.11971], [80.23121, 13.12024]]}}, {"type": "Feature", "properties": {"drain_type": "SWD", "material": "Concrete", "status": "Good", "ward": "N66", "zone": "N06", "source": "Greater Chennai Corporation", "year": "2024", "shedId": "KOSAS"}, "geometry": {"type": "LineString", "coordinates": [[80.23149, 13.12006], [80.23228, 13.11996]]}}, {"type": "Feature", "properties": {"drain_type": "SWD", "material": "Concrete", "status": "Good", "ward": "N66", "zone": "N06", "source": "Greater Chennai Corporation", "year": "2024", "shedId": "KOSAS"}, "geometry": {"type": "LineString", "coordinates": [[80.23163, 13.11635], [80.23283, 13.12315]]}}, {"type": "Feature", "properties": {"drain_type": "SWD", "material": "Concrete", "status": "Good", "ward": "N66", "zone": "N06", "source": "Greater Chennai Corporation", "year": "2024", "shedId": "KOSAS"}, "geometry": {"type": "LineString", "coordinates": [[80.2304, 13.12215], [80.22744, 13.12253]]}}, {"type": "Feature", "properties": {"drain_type": "SWD", "material": "Concrete", "status": "Good", "ward": "N66", "zone": "N06", "source": "Greater Chennai Corporation", "year": "2024", "shedId": "KOSAS"}, "geometry": {"type": "LineString", "coordinates": [[80.22724, 13.1211], [80.22745, 13.12252], [80.22743, 13.12384]]}}, {"type": "Feature", "properties": {"drain_type": "SWD", "material": "Concrete", "status": "Good", "ward": "N66", "zone": "N06", "source": "Greater Chennai Corporation", "year": "2024", "shedId": "KOSAS"}, "geometry": {"type": "LineString", "coordinates": [[80.22731, 13.12173], [80.2284, 13.12164]]}}, {"type": "Feature", "properties": {"drain_type": "SWD", "material": "Concrete", "status": "Good", "ward": "N66", "zone": "N06", "source": "Greater Chennai Corporation", "year": "2024", "shedId": "KOSAS"}, "geometry": {"type": "LineString", "coordinates": [[80.22735, 13.12202], [80.22923, 13.12176]]}}, {"type": "Feature", "properties": {"drain_type": "SWD", "material": "Concrete", "status": "Good", "ward": "N66", "zone": "N06", "source": "Greater Chennai Corporation", "year": "2024", "shedId": "KOSAS"}, "geometry": {"type": "LineString", "coordinates": [[80.22923, 13.12176], [80.22931, 13.1223]]}}, {"type": "Feature", "properties": {"drain_type": "SWD", "material": "Concrete", "status": "Good", "ward": "N66", "zone": "N06", "source": "Greater Chennai Corporation", "year": "2024", "shedId": "KOSAS"}, "geometry": {"type": "LineString", "coordinates": [[80.22724, 13.1211], [80.22409, 13.12147], [80.22412, 13.12186]]}}, {"type": "Feature", "properties": {"drain_type": "SWD", "material": "Concrete", "status": "Good", "ward": "N66", "zone": "N06", "source": "Greater Chennai Corporation", "year": "2024", "shedId": "KOSAS"}, "geometry": {"type": "LineString", "coordinates": [[80.22551, 13.12125], [80.22571, 13.12402], [80.22578, 13.12407]]}}, {"type": "Feature", "properties": {"drain_type": "SWD", "material": "Concrete", "status": "Good", "ward": "N66", "zone": "N06", "source": "Greater Chennai Corporation", "year": "2024", "shedId": "KOSAS"}, "geometry": {"type": "LineString", "coordinates": [[80.22441, 13.12387], [80.22568, 13.12361]]}}, {"type": "Feature", "properties": {"drain_type": "SWD", "material": "Concrete", "status": "Good", "ward": "N66", "zone": "N06", "source": "Greater Chennai Corporation", "year": "2024", "shedId": "KOSAS"}, "geometry": {"type": "LineString", "coordinates": [[80.2243, 13.12347], [80.22565, 13.1232]]}}, {"type": "Feature", "properties": {"drain_type": "SWD", "material": "Concrete", "status": "Good", "ward": "N66", "zone": "N06", "source": "Greater Chennai Corporation", "year": "2024", "shedId": "KOSAS"}, "geometry": {"type": "LineString", "coordinates": [[80.22554, 13.12167], [80.22455, 13.12185]]}}, {"type": "Feature", "properties": {"drain_type": "SWD", "material": "Concrete", "status": "Good", "ward": "N66", "zone": "N06", "source": "Greater Chennai Corporation", "year": "2024", "shedId": "KOSAS"}, "geometry": {"type": "LineString", "coordinates": [[80.22455, 13.12185], [80.22473, 13.12339]]}}, {"type": "Feature", "properties": {"drain_type": "SWD", "material": "Concrete", "status": "Good", "ward": "N66", "zone": "N06", "source": "Greater Chennai Corporation", "year": "2024", "shedId": "KOSAS"}, "geometry": {"type": "LineString", "coordinates": [[80.23122, 13.12292], [80.23279, 13.12273]]}}, {"type": "Feature", "properties": {"drain_type": "SWD", "material": "Concrete", "status": "Good", "ward": "N66", "zone": "N06", "source": "Greater Chennai Corporation", "year": "2024", "shedId": "KOSAS"}, "geometry": {"type": "LineString", "coordinates": [[80.23122, 13.12292], [80.23127, 13.12334]]}}, {"type": "Feature", "properties": {"drain_type": "SWD", "material": "Concrete", "status": "Good", "ward": "N66", "zone": "N06", "source": "Greater Chennai Corporation", "year": "2024", "shedId": "KOSAS"}, "geometry": {"type": "LineString", "coordinates": [[80.23286, 13.12314], [80.23122, 13.12335]]}}, {"type": "Feature", "properties": {"drain_type": "SWD", "material": "Concrete", "status": "Good", "ward": "N66", "zone": "N06", "source": "Greater Chennai Corporation", "year": "2024", "shedId": "KOSAS"}, "geometry": {"type": "LineString", "coordinates": [[80.23122, 13.12335], [80.23123, 13.12401]]}}, {"type": "Feature", "properties": {"drain_type": "SWD", "material": "Concrete", "status": "Good", "ward": "N66", "zone": "N06", "source": "Greater Chennai Corporation", "year": "2024", "shedId": "KOSAS"}, "geometry": {"type": "LineString", "coordinates": [[80.23071, 13.12363], [80.23123, 13.12362]]}}, {"type": "Feature", "properties": {"drain_type": "Side Drain", "material": "Concrete", "status": "Good", "ward": "N66", "zone": "N06", "source": "Greater Chennai Corporation", "year": "2024", "shedId": "KOSAS"}, "geometry": {"type": "LineString", "coordinates": [[80.23123, 13.1237], [80.23205, 13.12368]]}}, {"type": "Feature", "properties": {"drain_type": "SWD", "material": "Concrete", "status": "Good", "ward": "N66", "zone": "N06", "source": "Greater Chennai Corporation", "year": "2024", "shedId": "KOSAS"}, "geometry": {"type": "LineString", "coordinates": [[80.2255, 13.12411], [80.22725, 13.12392]]}}, {"type": "Feature", "properties": {"drain_type": "SWD", "material": "Concrete", "status": "Good", "ward": "N66", "zone": "N06", "source": "Greater Chennai Corporation", "year": "2024", "shedId": "KOSAS"}, "geometry": {"type": "LineString", "coordinates": [[80.2255, 13.12411], [80.22556, 13.12478]]}}, {"type": "Feature", "properties": {"drain_type": "SWD", "material": "Concrete", "status": "Good", "ward": "N66", "zone": "N06", "source": "Greater Chennai Corporation", "year": "2024", "shedId": "KOSAS"}, "geometry": {"type": "LineString", "coordinates": [[80.22556, 13.12478], [80.23129, 13.124], [80.23206, 13.12398]]}}, {"type": "Feature", "properties": {"drain_type": "SWD", "material": "Concrete", "status": "Good", "ward": "N66", "zone": "N06", "source": "Greater Chennai Corporation", "year": "2024", "shedId": "KOSAS"}, "geometry": {"type": "LineString", "coordinates": [[80.2262, 13.12404], [80.22627, 13.12468]]}}, {"type": "Feature", "properties": {"drain_type": "SWD", "material": "Concrete", "status": "Good", "ward": "N66", "zone": "N06", "source": "Greater Chennai Corporation", "year": "2024", "shedId": "KOSAS"}, "geometry": {"type": "LineString", "coordinates": [[80.2271, 13.12395], [80.22717, 13.12457]]}}, {"type": "Feature", "properties": {"drain_type": "SWD", "material": "Concrete", "status": "Good", "ward": "N66", "zone": "N06", "source": "Greater Chennai Corporation", "year": "2024", "shedId": "KOSAS"}, "geometry": {"type": "LineString", "coordinates": [[80.23101, 13.12404], [80.23107, 13.12455]]}}, {"type": "Feature", "properties": {"drain_type": "SWD", "material": "Concrete", "status": "Good", "ward": "N66", "zone": "N06", "source": "Greater Chennai Corporation", "year": "2024", "shedId": "KOSAS"}, "geometry": {"type": "LineString", "coordinates": [[80.2294, 13.12477], [80.23122, 13.12453]]}}, {"type": "Feature", "properties": {"drain_type": "SWD", "material": "Concrete", "status": "Good", "ward": "N66", "zone": "N06", "source": "Greater Chennai Corporation", "year": "2024", "shedId": "KOSAS"}, "geometry": {"type": "LineString", "coordinates": [[80.23122, 13.12453], [80.23151, 13.12633]]}}, {"type": "Feature", "properties": {"drain_type": "SWD", "material": "Concrete", "status": "Good", "ward": "N66", "zone": "N06", "source": "Greater Chennai Corporation", "year": "2024", "shedId": "KOSAS"}, "geometry": {"type": "LineString", "coordinates": [[80.22673, 13.12462], [80.22686, 13.12571], [80.22697, 13.12585]]}}, {"type": "Feature", "properties": {"drain_type": "SWD", "material": "Concrete", "status": "Good", "ward": "N66", "zone": "N06", "source": "Greater Chennai Corporation", "year": "2024", "shedId": "KOSAS"}, "geometry": {"type": "LineString", "coordinates": [[80.225, 13.12543], [80.22529, 13.12539], [80.22554, 13.12538]]}}, {"type": "Feature", "properties": {"drain_type": "SWD", "material": "Concrete", "status": "Good", "ward": "N66", "zone": "N06", "source": "Greater Chennai Corporation", "year": "2024", "shedId": "KOSAS"}, "geometry": {"type": "LineString", "coordinates": [[80.22554, 13.12538], [80.22557, 13.12608]]}}, {"type": "Feature", "properties": {"drain_type": "SWD", "material": "Concrete", "status": "Good", "ward": "N66", "zone": "N06", "source": "Greater Chennai Corporation", "year": "2024", "shedId": "KOSAS"}, "geometry": {"type": "LineString", "coordinates": [[80.22496, 13.12508], [80.22556, 13.12507], [80.22757, 13.12626]]}}, {"type": "Feature", "properties": {"drain_type": "SWD", "material": "Concrete", "status": "Good", "ward": "N66", "zone": "N06", "source": "Greater Chennai Corporation", "year": "2024", "shedId": "KOSAS"}, "geometry": {"type": "LineString", "coordinates": [[80.22909, 13.12621], [80.22914, 13.12606], [80.23143, 13.12574]]}}, {"type": "Feature", "properties": {"drain_type": "SWD", "material": "Concrete", "status": "Good", "ward": "N66", "zone": "N06", "source": "Greater Chennai Corporation", "year": "2024", "shedId": "KOSAS"}, "geometry": {"type": "LineString", "coordinates": [[80.22498, 13.11645], [80.22497, 13.11749], [80.22597, 13.11855]]}}, {"type": "Feature", "properties": {"drain_type": "SWD", "material": "Concrete", "status": "Good", "ward": "N66", "zone": "N06", "source": "Greater Chennai Corporation", "year": "2024", "shedId": "KOSAS"}, "geometry": {"type": "LineString", "coordinates": [[80.23073, 13.11399], [80.23085, 13.1134], [80.23061, 13.11255]]}}, {"type": "Feature", "properties": {"drain_type": "SWD", "material": "Concrete", "status": "Good", "ward": "N66", "zone": "N06", "source": "Greater Chennai Corporation", "year": "2024", "shedId": "KOSAS"}, "geometry": {"type": "LineString", "coordinates": [[80.23059, 13.11979], [80.23071, 13.12056]]}}, {"type": "Feature", "properties": {"drain_type": "SWD", "material": "Concrete", "status": "Good", "ward": "N66", "zone": "N06", "source": "Greater Chennai Corporation", "year": "2024", "shedId": "KOSAS"}, "geometry": {"type": "LineString", "coordinates": [[80.22757, 13.12623], [80.22909, 13.12621]]}}, {"type": "Feature", "properties": {"drain_type": "SWD", "material": "Concrete", "status": "Good", "ward": "N66", "zone": "N06", "source": "Greater Chennai Corporation", "year": "2024", "shedId": "KOSAS"}, "geometry": {"type": "LineString", "coordinates": [[80.2302, 13.11573], [80.22996, 13.11548], [80.23061, 13.11444]]}}, {"type": "Feature", "properties": {"drain_type": "SWD", "material": "Concrete", "status": "Good", "ward": "N66", "zone": "N06", "source": "Greater Chennai Corporation", "year": "2024", "shedId": "KOSAS"}, "geometry": {"type": "LineString", "coordinates": [[80.22486, 13.12466], [80.22758, 13.12622]]}}, {"type": "Feature", "properties": {"drain_type": "SWD", "material": "Concrete", "status": "Good", "ward": "N067", "zone": "N06", "source": "Greater Chennai Corporation", "year": "2024", "shedId": "KOSAS"}, "geometry": {"type": "LineString", "coordinates": [[80.21854, 13.1095], [80.22325, 13.10891], [80.22452, 13.10915], [80.22535, 13.10898]]}}, {"type": "Feature", "properties": {"drain_type": "SWD", "material": "Concrete", "status": "Good", "ward": "N067", "zone": "N06", "source": "Greater Chennai Corporation", "year": "2024", "shedId": "KOSAS"}, "geometry": {"type": "LineString", "coordinates": [[80.22535, 13.10898], [80.22553, 13.11025]]}}, {"type": "Feature", "properties": {"drain_type": "SWD", "material": "Concrete", "status": "Good", "ward": "N067", "zone": "N06", "source": "Greater Chennai Corporation", "year": "2024", "shedId": "KOSAS"}, "geometry": {"type": "LineString", "coordinates": [[80.21551, 13.10995], [80.21579, 13.11114]]}}, {"type": "Feature", "properties": {"drain_type": "SWD", "material": "Concrete", "status": "Good", "ward": "N067", "zone": "N06", "source": "Greater Chennai Corporation", "year": "2024", "shedId": "KOSAS"}, "geometry": {"type": "LineString", "coordinates": [[80.21579, 13.11114], [80.21671, 13.11103], [80.21729, 13.11115]]}}, {"type": "Feature", "properties": {"drain_type": "SWD", "material": "Concrete", "status": "Good", "ward": "N067", "zone": "N06", "source": "Greater Chennai Corporation", "year": "2024", "shedId": "KOSAS"}, "geometry": {"type": "LineString", "coordinates": [[80.2156, 13.11036], [80.21862, 13.11]]}}, {"type": "Feature", "properties": {"drain_type": "SWD", "material": "Concrete", "status": "Good", "ward": "N067", "zone": "N06", "source": "Greater Chennai Corporation", "year": "2024", "shedId": "KOSAS"}, "geometry": {"type": "LineString", "coordinates": [[80.21569, 13.11077], [80.21868, 13.11041]]}}, {"type": "Feature", "properties": {"drain_type": "SWD", "material": "Concrete", "status": "Good", "ward": "N067", "zone": "N06", "source": "Greater Chennai Corporation", "year": "2024", "shedId": "KOSAS"}, "geometry": {"type": "LineString", "coordinates": [[80.21862, 13.11], [80.21877, 13.11101]]}}, {"type": "Feature", "properties": {"drain_type": "SWD", "material": "Concrete", "status": "Good", "ward": "N067", "zone": "N06", "source": "Greater Chennai Corporation", "year": "2024", "shedId": "KOSAS"}, "geometry": {"type": "LineString", "coordinates": [[80.21862, 13.11004], [80.22026, 13.10986]]}}, {"type": "Feature", "properties": {"drain_type": "SWD", "material": "Concrete", "status": "Good", "ward": "N067", "zone": "N06", "source": "Greater Chennai Corporation", "year": "2024", "shedId": "KOSAS"}, "geometry": {"type": "LineString", "coordinates": [[80.22017, 13.10926], [80.2203, 13.10998]]}}, {"type": "Feature", "properties": {"drain_type": "SWD", "material": "Concrete", "status": "Good", "ward": "N067", "zone": "N06", "source": "Greater Chennai Corporation", "year": "2024", "shedId": "KOSAS"}, "geometry": {"type": "LineString", "coordinates": [[80.2203, 13.10998], [80.22186, 13.10974]]}}, {"type": "Feature", "properties": {"drain_type": "SWD", "material": "Concrete", "status": "Good", "ward": "N067", "zone": "N06", "source": "Greater Chennai Corporation", "year": "2024", "shedId": "KOSAS"}, "geometry": {"type": "LineString", "coordinates": [[80.22186, 13.10974], [80.22199, 13.11051]]}}, {"type": "Feature", "properties": {"drain_type": "SWD", "material": "Concrete", "status": "Good", "ward": "N067", "zone": "N06", "source": "Greater Chennai Corporation", "year": "2024", "shedId": "KOSAS"}, "geometry": {"type": "LineString", "coordinates": [[80.22217, 13.10903], [80.22243, 13.11052]]}}, {"type": "Feature", "properties": {"drain_type": "SWD", "material": "Concrete", "status": "Good", "ward": "N067", "zone": "N06", "source": "Greater Chennai Corporation", "year": "2024", "shedId": "KOSAS"}, "geometry": {"type": "LineString", "coordinates": [[80.21974, 13.11186], [80.21958, 13.11104]]}}, {"type": "Feature", "properties": {"drain_type": "SWD", "material": "Concrete", "status": "Good", "ward": "N067", "zone": "N06", "source": "Greater Chennai Corporation", "year": "2024", "shedId": "KOSAS"}, "geometry": {"type": "LineString", "coordinates": [[80.21958, 13.11104], [80.23015, 13.1089]]}}, {"type": "Feature", "properties": {"drain_type": "SWD", "material": "Concrete", "status": "Good", "ward": "N067", "zone": "N06", "source": "Greater Chennai Corporation", "year": "2024", "shedId": "KOSAS"}, "geometry": {"type": "LineString", "coordinates": [[80.22724, 13.10914], [80.22885, 13.10899], [80.23014, 13.10871]]}}, {"type": "Feature", "properties": {"drain_type": "SWD", "material": "Concrete", "status": "Good", "ward": "N067", "zone": "N06", "source": "Greater Chennai Corporation", "year": "2024", "shedId": "KOSAS"}, "geometry": {"type": "LineString", "coordinates": [[80.23015, 13.10891], [80.23012, 13.10834]]}}, {"type": "Feature", "properties": {"drain_type": "SWD", "material": "Concrete", "status": "Good", "ward": "N067", "zone": "N06", "source": "Greater Chennai Corporation", "year": "2024", "shedId": "KOSAS"}, "geometry": {"type": "LineString", "coordinates": [[80.22881, 13.10845], [80.23012, 13.10834]]}}, {"type": "Feature", "properties": {"drain_type": "SWD", "material": "Concrete", "status": "Good", "ward": "N067", "zone": "N06", "source": "Greater Chennai Corporation", "year": "2024", "shedId": "KOSAS"}, "geometry": {"type": "LineString", "coordinates": [[80.22081, 13.11084], [80.22135, 13.11308]]}}, {"type": "Feature", "properties": {"drain_type": "SWD", "material": "Concrete", "status": "Good", "ward": "N067", "zone": "N06", "source": "Greater Chennai Corporation", "year": "2024", "shedId": "KOSAS"}, "geometry": {"type": "LineString", "coordinates": [[80.22207, 13.11058], [80.22259, 13.11257]]}}, {"type": "Feature", "properties": {"drain_type": "SWD", "material": "Concrete", "status": "Good", "ward": "N067", "zone": "N06", "source": "Greater Chennai Corporation", "year": "2024", "shedId": "KOSAS"}, "geometry": {"type": "LineString", "coordinates": [[80.22284, 13.11041], [80.22336, 13.11225]]}}, {"type": "Feature", "properties": {"drain_type": "SWD", "material": "Concrete", "status": "Good", "ward": "N067", "zone": "N06", "source": "Greater Chennai Corporation", "year": "2024", "shedId": "KOSAS"}, "geometry": {"type": "LineString", "coordinates": [[80.22494, 13.11157], [80.22451, 13.11005]]}}, {"type": "Feature", "properties": {"drain_type": "SWD", "material": "Concrete", "status": "Good", "ward": "N067", "zone": "N06", "source": "Greater Chennai Corporation", "year": "2024", "shedId": "KOSAS"}, "geometry": {"type": "LineString", "coordinates": [[80.22553, 13.11142], [80.22506, 13.10992]]}}, {"type": "Feature", "properties": {"drain_type": "SWD", "material": "Concrete", "status": "Good", "ward": "N067", "zone": "N06", "source": "Greater Chennai Corporation", "year": "2024", "shedId": "KOSAS"}, "geometry": {"type": "LineString", "coordinates": [[80.22354, 13.11229], [80.22461, 13.11183], [80.22643, 13.11122]]}}, {"type": "Feature", "properties": {"drain_type": "SWD", "material": "Concrete", "status": "Good", "ward": "N067", "zone": "N06", "source": "Greater Chennai Corporation", "year": "2024", "shedId": "KOSAS"}, "geometry": {"type": "LineString", "coordinates": [[80.22898, 13.11046], [80.22989, 13.11017], [80.22998, 13.11027]]}}, {"type": "Feature", "properties": {"drain_type": "SWD", "material": "Concrete", "status": "Good", "ward": "N067", "zone": "N06", "source": "Greater Chennai Corporation", "year": "2024", "shedId": "KOSAS"}, "geometry": {"type": "LineString", "coordinates": [[80.23157, 13.11236], [80.23145, 13.11237], [80.23106, 13.11237]]}}, {"type": "Feature", "properties": {"drain_type": "SWD", "material": "Concrete", "status": "Good", "ward": "N067", "zone": "N06", "source": "Greater Chennai Corporation", "year": "2024", "shedId": "KOSAS"}, "geometry": {"type": "LineString", "coordinates": [[80.23393, 13.10905], [80.23498, 13.10886], [80.23515, 13.10901], [80.23721, 13.10852]]}}, {"type": "Feature", "properties": {"drain_type": "SWD", "material": "Concrete", "status": "Good", "ward": "N067", "zone": "N06", "source": "Greater Chennai Corporation", "year": "2024", "shedId": "KOSAS"}, "geometry": {"type": "LineString", "coordinates": [[80.23707, 13.108], [80.23714, 13.1085]]}}, {"type": "Feature", "properties": {"drain_type": "SWD", "material": "Concrete", "status": "Good", "ward": "N067", "zone": "N06", "source": "Greater Chennai Corporation", "year": "2024", "shedId": "KOSAS"}, "geometry": {"type": "LineString", "coordinates": [[80.23612, 13.10878], [80.23663, 13.11027]]}}, {"type": "Feature", "properties": {"drain_type": "SWD", "material": "Concrete", "status": "Good", "ward": "N067", "zone": "N06", "source": "Greater Chennai Corporation", "year": "2024", "shedId": "KOSAS"}, "geometry": {"type": "LineString", "coordinates": [[80.23172, 13.11591], [80.2315, 13.11458], [80.23164, 13.11288], [80.23189, 13.112]]}}, {"type": "Feature", "properties": {"drain_type": "SWD", "material": "Concrete", "status": "Good", "ward": "N067", "zone": "N06", "source": "Greater Chennai Corporation", "year": "2024", "shedId": "KOSAS"}, "geometry": {"type": "LineString", "coordinates": [[80.23162, 13.11312], [80.23209, 13.11315]]}}, {"type": "Feature", "properties": {"drain_type": "SWD", "material": "Concrete", "status": "Good", "ward": "N067", "zone": "N06", "source": "Greater Chennai Corporation", "year": "2024", "shedId": "KOSAS"}, "geometry": {"type": "LineString", "coordinates": [[80.23613, 13.11322], [80.2375, 13.1124], [80.2379, 13.11236]]}}, {"type": "Feature", "properties": {"drain_type": "Side Drain", "material": "Concrete", "status": "Bad", "ward": "N067", "zone": "N06", "source": "Greater Chennai Corporation", "year": "2024", "shedId": "KOSAS"}, "geometry": {"type": "LineString", "coordinates": [[80.23776, 13.11138], [80.23797, 13.11202]]}}, {"type": "Feature", "properties": {"drain_type": "SWD", "material": "Concrete", "status": "Good", "ward": "N067", "zone": "N06", "source": "Greater Chennai Corporation", "year": "2024", "shedId": "KOSAS"}, "geometry": {"type": "LineString", "coordinates": [[80.21929, 13.11012], [80.21864, 13.11019]]}}, {"type": "Feature", "properties": {"drain_type": "SWD", "material": "Concrete", "status": "Good", "ward": "N067", "zone": "N06", "source": "Greater Chennai Corporation", "year": "2024", "shedId": "KOSAS"}, "geometry": {"type": "LineString", "coordinates": [[80.23189, 13.112], [80.23463, 13.11224]]}}, {"type": "Feature", "properties": {"drain_type": "SWD", "material": "Concrete", "status": "Good", "ward": "N067", "zone": "N06", "source": "Greater Chennai Corporation", "year": "2024", "shedId": "KOSAS"}, "geometry": {"type": "LineString", "coordinates": [[80.23463, 13.11224], [80.2368, 13.11145]]}}, {"type": "Feature", "properties": {"drain_type": "SWD", "material": "Concrete", "status": "Good", "ward": "N067", "zone": "N06", "source": "Greater Chennai Corporation", "year": "2024", "shedId": "KOSAS"}, "geometry": {"type": "LineString", "coordinates": [[80.21315, 13.11012], [80.2155, 13.10987]]}}, {"type": "Feature", "properties": {"drain_type": "SWD", "material": "Concrete", "status": "Good", "ward": "N067", "zone": "N06", "source": "Greater Chennai Corporation", "year": "2024", "shedId": "KOSAS"}, "geometry": {"type": "LineString", "coordinates": [[80.2155, 13.10987], [80.21854, 13.1095]]}}, {"type": "Feature", "properties": {"drain_type": "SWD", "material": "Concrete", "status": "Good", "ward": "N067", "zone": "N06", "source": "Greater Chennai Corporation", "year": "2024", "shedId": "KOSAS"}, "geometry": {"type": "LineString", "coordinates": [[80.22883, 13.1089], [80.22881, 13.10845]]}}, {"type": "Feature", "properties": {"drain_type": "SWD", "material": "Concrete", "status": "Good", "ward": "N69", "zone": "N06", "source": "Greater Chennai Corporation", "year": "2024", "shedId": "KOSAS"}, "geometry": {"type": "LineString", "coordinates": [[80.23627, 13.09943], [80.23651, 13.09941], [80.2366, 13.10008], [80.23692, 13.1001], [80.2371, 13.10138]]}}, {"type": "Feature", "properties": {"drain_type": "SWD", "material": "Concrete", "status": "Good", "ward": "N69", "zone": "N06", "source": "Greater Chennai Corporation", "year": "2024", "shedId": "KOSAS"}, "geometry": {"type": "LineString", "coordinates": [[80.23653, 13.09831], [80.23668, 13.09907]]}}, {"type": "Feature", "properties": {"drain_type": "SWD", "material": "Concrete", "status": "Good", "ward": "N69", "zone": "N06", "source": "Greater Chennai Corporation", "year": "2024", "shedId": "KOSAS"}, "geometry": {"type": "LineString", "coordinates": [[80.23948, 13.09784], [80.24017, 13.10075]]}}, {"type": "Feature", "properties": {"drain_type": "SWD", "material": "Concrete", "status": "Good", "ward": "N69", "zone": "N06", "source": "Greater Chennai Corporation", "year": "2024", "shedId": "KOSAS"}, "geometry": {"type": "LineString", "coordinates": [[80.23707, 13.108], [80.23771, 13.108], [80.24186, 13.10842]]}}, {"type": "Feature", "properties": {"drain_type": "SWD", "material": "Concrete", "status": "Good", "ward": "N69", "zone": "N06", "source": "Greater Chennai Corporation", "year": "2024", "shedId": "KOSAS"}, "geometry": {"type": "LineString", "coordinates": [[80.23721, 13.10853], [80.23735, 13.10883], [80.23775, 13.11137]]}}, {"type": "Feature", "properties": {"drain_type": "SWD", "material": "Concrete", "status": "Good", "ward": "N69", "zone": "N06", "source": "Greater Chennai Corporation", "year": "2024", "shedId": "KOSAS"}, "geometry": {"type": "LineString", "coordinates": [[80.2368, 13.11145], [80.23772, 13.11124]]}}, {"type": "Feature", "properties": {"drain_type": "SWD", "material": "Concrete", "status": "Good", "ward": "N69", "zone": "N06", "source": "Greater Chennai Corporation", "year": "2024", "shedId": "KOSAS"}, "geometry": {"type": "LineString", "coordinates": [[80.2435, 13.11316], [80.24071, 13.11338], [80.23862, 13.11282], [80.23789, 13.11232]]}}, {"type": "Feature", "properties": {"drain_type": "SWD", "material": "Concrete", "status": "Good", "ward": "N69", "zone": "N06", "source": "Greater Chennai Corporation", "year": "2024", "shedId": "KOSAS"}, "geometry": {"type": "LineString", "coordinates": [[80.23958, 13.11313], [80.23952, 13.11395], [80.23957, 13.11522]]}}, {"type": "Feature", "properties": {"drain_type": "SWD", "material": "Concrete", "status": "Good", "ward": "N69", "zone": "N06", "source": "Greater Chennai Corporation", "year": "2024", "shedId": "KOSAS"}, "geometry": {"type": "LineString", "coordinates": [[80.24285, 13.11418], [80.24316, 13.11416], [80.24374, 13.11417]]}}, {"type": "Feature", "properties": {"drain_type": "SWD", "material": "Concrete", "status": "Good", "ward": "N69", "zone": "N06", "source": "Greater Chennai Corporation", "year": "2024", "shedId": "KOSAS"}, "geometry": {"type": "LineString", "coordinates": [[80.24188, 13.11514], [80.24201, 13.11604], [80.24311, 13.11595]]}}, {"type": "Feature", "properties": {"drain_type": "SWD", "material": "Concrete", "status": "Good", "ward": "N69", "zone": "N06", "source": "Greater Chennai Corporation", "year": "2024", "shedId": "KOSAS"}, "geometry": {"type": "LineString", "coordinates": [[80.24253, 13.11603], [80.24232, 13.1174], [80.24263, 13.11958], [80.24267, 13.12119], [80.24139, 13.12654]]}}, {"type": "Feature", "properties": {"drain_type": "SWD", "material": "Concrete", "status": "Good", "ward": "N69", "zone": "N06", "source": "Greater Chennai Corporation", "year": "2024", "shedId": "KOSAS"}, "geometry": {"type": "LineString", "coordinates": [[80.24074, 13.12183], [80.24252, 13.12137]]}}, {"type": "Feature", "properties": {"drain_type": "SWD", "material": "Concrete", "status": "Good", "ward": "N69", "zone": "N06", "source": "Greater Chennai Corporation", "year": "2024", "shedId": "KOSAS"}, "geometry": {"type": "LineString", "coordinates": [[80.24242, 13.11837], [80.24111, 13.1185], [80.2413, 13.11916]]}}, {"type": "Feature", "properties": {"drain_type": "SWD", "material": "Concrete", "status": "Good", "ward": "N69", "zone": "N06", "source": "Greater Chennai Corporation", "year": "2024", "shedId": "KOSAS"}, "geometry": {"type": "LineString", "coordinates": [[80.24118, 13.11845], [80.24123, 13.11771]]}}, {"type": "Feature", "properties": {"drain_type": "SWD", "material": "Concrete", "status": "Good", "ward": "N69", "zone": "N06", "source": "Greater Chennai Corporation", "year": "2024", "shedId": "KOSAS"}, "geometry": {"type": "LineString", "coordinates": [[80.24116, 13.11771], [80.24179, 13.11745], [80.24232, 13.1174]]}}, {"type": "Feature", "properties": {"drain_type": "SWD", "material": "Concrete", "status": "Good", "ward": "N69", "zone": "N06", "source": "Greater Chennai Corporation", "year": "2024", "shedId": "KOSAS"}, "geometry": {"type": "LineString", "coordinates": [[80.24266, 13.12071], [80.24506, 13.12054]]}}, {"type": "Feature", "properties": {"drain_type": "SWD", "material": "Concrete", "status": "Good", "ward": "N69", "zone": "N06", "source": "Greater Chennai Corporation", "year": "2024", "shedId": "KOSAS"}, "geometry": {"type": "LineString", "coordinates": [[80.24506, 13.12054], [80.24502, 13.12021], [80.2449, 13.11959]]}}, {"type": "Feature", "properties": {"drain_type": "SWD", "material": "Concrete", "status": "Good", "ward": "N69", "zone": "N06", "source": "Greater Chennai Corporation", "year": "2024", "shedId": "KOSAS"}, "geometry": {"type": "LineString", "coordinates": [[80.2407, 13.1104], [80.24176, 13.10981]]}}, {"type": "Feature", "properties": {"drain_type": "SWD", "material": "Concrete", "status": "Good", "ward": "N69", "zone": "N06", "source": "Greater Chennai Corporation", "year": "2024", "shedId": "KOSAS"}, "geometry": {"type": "LineString", "coordinates": [[80.24157, 13.10992], [80.24211, 13.11144], [80.24207, 13.11171], [80.24152, 13.11178]]}}, {"type": "Feature", "properties": {"drain_type": "SWD", "material": "Concrete", "status": "Good", "ward": "N69", "zone": "N06", "source": "Greater Chennai Corporation", "year": "2024", "shedId": "KOSAS"}, "geometry": {"type": "LineString", "coordinates": [[80.24211, 13.11145], [80.2436, 13.11136]]}}, {"type": "Feature", "properties": {"drain_type": "SWD", "material": "Concrete", "status": "Good", "ward": "N69", "zone": "N06", "source": "Greater Chennai Corporation", "year": "2024", "shedId": "KOSAS"}, "geometry": {"type": "LineString", "coordinates": [[80.24245, 13.11144], [80.24264, 13.11274]]}}, {"type": "Feature", "properties": {"drain_type": "SWD", "material": "Concrete", "status": "Good", "ward": "N69", "zone": "N06", "source": "Greater Chennai Corporation", "year": "2024", "shedId": "KOSAS"}, "geometry": {"type": "LineString", "coordinates": [[80.24231, 13.09758], [80.24255, 13.09881], [80.24308, 13.10043]]}}, {"type": "Feature", "properties": {"drain_type": "SWD", "material": "Concrete", "status": "Good", "ward": "N69", "zone": "N06", "source": "Greater Chennai Corporation", "year": "2024", "shedId": "KOSAS"}, "geometry": {"type": "LineString", "coordinates": [[80.24183, 13.12575], [80.24325, 13.12615]]}}, {"type": "Feature", "properties": {"drain_type": "SWD", "material": "Concrete", "status": "Good", "ward": "N69", "zone": "N06", "source": "Greater Chennai Corporation", "year": "2024", "shedId": "KOSAS"}, "geometry": {"type": "LineString", "coordinates": [[80.24325, 13.12615], [80.24307, 13.12667], [80.24209, 13.12696]]}}, {"type": "Feature", "properties": {"drain_type": "SWD", "material": "Concrete", "status": "Good", "ward": "N69", "zone": "N06", "source": "Greater Chennai Corporation", "year": "2024", "shedId": "KOSAS"}, "geometry": {"type": "LineString", "coordinates": [[80.24222, 13.10233], [80.24284, 13.10221], [80.24317, 13.10172], [80.24308, 13.10067], [80.24247, 13.09883]]}}, {"type": "Feature", "properties": {"drain_type": "SWD", "material": "Concrete", "status": "Good", "ward": "N69", "zone": "N06", "source": "Greater Chennai Corporation", "year": "2024", "shedId": "KOSAS"}, "geometry": {"type": "LineString", "coordinates": [[80.23604, 13.09841], [80.23627, 13.09943]]}}, {"type": "Feature", "properties": {"drain_type": "SWD", "material": "Concrete", "status": "Good", "ward": "N071", "zone": "N06", "source": "Greater Chennai Corporation", "year": "2024", "shedId": "KOSAS"}, "geometry": {"type": "LineString", "coordinates": [[80.24873, 13.10303], [80.25241, 13.10224], [80.25249, 13.10216]]}}, {"type": "Feature", "properties": {"drain_type": "Side Drain", "material": "Concrete", "status": "Bad", "ward": "N071", "zone": "N06", "source": "Greater Chennai Corporation", "year": "2024", "shedId": "KOSAS"}, "geometry": {"type": "LineString", "coordinates": [[80.24575, 13.10182], [80.24689, 13.10163], [80.24721, 13.10166]]}}, {"type": "Feature", "properties": {"drain_type": "SWD", "material": "Concrete", "status": "Good", "ward": "N071", "zone": "N06", "source": "Greater Chennai Corporation", "year": "2024", "shedId": "KOSAS"}, "geometry": {"type": "LineString", "coordinates": [[80.24679, 13.10327], [80.24711, 13.10243], [80.24738, 13.10101], [80.24747, 13.10021], [80.24737, 13.09891], [80.2478, 13.09737]]}}, {"type": "Feature", "properties": {"drain_type": "SWD", "material": "Concrete", "status": "Good", "ward": "N071", "zone": "N06", "source": "Greater Chennai Corporation", "year": "2024", "shedId": "KOSAS"}, "geometry": {"type": "LineString", "coordinates": [[80.24747, 13.10017], [80.25061, 13.1005], [80.25185, 13.10011]]}}, {"type": "Feature", "properties": {"drain_type": "SWD", "material": "Concrete", "status": "Good", "ward": "N071", "zone": "N06", "source": "Greater Chennai Corporation", "year": "2024", "shedId": "KOSAS"}, "geometry": {"type": "LineString", "coordinates": [[80.24535, 13.10583], [80.24426, 13.10603]]}}, {"type": "Feature", "properties": {"drain_type": "SWD", "material": "Concrete", "status": "Good", "ward": "N071", "zone": "N06", "source": "Greater Chennai Corporation", "year": "2024", "shedId": "KOSAS"}, "geometry": {"type": "LineString", "coordinates": [[80.24531, 13.10531], [80.24556, 13.10718]]}}, {"type": "Feature", "properties": {"drain_type": "SWD", "material": "Concrete", "status": "Good", "ward": "N071", "zone": "N06", "source": "Greater Chennai Corporation", "year": "2024", "shedId": "KOSAS"}, "geometry": {"type": "LineString", "coordinates": [[80.24547, 13.1053], [80.24542, 13.10584], [80.24562, 13.1072]]}}, {"type": "Feature", "properties": {"drain_type": "SWD", "material": "Concrete", "status": "Good", "ward": "N071", "zone": "N06", "source": "Greater Chennai Corporation", "year": "2024", "shedId": "KOSAS"}, "geometry": {"type": "LineString", "coordinates": [[80.24426, 13.10603], [80.24424, 13.10696]]}}, {"type": "Feature", "properties": {"drain_type": "SWD", "material": "Concrete", "status": "Good", "ward": "N071", "zone": "N06", "source": "Greater Chennai Corporation", "year": "2024", "shedId": "KOSAS"}, "geometry": {"type": "LineString", "coordinates": [[80.24458, 13.10534], [80.24547, 13.1053]]}}, {"type": "Feature", "properties": {"drain_type": "SWD", "material": "Concrete", "status": "Good", "ward": "N071", "zone": "N06", "source": "Greater Chennai Corporation", "year": "2024", "shedId": "KOSAS"}, "geometry": {"type": "LineString", "coordinates": [[80.24511, 13.10496], [80.24527, 13.10495], [80.24531, 13.10531]]}}, {"type": "Feature", "properties": {"drain_type": "SWD", "material": "Concrete", "status": "Good", "ward": "N72", "zone": "N06", "source": "Greater Chennai Corporation", "year": "2024", "shedId": "KOSAS"}, "geometry": {"type": "LineString", "coordinates": [[80.26276, 13.1024], [80.263, 13.10455]]}}, {"type": "Feature", "properties": {"drain_type": "SWD", "material": "Concrete", "status": "Good", "ward": "N72", "zone": "N06", "source": "Greater Chennai Corporation", "year": "2024", "shedId": "KOSAS"}, "geometry": {"type": "LineString", "coordinates": [[80.26337, 13.10414], [80.2649, 13.10391]]}}, {"type": "Feature", "properties": {"drain_type": "SWD", "material": "Concrete", "status": "Good", "ward": "N72", "zone": "N06", "source": "Greater Chennai Corporation", "year": "2024", "shedId": "KOSAS"}, "geometry": {"type": "LineString", "coordinates": [[80.26492, 13.10515], [80.26493, 13.10557]]}}, {"type": "Feature", "properties": {"drain_type": "SWD", "material": "Concrete", "status": "Good", "ward": "N72", "zone": "N06", "source": "Greater Chennai Corporation", "year": "2024", "shedId": "KOSAS"}, "geometry": {"type": "LineString", "coordinates": [[80.26559, 13.10565], [80.26553, 13.10417]]}}, {"type": "Feature", "properties": {"drain_type": "SWD", "material": "Concrete", "status": "Good", "ward": "N72", "zone": "N06", "source": "Greater Chennai Corporation", "year": "2024", "shedId": "KOSAS"}, "geometry": {"type": "LineString", "coordinates": [[80.26663, 13.10416], [80.26668, 13.10539]]}}, {"type": "Feature", "properties": {"drain_type": "SWD", "material": "Concrete", "status": "Good", "ward": "N72", "zone": "N06", "source": "Greater Chennai Corporation", "year": "2024", "shedId": "KOSAS"}, "geometry": {"type": "LineString", "coordinates": [[80.26556, 13.10502], [80.26666, 13.10499]]}}, {"type": "Feature", "properties": {"drain_type": "SWD", "material": "Concrete", "status": "Good", "ward": "N72", "zone": "N06", "source": "Greater Chennai Corporation", "year": "2024", "shedId": "KOSAS"}, "geometry": {"type": "LineString", "coordinates": [[80.26555, 13.10464], [80.26665, 13.10461]]}}, {"type": "Feature", "properties": {"drain_type": "SWD", "material": "Concrete", "status": "Good", "ward": "N72", "zone": "N06", "source": "Greater Chennai Corporation", "year": "2024", "shedId": "KOSAS"}, "geometry": {"type": "LineString", "coordinates": [[80.26435, 13.10211], [80.26689, 13.10219]]}}, {"type": "Feature", "properties": {"drain_type": "SWD", "material": "Concrete", "status": "Good", "ward": "N72", "zone": "N06", "source": "Greater Chennai Corporation", "year": "2024", "shedId": "KOSAS"}, "geometry": {"type": "LineString", "coordinates": [[80.26528, 13.10208], [80.26563, 13.10158], [80.26713, 13.10108], [80.26833, 13.09823]]}}, {"type": "Feature", "properties": {"drain_type": "SWD", "material": "Concrete", "status": "Good", "ward": "N72", "zone": "N06", "source": "Greater Chennai Corporation", "year": "2024", "shedId": "KOSAS"}, "geometry": {"type": "LineString", "coordinates": [[80.26824, 13.09822], [80.26848, 13.09792], [80.26866, 13.09564]]}}, {"type": "Feature", "properties": {"drain_type": "SWD", "material": "Concrete", "status": "Good", "ward": "N72", "zone": "N06", "source": "Greater Chennai Corporation", "year": "2024", "shedId": "KOSAS"}, "geometry": {"type": "LineString", "coordinates": [[80.26805, 13.09668], [80.26863, 13.09673]]}}, {"type": "Feature", "properties": {"drain_type": "SWD", "material": "Concrete", "status": "Good", "ward": "N72", "zone": "N06", "source": "Greater Chennai Corporation", "year": "2024", "shedId": "KOSAS"}, "geometry": {"type": "LineString", "coordinates": [[80.26548, 13.10442], [80.26539, 13.10215]]}}, {"type": "Feature", "properties": {"drain_type": "SWD", "material": "Concrete", "status": "Good", "ward": "N72", "zone": "N06", "source": "Greater Chennai Corporation", "year": "2024", "shedId": "KOSAS"}, "geometry": {"type": "LineString", "coordinates": [[80.26308, 13.10621], [80.26295, 13.1046], [80.263, 13.10455]]}}, {"type": "Feature", "properties": {"drain_type": "SWD", "material": "Concrete", "status": "Good", "ward": "N72", "zone": "N06", "source": "Greater Chennai Corporation", "year": "2024", "shedId": "KOSAS"}, "geometry": {"type": "LineString", "coordinates": [[80.263, 13.10455], [80.2634, 13.10449]]}}, {"type": "Feature", "properties": {"drain_type": "SWD", "material": "Concrete", "status": "Good", "ward": "N72", "zone": "N06", "source": "Greater Chennai Corporation", "year": "2024", "shedId": "KOSAS"}, "geometry": {"type": "LineString", "coordinates": [[80.2634, 13.10449], [80.26337, 13.10414]]}}, {"type": "Feature", "properties": {"drain_type": "SWD", "material": "Concrete", "status": "Good", "ward": "N073", "zone": "N06", "source": "Greater Chennai Corporation", "year": "2024", "shedId": "KOSAS"}, "geometry": {"type": "LineString", "coordinates": [[80.26533, 13.09894], [80.26544, 13.09893]]}}, {"type": "Feature", "properties": {"drain_type": "SWD", "material": "Concrete", "status": "Good", "ward": "N073", "zone": "N06", "source": "Greater Chennai Corporation", "year": "2024", "shedId": "KOSAS"}, "geometry": {"type": "LineString", "coordinates": [[80.26541, 13.09893], [80.26555, 13.10015], [80.26588, 13.10144]]}}, {"type": "Feature", "properties": {"drain_type": "SWD", "material": "Concrete", "status": "Good", "ward": "N073", "zone": "N06", "source": "Greater Chennai Corporation", "year": "2024", "shedId": "KOSAS"}, "geometry": {"type": "LineString", "coordinates": [[80.26494, 13.10106], [80.26523, 13.10098], [80.26551, 13.10165]]}}, {"type": "Feature", "properties": {"drain_type": "SWD", "material": "Concrete", "status": "Good", "ward": "N073", "zone": "N06", "source": "Greater Chennai Corporation", "year": "2024", "shedId": "KOSAS"}, "geometry": {"type": "LineString", "coordinates": [[80.2654, 13.09985], [80.26427, 13.10002]]}}, {"type": "Feature", "properties": {"drain_type": "SWD", "material": "Concrete", "status": "Good", "ward": "N073", "zone": "N06", "source": "Greater Chennai Corporation", "year": "2024", "shedId": "KOSAS"}, "geometry": {"type": "LineString", "coordinates": [[80.26412, 13.0991], [80.26428, 13.10008]]}}, {"type": "Feature", "properties": {"drain_type": "SWD", "material": "Concrete", "status": "Good", "ward": "N073", "zone": "N06", "source": "Greater Chennai Corporation", "year": "2024", "shedId": "KOSAS"}, "geometry": {"type": "LineString", "coordinates": [[80.26354, 13.09921], [80.26395, 13.10215]]}}, {"type": "Feature", "properties": {"drain_type": "SWD", "material": "Concrete", "status": "Good", "ward": "N073", "zone": "N06", "source": "Greater Chennai Corporation", "year": "2024", "shedId": "KOSAS"}, "geometry": {"type": "LineString", "coordinates": [[80.26303, 13.09925], [80.26321, 13.10081], [80.26352, 13.10225]]}}, {"type": "Feature", "properties": {"drain_type": "SWD", "material": "Concrete", "status": "Good", "ward": "N073", "zone": "N06", "source": "Greater Chennai Corporation", "year": "2024", "shedId": "KOSAS"}, "geometry": {"type": "LineString", "coordinates": [[80.26314, 13.10022], [80.26143, 13.10048]]}}, {"type": "Feature", "properties": {"drain_type": "SWD", "material": "Concrete", "status": "Good", "ward": "N073", "zone": "N06", "source": "Greater Chennai Corporation", "year": "2024", "shedId": "KOSAS"}, "geometry": {"type": "LineString", "coordinates": [[80.26274, 13.10028], [80.26313, 13.10231]]}}, {"type": "Feature", "properties": {"drain_type": "SWD", "material": "Concrete", "status": "Good", "ward": "N073", "zone": "N06", "source": "Greater Chennai Corporation", "year": "2024", "shedId": "KOSAS"}, "geometry": {"type": "LineString", "coordinates": [[80.26232, 13.10033], [80.26269, 13.10236]]}}, {"type": "Feature", "properties": {"drain_type": "SWD", "material": "Concrete", "status": "Good", "ward": "N073", "zone": "N06", "source": "Greater Chennai Corporation", "year": "2024", "shedId": "KOSAS"}, "geometry": {"type": "LineString", "coordinates": [[80.26184, 13.10246], [80.26137, 13.10018], [80.26133, 13.09967]]}}, {"type": "Feature", "properties": {"drain_type": "SWD", "material": "Concrete", "status": "Good", "ward": "N073", "zone": "N06", "source": "Greater Chennai Corporation", "year": "2024", "shedId": "KOSAS"}, "geometry": {"type": "LineString", "coordinates": [[80.26136, 13.09966], [80.25997, 13.09992]]}}, {"type": "Feature", "properties": {"drain_type": "SWD", "material": "Concrete", "status": "Good", "ward": "N073", "zone": "N06", "source": "Greater Chennai Corporation", "year": "2024", "shedId": "KOSAS"}, "geometry": {"type": "LineString", "coordinates": [[80.26078, 13.0998], [80.26096, 13.10077]]}}, {"type": "Feature", "properties": {"drain_type": "SWD", "material": "Concrete", "status": "Good", "ward": "N073", "zone": "N06", "source": "Greater Chennai Corporation", "year": "2024", "shedId": "KOSAS"}, "geometry": {"type": "LineString", "coordinates": [[80.25994, 13.09986], [80.26006, 13.10069], [80.26062, 13.10243]]}}, {"type": "Feature", "properties": {"drain_type": "SWD", "material": "Concrete", "status": "Good", "ward": "N073", "zone": "N06", "source": "Greater Chennai Corporation", "year": "2024", "shedId": "KOSAS"}, "geometry": {"type": "LineString", "coordinates": [[80.25743, 13.09756], [80.25468, 13.09772]]}}, {"type": "Feature", "properties": {"drain_type": "SWD", "material": "Concrete", "status": "Good", "ward": "N073", "zone": "N06", "source": "Greater Chennai Corporation", "year": "2024", "shedId": "KOSAS"}, "geometry": {"type": "LineString", "coordinates": [[80.25468, 13.09769], [80.25483, 13.09854], [80.25497, 13.09876]]}}, {"type": "Feature", "properties": {"drain_type": "SWD", "material": "Concrete", "status": "Good", "ward": "N073", "zone": "N06", "source": "Greater Chennai Corporation", "year": "2024", "shedId": "KOSAS"}, "geometry": {"type": "LineString", "coordinates": [[80.25478, 13.09768], [80.25157, 13.09799], [80.25149, 13.09813]]}}, {"type": "Feature", "properties": {"drain_type": "SWD", "material": "Concrete", "status": "Good", "ward": "N073", "zone": "N06", "source": "Greater Chennai Corporation", "year": "2024", "shedId": "KOSAS"}, "geometry": {"type": "LineString", "coordinates": [[80.25129, 13.09821], [80.25127, 13.09881], [80.2518, 13.10011]]}}, {"type": "Feature", "properties": {"drain_type": "SWD", "material": "Concrete", "status": "Good", "ward": "N073", "zone": "N06", "source": "Greater Chennai Corporation", "year": "2024", "shedId": "KOSAS"}, "geometry": {"type": "LineString", "coordinates": [[80.2517, 13.10012], [80.2544, 13.09957]]}}, {"type": "Feature", "properties": {"drain_type": "SWD", "material": "Concrete", "status": "Good", "ward": "N073", "zone": "N06", "source": "Greater Chennai Corporation", "year": "2024", "shedId": "KOSAS"}, "geometry": {"type": "LineString", "coordinates": [[80.25428, 13.09947], [80.25405, 13.09961]]}}, {"type": "Feature", "properties": {"drain_type": "SWD", "material": "Concrete", "status": "Good", "ward": "N073", "zone": "N06", "source": "Greater Chennai Corporation", "year": "2024", "shedId": "KOSAS"}, "geometry": {"type": "LineString", "coordinates": [[80.25185, 13.1001], [80.25356, 13.10494]]}}, {"type": "Feature", "properties": {"drain_type": "SWD", "material": "Concrete", "status": "Good", "ward": "N073", "zone": "N06", "source": "Greater Chennai Corporation", "year": "2024", "shedId": "KOSAS"}, "geometry": {"type": "LineString", "coordinates": [[80.25331, 13.10487], [80.25249, 13.10216], [80.25258, 13.10212]]}}, {"type": "Feature", "properties": {"drain_type": "SWD", "material": "Concrete", "status": "Good", "ward": "N073", "zone": "N06", "source": "Greater Chennai Corporation", "year": "2024", "shedId": "KOSAS"}, "geometry": {"type": "LineString", "coordinates": [[80.25449, 13.09933], [80.25699, 13.09884]]}}, {"type": "Feature", "properties": {"drain_type": "SWD", "material": "Concrete", "status": "Good", "ward": "N073", "zone": "N06", "source": "Greater Chennai Corporation", "year": "2024", "shedId": "KOSAS"}, "geometry": {"type": "LineString", "coordinates": [[80.25324, 13.10491], [80.25331, 13.10487]]}}, {"type": "Feature", "properties": {"drain_type": "SWD", "material": "Concrete", "status": "Good", "ward": "N074", "zone": "N06", "source": "Greater Chennai Corporation", "year": "2024", "shedId": "KOSAS"}, "geometry": {"type": "LineString", "coordinates": [[80.24223, 13.09729], [80.24151, 13.09525], [80.24115, 13.09328], [80.24104, 13.09017], [80.24115, 13.08976], [80.24234, 13.08817], [80.24346, 13.08785], [80.24397, 13.08749], [80.24463, 13.08667]]}}, {"type": "Feature", "properties": {"drain_type": "SWD", "material": "Concrete", "status": "Good", "ward": "N074", "zone": "N06", "source": "Greater Chennai Corporation", "year": "2024", "shedId": "KOSAS"}, "geometry": {"type": "LineString", "coordinates": [[80.24374, 13.09696], [80.243, 13.09485]]}}, {"type": "Feature", "properties": {"drain_type": "SWD", "material": "Concrete", "status": "Good", "ward": "N074", "zone": "N06", "source": "Greater Chennai Corporation", "year": "2024", "shedId": "KOSAS"}, "geometry": {"type": "LineString", "coordinates": [[80.24361, 13.09465], [80.24246, 13.0948]]}}, {"type": "Feature", "properties": {"drain_type": "SWD", "material": "Concrete", "status": "Good", "ward": "N074", "zone": "N06", "source": "Greater Chennai Corporation", "year": "2024", "shedId": "KOSAS"}, "geometry": {"type": "LineString", "coordinates": [[80.24263, 13.0943], [80.24342, 13.09415]]}}, {"type": "Feature", "properties": {"drain_type": "SWD", "material": "Concrete", "status": "Good", "ward": "N074", "zone": "N06", "source": "Greater Chennai Corporation", "year": "2024", "shedId": "KOSAS"}, "geometry": {"type": "LineString", "coordinates": [[80.24325, 13.09335], [80.2436, 13.09331], [80.24379, 13.09338]]}}, {"type": "Feature", "properties": {"drain_type": "SWD", "material": "Concrete", "status": "Good", "ward": "N074", "zone": "N06", "source": "Greater Chennai Corporation", "year": "2024", "shedId": "KOSAS"}, "geometry": {"type": "LineString", "coordinates": [[80.24321, 13.09281], [80.24327, 13.09355]]}}, {"type": "Feature", "properties": {"drain_type": "SWD", "material": "Concrete", "status": "Good", "ward": "N074", "zone": "N06", "source": "Greater Chennai Corporation", "year": "2024", "shedId": "KOSAS"}, "geometry": {"type": "LineString", "coordinates": [[80.24427, 13.09316], [80.24406, 13.09147]]}}, {"type": "Feature", "properties": {"drain_type": "SWD", "material": "Concrete", "status": "Good", "ward": "N074", "zone": "N06", "source": "Greater Chennai Corporation", "year": "2024", "shedId": "KOSAS"}, "geometry": {"type": "LineString", "coordinates": [[80.24322, 13.09356], [80.24276, 13.08987]]}}, {"type": "Feature", "properties": {"drain_type": "SWD", "material": "Concrete", "status": "Good", "ward": "N074", "zone": "N06", "source": "Greater Chennai Corporation", "year": "2024", "shedId": "KOSAS"}, "geometry": {"type": "LineString", "coordinates": [[80.24297, 13.09156], [80.24486, 13.09135]]}}, {"type": "Feature", "properties": {"drain_type": "SWD", "material": "Concrete", "status": "Good", "ward": "N074", "zone": "N06", "source": "Greater Chennai Corporation", "year": "2024", "shedId": "KOSAS"}, "geometry": {"type": "LineString", "coordinates": [[80.24465, 13.09141], [80.2448, 13.09273]]}}, {"type": "Feature", "properties": {"drain_type": "SWD", "material": "Concrete", "status": "Good", "ward": "N074", "zone": "N06", "source": "Greater Chennai Corporation", "year": "2024", "shedId": "KOSAS"}, "geometry": {"type": "LineString", "coordinates": [[80.24114, 13.08978], [80.24362, 13.0899]]}}, {"type": "Feature", "properties": {"drain_type": "SWD", "material": "Concrete", "status": "Good", "ward": "N074", "zone": "N06", "source": "Greater Chennai Corporation", "year": "2024", "shedId": "KOSAS"}, "geometry": {"type": "LineString", "coordinates": [[80.24332, 13.08792], [80.24354, 13.08886], [80.24402, 13.08993]]}}, {"type": "Feature", "properties": {"drain_type": "SWD", "material": "Concrete", "status": "Good", "ward": "N074", "zone": "N06", "source": "Greater Chennai Corporation", "year": "2024", "shedId": "KOSAS"}, "geometry": {"type": "LineString", "coordinates": [[80.24461, 13.09687], [80.24452, 13.09576]]}}, {"type": "Feature", "properties": {"drain_type": "SWD", "material": "Concrete", "status": "Good", "ward": "N074", "zone": "N06", "source": "Greater Chennai Corporation", "year": "2024", "shedId": "KOSAS"}, "geometry": {"type": "LineString", "coordinates": [[80.24452, 13.09576], [80.24602, 13.09567]]}}, {"type": "Feature", "properties": {"drain_type": "SWD", "material": "Concrete", "status": "Good", "ward": "N074", "zone": "N06", "source": "Greater Chennai Corporation", "year": "2024", "shedId": "KOSAS"}, "geometry": {"type": "LineString", "coordinates": [[80.24695, 13.0968], [80.24681, 13.09466]]}}, {"type": "Feature", "properties": {"drain_type": "SWD", "material": "Concrete", "status": "Good", "ward": "N074", "zone": "N06", "source": "Greater Chennai Corporation", "year": "2024", "shedId": "KOSAS"}, "geometry": {"type": "LineString", "coordinates": [[80.24231, 13.08911], [80.24268, 13.08863], [80.24344, 13.08848]]}}, {"type": "Feature", "properties": {"drain_type": "SWD", "material": "Concrete", "status": "Good", "ward": "N074", "zone": "N06", "source": "Greater Chennai Corporation", "year": "2024", "shedId": "KOSAS"}, "geometry": {"type": "LineString", "coordinates": [[80.24381, 13.09002], [80.24402, 13.08993]]}}, {"type": "Feature", "properties": {"drain_type": "SWD", "material": "Concrete", "status": "Good", "ward": "N074", "zone": "N06", "source": "Greater Chennai Corporation", "year": "2024", "shedId": "KOSAS"}, "geometry": {"type": "LineString", "coordinates": [[80.2476, 13.09498], [80.24681, 13.09494]]}}, {"type": "Feature", "properties": {"drain_type": "SWD", "material": "Concrete", "status": "Good", "ward": "N074", "zone": "N06", "source": "Greater Chennai Corporation", "year": "2024", "shedId": "KOSAS"}, "geometry": {"type": "LineString", "coordinates": [[80.24773, 13.09703], [80.24767, 13.09649]]}}, {"type": "Feature", "properties": {"drain_type": "SWD", "material": "Concrete", "status": "Good", "ward": "N074", "zone": "N06", "source": "Greater Chennai Corporation", "year": "2024", "shedId": "KOSAS"}, "geometry": {"type": "LineString", "coordinates": [[80.24958, 13.09753], [80.2497, 13.09629], [80.24965, 13.09547]]}}, {"type": "Feature", "properties": {"drain_type": "SWD", "material": "Concrete", "status": "Good", "ward": "N074", "zone": "N06", "source": "Greater Chennai Corporation", "year": "2024", "shedId": "KOSAS"}, "geometry": {"type": "LineString", "coordinates": [[80.24857, 13.09506], [80.24852, 13.09544], [80.25029, 13.09547]]}}, {"type": "Feature", "properties": {"drain_type": "SWD", "material": "Concrete", "status": "Good", "ward": "N074", "zone": "N06", "source": "Greater Chennai Corporation", "year": "2024", "shedId": "KOSAS"}, "geometry": {"type": "LineString", "coordinates": [[80.24452, 13.08657], [80.24351, 13.08768], [80.24221, 13.08794], [80.24104, 13.08969], [80.24084, 13.09027], [80.24115, 13.09412], [80.24211, 13.09732]]}}, {"type": "Feature", "properties": {"drain_type": "SWD", "material": "Concrete", "status": "Good", "ward": "N074", "zone": "N06", "source": "Greater Chennai Corporation", "year": "2024", "shedId": "KOSAS"}, "geometry": {"type": "LineString", "coordinates": [[80.24301, 13.09427], [80.24277, 13.09401], [80.24229, 13.09401], [80.24246, 13.0948]]}}, {"type": "Feature", "properties": {"drain_type": "SWD", "material": "Concrete", "status": "Good", "ward": "N074", "zone": "N06", "source": "Greater Chennai Corporation", "year": "2024", "shedId": "KOSAS"}, "geometry": {"type": "LineString", "coordinates": [[80.24316, 13.09369], [80.24427, 13.09316]]}}, {"type": "Feature", "properties": {"drain_type": "SWD", "material": "Concrete", "status": "Good", "ward": "N074", "zone": "N06", "source": "Greater Chennai Corporation", "year": "2024", "shedId": "KOSAS"}, "geometry": {"type": "LineString", "coordinates": [[80.24321, 13.09281], [80.24419, 13.09266]]}}, {"type": "Feature", "properties": {"drain_type": "SWD", "material": "Concrete", "status": "Good", "ward": "N074", "zone": "N06", "source": "Greater Chennai Corporation", "year": "2024", "shedId": "KOSAS"}, "geometry": {"type": "LineString", "coordinates": [[80.24455, 13.09576], [80.24447, 13.09482]]}}, {"type": "Feature", "properties": {"drain_type": "Side Drain", "material": "Concrete", "status": "Bad", "ward": "N074", "zone": "N06", "source": "Greater Chennai Corporation", "year": "2024", "shedId": "KOSAS"}, "geometry": {"type": "LineString", "coordinates": [[80.25035, 13.09773], [80.25031, 13.0963], [80.2497, 13.09628]]}}, {"type": "Feature", "properties": {"drain_type": "SWD", "material": "Concrete", "status": "Good", "ward": "N074", "zone": "N06", "source": "Greater Chennai Corporation", "year": "2024", "shedId": "KOSAS"}, "geometry": {"type": "LineString", "coordinates": [[80.24349, 13.0942], [80.24316, 13.09369]]}}, {"type": "Feature", "properties": {"drain_type": "SWD", "material": "Concrete", "status": "Good", "ward": "N074", "zone": "N06", "source": "Greater Chennai Corporation", "year": "2024", "shedId": "KOSAS"}, "geometry": {"type": "LineString", "coordinates": [[80.24402, 13.08993], [80.24482, 13.09112], [80.24486, 13.09135]]}}, {"type": "Feature", "properties": {"drain_type": "SWD", "material": "Concrete", "status": "Good", "ward": "N074", "zone": "N06", "source": "Greater Chennai Corporation", "year": "2024", "shedId": "KOSAS"}, "geometry": {"type": "LineString", "coordinates": [[80.24681, 13.09466], [80.24689, 13.09402]]}}, {"type": "Feature", "properties": {"drain_type": "SWD", "material": "Concrete", "status": "Good", "ward": "N75", "zone": "N06", "source": "Greater Chennai Corporation", "year": "2024", "shedId": "KOSAS"}, "geometry": {"type": "LineString", "coordinates": [[80.25155, 13.09786], [80.25119, 13.09492]]}}, {"type": "Feature", "properties": {"drain_type": "SWD", "material": "Concrete", "status": "Good", "ward": "N75", "zone": "N06", "source": "Greater Chennai Corporation", "year": "2024", "shedId": "KOSAS"}, "geometry": {"type": "LineString", "coordinates": [[80.25123, 13.09517], [80.252, 13.09514]]}}, {"type": "Feature", "properties": {"drain_type": "SWD", "material": "Concrete", "status": "Good", "ward": "N75", "zone": "N06", "source": "Greater Chennai Corporation", "year": "2024", "shedId": "KOSAS"}, "geometry": {"type": "LineString", "coordinates": [[80.25284, 13.0957], [80.25128, 13.09558]]}}, {"type": "Feature", "properties": {"drain_type": "SWD", "material": "Concrete", "status": "Good", "ward": "N75", "zone": "N06", "source": "Greater Chennai Corporation", "year": "2024", "shedId": "KOSAS"}, "geometry": {"type": "LineString", "coordinates": [[80.2527, 13.09773], [80.25267, 13.09672], [80.2528, 13.0961]]}}, {"type": "Feature", "properties": {"drain_type": "SWD", "material": "Concrete", "status": "Good", "ward": "N75", "zone": "N06", "source": "Greater Chennai Corporation", "year": "2024", "shedId": "KOSAS"}, "geometry": {"type": "LineString", "coordinates": [[80.2528, 13.0961], [80.25422, 13.0961]]}}, {"type": "Feature", "properties": {"drain_type": "SWD", "material": "Concrete", "status": "Good", "ward": "N75", "zone": "N06", "source": "Greater Chennai Corporation", "year": "2024", "shedId": "KOSAS"}, "geometry": {"type": "LineString", "coordinates": [[80.25325, 13.09769], [80.25325, 13.09611]]}}, {"type": "Feature", "properties": {"drain_type": "SWD", "material": "Concrete", "status": "Good", "ward": "N75", "zone": "N06", "source": "Greater Chennai Corporation", "year": "2024", "shedId": "KOSAS"}, "geometry": {"type": "LineString", "coordinates": [[80.25104, 13.09414], [80.25308, 13.09449]]}}, {"type": "Feature", "properties": {"drain_type": "SWD", "material": "Concrete", "status": "Good", "ward": "N75", "zone": "N06", "source": "Greater Chennai Corporation", "year": "2024", "shedId": "KOSAS"}, "geometry": {"type": "LineString", "coordinates": [[80.25308, 13.09449], [80.25314, 13.09414]]}}, {"type": "Feature", "properties": {"drain_type": "SWD", "material": "Concrete", "status": "Good", "ward": "N75", "zone": "N06", "source": "Greater Chennai Corporation", "year": "2024", "shedId": "KOSAS"}, "geometry": {"type": "LineString", "coordinates": [[80.25314, 13.09414], [80.25099, 13.09371]]}}, {"type": "Feature", "properties": {"drain_type": "SWD", "material": "Concrete", "status": "Good", "ward": "N75", "zone": "N06", "source": "Greater Chennai Corporation", "year": "2024", "shedId": "KOSAS"}, "geometry": {"type": "LineString", "coordinates": [[80.25389, 13.09161], [80.25343, 13.09323]]}}, {"type": "Feature", "properties": {"drain_type": "SWD", "material": "Concrete", "status": "Good", "ward": "N75", "zone": "N06", "source": "Greater Chennai Corporation", "year": "2024", "shedId": "KOSAS"}, "geometry": {"type": "LineString", "coordinates": [[80.25431, 13.09119], [80.25435, 13.09188], [80.25419, 13.09257]]}}, {"type": "Feature", "properties": {"drain_type": "SWD", "material": "Concrete", "status": "Good", "ward": "N75", "zone": "N06", "source": "Greater Chennai Corporation", "year": "2024", "shedId": "KOSAS"}, "geometry": {"type": "LineString", "coordinates": [[80.25419, 13.09257], [80.2542, 13.09257], [80.25453, 13.09267]]}}, {"type": "Feature", "properties": {"drain_type": "SWD", "material": "Concrete", "status": "Good", "ward": "N75", "zone": "N06", "source": "Greater Chennai Corporation", "year": "2024", "shedId": "KOSAS"}, "geometry": {"type": "LineString", "coordinates": [[80.25453, 13.09267], [80.25477, 13.09169], [80.25468, 13.09125]]}}, {"type": "Feature", "properties": {"drain_type": "SWD", "material": "Concrete", "status": "Good", "ward": "N75", "zone": "N06", "source": "Greater Chennai Corporation", "year": "2024", "shedId": "KOSAS"}, "geometry": {"type": "LineString", "coordinates": [[80.25476, 13.09125], [80.25432, 13.09124]]}}, {"type": "Feature", "properties": {"drain_type": "SWD", "material": "Concrete", "status": "Good", "ward": "N76", "zone": "N06", "source": "Greater Chennai Corporation", "year": "2024", "shedId": "KOSAS"}, "geometry": {"type": "LineString", "coordinates": [[80.25476, 13.0976], [80.25477, 13.09634]]}}, {"type": "Feature", "properties": {"drain_type": "SWD", "material": "Concrete", "status": "Good", "ward": "N76", "zone": "N06", "source": "Greater Chennai Corporation", "year": "2024", "shedId": "KOSAS"}, "geometry": {"type": "LineString", "coordinates": [[80.25477, 13.09634], [80.25511, 13.09643]]}}, {"type": "Feature", "properties": {"drain_type": "SWD", "material": "Concrete", "status": "Good", "ward": "N76", "zone": "N06", "source": "Greater Chennai Corporation", "year": "2024", "shedId": "KOSAS"}, "geometry": {"type": "LineString", "coordinates": [[80.25511, 13.0964], [80.25506, 13.09758]]}}, {"type": "Feature", "properties": {"drain_type": "SWD", "material": "Concrete", "status": "Good", "ward": "N76", "zone": "N06", "source": "Greater Chennai Corporation", "year": "2024", "shedId": "KOSAS"}, "geometry": {"type": "LineString", "coordinates": [[80.2548, 13.09759], [80.25926, 13.09733]]}}, {"type": "Feature", "properties": {"drain_type": "SWD", "material": "Concrete", "status": "Good", "ward": "N76", "zone": "N06", "source": "Greater Chennai Corporation", "year": "2024", "shedId": "KOSAS"}, "geometry": {"type": "LineString", "coordinates": [[80.25576, 13.09754], [80.25572, 13.09636], [80.25621, 13.09482]]}}, {"type": "Feature", "properties": {"drain_type": "SWD", "material": "Concrete", "status": "Good", "ward": "N76", "zone": "N06", "source": "Greater Chennai Corporation", "year": "2024", "shedId": "KOSAS"}, "geometry": {"type": "LineString", "coordinates": [[80.25621, 13.09483], [80.25768, 13.0951], [80.25892, 13.09493]]}}, {"type": "Feature", "properties": {"drain_type": "SWD", "material": "Concrete", "status": "Good", "ward": "N76", "zone": "N06", "source": "Greater Chennai Corporation", "year": "2024", "shedId": "KOSAS"}, "geometry": {"type": "LineString", "coordinates": [[80.25733, 13.09508], [80.25713, 13.09604]]}}, {"type": "Feature", "properties": {"drain_type": "SWD", "material": "Concrete", "status": "Good", "ward": "N76", "zone": "N06", "source": "Greater Chennai Corporation", "year": "2024", "shedId": "KOSAS"}, "geometry": {"type": "LineString", "coordinates": [[80.25716, 13.09594], [80.25797, 13.09606]]}}, {"type": "Feature", "properties": {"drain_type": "SWD", "material": "Concrete", "status": "Good", "ward": "N76", "zone": "N06", "source": "Greater Chennai Corporation", "year": "2024", "shedId": "KOSAS"}, "geometry": {"type": "LineString", "coordinates": [[80.25888, 13.09356], [80.25891, 13.0949], [80.25918, 13.09689]]}}, {"type": "Feature", "properties": {"drain_type": "SWD", "material": "Concrete", "status": "Good", "ward": "N76", "zone": "N06", "source": "Greater Chennai Corporation", "year": "2024", "shedId": "KOSAS"}, "geometry": {"type": "LineString", "coordinates": [[80.259, 13.09365], [80.2591, 13.09543], [80.2593, 13.09688]]}}, {"type": "Feature", "properties": {"drain_type": "SWD", "material": "Concrete", "status": "Good", "ward": "N76", "zone": "N06", "source": "Greater Chennai Corporation", "year": "2024", "shedId": "KOSAS"}, "geometry": {"type": "LineString", "coordinates": [[80.25901, 13.094], [80.2591, 13.09382], [80.26204, 13.0941], [80.26228, 13.09458]]}}, {"type": "Feature", "properties": {"drain_type": "SWD", "material": "Concrete", "status": "Good", "ward": "N76", "zone": "N06", "source": "Greater Chennai Corporation", "year": "2024", "shedId": "KOSAS"}, "geometry": {"type": "LineString", "coordinates": [[80.26014, 13.09451], [80.26265, 13.09459], [80.2628, 13.09465]]}}, {"type": "Feature", "properties": {"drain_type": "SWD", "material": "Concrete", "status": "Good", "ward": "N76", "zone": "N06", "source": "Greater Chennai Corporation", "year": "2024", "shedId": "KOSAS"}, "geometry": {"type": "LineString", "coordinates": [[80.2628, 13.09472], [80.26289, 13.09362]]}}, {"type": "Feature", "properties": {"drain_type": "SWD", "material": "Concrete", "status": "Good", "ward": "N76", "zone": "N06", "source": "Greater Chennai Corporation", "year": "2024", "shedId": "KOSAS"}, "geometry": {"type": "LineString", "coordinates": [[80.25962, 13.09742], [80.26229, 13.09666]]}}, {"type": "Feature", "properties": {"drain_type": "SWD", "material": "Concrete", "status": "Good", "ward": "N76", "zone": "N06", "source": "Greater Chennai Corporation", "year": "2024", "shedId": "KOSAS"}, "geometry": {"type": "LineString", "coordinates": [[80.26229, 13.09666], [80.26242, 13.09662], [80.2626, 13.09548]]}}, {"type": "Feature", "properties": {"drain_type": "SWD", "material": "Concrete", "status": "Good", "ward": "N76", "zone": "N06", "source": "Greater Chennai Corporation", "year": "2024", "shedId": "KOSAS"}, "geometry": {"type": "LineString", "coordinates": [[80.26231, 13.09666], [80.26255, 13.09675], [80.26256, 13.09709]]}}, {"type": "Feature", "properties": {"drain_type": "SWD", "material": "Concrete", "status": "Good", "ward": "N76", "zone": "N06", "source": "Greater Chennai Corporation", "year": "2024", "shedId": "KOSAS"}, "geometry": {"type": "LineString", "coordinates": [[80.25697, 13.09758], [80.25921, 13.09745]]}}, {"type": "Feature", "properties": {"drain_type": "SWD", "material": "Concrete", "status": "Good", "ward": "N76", "zone": "N06", "source": "Greater Chennai Corporation", "year": "2024", "shedId": "KOSAS"}, "geometry": {"type": "LineString", "coordinates": [[80.25713, 13.09604], [80.25658, 13.09598], [80.25665, 13.09748]]}}, {"type": "Feature", "properties": {"drain_type": "SWD", "material": "Concrete", "status": "Good", "ward": "N76", "zone": "N06", "source": "Greater Chennai Corporation", "year": "2024", "shedId": "KOSAS"}, "geometry": {"type": "LineString", "coordinates": [[80.25962, 13.09867], [80.25993, 13.09985]]}}, {"type": "Feature", "properties": {"drain_type": "SWD", "material": "Concrete", "status": "Good", "ward": "N77", "zone": "N06", "source": "Greater Chennai Corporation", "year": "2024", "shedId": "KOSAS"}, "geometry": {"type": "LineString", "coordinates": [[80.26827, 13.09813], [80.26533, 13.09895], [80.26222, 13.09936], [80.26186, 13.09972], [80.25997, 13.09992]]}}, {"type": "Feature", "properties": {"drain_type": "SWD", "material": "Concrete", "status": "Good", "ward": "N77", "zone": "N06", "source": "Greater Chennai Corporation", "year": "2024", "shedId": "KOSAS"}, "geometry": {"type": "LineString", "coordinates": [[80.26286, 13.09515], [80.26277, 13.09489], [80.2628, 13.09469]]}}, {"type": "Feature", "properties": {"drain_type": "SWD", "material": "Concrete", "status": "Good", "ward": "N77", "zone": "N06", "source": "Greater Chennai Corporation", "year": "2024", "shedId": "KOSAS"}, "geometry": {"type": "LineString", "coordinates": [[80.2628, 13.09469], [80.26472, 13.0947]]}}, {"type": "Feature", "properties": {"drain_type": "SWD", "material": "Concrete", "status": "Good", "ward": "N77", "zone": "N06", "source": "Greater Chennai Corporation", "year": "2024", "shedId": "KOSAS"}, "geometry": {"type": "LineString", "coordinates": [[80.26435, 13.09631], [80.26553, 13.09545], [80.26775, 13.09462], [80.26847, 13.09416]]}}, {"type": "Feature", "properties": {"drain_type": "SWD", "material": "Concrete", "status": "Good", "ward": "N77", "zone": "N06", "source": "Greater Chennai Corporation", "year": "2024", "shedId": "KOSAS"}, "geometry": {"type": "LineString", "coordinates": [[80.26739, 13.09476], [80.2672, 13.09394]]}}, {"type": "Feature", "properties": {"drain_type": "SWD", "material": "Concrete", "status": "Good", "ward": "N77", "zone": "N06", "source": "Greater Chennai Corporation", "year": "2024", "shedId": "KOSAS"}, "geometry": {"type": "LineString", "coordinates": [[80.26838, 13.09402], [80.26855, 13.09439], [80.26868, 13.09627], [80.26847, 13.09802], [80.26827, 13.09813]]}}, {"type": "Feature", "properties": {"drain_type": "SWD", "material": "Concrete", "status": "Good", "ward": "N77", "zone": "N06", "source": "Greater Chennai Corporation", "year": "2024", "shedId": "KOSAS"}, "geometry": {"type": "LineString", "coordinates": [[80.26937, 13.09236], [80.26961, 13.09244], [80.26968, 13.09222]]}}, {"type": "Feature", "properties": {"drain_type": "SWD", "material": "Concrete", "status": "Good", "ward": "N77", "zone": "N06", "source": "Greater Chennai Corporation", "year": "2024", "shedId": "KOSAS"}, "geometry": {"type": "LineString", "coordinates": [[80.26961, 13.09244], [80.27053, 13.09249]]}}, {"type": "Feature", "properties": {"drain_type": "SWD", "material": "Concrete", "status": "Good", "ward": "N77", "zone": "N06", "source": "Greater Chennai Corporation", "year": "2024", "shedId": "KOSAS"}, "geometry": {"type": "LineString", "coordinates": [[80.26827, 13.09813], [80.26591, 13.09873], [80.26221, 13.09927]]}}, {"type": "Feature", "properties": {"drain_type": "SWD", "material": "Concrete", "status": "Good", "ward": "N77", "zone": "N06", "source": "Greater Chennai Corporation", "year": "2024", "shedId": "KOSAS"}, "geometry": {"type": "LineString", "coordinates": [[80.26863, 13.09674], [80.26805, 13.09668]]}}, {"type": "Feature", "properties": {"drain_type": "SWD", "material": "Concrete", "status": "Good", "ward": "N77", "zone": "N06", "source": "Greater Chennai Corporation", "year": "2024", "shedId": "KOSAS"}, "geometry": {"type": "LineString", "coordinates": [[80.26672, 13.09853], [80.2658, 13.09534]]}}, {"type": "Feature", "properties": {"drain_type": "SWD", "material": "Concrete", "status": "Good", "ward": "N77", "zone": "N06", "source": "Greater Chennai Corporation", "year": "2024", "shedId": "KOSAS"}, "geometry": {"type": "LineString", "coordinates": [[80.26493, 13.0989], [80.26469, 13.09729]]}}, {"type": "Feature", "properties": {"drain_type": "SWD", "material": "Concrete", "status": "Good", "ward": "N77", "zone": "N06", "source": "Greater Chennai Corporation", "year": "2024", "shedId": "KOSAS"}, "geometry": {"type": "LineString", "coordinates": [[80.26572, 13.09875], [80.26542, 13.09755]]}}, {"type": "Feature", "properties": {"drain_type": "SWD", "material": "Concrete", "status": "Good", "ward": "N77", "zone": "N06", "source": "Greater Chennai Corporation", "year": "2024", "shedId": "KOSAS"}, "geometry": {"type": "LineString", "coordinates": [[80.26294, 13.09916], [80.26288, 13.09857], [80.26251, 13.09727]]}}, {"type": "Feature", "properties": {"drain_type": "SWD", "material": "Concrete", "status": "Good", "ward": "N77", "zone": "N06", "source": "Greater Chennai Corporation", "year": "2024", "shedId": "KOSAS"}, "geometry": {"type": "LineString", "coordinates": [[80.2625, 13.09922], [80.26213, 13.09744]]}}, {"type": "Feature", "properties": {"drain_type": "SWD", "material": "Concrete", "status": "Good", "ward": "N77", "zone": "N06", "source": "Greater Chennai Corporation", "year": "2024", "shedId": "KOSAS"}, "geometry": {"type": "LineString", "coordinates": [[80.26221, 13.09927], [80.26184, 13.09808]]}}, {"type": "Feature", "properties": {"drain_type": "SWD", "material": "Concrete", "status": "Good", "ward": "N77", "zone": "N06", "source": "Greater Chennai Corporation", "year": "2024", "shedId": "KOSAS"}, "geometry": {"type": "LineString", "coordinates": [[80.2621, 13.09894], [80.26108, 13.09929], [80.26073, 13.09934]]}}, {"type": "Feature", "properties": {"drain_type": "SWD", "material": "Concrete", "status": "Good", "ward": "N77", "zone": "N06", "source": "Greater Chennai Corporation", "year": "2024", "shedId": "KOSAS"}, "geometry": {"type": "LineString", "coordinates": [[80.2628, 13.09469], [80.26289, 13.09363]]}}, {"type": "Feature", "properties": {"drain_type": "SWD", "material": "Concrete", "status": "Good", "ward": "N77", "zone": "N06", "source": "Greater Chennai Corporation", "year": "2024", "shedId": "KOSAS"}, "geometry": {"type": "LineString", "coordinates": [[80.26268, 13.09765], [80.26265, 13.09752], [80.26258, 13.09725]]}}, {"type": "Feature", "properties": {"drain_type": "SWD", "material": "Concrete", "status": "Good", "ward": "N77", "zone": "N06", "source": "Greater Chennai Corporation", "year": "2024", "shedId": "KOSAS"}, "geometry": {"type": "LineString", "coordinates": [[80.26838, 13.09402], [80.26946, 13.09219]]}}, {"type": "Feature", "properties": {"drain_type": "SWD", "material": "Concrete", "status": "Good", "ward": "N08", "zone": "N01", "source": "Greater Chennai Corporation", "year": "2024", "shedId": "KOSAS"}, "geometry": {"type": "LineString", "coordinates": [[80.30343, 13.16495], [80.30384, 13.16666]]}}, {"type": "Feature", "properties": {"drain_type": "SWD", "material": "Concrete", "status": "Good", "ward": "N08", "zone": "N01", "source": "Greater Chennai Corporation", "year": "2024", "shedId": "KOSAS"}, "geometry": {"type": "LineString", "coordinates": [[80.30399, 13.16661], [80.30357, 13.16488]]}}, {"type": "Feature", "properties": {"drain_type": "Side Drain", "material": "Concrete", "status": "Good", "ward": "N08", "zone": "N01", "source": "Greater Chennai Corporation", "year": "2024", "shedId": "KOSAS"}, "geometry": {"type": "LineString", "coordinates": [[80.30683, 13.16492], [80.30767, 13.16623], [80.30946, 13.16772]]}}, {"type": "Feature", "properties": {"drain_type": "Side Drain", "material": "Concrete", "status": "Good", "ward": "N08", "zone": "N01", "source": "Greater Chennai Corporation", "year": "2024", "shedId": "KOSAS"}, "geometry": {"type": "LineString", "coordinates": [[80.30927, 13.16724], [80.30899, 13.16704]]}}, {"type": "Feature", "properties": {"drain_type": "SWD", "material": "Concrete", "status": "Good", "ward": "N096", "zone": "N08", "source": "Greater Chennai Corporation", "year": "2024", "shedId": "KOSAS"}, "geometry": {"type": "LineString", "coordinates": [[80.2143, 13.09848], [80.21736, 13.09722], [80.22125, 13.09592]]}}, {"type": "Feature", "properties": {"drain_type": "SWD", "material": "Concrete", "status": "Good", "ward": "N096", "zone": "N08", "source": "Greater Chennai Corporation", "year": "2024", "shedId": "KOSAS"}, "geometry": {"type": "LineString", "coordinates": [[80.21477, 13.10047], [80.21731, 13.09947], [80.22039, 13.09893]]}}, {"type": "Feature", "properties": {"drain_type": "SWD", "material": "Concrete", "status": "Good", "ward": "N096", "zone": "N08", "source": "Greater Chennai Corporation", "year": "2024", "shedId": "KOSAS"}, "geometry": {"type": "LineString", "coordinates": [[80.22364, 13.09843], [80.22367, 13.09925]]}}, {"type": "Feature", "properties": {"drain_type": "SWD", "material": "Concrete", "status": "Good", "ward": "N096", "zone": "N08", "source": "Greater Chennai Corporation", "year": "2024", "shedId": "KOSAS"}, "geometry": {"type": "LineString", "coordinates": [[80.22593, 13.09953], [80.22757, 13.09955]]}}, {"type": "Feature", "properties": {"drain_type": "SWD", "material": "Concrete", "status": "Good", "ward": "N096", "zone": "N08", "source": "Greater Chennai Corporation", "year": "2024", "shedId": "KOSAS"}, "geometry": {"type": "LineString", "coordinates": [[80.22683, 13.09954], [80.22683, 13.09998]]}}, {"type": "Feature", "properties": {"drain_type": "SWD", "material": "Concrete", "status": "Good", "ward": "N096", "zone": "N08", "source": "Greater Chennai Corporation", "year": "2024", "shedId": "KOSAS"}, "geometry": {"type": "LineString", "coordinates": [[80.23019, 13.09969], [80.22764, 13.10015], [80.2263, 13.10009], [80.2241, 13.09969], [80.22286, 13.09886], [80.22196, 13.09885], [80.21734, 13.09961], [80.21486, 13.10061]]}}, {"type": "Feature", "properties": {"drain_type": "SWD", "material": "Concrete", "status": "Good", "ward": "N096", "zone": "N08", "source": "Greater Chennai Corporation", "year": "2024", "shedId": "KOSAS"}, "geometry": {"type": "LineString", "coordinates": [[80.22783, 13.09886], [80.22787, 13.09999]]}}, {"type": "Feature", "properties": {"drain_type": "SWD", "material": "Concrete", "status": "Good", "ward": "N096", "zone": "N08", "source": "Greater Chennai Corporation", "year": "2024", "shedId": "KOSAS"}, "geometry": {"type": "LineString", "coordinates": [[80.23069, 13.09945], [80.23107, 13.10234]]}}, {"type": "Feature", "properties": {"drain_type": "SWD", "material": "Concrete", "status": "Good", "ward": "N096", "zone": "N08", "source": "Greater Chennai Corporation", "year": "2024", "shedId": "KOSAS"}, "geometry": {"type": "LineString", "coordinates": [[80.23209, 13.09887], [80.23182, 13.09797]]}}, {"type": "Feature", "properties": {"drain_type": "SWD", "material": "Concrete", "status": "Good", "ward": "N096", "zone": "N08", "source": "Greater Chennai Corporation", "year": "2024", "shedId": "KOSAS"}, "geometry": {"type": "LineString", "coordinates": [[80.23073, 13.09944], [80.23057, 13.09738]]}}, {"type": "Feature", "properties": {"drain_type": "Side Drain", "material": "Concrete", "status": "Bad", "ward": "N096", "zone": "N08", "source": "Greater Chennai Corporation", "year": "2024", "shedId": "KOSAS"}, "geometry": {"type": "LineString", "coordinates": [[80.23698, 13.09808], [80.23673, 13.09653]]}}, {"type": "Feature", "properties": {"drain_type": "SWD", "material": "Concrete", "status": "Good", "ward": "N096", "zone": "N08", "source": "Greater Chennai Corporation", "year": "2024", "shedId": "KOSAS"}, "geometry": {"type": "LineString", "coordinates": [[80.23196, 13.09718], [80.23475, 13.09675]]}}, {"type": "Feature", "properties": {"drain_type": "SWD", "material": "Concrete", "status": "Good", "ward": "N096", "zone": "N08", "source": "Greater Chennai Corporation", "year": "2024", "shedId": "KOSAS"}, "geometry": {"type": "LineString", "coordinates": [[80.2334, 13.09695], [80.23368, 13.09855]]}}, {"type": "Feature", "properties": {"drain_type": "SWD", "material": "Concrete", "status": "Good", "ward": "N096", "zone": "N08", "source": "Greater Chennai Corporation", "year": "2024", "shedId": "KOSAS"}, "geometry": {"type": "LineString", "coordinates": [[80.21512, 13.10036], [80.21735, 13.09951], [80.22232, 13.09869], [80.22297, 13.09874], [80.22391, 13.09942], [80.22512, 13.09981], [80.22638, 13.09998], [80.22849, 13.09994], [80.23044, 13.09955], [80.23273, 13.09868], [80.24201, 13.09739]]}}, {"type": "Feature", "properties": {"drain_type": "SWD", "material": "Concrete", "status": "Good", "ward": "N096", "zone": "N08", "source": "Greater Chennai Corporation", "year": "2024", "shedId": "KOSAS"}, "geometry": {"type": "LineString", "coordinates": [[80.22868, 13.09869], [80.22858, 13.09821], [80.23059, 13.09781]]}}, {"type": "Feature", "properties": {"drain_type": "SWD", "material": "Concrete", "status": "Good", "ward": "N096", "zone": "N08", "source": "Greater Chennai Corporation", "year": "2024", "shedId": "KOSAS"}, "geometry": {"type": "LineString", "coordinates": [[80.23183, 13.09804], [80.23247, 13.09795], [80.23261, 13.09871]]}}, {"type": "Feature", "properties": {"drain_type": "SWD", "material": "Concrete", "status": "Good", "ward": "N096", "zone": "N08", "source": "Greater Chennai Corporation", "year": "2024", "shedId": "KOSAS"}, "geometry": {"type": "LineString", "coordinates": [[80.2348, 13.09962], [80.23577, 13.09952], [80.23608, 13.10147]]}}, {"type": "Feature", "properties": {"drain_type": "SWD", "material": "Concrete", "status": "Good", "ward": "N097", "zone": "N08", "source": "Greater Chennai Corporation", "year": "2024", "shedId": "KOSAS"}, "geometry": {"type": "LineString", "coordinates": [[80.22194, 13.09659], [80.22322, 13.09602], [80.22426, 13.09612]]}}, {"type": "Feature", "properties": {"drain_type": "SWD", "material": "Concrete", "status": "Good", "ward": "N097", "zone": "N08", "source": "Greater Chennai Corporation", "year": "2024", "shedId": "KOSAS"}, "geometry": {"type": "LineString", "coordinates": [[80.22398, 13.09607], [80.22392, 13.09521], [80.22385, 13.0952]]}}, {"type": "Feature", "properties": {"drain_type": "SWD", "material": "Concrete", "status": "Good", "ward": "N097", "zone": "N08", "source": "Greater Chennai Corporation", "year": "2024", "shedId": "KOSAS"}, "geometry": {"type": "LineString", "coordinates": [[80.22391, 13.09515], [80.22423, 13.09496], [80.22464, 13.09485]]}}, {"type": "Feature", "properties": {"drain_type": "SWD", "material": "Concrete", "status": "Good", "ward": "N097", "zone": "N08", "source": "Greater Chennai Corporation", "year": "2024", "shedId": "KOSAS"}, "geometry": {"type": "LineString", "coordinates": [[80.22442, 13.09491], [80.22444, 13.09611]]}}, {"type": "Feature", "properties": {"drain_type": "SWD", "material": "Concrete", "status": "Good", "ward": "N097", "zone": "N08", "source": "Greater Chennai Corporation", "year": "2024", "shedId": "KOSAS"}, "geometry": {"type": "LineString", "coordinates": [[80.2247, 13.09625], [80.22457, 13.09868]]}}, {"type": "Feature", "properties": {"drain_type": "SWD", "material": "Concrete", "status": "Good", "ward": "N097", "zone": "N08", "source": "Greater Chennai Corporation", "year": "2024", "shedId": "KOSAS"}, "geometry": {"type": "LineString", "coordinates": [[80.22457, 13.09868], [80.22588, 13.09877]]}}, {"type": "Feature", "properties": {"drain_type": "SWD", "material": "Concrete", "status": "Good", "ward": "N097", "zone": "N08", "source": "Greater Chennai Corporation", "year": "2024", "shedId": "KOSAS"}, "geometry": {"type": "LineString", "coordinates": [[80.22589, 13.09878], [80.22595, 13.09737], [80.22608, 13.09727]]}}, {"type": "Feature", "properties": {"drain_type": "SWD", "material": "Concrete", "status": "Good", "ward": "N097", "zone": "N08", "source": "Greater Chennai Corporation", "year": "2024", "shedId": "KOSAS"}, "geometry": {"type": "LineString", "coordinates": [[80.22608, 13.09727], [80.2282, 13.09757]]}}, {"type": "Feature", "properties": {"drain_type": "SWD", "material": "Concrete", "status": "Good", "ward": "N097", "zone": "N08", "source": "Greater Chennai Corporation", "year": "2024", "shedId": "KOSAS"}, "geometry": {"type": "LineString", "coordinates": [[80.22792, 13.09749], [80.2282, 13.0975]]}}, {"type": "Feature", "properties": {"drain_type": "SWD", "material": "Concrete", "status": "Good", "ward": "N097", "zone": "N08", "source": "Greater Chennai Corporation", "year": "2024", "shedId": "KOSAS"}, "geometry": {"type": "LineString", "coordinates": [[80.22782, 13.09177], [80.22806, 13.09214], [80.22973, 13.09193]]}}, {"type": "Feature", "properties": {"drain_type": "SWD", "material": "Concrete", "status": "Good", "ward": "N097", "zone": "N08", "source": "Greater Chennai Corporation", "year": "2024", "shedId": "KOSAS"}, "geometry": {"type": "LineString", "coordinates": [[80.22973, 13.09193], [80.22982, 13.0925]]}}, {"type": "Feature", "properties": {"drain_type": "SWD", "material": "Concrete", "status": "Good", "ward": "N097", "zone": "N08", "source": "Greater Chennai Corporation", "year": "2024", "shedId": "KOSAS"}, "geometry": {"type": "LineString", "coordinates": [[80.22983, 13.09331], [80.22972, 13.0927]]}}, {"type": "Feature", "properties": {"drain_type": "SWD", "material": "Concrete", "status": "Good", "ward": "N097", "zone": "N08", "source": "Greater Chennai Corporation", "year": "2024", "shedId": "KOSAS"}, "geometry": {"type": "LineString", "coordinates": [[80.22919, 13.09146], [80.2293, 13.09198]]}}, {"type": "Feature", "properties": {"drain_type": "SWD", "material": "Concrete", "status": "Good", "ward": "N097", "zone": "N08", "source": "Greater Chennai Corporation", "year": "2024", "shedId": "KOSAS"}, "geometry": {"type": "LineString", "coordinates": [[80.22592, 13.09881], [80.22817, 13.09882]]}}, {"type": "Feature", "properties": {"drain_type": "SWD", "material": "Concrete", "status": "Good", "ward": "N097", "zone": "N08", "source": "Greater Chennai Corporation", "year": "2024", "shedId": "KOSAS"}, "geometry": {"type": "LineString", "coordinates": [[80.2282, 13.09757], [80.22818, 13.09662], [80.22825, 13.09644]]}}, {"type": "Feature", "properties": {"drain_type": "SWD", "material": "Concrete", "status": "Good", "ward": "N097", "zone": "N08", "source": "Greater Chennai Corporation", "year": "2024", "shedId": "KOSAS"}, "geometry": {"type": "LineString", "coordinates": [[80.22817, 13.09882], [80.2282, 13.09757]]}}, {"type": "Feature", "properties": {"drain_type": "SWD", "material": "Concrete", "status": "Good", "ward": "N097", "zone": "N08", "source": "Greater Chennai Corporation", "year": "2024", "shedId": "KOSAS"}, "geometry": {"type": "LineString", "coordinates": [[80.23088, 13.09477], [80.23073, 13.094]]}}, {"type": "Feature", "properties": {"drain_type": "SWD", "material": "Concrete", "status": "Good", "ward": "N097", "zone": "N08", "source": "Greater Chennai Corporation", "year": "2024", "shedId": "KOSAS"}, "geometry": {"type": "LineString", "coordinates": [[80.23073, 13.094], [80.23108, 13.09374], [80.23278, 13.09378]]}}, {"type": "Feature", "properties": {"drain_type": "SWD", "material": "Concrete", "status": "Good", "ward": "N097", "zone": "N08", "source": "Greater Chennai Corporation", "year": "2024", "shedId": "KOSAS"}, "geometry": {"type": "LineString", "coordinates": [[80.22554, 13.09402], [80.22698, 13.09387]]}}, {"type": "Feature", "properties": {"drain_type": "SWD", "material": "Concrete", "status": "Good", "ward": "N097", "zone": "N08", "source": "Greater Chennai Corporation", "year": "2024", "shedId": "KOSAS"}, "geometry": {"type": "LineString", "coordinates": [[80.22698, 13.09387], [80.22716, 13.0925], [80.22782, 13.09177]]}}, {"type": "Feature", "properties": {"drain_type": "SWD", "material": "Concrete", "status": "Good", "ward": "N097", "zone": "N08", "source": "Greater Chennai Corporation", "year": "2024", "shedId": "KOSAS"}, "geometry": {"type": "LineString", "coordinates": [[80.22782, 13.09177], [80.22868, 13.091], [80.23055, 13.09058]]}}, {"type": "Feature", "properties": {"drain_type": "SWD", "material": "Concrete", "status": "Good", "ward": "N097", "zone": "N08", "source": "Greater Chennai Corporation", "year": "2024", "shedId": "KOSAS"}, "geometry": {"type": "LineString", "coordinates": [[80.23055, 13.09058], [80.23149, 13.0904]]}}, {"type": "Feature", "properties": {"drain_type": "SWD", "material": "Concrete", "status": "Good", "ward": "N097", "zone": "N08", "source": "Greater Chennai Corporation", "year": "2024", "shedId": "KOSAS"}, "geometry": {"type": "LineString", "coordinates": [[80.22982, 13.0925], [80.23078, 13.09234], [80.23141, 13.0927], [80.23194, 13.09277]]}}, {"type": "Feature", "properties": {"drain_type": "SWD", "material": "Concrete", "status": "Good", "ward": "N097", "zone": "N08", "source": "Greater Chennai Corporation", "year": "2024", "shedId": "KOSAS"}, "geometry": {"type": "LineString", "coordinates": [[80.22706, 13.0931], [80.22918, 13.09287], [80.22966, 13.09276], [80.22982, 13.0925]]}}, {"type": "Feature", "properties": {"drain_type": "SWD", "material": "Concrete", "status": "Good", "ward": "N098", "zone": "N08", "source": "Greater Chennai Corporation", "year": "2024", "shedId": "KOSAS"}, "geometry": {"type": "LineString", "coordinates": [[80.23149, 13.08864], [80.23166, 13.0903], [80.23217, 13.0927], [80.23417, 13.09298], [80.24082, 13.09239]]}}, {"type": "Feature", "properties": {"drain_type": "SWD", "material": "Concrete", "status": "Good", "ward": "N098", "zone": "N08", "source": "Greater Chennai Corporation", "year": "2024", "shedId": "KOSAS"}, "geometry": {"type": "LineString", "coordinates": [[80.23149, 13.0904], [80.23169, 13.09087], [80.23181, 13.09087]]}}, {"type": "Feature", "properties": {"drain_type": "SWD", "material": "Concrete", "status": "Good", "ward": "N098", "zone": "N08", "source": "Greater Chennai Corporation", "year": "2024", "shedId": "KOSAS"}, "geometry": {"type": "LineString", "coordinates": [[80.23202, 13.09277], [80.2337, 13.09307], [80.23555, 13.093]]}}, {"type": "Feature", "properties": {"drain_type": "SWD", "material": "Concrete", "status": "Good", "ward": "N098", "zone": "N08", "source": "Greater Chennai Corporation", "year": "2024", "shedId": "KOSAS"}, "geometry": {"type": "LineString", "coordinates": [[80.23369, 13.09307], [80.23375, 13.09296]]}}, {"type": "Feature", "properties": {"drain_type": "SWD", "material": "Concrete", "status": "Good", "ward": "N098", "zone": "N08", "source": "Greater Chennai Corporation", "year": "2024", "shedId": "KOSAS"}, "geometry": {"type": "LineString", "coordinates": [[80.2344, 13.09393], [80.2344, 13.09369], [80.23474, 13.09367]]}}, {"type": "Feature", "properties": {"drain_type": "SWD", "material": "Concrete", "status": "Good", "ward": "N098", "zone": "N08", "source": "Greater Chennai Corporation", "year": "2024", "shedId": "KOSAS"}, "geometry": {"type": "LineString", "coordinates": [[80.23456, 13.09306], [80.23463, 13.09367]]}}, {"type": "Feature", "properties": {"drain_type": "SWD", "material": "Concrete", "status": "Good", "ward": "N098", "zone": "N08", "source": "Greater Chennai Corporation", "year": "2024", "shedId": "KOSAS"}, "geometry": {"type": "LineString", "coordinates": [[80.23472, 13.09306], [80.23483, 13.09498]]}}, {"type": "Feature", "properties": {"drain_type": "SWD", "material": "Concrete", "status": "Good", "ward": "N098", "zone": "N08", "source": "Greater Chennai Corporation", "year": "2024", "shedId": "KOSAS"}, "geometry": {"type": "LineString", "coordinates": [[80.23553, 13.09289], [80.23582, 13.09482]]}}, {"type": "Feature", "properties": {"drain_type": "SWD", "material": "Concrete", "status": "Good", "ward": "N098", "zone": "N08", "source": "Greater Chennai Corporation", "year": "2024", "shedId": "KOSAS"}, "geometry": {"type": "LineString", "coordinates": [[80.23602, 13.09285], [80.23633, 13.0947]]}}, {"type": "Feature", "properties": {"drain_type": "SWD", "material": "Concrete", "status": "Good", "ward": "N098", "zone": "N08", "source": "Greater Chennai Corporation", "year": "2024", "shedId": "KOSAS"}, "geometry": {"type": "LineString", "coordinates": [[80.23438, 13.09502], [80.23655, 13.0947]]}}, {"type": "Feature", "properties": {"drain_type": "SWD", "material": "Concrete", "status": "Good", "ward": "N098", "zone": "N08", "source": "Greater Chennai Corporation", "year": "2024", "shedId": "KOSAS"}, "geometry": {"type": "LineString", "coordinates": [[80.23529, 13.08668], [80.23696, 13.08618], [80.23836, 13.08541], [80.24117, 13.08516]]}}, {"type": "Feature", "properties": {"drain_type": "SWD", "material": "Concrete", "status": "Good", "ward": "N098", "zone": "N08", "source": "Greater Chennai Corporation", "year": "2024", "shedId": "KOSAS"}, "geometry": {"type": "LineString", "coordinates": [[80.24059, 13.0881], [80.24209, 13.08798]]}}, {"type": "Feature", "properties": {"drain_type": "SWD", "material": "Concrete", "status": "Good", "ward": "N014", "zone": "N01", "source": "Greater Chennai Corporation", "year": "2024", "shedId": "KOSAS"}, "geometry": {"type": "LineString", "coordinates": [[80.2968, 13.14394], [80.29724, 13.14525], [80.2985, 13.14823]]}}, {"type": "Feature", "properties": {"drain_type": "SWD", "material": "Concrete", "status": "Good", "ward": "N014", "zone": "N01", "source": "Greater Chennai Corporation", "year": "2024", "shedId": "KOSAS"}, "geometry": {"type": "LineString", "coordinates": [[80.29766, 13.1462], [80.29841, 13.14603]]}}, {"type": "Feature", "properties": {"drain_type": "SWD", "material": "Concrete", "status": "Good", "ward": "N014", "zone": "N01", "source": "Greater Chennai Corporation", "year": "2024", "shedId": "KOSAS"}, "geometry": {"type": "LineString", "coordinates": [[80.29822, 13.14755], [80.30116, 13.1465]]}}, {"type": "Feature", "properties": {"drain_type": "SWD", "material": "Concrete", "status": "Good", "ward": "N014", "zone": "N01", "source": "Greater Chennai Corporation", "year": "2024", "shedId": "KOSAS"}, "geometry": {"type": "LineString", "coordinates": [[80.29674, 13.14434], [80.29677, 13.14457], [80.29816, 13.14797]]}}, {"type": "Feature", "properties": {"drain_type": "SWD", "material": "Concrete", "status": "Good", "ward": "N001", "zone": "N01", "source": "Greater Chennai Corporation", "year": "2024", "shedId": "KOSAS"}, "geometry": {"type": "LineString", "coordinates": [[80.32095, 13.22517], [80.32007, 13.22325], [80.31992, 13.22274]]}}, {"type": "Feature", "properties": {"drain_type": "Side Drain", "material": "Concrete", "status": "Good", "ward": "N001", "zone": "N01", "source": "Greater Chennai Corporation", "year": "2024", "shedId": "KOSAS"}, "geometry": {"type": "LineString", "coordinates": [[80.31992, 13.22274], [80.32035, 13.22204]]}}, {"type": "Feature", "properties": {"drain_type": "Side Drain", "material": "Concrete", "status": "Good", "ward": "N001", "zone": "N01", "source": "Greater Chennai Corporation", "year": "2024", "shedId": "KOSAS"}, "geometry": {"type": "LineString", "coordinates": [[80.32282, 13.22177], [80.32034, 13.22205]]}}, {"type": "Feature", "properties": {"drain_type": "Side Drain", "material": "Concrete", "status": "Good", "ward": "N001", "zone": "N01", "source": "Greater Chennai Corporation", "year": "2024", "shedId": "KOSAS"}, "geometry": {"type": "LineString", "coordinates": [[80.32282, 13.22181], [80.32031, 13.2221]]}}, {"type": "Feature", "properties": {"drain_type": "Side Drain", "material": "Concrete", "status": "Good", "ward": "N001", "zone": "N01", "source": "Greater Chennai Corporation", "year": "2024", "shedId": "KOSAS"}, "geometry": {"type": "LineString", "coordinates": [[80.32285, 13.22225], [80.32076, 13.22252], [80.31992, 13.22274]]}}, {"type": "Feature", "properties": {"drain_type": "Side Drain", "material": "Concrete", "status": "Good", "ward": "N001", "zone": "N01", "source": "Greater Chennai Corporation", "year": "2024", "shedId": "KOSAS"}, "geometry": {"type": "LineString", "coordinates": [[80.31992, 13.22278], [80.32072, 13.22257], [80.32284, 13.22229]]}}, {"type": "Feature", "properties": {"drain_type": "Side Drain", "material": "Concrete", "status": "Bad", "ward": "N001", "zone": "N01", "source": "Greater Chennai Corporation", "year": "2024", "shedId": "KOSAS"}, "geometry": {"type": "LineString", "coordinates": [[80.32003, 13.22313], [80.32282, 13.22272]]}}, {"type": "Feature", "properties": {"drain_type": "Side Drain", "material": "Concrete", "status": "Bad", "ward": "N001", "zone": "N01", "source": "Greater Chennai Corporation", "year": "2024", "shedId": "KOSAS"}, "geometry": {"type": "LineString", "coordinates": [[80.32282, 13.22276], [80.32112, 13.22296], [80.32004, 13.22316]]}}, {"type": "Feature", "properties": {"drain_type": "Side Drain", "material": "Concrete", "status": "Good", "ward": "N001", "zone": "N01", "source": "Greater Chennai Corporation", "year": "2024", "shedId": "KOSAS"}, "geometry": {"type": "LineString", "coordinates": [[80.32011, 13.22333], [80.32063, 13.22331]]}}, {"type": "Feature", "properties": {"drain_type": "Side Drain", "material": "Concrete", "status": "Good", "ward": "N001", "zone": "N01", "source": "Greater Chennai Corporation", "year": "2024", "shedId": "KOSAS"}, "geometry": {"type": "LineString", "coordinates": [[80.32061, 13.22333], [80.32012, 13.22335]]}}, {"type": "Feature", "properties": {"drain_type": "Side Drain", "material": "Concrete", "status": "Good", "ward": "N001", "zone": "N01", "source": "Greater Chennai Corporation", "year": "2024", "shedId": "KOSAS"}, "geometry": {"type": "LineString", "coordinates": [[80.32058, 13.22306], [80.32093, 13.2233], [80.32121, 13.22334]]}}, {"type": "Feature", "properties": {"drain_type": "Side Drain", "material": "Concrete", "status": "Good", "ward": "N001", "zone": "N01", "source": "Greater Chennai Corporation", "year": "2024", "shedId": "KOSAS"}, "geometry": {"type": "LineString", "coordinates": [[80.32121, 13.22338], [80.32278, 13.22322]]}}, {"type": "Feature", "properties": {"drain_type": "Side Drain", "material": "Concrete", "status": "Good", "ward": "N001", "zone": "N01", "source": "Greater Chennai Corporation", "year": "2024", "shedId": "KOSAS"}, "geometry": {"type": "LineString", "coordinates": [[80.32281, 13.22318], [80.32257, 13.22319], [80.32223, 13.22322]]}}, {"type": "Feature", "properties": {"drain_type": "Side Drain", "material": "Concrete", "status": "Good", "ward": "N001", "zone": "N01", "source": "Greater Chennai Corporation", "year": "2024", "shedId": "KOSAS"}, "geometry": {"type": "LineString", "coordinates": [[80.32025, 13.22366], [80.32273, 13.22358]]}}, {"type": "Feature", "properties": {"drain_type": "Side Drain", "material": "Concrete", "status": "Good", "ward": "N001", "zone": "N01", "source": "Greater Chennai Corporation", "year": "2024", "shedId": "KOSAS"}, "geometry": {"type": "LineString", "coordinates": [[80.32272, 13.22362], [80.32028, 13.22371]]}}, {"type": "Feature", "properties": {"drain_type": "Side Drain", "material": "Concrete", "status": "Good", "ward": "N001", "zone": "N01", "source": "Greater Chennai Corporation", "year": "2024", "shedId": "KOSAS"}, "geometry": {"type": "LineString", "coordinates": [[80.32045, 13.2241], [80.32239, 13.22403]]}}, {"type": "Feature", "properties": {"drain_type": "Side Drain", "material": "Concrete", "status": "Good", "ward": "N001", "zone": "N01", "source": "Greater Chennai Corporation", "year": "2024", "shedId": "KOSAS"}, "geometry": {"type": "LineString", "coordinates": [[80.32239, 13.22406], [80.32047, 13.22414]]}}, {"type": "Feature", "properties": {"drain_type": "Side Drain", "material": "Concrete", "status": "Good", "ward": "N001", "zone": "N01", "source": "Greater Chennai Corporation", "year": "2024", "shedId": "KOSAS"}, "geometry": {"type": "LineString", "coordinates": [[80.3211, 13.22437], [80.32066, 13.22453]]}}, {"type": "Feature", "properties": {"drain_type": "Side Drain", "material": "Concrete", "status": "Good", "ward": "N001", "zone": "N01", "source": "Greater Chennai Corporation", "year": "2024", "shedId": "KOSAS"}, "geometry": {"type": "LineString", "coordinates": [[80.32086, 13.22495], [80.32268, 13.22441]]}}, {"type": "Feature", "properties": {"drain_type": "Side Drain", "material": "Concrete", "status": "Good", "ward": "N001", "zone": "N01", "source": "Greater Chennai Corporation", "year": "2024", "shedId": "KOSAS"}, "geometry": {"type": "LineString", "coordinates": [[80.32089, 13.22502], [80.32208, 13.22463]]}}, {"type": "Feature", "properties": {"drain_type": "SWD", "material": "Concrete", "status": "Good", "ward": "N001", "zone": "N01", "source": "Greater Chennai Corporation", "year": "2024", "shedId": "KOSAS"}, "geometry": {"type": "LineString", "coordinates": [[80.3231, 13.22602], [80.32646, 13.2273], [80.3268, 13.22685]]}}, {"type": "Feature", "properties": {"drain_type": "Side Drain", "material": "Concrete", "status": "Good", "ward": "N001", "zone": "N01", "source": "Greater Chennai Corporation", "year": "2024", "shedId": "KOSAS"}, "geometry": {"type": "LineString", "coordinates": [[80.32618, 13.22533], [80.32644, 13.2273]]}}, {"type": "Feature", "properties": {"drain_type": "Side Drain", "material": "Concrete", "status": "Good", "ward": "N001", "zone": "N01", "source": "Greater Chennai Corporation", "year": "2024", "shedId": "KOSAS"}, "geometry": {"type": "LineString", "coordinates": [[80.32605, 13.2272], [80.32594, 13.22535]]}}, {"type": "Feature", "properties": {"drain_type": "Side Drain", "material": "Concrete", "status": "Good", "ward": "N001", "zone": "N01", "source": "Greater Chennai Corporation", "year": "2024", "shedId": "KOSAS"}, "geometry": {"type": "LineString", "coordinates": [[80.32566, 13.22547], [80.32578, 13.22706]]}}, {"type": "Feature", "properties": {"drain_type": "SWD", "material": "Concrete", "status": "Good", "ward": "N001", "zone": "N01", "source": "Greater Chennai Corporation", "year": "2024", "shedId": "KOSAS"}, "geometry": {"type": "LineString", "coordinates": [[80.32552, 13.22694], [80.32537, 13.2255]]}}, {"type": "Feature", "properties": {"drain_type": "SWD", "material": "Concrete", "status": "Good", "ward": "N001", "zone": "N01", "source": "Greater Chennai Corporation", "year": "2024", "shedId": "KOSAS"}, "geometry": {"type": "LineString", "coordinates": [[80.3252, 13.22681], [80.32483, 13.22272], [80.32431, 13.22038]]}}, {"type": "Feature", "properties": {"drain_type": "Side Drain", "material": "Concrete", "status": "Good", "ward": "N001", "zone": "N01", "source": "Greater Chennai Corporation", "year": "2024", "shedId": "KOSAS"}, "geometry": {"type": "LineString", "coordinates": [[80.32493, 13.22363], [80.32618, 13.22341]]}}, {"type": "Feature", "properties": {"drain_type": "Side Drain", "material": "Concrete", "status": "Good", "ward": "N001", "zone": "N01", "source": "Greater Chennai Corporation", "year": "2024", "shedId": "KOSAS"}, "geometry": {"type": "LineString", "coordinates": [[80.32497, 13.22393], [80.32623, 13.2237]]}}, {"type": "Feature", "properties": {"drain_type": "Side Drain", "material": "Concrete", "status": "Good", "ward": "N001", "zone": "N01", "source": "Greater Chennai Corporation", "year": "2024", "shedId": "KOSAS"}, "geometry": {"type": "LineString", "coordinates": [[80.32519, 13.22424], [80.32626, 13.22405]]}}, {"type": "Feature", "properties": {"drain_type": "Side Drain", "material": "Concrete", "status": "Good", "ward": "N001", "zone": "N01", "source": "Greater Chennai Corporation", "year": "2024", "shedId": "KOSAS"}, "geometry": {"type": "LineString", "coordinates": [[80.32617, 13.22333], [80.32626, 13.22405]]}}, {"type": "Feature", "properties": {"drain_type": "Side Drain", "material": "Concrete", "status": "Good", "ward": "N001", "zone": "N01", "source": "Greater Chennai Corporation", "year": "2024", "shedId": "KOSAS"}, "geometry": {"type": "LineString", "coordinates": [[80.32598, 13.2241], [80.32628, 13.22496]]}}, {"type": "Feature", "properties": {"drain_type": "Side Drain", "material": "Concrete", "status": "Good", "ward": "N001", "zone": "N01", "source": "Greater Chennai Corporation", "year": "2024", "shedId": "KOSAS"}, "geometry": {"type": "LineString", "coordinates": [[80.32509, 13.22511], [80.32628, 13.22496]]}}, {"type": "Feature", "properties": {"drain_type": "Side Drain", "material": "Concrete", "status": "Good", "ward": "N001", "zone": "N01", "source": "Greater Chennai Corporation", "year": "2024", "shedId": "KOSAS"}, "geometry": {"type": "LineString", "coordinates": [[80.32455, 13.22153], [80.32578, 13.22132]]}}, {"type": "Feature", "properties": {"drain_type": "Side Drain", "material": "Concrete", "status": "Good", "ward": "N001", "zone": "N01", "source": "Greater Chennai Corporation", "year": "2024", "shedId": "KOSAS"}, "geometry": {"type": "LineString", "coordinates": [[80.32461, 13.22184], [80.32586, 13.22157]]}}, {"type": "Feature", "properties": {"drain_type": "Side Drain", "material": "Concrete", "status": "Good", "ward": "N001", "zone": "N01", "source": "Greater Chennai Corporation", "year": "2024", "shedId": "KOSAS"}, "geometry": {"type": "LineString", "coordinates": [[80.32463, 13.22189], [80.32588, 13.22162]]}}, {"type": "Feature", "properties": {"drain_type": "Side Drain", "material": "Concrete", "status": "Good", "ward": "N001", "zone": "N01", "source": "Greater Chennai Corporation", "year": "2024", "shedId": "KOSAS"}, "geometry": {"type": "LineString", "coordinates": [[80.32468, 13.22211], [80.32596, 13.22186]]}}, {"type": "Feature", "properties": {"drain_type": "Side Drain", "material": "Concrete", "status": "Bad", "ward": "N001", "zone": "N01", "source": "Greater Chennai Corporation", "year": "2024", "shedId": "KOSAS"}, "geometry": {"type": "LineString", "coordinates": [[80.32493, 13.22245], [80.32588, 13.22226]]}}, {"type": "Feature", "properties": {"drain_type": "SWD", "material": "Concrete", "status": "Good", "ward": "N001", "zone": "N01", "source": "Greater Chennai Corporation", "year": "2024", "shedId": "KOSAS"}, "geometry": {"type": "LineString", "coordinates": [[80.32538, 13.2201], [80.32603, 13.22207], [80.32586, 13.22219], [80.32603, 13.22253]]}}, {"type": "Feature", "properties": {"drain_type": "Side Drain", "material": "Concrete", "status": "Good", "ward": "N001", "zone": "N01", "source": "Greater Chennai Corporation", "year": "2024", "shedId": "KOSAS"}, "geometry": {"type": "LineString", "coordinates": [[80.32538, 13.2201], [80.32373, 13.22053]]}}, {"type": "Feature", "properties": {"drain_type": "Side Drain", "material": "Concrete", "status": "Good", "ward": "N001", "zone": "N01", "source": "Greater Chennai Corporation", "year": "2024", "shedId": "KOSAS"}, "geometry": {"type": "LineString", "coordinates": [[80.32373, 13.22053], [80.32378, 13.22077], [80.32433, 13.22066]]}}, {"type": "Feature", "properties": {"drain_type": "Side Drain", "material": "Concrete", "status": "Good", "ward": "N001", "zone": "N01", "source": "Greater Chennai Corporation", "year": "2024", "shedId": "KOSAS"}, "geometry": {"type": "LineString", "coordinates": [[80.32433, 13.22072], [80.32379, 13.22082]]}}, {"type": "Feature", "properties": {"drain_type": "Side Drain", "material": "Concrete", "status": "Good", "ward": "N001", "zone": "N01", "source": "Greater Chennai Corporation", "year": "2024", "shedId": "KOSAS"}, "geometry": {"type": "LineString", "coordinates": [[80.32433, 13.22066], [80.32449, 13.22146]]}}, {"type": "Feature", "properties": {"drain_type": "Side Drain", "material": "Concrete", "status": "Good", "ward": "N001", "zone": "N01", "source": "Greater Chennai Corporation", "year": "2024", "shedId": "KOSAS"}, "geometry": {"type": "LineString", "coordinates": [[80.32443, 13.22094], [80.32384, 13.22106]]}}, {"type": "Feature", "properties": {"drain_type": "Side Drain", "material": "Concrete", "status": "Good", "ward": "N001", "zone": "N01", "source": "Greater Chennai Corporation", "year": "2024", "shedId": "KOSAS"}, "geometry": {"type": "LineString", "coordinates": [[80.32386, 13.22111], [80.32439, 13.221], [80.3244, 13.221]]}}, {"type": "Feature", "properties": {"drain_type": "Side Drain", "material": "Concrete", "status": "Good", "ward": "N001", "zone": "N01", "source": "Greater Chennai Corporation", "year": "2024", "shedId": "KOSAS"}, "geometry": {"type": "LineString", "coordinates": [[80.32391, 13.22135], [80.32444, 13.22124], [80.32444, 13.22124]]}}, {"type": "Feature", "properties": {"drain_type": "Side Drain", "material": "Concrete", "status": "Good", "ward": "N001", "zone": "N01", "source": "Greater Chennai Corporation", "year": "2024", "shedId": "KOSAS"}, "geometry": {"type": "LineString", "coordinates": [[80.32446, 13.2213], [80.32445, 13.2213], [80.32391, 13.2214]]}}, {"type": "Feature", "properties": {"drain_type": "SWD", "material": "Concrete", "status": "Good", "ward": "N001", "zone": "N01", "source": "Greater Chennai Corporation", "year": "2024", "shedId": "KOSAS"}, "geometry": {"type": "LineString", "coordinates": [[80.32372, 13.22086], [80.32427, 13.2231], [80.3244, 13.22474], [80.3246, 13.22537], [80.32506, 13.22539]]}}, {"type": "Feature", "properties": {"drain_type": "SWD", "material": "Concrete", "status": "Good", "ward": "N001", "zone": "N01", "source": "Greater Chennai Corporation", "year": "2024", "shedId": "KOSAS"}, "geometry": {"type": "LineString", "coordinates": [[80.32439, 13.22415], [80.32466, 13.22534], [80.32505, 13.22534]]}}, {"type": "Feature", "properties": {"drain_type": "Side Drain", "material": "Concrete", "status": "Good", "ward": "N001", "zone": "N01", "source": "Greater Chennai Corporation", "year": "2024", "shedId": "KOSAS"}, "geometry": {"type": "LineString", "coordinates": [[80.32441, 13.22347], [80.32486, 13.2234], [80.32491, 13.22339]]}}, {"type": "Feature", "properties": {"drain_type": "Side Drain", "material": "Concrete", "status": "Bad", "ward": "N001", "zone": "N01", "source": "Greater Chennai Corporation", "year": "2024", "shedId": "KOSAS"}, "geometry": {"type": "LineString", "coordinates": [[80.32288, 13.22138], [80.32349, 13.22132]]}}, {"type": "Feature", "properties": {"drain_type": "Side Drain", "material": "Concrete", "status": "Good", "ward": "N001", "zone": "N01", "source": "Greater Chennai Corporation", "year": "2024", "shedId": "KOSAS"}, "geometry": {"type": "LineString", "coordinates": [[80.32329, 13.22135], [80.32374, 13.22322]]}}, {"type": "Feature", "properties": {"drain_type": "Side Drain", "material": "Concrete", "status": "Good", "ward": "N001", "zone": "N01", "source": "Greater Chennai Corporation", "year": "2024", "shedId": "KOSAS"}, "geometry": {"type": "LineString", "coordinates": [[80.32372, 13.22309], [80.32425, 13.22302]]}}, {"type": "Feature", "properties": {"drain_type": "Side Drain", "material": "Concrete", "status": "Good", "ward": "N001", "zone": "N01", "source": "Greater Chennai Corporation", "year": "2024", "shedId": "KOSAS"}, "geometry": {"type": "LineString", "coordinates": [[80.32396, 13.22305], [80.32375, 13.2222]]}}, {"type": "Feature", "properties": {"drain_type": "Side Drain", "material": "Concrete", "status": "Good", "ward": "N001", "zone": "N01", "source": "Greater Chennai Corporation", "year": "2024", "shedId": "KOSAS"}, "geometry": {"type": "LineString", "coordinates": [[80.32757, 13.22616], [80.32793, 13.22757]]}}, {"type": "Feature", "properties": {"drain_type": "Side Drain", "material": "Concrete", "status": "Good", "ward": "N001", "zone": "N01", "source": "Greater Chennai Corporation", "year": "2024", "shedId": "KOSAS"}, "geometry": {"type": "LineString", "coordinates": [[80.3273, 13.22669], [80.32745, 13.22666], [80.32769, 13.22661]]}}, {"type": "Feature", "properties": {"drain_type": "Side Drain", "material": "Concrete", "status": "Bad", "ward": "N001", "zone": "N01", "source": "Greater Chennai Corporation", "year": "2024", "shedId": "KOSAS"}, "geometry": {"type": "LineString", "coordinates": [[80.32619, 13.22763], [80.32554, 13.22974]]}}, {"type": "Feature", "properties": {"drain_type": "Side Drain", "material": "Concrete", "status": "Bad", "ward": "N001", "zone": "N01", "source": "Greater Chennai Corporation", "year": "2024", "shedId": "KOSAS"}, "geometry": {"type": "LineString", "coordinates": [[80.32558, 13.22869], [80.32532, 13.2296]]}}, {"type": "Feature", "properties": {"drain_type": "Side Drain", "material": "Concrete", "status": "Bad", "ward": "N001", "zone": "N01", "source": "Greater Chennai Corporation", "year": "2024", "shedId": "KOSAS"}, "geometry": {"type": "LineString", "coordinates": [[80.32528, 13.22889], [80.32515, 13.22934], [80.32511, 13.22947]]}}, {"type": "Feature", "properties": {"drain_type": "Side Drain", "material": "Concrete", "status": "Good", "ward": "N001", "zone": "N01", "source": "Greater Chennai Corporation", "year": "2024", "shedId": "KOSAS"}, "geometry": {"type": "LineString", "coordinates": [[80.32647, 13.22758], [80.32586, 13.22967]]}}, {"type": "Feature", "properties": {"drain_type": "Side Drain", "material": "Concrete", "status": "Bad", "ward": "N001", "zone": "N01", "source": "Greater Chennai Corporation", "year": "2024", "shedId": "KOSAS"}, "geometry": {"type": "LineString", "coordinates": [[80.32602, 13.23001], [80.32668, 13.22769]]}}, {"type": "Feature", "properties": {"drain_type": "Side Drain", "material": "Concrete", "status": "Bad", "ward": "N001", "zone": "N01", "source": "Greater Chennai Corporation", "year": "2024", "shedId": "KOSAS"}, "geometry": {"type": "LineString", "coordinates": [[80.32669, 13.22778], [80.32609, 13.23005]]}}, {"type": "Feature", "properties": {"drain_type": "Side Drain", "material": "Concrete", "status": "Bad", "ward": "N001", "zone": "N01", "source": "Greater Chennai Corporation", "year": "2024", "shedId": "KOSAS"}, "geometry": {"type": "LineString", "coordinates": [[80.32691, 13.22793], [80.32638, 13.22977], [80.32663, 13.22986], [80.32656, 13.23033]]}}, {"type": "Feature", "properties": {"drain_type": "Side Drain", "material": "Concrete", "status": "Bad", "ward": "N001", "zone": "N01", "source": "Greater Chennai Corporation", "year": "2024", "shedId": "KOSAS"}, "geometry": {"type": "LineString", "coordinates": [[80.32663, 13.22986], [80.32728, 13.22775]]}}, {"type": "Feature", "properties": {"drain_type": "Side Drain", "material": "Concrete", "status": "Good", "ward": "N001", "zone": "N01", "source": "Greater Chennai Corporation", "year": "2024", "shedId": "KOSAS"}, "geometry": {"type": "LineString", "coordinates": [[80.32728, 13.22775], [80.327, 13.22678]]}}, {"type": "Feature", "properties": {"drain_type": "Side Drain", "material": "Concrete", "status": "Good", "ward": "N001", "zone": "N01", "source": "Greater Chennai Corporation", "year": "2024", "shedId": "KOSAS"}, "geometry": {"type": "LineString", "coordinates": [[80.32725, 13.22757], [80.32757, 13.22733], [80.32755, 13.22719]]}}, {"type": "Feature", "properties": {"drain_type": "Side Drain", "material": "Concrete", "status": "Good", "ward": "N001", "zone": "N01", "source": "Greater Chennai Corporation", "year": "2024", "shedId": "KOSAS"}, "geometry": {"type": "LineString", "coordinates": [[80.32757, 13.22733], [80.3276, 13.22745], [80.32767, 13.22742]]}}, {"type": "Feature", "properties": {"drain_type": "Side Drain", "material": "Concrete", "status": "Good", "ward": "N001", "zone": "N01", "source": "Greater Chennai Corporation", "year": "2024", "shedId": "KOSAS"}, "geometry": {"type": "LineString", "coordinates": [[80.32728, 13.22775], [80.32788, 13.2276]]}}, {"type": "Feature", "properties": {"drain_type": "Side Drain", "material": "Concrete", "status": "Bad", "ward": "N001", "zone": "N01", "source": "Greater Chennai Corporation", "year": "2024", "shedId": "KOSAS"}, "geometry": {"type": "LineString", "coordinates": [[80.32512, 13.22947], [80.32554, 13.22974]]}}, {"type": "Feature", "properties": {"drain_type": "Side Drain", "material": "Concrete", "status": "Bad", "ward": "N001", "zone": "N01", "source": "Greater Chennai Corporation", "year": "2024", "shedId": "KOSAS"}, "geometry": {"type": "LineString", "coordinates": [[80.32713, 13.22811], [80.32731, 13.22842], [80.32703, 13.22937]]}}, {"type": "Feature", "properties": {"drain_type": "SWD", "material": "Concrete", "status": "Good", "ward": "N004", "zone": "N01", "source": "Greater Chennai Corporation", "year": "2024", "shedId": "KOSAS"}, "geometry": {"type": "LineString", "coordinates": [[80.30823, 13.19362], [80.30779, 13.19223], [80.30758, 13.19121]]}}, {"type": "Feature", "properties": {"drain_type": "SWD", "material": "Concrete", "status": "Good", "ward": "N004", "zone": "N01", "source": "Greater Chennai Corporation", "year": "2024", "shedId": "KOSAS"}, "geometry": {"type": "LineString", "coordinates": [[80.30329, 13.19108], [80.30451, 13.19072], [80.30622, 13.19047], [80.30727, 13.19007]]}}, {"type": "Feature", "properties": {"drain_type": "SWD", "material": "Concrete", "status": "Good", "ward": "N004", "zone": "N01", "source": "Greater Chennai Corporation", "year": "2024", "shedId": "KOSAS"}, "geometry": {"type": "LineString", "coordinates": [[80.31053, 13.19148], [80.30874, 13.19196], [80.30786, 13.19228]]}}, {"type": "Feature", "properties": {"drain_type": "SWD", "material": "Concrete", "status": "Good", "ward": "N004", "zone": "N01", "source": "Greater Chennai Corporation", "year": "2024", "shedId": "KOSAS"}, "geometry": {"type": "LineString", "coordinates": [[80.30786, 13.19228], [80.30713, 13.18907]]}}, {"type": "Feature", "properties": {"drain_type": "Side Drain", "material": "Concrete", "status": "Good", "ward": "N004", "zone": "N01", "source": "Greater Chennai Corporation", "year": "2024", "shedId": "KOSAS"}, "geometry": {"type": "LineString", "coordinates": [[80.30713, 13.18907], [80.3081, 13.18892]]}}, {"type": "Feature", "properties": {"drain_type": "SWD", "material": "Concrete", "status": "Good", "ward": "N004", "zone": "N01", "source": "Greater Chennai Corporation", "year": "2024", "shedId": "KOSAS"}, "geometry": {"type": "LineString", "coordinates": [[80.30729, 13.18982], [80.30823, 13.1897]]}}, {"type": "Feature", "properties": {"drain_type": "SWD", "material": "Concrete", "status": "Good", "ward": "N004", "zone": "N01", "source": "Greater Chennai Corporation", "year": "2024", "shedId": "KOSAS"}, "geometry": {"type": "LineString", "coordinates": [[80.30725, 13.1885], [80.30684, 13.18666]]}}, {"type": "Feature", "properties": {"drain_type": "Side Drain", "material": "Concrete", "status": "Good", "ward": "N004", "zone": "N01", "source": "Greater Chennai Corporation", "year": "2024", "shedId": "KOSAS"}, "geometry": {"type": "LineString", "coordinates": [[80.3072, 13.1885], [80.30678, 13.18666]]}}, {"type": "Feature", "properties": {"drain_type": "SWD", "material": "Concrete", "status": "Good", "ward": "N004", "zone": "N01", "source": "Greater Chennai Corporation", "year": "2024", "shedId": "KOSAS"}, "geometry": {"type": "LineString", "coordinates": [[80.30823, 13.1897], [80.30803, 13.18851], [80.3075, 13.18654]]}}, {"type": "Feature", "properties": {"drain_type": "SWD", "material": "Concrete", "status": "Good", "ward": "N004", "zone": "N01", "source": "Greater Chennai Corporation", "year": "2024", "shedId": "KOSAS"}, "geometry": {"type": "LineString", "coordinates": [[80.30751, 13.18654], [80.30601, 13.18677]]}}, {"type": "Feature", "properties": {"drain_type": "SWD", "material": "Concrete", "status": "Good", "ward": "N004", "zone": "N01", "source": "Greater Chennai Corporation", "year": "2024", "shedId": "KOSAS"}, "geometry": {"type": "LineString", "coordinates": [[80.30601, 13.18677], [80.30633, 13.18822]]}}, {"type": "Feature", "properties": {"drain_type": "Side Drain", "material": "Concrete", "status": "Good", "ward": "N004", "zone": "N01", "source": "Greater Chennai Corporation", "year": "2024", "shedId": "KOSAS"}, "geometry": {"type": "LineString", "coordinates": [[80.30633, 13.18822], [80.3071, 13.1881]]}}, {"type": "Feature", "properties": {"drain_type": "Side Drain", "material": "Concrete", "status": "Good", "ward": "N004", "zone": "N01", "source": "Greater Chennai Corporation", "year": "2024", "shedId": "KOSAS"}, "geometry": {"type": "LineString", "coordinates": [[80.30624, 13.18787], [80.30699, 13.18771]]}}, {"type": "Feature", "properties": {"drain_type": "Side Drain", "material": "Concrete", "status": "Good", "ward": "N004", "zone": "N01", "source": "Greater Chennai Corporation", "year": "2024", "shedId": "KOSAS"}, "geometry": {"type": "LineString", "coordinates": [[80.30707, 13.1878], [80.3078, 13.18768]]}}, {"type": "Feature", "properties": {"drain_type": "Side Drain", "material": "Concrete", "status": "Good", "ward": "N004", "zone": "N01", "source": "Greater Chennai Corporation", "year": "2024", "shedId": "KOSAS"}, "geometry": {"type": "LineString", "coordinates": [[80.30718, 13.18818], [80.30785, 13.18807]]}}, {"type": "Feature", "properties": {"drain_type": "Side Drain", "material": "Concrete", "status": "Good", "ward": "N004", "zone": "N01", "source": "Greater Chennai Corporation", "year": "2024", "shedId": "KOSAS"}, "geometry": {"type": "LineString", "coordinates": [[80.30785, 13.18807], [80.30746, 13.18654]]}}, {"type": "Feature", "properties": {"drain_type": "Side Drain", "material": "Concrete", "status": "Good", "ward": "N004", "zone": "N01", "source": "Greater Chennai Corporation", "year": "2024", "shedId": "KOSAS"}, "geometry": {"type": "LineString", "coordinates": [[80.30692, 13.18702], [80.30755, 13.18691]]}}, {"type": "Feature", "properties": {"drain_type": "Side Drain", "material": "Concrete", "status": "Good", "ward": "N004", "zone": "N01", "source": "Greater Chennai Corporation", "year": "2024", "shedId": "KOSAS"}, "geometry": {"type": "LineString", "coordinates": [[80.30698, 13.18736], [80.30764, 13.18728]]}}, {"type": "Feature", "properties": {"drain_type": "Side Drain", "material": "Concrete", "status": "Good", "ward": "N004", "zone": "N01", "source": "Greater Chennai Corporation", "year": "2024", "shedId": "KOSAS"}, "geometry": {"type": "LineString", "coordinates": [[80.30617, 13.18751], [80.30692, 13.18735]]}}, {"type": "Feature", "properties": {"drain_type": "SWD", "material": "Concrete", "status": "Good", "ward": "N004", "zone": "N01", "source": "Greater Chennai Corporation", "year": "2024", "shedId": "KOSAS"}, "geometry": {"type": "LineString", "coordinates": [[80.30352, 13.18877], [80.30353, 13.18853], [80.30568, 13.1878], [80.30588, 13.188], [80.30624, 13.18792]]}}, {"type": "Feature", "properties": {"drain_type": "Side Drain", "material": "Concrete", "status": "Good", "ward": "N004", "zone": "N01", "source": "Greater Chennai Corporation", "year": "2024", "shedId": "KOSAS"}, "geometry": {"type": "LineString", "coordinates": [[80.30484, 13.18928], [80.30647, 13.18895]]}}, {"type": "Feature", "properties": {"drain_type": "Side Drain", "material": "Concrete", "status": "Good", "ward": "N004", "zone": "N01", "source": "Greater Chennai Corporation", "year": "2024", "shedId": "KOSAS"}, "geometry": {"type": "LineString", "coordinates": [[80.30487, 13.18897], [80.30599, 13.18871]]}}, {"type": "Feature", "properties": {"drain_type": "SWD", "material": "Concrete", "status": "Good", "ward": "N004", "zone": "N01", "source": "Greater Chennai Corporation", "year": "2024", "shedId": "KOSAS"}, "geometry": {"type": "LineString", "coordinates": [[80.30513, 13.18891], [80.30545, 13.19015]]}}, {"type": "Feature", "properties": {"drain_type": "SWD", "material": "Concrete", "status": "Good", "ward": "N004", "zone": "N01", "source": "Greater Chennai Corporation", "year": "2024", "shedId": "KOSAS"}, "geometry": {"type": "LineString", "coordinates": [[80.30535, 13.18977], [80.30709, 13.18933], [80.30709, 13.18901]]}}, {"type": "Feature", "properties": {"drain_type": "SWD", "material": "Concrete", "status": "Good", "ward": "N004", "zone": "N01", "source": "Greater Chennai Corporation", "year": "2024", "shedId": "KOSAS"}, "geometry": {"type": "LineString", "coordinates": [[80.30709, 13.18901], [80.30809, 13.18886]]}}, {"type": "Feature", "properties": {"drain_type": "SWD", "material": "Concrete", "status": "Good", "ward": "N004", "zone": "N01", "source": "Greater Chennai Corporation", "year": "2024", "shedId": "KOSAS"}, "geometry": {"type": "LineString", "coordinates": [[80.30762, 13.19111], [80.31034, 13.19068]]}}, {"type": "Feature", "properties": {"drain_type": "Side Drain", "material": "Concrete", "status": "Good", "ward": "N004", "zone": "N01", "source": "Greater Chennai Corporation", "year": "2024", "shedId": "KOSAS"}, "geometry": {"type": "LineString", "coordinates": [[80.30212, 13.18421], [80.30222, 13.18431], [80.30224, 13.18434]]}}, {"type": "Feature", "properties": {"drain_type": "Side Drain", "material": "Concrete", "status": "Good", "ward": "N004", "zone": "N01", "source": "Greater Chennai Corporation", "year": "2024", "shedId": "KOSAS"}, "geometry": {"type": "LineString", "coordinates": [[80.3017, 13.18435], [80.30297, 13.18564]]}}, {"type": "Feature", "properties": {"drain_type": "SWD", "material": "Concrete", "status": "Good", "ward": "N004", "zone": "N01", "source": "Greater Chennai Corporation", "year": "2024", "shedId": "KOSAS"}, "geometry": {"type": "LineString", "coordinates": [[80.30365, 13.18614], [80.30444, 13.18647], [80.30519, 13.18655]]}}, {"type": "Feature", "properties": {"drain_type": "SWD", "material": "Concrete", "status": "Good", "ward": "N004", "zone": "N01", "source": "Greater Chennai Corporation", "year": "2024", "shedId": "KOSAS"}, "geometry": {"type": "LineString", "coordinates": [[80.303, 13.18507], [80.30404, 13.1846], [80.30392, 13.18434]]}}, {"type": "Feature", "properties": {"drain_type": "Side Drain", "material": "Concrete", "status": "Bad", "ward": "N004", "zone": "N01", "source": "Greater Chennai Corporation", "year": "2024", "shedId": "KOSAS"}, "geometry": {"type": "LineString", "coordinates": [[80.30132, 13.18249], [80.30171, 13.18229]]}}, {"type": "Feature", "properties": {"drain_type": "SWD", "material": "Concrete", "status": "Good", "ward": "N004", "zone": "N01", "source": "Greater Chennai Corporation", "year": "2024", "shedId": "KOSAS"}, "geometry": {"type": "LineString", "coordinates": [[80.30166, 13.18232], [80.30171, 13.1824], [80.30196, 13.18291]]}}, {"type": "Feature", "properties": {"drain_type": "Side Drain", "material": "Concrete", "status": "Bad", "ward": "N004", "zone": "N01", "source": "Greater Chennai Corporation", "year": "2024", "shedId": "KOSAS"}, "geometry": {"type": "LineString", "coordinates": [[80.30055, 13.18132], [80.30082, 13.18118]]}}, {"type": "Feature", "properties": {"drain_type": "Side Drain", "material": "Concrete", "status": "Good", "ward": "N004", "zone": "N01", "source": "Greater Chennai Corporation", "year": "2024", "shedId": "KOSAS"}, "geometry": {"type": "LineString", "coordinates": [[80.30006, 13.18057], [80.30096, 13.18014]]}}, {"type": "Feature", "properties": {"drain_type": "SWD", "material": "Concrete", "status": "Good", "ward": "N004", "zone": "N01", "source": "Greater Chennai Corporation", "year": "2024", "shedId": "KOSAS"}, "geometry": {"type": "LineString", "coordinates": [[80.29983, 13.18022], [80.30098, 13.17965], [80.30189, 13.17937]]}}, {"type": "Feature", "properties": {"drain_type": "Side Drain", "material": "Concrete", "status": "Bad", "ward": "N004", "zone": "N01", "source": "Greater Chennai Corporation", "year": "2024", "shedId": "KOSAS"}, "geometry": {"type": "LineString", "coordinates": [[80.29963, 13.17992], [80.30016, 13.17966], [80.30036, 13.1796]]}}, {"type": "Feature", "properties": {"drain_type": "Side Drain", "material": "Concrete", "status": "Good", "ward": "N004", "zone": "N01", "source": "Greater Chennai Corporation", "year": "2024", "shedId": "KOSAS"}, "geometry": {"type": "LineString", "coordinates": [[80.29944, 13.17962], [80.30027, 13.17921]]}}, {"type": "Feature", "properties": {"drain_type": "Side Drain", "material": "Concrete", "status": "Good", "ward": "N004", "zone": "N01", "source": "Greater Chennai Corporation", "year": "2024", "shedId": "KOSAS"}, "geometry": {"type": "LineString", "coordinates": [[80.30023, 13.17909], [80.30045, 13.17991]]}}, {"type": "Feature", "properties": {"drain_type": "SWD", "material": "Concrete", "status": "Good", "ward": "N004", "zone": "N01", "source": "Greater Chennai Corporation", "year": "2024", "shedId": "KOSAS"}, "geometry": {"type": "LineString", "coordinates": [[80.30099, 13.17974], [80.30055, 13.17799]]}}, {"type": "Feature", "properties": {"drain_type": "Side Drain", "material": "Concrete", "status": "Bad", "ward": "N004", "zone": "N01", "source": "Greater Chennai Corporation", "year": "2024", "shedId": "KOSAS"}, "geometry": {"type": "LineString", "coordinates": [[80.30055, 13.17799], [80.30132, 13.17755], [80.30218, 13.17754], [80.30329, 13.17725]]}}, {"type": "Feature", "properties": {"drain_type": "Side Drain", "material": "Concrete", "status": "Good", "ward": "N004", "zone": "N01", "source": "Greater Chennai Corporation", "year": "2024", "shedId": "KOSAS"}, "geometry": {"type": "LineString", "coordinates": [[80.30048, 13.17872], [80.30056, 13.17869]]}}, {"type": "Feature", "properties": {"drain_type": "Side Drain", "material": "Concrete", "status": "Good", "ward": "N004", "zone": "N01", "source": "Greater Chennai Corporation", "year": "2024", "shedId": "KOSAS"}, "geometry": {"type": "LineString", "coordinates": [[80.30023, 13.17804], [80.30032, 13.178], [80.30046, 13.17793]]}}, {"type": "Feature", "properties": {"drain_type": "SWD", "material": "Concrete", "status": "Good", "ward": "N004", "zone": "N01", "source": "Greater Chennai Corporation", "year": "2024", "shedId": "KOSAS"}, "geometry": {"type": "LineString", "coordinates": [[80.30009, 13.17768], [80.30029, 13.17759]]}}, {"type": "Feature", "properties": {"drain_type": "SWD", "material": "Concrete", "status": "Good", "ward": "N004", "zone": "N01", "source": "Greater Chennai Corporation", "year": "2024", "shedId": "KOSAS"}, "geometry": {"type": "LineString", "coordinates": [[80.29995, 13.17729], [80.30033, 13.17709], [80.30177, 13.17658]]}}, {"type": "Feature", "properties": {"drain_type": "SWD", "material": "Concrete", "status": "Good", "ward": "N004", "zone": "N01", "source": "Greater Chennai Corporation", "year": "2024", "shedId": "KOSAS"}, "geometry": {"type": "LineString", "coordinates": [[80.30068, 13.17697], [80.30082, 13.17736]]}}, {"type": "Feature", "properties": {"drain_type": "SWD", "material": "Concrete", "status": "Good", "ward": "N004", "zone": "N01", "source": "Greater Chennai Corporation", "year": "2024", "shedId": "KOSAS"}, "geometry": {"type": "LineString", "coordinates": [[80.30082, 13.17736], [80.30304, 13.17693]]}}, {"type": "Feature", "properties": {"drain_type": "SWD", "material": "Concrete", "status": "Good", "ward": "N004", "zone": "N01", "source": "Greater Chennai Corporation", "year": "2024", "shedId": "KOSAS"}, "geometry": {"type": "LineString", "coordinates": [[80.30312, 13.1773], [80.30289, 13.17614]]}}, {"type": "Feature", "properties": {"drain_type": "SWD", "material": "Concrete", "status": "Good", "ward": "N004", "zone": "N01", "source": "Greater Chennai Corporation", "year": "2024", "shedId": "KOSAS"}, "geometry": {"type": "LineString", "coordinates": [[80.30168, 13.17627], [80.30334, 13.17606]]}}, {"type": "Feature", "properties": {"drain_type": "SWD", "material": "Concrete", "status": "Good", "ward": "N004", "zone": "N01", "source": "Greater Chennai Corporation", "year": "2024", "shedId": "KOSAS"}, "geometry": {"type": "LineString", "coordinates": [[80.30335, 13.17599], [80.30356, 13.17704]]}}, {"type": "Feature", "properties": {"drain_type": "SWD", "material": "Concrete", "status": "Good", "ward": "N004", "zone": "N01", "source": "Greater Chennai Corporation", "year": "2024", "shedId": "KOSAS"}, "geometry": {"type": "LineString", "coordinates": [[80.30168, 13.17627], [80.30191, 13.17704], [80.30203, 13.17713]]}}, {"type": "Feature", "properties": {"drain_type": "SWD", "material": "Concrete", "status": "Good", "ward": "N004", "zone": "N01", "source": "Greater Chennai Corporation", "year": "2024", "shedId": "KOSAS"}, "geometry": {"type": "LineString", "coordinates": [[80.30758, 13.19121], [80.30722, 13.19125], [80.30689, 13.1902]]}}, {"type": "Feature", "properties": {"drain_type": "Side Drain", "material": "Concrete", "status": "Good", "ward": "N004", "zone": "N01", "source": "Greater Chennai Corporation", "year": "2024", "shedId": "KOSAS"}, "geometry": {"type": "LineString", "coordinates": [[80.3036, 13.18984], [80.3044, 13.18962], [80.30442, 13.18969]]}}, {"type": "Feature", "properties": {"drain_type": "Side Drain", "material": "Concrete", "status": "Good", "ward": "N004", "zone": "N01", "source": "Greater Chennai Corporation", "year": "2024", "shedId": "KOSAS"}, "geometry": {"type": "LineString", "coordinates": [[80.30442, 13.18969], [80.30601, 13.1893]]}}, {"type": "Feature", "properties": {"drain_type": "SWD", "material": "Concrete", "status": "Good", "ward": "N004", "zone": "N01", "source": "Greater Chennai Corporation", "year": "2024", "shedId": "KOSAS"}, "geometry": {"type": "LineString", "coordinates": [[80.30257, 13.18406], [80.30288, 13.18461]]}}, {"type": "Feature", "properties": {"drain_type": "SWD", "material": "Concrete", "status": "Good", "ward": "N004", "zone": "N01", "source": "Greater Chennai Corporation", "year": "2024", "shedId": "KOSAS"}, "geometry": {"type": "LineString", "coordinates": [[80.30288, 13.18461], [80.30276, 13.1848], [80.303, 13.18507]]}}, {"type": "Feature", "properties": {"drain_type": "SWD", "material": "Concrete", "status": "Good", "ward": "N004", "zone": "N01", "source": "Greater Chennai Corporation", "year": "2024", "shedId": "KOSAS"}, "geometry": {"type": "LineString", "coordinates": [[80.30277, 13.17656], [80.30285, 13.17655]]}}, {"type": "Feature", "properties": {"drain_type": "Side Drain", "material": "Concrete", "status": "Good", "ward": "N004", "zone": "N01", "source": "Greater Chennai Corporation", "year": "2024", "shedId": "KOSAS"}, "geometry": {"type": "LineString", "coordinates": [[80.30043, 13.17759], [80.30042, 13.17755], [80.30019, 13.17719]]}}, {"type": "Feature", "properties": {"drain_type": "Closed", "material": "Concrete", "status": "Good", "ward": "N005", "zone": "N01", "source": "Greater Chennai Corporation", "year": "2024", "shedId": "KOSAS"}, "geometry": {"type": "LineString", "coordinates": [[80.30415, 13.16721], [80.30877, 13.18397]]}}, {"type": "Feature", "properties": {"drain_type": "Closed", "material": "Concrete", "status": "Good", "ward": "N005", "zone": "N01", "source": "Greater Chennai Corporation", "year": "2024", "shedId": "KOSAS"}, "geometry": {"type": "LineString", "coordinates": [[80.30724, 13.17865], [80.31337, 13.17698]]}}, {"type": "Feature", "properties": {"drain_type": "Closed", "material": "Concrete", "status": "Good", "ward": "N005", "zone": "N01", "source": "Greater Chennai Corporation", "year": "2024", "shedId": "KOSAS"}, "geometry": {"type": "LineString", "coordinates": [[80.30921, 13.18547], [80.31119, 13.18508]]}}, {"type": "Feature", "properties": {"drain_type": "SWD", "material": "Concrete", "status": "Good", "ward": "N101", "zone": "N08", "source": "Greater Chennai Corporation", "year": "2024", "shedId": "KOSAS"}, "geometry": {"type": "LineString", "coordinates": [[80.22387, 13.08528], [80.22331, 13.08632], [80.22348, 13.09195]]}}, {"type": "Feature", "properties": {"drain_type": "SWD", "material": "Concrete", "status": "Good", "ward": "N101", "zone": "N08", "source": "Greater Chennai Corporation", "year": "2024", "shedId": "KOSAS"}, "geometry": {"type": "LineString", "coordinates": [[80.22021, 13.08464], [80.22044, 13.09146], [80.22061, 13.09362]]}}, {"type": "Feature", "properties": {"drain_type": "SWD", "material": "Concrete", "status": "Good", "ward": "N101", "zone": "N08", "source": "Greater Chennai Corporation", "year": "2024", "shedId": "KOSAS"}, "geometry": {"type": "LineString", "coordinates": [[80.22048, 13.0883], [80.22067, 13.09204]]}}, {"type": "Feature", "properties": {"drain_type": "SWD", "material": "Concrete", "status": "Good", "ward": "N101", "zone": "N08", "source": "Greater Chennai Corporation", "year": "2024", "shedId": "KOSAS"}, "geometry": {"type": "LineString", "coordinates": [[80.22061, 13.09083], [80.22284, 13.09074]]}}, {"type": "Feature", "properties": {"drain_type": "SWD", "material": "Concrete", "status": "Good", "ward": "N101", "zone": "N08", "source": "Greater Chennai Corporation", "year": "2024", "shedId": "KOSAS"}, "geometry": {"type": "LineString", "coordinates": [[80.22282, 13.09029], [80.22287, 13.09198]]}}, {"type": "Feature", "properties": {"drain_type": "SWD", "material": "Concrete", "status": "Good", "ward": "N101", "zone": "N08", "source": "Greater Chennai Corporation", "year": "2024", "shedId": "KOSAS"}, "geometry": {"type": "LineString", "coordinates": [[80.22063, 13.09139], [80.22286, 13.09129]]}}, {"type": "Feature", "properties": {"drain_type": "SWD", "material": "Concrete", "status": "Good", "ward": "N101", "zone": "N08", "source": "Greater Chennai Corporation", "year": "2024", "shedId": "KOSAS"}, "geometry": {"type": "LineString", "coordinates": [[80.22067, 13.09204], [80.22348, 13.09195]]}}, {"type": "Feature", "properties": {"drain_type": "SWD", "material": "Concrete", "status": "Good", "ward": "N101", "zone": "N08", "source": "Greater Chennai Corporation", "year": "2024", "shedId": "KOSAS"}, "geometry": {"type": "LineString", "coordinates": [[80.22055, 13.08975], [80.22343, 13.08962]]}}, {"type": "Feature", "properties": {"drain_type": "SWD", "material": "Concrete", "status": "Good", "ward": "N101", "zone": "N08", "source": "Greater Chennai Corporation", "year": "2024", "shedId": "KOSAS"}, "geometry": {"type": "LineString", "coordinates": [[80.22056, 13.08962], [80.22343, 13.08947]]}}, {"type": "Feature", "properties": {"drain_type": "SWD", "material": "Concrete", "status": "Good", "ward": "N101", "zone": "N08", "source": "Greater Chennai Corporation", "year": "2024", "shedId": "KOSAS"}, "geometry": {"type": "LineString", "coordinates": [[80.22115, 13.08761], [80.2227, 13.08755]]}}, {"type": "Feature", "properties": {"drain_type": "SWD", "material": "Concrete", "status": "Good", "ward": "N101", "zone": "N08", "source": "Greater Chennai Corporation", "year": "2024", "shedId": "KOSAS"}, "geometry": {"type": "LineString", "coordinates": [[80.22089, 13.08595], [80.22101, 13.08828]]}}, {"type": "Feature", "properties": {"drain_type": "SWD", "material": "Concrete", "status": "Good", "ward": "N101", "zone": "N08", "source": "Greater Chennai Corporation", "year": "2024", "shedId": "KOSAS"}, "geometry": {"type": "LineString", "coordinates": [[80.22281, 13.08821], [80.22336, 13.08818]]}}, {"type": "Feature", "properties": {"drain_type": "SWD", "material": "Concrete", "status": "Good", "ward": "N101", "zone": "N08", "source": "Greater Chennai Corporation", "year": "2024", "shedId": "KOSAS"}, "geometry": {"type": "LineString", "coordinates": [[80.22336, 13.08826], [80.22112, 13.08835]]}}, {"type": "Feature", "properties": {"drain_type": "SWD", "material": "Concrete", "status": "Good", "ward": "N101", "zone": "N08", "source": "Greater Chennai Corporation", "year": "2024", "shedId": "KOSAS"}, "geometry": {"type": "LineString", "coordinates": [[80.22273, 13.08829], [80.22274, 13.08886]]}}, {"type": "Feature", "properties": {"drain_type": "SWD", "material": "Concrete", "status": "Good", "ward": "N101", "zone": "N08", "source": "Greater Chennai Corporation", "year": "2024", "shedId": "KOSAS"}, "geometry": {"type": "LineString", "coordinates": [[80.22112, 13.08835], [80.22113, 13.08891]]}}, {"type": "Feature", "properties": {"drain_type": "SWD", "material": "Concrete", "status": "Good", "ward": "N101", "zone": "N08", "source": "Greater Chennai Corporation", "year": "2024", "shedId": "KOSAS"}, "geometry": {"type": "LineString", "coordinates": [[80.22113, 13.08891], [80.22274, 13.08886]]}}, {"type": "Feature", "properties": {"drain_type": "SWD", "material": "Concrete", "status": "Good", "ward": "N101", "zone": "N08", "source": "Greater Chennai Corporation", "year": "2024", "shedId": "KOSAS"}, "geometry": {"type": "LineString", "coordinates": [[80.22188, 13.08899], [80.22191, 13.08956]]}}, {"type": "Feature", "properties": {"drain_type": "SWD", "material": "Concrete", "status": "Good", "ward": "N101", "zone": "N08", "source": "Greater Chennai Corporation", "year": "2024", "shedId": "KOSAS"}, "geometry": {"type": "LineString", "coordinates": [[80.21817, 13.08486], [80.21823, 13.08858], [80.21847, 13.09385]]}}, {"type": "Feature", "properties": {"drain_type": "SWD", "material": "Concrete", "status": "Good", "ward": "N101", "zone": "N08", "source": "Greater Chennai Corporation", "year": "2024", "shedId": "KOSAS"}, "geometry": {"type": "LineString", "coordinates": [[80.21784, 13.08529], [80.2182, 13.09391]]}}, {"type": "Feature", "properties": {"drain_type": "SWD", "material": "Concrete", "status": "Good", "ward": "N101", "zone": "N08", "source": "Greater Chennai Corporation", "year": "2024", "shedId": "KOSAS"}, "geometry": {"type": "LineString", "coordinates": [[80.21581, 13.09226], [80.21812, 13.09217]]}}, {"type": "Feature", "properties": {"drain_type": "SWD", "material": "Concrete", "status": "Good", "ward": "N101", "zone": "N08", "source": "Greater Chennai Corporation", "year": "2024", "shedId": "KOSAS"}, "geometry": {"type": "LineString", "coordinates": [[80.21577, 13.09242], [80.21814, 13.09235]]}}, {"type": "Feature", "properties": {"drain_type": "SWD", "material": "Concrete", "status": "Good", "ward": "N101", "zone": "N08", "source": "Greater Chennai Corporation", "year": "2024", "shedId": "KOSAS"}, "geometry": {"type": "LineString", "coordinates": [[80.21703, 13.09238], [80.21708, 13.09388]]}}, {"type": "Feature", "properties": {"drain_type": "SWD", "material": "Concrete", "status": "Good", "ward": "N101", "zone": "N08", "source": "Greater Chennai Corporation", "year": "2024", "shedId": "KOSAS"}, "geometry": {"type": "LineString", "coordinates": [[80.21841, 13.09231], [80.21903, 13.09236], [80.22052, 13.0923]]}}, {"type": "Feature", "properties": {"drain_type": "SWD", "material": "Concrete", "status": "Good", "ward": "N101", "zone": "N08", "source": "Greater Chennai Corporation", "year": "2024", "shedId": "KOSAS"}, "geometry": {"type": "LineString", "coordinates": [[80.22071, 13.09222], [80.22318, 13.09216]]}}, {"type": "Feature", "properties": {"drain_type": "SWD", "material": "Concrete", "status": "Good", "ward": "N101", "zone": "N08", "source": "Greater Chennai Corporation", "year": "2024", "shedId": "KOSAS"}, "geometry": {"type": "LineString", "coordinates": [[80.22212, 13.09219], [80.22218, 13.09347]]}}, {"type": "Feature", "properties": {"drain_type": "SWD", "material": "Concrete", "status": "Good", "ward": "N101", "zone": "N08", "source": "Greater Chennai Corporation", "year": "2024", "shedId": "KOSAS"}, "geometry": {"type": "LineString", "coordinates": [[80.21841, 13.09217], [80.22049, 13.09208]]}}, {"type": "Feature", "properties": {"drain_type": "SWD", "material": "Concrete", "status": "Good", "ward": "N101", "zone": "N08", "source": "Greater Chennai Corporation", "year": "2024", "shedId": "KOSAS"}, "geometry": {"type": "LineString", "coordinates": [[80.21461, 13.09052], [80.21805, 13.09038]]}}, {"type": "Feature", "properties": {"drain_type": "SWD", "material": "Concrete", "status": "Good", "ward": "N101", "zone": "N08", "source": "Greater Chennai Corporation", "year": "2024", "shedId": "KOSAS"}, "geometry": {"type": "LineString", "coordinates": [[80.21572, 13.09034], [80.21805, 13.09025]]}}, {"type": "Feature", "properties": {"drain_type": "SWD", "material": "Concrete", "status": "Good", "ward": "N101", "zone": "N08", "source": "Greater Chennai Corporation", "year": "2024", "shedId": "KOSAS"}, "geometry": {"type": "LineString", "coordinates": [[80.21517, 13.08859], [80.21798, 13.08846]]}}, {"type": "Feature", "properties": {"drain_type": "SWD", "material": "Concrete", "status": "Good", "ward": "N101", "zone": "N08", "source": "Greater Chennai Corporation", "year": "2024", "shedId": "KOSAS"}, "geometry": {"type": "LineString", "coordinates": [[80.21824, 13.08839], [80.22101, 13.08828]]}}, {"type": "Feature", "properties": {"drain_type": "SWD", "material": "Concrete", "status": "Good", "ward": "N101", "zone": "N08", "source": "Greater Chennai Corporation", "year": "2024", "shedId": "KOSAS"}, "geometry": {"type": "LineString", "coordinates": [[80.22028, 13.08724], [80.21885, 13.08731]]}}, {"type": "Feature", "properties": {"drain_type": "SWD", "material": "Concrete", "status": "Good", "ward": "N101", "zone": "N08", "source": "Greater Chennai Corporation", "year": "2024", "shedId": "KOSAS"}, "geometry": {"type": "LineString", "coordinates": [[80.21891, 13.089], [80.22034, 13.08894]]}}, {"type": "Feature", "properties": {"drain_type": "SWD", "material": "Concrete", "status": "Good", "ward": "N101", "zone": "N08", "source": "Greater Chennai Corporation", "year": "2024", "shedId": "KOSAS"}, "geometry": {"type": "LineString", "coordinates": [[80.21894, 13.08975], [80.22041, 13.08968]]}}, {"type": "Feature", "properties": {"drain_type": "SWD", "material": "Concrete", "status": "Good", "ward": "N101", "zone": "N08", "source": "Greater Chennai Corporation", "year": "2024", "shedId": "KOSAS"}, "geometry": {"type": "LineString", "coordinates": [[80.21834, 13.09045], [80.2204, 13.09037]]}}, {"type": "Feature", "properties": {"drain_type": "SWD", "material": "Concrete", "status": "Good", "ward": "N101", "zone": "N08", "source": "Greater Chennai Corporation", "year": "2024", "shedId": "KOSAS"}, "geometry": {"type": "LineString", "coordinates": [[80.21894, 13.09043], [80.21899, 13.09148]]}}, {"type": "Feature", "properties": {"drain_type": "SWD", "material": "Concrete", "status": "Good", "ward": "N101", "zone": "N08", "source": "Greater Chennai Corporation", "year": "2024", "shedId": "KOSAS"}, "geometry": {"type": "LineString", "coordinates": [[80.21898, 13.09148], [80.22045, 13.09146]]}}, {"type": "Feature", "properties": {"drain_type": "SWD", "material": "Concrete", "status": "Good", "ward": "N101", "zone": "N08", "source": "Greater Chennai Corporation", "year": "2024", "shedId": "KOSAS"}, "geometry": {"type": "LineString", "coordinates": [[80.2173, 13.08765], [80.21733, 13.0884]]}}, {"type": "Feature", "properties": {"drain_type": "SWD", "material": "Concrete", "status": "Good", "ward": "N101", "zone": "N08", "source": "Greater Chennai Corporation", "year": "2024", "shedId": "KOSAS"}, "geometry": {"type": "LineString", "coordinates": [[80.21732, 13.0884], [80.21797, 13.08838]]}}, {"type": "Feature", "properties": {"drain_type": "SWD", "material": "Concrete", "status": "Good", "ward": "N101", "zone": "N08", "source": "Greater Chennai Corporation", "year": "2024", "shedId": "KOSAS"}, "geometry": {"type": "LineString", "coordinates": [[80.21885, 13.08731], [80.21889, 13.08836]]}}, {"type": "Feature", "properties": {"drain_type": "SWD", "material": "Concrete", "status": "Good", "ward": "N101", "zone": "N08", "source": "Greater Chennai Corporation", "year": "2024", "shedId": "KOSAS"}, "geometry": {"type": "LineString", "coordinates": [[80.21889, 13.08836], [80.21896, 13.09032]]}}, {"type": "Feature", "properties": {"drain_type": "SWD", "material": "Concrete", "status": "Good", "ward": "N101", "zone": "N08", "source": "Greater Chennai Corporation", "year": "2024", "shedId": "KOSAS"}, "geometry": {"type": "LineString", "coordinates": [[80.22121, 13.09081], [80.22123, 13.09034], [80.22282, 13.09029]]}}, {"type": "Feature", "properties": {"drain_type": "SWD", "material": "Concrete", "status": "Good", "ward": "N104", "zone": "N08", "source": "Greater Chennai Corporation", "year": "2024", "shedId": "KOSAS"}, "geometry": {"type": "LineString", "coordinates": [[80.25301, 13.08463], [80.25192, 13.08483]]}}, {"type": "Feature", "properties": {"drain_type": "SWD", "material": "Concrete", "status": "Good", "ward": "N104", "zone": "N08", "source": "Greater Chennai Corporation", "year": "2024", "shedId": "KOSAS"}, "geometry": {"type": "LineString", "coordinates": [[80.2522, 13.08561], [80.25294, 13.08554], [80.25464, 13.08554]]}}, {"type": "Feature", "properties": {"drain_type": "SWD", "material": "Concrete", "status": "Good", "ward": "N104", "zone": "N08", "source": "Greater Chennai Corporation", "year": "2024", "shedId": "KOSAS"}, "geometry": {"type": "LineString", "coordinates": [[80.25042, 13.08602], [80.2509, 13.08901], [80.25105, 13.09139]]}}, {"type": "Feature", "properties": {"drain_type": "SWD", "material": "Concrete", "status": "Good", "ward": "N104", "zone": "N08", "source": "Greater Chennai Corporation", "year": "2024", "shedId": "KOSAS"}, "geometry": {"type": "LineString", "coordinates": [[80.25069, 13.08747], [80.25224, 13.08745], [80.25333, 13.08755]]}}, {"type": "Feature", "properties": {"drain_type": "SWD", "material": "Concrete", "status": "Good", "ward": "N104", "zone": "N08", "source": "Greater Chennai Corporation", "year": "2024", "shedId": "KOSAS"}, "geometry": {"type": "LineString", "coordinates": [[80.25225, 13.08916], [80.25217, 13.09138]]}}, {"type": "Feature", "properties": {"drain_type": "SWD", "material": "Concrete", "status": "Good", "ward": "N104", "zone": "N08", "source": "Greater Chennai Corporation", "year": "2024", "shedId": "KOSAS"}, "geometry": {"type": "LineString", "coordinates": [[80.25224, 13.08972], [80.25299, 13.08973]]}}, {"type": "Feature", "properties": {"drain_type": "SWD", "material": "Concrete", "status": "Good", "ward": "N104", "zone": "N08", "source": "Greater Chennai Corporation", "year": "2024", "shedId": "KOSAS"}, "geometry": {"type": "LineString", "coordinates": [[80.25217, 13.09138], [80.25301, 13.09139]]}}, {"type": "Feature", "properties": {"drain_type": "SWD", "material": "Concrete", "status": "Good", "ward": "N104", "zone": "N08", "source": "Greater Chennai Corporation", "year": "2024", "shedId": "KOSAS"}, "geometry": {"type": "LineString", "coordinates": [[80.25366, 13.08583], [80.25328, 13.08778], [80.25309, 13.08933]]}}, {"type": "Feature", "properties": {"drain_type": "SWD", "material": "Concrete", "status": "Good", "ward": "N104", "zone": "N08", "source": "Greater Chennai Corporation", "year": "2024", "shedId": "KOSAS"}, "geometry": {"type": "LineString", "coordinates": [[80.25106, 13.08912], [80.25296, 13.08921], [80.25309, 13.08933]]}}, {"type": "Feature", "properties": {"drain_type": "SWD", "material": "Concrete", "status": "Good", "ward": "N104", "zone": "N08", "source": "Greater Chennai Corporation", "year": "2024", "shedId": "KOSAS"}, "geometry": {"type": "LineString", "coordinates": [[80.25309, 13.08933], [80.25435, 13.08974]]}}, {"type": "Feature", "properties": {"drain_type": "SWD", "material": "Concrete", "status": "Good", "ward": "N104", "zone": "N08", "source": "Greater Chennai Corporation", "year": "2024", "shedId": "KOSAS"}, "geometry": {"type": "LineString", "coordinates": [[80.25058, 13.08582], [80.2522, 13.08561]]}}, {"type": "Feature", "properties": {"drain_type": "SWD", "material": "Concrete", "status": "Good", "ward": "N104", "zone": "N08", "source": "Greater Chennai Corporation", "year": "2024", "shedId": "KOSAS"}, "geometry": {"type": "LineString", "coordinates": [[80.25192, 13.08483], [80.2522, 13.08561]]}}, {"type": "Feature", "properties": {"drain_type": "Side Drain", "material": "Concrete", "status": "Good", "ward": "N022", "zone": "N03", "source": "Greater Chennai Corporation", "year": "2024", "shedId": "KOSAS"}, "geometry": {"type": "LineString", "coordinates": [[80.1931, 13.16862], [80.19405, 13.17106]]}}, {"type": "Feature", "properties": {"drain_type": "Side Drain", "material": "Concrete", "status": "Bad", "ward": "N022", "zone": "N03", "source": "Greater Chennai Corporation", "year": "2024", "shedId": "KOSAS"}, "geometry": {"type": "LineString", "coordinates": [[80.19602, 13.16881], [80.19613, 13.16934], [80.19599, 13.16945], [80.19596, 13.17082]]}}, {"type": "Feature", "properties": {"drain_type": "Side Drain", "material": "Concrete", "status": "Bad", "ward": "N022", "zone": "N03", "source": "Greater Chennai Corporation", "year": "2024", "shedId": "KOSAS"}, "geometry": {"type": "LineString", "coordinates": [[80.19593, 13.17037], [80.19547, 13.17037]]}}, {"type": "Feature", "properties": {"drain_type": "Side Drain", "material": "Concrete", "status": "Good", "ward": "N022", "zone": "N03", "source": "Greater Chennai Corporation", "year": "2024", "shedId": "KOSAS"}, "geometry": {"type": "LineString", "coordinates": [[80.19601, 13.17083], [80.19677, 13.17082]]}}, {"type": "Feature", "properties": {"drain_type": "Side Drain", "material": "Concrete", "status": "Good", "ward": "N022", "zone": "N03", "source": "Greater Chennai Corporation", "year": "2024", "shedId": "KOSAS"}, "geometry": {"type": "LineString", "coordinates": [[80.1965, 13.17081], [80.19758, 13.17116], [80.19875, 13.17121]]}}, {"type": "Feature", "properties": {"drain_type": "Side Drain", "material": "Concrete", "status": "Good", "ward": "N022", "zone": "N03", "source": "Greater Chennai Corporation", "year": "2024", "shedId": "KOSAS"}, "geometry": {"type": "LineString", "coordinates": [[80.19727, 13.17024], [80.1982, 13.17013]]}}, {"type": "Feature", "properties": {"drain_type": "Side Drain", "material": "Concrete", "status": "Bad", "ward": "N022", "zone": "N03", "source": "Greater Chennai Corporation", "year": "2024", "shedId": "KOSAS"}, "geometry": {"type": "LineString", "coordinates": [[80.19728, 13.1705], [80.19829, 13.1705]]}}, {"type": "Feature", "properties": {"drain_type": "Side Drain", "material": "Concrete", "status": "Good", "ward": "N022", "zone": "N03", "source": "Greater Chennai Corporation", "year": "2024", "shedId": "KOSAS"}, "geometry": {"type": "LineString", "coordinates": [[80.19738, 13.17077], [80.19838, 13.17092]]}}, {"type": "Feature", "properties": {"drain_type": "Side Drain", "material": "Concrete", "status": "Good", "ward": "N022", "zone": "N03", "source": "Greater Chennai Corporation", "year": "2024", "shedId": "KOSAS"}, "geometry": {"type": "LineString", "coordinates": [[80.19922, 13.17106], [80.20041, 13.17099]]}}, {"type": "Feature", "properties": {"drain_type": "SWD", "material": "Concrete", "status": "Good", "ward": "N022", "zone": "N03", "source": "Greater Chennai Corporation", "year": "2024", "shedId": "KOSAS"}, "geometry": {"type": "LineString", "coordinates": [[80.20041, 13.17099], [80.20054, 13.17227], [80.20072, 13.17279]]}}, {"type": "Feature", "properties": {"drain_type": "Side Drain", "material": "Concrete", "status": "Good", "ward": "N022", "zone": "N03", "source": "Greater Chennai Corporation", "year": "2024", "shedId": "KOSAS"}, "geometry": {"type": "LineString", "coordinates": [[80.2, 13.17232], [80.20054, 13.17226]]}}, {"type": "Feature", "properties": {"drain_type": "Side Drain", "material": "Concrete", "status": "Good", "ward": "N022", "zone": "N03", "source": "Greater Chennai Corporation", "year": "2024", "shedId": "KOSAS"}, "geometry": {"type": "LineString", "coordinates": [[80.19951, 13.17098], [80.20034, 13.17091]]}}, {"type": "Feature", "properties": {"drain_type": "Side Drain", "material": "Concrete", "status": "Good", "ward": "N022", "zone": "N03", "source": "Greater Chennai Corporation", "year": "2024", "shedId": "KOSAS"}, "geometry": {"type": "LineString", "coordinates": [[80.20048, 13.17066], [80.20132, 13.16906]]}}, {"type": "Feature", "properties": {"drain_type": "Side Drain", "material": "Concrete", "status": "Good", "ward": "N022", "zone": "N03", "source": "Greater Chennai Corporation", "year": "2024", "shedId": "KOSAS"}, "geometry": {"type": "LineString", "coordinates": [[80.20017, 13.17179], [80.20022, 13.17159], [80.20046, 13.1715]]}}, {"type": "Feature", "properties": {"drain_type": "Side Drain", "material": "Concrete", "status": "Good", "ward": "N022", "zone": "N03", "source": "Greater Chennai Corporation", "year": "2024", "shedId": "KOSAS"}, "geometry": {"type": "LineString", "coordinates": [[80.20047, 13.17154], [80.20115, 13.17143]]}}, {"type": "Feature", "properties": {"drain_type": "Side Drain", "material": "Concrete", "status": "Good", "ward": "N022", "zone": "N03", "source": "Greater Chennai Corporation", "year": "2024", "shedId": "KOSAS"}, "geometry": {"type": "LineString", "coordinates": [[80.20079, 13.17149], [80.20076, 13.17121], [80.20091, 13.17118]]}}, {"type": "Feature", "properties": {"drain_type": "Side Drain", "material": "Concrete", "status": "Good", "ward": "N022", "zone": "N03", "source": "Greater Chennai Corporation", "year": "2024", "shedId": "KOSAS"}, "geometry": {"type": "LineString", "coordinates": [[80.19985, 13.17169], [80.2002, 13.17161]]}}, {"type": "Feature", "properties": {"drain_type": "SWD", "material": "Concrete", "status": "Good", "ward": "N022", "zone": "N03", "source": "Greater Chennai Corporation", "year": "2024", "shedId": "KOSAS"}, "geometry": {"type": "LineString", "coordinates": [[80.20061, 13.17251], [80.20248, 13.17166]]}}, {"type": "Feature", "properties": {"drain_type": "Side Drain", "material": "Concrete", "status": "Good", "ward": "N022", "zone": "N03", "source": "Greater Chennai Corporation", "year": "2024", "shedId": "KOSAS"}, "geometry": {"type": "LineString", "coordinates": [[80.20085, 13.17212], [80.20237, 13.17126]]}}, {"type": "Feature", "properties": {"drain_type": "SWD", "material": "Concrete", "status": "Good", "ward": "N022", "zone": "N03", "source": "Greater Chennai Corporation", "year": "2024", "shedId": "KOSAS"}, "geometry": {"type": "LineString", "coordinates": [[80.20214, 13.1702], [80.20209, 13.17022], [80.20273, 13.17268]]}}, {"type": "Feature", "properties": {"drain_type": "SWD", "material": "Concrete", "status": "Good", "ward": "N022", "zone": "N03", "source": "Greater Chennai Corporation", "year": "2024", "shedId": "KOSAS"}, "geometry": {"type": "LineString", "coordinates": [[80.20104, 13.17266], [80.20118, 13.17305]]}}, {"type": "Feature", "properties": {"drain_type": "SWD", "material": "Concrete", "status": "Good", "ward": "N022", "zone": "N03", "source": "Greater Chennai Corporation", "year": "2024", "shedId": "KOSAS"}, "geometry": {"type": "LineString", "coordinates": [[80.20118, 13.17305], [80.20341, 13.17256]]}}, {"type": "Feature", "properties": {"drain_type": "SWD", "material": "Concrete", "status": "Good", "ward": "N022", "zone": "N03", "source": "Greater Chennai Corporation", "year": "2024", "shedId": "KOSAS"}, "geometry": {"type": "LineString", "coordinates": [[80.20102, 13.17275], [80.20181, 13.17609]]}}, {"type": "Feature", "properties": {"drain_type": "Side Drain", "material": "Concrete", "status": "Good", "ward": "N022", "zone": "N03", "source": "Greater Chennai Corporation", "year": "2024", "shedId": "KOSAS"}, "geometry": {"type": "LineString", "coordinates": [[80.20119, 13.17344], [80.20769, 13.17198]]}}, {"type": "Feature", "properties": {"drain_type": "Side Drain", "material": "Concrete", "status": "Good", "ward": "N022", "zone": "N03", "source": "Greater Chennai Corporation", "year": "2024", "shedId": "KOSAS"}, "geometry": {"type": "LineString", "coordinates": [[80.20608, 13.17194], [80.20546, 13.17207], [80.20565, 13.17295]]}}, {"type": "Feature", "properties": {"drain_type": "SWD", "material": "Concrete", "status": "Good", "ward": "N022", "zone": "N03", "source": "Greater Chennai Corporation", "year": "2024", "shedId": "KOSAS"}, "geometry": {"type": "LineString", "coordinates": [[80.19799, 13.17336], [80.20023, 13.17408], [80.2013, 13.17392]]}}, {"type": "Feature", "properties": {"drain_type": "Side Drain", "material": "Concrete", "status": "Good", "ward": "N022", "zone": "N03", "source": "Greater Chennai Corporation", "year": "2024", "shedId": "KOSAS"}, "geometry": {"type": "LineString", "coordinates": [[80.20132, 13.17401], [80.20775, 13.17256]]}}, {"type": "Feature", "properties": {"drain_type": "Side Drain", "material": "Concrete", "status": "Good", "ward": "N022", "zone": "N03", "source": "Greater Chennai Corporation", "year": "2024", "shedId": "KOSAS"}, "geometry": {"type": "LineString", "coordinates": [[80.20141, 13.17435], [80.20863, 13.17274]]}}, {"type": "Feature", "properties": {"drain_type": "Side Drain", "material": "Concrete", "status": "Good", "ward": "N022", "zone": "N03", "source": "Greater Chennai Corporation", "year": "2024", "shedId": "KOSAS"}, "geometry": {"type": "LineString", "coordinates": [[80.20571, 13.17302], [80.2058, 13.17336]]}}, {"type": "Feature", "properties": {"drain_type": "SWD", "material": "Concrete", "status": "Good", "ward": "N022", "zone": "N03", "source": "Greater Chennai Corporation", "year": "2024", "shedId": "KOSAS"}, "geometry": {"type": "LineString", "coordinates": [[80.20324, 13.17031], [80.20304, 13.16977]]}}, {"type": "Feature", "properties": {"drain_type": "SWD", "material": "Concrete", "status": "Good", "ward": "N022", "zone": "N03", "source": "Greater Chennai Corporation", "year": "2024", "shedId": "KOSAS"}, "geometry": {"type": "LineString", "coordinates": [[80.20316, 13.1701], [80.20428, 13.16971]]}}, {"type": "Feature", "properties": {"drain_type": "SWD", "material": "Concrete", "status": "Good", "ward": "N022", "zone": "N03", "source": "Greater Chennai Corporation", "year": "2024", "shedId": "KOSAS"}, "geometry": {"type": "LineString", "coordinates": [[80.20409, 13.16937], [80.20422, 13.16965], [80.20457, 13.16999]]}}, {"type": "Feature", "properties": {"drain_type": "SWD", "material": "Concrete", "status": "Good", "ward": "N022", "zone": "N03", "source": "Greater Chennai Corporation", "year": "2024", "shedId": "KOSAS"}, "geometry": {"type": "LineString", "coordinates": [[80.20541, 13.17035], [80.205, 13.17049]]}}, {"type": "Feature", "properties": {"drain_type": "SWD", "material": "Concrete", "status": "Good", "ward": "N022", "zone": "N03", "source": "Greater Chennai Corporation", "year": "2024", "shedId": "KOSAS"}, "geometry": {"type": "LineString", "coordinates": [[80.205, 13.17049], [80.20494, 13.17016]]}}, {"type": "Feature", "properties": {"drain_type": "SWD", "material": "Concrete", "status": "Good", "ward": "N022", "zone": "N03", "source": "Greater Chennai Corporation", "year": "2024", "shedId": "KOSAS"}, "geometry": {"type": "LineString", "coordinates": [[80.20533, 13.17012], [80.20636, 13.16975]]}}, {"type": "Feature", "properties": {"drain_type": "Side Drain", "material": "Concrete", "status": "Good", "ward": "N022", "zone": "N03", "source": "Greater Chennai Corporation", "year": "2024", "shedId": "KOSAS"}, "geometry": {"type": "LineString", "coordinates": [[80.20665, 13.17129], [80.20564, 13.16684]]}}, {"type": "Feature", "properties": {"drain_type": "SWD", "material": "Concrete", "status": "Good", "ward": "N022", "zone": "N03", "source": "Greater Chennai Corporation", "year": "2024", "shedId": "KOSAS"}, "geometry": {"type": "LineString", "coordinates": [[80.20311, 13.16969], [80.20347, 13.16958], [80.20359, 13.16953]]}}, {"type": "Feature", "properties": {"drain_type": "SWD", "material": "Concrete", "status": "Good", "ward": "N022", "zone": "N03", "source": "Greater Chennai Corporation", "year": "2024", "shedId": "KOSAS"}, "geometry": {"type": "LineString", "coordinates": [[80.20359, 13.16953], [80.20339, 13.16914], [80.20336, 13.16858], [80.20481, 13.16823], [80.20489, 13.16853]]}}, {"type": "Feature", "properties": {"drain_type": "SWD", "material": "Concrete", "status": "Good", "ward": "N022", "zone": "N03", "source": "Greater Chennai Corporation", "year": "2024", "shedId": "KOSAS"}, "geometry": {"type": "LineString", "coordinates": [[80.20352, 13.16943], [80.20395, 13.16916], [80.20394, 13.16903]]}}, {"type": "Feature", "properties": {"drain_type": "SWD", "material": "Concrete", "status": "Good", "ward": "N022", "zone": "N03", "source": "Greater Chennai Corporation", "year": "2024", "shedId": "KOSAS"}, "geometry": {"type": "LineString", "coordinates": [[80.20364, 13.1687], [80.20374, 13.16907], [80.20471, 13.16878], [80.20476, 13.16893]]}}, {"type": "Feature", "properties": {"drain_type": "SWD", "material": "Concrete", "status": "Good", "ward": "N022", "zone": "N03", "source": "Greater Chennai Corporation", "year": "2024", "shedId": "KOSAS"}, "geometry": {"type": "LineString", "coordinates": [[80.20476, 13.16893], [80.20533, 13.16876], [80.20616, 13.16868]]}}, {"type": "Feature", "properties": {"drain_type": "SWD", "material": "Concrete", "status": "Good", "ward": "N022", "zone": "N03", "source": "Greater Chennai Corporation", "year": "2024", "shedId": "KOSAS"}, "geometry": {"type": "LineString", "coordinates": [[80.20453, 13.16883], [80.20443, 13.16838]]}}, {"type": "Feature", "properties": {"drain_type": "SWD", "material": "Concrete", "status": "Good", "ward": "N022", "zone": "N03", "source": "Greater Chennai Corporation", "year": "2024", "shedId": "KOSAS"}, "geometry": {"type": "LineString", "coordinates": [[80.20407, 13.16865], [80.20416, 13.16894]]}}, {"type": "Feature", "properties": {"drain_type": "SWD", "material": "Concrete", "status": "Good", "ward": "N022", "zone": "N03", "source": "Greater Chennai Corporation", "year": "2024", "shedId": "KOSAS"}, "geometry": {"type": "LineString", "coordinates": [[80.2052, 13.16879], [80.20521, 13.16919], [80.20626, 13.16917]]}}, {"type": "Feature", "properties": {"drain_type": "Side Drain", "material": "Concrete", "status": "Bad", "ward": "N022", "zone": "N03", "source": "Greater Chennai Corporation", "year": "2024", "shedId": "KOSAS"}, "geometry": {"type": "LineString", "coordinates": [[80.19462, 13.17096], [80.19457, 13.17011]]}}, {"type": "Feature", "properties": {"drain_type": "Side Drain", "material": "Concrete", "status": "Good", "ward": "N022", "zone": "N03", "source": "Greater Chennai Corporation", "year": "2024", "shedId": "KOSAS"}, "geometry": {"type": "LineString", "coordinates": [[80.19485, 13.17097], [80.19399, 13.17107]]}}, {"type": "Feature", "properties": {"drain_type": "Side Drain", "material": "Concrete", "status": "Good", "ward": "N022", "zone": "N03", "source": "Greater Chennai Corporation", "year": "2024", "shedId": "KOSAS"}, "geometry": {"type": "LineString", "coordinates": [[80.1985, 13.17121], [80.19812, 13.16978]]}}, {"type": "Feature", "properties": {"drain_type": "Side Drain", "material": "Concrete", "status": "Good", "ward": "N022", "zone": "N03", "source": "Greater Chennai Corporation", "year": "2024", "shedId": "KOSAS"}, "geometry": {"type": "LineString", "coordinates": [[80.19812, 13.16978], [80.19783, 13.16985]]}}, {"type": "Feature", "properties": {"drain_type": "SWD", "material": "Concrete", "status": "Good", "ward": "N022", "zone": "N03", "source": "Greater Chennai Corporation", "year": "2024", "shedId": "KOSAS"}, "geometry": {"type": "LineString", "coordinates": [[80.20456, 13.16998], [80.2052, 13.16978], [80.20541, 13.17035]]}}, {"type": "Feature", "properties": {"drain_type": "Side Drain", "material": "Concrete", "status": "Good", "ward": "N022", "zone": "N03", "source": "Greater Chennai Corporation", "year": "2024", "shedId": "KOSAS"}, "geometry": {"type": "LineString", "coordinates": [[80.19399, 13.17107], [80.19421, 13.17217]]}}, {"type": "Feature", "properties": {"drain_type": "Side Drain", "material": "Concrete", "status": "Good", "ward": "N025", "zone": "N03", "source": "Greater Chennai Corporation", "year": "2024", "shedId": "KOSAS"}, "geometry": {"type": "LineString", "coordinates": [[80.19469, 13.14185], [80.1962, 13.14283], [80.19856, 13.14501], [80.1995, 13.14566], [80.2074, 13.14861], [80.20848, 13.14953], [80.20901, 13.15039], [80.20937, 13.15154], [80.20904, 13.15245]]}}, {"type": "Feature", "properties": {"drain_type": "Side Drain", "material": "Concrete", "status": "Good", "ward": "N025", "zone": "N03", "source": "Greater Chennai Corporation", "year": "2024", "shedId": "KOSAS"}, "geometry": {"type": "LineString", "coordinates": [[80.19507, 13.14163], [80.19683, 13.14287], [80.19898, 13.14488], [80.19999, 13.1455], [80.20799, 13.14839], [80.20901, 13.14934], [80.20989, 13.15096], [80.21048, 13.15119]]}}, {"type": "Feature", "properties": {"drain_type": "SWD", "material": "Concrete", "status": "Good", "ward": "N025", "zone": "N03", "source": "Greater Chennai Corporation", "year": "2024", "shedId": "KOSAS"}, "geometry": {"type": "LineString", "coordinates": [[80.19914, 13.14333], [80.20337, 13.14541], [80.20352, 13.14647], [80.20397, 13.1465], [80.20394, 13.14659]]}}, {"type": "Feature", "properties": {"drain_type": "SWD", "material": "Concrete", "status": "Good", "ward": "N025", "zone": "N03", "source": "Greater Chennai Corporation", "year": "2024", "shedId": "KOSAS"}, "geometry": {"type": "LineString", "coordinates": [[80.19908, 13.14314], [80.20092, 13.14277]]}}, {"type": "Feature", "properties": {"drain_type": "SWD", "material": "Concrete", "status": "Good", "ward": "N025", "zone": "N03", "source": "Greater Chennai Corporation", "year": "2024", "shedId": "KOSAS"}, "geometry": {"type": "LineString", "coordinates": [[80.20092, 13.14277], [80.20087, 13.14239]]}}, {"type": "Feature", "properties": {"drain_type": "SWD", "material": "Concrete", "status": "Good", "ward": "N025", "zone": "N03", "source": "Greater Chennai Corporation", "year": "2024", "shedId": "KOSAS"}, "geometry": {"type": "LineString", "coordinates": [[80.20535, 13.14244], [80.20542, 13.14251], [80.20514, 13.14302]]}}, {"type": "Feature", "properties": {"drain_type": "SWD", "material": "Concrete", "status": "Good", "ward": "N025", "zone": "N03", "source": "Greater Chennai Corporation", "year": "2024", "shedId": "KOSAS"}, "geometry": {"type": "LineString", "coordinates": [[80.20596, 13.13969], [80.20555, 13.14055], [80.20565, 13.14193], [80.2048, 13.14333], [80.20449, 13.14506], [80.20397, 13.1466]]}}, {"type": "Feature", "properties": {"drain_type": "SWD", "material": "Concrete", "status": "Good", "ward": "N025", "zone": "N03", "source": "Greater Chennai Corporation", "year": "2024", "shedId": "KOSAS"}, "geometry": {"type": "LineString", "coordinates": [[80.20261, 13.14016], [80.20316, 13.14212]]}}, {"type": "Feature", "properties": {"drain_type": "Side Drain", "material": "Concrete", "status": "Good", "ward": "N025", "zone": "N03", "source": "Greater Chennai Corporation", "year": "2024", "shedId": "KOSAS"}, "geometry": {"type": "LineString", "coordinates": [[80.20253, 13.14024], [80.2028, 13.14107], [80.2029, 13.14143]]}}, {"type": "Feature", "properties": {"drain_type": "SWD", "material": "Concrete", "status": "Good", "ward": "N025", "zone": "N03", "source": "Greater Chennai Corporation", "year": "2024", "shedId": "KOSAS"}, "geometry": {"type": "LineString", "coordinates": [[80.203, 13.14706], [80.20198, 13.14674], [80.20077, 13.14694], [80.1995, 13.14755]]}}, {"type": "Feature", "properties": {"drain_type": "Side Drain", "material": "Concrete", "status": "Good", "ward": "N025", "zone": "N03", "source": "Greater Chennai Corporation", "year": "2024", "shedId": "KOSAS"}, "geometry": {"type": "LineString", "coordinates": [[80.1995, 13.14755], [80.20008, 13.1494], [80.20014, 13.14991]]}}, {"type": "Feature", "properties": {"drain_type": "Side Drain", "material": "Concrete", "status": "Good", "ward": "N025", "zone": "N03", "source": "Greater Chennai Corporation", "year": "2024", "shedId": "KOSAS"}, "geometry": {"type": "LineString", "coordinates": [[80.19995, 13.14902], [80.20377, 13.14858]]}}, {"type": "Feature", "properties": {"drain_type": "Side Drain", "material": "Concrete", "status": "Good", "ward": "N025", "zone": "N03", "source": "Greater Chennai Corporation", "year": "2024", "shedId": "KOSAS"}, "geometry": {"type": "LineString", "coordinates": [[80.20334, 13.14864], [80.20335, 13.14932]]}}, {"type": "Feature", "properties": {"drain_type": "SWD", "material": "Concrete", "status": "Good", "ward": "N025", "zone": "N03", "source": "Greater Chennai Corporation", "year": "2024", "shedId": "KOSAS"}, "geometry": {"type": "LineString", "coordinates": [[80.20008, 13.14941], [80.20079, 13.14935]]}}, {"type": "Feature", "properties": {"drain_type": "Side Drain", "material": "Concrete", "status": "Good", "ward": "N025", "zone": "N03", "source": "Greater Chennai Corporation", "year": "2024", "shedId": "KOSAS"}, "geometry": {"type": "LineString", "coordinates": [[80.20705, 13.14847], [80.20715, 13.14893], [80.20807, 13.15028]]}}, {"type": "Feature", "properties": {"drain_type": "SWD", "material": "Concrete", "status": "Good", "ward": "N025", "zone": "N03", "source": "Greater Chennai Corporation", "year": "2024", "shedId": "KOSAS"}, "geometry": {"type": "LineString", "coordinates": [[80.20087, 13.14239], [80.2032, 13.14213], [80.20464, 13.1417]]}}, {"type": "Feature", "properties": {"drain_type": "SWD", "material": "Concrete", "status": "Good", "ward": "N025", "zone": "N03", "source": "Greater Chennai Corporation", "year": "2024", "shedId": "KOSAS"}, "geometry": {"type": "LineString", "coordinates": [[80.20464, 13.1417], [80.20535, 13.14244]]}}, {"type": "Feature", "properties": {"drain_type": "Side Drain", "material": "Concrete", "status": "Good", "ward": "N025", "zone": "N03", "source": "Greater Chennai Corporation", "year": "2024", "shedId": "KOSAS"}, "geometry": {"type": "LineString", "coordinates": [[80.20351, 13.14239], [80.20327, 13.14241], [80.20315, 13.14207]]}}, {"type": "Feature", "properties": {"drain_type": "SWD", "material": "Concrete", "status": "Good", "ward": "N025", "zone": "N03", "source": "Greater Chennai Corporation", "year": "2024", "shedId": "KOSAS"}, "geometry": {"type": "LineString", "coordinates": [[80.19876, 13.14099], [80.1988, 13.14184], [80.19914, 13.14333]]}}, {"type": "Feature", "properties": {"drain_type": "Side Drain", "material": "Concrete", "status": "Good", "ward": "N028", "zone": "N03", "source": "Greater Chennai Corporation", "year": "2024", "shedId": "KOSAS"}, "geometry": {"type": "LineString", "coordinates": [[80.23908, 13.14352], [80.2422, 13.15099], [80.24285, 13.15233], [80.24334, 13.1528], [80.24342, 13.15338], [80.24409, 13.15489], [80.24417, 13.15577], [80.24619, 13.15587]]}}, {"type": "Feature", "properties": {"drain_type": "Side Drain", "material": "Concrete", "status": "Good", "ward": "N028", "zone": "N03", "source": "Greater Chennai Corporation", "year": "2024", "shedId": "KOSAS"}, "geometry": {"type": "LineString", "coordinates": [[80.23995, 13.14567], [80.24272, 13.1453], [80.24307, 13.14552], [80.24336, 13.14778], [80.24333, 13.14892], [80.24378, 13.15142]]}}, {"type": "Feature", "properties": {"drain_type": "SWD", "material": "Concrete", "status": "Good", "ward": "N028", "zone": "N03", "source": "Greater Chennai Corporation", "year": "2024", "shedId": "KOSAS"}, "geometry": {"type": "LineString", "coordinates": [[80.25178, 13.1639], [80.25216, 13.16382], [80.25309, 13.16534]]}}, {"type": "Feature", "properties": {"drain_type": "SWD", "material": "Concrete", "status": "Good", "ward": "N029", "zone": "N03", "source": "Greater Chennai Corporation", "year": "2024", "shedId": "KOSAS"}, "geometry": {"type": "LineString", "coordinates": [[80.26048, 13.15621], [80.26036, 13.15622], [80.26041, 13.15649], [80.26016, 13.15658]]}}, {"type": "Feature", "properties": {"drain_type": "SWD", "material": "Concrete", "status": "Good", "ward": "N029", "zone": "N03", "source": "Greater Chennai Corporation", "year": "2024", "shedId": "KOSAS"}, "geometry": {"type": "LineString", "coordinates": [[80.25795, 13.157], [80.25841, 13.15674], [80.2601, 13.15656]]}}, {"type": "Feature", "properties": {"drain_type": "Side Drain", "material": "NA", "status": "Good", "ward": "N029", "zone": "N03", "source": "Greater Chennai Corporation", "year": "2024", "shedId": "KOSAS"}, "geometry": {"type": "LineString", "coordinates": [[80.25966, 13.15657], [80.25983, 13.15814]]}}, {"type": "Feature", "properties": {"drain_type": "Side Drain", "material": "NA", "status": "Good", "ward": "N029", "zone": "N03", "source": "Greater Chennai Corporation", "year": "2024", "shedId": "KOSAS"}, "geometry": {"type": "LineString", "coordinates": [[80.25933, 13.1566], [80.25931, 13.15757], [80.25951, 13.15822]]}}, {"type": "Feature", "properties": {"drain_type": "SWD", "material": "Concrete", "status": "Good", "ward": "N029", "zone": "N03", "source": "Greater Chennai Corporation", "year": "2024", "shedId": "KOSAS"}, "geometry": {"type": "LineString", "coordinates": [[80.2601, 13.15656], [80.26035, 13.15743], [80.26047, 13.16037]]}}, {"type": "Feature", "properties": {"drain_type": "SWD", "material": "Concrete", "status": "Good", "ward": "N029", "zone": "N03", "source": "Greater Chennai Corporation", "year": "2024", "shedId": "KOSAS"}, "geometry": {"type": "LineString", "coordinates": [[80.26048, 13.15914], [80.26112, 13.15915]]}}, {"type": "Feature", "properties": {"drain_type": "SWD", "material": "Concrete", "status": "Good", "ward": "N029", "zone": "N03", "source": "Greater Chennai Corporation", "year": "2024", "shedId": "KOSAS"}, "geometry": {"type": "LineString", "coordinates": [[80.26046, 13.15869], [80.26104, 13.15872]]}}, {"type": "Feature", "properties": {"drain_type": "Side Drain", "material": "NA", "status": "Good", "ward": "N029", "zone": "N03", "source": "Greater Chennai Corporation", "year": "2024", "shedId": "KOSAS"}, "geometry": {"type": "LineString", "coordinates": [[80.26104, 13.15872], [80.26109, 13.15811]]}}, {"type": "Feature", "properties": {"drain_type": "SWD", "material": "Concrete", "status": "Good", "ward": "N029", "zone": "N03", "source": "Greater Chennai Corporation", "year": "2024", "shedId": "KOSAS"}, "geometry": {"type": "LineString", "coordinates": [[80.26078, 13.15871], [80.26078, 13.15915]]}}, {"type": "Feature", "properties": {"drain_type": "Side Drain", "material": "NA", "status": "Good", "ward": "N029", "zone": "N03", "source": "Greater Chennai Corporation", "year": "2024", "shedId": "KOSAS"}, "geometry": {"type": "LineString", "coordinates": [[80.2608, 13.15915], [80.26089, 13.16037]]}}, {"type": "Feature", "properties": {"drain_type": "Side Drain", "material": "NA", "status": "Good", "ward": "N029", "zone": "N03", "source": "Greater Chennai Corporation", "year": "2024", "shedId": "KOSAS"}, "geometry": {"type": "LineString", "coordinates": [[80.26052, 13.15989], [80.26084, 13.15987]]}}, {"type": "Feature", "properties": {"drain_type": "Side Drain", "material": "NA", "status": "Good", "ward": "N029", "zone": "N03", "source": "Greater Chennai Corporation", "year": "2024", "shedId": "KOSAS"}, "geometry": {"type": "LineString", "coordinates": [[80.25998, 13.15754], [80.26035, 13.15748]]}}, {"type": "Feature", "properties": {"drain_type": "Side Drain", "material": "NA", "status": "Good", "ward": "N029", "zone": "N03", "source": "Greater Chennai Corporation", "year": "2024", "shedId": "KOSAS"}, "geometry": {"type": "LineString", "coordinates": [[80.25795, 13.157], [80.25873, 13.15777], [80.25934, 13.15875]]}}, {"type": "Feature", "properties": {"drain_type": "SWD", "material": "Concrete", "status": "Good", "ward": "N029", "zone": "N03", "source": "Greater Chennai Corporation", "year": "2024", "shedId": "KOSAS"}, "geometry": {"type": "LineString", "coordinates": [[80.25878, 13.15892], [80.25954, 13.15869]]}}, {"type": "Feature", "properties": {"drain_type": "SWD", "material": "Concrete", "status": "Good", "ward": "N029", "zone": "N03", "source": "Greater Chennai Corporation", "year": "2024", "shedId": "KOSAS"}, "geometry": {"type": "LineString", "coordinates": [[80.25944, 13.15825], [80.25972, 13.16038]]}}, {"type": "Feature", "properties": {"drain_type": "SWD", "material": "Concrete", "status": "Good", "ward": "N029", "zone": "N03", "source": "Greater Chennai Corporation", "year": "2024", "shedId": "KOSAS"}, "geometry": {"type": "LineString", "coordinates": [[80.25962, 13.15941], [80.26043, 13.1594]]}}, {"type": "Feature", "properties": {"drain_type": "Side Drain", "material": "NA", "status": "Bad", "ward": "N029", "zone": "N03", "source": "Greater Chennai Corporation", "year": "2024", "shedId": "KOSAS"}, "geometry": {"type": "LineString", "coordinates": [[80.2582, 13.15882], [80.25917, 13.15839]]}}, {"type": "Feature", "properties": {"drain_type": "Side Drain", "material": "NA", "status": "Good", "ward": "N029", "zone": "N03", "source": "Greater Chennai Corporation", "year": "2024", "shedId": "KOSAS"}, "geometry": {"type": "LineString", "coordinates": [[80.25866, 13.15813], [80.25892, 13.158]]}}, {"type": "Feature", "properties": {"drain_type": "Side Drain", "material": "NA", "status": "Good", "ward": "N029", "zone": "N03", "source": "Greater Chennai Corporation", "year": "2024", "shedId": "KOSAS"}, "geometry": {"type": "LineString", "coordinates": [[80.25831, 13.1579], [80.2587, 13.15779], [80.25873, 13.15777]]}}, {"type": "Feature", "properties": {"drain_type": "Side Drain", "material": "NA", "status": "Good", "ward": "N029", "zone": "N03", "source": "Greater Chennai Corporation", "year": "2024", "shedId": "KOSAS"}, "geometry": {"type": "LineString", "coordinates": [[80.25891, 13.15929], [80.25963, 13.15908]]}}, {"type": "Feature", "properties": {"drain_type": "Side Drain", "material": "NA", "status": "Good", "ward": "N029", "zone": "N03", "source": "Greater Chennai Corporation", "year": "2024", "shedId": "KOSAS"}, "geometry": {"type": "LineString", "coordinates": [[80.25901, 13.15941], [80.25963, 13.15927]]}}, {"type": "Feature", "properties": {"drain_type": "Side Drain", "material": "NA", "status": "Good", "ward": "N029", "zone": "N03", "source": "Greater Chennai Corporation", "year": "2024", "shedId": "KOSAS"}, "geometry": {"type": "LineString", "coordinates": [[80.25903, 13.15956], [80.25961, 13.15945]]}}, {"type": "Feature", "properties": {"drain_type": "SWD", "material": "Concrete", "status": "Good", "ward": "N029", "zone": "N03", "source": "Greater Chennai Corporation", "year": "2024", "shedId": "KOSAS"}, "geometry": {"type": "LineString", "coordinates": [[80.25835, 13.16005], [80.25964, 13.1597]]}}, {"type": "Feature", "properties": {"drain_type": "SWD", "material": "Concrete", "status": "Good", "ward": "N029", "zone": "N03", "source": "Greater Chennai Corporation", "year": "2024", "shedId": "KOSAS"}, "geometry": {"type": "LineString", "coordinates": [[80.25838, 13.1602], [80.25896, 13.16008], [80.25968, 13.16007]]}}, {"type": "Feature", "properties": {"drain_type": "Side Drain", "material": "NA", "status": "Good", "ward": "N029", "zone": "N03", "source": "Greater Chennai Corporation", "year": "2024", "shedId": "KOSAS"}, "geometry": {"type": "LineString", "coordinates": [[80.26036, 13.15815], [80.25993, 13.15813], [80.25951, 13.15821]]}}, {"type": "Feature", "properties": {"drain_type": "Side Drain", "material": "NA", "status": "Good", "ward": "N029", "zone": "N03", "source": "Greater Chennai Corporation", "year": "2024", "shedId": "KOSAS"}, "geometry": {"type": "LineString", "coordinates": [[80.25781, 13.16008], [80.25793, 13.16067]]}}, {"type": "Feature", "properties": {"drain_type": "SWD", "material": "Concrete", "status": "Good", "ward": "N029", "zone": "N03", "source": "Greater Chennai Corporation", "year": "2024", "shedId": "KOSAS"}, "geometry": {"type": "LineString", "coordinates": [[80.25746, 13.16073], [80.25954, 13.16046], [80.26044, 13.16043]]}}, {"type": "Feature", "properties": {"drain_type": "SWD", "material": "Concrete", "status": "Good", "ward": "N029", "zone": "N03", "source": "Greater Chennai Corporation", "year": "2024", "shedId": "KOSAS"}, "geometry": {"type": "LineString", "coordinates": [[80.26047, 13.16037], [80.2615, 13.16033]]}}, {"type": "Feature", "properties": {"drain_type": "SWD", "material": "Concrete", "status": "Good", "ward": "N029", "zone": "N03", "source": "Greater Chennai Corporation", "year": "2024", "shedId": "KOSAS"}, "geometry": {"type": "LineString", "coordinates": [[80.2615, 13.16033], [80.2619, 13.16245]]}}, {"type": "Feature", "properties": {"drain_type": "SWD", "material": "Concrete", "status": "Good", "ward": "N029", "zone": "N03", "source": "Greater Chennai Corporation", "year": "2024", "shedId": "KOSAS"}, "geometry": {"type": "LineString", "coordinates": [[80.26169, 13.1614], [80.2621, 13.1613]]}}, {"type": "Feature", "properties": {"drain_type": "SWD", "material": "Concrete", "status": "Good", "ward": "N029", "zone": "N03", "source": "Greater Chennai Corporation", "year": "2024", "shedId": "KOSAS"}, "geometry": {"type": "LineString", "coordinates": [[80.26196, 13.16071], [80.26156, 13.16072], [80.26155, 13.16072]]}}, {"type": "Feature", "properties": {"drain_type": "Side Drain", "material": "NA", "status": "Good", "ward": "N029", "zone": "N03", "source": "Greater Chennai Corporation", "year": "2024", "shedId": "KOSAS"}, "geometry": {"type": "LineString", "coordinates": [[80.25694, 13.16149], [80.25725, 13.16276], [80.25744, 13.16284]]}}, {"type": "Feature", "properties": {"drain_type": "SWD", "material": "Concrete", "status": "Good", "ward": "N029", "zone": "N03", "source": "Greater Chennai Corporation", "year": "2024", "shedId": "KOSAS"}, "geometry": {"type": "LineString", "coordinates": [[80.25728, 13.1629], [80.25886, 13.16281], [80.25938, 13.16285]]}}, {"type": "Feature", "properties": {"drain_type": "SWD", "material": "Concrete", "status": "Good", "ward": "N029", "zone": "N03", "source": "Greater Chennai Corporation", "year": "2024", "shedId": "KOSAS"}, "geometry": {"type": "LineString", "coordinates": [[80.25747, 13.16288], [80.25747, 13.16289], [80.2575, 13.16325]]}}, {"type": "Feature", "properties": {"drain_type": "Side Drain", "material": "NA", "status": "Good", "ward": "N029", "zone": "N03", "source": "Greater Chennai Corporation", "year": "2024", "shedId": "KOSAS"}, "geometry": {"type": "LineString", "coordinates": [[80.25809, 13.16283], [80.25798, 13.16226], [80.25813, 13.16224]]}}, {"type": "Feature", "properties": {"drain_type": "SWD", "material": "Concrete", "status": "Good", "ward": "N029", "zone": "N03", "source": "Greater Chennai Corporation", "year": "2024", "shedId": "KOSAS"}, "geometry": {"type": "LineString", "coordinates": [[80.25703, 13.16191], [80.25849, 13.16164]]}}, {"type": "Feature", "properties": {"drain_type": "Side Drain", "material": "NA", "status": "Good", "ward": "N029", "zone": "N03", "source": "Greater Chennai Corporation", "year": "2024", "shedId": "KOSAS"}, "geometry": {"type": "LineString", "coordinates": [[80.25856, 13.16145], [80.25903, 13.16142]]}}, {"type": "Feature", "properties": {"drain_type": "SWD", "material": "Concrete", "status": "Good", "ward": "N029", "zone": "N03", "source": "Greater Chennai Corporation", "year": "2024", "shedId": "KOSAS"}, "geometry": {"type": "LineString", "coordinates": [[80.25744, 13.16126], [80.25845, 13.16114]]}}, {"type": "Feature", "properties": {"drain_type": "Side Drain", "material": "NA", "status": "Good", "ward": "N029", "zone": "N03", "source": "Greater Chennai Corporation", "year": "2024", "shedId": "KOSAS"}, "geometry": {"type": "LineString", "coordinates": [[80.25927, 13.16122], [80.26008, 13.16118]]}}, {"type": "Feature", "properties": {"drain_type": "SWD", "material": "Concrete", "status": "Good", "ward": "N029", "zone": "N03", "source": "Greater Chennai Corporation", "year": "2024", "shedId": "KOSAS"}, "geometry": {"type": "LineString", "coordinates": [[80.26041, 13.16042], [80.26023, 13.16205], [80.26066, 13.16282]]}}, {"type": "Feature", "properties": {"drain_type": "Side Drain", "material": "NA", "status": "Good", "ward": "N029", "zone": "N03", "source": "Greater Chennai Corporation", "year": "2024", "shedId": "KOSAS"}, "geometry": {"type": "LineString", "coordinates": [[80.26032, 13.16153], [80.26063, 13.16153], [80.26066, 13.16164]]}}, {"type": "Feature", "properties": {"drain_type": "SWD", "material": "Concrete", "status": "Good", "ward": "N029", "zone": "N03", "source": "Greater Chennai Corporation", "year": "2024", "shedId": "KOSAS"}, "geometry": {"type": "LineString", "coordinates": [[80.26035, 13.16067], [80.2593, 13.16335]]}}, {"type": "Feature", "properties": {"drain_type": "Side Drain", "material": "NA", "status": "Good", "ward": "N029", "zone": "N03", "source": "Greater Chennai Corporation", "year": "2024", "shedId": "KOSAS"}, "geometry": {"type": "LineString", "coordinates": [[80.26029, 13.16219], [80.26069, 13.16205]]}}, {"type": "Feature", "properties": {"drain_type": "SWD", "material": "Concrete", "status": "Good", "ward": "N029", "zone": "N03", "source": "Greater Chennai Corporation", "year": "2024", "shedId": "KOSAS"}, "geometry": {"type": "LineString", "coordinates": [[80.26044, 13.16239], [80.26128, 13.16216]]}}, {"type": "Feature", "properties": {"drain_type": "SWD", "material": "Concrete", "status": "Good", "ward": "N029", "zone": "N03", "source": "Greater Chennai Corporation", "year": "2024", "shedId": "KOSAS"}, "geometry": {"type": "LineString", "coordinates": [[80.26127, 13.16216], [80.26133, 13.16234], [80.26187, 13.16224]]}}, {"type": "Feature", "properties": {"drain_type": "SWD", "material": "Concrete", "status": "Good", "ward": "N030", "zone": "N03", "source": "Greater Chennai Corporation", "year": "2024", "shedId": "KOSAS"}, "geometry": {"type": "LineString", "coordinates": [[80.22699, 13.15123], [80.22857, 13.15111]]}}, {"type": "Feature", "properties": {"drain_type": "SWD", "material": "Concrete", "status": "Good", "ward": "N030", "zone": "N03", "source": "Greater Chennai Corporation", "year": "2024", "shedId": "KOSAS"}, "geometry": {"type": "LineString", "coordinates": [[80.22848, 13.15129], [80.22946, 13.14938], [80.23054, 13.14867], [80.23264, 13.1447]]}}, {"type": "Feature", "properties": {"drain_type": "SWD", "material": "Concrete", "status": "Good", "ward": "N030", "zone": "N03", "source": "Greater Chennai Corporation", "year": "2024", "shedId": "KOSAS"}, "geometry": {"type": "LineString", "coordinates": [[80.23271, 13.14477], [80.23249, 13.14464], [80.23189, 13.14479], [80.23161, 13.14401]]}}, {"type": "Feature", "properties": {"drain_type": "SWD", "material": "Concrete", "status": "Good", "ward": "N030", "zone": "N03", "source": "Greater Chennai Corporation", "year": "2024", "shedId": "KOSAS"}, "geometry": {"type": "LineString", "coordinates": [[80.2327, 13.14476], [80.23406, 13.1435], [80.23629, 13.14266]]}}, {"type": "Feature", "properties": {"drain_type": "SWD", "material": "Concrete", "status": "Good", "ward": "N030", "zone": "N03", "source": "Greater Chennai Corporation", "year": "2024", "shedId": "KOSAS"}, "geometry": {"type": "LineString", "coordinates": [[80.23566, 13.14223], [80.23584, 13.14285]]}}, {"type": "Feature", "properties": {"drain_type": "Side Drain", "material": "Concrete", "status": "Good", "ward": "N030", "zone": "N03", "source": "Greater Chennai Corporation", "year": "2024", "shedId": "KOSAS"}, "geometry": {"type": "LineString", "coordinates": [[80.23382, 13.14297], [80.23404, 13.14351]]}}, {"type": "Feature", "properties": {"drain_type": "Side Drain", "material": "Concrete", "status": "Good", "ward": "N030", "zone": "N03", "source": "Greater Chennai Corporation", "year": "2024", "shedId": "KOSAS"}, "geometry": {"type": "LineString", "coordinates": [[80.23271, 13.14349], [80.23299, 13.14438]]}}, {"type": "Feature", "properties": {"drain_type": "SWD", "material": "Concrete", "status": "Good", "ward": "N030", "zone": "N03", "source": "Greater Chennai Corporation", "year": "2024", "shedId": "KOSAS"}, "geometry": {"type": "LineString", "coordinates": [[80.22877, 13.14922], [80.22943, 13.14916], [80.22949, 13.14934]]}}, {"type": "Feature", "properties": {"drain_type": "Side Drain", "material": "Concrete", "status": "Good", "ward": "N030", "zone": "N03", "source": "Greater Chennai Corporation", "year": "2024", "shedId": "KOSAS"}, "geometry": {"type": "LineString", "coordinates": [[80.23054, 13.14868], [80.23218, 13.14837], [80.23313, 13.14838], [80.23336, 13.14855], [80.23393, 13.14847]]}}, {"type": "Feature", "properties": {"drain_type": "Side Drain", "material": "Concrete", "status": "Good", "ward": "N030", "zone": "N03", "source": "Greater Chennai Corporation", "year": "2024", "shedId": "KOSAS"}, "geometry": {"type": "LineString", "coordinates": [[80.23119, 13.14854], [80.23133, 13.15067], [80.23124, 13.1514]]}}, {"type": "Feature", "properties": {"drain_type": "Side Drain", "material": "Concrete", "status": "Good", "ward": "N030", "zone": "N03", "source": "Greater Chennai Corporation", "year": "2024", "shedId": "KOSAS"}, "geometry": {"type": "LineString", "coordinates": [[80.23251, 13.15028], [80.23246, 13.14902], [80.23251, 13.14838]]}}, {"type": "Feature", "properties": {"drain_type": "Side Drain", "material": "Concrete", "status": "Good", "ward": "N030", "zone": "N03", "source": "Greater Chennai Corporation", "year": "2024", "shedId": "KOSAS"}, "geometry": {"type": "LineString", "coordinates": [[80.23258, 13.14842], [80.23262, 13.14843], [80.23265, 13.14838]]}}, {"type": "Feature", "properties": {"drain_type": "Side Drain", "material": "Concrete", "status": "Good", "ward": "N030", "zone": "N03", "source": "Greater Chennai Corporation", "year": "2024", "shedId": "KOSAS"}, "geometry": {"type": "LineString", "coordinates": [[80.23261, 13.14838], [80.23268, 13.1476], [80.23258, 13.14692]]}}, {"type": "Feature", "properties": {"drain_type": "Side Drain", "material": "Concrete", "status": "Good", "ward": "N030", "zone": "N03", "source": "Greater Chennai Corporation", "year": "2024", "shedId": "KOSAS"}, "geometry": {"type": "LineString", "coordinates": [[80.23253, 13.14692], [80.23242, 13.14557]]}}, {"type": "Feature", "properties": {"drain_type": "Side Drain", "material": "Concrete", "status": "Good", "ward": "N030", "zone": "N03", "source": "Greater Chennai Corporation", "year": "2024", "shedId": "KOSAS"}, "geometry": {"type": "LineString", "coordinates": [[80.23261, 13.14704], [80.23313, 13.14702], [80.23437, 13.14675]]}}, {"type": "Feature", "properties": {"drain_type": "Side Drain", "material": "Concrete", "status": "Good", "ward": "N030", "zone": "N03", "source": "Greater Chennai Corporation", "year": "2024", "shedId": "KOSAS"}, "geometry": {"type": "LineString", "coordinates": [[80.23435, 13.1477], [80.23431, 13.14747], [80.23414, 13.14741], [80.23302, 13.14762]]}}, {"type": "Feature", "properties": {"drain_type": "Side Drain", "material": "Concrete", "status": "Good", "ward": "N030", "zone": "N03", "source": "Greater Chennai Corporation", "year": "2024", "shedId": "KOSAS"}, "geometry": {"type": "LineString", "coordinates": [[80.23302, 13.14762], [80.23322, 13.14841]]}}, {"type": "Feature", "properties": {"drain_type": "SWD", "material": "Concrete", "status": "Good", "ward": "N030", "zone": "N03", "source": "Greater Chennai Corporation", "year": "2024", "shedId": "KOSAS"}, "geometry": {"type": "LineString", "coordinates": [[80.23533, 13.14312], [80.23631, 13.14274]]}}, {"type": "Feature", "properties": {"drain_type": "Side Drain", "material": "Concrete", "status": "Good", "ward": "N030", "zone": "N03", "source": "Greater Chennai Corporation", "year": "2024", "shedId": "KOSAS"}, "geometry": {"type": "LineString", "coordinates": [[80.23573, 13.14465], [80.23589, 13.14465], [80.23614, 13.14635], [80.23672, 13.14893], [80.23683, 13.14892]]}}, {"type": "Feature", "properties": {"drain_type": "Side Drain", "material": "Concrete", "status": "Good", "ward": "N030", "zone": "N03", "source": "Greater Chennai Corporation", "year": "2024", "shedId": "KOSAS"}, "geometry": {"type": "LineString", "coordinates": [[80.23712, 13.1503], [80.23701, 13.1489]]}}, {"type": "Feature", "properties": {"drain_type": "Side Drain", "material": "Concrete", "status": "Good", "ward": "N030", "zone": "N03", "source": "Greater Chennai Corporation", "year": "2024", "shedId": "KOSAS"}, "geometry": {"type": "LineString", "coordinates": [[80.23676, 13.15005], [80.23709, 13.15001]]}}, {"type": "Feature", "properties": {"drain_type": "Side Drain", "material": "Concrete", "status": "Good", "ward": "N030", "zone": "N03", "source": "Greater Chennai Corporation", "year": "2024", "shedId": "KOSAS"}, "geometry": {"type": "LineString", "coordinates": [[80.23387, 13.15031], [80.23404, 13.14781], [80.23485, 13.14751]]}}, {"type": "Feature", "properties": {"drain_type": "Side Drain", "material": "Concrete", "status": "Good", "ward": "N030", "zone": "N03", "source": "Greater Chennai Corporation", "year": "2024", "shedId": "KOSAS"}, "geometry": {"type": "LineString", "coordinates": [[80.23704, 13.14934], [80.23767, 13.14926]]}}, {"type": "Feature", "properties": {"drain_type": "Side Drain", "material": "Concrete", "status": "Good", "ward": "N030", "zone": "N03", "source": "Greater Chennai Corporation", "year": "2024", "shedId": "KOSAS"}, "geometry": {"type": "LineString", "coordinates": [[80.23767, 13.14926], [80.23777, 13.14991]]}}, {"type": "Feature", "properties": {"drain_type": "Side Drain", "material": "Concrete", "status": "Good", "ward": "N031", "zone": "N03", "source": "Greater Chennai Corporation", "year": "2024", "shedId": "KOSAS"}, "geometry": {"type": "LineString", "coordinates": [[80.23205, 13.1386], [80.23205, 13.13808], [80.23167, 13.13777], [80.23155, 13.13633]]}}, {"type": "Feature", "properties": {"drain_type": "SWD", "material": "Concrete", "status": "Good", "ward": "N031", "zone": "N03", "source": "Greater Chennai Corporation", "year": "2024", "shedId": "KOSAS"}, "geometry": {"type": "LineString", "coordinates": [[80.23348, 13.13494], [80.23356, 13.13612], [80.23353, 13.13685]]}}, {"type": "Feature", "properties": {"drain_type": "Side Drain", "material": "Concrete", "status": "Good", "ward": "N031", "zone": "N03", "source": "Greater Chennai Corporation", "year": "2024", "shedId": "KOSAS"}, "geometry": {"type": "LineString", "coordinates": [[80.23302, 13.13655], [80.23349, 13.1365], [80.23354, 13.13649]]}}, {"type": "Feature", "properties": {"drain_type": "Side Drain", "material": "Concrete", "status": "Good", "ward": "N031", "zone": "N03", "source": "Greater Chennai Corporation", "year": "2024", "shedId": "KOSAS"}, "geometry": {"type": "LineString", "coordinates": [[80.23253, 13.14276], [80.23271, 13.14349]]}}, {"type": "Feature", "properties": {"drain_type": "SWD", "material": "Concrete", "status": "Good", "ward": "N031", "zone": "N03", "source": "Greater Chennai Corporation", "year": "2024", "shedId": "KOSAS"}, "geometry": {"type": "LineString", "coordinates": [[80.2368, 13.13544], [80.2382, 13.13593]]}}, {"type": "Feature", "properties": {"drain_type": "Side Drain", "material": "Concrete", "status": "Good", "ward": "N031", "zone": "N03", "source": "Greater Chennai Corporation", "year": "2024", "shedId": "KOSAS"}, "geometry": {"type": "LineString", "coordinates": [[80.2335, 13.13915], [80.23523, 13.13903], [80.23756, 13.13873]]}}, {"type": "Feature", "properties": {"drain_type": "SWD", "material": "Concrete", "status": "Good", "ward": "N031", "zone": "N03", "source": "Greater Chennai Corporation", "year": "2024", "shedId": "KOSAS"}, "geometry": {"type": "LineString", "coordinates": [[80.23473, 13.14219], [80.23407, 13.1392]]}}, {"type": "Feature", "properties": {"drain_type": "SWD", "material": "Concrete", "status": "Good", "ward": "N031", "zone": "N03", "source": "Greater Chennai Corporation", "year": "2024", "shedId": "KOSAS"}, "geometry": {"type": "LineString", "coordinates": [[80.23631, 13.14274], [80.23677, 13.14236]]}}, {"type": "Feature", "properties": {"drain_type": "Side Drain", "material": "Concrete", "status": "Good", "ward": "N031", "zone": "N03", "source": "Greater Chennai Corporation", "year": "2024", "shedId": "KOSAS"}, "geometry": {"type": "LineString", "coordinates": [[80.23865, 13.14318], [80.2387, 13.14344]]}}, {"type": "Feature", "properties": {"drain_type": "Side Drain", "material": "Concrete", "status": "Good", "ward": "N031", "zone": "N03", "source": "Greater Chennai Corporation", "year": "2024", "shedId": "KOSAS"}, "geometry": {"type": "LineString", "coordinates": [[80.2387, 13.14344], [80.23938, 13.14336]]}}, {"type": "Feature", "properties": {"drain_type": "Side Drain", "material": "Concrete", "status": "Good", "ward": "N031", "zone": "N03", "source": "Greater Chennai Corporation", "year": "2024", "shedId": "KOSAS"}, "geometry": {"type": "LineString", "coordinates": [[80.23938, 13.14336], [80.23934, 13.14269]]}}, {"type": "Feature", "properties": {"drain_type": "Side Drain", "material": "Concrete", "status": "Good", "ward": "N031", "zone": "N03", "source": "Greater Chennai Corporation", "year": "2024", "shedId": "KOSAS"}, "geometry": {"type": "LineString", "coordinates": [[80.23768, 13.14267], [80.23931, 13.14264]]}}, {"type": "Feature", "properties": {"drain_type": "Side Drain", "material": "Concrete", "status": "Good", "ward": "N031", "zone": "N03", "source": "Greater Chennai Corporation", "year": "2024", "shedId": "KOSAS"}, "geometry": {"type": "LineString", "coordinates": [[80.23382, 13.14297], [80.23372, 13.1424]]}}, {"type": "Feature", "properties": {"drain_type": "Side Drain", "material": "Concrete", "status": "Good", "ward": "N031", "zone": "N03", "source": "Greater Chennai Corporation", "year": "2024", "shedId": "KOSAS"}, "geometry": {"type": "LineString", "coordinates": [[80.2335, 13.13915], [80.23348, 13.1408], [80.23398, 13.1423]]}}, {"type": "Feature", "properties": {"drain_type": "Side Drain", "material": "Concrete", "status": "Good", "ward": "N031", "zone": "N03", "source": "Greater Chennai Corporation", "year": "2024", "shedId": "KOSAS"}, "geometry": {"type": "LineString", "coordinates": [[80.23224, 13.14205], [80.23229, 13.14234], [80.23292, 13.14231]]}}, {"type": "Feature", "properties": {"drain_type": "Side Drain", "material": "Concrete", "status": "Good", "ward": "N031", "zone": "N03", "source": "Greater Chennai Corporation", "year": "2024", "shedId": "KOSAS"}, "geometry": {"type": "LineString", "coordinates": [[80.23346, 13.14199], [80.23351, 13.14238], [80.23353, 13.14242]]}}, {"type": "Feature", "properties": {"drain_type": "Side Drain", "material": "Concrete", "status": "Good", "ward": "N031", "zone": "N03", "source": "Greater Chennai Corporation", "year": "2024", "shedId": "KOSAS"}, "geometry": {"type": "LineString", "coordinates": [[80.23293, 13.14254], [80.23398, 13.1423]]}}, {"type": "Feature", "properties": {"drain_type": "Side Drain", "material": "Concrete", "status": "Good", "ward": "N031", "zone": "N03", "source": "Greater Chennai Corporation", "year": "2024", "shedId": "KOSAS"}, "geometry": {"type": "LineString", "coordinates": [[80.23282, 13.14066], [80.23345, 13.14053]]}}, {"type": "Feature", "properties": {"drain_type": "SWD", "material": "Concrete", "status": "Good", "ward": "N031", "zone": "N03", "source": "Greater Chennai Corporation", "year": "2024", "shedId": "KOSAS"}, "geometry": {"type": "LineString", "coordinates": [[80.24148, 13.12978], [80.24083, 13.13054], [80.24017, 13.13171], [80.2382, 13.13591], [80.23755, 13.13861], [80.23727, 13.14107], [80.23683, 13.14201], [80.23629, 13.14266]]}}, {"type": "Feature", "properties": {"drain_type": "Side Drain", "material": "Concrete", "status": "Good", "ward": "N031", "zone": "N03", "source": "Greater Chennai Corporation", "year": "2024", "shedId": "KOSAS"}, "geometry": {"type": "LineString", "coordinates": [[80.23341, 13.1399], [80.2327, 13.13998]]}}, {"type": "Feature", "properties": {"drain_type": "Side Drain", "material": "Concrete", "status": "Good", "ward": "N031", "zone": "N03", "source": "Greater Chennai Corporation", "year": "2024", "shedId": "KOSAS"}, "geometry": {"type": "LineString", "coordinates": [[80.2327, 13.13998], [80.23287, 13.14081], [80.23292, 13.14247]]}}, {"type": "Feature", "properties": {"drain_type": "SWD", "material": "Concrete", "status": "Good", "ward": "N031", "zone": "N03", "source": "Greater Chennai Corporation", "year": "2024", "shedId": "KOSAS"}, "geometry": {"type": "LineString", "coordinates": [[80.23473, 13.14219], [80.23559, 13.14198]]}}, {"type": "Feature", "properties": {"drain_type": "Side Drain", "material": "Concrete", "status": "Good", "ward": "N031", "zone": "N03", "source": "Greater Chennai Corporation", "year": "2024", "shedId": "KOSAS"}, "geometry": {"type": "LineString", "coordinates": [[80.23566, 13.13923], [80.2355, 13.14104], [80.23566, 13.14223]]}}, {"type": "Feature", "properties": {"drain_type": "Side Drain", "material": "Concrete", "status": "Good", "ward": "N031", "zone": "N03", "source": "Greater Chennai Corporation", "year": "2024", "shedId": "KOSAS"}, "geometry": {"type": "LineString", "coordinates": [[80.23677, 13.14236], [80.2371, 13.14355], [80.2391, 13.14355]]}}, {"type": "Feature", "properties": {"drain_type": "Side Drain", "material": "Concrete", "status": "Good", "ward": "N031", "zone": "N03", "source": "Greater Chennai Corporation", "year": "2024", "shedId": "KOSAS"}, "geometry": {"type": "LineString", "coordinates": [[80.23393, 13.14193], [80.23421, 13.14188], [80.23435, 13.14259]]}}, {"type": "Feature", "properties": {"drain_type": "Side Drain", "material": "Concrete", "status": "Good", "ward": "N033", "zone": "N04", "source": "Greater Chennai Corporation", "year": "2024", "shedId": "KOSAS"}, "geometry": {"type": "LineString", "coordinates": [[80.22495, 13.12648], [80.22547, 13.12651]]}}, {"type": "Feature", "properties": {"drain_type": "Side Drain", "material": "Concrete", "status": "Good", "ward": "N033", "zone": "N04", "source": "Greater Chennai Corporation", "year": "2024", "shedId": "KOSAS"}, "geometry": {"type": "LineString", "coordinates": [[80.22549, 13.1263], [80.22539, 13.12811]]}}, {"type": "Feature", "properties": {"drain_type": "Side Drain", "material": "Concrete", "status": "Good", "ward": "N033", "zone": "N04", "source": "Greater Chennai Corporation", "year": "2024", "shedId": "KOSAS"}, "geometry": {"type": "LineString", "coordinates": [[80.22511, 13.12694], [80.22544, 13.12697], [80.22545, 13.12697]]}}, {"type": "Feature", "properties": {"drain_type": "Side Drain", "material": "Concrete", "status": "Good", "ward": "N033", "zone": "N04", "source": "Greater Chennai Corporation", "year": "2024", "shedId": "KOSAS"}, "geometry": {"type": "LineString", "coordinates": [[80.22512, 13.1273], [80.22542, 13.12732], [80.22543, 13.12732]]}}, {"type": "Feature", "properties": {"drain_type": "Side Drain", "material": "Concrete", "status": "Good", "ward": "N033", "zone": "N04", "source": "Greater Chennai Corporation", "year": "2024", "shedId": "KOSAS"}, "geometry": {"type": "LineString", "coordinates": [[80.22482, 13.12805], [80.22546, 13.12811]]}}, {"type": "Feature", "properties": {"drain_type": "Side Drain", "material": "Concrete", "status": "Good", "ward": "N033", "zone": "N04", "source": "Greater Chennai Corporation", "year": "2024", "shedId": "KOSAS"}, "geometry": {"type": "LineString", "coordinates": [[80.22524, 13.12811], [80.22517, 13.12928]]}}, {"type": "Feature", "properties": {"drain_type": "Side Drain", "material": "Concrete", "status": "Good", "ward": "N033", "zone": "N04", "source": "Greater Chennai Corporation", "year": "2024", "shedId": "KOSAS"}, "geometry": {"type": "LineString", "coordinates": [[80.22517, 13.12895], [80.22677, 13.12894]]}}, {"type": "Feature", "properties": {"drain_type": "Side Drain", "material": "Concrete", "status": "Good", "ward": "N033", "zone": "N04", "source": "Greater Chennai Corporation", "year": "2024", "shedId": "KOSAS"}, "geometry": {"type": "LineString", "coordinates": [[80.22521, 13.12857], [80.22602, 13.12858]]}}, {"type": "Feature", "properties": {"drain_type": "Side Drain", "material": "Concrete", "status": "Good", "ward": "N033", "zone": "N04", "source": "Greater Chennai Corporation", "year": "2024", "shedId": "KOSAS"}, "geometry": {"type": "LineString", "coordinates": [[80.22545, 13.12811], [80.22554, 13.12627]]}}, {"type": "Feature", "properties": {"drain_type": "Side Drain", "material": "Concrete", "status": "Good", "ward": "N033", "zone": "N04", "source": "Greater Chennai Corporation", "year": "2024", "shedId": "KOSAS"}, "geometry": {"type": "LineString", "coordinates": [[80.22817, 13.12668], [80.22824, 13.12729], [80.22863, 13.12727]]}}, {"type": "Feature", "properties": {"drain_type": "Side Drain", "material": "Concrete", "status": "Good", "ward": "N033", "zone": "N04", "source": "Greater Chennai Corporation", "year": "2024", "shedId": "KOSAS"}, "geometry": {"type": "LineString", "coordinates": [[80.2286, 13.12693], [80.22866, 13.12761]]}}, {"type": "Feature", "properties": {"drain_type": "Side Drain", "material": "Concrete", "status": "Good", "ward": "N033", "zone": "N04", "source": "Greater Chennai Corporation", "year": "2024", "shedId": "KOSAS"}, "geometry": {"type": "LineString", "coordinates": [[80.23048, 13.12791], [80.2305, 13.12648]]}}, {"type": "Feature", "properties": {"drain_type": "SWD", "material": "Concrete", "status": "Good", "ward": "N033", "zone": "N04", "source": "Greater Chennai Corporation", "year": "2024", "shedId": "KOSAS"}, "geometry": {"type": "LineString", "coordinates": [[80.22807, 13.12779], [80.22819, 13.12938]]}}, {"type": "Feature", "properties": {"drain_type": "Side Drain", "material": "Concrete", "status": "Good", "ward": "N033", "zone": "N04", "source": "Greater Chennai Corporation", "year": "2024", "shedId": "KOSAS"}, "geometry": {"type": "LineString", "coordinates": [[80.2282, 13.12936], [80.22769, 13.1294]]}}, {"type": "Feature", "properties": {"drain_type": "Side Drain", "material": "Concrete", "status": "Good", "ward": "N033", "zone": "N04", "source": "Greater Chennai Corporation", "year": "2024", "shedId": "KOSAS"}, "geometry": {"type": "LineString", "coordinates": [[80.22726, 13.12928], [80.22738, 13.13], [80.22752, 13.13212]]}}, {"type": "Feature", "properties": {"drain_type": "Side Drain", "material": "Concrete", "status": "Good", "ward": "N033", "zone": "N04", "source": "Greater Chennai Corporation", "year": "2024", "shedId": "KOSAS"}, "geometry": {"type": "LineString", "coordinates": [[80.22718, 13.12931], [80.22729, 13.12992], [80.22757, 13.13352]]}}, {"type": "Feature", "properties": {"drain_type": "SWD", "material": "Concrete", "status": "Good", "ward": "N033", "zone": "N04", "source": "Greater Chennai Corporation", "year": "2024", "shedId": "KOSAS"}, "geometry": {"type": "LineString", "coordinates": [[80.22741, 13.13496], [80.22378, 13.13539]]}}, {"type": "Feature", "properties": {"drain_type": "SWD", "material": "Concrete", "status": "Good", "ward": "N033", "zone": "N04", "source": "Greater Chennai Corporation", "year": "2024", "shedId": "KOSAS"}, "geometry": {"type": "LineString", "coordinates": [[80.22447, 13.13528], [80.22442, 13.13288]]}}, {"type": "Feature", "properties": {"drain_type": "Side Drain", "material": "Concrete", "status": "Good", "ward": "N033", "zone": "N04", "source": "Greater Chennai Corporation", "year": "2024", "shedId": "KOSAS"}, "geometry": {"type": "LineString", "coordinates": [[80.2273, 13.13012], [80.22659, 13.13016]]}}, {"type": "Feature", "properties": {"drain_type": "Side Drain", "material": "Concrete", "status": "Good", "ward": "N033", "zone": "N04", "source": "Greater Chennai Corporation", "year": "2024", "shedId": "KOSAS"}, "geometry": {"type": "LineString", "coordinates": [[80.22659, 13.13016], [80.22661, 13.1307]]}}, {"type": "Feature", "properties": {"drain_type": "Side Drain", "material": "Concrete", "status": "Good", "ward": "N033", "zone": "N04", "source": "Greater Chennai Corporation", "year": "2024", "shedId": "KOSAS"}, "geometry": {"type": "LineString", "coordinates": [[80.22661, 13.13068], [80.22672, 13.13069], [80.22678, 13.13208], [80.22654, 13.13208]]}}, {"type": "Feature", "properties": {"drain_type": "Side Drain", "material": "Concrete", "status": "Good", "ward": "N033", "zone": "N04", "source": "Greater Chennai Corporation", "year": "2024", "shedId": "KOSAS"}, "geometry": {"type": "LineString", "coordinates": [[80.22547, 13.13218], [80.22744, 13.13212]]}}, {"type": "Feature", "properties": {"drain_type": "Side Drain", "material": "Concrete", "status": "Good", "ward": "N033", "zone": "N04", "source": "Greater Chennai Corporation", "year": "2024", "shedId": "KOSAS"}, "geometry": {"type": "LineString", "coordinates": [[80.22634, 13.13214], [80.22642, 13.1335]]}}, {"type": "Feature", "properties": {"drain_type": "SWD", "material": "Concrete", "status": "Good", "ward": "N033", "zone": "N04", "source": "Greater Chennai Corporation", "year": "2024", "shedId": "KOSAS"}, "geometry": {"type": "LineString", "coordinates": [[80.22439, 13.13879], [80.22378, 13.13539]]}}, {"type": "Feature", "properties": {"drain_type": "SWD", "material": "Concrete", "status": "Good", "ward": "N033", "zone": "N04", "source": "Greater Chennai Corporation", "year": "2024", "shedId": "KOSAS"}, "geometry": {"type": "LineString", "coordinates": [[80.22159, 13.13554], [80.22222, 13.13547], [80.22257, 13.13574], [80.2238, 13.13557]]}}, {"type": "Feature", "properties": {"drain_type": "SWD", "material": "Concrete", "status": "Good", "ward": "N033", "zone": "N04", "source": "Greater Chennai Corporation", "year": "2024", "shedId": "KOSAS"}, "geometry": {"type": "LineString", "coordinates": [[80.22303, 13.13541], [80.22378, 13.13538]]}}, {"type": "Feature", "properties": {"drain_type": "SWD", "material": "Concrete", "status": "Good", "ward": "N033", "zone": "N04", "source": "Greater Chennai Corporation", "year": "2024", "shedId": "KOSAS"}, "geometry": {"type": "LineString", "coordinates": [[80.22327, 13.13534], [80.22321, 13.13306], [80.22327, 13.13297]]}}, {"type": "Feature", "properties": {"drain_type": "SWD", "material": "Concrete", "status": "Good", "ward": "N033", "zone": "N04", "source": "Greater Chennai Corporation", "year": "2024", "shedId": "KOSAS"}, "geometry": {"type": "LineString", "coordinates": [[80.22327, 13.13297], [80.22442, 13.13294]]}}, {"type": "Feature", "properties": {"drain_type": "SWD", "material": "Concrete", "status": "Good", "ward": "N033", "zone": "N04", "source": "Greater Chennai Corporation", "year": "2024", "shedId": "KOSAS"}, "geometry": {"type": "LineString", "coordinates": [[80.22337, 13.13668], [80.22401, 13.13669]]}}, {"type": "Feature", "properties": {"drain_type": "Side Drain", "material": "Concrete", "status": "Good", "ward": "N033", "zone": "N04", "source": "Greater Chennai Corporation", "year": "2024", "shedId": "KOSAS"}, "geometry": {"type": "LineString", "coordinates": [[80.23333, 13.12756], [80.2335, 13.12932]]}}, {"type": "Feature", "properties": {"drain_type": "SWD", "material": "Concrete", "status": "Good", "ward": "N033", "zone": "N04", "source": "Greater Chennai Corporation", "year": "2024", "shedId": "KOSAS"}, "geometry": {"type": "LineString", "coordinates": [[80.23792, 13.12868], [80.24134, 13.12838]]}}, {"type": "Feature", "properties": {"drain_type": "Side Drain", "material": "Concrete", "status": "Good", "ward": "N033", "zone": "N04", "source": "Greater Chennai Corporation", "year": "2024", "shedId": "KOSAS"}, "geometry": {"type": "LineString", "coordinates": [[80.2277, 13.1294], [80.22774, 13.12998], [80.2273, 13.12999]]}}, {"type": "Feature", "properties": {"drain_type": "Side Drain", "material": "Concrete", "status": "Good", "ward": "N033", "zone": "N04", "source": "Greater Chennai Corporation", "year": "2024", "shedId": "KOSAS"}, "geometry": {"type": "LineString", "coordinates": [[80.22741, 13.13496], [80.22744, 13.13642], [80.22721, 13.13776], [80.22741, 13.13909]]}}, {"type": "Feature", "properties": {"drain_type": "SWD", "material": "Concrete", "status": "Good", "ward": "N033", "zone": "N04", "source": "Greater Chennai Corporation", "year": "2024", "shedId": "KOSAS"}, "geometry": {"type": "LineString", "coordinates": [[80.22757, 13.13352], [80.22752, 13.13484], [80.22741, 13.13496]]}}, {"type": "Feature", "properties": {"drain_type": "Side Drain", "material": "Concrete", "status": "Good", "ward": "N033", "zone": "N04", "source": "Greater Chennai Corporation", "year": "2024", "shedId": "KOSAS"}, "geometry": {"type": "LineString", "coordinates": [[80.22328, 13.13292], [80.2233, 13.13379]]}}, {"type": "Feature", "properties": {"drain_type": "SWD", "material": "Concrete", "status": "Good", "ward": "N046", "zone": "N04", "source": "Greater Chennai Corporation", "year": "2024", "shedId": "KOSAS"}, "geometry": {"type": "LineString", "coordinates": [[80.27004, 13.11026], [80.26687, 13.11], [80.26646, 13.10979]]}}, {"type": "Feature", "properties": {"drain_type": "SWD", "material": "Concrete", "status": "Good", "ward": "N046", "zone": "N04", "source": "Greater Chennai Corporation", "year": "2024", "shedId": "KOSAS"}, "geometry": {"type": "LineString", "coordinates": [[80.27126, 13.10563], [80.27072, 13.10588], [80.26673, 13.10998]]}}, {"type": "Feature", "properties": {"drain_type": "SWD", "material": "Concrete", "status": "Good", "ward": "N046", "zone": "N04", "source": "Greater Chennai Corporation", "year": "2024", "shedId": "KOSAS"}, "geometry": {"type": "LineString", "coordinates": [[80.27025, 13.10608], [80.26902, 13.1072], [80.26646, 13.10979]]}}, {"type": "Feature", "properties": {"drain_type": "SWD", "material": "Concrete", "status": "Good", "ward": "N046", "zone": "N04", "source": "Greater Chennai Corporation", "year": "2024", "shedId": "KOSAS"}, "geometry": {"type": "LineString", "coordinates": [[80.26555, 13.11073], [80.26552, 13.11097], [80.26385, 13.11317], [80.26355, 13.11405]]}}, {"type": "Feature", "properties": {"drain_type": "SWD", "material": "Concrete", "status": "Good", "ward": "N046", "zone": "N04", "source": "Greater Chennai Corporation", "year": "2024", "shedId": "KOSAS"}, "geometry": {"type": "LineString", "coordinates": [[80.26355, 13.11405], [80.26248, 13.11421], [80.26152, 13.1142]]}}, {"type": "Feature", "properties": {"drain_type": "SWD", "material": "Concrete", "status": "Good", "ward": "N046", "zone": "N04", "source": "Greater Chennai Corporation", "year": "2024", "shedId": "KOSAS"}, "geometry": {"type": "LineString", "coordinates": [[80.26152, 13.11419], [80.26215, 13.11645], [80.26212, 13.11732]]}}, {"type": "Feature", "properties": {"drain_type": "SWD", "material": "Concrete", "status": "Good", "ward": "N046", "zone": "N04", "source": "Greater Chennai Corporation", "year": "2024", "shedId": "KOSAS"}, "geometry": {"type": "LineString", "coordinates": [[80.26212, 13.11732], [80.26233, 13.1172], [80.26352, 13.11489], [80.26363, 13.11417]]}}, {"type": "Feature", "properties": {"drain_type": "SWD", "material": "Concrete", "status": "Good", "ward": "N046", "zone": "N04", "source": "Greater Chennai Corporation", "year": "2024", "shedId": "KOSAS"}, "geometry": {"type": "LineString", "coordinates": [[80.26367, 13.11467], [80.26369, 13.11416]]}}, {"type": "Feature", "properties": {"drain_type": "SWD", "material": "Concrete", "status": "Good", "ward": "N046", "zone": "N04", "source": "Greater Chennai Corporation", "year": "2024", "shedId": "KOSAS"}, "geometry": {"type": "LineString", "coordinates": [[80.26369, 13.11416], [80.26567, 13.11418]]}}, {"type": "Feature", "properties": {"drain_type": "SWD", "material": "Concrete", "status": "Good", "ward": "N046", "zone": "N04", "source": "Greater Chennai Corporation", "year": "2024", "shedId": "KOSAS"}, "geometry": {"type": "LineString", "coordinates": [[80.26376, 13.11416], [80.26387, 13.11349], [80.26482, 13.11213], [80.26553, 13.11133], [80.26566, 13.11139]]}}, {"type": "Feature", "properties": {"drain_type": "SWD", "material": "Concrete", "status": "Good", "ward": "N046", "zone": "N04", "source": "Greater Chennai Corporation", "year": "2024", "shedId": "KOSAS"}, "geometry": {"type": "LineString", "coordinates": [[80.26566, 13.11139], [80.26567, 13.11418]]}}, {"type": "Feature", "properties": {"drain_type": "SWD", "material": "Concrete", "status": "Good", "ward": "N046", "zone": "N04", "source": "Greater Chennai Corporation", "year": "2024", "shedId": "KOSAS"}, "geometry": {"type": "LineString", "coordinates": [[80.26567, 13.11418], [80.26574, 13.11953]]}}, {"type": "Feature", "properties": {"drain_type": "SWD", "material": "Concrete", "status": "Good", "ward": "N046", "zone": "N04", "source": "Greater Chennai Corporation", "year": "2024", "shedId": "KOSAS"}, "geometry": {"type": "LineString", "coordinates": [[80.26479, 13.11942], [80.26573, 13.11942]]}}, {"type": "Feature", "properties": {"drain_type": "SWD", "material": "Concrete", "status": "Good", "ward": "N046", "zone": "N04", "source": "Greater Chennai Corporation", "year": "2024", "shedId": "KOSAS"}, "geometry": {"type": "LineString", "coordinates": [[80.26481, 13.11954], [80.26574, 13.11951]]}}, {"type": "Feature", "properties": {"drain_type": "SWD", "material": "Concrete", "status": "Good", "ward": "N046", "zone": "N04", "source": "Greater Chennai Corporation", "year": "2024", "shedId": "KOSAS"}, "geometry": {"type": "LineString", "coordinates": [[80.26589, 13.11793], [80.26782, 13.11785]]}}, {"type": "Feature", "properties": {"drain_type": "SWD", "material": "Concrete", "status": "Good", "ward": "N046", "zone": "N04", "source": "Greater Chennai Corporation", "year": "2024", "shedId": "KOSAS"}, "geometry": {"type": "LineString", "coordinates": [[80.26791, 13.1159], [80.2678, 13.11627], [80.26793, 13.11954]]}}, {"type": "Feature", "properties": {"drain_type": "SWD", "material": "Concrete", "status": "Good", "ward": "N046", "zone": "N04", "source": "Greater Chennai Corporation", "year": "2024", "shedId": "KOSAS"}, "geometry": {"type": "LineString", "coordinates": [[80.2659, 13.11944], [80.26785, 13.11941]]}}, {"type": "Feature", "properties": {"drain_type": "SWD", "material": "Concrete", "status": "Good", "ward": "N046", "zone": "N04", "source": "Greater Chennai Corporation", "year": "2024", "shedId": "KOSAS"}, "geometry": {"type": "LineString", "coordinates": [[80.2659, 13.11951], [80.26793, 13.11954]]}}, {"type": "Feature", "properties": {"drain_type": "SWD", "material": "Concrete", "status": "Good", "ward": "N046", "zone": "N04", "source": "Greater Chennai Corporation", "year": "2024", "shedId": "KOSAS"}, "geometry": {"type": "LineString", "coordinates": [[80.2659, 13.11913], [80.26684, 13.11913]]}}, {"type": "Feature", "properties": {"drain_type": "SWD", "material": "Concrete", "status": "Good", "ward": "N046", "zone": "N04", "source": "Greater Chennai Corporation", "year": "2024", "shedId": "KOSAS"}, "geometry": {"type": "LineString", "coordinates": [[80.2668, 13.11789], [80.26683, 13.11941]]}}, {"type": "Feature", "properties": {"drain_type": "SWD", "material": "Concrete", "status": "Good", "ward": "N046", "zone": "N04", "source": "Greater Chennai Corporation", "year": "2024", "shedId": "KOSAS"}, "geometry": {"type": "LineString", "coordinates": [[80.26405, 13.11766], [80.26406, 13.11764], [80.26404, 13.11722]]}}, {"type": "Feature", "properties": {"drain_type": "SWD", "material": "Concrete", "status": "Good", "ward": "N046", "zone": "N04", "source": "Greater Chennai Corporation", "year": "2024", "shedId": "KOSAS"}, "geometry": {"type": "LineString", "coordinates": [[80.26583, 13.11416], [80.26706, 13.11415]]}}, {"type": "Feature", "properties": {"drain_type": "SWD", "material": "Concrete", "status": "Good", "ward": "N046", "zone": "N04", "source": "Greater Chennai Corporation", "year": "2024", "shedId": "KOSAS"}, "geometry": {"type": "LineString", "coordinates": [[80.2672, 13.11416], [80.26711, 13.11375], [80.26712, 13.11134]]}}, {"type": "Feature", "properties": {"drain_type": "SWD", "material": "Concrete", "status": "Good", "ward": "N046", "zone": "N04", "source": "Greater Chennai Corporation", "year": "2024", "shedId": "KOSAS"}, "geometry": {"type": "LineString", "coordinates": [[80.26584, 13.11107], [80.26713, 13.11135]]}}, {"type": "Feature", "properties": {"drain_type": "SWD", "material": "Concrete", "status": "Good", "ward": "N046", "zone": "N04", "source": "Greater Chennai Corporation", "year": "2024", "shedId": "KOSAS"}, "geometry": {"type": "LineString", "coordinates": [[80.26376, 13.1141], [80.26565, 13.11409]]}}, {"type": "Feature", "properties": {"drain_type": "SWD", "material": "Concrete", "status": "Good", "ward": "N046", "zone": "N04", "source": "Greater Chennai Corporation", "year": "2024", "shedId": "KOSAS"}, "geometry": {"type": "LineString", "coordinates": [[80.26584, 13.11107], [80.26583, 13.11416]]}}, {"type": "Feature", "properties": {"drain_type": "SWD", "material": "Concrete", "status": "Good", "ward": "N046", "zone": "N04", "source": "Greater Chennai Corporation", "year": "2024", "shedId": "KOSAS"}, "geometry": {"type": "LineString", "coordinates": [[80.26583, 13.11416], [80.2659, 13.11951]]}}, {"type": "Feature", "properties": {"drain_type": "SWD", "material": "Concrete", "status": "Good", "ward": "N046", "zone": "N04", "source": "Greater Chennai Corporation", "year": "2024", "shedId": "KOSAS"}, "geometry": {"type": "LineString", "coordinates": [[80.26367, 13.11768], [80.26405, 13.11766]]}}, {"type": "Feature", "properties": {"drain_type": "Side Drain", "material": "Concrete", "status": "Good", "ward": "N049", "zone": "N05", "source": "Greater Chennai Corporation", "year": "2024", "shedId": "KOSAS"}, "geometry": {"type": "LineString", "coordinates": [[80.28825, 13.11183], [80.28866, 13.11306], [80.28904, 13.11496]]}}, {"type": "Feature", "properties": {"drain_type": "SWD", "material": "Concrete", "status": "Good", "ward": "N049", "zone": "N05", "source": "Greater Chennai Corporation", "year": "2024", "shedId": "KOSAS"}, "geometry": {"type": "LineString", "coordinates": [[80.28871, 13.11175], [80.28929, 13.11367], [80.28945, 13.11367], [80.2895, 13.11387]]}}, {"type": "Feature", "properties": {"drain_type": "Side Drain", "material": "Concrete", "status": "Good", "ward": "N049", "zone": "N05", "source": "Greater Chennai Corporation", "year": "2024", "shedId": "KOSAS"}, "geometry": {"type": "LineString", "coordinates": [[80.289, 13.11398], [80.28945, 13.1157]]}}, {"type": "Feature", "properties": {"drain_type": "Side Drain", "material": "Concrete", "status": "Good", "ward": "N049", "zone": "N05", "source": "Greater Chennai Corporation", "year": "2024", "shedId": "KOSAS"}, "geometry": {"type": "LineString", "coordinates": [[80.28917, 13.11588], [80.28997, 13.11553], [80.29185, 13.11511]]}}, {"type": "Feature", "properties": {"drain_type": "SWD", "material": "Concrete", "status": "Good", "ward": "N049", "zone": "N05", "source": "Greater Chennai Corporation", "year": "2024", "shedId": "KOSAS"}, "geometry": {"type": "LineString", "coordinates": [[80.28571, 13.11941], [80.28731, 13.11899]]}}, {"type": "Feature", "properties": {"drain_type": "SWD", "material": "Concrete", "status": "Good", "ward": "N049", "zone": "N05", "source": "Greater Chennai Corporation", "year": "2024", "shedId": "KOSAS"}, "geometry": {"type": "LineString", "coordinates": [[80.28842, 13.11612], [80.2893, 13.11965]]}}, {"type": "Feature", "properties": {"drain_type": "SWD", "material": "Concrete", "status": "Good", "ward": "N049", "zone": "N05", "source": "Greater Chennai Corporation", "year": "2024", "shedId": "KOSAS"}, "geometry": {"type": "LineString", "coordinates": [[80.28768, 13.11996], [80.2904, 13.11948]]}}, {"type": "Feature", "properties": {"drain_type": "SWD", "material": "Concrete", "status": "Good", "ward": "N049", "zone": "N05", "source": "Greater Chennai Corporation", "year": "2024", "shedId": "KOSAS"}, "geometry": {"type": "LineString", "coordinates": [[80.28768, 13.11996], [80.28857, 13.12271]]}}, {"type": "Feature", "properties": {"drain_type": "SWD", "material": "Concrete", "status": "Good", "ward": "N049", "zone": "N05", "source": "Greater Chennai Corporation", "year": "2024", "shedId": "KOSAS"}, "geometry": {"type": "LineString", "coordinates": [[80.28921, 13.12279], [80.28888, 13.1213], [80.28819, 13.12142]]}}, {"type": "Feature", "properties": {"drain_type": "SWD", "material": "Concrete", "status": "Good", "ward": "N049", "zone": "N05", "source": "Greater Chennai Corporation", "year": "2024", "shedId": "KOSAS"}, "geometry": {"type": "LineString", "coordinates": [[80.28886, 13.11977], [80.28886, 13.11978], [80.28918, 13.12132]]}}, {"type": "Feature", "properties": {"drain_type": "SWD", "material": "Concrete", "status": "Good", "ward": "N049", "zone": "N05", "source": "Greater Chennai Corporation", "year": "2024", "shedId": "KOSAS"}, "geometry": {"type": "LineString", "coordinates": [[80.28949, 13.1196], [80.28964, 13.12144]]}}, {"type": "Feature", "properties": {"drain_type": "SWD", "material": "Concrete", "status": "Good", "ward": "N049", "zone": "N05", "source": "Greater Chennai Corporation", "year": "2024", "shedId": "KOSAS"}, "geometry": {"type": "LineString", "coordinates": [[80.28917, 13.11588], [80.29053, 13.1199], [80.29163, 13.12265]]}}, {"type": "Feature", "properties": {"drain_type": "SWD", "material": "Concrete", "status": "Good", "ward": "N049", "zone": "N05", "source": "Greater Chennai Corporation", "year": "2024", "shedId": "KOSAS"}, "geometry": {"type": "LineString", "coordinates": [[80.29334, 13.11966], [80.29256, 13.11987]]}}, {"type": "Feature", "properties": {"drain_type": "SWD", "material": "Concrete", "status": "Good", "ward": "N049", "zone": "N05", "source": "Greater Chennai Corporation", "year": "2024", "shedId": "KOSAS"}, "geometry": {"type": "LineString", "coordinates": [[80.2924, 13.12064], [80.2925, 13.12186], [80.29272, 13.12218]]}}, {"type": "Feature", "properties": {"drain_type": "SWD", "material": "Concrete", "status": "Good", "ward": "N049", "zone": "N05", "source": "Greater Chennai Corporation", "year": "2024", "shedId": "KOSAS"}, "geometry": {"type": "LineString", "coordinates": [[80.2899, 13.11782], [80.29065, 13.12006]]}}, {"type": "Feature", "properties": {"drain_type": "SWD", "material": "Concrete", "status": "Good", "ward": "N049", "zone": "N05", "source": "Greater Chennai Corporation", "year": "2024", "shedId": "KOSAS"}, "geometry": {"type": "LineString", "coordinates": [[80.29163, 13.12265], [80.29261, 13.1225]]}}, {"type": "Feature", "properties": {"drain_type": "SWD", "material": "Concrete", "status": "Good", "ward": "N049", "zone": "N05", "source": "Greater Chennai Corporation", "year": "2024", "shedId": "KOSAS"}, "geometry": {"type": "LineString", "coordinates": [[80.29261, 13.1225], [80.29281, 13.12209], [80.29384, 13.12183]]}}, {"type": "Feature", "properties": {"drain_type": "Side Drain", "material": "Concrete", "status": "Good", "ward": "N049", "zone": "N05", "source": "Greater Chennai Corporation", "year": "2024", "shedId": "KOSAS"}, "geometry": {"type": "LineString", "coordinates": [[80.2916, 13.11193], [80.29201, 13.11478]]}}, {"type": "Feature", "properties": {"drain_type": "Side Drain", "material": "Concrete", "status": "Good", "ward": "N049", "zone": "N05", "source": "Greater Chennai Corporation", "year": "2024", "shedId": "KOSAS"}, "geometry": {"type": "LineString", "coordinates": [[80.29201, 13.11478], [80.29247, 13.11466]]}}, {"type": "Feature", "properties": {"drain_type": "Side Drain", "material": "Concrete", "status": "Good", "ward": "N049", "zone": "N05", "source": "Greater Chennai Corporation", "year": "2024", "shedId": "KOSAS"}, "geometry": {"type": "LineString", "coordinates": [[80.29185, 13.11347], [80.29032, 13.11363]]}}, {"type": "Feature", "properties": {"drain_type": "Side Drain", "material": "Concrete", "status": "Good", "ward": "N049", "zone": "N05", "source": "Greater Chennai Corporation", "year": "2024", "shedId": "KOSAS"}, "geometry": {"type": "LineString", "coordinates": [[80.29032, 13.11363], [80.28901, 13.11401]]}}, {"type": "Feature", "properties": {"drain_type": "SWD", "material": "Concrete", "status": "Good", "ward": "N049", "zone": "N05", "source": "Greater Chennai Corporation", "year": "2024", "shedId": "KOSAS"}, "geometry": {"type": "LineString", "coordinates": [[80.28852, 13.11605], [80.28917, 13.11588]]}}, {"type": "Feature", "properties": {"drain_type": "SWD", "material": "Concrete", "status": "Good", "ward": "N50", "zone": "N05", "source": "Greater Chennai Corporation", "year": "2024", "shedId": "KOSAS"}, "geometry": {"type": "LineString", "coordinates": [[80.28145, 13.11051], [80.2867, 13.10912]]}}, {"type": "Feature", "properties": {"drain_type": "SWD", "material": "Concrete", "status": "Good", "ward": "N50", "zone": "N05", "source": "Greater Chennai Corporation", "year": "2024", "shedId": "KOSAS"}, "geometry": {"type": "LineString", "coordinates": [[80.28202, 13.11036], [80.28279, 13.11252]]}}, {"type": "Feature", "properties": {"drain_type": "SWD", "material": "Concrete", "status": "Good", "ward": "N50", "zone": "N05", "source": "Greater Chennai Corporation", "year": "2024", "shedId": "KOSAS"}, "geometry": {"type": "LineString", "coordinates": [[80.28159, 13.1113], [80.2823, 13.11112]]}}, {"type": "Feature", "properties": {"drain_type": "SWD", "material": "Concrete", "status": "Good", "ward": "N50", "zone": "N05", "source": "Greater Chennai Corporation", "year": "2024", "shedId": "KOSAS"}, "geometry": {"type": "LineString", "coordinates": [[80.28304, 13.11009], [80.28365, 13.11181]]}}, {"type": "Feature", "properties": {"drain_type": "SWD", "material": "Concrete", "status": "Good", "ward": "N50", "zone": "N05", "source": "Greater Chennai Corporation", "year": "2024", "shedId": "KOSAS"}, "geometry": {"type": "LineString", "coordinates": [[80.28365, 13.11181], [80.28768, 13.11086]]}}, {"type": "Feature", "properties": {"drain_type": "SWD", "material": "Concrete", "status": "Good", "ward": "N50", "zone": "N05", "source": "Greater Chennai Corporation", "year": "2024", "shedId": "KOSAS"}, "geometry": {"type": "LineString", "coordinates": [[80.28476, 13.10963], [80.28525, 13.11138]]}}, {"type": "Feature", "properties": {"drain_type": "SWD", "material": "Concrete", "status": "Good", "ward": "N50", "zone": "N05", "source": "Greater Chennai Corporation", "year": "2024", "shedId": "KOSAS"}, "geometry": {"type": "LineString", "coordinates": [[80.28496, 13.11035], [80.28652, 13.11018], [80.28722, 13.11003]]}}, {"type": "Feature", "properties": {"drain_type": "SWD", "material": "Concrete", "status": "Good", "ward": "N50", "zone": "N05", "source": "Greater Chennai Corporation", "year": "2024", "shedId": "KOSAS"}, "geometry": {"type": "LineString", "coordinates": [[80.28579, 13.10935], [80.28603, 13.11022]]}}, {"type": "Feature", "properties": {"drain_type": "SWD", "material": "Concrete", "status": "Good", "ward": "N50", "zone": "N05", "source": "Greater Chennai Corporation", "year": "2024", "shedId": "KOSAS"}, "geometry": {"type": "LineString", "coordinates": [[80.2864, 13.11118], [80.28738, 13.11444]]}}, {"type": "Feature", "properties": {"drain_type": "SWD", "material": "Concrete", "status": "Good", "ward": "N50", "zone": "N05", "source": "Greater Chennai Corporation", "year": "2024", "shedId": "KOSAS"}, "geometry": {"type": "LineString", "coordinates": [[80.28738, 13.11444], [80.28865, 13.11413]]}}, {"type": "Feature", "properties": {"drain_type": "SWD", "material": "Concrete", "status": "Good", "ward": "N50", "zone": "N05", "source": "Greater Chennai Corporation", "year": "2024", "shedId": "KOSAS"}, "geometry": {"type": "LineString", "coordinates": [[80.28772, 13.11433], [80.28745, 13.11332], [80.28668, 13.11112]]}}, {"type": "Feature", "properties": {"drain_type": "SWD", "material": "Concrete", "status": "Good", "ward": "N50", "zone": "N05", "source": "Greater Chennai Corporation", "year": "2024", "shedId": "KOSAS"}, "geometry": {"type": "LineString", "coordinates": [[80.28595, 13.11507], [80.28613, 13.11502], [80.2864, 13.11494]]}}, {"type": "Feature", "properties": {"drain_type": "SWD", "material": "Concrete", "status": "Good", "ward": "N053", "zone": "N05", "source": "Greater Chennai Corporation", "year": "2024", "shedId": "KOSAS"}, "geometry": {"type": "LineString", "coordinates": [[80.27424, 13.09936], [80.27504, 13.09932]]}}, {"type": "Feature", "properties": {"drain_type": "SWD", "material": "Concrete", "status": "Good", "ward": "N053", "zone": "N05", "source": "Greater Chennai Corporation", "year": "2024", "shedId": "KOSAS"}, "geometry": {"type": "LineString", "coordinates": [[80.27935, 13.10881], [80.28047, 13.1085]]}}, {"type": "Feature", "properties": {"drain_type": "SWD", "material": "Concrete", "status": "Good", "ward": "N053", "zone": "N05", "source": "Greater Chennai Corporation", "year": "2024", "shedId": "KOSAS"}, "geometry": {"type": "LineString", "coordinates": [[80.27965, 13.10816], [80.27977, 13.10867]]}}, {"type": "Feature", "properties": {"drain_type": "SWD", "material": "Concrete", "status": "Good", "ward": "N053", "zone": "N05", "source": "Greater Chennai Corporation", "year": "2024", "shedId": "KOSAS"}, "geometry": {"type": "LineString", "coordinates": [[80.28002, 13.10675], [80.27989, 13.10598]]}}, {"type": "Feature", "properties": {"drain_type": "SWD", "material": "Concrete", "status": "Good", "ward": "N053", "zone": "N05", "source": "Greater Chennai Corporation", "year": "2024", "shedId": "KOSAS"}, "geometry": {"type": "LineString", "coordinates": [[80.27378, 13.10409], [80.27545, 13.10442], [80.27933, 13.10568]]}}, {"type": "Feature", "properties": {"drain_type": "SWD", "material": "Concrete", "status": "Good", "ward": "N053", "zone": "N05", "source": "Greater Chennai Corporation", "year": "2024", "shedId": "KOSAS"}, "geometry": {"type": "LineString", "coordinates": [[80.27389, 13.10393], [80.27584, 13.10426], [80.27587, 13.10416]]}}, {"type": "Feature", "properties": {"drain_type": "SWD", "material": "Concrete", "status": "Good", "ward": "N053", "zone": "N05", "source": "Greater Chennai Corporation", "year": "2024", "shedId": "KOSAS"}, "geometry": {"type": "LineString", "coordinates": [[80.27277, 13.10618], [80.27389, 13.10606], [80.27456, 13.10626]]}}, {"type": "Feature", "properties": {"drain_type": "SWD", "material": "Concrete", "status": "Good", "ward": "N053", "zone": "N05", "source": "Greater Chennai Corporation", "year": "2024", "shedId": "KOSAS"}, "geometry": {"type": "LineString", "coordinates": [[80.27381, 13.10818], [80.27482, 13.10577]]}}, {"type": "Feature", "properties": {"drain_type": "SWD", "material": "Concrete", "status": "Good", "ward": "N053", "zone": "N05", "source": "Greater Chennai Corporation", "year": "2024", "shedId": "KOSAS"}, "geometry": {"type": "LineString", "coordinates": [[80.27102, 13.11013], [80.27115, 13.11022], [80.27191, 13.1102]]}}, {"type": "Feature", "properties": {"drain_type": "SWD", "material": "Concrete", "status": "Good", "ward": "N053", "zone": "N05", "source": "Greater Chennai Corporation", "year": "2024", "shedId": "KOSAS"}, "geometry": {"type": "LineString", "coordinates": [[80.27109, 13.10993], [80.27249, 13.10993]]}}, {"type": "Feature", "properties": {"drain_type": "SWD", "material": "Concrete", "status": "Good", "ward": "N053", "zone": "N05", "source": "Greater Chennai Corporation", "year": "2024", "shedId": "KOSAS"}, "geometry": {"type": "LineString", "coordinates": [[80.27249, 13.10993], [80.27233, 13.10822]]}}, {"type": "Feature", "properties": {"drain_type": "SWD", "material": "Concrete", "status": "Good", "ward": "N053", "zone": "N05", "source": "Greater Chennai Corporation", "year": "2024", "shedId": "KOSAS"}, "geometry": {"type": "LineString", "coordinates": [[80.27225, 13.10697], [80.27266, 13.10809], [80.27376, 13.11018], [80.27554, 13.11501]]}}, {"type": "Feature", "properties": {"drain_type": "SWD", "material": "Concrete", "status": "Good", "ward": "N053", "zone": "N05", "source": "Greater Chennai Corporation", "year": "2024", "shedId": "KOSAS"}, "geometry": {"type": "LineString", "coordinates": [[80.27541, 13.11504], [80.27576, 13.11498]]}}, {"type": "Feature", "properties": {"drain_type": "SWD", "material": "Concrete", "status": "Good", "ward": "N053", "zone": "N05", "source": "Greater Chennai Corporation", "year": "2024", "shedId": "KOSAS"}, "geometry": {"type": "LineString", "coordinates": [[80.27425, 13.1105], [80.27574, 13.11035]]}}, {"type": "Feature", "properties": {"drain_type": "SWD", "material": "Concrete", "status": "Good", "ward": "N053", "zone": "N05", "source": "Greater Chennai Corporation", "year": "2024", "shedId": "KOSAS"}, "geometry": {"type": "LineString", "coordinates": [[80.27574, 13.11035], [80.27582, 13.11068], [80.27708, 13.11065]]}}, {"type": "Feature", "properties": {"drain_type": "SWD", "material": "Concrete", "status": "Good", "ward": "N053", "zone": "N05", "source": "Greater Chennai Corporation", "year": "2024", "shedId": "KOSAS"}, "geometry": {"type": "LineString", "coordinates": [[80.27526, 13.11039], [80.27539, 13.11115]]}}, {"type": "Feature", "properties": {"drain_type": "SWD", "material": "Concrete", "status": "Good", "ward": "N053", "zone": "N05", "source": "Greater Chennai Corporation", "year": "2024", "shedId": "KOSAS"}, "geometry": {"type": "LineString", "coordinates": [[80.27501, 13.11117], [80.27715, 13.1111]]}}, {"type": "Feature", "properties": {"drain_type": "SWD", "material": "Concrete", "status": "Good", "ward": "N053", "zone": "N05", "source": "Greater Chennai Corporation", "year": "2024", "shedId": "KOSAS"}, "geometry": {"type": "LineString", "coordinates": [[80.27562, 13.11115], [80.2758, 13.11203]]}}, {"type": "Feature", "properties": {"drain_type": "SWD", "material": "Concrete", "status": "Good", "ward": "N053", "zone": "N05", "source": "Greater Chennai Corporation", "year": "2024", "shedId": "KOSAS"}, "geometry": {"type": "LineString", "coordinates": [[80.27709, 13.11432], [80.27718, 13.11265], [80.27799, 13.11134], [80.2782, 13.11133], [80.27827, 13.11148], [80.2781, 13.11162], [80.27794, 13.11144]]}}, {"type": "Feature", "properties": {"drain_type": "SWD", "material": "Concrete", "status": "Good", "ward": "N053", "zone": "N05", "source": "Greater Chennai Corporation", "year": "2024", "shedId": "KOSAS"}, "geometry": {"type": "LineString", "coordinates": [[80.27781, 13.11158], [80.27827, 13.11166], [80.27859, 13.11124], [80.27865, 13.11089], [80.27908, 13.11051], [80.28092, 13.10965]]}}, {"type": "Feature", "properties": {"drain_type": "SWD", "material": "Concrete", "status": "Good", "ward": "N053", "zone": "N05", "source": "Greater Chennai Corporation", "year": "2024", "shedId": "KOSAS"}, "geometry": {"type": "LineString", "coordinates": [[80.27957, 13.11115], [80.27859, 13.11124]]}}, {"type": "Feature", "properties": {"drain_type": "SWD", "material": "Concrete", "status": "Good", "ward": "N053", "zone": "N05", "source": "Greater Chennai Corporation", "year": "2024", "shedId": "KOSAS"}, "geometry": {"type": "LineString", "coordinates": [[80.27878, 13.11124], [80.27901, 13.11244]]}}, {"type": "Feature", "properties": {"drain_type": "SWD", "material": "Concrete", "status": "Good", "ward": "N053", "zone": "N05", "source": "Greater Chennai Corporation", "year": "2024", "shedId": "KOSAS"}, "geometry": {"type": "LineString", "coordinates": [[80.27443, 13.10186], [80.27473, 13.10197], [80.27619, 13.10211]]}}, {"type": "Feature", "properties": {"drain_type": "SWD", "material": "Concrete", "status": "Good", "ward": "N053", "zone": "N05", "source": "Greater Chennai Corporation", "year": "2024", "shedId": "KOSAS"}, "geometry": {"type": "LineString", "coordinates": [[80.27619, 13.10211], [80.27608, 13.10389], [80.27716, 13.10433]]}}, {"type": "Feature", "properties": {"drain_type": "SWD", "material": "Concrete", "status": "Good", "ward": "N053", "zone": "N05", "source": "Greater Chennai Corporation", "year": "2024", "shedId": "KOSAS"}, "geometry": {"type": "LineString", "coordinates": [[80.27484, 13.10143], [80.27464, 13.10194]]}}, {"type": "Feature", "properties": {"drain_type": "SWD", "material": "Concrete", "status": "Good", "ward": "N053", "zone": "N05", "source": "Greater Chennai Corporation", "year": "2024", "shedId": "KOSAS"}, "geometry": {"type": "LineString", "coordinates": [[80.27469, 13.10195], [80.2745, 13.10206], [80.27412, 13.1029]]}}, {"type": "Feature", "properties": {"drain_type": "SWD", "material": "Concrete", "status": "Good", "ward": "N053", "zone": "N05", "source": "Greater Chennai Corporation", "year": "2024", "shedId": "KOSAS"}, "geometry": {"type": "LineString", "coordinates": [[80.27428, 13.10562], [80.27489, 13.10575], [80.27857, 13.10747]]}}, {"type": "Feature", "properties": {"drain_type": "SWD", "material": "Concrete", "status": "Good", "ward": "N053", "zone": "N05", "source": "Greater Chennai Corporation", "year": "2024", "shedId": "KOSAS"}, "geometry": {"type": "LineString", "coordinates": [[80.27857, 13.10747], [80.27872, 13.10751], [80.28005, 13.10704]]}}, {"type": "Feature", "properties": {"drain_type": "SWD", "material": "Concrete", "status": "Good", "ward": "N053", "zone": "N05", "source": "Greater Chennai Corporation", "year": "2024", "shedId": "KOSAS"}, "geometry": {"type": "LineString", "coordinates": [[80.27789, 13.11164], [80.27817, 13.1141]]}}, {"type": "Feature", "properties": {"drain_type": "SWD", "material": "Concrete", "status": "Good", "ward": "N053", "zone": "N05", "source": "Greater Chennai Corporation", "year": "2024", "shedId": "KOSAS"}, "geometry": {"type": "LineString", "coordinates": [[80.27817, 13.1141], [80.27768, 13.11408]]}}, {"type": "Feature", "properties": {"drain_type": "SWD", "material": "Concrete", "status": "Good", "ward": "N053", "zone": "N05", "source": "Greater Chennai Corporation", "year": "2024", "shedId": "KOSAS"}, "geometry": {"type": "LineString", "coordinates": [[80.27702, 13.11031], [80.27715, 13.11111], [80.27679, 13.11198], [80.27687, 13.11223]]}}, {"type": "Feature", "properties": {"drain_type": "SWD", "material": "Concrete", "status": "Good", "ward": "N053", "zone": "N05", "source": "Greater Chennai Corporation", "year": "2024", "shedId": "KOSAS"}, "geometry": {"type": "LineString", "coordinates": [[80.27687, 13.11223], [80.2765, 13.11326], [80.27628, 13.11439]]}}, {"type": "Feature", "properties": {"drain_type": "SWD", "material": "Concrete", "status": "Good", "ward": "N057", "zone": "N05", "source": "Greater Chennai Corporation", "year": "2024", "shedId": "KOSAS"}, "geometry": {"type": "LineString", "coordinates": [[80.27536, 13.09365], [80.27752, 13.09318]]}}, {"type": "Feature", "properties": {"drain_type": "SWD", "material": "Concrete", "status": "Good", "ward": "N057", "zone": "N05", "source": "Greater Chennai Corporation", "year": "2024", "shedId": "KOSAS"}, "geometry": {"type": "LineString", "coordinates": [[80.27552, 13.08955], [80.27544, 13.09036], [80.27542, 13.09061]]}}, {"type": "Feature", "properties": {"drain_type": "SWD", "material": "Concrete", "status": "Good", "ward": "N057", "zone": "N05", "source": "Greater Chennai Corporation", "year": "2024", "shedId": "KOSAS"}, "geometry": {"type": "LineString", "coordinates": [[80.2755, 13.09256], [80.27752, 13.09318]]}}, {"type": "Feature", "properties": {"drain_type": "SWD", "material": "Concrete", "status": "Good", "ward": "N065", "zone": "N06", "source": "Greater Chennai Corporation", "year": "2024", "shedId": "KOSAS"}, "geometry": {"type": "LineString", "coordinates": [[80.20147, 13.12506], [80.20156, 13.12877]]}}, {"type": "Feature", "properties": {"drain_type": "SWD", "material": "Concrete", "status": "Good", "ward": "N065", "zone": "N06", "source": "Greater Chennai Corporation", "year": "2024", "shedId": "KOSAS"}, "geometry": {"type": "LineString", "coordinates": [[80.20152, 13.12675], [80.20461, 13.12693]]}}, {"type": "Feature", "properties": {"drain_type": "SWD", "material": "Concrete", "status": "Good", "ward": "N065", "zone": "N06", "source": "Greater Chennai Corporation", "year": "2024", "shedId": "KOSAS"}, "geometry": {"type": "LineString", "coordinates": [[80.20151, 13.1254], [80.20263, 13.12543], [80.20415, 13.12529]]}}, {"type": "Feature", "properties": {"drain_type": "SWD", "material": "Concrete", "status": "Good", "ward": "N065", "zone": "N06", "source": "Greater Chennai Corporation", "year": "2024", "shedId": "KOSAS"}, "geometry": {"type": "LineString", "coordinates": [[80.20463, 13.12515], [80.20455, 13.12568], [80.20464, 13.12826]]}}, {"type": "Feature", "properties": {"drain_type": "SWD", "material": "Concrete", "status": "Good", "ward": "N065", "zone": "N06", "source": "Greater Chennai Corporation", "year": "2024", "shedId": "KOSAS"}, "geometry": {"type": "LineString", "coordinates": [[80.20507, 13.12539], [80.20511, 13.12818]]}}, {"type": "Feature", "properties": {"drain_type": "SWD", "material": "Concrete", "status": "Good", "ward": "N065", "zone": "N06", "source": "Greater Chennai Corporation", "year": "2024", "shedId": "KOSAS"}, "geometry": {"type": "LineString", "coordinates": [[80.2065, 13.12621], [80.20639, 13.12718], [80.20648, 13.12851]]}}, {"type": "Feature", "properties": {"drain_type": "SWD", "material": "Concrete", "status": "Good", "ward": "N065", "zone": "N06", "source": "Greater Chennai Corporation", "year": "2024", "shedId": "KOSAS"}, "geometry": {"type": "LineString", "coordinates": [[80.20805, 13.12708], [80.20798, 13.12862]]}}, {"type": "Feature", "properties": {"drain_type": "SWD", "material": "Concrete", "status": "Good", "ward": "N065", "zone": "N06", "source": "Greater Chennai Corporation", "year": "2024", "shedId": "KOSAS"}, "geometry": {"type": "LineString", "coordinates": [[80.20853, 13.1276], [80.20847, 13.12866]]}}, {"type": "Feature", "properties": {"drain_type": "SWD", "material": "Concrete", "status": "Good", "ward": "N065", "zone": "N06", "source": "Greater Chennai Corporation", "year": "2024", "shedId": "KOSAS"}, "geometry": {"type": "LineString", "coordinates": [[80.20144, 13.12337], [80.21066, 13.12853]]}}, {"type": "Feature", "properties": {"drain_type": "SWD", "material": "Concrete", "status": "Good", "ward": "N065", "zone": "N06", "source": "Greater Chennai Corporation", "year": "2024", "shedId": "KOSAS"}, "geometry": {"type": "LineString", "coordinates": [[80.20175, 13.12302], [80.20646, 13.12565]]}}, {"type": "Feature", "properties": {"drain_type": "SWD", "material": "Concrete", "status": "Good", "ward": "N065", "zone": "N06", "source": "Greater Chennai Corporation", "year": "2024", "shedId": "KOSAS"}, "geometry": {"type": "LineString", "coordinates": [[80.20235, 13.11939], [80.2021, 13.11989], [80.20201, 13.12099], [80.20146, 13.12342], [80.20147, 13.12437]]}}, {"type": "Feature", "properties": {"drain_type": "SWD", "material": "Concrete", "status": "Good", "ward": "N065", "zone": "N06", "source": "Greater Chennai Corporation", "year": "2024", "shedId": "KOSAS"}, "geometry": {"type": "LineString", "coordinates": [[80.20398, 13.12063], [80.20387, 13.12277], [80.20405, 13.1243]]}}, {"type": "Feature", "properties": {"drain_type": "SWD", "material": "Concrete", "status": "Good", "ward": "N065", "zone": "N06", "source": "Greater Chennai Corporation", "year": "2024", "shedId": "KOSAS"}, "geometry": {"type": "LineString", "coordinates": [[80.20222, 13.11994], [80.2029, 13.11984], [80.20309, 13.12053], [80.20398, 13.12063]]}}, {"type": "Feature", "properties": {"drain_type": "SWD", "material": "Concrete", "status": "Good", "ward": "N065", "zone": "N06", "source": "Greater Chennai Corporation", "year": "2024", "shedId": "KOSAS"}, "geometry": {"type": "LineString", "coordinates": [[80.20551, 13.12512], [80.20542, 13.12207], [80.20567, 13.1205]]}}, {"type": "Feature", "properties": {"drain_type": "SWD", "material": "Concrete", "status": "Good", "ward": "N065", "zone": "N06", "source": "Greater Chennai Corporation", "year": "2024", "shedId": "KOSAS"}, "geometry": {"type": "LineString", "coordinates": [[80.20546, 13.12404], [80.20539, 13.12404], [80.20504, 13.12405]]}}, {"type": "Feature", "properties": {"drain_type": "SWD", "material": "Concrete", "status": "Good", "ward": "N065", "zone": "N06", "source": "Greater Chennai Corporation", "year": "2024", "shedId": "KOSAS"}, "geometry": {"type": "LineString", "coordinates": [[80.20426, 13.12294], [80.20439, 13.12411]]}}, {"type": "Feature", "properties": {"drain_type": "SWD", "material": "Concrete", "status": "Good", "ward": "N065", "zone": "N06", "source": "Greater Chennai Corporation", "year": "2024", "shedId": "KOSAS"}, "geometry": {"type": "LineString", "coordinates": [[80.20631, 13.12208], [80.20633, 13.12372]]}}, {"type": "Feature", "properties": {"drain_type": "SWD", "material": "Concrete", "status": "Good", "ward": "N065", "zone": "N06", "source": "Greater Chennai Corporation", "year": "2024", "shedId": "KOSAS"}, "geometry": {"type": "LineString", "coordinates": [[80.20823, 13.12007], [80.20722, 13.12009]]}}, {"type": "Feature", "properties": {"drain_type": "SWD", "material": "Concrete", "status": "Good", "ward": "N065", "zone": "N06", "source": "Greater Chennai Corporation", "year": "2024", "shedId": "KOSAS"}, "geometry": {"type": "LineString", "coordinates": [[80.2067, 13.12006], [80.20668, 13.12204]]}}, {"type": "Feature", "properties": {"drain_type": "SWD", "material": "Concrete", "status": "Good", "ward": "N065", "zone": "N06", "source": "Greater Chennai Corporation", "year": "2024", "shedId": "KOSAS"}, "geometry": {"type": "LineString", "coordinates": [[80.20715, 13.11559], [80.20896, 13.11599]]}}, {"type": "Feature", "properties": {"drain_type": "SWD", "material": "Concrete", "status": "Good", "ward": "N065", "zone": "N06", "source": "Greater Chennai Corporation", "year": "2024", "shedId": "KOSAS"}, "geometry": {"type": "LineString", "coordinates": [[80.21053, 13.11561], [80.21047, 13.11626]]}}, {"type": "Feature", "properties": {"drain_type": "SWD", "material": "Concrete", "status": "Good", "ward": "N065", "zone": "N06", "source": "Greater Chennai Corporation", "year": "2024", "shedId": "KOSAS"}, "geometry": {"type": "LineString", "coordinates": [[80.207, 13.11624], [80.20703, 13.11643], [80.20786, 13.11647]]}}, {"type": "Feature", "properties": {"drain_type": "SWD", "material": "Concrete", "status": "Good", "ward": "N065", "zone": "N06", "source": "Greater Chennai Corporation", "year": "2024", "shedId": "KOSAS"}, "geometry": {"type": "LineString", "coordinates": [[80.20782, 13.11576], [80.20786, 13.11647]]}}, {"type": "Feature", "properties": {"drain_type": "SWD", "material": "Concrete", "status": "Good", "ward": "N065", "zone": "N06", "source": "Greater Chennai Corporation", "year": "2024", "shedId": "KOSAS"}, "geometry": {"type": "LineString", "coordinates": [[80.20705, 13.11682], [80.20792, 13.11685]]}}, {"type": "Feature", "properties": {"drain_type": "SWD", "material": "Concrete", "status": "Good", "ward": "N065", "zone": "N06", "source": "Greater Chennai Corporation", "year": "2024", "shedId": "KOSAS"}, "geometry": {"type": "LineString", "coordinates": [[80.20665, 13.1172], [80.20795, 13.11729]]}}, {"type": "Feature", "properties": {"drain_type": "SWD", "material": "Concrete", "status": "Good", "ward": "N065", "zone": "N06", "source": "Greater Chennai Corporation", "year": "2024", "shedId": "KOSAS"}, "geometry": {"type": "LineString", "coordinates": [[80.20795, 13.11729], [80.20789, 13.11858]]}}, {"type": "Feature", "properties": {"drain_type": "SWD", "material": "Concrete", "status": "Good", "ward": "N065", "zone": "N06", "source": "Greater Chennai Corporation", "year": "2024", "shedId": "KOSAS"}, "geometry": {"type": "LineString", "coordinates": [[80.20905, 13.11726], [80.20957, 13.11708]]}}, {"type": "Feature", "properties": {"drain_type": "SWD", "material": "Concrete", "status": "Good", "ward": "N065", "zone": "N06", "source": "Greater Chennai Corporation", "year": "2024", "shedId": "KOSAS"}, "geometry": {"type": "LineString", "coordinates": [[80.20938, 13.11635], [80.20956, 13.11707], [80.20994, 13.11784]]}}, {"type": "Feature", "properties": {"drain_type": "SWD", "material": "Concrete", "status": "Good", "ward": "N065", "zone": "N06", "source": "Greater Chennai Corporation", "year": "2024", "shedId": "KOSAS"}, "geometry": {"type": "LineString", "coordinates": [[80.20994, 13.11784], [80.21023, 13.11774], [80.21084, 13.11714]]}}, {"type": "Feature", "properties": {"drain_type": "SWD", "material": "Concrete", "status": "Good", "ward": "N065", "zone": "N06", "source": "Greater Chennai Corporation", "year": "2024", "shedId": "KOSAS"}, "geometry": {"type": "LineString", "coordinates": [[80.21113, 13.11682], [80.21151, 13.11666], [80.21258, 13.11683]]}}, {"type": "Feature", "properties": {"drain_type": "SWD", "material": "Concrete", "status": "Good", "ward": "N065", "zone": "N06", "source": "Greater Chennai Corporation", "year": "2024", "shedId": "KOSAS"}, "geometry": {"type": "LineString", "coordinates": [[80.21309, 13.11669], [80.21151, 13.1164]]}}, {"type": "Feature", "properties": {"drain_type": "SWD", "material": "Concrete", "status": "Good", "ward": "N065", "zone": "N06", "source": "Greater Chennai Corporation", "year": "2024", "shedId": "KOSAS"}, "geometry": {"type": "LineString", "coordinates": [[80.21207, 13.11675], [80.21222, 13.11613], [80.21218, 13.1152]]}}, {"type": "Feature", "properties": {"drain_type": "SWD", "material": "Concrete", "status": "Good", "ward": "N065", "zone": "N06", "source": "Greater Chennai Corporation", "year": "2024", "shedId": "KOSAS"}, "geometry": {"type": "LineString", "coordinates": [[80.21221, 13.11559], [80.21255, 13.11554], [80.21302, 13.11562]]}}, {"type": "Feature", "properties": {"drain_type": "SWD", "material": "Concrete", "status": "Good", "ward": "N065", "zone": "N06", "source": "Greater Chennai Corporation", "year": "2024", "shedId": "KOSAS"}, "geometry": {"type": "LineString", "coordinates": [[80.21082, 13.11559], [80.21082, 13.11398], [80.21058, 13.11311], [80.2105, 13.11091]]}}, {"type": "Feature", "properties": {"drain_type": "SWD", "material": "Concrete", "status": "Good", "ward": "N065", "zone": "N06", "source": "Greater Chennai Corporation", "year": "2024", "shedId": "KOSAS"}, "geometry": {"type": "LineString", "coordinates": [[80.21183, 13.11356], [80.21228, 13.11321], [80.21324, 13.11298], [80.2136, 13.11257], [80.21361, 13.11218]]}}, {"type": "Feature", "properties": {"drain_type": "SWD", "material": "Concrete", "status": "Good", "ward": "N065", "zone": "N06", "source": "Greater Chennai Corporation", "year": "2024", "shedId": "KOSAS"}, "geometry": {"type": "LineString", "coordinates": [[80.21361, 13.11218], [80.21513, 13.1121], [80.21657, 13.1115], [80.21898, 13.11108]]}}, {"type": "Feature", "properties": {"drain_type": "SWD", "material": "Concrete", "status": "Good", "ward": "N065", "zone": "N06", "source": "Greater Chennai Corporation", "year": "2024", "shedId": "KOSAS"}, "geometry": {"type": "LineString", "coordinates": [[80.21876, 13.11112], [80.21916, 13.11351]]}}, {"type": "Feature", "properties": {"drain_type": "SWD", "material": "Concrete", "status": "Good", "ward": "N065", "zone": "N06", "source": "Greater Chennai Corporation", "year": "2024", "shedId": "KOSAS"}, "geometry": {"type": "LineString", "coordinates": [[80.21276, 13.11413], [80.21921, 13.1135]]}}, {"type": "Feature", "properties": {"drain_type": "SWD", "material": "Concrete", "status": "Good", "ward": "N065", "zone": "N06", "source": "Greater Chennai Corporation", "year": "2024", "shedId": "KOSAS"}, "geometry": {"type": "LineString", "coordinates": [[80.21699, 13.11585], [80.2169, 13.11702]]}}, {"type": "Feature", "properties": {"drain_type": "SWD", "material": "Concrete", "status": "Good", "ward": "N065", "zone": "N06", "source": "Greater Chennai Corporation", "year": "2024", "shedId": "KOSAS"}, "geometry": {"type": "LineString", "coordinates": [[80.21693, 13.11662], [80.2181, 13.11672]]}}, {"type": "Feature", "properties": {"drain_type": "SWD", "material": "Concrete", "status": "Good", "ward": "N065", "zone": "N06", "source": "Greater Chennai Corporation", "year": "2024", "shedId": "KOSAS"}, "geometry": {"type": "LineString", "coordinates": [[80.21838, 13.11486], [80.21857, 13.11608]]}}, {"type": "Feature", "properties": {"drain_type": "SWD", "material": "Concrete", "status": "Good", "ward": "N065", "zone": "N06", "source": "Greater Chennai Corporation", "year": "2024", "shedId": "KOSAS"}, "geometry": {"type": "LineString", "coordinates": [[80.21853, 13.11579], [80.21887, 13.11576]]}}, {"type": "Feature", "properties": {"drain_type": "SWD", "material": "Concrete", "status": "Good", "ward": "N065", "zone": "N06", "source": "Greater Chennai Corporation", "year": "2024", "shedId": "KOSAS"}, "geometry": {"type": "LineString", "coordinates": [[80.2194, 13.11587], [80.21921, 13.11717], [80.2194, 13.11794]]}}, {"type": "Feature", "properties": {"drain_type": "SWD", "material": "Concrete", "status": "Good", "ward": "N065", "zone": "N06", "source": "Greater Chennai Corporation", "year": "2024", "shedId": "KOSAS"}, "geometry": {"type": "LineString", "coordinates": [[80.20504, 13.12442], [80.20497, 13.12449], [80.20469, 13.12448]]}}, {"type": "Feature", "properties": {"drain_type": "SWD", "material": "Concrete", "status": "Good", "ward": "N065", "zone": "N06", "source": "Greater Chennai Corporation", "year": "2024", "shedId": "KOSAS"}, "geometry": {"type": "LineString", "coordinates": [[80.20504, 13.12405], [80.20504, 13.12442]]}}, {"type": "Feature", "properties": {"drain_type": "SWD", "material": "Concrete", "status": "Good", "ward": "N065", "zone": "N06", "source": "Greater Chennai Corporation", "year": "2024", "shedId": "KOSAS"}, "geometry": {"type": "LineString", "coordinates": [[80.20439, 13.12411], [80.20503, 13.12409], [80.20503, 13.12409]]}}, {"type": "Feature", "properties": {"drain_type": "SWD", "material": "Concrete", "status": "Good", "ward": "N065", "zone": "N06", "source": "Greater Chennai Corporation", "year": "2024", "shedId": "KOSAS"}, "geometry": {"type": "LineString", "coordinates": [[80.20896, 13.11599], [80.2105, 13.11592]]}}, {"type": "Feature", "properties": {"drain_type": "SWD", "material": "Concrete", "status": "Good", "ward": "N065", "zone": "N06", "source": "Greater Chennai Corporation", "year": "2024", "shedId": "KOSAS"}, "geometry": {"type": "LineString", "coordinates": [[80.2067, 13.12006], [80.20571, 13.11998]]}}, {"type": "Feature", "properties": {"drain_type": "SWD", "material": "Concrete", "status": "Good", "ward": "N065", "zone": "N06", "source": "Greater Chennai Corporation", "year": "2024", "shedId": "KOSAS"}, "geometry": {"type": "LineString", "coordinates": [[80.20722, 13.12009], [80.2067, 13.12006]]}}, {"type": "Feature", "properties": {"drain_type": "SWD", "material": "Concrete", "status": "Good", "ward": "N065", "zone": "N06", "source": "Greater Chennai Corporation", "year": "2024", "shedId": "KOSAS"}, "geometry": {"type": "LineString", "coordinates": [[80.20567, 13.1205], [80.20579, 13.11884]]}}, {"type": "Feature", "properties": {"drain_type": "SWD", "material": "Concrete", "status": "Good", "ward": "N065", "zone": "N06", "source": "Greater Chennai Corporation", "year": "2024", "shedId": "KOSAS"}, "geometry": {"type": "LineString", "coordinates": [[80.20786, 13.11647], [80.20791, 13.11685]]}}, {"type": "Feature", "properties": {"drain_type": "SWD", "material": "Concrete", "status": "Good", "ward": "N065", "zone": "N06", "source": "Greater Chennai Corporation", "year": "2024", "shedId": "KOSAS"}, "geometry": {"type": "LineString", "coordinates": [[80.21071, 13.11372], [80.21127, 13.1137], [80.21183, 13.11356]]}}, {"type": "Feature", "properties": {"drain_type": "SWD", "material": "Concrete", "status": "Good", "ward": "N065", "zone": "N06", "source": "Greater Chennai Corporation", "year": "2024", "shedId": "KOSAS"}, "geometry": {"type": "LineString", "coordinates": [[80.21916, 13.11351], [80.21924, 13.1144], [80.21921, 13.11587]]}}, {"type": "Feature", "properties": {"drain_type": "SWD", "material": "Concrete", "status": "Good", "ward": "N065", "zone": "N06", "source": "Greater Chennai Corporation", "year": "2024", "shedId": "KOSAS"}, "geometry": {"type": "LineString", "coordinates": [[80.21843, 13.11512], [80.2192, 13.11508]]}}, {"type": "Feature", "properties": {"drain_type": "SWD", "material": "Concrete", "status": "Good", "ward": "N065", "zone": "N06", "source": "Greater Chennai Corporation", "year": "2024", "shedId": "KOSAS"}, "geometry": {"type": "LineString", "coordinates": [[80.21798, 13.11576], [80.21699, 13.11585]]}}, {"type": "Feature", "properties": {"drain_type": "SWD", "material": "Concrete", "status": "Good", "ward": "N065", "zone": "N06", "source": "Greater Chennai Corporation", "year": "2024", "shedId": "KOSAS"}, "geometry": {"type": "LineString", "coordinates": [[80.20542, 13.12207], [80.20631, 13.12208]]}}, {"type": "Feature", "properties": {"drain_type": "SWD", "material": "Concrete", "status": "Good", "ward": "N065", "zone": "N06", "source": "Greater Chennai Corporation", "year": "2024", "shedId": "KOSAS"}, "geometry": {"type": "LineString", "coordinates": [[80.20413, 13.11864], [80.20398, 13.12063]]}}, {"type": "Feature", "properties": {"drain_type": "SWD", "material": "Concrete", "status": "Good", "ward": "N065", "zone": "N06", "source": "Greater Chennai Corporation", "year": "2024", "shedId": "KOSAS"}, "geometry": {"type": "LineString", "coordinates": [[80.20415, 13.12529], [80.20412, 13.12488]]}}, {"type": "Feature", "properties": {"drain_type": "SWD", "material": "Concrete", "status": "Good", "ward": "N068", "zone": "N06", "source": "Greater Chennai Corporation", "year": "2024", "shedId": "KOSAS"}, "geometry": {"type": "LineString", "coordinates": [[80.23711, 13.11581], [80.23887, 13.1156]]}}, {"type": "Feature", "properties": {"drain_type": "SWD", "material": "Concrete", "status": "Good", "ward": "N068", "zone": "N06", "source": "Greater Chennai Corporation", "year": "2024", "shedId": "KOSAS"}, "geometry": {"type": "LineString", "coordinates": [[80.23829, 13.11568], [80.23847, 13.11649]]}}, {"type": "Feature", "properties": {"drain_type": "SWD", "material": "Concrete", "status": "Good", "ward": "N068", "zone": "N06", "source": "Greater Chennai Corporation", "year": "2024", "shedId": "KOSAS"}, "geometry": {"type": "LineString", "coordinates": [[80.23886, 13.11553], [80.2393, 13.11742]]}}, {"type": "Feature", "properties": {"drain_type": "SWD", "material": "Concrete", "status": "Good", "ward": "N068", "zone": "N06", "source": "Greater Chennai Corporation", "year": "2024", "shedId": "KOSAS"}, "geometry": {"type": "LineString", "coordinates": [[80.2379, 13.11774], [80.2393, 13.11742]]}}, {"type": "Feature", "properties": {"drain_type": "SWD", "material": "Concrete", "status": "Good", "ward": "N068", "zone": "N06", "source": "Greater Chennai Corporation", "year": "2024", "shedId": "KOSAS"}, "geometry": {"type": "LineString", "coordinates": [[80.23857, 13.11757], [80.23879, 13.11886]]}}, {"type": "Feature", "properties": {"drain_type": "SWD", "material": "Concrete", "status": "Good", "ward": "N068", "zone": "N06", "source": "Greater Chennai Corporation", "year": "2024", "shedId": "KOSAS"}, "geometry": {"type": "LineString", "coordinates": [[80.24031, 13.11595], [80.24035, 13.11761], [80.24111, 13.11771]]}}, {"type": "Feature", "properties": {"drain_type": "SWD", "material": "Concrete", "status": "Good", "ward": "N068", "zone": "N06", "source": "Greater Chennai Corporation", "year": "2024", "shedId": "KOSAS"}, "geometry": {"type": "LineString", "coordinates": [[80.23775, 13.11592], [80.23792, 13.11798], [80.23824, 13.11938], [80.23842, 13.12212]]}}, {"type": "Feature", "properties": {"drain_type": "SWD", "material": "Concrete", "status": "Good", "ward": "N068", "zone": "N06", "source": "Greater Chennai Corporation", "year": "2024", "shedId": "KOSAS"}, "geometry": {"type": "LineString", "coordinates": [[80.23811, 13.11775], [80.23825, 13.11885], [80.23854, 13.11955], [80.23847, 13.1208], [80.23868, 13.12215]]}}, {"type": "Feature", "properties": {"drain_type": "SWD", "material": "Concrete", "status": "Good", "ward": "N068", "zone": "N06", "source": "Greater Chennai Corporation", "year": "2024", "shedId": "KOSAS"}, "geometry": {"type": "LineString", "coordinates": [[80.23856, 13.12139], [80.23906, 13.12129], [80.2392, 13.12125]]}}, {"type": "Feature", "properties": {"drain_type": "SWD", "material": "Concrete", "status": "Good", "ward": "N068", "zone": "N06", "source": "Greater Chennai Corporation", "year": "2024", "shedId": "KOSAS"}, "geometry": {"type": "LineString", "coordinates": [[80.23863, 13.12181], [80.23929, 13.12166]]}}, {"type": "Feature", "properties": {"drain_type": "SWD", "material": "Concrete", "status": "Good", "ward": "N068", "zone": "N06", "source": "Greater Chennai Corporation", "year": "2024", "shedId": "KOSAS"}, "geometry": {"type": "LineString", "coordinates": [[80.23914, 13.12088], [80.23938, 13.12205]]}}, {"type": "Feature", "properties": {"drain_type": "SWD", "material": "Concrete", "status": "Good", "ward": "N068", "zone": "N06", "source": "Greater Chennai Corporation", "year": "2024", "shedId": "KOSAS"}, "geometry": {"type": "LineString", "coordinates": [[80.2393, 13.1217], [80.23931, 13.1217], [80.23996, 13.12154]]}}, {"type": "Feature", "properties": {"drain_type": "SWD", "material": "Concrete", "status": "Good", "ward": "N068", "zone": "N06", "source": "Greater Chennai Corporation", "year": "2024", "shedId": "KOSAS"}, "geometry": {"type": "LineString", "coordinates": [[80.23922, 13.1213], [80.23989, 13.12113]]}}, {"type": "Feature", "properties": {"drain_type": "SWD", "material": "Concrete", "status": "Good", "ward": "N068", "zone": "N06", "source": "Greater Chennai Corporation", "year": "2024", "shedId": "KOSAS"}, "geometry": {"type": "LineString", "coordinates": [[80.23914, 13.12088], [80.2396, 13.12077], [80.23953, 13.12047]]}}, {"type": "Feature", "properties": {"drain_type": "SWD", "material": "Concrete", "status": "Good", "ward": "N068", "zone": "N06", "source": "Greater Chennai Corporation", "year": "2024", "shedId": "KOSAS"}, "geometry": {"type": "LineString", "coordinates": [[80.23658, 13.12193], [80.23873, 13.12229], [80.24252, 13.12137]]}}, {"type": "Feature", "properties": {"drain_type": "SWD", "material": "Concrete", "status": "Good", "ward": "N068", "zone": "N06", "source": "Greater Chennai Corporation", "year": "2024", "shedId": "KOSAS"}, "geometry": {"type": "LineString", "coordinates": [[80.2378, 13.11932], [80.23811, 13.11927], [80.23821, 13.11925]]}}, {"type": "Feature", "properties": {"drain_type": "SWD", "material": "Concrete", "status": "Good", "ward": "N068", "zone": "N06", "source": "Greater Chennai Corporation", "year": "2024", "shedId": "KOSAS"}, "geometry": {"type": "LineString", "coordinates": [[80.23628, 13.11763], [80.23647, 13.11889], [80.23655, 13.12173]]}}, {"type": "Feature", "properties": {"drain_type": "SWD", "material": "Concrete", "status": "Good", "ward": "N068", "zone": "N06", "source": "Greater Chennai Corporation", "year": "2024", "shedId": "KOSAS"}, "geometry": {"type": "LineString", "coordinates": [[80.23653, 13.12064], [80.23801, 13.12065]]}}, {"type": "Feature", "properties": {"drain_type": "SWD", "material": "Concrete", "status": "Good", "ward": "N068", "zone": "N06", "source": "Greater Chennai Corporation", "year": "2024", "shedId": "KOSAS"}, "geometry": {"type": "LineString", "coordinates": [[80.2365, 13.11981], [80.23795, 13.11982]]}}, {"type": "Feature", "properties": {"drain_type": "SWD", "material": "Concrete", "status": "Good", "ward": "N068", "zone": "N06", "source": "Greater Chennai Corporation", "year": "2024", "shedId": "KOSAS"}, "geometry": {"type": "LineString", "coordinates": [[80.23429, 13.12024], [80.23822, 13.12024]]}}, {"type": "Feature", "properties": {"drain_type": "SWD", "material": "Concrete", "status": "Good", "ward": "N068", "zone": "N06", "source": "Greater Chennai Corporation", "year": "2024", "shedId": "KOSAS"}, "geometry": {"type": "LineString", "coordinates": [[80.23405, 13.11839], [80.23424, 13.11937], [80.23447, 13.12152]]}}, {"type": "Feature", "properties": {"drain_type": "SWD", "material": "Concrete", "status": "Good", "ward": "N068", "zone": "N06", "source": "Greater Chennai Corporation", "year": "2024", "shedId": "KOSAS"}, "geometry": {"type": "LineString", "coordinates": [[80.23429, 13.12016], [80.23511, 13.12016]]}}, {"type": "Feature", "properties": {"drain_type": "SWD", "material": "Concrete", "status": "Good", "ward": "N068", "zone": "N06", "source": "Greater Chennai Corporation", "year": "2024", "shedId": "KOSAS"}, "geometry": {"type": "LineString", "coordinates": [[80.2334, 13.11863], [80.23364, 13.1202], [80.23333, 13.12126]]}}, {"type": "Feature", "properties": {"drain_type": "SWD", "material": "Concrete", "status": "Good", "ward": "N068", "zone": "N06", "source": "Greater Chennai Corporation", "year": "2024", "shedId": "KOSAS"}, "geometry": {"type": "LineString", "coordinates": [[80.23309, 13.12121], [80.23637, 13.1219]]}}, {"type": "Feature", "properties": {"drain_type": "SWD", "material": "Concrete", "status": "Good", "ward": "N068", "zone": "N06", "source": "Greater Chennai Corporation", "year": "2024", "shedId": "KOSAS"}, "geometry": {"type": "LineString", "coordinates": [[80.23625, 13.12188], [80.23635, 13.12271]]}}, {"type": "Feature", "properties": {"drain_type": "SWD", "material": "Concrete", "status": "Good", "ward": "N068", "zone": "N06", "source": "Greater Chennai Corporation", "year": "2024", "shedId": "KOSAS"}, "geometry": {"type": "LineString", "coordinates": [[80.23557, 13.12174], [80.23569, 13.12282]]}}, {"type": "Feature", "properties": {"drain_type": "SWD", "material": "Concrete", "status": "Good", "ward": "N068", "zone": "N06", "source": "Greater Chennai Corporation", "year": "2024", "shedId": "KOSAS"}, "geometry": {"type": "LineString", "coordinates": [[80.23419, 13.12145], [80.23427, 13.12228], [80.2342, 13.12233]]}}, {"type": "Feature", "properties": {"drain_type": "SWD", "material": "Concrete", "status": "Good", "ward": "N068", "zone": "N06", "source": "Greater Chennai Corporation", "year": "2024", "shedId": "KOSAS"}, "geometry": {"type": "LineString", "coordinates": [[80.23352, 13.1213], [80.23378, 13.12289]]}}, {"type": "Feature", "properties": {"drain_type": "SWD", "material": "Concrete", "status": "Good", "ward": "N068", "zone": "N06", "source": "Greater Chennai Corporation", "year": "2024", "shedId": "KOSAS"}, "geometry": {"type": "LineString", "coordinates": [[80.23252, 13.12585], [80.23236, 13.12457], [80.23284, 13.12342], [80.2328, 13.12287]]}}, {"type": "Feature", "properties": {"drain_type": "SWD", "material": "Concrete", "status": "Good", "ward": "N068", "zone": "N06", "source": "Greater Chennai Corporation", "year": "2024", "shedId": "KOSAS"}, "geometry": {"type": "LineString", "coordinates": [[80.23258, 13.12317], [80.23278, 13.12315], [80.23283, 13.12315]]}}, {"type": "Feature", "properties": {"drain_type": "SWD", "material": "Concrete", "status": "Good", "ward": "N068", "zone": "N06", "source": "Greater Chennai Corporation", "year": "2024", "shedId": "KOSAS"}, "geometry": {"type": "LineString", "coordinates": [[80.23203, 13.11833], [80.23222, 13.11891], [80.23264, 13.12097]]}}, {"type": "Feature", "properties": {"drain_type": "SWD", "material": "Concrete", "status": "Good", "ward": "N068", "zone": "N06", "source": "Greater Chennai Corporation", "year": "2024", "shedId": "KOSAS"}, "geometry": {"type": "LineString", "coordinates": [[80.23334, 13.11681], [80.23373, 13.11675], [80.23405, 13.11839]]}}, {"type": "Feature", "properties": {"drain_type": "SWD", "material": "Concrete", "status": "Good", "ward": "N068", "zone": "N06", "source": "Greater Chennai Corporation", "year": "2024", "shedId": "KOSAS"}, "geometry": {"type": "LineString", "coordinates": [[80.23847, 13.11649], [80.23854, 13.11688], [80.23854, 13.11705]]}}, {"type": "Feature", "properties": {"drain_type": "SWD", "material": "Concrete", "status": "Good", "ward": "N070", "zone": "N06", "source": "Greater Chennai Corporation", "year": "2024", "shedId": "KOSAS"}, "geometry": {"type": "LineString", "coordinates": [[80.24361, 13.11308], [80.24355, 13.11055], [80.24435, 13.10938], [80.24424, 13.10834]]}}, {"type": "Feature", "properties": {"drain_type": "SWD", "material": "Concrete", "status": "Good", "ward": "N070", "zone": "N06", "source": "Greater Chennai Corporation", "year": "2024", "shedId": "KOSAS"}, "geometry": {"type": "LineString", "coordinates": [[80.24424, 13.10834], [80.24524, 13.10801], [80.24641, 13.10807]]}}, {"type": "Feature", "properties": {"drain_type": "SWD", "material": "Concrete", "status": "Good", "ward": "N070", "zone": "N06", "source": "Greater Chennai Corporation", "year": "2024", "shedId": "KOSAS"}, "geometry": {"type": "LineString", "coordinates": [[80.24358, 13.11169], [80.24542, 13.11149]]}}, {"type": "Feature", "properties": {"drain_type": "SWD", "material": "Concrete", "status": "Good", "ward": "N070", "zone": "N06", "source": "Greater Chennai Corporation", "year": "2024", "shedId": "KOSAS"}, "geometry": {"type": "LineString", "coordinates": [[80.24365, 13.11123], [80.24539, 13.11103]]}}, {"type": "Feature", "properties": {"drain_type": "SWD", "material": "Concrete", "status": "Good", "ward": "N070", "zone": "N06", "source": "Greater Chennai Corporation", "year": "2024", "shedId": "KOSAS"}, "geometry": {"type": "LineString", "coordinates": [[80.24547, 13.11224], [80.2454, 13.11076]]}}, {"type": "Feature", "properties": {"drain_type": "SWD", "material": "Concrete", "status": "Good", "ward": "N070", "zone": "N06", "source": "Greater Chennai Corporation", "year": "2024", "shedId": "KOSAS"}, "geometry": {"type": "LineString", "coordinates": [[80.2454, 13.11076], [80.24807, 13.1106]]}}, {"type": "Feature", "properties": {"drain_type": "SWD", "material": "Concrete", "status": "Good", "ward": "N070", "zone": "N06", "source": "Greater Chennai Corporation", "year": "2024", "shedId": "KOSAS"}, "geometry": {"type": "LineString", "coordinates": [[80.24807, 13.1106], [80.2484, 13.1133]]}}, {"type": "Feature", "properties": {"drain_type": "SWD", "material": "Concrete", "status": "Good", "ward": "N070", "zone": "N06", "source": "Greater Chennai Corporation", "year": "2024", "shedId": "KOSAS"}, "geometry": {"type": "LineString", "coordinates": [[80.24832, 13.11282], [80.24831, 13.11282], [80.24803, 13.11285]]}}, {"type": "Feature", "properties": {"drain_type": "SWD", "material": "Concrete", "status": "Good", "ward": "N070", "zone": "N06", "source": "Greater Chennai Corporation", "year": "2024", "shedId": "KOSAS"}, "geometry": {"type": "LineString", "coordinates": [[80.24782, 13.1135], [80.2484, 13.11331], [80.24971, 13.11305]]}}, {"type": "Feature", "properties": {"drain_type": "SWD", "material": "Concrete", "status": "Good", "ward": "N070", "zone": "N06", "source": "Greater Chennai Corporation", "year": "2024", "shedId": "KOSAS"}, "geometry": {"type": "LineString", "coordinates": [[80.24971, 13.11305], [80.24942, 13.11163]]}}, {"type": "Feature", "properties": {"drain_type": "SWD", "material": "Concrete", "status": "Good", "ward": "N070", "zone": "N06", "source": "Greater Chennai Corporation", "year": "2024", "shedId": "KOSAS"}, "geometry": {"type": "LineString", "coordinates": [[80.25116, 13.11525], [80.251, 13.11408], [80.25061, 13.11304]]}}, {"type": "Feature", "properties": {"drain_type": "SWD", "material": "Concrete", "status": "Good", "ward": "N070", "zone": "N06", "source": "Greater Chennai Corporation", "year": "2024", "shedId": "KOSAS"}, "geometry": {"type": "LineString", "coordinates": [[80.25061, 13.11304], [80.25256, 13.11281]]}}, {"type": "Feature", "properties": {"drain_type": "SWD", "material": "Concrete", "status": "Good", "ward": "N070", "zone": "N06", "source": "Greater Chennai Corporation", "year": "2024", "shedId": "KOSAS"}, "geometry": {"type": "LineString", "coordinates": [[80.25188, 13.1128], [80.25209, 13.11462]]}}, {"type": "Feature", "properties": {"drain_type": "SWD", "material": "Concrete", "status": "Good", "ward": "N070", "zone": "N06", "source": "Greater Chennai Corporation", "year": "2024", "shedId": "KOSAS"}, "geometry": {"type": "LineString", "coordinates": [[80.24814, 13.11062], [80.24787, 13.10811]]}}, {"type": "Feature", "properties": {"drain_type": "SWD", "material": "Concrete", "status": "Good", "ward": "N070", "zone": "N06", "source": "Greater Chennai Corporation", "year": "2024", "shedId": "KOSAS"}, "geometry": {"type": "LineString", "coordinates": [[80.24766, 13.10811], [80.24884, 13.1082], [80.25259, 13.10873]]}}, {"type": "Feature", "properties": {"drain_type": "SWD", "material": "Concrete", "status": "Good", "ward": "N070", "zone": "N06", "source": "Greater Chennai Corporation", "year": "2024", "shedId": "KOSAS"}, "geometry": {"type": "LineString", "coordinates": [[80.25177, 13.1086], [80.2519, 13.11143]]}}, {"type": "Feature", "properties": {"drain_type": "SWD", "material": "Concrete", "status": "Good", "ward": "N070", "zone": "N06", "source": "Greater Chennai Corporation", "year": "2024", "shedId": "KOSAS"}, "geometry": {"type": "LineString", "coordinates": [[80.25177, 13.10886], [80.25171, 13.10909], [80.24929, 13.10921]]}}, {"type": "Feature", "properties": {"drain_type": "SWD", "material": "Concrete", "status": "Good", "ward": "N070", "zone": "N06", "source": "Greater Chennai Corporation", "year": "2024", "shedId": "KOSAS"}, "geometry": {"type": "LineString", "coordinates": [[80.24923, 13.10826], [80.2495, 13.11166]]}}, {"type": "Feature", "properties": {"drain_type": "SWD", "material": "Concrete", "status": "Good", "ward": "N070", "zone": "N06", "source": "Greater Chennai Corporation", "year": "2024", "shedId": "KOSAS"}, "geometry": {"type": "LineString", "coordinates": [[80.24749, 13.10954], [80.24803, 13.10953]]}}, {"type": "Feature", "properties": {"drain_type": "SWD", "material": "Concrete", "status": "Good", "ward": "N070", "zone": "N06", "source": "Greater Chennai Corporation", "year": "2024", "shedId": "KOSAS"}, "geometry": {"type": "LineString", "coordinates": [[80.24577, 13.1085], [80.24784, 13.1086]]}}, {"type": "Feature", "properties": {"drain_type": "SWD", "material": "Concrete", "status": "Good", "ward": "N070", "zone": "N06", "source": "Greater Chennai Corporation", "year": "2024", "shedId": "KOSAS"}, "geometry": {"type": "LineString", "coordinates": [[80.24785, 13.10861], [80.24781, 13.10826]]}}, {"type": "Feature", "properties": {"drain_type": "SWD", "material": "Concrete", "status": "Good", "ward": "N070", "zone": "N06", "source": "Greater Chennai Corporation", "year": "2024", "shedId": "KOSAS"}, "geometry": {"type": "LineString", "coordinates": [[80.2525, 13.11137], [80.25134, 13.11148]]}}, {"type": "Feature", "properties": {"drain_type": "SWD", "material": "Concrete", "status": "Good", "ward": "N070", "zone": "N06", "source": "Greater Chennai Corporation", "year": "2024", "shedId": "KOSAS"}, "geometry": {"type": "LineString", "coordinates": [[80.25137, 13.11148], [80.25153, 13.11272]]}}, {"type": "Feature", "properties": {"drain_type": "SWD", "material": "Concrete", "status": "Good", "ward": "N070", "zone": "N06", "source": "Greater Chennai Corporation", "year": "2024", "shedId": "KOSAS"}, "geometry": {"type": "LineString", "coordinates": [[80.24812, 13.10669], [80.24772, 13.10497]]}}, {"type": "Feature", "properties": {"drain_type": "SWD", "material": "Concrete", "status": "Good", "ward": "N070", "zone": "N06", "source": "Greater Chennai Corporation", "year": "2024", "shedId": "KOSAS"}, "geometry": {"type": "LineString", "coordinates": [[80.24925, 13.10471], [80.24967, 13.10626]]}}, {"type": "Feature", "properties": {"drain_type": "SWD", "material": "Concrete", "status": "Good", "ward": "N070", "zone": "N06", "source": "Greater Chennai Corporation", "year": "2024", "shedId": "KOSAS"}, "geometry": {"type": "LineString", "coordinates": [[80.25048, 13.1061], [80.25005, 13.10453]]}}, {"type": "Feature", "properties": {"drain_type": "SWD", "material": "Concrete", "status": "Good", "ward": "N070", "zone": "N06", "source": "Greater Chennai Corporation", "year": "2024", "shedId": "KOSAS"}, "geometry": {"type": "LineString", "coordinates": [[80.25029, 13.10452], [80.25071, 13.10445], [80.25127, 13.10598]]}}, {"type": "Feature", "properties": {"drain_type": "SWD", "material": "Concrete", "status": "Good", "ward": "N070", "zone": "N06", "source": "Greater Chennai Corporation", "year": "2024", "shedId": "KOSAS"}, "geometry": {"type": "LineString", "coordinates": [[80.25436, 13.10722], [80.25413, 13.10722], [80.25333, 13.10508]]}}, {"type": "Feature", "properties": {"drain_type": "SWD", "material": "Concrete", "status": "Good", "ward": "N070", "zone": "N06", "source": "Greater Chennai Corporation", "year": "2024", "shedId": "KOSAS"}, "geometry": {"type": "LineString", "coordinates": [[80.25324, 13.10491], [80.25126, 13.10599], [80.24867, 13.10648], [80.2476, 13.10689]]}}, {"type": "Feature", "properties": {"drain_type": "SWD", "material": "Concrete", "status": "Good", "ward": "N070", "zone": "N06", "source": "Greater Chennai Corporation", "year": "2024", "shedId": "KOSAS"}, "geometry": {"type": "LineString", "coordinates": [[80.24814, 13.10682], [80.25112, 13.10618], [80.25405, 13.1048]]}}, {"type": "Feature", "properties": {"drain_type": "SWD", "material": "Concrete Wall", "status": "Good", "ward": "N083", "zone": "N07", "source": "Greater Chennai Corporation", "year": "2024", "shedId": "KOSAS"}, "geometry": {"type": "LineString", "coordinates": [[80.18032, 13.10851], [80.18339, 13.10828]]}}, {"type": "Feature", "properties": {"drain_type": "SWD", "material": "Concrete Wall", "status": "Good", "ward": "N083", "zone": "N07", "source": "Greater Chennai Corporation", "year": "2024", "shedId": "KOSAS"}, "geometry": {"type": "LineString", "coordinates": [[80.18231, 13.10837], [80.18248, 13.11022]]}}, {"type": "Feature", "properties": {"drain_type": "SWD", "material": "Concrete Wall", "status": "Good", "ward": "N083", "zone": "N07", "source": "Greater Chennai Corporation", "year": "2024", "shedId": "KOSAS"}, "geometry": {"type": "LineString", "coordinates": [[80.18235, 13.10891], [80.18035, 13.10906]]}}, {"type": "Feature", "properties": {"drain_type": "SWD", "material": "Concrete Wall", "status": "Good", "ward": "N083", "zone": "N07", "source": "Greater Chennai Corporation", "year": "2024", "shedId": "KOSAS"}, "geometry": {"type": "LineString", "coordinates": [[80.1816, 13.10933], [80.18239, 13.10927]]}}, {"type": "Feature", "properties": {"drain_type": "SWD", "material": "Concrete Wall", "status": "Good", "ward": "N083", "zone": "N07", "source": "Greater Chennai Corporation", "year": "2024", "shedId": "KOSAS"}, "geometry": {"type": "LineString", "coordinates": [[80.18242, 13.10961], [80.18125, 13.10969], [80.1804, 13.10976]]}}, {"type": "Feature", "properties": {"drain_type": "SWD", "material": "Concrete Wall", "status": "Good", "ward": "N083", "zone": "N07", "source": "Greater Chennai Corporation", "year": "2024", "shedId": "KOSAS"}, "geometry": {"type": "LineString", "coordinates": [[80.18032, 13.1085], [80.18044, 13.11026]]}}, {"type": "Feature", "properties": {"drain_type": "SWD", "material": "Concrete Wall", "status": "Good", "ward": "N083", "zone": "N07", "source": "Greater Chennai Corporation", "year": "2024", "shedId": "KOSAS"}, "geometry": {"type": "LineString", "coordinates": [[80.18101, 13.11228], [80.18059, 13.1123]]}}, {"type": "Feature", "properties": {"drain_type": "SWD", "material": "Concrete Wall", "status": "Good", "ward": "N083", "zone": "N07", "source": "Greater Chennai Corporation", "year": "2024", "shedId": "KOSAS"}, "geometry": {"type": "LineString", "coordinates": [[80.18101, 13.11256], [80.18059, 13.1126]]}}, {"type": "Feature", "properties": {"drain_type": "Side Drain", "material": "Concrete Wall", "status": "Bad", "ward": "N083", "zone": "N07", "source": "Greater Chennai Corporation", "year": "2024", "shedId": "KOSAS"}, "geometry": {"type": "LineString", "coordinates": [[80.18353, 13.11014], [80.18338, 13.10828]]}}, {"type": "Feature", "properties": {"drain_type": "SWD", "material": "Concrete Wall", "status": "Good", "ward": "N083", "zone": "N07", "source": "Greater Chennai Corporation", "year": "2024", "shedId": "KOSAS"}, "geometry": {"type": "LineString", "coordinates": [[80.18169, 13.11125], [80.18327, 13.11122]]}}, {"type": "Feature", "properties": {"drain_type": "SWD", "material": "Concrete Wall", "status": "Good", "ward": "N083", "zone": "N07", "source": "Greater Chennai Corporation", "year": "2024", "shedId": "KOSAS"}, "geometry": {"type": "LineString", "coordinates": [[80.18267, 13.11065], [80.18321, 13.1106]]}}, {"type": "Feature", "properties": {"drain_type": "SWD", "material": "Concrete Wall", "status": "Good", "ward": "N083", "zone": "N07", "source": "Greater Chennai Corporation", "year": "2024", "shedId": "KOSAS"}, "geometry": {"type": "LineString", "coordinates": [[80.18326, 13.11026], [80.18337, 13.11122], [80.1831, 13.11185], [80.18313, 13.11218]]}}, {"type": "Feature", "properties": {"drain_type": "Side Drain", "material": "Concrete Wall", "status": "Good", "ward": "N083", "zone": "N07", "source": "Greater Chennai Corporation", "year": "2024", "shedId": "KOSAS"}, "geometry": {"type": "LineString", "coordinates": [[80.18328, 13.113], [80.18533, 13.11275]]}}, {"type": "Feature", "properties": {"drain_type": "SWD", "material": "Concrete Wall", "status": "Good", "ward": "N083", "zone": "N07", "source": "Greater Chennai Corporation", "year": "2024", "shedId": "KOSAS"}, "geometry": {"type": "LineString", "coordinates": [[80.18435, 13.11015], [80.18438, 13.11182], [80.18523, 13.11208], [80.18533, 13.11275]]}}, {"type": "Feature", "properties": {"drain_type": "SWD", "material": "Concrete Wall", "status": "Good", "ward": "N083", "zone": "N07", "source": "Greater Chennai Corporation", "year": "2024", "shedId": "KOSAS"}, "geometry": {"type": "LineString", "coordinates": [[80.18644, 13.10989], [80.1863, 13.10808]]}}, {"type": "Feature", "properties": {"drain_type": "SWD", "material": "Concrete Wall", "status": "Good", "ward": "N083", "zone": "N07", "source": "Greater Chennai Corporation", "year": "2024", "shedId": "KOSAS"}, "geometry": {"type": "LineString", "coordinates": [[80.18502, 13.10873], [80.18569, 13.10867], [80.18636, 13.10861]]}}, {"type": "Feature", "properties": {"drain_type": "SWD", "material": "Concrete Wall", "status": "Good", "ward": "N083", "zone": "N07", "source": "Greater Chennai Corporation", "year": "2024", "shedId": "KOSAS"}, "geometry": {"type": "LineString", "coordinates": [[80.18502, 13.10907], [80.18637, 13.10894], [80.18639, 13.10894]]}}, {"type": "Feature", "properties": {"drain_type": "SWD", "material": "Concrete Wall", "status": "Good", "ward": "N083", "zone": "N07", "source": "Greater Chennai Corporation", "year": "2024", "shedId": "KOSAS"}, "geometry": {"type": "LineString", "coordinates": [[80.18508, 13.10942], [80.18568, 13.10936], [80.18641, 13.10929]]}}, {"type": "Feature", "properties": {"drain_type": "SWD", "material": "Concrete Wall", "status": "Good", "ward": "N083", "zone": "N07", "source": "Greater Chennai Corporation", "year": "2024", "shedId": "KOSAS"}, "geometry": {"type": "LineString", "coordinates": [[80.18743, 13.10985], [80.18729, 13.10863], [80.18653, 13.10785]]}}, {"type": "Feature", "properties": {"drain_type": "SWD", "material": "Concrete Wall", "status": "Good", "ward": "N083", "zone": "N07", "source": "Greater Chennai Corporation", "year": "2024", "shedId": "KOSAS"}, "geometry": {"type": "LineString", "coordinates": [[80.18715, 13.10989], [80.18722, 13.11013], [80.18716, 13.11149]]}}, {"type": "Feature", "properties": {"drain_type": "SWD", "material": "Concrete Wall", "status": "Good", "ward": "N083", "zone": "N07", "source": "Greater Chennai Corporation", "year": "2024", "shedId": "KOSAS"}, "geometry": {"type": "LineString", "coordinates": [[80.18839, 13.11756], [80.19135, 13.11753]]}}, {"type": "Feature", "properties": {"drain_type": "SWD", "material": "Concrete Wall", "status": "Good", "ward": "N083", "zone": "N07", "source": "Greater Chennai Corporation", "year": "2024", "shedId": "KOSAS"}, "geometry": {"type": "LineString", "coordinates": [[80.198, 13.11654], [80.1993, 13.11613], [80.1992, 13.11565], [80.19876, 13.1157], [80.19858, 13.11505]]}}, {"type": "Feature", "properties": {"drain_type": "SWD", "material": "Concrete Wall", "status": "Good", "ward": "N083", "zone": "N07", "source": "Greater Chennai Corporation", "year": "2024", "shedId": "KOSAS"}, "geometry": {"type": "LineString", "coordinates": [[80.19819, 13.11652], [80.19839, 13.11749], [80.19874, 13.1183]]}}, {"type": "Feature", "properties": {"drain_type": "SWD", "material": "Concrete Wall", "status": "Good", "ward": "N083", "zone": "N07", "source": "Greater Chennai Corporation", "year": "2024", "shedId": "KOSAS"}, "geometry": {"type": "LineString", "coordinates": [[80.19926, 13.11718], [80.19894, 13.11729], [80.19838, 13.11744]]}}, {"type": "Feature", "properties": {"drain_type": "SWD", "material": "Concrete Wall", "status": "Good", "ward": "N083", "zone": "N07", "source": "Greater Chennai Corporation", "year": "2024", "shedId": "KOSAS"}, "geometry": {"type": "LineString", "coordinates": [[80.18011, 13.11158], [80.18021, 13.11302]]}}, {"type": "Feature", "properties": {"drain_type": "Side Drain", "material": "Concrete Wall", "status": "Good", "ward": "N083", "zone": "N07", "source": "Greater Chennai Corporation", "year": "2024", "shedId": "KOSAS"}, "geometry": {"type": "LineString", "coordinates": [[80.1862, 13.11097], [80.18624, 13.11154], [80.18633, 13.11151]]}}, {"type": "Feature", "properties": {"drain_type": "SWD", "material": "Concrete Wall", "status": "Good", "ward": "N083", "zone": "N07", "source": "Greater Chennai Corporation", "year": "2024", "shedId": "KOSAS"}, "geometry": {"type": "LineString", "coordinates": [[80.18094, 13.11335], [80.17987, 13.11344]]}}, {"type": "Feature", "properties": {"drain_type": "SWD", "material": "Concrete Wall", "status": "Good", "ward": "N083", "zone": "N07", "source": "Greater Chennai Corporation", "year": "2024", "shedId": "KOSAS"}, "geometry": {"type": "LineString", "coordinates": [[80.18053, 13.11154], [80.18169, 13.1115]]}}, {"type": "Feature", "properties": {"drain_type": "SWD", "material": "Concrete Wall", "status": "Good", "ward": "N083", "zone": "N07", "source": "Greater Chennai Corporation", "year": "2024", "shedId": "KOSAS"}, "geometry": {"type": "LineString", "coordinates": [[80.18021, 13.11302], [80.18102, 13.11295]]}}, {"type": "Feature", "properties": {"drain_type": "SWD", "material": "Concrete Wall", "status": "Good", "ward": "N083", "zone": "N07", "source": "Greater Chennai Corporation", "year": "2024", "shedId": "KOSAS"}, "geometry": {"type": "LineString", "coordinates": [[80.18022, 13.10854], [80.18068, 13.11334]]}}, {"type": "Feature", "properties": {"drain_type": "SWD", "material": "Concrete Wall", "status": "Good", "ward": "N083", "zone": "N07", "source": "Greater Chennai Corporation", "year": "2024", "shedId": "KOSAS"}, "geometry": {"type": "LineString", "coordinates": [[80.18352, 13.11002], [80.18044, 13.11026]]}}, {"type": "Feature", "properties": {"drain_type": "Side Drain", "material": "Concrete Wall", "status": "Good", "ward": "N083", "zone": "N07", "source": "Greater Chennai Corporation", "year": "2024", "shedId": "KOSAS"}, "geometry": {"type": "LineString", "coordinates": [[80.18319, 13.11028], [80.18329, 13.11122], [80.18308, 13.11221], [80.18259, 13.11227]]}}, {"type": "Feature", "properties": {"drain_type": "SWD", "material": "Concrete Wall", "status": "Good", "ward": "N083", "zone": "N07", "source": "Greater Chennai Corporation", "year": "2024", "shedId": "KOSAS"}, "geometry": {"type": "LineString", "coordinates": [[80.18667, 13.11153], [80.18664, 13.11205], [80.18551, 13.11213], [80.18547, 13.112]]}}, {"type": "Feature", "properties": {"drain_type": "Side Drain", "material": "Concrete Wall", "status": "Good", "ward": "N083", "zone": "N07", "source": "Greater Chennai Corporation", "year": "2024", "shedId": "KOSAS"}, "geometry": {"type": "LineString", "coordinates": [[80.18716, 13.11149], [80.18631, 13.11149], [80.1863, 13.11123], [80.18712, 13.11117]]}}, {"type": "Feature", "properties": {"drain_type": "SWD", "material": "Concrete Wall", "status": "Good", "ward": "N083", "zone": "N07", "source": "Greater Chennai Corporation", "year": "2024", "shedId": "KOSAS"}, "geometry": {"type": "LineString", "coordinates": [[80.19245, 13.11597], [80.19342, 13.11747], [80.19592, 13.11732]]}}, {"type": "Feature", "properties": {"drain_type": "SWD", "material": "Concrete Wall", "status": "Good", "ward": "N083", "zone": "N07", "source": "Greater Chennai Corporation", "year": "2024", "shedId": "KOSAS"}, "geometry": {"type": "LineString", "coordinates": [[80.19592, 13.11732], [80.19592, 13.11833], [80.19619, 13.1184], [80.19631, 13.11929], [80.19728, 13.11891], [80.19825, 13.11883]]}}, {"type": "Feature", "properties": {"drain_type": "SWD", "material": "Concrete Wall", "status": "Good", "ward": "N083", "zone": "N07", "source": "Greater Chennai Corporation", "year": "2024", "shedId": "KOSAS"}, "geometry": {"type": "LineString", "coordinates": [[80.19137, 13.11728], [80.19024, 13.11727], [80.19024, 13.11642], [80.1914, 13.11645]]}}, {"type": "Feature", "properties": {"drain_type": "SWD", "material": "Concrete Wall", "status": "Good", "ward": "N083", "zone": "N07", "source": "Greater Chennai Corporation", "year": "2024", "shedId": "KOSAS"}, "geometry": {"type": "LineString", "coordinates": [[80.19134, 13.11816], [80.1914, 13.11645], [80.19245, 13.11597]]}}, {"type": "Feature", "properties": {"drain_type": "SWD", "material": "Concrete Wall", "status": "Good", "ward": "N083", "zone": "N07", "source": "Greater Chennai Corporation", "year": "2024", "shedId": "KOSAS"}, "geometry": {"type": "LineString", "coordinates": [[80.18488, 13.10827], [80.18505, 13.10986], [80.18643, 13.10973]]}}, {"type": "Feature", "properties": {"drain_type": "SWD", "material": "Concrete Wall", "status": "Good", "ward": "N083", "zone": "N07", "source": "Greater Chennai Corporation", "year": "2024", "shedId": "KOSAS"}, "geometry": {"type": "LineString", "coordinates": [[80.18047, 13.11079], [80.18162, 13.11072], [80.18171, 13.11178]]}}, {"type": "Feature", "properties": {"drain_type": "SWD", "material": "Concrete Wall", "status": "Good", "ward": "N083", "zone": "N07", "source": "Greater Chennai Corporation", "year": "2024", "shedId": "KOSAS"}, "geometry": {"type": "LineString", "coordinates": [[80.18545, 13.11195], [80.18521, 13.11183], [80.18438, 13.11183]]}}, {"type": "Feature", "properties": {"drain_type": "Side Drain", "material": "Concrete", "status": "Good", "ward": "N084", "zone": "N07", "source": "Greater Chennai Corporation", "year": "2024", "shedId": "KOSAS"}, "geometry": {"type": "LineString", "coordinates": [[80.17529, 13.10122], [80.17508, 13.1014]]}}, {"type": "Feature", "properties": {"drain_type": "SWD", "material": "Concrete", "status": "Good", "ward": "N084", "zone": "N07", "source": "Greater Chennai Corporation", "year": "2024", "shedId": "KOSAS"}, "geometry": {"type": "LineString", "coordinates": [[80.17126, 13.10568], [80.17397, 13.10545]]}}, {"type": "Feature", "properties": {"drain_type": "SWD", "material": "Concrete", "status": "Good", "ward": "N084", "zone": "N07", "source": "Greater Chennai Corporation", "year": "2024", "shedId": "KOSAS"}, "geometry": {"type": "LineString", "coordinates": [[80.17356, 13.10535], [80.17395, 13.10531], [80.17395, 13.10531]]}}, {"type": "Feature", "properties": {"drain_type": "SWD", "material": "Concrete", "status": "Good", "ward": "N084", "zone": "N07", "source": "Greater Chennai Corporation", "year": "2024", "shedId": "KOSAS"}, "geometry": {"type": "LineString", "coordinates": [[80.18628, 13.10278], [80.18617, 13.10461], [80.18648, 13.10775], [80.18661, 13.10796]]}}, {"type": "Feature", "properties": {"drain_type": "Side Drain", "material": "Concrete", "status": "Good", "ward": "N084", "zone": "N07", "source": "Greater Chennai Corporation", "year": "2024", "shedId": "KOSAS"}, "geometry": {"type": "LineString", "coordinates": [[80.1865, 13.10288], [80.18638, 13.10456], [80.18667, 13.10765]]}}, {"type": "Feature", "properties": {"drain_type": "SWD", "material": "Concrete", "status": "Good", "ward": "N084", "zone": "N07", "source": "Greater Chennai Corporation", "year": "2024", "shedId": "KOSAS"}, "geometry": {"type": "LineString", "coordinates": [[80.18283, 13.10615], [80.18261, 13.10359]]}}, {"type": "Feature", "properties": {"drain_type": "Side Drain", "material": "Concrete", "status": "Good", "ward": "N084", "zone": "N07", "source": "Greater Chennai Corporation", "year": "2024", "shedId": "KOSAS"}, "geometry": {"type": "LineString", "coordinates": [[80.18078, 13.10549], [80.1806, 13.10457]]}}, {"type": "Feature", "properties": {"drain_type": "SWD", "material": "Concrete", "status": "Good", "ward": "N084", "zone": "N07", "source": "Greater Chennai Corporation", "year": "2024", "shedId": "KOSAS"}, "geometry": {"type": "LineString", "coordinates": [[80.18153, 13.10455], [80.18004, 13.10458]]}}, {"type": "Feature", "properties": {"drain_type": "Side Drain", "material": "Concrete", "status": "Good", "ward": "N084", "zone": "N07", "source": "Greater Chennai Corporation", "year": "2024", "shedId": "KOSAS"}, "geometry": {"type": "LineString", "coordinates": [[80.18024, 13.10457], [80.18033, 13.10513], [80.18042, 13.10569]]}}, {"type": "Feature", "properties": {"drain_type": "SWD", "material": "Concrete", "status": "Good", "ward": "N084", "zone": "N07", "source": "Greater Chennai Corporation", "year": "2024", "shedId": "KOSAS"}, "geometry": {"type": "LineString", "coordinates": [[80.18037, 13.10568], [80.18029, 13.10514], [80.1802, 13.10458]]}}, {"type": "Feature", "properties": {"drain_type": "Side Drain", "material": "Concrete", "status": "Good", "ward": "N084", "zone": "N07", "source": "Greater Chennai Corporation", "year": "2024", "shedId": "KOSAS"}, "geometry": {"type": "LineString", "coordinates": [[80.18005, 13.10396], [80.18098, 13.10393]]}}, {"type": "Feature", "properties": {"drain_type": "SWD", "material": "Concrete", "status": "Good", "ward": "N084", "zone": "N07", "source": "Greater Chennai Corporation", "year": "2024", "shedId": "KOSAS"}, "geometry": {"type": "LineString", "coordinates": [[80.1809, 13.104], [80.18005, 13.10401]]}}, {"type": "Feature", "properties": {"drain_type": "Side Drain", "material": "Concrete", "status": "Good", "ward": "N084", "zone": "N07", "source": "Greater Chennai Corporation", "year": "2024", "shedId": "KOSAS"}, "geometry": {"type": "LineString", "coordinates": [[80.17998, 13.10407], [80.17764, 13.10413]]}}, {"type": "Feature", "properties": {"drain_type": "Side Drain", "material": "Concrete", "status": "Good", "ward": "N084", "zone": "N07", "source": "Greater Chennai Corporation", "year": "2024", "shedId": "KOSAS"}, "geometry": {"type": "LineString", "coordinates": [[80.1768, 13.10392], [80.17762, 13.10393]]}}, {"type": "Feature", "properties": {"drain_type": "SWD", "material": "Concrete", "status": "Good", "ward": "N084", "zone": "N07", "source": "Greater Chennai Corporation", "year": "2024", "shedId": "KOSAS"}, "geometry": {"type": "LineString", "coordinates": [[80.17764, 13.10413], [80.17757, 13.1032], [80.17723, 13.10148]]}}, {"type": "Feature", "properties": {"drain_type": "Side Drain", "material": "Concrete", "status": "Bad", "ward": "N084", "zone": "N07", "source": "Greater Chennai Corporation", "year": "2024", "shedId": "KOSAS"}, "geometry": {"type": "LineString", "coordinates": [[80.17677, 13.10193], [80.17731, 13.10189]]}}, {"type": "Feature", "properties": {"drain_type": "Side Drain", "material": "Concrete", "status": "Good", "ward": "N084", "zone": "N07", "source": "Greater Chennai Corporation", "year": "2024", "shedId": "KOSAS"}, "geometry": {"type": "LineString", "coordinates": [[80.17674, 13.10207], [80.17727, 13.10204]]}}, {"type": "Feature", "properties": {"drain_type": "Side Drain", "material": "Concrete", "status": "Good", "ward": "N084", "zone": "N07", "source": "Greater Chennai Corporation", "year": "2024", "shedId": "KOSAS"}, "geometry": {"type": "LineString", "coordinates": [[80.17646, 13.10284], [80.17641, 13.1018], [80.17598, 13.10185], [80.17595, 13.10162]]}}, {"type": "Feature", "properties": {"drain_type": "SWD", "material": "Concrete", "status": "Good", "ward": "N084", "zone": "N07", "source": "Greater Chennai Corporation", "year": "2024", "shedId": "KOSAS"}, "geometry": {"type": "LineString", "coordinates": [[80.17587, 13.10103], [80.17787, 13.10071]]}}, {"type": "Feature", "properties": {"drain_type": "Side Drain", "material": "Concrete", "status": "Good", "ward": "N084", "zone": "N07", "source": "Greater Chennai Corporation", "year": "2024", "shedId": "KOSAS"}, "geometry": {"type": "LineString", "coordinates": [[80.17786, 13.1007], [80.17586, 13.10099]]}}, {"type": "Feature", "properties": {"drain_type": "SWD", "material": "Concrete", "status": "Good", "ward": "N084", "zone": "N07", "source": "Greater Chennai Corporation", "year": "2024", "shedId": "KOSAS"}, "geometry": {"type": "LineString", "coordinates": [[80.17731, 13.10187], [80.17939, 13.10167]]}}, {"type": "Feature", "properties": {"drain_type": "SWD", "material": "Concrete", "status": "Good", "ward": "N084", "zone": "N07", "source": "Greater Chennai Corporation", "year": "2024", "shedId": "KOSAS"}, "geometry": {"type": "LineString", "coordinates": [[80.17822, 13.10176], [80.17852, 13.10321]]}}, {"type": "Feature", "properties": {"drain_type": "SWD", "material": "Concrete", "status": "Good", "ward": "N084", "zone": "N07", "source": "Greater Chennai Corporation", "year": "2024", "shedId": "KOSAS"}, "geometry": {"type": "LineString", "coordinates": [[80.17814, 13.10325], [80.179, 13.10315], [80.17932, 13.1032]]}}, {"type": "Feature", "properties": {"drain_type": "SWD", "material": "Concrete", "status": "Good", "ward": "N084", "zone": "N07", "source": "Greater Chennai Corporation", "year": "2024", "shedId": "KOSAS"}, "geometry": {"type": "LineString", "coordinates": [[80.17825, 13.10341], [80.17851, 13.10341], [80.17851, 13.10321]]}}, {"type": "Feature", "properties": {"drain_type": "Side Drain", "material": "Concrete", "status": "Good", "ward": "N084", "zone": "N07", "source": "Greater Chennai Corporation", "year": "2024", "shedId": "KOSAS"}, "geometry": {"type": "LineString", "coordinates": [[80.17847, 13.10468], [80.1791, 13.10455]]}}, {"type": "Feature", "properties": {"drain_type": "SWD", "material": "Concrete", "status": "Good", "ward": "N084", "zone": "N07", "source": "Greater Chennai Corporation", "year": "2024", "shedId": "KOSAS"}, "geometry": {"type": "LineString", "coordinates": [[80.17974, 13.10652], [80.17964, 13.10613], [80.17955, 13.10595]]}}, {"type": "Feature", "properties": {"drain_type": "Side Drain", "material": "Concrete", "status": "Bad", "ward": "N084", "zone": "N07", "source": "Greater Chennai Corporation", "year": "2024", "shedId": "KOSAS"}, "geometry": {"type": "LineString", "coordinates": [[80.17972, 13.10486], [80.17964, 13.10409]]}}, {"type": "Feature", "properties": {"drain_type": "SWD", "material": "Concrete", "status": "Good", "ward": "N084", "zone": "N07", "source": "Greater Chennai Corporation", "year": "2024", "shedId": "KOSAS"}, "geometry": {"type": "LineString", "coordinates": [[80.18033, 13.10832], [80.18648, 13.10776]]}}, {"type": "Feature", "properties": {"drain_type": "SWD", "material": "Concrete", "status": "Good", "ward": "N084", "zone": "N07", "source": "Greater Chennai Corporation", "year": "2024", "shedId": "KOSAS"}, "geometry": {"type": "LineString", "coordinates": [[80.18079, 13.10781], [80.18579, 13.10741]]}}, {"type": "Feature", "properties": {"drain_type": "SWD", "material": "Concrete", "status": "Bad", "ward": "N084", "zone": "N07", "source": "Greater Chennai Corporation", "year": "2024", "shedId": "KOSAS"}, "geometry": {"type": "LineString", "coordinates": [[80.18337, 13.10806], [80.1833, 13.10756]]}}, {"type": "Feature", "properties": {"drain_type": "Side Drain", "material": "Concrete", "status": "Good", "ward": "N084", "zone": "N07", "source": "Greater Chennai Corporation", "year": "2024", "shedId": "KOSAS"}, "geometry": {"type": "LineString", "coordinates": [[80.18188, 13.10622], [80.18191, 13.105]]}}, {"type": "Feature", "properties": {"drain_type": "Side Drain", "material": "Concrete", "status": "Good", "ward": "N084", "zone": "N07", "source": "Greater Chennai Corporation", "year": "2024", "shedId": "KOSAS"}, "geometry": {"type": "LineString", "coordinates": [[80.18067, 13.10494], [80.18137, 13.10492]]}}, {"type": "Feature", "properties": {"drain_type": "Side Drain", "material": "Concrete", "status": "Bad", "ward": "N084", "zone": "N07", "source": "Greater Chennai Corporation", "year": "2024", "shedId": "KOSAS"}, "geometry": {"type": "LineString", "coordinates": [[80.18579, 13.10741], [80.18587, 13.10784]]}}, {"type": "Feature", "properties": {"drain_type": "Side Drain", "material": "Concrete", "status": "Good", "ward": "N084", "zone": "N07", "source": "Greater Chennai Corporation", "year": "2024", "shedId": "KOSAS"}, "geometry": {"type": "LineString", "coordinates": [[80.18382, 13.10751], [80.1837, 13.10605]]}}, {"type": "Feature", "properties": {"drain_type": "Side Drain", "material": "Concrete", "status": "Good", "ward": "N084", "zone": "N07", "source": "Greater Chennai Corporation", "year": "2024", "shedId": "KOSAS"}, "geometry": {"type": "LineString", "coordinates": [[80.18389, 13.10753], [80.18376, 13.10604]]}}, {"type": "Feature", "properties": {"drain_type": "Side Drain", "material": "Concrete", "status": "Good", "ward": "N084", "zone": "N07", "source": "Greater Chennai Corporation", "year": "2024", "shedId": "KOSAS"}, "geometry": {"type": "LineString", "coordinates": [[80.18508, 13.10741], [80.18491, 13.10594]]}}, {"type": "Feature", "properties": {"drain_type": "Side Drain", "material": "Concrete", "status": "Good", "ward": "N084", "zone": "N07", "source": "Greater Chennai Corporation", "year": "2024", "shedId": "KOSAS"}, "geometry": {"type": "LineString", "coordinates": [[80.18386, 13.10709], [80.18502, 13.10699]]}}, {"type": "Feature", "properties": {"drain_type": "Side Drain", "material": "Concrete", "status": "Bad", "ward": "N084", "zone": "N07", "source": "Greater Chennai Corporation", "year": "2024", "shedId": "KOSAS"}, "geometry": {"type": "LineString", "coordinates": [[80.18497, 13.10641], [80.18381, 13.10652]]}}, {"type": "Feature", "properties": {"drain_type": "Side Drain", "material": "Concrete", "status": "Good", "ward": "N084", "zone": "N07", "source": "Greater Chennai Corporation", "year": "2024", "shedId": "KOSAS"}, "geometry": {"type": "LineString", "coordinates": [[80.18566, 13.10591], [80.18554, 13.10449]]}}, {"type": "Feature", "properties": {"drain_type": "Side Drain", "material": "Concrete", "status": "Good", "ward": "N084", "zone": "N07", "source": "Greater Chennai Corporation", "year": "2024", "shedId": "KOSAS"}, "geometry": {"type": "LineString", "coordinates": [[80.18561, 13.10541], [80.18524, 13.10542], [80.18515, 13.10439], [80.18528, 13.10275]]}}, {"type": "Feature", "properties": {"drain_type": "Side Drain", "material": "Concrete", "status": "Good", "ward": "N084", "zone": "N07", "source": "Greater Chennai Corporation", "year": "2024", "shedId": "KOSAS"}, "geometry": {"type": "LineString", "coordinates": [[80.17853, 13.10472], [80.1791, 13.10458]]}}, {"type": "Feature", "properties": {"drain_type": "Side Drain", "material": "Concrete", "status": "Bad", "ward": "N084", "zone": "N07", "source": "Greater Chennai Corporation", "year": "2024", "shedId": "KOSAS"}, "geometry": {"type": "LineString", "coordinates": [[80.1795, 13.10277], [80.17991, 13.10281]]}}, {"type": "Feature", "properties": {"drain_type": "Side Drain", "material": "Concrete", "status": "Good", "ward": "N084", "zone": "N07", "source": "Greater Chennai Corporation", "year": "2024", "shedId": "KOSAS"}, "geometry": {"type": "LineString", "coordinates": [[80.18108, 13.10334], [80.18109, 13.10309], [80.18155, 13.10303]]}}, {"type": "Feature", "properties": {"drain_type": "SWD", "material": "Concrete", "status": "Good", "ward": "N084", "zone": "N07", "source": "Greater Chennai Corporation", "year": "2024", "shedId": "KOSAS"}, "geometry": {"type": "LineString", "coordinates": [[80.18151, 13.10244], [80.18136, 13.10234], [80.18142, 13.10175], [80.18162, 13.10175]]}}, {"type": "Feature", "properties": {"drain_type": "SWD", "material": "Concrete", "status": "Good", "ward": "N084", "zone": "N07", "source": "Greater Chennai Corporation", "year": "2024", "shedId": "KOSAS"}, "geometry": {"type": "LineString", "coordinates": [[80.18063, 13.10295], [80.18061, 13.10221]]}}, {"type": "Feature", "properties": {"drain_type": "SWD", "material": "Concrete", "status": "Good", "ward": "N084", "zone": "N07", "source": "Greater Chennai Corporation", "year": "2024", "shedId": "KOSAS"}, "geometry": {"type": "LineString", "coordinates": [[80.18152, 13.10238], [80.1818, 13.10239], [80.18191, 13.1013], [80.18275, 13.10135]]}}, {"type": "Feature", "properties": {"drain_type": "SWD", "material": "Concrete", "status": "Good", "ward": "N084", "zone": "N07", "source": "Greater Chennai Corporation", "year": "2024", "shedId": "KOSAS"}, "geometry": {"type": "LineString", "coordinates": [[80.1829, 13.10062], [80.18273, 13.10138]]}}, {"type": "Feature", "properties": {"drain_type": "SWD", "material": "Concrete", "status": "Good", "ward": "N084", "zone": "N07", "source": "Greater Chennai Corporation", "year": "2024", "shedId": "KOSAS"}, "geometry": {"type": "LineString", "coordinates": [[80.18215, 13.10133], [80.18273, 13.10138], [80.18269, 13.102]]}}, {"type": "Feature", "properties": {"drain_type": "Side Drain", "material": "Concrete", "status": "Bad", "ward": "N084", "zone": "N07", "source": "Greater Chennai Corporation", "year": "2024", "shedId": "KOSAS"}, "geometry": {"type": "LineString", "coordinates": [[80.18224, 13.10305], [80.18221, 13.10353]]}}, {"type": "Feature", "properties": {"drain_type": "Side Drain", "material": "Concrete", "status": "Bad", "ward": "N084", "zone": "N07", "source": "Greater Chennai Corporation", "year": "2024", "shedId": "KOSAS"}, "geometry": {"type": "LineString", "coordinates": [[80.18205, 13.10302], [80.18206, 13.10354]]}}, {"type": "Feature", "properties": {"drain_type": "Side Drain", "material": "Concrete", "status": "Good", "ward": "N084", "zone": "N07", "source": "Greater Chennai Corporation", "year": "2024", "shedId": "KOSAS"}, "geometry": {"type": "LineString", "coordinates": [[80.18303, 13.1014], [80.18305, 13.1014], [80.18334, 13.10141]]}}, {"type": "Feature", "properties": {"drain_type": "SWD", "material": "Concrete", "status": "Good", "ward": "N084", "zone": "N07", "source": "Greater Chennai Corporation", "year": "2024", "shedId": "KOSAS"}, "geometry": {"type": "LineString", "coordinates": [[80.18454, 13.09981], [80.18421, 13.10174], [80.18377, 13.10176]]}}, {"type": "Feature", "properties": {"drain_type": "Side Drain", "material": "Concrete", "status": "Good", "ward": "N084", "zone": "N07", "source": "Greater Chennai Corporation", "year": "2024", "shedId": "KOSAS"}, "geometry": {"type": "LineString", "coordinates": [[80.18435, 13.10052], [80.18448, 13.10052], [80.1845, 13.10008]]}}, {"type": "Feature", "properties": {"drain_type": "Side Drain", "material": "Concrete", "status": "Good", "ward": "N084", "zone": "N07", "source": "Greater Chennai Corporation", "year": "2024", "shedId": "KOSAS"}, "geometry": {"type": "LineString", "coordinates": [[80.18454, 13.09981], [80.18377, 13.09964], [80.18228, 13.09894]]}}, {"type": "Feature", "properties": {"drain_type": "Side Drain", "material": "Concrete", "status": "Good", "ward": "N084", "zone": "N07", "source": "Greater Chennai Corporation", "year": "2024", "shedId": "KOSAS"}, "geometry": {"type": "LineString", "coordinates": [[80.18337, 13.10216], [80.1841, 13.1022]]}}, {"type": "Feature", "properties": {"drain_type": "Side Drain", "material": "Concrete", "status": "Good", "ward": "N084", "zone": "N07", "source": "Greater Chennai Corporation", "year": "2024", "shedId": "KOSAS"}, "geometry": {"type": "LineString", "coordinates": [[80.18372, 13.10218], [80.18366, 13.10262]]}}, {"type": "Feature", "properties": {"drain_type": "Side Drain", "material": "Concrete", "status": "Good", "ward": "N084", "zone": "N07", "source": "Greater Chennai Corporation", "year": "2024", "shedId": "KOSAS"}, "geometry": {"type": "LineString", "coordinates": [[80.18461, 13.10185], [80.18463, 13.10231], [80.18571, 13.10299]]}}, {"type": "Feature", "properties": {"drain_type": "SWD", "material": "Concrete", "status": "Bad", "ward": "N084", "zone": "N07", "source": "Greater Chennai Corporation", "year": "2024", "shedId": "KOSAS"}, "geometry": {"type": "LineString", "coordinates": [[80.17806, 13.10093], [80.17815, 13.10081], [80.17799, 13.10002], [80.17853, 13.09981], [80.17855, 13.0994]]}}, {"type": "Feature", "properties": {"drain_type": "SWD", "material": "Concrete", "status": "Good", "ward": "N084", "zone": "N07", "source": "Greater Chennai Corporation", "year": "2024", "shedId": "KOSAS"}, "geometry": {"type": "LineString", "coordinates": [[80.17813, 13.10067], [80.17959, 13.10025]]}}, {"type": "Feature", "properties": {"drain_type": "SWD", "material": "Concrete", "status": "Good", "ward": "N084", "zone": "N07", "source": "Greater Chennai Corporation", "year": "2024", "shedId": "KOSAS"}, "geometry": {"type": "LineString", "coordinates": [[80.17813, 13.10054], [80.17816, 13.10066]]}}, {"type": "Feature", "properties": {"drain_type": "Side Drain", "material": "Concrete", "status": "Good", "ward": "N084", "zone": "N07", "source": "Greater Chennai Corporation", "year": "2024", "shedId": "KOSAS"}, "geometry": {"type": "LineString", "coordinates": [[80.1837, 13.10289], [80.18405, 13.10301], [80.18416, 13.10333]]}}, {"type": "Feature", "properties": {"drain_type": "Side Drain", "material": "Concrete", "status": "Bad", "ward": "N084", "zone": "N07", "source": "Greater Chennai Corporation", "year": "2024", "shedId": "KOSAS"}, "geometry": {"type": "LineString", "coordinates": [[80.18342, 13.1038], [80.1831, 13.1038]]}}, {"type": "Feature", "properties": {"drain_type": "Side Drain", "material": "Concrete", "status": "Bad", "ward": "N084", "zone": "N07", "source": "Greater Chennai Corporation", "year": "2024", "shedId": "KOSAS"}, "geometry": {"type": "LineString", "coordinates": [[80.1831, 13.10414], [80.18329, 13.10415], [80.18347, 13.10416]]}}, {"type": "Feature", "properties": {"drain_type": "SWD", "material": "Concrete", "status": "Good", "ward": "N084", "zone": "N07", "source": "Greater Chennai Corporation", "year": "2024", "shedId": "KOSAS"}, "geometry": {"type": "LineString", "coordinates": [[80.1743, 13.10885], [80.17385, 13.10423], [80.17494, 13.104], [80.17488, 13.10351]]}}, {"type": "Feature", "properties": {"drain_type": "SWD", "material": "Concrete", "status": "Good", "ward": "N084", "zone": "N07", "source": "Greater Chennai Corporation", "year": "2024", "shedId": "KOSAS"}, "geometry": {"type": "LineString", "coordinates": [[80.17554, 13.10165], [80.17524, 13.10112]]}}, {"type": "Feature", "properties": {"drain_type": "Side Drain", "material": "Concrete", "status": "Good", "ward": "N084", "zone": "N07", "source": "Greater Chennai Corporation", "year": "2024", "shedId": "KOSAS"}, "geometry": {"type": "LineString", "coordinates": [[80.17506, 13.10076], [80.17561, 13.10165]]}}, {"type": "Feature", "properties": {"drain_type": "SWD", "material": "Concrete", "status": "Good", "ward": "N084", "zone": "N07", "source": "Greater Chennai Corporation", "year": "2024", "shedId": "KOSAS"}, "geometry": {"type": "LineString", "coordinates": [[80.17809, 13.10121], [80.17775, 13.10037], [80.17732, 13.10042]]}}, {"type": "Feature", "properties": {"drain_type": "SWD", "material": "Concrete", "status": "Good", "ward": "N084", "zone": "N07", "source": "Greater Chennai Corporation", "year": "2024", "shedId": "KOSAS"}, "geometry": {"type": "LineString", "coordinates": [[80.17396, 13.10417], [80.174, 13.10368], [80.17602, 13.10335], [80.17606, 13.10306]]}}, {"type": "Feature", "properties": {"drain_type": "SWD", "material": "Concrete", "status": "Good", "ward": "N084", "zone": "N07", "source": "Greater Chennai Corporation", "year": "2024", "shedId": "KOSAS"}, "geometry": {"type": "LineString", "coordinates": [[80.17606, 13.10306], [80.17561, 13.10286], [80.17427, 13.1031], [80.17295, 13.10303]]}}, {"type": "Feature", "properties": {"drain_type": "SWD", "material": "Concrete", "status": "Good", "ward": "N084", "zone": "N07", "source": "Greater Chennai Corporation", "year": "2024", "shedId": "KOSAS"}, "geometry": {"type": "LineString", "coordinates": [[80.17744, 13.10258], [80.17685, 13.10265], [80.17681, 13.10309], [80.1765, 13.10306]]}}, {"type": "Feature", "properties": {"drain_type": "SWD", "material": "Concrete", "status": "Good", "ward": "N084", "zone": "N07", "source": "Greater Chennai Corporation", "year": "2024", "shedId": "KOSAS"}, "geometry": {"type": "LineString", "coordinates": [[80.17996, 13.10318], [80.1803, 13.10317], [80.18073, 13.10315]]}}, {"type": "Feature", "properties": {"drain_type": "Side Drain", "material": "Concrete", "status": "Good", "ward": "N084", "zone": "N07", "source": "Greater Chennai Corporation", "year": "2024", "shedId": "KOSAS"}, "geometry": {"type": "LineString", "coordinates": [[80.18004, 13.10458], [80.17996, 13.10318]]}}, {"type": "Feature", "properties": {"drain_type": "SWD", "material": "Concrete", "status": "Good", "ward": "N084", "zone": "N07", "source": "Greater Chennai Corporation", "year": "2024", "shedId": "KOSAS"}, "geometry": {"type": "LineString", "coordinates": [[80.18078, 13.10324], [80.18004, 13.10326], [80.18001, 13.10326]]}}, {"type": "Feature", "properties": {"drain_type": "SWD", "material": "Concrete", "status": "Good", "ward": "N084", "zone": "N07", "source": "Greater Chennai Corporation", "year": "2024", "shedId": "KOSAS"}, "geometry": {"type": "LineString", "coordinates": [[80.17952, 13.1022], [80.18079, 13.10221], [80.18151, 13.10244]]}}, {"type": "Feature", "properties": {"drain_type": "Side Drain", "material": "Concrete", "status": "Good", "ward": "N084", "zone": "N07", "source": "Greater Chennai Corporation", "year": "2024", "shedId": "KOSAS"}, "geometry": {"type": "LineString", "coordinates": [[80.18161, 13.10352], [80.18131, 13.10352], [80.18131, 13.10371]]}}, {"type": "Feature", "properties": {"drain_type": "Side Drain", "material": "Concrete", "status": "Good", "ward": "N084", "zone": "N07", "source": "Greater Chennai Corporation", "year": "2024", "shedId": "KOSAS"}, "geometry": {"type": "LineString", "coordinates": [[80.18195, 13.10443], [80.18176, 13.10356], [80.18158, 13.10345], [80.18151, 13.10244]]}}, {"type": "Feature", "properties": {"drain_type": "SWD", "material": "Concrete", "status": "Good", "ward": "N084", "zone": "N07", "source": "Greater Chennai Corporation", "year": "2024", "shedId": "KOSAS"}, "geometry": {"type": "LineString", "coordinates": [[80.18156, 13.10238], [80.18163, 13.10337], [80.18183, 13.10354], [80.18195, 13.10443], [80.18191, 13.1063]]}}, {"type": "Feature", "properties": {"drain_type": "SWD", "material": "Concrete", "status": "Good", "ward": "N084", "zone": "N07", "source": "Greater Chennai Corporation", "year": "2024", "shedId": "KOSAS"}, "geometry": {"type": "LineString", "coordinates": [[80.1851, 13.10441], [80.18332, 13.10465], [80.18311, 13.10442], [80.18305, 13.10363], [80.18183, 13.10354]]}}, {"type": "Feature", "properties": {"drain_type": "Side Drain", "material": "Concrete", "status": "Good", "ward": "N084", "zone": "N07", "source": "Greater Chennai Corporation", "year": "2024", "shedId": "KOSAS"}, "geometry": {"type": "LineString", "coordinates": [[80.18305, 13.10363], [80.1832, 13.10359], [80.18324, 13.10283], [80.18403, 13.103]]}}, {"type": "Feature", "properties": {"drain_type": "SWD", "material": "Concrete", "status": "Good", "ward": "N084", "zone": "N07", "source": "Greater Chennai Corporation", "year": "2024", "shedId": "KOSAS"}, "geometry": {"type": "LineString", "coordinates": [[80.1863, 13.10585], [80.18376, 13.10604], [80.18191, 13.1063]]}}, {"type": "Feature", "properties": {"drain_type": "Side Drain", "material": "Concrete", "status": "Good", "ward": "N084", "zone": "N07", "source": "Greater Chennai Corporation", "year": "2024", "shedId": "KOSAS"}, "geometry": {"type": "LineString", "coordinates": [[80.18275, 13.10655], [80.18191, 13.1067], [80.18191, 13.1063]]}}, {"type": "Feature", "properties": {"drain_type": "SWD", "material": "Concrete", "status": "Good", "ward": "N084", "zone": "N07", "source": "Greater Chennai Corporation", "year": "2024", "shedId": "KOSAS"}, "geometry": {"type": "LineString", "coordinates": [[80.1803, 13.1022], [80.17951, 13.10214]]}}, {"type": "Feature", "properties": {"drain_type": "SWD", "material": "Concrete", "status": "Good", "ward": "N084", "zone": "N07", "source": "Greater Chennai Corporation", "year": "2024", "shedId": "KOSAS"}, "geometry": {"type": "LineString", "coordinates": [[80.18029, 13.10215], [80.18022, 13.10149]]}}, {"type": "Feature", "properties": {"drain_type": "SWD", "material": "Concrete", "status": "Good", "ward": "N084", "zone": "N07", "source": "Greater Chennai Corporation", "year": "2024", "shedId": "KOSAS"}, "geometry": {"type": "LineString", "coordinates": [[80.18267, 13.10618], [80.18289, 13.10761]]}}, {"type": "Feature", "properties": {"drain_type": "SWD", "material": "Concrete", "status": "Good", "ward": "N084", "zone": "N07", "source": "Greater Chennai Corporation", "year": "2024", "shedId": "KOSAS"}, "geometry": {"type": "LineString", "coordinates": [[80.18289, 13.10761], [80.18588, 13.10732]]}}, {"type": "Feature", "properties": {"drain_type": "Side Drain", "material": "Concrete", "status": "Good", "ward": "N084", "zone": "N07", "source": "Greater Chennai Corporation", "year": "2024", "shedId": "KOSAS"}, "geometry": {"type": "LineString", "coordinates": [[80.18348, 13.10803], [80.18341, 13.10755]]}}, {"type": "Feature", "properties": {"drain_type": "SWD", "material": "Concrete", "status": "Good", "ward": "N084", "zone": "N07", "source": "Greater Chennai Corporation", "year": "2024", "shedId": "KOSAS"}, "geometry": {"type": "LineString", "coordinates": [[80.18331, 13.10069], [80.18346, 13.09996]]}}, {"type": "Feature", "properties": {"drain_type": "SWD", "material": "Concrete", "status": "Good", "ward": "N084", "zone": "N07", "source": "Greater Chennai Corporation", "year": "2024", "shedId": "KOSAS"}, "geometry": {"type": "LineString", "coordinates": [[80.18447, 13.1001], [80.18306, 13.09991], [80.1831, 13.09955]]}}, {"type": "Feature", "properties": {"drain_type": "Side Drain", "material": "Concrete", "status": "Good", "ward": "N084", "zone": "N07", "source": "Greater Chennai Corporation", "year": "2024", "shedId": "KOSAS"}, "geometry": {"type": "LineString", "coordinates": [[80.18594, 13.10783], [80.1856, 13.10396], [80.18589, 13.1006], [80.18524, 13.10049]]}}, {"type": "Feature", "properties": {"drain_type": "SWD", "material": "Concrete", "status": "Good", "ward": "N084", "zone": "N07", "source": "Greater Chennai Corporation", "year": "2024", "shedId": "KOSAS"}, "geometry": {"type": "LineString", "coordinates": [[80.18104, 13.09845], [80.1795, 13.09915], [80.17966, 13.10021], [80.17948, 13.10092], [80.1795, 13.10281], [80.17911, 13.10393], [80.17936, 13.10529], [80.17976, 13.10616], [80.18033, 13.10832]]}}, {"type": "Feature", "properties": {"drain_type": "SWD", "material": "Concrete", "status": "Good", "ward": "N084", "zone": "N07", "source": "Greater Chennai Corporation", "year": "2024", "shedId": "KOSAS"}, "geometry": {"type": "LineString", "coordinates": [[80.18315, 13.10074], [80.18304, 13.10122], [80.18297, 13.10231]]}}, {"type": "Feature", "properties": {"drain_type": "Side Drain", "material": "Concrete", "status": "Bad", "ward": "N084", "zone": "N07", "source": "Greater Chennai Corporation", "year": "2024", "shedId": "KOSAS"}, "geometry": {"type": "LineString", "coordinates": [[80.18005, 13.10401], [80.17794, 13.10409]]}}, {"type": "Feature", "properties": {"drain_type": "Side Drain", "material": "Concrete", "status": "Good", "ward": "N084", "zone": "N07", "source": "Greater Chennai Corporation", "year": "2024", "shedId": "KOSAS"}, "geometry": {"type": "LineString", "coordinates": [[80.18001, 13.10326], [80.18009, 13.10459]]}}, {"type": "Feature", "properties": {"drain_type": "Side Drain", "material": "Concrete", "status": "Bad", "ward": "N084", "zone": "N07", "source": "Greater Chennai Corporation", "year": "2024", "shedId": "KOSAS"}, "geometry": {"type": "LineString", "coordinates": [[80.1808, 13.10357], [80.18003, 13.1036], [80.18002, 13.1036]]}}, {"type": "Feature", "properties": {"drain_type": "SWD", "material": "Concrete", "status": "Good", "ward": "N084", "zone": "N07", "source": "Greater Chennai Corporation", "year": "2024", "shedId": "KOSAS"}, "geometry": {"type": "LineString", "coordinates": [[80.1808, 13.10354], [80.18003, 13.10357], [80.18002, 13.10358]]}}, {"type": "Feature", "properties": {"drain_type": "SWD", "material": "Concrete", "status": "Good", "ward": "N084", "zone": "N07", "source": "Greater Chennai Corporation", "year": "2024", "shedId": "KOSAS"}, "geometry": {"type": "LineString", "coordinates": [[80.17295, 13.10303], [80.17554, 13.10165], [80.17688, 13.10156], [80.17809, 13.10121]]}}, {"type": "Feature", "properties": {"drain_type": "SWD", "material": "Concrete", "status": "Good", "ward": "N084", "zone": "N07", "source": "Greater Chennai Corporation", "year": "2024", "shedId": "KOSAS"}, "geometry": {"type": "LineString", "coordinates": [[80.17936, 13.10529], [80.17923, 13.1052], [80.179, 13.10397], [80.17943, 13.10286], [80.17941, 13.10087], [80.1796, 13.10022], [80.17937, 13.09907], [80.18094, 13.09843], [80.1822, 13.09861], [80.18228, 13.09894], [80.18254, 13.09909], [80.18268, 13.09875]]}}, {"type": "Feature", "properties": {"drain_type": "SWD", "material": "Concrete Wall", "status": "Good", "ward": "N086", "zone": "N07", "source": "Greater Chennai Corporation", "year": "2024", "shedId": "KOSAS"}, "geometry": {"type": "LineString", "coordinates": [[80.16224, 13.10153], [80.16326, 13.10142], [80.1661, 13.10055]]}}, {"type": "Feature", "properties": {"drain_type": "SWD", "material": "Concrete Wall", "status": "Good", "ward": "N086", "zone": "N07", "source": "Greater Chennai Corporation", "year": "2024", "shedId": "KOSAS"}, "geometry": {"type": "LineString", "coordinates": [[80.1702, 13.09987], [80.17026, 13.10137], [80.17116, 13.1034]]}}, {"type": "Feature", "properties": {"drain_type": "SWD", "material": "Concrete Wall", "status": "Good", "ward": "N086", "zone": "N07", "source": "Greater Chennai Corporation", "year": "2024", "shedId": "KOSAS"}, "geometry": {"type": "LineString", "coordinates": [[80.17025, 13.1013], [80.17134, 13.10132], [80.17309, 13.10103]]}}, {"type": "Feature", "properties": {"drain_type": "SWD", "material": "Concrete Wall", "status": "Good", "ward": "N086", "zone": "N07", "source": "Greater Chennai Corporation", "year": "2024", "shedId": "KOSAS"}, "geometry": {"type": "LineString", "coordinates": [[80.17259, 13.1011], [80.17296, 13.10315]]}}, {"type": "Feature", "properties": {"drain_type": "SWD", "material": "Concrete Wall", "status": "Good", "ward": "N086", "zone": "N07", "source": "Greater Chennai Corporation", "year": "2024", "shedId": "KOSAS"}, "geometry": {"type": "LineString", "coordinates": [[80.17342, 13.09963], [80.17395, 13.10103]]}}, {"type": "Feature", "properties": {"drain_type": "Side Drain", "material": "Concrete Wall", "status": "Good", "ward": "N086", "zone": "N07", "source": "Greater Chennai Corporation", "year": "2024", "shedId": "KOSAS"}, "geometry": {"type": "LineString", "coordinates": [[80.17383, 13.10068], [80.17384, 13.10068], [80.17424, 13.10056]]}}, {"type": "Feature", "properties": {"drain_type": "SWD", "material": "Concrete Wall", "status": "Good", "ward": "N086", "zone": "N07", "source": "Greater Chennai Corporation", "year": "2024", "shedId": "KOSAS"}, "geometry": {"type": "LineString", "coordinates": [[80.17468, 13.10058], [80.1755, 13.10015]]}}, {"type": "Feature", "properties": {"drain_type": "Side Drain", "material": "Concrete Wall", "status": "Good", "ward": "N086", "zone": "N07", "source": "Greater Chennai Corporation", "year": "2024", "shedId": "KOSAS"}, "geometry": {"type": "LineString", "coordinates": [[80.17496, 13.10046], [80.17509, 13.10073]]}}, {"type": "Feature", "properties": {"drain_type": "SWD", "material": "Concrete Wall", "status": "Good", "ward": "N086", "zone": "N07", "source": "Greater Chennai Corporation", "year": "2024", "shedId": "KOSAS"}, "geometry": {"type": "LineString", "coordinates": [[80.17559, 13.10042], [80.17399, 13.10118], [80.17404, 13.10153]]}}, {"type": "Feature", "properties": {"drain_type": "SWD", "material": "Concrete Wall", "status": "Good", "ward": "N086", "zone": "N07", "source": "Greater Chennai Corporation", "year": "2024", "shedId": "KOSAS"}, "geometry": {"type": "LineString", "coordinates": [[80.17378, 13.10107], [80.1743, 13.10094]]}}, {"type": "Feature", "properties": {"drain_type": "SWD", "material": "Concrete Wall", "status": "Good", "ward": "N086", "zone": "N07", "source": "Greater Chennai Corporation", "year": "2024", "shedId": "KOSAS"}, "geometry": {"type": "LineString", "coordinates": [[80.17429, 13.10094], [80.17434, 13.10111]]}}, {"type": "Feature", "properties": {"drain_type": "SWD", "material": "Concrete Wall", "status": "Good", "ward": "N086", "zone": "N07", "source": "Greater Chennai Corporation", "year": "2024", "shedId": "KOSAS"}, "geometry": {"type": "LineString", "coordinates": [[80.17433, 13.10158], [80.17471, 13.10132], [80.17451, 13.10101]]}}, {"type": "Feature", "properties": {"drain_type": "Side Drain", "material": "Concrete Wall", "status": "Good", "ward": "N086", "zone": "N07", "source": "Greater Chennai Corporation", "year": "2024", "shedId": "KOSAS"}, "geometry": {"type": "LineString", "coordinates": [[80.17486, 13.10086], [80.17486, 13.10087], [80.17497, 13.10103]]}}, {"type": "Feature", "properties": {"drain_type": "SWD", "material": "Concrete Wall", "status": "Good", "ward": "N086", "zone": "N07", "source": "Greater Chennai Corporation", "year": "2024", "shedId": "KOSAS"}, "geometry": {"type": "LineString", "coordinates": [[80.1766, 13.09956], [80.17578, 13.10009]]}}, {"type": "Feature", "properties": {"drain_type": "SWD", "material": "Concrete", "status": "Good", "ward": "N088", "zone": "N07", "source": "Greater Chennai Corporation", "year": "2024", "shedId": "KOSAS"}, "geometry": {"type": "LineString", "coordinates": [[80.18882, 13.09544], [80.19132, 13.09526]]}}, {"type": "Feature", "properties": {"drain_type": "Side Drain", "material": "Concrete", "status": "Good", "ward": "N088", "zone": "N07", "source": "Greater Chennai Corporation", "year": "2024", "shedId": "KOSAS"}, "geometry": {"type": "LineString", "coordinates": [[80.18885, 13.09597], [80.19034, 13.09585]]}}, {"type": "Feature", "properties": {"drain_type": "Side Drain", "material": "Concrete", "status": "Bad", "ward": "N088", "zone": "N07", "source": "Greater Chennai Corporation", "year": "2024", "shedId": "KOSAS"}, "geometry": {"type": "LineString", "coordinates": [[80.19079, 13.09381], [80.19096, 13.09526]]}}, {"type": "Feature", "properties": {"drain_type": "Side Drain", "material": "Concrete", "status": "Good", "ward": "N088", "zone": "N07", "source": "Greater Chennai Corporation", "year": "2024", "shedId": "KOSAS"}, "geometry": {"type": "LineString", "coordinates": [[80.18525, 13.09895], [80.18837, 13.09877]]}}, {"type": "Feature", "properties": {"drain_type": "Side Drain", "material": "Concrete", "status": "Bad", "ward": "N088", "zone": "N07", "source": "Greater Chennai Corporation", "year": "2024", "shedId": "KOSAS"}, "geometry": {"type": "LineString", "coordinates": [[80.18598, 13.09806], [80.18605, 13.09891]]}}, {"type": "Feature", "properties": {"drain_type": "Side Drain", "material": "Concrete", "status": "Bad", "ward": "N088", "zone": "N07", "source": "Greater Chennai Corporation", "year": "2024", "shedId": "KOSAS"}, "geometry": {"type": "LineString", "coordinates": [[80.18648, 13.09889], [80.18647, 13.09815]]}}, {"type": "Feature", "properties": {"drain_type": "Side Drain", "material": "Concrete", "status": "Bad", "ward": "N088", "zone": "N07", "source": "Greater Chennai Corporation", "year": "2024", "shedId": "KOSAS"}, "geometry": {"type": "LineString", "coordinates": [[80.18649, 13.09814], [80.1865, 13.09889]]}}, {"type": "Feature", "properties": {"drain_type": "SWD", "material": "Concrete", "status": "Good", "ward": "N088", "zone": "N07", "source": "Greater Chennai Corporation", "year": "2024", "shedId": "KOSAS"}, "geometry": {"type": "LineString", "coordinates": [[80.18691, 13.09887], [80.18672, 13.09741]]}}, {"type": "Feature", "properties": {"drain_type": "Side Drain", "material": "Concrete", "status": "Bad", "ward": "N088", "zone": "N07", "source": "Greater Chennai Corporation", "year": "2024", "shedId": "KOSAS"}, "geometry": {"type": "LineString", "coordinates": [[80.18715, 13.0981], [80.1872, 13.09887]]}}, {"type": "Feature", "properties": {"drain_type": "Side Drain", "material": "Concrete", "status": "Bad", "ward": "N088", "zone": "N07", "source": "Greater Chennai Corporation", "year": "2024", "shedId": "KOSAS"}, "geometry": {"type": "LineString", "coordinates": [[80.18502, 13.09902], [80.1884, 13.09884]]}}, {"type": "Feature", "properties": {"drain_type": "Side Drain", "material": "Concrete", "status": "Bad", "ward": "N088", "zone": "N07", "source": "Greater Chennai Corporation", "year": "2024", "shedId": "KOSAS"}, "geometry": {"type": "LineString", "coordinates": [[80.1872, 13.09979], [80.18727, 13.09893]]}}, {"type": "Feature", "properties": {"drain_type": "Side Drain", "material": "Concrete", "status": "Good", "ward": "N088", "zone": "N07", "source": "Greater Chennai Corporation", "year": "2024", "shedId": "KOSAS"}, "geometry": {"type": "LineString", "coordinates": [[80.18849, 13.09911], [80.18836, 13.09876], [80.18823, 13.09739]]}}, {"type": "Feature", "properties": {"drain_type": "Side Drain", "material": "Concrete", "status": "Bad", "ward": "N088", "zone": "N07", "source": "Greater Chennai Corporation", "year": "2024", "shedId": "KOSAS"}, "geometry": {"type": "LineString", "coordinates": [[80.18849, 13.09911], [80.19015, 13.09891]]}}, {"type": "Feature", "properties": {"drain_type": "Side Drain", "material": "Concrete", "status": "Good", "ward": "N088", "zone": "N07", "source": "Greater Chennai Corporation", "year": "2024", "shedId": "KOSAS"}, "geometry": {"type": "LineString", "coordinates": [[80.18857, 13.09912], [80.18841, 13.09873], [80.18829, 13.09738]]}}, {"type": "Feature", "properties": {"drain_type": "SWD", "material": "Concrete", "status": "Good", "ward": "N088", "zone": "N07", "source": "Greater Chennai Corporation", "year": "2024", "shedId": "KOSAS"}, "geometry": {"type": "LineString", "coordinates": [[80.18822, 13.09739], [80.18902, 13.09741], [80.19042, 13.09804], [80.19157, 13.09818]]}}, {"type": "Feature", "properties": {"drain_type": "SWD", "material": "Concrete", "status": "Good", "ward": "N088", "zone": "N07", "source": "Greater Chennai Corporation", "year": "2024", "shedId": "KOSAS"}, "geometry": {"type": "LineString", "coordinates": [[80.19157, 13.09818], [80.19207, 13.09894], [80.1921, 13.09938]]}}, {"type": "Feature", "properties": {"drain_type": "Side Drain", "material": "Concrete", "status": "Good", "ward": "N088", "zone": "N07", "source": "Greater Chennai Corporation", "year": "2024", "shedId": "KOSAS"}, "geometry": {"type": "LineString", "coordinates": [[80.19116, 13.09972], [80.19152, 13.09971], [80.19152, 13.09943], [80.1921, 13.09938]]}}, {"type": "Feature", "properties": {"drain_type": "SWD", "material": "Concrete", "status": "Good", "ward": "N088", "zone": "N07", "source": "Greater Chennai Corporation", "year": "2024", "shedId": "KOSAS"}, "geometry": {"type": "LineString", "coordinates": [[80.19258, 13.10015], [80.19329, 13.10014]]}}, {"type": "Feature", "properties": {"drain_type": "Side Drain", "material": "Concrete", "status": "Good", "ward": "N088", "zone": "N07", "source": "Greater Chennai Corporation", "year": "2024", "shedId": "KOSAS"}, "geometry": {"type": "LineString", "coordinates": [[80.18932, 13.09785], [80.18952, 13.09904]]}}, {"type": "Feature", "properties": {"drain_type": "Side Drain", "material": "Concrete", "status": "Good", "ward": "N088", "zone": "N07", "source": "Greater Chennai Corporation", "year": "2024", "shedId": "KOSAS"}, "geometry": {"type": "LineString", "coordinates": [[80.18956, 13.09903], [80.18936, 13.09783]]}}, {"type": "Feature", "properties": {"drain_type": "SWD", "material": "Concrete", "status": "Good", "ward": "N088", "zone": "N07", "source": "Greater Chennai Corporation", "year": "2024", "shedId": "KOSAS"}, "geometry": {"type": "LineString", "coordinates": [[80.19018, 13.09914], [80.19, 13.09786]]}}, {"type": "Feature", "properties": {"drain_type": "Side Drain", "material": "Concrete", "status": "Good", "ward": "N088", "zone": "N07", "source": "Greater Chennai Corporation", "year": "2024", "shedId": "KOSAS"}, "geometry": {"type": "LineString", "coordinates": [[80.1901, 13.09859], [80.18973, 13.09861], [80.1896, 13.09768]]}}, {"type": "Feature", "properties": {"drain_type": "SWD", "material": "Concrete", "status": "Good", "ward": "N088", "zone": "N07", "source": "Greater Chennai Corporation", "year": "2024", "shedId": "KOSAS"}, "geometry": {"type": "LineString", "coordinates": [[80.19006, 13.09788], [80.19006, 13.09789], [80.19013, 13.09838]]}}, {"type": "Feature", "properties": {"drain_type": "SWD", "material": "Concrete", "status": "Good", "ward": "N088", "zone": "N07", "source": "Greater Chennai Corporation", "year": "2024", "shedId": "KOSAS"}, "geometry": {"type": "LineString", "coordinates": [[80.19066, 13.09847], [80.19085, 13.09816]]}}, {"type": "Feature", "properties": {"drain_type": "SWD", "material": "Concrete", "status": "Good", "ward": "N088", "zone": "N07", "source": "Greater Chennai Corporation", "year": "2024", "shedId": "KOSAS"}, "geometry": {"type": "LineString", "coordinates": [[80.18885, 13.10043], [80.19046, 13.1012], [80.19315, 13.10156]]}}, {"type": "Feature", "properties": {"drain_type": "SWD", "material": "Concrete", "status": "Good", "ward": "N088", "zone": "N07", "source": "Greater Chennai Corporation", "year": "2024", "shedId": "KOSAS"}, "geometry": {"type": "LineString", "coordinates": [[80.19315, 13.10156], [80.19316, 13.10135], [80.19317, 13.10052]]}}, {"type": "Feature", "properties": {"drain_type": "SWD", "material": "Concrete", "status": "Good", "ward": "N088", "zone": "N07", "source": "Greater Chennai Corporation", "year": "2024", "shedId": "KOSAS"}, "geometry": {"type": "LineString", "coordinates": [[80.1933, 13.1017], [80.19333, 13.0993], [80.19322, 13.09518]]}}, {"type": "Feature", "properties": {"drain_type": "SWD", "material": "Concrete", "status": "Good", "ward": "N088", "zone": "N07", "source": "Greater Chennai Corporation", "year": "2024", "shedId": "KOSAS"}, "geometry": {"type": "LineString", "coordinates": [[80.19262, 13.09891], [80.19331, 13.09888]]}}, {"type": "Feature", "properties": {"drain_type": "SWD", "material": "Concrete", "status": "Good", "ward": "N088", "zone": "N07", "source": "Greater Chennai Corporation", "year": "2024", "shedId": "KOSAS"}, "geometry": {"type": "LineString", "coordinates": [[80.19319, 13.0989], [80.19308, 13.09521]]}}, {"type": "Feature", "properties": {"drain_type": "SWD", "material": "Concrete", "status": "Good", "ward": "N088", "zone": "N07", "source": "Greater Chennai Corporation", "year": "2024", "shedId": "KOSAS"}, "geometry": {"type": "LineString", "coordinates": [[80.19084, 13.09724], [80.19316, 13.09713]]}}, {"type": "Feature", "properties": {"drain_type": "SWD", "material": "Concrete", "status": "Good", "ward": "N088", "zone": "N07", "source": "Greater Chennai Corporation", "year": "2024", "shedId": "KOSAS"}, "geometry": {"type": "LineString", "coordinates": [[80.19227, 13.09846], [80.19225, 13.09717]]}}, {"type": "Feature", "properties": {"drain_type": "SWD", "material": "Concrete", "status": "Good", "ward": "N088", "zone": "N07", "source": "Greater Chennai Corporation", "year": "2024", "shedId": "KOSAS"}, "geometry": {"type": "LineString", "coordinates": [[80.19227, 13.09846], [80.1927, 13.09844], [80.19268, 13.09716]]}}, {"type": "Feature", "properties": {"drain_type": "Side Drain", "material": "Concrete", "status": "Bad", "ward": "N088", "zone": "N07", "source": "Greater Chennai Corporation", "year": "2024", "shedId": "KOSAS"}, "geometry": {"type": "LineString", "coordinates": [[80.19173, 13.09718], [80.19164, 13.09529]]}}, {"type": "Feature", "properties": {"drain_type": "SWD", "material": "Concrete", "status": "Good", "ward": "N088", "zone": "N07", "source": "Greater Chennai Corporation", "year": "2024", "shedId": "KOSAS"}, "geometry": {"type": "LineString", "coordinates": [[80.19169, 13.09667], [80.19313, 13.09662]]}}, {"type": "Feature", "properties": {"drain_type": "SWD", "material": "Concrete", "status": "Good", "ward": "N088", "zone": "N07", "source": "Greater Chennai Corporation", "year": "2024", "shedId": "KOSAS"}, "geometry": {"type": "LineString", "coordinates": [[80.1926, 13.09664], [80.19255, 13.09519]]}}, {"type": "Feature", "properties": {"drain_type": "SWD", "material": "Concrete", "status": "Good", "ward": "N088", "zone": "N07", "source": "Greater Chennai Corporation", "year": "2024", "shedId": "KOSAS"}, "geometry": {"type": "LineString", "coordinates": [[80.19165, 13.09575], [80.19257, 13.09571]]}}, {"type": "Feature", "properties": {"drain_type": "Side Drain", "material": "Concrete", "status": "Good", "ward": "N088", "zone": "N07", "source": "Greater Chennai Corporation", "year": "2024", "shedId": "KOSAS"}, "geometry": {"type": "LineString", "coordinates": [[80.19163, 13.09523], [80.19259, 13.09519], [80.19308, 13.09524]]}}, {"type": "Feature", "properties": {"drain_type": "SWD", "material": "Concrete", "status": "Good", "ward": "N088", "zone": "N07", "source": "Greater Chennai Corporation", "year": "2024", "shedId": "KOSAS"}, "geometry": {"type": "LineString", "coordinates": [[80.19327, 13.09713], [80.19543, 13.09706]]}}, {"type": "Feature", "properties": {"drain_type": "SWD", "material": "Concrete", "status": "Good", "ward": "N088", "zone": "N07", "source": "Greater Chennai Corporation", "year": "2024", "shedId": "KOSAS"}, "geometry": {"type": "LineString", "coordinates": [[80.19328, 13.09725], [80.19543, 13.09718]]}}, {"type": "Feature", "properties": {"drain_type": "SWD", "material": "Concrete", "status": "Good", "ward": "N088", "zone": "N07", "source": "Greater Chennai Corporation", "year": "2024", "shedId": "KOSAS"}, "geometry": {"type": "LineString", "coordinates": [[80.19374, 13.09724], [80.19378, 13.09849], [80.19407, 13.09994], [80.19449, 13.09992]]}}, {"type": "Feature", "properties": {"drain_type": "Side Drain", "material": "Concrete", "status": "Good", "ward": "N088", "zone": "N07", "source": "Greater Chennai Corporation", "year": "2024", "shedId": "KOSAS"}, "geometry": {"type": "LineString", "coordinates": [[80.19394, 13.09933], [80.19332, 13.09936]]}}, {"type": "Feature", "properties": {"drain_type": "SWD", "material": "Concrete", "status": "Good", "ward": "N088", "zone": "N07", "source": "Greater Chennai Corporation", "year": "2024", "shedId": "KOSAS"}, "geometry": {"type": "LineString", "coordinates": [[80.19387, 13.09868], [80.19413, 13.09866], [80.19415, 13.09882], [80.19542, 13.09878]]}}, {"type": "Feature", "properties": {"drain_type": "SWD", "material": "Concrete", "status": "Good", "ward": "N088", "zone": "N07", "source": "Greater Chennai Corporation", "year": "2024", "shedId": "KOSAS"}, "geometry": {"type": "LineString", "coordinates": [[80.19515, 13.09879], [80.1951, 13.09761], [80.19539, 13.09756], [80.19539, 13.09719]]}}, {"type": "Feature", "properties": {"drain_type": "Side Drain", "material": "Concrete", "status": "Good", "ward": "N088", "zone": "N07", "source": "Greater Chennai Corporation", "year": "2024", "shedId": "KOSAS"}, "geometry": {"type": "LineString", "coordinates": [[80.19534, 13.09707], [80.19534, 13.09705], [80.19533, 13.09675]]}}, {"type": "Feature", "properties": {"drain_type": "Side Drain", "material": "Concrete", "status": "Good", "ward": "N088", "zone": "N07", "source": "Greater Chennai Corporation", "year": "2024", "shedId": "KOSAS"}, "geometry": {"type": "LineString", "coordinates": [[80.1907, 13.09485], [80.19089, 13.09486], [80.19089, 13.09486]]}}, {"type": "Feature", "properties": {"drain_type": "SWD", "material": "Concrete", "status": "Good", "ward": "N088", "zone": "N07", "source": "Greater Chennai Corporation", "year": "2024", "shedId": "KOSAS"}, "geometry": {"type": "LineString", "coordinates": [[80.1921, 13.09938], [80.19228, 13.10022], [80.19258, 13.10023], [80.19254, 13.0997]]}}, {"type": "Feature", "properties": {"drain_type": "SWD", "material": "Concrete", "status": "Good", "ward": "N094", "zone": "N08", "source": "Greater Chennai Corporation", "year": "2024", "shedId": "KOSAS"}, "geometry": {"type": "LineString", "coordinates": [[80.19523, 13.1022], [80.19833, 13.10322], [80.20477, 13.10393]]}}, {"type": "Feature", "properties": {"drain_type": "SWD", "material": "Concrete", "status": "Good", "ward": "N094", "zone": "N08", "source": "Greater Chennai Corporation", "year": "2024", "shedId": "KOSAS"}, "geometry": {"type": "LineString", "coordinates": [[80.20579, 13.10393], [80.20634, 13.10566], [80.20735, 13.10562]]}}, {"type": "Feature", "properties": {"drain_type": "SWD", "material": "Concrete", "status": "Good", "ward": "N094", "zone": "N08", "source": "Greater Chennai Corporation", "year": "2024", "shedId": "KOSAS"}, "geometry": {"type": "LineString", "coordinates": [[80.20738, 13.10667], [80.20691, 13.10682], [80.2069, 13.10727], [80.20606, 13.10766], [80.20606, 13.10889], [80.20646, 13.10984]]}}, {"type": "Feature", "properties": {"drain_type": "SWD", "material": "Concrete", "status": "Good", "ward": "N094", "zone": "N08", "source": "Greater Chennai Corporation", "year": "2024", "shedId": "KOSAS"}, "geometry": {"type": "LineString", "coordinates": [[80.20715, 13.10862], [80.20942, 13.10859]]}}, {"type": "Feature", "properties": {"drain_type": "SWD", "material": "Concrete", "status": "Good", "ward": "N094", "zone": "N08", "source": "Greater Chennai Corporation", "year": "2024", "shedId": "KOSAS"}, "geometry": {"type": "LineString", "coordinates": [[80.20715, 13.10862], [80.20716, 13.10948]]}}, {"type": "Feature", "properties": {"drain_type": "SWD", "material": "Concrete", "status": "Good", "ward": "N094", "zone": "N08", "source": "Greater Chennai Corporation", "year": "2024", "shedId": "KOSAS"}, "geometry": {"type": "LineString", "coordinates": [[80.20716, 13.10948], [80.20979, 13.10935], [80.21039, 13.10942]]}}, {"type": "Feature", "properties": {"drain_type": "SWD", "material": "Concrete", "status": "Good", "ward": "N094", "zone": "N08", "source": "Greater Chennai Corporation", "year": "2024", "shedId": "KOSAS"}, "geometry": {"type": "LineString", "coordinates": [[80.20484, 13.10976], [80.20642, 13.10958]]}}, {"type": "Feature", "properties": {"drain_type": "SWD", "material": "Concrete", "status": "Good", "ward": "N094", "zone": "N08", "source": "Greater Chennai Corporation", "year": "2024", "shedId": "KOSAS"}, "geometry": {"type": "LineString", "coordinates": [[80.20766, 13.10862], [80.20755, 13.10831], [80.20678, 13.10833]]}}, {"type": "Feature", "properties": {"drain_type": "SWD", "material": "Concrete", "status": "Good", "ward": "N094", "zone": "N08", "source": "Greater Chennai Corporation", "year": "2024", "shedId": "KOSAS"}, "geometry": {"type": "LineString", "coordinates": [[80.20678, 13.10833], [80.20667, 13.1074]]}}, {"type": "Feature", "properties": {"drain_type": "SWD", "material": "Concrete", "status": "Good", "ward": "N094", "zone": "N08", "source": "Greater Chennai Corporation", "year": "2024", "shedId": "KOSAS"}, "geometry": {"type": "LineString", "coordinates": [[80.20246, 13.118], [80.20511, 13.11805]]}}, {"type": "Feature", "properties": {"drain_type": "SWD", "material": "Concrete", "status": "Good", "ward": "N094", "zone": "N08", "source": "Greater Chennai Corporation", "year": "2024", "shedId": "KOSAS"}, "geometry": {"type": "LineString", "coordinates": [[80.20408, 13.11664], [80.20397, 13.11801]]}}, {"type": "Feature", "properties": {"drain_type": "SWD", "material": "Concrete", "status": "Good", "ward": "N094", "zone": "N08", "source": "Greater Chennai Corporation", "year": "2024", "shedId": "KOSAS"}, "geometry": {"type": "LineString", "coordinates": [[80.20517, 13.11859], [80.2051, 13.11817], [80.20528, 13.11553]]}}, {"type": "Feature", "properties": {"drain_type": "SWD", "material": "Concrete", "status": "Good", "ward": "N094", "zone": "N08", "source": "Greater Chennai Corporation", "year": "2024", "shedId": "KOSAS"}, "geometry": {"type": "LineString", "coordinates": [[80.20528, 13.11553], [80.20283, 13.11545]]}}, {"type": "Feature", "properties": {"drain_type": "SWD", "material": "Concrete", "status": "Good", "ward": "N094", "zone": "N08", "source": "Greater Chennai Corporation", "year": "2024", "shedId": "KOSAS"}, "geometry": {"type": "LineString", "coordinates": [[80.20283, 13.11545], [80.20265, 13.11518], [80.20321, 13.11395]]}}, {"type": "Feature", "properties": {"drain_type": "SWD", "material": "Concrete", "status": "Good", "ward": "N094", "zone": "N08", "source": "Greater Chennai Corporation", "year": "2024", "shedId": "KOSAS"}, "geometry": {"type": "LineString", "coordinates": [[80.20321, 13.11396], [80.20404, 13.11429], [80.20458, 13.11429]]}}, {"type": "Feature", "properties": {"drain_type": "SWD", "material": "Concrete", "status": "Good", "ward": "N094", "zone": "N08", "source": "Greater Chennai Corporation", "year": "2024", "shedId": "KOSAS"}, "geometry": {"type": "LineString", "coordinates": [[80.20463, 13.1155], [80.20459, 13.11356]]}}, {"type": "Feature", "properties": {"drain_type": "SWD", "material": "Concrete", "status": "Good", "ward": "N094", "zone": "N08", "source": "Greater Chennai Corporation", "year": "2024", "shedId": "KOSAS"}, "geometry": {"type": "LineString", "coordinates": [[80.20463, 13.11432], [80.20676, 13.11436]]}}, {"type": "Feature", "properties": {"drain_type": "SWD", "material": "Concrete", "status": "Good", "ward": "N094", "zone": "N08", "source": "Greater Chennai Corporation", "year": "2024", "shedId": "KOSAS"}, "geometry": {"type": "LineString", "coordinates": [[80.20052, 13.11407], [80.20127, 13.114], [80.20215, 13.11414], [80.20306, 13.11394]]}}, {"type": "Feature", "properties": {"drain_type": "SWD", "material": "Concrete", "status": "Good", "ward": "N094", "zone": "N08", "source": "Greater Chennai Corporation", "year": "2024", "shedId": "KOSAS"}, "geometry": {"type": "LineString", "coordinates": [[80.20125, 13.11536], [80.20096, 13.11403]]}}, {"type": "Feature", "properties": {"drain_type": "SWD", "material": "Concrete", "status": "Good", "ward": "N094", "zone": "N08", "source": "Greater Chennai Corporation", "year": "2024", "shedId": "KOSAS"}, "geometry": {"type": "LineString", "coordinates": [[80.20124, 13.11531], [80.20154, 13.11528]]}}, {"type": "Feature", "properties": {"drain_type": "SWD", "material": "Concrete", "status": "Good", "ward": "N094", "zone": "N08", "source": "Greater Chennai Corporation", "year": "2024", "shedId": "KOSAS"}, "geometry": {"type": "LineString", "coordinates": [[80.20154, 13.11528], [80.20145, 13.11404]]}}, {"type": "Feature", "properties": {"drain_type": "SWD", "material": "Concrete", "status": "Good", "ward": "N094", "zone": "N08", "source": "Greater Chennai Corporation", "year": "2024", "shedId": "KOSAS"}, "geometry": {"type": "LineString", "coordinates": [[80.1996, 13.11317], [80.20029, 13.11301], [80.20322, 13.1127]]}}, {"type": "Feature", "properties": {"drain_type": "SWD", "material": "Concrete", "status": "Good", "ward": "N094", "zone": "N08", "source": "Greater Chennai Corporation", "year": "2024", "shedId": "KOSAS"}, "geometry": {"type": "LineString", "coordinates": [[80.20302, 13.11136], [80.20326, 13.11299], [80.20311, 13.11411]]}}, {"type": "Feature", "properties": {"drain_type": "SWD", "material": "Concrete", "status": "Good", "ward": "N094", "zone": "N08", "source": "Greater Chennai Corporation", "year": "2024", "shedId": "KOSAS"}, "geometry": {"type": "LineString", "coordinates": [[80.19985, 13.11349], [80.20048, 13.11334], [80.20129, 13.1133]]}}, {"type": "Feature", "properties": {"drain_type": "SWD", "material": "Concrete", "status": "Good", "ward": "N094", "zone": "N08", "source": "Greater Chennai Corporation", "year": "2024", "shedId": "KOSAS"}, "geometry": {"type": "LineString", "coordinates": [[80.20129, 13.1133], [80.20125, 13.11294]]}}, {"type": "Feature", "properties": {"drain_type": "SWD", "material": "Concrete", "status": "Good", "ward": "N094", "zone": "N08", "source": "Greater Chennai Corporation", "year": "2024", "shedId": "KOSAS"}, "geometry": {"type": "LineString", "coordinates": [[80.19936, 13.11275], [80.20021, 13.11256]]}}, {"type": "Feature", "properties": {"drain_type": "SWD", "material": "Concrete", "status": "Good", "ward": "N094", "zone": "N08", "source": "Greater Chennai Corporation", "year": "2024", "shedId": "KOSAS"}, "geometry": {"type": "LineString", "coordinates": [[80.19984, 13.11183], [80.19994, 13.11222], [80.2006, 13.11301]]}}, {"type": "Feature", "properties": {"drain_type": "SWD", "material": "Concrete", "status": "Good", "ward": "N094", "zone": "N08", "source": "Greater Chennai Corporation", "year": "2024", "shedId": "KOSAS"}, "geometry": {"type": "LineString", "coordinates": [[80.20169, 13.11288], [80.20169, 13.11239], [80.20195, 13.11149]]}}, {"type": "Feature", "properties": {"drain_type": "SWD", "material": "Concrete", "status": "Good", "ward": "N094", "zone": "N08", "source": "Greater Chennai Corporation", "year": "2024", "shedId": "KOSAS"}, "geometry": {"type": "LineString", "coordinates": [[80.20183, 13.11191], [80.20212, 13.11197], [80.20308, 13.11186]]}}, {"type": "Feature", "properties": {"drain_type": "SWD", "material": "Concrete", "status": "Good", "ward": "N094", "zone": "N08", "source": "Greater Chennai Corporation", "year": "2024", "shedId": "KOSAS"}, "geometry": {"type": "LineString", "coordinates": [[80.1993, 13.10331], [80.19923, 13.10437], [80.19936, 13.10919]]}}, {"type": "Feature", "properties": {"drain_type": "SWD", "material": "Concrete", "status": "Good", "ward": "N094", "zone": "N08", "source": "Greater Chennai Corporation", "year": "2024", "shedId": "KOSAS"}, "geometry": {"type": "LineString", "coordinates": [[80.19936, 13.10919], [80.20237, 13.10911], [80.20433, 13.10882]]}}, {"type": "Feature", "properties": {"drain_type": "SWD", "material": "Concrete", "status": "Good", "ward": "N094", "zone": "N08", "source": "Greater Chennai Corporation", "year": "2024", "shedId": "KOSAS"}, "geometry": {"type": "LineString", "coordinates": [[80.20449, 13.10892], [80.20127, 13.10643], [80.20069, 13.10588]]}}, {"type": "Feature", "properties": {"drain_type": "SWD", "material": "Concrete", "status": "Good", "ward": "N094", "zone": "N08", "source": "Greater Chennai Corporation", "year": "2024", "shedId": "KOSAS"}, "geometry": {"type": "LineString", "coordinates": [[80.20069, 13.10588], [80.20068, 13.10482], [80.20081, 13.10349]]}}, {"type": "Feature", "properties": {"drain_type": "SWD", "material": "Concrete", "status": "Good", "ward": "N094", "zone": "N08", "source": "Greater Chennai Corporation", "year": "2024", "shedId": "KOSAS"}, "geometry": {"type": "LineString", "coordinates": [[80.19847, 13.10595], [80.2007, 13.10591]]}}, {"type": "Feature", "properties": {"drain_type": "SWD", "material": "Concrete", "status": "Good", "ward": "N094", "zone": "N08", "source": "Greater Chennai Corporation", "year": "2024", "shedId": "KOSAS"}, "geometry": {"type": "LineString", "coordinates": [[80.19895, 13.10817], [80.19892, 13.10701]]}}, {"type": "Feature", "properties": {"drain_type": "SWD", "material": "Concrete", "status": "Good", "ward": "N094", "zone": "N08", "source": "Greater Chennai Corporation", "year": "2024", "shedId": "KOSAS"}, "geometry": {"type": "LineString", "coordinates": [[80.19867, 13.10701], [80.19924, 13.107]]}}, {"type": "Feature", "properties": {"drain_type": "SWD", "material": "Concrete", "status": "Good", "ward": "N094", "zone": "N08", "source": "Greater Chennai Corporation", "year": "2024", "shedId": "KOSAS"}, "geometry": {"type": "LineString", "coordinates": [[80.19923, 13.10604], [80.19928, 13.10918]]}}, {"type": "Feature", "properties": {"drain_type": "SWD", "material": "Concrete", "status": "Good", "ward": "N094", "zone": "N08", "source": "Greater Chennai Corporation", "year": "2024", "shedId": "KOSAS"}, "geometry": {"type": "LineString", "coordinates": [[80.20441, 13.10886], [80.20339, 13.1091], [80.1995, 13.10925]]}}, {"type": "Feature", "properties": {"drain_type": "SWD", "material": "Concrete", "status": "Good", "ward": "N094", "zone": "N08", "source": "Greater Chennai Corporation", "year": "2024", "shedId": "KOSAS"}, "geometry": {"type": "LineString", "coordinates": [[80.20449, 13.10882], [80.20089, 13.10601]]}}, {"type": "Feature", "properties": {"drain_type": "SWD", "material": "Concrete", "status": "Good", "ward": "N094", "zone": "N08", "source": "Greater Chennai Corporation", "year": "2024", "shedId": "KOSAS"}, "geometry": {"type": "LineString", "coordinates": [[80.2024, 13.10492], [80.20127, 13.10631]]}}, {"type": "Feature", "properties": {"drain_type": "SWD", "material": "Concrete", "status": "Good", "ward": "N094", "zone": "N08", "source": "Greater Chennai Corporation", "year": "2024", "shedId": "KOSAS"}, "geometry": {"type": "LineString", "coordinates": [[80.20267, 13.10741], [80.20386, 13.10596]]}}, {"type": "Feature", "properties": {"drain_type": "SWD", "material": "Concrete", "status": "Good", "ward": "N094", "zone": "N08", "source": "Greater Chennai Corporation", "year": "2024", "shedId": "KOSAS"}, "geometry": {"type": "LineString", "coordinates": [[80.20386, 13.10596], [80.20256, 13.10495]]}}, {"type": "Feature", "properties": {"drain_type": "SWD", "material": "Concrete", "status": "Good", "ward": "N094", "zone": "N08", "source": "Greater Chennai Corporation", "year": "2024", "shedId": "KOSAS"}, "geometry": {"type": "LineString", "coordinates": [[80.20257, 13.10746], [80.20221, 13.10785]]}}, {"type": "Feature", "properties": {"drain_type": "SWD", "material": "Concrete", "status": "Good", "ward": "N094", "zone": "N08", "source": "Greater Chennai Corporation", "year": "2024", "shedId": "KOSAS"}, "geometry": {"type": "LineString", "coordinates": [[80.20238, 13.10768], [80.20363, 13.10865]]}}, {"type": "Feature", "properties": {"drain_type": "SWD", "material": "Concrete", "status": "Good", "ward": "N094", "zone": "N08", "source": "Greater Chennai Corporation", "year": "2024", "shedId": "KOSAS"}, "geometry": {"type": "LineString", "coordinates": [[80.20482, 13.10924], [80.20398, 13.10946], [80.20224, 13.10959]]}}, {"type": "Feature", "properties": {"drain_type": "SWD", "material": "Concrete", "status": "Good", "ward": "N094", "zone": "N08", "source": "Greater Chennai Corporation", "year": "2024", "shedId": "KOSAS"}, "geometry": {"type": "LineString", "coordinates": [[80.20224, 13.10959], [80.20227, 13.11002], [80.20012, 13.11009]]}}, {"type": "Feature", "properties": {"drain_type": "SWD", "material": "Concrete", "status": "Good", "ward": "N094", "zone": "N08", "source": "Greater Chennai Corporation", "year": "2024", "shedId": "KOSAS"}, "geometry": {"type": "LineString", "coordinates": [[80.20012, 13.11009], [80.20013, 13.11051], [80.20054, 13.11062], [80.20271, 13.11051]]}}, {"type": "Feature", "properties": {"drain_type": "Side Drain", "material": "Concrete", "status": "Good", "ward": "N094", "zone": "N08", "source": "Greater Chennai Corporation", "year": "2024", "shedId": "KOSAS"}, "geometry": {"type": "LineString", "coordinates": [[80.20133, 13.11004], [80.20135, 13.11064]]}}, {"type": "Feature", "properties": {"drain_type": "SWD", "material": "Concrete", "status": "Good", "ward": "N094", "zone": "N08", "source": "Greater Chennai Corporation", "year": "2024", "shedId": "KOSAS"}, "geometry": {"type": "LineString", "coordinates": [[80.20148, 13.1107], [80.20277, 13.11057]]}}, {"type": "Feature", "properties": {"drain_type": "SWD", "material": "Concrete", "status": "Good", "ward": "N094", "zone": "N08", "source": "Greater Chennai Corporation", "year": "2024", "shedId": "KOSAS"}, "geometry": {"type": "LineString", "coordinates": [[80.20672, 13.1148], [80.20691, 13.11268], [80.20679, 13.11135]]}}, {"type": "Feature", "properties": {"drain_type": "SWD", "material": "Concrete", "status": "Good", "ward": "N094", "zone": "N08", "source": "Greater Chennai Corporation", "year": "2024", "shedId": "KOSAS"}, "geometry": {"type": "LineString", "coordinates": [[80.2066, 13.11137], [80.20677, 13.1127], [80.20691, 13.11268]]}}, {"type": "Feature", "properties": {"drain_type": "SWD", "material": "Concrete", "status": "Good", "ward": "N094", "zone": "N08", "source": "Greater Chennai Corporation", "year": "2024", "shedId": "KOSAS"}, "geometry": {"type": "LineString", "coordinates": [[80.19925, 13.10457], [80.1986, 13.10457], [80.19865, 13.10377]]}}, {"type": "Feature", "properties": {"drain_type": "SWD", "material": "Concrete", "status": "Good", "ward": "N094", "zone": "N08", "source": "Greater Chennai Corporation", "year": "2024", "shedId": "KOSAS"}, "geometry": {"type": "LineString", "coordinates": [[80.19861, 13.10389], [80.19743, 13.10328], [80.19753, 13.10297]]}}, {"type": "Feature", "properties": {"drain_type": "SWD", "material": "Concrete", "status": "Good", "ward": "N094", "zone": "N08", "source": "Greater Chennai Corporation", "year": "2024", "shedId": "KOSAS"}, "geometry": {"type": "LineString", "coordinates": [[80.20735, 13.10562], [80.20738, 13.10667]]}}, {"type": "Feature", "properties": {"drain_type": "SWD", "material": "Concrete", "status": "Good", "ward": "N094", "zone": "N08", "source": "Greater Chennai Corporation", "year": "2024", "shedId": "KOSAS"}, "geometry": {"type": "LineString", "coordinates": [[80.20611, 13.10865], [80.20715, 13.10862]]}}, {"type": "Feature", "properties": {"drain_type": "SWD", "material": "Concrete", "status": "Good", "ward": "N094", "zone": "N08", "source": "Greater Chennai Corporation", "year": "2024", "shedId": "KOSAS"}, "geometry": {"type": "LineString", "coordinates": [[80.20277, 13.11057], [80.20278, 13.11018]]}}, {"type": "Feature", "properties": {"drain_type": "SWD", "material": "Concrete", "status": "Good", "ward": "N095", "zone": "N08", "source": "Greater Chennai Corporation", "year": "2024", "shedId": "KOSAS"}, "geometry": {"type": "LineString", "coordinates": [[80.19688, 13.09364], [80.19529, 13.09371]]}}, {"type": "Feature", "properties": {"drain_type": "SWD", "material": "Concrete", "status": "Good", "ward": "N095", "zone": "N08", "source": "Greater Chennai Corporation", "year": "2024", "shedId": "KOSAS"}, "geometry": {"type": "LineString", "coordinates": [[80.19688, 13.09364], [80.19698, 13.09649]]}}, {"type": "Feature", "properties": {"drain_type": "SWD", "material": "Concrete", "status": "Good", "ward": "N095", "zone": "N08", "source": "Greater Chennai Corporation", "year": "2024", "shedId": "KOSAS"}, "geometry": {"type": "LineString", "coordinates": [[80.19529, 13.09371], [80.19546, 13.09705]]}}, {"type": "Feature", "properties": {"drain_type": "SWD", "material": "Concrete", "status": "Good", "ward": "N095", "zone": "N08", "source": "Greater Chennai Corporation", "year": "2024", "shedId": "KOSAS"}, "geometry": {"type": "LineString", "coordinates": [[80.19546, 13.09705], [80.19749, 13.09698]]}}, {"type": "Feature", "properties": {"drain_type": "SWD", "material": "Concrete", "status": "Good", "ward": "N095", "zone": "N08", "source": "Greater Chennai Corporation", "year": "2024", "shedId": "KOSAS"}, "geometry": {"type": "LineString", "coordinates": [[80.19749, 13.09698], [80.19733, 13.09313]]}}, {"type": "Feature", "properties": {"drain_type": "SWD", "material": "Concrete", "status": "Good", "ward": "N095", "zone": "N08", "source": "Greater Chennai Corporation", "year": "2024", "shedId": "KOSAS"}, "geometry": {"type": "LineString", "coordinates": [[80.19533, 13.09455], [80.19691, 13.0945]]}}, {"type": "Feature", "properties": {"drain_type": "SWD", "material": "Concrete", "status": "Good", "ward": "N095", "zone": "N08", "source": "Greater Chennai Corporation", "year": "2024", "shedId": "KOSAS"}, "geometry": {"type": "LineString", "coordinates": [[80.19582, 13.09379], [80.19584, 13.09454]]}}, {"type": "Feature", "properties": {"drain_type": "SWD", "material": "Concrete", "status": "Good", "ward": "N095", "zone": "N08", "source": "Greater Chennai Corporation", "year": "2024", "shedId": "KOSAS"}, "geometry": {"type": "LineString", "coordinates": [[80.19644, 13.09408], [80.19643, 13.09367], [80.19643, 13.09366]]}}, {"type": "Feature", "properties": {"drain_type": "SWD", "material": "Concrete", "status": "Good", "ward": "N095", "zone": "N08", "source": "Greater Chennai Corporation", "year": "2024", "shedId": "KOSAS"}, "geometry": {"type": "LineString", "coordinates": [[80.19534, 13.09509], [80.19694, 13.09504]]}}, {"type": "Feature", "properties": {"drain_type": "SWD", "material": "Concrete", "status": "Good", "ward": "N095", "zone": "N08", "source": "Greater Chennai Corporation", "year": "2024", "shedId": "KOSAS"}, "geometry": {"type": "LineString", "coordinates": [[80.19537, 13.09568], [80.19686, 13.09563]]}}, {"type": "Feature", "properties": {"drain_type": "SWD", "material": "Concrete", "status": "Good", "ward": "N095", "zone": "N08", "source": "Greater Chennai Corporation", "year": "2024", "shedId": "KOSAS"}, "geometry": {"type": "LineString", "coordinates": [[80.19588, 13.09567], [80.19589, 13.09642]]}}, {"type": "Feature", "properties": {"drain_type": "SWD", "material": "Concrete", "status": "Good", "ward": "N095", "zone": "N08", "source": "Greater Chennai Corporation", "year": "2024", "shedId": "KOSAS"}, "geometry": {"type": "LineString", "coordinates": [[80.1954, 13.09656], [80.19699, 13.09649]]}}, {"type": "Feature", "properties": {"drain_type": "SWD", "material": "Concrete", "status": "Good", "ward": "N095", "zone": "N08", "source": "Greater Chennai Corporation", "year": "2024", "shedId": "KOSAS"}, "geometry": {"type": "LineString", "coordinates": [[80.19564, 13.09718], [80.19729, 13.09714]]}}, {"type": "Feature", "properties": {"drain_type": "SWD", "material": "Concrete", "status": "Good", "ward": "N095", "zone": "N08", "source": "Greater Chennai Corporation", "year": "2024", "shedId": "KOSAS"}, "geometry": {"type": "LineString", "coordinates": [[80.19844, 13.09709], [80.19761, 13.09709]]}}, {"type": "Feature", "properties": {"drain_type": "SWD", "material": "Concrete", "status": "Good", "ward": "N095", "zone": "N08", "source": "Greater Chennai Corporation", "year": "2024", "shedId": "KOSAS"}, "geometry": {"type": "LineString", "coordinates": [[80.19762, 13.09711], [80.19749, 13.09312]]}}, {"type": "Feature", "properties": {"drain_type": "SWD", "material": "Concrete", "status": "Good", "ward": "N095", "zone": "N08", "source": "Greater Chennai Corporation", "year": "2024", "shedId": "KOSAS"}, "geometry": {"type": "LineString", "coordinates": [[80.1974, 13.09863], [80.19831, 13.09817], [80.19866, 13.09763], [80.1988, 13.09703]]}}, {"type": "Feature", "properties": {"drain_type": "SWD", "material": "Concrete", "status": "Good", "ward": "N095", "zone": "N08", "source": "Greater Chennai Corporation", "year": "2024", "shedId": "KOSAS"}, "geometry": {"type": "LineString", "coordinates": [[80.19878, 13.09703], [80.2001, 13.09688]]}}, {"type": "Feature", "properties": {"drain_type": "SWD", "material": "Concrete", "status": "Good", "ward": "N095", "zone": "N08", "source": "Greater Chennai Corporation", "year": "2024", "shedId": "KOSAS"}, "geometry": {"type": "LineString", "coordinates": [[80.2001, 13.09688], [80.20007, 13.09553]]}}, {"type": "Feature", "properties": {"drain_type": "SWD", "material": "Concrete", "status": "Good", "ward": "N095", "zone": "N08", "source": "Greater Chennai Corporation", "year": "2024", "shedId": "KOSAS"}, "geometry": {"type": "LineString", "coordinates": [[80.20007, 13.09553], [80.19937, 13.09554]]}}, {"type": "Feature", "properties": {"drain_type": "SWD", "material": "Concrete", "status": "Good", "ward": "N095", "zone": "N08", "source": "Greater Chennai Corporation", "year": "2024", "shedId": "KOSAS"}, "geometry": {"type": "LineString", "coordinates": [[80.20011, 13.09632], [80.19938, 13.09634]]}}, {"type": "Feature", "properties": {"drain_type": "SWD", "material": "Concrete", "status": "Good", "ward": "N095", "zone": "N08", "source": "Greater Chennai Corporation", "year": "2024", "shedId": "KOSAS"}, "geometry": {"type": "LineString", "coordinates": [[80.19937, 13.09497], [80.19938, 13.09634]]}}, {"type": "Feature", "properties": {"drain_type": "SWD", "material": "Concrete", "status": "Good", "ward": "N095", "zone": "N08", "source": "Greater Chennai Corporation", "year": "2024", "shedId": "KOSAS"}, "geometry": {"type": "LineString", "coordinates": [[80.19965, 13.09552], [80.19968, 13.09603]]}}, {"type": "Feature", "properties": {"drain_type": "SWD", "material": "Concrete", "status": "Good", "ward": "N095", "zone": "N08", "source": "Greater Chennai Corporation", "year": "2024", "shedId": "KOSAS"}, "geometry": {"type": "LineString", "coordinates": [[80.19939, 13.09603], [80.20009, 13.09605]]}}, {"type": "Feature", "properties": {"drain_type": "SWD", "material": "Concrete", "status": "Good", "ward": "N095", "zone": "N08", "source": "Greater Chennai Corporation", "year": "2024", "shedId": "KOSAS"}, "geometry": {"type": "LineString", "coordinates": [[80.19929, 13.09496], [80.20574, 13.09472]]}}, {"type": "Feature", "properties": {"drain_type": "SWD", "material": "Concrete", "status": "Good", "ward": "N095", "zone": "N08", "source": "Greater Chennai Corporation", "year": "2024", "shedId": "KOSAS"}, "geometry": {"type": "LineString", "coordinates": [[80.19999, 13.09482], [80.20773, 13.09455]]}}, {"type": "Feature", "properties": {"drain_type": "SWD", "material": "Concrete", "status": "Good", "ward": "N095", "zone": "N08", "source": "Greater Chennai Corporation", "year": "2024", "shedId": "KOSAS"}, "geometry": {"type": "LineString", "coordinates": [[80.20007, 13.09481], [80.20002, 13.09359]]}}, {"type": "Feature", "properties": {"drain_type": "SWD", "material": "Concrete", "status": "Good", "ward": "N095", "zone": "N08", "source": "Greater Chennai Corporation", "year": "2024", "shedId": "KOSAS"}, "geometry": {"type": "LineString", "coordinates": [[80.20002, 13.09359], [80.19932, 13.0936]]}}, {"type": "Feature", "properties": {"drain_type": "SWD", "material": "Concrete", "status": "Good", "ward": "N095", "zone": "N08", "source": "Greater Chennai Corporation", "year": "2024", "shedId": "KOSAS"}, "geometry": {"type": "LineString", "coordinates": [[80.19934, 13.09397], [80.1993, 13.09307]]}}, {"type": "Feature", "properties": {"drain_type": "SWD", "material": "Concrete", "status": "Good", "ward": "N095", "zone": "N08", "source": "Greater Chennai Corporation", "year": "2024", "shedId": "KOSAS"}, "geometry": {"type": "LineString", "coordinates": [[80.19929, 13.09307], [80.20091, 13.09294], [80.21031, 13.09263]]}}, {"type": "Feature", "properties": {"drain_type": "SWD", "material": "Concrete", "status": "Good", "ward": "N095", "zone": "N08", "source": "Greater Chennai Corporation", "year": "2024", "shedId": "KOSAS"}, "geometry": {"type": "LineString", "coordinates": [[80.20123, 13.09296], [80.20127, 13.09355]]}}, {"type": "Feature", "properties": {"drain_type": "SWD", "material": "Concrete", "status": "Good", "ward": "N095", "zone": "N08", "source": "Greater Chennai Corporation", "year": "2024", "shedId": "KOSAS"}, "geometry": {"type": "LineString", "coordinates": [[80.20127, 13.09354], [80.20322, 13.09348]]}}, {"type": "Feature", "properties": {"drain_type": "SWD", "material": "Concrete", "status": "Good", "ward": "N095", "zone": "N08", "source": "Greater Chennai Corporation", "year": "2024", "shedId": "KOSAS"}, "geometry": {"type": "LineString", "coordinates": [[80.20322, 13.09348], [80.20328, 13.09469]]}}, {"type": "Feature", "properties": {"drain_type": "SWD", "material": "Concrete", "status": "Good", "ward": "N095", "zone": "N08", "source": "Greater Chennai Corporation", "year": "2024", "shedId": "KOSAS"}, "geometry": {"type": "LineString", "coordinates": [[80.20376, 13.09287], [80.20403, 13.0972]]}}, {"type": "Feature", "properties": {"drain_type": "SWD", "material": "Concrete", "status": "Good", "ward": "N095", "zone": "N08", "source": "Greater Chennai Corporation", "year": "2024", "shedId": "KOSAS"}, "geometry": {"type": "LineString", "coordinates": [[80.20595, 13.09463], [80.20587, 13.09339]]}}, {"type": "Feature", "properties": {"drain_type": "SWD", "material": "Concrete", "status": "Good", "ward": "N095", "zone": "N08", "source": "Greater Chennai Corporation", "year": "2024", "shedId": "KOSAS"}, "geometry": {"type": "LineString", "coordinates": [[80.20587, 13.09339], [80.20453, 13.09342]]}}, {"type": "Feature", "properties": {"drain_type": "SWD", "material": "Concrete", "status": "Good", "ward": "N095", "zone": "N08", "source": "Greater Chennai Corporation", "year": "2024", "shedId": "KOSAS"}, "geometry": {"type": "LineString", "coordinates": [[80.20439, 13.09284], [80.20447, 13.09415]]}}, {"type": "Feature", "properties": {"drain_type": "SWD", "material": "Concrete", "status": "Good", "ward": "N095", "zone": "N08", "source": "Greater Chennai Corporation", "year": "2024", "shedId": "KOSAS"}, "geometry": {"type": "LineString", "coordinates": [[80.20447, 13.09415], [80.20593, 13.09409]]}}, {"type": "Feature", "properties": {"drain_type": "SWD", "material": "Concrete", "status": "Good", "ward": "N095", "zone": "N08", "source": "Greater Chennai Corporation", "year": "2024", "shedId": "KOSAS"}, "geometry": {"type": "LineString", "coordinates": [[80.2064, 13.09277], [80.2065, 13.0946]]}}, {"type": "Feature", "properties": {"drain_type": "SWD", "material": "Concrete", "status": "Good", "ward": "N095", "zone": "N08", "source": "Greater Chennai Corporation", "year": "2024", "shedId": "KOSAS"}, "geometry": {"type": "LineString", "coordinates": [[80.20662, 13.0946], [80.2065, 13.09276]]}}, {"type": "Feature", "properties": {"drain_type": "SWD", "material": "Concrete", "status": "Good", "ward": "N095", "zone": "N08", "source": "Greater Chennai Corporation", "year": "2024", "shedId": "KOSAS"}, "geometry": {"type": "LineString", "coordinates": [[80.2072, 13.09459], [80.20714, 13.09332]]}}, {"type": "Feature", "properties": {"drain_type": "SWD", "material": "Concrete", "status": "Good", "ward": "N095", "zone": "N08", "source": "Greater Chennai Corporation", "year": "2024", "shedId": "KOSAS"}, "geometry": {"type": "LineString", "coordinates": [[80.20714, 13.09332], [80.20796, 13.09327], [80.20794, 13.09271]]}}, {"type": "Feature", "properties": {"drain_type": "SWD", "material": "Concrete", "status": "Good", "ward": "N095", "zone": "N08", "source": "Greater Chennai Corporation", "year": "2024", "shedId": "KOSAS"}, "geometry": {"type": "LineString", "coordinates": [[80.20573, 13.09472], [80.20585, 13.09649]]}}, {"type": "Feature", "properties": {"drain_type": "SWD", "material": "Concrete", "status": "Good", "ward": "N095", "zone": "N08", "source": "Greater Chennai Corporation", "year": "2024", "shedId": "KOSAS"}, "geometry": {"type": "LineString", "coordinates": [[80.20454, 13.09701], [80.2044, 13.09507]]}}, {"type": "Feature", "properties": {"drain_type": "SWD", "material": "Concrete", "status": "Good", "ward": "N095", "zone": "N08", "source": "Greater Chennai Corporation", "year": "2024", "shedId": "KOSAS"}, "geometry": {"type": "LineString", "coordinates": [[80.2044, 13.09509], [80.20574, 13.09498]]}}, {"type": "Feature", "properties": {"drain_type": "SWD", "material": "Concrete", "status": "Good", "ward": "N095", "zone": "N08", "source": "Greater Chennai Corporation", "year": "2024", "shedId": "KOSAS"}, "geometry": {"type": "LineString", "coordinates": [[80.20137, 13.09543], [80.20338, 13.09534]]}}, {"type": "Feature", "properties": {"drain_type": "SWD", "material": "Concrete", "status": "Good", "ward": "N095", "zone": "N08", "source": "Greater Chennai Corporation", "year": "2024", "shedId": "KOSAS"}, "geometry": {"type": "LineString", "coordinates": [[80.20337, 13.09534], [80.20346, 13.09676]]}}, {"type": "Feature", "properties": {"drain_type": "SWD", "material": "Concrete", "status": "Good", "ward": "N095", "zone": "N08", "source": "Greater Chennai Corporation", "year": "2024", "shedId": "KOSAS"}, "geometry": {"type": "LineString", "coordinates": [[80.20157, 13.09627], [80.20342, 13.09621]]}}, {"type": "Feature", "properties": {"drain_type": "SWD", "material": "Concrete", "status": "Good", "ward": "N095", "zone": "N08", "source": "Greater Chennai Corporation", "year": "2024", "shedId": "KOSAS"}, "geometry": {"type": "LineString", "coordinates": [[80.20163, 13.09685], [80.20347, 13.09676]]}}, {"type": "Feature", "properties": {"drain_type": "SWD", "material": "Concrete", "status": "Good", "ward": "N095", "zone": "N08", "source": "Greater Chennai Corporation", "year": "2024", "shedId": "KOSAS"}, "geometry": {"type": "LineString", "coordinates": [[80.20347, 13.09677], [80.20396, 13.09676], [80.20397, 13.09676]]}}, {"type": "Feature", "properties": {"drain_type": "SWD", "material": "Concrete", "status": "Good", "ward": "N095", "zone": "N08", "source": "Greater Chennai Corporation", "year": "2024", "shedId": "KOSAS"}, "geometry": {"type": "LineString", "coordinates": [[80.20199, 13.09727], [80.20202, 13.09785]]}}, {"type": "Feature", "properties": {"drain_type": "SWD", "material": "Concrete", "status": "Good", "ward": "N095", "zone": "N08", "source": "Greater Chennai Corporation", "year": "2024", "shedId": "KOSAS"}, "geometry": {"type": "LineString", "coordinates": [[80.19924, 13.09701], [80.1993, 13.09843]]}}, {"type": "Feature", "properties": {"drain_type": "SWD", "material": "Concrete", "status": "Good", "ward": "N095", "zone": "N08", "source": "Greater Chennai Corporation", "year": "2024", "shedId": "KOSAS"}, "geometry": {"type": "LineString", "coordinates": [[80.19929, 13.09833], [80.20022, 13.09829]]}}, {"type": "Feature", "properties": {"drain_type": "SWD", "material": "Concrete", "status": "Good", "ward": "N095", "zone": "N08", "source": "Greater Chennai Corporation", "year": "2024", "shedId": "KOSAS"}, "geometry": {"type": "LineString", "coordinates": [[80.19924, 13.0992], [80.19945, 13.10122]]}}, {"type": "Feature", "properties": {"drain_type": "SWD", "material": "Concrete", "status": "Good", "ward": "N095", "zone": "N08", "source": "Greater Chennai Corporation", "year": "2024", "shedId": "KOSAS"}, "geometry": {"type": "LineString", "coordinates": [[80.19939, 13.10092], [80.19908, 13.10093], [80.19903, 13.10304]]}}, {"type": "Feature", "properties": {"drain_type": "SWD", "material": "Concrete", "status": "Good", "ward": "N095", "zone": "N08", "source": "Greater Chennai Corporation", "year": "2024", "shedId": "KOSAS"}, "geometry": {"type": "LineString", "coordinates": [[80.19903, 13.10304], [80.20273, 13.1035]]}}, {"type": "Feature", "properties": {"drain_type": "SWD", "material": "Concrete", "status": "Good", "ward": "N095", "zone": "N08", "source": "Greater Chennai Corporation", "year": "2024", "shedId": "KOSAS"}, "geometry": {"type": "LineString", "coordinates": [[80.19904, 13.10244], [80.20065, 13.1026]]}}, {"type": "Feature", "properties": {"drain_type": "SWD", "material": "Concrete", "status": "Good", "ward": "N095", "zone": "N08", "source": "Greater Chennai Corporation", "year": "2024", "shedId": "KOSAS"}, "geometry": {"type": "LineString", "coordinates": [[80.19947, 13.10204], [80.20203, 13.10238]]}}, {"type": "Feature", "properties": {"drain_type": "SWD", "material": "Concrete", "status": "Good", "ward": "N095", "zone": "N08", "source": "Greater Chennai Corporation", "year": "2024", "shedId": "KOSAS"}, "geometry": {"type": "LineString", "coordinates": [[80.19945, 13.10122], [80.20062, 13.1012]]}}, {"type": "Feature", "properties": {"drain_type": "SWD", "material": "Concrete", "status": "Good", "ward": "N095", "zone": "N08", "source": "Greater Chennai Corporation", "year": "2024", "shedId": "KOSAS"}, "geometry": {"type": "LineString", "coordinates": [[80.1993, 13.09987], [80.20051, 13.09974]]}}, {"type": "Feature", "properties": {"drain_type": "SWD", "material": "Concrete", "status": "Good", "ward": "N095", "zone": "N08", "source": "Greater Chennai Corporation", "year": "2024", "shedId": "KOSAS"}, "geometry": {"type": "LineString", "coordinates": [[80.20051, 13.09974], [80.20069, 13.10225], [80.2006, 13.10328]]}}, {"type": "Feature", "properties": {"drain_type": "SWD", "material": "Concrete", "status": "Good", "ward": "N095", "zone": "N08", "source": "Greater Chennai Corporation", "year": "2024", "shedId": "KOSAS"}, "geometry": {"type": "LineString", "coordinates": [[80.20166, 13.09881], [80.20204, 13.10142], [80.20206, 13.10342]]}}, {"type": "Feature", "properties": {"drain_type": "SWD", "material": "Concrete", "status": "Good", "ward": "N095", "zone": "N08", "source": "Greater Chennai Corporation", "year": "2024", "shedId": "KOSAS"}, "geometry": {"type": "LineString", "coordinates": [[80.20182, 13.10014], [80.20407, 13.09981]]}}, {"type": "Feature", "properties": {"drain_type": "SWD", "material": "Concrete", "status": "Good", "ward": "N095", "zone": "N08", "source": "Greater Chennai Corporation", "year": "2024", "shedId": "KOSAS"}, "geometry": {"type": "LineString", "coordinates": [[80.20407, 13.09981], [80.20497, 13.10024]]}}, {"type": "Feature", "properties": {"drain_type": "SWD", "material": "Concrete", "status": "Good", "ward": "N095", "zone": "N08", "source": "Greater Chennai Corporation", "year": "2024", "shedId": "KOSAS"}, "geometry": {"type": "LineString", "coordinates": [[80.20304, 13.09994], [80.2033, 13.10188]]}}, {"type": "Feature", "properties": {"drain_type": "SWD", "material": "Concrete", "status": "Good", "ward": "N095", "zone": "N08", "source": "Greater Chennai Corporation", "year": "2024", "shedId": "KOSAS"}, "geometry": {"type": "LineString", "coordinates": [[80.20325, 13.10154], [80.20475, 13.10131]]}}, {"type": "Feature", "properties": {"drain_type": "SWD", "material": "Concrete", "status": "Good", "ward": "N095", "zone": "N08", "source": "Greater Chennai Corporation", "year": "2024", "shedId": "KOSAS"}, "geometry": {"type": "LineString", "coordinates": [[80.20479, 13.10167], [80.20269, 13.10203]]}}, {"type": "Feature", "properties": {"drain_type": "SWD", "material": "Concrete", "status": "Good", "ward": "N095", "zone": "N08", "source": "Greater Chennai Corporation", "year": "2024", "shedId": "KOSAS"}, "geometry": {"type": "LineString", "coordinates": [[80.20269, 13.10202], [80.20278, 13.10279], [80.20271, 13.1035]]}}, {"type": "Feature", "properties": {"drain_type": "SWD", "material": "Concrete", "status": "Good", "ward": "N095", "zone": "N08", "source": "Greater Chennai Corporation", "year": "2024", "shedId": "KOSAS"}, "geometry": {"type": "LineString", "coordinates": [[80.20274, 13.10246], [80.20353, 13.10243], [80.20393, 13.10232]]}}, {"type": "Feature", "properties": {"drain_type": "SWD", "material": "Concrete", "status": "Good", "ward": "N095", "zone": "N08", "source": "Greater Chennai Corporation", "year": "2024", "shedId": "KOSAS"}, "geometry": {"type": "LineString", "coordinates": [[80.20485, 13.10334], [80.20485, 13.1038]]}}, {"type": "Feature", "properties": {"drain_type": "SWD", "material": "Concrete", "status": "Good", "ward": "N095", "zone": "N08", "source": "Greater Chennai Corporation", "year": "2024", "shedId": "KOSAS"}, "geometry": {"type": "LineString", "coordinates": [[80.20576, 13.1028], [80.20596, 13.10378]]}}, {"type": "Feature", "properties": {"drain_type": "SWD", "material": "Concrete", "status": "Good", "ward": "N095", "zone": "N08", "source": "Greater Chennai Corporation", "year": "2024", "shedId": "KOSAS"}, "geometry": {"type": "LineString", "coordinates": [[80.21454, 13.10061], [80.21164, 13.10177], [80.20743, 13.1032]]}}, {"type": "Feature", "properties": {"drain_type": "SWD", "material": "Concrete", "status": "Good", "ward": "N095", "zone": "N08", "source": "Greater Chennai Corporation", "year": "2024", "shedId": "KOSAS"}, "geometry": {"type": "LineString", "coordinates": [[80.2145, 13.10078], [80.21217, 13.10171], [80.20757, 13.10326]]}}, {"type": "Feature", "properties": {"drain_type": "SWD", "material": "Concrete", "status": "Good", "ward": "N095", "zone": "N08", "source": "Greater Chennai Corporation", "year": "2024", "shedId": "KOSAS"}, "geometry": {"type": "LineString", "coordinates": [[80.20754, 13.10316], [80.20788, 13.10478], [80.20799, 13.10567]]}}, {"type": "Feature", "properties": {"drain_type": "SWD", "material": "Concrete", "status": "Good", "ward": "N095", "zone": "N08", "source": "Greater Chennai Corporation", "year": "2024", "shedId": "KOSAS"}, "geometry": {"type": "LineString", "coordinates": [[80.20799, 13.10567], [80.21192, 13.10557], [80.21254, 13.10527], [80.21413, 13.10496], [80.21532, 13.10412]]}}, {"type": "Feature", "properties": {"drain_type": "SWD", "material": "Concrete", "status": "Good", "ward": "N095", "zone": "N08", "source": "Greater Chennai Corporation", "year": "2024", "shedId": "KOSAS"}, "geometry": {"type": "LineString", "coordinates": [[80.21383, 13.10384], [80.21459, 13.10368], [80.21526, 13.10364]]}}, {"type": "Feature", "properties": {"drain_type": "SWD", "material": "Concrete", "status": "Good", "ward": "N095", "zone": "N08", "source": "Greater Chennai Corporation", "year": "2024", "shedId": "KOSAS"}, "geometry": {"type": "LineString", "coordinates": [[80.21361, 13.1033], [80.21351, 13.10251]]}}, {"type": "Feature", "properties": {"drain_type": "SWD", "material": "Concrete", "status": "Good", "ward": "N095", "zone": "N08", "source": "Greater Chennai Corporation", "year": "2024", "shedId": "KOSAS"}, "geometry": {"type": "LineString", "coordinates": [[80.21351, 13.10251], [80.21481, 13.10219]]}}, {"type": "Feature", "properties": {"drain_type": "SWD", "material": "Concrete", "status": "Good", "ward": "N095", "zone": "N08", "source": "Greater Chennai Corporation", "year": "2024", "shedId": "KOSAS"}, "geometry": {"type": "LineString", "coordinates": [[80.21414, 13.10233], [80.2142, 13.10274]]}}, {"type": "Feature", "properties": {"drain_type": "SWD", "material": "Concrete", "status": "Good", "ward": "N095", "zone": "N08", "source": "Greater Chennai Corporation", "year": "2024", "shedId": "KOSAS"}, "geometry": {"type": "LineString", "coordinates": [[80.21288, 13.10234], [80.21469, 13.10174]]}}, {"type": "Feature", "properties": {"drain_type": "SWD", "material": "Concrete", "status": "Good", "ward": "N095", "zone": "N08", "source": "Greater Chennai Corporation", "year": "2024", "shedId": "KOSAS"}, "geometry": {"type": "LineString", "coordinates": [[80.21129, 13.102], [80.21235, 13.10537]]}}, {"type": "Feature", "properties": {"drain_type": "SWD", "material": "Concrete", "status": "Good", "ward": "N095", "zone": "N08", "source": "Greater Chennai Corporation", "year": "2024", "shedId": "KOSAS"}, "geometry": {"type": "LineString", "coordinates": [[80.20922, 13.10272], [80.20971, 13.10443]]}}, {"type": "Feature", "properties": {"drain_type": "SWD", "material": "Concrete", "status": "Good", "ward": "N095", "zone": "N08", "source": "Greater Chennai Corporation", "year": "2024", "shedId": "KOSAS"}, "geometry": {"type": "LineString", "coordinates": [[80.20971, 13.10443], [80.20994, 13.10438], [80.21003, 13.10445]]}}, {"type": "Feature", "properties": {"drain_type": "SWD", "material": "Concrete", "status": "Good", "ward": "N095", "zone": "N08", "source": "Greater Chennai Corporation", "year": "2024", "shedId": "KOSAS"}, "geometry": {"type": "LineString", "coordinates": [[80.21003, 13.10445], [80.2107, 13.10431], [80.21058, 13.10387], [80.21112, 13.10368]]}}, {"type": "Feature", "properties": {"drain_type": "SWD", "material": "Concrete", "status": "Good", "ward": "N095", "zone": "N08", "source": "Greater Chennai Corporation", "year": "2024", "shedId": "KOSAS"}, "geometry": {"type": "LineString", "coordinates": [[80.21115, 13.1046], [80.21115, 13.10512], [80.21142, 13.10529], [80.21141, 13.10562]]}}, {"type": "Feature", "properties": {"drain_type": "SWD", "material": "Concrete", "status": "Good", "ward": "N095", "zone": "N08", "source": "Greater Chennai Corporation", "year": "2024", "shedId": "KOSAS"}, "geometry": {"type": "LineString", "coordinates": [[80.20762, 13.09393], [80.20717, 13.09396]]}}, {"type": "Feature", "properties": {"drain_type": "SWD", "material": "Concrete", "status": "Good", "ward": "N095", "zone": "N08", "source": "Greater Chennai Corporation", "year": "2024", "shedId": "KOSAS"}, "geometry": {"type": "LineString", "coordinates": [[80.20852, 13.10562], [80.20858, 13.1067]]}}, {"type": "Feature", "properties": {"drain_type": "SWD", "material": "Concrete", "status": "Good", "ward": "N095", "zone": "N08", "source": "Greater Chennai Corporation", "year": "2024", "shedId": "KOSAS"}, "geometry": {"type": "LineString", "coordinates": [[80.2085, 13.1067], [80.21001, 13.10653]]}}, {"type": "Feature", "properties": {"drain_type": "SWD", "material": "Concrete", "status": "Good", "ward": "N095", "zone": "N08", "source": "Greater Chennai Corporation", "year": "2024", "shedId": "KOSAS"}, "geometry": {"type": "LineString", "coordinates": [[80.20991, 13.1056], [80.21008, 13.10732], [80.21033, 13.10842]]}}, {"type": "Feature", "properties": {"drain_type": "SWD", "material": "Concrete", "status": "Good", "ward": "N095", "zone": "N08", "source": "Greater Chennai Corporation", "year": "2024", "shedId": "KOSAS"}, "geometry": {"type": "LineString", "coordinates": [[80.21033, 13.10842], [80.21291, 13.10888]]}}, {"type": "Feature", "properties": {"drain_type": "SWD", "material": "Concrete", "status": "Good", "ward": "N095", "zone": "N08", "source": "Greater Chennai Corporation", "year": "2024", "shedId": "KOSAS"}, "geometry": {"type": "LineString", "coordinates": [[80.20458, 13.10004], [80.20495, 13.10253]]}}, {"type": "Feature", "properties": {"drain_type": "SWD", "material": "Concrete", "status": "Good", "ward": "N095", "zone": "N08", "source": "Greater Chennai Corporation", "year": "2024", "shedId": "KOSAS"}, "geometry": {"type": "LineString", "coordinates": [[80.20069, 13.09299], [80.20078, 13.0965]]}}, {"type": "Feature", "properties": {"drain_type": "SWD", "material": "Concrete", "status": "Good", "ward": "N095", "zone": "N08", "source": "Greater Chennai Corporation", "year": "2024", "shedId": "KOSAS"}, "geometry": {"type": "LineString", "coordinates": [[80.19521, 13.10191], [80.19552, 13.10029], [80.19639, 13.09976]]}}, {"type": "Feature", "properties": {"drain_type": "SWD", "material": "Concrete", "status": "Good", "ward": "N095", "zone": "N08", "source": "Greater Chennai Corporation", "year": "2024", "shedId": "KOSAS"}, "geometry": {"type": "LineString", "coordinates": [[80.19605, 13.09308], [80.19804, 13.09308]]}}, {"type": "Feature", "properties": {"drain_type": "SWD", "material": "Concrete", "status": "Good", "ward": "N099", "zone": "N08", "source": "Greater Chennai Corporation", "year": "2024", "shedId": "KOSAS"}, "geometry": {"type": "LineString", "coordinates": [[80.20063, 13.09159], [80.19935, 13.09169]]}}, {"type": "Feature", "properties": {"drain_type": "SWD", "material": "Concrete", "status": "Good", "ward": "N099", "zone": "N08", "source": "Greater Chennai Corporation", "year": "2024", "shedId": "KOSAS"}, "geometry": {"type": "LineString", "coordinates": [[80.19998, 13.09165], [80.20001, 13.09227]]}}, {"type": "Feature", "properties": {"drain_type": "SWD", "material": "Concrete", "status": "Good", "ward": "N099", "zone": "N08", "source": "Greater Chennai Corporation", "year": "2024", "shedId": "KOSAS"}, "geometry": {"type": "LineString", "coordinates": [[80.19935, 13.09169], [80.1994, 13.09289]]}}, {"type": "Feature", "properties": {"drain_type": "SWD", "material": "Concrete", "status": "Good", "ward": "N099", "zone": "N08", "source": "Greater Chennai Corporation", "year": "2024", "shedId": "KOSAS"}, "geometry": {"type": "LineString", "coordinates": [[80.1994, 13.09289], [80.20166, 13.09281], [80.20174, 13.09292]]}}, {"type": "Feature", "properties": {"drain_type": "SWD", "material": "Concrete", "status": "Good", "ward": "N099", "zone": "N08", "source": "Greater Chennai Corporation", "year": "2024", "shedId": "KOSAS"}, "geometry": {"type": "LineString", "coordinates": [[80.2007, 13.09285], [80.2007, 13.09296], [80.2007, 13.09298]]}}, {"type": "Feature", "properties": {"drain_type": "SWD", "material": "Concrete", "status": "Good", "ward": "N099", "zone": "N08", "source": "Greater Chennai Corporation", "year": "2024", "shedId": "KOSAS"}, "geometry": {"type": "LineString", "coordinates": [[80.20414, 13.09283], [80.20425, 13.09271], [80.21017, 13.0925]]}}, {"type": "Feature", "properties": {"drain_type": "SWD", "material": "Concrete", "status": "Good", "ward": "N099", "zone": "N08", "source": "Greater Chennai Corporation", "year": "2024", "shedId": "KOSAS"}, "geometry": {"type": "LineString", "coordinates": [[80.20321, 13.0929], [80.20595, 13.09274], [80.21031, 13.09263]]}}, {"type": "Feature", "properties": {"drain_type": "SWD", "material": "Concrete", "status": "Good", "ward": "N099", "zone": "N08", "source": "Greater Chennai Corporation", "year": "2024", "shedId": "KOSAS"}, "geometry": {"type": "LineString", "coordinates": [[80.20053, 13.08894], [80.2011, 13.08893]]}}, {"type": "Feature", "properties": {"drain_type": "SWD", "material": "Concrete", "status": "Good", "ward": "N099", "zone": "N08", "source": "Greater Chennai Corporation", "year": "2024", "shedId": "KOSAS"}, "geometry": {"type": "LineString", "coordinates": [[80.2006, 13.0909], [80.20247, 13.09085]]}}, {"type": "Feature", "properties": {"drain_type": "SWD", "material": "Concrete", "status": "Good", "ward": "N099", "zone": "N08", "source": "Greater Chennai Corporation", "year": "2024", "shedId": "KOSAS"}, "geometry": {"type": "LineString", "coordinates": [[80.20281, 13.09142], [80.20635, 13.09131]]}}, {"type": "Feature", "properties": {"drain_type": "SWD", "material": "Concrete", "status": "Good", "ward": "N099", "zone": "N08", "source": "Greater Chennai Corporation", "year": "2024", "shedId": "KOSAS"}, "geometry": {"type": "LineString", "coordinates": [[80.20398, 13.0914], [80.20412, 13.09195]]}}, {"type": "Feature", "properties": {"drain_type": "SWD", "material": "Concrete", "status": "Good", "ward": "N099", "zone": "N08", "source": "Greater Chennai Corporation", "year": "2024", "shedId": "KOSAS"}, "geometry": {"type": "LineString", "coordinates": [[80.20634, 13.09119], [80.20641, 13.09262]]}}, {"type": "Feature", "properties": {"drain_type": "SWD", "material": "Concrete", "status": "Good", "ward": "N099", "zone": "N08", "source": "Greater Chennai Corporation", "year": "2024", "shedId": "KOSAS"}, "geometry": {"type": "LineString", "coordinates": [[80.20638, 13.09206], [80.20869, 13.09203]]}}, {"type": "Feature", "properties": {"drain_type": "SWD", "material": "Concrete", "status": "Good", "ward": "N099", "zone": "N08", "source": "Greater Chennai Corporation", "year": "2024", "shedId": "KOSAS"}, "geometry": {"type": "LineString", "coordinates": [[80.20869, 13.09203], [80.20871, 13.09254]]}}, {"type": "Feature", "properties": {"drain_type": "SWD", "material": "Concrete", "status": "Good", "ward": "N099", "zone": "N08", "source": "Greater Chennai Corporation", "year": "2024", "shedId": "KOSAS"}, "geometry": {"type": "LineString", "coordinates": [[80.20876, 13.09197], [80.2088, 13.09254]]}}, {"type": "Feature", "properties": {"drain_type": "SWD", "material": "Concrete", "status": "Good", "ward": "N099", "zone": "N08", "source": "Greater Chennai Corporation", "year": "2024", "shedId": "KOSAS"}, "geometry": {"type": "LineString", "coordinates": [[80.20248, 13.09034], [80.2025, 13.09084]]}}, {"type": "Feature", "properties": {"drain_type": "SWD", "material": "Concrete", "status": "Good", "ward": "N099", "zone": "N08", "source": "Greater Chennai Corporation", "year": "2024", "shedId": "KOSAS"}, "geometry": {"type": "LineString", "coordinates": [[80.2025, 13.09084], [80.20274, 13.09085], [80.20281, 13.09142]]}}, {"type": "Feature", "properties": {"drain_type": "Macro Drain", "material": "", "status": "", "ward": "", "zone": "", "source": "Greater Chennai Corporation", "year": "2024", "shedId": "KOSAS"}, "geometry": {"type": "LineString", "coordinates": [[80.25498, 13.24324], [80.25461, 13.24397], [80.25387, 13.24391], [80.25293, 13.2439], [80.25261, 13.24413], [80.25246, 13.24492], [80.251, 13.24589], [80.25083, 13.24619], [80.25021, 13.24617], [80.2501, 13.24724], [80.24947, 13.24778], [80.248, 13.24847], [80.24743, 13.24915], [80.24724, 13.24957], [80.24715, 13.24973], [80.24685, 13.24972], [80.24626, 13.25], [80.24551, 13.25021], [80.24522, 13.25113], [80.24475, 13.25085], [80.24426, 13.24928], [80.24336, 13.24925], [80.24193, 13.24978], [80.24047, 13.25012], [80.23974, 13.25068], [80.23684, 13.2518], [80.2359, 13.25254], [80.23447, 13.25354], [80.23374, 13.2539], [80.23192, 13.25414], [80.23102, 13.25467], [80.23013, 13.25419], [80.22965, 13.25396], [80.22909, 13.25391], [80.22776, 13.25446], [80.22698, 13.25477], [80.22618, 13.25519], [80.22595, 13.25578], [80.22599, 13.25612], [80.22582, 13.25657], [80.22581, 13.25658]]}}, {"type": "Feature", "properties": {"drain_type": "Macro Drain", "material": "", "status": "", "ward": "", "zone": "", "source": "Greater Chennai Corporation", "year": "2024", "shedId": "KOSAS"}, "geometry": {"type": "LineString", "coordinates": [[80.25292, 13.26247], [80.25374, 13.26295], [80.25376, 13.26296], [80.2545, 13.26343], [80.2545, 13.26343], [80.25527, 13.26394], [80.2553, 13.26395], [80.25581, 13.26439], [80.25586, 13.26442], [80.25588, 13.26443], [80.25626, 13.26477], [80.25627, 13.26478], [80.25662, 13.26505], [80.25716, 13.26541], [80.25753, 13.26551], [80.25763, 13.26551], [80.25787, 13.2655], [80.25811, 13.26549], [80.25833, 13.26546], [80.25849, 13.26541], [80.2587, 13.26527], [80.25887, 13.26515], [80.25896, 13.26504], [80.25897, 13.26502], [80.25903, 13.26487], [80.25904, 13.26486], [80.25909, 13.26468], [80.25914, 13.26451], [80.25915, 13.26449], [80.25928, 13.26439], [80.25943, 13.2643], [80.25958, 13.26422], [80.25974, 13.26413], [80.25985, 13.26404], [80.25997, 13.26389], [80.26007, 13.26378], [80.2601, 13.26371], [80.26012, 13.26361], [80.26015, 13.26349], [80.26017, 13.26335], [80.26017, 13.26321], [80.26026, 13.26306], [80.26037, 13.26294], [80.26043, 13.26288], [80.26049, 13.26281], [80.26056, 13.26273], [80.26066, 13.26269], [80.26075, 13.26264], [80.26085, 13.26259], [80.26099, 13.26255], [80.26108, 13.26251], [80.26119, 13.26247], [80.26131, 13.26241], [80.2614, 13.26235], [80.2615, 13.2623], [80.26161, 13.26223], [80.26172, 13.26215], [80.26188, 13.26208], [80.26204, 13.262], [80.26214, 13.26194], [80.26229, 13.26191], [80.26245, 13.26188], [80.26257, 13.26184], [80.26276, 13.26179], [80.26292, 13.26175], [80.26306, 13.26171], [80.26316, 13.2617], [80.26331, 13.2617], [80.26343, 13.26168], [80.26357, 13.26166], [80.26366, 13.2616], [80.2637, 13.26152], [80.2637, 13.26142], [80.2637, 13.26132], [80.26369, 13.26125], [80.26375, 13.2612], [80.26385, 13.26117], [80.26388, 13.26111], [80.26394, 13.26103], [80.26395, 13.26095], [80.26393, 13.26088], [80.26393, 13.2608], [80.26398, 13.26072], [80.264, 13.26061], [80.26396, 13.26048], [80.26391, 13.26035], [80.26384, 13.26023], [80.2638, 13.26012], [80.2639, 13.26008], [80.26402, 13.26005], [80.2641, 13.25995], [80.26411, 13.25984], [80.26409, 13.25969], [80.26408, 13.25954], [80.26407, 13.25941], [80.26402, 13.25935], [80.264, 13.25917], [80.264, 13.25903], [80.26404, 13.25889], [80.26411, 13.25878], [80.26417, 13.25871], [80.26424, 13.25859], [80.26435, 13.25847], [80.26445, 13.25835], [80.2645, 13.25827], [80.26458, 13.25823], [80.26469, 13.25816], [80.26477, 13.25812], [80.26488, 13.25805], [80.26493, 13.25798], [80.26497, 13.2579], [80.26502, 13.25779], [80.26505, 13.2577], [80.26509, 13.25762], [80.26516, 13.25758], [80.26527, 13.25757], [80.26546, 13.25755], [80.26557, 13.25753], [80.26566, 13.25751], [80.26575, 13.25748], [80.2659, 13.25748], [80.26602, 13.25747], [80.26615, 13.25745], [80.2663, 13.25745], [80.26644, 13.25743], [80.26658, 13.2574], [80.26667, 13.25737], [80.26679, 13.25737], [80.26692, 13.25737], [80.26705, 13.25737], [80.26714, 13.25734], [80.26721, 13.25734], [80.26726, 13.25726], [80.26729, 13.25714], [80.2673, 13.25701], [80.26733, 13.25689], [80.26734, 13.25678], [80.26736, 13.25668], [80.26738, 13.25657], [80.26741, 13.25648], [80.26744, 13.25633], [80.26748, 13.25619], [80.2675, 13.2561], [80.26751, 13.25599], [80.26751, 13.25593], [80.2675, 13.25583], [80.26754, 13.25576], [80.26758, 13.25573], [80.26762, 13.25564], [80.26762, 13.25554], [80.26764, 13.25544], [80.26765, 13.25532], [80.26766, 13.25523], [80.26769, 13.25511], [80.26779, 13.25511], [80.26794, 13.25512], [80.26804, 13.25511], [80.26814, 13.25511], [80.26824, 13.2551], [80.2683, 13.25511], [80.26836, 13.25514], [80.26847, 13.25517], [80.26855, 13.25518], [80.26864, 13.25515], [80.26871, 13.2551], [80.26879, 13.25508], [80.26886, 13.25508], [80.26897, 13.25508], [80.26904, 13.25507], [80.26915, 13.25505], [80.26923, 13.25504], [80.26939, 13.25501], [80.26955, 13.25498], [80.2697, 13.25495], [80.26986, 13.25491], [80.27, 13.25488], [80.27014, 13.25488], [80.27027, 13.25489], [80.27039, 13.25492], [80.27045, 13.25497], [80.27055, 13.25501], [80.27066, 13.25505], [80.27073, 13.25511], [80.27077, 13.25517], [80.27078, 13.25519], [80.27079, 13.25531], [80.27081, 13.25543], [80.27081, 13.25544], [80.27084, 13.25554], [80.27085, 13.25555], [80.27091, 13.25561], [80.27101, 13.25565], [80.27111, 13.25566], [80.27124, 13.25564], [80.2713, 13.25559], [80.27141, 13.25551], [80.27149, 13.25544], [80.27158, 13.25539], [80.27168, 13.25538], [80.27177, 13.25538], [80.27192, 13.25542], [80.27199, 13.25544], [80.27206, 13.25543], [80.27214, 13.2554], [80.27224, 13.25541], [80.27233, 13.25542], [80.27246, 13.25542], [80.27254, 13.25538], [80.27265, 13.25532], [80.27281, 13.25525], [80.27293, 13.25517]]}}, {"type": "Feature", "properties": {"drain_type": "Macro Drain", "material": "", "status": "", "ward": "", "zone": "", "source": "Greater Chennai Corporation", "year": "2024", "shedId": "KOSAS"}, "geometry": {"type": "LineString", "coordinates": [[80.19789, 13.09893], [80.19793, 13.09889], [80.19793, 13.09886], [80.19794, 13.09879], [80.19794, 13.09874], [80.19794, 13.09869], [80.19799, 13.09867], [80.19804, 13.09867], [80.19816, 13.09866], [80.19833, 13.09865], [80.19848, 13.09863], [80.1986, 13.09862], [80.19878, 13.09861], [80.19894, 13.09859], [80.19909, 13.09855], [80.19925, 13.09855], [80.19945, 13.09854], [80.19963, 13.09851], [80.19984, 13.09849], [80.19996, 13.09848], [80.20011, 13.09846], [80.20027, 13.09844], [80.20037, 13.09843], [80.20048, 13.09841], [80.20059, 13.0984], [80.2007, 13.0984], [80.20079, 13.09837], [80.20081, 13.09836], [80.20082, 13.09832], [80.20082, 13.09826], [80.2008, 13.09821], [80.20081, 13.09815], [80.20082, 13.09811], [80.20085, 13.09807], [80.20091, 13.09806], [80.20101, 13.09804], [80.20114, 13.09802], [80.20126, 13.09801], [80.2014, 13.09799], [80.20153, 13.09798], [80.20173, 13.09796], [80.20179, 13.09795], [80.20195, 13.09792], [80.20209, 13.09791], [80.20222, 13.0979], [80.20235, 13.09787], [80.20258, 13.09786], [80.2027, 13.09783], [80.20285, 13.09778], [80.20297, 13.09772], [80.20315, 13.09764], [80.20331, 13.09758], [80.20352, 13.09749], [80.20372, 13.09742], [80.20397, 13.09732], [80.20418, 13.09723], [80.20437, 13.09714], [80.2045, 13.09709], [80.20478, 13.09696], [80.20502, 13.09686], [80.20528, 13.09676], [80.20555, 13.09666], [80.20587, 13.09654], [80.20617, 13.09641], [80.20644, 13.09632], [80.20671, 13.09619], [80.20705, 13.09606], [80.20732, 13.09595], [80.20751, 13.09586], [80.2077, 13.09577], [80.20779, 13.09571], [80.2078, 13.09563], [80.2078, 13.09562], [80.20779, 13.0955], [80.20781, 13.09536], [80.2078, 13.09522], [80.20781, 13.09508], [80.20782, 13.09492], [80.2078, 13.0948], [80.2078, 13.09466], [80.20778, 13.09452], [80.20778, 13.09451], [80.20775, 13.09438], [80.20772, 13.09421], [80.2077, 13.09405], [80.20768, 13.09387], [80.20765, 13.09373], [80.20764, 13.09363], [80.20764, 13.09354], [80.20766, 13.09349], [80.20771, 13.09345], [80.20781, 13.09341], [80.20796, 13.09337], [80.20812, 13.09332], [80.2083, 13.09328], [80.20843, 13.09324], [80.20855, 13.0932], [80.20869, 13.09316], [80.20886, 13.09311], [80.20901, 13.09306], [80.2092, 13.09301], [80.2094, 13.09294], [80.20964, 13.09289], [80.20984, 13.09283], [80.21004, 13.09278], [80.21021, 13.09274], [80.21022, 13.09274], [80.21036, 13.0927], [80.21047, 13.09269], [80.21069, 13.09269], [80.21086, 13.09268], [80.21088, 13.09268], [80.21105, 13.09269], [80.2112, 13.09269], [80.21138, 13.09268], [80.2116, 13.09267], [80.21175, 13.09265], [80.21176, 13.09265], [80.21191, 13.09265], [80.21206, 13.09264], [80.21207, 13.09264], [80.21225, 13.09265], [80.21244, 13.09264], [80.21245, 13.09264], [80.21259, 13.09263], [80.21272, 13.09263], [80.21282, 13.09262], [80.21289, 13.09263], [80.2129, 13.09268], [80.21291, 13.09274], [80.21291, 13.09281], [80.21292, 13.09288], [80.21293, 13.09293], [80.21298, 13.09297], [80.21311, 13.09298], [80.21326, 13.09299], [80.21347, 13.09299], [80.2136, 13.09299], [80.21374, 13.09298], [80.21399, 13.09298], [80.21422, 13.093], [80.21447, 13.093], [80.21469, 13.09302], [80.21478, 13.09304], [80.21482, 13.09315], [80.21486, 13.09324], [80.21498, 13.09329], [80.21516, 13.09337], [80.21536, 13.09345], [80.21558, 13.09352], [80.21575, 13.09358], [80.21591, 13.09363], [80.21609, 13.09365], [80.21627, 13.0937], [80.21645, 13.09375], [80.21658, 13.09379], [80.21671, 13.09383], [80.21692, 13.09396], [80.21708, 13.09402], [80.21722, 13.09406], [80.21736, 13.09407], [80.21752, 13.09406], [80.21766, 13.09405], [80.21783, 13.09405], [80.21798, 13.09405], [80.21846, 13.09403], [80.21867, 13.09401], [80.21895, 13.09397], [80.21924, 13.09394], [80.21954, 13.09392], [80.21996, 13.09392], [80.22045, 13.09386], [80.22084, 13.09384], [80.22119, 13.09383], [80.22162, 13.09383], [80.22193, 13.0938], [80.22226, 13.09371], [80.22278, 13.09338], [80.22312, 13.09313], [80.22338, 13.0929], [80.22363, 13.0927], [80.22378, 13.09259], [80.22422, 13.0922], [80.2244, 13.09203], [80.22451, 13.09188], [80.22467, 13.09165], [80.22484, 13.09147], [80.22497, 13.09132], [80.22498, 13.09131], [80.22519, 13.09108], [80.22544, 13.09083], [80.2257, 13.09053], [80.22591, 13.0903], [80.22602, 13.09012], [80.22608, 13.08989], [80.22625, 13.08966], [80.22627, 13.08964], [80.22651, 13.08941], [80.22678, 13.08915], [80.22705, 13.08895], [80.22729, 13.08874], [80.22749, 13.08854], [80.2275, 13.08852], [80.22774, 13.08834], [80.22789, 13.08825], [80.22809, 13.08829], [80.22826, 13.08839], [80.22843, 13.08854], [80.22859, 13.08854], [80.22884, 13.08847], [80.22898, 13.08839], [80.22909, 13.08824], [80.22923, 13.08805], [80.22936, 13.08785], [80.22948, 13.08767], [80.22961, 13.0875], [80.22978, 13.08735], [80.22993, 13.08723], [80.23013, 13.08712], [80.23038, 13.08702], [80.2304, 13.08701], [80.23061, 13.08691], [80.23089, 13.08682], [80.23116, 13.08668], [80.23133, 13.08659], [80.23154, 13.08648], [80.23155, 13.08647], [80.23176, 13.08634], [80.23179, 13.08634], [80.232, 13.08624], [80.23224, 13.08613], [80.23245, 13.08606], [80.23264, 13.08599], [80.23289, 13.08591], [80.23317, 13.08587], [80.23337, 13.08586], [80.23362, 13.08586], [80.23386, 13.08588], [80.23401, 13.08595], [80.23412, 13.08608], [80.23422, 13.08619], [80.23427, 13.08631], [80.23433, 13.08647], [80.23442, 13.08652], [80.23462, 13.08651], [80.2347, 13.08648], [80.23496, 13.08642], [80.23515, 13.08636], [80.23538, 13.0863], [80.2356, 13.08626], [80.23579, 13.08621], [80.23595, 13.08615], [80.23611, 13.0861], [80.23612, 13.0861], [80.23633, 13.08603], [80.23646, 13.08598], [80.23663, 13.08593], [80.23683, 13.08585], [80.23698, 13.08577], [80.23711, 13.08567], [80.23728, 13.08554], [80.23748, 13.08543], [80.23767, 13.08535], [80.23789, 13.08524], [80.23789, 13.08524], [80.23812, 13.08513], [80.23829, 13.08509], [80.23845, 13.08506], [80.23861, 13.08504], [80.23883, 13.08505], [80.23908, 13.08503], [80.23928, 13.085], [80.23951, 13.08499], [80.23972, 13.08497], [80.23999, 13.08496], [80.24021, 13.08497], [80.24034, 13.08496], [80.24051, 13.08493], [80.24052, 13.08493], [80.24052, 13.08493], [80.24073, 13.08483], [80.24074, 13.08483], [80.24098, 13.08477], [80.24123, 13.08472], [80.24144, 13.08468], [80.24161, 13.0847], [80.24182, 13.08477], [80.24206, 13.08493], [80.24207, 13.08493], [80.24224, 13.08504], [80.24243, 13.08517], [80.24262, 13.08531], [80.2429, 13.08547], [80.2432, 13.08561], [80.24344, 13.08575], [80.24377, 13.08589], [80.24407, 13.08602], [80.24432, 13.08616], [80.24451, 13.08628], [80.24483, 13.0865], [80.24508, 13.08665], [80.24528, 13.08681], [80.2454, 13.08692], [80.24561, 13.08707], [80.24588, 13.08723], [80.24608, 13.08736], [80.24627, 13.08751], [80.24643, 13.08771], [80.24664, 13.08797], [80.24685, 13.08826], [80.24713, 13.08862], [80.2475, 13.08899], [80.24764, 13.08924], [80.24789, 13.08958], [80.24819, 13.08999], [80.24844, 13.09036], [80.24852, 13.09048], [80.24862, 13.09067], [80.24872, 13.09085], [80.24883, 13.09107], [80.24896, 13.09126], [80.2491, 13.09147], [80.24924, 13.0917], [80.24933, 13.09189], [80.24943, 13.0921], [80.24952, 13.09233], [80.2496, 13.09252], [80.24965, 13.09271], [80.24965, 13.09277], [80.24968, 13.09291], [80.2497, 13.09302], [80.24974, 13.09313], [80.24977, 13.09326], [80.24979, 13.09334], [80.2498, 13.09348], [80.24981, 13.09363], [80.24983, 13.09375], [80.24981, 13.09389], [80.24987, 13.09397], [80.24992, 13.09409], [80.24998, 13.09424], [80.24999, 13.09437], [80.25003, 13.09452], [80.25006, 13.09464], [80.25006, 13.09474], [80.25011, 13.09489], [80.25015, 13.09506], [80.25018, 13.09521], [80.25022, 13.0954], [80.25023, 13.0955], [80.25027, 13.09561], [80.25032, 13.09577], [80.25038, 13.09585], [80.25047, 13.09609], [80.25057, 13.0965], [80.25069, 13.097], [80.25077, 13.09746], [80.25085, 13.09766], [80.25097, 13.09782], [80.25109, 13.09801], [80.25128, 13.09818], [80.25146, 13.09826], [80.25178, 13.09834], [80.25213, 13.09843], [80.25243, 13.09845], [80.25282, 13.09851], [80.2532, 13.0986], [80.25346, 13.09871], [80.25374, 13.09895], [80.25402, 13.09913], [80.25432, 13.09938], [80.25465, 13.09975], [80.25484, 13.09994], [80.255, 13.10012], [80.25523, 13.10042], [80.25545, 13.10068], [80.2557, 13.10095], [80.25599, 13.10129], [80.25622, 13.10154], [80.25644, 13.10175], [80.25671, 13.10206], [80.25691, 13.10234], [80.25703, 13.10258], [80.25711, 13.10283], [80.2572, 13.1031], [80.25734, 13.10338], [80.2575, 13.10369], [80.25779, 13.10417], [80.25796, 13.10445], [80.25812, 13.10474], [80.25827, 13.10503], [80.25848, 13.10528], [80.2589, 13.1056], [80.25924, 13.10582], [80.25964, 13.10604], [80.26015, 13.10627], [80.26052, 13.10643], [80.26083, 13.10651], [80.26109, 13.10655], [80.2616, 13.10653], [80.26205, 13.1065], [80.26207, 13.1065], [80.26209, 13.1065], [80.26247, 13.10642], [80.26293, 13.10633], [80.26336, 13.10623], [80.26382, 13.10607], [80.26425, 13.10594], [80.26426, 13.10593], [80.26468, 13.10577], [80.26517, 13.1057], [80.26549, 13.10572], [80.26585, 13.10573], [80.26617, 13.10569], [80.26649, 13.10567], [80.26673, 13.10566], [80.26703, 13.10566], [80.26736, 13.10568], [80.26763, 13.10564], [80.26794, 13.1056], [80.26827, 13.10558], [80.26856, 13.10555], [80.26892, 13.10552], [80.26918, 13.10548], [80.26937, 13.10543], [80.26957, 13.10539], [80.26974, 13.10536], [80.27011, 13.10524], [80.27049, 13.1052], [80.27084, 13.10521], [80.27121, 13.10525], [80.27147, 13.1055], [80.27154, 13.10571], [80.27169, 13.106], [80.2718, 13.10626], [80.2719, 13.10651], [80.27211, 13.10672]]}}, {"type": "Feature", "properties": {"drain_type": "Micro Drain", "material": "", "status": "", "ward": "", "zone": "", "source": "Greater Chennai Corporation", "year": "2024", "shedId": "KOSAS"}, "geometry": {"type": "LineString", "coordinates": [[80.3236, 13.22468], [80.32363, 13.22478], [80.32375, 13.22475], [80.32385, 13.22519], [80.32391, 13.22547], [80.32405, 13.22548], [80.32426, 13.22547], [80.32444, 13.22575], [80.32457, 13.226], [80.32463, 13.22622], [80.32476, 13.22661], [80.32483, 13.22668], [80.32483, 13.22679], [80.32468, 13.22716], [80.32419, 13.22841], [80.32404, 13.22865], [80.3239, 13.22875], [80.32385, 13.22889], [80.32374, 13.2292], [80.32372, 13.22925]]}}, {"type": "Feature", "properties": {"drain_type": "Micro Drain", "material": "", "status": "", "ward": "", "zone": "", "source": "Greater Chennai Corporation", "year": "2024", "shedId": "KOSAS"}, "geometry": {"type": "LineString", "coordinates": [[80.21354, 13.13067], [80.2137, 13.13066], [80.2138, 13.13064], [80.2142, 13.13037], [80.21432, 13.13043], [80.21442, 13.1307], [80.21448, 13.13081], [80.21455, 13.13088], [80.21467, 13.1309], [80.21542, 13.13092], [80.21595, 13.13091], [80.21666, 13.13083], [80.2177, 13.13044], [80.21842, 13.13037], [80.22004, 13.13037], [80.22086, 13.1304], [80.22112, 13.13033], [80.22177, 13.13009], [80.22285, 13.12998], [80.22391, 13.1296], [80.22415, 13.12952], [80.22434, 13.12946], [80.22716, 13.12929], [80.22712, 13.12776], [80.22971, 13.12767], [80.22986, 13.12761], [80.23066, 13.1281], [80.23261, 13.12929], [80.23561, 13.12946], [80.23562, 13.12948]]}}, {"type": "Feature", "properties": {"drain_type": "Micro Drain", "material": "", "status": "", "ward": "", "zone": "", "source": "Greater Chennai Corporation", "year": "2024", "shedId": "KOSAS"}, "geometry": {"type": "LineString", "coordinates": [[80.20142, 13.09799], [80.20142, 13.09805], [80.20142, 13.09816], [80.20145, 13.09831], [80.20146, 13.09848], [80.20147, 13.09867], [80.20147, 13.09872], [80.20147, 13.09879], [80.20141, 13.09887], [80.2013, 13.09894], [80.20109, 13.09897], [80.20081, 13.09898], [80.20052, 13.09902], [80.20021, 13.09905], [80.19981, 13.09911], [80.19942, 13.09915], [80.19907, 13.09919], [80.19874, 13.09924], [80.19841, 13.09928], [80.19812, 13.09931], [80.19789, 13.09936], [80.19764, 13.09937], [80.19722, 13.09942], [80.19692, 13.0995], [80.19665, 13.09963], [80.19623, 13.09981], [80.19591, 13.1], [80.19568, 13.10013], [80.19553, 13.10024], [80.19541, 13.10038], [80.19536, 13.1005], [80.19532, 13.10074], [80.19531, 13.10089], [80.19528, 13.10112], [80.19523, 13.10136], [80.19521, 13.10152], [80.19517, 13.10173], [80.19515, 13.10189], [80.19508, 13.10234], [80.19506, 13.10241], [80.19503, 13.10249], [80.19503, 13.1025], [80.19499, 13.10261], [80.19496, 13.1027], [80.19494, 13.10277], [80.19493, 13.10283], [80.19494, 13.10293], [80.19495, 13.10304], [80.19495, 13.10318], [80.19496, 13.10337], [80.19497, 13.10349], [80.19497, 13.10363], [80.19498, 13.1038], [80.19499, 13.10396], [80.195, 13.10409], [80.19501, 13.10422], [80.19501, 13.10435], [80.19502, 13.10457], [80.19502, 13.1047], [80.19503, 13.10484], [80.19504, 13.10498], [80.19505, 13.10511], [80.19506, 13.10522], [80.19508, 13.10536], [80.1951, 13.1055], [80.19512, 13.10563], [80.19513, 13.10572], [80.19514, 13.10579], [80.19517, 13.10588], [80.19521, 13.10598], [80.1953, 13.10618], [80.19536, 13.10632], [80.1954, 13.1064], [80.19537, 13.10643], [80.1953, 13.10645], [80.19487, 13.1066], [80.19477, 13.10666], [80.19483, 13.10683], [80.19498, 13.10704], [80.19514, 13.10735], [80.19536, 13.10773], [80.19538, 13.10774], [80.19561, 13.10815], [80.19584, 13.10854], [80.19614, 13.10904], [80.19626, 13.10933], [80.19641, 13.1097], [80.19653, 13.11006], [80.19659, 13.11045], [80.19663, 13.11078], [80.19666, 13.11108], [80.19667, 13.11138], [80.19664, 13.11158], [80.19662, 13.11169]]}}, {"type": "Feature", "properties": {"drain_type": "Micro Drain", "material": "", "status": "", "ward": "", "zone": "", "source": "Greater Chennai Corporation", "year": "2024", "shedId": "KOSAS"}, "geometry": {"type": "LineString", "coordinates": [[80.24399, 13.13821], [80.24413, 13.1382], [80.24426, 13.13817], [80.24427, 13.13817], [80.24441, 13.13814], [80.24442, 13.13814], [80.24454, 13.13813], [80.24455, 13.13813], [80.24468, 13.13811], [80.24479, 13.1381], [80.24491, 13.13811], [80.24492, 13.13811], [80.24508, 13.13812], [80.24521, 13.13812], [80.24536, 13.13811], [80.24549, 13.1381], [80.24562, 13.13806], [80.24574, 13.13803], [80.24587, 13.13798], [80.24599, 13.13794], [80.24608, 13.1379], [80.2462, 13.13785], [80.24632, 13.13781], [80.24644, 13.13776], [80.24653, 13.13773], [80.2466, 13.1377], [80.24668, 13.13767], [80.24673, 13.13765], [80.24692, 13.13756], [80.24715, 13.13748], [80.24736, 13.13739], [80.24759, 13.13729], [80.24781, 13.13721], [80.24783, 13.1372], [80.24806, 13.13712], [80.24829, 13.13704], [80.24846, 13.13698], [80.24866, 13.13694], [80.24886, 13.1369], [80.24897, 13.13688], [80.24909, 13.13685], [80.24924, 13.13681], [80.24926, 13.1368], [80.24941, 13.13676], [80.24954, 13.13672], [80.24969, 13.13669], [80.24986, 13.13667], [80.25002, 13.13663], [80.25022, 13.1366], [80.25042, 13.13657], [80.25063, 13.13657], [80.25075, 13.13656], [80.2509, 13.13656], [80.25104, 13.13655], [80.25119, 13.13655], [80.25134, 13.13654], [80.25148, 13.13651], [80.25163, 13.13647], [80.25179, 13.13645], [80.25191, 13.13645], [80.25205, 13.13645], [80.2522, 13.13645], [80.25233, 13.13644], [80.25244, 13.13644], [80.25259, 13.13645], [80.25278, 13.13642], [80.253, 13.1364], [80.25302, 13.1364], [80.2532, 13.13638], [80.25335, 13.13634], [80.25342, 13.13629], [80.25346, 13.1362], [80.25346, 13.13619], [80.25348, 13.13606], [80.25346, 13.13596], [80.25345, 13.13585], [80.25345, 13.13584], [80.25342, 13.13567], [80.25342, 13.13566], [80.25342, 13.13552], [80.25342, 13.13551], [80.25346, 13.13542], [80.25356, 13.13537], [80.25364, 13.13535], [80.25369, 13.13534], [80.25387, 13.13541], [80.25393, 13.1355], [80.25397, 13.13554], [80.25404, 13.13556], [80.25413, 13.13558], [80.25423, 13.13563], [80.2543, 13.13566], [80.25435, 13.1357], [80.25442, 13.13573], [80.25447, 13.13577], [80.25453, 13.13582], [80.25463, 13.13593], [80.25473, 13.13605], [80.25482, 13.13618], [80.25494, 13.13634], [80.25504, 13.13643], [80.25513, 13.13652], [80.25525, 13.13661], [80.25536, 13.13667], [80.25549, 13.13669], [80.25566, 13.13672], [80.25582, 13.13672], [80.256, 13.1367], [80.25616, 13.13671], [80.25639, 13.1367], [80.25657, 13.1367], [80.25676, 13.13667], [80.25695, 13.13665], [80.25713, 13.13662], [80.2573, 13.13658], [80.25746, 13.13655], [80.25765, 13.1365], [80.25793, 13.13645], [80.25818, 13.13638], [80.2584, 13.13634], [80.25869, 13.13624], [80.25899, 13.13615], [80.25936, 13.13601], [80.25967, 13.13583], [80.25997, 13.13568], [80.26023, 13.13552], [80.26052, 13.13532], [80.26077, 13.13513], [80.26107, 13.13491], [80.26136, 13.13468], [80.26166, 13.13447], [80.26193, 13.13424], [80.26221, 13.13405], [80.26243, 13.13386], [80.26263, 13.1337], [80.26291, 13.13353], [80.26312, 13.13335], [80.26328, 13.13325], [80.26328, 13.13325], [80.26346, 13.13315], [80.26353, 13.13312], [80.26363, 13.13304], [80.26377, 13.13293], [80.26388, 13.13285], [80.26401, 13.13274], [80.26412, 13.13266], [80.2642, 13.13259], [80.26438, 13.13244], [80.26453, 13.13228], [80.26465, 13.13222], [80.26483, 13.13207], [80.26507, 13.1319], [80.26532, 13.1317], [80.2655, 13.13154], [80.2657, 13.13135], [80.26583, 13.13124], [80.26597, 13.13113], [80.26612, 13.13103], [80.26624, 13.13094], [80.26637, 13.13088], [80.26651, 13.13078], [80.26663, 13.1307], [80.26672, 13.13064], [80.26682, 13.13061], [80.26699, 13.13061], [80.2672, 13.1306], [80.26739, 13.13059], [80.26755, 13.13059], [80.26773, 13.13059], [80.26774, 13.1306], [80.26799, 13.13061], [80.26826, 13.13064], [80.26858, 13.13066], [80.2688, 13.13069], [80.26898, 13.1307], [80.26914, 13.1307], [80.26929, 13.13071], [80.26948, 13.13072], [80.26949, 13.13072], [80.26963, 13.13074], [80.26981, 13.13074], [80.26998, 13.13074], [80.27015, 13.13076], [80.27038, 13.13077], [80.27048, 13.13077], [80.2706, 13.13078], [80.27072, 13.13078], [80.2708, 13.13077], [80.27099, 13.13078], [80.27112, 13.13078], [80.27138, 13.1308], [80.27166, 13.1308], [80.27195, 13.13084], [80.27229, 13.13088], [80.27255, 13.13089], [80.27283, 13.13089], [80.27312, 13.13092], [80.27339, 13.13093], [80.27366, 13.13094], [80.27392, 13.13094], [80.27414, 13.13094], [80.27429, 13.13093], [80.27445, 13.13089], [80.27461, 13.13083], [80.27473, 13.13077], [80.27488, 13.13071]]}}, {"type": "Feature", "properties": {"drain_type": "Micro Drain", "material": "", "status": "", "ward": "", "zone": "", "source": "Greater Chennai Corporation", "year": "2024", "shedId": "KOSAS"}, "geometry": {"type": "LineString", "coordinates": [[80.24888, 13.12259], [80.24882, 13.12268], [80.24874, 13.12278], [80.24874, 13.12289], [80.24879, 13.12299], [80.24887, 13.12312], [80.24895, 13.12326], [80.24901, 13.12337], [80.24908, 13.1235], [80.24916, 13.12367], [80.24921, 13.1238], [80.24924, 13.12393], [80.24924, 13.12402], [80.24924, 13.12413], [80.24925, 13.12426], [80.24928, 13.1244], [80.2493, 13.12453], [80.24934, 13.1247], [80.2494, 13.12487], [80.24947, 13.12494], [80.24965, 13.125], [80.24983, 13.12502], [80.25001, 13.12506], [80.25027, 13.12508], [80.25056, 13.12514], [80.25088, 13.12519], [80.25116, 13.12527], [80.25158, 13.12534], [80.2521, 13.12543], [80.25249, 13.12551], [80.25294, 13.12559], [80.25347, 13.12568], [80.25382, 13.12575], [80.25415, 13.12583], [80.25462, 13.12592], [80.25508, 13.12601], [80.25559, 13.12608], [80.25612, 13.12619], [80.25645, 13.12622], [80.25704, 13.12628], [80.25765, 13.12635], [80.25839, 13.12645], [80.25883, 13.12649], [80.25958, 13.12661], [80.26031, 13.12669], [80.26123, 13.12688], [80.26214, 13.12699], [80.2632, 13.12716], [80.26375, 13.12722], [80.26435, 13.12734], [80.26478, 13.12739], [80.26533, 13.12745], [80.26579, 13.12748], [80.26625, 13.12754], [80.26662, 13.1275], [80.2671, 13.12739], [80.26762, 13.12719], [80.26808, 13.12707], [80.26843, 13.12693], [80.2688, 13.12686], [80.2691, 13.12674], [80.26973, 13.12658], [80.27036, 13.12643], [80.27076, 13.12635], [80.27112, 13.12619], [80.2714, 13.12595], [80.27169, 13.12571], [80.27191, 13.12545], [80.27228, 13.12521], [80.27263, 13.125], [80.27305, 13.12477], [80.27339, 13.12468]]}}, {"type": "Feature", "properties": {"drain_type": "Micro Drain", "material": "", "status": "", "ward": "", "zone": "", "source": "Greater Chennai Corporation", "year": "2024", "shedId": "KOSAS"}, "geometry": {"type": "LineString", "coordinates": [[80.27148, 13.13081], [80.27146, 13.13076], [80.27136, 13.13058], [80.27112, 13.13023], [80.27091, 13.12983], [80.27061, 13.12936], [80.27027, 13.12882], [80.26997, 13.12842], [80.26961, 13.12791], [80.26928, 13.1275], [80.26901, 13.12713], [80.26879, 13.12685]]}}, {"type": "Feature", "properties": {"drain_type": "Micro Drain", "material": "", "status": "", "ward": "", "zone": "", "source": "Greater Chennai Corporation", "year": "2024", "shedId": "KOSAS"}, "geometry": {"type": "LineString", "coordinates": [[80.26121, 13.11778], [80.26114, 13.11783], [80.26104, 13.11787], [80.26089, 13.11791], [80.26078, 13.11793], [80.26065, 13.11795], [80.26054, 13.11796], [80.26043, 13.11796], [80.26032, 13.11797], [80.26015, 13.11796], [80.25999, 13.11796], [80.25986, 13.11795], [80.25971, 13.11795], [80.25955, 13.11795], [80.25943, 13.11795], [80.25931, 13.11795], [80.25918, 13.11796], [80.25909, 13.11797], [80.25897, 13.11799], [80.2588, 13.118], [80.25863, 13.11801], [80.25842, 13.11804], [80.25826, 13.11808], [80.25815, 13.11811], [80.25804, 13.11813], [80.25789, 13.11816], [80.25777, 13.11819], [80.25763, 13.11822], [80.25751, 13.11825], [80.25741, 13.11828], [80.25728, 13.11832], [80.25715, 13.11838], [80.25696, 13.11849], [80.25686, 13.11852], [80.25676, 13.11858], [80.25664, 13.11863], [80.25653, 13.11869], [80.25641, 13.11875], [80.25633, 13.1188], [80.25625, 13.11883], [80.25612, 13.11889], [80.25602, 13.11894], [80.25593, 13.11897], [80.25585, 13.11901], [80.25574, 13.11906], [80.25564, 13.11909], [80.25558, 13.11912], [80.25553, 13.11916], [80.25545, 13.11919], [80.25538, 13.11923], [80.25526, 13.11929], [80.2552, 13.11935], [80.25514, 13.11937], [80.25509, 13.11939], [80.25503, 13.11941], [80.25497, 13.11942], [80.25489, 13.11943], [80.25482, 13.11944], [80.25475, 13.11945], [80.25467, 13.11948], [80.25459, 13.11952], [80.25452, 13.11958], [80.25445, 13.11966], [80.25441, 13.11971], [80.25441, 13.11971], [80.25436, 13.11979], [80.25431, 13.1199], [80.25423, 13.12007], [80.25418, 13.12016], [80.25413, 13.12024], [80.25408, 13.12034], [80.25402, 13.12044], [80.25396, 13.12052], [80.25389, 13.12065], [80.25383, 13.12071], [80.25376, 13.12078], [80.25366, 13.12085], [80.25359, 13.1209], [80.25353, 13.12095], [80.25345, 13.121], [80.25338, 13.12102], [80.25331, 13.12104], [80.25325, 13.12104], [80.25318, 13.12104], [80.25312, 13.12104], [80.25305, 13.12109], [80.25295, 13.12113], [80.25283, 13.12116], [80.25274, 13.12119], [80.25267, 13.12121], [80.25258, 13.12124], [80.2525, 13.12125], [80.25242, 13.12128], [80.25233, 13.12132], [80.25224, 13.12135], [80.25217, 13.12137], [80.25205, 13.12138], [80.25193, 13.1214], [80.25178, 13.12143], [80.25166, 13.12146], [80.25154, 13.12149], [80.25142, 13.12152], [80.25132, 13.12155], [80.25126, 13.12158], [80.25118, 13.12159], [80.25111, 13.12162], [80.25104, 13.12164], [80.25097, 13.12166], [80.25089, 13.12174], [80.25086, 13.12183], [80.25085, 13.12191], [80.2508, 13.12198], [80.25069, 13.12203], [80.25057, 13.12206], [80.25043, 13.12209], [80.25026, 13.12214], [80.2501, 13.12219], [80.24993, 13.12224], [80.24976, 13.12232], [80.24953, 13.12239], [80.24934, 13.12245], [80.24915, 13.12249], [80.24887, 13.12261]]}}, {"type": "Feature", "properties": {"drain_type": "Micro Drain", "material": "", "status": "", "ward": "", "zone": "", "source": "Greater Chennai Corporation", "year": "2024", "shedId": "KOSAS"}, "geometry": {"type": "LineString", "coordinates": [[80.24197, 13.1236], [80.24205, 13.12352], [80.24216, 13.12344], [80.24226, 13.12337], [80.24229, 13.12332], [80.24237, 13.12327], [80.24242, 13.12325], [80.24249, 13.12322], [80.24259, 13.12319], [80.24269, 13.12316], [80.24278, 13.12314], [80.24292, 13.12311], [80.24306, 13.12308], [80.24324, 13.12306], [80.2434, 13.12305], [80.24352, 13.12304], [80.24365, 13.12304], [80.24377, 13.12303], [80.24389, 13.12303], [80.24401, 13.12303], [80.24408, 13.12303], [80.24421, 13.12304], [80.2443, 13.12303], [80.24441, 13.12302], [80.2445, 13.12301], [80.24461, 13.123], [80.24473, 13.12299], [80.24484, 13.12299], [80.24494, 13.12297], [80.245, 13.12294], [80.24506, 13.1229], [80.24515, 13.12284], [80.24525, 13.12275], [80.24526, 13.12274], [80.24535, 13.12266], [80.24536, 13.12265], [80.24549, 13.12254], [80.24559, 13.12252], [80.24569, 13.12251], [80.2458, 13.12251], [80.24586, 13.12252], [80.24596, 13.12252], [80.24607, 13.12252], [80.24614, 13.12252], [80.24632, 13.12251], [80.24654, 13.12249], [80.24677, 13.12246], [80.24696, 13.12243], [80.24712, 13.1224], [80.24733, 13.12237], [80.24747, 13.12233], [80.24759, 13.12231], [80.24774, 13.12227], [80.24791, 13.12224], [80.24806, 13.12221], [80.24822, 13.12217], [80.24838, 13.12214], [80.24856, 13.12211], [80.24873, 13.12208], [80.24882, 13.12209], [80.24888, 13.12213], [80.24894, 13.12217], [80.249, 13.12227], [80.24902, 13.12235], [80.249, 13.12243], [80.24897, 13.12248], [80.24892, 13.12256], [80.24888, 13.12261]]}}, {"type": "Feature", "properties": {"drain_type": "Micro Drain", "material": "", "status": "", "ward": "", "zone": "", "source": "Greater Chennai Corporation", "year": "2024", "shedId": "KOSAS"}, "geometry": {"type": "LineString", "coordinates": [[80.24388, 13.10709], [80.24389, 13.10701], [80.24388, 13.10691], [80.24388, 13.10681], [80.24387, 13.10672], [80.24386, 13.10657], [80.24383, 13.10645], [80.24381, 13.10631], [80.2438, 13.10621], [80.2438, 13.1061], [80.2438, 13.10609], [80.24379, 13.10599], [80.24379, 13.10591], [80.24378, 13.1058], [80.24377, 13.10572], [80.24377, 13.1056], [80.24378, 13.10552], [80.24381, 13.10542], [80.24386, 13.10534], [80.24393, 13.10528], [80.24403, 13.10523], [80.2442, 13.10519], [80.24425, 13.10518], [80.24436, 13.10516], [80.24448, 13.10514], [80.24461, 13.10512], [80.24477, 13.1051], [80.24488, 13.10508], [80.24498, 13.10506], [80.24506, 13.10504], [80.24513, 13.10501], [80.24512, 13.10496], [80.24511, 13.1049], [80.2451, 13.10487], [80.24511, 13.10483], [80.24513, 13.10479], [80.24515, 13.10476], [80.24519, 13.10471], [80.24525, 13.10461], [80.24531, 13.10451], [80.24536, 13.1044], [80.24542, 13.1043], [80.24548, 13.10421], [80.24552, 13.10413], [80.24556, 13.10407], [80.24562, 13.10401], [80.24564, 13.10398], [80.24568, 13.10392], [80.24576, 13.10382], [80.2458, 13.10378], [80.24583, 13.10375], [80.24587, 13.1037], [80.24589, 13.10368], [80.24594, 13.10359], [80.24598, 13.10349], [80.24603, 13.10337], [80.24611, 13.10326], [80.24619, 13.10314], [80.24628, 13.10303], [80.24633, 13.10294], [80.24639, 13.10284], [80.24645, 13.10271], [80.24648, 13.1026], [80.24651, 13.10252], [80.24657, 13.10249], [80.24661, 13.10242], [80.24664, 13.10232], [80.24669, 13.10219], [80.24672, 13.1021], [80.24673, 13.10201], [80.24676, 13.10184], [80.24676, 13.10183], [80.24676, 13.1017], [80.24676, 13.10159], [80.24676, 13.10149], [80.24679, 13.1014], [80.24682, 13.1013], [80.24689, 13.10102], [80.24693, 13.10079], [80.24696, 13.10066], [80.24697, 13.10049], [80.24699, 13.10029], [80.24697, 13.10014], [80.2469, 13.1], [80.24685, 13.0999], [80.24678, 13.09978], [80.24675, 13.0997], [80.24677, 13.09959], [80.24678, 13.09942], [80.24678, 13.09921], [80.24682, 13.09906], [80.24685, 13.09891], [80.24688, 13.09876], [80.24707, 13.09809], [80.2473, 13.09726], [80.24751, 13.09713], [80.2482, 13.09731], [80.24926, 13.09756], [80.24996, 13.0977], [80.25024, 13.09779], [80.25064, 13.09782], [80.25109, 13.09801]]}}, {"type": "Feature", "properties": {"drain_type": "Micro Drain", "material": "", "status": "", "ward": "", "zone": "", "source": "Greater Chennai Corporation", "year": "2024", "shedId": "KOSAS"}, "geometry": {"type": "LineString", "coordinates": [[80.23599, 13.12314], [80.23616, 13.12315], [80.23625, 13.12315], [80.23626, 13.12337], [80.23625, 13.12362], [80.23627, 13.12398], [80.2363, 13.1243], [80.23631, 13.12464], [80.23636, 13.12509], [80.23652, 13.12512], [80.23653, 13.12512], [80.2369, 13.12511], [80.23749, 13.12511], [80.23788, 13.12511], [80.23818, 13.12512], [80.23862, 13.12516], [80.23904, 13.12515], [80.23919, 13.12512], [80.23929, 13.12514], [80.23946, 13.12514], [80.23967, 13.12515], [80.23991, 13.12516], [80.23992, 13.12516], [80.24004, 13.12516], [80.24017, 13.12517], [80.24034, 13.12518], [80.24065, 13.12518], [80.24088, 13.12518], [80.24105, 13.12518], [80.2412, 13.12518], [80.24132, 13.12519], [80.24147, 13.12518], [80.24156, 13.12516], [80.24161, 13.12511], [80.24165, 13.125], [80.24169, 13.1249], [80.24174, 13.12475], [80.24177, 13.12463], [80.2418, 13.1245], [80.24183, 13.12437], [80.24187, 13.12424], [80.24189, 13.12413], [80.24191, 13.12402], [80.24193, 13.12397], [80.24196, 13.12384], [80.24196, 13.12371], [80.24198, 13.1236]]}}, {"type": "Feature", "properties": {"drain_type": "Micro Drain", "material": "", "status": "", "ward": "", "zone": "", "source": "Greater Chennai Corporation", "year": "2024", "shedId": "KOSAS"}, "geometry": {"type": "LineString", "coordinates": [[80.21962, 13.10414], [80.21963, 13.10416], [80.21965, 13.10419], [80.21971, 13.10426], [80.21978, 13.10428], [80.21987, 13.10427], [80.22001, 13.10418], [80.22016, 13.10409], [80.22032, 13.104], [80.22051, 13.10391], [80.22065, 13.10383], [80.22078, 13.10382], [80.22086, 13.10379], [80.22096, 13.10375], [80.22104, 13.10374], [80.22124, 13.10372], [80.22138, 13.1037], [80.22156, 13.10368], [80.22163, 13.10367], [80.22188, 13.10364], [80.22207, 13.10361], [80.22237, 13.10358], [80.22267, 13.10355], [80.2229, 13.10352], [80.22323, 13.10348], [80.22353, 13.10345], [80.22385, 13.10342], [80.22403, 13.10339], [80.22415, 13.10338], [80.22442, 13.10335], [80.22464, 13.10332], [80.22492, 13.10329], [80.22528, 13.10326], [80.22549, 13.10323], [80.22577, 13.1032], [80.22607, 13.10316], [80.22634, 13.10312], [80.22649, 13.1031], [80.22674, 13.10308], [80.22695, 13.10304], [80.2273, 13.103], [80.22754, 13.10298], [80.22783, 13.10294], [80.22806, 13.10292], [80.22835, 13.10288], [80.22905, 13.10273], [80.22924, 13.10266], [80.22944, 13.1026], [80.22967, 13.10257], [80.22991, 13.10255], [80.23009, 13.10252], [80.23028, 13.10251], [80.23041, 13.1025], [80.23057, 13.10247], [80.23073, 13.10247], [80.23082, 13.10247], [80.23097, 13.10246], [80.23117, 13.10242], [80.2313, 13.10241], [80.23148, 13.10238], [80.23164, 13.10235], [80.23183, 13.10231], [80.23203, 13.10227], [80.23221, 13.10223], [80.23246, 13.10217], [80.23275, 13.10212], [80.23294, 13.10207], [80.23315, 13.10204], [80.23342, 13.10199], [80.23362, 13.10194], [80.23382, 13.1019], [80.23404, 13.10187], [80.23427, 13.10184], [80.2345, 13.10181], [80.23479, 13.10179], [80.23503, 13.10177], [80.23528, 13.10177], [80.23543, 13.10174], [80.23556, 13.10172], [80.23584, 13.10167], [80.23612, 13.10163], [80.23631, 13.10158], [80.23664, 13.10151], [80.23695, 13.10145], [80.23711, 13.10142], [80.23745, 13.10135], [80.2377, 13.1013], [80.2378, 13.10127], [80.23808, 13.10123], [80.23843, 13.10115], [80.23871, 13.1011], [80.23903, 13.10103], [80.23935, 13.10096], [80.23964, 13.10089], [80.23987, 13.10085], [80.24014, 13.10082], [80.24035, 13.10079], [80.24054, 13.10076], [80.24073, 13.10073], [80.24097, 13.10071], [80.24124, 13.10067], [80.2415, 13.10064], [80.24176, 13.10062], [80.242, 13.10059], [80.24224, 13.10056], [80.24235, 13.10056], [80.24254, 13.10054], [80.24277, 13.10052], [80.24295, 13.10049], [80.24307, 13.10048], [80.24324, 13.10046], [80.24343, 13.10044], [80.24359, 13.1004], [80.24367, 13.10039], [80.24386, 13.10032], [80.244, 13.10025], [80.2442, 13.10016], [80.24437, 13.10008], [80.24456, 13.09999], [80.24472, 13.0999], [80.24479, 13.09987], [80.24493, 13.09979], [80.24516, 13.09969], [80.24529, 13.09962], [80.24546, 13.09954], [80.24562, 13.09947], [80.24581, 13.09938], [80.24601, 13.09929], [80.24622, 13.09919], [80.24642, 13.0991], [80.24643, 13.09909], [80.24661, 13.099], [80.24668, 13.09895], [80.24677, 13.09889], [80.24683, 13.09883], [80.24688, 13.09876]]}}, {"type": "Feature", "properties": {"drain_type": "Micro Drain", "material": "", "status": "", "ward": "", "zone": "", "source": "Greater Chennai Corporation", "year": "2024", "shedId": "KOSAS"}, "geometry": {"type": "LineString", "coordinates": [[80.26688, 13.09844], [80.26692, 13.09852], [80.26695, 13.09857], [80.26701, 13.09864], [80.26711, 13.09881], [80.2672, 13.09894], [80.26731, 13.0991], [80.26748, 13.09933], [80.26766, 13.0995], [80.26787, 13.09968], [80.26788, 13.09977], [80.26794, 13.1001], [80.268, 13.10044], [80.26805, 13.10076], [80.26812, 13.10131], [80.2682, 13.10183], [80.26822, 13.10202], [80.26825, 13.10226], [80.26831, 13.10245], [80.26842, 13.10256], [80.26858, 13.10261], [80.26875, 13.10264], [80.26892, 13.10268], [80.26902, 13.10277], [80.26905, 13.10287], [80.26906, 13.1031], [80.26907, 13.10346], [80.26911, 13.10391], [80.26916, 13.10426], [80.26925, 13.10503], [80.26925, 13.1052], [80.26929, 13.10545]]}}, {"type": "Feature", "properties": {"drain_type": "Micro Drain", "material": "", "status": "", "ward": "", "zone": "", "source": "Greater Chennai Corporation", "year": "2024", "shedId": "KOSAS"}, "geometry": {"type": "LineString", "coordinates": [[80.21784, 13.0806], [80.2178, 13.08082], [80.21782, 13.08104], [80.21786, 13.08152], [80.21789, 13.08183], [80.21789, 13.08213], [80.21789, 13.08247], [80.21792, 13.08301], [80.21793, 13.0834], [80.21793, 13.08375], [80.21793, 13.08407], [80.21792, 13.08435], [80.218, 13.08449], [80.21806, 13.08457], [80.21807, 13.08472], [80.21799, 13.08484], [80.21798, 13.08502], [80.21798, 13.08528], [80.218, 13.08553], [80.218, 13.08586], [80.21802, 13.0861], [80.21804, 13.08638], [80.21805, 13.08674], [80.21807, 13.08739], [80.21809, 13.08792], [80.21812, 13.08837], [80.21815, 13.08884], [80.21817, 13.08939], [80.21818, 13.08984], [80.21821, 13.09056], [80.21824, 13.09102], [80.21824, 13.09127], [80.21825, 13.09166], [80.21825, 13.092], [80.2183, 13.09217], [80.21832, 13.09223], [80.21829, 13.09235], [80.21829, 13.09249], [80.2183, 13.09258], [80.21831, 13.09292], [80.21831, 13.09324], [80.21834, 13.09352], [80.21834, 13.09404]]}}, {"type": "Feature", "properties": {"drain_type": "Micro Drain", "material": "", "status": "", "ward": "", "zone": "", "source": "Greater Chennai Corporation", "year": "2024", "shedId": "KOSAS"}, "geometry": {"type": "LineString", "coordinates": [[80.23568, 13.12946], [80.23572, 13.12948], [80.23575, 13.12952], [80.23576, 13.12956], [80.23577, 13.12962], [80.23577, 13.1297], [80.23576, 13.12979], [80.23576, 13.12988], [80.23577, 13.12997], [80.23577, 13.13006], [80.23577, 13.13017], [80.23575, 13.13031], [80.23575, 13.13042], [80.23574, 13.13053], [80.23573, 13.13065], [80.23573, 13.13078], [80.23572, 13.13089], [80.23572, 13.13096], [80.23574, 13.13102], [80.23575, 13.13106], [80.23578, 13.13109], [80.23587, 13.1311], [80.23596, 13.13111], [80.23604, 13.13112], [80.23611, 13.13112], [80.2362, 13.13114], [80.23626, 13.13114], [80.23639, 13.13115], [80.23653, 13.13117], [80.23665, 13.13119], [80.23677, 13.13121], [80.2369, 13.13122], [80.23702, 13.13123], [80.23717, 13.13125], [80.23731, 13.13127], [80.23744, 13.13129], [80.23754, 13.1313], [80.23762, 13.13131], [80.23771, 13.13129], [80.23778, 13.13125], [80.23787, 13.1312], [80.23796, 13.13116], [80.23805, 13.13117], [80.23812, 13.13117], [80.23817, 13.13117], [80.23825, 13.13116], [80.23831, 13.13117], [80.23836, 13.13123], [80.23841, 13.13129], [80.23849, 13.13133], [80.23854, 13.13136], [80.2386, 13.13138], [80.23868, 13.13138], [80.23874, 13.13136], [80.2388, 13.13132], [80.23886, 13.13128], [80.23893, 13.13124], [80.23899, 13.13122], [80.23905, 13.13122], [80.23912, 13.13123], [80.2392, 13.13123], [80.23927, 13.13121], [80.23935, 13.1312], [80.23941, 13.13118], [80.2395, 13.13116], [80.23962, 13.13113], [80.23973, 13.1311], [80.23983, 13.13105], [80.23991, 13.131], [80.24001, 13.13095], [80.24014, 13.13091], [80.24024, 13.13085], [80.24033, 13.13079], [80.2404, 13.13074], [80.24045, 13.1307], [80.24051, 13.13066], [80.24055, 13.13061], [80.2406, 13.13055], [80.24064, 13.13048], [80.24069, 13.13043], [80.24075, 13.1304], [80.24079, 13.13038], [80.24083, 13.13037], [80.24085, 13.1304], [80.2409, 13.13043], [80.24093, 13.13047], [80.24099, 13.1305], [80.24102, 13.13053], [80.24105, 13.13056], [80.24109, 13.1306], [80.24113, 13.13063], [80.24116, 13.13067], [80.2412, 13.1307], [80.24125, 13.1307], [80.24133, 13.13069], [80.24139, 13.13067], [80.24147, 13.13062], [80.24151, 13.13058], [80.24154, 13.13054], [80.24158, 13.13051], [80.24162, 13.13047], [80.24167, 13.13045], [80.24175, 13.13044], [80.24181, 13.13044], [80.2419, 13.13041], [80.24198, 13.1304], [80.24206, 13.13037], [80.24213, 13.13033], [80.2422, 13.13031], [80.24227, 13.13028], [80.24231, 13.13025], [80.24236, 13.1302], [80.24244, 13.13016], [80.2425, 13.13014], [80.24255, 13.13011], [80.24262, 13.13008], [80.2427, 13.13006], [80.24277, 13.13005], [80.24285, 13.13003], [80.24291, 13.13002], [80.243, 13.13], [80.24309, 13.12997], [80.24319, 13.12993], [80.24326, 13.12988], [80.24336, 13.12984], [80.24345, 13.12982], [80.2435, 13.12981], [80.24357, 13.12979], [80.24367, 13.12975], [80.24374, 13.12972], [80.24382, 13.12967], [80.2439, 13.12965], [80.24397, 13.12963], [80.24406, 13.12962], [80.24414, 13.12961], [80.24424, 13.1296], [80.2443, 13.1296], [80.24435, 13.1296], [80.24435, 13.1296], [80.2444, 13.12962], [80.24445, 13.12963], [80.24452, 13.12963], [80.24459, 13.12963], [80.2447, 13.12962], [80.24481, 13.12961], [80.24491, 13.12961], [80.24501, 13.12959], [80.2451, 13.12957], [80.24516, 13.12955], [80.24524, 13.12954], [80.24531, 13.12953], [80.24538, 13.1295], [80.24544, 13.12948], [80.24551, 13.12946], [80.24561, 13.12944], [80.2457, 13.12944], [80.24578, 13.12944], [80.24586, 13.12943], [80.24593, 13.12942], [80.24601, 13.12942], [80.2461, 13.12942], [80.24615, 13.12942], [80.24622, 13.1294], [80.2463, 13.12939], [80.24637, 13.12939], [80.24644, 13.12938], [80.24652, 13.12938], [80.24658, 13.12939], [80.24665, 13.1294], [80.2467, 13.1294], [80.24676, 13.12942], [80.24682, 13.12943], [80.24682, 13.12943], [80.24686, 13.12946], [80.24689, 13.12951], [80.24695, 13.12955], [80.24699, 13.12957], [80.24703, 13.1296], [80.24708, 13.12963], [80.24713, 13.12966], [80.24717, 13.12967], [80.24723, 13.12971], [80.24731, 13.12975], [80.24739, 13.12979], [80.24748, 13.12982], [80.24758, 13.12985], [80.24767, 13.12988], [80.24775, 13.1299], [80.2478, 13.12989], [80.24786, 13.12988], [80.24791, 13.12987], [80.24797, 13.12987], [80.24805, 13.12988], [80.24808, 13.12989], [80.24813, 13.12992], [80.24813, 13.12992], [80.24818, 13.12994], [80.24819, 13.12994], [80.24824, 13.12994], [80.24824, 13.12994], [80.24825, 13.12994], [80.24825, 13.12995], [80.24831, 13.12994], [80.24831, 13.12994], [80.24837, 13.12996], [80.24837, 13.12996], [80.24843, 13.12997], [80.24849, 13.13], [80.24857, 13.13001], [80.24865, 13.13001], [80.24865, 13.13001], [80.24876, 13.13003], [80.24889, 13.13005], [80.24903, 13.13007], [80.24915, 13.13009], [80.24927, 13.13011], [80.24934, 13.13013], [80.24941, 13.13015], [80.24947, 13.13017], [80.24954, 13.1302], [80.24961, 13.13024], [80.24967, 13.13028], [80.24973, 13.13033], [80.24978, 13.13039], [80.24984, 13.13044], [80.24991, 13.13049], [80.24997, 13.13055], [80.25003, 13.13061], [80.25008, 13.13067], [80.25012, 13.13071], [80.25017, 13.13077], [80.25024, 13.13082], [80.25031, 13.13087], [80.25037, 13.1309], [80.25044, 13.13094], [80.25049, 13.13097], [80.25054, 13.131], [80.2506, 13.13102], [80.25066, 13.13104], [80.25071, 13.13108], [80.25076, 13.13113], [80.25081, 13.13117], [80.25087, 13.13121], [80.25091, 13.13124], [80.25098, 13.1313], [80.25101, 13.13134], [80.25105, 13.13138], [80.25111, 13.13141], [80.25118, 13.13145], [80.25125, 13.13149], [80.25132, 13.13154], [80.25138, 13.13157], [80.25144, 13.13161], [80.25152, 13.13164], [80.25158, 13.13168], [80.25166, 13.13172], [80.25174, 13.13176], [80.2518, 13.13179], [80.25187, 13.13184], [80.25197, 13.1319], [80.25206, 13.13195], [80.25215, 13.132], [80.25223, 13.13206], [80.25235, 13.1321], [80.25244, 13.13213], [80.25253, 13.13217], [80.25259, 13.1322], [80.25264, 13.13221], [80.25272, 13.13222], [80.25279, 13.13224], [80.25287, 13.13227], [80.25294, 13.1323], [80.25301, 13.13236], [80.25305, 13.1324], [80.25308, 13.13245], [80.2531, 13.13252], [80.25312, 13.13257], [80.25313, 13.13263], [80.25314, 13.13268], [80.25316, 13.13274], [80.25319, 13.13281], [80.25321, 13.13289], [80.25325, 13.13296], [80.25328, 13.13304], [80.2533, 13.13312], [80.25331, 13.13319], [80.25332, 13.13327], [80.25332, 13.13334], [80.25332, 13.13342], [80.25332, 13.1335], [80.25332, 13.13357], [80.25333, 13.13364], [80.25333, 13.13374], [80.25333, 13.13381], [80.25333, 13.13387], [80.25335, 13.13394], [80.25336, 13.13402], [80.25337, 13.13409], [80.25338, 13.13418], [80.25339, 13.13424], [80.25339, 13.13433], [80.25341, 13.13442], [80.25342, 13.13447], [80.25343, 13.13453], [80.25344, 13.1346], [80.25345, 13.13469], [80.25346, 13.13476], [80.25346, 13.13485], [80.25347, 13.13493], [80.25349, 13.13504], [80.25351, 13.13513], [80.25352, 13.13522], [80.25354, 13.1353], [80.25355, 13.13536], [80.25357, 13.13542], [80.25359, 13.13549], [80.25362, 13.13553], [80.25364, 13.13556], [80.25366, 13.13559], [80.2537, 13.13561]]}}]}