{"nvdm":"1.0","dataset":"basins/drainage","scope":{"kind":"basin","id":"kabini"},"provenance":{"sources":[{"title":"India-WRIS stream network for the Kabini (Kabini_Drainage) - Cauvery Basin GIS package (GeoPackages, Aug 2026 delivery)","publisher":"Paani Earth Foundation","closed":true,"as_of":"2026-08","role":"input","license":"partner-supplied compilation, cited with attribution; underlying government layers as attributed per layer"},{"id":"kwris-basin-geoserver","title":"Karnataka WRD basin decomposition, sub-basin C2 (KWRIS GeoServer, via the cauvery-ka atlas ingest)","publisher":"ACIWRM / Karnataka Water Resources Department","url":"https://kwris.karnataka.gov.in/","license":"public Karnataka government data; open WFS, no explicit licence stated - cited with attribution","role":"input","as_of":"2026-07"}],"method":"derived","produced_at":"2026-08-14","produced_by":"scripts/build_kabini_sources.py + scripts/ingest_basin.py (scripts/basin-sources/kabini-ingest.json)"},"type":"FeatureCollection","features":[{"type":"Feature","geometry":{"type":"LineString","coordinates":[[76.63924,11.78073],[76.64031,11.78031],[76.64072,11.77996],[76.64096,11.77962]]},"properties":{"shedId":"C05CAM20"}},{"type":"Feature","geometry":{"type":"LineString","coordinates":[[76.807,11.66852],[76.80732,11.66876],[76.80753,11.66897],[76.80769,11.66915],[76.80783,11.66934]]},"properties":{"shedId":"C05CAM20"}},{"type":"Feature","geometry":{"type":"LineString","coordinates":[[76.80744,11.6676],[76.80768,11.66819],[76.80778,11.66853],[76.8078,11.66873],[76.8078,11.66885],[76.80783,11.66934]]},"properties":{"shedId":"C05CAM20"}},{"type":"Feature","geometry":{"type":"LineString","coordinates":[[76.80496,11.6668],[76.80524,11.6676],[76.80535,11.66804],[76.80536,11.6685],[76.80535,11.66886],[76.80519,11.6693]]},"properties":{"shedId":"C05CAM20"}},{"type":"Feature","geometry":{"type":"LineString","coordinates":[[76.80657,11.66618],[76.80662,11.66658],[76.8066,11.66687],[76.80649,11.66725],[76.80615,11.66811],[76.80602,11.66838],[76.80579,11.66868],[76.80559,11.66883],[76.80519,11.6693]]},"properties":{"shedId":"C05CAM20"}},{"type":"Feature","geometry":{"type":"LineString","coordinates":[[76.80783,11.66934],[76.80788,11.66941],[76.80815,11.66965],[76.80853,11.6701]]},"properties":{"shedId":"C05CAM20"}},{"type":"Feature","geometry":{"type":"LineString","coordinates":[[76.80815,11.66701],[76.80848,11.66773],[76.80869,11.6686],[76.80872,11.66913],[76.8087,11.66944],[76.80853,11.6701]]},"properties":{"shedId":"C05CAM20"}},{"type":"Feature","geometry":{"type":"LineString","coordinates":[[76.79992,11.67069],[76.80024,11.67071],[76.80048,11.67074],[76.80061,11.67076],[76.80071,11.67079],[76.80088,11.67086],[76.80129,11.6712],[76.80157,11.67136],[76.80174,11.67145],[76.802,11.6715],[76.80213,11.67152],[76.8023,11.67161],[76.80245,11.67172],[76.8025,11.67181]]},"properties":{"shedId":"C05CAM20"}},{"type":"Feature","geometry":{"type":"LineString","coordinates":[[76.80519,11.6693],[76.80468,11.6698],[76.80423,11.67008],[76.80378,11.67024],[76.80361,11.67032],[76.80339,11.67045],[76.80328,11.67054],[76.80315,11.67063],[76.80301,11.67075],[76.80293,11.67081],[76.80279,11.67109],[76.80258,11.67159],[76.8025,11.67181]]},"properties":{"shedId":"C05CAM20"}},{"type":"Feature","geometry":{"type":"LineString","coordinates":[[76.81648,11.67057],[76.81583,11.67115],[76.81477,11.67203],[76.81431,11.67235],[76.81405,11.67253],[76.81388,11.67283],[76.81378,11.67325]]},"properties":{"shedId":"C05CAM20"}},{"type":"Feature","geometry":{"type":"LineString","coordinates":[[76.8143,11.67369],[76.81421,11.67357],[76.81414,11.67347],[76.81409,11.6734],[76.81395,11.67331],[76.81378,11.67325]]},"properties":{"shedId":"C05CAM20"}},{"type":"Feature","geometry":{"type":"LineString","coordinates":[[76.81952,11.67247],[76.81912,11.67256],[76.81882,11.67269],[76.81856,11.67287],[76.81829,11.6731],[76.8181,11.67324],[76.8179,11.67333],[76.81774,11.67337],[76.81734,11.67338],[76.81599,11.67333],[76.8154,11.6734],[76.81506,11.67356],[76.8143,11.67369]]},"properties":{"shedId":"C05CAM20"}},{"type":"Feature","geometry":{"type":"LineString","coordinates":[[76.81443,11.66886],[76.81399,11.66924],[76.81287,11.67063],[76.81245,11.67139],[76.81238,11.67154],[76.81239,11.67179],[76.81242,11.67238],[76.81238,11.67259],[76.8123,11.67276],[76.81217,11.67294],[76.8119,11.67326],[76.81125,11.67384]]},"properties":{"shedId":"C05CAM20"}},{"type":"Feature","geometry":{"type":"LineString","coordinates":[[76.81378,11.67325],[76.81334,11.67337],[76.81303,11.67357],[76.81284,11.67373],[76.81258,11.67383],[76.81228,11.67386],[76.8121,11.67385],[76.81197,11.67385],[76.81174,11.67382],[76.81157,11.67382],[76.81125,11.67384]]},"properties":{"shedId":"C05CAM20"}},{"type":"Feature","geometry":{"type":"LineString","coordinates":[[76.81125,11.67384],[76.81062,11.67407]]},"properties":{"shedId":"C05CAM20"}},{"type":"Feature","geometry":{"type":"LineString","coordinates":[[76.80853,11.6701],[76.80845,11.67024],[76.80842,11.67034],[76.80843,11.67046],[76.80845,11.67058],[76.80852,11.67068],[76.80878,11.67104],[76.80891,11.6712],[76.80908,11.67131],[76.80926,11.67137],[76.80942,11.67144],[76.80949,11.67148],[76.80949,11.67151],[76.80951,11.6716],[76.80939,11.67201],[76.80912,11.67227],[76.80897,11.6724],[76.80885,11.67259],[76.80885,11.67279],[76.80876,11.67314],[76.80861,11.67343],[76.80844,11.67361],[76.8083,11.67377],[76.80818,11.67398],[76.80787,11.6744]]},"properties":{"shedId":"C05CAM20"}},{"type":"Feature","geometry":{"type":"LineString","coordinates":[[76.81062,11.67407],[76.81048,11.67401],[76.80981,11.67385],[76.80895,11.67408],[76.80836,11.67428],[76.80811,11.67434],[76.80787,11.6744]]},"properties":{"name":"Gundal","shedId":"C05CAM20"}},{"type":"Feature","geometry":{"type":"LineString","coordinates":[[76.8025,11.67181],[76.8027,11.67221],[76.80279,11.67234],[76.80291,11.67242],[76.80304,11.67244],[76.80316,11.67244],[76.80325,11.67249],[76.8033,11.67255],[76.80338,11.67267],[76.80345,11.67272],[76.8035,11.67276],[76.80359,11.67281],[76.80371,11.67287],[76.80395,11.67301],[76.80408,11.67307],[76.80413,11.67316],[76.80414,11.67324],[76.80414,11.67331],[76.80414,11.67335],[76.80417,11.67342],[76.80419,11.67347],[76.80428,11.67361],[76.80438,11.67372],[76.8046,11.6738],[76.80471,11.67383],[76.80485,11.67391],[76.80493,11.674],[76.80499,11.67435],[76.80515,11.67458],[76.80527,11.67472],[76.80533,11.67476],[76.80543,11.67483],[76.80555,11.67492],[76.80564,11.67508]]},"properties":{"shedId":"C05CAM20"}},{"type":"Feature","geometry":{"type":"LineString","coordinates":[[76.80787,11.6744],[76.80782,11.67444],[76.80781,11.67445],[76.80776,11.67455],[76.80776,11.67463],[76.80777,11.67478],[76.80782,11.67497],[76.80785,11.67506],[76.80783,11.67514],[76.80777,11.67521],[76.80758,11.67522],[76.80733,11.67521],[76.80663,11.67513],[76.80637,11.67514],[76.80625,11.67519],[76.80603,11.67526],[76.80598,11.67526],[76.80595,11.67525],[76.80591,11.67521],[76.80585,11.6751],[76.80581,11.67507],[76.80573,11.67506],[76.80564,11.67508]]},"properties":{"name":"Gundal","shedId":"C05CAM20"}},{"type":"Feature","geometry":{"type":"LineString","coordinates":[[76.81978,11.67592],[76.81927,11.67566],[76.81906,11.67546],[76.81877,11.67524],[76.81856,11.67509],[76.81828,11.67498],[76.81795,11.67496],[76.81693,11.67475],[76.81635,11.67458],[76.81578,11.67402],[76.81559,11.67396],[76.8154,11.67394],[76.81519,11.67398],[76.81499,11.67398],[76.81487,11.67395],[76.81473,11.67386],[76.81467,11.67383],[76.8146,11.67381],[76.81446,11.67376],[76.8143,11.67369]]},"properties":{"shedId":"C05CAM20"}},{"type":"Feature","geometry":{"type":"LineString","coordinates":[[76.81543,11.67864],[76.81515,11.67832],[76.81434,11.67747],[76.81368,11.67694],[76.81248,11.67553],[76.81183,11.67489],[76.81124,11.67435],[76.81062,11.67407]]},"properties":{"name":"Gundal","shedId":"C05CAM20"}},{"type":"Feature","geometry":{"type":"LineString","coordinates":[[76.82134,11.67815],[76.82146,11.6787],[76.82152,11.67898],[76.82151,11.67928]]},"properties":{"shedId":"C05CAM20"}},{"type":"Feature","geometry":{"type":"LineString","coordinates":[[76.82388,11.67827],[76.82344,11.6785],[76.82316,11.67869],[76.82294,11.67882],[76.8226,11.67893],[76.82231,11.67906],[76.82151,11.67928]]},"properties":{"shedId":"C05CAM20"}},{"type":"Feature","geometry":{"type":"LineString","coordinates":[[76.82151,11.67928],[76.82148,11.67935],[76.82141,11.67951],[76.82137,11.67958],[76.82136,11.67971]]},"properties":{"shedId":"C05CAM20"}},{"type":"Feature","geometry":{"type":"LineString","coordinates":[[76.82044,11.67614],[76.8206,11.67631],[76.82076,11.67656],[76.82082,11.67673],[76.82083,11.6768],[76.82082,11.67685],[76.82078,11.67694],[76.82072,11.67701],[76.8207,11.67703],[76.82067,11.67706],[76.82066,11.67714],[76.82067,11.67718],[76.82068,11.67722],[76.82073,11.67734],[76.82084,11.67747],[76.82088,11.6775],[76.82088,11.67753],[76.82086,11.67761],[76.82083,11.67769],[76.82056,11.67818],[76.82039,11.6787],[76.82027,11.67905],[76.81997,11.67979]]},"properties":{"shedId":"C05CAM20"}},{"type":"Feature","geometry":{"type":"LineString","coordinates":[[76.82136,11.67971],[76.82095,11.67972],[76.82051,11.67975],[76.82034,11.67975],[76.81997,11.67979]]},"properties":{"shedId":"C05CAM20"}},{"type":"Feature","geometry":{"type":"LineString","coordinates":[[76.81704,11.68019],[76.81677,11.68007],[76.81647,11.67987],[76.81619,11.67951],[76.81543,11.67864]]},"properties":{"name":"Gundal","shedId":"C05CAM20"}},{"type":"Feature","geometry":{"type":"LineString","coordinates":[[76.81997,11.67979],[76.81962,11.67979],[76.81947,11.67976],[76.81933,11.67974],[76.81889,11.67969],[76.81864,11.67968],[76.81845,11.67969],[76.81805,11.67976],[76.81782,11.67979],[76.81767,11.67988],[76.81704,11.68019]]},"properties":{"shedId":"C05CAM20"}},{"type":"Feature","geometry":{"type":"LineString","coordinates":[[76.82473,11.68036],[76.82425,11.68053],[76.82389,11.68056],[76.82378,11.68058],[76.82334,11.68059],[76.82297,11.68042],[76.82265,11.68019],[76.82253,11.68011],[76.82239,11.68005],[76.82211,11.6799],[76.82136,11.67971]]},"properties":{"shedId":"C05CAM20"}},{"type":"Feature","geometry":{"type":"LineString","coordinates":[[76.81774,11.68057],[76.81758,11.68045],[76.81741,11.68037],[76.81728,11.68029],[76.81704,11.68019]]},"properties":{"name":"Gundal","shedId":"C05CAM20"}},{"type":"Feature","geometry":{"type":"LineString","coordinates":[[76.81885,11.6814],[76.81874,11.68123],[76.81859,11.68107],[76.81836,11.68098],[76.81815,11.68094],[76.81803,11.6809],[76.81793,11.68082],[76.81784,11.6807],[76.81774,11.68057]]},"properties":{"name":"Gundal","shedId":"C05CAM20"}},{"type":"Feature","geometry":{"type":"LineString","coordinates":[[76.81718,11.68207],[76.81739,11.68184],[76.81748,11.68162],[76.81756,11.68142],[76.8176,11.68126],[76.81774,11.68057]]},"properties":{"shedId":"C05CAM20"}},{"type":"Feature","geometry":{"type":"LineString","coordinates":[[76.79747,11.6758],[76.79715,11.67618],[76.79704,11.67637],[76.79697,11.67656],[76.79695,11.67674],[76.79693,11.67695],[76.79688,11.67715],[76.79682,11.67735],[76.79673,11.67759],[76.79665,11.67777],[76.79659,11.67787],[76.79657,11.67789],[76.79647,11.67799],[76.79643,11.67805],[76.79641,11.67808],[76.79639,11.67822],[76.79636,11.67835],[76.79628,11.67848],[76.79608,11.67876],[76.79582,11.67897],[76.79568,11.67909],[76.79558,11.6793],[76.79555,11.67946],[76.79555,11.67968],[76.79554,11.67985],[76.79546,11.68004],[76.79526,11.68013],[76.79504,11.6802],[76.79451,11.68036],[76.79434,11.68049],[76.79429,11.68056],[76.79425,11.68063],[76.79422,11.68081],[76.79422,11.68107],[76.79423,11.6821]]},"properties":{"shedId":"C05CAM20"}},{"type":"Feature","geometry":{"type":"LineString","coordinates":[[76.78831,11.6718],[76.78859,11.67335],[76.7884,11.67398],[76.78822,11.67435],[76.78812,11.67467],[76.78823,11.67517],[76.78839,11.6757],[76.78914,11.67791],[76.78922,11.67861],[76.78935,11.67944],[76.78949,11.68033],[76.78982,11.68221]]},"properties":{"shedId":"C05CAM20"}},{"type":"Feature","geometry":{"type":"LineString","coordinates":[[76.81754,11.68284],[76.81812,11.68238],[76.8184,11.68201],[76.81857,11.68169],[76.81885,11.6814]]},"properties":{"shedId":"C05CAM20"}},{"type":"Feature","geometry":{"type":"LineString","coordinates":[[76.80564,11.67508],[76.80552,11.67517],[76.8055,11.67525],[76.80551,11.67533],[76.80553,11.6754],[76.8056,11.67546],[76.80572,11.67567],[76.80574,11.67577],[76.80574,11.67583],[76.80572,11.67588],[76.80566,11.67591],[76.80555,11.67588],[76.80522,11.67584],[76.80503,11.67584],[76.80488,11.67588],[76.80476,11.67595],[76.8047,11.676],[76.80465,11.67607],[76.80464,11.67616],[76.80468,11.67657],[76.80468,11.67668],[76.80466,11.67678],[76.80462,11.67683],[76.80452,11.67684],[76.80444,11.67684],[76.8044,11.67685],[76.80438,11.67687],[76.80435,11.6769],[76.80434,11.67699],[76.80434,11.67709],[76.80432,11.67717],[76.80401,11.67757],[76.80374,11.67768],[76.80353,11.67777],[76.80337,11.678],[76.80324,11.67815],[76.80317,11.67825],[76.80313,11.67837],[76.80313,11.67849],[76.80318,11.67859],[76.80328,11.67872],[76.80332,11.67883],[76.80335,11.67896],[76.80335,11.67912],[76.80329,11.67942],[76.80321,11.67963],[76.8031,11.67982],[76.80305,11.67987],[76.80295,11.67995],[76.80281,11.68003],[76.80264,11.68007],[76.80241,11.6801],[76.80217,11.68015],[76.80159,11.68036],[76.80133,11.68045],[76.80116,11.68061],[76.80099,11.68078],[76.79989,11.68137],[76.79953,11.68158],[76.79904,11.68173],[76.7987,11.68186],[76.79767,11.68228],[76.7971,11.6824],[76.79688,11.68237],[76.7966,11.68228],[76.79651,11.68222],[76.7964,11.68215],[76.79617,11.6819],[76.79606,11.68186],[76.7959,11.68181],[76.79566,11.68179],[76.79546,11.68183],[76.79497,11.68209],[76.79473,11.68218],[76.79445,11.68216],[76.79423,11.6821]]},"properties":{"name":"Gundal","shedId":"C05CAM20"}},{"type":"Feature","geometry":{"type":"LineString","coordinates":[[76.79423,11.6821],[76.79409,11.68206],[76.7931,11.68199],[76.79242,11.68197],[76.79101,11.68226],[76.79014,11.68227],[76.78982,11.68221]]},"properties":{"name":"Gundal","shedId":"C05CAM20"}},{"type":"Feature","geometry":{"type":"LineString","coordinates":[[76.81988,11.68322],[76.81952,11.68267],[76.81922,11.68215],[76.81885,11.6814]]},"properties":{"name":"Gundal","shedId":"C05CAM20"}},{"type":"Feature","geometry":{"type":"LineString","coordinates":[[76.81588,11.6832],[76.81533,11.68168],[76.81527,11.68139],[76.81527,11.68101],[76.81524,11.68011],[76.81543,11.67864]]},"properties":{"shedId":"C05CAM20"}},{"type":"Feature","geometry":{"type":"LineString","coordinates":[[76.66626,11.67846],[76.6662,11.67861],[76.66606,11.67886],[76.66591,11.6791],[76.66559,11.67955],[76.66543,11.6798]]},"properties":{"name":"Hakkarkatte Yullu","shedId":"C05CAM20"}},{"type":"Feature","geometry":{"type":"LineString","coordinates":[[76.82073,11.68334],[76.82067,11.68259],[76.82058,11.68237],[76.82047,11.68217],[76.82039,11.68211],[76.82031,11.68207],[76.82014,11.68202],[76.81993,11.68204],[76.81971,11.682],[76.81956,11.68185],[76.8195,11.68179],[76.81925,11.6816],[76.81913,11.68153],[76.81885,11.6814]]},"properties":{"shedId":"C05CAM20"}},{"type":"Feature","geometry":{"type":"LineString","coordinates":[[76.66543,11.6798],[76.66536,11.6799],[76.66509,11.68011],[76.66473,11.68028]]},"properties":{"name":"Hakkarkatte Yullu","shedId":"C05CAM20"}},{"type":"Feature","geometry":{"type":"LineString","coordinates":[[76.65804,11.67922],[76.6582,11.67939],[76.65835,11.67953],[76.6584,11.67968],[76.65841,11.67986],[76.65844,11.67996],[76.65857,11.67996],[76.65893,11.68015]]},"properties":{"shedId":"C05CAM20"}},{"type":"Feature","geometry":{"type":"LineString","coordinates":[[76.65975,11.67876],[76.65942,11.67957],[76.6593,11.67973],[76.65912,11.67991],[76.659,11.68004],[76.65893,11.68015]]},"properties":{"shedId":"C05CAM20"}},{"type":"Feature","geometry":{"type":"LineString","coordinates":[[76.72326,11.67619],[76.72455,11.67634],[76.72528,11.67681],[76.72558,11.67714],[76.72573,11.67753],[76.72596,11.67934],[76.72594,11.68024],[76.72599,11.68047],[76.72607,11.6806],[76.72622,11.68073],[76.72658,11.68133],[76.7267,11.6817],[76.72672,11.68187]]},"properties":{"shedId":"C05CAM20"}},{"type":"Feature","geometry":{"type":"LineString","coordinates":[[76.7277,11.67733],[76.728,11.67816],[76.72805,11.67832],[76.72806,11.67848],[76.72805,11.67866],[76.72787,11.6791],[76.72779,11.67947],[76.72776,11.67967],[76.72774,11.67989],[76.72768,11.68001],[76.72763,11.68015],[76.72761,11.6803],[76.72761,11.68044],[76.7276,11.68056],[76.72757,11.68059],[76.72752,11.68064],[76.72739,11.68074],[76.72728,11.68085],[76.72723,11.68093],[76.7272,11.68106],[76.72711,11.68144],[76.72705,11.68152],[76.72699,11.68161],[76.72688,11.68171],[76.72672,11.68187]]},"properties":{"shedId":"C05CAM20"}},{"type":"Feature","geometry":{"type":"LineString","coordinates":[[76.67459,11.68112],[76.675,11.68101],[76.67546,11.68094],[76.67555,11.68094],[76.67558,11.68096],[76.67571,11.68103],[76.67576,11.68107],[76.67578,11.68112],[76.67585,11.68127],[76.67589,11.68133],[76.67592,11.68137],[76.67603,11.68142],[76.67619,11.68144],[76.67701,11.68114]]},"properties":{"shedId":"C05CAM20"}},{"type":"Feature","geometry":{"type":"LineString","coordinates":[[76.71072,11.67916],[76.71098,11.67938],[76.71127,11.67956],[76.7115,11.67967],[76.71215,11.6801],[76.71275,11.68064],[76.71303,11.68097],[76.71313,11.68121],[76.71319,11.68142],[76.71322,11.6819]]},"properties":{"shedId":"C05CAM20"}},{"type":"Feature","geometry":{"type":"LineString","coordinates":[[76.66717,11.68086],[76.66684,11.68086],[76.6666,11.6808],[76.66639,11.68063],[76.66616,11.68044],[76.66596,11.68022],[76.66579,11.68003],[76.66543,11.6798]]},"properties":{"shedId":"C05CAM20"}},{"type":"Feature","geometry":{"type":"LineString","coordinates":[[76.67172,11.67979],[76.67173,11.6798],[76.67195,11.67991],[76.67229,11.68005],[76.67261,11.68017],[76.67323,11.68023],[76.67356,11.68031],[76.6739,11.68046],[76.6742,11.68057],[76.6744,11.68074],[76.67456,11.68089],[76.67459,11.68112]]},"properties":{"shedId":"C05CAM20"}},{"type":"Feature","geometry":{"type":"LineString","coordinates":[[76.70879,11.68151],[76.70986,11.68186],[76.71038,11.68202],[76.71087,11.68208],[76.71219,11.68201],[76.71252,11.68197],[76.71322,11.6819]]},"properties":{"shedId":"C05CAM20"}},{"type":"Feature","geometry":{"type":"LineString","coordinates":[[76.66231,11.67854],[76.6624,11.67895],[76.66267,11.67935],[76.66282,11.6797],[76.66292,11.68005],[76.66303,11.68033],[76.66307,11.68049],[76.663,11.68099]]},"properties":{"shedId":"C05CAM20"}},{"type":"Feature","geometry":{"type":"LineString","coordinates":[[76.66473,11.68028],[76.66454,11.68032],[76.66435,11.68035],[76.66365,11.68064],[76.66343,11.68078],[76.663,11.68099]]},"properties":{"name":"Hakkarkatte Yullu","shedId":"C05CAM20"}},{"type":"Feature","geometry":{"type":"LineString","coordinates":[[76.71988,11.6781],[76.7209,11.67842],[76.72169,11.67875],[76.72202,11.67882],[76.72229,11.67897],[76.72335,11.67978],[76.72484,11.68153],[76.72507,11.68185],[76.72526,11.68202],[76.72548,11.68211],[76.7257,11.68212],[76.72601,11.68216],[76.72623,11.6823],[76.72651,11.68253],[76.72661,11.68266]]},"properties":{"shedId":"C05CAM20"}},{"type":"Feature","geometry":{"type":"LineString","coordinates":[[76.72672,11.68187],[76.72671,11.68203],[76.72661,11.68266]]},"properties":{"shedId":"C05CAM20"}},{"type":"Feature","geometry":{"type":"LineString","coordinates":[[76.66646,11.68155],[76.66623,11.68142],[76.66605,11.68137],[76.66585,11.68125],[76.66563,11.68114],[76.6655,11.68107],[76.66535,11.68092],[76.6652,11.68074],[76.66503,11.6806],[76.66484,11.68042],[76.66473,11.68028]]},"properties":{"shedId":"C05CAM20"}},{"type":"Feature","geometry":{"type":"LineString","coordinates":[[76.663,11.68099],[76.6625,11.68118],[76.66184,11.68127],[76.66137,11.68128],[76.66083,11.68126],[76.66037,11.68131],[76.65998,11.6814]]},"properties":{"name":"Hakkarkatte Yullu","shedId":"C05CAM20"}},{"type":"Feature","geometry":{"type":"LineString","coordinates":[[76.6693,11.68162],[76.66982,11.68156],[76.67006,11.68164],[76.67043,11.68178],[76.67078,11.6819],[76.67116,11.68192],[76.67178,11.68192],[76.67254,11.68182],[76.6727,11.68171],[76.67283,11.6816],[76.673,11.68156],[76.67322,11.68155],[76.67332,11.68155],[76.67342,11.68156],[76.67369,11.68155],[76.67459,11.68112]]},"properties":{"shedId":"C05CAM20"}},{"type":"Feature","geometry":{"type":"LineString","coordinates":[[76.65893,11.68015],[76.65893,11.68037],[76.65903,11.68053],[76.6591,11.68065],[76.65911,11.68081],[76.65906,11.68101],[76.65896,11.68114],[76.65886,11.68126],[76.65873,11.68142],[76.65871,11.68156],[76.65878,11.68191]]},"properties":{"shedId":"C05CAM20"}},{"type":"Feature","geometry":{"type":"LineString","coordinates":[[76.65998,11.6814],[76.65967,11.68148],[76.65878,11.68191]]},"properties":{"name":"Hakkarkatte Yullu","shedId":"C05CAM20"}},{"type":"Feature","geometry":{"type":"LineString","coordinates":[[76.81009,11.68248],[76.81032,11.68423],[76.81049,11.68552]]},"properties":{"shedId":"C05CAM20"}},{"type":"Feature","geometry":{"type":"LineString","coordinates":[[76.81281,11.68342],[76.81181,11.68379],[76.81144,11.68397],[76.81103,11.68423],[76.81076,11.68469],[76.81049,11.68552]]},"properties":{"shedId":"C05CAM20"}},{"type":"Feature","geometry":{"type":"LineString","coordinates":[[76.78155,11.68144],[76.78217,11.68241],[76.7823,11.68285],[76.78238,11.6831],[76.78259,11.68335],[76.78282,11.6836],[76.78309,11.684],[76.78326,11.68434],[76.78335,11.68479],[76.78325,11.68532]]},"properties":{"shedId":"C05CAM20"}},{"type":"Feature","geometry":{"type":"LineString","coordinates":[[76.72661,11.68266],[76.72742,11.68366],[76.72776,11.68402],[76.72797,11.68426],[76.72815,11.68463]]},"properties":{"shedId":"C05CAM20"}},{"type":"Feature","geometry":{"type":"LineString","coordinates":[[76.78982,11.68221],[76.78943,11.68184],[76.78913,11.68166],[76.78894,11.68153],[76.78872,11.68147],[76.78844,11.6815],[76.78815,11.6816],[76.78652,11.68218],[76.78634,11.68232],[76.78631,11.68243],[76.78631,11.68258],[76.78646,11.6828],[76.78705,11.68381],[76.78721,11.68424],[76.78725,11.68465],[76.78725,11.68516],[76.7872,11.68564],[76.78707,11.68589],[76.78676,11.68603],[76.78629,11.68594],[76.78589,11.68575],[76.7856,11.68557],[76.7853,11.68557],[76.78502,11.68561],[76.78479,11.68561],[76.78456,11.68557],[76.78429,11.68541],[76.78408,11.68532],[76.78396,11.68527],[76.78387,11.68526],[76.78359,11.68527],[76.78325,11.68532]]},"properties":{"name":"Gundal","shedId":"C05CAM20"}},{"type":"Feature","geometry":{"type":"LineString","coordinates":[[76.73244,11.68049],[76.73228,11.68102],[76.7322,11.68144],[76.73174,11.68247],[76.73134,11.68342],[76.73079,11.68439],[76.7305,11.6848],[76.73017,11.68499],[76.7299,11.68508],[76.72976,11.68505],[76.72953,11.68496],[76.72924,11.68481],[76.72884,11.68473],[76.72815,11.68463]]},"properties":{"shedId":"C05CAM20"}},{"type":"Feature","geometry":{"type":"LineString","coordinates":[[76.81049,11.68552],[76.81028,11.68697]]},"properties":{"shedId":"C05CAM20"}},{"type":"Feature","geometry":{"type":"LineString","coordinates":[[76.81486,11.68512],[76.81401,11.68552],[76.81307,11.68567],[76.81246,11.68573],[76.81174,11.68595],[76.81129,11.68611],[76.81093,11.68631],[76.81071,11.68653],[76.81028,11.68697]]},"properties":{"shedId":"C05CAM20"}},{"type":"Feature","geometry":{"type":"LineString","coordinates":[[76.65685,11.67905],[76.65566,11.67969],[76.65487,11.68022],[76.65422,11.68063],[76.65391,11.68103],[76.65384,11.68162],[76.65386,11.68207],[76.65394,11.68344]]},"properties":{"shedId":"C05CAM20"}},{"type":"Feature","geometry":{"type":"LineString","coordinates":[[76.65878,11.68191],[76.65861,11.68199],[76.65813,11.68226],[76.65778,11.68234],[76.65751,11.68239],[76.6557,11.68263],[76.65532,11.68275],[76.65495,11.68285],[76.65452,11.68311],[76.65394,11.68344]]},"properties":{"name":"Hakkarkatte Yullu","shedId":"C05CAM20"}},{"type":"Feature","geometry":{"type":"LineString","coordinates":[[76.66417,11.68392],[76.66392,11.68369],[76.66362,11.68344],[76.66344,11.68324],[76.66332,11.68301],[76.66318,11.68274],[76.66302,11.68258],[76.6628,11.68243],[76.66261,11.68226],[76.66239,11.682],[76.6621,11.6818],[76.66184,11.68168],[76.66115,11.68168],[76.66073,11.68165],[76.66032,11.68156],[76.66011,11.68148],[76.65998,11.6814]]},"properties":{"shedId":"C05CAM20"}},{"type":"Feature","geometry":{"type":"LineString","coordinates":[[76.64271,11.67901],[76.64312,11.67945],[76.64353,11.67974],[76.64383,11.67999],[76.64401,11.68035],[76.64422,11.68081],[76.6445,11.68121],[76.64499,11.68175],[76.64554,11.6822],[76.64602,11.68251],[76.64689,11.68298],[76.64742,11.68325],[76.6478,11.68338],[76.64872,11.68355],[76.64896,11.68362]]},"properties":{"shedId":"C05CAM20"}},{"type":"Feature","geometry":{"type":"LineString","coordinates":[[76.64693,11.68002],[76.64748,11.68067],[76.64771,11.6811],[76.64782,11.68164],[76.64797,11.68205],[76.64814,11.68239],[76.64839,11.68265],[76.64865,11.68293],[76.64886,11.68313],[76.64896,11.68362]]},"properties":{"shedId":"C05CAM20"}},{"type":"Feature","geometry":{"type":"LineString","coordinates":[[76.80634,11.68513],[76.80677,11.68575],[76.80715,11.686],[76.8074,11.68612],[76.80858,11.68666],[76.80874,11.6868],[76.80881,11.68692],[76.80881,11.68706],[76.8088,11.68726],[76.80883,11.68751],[76.80893,11.68775],[76.80905,11.68798],[76.80919,11.68817],[76.80933,11.68836]]},"properties":{"shedId":"C05CAM20"}},{"type":"Feature","geometry":{"type":"LineString","coordinates":[[76.81028,11.68697],[76.81004,11.68722],[76.80975,11.68794],[76.80956,11.68816],[76.80933,11.68836]]},"properties":{"shedId":"C05CAM20"}},{"type":"Feature","geometry":{"type":"LineString","coordinates":[[76.67344,11.68569],[76.67365,11.68546],[76.67387,11.68521],[76.67407,11.68506],[76.67415,11.68486],[76.67415,11.68474],[76.67407,11.68459],[76.67411,11.68441],[76.67432,11.68424],[76.67449,11.684],[76.67459,11.68364],[76.67468,11.68309],[76.67485,11.68284],[76.67512,11.68268],[76.6756,11.68248],[76.67595,11.68225],[76.67638,11.6819],[76.67665,11.68161],[76.67701,11.68114]]},"properties":{"shedId":"C05CAM20"}},{"type":"Feature","geometry":{"type":"LineString","coordinates":[[76.63551,11.67846],[76.6353,11.67861],[76.63521,11.67894],[76.63522,11.67931],[76.6355,11.6798],[76.63676,11.68237],[76.63708,11.68325],[76.63711,11.68381],[76.63713,11.6846],[76.63703,11.68518]]},"properties":{"shedId":"C05CAM20"}},{"type":"Feature","geometry":{"type":"LineString","coordinates":[[76.64143,11.68075],[76.64121,11.68257],[76.64103,11.68353],[76.64067,11.68404],[76.64026,11.68441],[76.64001,11.6845],[76.63947,11.68466],[76.63925,11.68467],[76.63889,11.6847],[76.63703,11.68518]]},"properties":{"shedId":"C05CAM20"}},{"type":"Feature","geometry":{"type":"LineString","coordinates":[[76.71322,11.6819],[76.71393,11.68183],[76.71445,11.68172],[76.71483,11.68165],[76.7152,11.68169],[76.71566,11.68176],[76.71624,11.68203],[76.71649,11.68222],[76.71673,11.68237],[76.71702,11.68251],[76.71724,11.68262],[76.7174,11.68275],[76.71753,11.68293],[76.71775,11.68355],[76.71796,11.68387],[76.71812,11.68416],[76.71863,11.68467],[76.71904,11.68489],[76.7197,11.68494],[76.72154,11.6848],[76.72199,11.68492],[76.72233,11.6851],[76.72268,11.68532],[76.72301,11.68549],[76.72345,11.68552],[76.72398,11.68551],[76.72427,11.68557],[76.72455,11.68572],[76.72484,11.68594],[76.72568,11.68681],[76.726,11.68698],[76.72641,11.687],[76.72669,11.68701],[76.72682,11.68711],[76.72684,11.68712],[76.72716,11.68732],[76.72756,11.68743],[76.72791,11.68745],[76.72824,11.68747],[76.7284,11.68756],[76.72871,11.68783]]},"properties":{"shedId":"C05CAM20"}},{"type":"Feature","geometry":{"type":"LineString","coordinates":[[76.72815,11.68463],[76.72848,11.68591],[76.72861,11.68634],[76.72869,11.68687],[76.72873,11.68731],[76.72871,11.68761],[76.72871,11.68783]]},"properties":{"shedId":"C05CAM20"}},{"type":"Feature","geometry":{"type":"LineString","coordinates":[[76.64896,11.68362],[76.64931,11.68373],[76.64997,11.68434],[76.65035,11.68483],[76.65095,11.68626]]},"properties":{"shedId":"C05CAM20"}},{"type":"Feature","geometry":{"type":"LineString","coordinates":[[76.65394,11.68344],[76.65281,11.68407],[76.65215,11.68457],[76.65156,11.68495],[76.65115,11.68534],[76.65099,11.68586],[76.65095,11.68626]]},"properties":{"name":"Hakkarkatte Yullu","shedId":"C05CAM20"}},{"type":"Feature","geometry":{"type":"LineString","coordinates":[[76.8181,11.68503],[76.81857,11.68582],[76.81873,11.68649],[76.81878,11.68716],[76.81849,11.68837],[76.81821,11.68923],[76.81806,11.69038]]},"properties":{"shedId":"C05CAM20"}},{"type":"Feature","geometry":{"type":"LineString","coordinates":[[76.82116,11.68591],[76.82117,11.68598],[76.82116,11.68644],[76.82105,11.68693],[76.82091,11.68744],[76.82078,11.68785],[76.82051,11.68852],[76.82036,11.68875],[76.82009,11.68899],[76.81862,11.69006],[76.81806,11.69038]]},"properties":{"shedId":"C05CAM20"}},{"type":"Feature","geometry":{"type":"LineString","coordinates":[[76.6217,11.67885],[76.62361,11.68063],[76.62551,11.68228],[76.62627,11.68276],[76.62695,11.68342],[76.62756,11.68401],[76.63003,11.68632]]},"properties":{"shedId":"C05CAM20"}},{"type":"Feature","geometry":{"type":"LineString","coordinates":[[76.63078,11.68009],[76.6304,11.68099],[76.63009,11.68155],[76.62984,11.68186],[76.62967,11.68222],[76.62967,11.68273],[76.6298,11.68347],[76.62982,11.68401],[76.62982,11.68457],[76.62997,11.68502],[76.63007,11.68537],[76.63003,11.68632]]},"properties":{"shedId":"C05CAM20"}},{"type":"Feature","geometry":{"type":"LineString","coordinates":[[76.80933,11.68836],[76.80937,11.68851],[76.8094,11.68877],[76.80934,11.68958],[76.80933,11.68997],[76.80942,11.69031],[76.80951,11.69056]]},"properties":{"shedId":"C05CAM20"}},{"type":"Feature","geometry":{"type":"LineString","coordinates":[[76.80597,11.68818],[76.80618,11.68858],[76.80634,11.68904],[76.80648,11.68958],[76.8065,11.68981],[76.80655,11.69002],[76.80666,11.69029],[76.80686,11.69072],[76.80698,11.6909],[76.80722,11.69108],[76.80743,11.69128]]},"properties":{"shedId":"C05CAM20"}},{"type":"Feature","geometry":{"type":"LineString","coordinates":[[76.80951,11.69056],[76.80923,11.69076],[76.80905,11.69084],[76.80895,11.69085],[76.80889,11.69085],[76.80876,11.6908],[76.80872,11.6908],[76.80861,11.69076],[76.80846,11.69074],[76.80838,11.69074],[76.80828,11.69075],[76.80809,11.69084],[76.80762,11.6911],[76.8075,11.6912],[76.80743,11.69128]]},"properties":{"shedId":"C05CAM20"}},{"type":"Feature","geometry":{"type":"LineString","coordinates":[[76.81661,11.68523],[76.81629,11.68613],[76.81601,11.68649],[76.81559,11.68667],[76.81505,11.68695],[76.81449,11.68728],[76.81425,11.6876],[76.81408,11.68823],[76.81392,11.68881],[76.81375,11.68934],[76.81371,11.6897],[76.81363,11.69022],[76.81345,11.69162]]},"properties":{"shedId":"C05CAM20"}},{"type":"Feature","geometry":{"type":"LineString","coordinates":[[76.81806,11.69038],[76.81758,11.69066],[76.81689,11.69091],[76.81632,11.69113],[76.81618,11.69117],[76.81613,11.69116],[76.81606,11.69116],[76.81598,11.69114],[76.81593,11.69112],[76.81592,11.69111],[76.81587,11.69109],[76.81581,11.69109],[76.81579,11.6911],[76.81576,11.69111],[76.81573,11.69113],[76.81571,11.69115],[76.81568,11.69117],[76.81566,11.69119],[76.81563,11.6912],[76.8156,11.69121],[76.81558,11.69121],[76.81554,11.6912],[76.81552,11.69119],[76.81548,11.69118],[76.81545,11.69117],[76.8154,11.69114],[76.81538,11.69114],[76.81535,11.69114],[76.81533,11.69114],[76.81528,11.69115],[76.81523,11.69119],[76.81494,11.69133],[76.81482,11.69135],[76.81473,11.69135],[76.8147,11.69134],[76.81468,11.69132],[76.81466,11.6913],[76.81464,11.69128],[76.81461,11.69124],[76.81455,11.69121],[76.81453,11.6912],[76.8145,11.6912],[76.81431,11.69124],[76.81427,11.69125],[76.81422,11.69126],[76.81415,11.69124],[76.81411,11.69123],[76.81409,11.69123],[76.81405,11.69123],[76.81403,11.69123],[76.81398,11.69124],[76.81393,11.69127],[76.81388,11.6913],[76.81365,11.69146],[76.81354,11.69156],[76.81345,11.69162]]},"properties":{"shedId":"C05CAM20"}},{"type":"Feature","geometry":{"type":"LineString","coordinates":[[76.81345,11.69162],[76.81338,11.69167],[76.8133,11.69168],[76.81325,11.69166],[76.8132,11.69158],[76.81306,11.69131],[76.81287,11.69119],[76.81271,11.69114],[76.81259,11.69112],[76.81252,11.69114],[76.81229,11.6912],[76.81213,11.69128],[76.81197,11.69131],[76.81172,11.69134],[76.81156,11.69133],[76.81134,11.69132],[76.81115,11.69121],[76.81062,11.69088],[76.81041,11.69074],[76.81025,11.69069],[76.8101,11.6906],[76.80997,11.69052],[76.80983,11.69049],[76.80967,11.69051],[76.80951,11.69056]]},"properties":{"shedId":"C05CAM20"}},{"type":"Feature","geometry":{"type":"LineString","coordinates":[[76.63192,11.68399],[76.63245,11.68473],[76.63267,11.68519],[76.63282,11.68586],[76.63292,11.68632],[76.63294,11.68668],[76.63334,11.68773]]},"properties":{"shedId":"C05CAM20"}},{"type":"Feature","geometry":{"type":"LineString","coordinates":[[76.63703,11.68518],[76.63675,11.68554],[76.63644,11.68578],[76.63461,11.6864],[76.63405,11.68687],[76.63368,11.68728],[76.63334,11.68773]]},"properties":{"shedId":"C05CAM20"}},{"type":"Feature","geometry":{"type":"LineString","coordinates":[[76.7531,11.68454],[76.75268,11.68458],[76.75235,11.68463],[76.75194,11.68457],[76.75159,11.68447],[76.74959,11.68355],[76.74924,11.68335],[76.74894,11.68326],[76.74867,11.68326],[76.7467,11.68361],[76.74588,11.68391],[76.74525,11.68415],[76.74496,11.68434],[76.74463,11.68464],[76.74376,11.68605],[76.74358,11.68645],[76.74349,11.68664],[76.74343,11.6868],[76.74332,11.68694],[76.74301,11.68744],[76.74265,11.68786],[76.7425,11.68828],[76.7425,11.68854],[76.74253,11.68869],[76.74254,11.6888],[76.74254,11.68897],[76.74246,11.68925],[76.74245,11.68933],[76.74251,11.68978],[76.74255,11.68992],[76.74257,11.69003],[76.74262,11.69082]]},"properties":{"shedId":"C05CAM20"}},{"type":"Feature","geometry":{"type":"LineString","coordinates":[[76.75658,11.68725],[76.75604,11.68749],[76.75579,11.68761],[76.75544,11.68772],[76.75487,11.68768],[76.75441,11.68769],[76.75378,11.68776],[76.75336,11.68791],[76.75308,11.68807],[76.75197,11.68838],[76.75148,11.68847],[76.75078,11.68847],[76.75045,11.68854],[76.75036,11.68859],[76.7502,11.68866],[76.75006,11.68869],[76.74994,11.68872],[76.74977,11.68874],[76.74964,11.68875],[76.74945,11.68875],[76.74929,11.68873],[76.74909,11.68865],[76.74897,11.6886],[76.74892,11.68859],[76.74877,11.68853],[76.74867,11.68852],[76.74853,11.68852],[76.74839,11.68852],[76.74826,11.68855],[76.74802,11.68865],[76.74776,11.68869],[76.74757,11.68873],[76.74744,11.68881],[76.74741,11.68886],[76.74736,11.68893],[76.74731,11.68901],[76.74728,11.68913],[76.74718,11.68928],[76.74712,11.68938],[76.74709,11.6894],[76.74704,11.68944],[76.747,11.68947],[76.74694,11.68951],[76.74684,11.68959],[76.74682,11.68961],[76.7465,11.68995],[76.74626,11.6901],[76.74612,11.69015],[76.74596,11.69021],[76.74581,11.69026],[76.74573,11.69029],[76.74471,11.69049],[76.7442,11.69066],[76.74377,11.6907],[76.74337,11.69076],[76.74311,11.69077],[76.74262,11.69082]]},"properties":{"shedId":"C05CAM20"}},{"type":"Feature","geometry":{"type":"LineString","coordinates":[[76.67701,11.68114],[76.67755,11.68096],[76.67816,11.68087],[76.67858,11.68087],[76.68,11.68114],[76.68021,11.68122],[76.68028,11.6813],[76.68076,11.68153],[76.6813,11.68203],[76.68149,11.68232],[76.68171,11.68254],[76.68192,11.68264],[76.6834,11.6829],[76.68357,11.68301],[76.68372,11.68312],[76.68461,11.68454],[76.68499,11.68546],[76.68543,11.68609],[76.68582,11.68661],[76.68628,11.68691],[76.68696,11.68699],[76.68725,11.6871],[76.68761,11.68736],[76.68785,11.68773],[76.68883,11.68898],[76.68888,11.6895],[76.68881,11.69004]]},"properties":{"shedId":"C05CAM20"}},{"type":"Feature","geometry":{"type":"LineString","coordinates":[[76.70115,11.68642],[76.70028,11.68646],[76.6995,11.68635],[76.69752,11.68636],[76.69715,11.6863],[76.69665,11.68619],[76.69622,11.68627],[76.69603,11.68643],[76.69593,11.68653],[76.69582,11.68661],[76.69565,11.68666],[76.69552,11.68671],[76.69518,11.68675],[76.69479,11.68684],[76.69443,11.68703],[76.69427,11.68714],[76.69409,11.68728],[76.69371,11.68752],[76.69345,11.68763],[76.69311,11.68765],[76.69278,11.68763],[76.69243,11.68764],[76.69232,11.68766],[76.69224,11.68773],[76.69138,11.68848],[76.69086,11.68879],[76.69039,11.68905],[76.6899,11.68933],[76.68881,11.69004]]},"properties":{"shedId":"C05CAM20"}},{"type":"Feature","geometry":{"type":"LineString","coordinates":[[76.72871,11.68783],[76.72871,11.68793],[76.72872,11.68825],[76.72874,11.68845],[76.72881,11.68858],[76.7289,11.68868],[76.72909,11.6887],[76.72924,11.68874],[76.7294,11.68888],[76.72948,11.68908],[76.72956,11.68925],[76.72964,11.68932],[76.72998,11.68947],[76.73039,11.6897],[76.73134,11.69031],[76.73154,11.69047],[76.73166,11.69067],[76.73171,11.69091],[76.73176,11.69106]]},"properties":{"shedId":"C05CAM20"}},{"type":"Feature","geometry":{"type":"LineString","coordinates":[[76.73854,11.68258],[76.73839,11.68355],[76.73829,11.68385],[76.73819,11.68401],[76.73788,11.68438],[76.73733,11.68498],[76.73656,11.68578],[76.73561,11.68676],[76.73531,11.68705],[76.73508,11.6872],[76.73492,11.68741],[76.73478,11.68769],[76.73468,11.6879],[76.73438,11.68849],[76.73363,11.68913],[76.73325,11.68933],[76.73276,11.68966],[76.73238,11.68993],[76.73225,11.69013],[76.73211,11.69038],[76.73176,11.69106]]},"properties":{"shedId":"C05CAM20"}},{"type":"Feature","geometry":{"type":"LineString","coordinates":[[76.63003,11.68632],[76.63082,11.68706],[76.63142,11.68762],[76.6324,11.68885]]},"properties":{"shedId":"C05CAM20"}},{"type":"Feature","geometry":{"type":"LineString","coordinates":[[76.63334,11.68773],[76.63316,11.68797],[76.6324,11.68885]]},"properties":{"shedId":"C05CAM20"}},{"type":"Feature","geometry":{"type":"LineString","coordinates":[[76.80384,11.68481],[76.80403,11.6865],[76.80409,11.68676],[76.804,11.687],[76.80395,11.68725],[76.80394,11.6875],[76.80394,11.68779],[76.80393,11.68806],[76.80393,11.68829],[76.80397,11.68847],[76.80416,11.6887],[76.8044,11.68898],[76.80453,11.68917],[76.80455,11.68925],[76.80482,11.69099],[76.80481,11.69143],[76.80481,11.69161],[76.80506,11.69205],[76.80523,11.69225],[76.80543,11.69254],[76.80545,11.69279],[76.80563,11.69326]]},"properties":{"shedId":"C05CAM20"}},{"type":"Feature","geometry":{"type":"LineString","coordinates":[[76.80743,11.69128],[76.80742,11.69141],[76.80742,11.69152],[76.80745,11.69162],[76.80742,11.69176],[76.80734,11.69187],[76.8067,11.69246],[76.80655,11.69262],[76.80619,11.69299],[76.80596,11.69315],[76.80591,11.69318],[76.80563,11.69326]]},"properties":{"shedId":"C05CAM20"}},{"type":"Feature","geometry":{"type":"LineString","coordinates":[[76.76651,11.67945],[76.76677,11.67938],[76.76696,11.67933],[76.76713,11.67931],[76.76738,11.67934],[76.76765,11.67941],[76.76786,11.67946],[76.76809,11.67946],[76.76822,11.67945],[76.76828,11.67945],[76.76846,11.67943],[76.76864,11.6794],[76.76881,11.67943],[76.76898,11.67952],[76.76923,11.67979],[76.7694,11.6801],[76.7695,11.68024],[76.76959,11.68029],[76.7697,11.68034],[76.76979,11.68038],[76.76988,11.68046],[76.7701,11.68082],[76.77055,11.68151],[76.77084,11.68174],[76.77093,11.68189],[76.77095,11.68203],[76.77097,11.68219],[76.77102,11.68233],[76.7711,11.68244],[76.77118,11.68249],[76.77185,11.68263],[76.77201,11.68268],[76.77214,11.68274],[76.77224,11.68281],[76.77227,11.68294],[76.77226,11.6831],[76.77222,11.68324],[76.77222,11.68338],[76.77223,11.6835],[76.77227,11.68356],[76.7723,11.68358],[76.77237,11.68363],[76.7728,11.68399],[76.77305,11.68427],[76.77351,11.68491],[76.77361,11.68515],[76.7737,11.68524],[76.77385,11.68532],[76.774,11.68539],[76.77413,11.6855],[76.77426,11.68567],[76.77481,11.6862],[76.77514,11.6865],[76.77528,11.68658],[76.77536,11.6866],[76.77543,11.68659],[76.77563,11.68654],[76.77573,11.68651],[76.77588,11.68651],[76.77601,11.68651],[76.77608,11.68653],[76.77624,11.68663],[76.77628,11.68667],[76.77631,11.68674],[76.77632,11.68686],[76.77626,11.68699],[76.77622,11.68706],[76.7762,11.68711],[76.77616,11.68719],[76.77614,11.68727],[76.77614,11.68733],[76.77616,11.68742],[76.77619,11.68763],[76.77627,11.68787],[76.77639,11.68803],[76.77649,11.6881],[76.77654,11.68822],[76.77666,11.68885],[76.77675,11.68932],[76.77684,11.68976],[76.77687,11.69024],[76.77683,11.69057],[76.77676,11.69078],[76.77645,11.69186],[76.7764,11.69228],[76.77636,11.69269],[76.77632,11.69313]]},"properties":{"shedId":"C05CAM20"}},{"type":"Feature","geometry":{"type":"LineString","coordinates":[[76.78325,11.68532],[76.78237,11.68587],[76.78205,11.68613],[76.78188,11.68635],[76.78174,11.68673],[76.78135,11.6874],[76.78127,11.68785],[76.78123,11.68813],[76.78117,11.68838],[76.78111,11.6885],[76.78106,11.68866],[76.78106,11.68881],[76.7811,11.68897],[76.78121,11.68912],[76.78128,11.68926],[76.78134,11.6894],[76.78138,11.68963],[76.78138,11.68981],[76.78136,11.69005],[76.7813,11.69023],[76.78121,11.6904],[76.78115,11.69054],[76.78111,11.6907],[76.78102,11.69128],[76.7809,11.69149],[76.78069,11.6917],[76.78004,11.69214],[76.77974,11.69237],[76.77942,11.69254],[76.77929,11.69263],[76.77915,11.69268],[76.77871,11.69282],[76.77727,11.69303],[76.77632,11.69313]]},"properties":{"name":"Gundal","shedId":"C05CAM20"}},{"type":"Feature","geometry":{"type":"LineString","coordinates":[[76.76301,11.68835],[76.76311,11.68834],[76.76325,11.68837],[76.76338,11.68845],[76.76374,11.68929],[76.76379,11.68955],[76.76385,11.68978],[76.76392,11.68989],[76.76394,11.68993],[76.76404,11.69005],[76.76411,11.6901],[76.76429,11.69022],[76.76456,11.69036],[76.76475,11.69044],[76.76491,11.69054],[76.76511,11.69065],[76.76533,11.69068],[76.76557,11.69073],[76.7657,11.69078],[76.76579,11.69087],[76.76631,11.69165],[76.76647,11.69188],[76.76658,11.69206],[76.76686,11.69253],[76.76718,11.69307]]},"properties":{"shedId":"C05CAM20"}},{"type":"Feature","geometry":{"type":"LineString","coordinates":[[76.76815,11.68596],[76.76822,11.68654],[76.76827,11.68686],[76.76835,11.68714],[76.76835,11.68759],[76.76831,11.68799],[76.76834,11.68842],[76.76856,11.68895],[76.76869,11.68918],[76.76869,11.68941],[76.76864,11.68963],[76.76854,11.68982],[76.76847,11.6901],[76.76847,11.69027],[76.76846,11.69046],[76.76837,11.69103],[76.76813,11.69164],[76.76789,11.69217],[76.76735,11.6928],[76.76723,11.69295],[76.76718,11.69307]]},"properties":{"shedId":"C05CAM20"}},{"type":"Feature","geometry":{"type":"LineString","coordinates":[[76.59912,11.68567],[76.59903,11.68581],[76.59894,11.68656],[76.59894,11.68711],[76.59906,11.68758],[76.59934,11.688],[76.59948,11.68834],[76.59948,11.68867],[76.59956,11.68947]]},"properties":{"shedId":"C05CAM20"}},{"type":"Feature","geometry":{"type":"LineString","coordinates":[[76.7048,11.69134],[76.70506,11.69161],[76.70538,11.69183],[76.7055,11.692]]},"properties":{"shedId":"C05CAM20"}},{"type":"Feature","geometry":{"type":"LineString","coordinates":[[76.70566,11.69048],[76.70569,11.69086],[76.70565,11.69127],[76.70562,11.69149],[76.70561,11.69168],[76.70559,11.69187],[76.7055,11.692]]},"properties":{"shedId":"C05CAM20"}},{"type":"Feature","geometry":{"type":"LineString","coordinates":[[76.59081,11.68668],[76.59142,11.68671],[76.59189,11.68693],[76.59238,11.68715],[76.59266,11.68717],[76.5929,11.68718],[76.59329,11.6873],[76.59398,11.68765],[76.5943,11.68796],[76.59489,11.68847],[76.5951,11.68874],[76.59538,11.68894],[76.59607,11.68936],[76.59662,11.68959],[76.59691,11.68966],[76.59756,11.68969]]},"properties":{"shedId":"C05CAM20"}},{"type":"Feature","geometry":{"type":"LineString","coordinates":[[76.59756,11.68969],[76.59784,11.68941],[76.59856,11.68935],[76.59956,11.68947]]},"properties":{"name":"Doddamavina Halla","shedId":"C05CAM20"}},{"type":"Feature","geometry":{"type":"LineString","coordinates":[[76.59956,11.68947],[76.60168,11.68972],[76.60237,11.69]]},"properties":{"name":"Doddamavina Halla","shedId":"C05CAM20"}},{"type":"Feature","geometry":{"type":"LineString","coordinates":[[76.60238,11.68665],[76.60257,11.68737],[76.60257,11.68841],[76.60255,11.68883],[76.6025,11.68936],[76.60237,11.69]]},"properties":{"shedId":"C05CAM20"}},{"type":"Feature","geometry":{"type":"LineString","coordinates":[[76.71738,11.69143],[76.7177,11.6917],[76.71797,11.69186],[76.71819,11.69198],[76.71843,11.69219],[76.71864,11.6925],[76.71879,11.69281]]},"properties":{"shedId":"C05CAM20"}},{"type":"Feature","geometry":{"type":"LineString","coordinates":[[76.71789,11.69079],[76.71801,11.69101],[76.71834,11.69134],[76.71861,11.69153],[76.71885,11.6918],[76.71896,11.6921],[76.71893,11.69232],[76.71879,11.69281]]},"properties":{"shedId":"C05CAM20"}},{"type":"Feature","geometry":{"type":"LineString","coordinates":[[76.76718,11.69307],[76.76716,11.69327],[76.76716,11.69345],[76.76724,11.69353],[76.76735,11.69358],[76.76744,11.6936],[76.76751,11.69366],[76.76754,11.69374],[76.76758,11.69416],[76.76764,11.69431],[76.76773,11.69438],[76.76787,11.69446]]},"properties":{"shedId":"C05CAM20"}},{"type":"Feature","geometry":{"type":"LineString","coordinates":[[76.77306,11.69007],[76.77267,11.69048],[76.77228,11.69077],[76.77196,11.69106],[76.77164,11.69159],[76.77108,11.69227],[76.7708,11.6926],[76.77052,11.69282],[76.76936,11.69338],[76.76901,11.69364],[76.76895,11.69374],[76.76883,11.69384],[76.76874,11.69392],[76.76862,11.694],[76.76844,11.69413],[76.76787,11.69446]]},"properties":{"shedId":"C05CAM20"}},{"type":"Feature","geometry":{"type":"LineString","coordinates":[[76.70389,11.69157],[76.70392,11.69184],[76.70394,11.69203],[76.70399,11.6922],[76.70408,11.69229],[76.70417,11.69232],[76.70426,11.69236],[76.70435,11.69245],[76.7044,11.69256],[76.70452,11.69267],[76.70472,11.69276],[76.705,11.69281],[76.70524,11.69286],[76.70542,11.69294],[76.70583,11.69306]]},"properties":{"shedId":"C05CAM20"}},{"type":"Feature","geometry":{"type":"LineString","coordinates":[[76.7055,11.692],[76.70562,11.69217],[76.70577,11.69248],[76.70582,11.69278],[76.70583,11.69306]]},"properties":{"shedId":"C05CAM20"}},{"type":"Feature","geometry":{"type":"LineString","coordinates":[[76.70646,11.69223],[76.70653,11.6924],[76.70663,11.6926],[76.70668,11.69274],[76.70682,11.69289],[76.70692,11.693],[76.7071,11.69311],[76.7072,11.69319]]},"properties":{"shedId":"C05CAM20"}},{"type":"Feature","geometry":{"type":"LineString","coordinates":[[76.70685,11.69046],[76.70695,11.6909],[76.707,11.69121],[76.70714,11.69149],[76.70729,11.69199],[76.70729,11.69233],[76.70722,11.69252],[76.7072,11.69267],[76.7072,11.69282],[76.7072,11.69319]]},"properties":{"shedId":"C05CAM20"}},{"type":"Feature","geometry":{"type":"LineString","coordinates":[[76.65095,11.68626],[76.65091,11.68656],[76.65097,11.68727],[76.65127,11.68812],[76.65148,11.68858],[76.65188,11.68905],[76.65213,11.68947],[76.65219,11.68993],[76.65217,11.69034],[76.65219,11.69088],[76.65257,11.69176],[76.65279,11.69231]]},"properties":{"name":"Hakkarkatte Yullu","shedId":"C05CAM20"}},{"type":"Feature","geometry":{"type":"LineString","coordinates":[[76.64374,11.68521],[76.64307,11.68642],[76.64269,11.68719],[76.64268,11.68757],[76.6427,11.68793],[76.6428,11.68834],[76.64302,11.6891],[76.6431,11.68959],[76.64324,11.69],[76.64354,11.69039],[76.64385,11.69062],[76.64413,11.69075],[76.64595,11.69125],[76.64746,11.6915],[76.64924,11.69194],[76.65021,11.69232],[76.65075,11.69243],[76.65139,11.69243],[76.65279,11.69231]]},"properties":{"shedId":"C05CAM20"}},{"type":"Feature","geometry":{"type":"LineString","coordinates":[[76.79677,11.68964],[76.79623,11.69019],[76.79551,11.69075],[76.79539,11.69087],[76.79526,11.69105],[76.79505,11.69125],[76.79476,11.69141],[76.79401,11.6918],[76.79386,11.69188],[76.79375,11.69196],[76.79369,11.69206],[76.79362,11.6922],[76.79356,11.69238],[76.79349,11.69257],[76.79337,11.69356],[76.79322,11.69401],[76.79292,11.69432],[76.79239,11.69533],[76.79232,11.69568],[76.79233,11.69579]]},"properties":{"shedId":"C05CAM20"}},{"type":"Feature","geometry":{"type":"LineString","coordinates":[[76.59423,11.69125],[76.59486,11.69115],[76.59617,11.69115],[76.59699,11.69112],[76.59711,11.69103],[76.5975,11.69064],[76.5975,11.69011],[76.59756,11.68969]]},"properties":{"name":"Doddamavina Halla","shedId":"C05CAM20"}},{"type":"Feature","geometry":{"type":"LineString","coordinates":[[76.68881,11.69004],[76.68858,11.69039],[76.68835,11.69077],[76.68823,11.69098],[76.68811,11.69119],[76.68807,11.69138],[76.68807,11.69153],[76.68809,11.69212],[76.68828,11.69282],[76.68847,11.69315],[76.68871,11.69341],[76.68888,11.69354]]},"properties":{"shedId":"C05CAM20"}},{"type":"Feature","geometry":{"type":"LineString","coordinates":[[76.6324,11.68885],[76.63202,11.68929],[76.63175,11.68999],[76.63167,11.69069],[76.63171,11.69149],[76.63184,11.69227]]},"properties":{"shedId":"C05CAM20"}},{"type":"Feature","geometry":{"type":"LineString","coordinates":[[76.61611,11.68003],[76.61664,11.68047],[76.61686,11.68097],[76.61696,11.68127],[76.61717,11.68162],[76.61814,11.68228],[76.61867,11.68247],[76.61916,11.68268],[76.61966,11.68295],[76.62038,11.68374],[76.62074,11.68447],[76.62104,11.68532],[76.62121,11.68614],[76.62145,11.68672],[76.62181,11.68744],[76.62245,11.68827],[76.62286,11.68877],[76.6235,11.68903],[76.62423,11.68936],[76.6249,11.68946],[76.62545,11.68976],[76.62602,11.69013],[76.62642,11.69065],[76.62753,11.69177],[76.62793,11.692],[76.62861,11.69217],[76.62943,11.69225],[76.63016,11.69219],[76.63184,11.69227]]},"properties":{"shedId":"C05CAM20"}},{"type":"Feature","geometry":{"type":"LineString","coordinates":[[76.67095,11.68751],[76.67031,11.68897],[76.67027,11.68937],[76.67014,11.69064],[76.67002,11.69106],[76.66984,11.6914],[76.66956,11.69187],[76.66928,11.69216],[76.66901,11.69243],[76.66882,11.69272],[76.66855,11.69331]]},"properties":{"shedId":"C05CAM20"}},{"type":"Feature","geometry":{"type":"LineString","coordinates":[[76.59237,11.69171],[76.59369,11.69135],[76.59423,11.69125]]},"properties":{"name":"Doddamavina Halla","shedId":"C05CAM20"}},{"type":"Feature","geometry":{"type":"LineString","coordinates":[[76.6746,11.68998],[76.67481,11.69141],[76.67486,11.69219],[76.67486,11.69247],[76.67474,11.69278],[76.67446,11.69303],[76.67363,11.69334],[76.67292,11.69368],[76.67218,11.69385],[76.67137,11.69386],[76.67071,11.69382],[76.66999,11.69367],[76.66955,11.69352],[76.6693,11.69347],[76.66855,11.69331]]},"properties":{"shedId":"C05CAM20"}},{"type":"Feature","geometry":{"type":"LineString","coordinates":[[76.70583,11.69306],[76.7059,11.69344],[76.70619,11.69415],[76.70633,11.69437],[76.70646,11.69446],[76.70669,11.69455],[76.7069,11.69459],[76.70705,11.69468],[76.7071,11.69478]]},"properties":{"shedId":"C05CAM20"}},{"type":"Feature","geometry":{"type":"LineString","coordinates":[[76.7072,11.69319],[76.70721,11.69411],[76.70723,11.69436],[76.70722,11.69455],[76.7071,11.69478]]},"properties":{"shedId":"C05CAM20"}},{"type":"Feature","geometry":{"type":"LineString","coordinates":[[76.717,11.69208],[76.71724,11.69242],[76.71742,11.69276],[76.71763,11.69303],[76.7178,11.69317],[76.71803,11.69326],[76.71829,11.69329],[76.71844,11.69338],[76.71849,11.69355],[76.71849,11.69399],[76.71861,11.69419],[76.71878,11.69433],[76.71892,11.69452],[76.71903,11.69475],[76.71918,11.69497],[76.7197,11.69524]]},"properties":{"shedId":"C05CAM20"}},{"type":"Feature","geometry":{"type":"LineString","coordinates":[[76.71879,11.69281],[76.71883,11.69288],[76.71908,11.69317],[76.71926,11.69336],[76.71942,11.69361],[76.71955,11.69395],[76.7196,11.69428],[76.71966,11.69504],[76.7197,11.69524]]},"properties":{"shedId":"C05CAM20"}},{"type":"Feature","geometry":{"type":"LineString","coordinates":[[76.78671,11.69689],[76.78789,11.69651],[76.78818,11.69644],[76.78848,11.69648],[76.78872,11.69663],[76.78893,11.69675],[76.78929,11.69677],[76.79082,11.69621],[76.79233,11.69579]]},"properties":{"shedId":"C05CAM20"}},{"type":"Feature","geometry":{"type":"LineString","coordinates":[[76.6776,11.69313],[76.67844,11.69314],[76.67921,11.69316],[76.67961,11.6933],[76.68003,11.69352],[76.68023,11.69356],[76.68038,11.69365],[76.68057,11.69378],[76.68109,11.69458],[76.68139,11.695],[76.68203,11.69545]]},"properties":{"shedId":"C05CAM20"}},{"type":"Feature","geometry":{"type":"LineString","coordinates":[[76.68203,11.69545],[76.68307,11.69532],[76.68343,11.69523],[76.68364,11.69515],[76.68431,11.69476],[76.68463,11.69467],[76.68493,11.69468],[76.68508,11.69473],[76.68522,11.6948],[76.68532,11.69483],[76.68544,11.69485],[76.68574,11.69483],[76.68622,11.6947],[76.68671,11.69465],[76.6874,11.69446],[76.68781,11.69423],[76.68828,11.6939],[76.68888,11.69354]]},"properties":{"shedId":"C05CAM20"}},{"type":"Feature","geometry":{"type":"LineString","coordinates":[[76.67996,11.69559],[76.68031,11.69552],[76.6809,11.69554],[76.68138,11.69554],[76.68192,11.69546],[76.68203,11.69545]]},"properties":{"shedId":"C05CAM20"}},{"type":"Feature","geometry":{"type":"LineString","coordinates":[[76.6752,11.69507],[76.67599,11.69531],[76.67659,11.69554],[76.67714,11.69559],[76.67757,11.69557],[76.67792,11.69558],[76.67827,11.69569],[76.67862,11.69576],[76.67911,11.69575],[76.67996,11.69559]]},"properties":{"shedId":"C05CAM20"}},{"type":"Feature","geometry":{"type":"LineString","coordinates":[[76.6993,11.69454],[76.69944,11.69461],[76.69961,11.69475],[76.69981,11.695],[76.70001,11.69526],[76.70019,11.69562],[76.7003,11.69581],[76.7004,11.69593],[76.70051,11.69603],[76.70065,11.69615],[76.70085,11.69632]]},"properties":{"shedId":"C05CAM20"}},{"type":"Feature","geometry":{"type":"LineString","coordinates":[[76.70112,11.69318],[76.70136,11.69425],[76.70142,11.69451],[76.70141,11.6948],[76.70141,11.69525],[76.70126,11.69556],[76.70102,11.69585],[76.70087,11.69614],[76.70085,11.69632]]},"properties":{"shedId":"C05CAM20"}},{"type":"Feature","geometry":{"type":"LineString","coordinates":[[76.7071,11.69478],[76.70734,11.69552],[76.70737,11.69584],[76.70741,11.69611],[76.7074,11.69661]]},"properties":{"shedId":"C05CAM20"}},{"type":"Feature","geometry":{"type":"LineString","coordinates":[[76.70411,11.68041],[76.7043,11.68081],[76.70442,11.68115],[76.70457,11.6814],[76.70471,11.68164],[76.70479,11.68191],[76.70484,11.68212],[76.70492,11.68237],[76.70508,11.68258],[76.70613,11.68368],[76.70662,11.68399],[76.70729,11.68418],[76.70912,11.68471],[76.7097,11.6852],[76.7101,11.68546],[76.71062,11.68563],[76.71121,11.68565],[76.71279,11.6858],[76.71318,11.68603],[76.71357,11.68618],[76.71384,11.68629],[76.71399,11.6864],[76.71416,11.68652],[76.7143,11.68671],[76.71433,11.68703],[76.71429,11.68785],[76.71419,11.68817],[76.71389,11.68861],[76.71362,11.68893],[76.7131,11.68931],[76.71268,11.68957],[76.71241,11.68974],[76.71172,11.69029],[76.7114,11.69067],[76.71102,11.69137],[76.71086,11.69203],[76.71052,11.69267],[76.71006,11.69333],[76.70925,11.69417],[76.70873,11.6944],[76.7084,11.69461],[76.70823,11.69483],[76.70812,11.69517],[76.70812,11.69547],[76.70805,11.69575],[76.70791,11.69596],[76.7077,11.69614],[76.70753,11.69635],[76.7074,11.69661]]},"properties":{"shedId":"C05CAM20"}},{"type":"Feature","geometry":{"type":"LineString","coordinates":[[76.76787,11.69446],[76.76792,11.69461],[76.76794,11.695],[76.76795,11.69517],[76.76792,11.69525],[76.76788,11.69529],[76.76778,11.69537],[76.7677,11.6954],[76.76738,11.69558],[76.76729,11.69577],[76.76733,11.69594],[76.76735,11.69612],[76.76733,11.69632],[76.76724,11.69653],[76.76704,11.69686],[76.76687,11.69708],[76.76674,11.69733],[76.76667,11.69753],[76.76663,11.69777],[76.7666,11.6983]]},"properties":{"shedId":"C05CAM20"}},{"type":"Feature","geometry":{"type":"LineString","coordinates":[[76.77632,11.69313],[76.77522,11.69335],[76.77436,11.69356],[76.77372,11.69384],[76.77352,11.6941],[76.77333,11.69432],[76.77295,11.69463],[76.77261,11.69484],[76.77124,11.69548],[76.77038,11.69589],[76.77005,11.69613],[76.76994,11.69628],[76.76986,11.69654],[76.76975,11.69685],[76.7696,11.69716],[76.7694,11.69746],[76.76919,11.69772],[76.76892,11.69792],[76.76868,11.69806],[76.76836,11.69816],[76.76819,11.69815],[76.76808,11.69814],[76.76789,11.69807],[76.76776,11.69797],[76.7677,11.69793],[76.7676,11.69792],[76.76744,11.69798],[76.76685,11.69823],[76.7666,11.6983]]},"properties":{"name":"Gundal","shedId":"C05CAM20"}},{"type":"Feature","geometry":{"type":"LineString","coordinates":[[76.71394,11.6957],[76.71411,11.69596],[76.71423,11.69619],[76.71433,11.69636],[76.71448,11.6965],[76.71461,11.6966],[76.71477,11.6968],[76.71493,11.69697],[76.71511,11.69707],[76.71542,11.69716]]},"properties":{"shedId":"C05CAM20"}},{"type":"Feature","geometry":{"type":"LineString","coordinates":[[76.71444,11.68914],[76.71462,11.68926],[76.71474,11.68945],[76.71513,11.69054],[76.71519,11.69086],[76.71526,11.69121],[76.71526,11.69143],[76.71521,11.69164],[76.71502,11.69204],[76.71488,11.69214],[76.71481,11.69223],[76.71479,11.69233],[76.71479,11.69243],[76.71493,11.69333],[76.71508,11.69442],[76.71516,11.69546],[76.71526,11.69587],[76.71532,11.69617],[76.71537,11.69634],[76.71543,11.69645],[76.71552,11.69653],[76.71558,11.69659],[76.71562,11.69664],[76.71563,11.69673],[76.71563,11.69679],[76.71558,11.69689],[76.71543,11.69708],[76.71542,11.69716]]},"properties":{"shedId":"C05CAM20"}},{"type":"Feature","geometry":{"type":"LineString","coordinates":[[76.70429,11.69426],[76.7045,11.69425],[76.7047,11.69437],[76.70483,11.69455],[76.70483,11.69471],[76.70475,11.69483],[76.70474,11.69503],[76.70478,11.69551],[76.70493,11.69573],[76.70507,11.69585],[76.70539,11.69606],[76.70561,11.69632],[76.70574,11.69651],[76.70591,11.69667],[76.70615,11.69675],[76.70642,11.69688],[76.70662,11.697],[76.70682,11.6971],[76.70713,11.6972]]},"properties":{"shedId":"C05CAM20"}},{"type":"Feature","geometry":{"type":"LineString","coordinates":[[76.7074,11.69661],[76.70716,11.69702],[76.70713,11.6972]]},"properties":{"shedId":"C05CAM20"}},{"type":"Feature","geometry":{"type":"LineString","coordinates":[[76.71542,11.69716],[76.71542,11.69728],[76.71541,11.69743],[76.71539,11.69776]]},"properties":{"shedId":"C05CAM20"}},{"type":"Feature","geometry":{"type":"LineString","coordinates":[[76.65279,11.69231],[76.65333,11.69363],[76.65384,11.6946],[76.65428,11.69539],[76.65459,11.69593],[76.65484,11.69649]]},"properties":{"name":"Hakkarkatte Yullu","shedId":"C05CAM20"}},{"type":"Feature","geometry":{"type":"LineString","coordinates":[[76.66697,11.68329],[76.66606,11.68535],[76.66512,11.68714],[76.66443,11.68777],[76.6638,11.68811],[76.66343,11.68811],[76.66274,11.68796],[76.66211,11.68783],[76.66189,11.68781],[76.66102,11.68781],[76.6605,11.68798],[76.65994,11.68837],[76.65957,11.68865],[76.65911,11.68897],[76.65818,11.68927],[76.657,11.68939],[76.65666,11.68949],[76.6564,11.68968],[76.65627,11.68984],[76.65618,11.69],[76.65575,11.69165],[76.65562,11.69218],[76.65549,11.69325],[76.65523,11.69447],[76.65484,11.69649]]},"properties":{"shedId":"C05CAM20"}},{"type":"Feature","geometry":{"type":"LineString","coordinates":[[76.71682,11.6982],[76.71667,11.6982],[76.71639,11.6982],[76.71604,11.69806],[76.71588,11.69796],[76.71572,11.69785],[76.71554,11.6978],[76.71539,11.69776]]},"properties":{"shedId":"C05CAM20"}},{"type":"Feature","geometry":{"type":"LineString","coordinates":[[76.60237,11.69],[76.60262,11.69009],[76.60328,11.6908],[76.6052,11.69339],[76.60604,11.69453],[76.60638,11.69585]]},"properties":{"name":"Doddamavina Halla","shedId":"C05CAM20"}},{"type":"Feature","geometry":{"type":"LineString","coordinates":[[76.60927,11.69245],[76.60913,11.69313],[76.60895,11.69374],[76.60865,11.69413],[76.60791,11.69499],[76.60729,11.69544],[76.60701,11.6956],[76.60638,11.69585]]},"properties":{"shedId":"C05CAM20"}},{"type":"Feature","geometry":{"type":"LineString","coordinates":[[76.67637,11.69783],[76.67765,11.69735],[76.67882,11.69686],[76.67937,11.69653],[76.67962,11.69613],[76.67996,11.69559]]},"properties":{"shedId":"C05CAM20"}},{"type":"Feature","geometry":{"type":"LineString","coordinates":[[76.59642,11.69558],[76.59752,11.69553],[76.59944,11.69558],[76.60028,11.69557],[76.60161,11.69553],[76.60335,11.69574],[76.60424,11.69603],[76.60471,11.69635],[76.60539,11.69668],[76.60618,11.69705]]},"properties":{"shedId":"C05CAM20"}},{"type":"Feature","geometry":{"type":"LineString","coordinates":[[76.60638,11.69585],[76.60626,11.69671],[76.60618,11.69705]]},"properties":{"name":"Doddamavina Halla","shedId":"C05CAM20"}},{"type":"Feature","geometry":{"type":"LineString","coordinates":[[76.59191,11.69728],[76.59189,11.69623],[76.59186,11.69514],[76.59186,11.6941],[76.59208,11.69321],[76.59213,11.69267],[76.59237,11.69171]]},"properties":{"shedId":"C05CAM20"}},{"type":"Feature","geometry":{"type":"LineString","coordinates":[[76.7666,11.6983],[76.7665,11.69833],[76.76631,11.69837],[76.76622,11.69839],[76.76618,11.69844],[76.76619,11.69853],[76.76624,11.69862],[76.76627,11.69871],[76.7663,11.69884],[76.76629,11.69895],[76.76625,11.69903],[76.76616,11.69912],[76.76539,11.69946],[76.76504,11.69961],[76.76492,11.69967],[76.76486,11.69975],[76.76482,11.69985],[76.76482,11.70003],[76.76484,11.70072],[76.76478,11.701],[76.76468,11.70133],[76.76455,11.70163]]},"properties":{"name":"Gundal","shedId":"C05CAM20"}},{"type":"Feature","geometry":{"type":"LineString","coordinates":[[76.77082,11.70051],[76.76975,11.7007],[76.76897,11.70086],[76.76856,11.70093],[76.76843,11.70093],[76.7682,11.70098],[76.76722,11.70112],[76.76709,11.7011],[76.767,11.70111],[76.76681,11.70107],[76.76668,11.70102],[76.76661,11.70101],[76.76645,11.70094],[76.76619,11.70088],[76.76608,11.70086],[76.76572,11.70083],[76.76566,11.70086],[76.76559,11.7009],[76.76556,11.70098],[76.76556,11.70108],[76.76558,11.70141],[76.76558,11.70149],[76.76554,11.70155],[76.76549,11.70158],[76.76539,11.7016],[76.76518,11.70161],[76.76455,11.70163]]},"properties":{"shedId":"C05CAM20"}},{"type":"Feature","geometry":{"type":"LineString","coordinates":[[76.72325,11.69596],[76.72335,11.69693],[76.72343,11.69725],[76.72361,11.69755],[76.72381,11.69776],[76.7241,11.69794],[76.72439,11.69819],[76.72455,11.69855],[76.72521,11.69988],[76.72533,11.70086],[76.72572,11.70264]]},"properties":{"shedId":"C05CAM20"}},{"type":"Feature","geometry":{"type":"LineString","coordinates":[[76.73176,11.69106],[76.73179,11.69119],[76.73193,11.69154],[76.73227,11.69197],[76.73244,11.69212],[76.7325,11.69226],[76.73252,11.69234],[76.73254,11.69257],[76.73245,11.69291],[76.73229,11.69351],[76.73226,11.69408],[76.73224,11.69453],[76.73222,11.69475],[76.73216,11.69488],[76.73208,11.69516],[76.73206,11.69533],[76.73186,11.69575],[76.73155,11.69601],[76.73126,11.6962],[76.73098,11.69669],[76.73046,11.69758],[76.72972,11.69851],[76.72951,11.69919],[76.72949,11.69975],[76.72939,11.69998],[76.72922,11.70028],[76.72889,11.70054],[76.72834,11.7009],[76.72806,11.70114],[76.72794,11.70138],[76.72784,11.70162],[76.72769,11.70181],[76.72744,11.70193],[76.72608,11.70238],[76.72572,11.70264]]},"properties":{"shedId":"C05CAM20"}},{"type":"Feature","geometry":{"type":"LineString","coordinates":[[76.59307,11.69958],[76.59334,11.69878],[76.59332,11.69766],[76.59336,11.69635],[76.59358,11.69509],[76.59376,11.69408],[76.59373,11.69342],[76.5938,11.69253],[76.59395,11.69195],[76.59423,11.69125]]},"properties":{"shedId":"C05CAM20"}},{"type":"Feature","geometry":{"type":"LineString","coordinates":[[76.60618,11.69705],[76.60563,11.69924],[76.60557,11.70003]]},"properties":{"name":"Doddamavina Halla","shedId":"C05CAM20"}},{"type":"Feature","geometry":{"type":"LineString","coordinates":[[76.7197,11.69524],[76.71991,11.6963],[76.71992,11.69656],[76.72002,11.69679],[76.72021,11.69702],[76.72042,11.69723],[76.7212,11.69799],[76.72194,11.69862],[76.72224,11.69883],[76.72244,11.69919],[76.7226,11.69959],[76.7231,11.70071],[76.72336,11.70118],[76.7236,11.70154],[76.72385,11.70205],[76.72417,11.70246],[76.72433,11.70281],[76.72458,11.70392]]},"properties":{"shedId":"C05CAM20"}},{"type":"Feature","geometry":{"type":"LineString","coordinates":[[76.72572,11.70264],[76.72545,11.70292],[76.72513,11.70333],[76.72466,11.70379],[76.72458,11.70392]]},"properties":{"shedId":"C05CAM20"}},{"type":"Feature","geometry":{"type":"LineString","coordinates":[[76.59549,11.70062],[76.59712,11.70064],[76.59853,11.7008],[76.60018,11.70099],[76.60165,11.70091],[76.60282,11.70099],[76.60455,11.70168]]},"properties":{"shedId":"C05CAM20"}},{"type":"Feature","geometry":{"type":"LineString","coordinates":[[76.60455,11.70168],[76.60455,11.70168],[76.60557,11.70003]]},"properties":{"shedId":"C05CAM20"}},{"type":"Feature","geometry":{"type":"LineString","coordinates":[[76.7569,11.69297],[76.75686,11.69395],[76.75687,11.69489],[76.7569,11.69527],[76.75689,11.6954],[76.75688,11.69544],[76.75687,11.69546],[76.75684,11.69548],[76.7568,11.69549],[76.75624,11.69549],[76.75621,11.69552],[76.75619,11.69554],[76.75616,11.69559],[76.75603,11.69597],[76.75592,11.69609],[76.75576,11.69617],[76.75535,11.69623],[76.75525,11.69626],[76.75518,11.69633],[76.75509,11.69653],[76.755,11.6973],[76.75501,11.69764],[76.75506,11.6979],[76.75511,11.69812],[76.75533,11.69901],[76.75553,11.69946],[76.75571,11.69965],[76.75589,11.69979],[76.75622,11.69993],[76.75639,11.70001],[76.75646,11.70006],[76.7565,11.70013],[76.7565,11.70023],[76.75646,11.70037],[76.75643,11.70043],[76.7564,11.70047],[76.75635,11.70056],[76.75635,11.70064],[76.75639,11.70073],[76.75649,11.70096],[76.7565,11.70149],[76.75646,11.70206],[76.75648,11.70268],[76.75632,11.70324],[76.75632,11.70345],[76.75635,11.70367],[76.75645,11.70416],[76.75653,11.7047],[76.75658,11.7053],[76.75665,11.70542],[76.75671,11.70548],[76.75676,11.70553],[76.75693,11.70562],[76.75707,11.70576],[76.75716,11.70598],[76.75726,11.70629],[76.75749,11.70665]]},"properties":{"shedId":"C05CAM20"}},{"type":"Feature","geometry":{"type":"LineString","coordinates":[[76.76455,11.70163],[76.76431,11.70218],[76.76416,11.70246],[76.76394,11.70262],[76.76366,11.70271],[76.76327,11.70271],[76.76304,11.70271],[76.76295,11.70274],[76.7629,11.7028],[76.76286,11.70294],[76.76279,11.70373],[76.76277,11.70396],[76.7628,11.70414],[76.76283,11.70429],[76.76283,11.70444],[76.76279,11.70465],[76.76274,11.70487],[76.76269,11.705],[76.76258,11.70509],[76.76246,11.70513],[76.76216,11.70514],[76.76185,11.70505],[76.76169,11.70496],[76.76156,11.70485],[76.76149,11.70475],[76.76137,11.70465],[76.76121,11.70462],[76.76083,11.70464],[76.76068,11.70475],[76.76048,11.70492],[76.76007,11.7051],[76.75968,11.70525],[76.75925,11.70551],[76.75882,11.70569],[76.75854,11.70582],[76.75843,11.70596],[76.75836,11.70611],[76.75831,11.70619],[76.75821,11.70628],[76.75806,11.70632],[76.75768,11.7065],[76.75749,11.70665]]},"properties":{"name":"Gundal","shedId":"C05CAM20"}},{"type":"Feature","geometry":{"type":"LineString","coordinates":[[76.79233,11.69579],[76.79236,11.69615],[76.7926,11.69703],[76.79263,11.6973],[76.79258,11.69763],[76.79264,11.69785],[76.79266,11.69798],[76.79269,11.69807],[76.79345,11.69951],[76.79356,11.6997],[76.79364,11.6999],[76.79365,11.70008],[76.79363,11.70024],[76.79361,11.70036],[76.79362,11.7006],[76.79374,11.70093],[76.79376,11.70108],[76.79375,11.70117],[76.79373,11.70123],[76.79362,11.70148],[76.79318,11.70204],[76.79313,11.70224],[76.79312,11.70236],[76.79312,11.70249],[76.7931,11.70261],[76.7931,11.70266],[76.79298,11.70355],[76.79282,11.7038],[76.79248,11.70404],[76.79231,11.70413],[76.7922,11.70421],[76.79181,11.70465],[76.7917,11.70495],[76.79163,11.70522],[76.79134,11.70646],[76.7913,11.70778]]},"properties":{"shedId":"C05CAM20"}},{"type":"Feature","geometry":{"type":"LineString","coordinates":[[76.80563,11.69326],[76.80526,11.69338],[76.80461,11.6936],[76.80446,11.69368],[76.80434,11.69381],[76.80433,11.69391],[76.80435,11.69406],[76.80455,11.69446],[76.80462,11.6946],[76.80465,11.69471],[76.80466,11.69504],[76.80464,11.69657],[76.80461,11.69755],[76.80416,11.69958],[76.80404,11.70027],[76.804,11.70063],[76.80376,11.70107],[76.80356,11.70127],[76.80331,11.70139],[76.80298,11.70141],[76.80225,11.70139],[76.80187,11.70155],[76.80173,11.70168],[76.80141,11.70229],[76.80135,11.70271],[76.80134,11.70302],[76.80137,11.70334],[76.80138,11.70364],[76.80129,11.70391],[76.80124,11.70403],[76.80118,11.70412],[76.80106,11.70424],[76.8009,11.70438],[76.79986,11.70478],[76.7996,11.70485],[76.7994,11.70499],[76.79929,11.70519],[76.79891,11.70589],[76.79882,11.70609],[76.79875,11.70617],[76.7987,11.7062],[76.79863,11.70624],[76.79854,11.70628],[76.79848,11.70629],[76.7984,11.7063],[76.79784,11.70644],[76.79698,11.70664],[76.79644,11.70673],[76.79588,11.70682],[76.79461,11.707],[76.7941,11.707],[76.79321,11.70697],[76.79228,11.70688],[76.79189,11.70707],[76.7916,11.70736],[76.7913,11.70778]]},"properties":{"shedId":"C05CAM20"}},{"type":"Feature","geometry":{"type":"LineString","coordinates":[[76.58564,11.70497],[76.58566,11.70405],[76.58484,11.70171],[76.58435,11.70042],[76.58364,11.69947],[76.58307,11.69868],[76.58278,11.69787],[76.58295,11.6967],[76.58338,11.69566],[76.58427,11.69483],[76.58609,11.69363],[76.58811,11.69287],[76.59237,11.69171]]},"properties":{"name":"Doddamavina Halla","shedId":"C05CAM20"}},{"type":"Feature","geometry":{"type":"LineString","coordinates":[[76.59474,11.70399],[76.5965,11.70446],[76.5984,11.7047],[76.60004,11.70493],[76.6017,11.70552]]},"properties":{"shedId":"C05CAM20"}},{"type":"Feature","geometry":{"type":"LineString","coordinates":[[76.6017,11.70552],[76.6023,11.70482],[76.6039,11.70227],[76.60455,11.70168]]},"properties":{"shedId":"C05CAM20"}},{"type":"Feature","geometry":{"type":"LineString","coordinates":[[76.68888,11.69354],[76.68901,11.69364],[76.68939,11.69405],[76.68995,11.69477],[76.69029,11.6956],[76.69035,11.69574],[76.69047,11.69581],[76.69067,11.69586],[76.69169,11.69549],[76.69218,11.69549],[76.69268,11.69563],[76.69303,11.69586],[76.69342,11.69636],[76.6937,11.69688],[76.69373,11.69728],[76.6937,11.69769],[76.69347,11.69799],[76.69331,11.69807],[76.6931,11.69823],[76.69298,11.69832],[76.69289,11.69844],[76.69277,11.69861],[76.69275,11.69872],[76.69289,11.69924],[76.69338,11.70032],[76.69366,11.70097],[76.69403,11.70135],[76.69419,11.70175],[76.69436,11.70234],[76.69447,11.70289],[76.69469,11.70347],[76.69494,11.70401],[76.69518,11.70431],[76.69614,11.7049],[76.69653,11.70533],[76.69679,11.70597],[76.69768,11.70703],[76.6981,11.70733],[76.69894,11.70762],[76.70045,11.70774],[76.70071,11.70791],[76.70081,11.70805]]},"properties":{"shedId":"C05CAM20"}},{"type":"Feature","geometry":{"type":"LineString","coordinates":[[76.70085,11.69632],[76.70085,11.6964],[76.70085,11.69675],[76.70091,11.69703],[76.70088,11.69729],[76.70089,11.69748],[76.70095,11.69769],[76.70097,11.69787],[76.70095,11.69818],[76.70089,11.69853],[76.70079,11.69917],[76.70069,11.69942],[76.70057,11.69967],[76.70049,11.70008],[76.70038,11.70128],[76.70038,11.70156],[76.70043,11.70176],[76.70075,11.70295],[76.70108,11.7046],[76.70135,11.70536],[76.70135,11.70587],[76.70153,11.70737],[76.7015,11.70764],[76.70144,11.70777],[76.70134,11.70785],[76.70119,11.70792],[76.70081,11.70805]]},"properties":{"shedId":"C05CAM20"}},{"type":"Feature","geometry":{"type":"LineString","coordinates":[[76.66855,11.69331],[76.66792,11.69318],[76.66752,11.69326],[76.66695,11.69347],[76.6665,11.69374],[76.66605,11.69402],[76.66526,11.69478],[76.66508,11.69504],[76.66504,11.69526],[76.66507,11.69548],[76.66517,11.69567],[76.66534,11.6959],[76.66546,11.6961],[76.66558,11.69633],[76.66558,11.6966],[76.66558,11.69691],[76.66549,11.6971],[76.66538,11.69722],[76.66527,11.69736],[76.66524,11.69749],[76.66526,11.69765],[76.66534,11.69783],[76.66542,11.69801],[76.66549,11.69823],[76.66551,11.69843],[76.66549,11.69862],[76.66542,11.69878],[76.66524,11.69895],[76.66509,11.69913],[76.66493,11.69929],[76.6648,11.69949],[76.66473,11.69969],[76.66473,11.6999],[76.66477,11.70005],[76.66486,11.70014],[76.66501,11.70024],[76.66509,11.7003],[76.66514,11.70033],[76.66519,11.70041],[76.66522,11.7005],[76.66526,11.70091],[76.6653,11.70135],[76.66533,11.70155],[76.66559,11.70223],[76.66561,11.70245],[76.66559,11.70276],[76.66565,11.703],[76.66577,11.70319],[76.66597,11.70337],[76.66643,11.70377],[76.66649,11.70382],[76.66675,11.70417],[76.66748,11.70532],[76.66787,11.70608],[76.66794,11.70619],[76.66802,11.70623],[76.66808,11.70623],[76.66862,11.70615],[76.66871,11.70613],[76.66878,11.70614],[76.66883,11.70616],[76.66891,11.7062],[76.66926,11.70709],[76.6694,11.70738],[76.66951,11.70749],[76.66962,11.70755],[76.67001,11.7076],[76.67007,11.70764],[76.67017,11.70772],[76.67024,11.70782]]},"properties":{"shedId":"C05CAM20"}},{"type":"Feature","geometry":{"type":"LineString","coordinates":[[76.67628,11.70389],[76.67602,11.70402],[76.67589,11.70411],[76.67576,11.70421],[76.67563,11.7043],[76.67552,11.70438],[76.67535,11.70449],[76.6751,11.70466],[76.67486,11.70482],[76.67451,11.70515],[76.67413,11.70553],[76.67404,11.70566],[76.67389,11.70585],[76.67382,11.70596],[76.67358,11.70618],[76.67291,11.70655],[76.67181,11.70724],[76.67155,11.70748],[76.67129,11.70761],[76.67101,11.70767],[76.67081,11.70769],[76.67024,11.70782]]},"properties":{"shedId":"C05CAM20"}},{"type":"Feature","geometry":{"type":"LineString","coordinates":[[76.60557,11.70003],[76.60577,11.70071],[76.60596,11.70127],[76.60611,11.70141],[76.60682,11.70181],[76.60758,11.70228],[76.60797,11.70267],[76.60822,11.70333],[76.60833,11.70401],[76.60853,11.70485],[76.60865,11.70541],[76.60893,11.70579],[76.60929,11.70604],[76.60954,11.70618],[76.60957,11.70619],[76.60993,11.70642],[76.61012,11.70681],[76.61031,11.70728],[76.61055,11.70765],[76.61172,11.70864],[76.61181,11.70866]]},"properties":{"name":"Doddamavina Halla","shedId":"C05CAM20"}},{"type":"Feature","geometry":{"type":"LineString","coordinates":[[76.67924,11.70192],[76.67953,11.70197],[76.67981,11.70202],[76.67997,11.70205],[76.68004,11.70208],[76.68031,11.70208],[76.68066,11.70205],[76.68096,11.70201],[76.68117,11.702],[76.68132,11.702],[76.68145,11.70204],[76.68155,11.70217],[76.68163,11.70233],[76.68172,11.70245],[76.6818,11.70253],[76.682,11.70266],[76.6821,11.70274],[76.68241,11.70287],[76.68336,11.70331],[76.68363,11.70343],[76.68383,11.70353],[76.68432,11.70396],[76.6847,11.70463],[76.68518,11.70572],[76.68555,11.70672],[76.68555,11.70704],[76.68554,11.70737],[76.68529,11.70835],[76.68511,11.70894],[76.68486,11.7093],[76.68464,11.70947],[76.68445,11.70962],[76.68426,11.70989],[76.68384,11.71063]]},"properties":{"shedId":"C05CAM20"}},{"type":"Feature","geometry":{"type":"LineString","coordinates":[[76.68064,11.70972],[76.68081,11.7097],[76.68097,11.70968],[76.68109,11.7097],[76.68119,11.70976],[76.68128,11.70988],[76.68138,11.70997],[76.68145,11.71],[76.68149,11.71003],[76.68158,11.71006],[76.68165,11.71009],[76.68199,11.71024],[76.6822,11.71037],[76.68238,11.71048],[76.68261,11.7106],[76.68283,11.71066],[76.68384,11.71063]]},"properties":{"shedId":"C05CAM20"}},{"type":"Feature","geometry":{"type":"LineString","coordinates":[[76.77906,11.70737],[76.7787,11.7077],[76.7785,11.70788],[76.77831,11.70797],[76.77783,11.70818],[76.77749,11.70822],[76.7774,11.70821],[76.77725,11.70821],[76.77704,11.7082],[76.77698,11.70821],[76.77691,11.70824],[76.7768,11.7083],[76.7767,11.70842],[76.77646,11.70968],[76.7762,11.71055],[76.77569,11.71113],[76.77534,11.71131],[76.77501,11.71146],[76.77309,11.71206],[76.77221,11.71233],[76.77189,11.71247],[76.77179,11.71254],[76.77157,11.71267],[76.77139,11.71279],[76.77091,11.71313]]},"properties":{"shedId":"C05CAM20"}},{"type":"Feature","geometry":{"type":"LineString","coordinates":[[76.76857,11.70848],[76.76863,11.70948],[76.76875,11.71011],[76.76874,11.71022],[76.76872,11.71027],[76.76869,11.71031],[76.76866,11.71032],[76.76799,11.71051],[76.76792,11.71054],[76.7679,11.71056],[76.76789,11.71058],[76.76788,11.71062],[76.76804,11.71183],[76.76845,11.71351]]},"properties":{"shedId":"C05CAM20"}},{"type":"Feature","geometry":{"type":"LineString","coordinates":[[76.77091,11.71313],[76.7705,11.71313],[76.76864,11.71349],[76.76845,11.71351]]},"properties":{"shedId":"C05CAM20"}},{"type":"Feature","geometry":{"type":"LineString","coordinates":[[76.7913,11.70778],[76.79102,11.70869],[76.79093,11.70889],[76.79078,11.70908],[76.79068,11.70919],[76.7905,11.70921],[76.79023,11.70916],[76.78993,11.70918],[76.78958,11.70922],[76.78787,11.70979],[76.78764,11.71001],[76.78722,11.71028],[76.78674,11.71062],[76.78644,11.71072],[76.7864,11.71074],[76.78636,11.7108],[76.78633,11.71085],[76.78632,11.71091],[76.78632,11.71101],[76.78631,11.71113],[76.78624,11.71122],[76.78615,11.71129],[76.78545,11.7114],[76.78531,11.71146],[76.78526,11.71149],[76.78522,11.71153],[76.78518,11.71159],[76.78517,11.71163],[76.78518,11.71175],[76.78534,11.71229],[76.78531,11.71245],[76.78528,11.71253],[76.78525,11.71258],[76.78512,11.7127],[76.78452,11.71298],[76.78416,11.71314],[76.78376,11.71324],[76.78271,11.71332],[76.78216,11.71338],[76.78185,11.71344],[76.78171,11.71362],[76.78155,11.71382],[76.78138,11.71397]]},"properties":{"shedId":"C05CAM20"}},{"type":"Feature","geometry":{"type":"LineString","coordinates":[[76.60221,11.70997],[76.60284,11.70963],[76.60314,11.70948],[76.60337,11.70948],[76.60424,11.70967],[76.60485,11.70997],[76.60549,11.70995],[76.60597,11.70969],[76.60623,11.70944],[76.6068,11.7092],[76.60716,11.70913],[76.60756,11.70913],[76.60847,11.70922],[76.60916,11.70929],[76.60995,11.70924],[76.61067,11.70909],[76.61181,11.70866]]},"properties":{"shedId":"C05CAM20"}},{"type":"Feature","geometry":{"type":"LineString","coordinates":[[76.80418,11.71307],[76.80319,11.71321],[76.80236,11.71333],[76.80221,11.71336],[76.80211,11.71341],[76.80169,11.71341],[76.80127,11.71331],[76.80083,11.71299],[76.80074,11.71294],[76.80067,11.71294],[76.80048,11.71296],[76.80042,11.71297],[76.80034,11.71301],[76.8002,11.71303],[76.8001,11.71314],[76.80003,11.71324],[76.79998,11.71331],[76.79994,11.71337],[76.7998,11.7135],[76.79955,11.71364],[76.79921,11.71373],[76.7985,11.7141],[76.79817,11.71419],[76.79793,11.71419],[76.7977,11.71417],[76.79743,11.71408],[76.79738,11.71404],[76.7972,11.71385],[76.79684,11.71354],[76.79671,11.71342],[76.79665,11.71339],[76.79657,11.71339],[76.79642,11.71339],[76.79632,11.71339],[76.79623,11.71342],[76.79613,11.71343],[76.79604,11.71344],[76.79581,11.71344],[76.79574,11.71343],[76.79553,11.71335],[76.79427,11.71254],[76.79356,11.71238],[76.79326,11.71228],[76.79297,11.71228],[76.79232,11.71238],[76.79161,11.71267],[76.78971,11.7141],[76.78847,11.71444],[76.78762,11.71441],[76.78687,11.71441],[76.78627,11.71446],[76.78559,11.71449],[76.78526,11.71449],[76.78458,11.7144],[76.78433,11.71436],[76.78395,11.71433],[76.783,11.71419],[76.78138,11.71397]]},"properties":{"shedId":"C05CAM20"}},{"type":"Feature","geometry":{"type":"LineString","coordinates":[[76.78138,11.71397],[76.78101,11.71416],[76.7807,11.71421],[76.77899,11.71442],[76.7783,11.71446],[76.77602,11.71474],[76.77536,11.71473],[76.77481,11.71459],[76.77471,11.71455],[76.77277,11.71411],[76.77227,11.71398],[76.77172,11.71369],[76.77121,11.71326],[76.77091,11.71313]]},"properties":{"shedId":"C05CAM20"}},{"type":"Feature","geometry":{"type":"LineString","coordinates":[[76.5792,11.71066],[76.57992,11.71045],[76.58135,11.70972],[76.582,11.70921],[76.58304,11.70839],[76.58435,11.7066],[76.58564,11.70497]]},"properties":{"shedId":"C05CAM20"}},{"type":"Feature","geometry":{"type":"LineString","coordinates":[[76.59598,11.71193],[76.59707,11.71127],[76.59769,11.71041],[76.59807,11.70969],[76.59845,11.70913],[76.59924,11.70798],[76.59967,11.70734],[76.6001,11.70688],[76.60067,11.7064],[76.60127,11.706],[76.6017,11.70552]]},"properties":{"shedId":"C05CAM20"}},{"type":"Feature","geometry":{"type":"LineString","coordinates":[[76.65484,11.69649],[76.65518,11.69729],[76.65538,11.69796],[76.65544,11.69864],[76.65538,11.69924],[76.65536,11.69953],[76.65536,11.69966],[76.65542,11.70022],[76.65564,11.70082],[76.65625,11.70208],[76.65647,11.70248],[76.65665,11.70283],[76.65676,11.70326],[76.65672,11.70362],[76.65654,11.70396],[76.65469,11.70492],[76.65361,11.70536],[76.65317,11.70586],[76.65289,11.70647],[76.65298,11.70723],[76.65329,11.7079],[76.6537,11.7087],[76.65434,11.70948],[76.6571,11.71116],[76.65779,11.71155],[76.65869,11.71291],[76.65897,11.71347]]},"properties":{"name":"Hakkarkatte Yullu","shedId":"C05CAM20"}},{"type":"Feature","geometry":{"type":"LineString","coordinates":[[76.661,11.70019],[76.66112,11.70052],[76.66113,11.70085],[76.66113,11.70111],[76.66106,11.70154],[76.66095,11.70181],[76.66018,11.70245],[76.65993,11.70273],[76.65989,11.70308],[76.65992,11.70339],[76.66009,11.70453],[76.66009,11.70504],[76.65999,11.7053],[76.65989,11.7054],[76.65964,11.70569],[76.65933,11.70595],[76.65865,11.70657],[76.65855,11.70679],[76.65857,11.70727],[76.65864,11.70763],[76.65901,11.70901],[76.65901,11.70934],[76.65899,11.70969],[76.65886,11.71006],[76.65878,11.71026],[76.65876,11.71051],[76.65863,11.71114],[76.65851,11.71136],[76.65848,11.71149],[76.65848,11.7116],[76.65855,11.71194],[76.65869,11.71235],[76.65883,11.71261],[76.65889,11.71274],[76.65897,11.71347]]},"properties":{"shedId":"C05CAM20"}},{"type":"Feature","geometry":{"type":"LineString","coordinates":[[76.62615,11.70984],[76.62697,11.71015],[76.62761,11.71051],[76.62969,11.71233],[76.63007,11.71272],[76.63044,11.71312],[76.63078,11.71341],[76.63124,11.71358],[76.63168,11.71361],[76.63206,11.7137],[76.63241,11.71388],[76.63318,11.71426]]},"properties":{"shedId":"C05CAM20"}},{"type":"Feature","geometry":{"type":"LineString","coordinates":[[76.62916,11.70237],[76.62975,11.70337],[76.62999,11.70399],[76.6302,11.70529],[76.63018,11.70566],[76.62993,11.70627],[76.62985,11.7064],[76.62972,11.70666],[76.62969,11.7069],[76.62972,11.70723],[76.62979,11.70755],[76.62998,11.70799],[76.63061,11.70923],[76.63094,11.70966],[76.63124,11.71022],[76.63146,11.711],[76.63163,11.71155],[76.63164,11.71182],[76.63176,11.7122],[76.63189,11.71238],[76.63201,11.7125],[76.63232,11.71269],[76.63249,11.71278],[76.6327,11.7129],[76.63289,11.71303],[76.63304,11.71328],[76.63311,11.71361],[76.63318,11.71398],[76.63318,11.71426]]},"properties":{"shedId":"C05CAM20"}},{"type":"Feature","geometry":{"type":"LineString","coordinates":[[76.71539,11.69776],[76.71536,11.69789],[76.71531,11.69802],[76.71501,11.69873],[76.71495,11.70014],[76.71502,11.70125],[76.71504,11.702],[76.71518,11.70278],[76.71527,11.70347],[76.71568,11.70547],[76.71564,11.70672],[76.7157,11.70793],[76.71572,11.70815],[76.71569,11.70832],[76.71558,11.70844],[76.71542,11.70851],[76.71389,11.70886],[76.71377,11.70898],[76.71375,11.70912],[76.71377,11.70932],[76.7139,11.70965],[76.71411,11.71014],[76.71474,11.71141],[76.71498,11.71198],[76.7152,11.71251],[76.71538,11.7127],[76.71542,11.71272],[76.71548,11.71273],[76.71559,11.71273],[76.71564,11.71273],[76.7157,11.71278],[76.71575,11.71282],[76.71591,11.71324],[76.71607,11.71366],[76.71611,11.71383],[76.71613,11.71407],[76.71613,11.71433],[76.716,11.71488],[76.71601,11.71511],[76.71603,11.71543],[76.7161,11.71576],[76.71637,11.7168]]},"properties":{"shedId":"C05CAM20"}},{"type":"Feature","geometry":{"type":"LineString","coordinates":[[76.72458,11.70392],[76.72421,11.70445],[76.72403,11.70486],[76.72384,11.70518],[76.72361,11.70547],[76.72332,11.70569],[76.72311,11.70583],[76.72299,11.70593],[76.72291,11.70609],[76.7229,11.70622],[76.72294,11.70636],[76.72301,11.70645],[76.72326,11.70671],[76.72333,11.70684],[76.7234,11.70703],[76.72341,11.70724],[76.72341,11.70746],[76.72348,11.70768],[76.72356,11.70788],[76.72369,11.70819],[76.72375,11.70839],[76.72374,11.70859],[76.7237,11.70942],[76.72357,11.70985],[76.72348,11.7101],[76.72346,11.71016],[76.72331,11.71047],[76.72319,11.71065],[76.72188,11.71107],[76.72142,11.71115],[76.72099,11.7113],[76.7208,11.71147],[76.72065,11.71179],[76.71945,11.71338],[76.71919,11.71384],[76.71869,11.71437],[76.71663,11.71645],[76.71637,11.7168]]},"properties":{"shedId":"C05CAM20"}},{"type":"Feature","geometry":{"type":"LineString","coordinates":[[76.67912,11.71492],[76.68023,11.71507],[76.68079,11.7151],[76.6809,11.7151],[76.68105,11.71517],[76.6812,11.71525],[76.68134,11.71541],[76.68149,11.71555],[76.68163,11.71563],[76.68177,11.71567],[76.68252,11.71571],[76.68282,11.71572],[76.68308,11.71578],[76.68322,11.71585],[76.68364,11.71606]]},"properties":{"shedId":"C05CAM20"}},{"type":"Feature","geometry":{"type":"LineString","coordinates":[[76.68384,11.71063],[76.68349,11.71165],[76.6833,11.71237],[76.68331,11.71257],[76.68336,11.71279],[76.68342,11.71295],[76.68353,11.71308],[76.68361,11.71321],[76.68366,11.71337],[76.68366,11.71348],[76.68362,11.71402],[76.68372,11.71518],[76.68368,11.71581],[76.68364,11.71606]]},"properties":{"shedId":"C05CAM20"}},{"type":"Feature","geometry":{"type":"LineString","coordinates":[[76.57885,11.71399],[76.57913,11.71315],[76.57919,11.71265],[76.57926,11.71231],[76.5792,11.71066]]},"properties":{"shedId":"C05CAM20"}},{"type":"Feature","geometry":{"type":"LineString","coordinates":[[76.58913,11.71424],[76.58786,11.71117],[76.58604,11.70721],[76.58575,11.70589],[76.58564,11.70497]]},"properties":{"name":"Doddamavina Halla","shedId":"C05CAM20"}},{"type":"Feature","geometry":{"type":"LineString","coordinates":[[76.61181,11.70866],[76.61211,11.70874],[76.61265,11.70889],[76.61308,11.70916],[76.61342,11.70965],[76.6137,11.71025],[76.61397,11.71062],[76.61437,11.71086],[76.61542,11.71131],[76.61592,11.71155],[76.61636,11.71207],[76.61699,11.71419],[76.61701,11.71507],[76.61688,11.71536]]},"properties":{"name":"Doddamavina Halla","shedId":"C05CAM20"}},{"type":"Feature","geometry":{"type":"LineString","coordinates":[[76.74262,11.69082],[76.74263,11.69091],[76.74263,11.691],[76.74261,11.69115],[76.74255,11.69134],[76.74239,11.69185],[76.74205,11.69283],[76.74199,11.69305],[76.74199,11.69311],[76.74201,11.69318],[76.74208,11.69338],[76.74224,11.69384],[76.74228,11.694],[76.74229,11.69417],[76.74231,11.69438],[76.74232,11.69448],[76.74237,11.69459],[76.74242,11.69465],[76.74247,11.69473],[76.74258,11.69496],[76.74261,11.69507],[76.74263,11.69517],[76.74259,11.6957],[76.74261,11.69604],[76.7426,11.69617],[76.7426,11.69635],[76.74261,11.69693],[76.74258,11.69782],[76.74255,11.69831],[76.74246,11.69884],[76.74237,11.69914],[76.74226,11.69939],[76.74169,11.70016],[76.74152,11.70043],[76.74141,11.70053],[76.74132,11.70057],[76.74126,11.70059],[76.74087,11.70069],[76.74082,11.70075],[76.7408,11.7008],[76.74078,11.70088],[76.7408,11.70108],[76.74081,11.702],[76.74085,11.70248],[76.74085,11.70291],[76.74084,11.70308],[76.74081,11.70319],[76.74072,11.70352],[76.7406,11.70361],[76.74038,11.70373],[76.73996,11.70407],[76.73991,11.70422],[76.73988,11.70436],[76.73987,11.70459],[76.73986,11.70475],[76.73982,11.70484],[76.73977,11.70491],[76.73957,11.70494],[76.73884,11.70489],[76.73817,11.70493],[76.73792,11.70501],[76.73775,11.70512],[76.73759,11.70524],[76.73749,11.7053],[76.73745,11.70535],[76.73737,11.70553],[76.73735,11.70573],[76.73734,11.70595],[76.73726,11.70619],[76.73711,11.70637],[76.73653,11.70683],[76.73623,11.707],[76.73606,11.7071],[76.73593,11.70719],[76.73587,11.70729],[76.73589,11.70742],[76.73598,11.70754],[76.73612,11.70769],[76.73625,11.70784],[76.73636,11.70802],[76.73639,11.70822],[76.7364,11.70864],[76.73631,11.70889],[76.73624,11.70937],[76.73614,11.70997],[76.73617,11.71025],[76.73626,11.71103],[76.73633,11.71185],[76.73643,11.71209],[76.73677,11.71289],[76.73688,11.71333],[76.73678,11.71406],[76.73655,11.71494],[76.7366,11.71539],[76.73663,11.71555],[76.73672,11.71573],[76.73685,11.71597],[76.73716,11.71622],[76.73758,11.71672],[76.73761,11.71686],[76.73765,11.71697],[76.73767,11.71709],[76.73768,11.71721],[76.73768,11.71735],[76.73766,11.71746],[76.73765,11.71755],[76.73762,11.71777],[76.73763,11.71792],[76.73766,11.71803],[76.73781,11.71812],[76.73796,11.71815],[76.7381,11.7182],[76.73836,11.71835],[76.73852,11.7185]]},"properties":{"shedId":"C05CAM20"}},{"type":"Feature","geometry":{"type":"LineString","coordinates":[[76.74924,11.70193],[76.74911,11.70324],[76.74895,11.7053],[76.74879,11.70584],[76.74866,11.70629],[76.74847,11.70777],[76.74837,11.70863],[76.74818,11.70921],[76.748,11.71005],[76.74752,11.7111],[76.74717,11.71154],[76.74688,11.71235],[76.7467,11.71321],[76.7466,11.71371],[76.74644,11.71419],[76.74621,11.71446],[76.74518,11.71483],[76.74371,11.71499],[76.74351,11.71509],[76.7434,11.71525],[76.74339,11.71537],[76.74339,11.71553],[76.74335,11.71586],[76.74329,11.71611],[76.74323,11.71628],[76.74305,11.7164],[76.74286,11.71641],[76.74205,11.71671],[76.74151,11.71692],[76.74127,11.71716],[76.74112,11.71738],[76.74108,11.71743],[76.741,11.71749],[76.7407,11.71759],[76.7396,11.71785],[76.73923,11.71796],[76.73895,11.71812],[76.73884,11.7182],[76.73873,11.7183],[76.73852,11.7185]]},"properties":{"shedId":"C05CAM20"}},{"type":"Feature","geometry":{"type":"LineString","coordinates":[[76.57275,11.71467],[76.57323,11.71414],[76.57391,11.71371],[76.57495,11.71294],[76.57642,11.71141],[76.57721,11.71094],[76.57801,11.71077],[76.5792,11.71066]]},"properties":{"shedId":"C05CAM20"}},{"type":"Feature","geometry":{"type":"LineString","coordinates":[[76.70081,11.70805],[76.70107,11.70891],[76.70107,11.70928],[76.70109,11.7096],[76.70098,11.70988],[76.70086,11.71011],[76.7008,11.7103],[76.7008,11.7104],[76.70079,11.71054],[76.70079,11.71083],[76.70084,11.71117],[76.70142,11.71281],[76.70159,11.71377],[76.70164,11.71407],[76.7017,11.71424],[76.70182,11.71445],[76.70193,11.71453],[76.70222,11.71458],[76.70261,11.71467],[76.70275,11.71473],[76.70282,11.71477],[76.70291,11.71485],[76.70296,11.71505],[76.70309,11.71559],[76.7032,11.71594],[76.7034,11.7164],[76.70355,11.71665],[76.70366,11.71671],[76.70374,11.71675],[76.70385,11.71674],[76.70423,11.71661],[76.70432,11.71659],[76.70441,11.71661],[76.70446,11.71666],[76.70475,11.71733],[76.70508,11.71837],[76.70524,11.71914],[76.70529,11.71934]]},"properties":{"shedId":"C05CAM20"}},{"type":"Feature","geometry":{"type":"LineString","coordinates":[[76.70713,11.6972],[76.70714,11.6974],[76.70717,11.69772],[76.7076,11.6988],[76.70771,11.69911],[76.70771,11.69937],[76.70766,11.69957],[76.70762,11.69979],[76.70759,11.7001],[76.70761,11.70038],[76.70773,11.70074],[76.70776,11.70095],[76.70788,11.70118],[76.7079,11.70135],[76.7079,11.70157],[76.70785,11.70182],[76.70774,11.70203],[76.70742,11.70231],[76.70669,11.70303],[76.70655,11.70326],[76.70644,11.70361],[76.7064,11.70396],[76.70642,11.70421],[76.70649,11.70434],[76.70652,11.70436],[76.70679,11.70444],[76.70728,11.70444],[76.70752,11.70452],[76.70759,11.70464],[76.70779,11.70591],[76.70784,11.70655],[76.70778,11.70688],[76.70769,11.70716],[76.70737,11.70774],[76.70717,11.70794],[76.70707,11.70801],[76.70702,11.70809],[76.7069,11.70822],[76.70681,11.70832],[76.70669,11.70855],[76.70666,11.70889],[76.70666,11.70926],[76.7066,11.70969],[76.70649,11.70997],[76.7064,11.71008],[76.70638,11.7101],[76.70625,11.71025],[76.7062,11.71031],[76.70613,11.71039],[76.7061,11.71043],[76.70601,11.71064],[76.70598,11.71081],[76.70599,11.71109],[76.70603,11.71189],[76.706,11.71227],[76.70599,11.71368],[76.70621,11.71511],[76.70633,11.71697],[76.70632,11.71761],[76.7062,11.71801],[76.70603,11.71838],[76.70577,11.71875],[76.70529,11.71934]]},"properties":{"shedId":"C05CAM20"}},{"type":"Feature","geometry":{"type":"LineString","coordinates":[[76.60737,11.71716],[76.60889,11.71671],[76.60965,11.7162],[76.61025,11.71565],[76.61084,11.71507],[76.61126,11.71474],[76.61151,11.71459],[76.61202,11.71435],[76.61227,11.71432],[76.61318,11.71422],[76.6136,11.71424],[76.61381,11.71425],[76.6146,11.71447],[76.61688,11.71536]]},"properties":{"shedId":"C05CAM20"}},{"type":"Feature","geometry":{"type":"LineString","coordinates":[[76.57658,11.71647],[76.57716,11.71588],[76.57772,11.7152],[76.57885,11.71399]]},"properties":{"shedId":"C05CAM20"}},{"type":"Feature","geometry":{"type":"LineString","coordinates":[[76.68976,11.71423],[76.68972,11.71484],[76.68947,11.71522],[76.68935,11.71531],[76.68911,11.71547],[76.68877,11.71563],[76.68854,11.71579],[76.68821,11.71614],[76.68805,11.71651],[76.68797,11.71699],[76.68798,11.71739],[76.68801,11.71791],[76.68792,11.71832],[76.68775,11.71864],[76.68718,11.7197]]},"properties":{"shedId":"C05CAM20"}},{"type":"Feature","geometry":{"type":"LineString","coordinates":[[76.68364,11.71606],[76.68344,11.7173],[76.68344,11.71818],[76.68347,11.71838],[76.68352,11.71851],[76.68364,11.71858],[76.6838,11.7186],[76.68389,11.71865],[76.684,11.71871],[76.68422,11.71943],[76.6843,11.7196],[76.68437,11.71971],[76.68447,11.71978],[76.6848,11.71972],[76.68511,11.71964],[76.68539,11.71961],[76.68588,11.71955],[76.68609,11.71954],[76.68629,11.71954],[76.68648,11.71963],[76.68684,11.71966],[76.68718,11.7197]]},"properties":{"shedId":"C05CAM20"}},{"type":"Feature","geometry":{"type":"LineString","coordinates":[[76.5803,11.71756],[76.5796,11.71646],[76.57899,11.71533],[76.57885,11.71485],[76.57883,11.71463],[76.57885,11.71399]]},"properties":{"shedId":"C05CAM20"}},{"type":"Feature","geometry":{"type":"LineString","coordinates":[[76.61688,11.71536],[76.61674,11.71565],[76.61661,11.71585],[76.6165,11.71604],[76.6163,11.71644],[76.6163,11.71686],[76.61643,11.71726],[76.61683,11.71761],[76.618,11.71849],[76.61847,11.71872],[76.61888,11.719]]},"properties":{"name":"Doddamavina Halla","shedId":"C05CAM20"}},{"type":"Feature","geometry":{"type":"LineString","coordinates":[[76.75749,11.70665],[76.75737,11.70686],[76.75722,11.70712],[76.75714,11.70732],[76.75714,11.70756],[76.75729,11.70787],[76.75734,11.70803],[76.75728,11.70829],[76.75719,11.70853],[76.75683,11.70907],[76.75658,11.70953],[76.75595,11.71034],[76.75579,11.7105],[76.75574,11.7106],[76.7558,11.71074],[76.75587,11.71085],[76.75595,11.71097],[76.75591,11.71109],[76.75584,11.71117],[76.75523,11.71207],[76.75513,11.71235],[76.75513,11.71251],[76.75514,11.71264],[76.75513,11.71281],[76.75508,11.71294],[76.75497,11.71318],[76.75486,11.71343],[76.75481,11.71353],[76.75481,11.71362],[76.75482,11.71368],[76.75481,11.71377],[76.75479,11.71383],[76.75474,11.71393],[76.75472,11.71402],[76.75472,11.71412],[76.75471,11.71424],[76.75473,11.71455],[76.75484,11.7148],[76.75501,11.71488],[76.75511,11.71499],[76.75522,11.71518],[76.75543,11.71555],[76.75555,11.7157],[76.75559,11.71579],[76.75559,11.71586],[76.75557,11.71593],[76.75556,11.71603],[76.75558,11.71614],[76.75561,11.71624],[76.75561,11.71634],[76.7556,11.71646],[76.75553,11.71658],[76.7554,11.71688],[76.75539,11.71705],[76.7554,11.71717],[76.75538,11.71733],[76.75534,11.71745],[76.75524,11.71757],[76.75516,11.71765],[76.7551,11.71771],[76.75508,11.7178],[76.75508,11.71791],[76.75502,11.71836],[76.75493,11.71863],[76.75487,11.71886],[76.75478,11.71903],[76.75472,11.71915],[76.75467,11.71927],[76.75466,11.71939],[76.75464,11.71951],[76.75459,11.72011],[76.75459,11.72033],[76.75463,11.72059],[76.75484,11.72083],[76.75506,11.72098],[76.7552,11.72109],[76.75528,11.72116],[76.75535,11.72125],[76.75538,11.72138],[76.75537,11.72163],[76.75542,11.72285],[76.75538,11.72313],[76.75529,11.72338]]},"properties":{"name":"Gundal","shedId":"C05CAM20"}},{"type":"Feature","geometry":{"type":"LineString","coordinates":[[76.76845,11.71351],[76.768,11.71356],[76.76763,11.71364],[76.76759,11.71369],[76.76731,11.71384],[76.76709,11.71405],[76.76606,11.7155],[76.76584,11.71589],[76.76579,11.71605],[76.76575,11.71621],[76.76571,11.71648],[76.76569,11.7166],[76.76564,11.7167],[76.76556,11.71682],[76.7655,11.71692],[76.76544,11.71699],[76.76533,11.71711],[76.76514,11.71723],[76.76354,11.71757],[76.76305,11.71771],[76.7627,11.71793],[76.76251,11.7181],[76.76237,11.71831],[76.76226,11.71853],[76.762,11.71928],[76.76181,11.71951],[76.76168,11.71959],[76.76144,11.7197],[76.75935,11.72088],[76.75883,11.72115],[76.75855,11.72122],[76.75822,11.72141],[76.75778,11.72158],[76.75752,11.72181],[76.75729,11.72206],[76.75712,11.72223],[76.75708,11.72228],[76.75644,11.72272],[76.7561,11.72293],[76.75529,11.72338]]},"properties":{"shedId":"C05CAM20"}},{"type":"Feature","geometry":{"type":"LineString","coordinates":[[76.61888,11.719],[76.61929,11.71924],[76.62151,11.72061],[76.62218,11.72095]]},"properties":{"name":"Doddamavina Halla","shedId":"C05CAM20"}},{"type":"Feature","geometry":{"type":"LineString","coordinates":[[76.60961,11.68605],[76.61057,11.68751],[76.61113,11.68797],[76.6117,11.6883],[76.6122,11.68838],[76.613,11.6883],[76.61393,11.68825],[76.61457,11.68838],[76.61502,11.68868],[76.6163,11.69046],[76.61723,11.69105],[76.61781,11.69149],[76.61827,11.69222],[76.61835,11.69288],[76.61816,11.69371],[76.61804,11.69467],[76.61807,11.69536],[76.6183,11.69597],[76.61926,11.69704],[76.62014,11.69793],[76.62024,11.69832],[76.62031,11.69871],[76.62028,11.69974],[76.62003,11.70075],[76.61982,11.70136],[76.61968,11.70219],[76.61975,11.70281],[76.62015,11.70363],[76.62081,11.70476],[76.62193,11.70594],[76.62226,11.70635],[76.62252,11.70692],[76.62265,11.7075],[76.62267,11.70806],[76.62256,11.70846],[76.6222,11.70899],[76.62051,11.70976],[76.62004,11.71002],[76.61957,11.71037],[76.61934,11.71084],[76.61918,11.71145],[76.61905,11.71321],[76.61918,11.71385],[76.61913,11.71515],[76.61929,11.71566],[76.61956,11.71602],[76.62072,11.71794],[76.6212,11.71863],[76.62218,11.72095]]},"properties":{"shedId":"C05CAM20"}},{"type":"Feature","geometry":{"type":"LineString","coordinates":[[76.59714,11.71362],[76.59863,11.71549],[76.59939,11.71661],[76.601,11.71795],[76.60181,11.71851],[76.602,11.71881],[76.60227,11.71911],[76.60283,11.71959],[76.60378,11.72065],[76.60444,11.72131],[76.60512,11.72146],[76.60564,11.72141],[76.60591,11.72134],[76.60635,11.72143],[76.60684,11.72174],[76.60737,11.72209],[76.60813,11.72226],[76.60891,11.72232],[76.61152,11.72186],[76.61319,11.72122],[76.61434,11.72075],[76.61541,11.7202],[76.61596,11.71997],[76.61637,11.7199],[76.61688,11.71985],[76.6172,11.71979],[76.61888,11.719]]},"properties":{"shedId":"C05CAM20"}},{"type":"Feature","geometry":{"type":"LineString","coordinates":[[76.80258,11.72576],[76.80177,11.72569],[76.8011,11.72555],[76.80049,11.72536],[76.79906,11.72499],[76.79752,11.72469],[76.79575,11.72435],[76.79532,11.72431],[76.79309,11.72434],[76.79172,11.72452],[76.79101,11.72473],[76.79065,11.72493],[76.79056,11.72508],[76.79056,11.72523],[76.79054,11.72535],[76.79049,11.72547],[76.79042,11.72553],[76.79039,11.72555],[76.79036,11.72557],[76.78916,11.72589],[76.78807,11.72652],[76.78761,11.72672],[76.78746,11.72676]]},"properties":{"shedId":"C05CAM20"}},{"type":"Feature","geometry":{"type":"LineString","coordinates":[[76.63318,11.71426],[76.63321,11.71453],[76.63327,11.71473],[76.63334,11.71488],[76.63376,11.71528],[76.63448,11.71601],[76.63478,11.71623],[76.63525,11.71646],[76.63559,11.71664],[76.63583,11.71688],[76.63591,11.71729],[76.63595,11.71839],[76.63606,11.7189],[76.6362,11.71915],[76.63646,11.71985],[76.63647,11.72106],[76.63647,11.72179],[76.63658,11.72234],[76.63683,11.72277],[76.63714,11.7231],[76.63838,11.72427]]},"properties":{"shedId":"C05CAM20"}},{"type":"Feature","geometry":{"type":"LineString","coordinates":[[76.62218,11.72095],[76.62256,11.72114],[76.62401,11.72187],[76.62577,11.72345],[76.62658,11.724],[76.62766,11.72439],[76.62874,11.72445],[76.63147,11.7246],[76.63215,11.72459],[76.63269,11.72447],[76.63355,11.72436],[76.63606,11.72424],[76.63744,11.72418],[76.63838,11.72427]]},"properties":{"name":"Kodi Halla","shedId":"C05CAM20"}},{"type":"Feature","geometry":{"type":"LineString","coordinates":[[76.7804,11.72235],[76.78047,11.72281],[76.78049,11.72307],[76.78056,11.72322],[76.78063,11.7234],[76.78123,11.72408],[76.78169,11.72489],[76.78192,11.72571],[76.78209,11.72628],[76.78209,11.72661],[76.7821,11.72694],[76.78205,11.72823]]},"properties":{"shedId":"C05CAM20"}},{"type":"Feature","geometry":{"type":"LineString","coordinates":[[76.78746,11.72676],[76.7871,11.72684],[76.7843,11.72746],[76.78205,11.72823]]},"properties":{"shedId":"C05CAM20"}},{"type":"Feature","geometry":{"type":"LineString","coordinates":[[76.65897,11.71347],[76.65913,11.7138],[76.66055,11.71652],[76.66072,11.7168],[76.66088,11.71697],[76.6611,11.71715],[76.66123,11.71728],[76.66174,11.71745],[76.66193,11.71746],[76.66255,11.71747],[76.66267,11.71748],[76.66272,11.71757],[76.66272,11.71763],[76.6627,11.71769],[76.6627,11.71775],[76.66271,11.71781],[76.66275,11.71791],[76.66283,11.71803],[76.66308,11.71819],[76.66321,11.71828],[76.66336,11.71843],[76.66341,11.7186],[76.66343,11.71888],[76.66347,11.71905],[76.66353,11.71916],[76.66372,11.71932],[76.66381,11.71943],[76.66382,11.71956],[76.66378,11.71976],[76.66375,11.71984],[76.66374,11.71999],[76.66374,11.72007],[76.66378,11.72019],[76.66382,11.72028],[76.66388,11.72037],[76.66389,11.72046],[76.66388,11.72057],[76.66387,11.72068],[76.66387,11.72079],[76.6641,11.72132],[76.66479,11.72261],[76.66498,11.72289],[76.6655,11.72302],[76.66579,11.72306],[76.66592,11.72307],[76.66615,11.72312],[76.66628,11.7232],[76.66635,11.72326],[76.6664,11.72343],[76.66724,11.72511],[76.66777,11.72559],[76.66842,11.72584],[76.6693,11.72614],[76.66946,11.72645]]},"properties":{"name":"Hakkarkatte Yullu","shedId":"C05CAM20"}},{"type":"Feature","geometry":{"type":"LineString","coordinates":[[76.67024,11.70782],[76.67032,11.708],[76.67036,11.70814],[76.67031,11.70828],[76.67024,11.70838],[76.67011,11.70848],[76.66997,11.70864],[76.66993,11.70875],[76.66994,11.70891],[76.67,11.70909],[76.6702,11.70971],[76.67044,11.71065],[76.67057,11.71085],[76.67071,11.71097],[76.67094,11.71103],[76.67112,11.7111],[76.67129,11.71121],[76.67144,11.7114],[76.67164,11.71201],[76.67158,11.71253],[76.67156,11.71287],[76.67156,11.71328],[76.67159,11.71367],[76.67213,11.71474],[76.67266,11.71537],[76.67289,11.71572],[76.67292,11.71606],[76.67289,11.71633],[76.67281,11.71647],[76.6727,11.7166],[76.67265,11.71666],[76.67254,11.7168],[76.67245,11.71685],[76.67233,11.71697],[76.67222,11.71721],[76.67222,11.71758],[76.67227,11.71873],[76.67225,11.7193],[76.6722,11.71975],[76.67207,11.72],[76.672,11.72012],[76.67189,11.72021],[76.67183,11.72025],[76.67173,11.72029],[76.67156,11.72029],[76.67107,11.72025],[76.67101,11.72026],[76.67096,11.72026],[76.67093,11.72028],[76.67086,11.72034],[76.6708,11.72046],[76.67079,11.72051],[76.67076,11.72057],[76.67064,11.72068],[76.67017,11.72097],[76.67011,11.72106],[76.67008,11.72117],[76.67032,11.72195],[76.67037,11.7223],[76.67036,11.72267],[76.67031,11.72313],[76.66998,11.72494],[76.66982,11.7254],[76.66946,11.72645]]},"properties":{"shedId":"C05CAM20"}},{"type":"Feature","geometry":{"type":"LineString","coordinates":[[76.58459,11.71794],[76.58456,11.71886],[76.58457,11.71921],[76.58458,11.7194],[76.58466,11.71951],[76.58482,11.71968],[76.58494,11.71976],[76.58536,11.71999],[76.58647,11.7211],[76.58672,11.72141],[76.58692,11.72174],[76.58703,11.72229],[76.58696,11.72297],[76.58676,11.72336],[76.58651,11.72382],[76.58643,11.72437],[76.58651,11.72463]]},"properties":{"shedId":"C05CAM20"}},{"type":"Feature","geometry":{"type":"LineString","coordinates":[[76.58162,11.71994],[76.58189,11.72037],[76.5821,11.72061],[76.58218,11.72084],[76.58219,11.72141],[76.58226,11.7217],[76.58247,11.72196],[76.58302,11.72237],[76.58341,11.72263],[76.58376,11.72289],[76.5842,11.72333],[76.58451,11.72373],[76.58483,11.724],[76.58521,11.72426],[76.58563,11.72452],[76.58595,11.72466],[76.58651,11.72463]]},"properties":{"shedId":"C05CAM20"}},{"type":"Feature","geometry":{"type":"LineString","coordinates":[[76.73156,11.71798],[76.73138,11.71907],[76.73129,11.72012],[76.73116,11.72238],[76.73113,11.7234],[76.7313,11.72378],[76.73156,11.72413],[76.73232,11.72466],[76.7329,11.72492],[76.73347,11.72519],[76.73367,11.72545],[76.73367,11.72595],[76.73358,11.72644],[76.73346,11.72687],[76.73332,11.72812]]},"properties":{"shedId":"C05CAM20"}},{"type":"Feature","geometry":{"type":"LineString","coordinates":[[76.73852,11.7185],[76.73861,11.71867],[76.73864,11.71896],[76.73853,11.71969],[76.73841,11.72041],[76.7382,11.72114],[76.73805,11.7227],[76.73797,11.7249],[76.73777,11.72665],[76.73762,11.72692],[76.7375,11.72705],[76.7372,11.72729],[76.7363,11.72759],[76.73425,11.72772],[76.73332,11.72812]]},"properties":{"shedId":"C05CAM20"}},{"type":"Feature","geometry":{"type":"LineString","coordinates":[[76.79082,11.72965],[76.7905,11.72951],[76.79031,11.72939],[76.79023,11.72935],[76.78951,11.72853],[76.78938,11.72843],[76.78931,11.72841],[76.78918,11.72842],[76.78907,11.72843],[76.78878,11.72849],[76.78866,11.72853],[76.78855,11.7285],[76.78848,11.72845],[76.78844,11.72843],[76.78778,11.72761],[76.78746,11.72676]]},"properties":{"shedId":"C05CAM20"}},{"type":"Feature","geometry":{"type":"LineString","coordinates":[[76.79492,11.72989],[76.79466,11.72975],[76.7945,11.72968],[76.7943,11.72965],[76.79395,11.72968],[76.79382,11.72972],[76.79367,11.72973],[76.79341,11.72966],[76.7933,11.7296],[76.79319,11.72955],[76.793,11.72956],[76.79197,11.72968],[76.79148,11.72968],[76.79082,11.72965]]},"properties":{"shedId":"C05CAM20"}},{"type":"Feature","geometry":{"type":"LineString","coordinates":[[76.58341,11.72507],[76.58379,11.72562],[76.58428,11.72589],[76.58457,11.72593],[76.58485,11.72591],[76.58565,11.72588],[76.58634,11.72592],[76.58662,11.72595],[76.58781,11.72607]]},"properties":{"shedId":"C05CAM20"}},{"type":"Feature","geometry":{"type":"LineString","coordinates":[[76.58651,11.72463],[76.58658,11.72489],[76.58685,11.72535],[76.58725,11.7257],[76.58781,11.72607]]},"properties":{"shedId":"C05CAM20"}},{"type":"Feature","geometry":{"type":"LineString","coordinates":[[76.75529,11.72338],[76.75518,11.7237],[76.75513,11.72376],[76.75506,11.72382],[76.75492,11.72392],[76.75421,11.72437],[76.75395,11.72446],[76.75376,11.72451],[76.75363,11.72451],[76.75348,11.72444],[76.75343,11.72438],[76.7534,11.72432],[76.75334,11.72424],[76.7533,11.72417],[76.75324,11.72409],[76.75319,11.72402],[76.75313,11.72397],[76.75307,11.72396],[76.75289,11.72393],[76.75274,11.72395],[76.75259,11.72403],[76.75235,11.72411],[76.75208,11.72412],[76.75184,11.72413],[76.75166,11.72418],[76.75154,11.72433],[76.75141,11.7245],[76.75118,11.72545],[76.75112,11.72562],[76.75095,11.7258],[76.75084,11.72589],[76.75075,11.72592],[76.7505,11.72598],[76.75031,11.72606],[76.75023,11.72614],[76.75021,11.7262],[76.75017,11.72633],[76.75017,11.72647],[76.75013,11.72739],[76.75011,11.7276],[76.74999,11.72775],[76.74984,11.72781],[76.74962,11.72788],[76.74939,11.72798],[76.74878,11.72845],[76.74825,11.72853],[76.74757,11.72856],[76.74725,11.72862],[76.7469,11.72879],[76.74644,11.72906],[76.74583,11.7295],[76.7454,11.72977],[76.74508,11.73003]]},"properties":{"name":"Gundal","shedId":"C05CAM20"}},{"type":"Feature","geometry":{"type":"LineString","coordinates":[[76.58781,11.72607],[76.58893,11.72682],[76.58994,11.72763]]},"properties":{"shedId":"C05CAM20"}},{"type":"Feature","geometry":{"type":"LineString","coordinates":[[76.76581,11.73172],[76.76499,11.73149],[76.76411,11.73137],[76.76362,11.73142],[76.76295,11.73148],[76.76215,11.73136],[76.76016,11.73068],[76.75985,11.7305],[76.75951,11.73033],[76.75933,11.73024],[76.75918,11.73022],[76.75886,11.73021],[76.75832,11.73028],[76.75797,11.73044],[76.75765,11.73052],[76.75715,11.73063],[76.75647,11.73061],[76.7556,11.73069],[76.75532,11.73071],[76.75506,11.7307],[76.75488,11.7306],[76.75431,11.73004],[76.75401,11.72987],[76.75384,11.72979],[76.75368,11.72978],[76.75322,11.72978],[76.753,11.72983],[76.75248,11.73051],[76.75192,11.73091],[76.7515,11.73107],[76.7508,11.73118],[76.74978,11.73114],[76.74789,11.73061],[76.74653,11.7302],[76.74508,11.73003]]},"properties":{"shedId":"C05CAM20"}},{"type":"Feature","geometry":{"type":"LineString","coordinates":[[76.77216,11.72435],[76.7721,11.72464],[76.77204,11.72487],[76.77192,11.72495],[76.77177,11.72498],[76.77158,11.72498],[76.77118,11.72499],[76.7709,11.725],[76.77069,11.72518],[76.77052,11.72541],[76.77035,11.7257],[76.77012,11.72598],[76.7698,11.72637],[76.76955,11.72666],[76.76926,11.72738],[76.76911,11.72812],[76.76906,11.7286],[76.76905,11.72896],[76.76893,11.72938],[76.76872,11.72958],[76.76845,11.72963],[76.76802,11.72963],[76.76757,11.72965],[76.76677,11.72983],[76.76644,11.73003],[76.76624,11.73034],[76.76581,11.73172]]},"properties":{"shedId":"C05CAM20"}},{"type":"Feature","geometry":{"type":"LineString","coordinates":[[76.79286,11.73238],[76.79284,11.7322],[76.79275,11.73207],[76.79263,11.73198],[76.79246,11.73187],[76.79221,11.73182],[76.79196,11.73174],[76.79177,11.73166],[76.79163,11.7315],[76.79152,11.7313],[76.79141,11.73115],[76.79123,11.73106],[76.79112,11.73099],[76.79104,11.73079],[76.79101,11.73051],[76.79097,11.73033],[76.79082,11.72965]]},"properties":{"shedId":"C05CAM20"}},{"type":"Feature","geometry":{"type":"LineString","coordinates":[[76.58767,11.72764],[76.58821,11.72771],[76.58875,11.72773],[76.58917,11.7277],[76.58994,11.72763]]},"properties":{"shedId":"C05CAM20"}},{"type":"Feature","geometry":{"type":"LineString","coordinates":[[76.76953,11.73343],[76.76913,11.73316],[76.76862,11.73278],[76.76833,11.73264],[76.76812,11.73258],[76.76637,11.73188],[76.76581,11.73172]]},"properties":{"shedId":"C05CAM20"}},{"type":"Feature","geometry":{"type":"LineString","coordinates":[[76.78205,11.72823],[76.78193,11.72827],[76.78163,11.72843],[76.78141,11.72858],[76.78131,11.72865],[76.7811,11.72883],[76.78047,11.72935],[76.78033,11.72958],[76.78031,11.72979],[76.78037,11.7301],[76.78039,11.73036],[76.78038,11.73066],[76.78027,11.73086],[76.78001,11.731],[76.77977,11.73108],[76.77919,11.73122],[76.77871,11.73123],[76.77833,11.73134],[76.7776,11.7317],[76.77746,11.73174],[76.77738,11.73174],[76.77736,11.73174],[76.7772,11.73165],[76.7769,11.7315],[76.77681,11.7315],[76.77658,11.73152],[76.7763,11.73162],[76.77555,11.73186],[76.77539,11.73202],[76.77524,11.73218],[76.77503,11.73236],[76.77476,11.73248],[76.77358,11.73257],[76.77213,11.73263],[76.77092,11.73263],[76.77073,11.73262],[76.7706,11.73266],[76.77045,11.73275],[76.77035,11.73281],[76.77023,11.73292],[76.76953,11.73343]]},"properties":{"shedId":"C05CAM20"}},{"type":"Feature","geometry":{"type":"LineString","coordinates":[[76.58994,11.72763],[76.59066,11.72804],[76.59164,11.72856],[76.59371,11.72914],[76.59416,11.72934],[76.59454,11.72965],[76.59484,11.72986],[76.59515,11.73004],[76.59575,11.73011],[76.59635,11.73015],[76.59687,11.73014],[76.59731,11.73021],[76.59758,11.73037],[76.59768,11.73055]]},"properties":{"shedId":"C05CAM20"}},{"type":"Feature","geometry":{"type":"LineString","coordinates":[[76.59175,11.71723],[76.59278,11.71772],[76.5934,11.71845],[76.5942,11.72065],[76.59533,11.72291],[76.59645,11.72513],[76.597,11.72572],[76.5971,11.72609],[76.59706,11.72651],[76.59692,11.7271],[76.5969,11.72755],[76.59694,11.72795],[76.5971,11.72844],[76.59726,11.72899],[76.59753,11.72951],[76.59773,11.72958],[76.59785,11.72959],[76.59798,11.7296],[76.59805,11.72967],[76.59805,11.7298],[76.59795,11.7299],[76.59781,11.7301],[76.59768,11.73055]]},"properties":{"shedId":"C05CAM20"}},{"type":"Feature","geometry":{"type":"LineString","coordinates":[[76.7288,11.72498],[76.72888,11.72623],[76.72887,11.72709],[76.72889,11.72781],[76.72873,11.72843],[76.72851,11.7289],[76.72812,11.72926],[76.72715,11.73001],[76.72636,11.73013],[76.7257,11.73013],[76.72503,11.73027],[76.72426,11.73046],[76.7238,11.73056],[76.72361,11.73061],[76.72124,11.73165],[76.72095,11.73178],[76.72056,11.73183],[76.72025,11.73174],[76.72006,11.73165],[76.72,11.73165],[76.71969,11.73162],[76.71961,11.73162],[76.71919,11.73168],[76.71875,11.73185],[76.71823,11.73216],[76.71708,11.73358]]},"properties":{"shedId":"C05CAM20"}},{"type":"Feature","geometry":{"type":"LineString","coordinates":[[76.71637,11.7168],[76.71596,11.71732],[76.71546,11.71795],[76.71508,11.71877],[76.71487,11.71958],[76.71447,11.72068],[76.71389,11.7223],[76.71362,11.72301],[76.71359,11.72372],[76.71352,11.72448],[76.71358,11.72498],[76.71359,11.72514],[76.71369,11.72525],[76.71386,11.7253],[76.71406,11.72531],[76.71425,11.72535],[76.71446,11.72551],[76.71472,11.72569],[76.71507,11.72641],[76.71512,11.72703],[76.715,11.72744],[76.71492,11.72782],[76.71499,11.72833],[76.71512,11.72867],[76.71537,11.72889],[76.71562,11.72916],[76.71577,11.72938],[76.7158,11.72977],[76.71579,11.73007],[76.71562,11.73117],[76.71549,11.73165],[76.71536,11.73222],[76.71543,11.73265],[76.71564,11.73332],[76.71572,11.73396]]},"properties":{"shedId":"C05CAM20"}},{"type":"Feature","geometry":{"type":"LineString","coordinates":[[76.71708,11.73358],[76.7164,11.7337],[76.71572,11.73396]]},"properties":{"name":"Gundal","shedId":"C05CAM20"}},{"type":"Feature","geometry":{"type":"LineString","coordinates":[[76.73332,11.72812],[76.73287,11.72864],[76.73257,11.72886],[76.7325,11.72896],[76.7324,11.72908],[76.73187,11.72992],[76.73012,11.73224],[76.72955,11.73318],[76.72887,11.73459]]},"properties":{"shedId":"C05CAM20"}},{"type":"Feature","geometry":{"type":"LineString","coordinates":[[76.74508,11.73003],[76.74454,11.73059],[76.74346,11.73118],[76.74159,11.73209],[76.74008,11.7331],[76.73922,11.73366],[76.73863,11.73367],[76.7364,11.73347],[76.7352,11.73356],[76.73413,11.73394],[76.73355,11.73433],[76.7324,11.73483],[76.73136,11.73482],[76.73018,11.73463],[76.72887,11.73459]]},"properties":{"name":"Gundal","shedId":"C05CAM20"}},{"type":"Feature","geometry":{"type":"LineString","coordinates":[[76.58102,11.72889],[76.58025,11.7297],[76.57951,11.73066],[76.57933,11.73094],[76.57891,11.73116],[76.57868,11.73123],[76.57839,11.73138],[76.5778,11.73164]]},"properties":{"shedId":"C05CAM20"}},{"type":"Feature","geometry":{"type":"LineString","coordinates":[[76.72887,11.73459],[76.72819,11.73456],[76.72763,11.73455],[76.72715,11.73463],[76.72692,11.73479],[76.72583,11.7354],[76.7255,11.7356]]},"properties":{"name":"Gundal","shedId":"C05CAM20"}},{"type":"Feature","geometry":{"type":"LineString","coordinates":[[76.7255,11.7356],[76.72518,11.73569],[76.72473,11.73565],[76.72291,11.73503],[76.72269,11.73484],[76.72254,11.73466],[76.72237,11.73448],[76.72218,11.73435],[76.72188,11.73427],[76.72157,11.73431],[76.72129,11.73432],[76.72081,11.73434],[76.72051,11.73429],[76.71956,11.73382],[76.71849,11.73367],[76.71777,11.73365],[76.71708,11.73358]]},"properties":{"name":"Gundal","shedId":"C05CAM20"}},{"type":"Feature","geometry":{"type":"LineString","coordinates":[[76.58183,11.73178],[76.58101,11.73205],[76.58013,11.73221],[76.57964,11.73228],[76.57921,11.73227],[76.57891,11.73223],[76.57864,11.73216],[76.57838,11.73205],[76.5778,11.73164]]},"properties":{"shedId":"C05CAM20"}},{"type":"Feature","geometry":{"type":"LineString","coordinates":[[76.5755,11.7277],[76.57523,11.72808],[76.57492,11.72844],[76.57459,11.72881],[76.57434,11.72915],[76.574,11.72961],[76.57373,11.72997],[76.57356,11.73026],[76.57349,11.7305],[76.57353,11.73094],[76.57368,11.73118],[76.57391,11.73137],[76.57421,11.73161],[76.57455,11.73189],[76.57511,11.73229]]},"properties":{"shedId":"C05CAM20"}},{"type":"Feature","geometry":{"type":"LineString","coordinates":[[76.5778,11.73164],[76.57746,11.73179],[76.57682,11.73189],[76.57644,11.7319],[76.57597,11.73195],[76.57565,11.73198],[76.57539,11.73202],[76.57525,11.73214],[76.57511,11.73229]]},"properties":{"shedId":"C05CAM20"}},{"type":"Feature","geometry":{"type":"LineString","coordinates":[[76.79146,11.73933],[76.79114,11.73914],[76.78987,11.7385],[76.78972,11.73842],[76.78951,11.73838],[76.78933,11.73838],[76.78851,11.73848],[76.78821,11.73847],[76.78679,11.73825],[76.78571,11.73774],[76.78414,11.7373],[76.78266,11.73718],[76.7814,11.73693],[76.78002,11.73667],[76.77876,11.73622],[76.77803,11.73573],[76.77783,11.73563],[76.77761,11.7356],[76.7774,11.73563],[76.77704,11.7357],[76.77667,11.73567],[76.77616,11.73549],[76.77606,11.73545],[76.7754,11.73476],[76.77509,11.73452],[76.77487,11.73439],[76.77476,11.73435],[76.77463,11.73429],[76.7745,11.73427],[76.77347,11.73405],[76.77293,11.734],[76.77232,11.73381],[76.77143,11.73347],[76.77097,11.73337],[76.77062,11.7334],[76.77039,11.73344],[76.76953,11.73343]]},"properties":{"shedId":"C05CAM20"}},{"type":"Feature","geometry":{"type":"LineString","coordinates":[[76.79339,11.73694],[76.79265,11.73789],[76.79243,11.7382],[76.79219,11.73849],[76.79201,11.73871],[76.79187,11.73889],[76.79146,11.73933]]},"properties":{"shedId":"C05CAM20"}},{"type":"Feature","geometry":{"type":"LineString","coordinates":[[76.72559,11.73818],[76.72555,11.73786],[76.72537,11.73766],[76.72519,11.73745],[76.72512,11.73731],[76.72513,11.73713],[76.72538,11.73633],[76.72547,11.73614],[76.7255,11.7356]]},"properties":{"shedId":"C05CAM20"}},{"type":"Feature","geometry":{"type":"LineString","coordinates":[[76.61579,11.7324],[76.61598,11.73419],[76.61595,11.7346],[76.61585,11.73481],[76.61576,11.73504],[76.61571,11.7357]]},"properties":{"shedId":"C05CAM20"}},{"type":"Feature","geometry":{"type":"LineString","coordinates":[[76.60601,11.72828],[76.60624,11.72956],[76.6065,11.72999],[76.60675,11.73036],[76.60698,11.73061],[76.60738,11.73126],[76.60788,11.73164],[76.60836,11.732],[76.60996,11.73304],[76.61036,11.73336],[76.61071,11.73387],[76.612,11.7356],[76.61258,11.73606],[76.61305,11.7363],[76.61338,11.73638],[76.61398,11.73614],[76.61457,11.73583],[76.6149,11.7357],[76.61513,11.73566],[76.6154,11.73563],[76.61557,11.73566],[76.61571,11.7357]]},"properties":{"shedId":"C05CAM20"}},{"type":"Feature","geometry":{"type":"LineString","coordinates":[[76.58282,11.73369],[76.58306,11.73421],[76.58327,11.7345],[76.58348,11.73471],[76.58372,11.73499],[76.58392,11.73521],[76.58402,11.73539],[76.58411,11.73553],[76.58431,11.73575]]},"properties":{"shedId":"C05CAM20"}},{"type":"Feature","geometry":{"type":"LineString","coordinates":[[76.58434,11.73435],[76.58431,11.73575]]},"properties":{"shedId":"C05CAM20"}},{"type":"Feature","geometry":{"type":"LineString","coordinates":[[76.73095,11.73908],[76.73031,11.73905],[76.72958,11.73913],[76.72843,11.73917],[76.72754,11.73899],[76.72635,11.73857],[76.72559,11.73818]]},"properties":{"shedId":"C05CAM20"}},{"type":"Feature","geometry":{"type":"LineString","coordinates":[[76.80059,11.73611],[76.80003,11.73674],[76.79957,11.73729],[76.79866,11.7381],[76.79795,11.73896],[76.79772,11.73957],[76.79761,11.73994],[76.79752,11.74008],[76.79731,11.74016],[76.79699,11.74027],[76.79687,11.74033],[76.79681,11.74041],[76.7968,11.74049],[76.79682,11.74065],[76.79682,11.7408],[76.79681,11.74086],[76.79676,11.74094],[76.79663,11.74103],[76.79656,11.74106],[76.79643,11.74109],[76.79561,11.74111],[76.79475,11.74112],[76.79438,11.74109],[76.79373,11.74076],[76.79253,11.73996],[76.79146,11.73933]]},"properties":{"shedId":"C05CAM20"}},{"type":"Feature","geometry":{"type":"LineString","coordinates":[[76.59768,11.73055],[76.5977,11.73066],[76.59769,11.73077],[76.59758,11.73103],[76.5976,11.73132],[76.59768,11.73155],[76.59789,11.73176],[76.59839,11.73222],[76.59863,11.73248],[76.5987,11.73284],[76.59871,11.73314],[76.59873,11.73341],[76.59878,11.73357],[76.59887,11.73382],[76.59898,11.73401],[76.59912,11.73418],[76.59986,11.73494],[76.60013,11.73521],[76.60025,11.73545],[76.60031,11.73589],[76.6003,11.73642],[76.60033,11.73666],[76.60042,11.73697],[76.60054,11.7372],[76.60066,11.73732]]},"properties":{"shedId":"C05CAM20"}},{"type":"Feature","geometry":{"type":"LineString","coordinates":[[76.58355,11.72956],[76.58441,11.73054],[76.58493,11.73088],[76.58538,11.7311],[76.58606,11.73149],[76.58641,11.73182],[76.58768,11.73349],[76.58784,11.73376],[76.58795,11.73409],[76.58802,11.73438],[76.5882,11.73468],[76.58837,11.73483],[76.58978,11.73534],[76.59017,11.73551],[76.5906,11.73575],[76.59098,11.73599],[76.5914,11.73623],[76.59188,11.7364],[76.59262,11.73641],[76.59333,11.73628],[76.59443,11.73598],[76.59459,11.73586],[76.59503,11.73572],[76.5952,11.73563],[76.59552,11.73546],[76.59577,11.73532],[76.59606,11.73526],[76.59636,11.73522],[76.59664,11.73528],[76.59701,11.73547],[76.59742,11.73574],[76.59792,11.73606],[76.59826,11.73626],[76.59892,11.73641],[76.59901,11.73654],[76.59905,11.73675],[76.59906,11.73689],[76.59909,11.73701],[76.59915,11.73721],[76.59931,11.73735],[76.59947,11.7374],[76.59982,11.73742],[76.60066,11.73732]]},"properties":{"shedId":"C05CAM20"}},{"type":"Feature","geometry":{"type":"LineString","coordinates":[[76.70529,11.71934],[76.70548,11.7202],[76.70552,11.72075],[76.70549,11.72113],[76.70548,11.72266],[76.7055,11.72359],[76.70551,11.72396],[76.70544,11.72425],[76.70524,11.72448],[76.70505,11.72464],[76.70492,11.72489],[76.70488,11.72508],[76.70469,11.72626],[76.70454,11.727],[76.70451,11.72755],[76.70452,11.72804],[76.70458,11.7286],[76.70557,11.73001],[76.70602,11.73053],[76.70657,11.73067],[76.70689,11.73067],[76.70702,11.73068],[76.70714,11.73073],[76.70722,11.73078],[76.70734,11.73088],[76.70795,11.73302],[76.7088,11.73546],[76.70917,11.73715],[76.70935,11.73755],[76.70963,11.73776],[76.71,11.73799],[76.71028,11.73822],[76.71048,11.73858],[76.71069,11.73925],[76.71099,11.74014]]},"properties":{"shedId":"C05CAM20"}},{"type":"Feature","geometry":{"type":"LineString","coordinates":[[76.71572,11.73396],[76.71516,11.73417],[76.71473,11.73417],[76.71446,11.73415],[76.71423,11.73407],[76.71382,11.73403],[76.71362,11.73411],[76.71354,11.73422],[76.71359,11.73449],[76.7137,11.73476],[76.71445,11.73581],[76.71457,11.73602],[76.71458,11.73622],[76.71451,11.73639],[76.71428,11.7366],[76.714,11.73682],[76.71374,11.73702],[76.7127,11.7377],[76.71246,11.7379],[76.71238,11.73812],[76.71232,11.73846],[76.71226,11.73874],[76.71218,11.739],[76.71207,11.73923],[76.71142,11.73985],[76.71099,11.74014]]},"properties":{"name":"Gundal","shedId":"C05CAM20"}},{"type":"Feature","geometry":{"type":"LineString","coordinates":[[76.63145,11.73395],[76.63369,11.73379],[76.63578,11.73372],[76.63658,11.73352],[76.63717,11.73343],[76.6379,11.73347],[76.63955,11.73338],[76.63988,11.73344],[76.64027,11.73357],[76.64045,11.73376],[76.64069,11.734],[76.64078,11.73405],[76.64091,11.73411],[76.64122,11.73418],[76.64288,11.73434],[76.64377,11.73459],[76.64457,11.73482],[76.64565,11.73554],[76.64609,11.73602],[76.64609,11.73697],[76.64629,11.7377],[76.64657,11.73805],[76.64701,11.73831],[76.64782,11.73857],[76.64996,11.73877]]},"properties":{"shedId":"C05CAM20"}},{"type":"Feature","geometry":{"type":"LineString","coordinates":[[76.63838,11.72427],[76.63933,11.72436],[76.64066,11.72488],[76.64139,11.72562],[76.64211,11.72696],[76.64236,11.72704],[76.64273,11.72704],[76.64404,11.72692],[76.64452,11.72715],[76.64466,11.72749],[76.64467,11.72794],[76.64456,11.72883],[76.64459,11.7302],[76.64501,11.73196],[76.64518,11.73211],[76.64549,11.73211],[76.64607,11.73196],[76.64654,11.73185],[76.64688,11.73189],[76.64717,11.73204],[76.64746,11.73285],[76.64822,11.73533],[76.64939,11.73829],[76.64996,11.73877]]},"properties":{"name":"Kodi Halla","shedId":"C05CAM20"}},{"type":"Feature","geometry":{"type":"LineString","coordinates":[[76.75972,11.7424],[76.75963,11.74175],[76.75958,11.74165],[76.7595,11.74152],[76.75944,11.74145],[76.75939,11.74138],[76.75933,11.74134],[76.75923,11.74132],[76.75894,11.74125],[76.75757,11.74119],[76.75719,11.74131],[76.75706,11.74146],[76.75683,11.74161],[76.75653,11.74176],[76.7559,11.74179],[76.75497,11.74166],[76.75438,11.74161],[76.75385,11.74156],[76.7535,11.74163],[76.75253,11.74182],[76.75202,11.74186],[76.75176,11.74178],[76.75154,11.74172],[76.75111,11.74175],[76.75017,11.74198],[76.74966,11.74215],[76.74933,11.74216],[76.74896,11.74216],[76.74881,11.74216],[76.74846,11.74215]]},"properties":{"shedId":"C05CAM20"}},{"type":"Feature","geometry":{"type":"LineString","coordinates":[[76.74846,11.74215],[76.74772,11.74217],[76.74674,11.74227],[76.74641,11.74227],[76.7461,11.74226],[76.74584,11.74216],[76.74551,11.74182],[76.74509,11.74149],[76.74495,11.74142],[76.74477,11.74139],[76.74464,11.74139],[76.74448,11.74137],[76.74436,11.74136],[76.74431,11.74132],[76.7443,11.74124],[76.74435,11.7407],[76.74434,11.74056],[76.74425,11.74029],[76.74417,11.74013],[76.74404,11.74001],[76.74344,11.73966],[76.74264,11.73924],[76.74154,11.73878],[76.74122,11.73873],[76.74033,11.73879],[76.73784,11.73937],[76.73687,11.73967],[76.73576,11.73977],[76.73493,11.73959],[76.73291,11.73916],[76.73095,11.73908]]},"properties":{"shedId":"C05CAM20"}},{"type":"Feature","geometry":{"type":"LineString","coordinates":[[76.71099,11.74014],[76.71073,11.74032],[76.71024,11.74052],[76.70956,11.74054],[76.70721,11.74032],[76.70671,11.74036],[76.70654,11.74038],[76.70626,11.74045],[76.70605,11.74058],[76.70585,11.74075],[76.70583,11.74103],[76.70579,11.74143],[76.70567,11.74179],[76.70563,11.74188]]},"properties":{"name":"Gundal","shedId":"C05CAM20"}},{"type":"Feature","geometry":{"type":"LineString","coordinates":[[76.56291,11.73628],[76.56366,11.7367],[76.5644,11.73709],[76.56649,11.73864],[76.56696,11.73902],[76.56723,11.73909],[76.56745,11.73913]]},"properties":{"shedId":"C05CAM20"}},{"type":"Feature","geometry":{"type":"LineString","coordinates":[[76.56617,11.73496],[76.56617,11.73546],[76.56632,11.73602],[76.5665,11.73656],[76.56683,11.7371],[76.56706,11.73756],[76.56719,11.7381],[76.56721,11.73862],[76.56745,11.73913]]},"properties":{"shedId":"C05CAM20"}},{"type":"Feature","geometry":{"type":"LineString","coordinates":[[76.58118,11.73711],[76.58197,11.73768],[76.58239,11.73787],[76.58275,11.73794],[76.58315,11.73799],[76.58328,11.73803],[76.58338,11.73808],[76.5835,11.73813],[76.58355,11.73819],[76.58359,11.73827],[76.58365,11.73842],[76.584,11.73962]]},"properties":{"shedId":"C05CAM20"}},{"type":"Feature","geometry":{"type":"LineString","coordinates":[[76.58431,11.73575],[76.58431,11.73609],[76.58426,11.73647],[76.58432,11.73703],[76.58441,11.73744],[76.58452,11.73776],[76.58456,11.73799],[76.58457,11.73819],[76.58457,11.73834],[76.58455,11.73848],[76.58454,11.73858],[76.58449,11.73871],[76.584,11.73962]]},"properties":{"shedId":"C05CAM20"}},{"type":"Feature","geometry":{"type":"LineString","coordinates":[[76.61571,11.7357],[76.61593,11.73576],[76.6163,11.73613],[76.61718,11.73875],[76.61757,11.73918],[76.61778,11.73939],[76.61805,11.73962],[76.61868,11.73999],[76.6197,11.74024],[76.62098,11.74048],[76.62241,11.74092],[76.62326,11.74116],[76.62378,11.74136]]},"properties":{"shedId":"C05CAM20"}},{"type":"Feature","geometry":{"type":"LineString","coordinates":[[76.63184,11.69227],[76.63238,11.69348],[76.63292,11.69464],[76.63334,11.69522],[76.63454,11.69687],[76.63485,11.6971],[76.63524,11.69729],[76.63564,11.6974],[76.63641,11.69782],[76.63688,11.69817],[76.6373,11.69868],[76.63753,11.69918],[76.63837,11.70082],[76.63849,11.70125],[76.63849,11.70167],[76.63844,11.702],[76.63832,11.70217],[76.63815,11.70229],[76.63806,11.70238],[76.63799,11.70246],[76.63789,11.70258],[76.63781,11.70275],[76.63782,11.70294],[76.63789,11.70331],[76.63827,11.7039],[76.6387,11.70432],[76.6389,11.70464],[76.6391,11.70498],[76.6393,11.70532],[76.63957,11.70567],[76.63987,11.70594],[76.64027,11.70621],[76.64064,11.70624],[76.64145,11.70601],[76.64164,11.70594],[76.64182,11.70596],[76.64205,11.7061],[76.64265,11.70679],[76.64332,11.70784],[76.64401,11.70842],[76.64435,11.70882],[76.64446,11.70933],[76.64459,11.71035],[76.64481,11.71153],[76.64489,11.71237],[76.64488,11.71292],[76.64477,11.71366],[76.64477,11.71401],[76.64481,11.71437],[76.64484,11.71449],[76.6449,11.7146],[76.64559,11.71554],[76.64676,11.71662],[76.64719,11.71753],[76.64767,11.71902],[76.648,11.71966],[76.64868,11.72021],[76.64891,11.72036],[76.64906,11.72054],[76.64907,11.72062],[76.64907,11.72107],[76.64898,11.72135],[76.64889,11.7216],[76.64886,11.72178],[76.64887,11.72198],[76.6489,11.72215],[76.64895,11.72228],[76.64914,11.72266],[76.64928,11.72318],[76.64937,11.72378],[76.64943,11.7241],[76.64954,11.72434],[76.65033,11.72545],[76.65121,11.72643],[76.65184,11.72694],[76.6521,11.72706],[76.65226,11.72719],[76.65237,11.7274],[76.65249,11.72765],[76.65282,11.72819],[76.653,11.72837],[76.65314,11.72847],[76.65338,11.72854],[76.65353,11.72861],[76.65367,11.72867],[76.65378,11.72877],[76.65389,11.72919],[76.65391,11.72941],[76.65395,11.72986],[76.65404,11.73016],[76.65422,11.73035],[76.65441,11.73047],[76.65462,11.7305],[76.6556,11.73028],[76.65576,11.73033],[76.6559,11.73038],[76.65604,11.73055],[76.65611,11.73067],[76.65618,11.73076],[76.65637,11.73089],[76.65663,11.731],[76.6569,11.7311],[76.65715,11.7312],[76.65732,11.7313],[76.65746,11.7314],[76.65783,11.73212],[76.65808,11.73238],[76.65824,11.73252],[76.65882,11.7327],[76.65904,11.73273],[76.65925,11.73281],[76.65937,11.73291],[76.6594,11.73304],[76.65938,11.73389],[76.65938,11.7342],[76.65943,11.7344],[76.65949,11.73451],[76.65961,11.73457],[76.65983,11.73463],[76.65993,11.73471],[76.66002,11.73479],[76.66022,11.73507],[76.66046,11.7359],[76.6606,11.73682],[76.66071,11.73736],[76.66121,11.73864],[76.66142,11.73923],[76.66147,11.73931],[76.66154,11.73935],[76.66161,11.73936],[76.66171,11.73934],[76.66183,11.73927],[76.66189,11.73919],[76.66196,11.73915],[76.66201,11.73914],[76.66207,11.73915],[76.66218,11.7392],[76.66232,11.73938],[76.66307,11.74013],[76.66318,11.74028],[76.66328,11.74037],[76.66346,11.74042],[76.6637,11.74037],[76.66444,11.74023],[76.66464,11.74024],[76.66478,11.7403],[76.66494,11.74043],[76.66511,11.74064],[76.66525,11.74154],[76.66536,11.74181],[76.66549,11.74198],[76.66581,11.74217],[76.66599,11.74229],[76.6667,11.74269],[76.66752,11.74303],[76.66885,11.74346]]},"properties":{"shedId":"C05CAM20"}},{"type":"Feature","geometry":{"type":"LineString","coordinates":[[76.64996,11.73877],[76.6509,11.73923],[76.65509,11.7408],[76.65631,11.74133],[76.6568,11.74144],[76.65745,11.74144],[76.65816,11.74146],[76.66022,11.74168],[76.66094,11.74187],[76.66168,11.74216],[76.66386,11.74339],[76.66467,11.74361],[76.6657,11.74361],[76.66753,11.74359],[76.66885,11.74346]]},"properties":{"name":"Kodi Halla","shedId":"C05CAM20"}},{"type":"Feature","geometry":{"type":"LineString","coordinates":[[76.62378,11.74136],[76.62403,11.74145],[76.62481,11.7418],[76.62554,11.74273]]},"properties":{"shedId":"C05CAM20"}},{"type":"Feature","geometry":{"type":"LineString","coordinates":[[76.62541,11.72898],[76.6258,11.72982],[76.62633,11.73114],[76.62638,11.73138],[76.62645,11.73177],[76.62673,11.73349],[76.62708,11.73434],[76.62719,11.73483],[76.62719,11.73584],[76.62707,11.73672],[76.62696,11.73709],[76.62688,11.73724],[76.62661,11.73753],[76.62615,11.73816],[76.62563,11.73897],[76.62552,11.73957],[76.62545,11.74003],[76.62543,11.74062],[76.6255,11.74115],[76.62554,11.74273]]},"properties":{"shedId":"C05CAM20"}},{"type":"Feature","geometry":{"type":"LineString","coordinates":[[76.70563,11.74188],[76.70556,11.74208],[76.70539,11.74224],[76.70512,11.7423],[76.70471,11.74223],[76.70445,11.74215],[76.70401,11.74208],[76.70345,11.74212],[76.70181,11.7426],[76.70135,11.74306],[76.7009,11.74349],[76.70019,11.74376],[76.69878,11.74392],[76.69716,11.74454]]},"properties":{"name":"Gundal","shedId":"C05CAM20"}},{"type":"Feature","geometry":{"type":"LineString","coordinates":[[76.76818,11.74618],[76.76785,11.74582],[76.76746,11.7456],[76.76672,11.74513],[76.76611,11.74482],[76.76467,11.74428],[76.7633,11.74386],[76.76238,11.74374],[76.76216,11.74372],[76.76202,11.74371],[76.76195,11.74367],[76.7619,11.74358],[76.7619,11.74353],[76.76195,11.74297],[76.76196,11.74277],[76.76196,11.74262],[76.76194,11.74257],[76.76189,11.74248],[76.76187,11.74247],[76.76175,11.74244],[76.76111,11.74241],[76.76037,11.7425],[76.76018,11.74259],[76.76002,11.74259],[76.75987,11.74254],[76.75976,11.74244],[76.75972,11.7424]]},"properties":{"shedId":"C05CAM20"}},{"type":"Feature","geometry":{"type":"LineString","coordinates":[[76.77114,11.74283],[76.7703,11.74307],[76.76953,11.7435],[76.76922,11.74378],[76.76905,11.74399],[76.7687,11.74502],[76.76861,11.74545],[76.76843,11.74578],[76.76818,11.74618]]},"properties":{"shedId":"C05CAM20"}},{"type":"Feature","geometry":{"type":"LineString","coordinates":[[76.66946,11.72645],[76.66951,11.72655],[76.66955,11.72674],[76.66974,11.72707],[76.66997,11.72733],[76.67051,11.7275],[76.67121,11.72769],[76.67302,11.72838],[76.67367,11.72875],[76.67417,11.72907],[76.67525,11.73083],[76.67572,11.73156],[76.67602,11.73239],[76.67617,11.7331],[76.67617,11.73378],[76.67604,11.73431],[76.6757,11.73468],[76.67533,11.73482],[76.67491,11.73492],[76.67367,11.73575],[76.67345,11.73601],[76.67334,11.73654],[76.67331,11.73725],[76.67333,11.73777],[76.6732,11.73818],[76.67296,11.73844],[76.67279,11.73868],[76.67274,11.73881],[76.67272,11.73898],[76.67272,11.73939],[76.67279,11.73984],[76.6734,11.74091],[76.67385,11.74178],[76.67397,11.74214],[76.67397,11.74243],[76.67382,11.74277],[76.6737,11.74289],[76.67363,11.74298],[76.67347,11.7431],[76.6734,11.74334],[76.67342,11.74361],[76.67352,11.74404],[76.67373,11.74479]]},"properties":{"name":"Hakkarkatte Yullu","shedId":"C05CAM20"}},{"type":"Feature","geometry":{"type":"LineString","coordinates":[[76.66885,11.74346],[76.669,11.74345],[76.66977,11.74345],[76.67038,11.74345],[76.67103,11.74362],[76.67257,11.74451],[76.67343,11.74479],[76.67373,11.74479]]},"properties":{"name":"Kodi Halla","shedId":"C05CAM20"}},{"type":"Feature","geometry":{"type":"LineString","coordinates":[[76.57895,11.73951],[76.57946,11.74013],[76.57997,11.74087],[76.58041,11.74137],[76.58217,11.7428],[76.58242,11.74298]]},"properties":{"shedId":"C05CAM20"}},{"type":"Feature","geometry":{"type":"LineString","coordinates":[[76.56745,11.73913],[76.56761,11.73921],[76.56824,11.74023],[76.56867,11.74104],[76.56897,11.74169],[76.56939,11.74274]]},"properties":{"shedId":"C05CAM20"}},{"type":"Feature","geometry":{"type":"LineString","coordinates":[[76.57511,11.73229],[76.57503,11.7325],[76.57501,11.73309],[76.575,11.73332],[76.57498,11.73353],[76.57487,11.73371],[76.57427,11.73423],[76.57395,11.73448],[76.57321,11.73483],[76.57302,11.73495],[76.5729,11.73512],[76.57278,11.73529],[76.57268,11.73558],[76.57268,11.7358],[76.57271,11.73601],[76.57265,11.73675],[76.57261,11.73696],[76.57255,11.7371],[76.57246,11.73717],[76.57233,11.73722],[76.5722,11.73725],[76.57208,11.73731],[76.57198,11.73738],[76.57193,11.73747],[76.57193,11.73757],[76.57195,11.73764],[76.57198,11.73769],[76.57202,11.73775],[76.57206,11.73781],[76.57209,11.73788],[76.57209,11.73798],[76.57194,11.7384],[76.57176,11.73868],[76.57149,11.73897],[76.57138,11.73922],[76.5713,11.73963],[76.57118,11.7399],[76.57113,11.73996],[76.57103,11.74006],[76.57099,11.7401],[76.57094,11.74016],[76.57091,11.74022],[76.57089,11.74025],[76.57085,11.74034],[76.57085,11.74047],[76.57096,11.74085],[76.57098,11.74097],[76.57095,11.7411],[76.5709,11.74118],[76.57077,11.74125],[76.57071,11.74129],[76.57066,11.74134],[76.56998,11.74179],[76.56967,11.74224],[76.56939,11.74274]]},"properties":{"shedId":"C05CAM20"}},{"type":"Feature","geometry":{"type":"LineString","coordinates":[[76.55587,11.7401],[76.557,11.74032],[76.55797,11.74091],[76.55887,11.74142],[76.55928,11.74161],[76.55954,11.74181],[76.55962,11.74201],[76.55966,11.74221],[76.55979,11.74237],[76.55994,11.74251],[76.56021,11.74262],[76.561,11.74278]]},"properties":{"shedId":"C05CAM20"}},{"type":"Feature","geometry":{"type":"LineString","coordinates":[[76.55247,11.73897],[76.55317,11.73883],[76.55398,11.73869],[76.55437,11.73869],[76.5546,11.7387],[76.55531,11.7388],[76.55566,11.73887],[76.5561,11.73891],[76.55652,11.73893],[76.55798,11.73901],[76.55836,11.73903],[76.55872,11.73915],[76.55905,11.7393],[76.55937,11.73948],[76.56006,11.74019],[76.56024,11.74046],[76.56026,11.74077],[76.56029,11.74103],[76.5604,11.74143],[76.56056,11.74177],[76.56081,11.74253],[76.561,11.74278]]},"properties":{"shedId":"C05CAM20"}},{"type":"Feature","geometry":{"type":"LineString","coordinates":[[76.584,11.73962],[76.5842,11.73995],[76.5843,11.74018],[76.58454,11.74068],[76.5848,11.74104],[76.58518,11.74134],[76.58556,11.74162],[76.58571,11.7417],[76.58584,11.74174],[76.58592,11.74179],[76.58601,11.74186],[76.5865,11.74269],[76.58679,11.743],[76.58705,11.74315],[76.58734,11.74327],[76.58834,11.7435]]},"properties":{"shedId":"C05CAM20"}},{"type":"Feature","geometry":{"type":"LineString","coordinates":[[76.58815,11.739],[76.58824,11.74063],[76.58821,11.74126],[76.58824,11.74163],[76.5883,11.74196],[76.58833,11.74221],[76.58847,11.74305],[76.58848,11.74323],[76.58834,11.7435]]},"properties":{"shedId":"C05CAM20"}},{"type":"Feature","geometry":{"type":"LineString","coordinates":[[76.72544,11.74673],[76.72537,11.74569],[76.72537,11.74547],[76.72544,11.74482],[76.72553,11.74434],[76.72547,11.74334],[76.72543,11.74259],[76.72538,11.73986],[76.72541,11.73919],[76.72559,11.73818]]},"properties":{"shedId":"C05CAM20"}},{"type":"Feature","geometry":{"type":"LineString","coordinates":[[76.57655,11.74337],[76.57733,11.74308],[76.57783,11.74291],[76.57821,11.74291],[76.5796,11.74289],[76.58111,11.74294],[76.58242,11.74298]]},"properties":{"shedId":"C05CAM20"}},{"type":"Feature","geometry":{"type":"LineString","coordinates":[[76.68718,11.7197],[76.68738,11.71979],[76.68749,11.71987],[76.68826,11.72093],[76.68849,11.72125],[76.68858,11.72133],[76.68881,11.72148],[76.68892,11.72155],[76.68905,11.72165],[76.68916,11.72193],[76.68937,11.72363],[76.68931,11.72446],[76.68931,11.72589],[76.68949,11.72648],[76.68962,11.72672],[76.68977,11.72683],[76.69023,11.72689],[76.69041,11.72691],[76.69066,11.72693],[76.69077,11.72702],[76.69082,11.72713],[76.69084,11.72732],[76.69084,11.72761],[76.69081,11.72783],[76.69078,11.72788],[76.69071,11.72795],[76.69064,11.728],[76.69053,11.72803],[76.69047,11.72805],[76.69025,11.72817],[76.69019,11.72823],[76.69016,11.7284],[76.69017,11.72888],[76.69022,11.72899],[76.69028,11.72911],[76.69038,11.72919],[76.69055,11.7293],[76.69066,11.72937],[76.69074,11.72948],[76.69077,11.72959],[76.69071,11.7301],[76.69056,11.73054],[76.69046,11.73072],[76.69045,11.7308],[76.69045,11.73088],[76.69046,11.73095],[76.69047,11.73106],[76.69056,11.73118],[76.69057,11.73124],[76.69057,11.73129],[76.69056,11.73134],[76.69051,11.73139],[76.6905,11.7314],[76.69045,11.73143],[76.69043,11.73144],[76.69039,11.73146],[76.69036,11.73149],[76.69035,11.73152],[76.69034,11.73157],[76.69036,11.73164],[76.69041,11.73173],[76.69043,11.73181],[76.69044,11.73187],[76.69043,11.73229],[76.69037,11.73286],[76.69035,11.73326],[76.69034,11.7336],[76.69038,11.73374],[76.69044,11.73388],[76.69052,11.73398],[76.69058,11.73408],[76.6906,11.73417],[76.69059,11.73427],[76.69064,11.73462],[76.69073,11.73494],[76.69093,11.73523],[76.69113,11.73544],[76.69119,11.73573],[76.69122,11.73603],[76.69141,11.73661],[76.69185,11.73761],[76.69193,11.73805],[76.69197,11.73844],[76.6919,11.74029],[76.69161,11.74208],[76.69147,11.7427],[76.69147,11.74344],[76.69135,11.74452],[76.69129,11.74617]]},"properties":{"shedId":"C05CAM20"}},{"type":"Feature","geometry":{"type":"LineString","coordinates":[[76.69716,11.74454],[76.69534,11.74524],[76.69376,11.74602],[76.69298,11.7463],[76.69212,11.74622],[76.69175,11.74615],[76.69129,11.74617]]},"properties":{"name":"Gundal","shedId":"C05CAM20"}},{"type":"Feature","geometry":{"type":"LineString","coordinates":[[76.73203,11.74728],[76.73205,11.74712],[76.73207,11.74699],[76.73207,11.74691],[76.7321,11.74685],[76.73214,11.74678],[76.73219,11.74671],[76.73229,11.74655],[76.73235,11.74644],[76.73237,11.74633],[76.73238,11.74534],[76.73239,11.74503],[76.73236,11.74487],[76.7323,11.74473],[76.73221,11.74457],[76.73215,11.74444],[76.73212,11.74438],[76.7321,11.74424],[76.7322,11.7434],[76.73237,11.7428],[76.73255,11.74262],[76.73258,11.74251],[76.73258,11.74243],[76.73254,11.74226],[76.73246,11.74217],[76.73188,11.74179],[76.7316,11.74166],[76.73148,11.74144],[76.73134,11.74117],[76.73125,11.74085],[76.73095,11.73908]]},"properties":{"shedId":"C05CAM20"}},{"type":"Feature","geometry":{"type":"LineString","coordinates":[[76.71751,11.74732],[76.71723,11.74723],[76.7166,11.74694],[76.71623,11.74681],[76.71553,11.7467],[76.7154,11.74666],[76.71534,11.74664],[76.71532,11.74663],[76.71528,11.74658],[76.71528,11.74647],[76.71531,11.74616],[76.71531,11.74608],[76.71528,11.74602],[76.71521,11.74593],[76.71512,11.74588],[76.71395,11.74576],[76.71334,11.74561],[76.71324,11.74555],[76.71314,11.74547],[76.71308,11.7454],[76.71305,11.74524],[76.71298,11.74465],[76.71296,11.74449],[76.71292,11.74441],[76.71286,11.74432],[76.71274,11.74422],[76.7121,11.74407],[76.7109,11.74397],[76.7101,11.74384],[76.70991,11.74384],[76.70973,11.7438],[76.70958,11.74371],[76.70951,11.74364],[76.7094,11.74355],[76.70896,11.74323],[76.70884,11.74309],[76.7087,11.74298],[76.70853,11.74291],[76.70849,11.74289],[76.70737,11.74259],[76.7069,11.7425],[76.70666,11.74237],[76.70657,11.74233],[76.70627,11.74219],[76.70563,11.74188]]},"properties":{"shedId":"C05CAM20"}},{"type":"Feature","geometry":{"type":"LineString","coordinates":[[76.60066,11.73732],[76.60167,11.73811],[76.6028,11.73884],[76.60327,11.73927],[76.60355,11.7397],[76.60372,11.74006],[76.60386,11.74049],[76.6041,11.74093],[76.60475,11.74212],[76.60525,11.74285],[76.60545,11.74308],[76.60572,11.74327],[76.60623,11.74342],[76.60648,11.74338],[76.60665,11.7433],[76.60682,11.74311],[76.60701,11.74295],[76.60731,11.74282],[76.60766,11.74283],[76.60796,11.74295],[76.60898,11.74368],[76.60997,11.74431],[76.61066,11.7446],[76.61141,11.74483],[76.6119,11.74492],[76.61251,11.74489],[76.61323,11.74467],[76.61398,11.74414],[76.61437,11.74371],[76.61451,11.74353],[76.61474,11.74341],[76.61602,11.74316],[76.61795,11.74289],[76.61955,11.74272],[76.62101,11.74232],[76.62247,11.74187],[76.62378,11.74136]]},"properties":{"shedId":"C05CAM20"}},{"type":"Feature","geometry":{"type":"LineString","coordinates":[[76.78645,11.74916],[76.78602,11.74893],[76.78569,11.74872],[76.78533,11.74847],[76.78508,11.74837],[76.78485,11.74831],[76.78414,11.7481],[76.78389,11.74804],[76.78355,11.74797],[76.78326,11.74798],[76.78269,11.74802],[76.78174,11.74797],[76.78124,11.74809],[76.78094,11.74819],[76.77991,11.74861],[76.77928,11.74893],[76.77885,11.74904],[76.77843,11.74917],[76.77811,11.74923],[76.77781,11.74927],[76.77677,11.74938],[76.77541,11.7494],[76.77513,11.74939],[76.77487,11.74931],[76.77467,11.74916],[76.77447,11.74892],[76.77437,11.74863],[76.77431,11.74851],[76.77425,11.74843],[76.77423,11.74842],[76.77407,11.74834],[76.774,11.7483],[76.77396,11.74828],[76.77388,11.74823],[76.77374,11.74812],[76.77363,11.74806],[76.7735,11.748],[76.7729,11.74785],[76.77248,11.74774],[76.77231,11.74768],[76.77224,11.74767],[76.77204,11.74754],[76.77193,11.74747],[76.77188,11.74745],[76.77172,11.7474],[76.77153,11.74736],[76.77076,11.74733],[76.77056,11.74734],[76.77035,11.74728],[76.77002,11.7471],[76.76987,11.74702],[76.7697,11.74696],[76.76951,11.74694],[76.76935,11.74694],[76.76932,11.74694],[76.76916,11.74692],[76.76885,11.74676],[76.76827,11.74628],[76.76818,11.74618]]},"properties":{"shedId":"C05CAM20"}},{"type":"Feature","geometry":{"type":"LineString","coordinates":[[76.76207,11.74922],[76.76202,11.74912],[76.76199,11.74898],[76.76192,11.74824],[76.76179,11.74793],[76.76147,11.74762],[76.76081,11.74701],[76.76066,11.74683],[76.76061,11.74674],[76.76055,11.74658],[76.76053,11.74633],[76.76052,11.74621],[76.7605,11.7461],[76.76043,11.74599],[76.76,11.74552],[76.7598,11.74535],[76.75972,11.74518],[76.75967,11.74506],[76.75966,11.74498],[76.75966,11.74487],[76.75968,11.74393],[76.75961,11.74338],[76.75966,11.74282],[76.75972,11.7424]]},"properties":{"shedId":"C05CAM20"}},{"type":"Feature","geometry":{"type":"LineString","coordinates":[[76.561,11.74278],[76.56126,11.74297],[76.56147,11.74311],[76.56189,11.74338],[76.56246,11.74376],[76.56265,11.74378],[76.56288,11.74374],[76.56297,11.74374],[76.563,11.74374],[76.56317,11.7438],[76.56333,11.74394],[76.56349,11.74417],[76.56365,11.74438],[76.56378,11.74447],[76.56386,11.74452],[76.56395,11.74461]]},"properties":{"shedId":"C05CAM20"}},{"type":"Feature","geometry":{"type":"LineString","coordinates":[[76.58242,11.74298],[76.58271,11.74318],[76.58352,11.74362],[76.58404,11.74397],[76.58443,11.74433],[76.58482,11.74463],[76.58523,11.74485],[76.58579,11.74514],[76.58645,11.74532],[76.58711,11.74533],[76.58751,11.74531],[76.58765,11.74531],[76.58815,11.74532],[76.58867,11.74536],[76.58923,11.74546]]},"properties":{"shedId":"C05CAM20"}},{"type":"Feature","geometry":{"type":"LineString","coordinates":[[76.58834,11.7435],[76.58864,11.74358],[76.58895,11.74372],[76.58906,11.74385],[76.5891,11.74393],[76.58917,11.744],[76.58927,11.74408],[76.58933,11.74414],[76.58937,11.74425],[76.58935,11.74438],[76.5892,11.74496],[76.58914,11.74517],[76.58916,11.74535],[76.58919,11.74542],[76.58923,11.74546]]},"properties":{"shedId":"C05CAM20"}},{"type":"Feature","geometry":{"type":"LineString","coordinates":[[76.55771,11.74421],[76.55872,11.74468],[76.5592,11.74472],[76.56004,11.74472],[76.56058,11.74469],[76.56096,11.74468],[76.56136,11.74468],[76.56227,11.74485],[76.56261,11.74497],[76.56287,11.74499],[76.56305,11.74497],[76.56329,11.74487],[76.56395,11.74461]]},"properties":{"shedId":"C05CAM20"}},{"type":"Feature","geometry":{"type":"LineString","coordinates":[[76.52823,11.73692],[76.52854,11.73789],[76.52869,11.73864],[76.52896,11.73968],[76.52926,11.74113],[76.52941,11.74164],[76.5297,11.74205],[76.53,11.7424],[76.53163,11.74377],[76.53241,11.74456]]},"properties":{"shedId":"C05CAM20"}},{"type":"Feature","geometry":{"type":"LineString","coordinates":[[76.53853,11.73913],[76.53798,11.74047],[76.53787,11.7409],[76.53761,11.74116],[76.53736,11.74135],[76.53665,11.74145],[76.53507,11.74148],[76.53461,11.7415],[76.53408,11.7415],[76.53394,11.74154],[76.53362,11.74163],[76.53345,11.74172],[76.5333,11.74184],[76.53313,11.74215],[76.53306,11.74254],[76.53317,11.7429],[76.53327,11.7432],[76.53329,11.74344],[76.5332,11.74367],[76.53273,11.74404],[76.53255,11.74424],[76.53241,11.74456]]},"properties":{"shedId":"C05CAM20"}},{"type":"Feature","geometry":{"type":"LineString","coordinates":[[76.67373,11.74479],[76.67451,11.7448],[76.6749,11.74465],[76.67525,11.74454],[76.67557,11.7446],[76.67572,11.74477],[76.67586,11.74514],[76.67608,11.74574],[76.67636,11.74629],[76.6767,11.74665],[76.67713,11.74681],[76.67752,11.747],[76.67763,11.74718],[76.6777,11.74751],[76.6778,11.74803],[76.67781,11.74838],[76.67791,11.74868],[76.6781,11.74888]]},"properties":{"name":"Kodi Halla","shedId":"C05CAM20"}},{"type":"Feature","geometry":{"type":"LineString","coordinates":[[76.67009,11.74926],[76.67042,11.74906],[76.67071,11.7488],[76.67112,11.7486],[76.67162,11.74844],[76.67278,11.74849],[76.67357,11.74864],[76.67385,11.74865],[76.67455,11.74868],[76.67592,11.74868],[76.67658,11.74881],[76.67729,11.74889],[76.6781,11.74888]]},"properties":{"shedId":"C05CAM20"}},{"type":"Feature","geometry":{"type":"LineString","coordinates":[[76.72673,11.75058],[76.72571,11.74936],[76.72552,11.74907],[76.72531,11.74893],[76.72507,11.74885],[76.72476,11.74881],[76.7245,11.7488],[76.72433,11.74875],[76.72413,11.74858],[76.724,11.7483],[76.72378,11.74789],[76.72359,11.74762],[76.72343,11.74749],[76.72317,11.74739],[76.72191,11.74702],[76.72162,11.74695],[76.72138,11.74691],[76.72123,11.74694],[76.7211,11.74702],[76.72088,11.74708],[76.72078,11.74708],[76.72066,11.74709],[76.71874,11.74718],[76.71835,11.74714],[76.71808,11.74713],[76.7177,11.74716],[76.71751,11.74732]]},"properties":{"shedId":"C05CAM20"}},{"type":"Feature","geometry":{"type":"LineString","coordinates":[[76.53241,11.74456],[76.53241,11.74493],[76.53261,11.74606]]},"properties":{"shedId":"C05CAM20"}},{"type":"Feature","geometry":{"type":"LineString","coordinates":[[76.54217,11.73886],[76.54202,11.74015],[76.54183,11.74071],[76.54165,11.74119],[76.54145,11.74159],[76.54121,11.74201],[76.54093,11.74231],[76.54056,11.74262],[76.54026,11.74281],[76.53977,11.74284],[76.53827,11.7431],[76.53629,11.74353],[76.53508,11.7438],[76.53453,11.74395],[76.5341,11.74411],[76.53381,11.74438],[76.53358,11.74459],[76.53333,11.74481],[76.53301,11.74533],[76.53261,11.74606]]},"properties":{"shedId":"C05CAM20"}},{"type":"Feature","geometry":{"type":"LineString","coordinates":[[76.54923,11.74222],[76.54912,11.7426],[76.54895,11.74291],[76.54876,11.74342],[76.54858,11.74389],[76.54857,11.74416],[76.54873,11.74509],[76.54891,11.74576],[76.54897,11.74647]]},"properties":{"shedId":"C05CAM20"}},{"type":"Feature","geometry":{"type":"LineString","coordinates":[[76.5502,11.74424],[76.54976,11.74489],[76.54934,11.74566],[76.54897,11.74647]]},"properties":{"shedId":"C05CAM20"}},{"type":"Feature","geometry":{"type":"LineString","coordinates":[[76.56395,11.74461],[76.56409,11.74475],[76.56439,11.74494],[76.56464,11.74501],[76.56483,11.74505],[76.56506,11.74499],[76.56525,11.74489],[76.56535,11.74486],[76.56546,11.74485],[76.56573,11.74484],[76.56629,11.7449],[76.56649,11.74495],[76.56661,11.74502],[76.56685,11.74518],[76.56703,11.74535],[76.56715,11.74542],[76.56727,11.74545],[76.56732,11.74547],[76.56739,11.74549],[76.56746,11.7455],[76.56756,11.74553],[76.56769,11.74564],[76.56778,11.74574],[76.56789,11.74586],[76.56801,11.74597],[76.56819,11.7461],[76.56827,11.74613],[76.56833,11.74616],[76.56837,11.74619],[76.56841,11.74625],[76.56845,11.74631],[76.5685,11.74635],[76.56856,11.74638],[76.56858,11.74639],[76.5687,11.74643],[76.56875,11.74646],[76.56879,11.74648],[76.5688,11.74649],[76.56883,11.74653],[76.56884,11.74654],[76.56889,11.7466],[76.56891,11.74664],[76.569,11.74669],[76.56909,11.74672],[76.56914,11.74675],[76.56917,11.7468],[76.56922,11.74696],[76.56925,11.74702],[76.56931,11.74708],[76.56935,11.74709],[76.5694,11.74709],[76.56947,11.74708],[76.56953,11.74708],[76.56961,11.74711],[76.56978,11.74721],[76.56988,11.74725],[76.57008,11.74727]]},"properties":{"shedId":"C05CAM20"}},{"type":"Feature","geometry":{"type":"LineString","coordinates":[[76.56939,11.74274],[76.56943,11.743],[76.56942,11.74326],[76.56942,11.74345],[76.56948,11.74362],[76.56962,11.7439],[76.56988,11.74424],[76.56994,11.7444],[76.56994,11.74453],[76.56992,11.74461],[76.56989,11.74472],[76.5699,11.7448],[76.56993,11.74487],[76.57,11.74492],[76.57003,11.74494],[76.57004,11.74496],[76.57004,11.74504],[76.57004,11.74511],[76.57002,11.74517],[76.56997,11.74525],[76.56989,11.74532],[76.56986,11.74535],[76.56984,11.74537],[76.56981,11.74547],[76.56981,11.74557],[76.56988,11.74598],[76.56989,11.74618],[76.56987,11.74629],[76.56989,11.74638],[76.5699,11.74656],[76.56992,11.74665],[76.56994,11.74674],[76.56996,11.74686],[76.56997,11.74692],[76.56998,11.74707],[76.57008,11.74727]]},"properties":{"shedId":"C05CAM20"}},{"type":"Feature","geometry":{"type":"LineString","coordinates":[[76.63183,11.75128],[76.63227,11.75138],[76.63322,11.75141],[76.63362,11.7515],[76.63393,11.75166],[76.63399,11.7517],[76.63412,11.75178],[76.63433,11.75182],[76.63468,11.75179],[76.63488,11.75172],[76.6351,11.75171],[76.63539,11.75174],[76.63566,11.75178],[76.63595,11.75182],[76.63681,11.75177],[76.63727,11.75183],[76.63742,11.75184]]},"properties":{"shedId":"C05CAM20"}},{"type":"Feature","geometry":{"type":"LineString","coordinates":[[76.72184,11.75337],[76.72172,11.75324],[76.72097,11.75211],[76.72085,11.75197],[76.72064,11.7518],[76.72054,11.75161],[76.7204,11.75126],[76.72,11.7502],[76.7199,11.74989],[76.71979,11.74968],[76.7197,11.74961],[76.71956,11.74954],[76.71947,11.7495],[76.71938,11.74947],[76.71923,11.7494],[76.71905,11.7493],[76.71899,11.74926],[76.71895,11.7492],[76.71892,11.74913],[76.71875,11.7486],[76.71858,11.74842],[76.71847,11.74828],[76.71834,11.74819],[76.71798,11.74797],[76.71784,11.74784],[76.71776,11.74775],[76.71771,11.74765],[76.71769,11.74758],[76.71767,11.74747],[76.71766,11.74743],[76.71763,11.74737],[76.71758,11.74734],[76.71751,11.74732]]},"properties":{"shedId":"C05CAM20"}},{"type":"Feature","geometry":{"type":"LineString","coordinates":[[76.62554,11.74273],[76.62711,11.74473],[76.62772,11.74564],[76.62839,11.74665],[76.63,11.74806],[76.63049,11.7487],[76.6308,11.74928],[76.63105,11.7499],[76.63139,11.75067],[76.63183,11.75128]]},"properties":{"shedId":"C05CAM20"}},{"type":"Feature","geometry":{"type":"LineString","coordinates":[[76.54641,11.74125],[76.54627,11.7419],[76.54615,11.74232],[76.54607,11.7427],[76.54606,11.74304],[76.54612,11.74368],[76.54662,11.74478],[76.54681,11.74535],[76.54684,11.74567],[76.54676,11.74717],[76.54678,11.74783],[76.54693,11.74851],[76.54706,11.74886],[76.54719,11.74909],[76.54722,11.74929],[76.5472,11.74946]]},"properties":{"shedId":"C05CAM20"}},{"type":"Feature","geometry":{"type":"LineString","coordinates":[[76.54897,11.74647],[76.54857,11.74737],[76.54826,11.74831],[76.54812,11.74857],[76.54799,11.74871],[76.54764,11.74903],[76.5472,11.74946]]},"properties":{"shedId":"C05CAM20"}},{"type":"Feature","geometry":{"type":"LineString","coordinates":[[76.78458,11.75625],[76.78463,11.75529],[76.78459,11.75444],[76.78454,11.75399],[76.78451,11.75371],[76.78451,11.75367],[76.78456,11.75285],[76.78458,11.75265],[76.78467,11.75245],[76.78476,11.75205],[76.7848,11.75193],[76.7849,11.75188],[76.78507,11.75188],[76.78525,11.75188],[76.78532,11.75187],[76.7854,11.75183],[76.78544,11.75172],[76.78565,11.75092],[76.78569,11.75079],[76.78578,11.75064],[76.78593,11.7505],[76.78608,11.75035],[76.78618,11.75018],[76.7863,11.74974],[76.78645,11.74916]]},"properties":{"shedId":"C05CAM20"}},{"type":"Feature","geometry":{"type":"LineString","coordinates":[[76.72908,11.7541],[76.72875,11.75432],[76.7286,11.75433],[76.72837,11.75433],[76.72822,11.75435],[76.72801,11.75442],[76.72787,11.75452],[76.72774,11.75468],[76.72757,11.75491],[76.72744,11.75503],[76.72729,11.75508]]},"properties":{"shedId":"C05CAM20"}},{"type":"Feature","geometry":{"type":"LineString","coordinates":[[76.62779,11.75287],[76.62821,11.75272],[76.62845,11.75264],[76.62868,11.75263],[76.62927,11.7527],[76.62993,11.75275],[76.63025,11.75275],[76.63053,11.75275],[76.63106,11.75258],[76.63153,11.75229],[76.63162,11.75209],[76.63183,11.75128]]},"properties":{"shedId":"C05CAM20"}},{"type":"Feature","geometry":{"type":"LineString","coordinates":[[76.72729,11.75508],[76.72704,11.75507],[76.72673,11.75497],[76.72604,11.7548],[76.72567,11.75481],[76.72543,11.75487],[76.72498,11.7551],[76.72479,11.75518],[76.7246,11.75518],[76.72436,11.75508],[76.72405,11.75491],[76.72375,11.75474],[76.72365,11.75464],[76.72347,11.75451],[76.72321,11.75436],[76.72307,11.75431],[76.72299,11.75428],[76.72282,11.75422],[76.72262,11.75416],[76.72247,11.75407],[76.72235,11.75396],[76.72184,11.75337]]},"properties":{"shedId":"C05CAM20"}},{"type":"Feature","geometry":{"type":"LineString","coordinates":[[76.55208,11.74463],[76.55294,11.74544],[76.55356,11.74623],[76.55456,11.74761],[76.55567,11.74867],[76.55609,11.74903],[76.55687,11.74945],[76.55801,11.75005],[76.56012,11.75132]]},"properties":{"shedId":"C05CAM20"}},{"type":"Feature","geometry":{"type":"LineString","coordinates":[[76.55297,11.74303],[76.55354,11.74341],[76.55395,11.74377],[76.55414,11.74402],[76.55433,11.74427],[76.55447,11.7445],[76.55459,11.74486],[76.55468,11.74507],[76.5548,11.74529],[76.55512,11.74583],[76.55597,11.7468],[76.55629,11.74735],[76.55657,11.74764],[76.55681,11.74773],[76.55712,11.74788],[76.55742,11.74807],[76.55856,11.74901],[76.55888,11.74936],[76.55925,11.74959],[76.55938,11.74976],[76.5594,11.74983],[76.55951,11.75004],[76.5596,11.75021],[76.55969,11.75046],[76.55979,11.75066],[76.56012,11.75132]]},"properties":{"shedId":"C05CAM20"}},{"type":"Feature","geometry":{"type":"LineString","coordinates":[[76.70173,11.75521],[76.70084,11.75353],[76.70072,11.75317],[76.70067,11.75298],[76.70056,11.75269],[76.7005,11.75253],[76.7003,11.75218],[76.70013,11.7519],[76.70004,11.75182],[76.69984,11.75164],[76.69976,11.75158],[76.69957,11.75138],[76.69943,11.75118],[76.6994,11.75115],[76.69932,11.75101],[76.69928,11.75095],[76.6992,11.75068],[76.69905,11.74985],[76.69889,11.74942],[76.6987,11.74901],[76.69844,11.74859],[76.69827,11.74839],[76.69817,11.74828],[76.69807,11.74816],[76.69802,11.74811],[76.69792,11.74795],[76.69782,11.74765],[76.69779,11.74752],[76.6975,11.74641],[76.6975,11.74601],[76.69744,11.74545],[76.69728,11.74498],[76.69716,11.74454]]},"properties":{"shedId":"C05CAM20"}},{"type":"Feature","geometry":{"type":"LineString","coordinates":[[76.60574,11.75205],[76.60609,11.7521],[76.60631,11.75212],[76.60656,11.7522],[76.60682,11.75232],[76.60702,11.75241],[76.60728,11.75252],[76.60753,11.75266],[76.60772,11.75275],[76.60787,11.75278],[76.60809,11.75278],[76.60826,11.75279],[76.60843,11.75284],[76.6086,11.75295],[76.60873,11.7531],[76.60888,11.75332],[76.60894,11.7535],[76.60907,11.7536],[76.60918,11.75366],[76.6093,11.75367],[76.60943,11.75368],[76.60983,11.75369]]},"properties":{"shedId":"C05CAM20"}},{"type":"Feature","geometry":{"type":"LineString","coordinates":[[76.60905,11.75135],[76.60927,11.75151],[76.60933,11.7517],[76.60937,11.752],[76.60983,11.75369]]},"properties":{"shedId":"C05CAM20"}},{"type":"Feature","geometry":{"type":"LineString","coordinates":[[76.7875,11.75786],[76.78686,11.75764],[76.78636,11.75741],[76.78603,11.75723],[76.78584,11.75705],[76.78562,11.75674],[76.78541,11.75651],[76.78521,11.75636],[76.78458,11.75625]]},"properties":{"shedId":"C05CAM20"}},{"type":"Feature","geometry":{"type":"LineString","coordinates":[[76.63742,11.75184],[76.63957,11.75212],[76.6401,11.75215],[76.64069,11.75202],[76.64113,11.75184],[76.64129,11.75174],[76.64158,11.75166],[76.6425,11.75186],[76.64268,11.75187],[76.64292,11.75185],[76.6432,11.75184],[76.64338,11.75185],[76.6435,11.75193],[76.64357,11.75204],[76.64347,11.75234],[76.64336,11.75299],[76.64335,11.75313],[76.64336,11.75318],[76.64338,11.75323],[76.64344,11.75333],[76.64363,11.75337],[76.64559,11.7538],[76.64712,11.75435],[76.64819,11.75478],[76.64919,11.75497],[76.64952,11.75499],[76.64991,11.75498]]},"properties":{"shedId":"C05CAM20"}},{"type":"Feature","geometry":{"type":"LineString","coordinates":[[76.6781,11.74888],[76.67819,11.74895],[76.67938,11.74912],[76.68014,11.74901],[76.6812,11.74897],[76.68179,11.74905],[76.68235,11.74933],[76.68291,11.74957],[76.68371,11.74963],[76.68413,11.74957],[76.68446,11.74957],[76.68475,11.74971],[76.68499,11.75005],[76.6851,11.75049],[76.68518,11.75117],[76.68507,11.75183],[76.68485,11.75224],[76.68459,11.75247],[76.68426,11.75271],[76.68404,11.75289],[76.68399,11.75311],[76.68399,11.7532],[76.6841,11.75332],[76.68582,11.75491],[76.68646,11.75534],[76.68728,11.75575],[76.68779,11.75607]]},"properties":{"name":"Gundal","shedId":"C05CAM20"}},{"type":"Feature","geometry":{"type":"LineString","coordinates":[[76.69129,11.74617],[76.69092,11.74654],[76.69068,11.7471],[76.68987,11.74878],[76.68938,11.74928],[76.68904,11.7496],[76.68881,11.74987],[76.6887,11.75021],[76.6887,11.7506],[76.68875,11.75104],[76.68869,11.75136],[76.68853,11.75168],[76.68849,11.75219],[76.68856,11.7528],[76.6885,11.75323],[76.68838,11.75353],[76.68833,11.7538],[76.68833,11.75406],[76.68838,11.75429],[76.6884,11.75449],[76.68837,11.7547],[76.68779,11.75607]]},"properties":{"name":"Gundal","shedId":"C05CAM20"}},{"type":"Feature","geometry":{"type":"LineString","coordinates":[[76.72167,11.75693],[76.72184,11.75588],[76.72186,11.75556],[76.72186,11.75531],[76.72185,11.75512],[76.72183,11.75488],[76.72177,11.75459],[76.72168,11.75436],[76.72165,11.7542],[76.72165,11.75406],[76.72164,11.75387],[76.72164,11.75375],[76.72168,11.75365],[76.72172,11.75357],[76.72184,11.75337]]},"properties":{"shedId":"C05CAM20"}},{"type":"Feature","geometry":{"type":"LineString","coordinates":[[76.51981,11.7411],[76.51998,11.7422],[76.52021,11.74294],[76.52037,11.74332],[76.5207,11.74377],[76.5209,11.74396],[76.52119,11.74409],[76.52222,11.74472],[76.5226,11.74505],[76.52301,11.7453],[76.52335,11.7455],[76.52368,11.74573],[76.52393,11.746],[76.52421,11.74685],[76.52454,11.74755],[76.5248,11.74786],[76.52528,11.74885],[76.52554,11.74948],[76.52583,11.74998],[76.5263,11.75057],[76.52675,11.75162],[76.52706,11.75234]]},"properties":{"shedId":"C05CAM20"}},{"type":"Feature","geometry":{"type":"LineString","coordinates":[[76.75043,11.7578],[76.75062,11.75765],[76.75085,11.75699],[76.75084,11.75636],[76.75072,11.75438],[76.75051,11.75378],[76.75005,11.75279],[76.74833,11.74999],[76.7478,11.74917],[76.74722,11.74821],[76.74691,11.74728],[76.74677,11.7467],[76.74682,11.74618],[76.74713,11.7455],[76.74789,11.74383],[76.74846,11.74215]]},"properties":{"shedId":"C05CAM20"}},{"type":"Feature","geometry":{"type":"LineString","coordinates":[[76.72907,11.75741],[76.72876,11.75717],[76.72861,11.757],[76.72847,11.75683],[76.7283,11.75667],[76.72803,11.7565],[76.72775,11.75634],[76.72756,11.75623],[76.72741,11.7561],[76.72728,11.75591],[76.72726,11.75572],[76.72727,11.75552],[76.72729,11.75508]]},"properties":{"shedId":"C05CAM20"}},{"type":"Feature","geometry":{"type":"LineString","coordinates":[[76.51937,11.752],[76.51974,11.75195],[76.52045,11.75179],[76.52071,11.7518],[76.52104,11.7519],[76.5223,11.75238],[76.52271,11.75251],[76.52405,11.75271],[76.52453,11.75275],[76.52539,11.75261],[76.52706,11.75234]]},"properties":{"shedId":"C05CAM20"}},{"type":"Feature","geometry":{"type":"LineString","coordinates":[[76.79243,11.75937],[76.79244,11.75909],[76.79244,11.75889],[76.79239,11.75871],[76.79203,11.75782],[76.79183,11.75723],[76.7917,11.75685],[76.79149,11.75573],[76.79151,11.75529],[76.79157,11.75409],[76.79151,11.75358],[76.79108,11.7525],[76.79047,11.7514],[76.79012,11.75086],[76.78994,11.75067],[76.78968,11.75055],[76.78875,11.75004],[76.7877,11.74965],[76.78682,11.74936],[76.78645,11.74916]]},"properties":{"shedId":"C05CAM20"}},{"type":"Feature","geometry":{"type":"LineString","coordinates":[[76.63643,11.7564],[76.63705,11.75421],[76.63712,11.75377],[76.63727,11.75317],[76.63742,11.75184]]},"properties":{"shedId":"C05CAM20"}},{"type":"Feature","geometry":{"type":"LineString","coordinates":[[76.77456,11.76008],[76.77406,11.76004],[76.77291,11.76002],[76.77265,11.75995],[76.77232,11.75983],[76.77148,11.75947],[76.77128,11.75933],[76.77113,11.75918],[76.77094,11.75893],[76.77061,11.75824],[76.76984,11.75606],[76.76963,11.7556],[76.76953,11.75541],[76.76945,11.75532],[76.76923,11.75506],[76.76867,11.75473],[76.76823,11.75456],[76.76817,11.75452],[76.76812,11.75444],[76.76809,11.75431],[76.76794,11.75383],[76.76776,11.75342],[76.76735,11.75296],[76.76659,11.75191],[76.76623,11.75169],[76.76518,11.75091],[76.76483,11.75077],[76.76423,11.75046],[76.76377,11.75019],[76.76335,11.75001],[76.76296,11.74982],[76.76262,11.74962],[76.76234,11.7494],[76.76207,11.74922]]},"properties":{"shedId":"C05CAM20"}},{"type":"Feature","geometry":{"type":"LineString","coordinates":[[76.67305,11.75623],[76.67343,11.75625],[76.67387,11.75631],[76.67483,11.75641],[76.67518,11.75632],[76.67597,11.75609],[76.6763,11.75596],[76.67652,11.75585],[76.67677,11.75585],[76.67695,11.75599],[76.67705,11.75637],[76.67708,11.75678],[76.67714,11.7571],[76.67724,11.75725],[76.67749,11.75728],[76.67795,11.75725],[76.67937,11.75715],[76.67995,11.75706],[76.68056,11.7571],[76.68094,11.75707],[76.68127,11.75691],[76.68153,11.75686],[76.68187,11.75683],[76.68226,11.75683],[76.68281,11.75684],[76.683,11.75693],[76.68317,11.7571],[76.68316,11.75735],[76.68308,11.75754],[76.68314,11.75777],[76.68328,11.75793],[76.6835,11.75807],[76.68421,11.75841]]},"properties":{"shedId":"C05CAM20"}},{"type":"Feature","geometry":{"type":"LineString","coordinates":[[76.68779,11.75607],[76.6874,11.75731],[76.68716,11.75778],[76.68702,11.75788],[76.68497,11.7582],[76.68437,11.75832],[76.68421,11.75841]]},"properties":{"name":"Gundal","shedId":"C05CAM20"}},{"type":"Feature","geometry":{"type":"LineString","coordinates":[[76.74568,11.75992],[76.74628,11.75972],[76.74672,11.75942],[76.74696,11.7592],[76.74733,11.75908],[76.74779,11.75906],[76.74825,11.75905],[76.74877,11.75877],[76.75027,11.75794],[76.75043,11.7578]]},"properties":{"shedId":"C05CAM20"}},{"type":"Feature","geometry":{"type":"LineString","coordinates":[[76.76465,11.76057],[76.76435,11.75938],[76.76401,11.75837],[76.76376,11.7576],[76.76359,11.75715],[76.76295,11.75536],[76.76283,11.7551],[76.76268,11.7547],[76.76237,11.75388],[76.76211,11.75346],[76.76187,11.75308],[76.76173,11.75277],[76.76169,11.75255],[76.76173,11.75225],[76.7619,11.75011],[76.76207,11.74922]]},"properties":{"shedId":"C05CAM20"}},{"type":"Feature","geometry":{"type":"LineString","coordinates":[[76.64087,11.75838],[76.6416,11.75849],[76.64205,11.75855],[76.64239,11.75855],[76.64256,11.75855],[76.64266,11.75849],[76.64272,11.75842],[76.64274,11.75839],[76.64278,11.75831],[76.64281,11.75826],[76.64291,11.75813],[76.64299,11.75807],[76.64304,11.75801],[76.64315,11.75789],[76.64331,11.75749],[76.64344,11.75736],[76.64363,11.75725],[76.64396,11.75715],[76.64489,11.75705],[76.64666,11.7569],[76.64726,11.75671],[76.64799,11.75635],[76.64925,11.75544],[76.64991,11.75498]]},"properties":{"shedId":"C05CAM20"}},{"type":"Feature","geometry":{"type":"LineString","coordinates":[[76.78355,11.76194],[76.78351,11.76176],[76.7835,11.76163],[76.78348,11.76153],[76.78349,11.76149],[76.78349,11.76142],[76.78352,11.76137],[76.78355,11.76129],[76.78358,11.76124],[76.78363,11.76116],[76.78364,11.76114],[76.78369,11.76105],[76.78374,11.76091],[76.78379,11.76042],[76.78377,11.76026],[76.78376,11.76009],[76.78375,11.75997],[76.78376,11.75994],[76.78382,11.75955],[76.78394,11.75911],[76.78411,11.75863],[76.78431,11.75819],[76.78437,11.75729],[76.78458,11.75625]]},"properties":{"shedId":"C05CAM20"}},{"type":"Feature","geometry":{"type":"LineString","coordinates":[[76.64991,11.75498],[76.65004,11.75498],[76.65036,11.75501],[76.6512,11.75524],[76.65191,11.75594],[76.65218,11.75625],[76.65251,11.75643],[76.65308,11.75656],[76.65475,11.75675],[76.65499,11.75686],[76.65523,11.75706],[76.65539,11.75746],[76.65554,11.75799],[76.65575,11.75859],[76.65604,11.75904]]},"properties":{"shedId":"C05CAM20"}},{"type":"Feature","geometry":{"type":"LineString","coordinates":[[76.73768,11.75593],[76.7379,11.75641],[76.73807,11.75667],[76.73839,11.75698],[76.7386,11.75746],[76.73877,11.75775],[76.73897,11.75804],[76.73906,11.75816],[76.73936,11.75851],[76.74005,11.75908],[76.74055,11.75939],[76.74101,11.76004],[76.74119,11.76072],[76.74132,11.76104],[76.74154,11.76164]]},"properties":{"shedId":"C05CAM20"}},{"type":"Feature","geometry":{"type":"LineString","coordinates":[[76.74154,11.76164],[76.74172,11.7615],[76.74365,11.76064],[76.74531,11.76004],[76.74568,11.75992]]},"properties":{"shedId":"C05CAM20"}},{"type":"Feature","geometry":{"type":"LineString","coordinates":[[76.7046,11.75437],[76.70524,11.75448],[76.70563,11.75467],[76.7062,11.75528],[76.70655,11.75551],[76.70748,11.75597],[76.70788,11.75623],[76.70803,11.75637],[76.70811,11.7566],[76.70817,11.75679],[76.70827,11.75702],[76.70835,11.75716],[76.70842,11.75735],[76.7084,11.75826],[76.70852,11.75995],[76.70848,11.76084],[76.70859,11.76126],[76.70865,11.76142]]},"properties":{"shedId":"C05CAM20"}},{"type":"Feature","geometry":{"type":"LineString","coordinates":[[76.71819,11.75669],[76.71709,11.7573],[76.71618,11.75803],[76.71539,11.75857],[76.71479,11.75909],[76.71403,11.75993],[76.71379,11.7602],[76.71343,11.76051],[76.71305,11.76067],[76.71256,11.76082],[76.7114,11.76102],[76.71076,11.76099],[76.71008,11.76102],[76.70865,11.76142]]},"properties":{"shedId":"C05CAM20"}},{"type":"Feature","geometry":{"type":"LineString","coordinates":[[76.57985,11.75528],[76.5801,11.75596],[76.58019,11.75615],[76.58031,11.75623],[76.58046,11.75626],[76.58102,11.75621],[76.58112,11.75625],[76.58118,11.75635],[76.58153,11.75742],[76.58162,11.75748],[76.58167,11.75756],[76.58189,11.75768],[76.58219,11.7577],[76.58287,11.75756],[76.5831,11.75759],[76.58323,11.75768],[76.58333,11.75781],[76.58348,11.75835],[76.5836,11.7587]]},"properties":{"shedId":"C05CAM20"}},{"type":"Feature","geometry":{"type":"LineString","coordinates":[[76.58265,11.74832],[76.58284,11.74865],[76.58301,11.74884],[76.58348,11.74937],[76.58365,11.74963],[76.58408,11.75061],[76.58411,11.75082],[76.58412,11.75106],[76.58414,11.75134],[76.5841,11.75153],[76.58408,11.7517],[76.58412,11.75192],[76.58416,11.75226],[76.58416,11.75283],[76.58416,11.7531],[76.58432,11.75333],[76.58538,11.75413],[76.58572,11.75461],[76.58596,11.7551],[76.58604,11.75533],[76.5861,11.7555],[76.58624,11.75572],[76.58642,11.75583],[76.5865,11.75596],[76.58651,11.75605],[76.58653,11.75613],[76.58658,11.75637],[76.58657,11.75663],[76.58658,11.75673],[76.58658,11.75681],[76.58663,11.75691],[76.58665,11.75696],[76.58675,11.75713],[76.58693,11.75722],[76.58728,11.75729],[76.58824,11.75742],[76.58884,11.7575],[76.58897,11.75762],[76.58905,11.75775],[76.58906,11.75796],[76.589,11.75822],[76.58869,11.75894]]},"properties":{"shedId":"C05CAM20"}},{"type":"Feature","geometry":{"type":"LineString","coordinates":[[76.5836,11.7587],[76.58386,11.75863],[76.58413,11.75858],[76.58435,11.7586],[76.58457,11.75863],[76.58481,11.75864],[76.58492,11.75865],[76.58499,11.75868],[76.58543,11.7588],[76.58551,11.7588],[76.58555,11.7588],[76.58565,11.75878],[76.58571,11.75879],[76.58575,11.7588],[76.58586,11.75887],[76.58594,11.75892],[76.58605,11.75897],[76.58615,11.75897],[76.58633,11.7589],[76.58642,11.75882],[76.58654,11.75874],[76.5867,11.75874],[76.58682,11.75876],[76.58707,11.75882],[76.58725,11.7588],[76.58745,11.75881],[76.58762,11.7588],[76.58779,11.75873],[76.58793,11.75866],[76.5881,11.75861],[76.58829,11.75861],[76.58843,11.75865],[76.58855,11.75872],[76.58863,11.75883],[76.58869,11.75894]]},"properties":{"shedId":"C05CAM20"}},{"type":"Feature","geometry":{"type":"LineString","coordinates":[[76.53261,11.74606],[76.5328,11.74708],[76.53309,11.74775],[76.53318,11.74809],[76.53318,11.74906],[76.53313,11.7497],[76.53296,11.75044],[76.53293,11.75112],[76.533,11.75157],[76.53308,11.75281],[76.53313,11.75304],[76.53327,11.75327],[76.53342,11.7534],[76.53348,11.75349],[76.53353,11.75361],[76.53352,11.75375],[76.53346,11.75393],[76.53324,11.75424],[76.5332,11.75446],[76.53322,11.75474],[76.53323,11.7549],[76.53327,11.75499],[76.53339,11.75515],[76.53352,11.75521],[76.53362,11.75521],[76.53371,11.75523],[76.53375,11.75526],[76.53377,11.75531],[76.53376,11.75536],[76.53373,11.75541],[76.53371,11.75548],[76.53371,11.75558],[76.53373,11.75569],[76.53378,11.75578],[76.5341,11.75613],[76.53421,11.75624],[76.53421,11.75633],[76.53421,11.75646],[76.53426,11.75659],[76.53436,11.7567],[76.53453,11.75678],[76.53473,11.75677],[76.53485,11.75678],[76.53498,11.75684],[76.53512,11.75694],[76.53571,11.75769],[76.53576,11.75785]]},"properties":{"shedId":"C05CAM20"}},{"type":"Feature","geometry":{"type":"LineString","coordinates":[[76.54387,11.74261],[76.54263,11.74397],[76.54225,11.74453],[76.54172,11.74562],[76.54161,11.74634],[76.54152,11.74681],[76.54078,11.74881],[76.54052,11.74948],[76.54049,11.74965],[76.54051,11.74985],[76.54069,11.75003],[76.54088,11.75014],[76.54108,11.75026],[76.54122,11.75039],[76.54128,11.75059],[76.54127,11.75079],[76.54117,11.75091],[76.54101,11.75097],[76.54086,11.75094],[76.5407,11.75091],[76.54035,11.75078],[76.54017,11.75075],[76.53974,11.75075],[76.53955,11.75085],[76.53924,11.75103],[76.53816,11.75271],[76.53803,11.75355],[76.53782,11.75423],[76.53737,11.75487],[76.53702,11.75514],[76.5367,11.75532],[76.53654,11.7556],[76.5364,11.75595],[76.53628,11.75645],[76.53623,11.75698],[76.53611,11.75728],[76.536,11.75747],[76.53576,11.75785]]},"properties":{"shedId":"C05CAM20"}},{"type":"Feature","geometry":{"type":"LineString","coordinates":[[76.74075,11.76273],[76.74088,11.76268],[76.74108,11.76256],[76.74118,11.76233],[76.74125,11.76214],[76.74126,11.76208],[76.74141,11.76177],[76.74154,11.76164]]},"properties":{"shedId":"C05CAM20"}},{"type":"Feature","geometry":{"type":"LineString","coordinates":[[76.68421,11.75841],[76.68416,11.75857],[76.68421,11.75877],[76.68436,11.75899],[76.68456,11.75917],[76.6847,11.75931],[76.68475,11.75949],[76.68476,11.75967],[76.68479,11.75984],[76.68489,11.76004],[76.68499,11.76014],[76.68513,11.76018],[76.68572,11.76015],[76.68622,11.76016],[76.6865,11.76027],[76.68668,11.76038],[76.68686,11.76077],[76.687,11.76159]]},"properties":{"name":"Gundal","shedId":"C05CAM20"}},{"type":"Feature","geometry":{"type":"LineString","coordinates":[[76.69709,11.7587],[76.69673,11.75883],[76.6965,11.75895],[76.69624,11.75912],[76.69599,11.75929],[76.69586,11.75943],[76.69562,11.75976],[76.69553,11.75991],[76.69544,11.76001],[76.69536,11.76006],[76.69529,11.76013],[76.69434,11.76043],[76.69395,11.76054],[76.69373,11.7606],[76.69367,11.7606],[76.6931,11.76073],[76.69244,11.76087],[76.6919,11.76096],[76.69131,11.76097],[76.69099,11.76098],[76.69064,11.76094],[76.69029,11.76084],[76.69,11.76075],[76.68961,11.76076],[76.68922,11.76081],[76.68865,11.76099],[76.68819,11.76112],[76.687,11.76159]]},"properties":{"shedId":"C05CAM20"}},{"type":"Feature","geometry":{"type":"LineString","coordinates":[[76.73065,11.75826],[76.73155,11.75878],[76.73331,11.76003],[76.73345,11.76035],[76.73364,11.76075],[76.73385,11.76106],[76.73412,11.76137],[76.73437,11.76176],[76.73453,11.76223],[76.73472,11.76281]]},"properties":{"shedId":"C05CAM20"}},{"type":"Feature","geometry":{"type":"LineString","coordinates":[[76.58923,11.74546],[76.58926,11.7455],[76.58946,11.74564],[76.59003,11.74591],[76.59026,11.74602],[76.59037,11.74617],[76.59043,11.74625],[76.59046,11.74633],[76.59047,11.74644],[76.5904,11.7472],[76.58992,11.74831],[76.58977,11.7486],[76.58977,11.74889],[76.58983,11.74907],[76.58991,11.74915],[76.58997,11.74922],[76.59025,11.74938],[76.5905,11.7495],[76.59059,11.74964],[76.5906,11.74981],[76.59052,11.75002],[76.59041,11.75025],[76.59035,11.75058],[76.59035,11.75092],[76.59037,11.75108],[76.59048,11.75121],[76.59067,11.75142],[76.59215,11.75227],[76.59305,11.75244],[76.59382,11.7528],[76.59433,11.75326],[76.59507,11.754],[76.59516,11.75433],[76.5952,11.75492],[76.59509,11.75572],[76.59486,11.7571],[76.59487,11.7573],[76.59496,11.75748],[76.59502,11.75753],[76.59507,11.75759],[76.5951,11.75772],[76.5951,11.75787],[76.595,11.75808],[76.59486,11.75828],[76.59473,11.75858],[76.59467,11.7588],[76.59467,11.75903],[76.59472,11.75927],[76.5948,11.75963]]},"properties":{"shedId":"C05CAM20"}},{"type":"Feature","geometry":{"type":"LineString","coordinates":[[76.57008,11.74727],[76.57025,11.74738],[76.57037,11.74745],[76.57043,11.74752],[76.57045,11.74765],[76.57056,11.74823],[76.57062,11.74854],[76.57064,11.74879],[76.57068,11.74907],[76.57068,11.74923],[76.57066,11.74964],[76.57068,11.75009],[76.57067,11.75031],[76.57062,11.75038],[76.57057,11.75044],[76.57049,11.7505],[76.57043,11.75058],[76.57039,11.7507],[76.57038,11.75143],[76.57042,11.75157],[76.57048,11.75173],[76.57062,11.752],[76.57085,11.7523],[76.571,11.75242],[76.57121,11.75261],[76.57126,11.75273],[76.57127,11.75286],[76.57129,11.75295],[76.5713,11.75299],[76.57133,11.75303],[76.57137,11.75309],[76.57169,11.75327],[76.572,11.75343],[76.57213,11.75356],[76.5725,11.75432],[76.57268,11.75493],[76.57281,11.75543],[76.573,11.75598],[76.57339,11.75742],[76.5737,11.75792],[76.57409,11.75835],[76.57441,11.75868],[76.57468,11.75887],[76.57494,11.75895],[76.57521,11.75896],[76.57634,11.75874],[76.57656,11.7587],[76.57674,11.7586],[76.57693,11.75844],[76.57707,11.75829],[76.57724,11.75817],[76.57738,11.7581],[76.57749,11.75808],[76.57761,11.7581],[76.57774,11.75817],[76.57882,11.75886],[76.5794,11.75922],[76.57997,11.75931],[76.58099,11.75938],[76.58197,11.75933],[76.58287,11.75903],[76.5834,11.75877],[76.5836,11.7587]]},"properties":{"shedId":"C05CAM20"}},{"type":"Feature","geometry":{"type":"LineString","coordinates":[[76.73472,11.76281],[76.73511,11.76289],[76.73529,11.76294],[76.73559,11.76305],[76.73722,11.7631],[76.73854,11.76302],[76.7398,11.76284],[76.74028,11.76284],[76.74058,11.76279],[76.74075,11.76273]]},"properties":{"shedId":"C05CAM20"}},{"type":"Feature","geometry":{"type":"LineString","coordinates":[[76.75208,11.76352],[76.75198,11.76329],[76.75198,11.76299],[76.75204,11.76279],[76.75217,11.76256],[76.7522,11.7623],[76.75222,11.76167],[76.75214,11.76104],[76.75208,11.76057],[76.75187,11.76007],[76.75165,11.75949],[76.75121,11.75863],[76.75043,11.7578]]},"properties":{"shedId":"C05CAM20"}},{"type":"Feature","geometry":{"type":"LineString","coordinates":[[76.71988,11.75991],[76.7202,11.76021],[76.72037,11.76043],[76.72054,11.76062],[76.72066,11.76083],[76.72084,11.76111],[76.72095,11.76136],[76.72107,11.7615],[76.72122,11.76164],[76.72139,11.76179],[76.72145,11.7619],[76.72154,11.76206],[76.72161,11.76225],[76.7216,11.76247],[76.7216,11.76267],[76.72165,11.7628],[76.72185,11.76301]]},"properties":{"shedId":"C05CAM20"}},{"type":"Feature","geometry":{"type":"LineString","coordinates":[[76.72436,11.76025],[76.72416,11.76023],[76.72371,11.76031],[76.7236,11.76036],[76.72351,11.76043],[76.72344,11.76053],[76.72341,11.76067],[76.72339,11.76089],[76.72336,11.76133],[76.72329,11.76162],[76.72313,11.76186],[76.72261,11.76236],[76.72233,11.76261],[76.72213,11.76271],[76.72194,11.76285],[76.72185,11.76301]]},"properties":{"shedId":"C05CAM20"}},{"type":"Feature","geometry":{"type":"LineString","coordinates":[[76.73155,11.76339],[76.73299,11.76309],[76.73409,11.76281],[76.73458,11.76279],[76.73472,11.76281]]},"properties":{"shedId":"C05CAM20"}},{"type":"Feature","geometry":{"type":"LineString","coordinates":[[76.58869,11.75894],[76.58874,11.75903],[76.58882,11.75921],[76.5889,11.75932],[76.58894,11.75937],[76.58906,11.75945],[76.58942,11.7595],[76.58976,11.7596],[76.58994,11.75972],[76.59016,11.76004],[76.59034,11.76023],[76.59051,11.76035],[76.59081,11.76039],[76.59123,11.76026],[76.59257,11.75975],[76.59288,11.75968],[76.59311,11.75968],[76.59348,11.7598],[76.59351,11.75984],[76.59363,11.75992],[76.5937,11.75999],[76.59381,11.76007],[76.59394,11.76013],[76.59423,11.76004],[76.5948,11.75963]]},"properties":{"shedId":"C05CAM20"}},{"type":"Feature","geometry":{"type":"LineString","coordinates":[[76.76693,11.76486],[76.76684,11.76473],[76.76602,11.76347],[76.7651,11.76206],[76.76478,11.76099],[76.76465,11.76057]]},"properties":{"shedId":"C05CAM20"}},{"type":"Feature","geometry":{"type":"LineString","coordinates":[[76.76011,11.76602],[76.76009,11.76553],[76.76008,11.7654],[76.76006,11.76529],[76.76004,11.76517],[76.76004,11.76511],[76.76003,11.76452],[76.76005,11.76418],[76.76007,11.76399],[76.76009,11.7639],[76.76022,11.76361],[76.76062,11.76285],[76.76074,11.76264],[76.76097,11.76243],[76.76124,11.76225],[76.76141,11.76208],[76.76154,11.76185],[76.76159,11.76145],[76.76164,11.76129],[76.76174,11.76116],[76.76175,11.76116],[76.76191,11.76105],[76.76197,11.76105],[76.76213,11.76102],[76.76222,11.76101],[76.76259,11.76101],[76.76295,11.76098],[76.76338,11.76095],[76.76379,11.76085],[76.76465,11.76057]]},"properties":{"shedId":"C05CAM20"}},{"type":"Feature","geometry":{"type":"LineString","coordinates":[[76.74501,11.76568],[76.74505,11.76441],[76.74514,11.76396],[76.74515,11.76345],[76.74515,11.76321],[76.74519,11.76288],[76.74529,11.76264],[76.74537,11.76246],[76.74537,11.76223],[76.7454,11.76192],[76.74542,11.76182],[76.74549,11.76175],[76.74551,11.76173],[76.74566,11.76165],[76.74572,11.76163],[76.74587,11.76158],[76.74595,11.76149],[76.74597,11.76138],[76.74597,11.76136],[76.74596,11.76124],[76.74568,11.75992]]},"properties":{"shedId":"C05CAM20"}},{"type":"Feature","geometry":{"type":"LineString","coordinates":[[76.5472,11.74946],[76.54718,11.74966],[76.54724,11.75038],[76.54741,11.75103],[76.54747,11.75163],[76.54746,11.7519],[76.54739,11.75219],[76.547,11.7532],[76.54697,11.7534],[76.54698,11.75351],[76.54701,11.75371],[76.54705,11.75399],[76.54719,11.75426],[76.5473,11.75441],[76.5474,11.75456],[76.54822,11.75541],[76.54835,11.75553],[76.54847,11.75572],[76.5486,11.756],[76.54877,11.75622],[76.54904,11.7565],[76.54912,11.7566],[76.54922,11.75671],[76.54983,11.75697],[76.55009,11.75706],[76.55028,11.75714],[76.55045,11.75722],[76.55059,11.75739],[76.55064,11.75756],[76.55071,11.75812],[76.55073,11.75826],[76.55068,11.75837],[76.55065,11.75843],[76.55062,11.75848],[76.5506,11.75854],[76.5506,11.7586],[76.55061,11.75862],[76.55065,11.75869],[76.55067,11.75871],[76.55072,11.75877],[76.55077,11.75881],[76.55077,11.75886],[76.55077,11.75891],[76.55072,11.759],[76.55067,11.75906],[76.55062,11.75912],[76.5506,11.75918],[76.5506,11.75924],[76.55062,11.75928],[76.55063,11.75934],[76.55065,11.75938],[76.55065,11.75944],[76.55065,11.75948],[76.55062,11.75954],[76.55019,11.76006],[76.54986,11.76042],[76.54973,11.76055],[76.54968,11.76067],[76.54937,11.76128]]},"properties":{"shedId":"C05CAM20"}},{"type":"Feature","geometry":{"type":"LineString","coordinates":[[76.51613,11.75469],[76.51671,11.75538],[76.51799,11.75637],[76.51879,11.75703],[76.52,11.75763],[76.52277,11.75884],[76.52364,11.75932],[76.52439,11.75982],[76.52516,11.76038],[76.52613,11.76112]]},"properties":{"shedId":"C05CAM20"}},{"type":"Feature","geometry":{"type":"LineString","coordinates":[[76.52613,11.76112],[76.52726,11.76079],[76.53018,11.76018],[76.53084,11.76024],[76.53177,11.76053],[76.53262,11.76099],[76.5332,11.7613],[76.53343,11.76145],[76.53428,11.76174],[76.53493,11.76182],[76.53508,11.76186]]},"properties":{"shedId":"C05CAM20"}},{"type":"Feature","geometry":{"type":"LineString","coordinates":[[76.52706,11.75234],[76.52726,11.75282],[76.5275,11.75317],[76.52765,11.75353],[76.52796,11.75433],[76.52797,11.7547],[76.52807,11.75506],[76.52815,11.75534],[76.52833,11.75544],[76.52854,11.75541],[76.52895,11.75533],[76.52925,11.75537],[76.52941,11.75541],[76.52956,11.75546],[76.53125,11.75669],[76.53217,11.75734],[76.53267,11.75794],[76.53312,11.75871],[76.53337,11.75958],[76.5335,11.75984],[76.53388,11.76016],[76.5341,11.76025],[76.53445,11.76045],[76.53473,11.76082],[76.53508,11.76186]]},"properties":{"shedId":"C05CAM20"}},{"type":"Feature","geometry":{"type":"LineString","coordinates":[[76.74923,11.76699],[76.74924,11.76664],[76.7493,11.7663],[76.74946,11.76593],[76.74958,11.76563],[76.74972,11.76532],[76.74989,11.76501],[76.75023,11.76468],[76.75053,11.76445],[76.75091,11.76418],[76.75117,11.76397],[76.75144,11.76374],[76.75208,11.76352]]},"properties":{"shedId":"C05CAM20"}},{"type":"Feature","geometry":{"type":"LineString","coordinates":[[76.60983,11.75369],[76.61003,11.75454],[76.61007,11.75528],[76.61007,11.75597],[76.6098,11.75724],[76.60948,11.75968],[76.60943,11.76007],[76.6095,11.7604],[76.60973,11.7608],[76.61004,11.76151],[76.61057,11.76272],[76.6108,11.76334],[76.61088,11.76403]]},"properties":{"shedId":"C05CAM20"}},{"type":"Feature","geometry":{"type":"LineString","coordinates":[[76.53576,11.75785],[76.5358,11.75849],[76.53581,11.75871],[76.5358,11.75895],[76.53576,11.75911],[76.53572,11.75923],[76.53569,11.75936],[76.53564,11.75943],[76.5356,11.75949],[76.53561,11.75958],[76.53564,11.75964],[76.53581,11.75967],[76.53598,11.75965],[76.53608,11.75968],[76.53615,11.75975],[76.53636,11.76015],[76.53646,11.7603],[76.53668,11.76043],[76.5369,11.76056],[76.53712,11.76071],[76.53719,11.76082],[76.53721,11.76092],[76.5372,11.76111],[76.53722,11.76135],[76.53724,11.76153],[76.53729,11.76183],[76.53741,11.76227]]},"properties":{"shedId":"C05CAM20"}},{"type":"Feature","geometry":{"type":"LineString","coordinates":[[76.67473,11.76327],[76.67565,11.76347],[76.67628,11.76351],[76.67701,11.76348],[76.67749,11.76336],[76.67782,11.76328],[76.67803,11.76332],[76.6783,11.76355],[76.67852,11.76384],[76.67887,11.76406],[76.67913,11.76418],[76.67941,11.76423],[76.67956,11.76427],[76.6816,11.7644],[76.68246,11.76438],[76.68353,11.76457],[76.68435,11.76486],[76.68489,11.76517],[76.68529,11.76545],[76.68605,11.76612]]},"properties":{"shedId":"C05CAM20"}},{"type":"Feature","geometry":{"type":"LineString","coordinates":[[76.687,11.76159],[76.6872,11.76256],[76.6872,11.76298],[76.68715,11.76333],[76.68676,11.76514],[76.6865,11.76551],[76.6862,11.76584],[76.68605,11.76612]]},"properties":{"name":"Gundal","shedId":"C05CAM20"}},{"type":"Feature","geometry":{"type":"LineString","coordinates":[[76.77744,11.76831],[76.77727,11.76793],[76.77722,11.76777],[76.77718,11.7677],[76.77715,11.76767],[76.77618,11.76715],[76.77579,11.7669],[76.77515,11.76627],[76.77498,11.76605],[76.7749,11.76588],[76.77487,11.76573],[76.77487,11.76564],[76.77492,11.76556],[76.7754,11.76534],[76.77547,11.76531],[76.7755,11.76525],[76.7755,11.7652],[76.77513,11.76422],[76.77452,11.76259],[76.77443,11.76228],[76.77443,11.76221],[76.77442,11.76217],[76.77443,11.76202],[76.77448,11.76189],[76.77453,11.76177],[76.77455,11.76169],[76.77455,11.76148],[76.7746,11.76123],[76.77462,11.76075],[76.77456,11.76008]]},"properties":{"shedId":"C05CAM20"}},{"type":"Feature","geometry":{"type":"LineString","coordinates":[[76.53508,11.76186],[76.53548,11.76198],[76.53597,11.76225],[76.53663,11.76262],[76.53689,11.76276],[76.5371,11.7628],[76.53736,11.76274],[76.53739,11.76265],[76.53739,11.76254],[76.53741,11.76227]]},"properties":{"shedId":"C05CAM20"}},{"type":"Feature","geometry":{"type":"LineString","coordinates":[[76.53741,11.76227],[76.53746,11.76207],[76.53758,11.7618],[76.53766,11.76165],[76.53783,11.76158],[76.53804,11.76156],[76.53815,11.7616],[76.53821,11.76166],[76.53832,11.76192],[76.53852,11.76216],[76.53883,11.76237],[76.53922,11.76252],[76.54063,11.76267],[76.54086,11.76264],[76.54095,11.76264],[76.54124,11.76269],[76.54155,11.76286],[76.54198,11.76296],[76.54226,11.76301],[76.54257,11.76295],[76.54267,11.76284],[76.54274,11.7627],[76.54281,11.76255],[76.54299,11.76248],[76.54331,11.76244],[76.54364,11.76241],[76.54423,11.76227],[76.5445,11.76218],[76.54472,11.76194],[76.5449,11.76172],[76.54509,11.76152],[76.54541,11.76133],[76.54566,11.76122],[76.54603,11.76099],[76.54623,11.76078],[76.54643,11.76048],[76.54653,11.76043],[76.54669,11.76042],[76.54692,11.76053],[76.54708,11.76067],[76.54725,11.76079],[76.54751,11.76087],[76.54769,11.76091],[76.54786,11.76099],[76.54802,11.76103],[76.54818,11.76102],[76.5483,11.76096],[76.54845,11.76091],[76.54862,11.76092],[76.54905,11.76108],[76.54927,11.7612],[76.54937,11.76128]]},"properties":{"shedId":"C05CAM20"}},{"type":"Feature","geometry":{"type":"LineString","coordinates":[[76.64256,11.76552],[76.64332,11.76408],[76.64445,11.76248],[76.64464,11.76159],[76.64466,11.76133],[76.64472,11.76091],[76.64484,11.76064],[76.64494,11.76056],[76.64576,11.76042],[76.64652,11.76042],[76.64714,11.7603],[76.64783,11.75997],[76.64901,11.75934],[76.64944,11.75916],[76.65016,11.75908],[76.6519,11.75861],[76.65268,11.75841],[76.65344,11.75843],[76.65409,11.75879],[76.6545,11.75912],[76.65516,11.75922],[76.65604,11.75904]]},"properties":{"shedId":"C05CAM20"}},{"type":"Feature","geometry":{"type":"LineString","coordinates":[[76.55217,11.75416],[76.55245,11.75463],[76.55282,11.75486],[76.5531,11.75492],[76.55346,11.75494],[76.55369,11.75507],[76.55397,11.75524],[76.55414,11.75548],[76.55424,11.7558],[76.55425,11.75625],[76.55422,11.75661],[76.55426,11.75698],[76.55439,11.75728],[76.55466,11.75764],[76.55535,11.75825],[76.55559,11.75841],[76.55566,11.75862],[76.55572,11.75902],[76.55593,11.76005],[76.55614,11.76058],[76.55628,11.76093],[76.55733,11.7621],[76.55763,11.76233],[76.55791,11.76243],[76.55817,11.76253],[76.55837,11.76264],[76.5584,11.76273],[76.5584,11.7628],[76.55831,11.76295],[76.55821,11.76307],[76.55815,11.76322],[76.55815,11.76334],[76.55817,11.76342],[76.55824,11.76371],[76.55831,11.76397]]},"properties":{"shedId":"C05CAM20"}},{"type":"Feature","geometry":{"type":"LineString","coordinates":[[76.5948,11.75963],[76.59479,11.7603],[76.59486,11.76044],[76.5949,11.76054],[76.59504,11.7607],[76.59531,11.76074],[76.59554,11.76072],[76.59583,11.76072],[76.59606,11.7608],[76.59622,11.7609],[76.59622,11.76094],[76.59628,11.76117],[76.59633,11.7617],[76.59636,11.76215],[76.59639,11.76256],[76.59649,11.76308],[76.59678,11.76367],[76.59716,11.76414],[76.59755,11.76444],[76.59794,11.76478],[76.59823,11.76493]]},"properties":{"shedId":"C05CAM20"}},{"type":"Feature","geometry":{"type":"LineString","coordinates":[[76.54937,11.76128],[76.54987,11.76162],[76.55026,11.7619],[76.55042,11.76202],[76.55067,11.76216],[76.55083,11.76223],[76.55133,11.76251],[76.55142,11.76252],[76.55161,11.76242],[76.55168,11.76231],[76.55178,11.76227],[76.55187,11.76226],[76.55206,11.76226],[76.55214,11.76228],[76.55256,11.7625],[76.55265,11.76255],[76.55268,11.76261],[76.55268,11.76276],[76.55268,11.76284],[76.55269,11.76285],[76.55273,11.76293],[76.55275,11.76296],[76.55339,11.76338],[76.55365,11.7635],[76.55383,11.7636],[76.554,11.76365],[76.5541,11.76365],[76.5542,11.76363],[76.55425,11.76358],[76.55428,11.76346],[76.55429,11.7633],[76.55433,11.76317],[76.55435,11.76313],[76.55436,11.76312],[76.55449,11.76305],[76.55469,11.76304],[76.55493,11.76304],[76.55517,11.76303],[76.55536,11.763],[76.55559,11.763],[76.55585,11.76305],[76.55601,11.76315],[76.55612,11.76319],[76.55624,11.76319],[76.55634,11.76321],[76.5564,11.76324],[76.55644,11.7633],[76.55652,11.76345],[76.55656,11.76356],[76.55658,11.7636],[76.5566,11.76361],[76.55664,11.76362],[76.55671,11.76362],[76.55678,11.7636],[76.55682,11.76358],[76.55695,11.76353],[76.55703,11.76352],[76.55711,11.76352],[76.55721,11.76353],[76.55726,11.76358],[76.55729,11.76367],[76.55731,11.76374],[76.55734,11.7638],[76.55739,11.76384],[76.55792,11.76398],[76.55811,11.76399],[76.55831,11.76397]]},"properties":{"shedId":"C05CAM20"}},{"type":"Feature","geometry":{"type":"LineString","coordinates":[[76.59823,11.76493],[76.59875,11.7652],[76.5993,11.76534],[76.59995,11.76531],[76.60102,11.76493],[76.60196,11.76463],[76.60226,11.76461],[76.60253,11.76464],[76.60262,11.76468],[76.60336,11.76517],[76.60382,11.7653],[76.60451,11.76525],[76.60561,11.76495],[76.60611,11.76487],[76.60661,11.76501],[76.607,11.76508],[76.60745,11.76497],[76.60783,11.76475],[76.60854,11.76455],[76.6096,11.7644],[76.61014,11.76417],[76.61048,11.76402],[76.6107,11.76398],[76.61088,11.76403]]},"properties":{"shedId":"C05CAM20"}},{"type":"Feature","geometry":{"type":"LineString","coordinates":[[76.70865,11.76142],[76.70875,11.76166],[76.70878,11.76198],[76.70872,11.76235],[76.70835,11.76329],[76.70794,11.76387],[76.70786,11.76408],[76.7078,11.76427],[76.70779,11.76468],[76.70776,11.76504],[76.70768,11.76532],[76.70756,11.76546],[76.70724,11.76563],[76.70692,11.76579],[76.7067,11.76598],[76.70659,11.76618],[76.7066,11.76703],[76.70647,11.7679]]},"properties":{"shedId":"C05CAM20"}},{"type":"Feature","geometry":{"type":"LineString","coordinates":[[76.72185,11.76301],[76.7218,11.76309],[76.72155,11.76345],[76.72137,11.76379],[76.72115,11.76414],[76.72042,11.76474],[76.72006,11.76517],[76.71973,11.76545],[76.71946,11.76564],[76.71919,11.76571],[76.71858,11.76572],[76.71751,11.76573],[76.71707,11.76584],[76.71661,11.766],[76.7163,11.76614],[76.71603,11.76617],[76.71576,11.7662],[76.71454,11.76654],[76.71402,11.7668],[76.71367,11.76697],[76.71348,11.76704],[76.71336,11.76708],[76.71318,11.76712],[76.71306,11.76715],[76.71286,11.76715],[76.71268,11.7671],[76.71258,11.76709],[76.71245,11.76706],[76.71225,11.76704],[76.7121,11.76704],[76.71176,11.7671],[76.71063,11.76742],[76.71006,11.76742],[76.71004,11.76742],[76.70995,11.76745],[76.7099,11.76747],[76.70975,11.76759],[76.70936,11.76788],[76.70929,11.76791],[76.70915,11.76795],[76.70887,11.76797],[76.70855,11.76797],[76.70724,11.76782],[76.70677,11.76781],[76.70647,11.7679]]},"properties":{"shedId":"C05CAM20"}},{"type":"Feature","geometry":{"type":"LineString","coordinates":[[76.55831,11.76397],[76.55851,11.76398],[76.55862,11.76403],[76.55868,11.76409],[76.5587,11.76415],[76.55872,11.76424],[76.55872,11.76435],[76.55874,11.76443],[76.55877,11.7645],[76.55894,11.76468]]},"properties":{"shedId":"C05CAM20"}},{"type":"Feature","geometry":{"type":"LineString","coordinates":[[76.56012,11.75132],[76.56108,11.75262],[76.56124,11.75284],[76.56128,11.75309],[76.56126,11.75325],[76.56121,11.75337],[76.56118,11.75352],[76.56117,11.75367],[76.5612,11.75383],[76.56129,11.75409],[76.56163,11.75473],[76.56234,11.75604],[76.56254,11.75674],[76.56263,11.75718],[76.56267,11.75811],[76.56267,11.75846],[76.56264,11.75943],[76.56252,11.76021],[76.56246,11.76059],[76.56246,11.76078],[76.5622,11.76156],[76.56195,11.76195],[76.56154,11.76242],[76.5602,11.76336],[76.55936,11.76415],[76.55894,11.76468]]},"properties":{"shedId":"C05CAM20"}},{"type":"Feature","geometry":{"type":"LineString","coordinates":[[76.51974,11.76324],[76.52094,11.76357],[76.52134,11.76375],[76.52208,11.76375],[76.52333,11.76383],[76.52386,11.7638],[76.52419,11.76369],[76.52444,11.76333],[76.5248,11.76271],[76.52561,11.76145],[76.52613,11.76112]]},"properties":{"shedId":"C05CAM20"}},{"type":"Feature","geometry":{"type":"LineString","coordinates":[[76.74274,11.76953],[76.74257,11.76922],[76.74232,11.76869],[76.74216,11.76844],[76.74196,11.76819],[76.74158,11.76795],[76.74127,11.76783],[76.74105,11.7677],[76.74087,11.76761],[76.74074,11.76752],[76.74067,11.76737],[76.74057,11.76718],[76.74055,11.76712],[76.74055,11.76705],[76.74058,11.76698],[76.74066,11.76688],[76.74073,11.76682],[76.7408,11.76672],[76.74086,11.76657],[76.74085,11.76628],[76.74082,11.76602],[76.74084,11.76564],[76.74083,11.76522],[76.74076,11.76366],[76.74075,11.76273]]},"properties":{"shedId":"C05CAM20"}},{"type":"Feature","geometry":{"type":"LineString","coordinates":[[76.68066,11.76812],[76.68286,11.76815],[76.68427,11.76826],[76.68479,11.76841],[76.68508,11.76858],[76.68528,11.76862]]},"properties":{"shedId":"C05CAM20"}},{"type":"Feature","geometry":{"type":"LineString","coordinates":[[76.68605,11.76612],[76.68584,11.7665],[76.68568,11.76694],[76.68545,11.7675],[76.68528,11.76805],[76.68528,11.76862]]},"properties":{"name":"Gundal","shedId":"C05CAM20"}},{"type":"Feature","geometry":{"type":"LineString","coordinates":[[76.76659,11.77066],[76.76653,11.7705],[76.76626,11.77016],[76.76622,11.76997],[76.76621,11.76981],[76.76621,11.76975],[76.76622,11.76967],[76.7665,11.76775],[76.76688,11.76673],[76.767,11.76635],[76.7671,11.7654],[76.76708,11.76523],[76.76706,11.76504],[76.76703,11.76498],[76.76693,11.76486]]},"properties":{"shedId":"C05CAM20"}},{"type":"Feature","geometry":{"type":"LineString","coordinates":[[76.75325,11.77049],[76.75337,11.76976],[76.7534,11.76922],[76.75345,11.7687],[76.7535,11.76829],[76.75354,11.76807],[76.75355,11.76752],[76.75352,11.76681],[76.75359,11.7666],[76.75359,11.76654],[76.75365,11.76622],[76.75366,11.7659],[76.75368,11.7656],[76.75369,11.76532],[76.75363,11.76503],[76.75349,11.76477],[76.75287,11.76428],[76.75252,11.76407],[76.75223,11.76379],[76.75208,11.76352]]},"properties":{"shedId":"C05CAM20"}},{"type":"Feature","geometry":{"type":"LineString","coordinates":[[76.7756,11.77312],[76.77541,11.77282],[76.77536,11.77267],[76.77535,11.77253],[76.77537,11.77235],[76.7754,11.77208],[76.77538,11.77195],[76.77534,11.77182],[76.77525,11.7716],[76.77501,11.77136],[76.77484,11.77126],[76.77473,11.77113],[76.77467,11.77103],[76.77465,11.77099],[76.7744,11.77052],[76.77424,11.77032],[76.77388,11.77008],[76.77347,11.76993],[76.77328,11.76987],[76.77307,11.76982],[76.77267,11.76967],[76.77242,11.76953],[76.77235,11.7695],[76.77216,11.76928],[76.77207,11.76912],[76.77203,11.76905],[76.77189,11.76883],[76.77173,11.76873],[76.7714,11.76868],[76.77114,11.76871],[76.77067,11.7686],[76.7704,11.76843],[76.7694,11.76746],[76.76904,11.76724],[76.76884,11.76708],[76.76872,11.767],[76.76856,11.76687],[76.7685,11.76681],[76.76843,11.76663],[76.76844,11.76641],[76.76862,11.766],[76.7686,11.7656],[76.76855,11.76536],[76.76844,11.76509],[76.76833,11.7649],[76.76832,11.76488],[76.76809,11.76476],[76.768,11.76476],[76.76783,11.76474],[76.76776,11.76474],[76.76758,11.76473],[76.76747,11.76475],[76.76693,11.76486]]},"properties":{"shedId":"C05CAM20"}},{"type":"Feature","geometry":{"type":"LineString","coordinates":[[76.75777,11.77206],[76.75837,11.7724],[76.75877,11.77256],[76.75923,11.77262],[76.76032,11.77279],[76.76085,11.77289],[76.76129,11.77309],[76.76163,11.77316],[76.76207,11.77317],[76.76264,11.77312],[76.76314,11.77298],[76.76438,11.77256],[76.76476,11.77245],[76.76506,11.77233],[76.76523,11.77215],[76.76541,11.7719],[76.76561,11.77134],[76.76577,11.77082],[76.76581,11.77075],[76.76592,11.77068],[76.76598,11.77065],[76.76608,11.77065],[76.76659,11.77066]]},"properties":{"shedId":"C05CAM20"}},{"type":"Feature","geometry":{"type":"LineString","coordinates":[[76.61088,11.76403],[76.61107,11.76417],[76.61142,11.76441],[76.61169,11.76443],[76.61189,11.76442],[76.61203,11.76442],[76.61214,11.76442],[76.6122,11.76445],[76.61233,11.7645],[76.61234,11.76464],[76.6123,11.76475],[76.61196,11.76536],[76.61194,11.76544],[76.61192,11.7655],[76.6119,11.76566],[76.61191,11.76576],[76.61193,11.76585],[76.61198,11.76593],[76.61202,11.76599],[76.61219,11.76607],[76.61233,11.76609],[76.61243,11.76609],[76.61272,11.76615],[76.61294,11.7662],[76.61336,11.7666],[76.61357,11.76698],[76.61383,11.76789],[76.61397,11.76814],[76.61425,11.76837],[76.61463,11.76848],[76.61504,11.76857],[76.61522,11.7686],[76.61534,11.76867],[76.61545,11.76874],[76.61555,11.76883],[76.61558,11.76891],[76.61559,11.76907],[76.61559,11.7693],[76.61562,11.76953],[76.61565,11.76965],[76.61569,11.7697],[76.61586,11.76983],[76.61661,11.7701],[76.61684,11.7702]]},"properties":{"shedId":"C05CAM20"}},{"type":"Feature","geometry":{"type":"LineString","coordinates":[[76.62553,11.75494],[76.62528,11.75545],[76.62506,11.75605],[76.62495,11.75637],[76.62467,11.75676],[76.62425,11.75704],[76.62392,11.75717],[76.62364,11.75731],[76.62337,11.75751],[76.62311,11.75773],[76.6229,11.75829],[76.62241,11.75953],[76.62177,11.76065],[76.62119,11.76194],[76.61988,11.76424],[76.61977,11.76554],[76.61972,11.76594],[76.61958,11.7661],[76.61945,11.7662],[76.61926,11.76634],[76.6188,11.76636],[76.61749,11.76673],[76.61677,11.767],[76.61668,11.76712],[76.61665,11.76733],[76.61657,11.76813],[76.6167,11.76926],[76.61684,11.7702]]},"properties":{"shedId":"C05CAM20"}},{"type":"Feature","geometry":{"type":"LineString","coordinates":[[76.63377,11.7678],[76.63377,11.7684],[76.63391,11.76873],[76.63406,11.76909],[76.63407,11.76934],[76.63408,11.76958],[76.63409,11.76973],[76.63416,11.76983],[76.63423,11.76989],[76.63429,11.77002],[76.63439,11.7701],[76.63454,11.7702],[76.63458,11.77034],[76.63462,11.77046],[76.63471,11.77059],[76.63481,11.77072],[76.63496,11.77091],[76.63502,11.77107],[76.63506,11.77148]]},"properties":{"shedId":"C05CAM20"}},{"type":"Feature","geometry":{"type":"LineString","coordinates":[[76.63579,11.76992],[76.63572,11.77032],[76.6357,11.77063],[76.63568,11.77079],[76.63558,11.77094],[76.63546,11.77109],[76.63536,11.77121],[76.6352,11.77135],[76.63506,11.77148]]},"properties":{"shedId":"C05CAM20"}},{"type":"Feature","geometry":{"type":"LineString","coordinates":[[76.63294,11.77102],[76.63312,11.77134],[76.63332,11.77165],[76.63356,11.77182],[76.63373,11.77196],[76.63412,11.77217]]},"properties":{"shedId":"C05CAM20"}},{"type":"Feature","geometry":{"type":"LineString","coordinates":[[76.63506,11.77148],[76.63478,11.77165],[76.63442,11.77183],[76.63419,11.772],[76.63412,11.77217]]},"properties":{"shedId":"C05CAM20"}},{"type":"Feature","geometry":{"type":"LineString","coordinates":[[76.61109,11.77166],[76.61151,11.77153],[76.61478,11.77132],[76.61545,11.77134],[76.61598,11.77137],[76.61667,11.7715],[76.61905,11.7723]]},"properties":{"shedId":"C05CAM20"}},{"type":"Feature","geometry":{"type":"LineString","coordinates":[[76.61684,11.7702],[76.61702,11.77038],[76.61716,11.77054],[76.61724,11.77061],[76.61733,11.77065],[76.61765,11.7707],[76.61791,11.77071],[76.61807,11.7708],[76.61813,11.77097],[76.61813,11.77103],[76.61813,11.77115],[76.61814,11.7713],[76.61825,11.77145],[76.61838,11.77152],[76.61856,11.7716],[76.61872,11.77179],[76.61905,11.7723]]},"properties":{"shedId":"C05CAM20"}},{"type":"Feature","geometry":{"type":"LineString","coordinates":[[76.77185,11.77609],[76.77167,11.77592],[76.77151,11.77579],[76.77132,11.77556],[76.77118,11.77543],[76.771,11.77531],[76.77067,11.77514],[76.77012,11.7749],[76.76991,11.77473],[76.76909,11.7744],[76.76892,11.77432],[76.76869,11.77414],[76.76865,11.77406],[76.76865,11.77379],[76.76874,11.77319],[76.76874,11.77312],[76.76871,11.77306],[76.76863,11.77302],[76.76794,11.77303],[76.76775,11.773],[76.76762,11.77292],[76.76747,11.77279],[76.76721,11.77236],[76.7671,11.77228],[76.76699,11.7722],[76.76695,11.77214],[76.76694,11.7721],[76.76694,11.77207],[76.76693,11.77199],[76.76689,11.77186],[76.76677,11.77165],[76.76662,11.77139],[76.76659,11.77126],[76.76659,11.77107],[76.76659,11.77095],[76.7666,11.77083],[76.7666,11.77078],[76.76659,11.77066]]},"properties":{"shedId":"C05CAM20"}},{"type":"Feature","geometry":{"type":"LineString","coordinates":[[76.57338,11.77174],[76.57364,11.77179],[76.57482,11.77209],[76.57567,11.77227]]},"properties":{"shedId":"C05CAM20"}},{"type":"Feature","geometry":{"type":"LineString","coordinates":[[76.78086,11.77711],[76.78087,11.77688],[76.78088,11.77679],[76.78085,11.77669],[76.78083,11.77665],[76.78082,11.77663],[76.78079,11.77659],[76.78076,11.77657],[76.78072,11.77653],[76.78071,11.77651],[76.78069,11.77648],[76.7807,11.77638],[76.7808,11.77591],[76.78083,11.77571],[76.78081,11.77552],[76.78081,11.77546],[76.78065,11.77469],[76.78056,11.77447],[76.78049,11.77433],[76.7804,11.77405],[76.78037,11.77393],[76.78035,11.77384],[76.78036,11.77358],[76.78057,11.77289],[76.78088,11.77203],[76.78106,11.77155],[76.78106,11.77096],[76.78107,11.77089],[76.78108,11.77086],[76.78113,11.77079],[76.78117,11.77076],[76.78122,11.77073],[76.78131,11.7707],[76.78138,11.7706],[76.78142,11.77051],[76.78144,11.77027],[76.78144,11.76926],[76.78141,11.76909],[76.78134,11.76902],[76.78128,11.76899],[76.78108,11.76899],[76.78093,11.76896],[76.78084,11.76888],[76.78078,11.76878],[76.78072,11.76861],[76.78071,11.76847],[76.78071,11.76831],[76.78073,11.76819],[76.78073,11.76811],[76.78101,11.76726],[76.78117,11.76686],[76.78138,11.76584],[76.7814,11.76554],[76.78128,11.76519],[76.78113,11.76487],[76.7807,11.76418],[76.78051,11.76392],[76.7801,11.76369],[76.7799,11.76351],[76.77983,11.76337],[76.77977,11.76332],[76.77966,11.76323],[76.77963,11.7632],[76.77951,11.76314],[76.77931,11.76314],[76.77921,11.76317],[76.77913,11.76316],[76.77909,11.76316],[76.77883,11.76296],[76.7785,11.76246],[76.77813,11.76189],[76.77786,11.76151],[76.77776,11.76141],[76.77771,11.76136],[76.77748,11.76132],[76.77698,11.76127],[76.77675,11.76125],[76.77662,11.76117],[76.77653,11.76108],[76.77649,11.76102],[76.77644,11.76097],[76.77628,11.76086],[76.77616,11.7608],[76.77605,11.76074],[76.7759,11.76066],[76.77578,11.7606],[76.77473,11.76009],[76.77456,11.76008]]},"properties":{"shedId":"C05CAM20"}},{"type":"Feature","geometry":{"type":"LineString","coordinates":[[76.65258,11.76372],[76.65318,11.7637],[76.65353,11.7637],[76.65394,11.76395],[76.65422,11.76432],[76.65576,11.76653],[76.65648,11.76796],[76.65738,11.77051],[76.65806,11.77216],[76.65816,11.77256],[76.65815,11.77326],[76.6582,11.77386],[76.65829,11.77403],[76.65849,11.77419],[76.65932,11.77449]]},"properties":{"shedId":"C05CAM20"}},{"type":"Feature","geometry":{"type":"LineString","coordinates":[[76.58814,11.77293],[76.58824,11.77293],[76.58835,11.77289],[76.5885,11.77275],[76.58859,11.77265],[76.5887,11.77256],[76.58882,11.77248],[76.58891,11.77237],[76.58905,11.77214],[76.58913,11.77202],[76.58918,11.77194],[76.58919,11.77191],[76.5893,11.7718],[76.58935,11.77167],[76.58936,11.77163],[76.58935,11.77162],[76.58932,11.77156],[76.58926,11.7715],[76.5892,11.77142],[76.58917,11.77135],[76.58917,11.77127],[76.58921,11.77117],[76.58942,11.77104],[76.58963,11.77095],[76.58968,11.77079],[76.58967,11.77069],[76.58965,11.77067],[76.58953,11.77058],[76.58945,11.77053],[76.58934,11.77045],[76.58932,11.77029],[76.58935,11.77007],[76.58957,11.76906],[76.58965,11.76889],[76.58972,11.7688],[76.58983,11.76878],[76.58999,11.76885],[76.59017,11.76902],[76.59037,11.76919],[76.59059,11.76927],[76.5909,11.76926],[76.59113,11.76907],[76.59124,11.76889],[76.59126,11.76882],[76.59127,11.76875],[76.59125,11.76862],[76.59123,11.76854],[76.59121,11.76843],[76.59122,11.76837],[76.59126,11.7683],[76.59133,11.76824],[76.59139,11.76822],[76.59181,11.76816],[76.59199,11.76819],[76.59226,11.76817],[76.59259,11.76805],[76.59289,11.76765],[76.59314,11.76741],[76.59338,11.76724],[76.59379,11.7671],[76.59416,11.76706],[76.59457,11.76691],[76.595,11.76665],[76.59536,11.7662],[76.5956,11.76585],[76.59581,11.76553],[76.59612,11.76528],[76.59653,11.76515],[76.597,11.76511],[76.59748,11.76508],[76.59823,11.76493]]},"properties":{"shedId":"C05CAM20"}},{"type":"Feature","geometry":{"type":"LineString","coordinates":[[76.52399,11.76738],[76.52397,11.76768],[76.52402,11.76796],[76.52414,11.76814],[76.52449,11.76837],[76.52606,11.76927],[76.52866,11.77086],[76.52961,11.77148],[76.52977,11.77154]]},"properties":{"shedId":"C05CAM20"}},{"type":"Feature","geometry":{"type":"LineString","coordinates":[[76.52977,11.77154],[76.53037,11.7718],[76.53151,11.77185],[76.53232,11.77171],[76.53322,11.77156],[76.53392,11.77152],[76.53473,11.77134],[76.53508,11.77134],[76.53523,11.77137],[76.53579,11.77164],[76.53618,11.77186],[76.5366,11.77193]]},"properties":{"shedId":"C05CAM20"}},{"type":"Feature","geometry":{"type":"LineString","coordinates":[[76.5366,11.77193],[76.53677,11.77193],[76.53729,11.77161],[76.53774,11.77133],[76.53812,11.77125],[76.53844,11.77129],[76.53877,11.77142],[76.539,11.77153],[76.53934,11.7717],[76.53963,11.77178],[76.54032,11.77178],[76.5409,11.7717],[76.54193,11.77154],[76.5422,11.77149],[76.54245,11.77152],[76.54272,11.77168],[76.54311,11.77194],[76.54351,11.77215]]},"properties":{"shedId":"C05CAM20"}},{"type":"Feature","geometry":{"type":"LineString","coordinates":[[76.55894,11.76468],[76.559,11.76475],[76.55903,11.7648],[76.55903,11.76486],[76.559,11.76491],[76.55896,11.76495],[76.55888,11.76498],[76.55881,11.76501],[76.55878,11.76504],[76.55877,11.76506],[76.55877,11.76508],[76.55878,11.76513],[76.5589,11.76534],[76.55894,11.76544],[76.55895,11.76552],[76.55874,11.76603],[76.55869,11.76611],[76.55868,11.76618],[76.55869,11.76625],[76.55879,11.76633],[76.55889,11.76641],[76.55898,11.76646],[76.55905,11.76648],[76.55913,11.76648],[76.55921,11.76644],[76.55932,11.76635],[76.55943,11.7663],[76.55949,11.76629],[76.55954,11.76632],[76.55954,11.76637],[76.55951,11.76673],[76.55954,11.76691],[76.55962,11.76772],[76.55972,11.76844],[76.55969,11.76879],[76.55963,11.76898],[76.55956,11.76913],[76.55951,11.76923],[76.5595,11.76929],[76.55951,11.76935],[76.55951,11.76938],[76.55952,11.7694],[76.55966,11.76953],[76.55972,11.7696],[76.55975,11.76969],[76.55988,11.77013],[76.55995,11.77025],[76.56007,11.77031],[76.56038,11.77055],[76.56051,11.77067],[76.56055,11.77077],[76.56054,11.77092],[76.56047,11.77103],[76.56036,11.77111],[76.5603,11.77117],[76.56029,11.77124],[76.56029,11.77133],[76.56032,11.7714],[76.56038,11.77144],[76.56049,11.77146],[76.56057,11.7715],[76.56066,11.77154],[76.56071,11.77161],[76.56075,11.77172],[76.56079,11.77183],[76.56083,11.77193],[76.56089,11.77202],[76.56095,11.77208],[76.56139,11.77212],[76.56145,11.77212],[76.56147,11.77214],[76.56149,11.77216],[76.56152,11.77223],[76.56149,11.77236],[76.56145,11.77248],[76.56144,11.77256],[76.56145,11.77261],[76.56149,11.77265],[76.56157,11.77267],[76.56167,11.77268],[76.56175,11.77271],[76.5618,11.77276],[76.56183,11.77282],[76.56184,11.77301],[76.56182,11.7732]]},"properties":{"shedId":"C05CAM20"}},{"type":"Feature","geometry":{"type":"LineString","coordinates":[[76.52897,11.77259],[76.52918,11.77236],[76.52937,11.77208],[76.52977,11.77154]]},"properties":{"shedId":"C05CAM20"}},{"type":"Feature","geometry":{"type":"LineString","coordinates":[[76.52007,11.77205],[76.52143,11.77191],[76.52236,11.77189],[76.52291,11.7719],[76.52339,11.77189],[76.52392,11.77189],[76.52441,11.77201],[76.52567,11.77221],[76.52593,11.7724],[76.52617,11.77255],[76.52645,11.77256],[76.52668,11.77244],[76.52691,11.77236],[76.52701,11.77235],[76.52744,11.77239],[76.52774,11.77249],[76.52803,11.77255],[76.52861,11.77266],[76.52897,11.77259]]},"properties":{"shedId":"C05CAM20"}},{"type":"Feature","geometry":{"type":"LineString","coordinates":[[76.54351,11.77215],[76.54397,11.77238],[76.54451,11.77247],[76.54497,11.77247],[76.54529,11.77235],[76.5455,11.77216],[76.54582,11.7719],[76.54625,11.77172],[76.54687,11.77142],[76.54722,11.77138],[76.54757,11.77137],[76.54774,11.77146],[76.54784,11.77165],[76.54802,11.77194],[76.54818,11.77216],[76.54845,11.77229],[76.54856,11.77234],[76.5486,11.77234],[76.54892,11.77227],[76.54914,11.77208],[76.54927,11.77193],[76.54928,11.77192],[76.54946,11.77184],[76.54984,11.77177],[76.55016,11.77177],[76.55063,11.77165],[76.55087,11.77155],[76.55127,11.77142],[76.55159,11.77137],[76.55256,11.77136],[76.55283,11.77147],[76.55364,11.77229],[76.55392,11.77265],[76.554,11.77272],[76.55411,11.77275],[76.55421,11.77271],[76.55428,11.77265],[76.55439,11.77262],[76.55448,11.77264],[76.55452,11.77268],[76.55455,11.77275],[76.55454,11.77289],[76.55451,11.773],[76.5544,11.77316],[76.55434,11.77321],[76.55433,11.77326],[76.55433,11.77332]]},"properties":{"shedId":"C05CAM20"}},{"type":"Feature","geometry":{"type":"LineString","coordinates":[[76.5826,11.77334],[76.58278,11.77328],[76.58296,11.77326],[76.58322,11.77326],[76.58332,11.77326],[76.58349,11.7733],[76.58379,11.77365],[76.58392,11.77379],[76.58403,11.77386],[76.58413,11.77388],[76.58428,11.77384],[76.58442,11.77378],[76.5846,11.7737],[76.58474,11.77369],[76.58486,11.77364],[76.58499,11.77355],[76.58511,11.77342],[76.58521,11.77334],[76.5853,11.77328],[76.58539,11.77324],[76.58549,11.77325],[76.58555,11.77329],[76.58559,11.77339],[76.58565,11.77354],[76.58568,11.77364],[76.58567,11.77373],[76.58564,11.77378],[76.58558,11.77382],[76.58553,11.77386],[76.5855,11.77389],[76.58549,11.7739],[76.58546,11.77403],[76.58547,11.7741],[76.5855,11.77414],[76.58565,11.77429],[76.58578,11.77435],[76.58593,11.77435],[76.5861,11.77429],[76.58614,11.77427],[76.58625,11.77416],[76.58632,11.77407],[76.58635,11.77395],[76.58638,11.77385],[76.58643,11.77377],[76.58652,11.77371],[76.58669,11.77367],[76.58681,11.77365],[76.58696,11.77366],[76.58707,11.77366],[76.58715,11.77364],[76.58717,11.77361],[76.58717,11.77357],[76.58714,11.77348],[76.58705,11.77332],[76.58689,11.77308],[76.58687,11.77303],[76.5869,11.77295],[76.58696,11.77289],[76.58708,11.77284],[76.58726,11.77287],[76.58768,11.77304],[76.58778,11.77306],[76.58788,11.77304],[76.58789,11.77302],[76.588,11.77296],[76.58814,11.77293]]},"properties":{"shedId":"C05CAM20"}},{"type":"Feature","geometry":{"type":"LineString","coordinates":[[76.55433,11.77332],[76.55437,11.77337],[76.55461,11.77355],[76.55473,11.7736],[76.5548,11.7736],[76.55489,11.77356],[76.55492,11.77351],[76.55492,11.77345],[76.55489,11.7732],[76.55489,11.77313],[76.5549,11.77307],[76.55494,11.77305],[76.55494,11.77305],[76.55501,11.77305],[76.55508,11.77308],[76.55554,11.77343],[76.55561,11.77359],[76.55563,11.77373],[76.55563,11.77384],[76.5557,11.774],[76.55576,11.77405],[76.55593,11.77406],[76.55614,11.77399],[76.55632,11.77386],[76.5565,11.77366],[76.55672,11.77319],[76.55682,11.77311],[76.55694,11.77307],[76.55709,11.77304],[76.55728,11.77307],[76.55745,11.77311],[76.5576,11.77313],[76.55772,11.77313],[76.55779,11.77308],[76.55789,11.77299],[76.55795,11.77294],[76.55805,11.77293],[76.55817,11.77294],[76.55828,11.77299],[76.55843,11.7731],[76.55855,11.77314],[76.5587,11.77315],[76.55909,11.7731],[76.55922,11.77311],[76.5594,11.77317],[76.55952,11.77321],[76.55969,11.77321],[76.55979,11.77322],[76.55987,11.77329],[76.55989,11.77336],[76.55992,11.77342],[76.55996,11.77347],[76.56,11.77348],[76.56005,11.77347],[76.56007,11.77346],[76.56009,11.77345],[76.56009,11.77343],[76.56009,11.7734],[76.56009,11.77338],[76.56008,11.77337],[76.56006,11.77332],[76.56004,11.77329],[76.56004,11.77322],[76.56005,11.77317],[76.56009,11.77314],[76.56017,11.7731],[76.56031,11.77312],[76.56042,11.77313],[76.5606,11.77316],[76.56076,11.77317],[76.56081,11.77315],[76.56091,11.7731],[76.56095,11.77307],[76.56096,11.77305],[76.56101,11.77301],[76.56108,11.773],[76.56114,11.77302],[76.56118,11.77305],[76.56126,11.77307],[76.56132,11.77305],[76.56136,11.77304],[76.56144,11.77303],[76.56151,11.77303],[76.5617,11.77309],[76.56182,11.7732]]},"properties":{"shedId":"C05CAM20"}},{"type":"Feature","geometry":{"type":"LineString","coordinates":[[76.56182,11.7732],[76.56198,11.77329],[76.5621,11.77333],[76.56216,11.77336],[76.56222,11.7734],[76.56224,11.77342],[76.56224,11.77346],[76.56222,11.7736],[76.56224,11.77366],[76.56226,11.77371],[76.56231,11.77375],[76.56238,11.77377],[76.5625,11.77376],[76.56262,11.77369],[76.5627,11.77363],[76.56274,11.7736],[76.56283,11.77359],[76.56285,11.77359],[76.56287,11.7736],[76.56292,11.77363],[76.56293,11.77368],[76.56294,11.77374],[76.56295,11.77377],[76.56296,11.7738],[76.56299,11.77383],[76.56313,11.77392],[76.56319,11.77397],[76.56326,11.77398],[76.56336,11.77397],[76.56346,11.77394],[76.56354,11.77389],[76.56362,11.77386],[76.56367,11.77385],[76.56374,11.77386],[76.56379,11.77388],[76.56399,11.77419],[76.56409,11.77433],[76.56414,11.77436],[76.56418,11.77437],[76.56423,11.77437],[76.56428,11.77432],[76.56445,11.77405],[76.56452,11.77393],[76.5646,11.77383],[76.56468,11.7738],[76.56476,11.77377],[76.56485,11.77378],[76.56488,11.77383],[76.5649,11.77386],[76.56491,11.77389],[76.5649,11.77393],[76.56486,11.77402],[76.56485,11.77405],[76.56484,11.77409],[76.56485,11.77413],[76.56489,11.77432],[76.56494,11.77443],[76.56505,11.77449],[76.56518,11.77451],[76.56538,11.77449],[76.56557,11.77442],[76.56565,11.77436],[76.56569,11.77432],[76.56571,11.77428],[76.5658,11.77387],[76.56591,11.77372],[76.56603,11.77358],[76.56665,11.77314],[76.5668,11.77305],[76.56684,11.77298],[76.56685,11.77291],[76.56684,11.77285],[76.5668,11.77281],[76.56679,11.77281],[76.56667,11.77277],[76.56654,11.77275],[76.56643,11.77271],[76.56637,11.77267],[76.56633,11.7726],[76.56633,11.77252],[76.5665,11.77224],[76.56663,11.77211],[76.56683,11.77207],[76.56696,11.77207],[76.56702,11.77207],[76.5672,11.77207],[76.56725,11.77207],[76.56756,11.77201],[76.56833,11.77165],[76.56867,11.77154],[76.56957,11.7713],[76.57003,11.77126],[76.57049,11.7713],[76.57098,11.77132],[76.57143,11.77137],[76.57338,11.77174]]},"properties":{"shedId":"C05CAM20"}},{"type":"Feature","geometry":{"type":"LineString","coordinates":[[76.64239,11.76962],[76.64277,11.77105],[76.64316,11.77235],[76.6441,11.77329],[76.64466,11.77382],[76.64516,11.77449],[76.64551,11.77501],[76.64604,11.77571],[76.64656,11.77695]]},"properties":{"shedId":"C05CAM20"}},{"type":"Feature","geometry":{"type":"LineString","coordinates":[[76.64656,11.77695],[76.64667,11.77695],[76.6471,11.77684],[76.64746,11.77666],[76.64785,11.77655],[76.64821,11.77655],[76.64868,11.77661],[76.64904,11.7766],[76.64943,11.7765],[76.64974,11.77638],[76.65007,11.77629],[76.65036,11.77627],[76.65061,11.77619],[76.65086,11.77603],[76.65187,11.77528],[76.65206,11.77516],[76.65219,11.77499],[76.65229,11.77481],[76.6524,11.77472],[76.65261,11.77471],[76.65295,11.77475],[76.65326,11.77476],[76.65385,11.77463],[76.65476,11.77422],[76.65493,11.77418],[76.65511,11.77424],[76.65535,11.77441],[76.65554,11.77448],[76.65599,11.7745],[76.6574,11.77463],[76.65801,11.77453],[76.65875,11.77443],[76.65932,11.77449]]},"properties":{"shedId":"C05CAM20"}},{"type":"Feature","geometry":{"type":"LineString","coordinates":[[76.57567,11.77227],[76.57662,11.77248],[76.57725,11.77285],[76.57814,11.7742],[76.57863,11.77509],[76.57893,11.77542]]},"properties":{"shedId":"C05CAM20"}},{"type":"Feature","geometry":{"type":"LineString","coordinates":[[76.57893,11.77542],[76.57929,11.77562],[76.57979,11.77572],[76.58014,11.77569],[76.58036,11.77555],[76.58047,11.77535],[76.58057,11.7751],[76.58066,11.77456],[76.58066,11.77412],[76.58068,11.77397],[76.58071,11.77387],[76.58072,11.77385],[76.58079,11.77379],[76.58097,11.77379],[76.58124,11.77387],[76.58139,11.7739],[76.5815,11.7739],[76.58159,11.77391],[76.58167,11.77394],[76.58174,11.77394],[76.5818,11.77393],[76.58181,11.77393],[76.58191,11.77388],[76.58195,11.77381],[76.58205,11.77358],[76.58213,11.77352],[76.5826,11.77334]]},"properties":{"shedId":"C05CAM20"}},{"type":"Feature","geometry":{"type":"LineString","coordinates":[[76.5278,11.77456],[76.52809,11.77418],[76.52885,11.77319],[76.52897,11.77291],[76.52897,11.77259]]},"properties":{"shedId":"C05CAM20"}},{"type":"Feature","geometry":{"type":"LineString","coordinates":[[76.57243,11.77655],[76.57257,11.77631],[76.57282,11.77558],[76.57294,11.77493],[76.57314,11.77458],[76.57345,11.77429],[76.57461,11.7732],[76.57567,11.77227]]},"properties":{"shedId":"C05CAM20"}},{"type":"Feature","geometry":{"type":"LineString","coordinates":[[76.75388,11.77373],[76.75407,11.7742],[76.75431,11.77452],[76.75463,11.77474],[76.75568,11.77516],[76.75615,11.77542],[76.75658,11.77566],[76.7568,11.77594],[76.75697,11.77616],[76.75717,11.7763],[76.7574,11.77641],[76.75838,11.7767],[76.75878,11.77691],[76.75931,11.7772],[76.76042,11.7777],[76.76092,11.77795],[76.76113,11.77831],[76.76136,11.77858],[76.76151,11.77867],[76.7617,11.77875],[76.76198,11.77881],[76.76228,11.77896],[76.76254,11.77915],[76.76324,11.78007],[76.7634,11.78036],[76.76359,11.78069],[76.76373,11.78097],[76.76376,11.78122]]},"properties":{"shedId":"C05CAM20"}},{"type":"Feature","geometry":{"type":"LineString","coordinates":[[76.77524,11.78064],[76.77352,11.7798],[76.77123,11.7794],[76.76879,11.77907],[76.76781,11.77899],[76.76752,11.779],[76.76727,11.77908],[76.76695,11.77927],[76.76674,11.77942],[76.76638,11.77964],[76.76625,11.77968],[76.76603,11.77968],[76.76586,11.77968],[76.76561,11.77973],[76.7654,11.77981],[76.76519,11.77995],[76.76498,11.78004],[76.76434,11.7803],[76.76419,11.78035],[76.76414,11.78041],[76.76412,11.78045],[76.76407,11.78057],[76.764,11.78074],[76.76376,11.78122]]},"properties":{"shedId":"C05CAM20"}},{"type":"Feature","geometry":{"type":"LineString","coordinates":[[76.71016,11.78171],[76.71026,11.7824],[76.71038,11.78291],[76.71059,11.78326],[76.71117,11.78374]]},"properties":{"shedId":"C05CAM20"}},{"type":"Feature","geometry":{"type":"LineString","coordinates":[[76.7258,11.77498],[76.72572,11.77605],[76.72565,11.77744],[76.72566,11.77818],[76.7257,11.7785],[76.72577,11.77876],[76.7259,11.77895],[76.72635,11.77919],[76.72663,11.77955],[76.72711,11.78028],[76.72758,11.78109],[76.72779,11.78141]]},"properties":{"shedId":"C05CAM20"}},{"type":"Feature","geometry":{"type":"LineString","coordinates":[[76.72744,11.76835],[76.7283,11.76857],[76.72878,11.76868],[76.73036,11.76944],[76.73069,11.76969],[76.731,11.76984],[76.73108,11.7699],[76.73112,11.76997],[76.73108,11.77181],[76.73111,11.77215],[76.73116,11.77244],[76.73127,11.77268],[76.73145,11.77288],[76.7318,11.77306],[76.73193,11.77318],[76.73206,11.77345],[76.73206,11.7745],[76.73204,11.77473],[76.73194,11.77494],[76.73174,11.77514],[76.73155,11.77531],[76.73132,11.77548],[76.73116,11.77573],[76.73105,11.77631],[76.7309,11.77734],[76.73085,11.77774],[76.73072,11.77801],[76.73049,11.77824],[76.73028,11.77834],[76.72821,11.77881],[76.72809,11.77892],[76.72799,11.77913],[76.72799,11.77945],[76.7281,11.78066],[76.72801,11.78089],[76.72783,11.78132],[76.72779,11.78141]]},"properties":{"shedId":"C05CAM20"}},{"type":"Feature","geometry":{"type":"LineString","coordinates":[[76.65932,11.77449],[76.6597,11.77467],[76.66145,11.77535],[76.66214,11.77539],[76.66284,11.77556],[76.6634,11.77594],[76.66389,11.77662],[76.66526,11.77816],[76.66575,11.77874],[76.66612,11.77918],[76.6664,11.77939],[76.66665,11.77943],[76.66702,11.77937],[76.66727,11.77929],[76.66777,11.77925],[76.66893,11.77916],[76.6695,11.77923],[76.66996,11.77933],[76.67049,11.77937],[76.671,11.77937],[76.67162,11.77938],[76.67216,11.7794],[76.67251,11.7795],[76.67291,11.7797],[76.67346,11.78017]]},"properties":{"shedId":"C05CAM20"}},{"type":"Feature","geometry":{"type":"LineString","coordinates":[[76.65604,11.75904],[76.65635,11.75926],[76.65683,11.75953],[76.65777,11.75977],[76.6582,11.7598],[76.65867,11.75973],[76.65919,11.75964],[76.65939,11.75964],[76.66016,11.7598],[76.66047,11.75977],[76.66094,11.75981],[76.66125,11.75994],[76.66154,11.7601],[76.6616,11.76013],[76.6623,11.76073],[76.66291,11.76125],[76.66307,11.76162],[76.66324,11.7619],[76.66343,11.76214],[76.66376,11.76227],[76.66396,11.76231],[76.66416,11.76237],[76.66422,11.76241],[76.66447,11.76263],[76.66464,11.76302],[76.66533,11.76412],[76.66577,11.7647],[76.66621,11.76504],[76.66647,11.7652],[76.66668,11.76532],[76.66696,11.76571],[76.66737,11.7665],[76.6678,11.76734],[76.66792,11.76767],[76.66798,11.76785],[76.66795,11.76801],[76.66789,11.76811],[76.66773,11.76826],[76.66768,11.76832],[76.66767,11.76837],[76.66767,11.76844],[76.66768,11.7685],[76.66775,11.76859],[76.6679,11.76873],[76.6684,11.7693],[76.66854,11.76952],[76.6686,11.76972],[76.6686,11.7701],[76.66862,11.77041],[76.66866,11.77073],[76.66868,11.77095],[76.66862,11.77131],[76.66858,11.77143],[76.66846,11.77171],[76.66838,11.77189],[76.66834,11.77211],[76.66834,11.7723],[76.66838,11.77252],[76.6684,11.7727],[76.66842,11.77349],[76.6684,11.77377],[76.66842,11.7741],[76.66843,11.77424],[76.66848,11.77435],[76.66854,11.77451],[76.6686,11.77457],[76.66868,11.77469],[76.66869,11.77474],[76.66872,11.77494],[76.66872,11.77515],[76.66865,11.77538],[76.66852,11.77551],[76.66815,11.77629],[76.66806,11.77653],[76.66801,11.77685],[76.6683,11.77733],[76.66862,11.77761],[76.6689,11.7778],[76.6694,11.77803],[76.66991,11.7781],[76.67056,11.77817],[76.67198,11.77879],[76.67255,11.77899],[76.67346,11.78017]]},"properties":{"shedId":"C05CAM20"}},{"type":"Feature","geometry":{"type":"LineString","coordinates":[[76.63634,11.77378],[76.63643,11.77426],[76.63646,11.77507],[76.6363,11.7755],[76.63627,11.77572],[76.63629,11.77596],[76.63632,11.77634],[76.63653,11.77678],[76.63665,11.777],[76.63731,11.77758],[76.63804,11.77795],[76.63865,11.77802],[76.63931,11.77801],[76.63967,11.77811],[76.64001,11.77829],[76.6403,11.77855],[76.64062,11.77904],[76.64096,11.77962]]},"properties":{"shedId":"C05CAM20"}},{"type":"Feature","geometry":{"type":"LineString","coordinates":[[76.64096,11.77962],[76.64146,11.77888],[76.64179,11.77867],[76.64219,11.77855],[76.6426,11.77854],[76.64295,11.77843],[76.64326,11.7782],[76.64351,11.77771],[76.64363,11.77751],[76.64396,11.77707],[76.64422,11.77693],[76.64458,11.77691],[76.64554,11.77694],[76.64617,11.77698],[76.64656,11.77695]]},"properties":{"shedId":"C05CAM20"}},{"type":"Feature","geometry":{"type":"LineString","coordinates":[[76.61905,11.7723],[76.61915,11.77266],[76.61924,11.77296],[76.61944,11.77318],[76.61962,11.77334],[76.61972,11.77356],[76.61993,11.77389],[76.62015,11.77412],[76.62041,11.77427],[76.6207,11.77442],[76.62093,11.77456],[76.62098,11.77471],[76.62098,11.77493],[76.62092,11.77517],[76.62082,11.77535],[76.62075,11.77557],[76.62067,11.77583],[76.62069,11.77602],[76.62075,11.77617],[76.62086,11.77621],[76.621,11.77622],[76.62109,11.77622],[76.62114,11.77624],[76.62125,11.77629],[76.62132,11.77637],[76.62138,11.7765],[76.6214,11.77658],[76.62139,11.77678],[76.62135,11.77708],[76.62134,11.7773],[76.62134,11.77749],[76.62135,11.77758],[76.62141,11.77782],[76.62157,11.77803],[76.6219,11.77849],[76.62203,11.77871],[76.62211,11.7789],[76.6222,11.77926],[76.62219,11.77939]]},"properties":{"shedId":"C05CAM20"}},{"type":"Feature","geometry":{"type":"LineString","coordinates":[[76.71258,11.77676],[76.71132,11.77776],[76.71068,11.77853],[76.71026,11.77905],[76.71001,11.77941],[76.70982,11.77986],[76.70984,11.78029],[76.7099,11.78076],[76.71011,11.78139],[76.71016,11.78171]]},"properties":{"shedId":"C05CAM20"}},{"type":"Feature","geometry":{"type":"LineString","coordinates":[[76.71444,11.77661],[76.71419,11.77687],[76.71399,11.77708],[76.71382,11.77719],[76.71363,11.7773],[76.71345,11.77738],[76.71326,11.77748],[76.71314,11.77758],[76.71306,11.77775],[76.71303,11.778],[76.71302,11.77837],[76.71302,11.77868],[76.7129,11.77892],[76.71277,11.77904],[76.71222,11.77934],[76.71203,11.77953],[76.71188,11.77967],[76.71152,11.78004],[76.71129,11.78027],[76.7111,11.78058],[76.71092,11.78096],[76.7106,11.78134],[76.71045,11.78149],[76.71016,11.78171]]},"properties":{"shedId":"C05CAM20"}},{"type":"Feature","geometry":{"type":"LineString","coordinates":[[76.67346,11.78017],[76.67373,11.78055],[76.67397,11.78089]]},"properties":{"shedId":"C05CAM20"}},{"type":"Feature","geometry":{"type":"LineString","coordinates":[[76.61997,11.77984],[76.62026,11.77976],[76.62219,11.77939]]},"properties":{"shedId":"C05CAM20"}},{"type":"Feature","geometry":{"type":"LineString","coordinates":[[76.58348,11.7793],[76.58345,11.77909],[76.58341,11.77893],[76.58338,11.77873],[76.5832,11.7781],[76.58309,11.77795],[76.58294,11.77783],[76.58275,11.77772],[76.58263,11.77764],[76.58255,11.77745],[76.58247,11.77724],[76.58251,11.77655],[76.58255,11.77632],[76.58264,11.77598],[76.58267,11.77566],[76.5827,11.77541],[76.58293,11.77461],[76.58302,11.77439],[76.58303,11.77418],[76.58303,11.77405],[76.58297,11.77391],[76.58276,11.77365],[76.5827,11.77355],[76.5826,11.77334]]},"properties":{"shedId":"C05CAM20"}},{"type":"Feature","geometry":{"type":"LineString","coordinates":[[76.62219,11.77939],[76.62219,11.77957],[76.62222,11.77973],[76.62228,11.77982],[76.62239,11.77988],[76.62257,11.77982],[76.62303,11.77972],[76.62349,11.77967],[76.6238,11.77964],[76.62403,11.77963],[76.62432,11.77965],[76.62451,11.77976],[76.62512,11.78009],[76.62554,11.78022],[76.62599,11.78033]]},"properties":{"shedId":"C05CAM20"}},{"type":"Feature","geometry":{"type":"LineString","coordinates":[[76.63412,11.77217],[76.63407,11.77256],[76.63398,11.77291],[76.63375,11.7732],[76.63371,11.7733],[76.6337,11.77341],[76.63373,11.77357],[76.63374,11.77375],[76.63374,11.77394],[76.63372,11.77418],[76.63367,11.77432],[76.63367,11.77451],[76.63372,11.77485],[76.63379,11.77537],[76.63388,11.77552],[76.63398,11.77582],[76.63396,11.77614],[76.63397,11.77679],[76.63398,11.77721],[76.63399,11.77772],[76.63401,11.77815],[76.63408,11.77858],[76.63408,11.77886],[76.63409,11.77919],[76.63411,11.77977],[76.63409,11.78028],[76.63408,11.78054],[76.63415,11.78084]]},"properties":{"shedId":"C05CAM20"}},{"type":"Feature","geometry":{"type":"LineString","coordinates":[[76.52358,11.77888],[76.52387,11.77834],[76.52421,11.77756],[76.52459,11.77694],[76.52505,11.77621],[76.52561,11.7757],[76.52628,11.77533],[76.52674,11.77511],[76.5274,11.77482],[76.5278,11.77456]]},"properties":{"shedId":"C05CAM20"}},{"type":"Feature","geometry":{"type":"LineString","coordinates":[[76.63415,11.78084],[76.63456,11.78076],[76.63501,11.78081],[76.63532,11.78102],[76.63556,11.78133],[76.63577,11.78153],[76.63629,11.78161],[76.63684,11.78143],[76.63906,11.7808],[76.63924,11.78073]]},"properties":{"shedId":"C05CAM20"}},{"type":"Feature","geometry":{"type":"LineString","coordinates":[[76.62599,11.78033],[76.62619,11.78029],[76.62625,11.78027],[76.62652,11.7802],[76.62678,11.78023],[76.62706,11.78035],[76.62733,11.78054],[76.62774,11.78119],[76.62787,11.78137],[76.62812,11.78143],[76.62846,11.78136],[76.62874,11.7812],[76.62896,11.781],[76.6292,11.78086],[76.62953,11.78081],[76.63031,11.78091],[76.63093,11.78093],[76.63244,11.78097],[76.63335,11.781],[76.63415,11.78084]]},"properties":{"shedId":"C05CAM20"}},{"type":"Feature","geometry":{"type":"LineString","coordinates":[[76.71411,11.78125],[76.71404,11.7814],[76.71391,11.78164],[76.71371,11.78182],[76.7135,11.78206],[76.71338,11.78231],[76.71323,11.78255],[76.71307,11.78272],[76.71292,11.78284],[76.7127,11.78301],[76.7123,11.78312],[76.71206,11.78318],[76.71179,11.78321],[76.71158,11.7833],[76.71142,11.78341],[76.71123,11.7836],[76.71117,11.78374]]},"properties":{"shedId":"C05CAM20"}},{"type":"Feature","geometry":{"type":"LineString","coordinates":[[76.58874,11.78093],[76.58903,11.78011],[76.58914,11.77984],[76.5892,11.77843],[76.58943,11.7765],[76.58942,11.77605],[76.58926,11.77567],[76.58902,11.77534],[76.58849,11.77465],[76.58821,11.7743],[76.58815,11.77401],[76.58814,11.77293]]},"properties":{"shedId":"C05CAM20"}},{"type":"Feature","geometry":{"type":"LineString","coordinates":[[76.54041,11.78049],[76.54039,11.78035],[76.54036,11.78001],[76.54038,11.77957],[76.54018,11.77811],[76.54025,11.77772],[76.54039,11.77741],[76.54047,11.77728],[76.54067,11.77704],[76.54127,11.77616],[76.54158,11.77562],[76.54176,11.7752],[76.54198,11.77471],[76.54213,11.77444],[76.54227,11.77422],[76.54263,11.77395],[76.54281,11.77377],[76.54297,11.7735],[76.54309,11.77323],[76.54323,11.77292],[76.54331,11.77261],[76.54346,11.77223],[76.54351,11.77215]]},"properties":{"shedId":"C05CAM20"}},{"type":"Feature","geometry":{"type":"LineString","coordinates":[[76.5483,11.78093],[76.54894,11.77998],[76.54953,11.77924],[76.54993,11.77886],[76.55027,11.77867],[76.55058,11.77846],[76.55063,11.77843],[76.55088,11.77811],[76.55099,11.77782],[76.5512,11.77708],[76.55145,11.77666],[76.5518,11.77613],[76.55253,11.77498],[76.55291,11.77467],[76.55323,11.77444],[76.55349,11.77413],[76.55433,11.77332]]},"properties":{"shedId":"C05CAM20"}},{"type":"Feature","geometry":{"type":"LineString","coordinates":[[76.58755,11.78291],[76.5879,11.7824],[76.58831,11.78184],[76.58858,11.78138],[76.58874,11.78093]]},"properties":{"shedId":"C05CAM20"}},{"type":"Feature","geometry":{"type":"LineString","coordinates":[[76.62542,11.7841],[76.62576,11.78345],[76.62599,11.78033]]},"properties":{"shedId":"C05CAM20"}},{"type":"Feature","geometry":{"type":"LineString","coordinates":[[76.67397,11.78089],[76.67427,11.78134],[76.6746,11.78164],[76.675,11.78184],[76.67566,11.78232],[76.67709,11.78345],[76.6781,11.78495],[76.67882,11.78577]]},"properties":{"shedId":"C05CAM20"}},{"type":"Feature","geometry":{"type":"LineString","coordinates":[[76.53527,11.78241],[76.53569,11.78213],[76.53592,11.78205],[76.53646,11.7817],[76.53676,11.78146],[76.53692,11.78139],[76.53739,11.78117],[76.53794,11.78097],[76.53846,11.78075],[76.53906,11.78053],[76.53971,11.7805],[76.54041,11.78049]]},"properties":{"shedId":"C05CAM20"}},{"type":"Feature","geometry":{"type":"LineString","coordinates":[[76.56105,11.78282],[76.56114,11.783],[76.56126,11.78307],[76.56132,11.7831],[76.56142,11.78309],[76.56151,11.78303],[76.5619,11.78245],[76.56225,11.78213],[76.56269,11.78182],[76.56284,11.78173],[76.563,11.78166],[76.56304,11.78164],[76.56308,11.78161],[76.56309,11.78157],[76.56309,11.78153],[76.56307,11.7815],[76.56303,11.78146],[76.56302,11.78145],[76.56283,11.78139],[76.56273,11.78139],[76.56264,11.78138],[76.56259,11.78137],[76.56255,11.78133],[76.56254,11.7813],[76.56253,11.78128],[76.56253,11.78123],[76.56255,11.7812],[76.56264,11.78114],[76.56274,11.78109],[76.56286,11.78099],[76.56317,11.7807],[76.56324,11.78065],[76.56328,11.78058],[76.56329,11.78055],[76.56329,11.78053],[76.56326,11.78045],[76.56323,11.78039],[76.5632,11.7803],[76.56319,11.78016],[76.56322,11.77994],[76.56324,11.77986],[76.56326,11.77982],[76.5633,11.77981],[76.56333,11.77981],[76.56339,11.77985],[76.56343,11.7799],[76.56348,11.77994],[76.56354,11.77996],[76.5636,11.77997],[76.56362,11.77997],[76.56376,11.7799],[76.56378,11.77989],[76.56382,11.77989],[76.56387,11.77988],[76.5639,11.77988],[76.56395,11.77986],[76.56401,11.77986],[76.56406,11.77985],[76.56408,11.77985],[76.56415,11.77981],[76.56421,11.77977],[76.56422,11.77974],[76.56423,11.77971],[76.56425,11.77966],[76.56424,11.7796],[76.56421,11.77955],[76.56415,11.77953],[76.56382,11.77954],[76.56374,11.77954],[76.56372,11.77953],[76.5637,11.77952],[76.56369,11.77951],[76.56367,11.77948],[76.56366,11.77946],[76.56366,11.77941],[76.5637,11.77931],[76.56389,11.77897],[76.56404,11.77884],[76.56429,11.77874],[76.56513,11.77872],[76.56533,11.77872],[76.56544,11.77868],[76.56554,11.77863],[76.56557,11.77859],[76.56559,11.77856],[76.56559,11.77848],[76.56556,11.77782],[76.56557,11.77765],[76.56567,11.77746],[76.56573,11.7774],[76.56576,11.77738],[76.5659,11.7773],[76.56595,11.77724],[76.56595,11.77722],[76.566,11.77703],[76.56603,11.77679],[76.56605,11.77664],[76.56611,11.77653],[76.56625,11.77629],[76.56632,11.77619],[76.56638,11.77606],[76.56639,11.77589],[76.56641,11.77563],[76.56644,11.77557],[76.56648,11.7755],[76.56656,11.77547],[76.56668,11.77544],[76.5668,11.7754],[76.56697,11.77529],[76.56727,11.77507],[76.56735,11.77505],[76.56745,11.77504],[76.56776,11.77515],[76.56783,11.77517],[76.56785,11.77518],[76.56792,11.77519],[76.56796,11.77519],[76.56803,11.77518],[76.56813,11.77515],[76.56815,11.77514],[76.56819,11.77511],[76.56827,11.77497],[76.56835,11.77482],[76.56846,11.7747],[76.56858,11.77454],[76.56869,11.7742],[76.56878,11.77409],[76.56895,11.77393],[76.57003,11.77335],[76.57134,11.77267],[76.57252,11.77206],[76.57338,11.77174]]},"properties":{"shedId":"C05CAM20"}},{"type":"Feature","geometry":{"type":"LineString","coordinates":[[76.77651,11.78464],[76.7761,11.7857],[76.77565,11.78736],[76.77548,11.78845]]},"properties":{"shedId":"C05CAM20"}},{"type":"Feature","geometry":{"type":"LineString","coordinates":[[76.77906,11.7832],[76.77873,11.78374],[76.77871,11.78428],[76.77866,11.78465],[76.77857,11.78576],[76.77842,11.78683],[76.77832,11.7873],[76.77821,11.78749],[76.7781,11.78766],[76.77794,11.7878],[76.77723,11.78828],[76.77674,11.78857],[76.77648,11.78866],[76.77635,11.78866],[76.77614,11.78859],[76.77584,11.78849],[76.77567,11.78845],[76.77548,11.78845]]},"properties":{"shedId":"C05CAM20"}},{"type":"Feature","geometry":{"type":"LineString","coordinates":[[76.57064,11.78408],[76.57069,11.78383],[76.5707,11.78314],[76.57125,11.78158],[76.57213,11.78017],[76.57231,11.77937],[76.57246,11.77839],[76.57246,11.77806],[76.57243,11.77655]]},"properties":{"shedId":"C05CAM20"}},{"type":"Feature","geometry":{"type":"LineString","coordinates":[[76.59048,11.78458],[76.5904,11.7845],[76.59037,11.78435],[76.59034,11.78418],[76.59031,11.78392],[76.59005,11.78284],[76.58997,11.78233],[76.58983,11.78192],[76.58969,11.78167],[76.5894,11.78127],[76.58922,11.78113],[76.58874,11.78093]]},"properties":{"shedId":"C05CAM20"}},{"type":"Feature","geometry":{"type":"LineString","coordinates":[[76.5292,11.78321],[76.52965,11.78284],[76.5302,11.78252],[76.53073,11.78219],[76.53092,11.78208],[76.53109,11.78186],[76.53127,11.78147],[76.5314,11.78103],[76.53149,11.78003],[76.53158,11.77968],[76.5318,11.77912],[76.53204,11.77865],[76.53253,11.77671],[76.53319,11.77601],[76.5339,11.77495],[76.53423,11.77442],[76.53456,11.77403],[76.53491,11.7735],[76.53527,11.77319],[76.5366,11.77193]]},"properties":{"shedId":"C05CAM20"}},{"type":"Feature","geometry":{"type":"LineString","coordinates":[[76.60482,11.78505],[76.60488,11.78408],[76.60501,11.78366],[76.60534,11.78286],[76.6057,11.78233],[76.60655,11.78109],[76.60786,11.77963],[76.60853,11.77921],[76.60953,11.7785],[76.61054,11.77746],[76.61109,11.77643],[76.61153,11.77539],[76.61161,11.77516],[76.61155,11.77478],[76.61139,11.77444],[76.61122,11.77425],[76.6111,11.77394],[76.611,11.77342],[76.61109,11.77166]]},"properties":{"shedId":"C05CAM20"}},{"type":"Feature","geometry":{"type":"LineString","coordinates":[[76.7742,11.7837],[76.77399,11.78434],[76.77395,11.78467],[76.77389,11.78499],[76.77389,11.7854],[76.77393,11.78592],[76.77393,11.7865],[76.77387,11.78716],[76.77388,11.78756],[76.77391,11.78802],[76.77404,11.78841],[76.77415,11.78873],[76.77418,11.7889],[76.77414,11.78907]]},"properties":{"shedId":"C05CAM20"}},{"type":"Feature","geometry":{"type":"LineString","coordinates":[[76.77548,11.78845],[76.77504,11.78862],[76.7747,11.78884],[76.77447,11.78893],[76.77414,11.78907]]},"properties":{"shedId":"C05CAM20"}},{"type":"Feature","geometry":{"type":"LineString","coordinates":[[76.64042,11.78602],[76.64034,11.78502],[76.64032,11.78421],[76.64027,11.78402],[76.64018,11.78388],[76.64005,11.78373],[76.64,11.78366],[76.63997,11.7836],[76.63989,11.78333],[76.63985,11.7821],[76.63983,11.78179],[76.6396,11.78137],[76.63924,11.78073]]},"properties":{"shedId":"C05CAM20"}},{"type":"Feature","geometry":{"type":"LineString","coordinates":[[76.55934,11.78423],[76.55945,11.78414],[76.55951,11.78404],[76.55953,11.78398],[76.55958,11.78388],[76.55966,11.78383],[76.55976,11.7838],[76.5602,11.78374],[76.5603,11.7837],[76.56038,11.78359],[76.56043,11.78345],[76.56049,11.78329],[76.56059,11.78319],[76.56068,11.78311],[76.56084,11.783],[76.56105,11.78282]]},"properties":{"shedId":"C05CAM20"}},{"type":"Feature","geometry":{"type":"LineString","coordinates":[[76.59667,11.78536],[76.59702,11.78479],[76.59724,11.78425],[76.59742,11.7837],[76.59753,11.78322],[76.59757,11.78239],[76.59754,11.78196],[76.59746,11.78127],[76.59674,11.78],[76.59629,11.77933],[76.59575,11.77877],[76.59549,11.77839],[76.59537,11.77795],[76.59541,11.77767],[76.59546,11.77755],[76.59563,11.7772],[76.59575,11.77699],[76.59728,11.77598],[76.59776,11.77583],[76.59849,11.77575],[76.59919,11.77577],[76.59964,11.77585],[76.60044,11.77593],[76.60087,11.77595],[76.6014,11.77596],[76.60178,11.77597],[76.60239,11.77597],[76.60295,11.77598],[76.60348,11.7759],[76.60403,11.77567],[76.60439,11.77556],[76.60477,11.77541],[76.60496,11.77523],[76.6052,11.77493],[76.60535,11.77468],[76.60556,11.77438],[76.60771,11.77319],[76.60966,11.77228],[76.61078,11.77175],[76.61109,11.77166]]},"properties":{"shedId":"C05CAM20"}},{"type":"Feature","geometry":{"type":"LineString","coordinates":[[76.56674,11.78488],[76.5668,11.78444],[76.56675,11.78399],[76.56669,11.78364],[76.56668,11.78292],[76.56678,11.78253],[76.56697,11.78224],[76.56789,11.78133],[76.56812,11.7809],[76.56825,11.78043],[76.56825,11.77971],[76.56825,11.7785],[76.56828,11.7782],[76.56834,11.77797],[76.56858,11.77783],[76.56895,11.77783],[76.57043,11.77821],[76.57109,11.77851],[76.57135,11.77847],[76.57169,11.77792],[76.57206,11.77719],[76.57243,11.77655]]},"properties":{"shedId":"C05CAM20"}},{"type":"Feature","geometry":{"type":"LineString","coordinates":[[76.61102,11.78639],[76.61197,11.78518],[76.61242,11.78432],[76.61267,11.78369],[76.61309,11.78286],[76.61339,11.78263],[76.61378,11.78234],[76.61504,11.78171],[76.61557,11.78144],[76.61612,11.78121],[76.61635,11.78111],[76.61655,11.78098],[76.61772,11.78041],[76.61863,11.7802],[76.6194,11.78002],[76.61997,11.77984]]},"properties":{"shedId":"C05CAM20"}},{"type":"Feature","geometry":{"type":"LineString","coordinates":[[76.61478,11.7868],[76.61532,11.78666],[76.61569,11.78655],[76.61624,11.78625],[76.61707,11.78557],[76.61768,11.78479],[76.61788,11.78423],[76.61799,11.78382],[76.61799,11.78355],[76.61801,11.78339],[76.61804,11.78326],[76.61814,11.78312],[76.61829,11.78307],[76.61897,11.7829],[76.61924,11.7827],[76.61946,11.78236],[76.61962,11.78188],[76.61997,11.77984]]},"properties":{"shedId":"C05CAM20"}},{"type":"Feature","geometry":{"type":"LineString","coordinates":[[76.6008,11.78674],[76.60133,11.78651],[76.60179,11.78648],[76.60229,11.78645],[76.60274,11.78636],[76.6032,11.78615],[76.60381,11.78575],[76.60444,11.78532],[76.60482,11.78505]]},"properties":{"shedId":"C05CAM20"}},{"type":"Feature","geometry":{"type":"LineString","coordinates":[[76.52467,11.78558],[76.52504,11.78487],[76.52565,11.78387],[76.52608,11.78313],[76.52684,11.78076],[76.52722,11.77874],[76.52724,11.77803],[76.52731,11.77742],[76.52739,11.77673],[76.52746,11.77641],[76.5275,11.77619],[76.52771,11.77564],[76.5278,11.77456]]},"properties":{"shedId":"C05CAM20"}},{"type":"Feature","geometry":{"type":"LineString","coordinates":[[76.5526,11.78649],[76.55267,11.78652],[76.55285,11.78663],[76.55304,11.78665],[76.55322,11.7866],[76.55333,11.7865],[76.55339,11.78642],[76.55346,11.7863],[76.55351,11.78627],[76.55358,11.78627],[76.55403,11.78648],[76.55426,11.78655],[76.55463,11.78657],[76.55487,11.78658],[76.555,11.78654],[76.55502,11.78649],[76.55502,11.78643],[76.55495,11.78641],[76.55483,11.78636],[76.55472,11.78633],[76.55462,11.78627],[76.55456,11.7862],[76.55454,11.78611],[76.55456,11.78603],[76.55479,11.78566],[76.55485,11.78553],[76.55485,11.78549],[76.55485,11.78545],[76.55484,11.78539],[76.55483,11.78536],[76.55481,11.78535],[76.55475,11.7853],[76.55465,11.78531],[76.55453,11.78538],[76.55443,11.78542],[76.55429,11.78543],[76.55413,11.7854],[76.55407,11.78535],[76.55402,11.7853],[76.55401,11.78524],[76.55399,11.78519],[76.55401,11.78513],[76.55402,11.78509],[76.55409,11.78505],[76.5542,11.78504],[76.55428,11.78502],[76.5543,11.78501],[76.55435,11.78497],[76.55436,11.78496],[76.55455,11.78471],[76.55467,11.78465],[76.55475,11.7846],[76.55477,11.78459],[76.55491,11.78448],[76.55521,11.78436],[76.55549,11.78426],[76.55572,11.78421],[76.55574,11.78421],[76.55583,11.78415],[76.55588,11.78408],[76.55603,11.78385],[76.55614,11.78372],[76.5563,11.78362],[76.5565,11.78354],[76.55685,11.78349],[76.55701,11.78349],[76.5572,11.78355],[76.55744,11.78371],[76.55751,11.78374],[76.5576,11.78374],[76.55767,11.78371],[76.55774,11.78366],[76.5578,11.7836],[76.55786,11.78355],[76.55791,11.78354],[76.558,11.78354],[76.55807,11.78358],[76.55822,11.78379],[76.55826,11.78382],[76.55831,11.78384],[76.55838,11.78381],[76.55842,11.78379],[76.55845,11.78376],[76.55869,11.78333],[76.55882,11.78317],[76.55898,11.78306],[76.55916,11.78297],[76.55928,11.78294],[76.5594,11.7829],[76.55951,11.78279],[76.55962,11.78267],[76.55971,11.78262],[76.55982,11.78261],[76.55999,11.78264],[76.56013,11.78269],[76.56034,11.78273],[76.56053,11.78275],[76.56065,11.78274],[76.56072,11.78268],[76.56079,11.78264],[76.56089,11.78261],[76.56093,11.78263],[76.561,11.7827],[76.56105,11.78282]]},"properties":{"shedId":"C05CAM20"}},{"type":"Feature","geometry":{"type":"LineString","coordinates":[[76.58008,11.78741],[76.57992,11.78646],[76.57962,11.78552],[76.57924,11.7847],[76.57841,11.78402],[76.57798,11.78374],[76.5774,11.78343],[76.57683,11.78309],[76.57628,11.78271],[76.57576,11.78214],[76.57558,11.78173],[76.57553,11.78163],[76.57539,11.78096],[76.57545,11.77964],[76.57573,11.77908],[76.57607,11.77864],[76.57649,11.77849],[76.5769,11.77833],[76.57734,11.77821],[76.57792,11.77771],[76.57805,11.77752],[76.57841,11.77676],[76.57893,11.77542]]},"properties":{"shedId":"C05CAM20"}},{"type":"Feature","geometry":{"type":"LineString","coordinates":[[76.66583,11.78953],[76.66678,11.78882],[76.66743,11.78801],[76.66868,11.78693],[76.66962,11.78567],[76.67037,11.78423],[76.67053,11.78385],[76.67083,11.78354],[76.67111,11.78341],[76.67143,11.78337],[76.67166,11.78328],[76.67177,11.78319],[76.67183,11.78309],[76.6719,11.78289],[76.67204,11.78195],[76.67227,11.78164],[76.67252,11.78134],[76.67253,11.78131],[76.67295,11.7811],[76.67397,11.78089]]},"properties":{"shedId":"C05CAM20"}},{"type":"Feature","geometry":{"type":"LineString","coordinates":[[76.57141,11.78761],[76.57069,11.78628],[76.57058,11.78601],[76.57054,11.78562],[76.57056,11.78446],[76.57064,11.78408]]},"properties":{"shedId":"C05CAM20"}},{"type":"Feature","geometry":{"type":"LineString","coordinates":[[76.78116,11.7837],[76.78219,11.7852],[76.7824,11.78592],[76.78241,11.78643],[76.78241,11.78693],[76.78243,11.78708],[76.78241,11.78717],[76.78237,11.78723],[76.7823,11.78729],[76.78223,11.78734],[76.7822,11.78736],[76.78216,11.78739],[76.78214,11.78745],[76.78214,11.78753],[76.78215,11.78757],[76.78215,11.78759],[76.78214,11.78762],[76.78213,11.78764],[76.78209,11.78768],[76.78203,11.78773],[76.78199,11.78779],[76.78196,11.78785],[76.78195,11.78793],[76.78198,11.78832],[76.78204,11.78854],[76.78207,11.7887],[76.78206,11.78877],[76.78202,11.78883],[76.78197,11.78894],[76.78195,11.78898],[76.78193,11.78914],[76.78194,11.78928],[76.78197,11.78939],[76.78199,11.78949],[76.78198,11.78958],[76.78196,11.78965],[76.78194,11.78972],[76.78194,11.78983],[76.78197,11.78995],[76.782,11.79011],[76.78207,11.79028],[76.78237,11.79076],[76.78244,11.79089],[76.78256,11.79103],[76.78272,11.79114],[76.78288,11.79123],[76.78299,11.79133],[76.78305,11.79147],[76.78308,11.79159],[76.78309,11.79164],[76.78313,11.79179],[76.78314,11.79182],[76.78319,11.79191],[76.78322,11.79195],[76.78348,11.79244],[76.78369,11.79275]]},"properties":{"shedId":"C05CAM20"}},{"type":"Feature","geometry":{"type":"LineString","coordinates":[[76.78632,11.78433],[76.78694,11.78499],[76.78727,11.78554],[76.78737,11.78586],[76.78736,11.78647],[76.78725,11.78777],[76.7871,11.78861],[76.78705,11.78908],[76.78696,11.78937],[76.78665,11.78998],[76.78642,11.79025],[76.78631,11.79038],[76.78626,11.79052],[76.78621,11.79067],[76.78614,11.7908],[76.78599,11.79094],[76.7855,11.79123],[76.78515,11.79142],[76.78496,11.7915],[76.78483,11.79156],[76.78474,11.7916],[76.78467,11.79163],[76.78454,11.79171],[76.7845,11.79176],[76.78449,11.79181],[76.78449,11.79188],[76.78449,11.79192],[76.78448,11.79194],[76.78447,11.79198],[76.78445,11.79201],[76.78442,11.79206],[76.78439,11.79213],[76.78438,11.79219],[76.78438,11.79222],[76.78438,11.79224],[76.78439,11.79229],[76.78438,11.79234],[76.78435,11.79238],[76.78412,11.79246],[76.78395,11.79251],[76.7838,11.79257],[76.78375,11.79262],[76.78373,11.79264],[76.78369,11.79275]]},"properties":{"shedId":"C05CAM20"}},{"type":"Feature","geometry":{"type":"LineString","coordinates":[[76.57438,11.7888],[76.57423,11.7883],[76.57416,11.78772],[76.57412,11.78722],[76.5741,11.78675],[76.57405,11.7862],[76.57394,11.78538],[76.57383,11.78485],[76.57374,11.78463],[76.57356,11.78443],[76.57333,11.7842],[76.57288,11.78397],[76.57249,11.7839],[76.57219,11.78398],[76.57189,11.784],[76.57156,11.78402],[76.57064,11.78408]]},"properties":{"shedId":"C05CAM20"}},{"type":"Feature","geometry":{"type":"LineString","coordinates":[[76.74958,11.78117],[76.74932,11.78132],[76.74915,11.78151],[76.74905,11.78174],[76.74891,11.78263],[76.74889,11.78327],[76.74888,11.78344],[76.74884,11.78357],[76.74843,11.78423],[76.74795,11.78488],[76.74768,11.78506],[76.74721,11.78515],[76.74671,11.78518],[76.74631,11.78518],[76.74603,11.78509],[76.74584,11.78498],[76.74571,11.78497],[76.74528,11.785],[76.74461,11.78527],[76.74422,11.78554],[76.74318,11.78612],[76.7431,11.78618],[76.74306,11.78626],[76.74304,11.78639],[76.74305,11.78655],[76.74309,11.78686],[76.74308,11.78709],[76.74306,11.78724],[76.74305,11.78737],[76.74306,11.78756],[76.74316,11.78829],[76.74314,11.78841],[76.74309,11.7885],[76.74303,11.78854],[76.74276,11.78858],[76.74219,11.78867],[76.74148,11.78864],[76.74045,11.78878],[76.73904,11.78909],[76.73894,11.78928],[76.73893,11.78949],[76.7389,11.78967],[76.7388,11.78978],[76.7387,11.78985],[76.73852,11.78991],[76.73837,11.78998],[76.73821,11.79006],[76.7381,11.79012],[76.73802,11.79026],[76.738,11.79039],[76.73786,11.79085],[76.73773,11.79268],[76.7377,11.79289]]},"properties":{"shedId":"C05CAM20"}},{"type":"Feature","geometry":{"type":"LineString","coordinates":[[76.74642,11.78846],[76.74616,11.78838],[76.74592,11.78837],[76.74572,11.78839],[76.74553,11.78844],[76.74533,11.78861],[76.74501,11.78896],[76.74453,11.78937],[76.74435,11.78953],[76.74404,11.78975],[76.74374,11.78991],[76.74348,11.79006],[76.74327,11.79018],[76.74304,11.79035],[76.74271,11.79042],[76.74252,11.79043],[76.74229,11.79052],[76.74216,11.79062],[76.74201,11.79075],[76.74185,11.7909],[76.74152,11.79116],[76.74138,11.79125],[76.74132,11.79128],[76.74111,11.79128],[76.74101,11.79119],[76.7409,11.79113],[76.7408,11.79112],[76.74073,11.79119],[76.74066,11.79129],[76.74062,11.79133],[76.74043,11.79141],[76.74016,11.79154],[76.74002,11.79174],[76.73999,11.79207],[76.73994,11.79223],[76.73986,11.79234],[76.73971,11.79249],[76.73952,11.79268],[76.73906,11.79286],[76.73855,11.79286],[76.73831,11.79287],[76.73811,11.79287],[76.7377,11.79289]]},"properties":{"shedId":"C05CAM20"}},{"type":"Feature","geometry":{"type":"LineString","coordinates":[[76.67882,11.78577],[76.68032,11.78696],[76.68078,11.78749],[76.68096,11.78763],[76.68108,11.78776],[76.68111,11.78791],[76.68115,11.78811],[76.68124,11.78824],[76.68143,11.7883],[76.68174,11.78831],[76.68206,11.78836],[76.68237,11.78849],[76.68269,11.78868],[76.68304,11.78892],[76.68334,11.78925],[76.68397,11.79012],[76.68426,11.79039],[76.68446,11.79056],[76.68646,11.79164],[76.68695,11.7917],[76.68723,11.79185],[76.68759,11.792],[76.68808,11.79214]]},"properties":{"shedId":"C05CAM20"}},{"type":"Feature","geometry":{"type":"LineString","coordinates":[[76.68528,11.76862],[76.6853,11.76912],[76.68543,11.76971],[76.68553,11.77099],[76.6855,11.77166],[76.68532,11.77231],[76.68497,11.77298],[76.68492,11.77353],[76.68496,11.77418],[76.68509,11.77484],[76.68548,11.7757],[76.68706,11.77873],[76.68752,11.77976],[76.68768,11.78048],[76.6877,11.78115],[76.6876,11.78187],[76.68735,11.78241],[76.68595,11.78362],[76.68417,11.78454],[76.68365,11.7849],[76.68344,11.7853],[76.68348,11.78586],[76.68388,11.78645],[76.68502,11.78714],[76.68542,11.78722],[76.68579,11.78725],[76.68611,11.78733],[76.68634,11.78747],[76.68653,11.78775],[76.68692,11.78915],[76.68722,11.78961],[76.68754,11.78999],[76.68784,11.79044],[76.68802,11.79104],[76.6881,11.79174],[76.68808,11.79214]]},"properties":{"name":"Gundal","shedId":"C05CAM20"}},{"type":"Feature","geometry":{"type":"LineString","coordinates":[[76.67218,11.79177],[76.67227,11.79134],[76.6724,11.79098],[76.67254,11.79067],[76.67271,11.79034],[76.67335,11.78937],[76.67373,11.78896],[76.67419,11.78839],[76.67523,11.78752],[76.67558,11.78726],[76.67595,11.78712],[76.67639,11.78684],[76.67699,11.78629],[76.67713,11.7861],[76.67741,11.78589],[76.67765,11.78577],[76.67819,11.78569],[76.67882,11.78577]]},"properties":{"shedId":"C05CAM20"}},{"type":"Feature","geometry":{"type":"LineString","coordinates":[[76.60605,11.79095],[76.60601,11.79004],[76.60605,11.78948],[76.60597,11.78884],[76.60581,11.78844],[76.60559,11.78799],[76.60518,11.78742],[76.60498,11.787],[76.6048,11.78649],[76.60478,11.78607],[76.60478,11.78573],[76.60482,11.78505]]},"properties":{"shedId":"C05CAM20"}},{"type":"Feature","geometry":{"type":"LineString","coordinates":[[76.53604,11.78938],[76.53615,11.78933],[76.53625,11.78927],[76.5364,11.78912],[76.53659,11.78883],[76.53699,11.7875],[76.53725,11.78693],[76.5374,11.78659],[76.53751,11.78645],[76.53773,11.78615],[76.5379,11.78594],[76.53823,11.78552],[76.53874,11.78487],[76.53951,11.78398],[76.53974,11.78362],[76.53992,11.78327],[76.54011,11.78294],[76.54014,11.78286],[76.5402,11.78247],[76.5402,11.78219],[76.54019,11.78208],[76.54018,11.78204],[76.54021,11.78191],[76.54023,11.78186],[76.54027,11.78171],[76.54031,11.78167],[76.54044,11.78152],[76.54046,11.78145],[76.54046,11.78141],[76.54046,11.78128],[76.54047,11.78121],[76.54047,11.78115],[76.54041,11.78049]]},"properties":{"shedId":"C05CAM20"}},{"type":"Feature","geometry":{"type":"LineString","coordinates":[[76.64716,11.79261],[76.64707,11.79244],[76.64699,11.79225],[76.64693,11.79208],[76.64686,11.7913],[76.64687,11.79107],[76.64686,11.79089],[76.64677,11.79069],[76.64662,11.79058],[76.64585,11.79026],[76.64571,11.79017],[76.64554,11.78994],[76.64538,11.78957],[76.6449,11.78865],[76.64467,11.78842],[76.64393,11.7878],[76.64375,11.78762],[76.64361,11.78738],[76.64315,11.78634],[76.64304,11.786],[76.6429,11.78585],[76.64284,11.78583],[76.64267,11.78577],[76.64248,11.78577],[76.64211,11.78576],[76.64184,11.78582],[76.64042,11.78602]]},"properties":{"shedId":"C05CAM20"}},{"type":"Feature","geometry":{"type":"LineString","coordinates":[[76.61527,11.79215],[76.61645,11.79146],[76.61712,11.79112],[76.61748,11.79082],[76.61769,11.7906],[76.6183,11.78988],[76.62025,11.78648],[76.62087,11.7858],[76.62201,11.78531],[76.62302,11.78514],[76.62414,11.78512],[76.6249,11.78481],[76.62542,11.7841]]},"properties":{"shedId":"C05CAM20"}},{"type":"Feature","geometry":{"type":"LineString","coordinates":[[76.77414,11.78907],[76.77373,11.78959],[76.77349,11.79004],[76.77343,11.79041],[76.77333,11.79096],[76.77321,11.79178],[76.77291,11.79244],[76.77277,11.79284],[76.77267,11.79322],[76.77262,11.79361],[76.77261,11.79397],[76.77268,11.7944],[76.77296,11.79574],[76.77303,11.79598],[76.77306,11.79606]]},"properties":{"shedId":"C05CAM20"}},{"type":"Feature","geometry":{"type":"LineString","coordinates":[[76.78369,11.79275],[76.78372,11.79289],[76.78376,11.79299],[76.7838,11.79315],[76.78379,11.79336],[76.78375,11.79357],[76.78367,11.7938],[76.7836,11.7939],[76.78353,11.79396],[76.78286,11.79438],[76.78274,11.79446],[76.78264,11.79452],[76.78236,11.79461],[76.7823,11.79465],[76.78218,11.79473],[76.78197,11.79489],[76.78192,11.79495],[76.78118,11.79552],[76.78094,11.7957],[76.78085,11.79573],[76.78058,11.79582],[76.78035,11.79585],[76.78023,11.79585],[76.78004,11.79583],[76.77917,11.7956],[76.77875,11.79555],[76.77848,11.79557],[76.77828,11.79561],[76.77813,11.7956],[76.77799,11.79558],[76.77789,11.79553],[76.7778,11.79539],[76.77772,11.79525],[76.77767,11.79518],[76.77764,11.79513],[76.77755,11.79505],[76.77741,11.79498],[76.77724,11.79496],[76.77716,11.79497],[76.77708,11.79501],[76.77702,11.79504],[76.77693,11.79509],[76.77681,11.79512],[76.77661,11.79512],[76.7764,11.79507],[76.77576,11.79483],[76.77552,11.79476],[76.77523,11.79475],[76.77493,11.79479],[76.77447,11.79491],[76.7742,11.79503],[76.77398,11.79519],[76.77335,11.79578],[76.77306,11.79606]]},"properties":{"shedId":"C05CAM20"}},{"type":"Feature","geometry":{"type":"LineString","coordinates":[[76.56805,11.79146],[76.56817,11.79116],[76.56835,11.7908],[76.56856,11.79029],[76.56859,11.78999],[76.5686,11.78956],[76.56816,11.78799],[76.568,11.78728],[76.56785,11.78676],[76.5677,11.78643],[76.56674,11.78488]]},"properties":{"shedId":"C05CAM20"}},{"type":"Feature","geometry":{"type":"LineString","coordinates":[[76.55642,11.79127],[76.55641,11.7912],[76.55641,11.79094],[76.55643,11.79067],[76.55657,11.79027],[76.55691,11.78943],[76.55736,11.78895],[76.55762,11.78874],[76.55768,11.78865],[76.5577,11.78851],[76.5577,11.78835],[76.55765,11.78822],[76.55755,11.7881],[76.55748,11.78797],[76.55746,11.78784],[76.55748,11.78756],[76.5576,11.78729],[76.55763,11.78702],[76.55762,11.78682],[76.55757,11.78669],[76.55748,11.78658],[76.55739,11.78644],[76.55736,11.78636],[76.55737,11.78627],[76.55744,11.78618],[76.55762,11.78602],[76.55783,11.78585],[76.558,11.78556],[76.55817,11.78513],[76.55823,11.78502],[76.55831,11.78498],[76.55843,11.78497],[76.55857,11.78501],[76.5587,11.78502],[76.55886,11.785],[76.55899,11.78494],[76.55905,11.78487],[76.55906,11.78478],[76.55905,11.78472],[76.55903,11.78469],[76.559,11.78465],[76.55898,11.78462],[76.55898,11.78453],[76.55898,11.78446],[76.55899,11.78444],[76.55907,11.78433],[76.55916,11.78428],[76.55927,11.78425],[76.55934,11.78423]]},"properties":{"shedId":"C05CAM20"}},{"type":"Feature","geometry":{"type":"LineString","coordinates":[[76.56418,11.79188],[76.56423,11.79127],[76.56421,11.79095],[76.56418,11.79054],[76.5639,11.78885],[76.56397,11.78848],[76.56404,11.78799],[76.56432,11.7871],[76.56472,11.78671],[76.56509,11.78645],[76.56599,11.78554],[76.56647,11.7853],[76.56674,11.78488]]},"properties":{"shedId":"C05CAM20"}},{"type":"Feature","geometry":{"type":"LineString","coordinates":[[76.77168,11.79755],[76.77168,11.79776],[76.77164,11.79804],[76.77154,11.7985],[76.77133,11.79895],[76.77098,11.79967],[76.77078,11.79992],[76.77061,11.80015],[76.77026,11.80042]]},"properties":{"shedId":"C05CAM20"}},{"type":"Feature","geometry":{"type":"LineString","coordinates":[[76.77136,11.79354],[76.77136,11.79417],[76.77135,11.79512],[76.77135,11.79533],[76.77141,11.79556],[76.77136,11.79625],[76.77132,11.79672],[76.77133,11.797],[76.77144,11.79734],[76.77153,11.79746],[76.77168,11.79755]]},"properties":{"shedId":"C05CAM20"}},{"type":"Feature","geometry":{"type":"LineString","coordinates":[[76.77306,11.79606],[76.77309,11.79614],[76.77311,11.79632],[76.77309,11.79644],[76.77308,11.79647],[76.77305,11.79659],[76.773,11.79666],[76.77291,11.79673],[76.77267,11.79682],[76.77207,11.79703],[76.77188,11.79715],[76.7718,11.79724],[76.77176,11.79732],[76.77172,11.7974],[76.77168,11.79755]]},"properties":{"shedId":"C05CAM20"}},{"type":"Feature","geometry":{"type":"LineString","coordinates":[[76.58836,11.78862],[76.58856,11.78951],[76.58866,11.79024],[76.58896,11.79172],[76.58904,11.79249],[76.58912,11.79378]]},"properties":{"shedId":"C05CAM20"}},{"type":"Feature","geometry":{"type":"LineString","coordinates":[[76.59553,11.78821],[76.59516,11.78933],[76.59504,11.78992],[76.59477,11.79067],[76.59423,11.79148],[76.5939,11.79201],[76.59367,11.79244],[76.59328,11.79278],[76.59283,11.79298],[76.59228,11.79309],[76.58998,11.79345],[76.58956,11.79359],[76.58912,11.79378]]},"properties":{"shedId":"C05CAM20"}},{"type":"Feature","geometry":{"type":"LineString","coordinates":[[76.54864,11.79317],[76.54864,11.7929],[76.54885,11.792],[76.54927,11.79093],[76.5495,11.79046],[76.55059,11.78907],[76.55151,11.7883],[76.55174,11.78805],[76.552,11.78777],[76.5521,11.78764],[76.55219,11.78749],[76.55237,11.78709],[76.5526,11.78649]]},"properties":{"shedId":"C05CAM20"}},{"type":"Feature","geometry":{"type":"LineString","coordinates":[[76.56124,11.79355],[76.5612,11.79294],[76.56114,11.79239],[76.56109,11.79191],[76.5611,11.79136],[76.56115,11.79102],[76.56139,11.7901],[76.56145,11.78973],[76.56146,11.78935],[76.56146,11.78919],[76.56144,11.78908],[76.56143,11.78891],[76.56138,11.78885],[76.56133,11.78868],[76.56133,11.78854],[76.56132,11.7885],[76.56132,11.7883],[76.56135,11.78746],[76.56138,11.78715],[76.56145,11.7868],[76.56147,11.78656],[76.56144,11.78632],[76.56139,11.78619],[76.56137,11.78616],[76.56126,11.78606],[76.56122,11.78606],[76.56103,11.78601],[76.56067,11.78598],[76.56043,11.7859],[76.5602,11.78576],[76.5601,11.78556],[76.55986,11.78492],[76.5597,11.78472],[76.55961,11.78459],[76.55953,11.78443],[76.55934,11.78423]]},"properties":{"shedId":"C05CAM20"}},{"type":"Feature","geometry":{"type":"LineString","coordinates":[[76.60619,11.79469],[76.60685,11.79416],[76.60738,11.79394],[76.60783,11.79392],[76.60812,11.79392],[76.60915,11.79391],[76.61079,11.79383],[76.61167,11.79386],[76.61256,11.79386],[76.61338,11.79364],[76.61423,11.79276],[76.61527,11.79215]]},"properties":{"shedId":"C05CAM20"}},{"type":"Feature","geometry":{"type":"LineString","coordinates":[[76.62554,11.79519],[76.62547,11.79496],[76.62544,11.79455],[76.62563,11.79308],[76.62568,11.79255],[76.62566,11.79178],[76.62556,11.7914],[76.62549,11.79129],[76.62532,11.79089],[76.62525,11.79066],[76.62483,11.78932],[76.6247,11.78898],[76.6245,11.7888],[76.62422,11.7886],[76.62405,11.78843],[76.62398,11.78824],[76.62403,11.78797],[76.62438,11.78754],[76.62466,11.78737],[76.62486,11.78716],[76.62502,11.78677],[76.62514,11.78625],[76.62533,11.78527],[76.62542,11.7841]]},"properties":{"shedId":"C05CAM20"}},{"type":"Feature","geometry":{"type":"LineString","coordinates":[[76.71117,11.78374],[76.71138,11.78395],[76.7115,11.78417],[76.71148,11.78475],[76.71144,11.78515],[76.71143,11.78529],[76.71142,11.78547],[76.71145,11.78585],[76.71142,11.78626],[76.71135,11.7867],[76.71124,11.78703],[76.71116,11.78726],[76.71082,11.78764],[76.71044,11.78791],[76.71015,11.78807],[76.70954,11.78835],[76.70926,11.78833],[76.70902,11.78823],[76.7088,11.78807],[76.70867,11.78791],[76.70855,11.78773],[76.70843,11.78759],[76.70837,11.78755],[76.70831,11.78752],[76.70812,11.78746],[76.70657,11.7879],[76.70633,11.78807],[76.70625,11.7882],[76.70606,11.78843],[76.70589,11.78876],[76.70577,11.78981],[76.70582,11.79009],[76.70577,11.79023],[76.70565,11.7905],[76.70552,11.79064],[76.7054,11.79075],[76.70532,11.79084],[76.70516,11.79094],[76.70502,11.79108],[76.70479,11.79155],[76.70468,11.79207],[76.70451,11.79253],[76.70431,11.79311],[76.70411,11.79349],[76.70332,11.7946],[76.70316,11.79495],[76.70299,11.79522],[76.70288,11.79568],[76.70288,11.79622],[76.70299,11.79709]]},"properties":{"shedId":"C05CAM20"}},{"type":"Feature","geometry":{"type":"LineString","coordinates":[[76.72066,11.77339],[76.72063,11.77383],[76.72042,11.77452],[76.72042,11.77467],[76.72042,11.77475],[76.72043,11.77481],[76.72051,11.77499],[76.72103,11.77566],[76.72157,11.77633],[76.72163,11.77652],[76.72166,11.77663],[76.72168,11.77676],[76.72162,11.77694],[76.7216,11.77699],[76.72158,11.77712],[76.72158,11.77729],[76.72159,11.77745],[76.72161,11.77765],[76.72162,11.77784],[76.72163,11.77811],[76.72162,11.77837],[76.72138,11.77901],[76.72126,11.77939],[76.72124,11.77943],[76.72123,11.7796],[76.72124,11.77977],[76.72124,11.77981],[76.72131,11.77991],[76.72143,11.78002],[76.72146,11.78008],[76.72151,11.78015],[76.72152,11.78027],[76.7215,11.78033],[76.72146,11.78039],[76.72084,11.78125],[76.72048,11.78156],[76.72018,11.78165],[76.72011,11.78167],[76.71992,11.78175],[76.71978,11.78178],[76.71964,11.78183],[76.71954,11.78187],[76.71948,11.78193],[76.71933,11.78212],[76.71924,11.78238],[76.71913,11.78266],[76.71904,11.78287],[76.71888,11.78307],[76.71858,11.78326],[76.71787,11.78353],[76.71755,11.78364],[76.71738,11.78371],[76.7173,11.78378],[76.7172,11.78391],[76.71715,11.7853],[76.71724,11.78566],[76.71722,11.78596],[76.71715,11.78628],[76.71704,11.78652],[76.71682,11.78672],[76.71661,11.78674],[76.71589,11.78691],[76.71548,11.78706],[76.71524,11.78717],[76.71506,11.78734],[76.71492,11.78748],[76.71469,11.78778],[76.71453,11.78794],[76.71434,11.7881],[76.71417,11.78816],[76.714,11.78826],[76.71382,11.78843],[76.71362,11.78864],[76.71302,11.78895],[76.71258,11.78916],[76.71226,11.78932],[76.71205,11.78946],[76.71182,11.78964],[76.7116,11.78982],[76.71138,11.79001],[76.71104,11.79018],[76.71086,11.79018],[76.71042,11.79022],[76.71007,11.7903],[76.70954,11.79049],[76.7092,11.7907],[76.70903,11.79087],[76.70895,11.79095],[76.70876,11.79111],[76.70859,11.79124],[76.70843,11.79132],[76.70833,11.79138],[76.70817,11.79145],[76.70809,11.79154],[76.708,11.79158],[76.70793,11.79166],[76.70784,11.7918],[76.70773,11.79208],[76.70754,11.79241],[76.70726,11.79273],[76.70698,11.79308],[76.7065,11.79325],[76.7063,11.79338],[76.70615,11.79366],[76.70583,11.79464],[76.70547,11.79531],[76.70528,11.79557],[76.70514,11.7957],[76.70491,11.79585],[76.70451,11.79598],[76.70413,11.79613],[76.70379,11.7963],[76.7036,11.79653],[76.70299,11.79709]]},"properties":{"shedId":"C05CAM20"}},{"type":"Feature","geometry":{"type":"LineString","coordinates":[[76.53802,11.7934],[76.53842,11.79322],[76.53875,11.79291],[76.53894,11.79265],[76.53979,11.79189],[76.54037,11.7915],[76.54085,11.79116],[76.5415,11.79065],[76.54284,11.78916],[76.54317,11.78881],[76.5436,11.78854],[76.54416,11.78831],[76.54422,11.78831],[76.5451,11.78814],[76.54633,11.78753],[76.54715,11.78708],[76.54751,11.78695],[76.54784,11.78689],[76.54825,11.78689],[76.5483,11.78691],[76.54881,11.78693],[76.54921,11.78693],[76.54989,11.78691],[76.55023,11.78681],[76.5505,11.78667],[76.55078,11.78659],[76.55086,11.78659],[76.55178,11.7864],[76.55215,11.78631],[76.55244,11.7864],[76.5526,11.78649]]},"properties":{"shedId":"C05CAM20"}},{"type":"Feature","geometry":{"type":"LineString","coordinates":[[76.55599,11.79438],[76.55587,11.79404],[76.55587,11.79369],[76.55619,11.79286],[76.55639,11.79254],[76.55652,11.79219],[76.55652,11.79193],[76.5565,11.79154],[76.55642,11.79127]]},"properties":{"shedId":"C05CAM20"}},{"type":"Feature","geometry":{"type":"LineString","coordinates":[[76.55348,11.79449],[76.55387,11.79396],[76.55421,11.79345],[76.55455,11.79314],[76.55511,11.79263],[76.55551,11.79241],[76.55578,11.79215],[76.55642,11.79127]]},"properties":{"shedId":"C05CAM20"}},{"type":"Feature","geometry":{"type":"LineString","coordinates":[[76.75148,11.77612],[76.75099,11.77588],[76.75041,11.77561],[76.75,11.77554],[76.74946,11.77555],[76.74815,11.77589],[76.74774,11.77606],[76.74694,11.77615],[76.74662,11.77611],[76.74531,11.7757],[76.74519,11.77564],[76.74501,11.77557],[76.74483,11.77552],[76.74449,11.77535],[76.74416,11.77511],[76.74407,11.77499],[76.74404,11.77495],[76.74389,11.7747],[76.74378,11.77448],[76.74368,11.77429],[76.74363,11.77423],[76.74353,11.77409],[76.74346,11.77404],[76.74331,11.77384],[76.74318,11.77378],[76.74285,11.77366],[76.74231,11.77367],[76.74189,11.7737],[76.74123,11.77373],[76.741,11.77373],[76.74088,11.77374],[76.74071,11.77375],[76.74063,11.77377],[76.74051,11.77382],[76.74037,11.77393],[76.74023,11.77411],[76.73969,11.77567],[76.73905,11.77766],[76.73891,11.77831],[76.73882,11.77913],[76.73882,11.78123],[76.73887,11.78266],[76.73887,11.78333],[76.73859,11.78387],[76.73823,11.78435],[76.73756,11.78534],[76.73748,11.78608],[76.7375,11.78655],[76.73743,11.78689],[76.73728,11.78736],[76.73695,11.78792],[76.73587,11.78984],[76.73554,11.79077],[76.73374,11.79302],[76.7333,11.79371],[76.73305,11.79424],[76.73297,11.79469],[76.73282,11.7984],[76.73284,11.79886]]},"properties":{"shedId":"C05CAM20"}},{"type":"Feature","geometry":{"type":"LineString","coordinates":[[76.7377,11.79289],[76.73765,11.79324],[76.73755,11.79373],[76.7373,11.79435],[76.73693,11.79511],[76.73653,11.79558],[76.73594,11.79612],[76.73581,11.79645],[76.73575,11.79678],[76.73573,11.79732],[76.73561,11.79771],[76.73545,11.79807],[76.73514,11.79828],[76.73509,11.79831],[76.73497,11.79838],[76.73491,11.7984],[76.73475,11.79848],[76.73443,11.79869],[76.73415,11.79882],[76.73381,11.7988],[76.73367,11.79875],[76.73351,11.79864],[76.73334,11.79856],[76.73325,11.79853],[76.73315,11.79859],[76.73306,11.79866],[76.73284,11.79886]]},"properties":{"shedId":"C05CAM20"}},{"type":"Feature","geometry":{"type":"LineString","coordinates":[[76.61535,11.79638],[76.61537,11.79577],[76.61528,11.79514],[76.61525,11.79442],[76.61524,11.7933],[76.61533,11.79278],[76.61532,11.79255],[76.61527,11.79215]]},"properties":{"shedId":"C05CAM20"}},{"type":"Feature","geometry":{"type":"LineString","coordinates":[[76.7682,11.78931],[76.76815,11.78986],[76.76823,11.79035],[76.76828,11.7907],[76.76829,11.79083],[76.76836,11.79092],[76.76841,11.79098],[76.76848,11.79102],[76.76857,11.79105],[76.76867,11.79107],[76.76872,11.79109],[76.76873,11.79112],[76.76872,11.79114],[76.7687,11.79122],[76.76868,11.7913],[76.76867,11.79138],[76.76868,11.79141],[76.76868,11.79143],[76.76871,11.79148],[76.76877,11.79151],[76.76886,11.79154],[76.76894,11.7916],[76.76911,11.79178],[76.76913,11.79182],[76.76916,11.79188],[76.76918,11.79193],[76.76922,11.79199],[76.76927,11.79208],[76.76934,11.79213],[76.76946,11.79226],[76.76955,11.79237],[76.76959,11.79247],[76.76959,11.79254],[76.76956,11.7926],[76.76952,11.79268],[76.76949,11.79274],[76.76949,11.79285],[76.76949,11.79307],[76.76955,11.79331],[76.7696,11.79341],[76.76968,11.7935],[76.76976,11.79355],[76.76981,11.79358],[76.76988,11.79363],[76.76992,11.79367],[76.76992,11.79374],[76.76993,11.79383],[76.76992,11.7942],[76.76997,11.79459],[76.77004,11.79473],[76.77013,11.79479],[76.77032,11.79492],[76.77038,11.795],[76.77042,11.79512],[76.77039,11.7957],[76.77044,11.79593],[76.7705,11.79606],[76.77051,11.79617],[76.7705,11.79628],[76.77044,11.79642],[76.77037,11.7965],[76.77032,11.79655],[76.77029,11.79661],[76.77028,11.79669],[76.77029,11.79677],[76.77029,11.79684],[76.77026,11.79695],[76.76996,11.79745],[76.76989,11.79764],[76.76989,11.79786],[76.76989,11.79798],[76.76985,11.79809],[76.76966,11.79824],[76.76963,11.79832],[76.76963,11.7984],[76.76966,11.79848],[76.76975,11.79857],[76.76982,11.79862],[76.76985,11.79869],[76.76985,11.7988],[76.76972,11.79939],[76.76966,11.80013]]},"properties":{"shedId":"C05CAM20"}},{"type":"Feature","geometry":{"type":"LineString","coordinates":[[76.76376,11.78122],[76.76372,11.78151],[76.7637,11.78176],[76.76374,11.78206],[76.76376,11.78232],[76.76371,11.78264],[76.76358,11.7829],[76.76317,11.78352],[76.76307,11.78377],[76.76302,11.78395],[76.76307,11.78404],[76.76312,11.7842],[76.76315,11.78432],[76.76318,11.78456],[76.76323,11.78465],[76.76329,11.78482],[76.76332,11.78494],[76.76333,11.78521],[76.76334,11.78542],[76.76334,11.78551],[76.76336,11.78572],[76.76347,11.78587],[76.76358,11.78599],[76.76363,11.78609],[76.76364,11.78616],[76.76363,11.78642],[76.76358,11.78664],[76.76358,11.78674],[76.76359,11.78682],[76.76361,11.78687],[76.76369,11.78705],[76.76373,11.78712],[76.76378,11.78716],[76.76383,11.78722],[76.76385,11.78725],[76.76392,11.78731],[76.76402,11.78743],[76.76437,11.78808],[76.7645,11.78837],[76.76454,11.78845],[76.76485,11.78988],[76.76494,11.79047],[76.76495,11.7906],[76.76502,11.79069],[76.76514,11.79076],[76.76524,11.79083],[76.76532,11.7909],[76.76536,11.79098],[76.76538,11.79108],[76.76536,11.79117],[76.76534,11.79125],[76.76534,11.79133],[76.76536,11.79141],[76.76541,11.79146],[76.76554,11.7915],[76.76566,11.79155],[76.76573,11.79159],[76.76577,11.79164],[76.76577,11.79169],[76.76573,11.79175],[76.76556,11.7919],[76.76551,11.79196],[76.76553,11.79206],[76.76557,11.79216],[76.7657,11.79231],[76.76588,11.79242],[76.76617,11.79251],[76.76627,11.79255],[76.76637,11.79262],[76.76645,11.79273],[76.76656,11.79303],[76.76673,11.79379],[76.7668,11.79415],[76.76686,11.7944],[76.76692,11.79465],[76.767,11.79481],[76.76708,11.79496],[76.76714,11.79513],[76.76715,11.79528],[76.76714,11.79551],[76.76717,11.79564],[76.76722,11.79576],[76.76725,11.7959],[76.76726,11.79605],[76.76726,11.7962],[76.76727,11.79631],[76.76731,11.79644],[76.76743,11.79674],[76.76748,11.79685],[76.7675,11.79695],[76.76751,11.79701],[76.7675,11.79705],[76.76745,11.79721],[76.76742,11.79736],[76.76745,11.79754],[76.76747,11.79762],[76.76749,11.79765],[76.76753,11.7977],[76.76755,11.79772],[76.76759,11.7978],[76.76762,11.7979],[76.76763,11.7982],[76.76766,11.7986],[76.76775,11.79915],[76.76788,11.7996],[76.76801,11.79978],[76.76817,11.7999],[76.76838,11.80004],[76.76845,11.80005],[76.76851,11.80004],[76.76853,11.8],[76.76856,11.79992],[76.76858,11.79987],[76.76861,11.79983],[76.76863,11.79982],[76.76865,11.79982],[76.7687,11.79981],[76.76876,11.79984],[76.76903,11.80013],[76.7691,11.80021],[76.76921,11.80024],[76.76936,11.80019],[76.76951,11.80014],[76.76966,11.80013]]},"properties":{"shedId":"C05CAM20"}},{"type":"Feature","geometry":{"type":"LineString","coordinates":[[76.76966,11.80013],[76.77026,11.80042]]},"properties":{"shedId":"C05CAM20"}},{"type":"Feature","geometry":{"type":"LineString","coordinates":[[76.62308,11.79745],[76.62319,11.7969],[76.62327,11.79645],[76.62349,11.79601],[76.62378,11.7957],[76.62415,11.79552],[76.62554,11.79519]]},"properties":{"shedId":"C05CAM20"}},{"type":"Feature","geometry":{"type":"LineString","coordinates":[[76.68808,11.79214],[76.68799,11.79376],[76.68802,11.79601],[76.68821,11.79717],[76.68831,11.79749],[76.68848,11.79773],[76.68864,11.79779],[76.6889,11.79776],[76.68912,11.79762],[76.68947,11.79742],[76.68991,11.7974],[76.6903,11.79746],[76.691,11.79782],[76.69136,11.79816],[76.69166,11.79841],[76.69192,11.79845],[76.69209,11.79848],[76.69224,11.79854],[76.69266,11.79873],[76.69288,11.79895],[76.69299,11.79921],[76.69305,11.79976]]},"properties":{"name":"Gundal","shedId":"C05CAM20"}},{"type":"Feature","geometry":{"type":"LineString","coordinates":[[76.54947,11.79665],[76.54957,11.79634],[76.54961,11.79607],[76.54938,11.79505],[76.54917,11.79458],[76.54887,11.79408],[76.54869,11.79365],[76.54864,11.7933],[76.54864,11.79317]]},"properties":{"shedId":"C05CAM20"}},{"type":"Feature","geometry":{"type":"LineString","coordinates":[[76.62082,11.79843],[76.62115,11.79806],[76.62165,11.79771],[76.62208,11.7975],[76.62261,11.79741],[76.62308,11.79745]]},"properties":{"shedId":"C05CAM20"}},{"type":"Feature","geometry":{"type":"LineString","coordinates":[[76.5687,11.79431],[76.56871,11.79469],[76.56879,11.79494],[76.56888,11.79508],[76.56904,11.79523],[76.56935,11.79538],[76.56958,11.79552],[76.56989,11.79567],[76.5702,11.79587],[76.57083,11.79628],[76.57103,11.79654],[76.57121,11.79676],[76.57143,11.79696],[76.57161,11.79704],[76.57186,11.79714],[76.57218,11.79733]]},"properties":{"shedId":"C05CAM20"}},{"type":"Feature","geometry":{"type":"LineString","coordinates":[[76.65258,11.7994],[76.65293,11.799],[76.65312,11.7988],[76.65324,11.79857],[76.65325,11.79843],[76.65325,11.79828],[76.65299,11.79768],[76.65279,11.79717],[76.65223,11.79639],[76.65194,11.79606],[76.65162,11.79563],[76.65149,11.79536],[76.65131,11.79523],[76.65119,11.79519],[76.6504,11.79482],[76.65004,11.79453],[76.64973,11.7942],[76.64907,11.79365],[76.64885,11.79344],[76.64871,11.79325],[76.64854,11.79298],[76.64832,11.79282],[76.64808,11.7927],[76.64781,11.79267],[76.64758,11.79268],[76.64734,11.79267],[76.64716,11.79261]]},"properties":{"shedId":"C05CAM20"}},{"type":"Feature","geometry":{"type":"LineString","coordinates":[[76.57417,11.79216],[76.57468,11.79225],[76.57504,11.79231],[76.57543,11.79241],[76.57585,11.79258],[76.5769,11.79337],[76.57727,11.79369],[76.57768,11.79419],[76.57781,11.79426],[76.57798,11.79429],[76.57815,11.7943],[76.57831,11.7943],[76.57839,11.79435],[76.57842,11.79443],[76.57844,11.79454],[76.57842,11.79476],[76.57839,11.79501],[76.57837,11.79517],[76.57837,11.7953],[76.5784,11.79542],[76.57846,11.79548],[76.57855,11.79553],[76.57893,11.79563],[76.57912,11.79572],[76.57928,11.79586],[76.58011,11.79672],[76.58028,11.79709],[76.58077,11.79775],[76.5809,11.798]]},"properties":{"shedId":"C05CAM20"}},{"type":"Feature","geometry":{"type":"LineString","coordinates":[[76.5823,11.79003],[76.58235,11.79052],[76.58234,11.79067],[76.5823,11.79088],[76.58223,11.79131],[76.58196,11.79251],[76.58172,11.79376],[76.58158,11.7942],[76.58155,11.79434],[76.58153,11.79443],[76.58158,11.79494],[76.5816,11.79505],[76.58164,11.79514],[76.58169,11.79519],[76.58176,11.79523],[76.58182,11.79527],[76.58185,11.79531],[76.58186,11.79536],[76.58173,11.79569],[76.58163,11.79607],[76.58163,11.79634],[76.58161,11.7966],[76.58159,11.79683],[76.58154,11.797],[76.58144,11.7973],[76.58128,11.79745],[76.58117,11.79753],[76.58109,11.79757],[76.58107,11.7976],[76.58107,11.79762],[76.58107,11.79769],[76.58108,11.79777],[76.58108,11.79783],[76.58105,11.79788],[76.58102,11.79791],[76.58097,11.79794],[76.5809,11.798]]},"properties":{"shedId":"C05CAM20"}},{"type":"Feature","geometry":{"type":"LineString","coordinates":[[76.7633,11.79287],[76.76332,11.79358],[76.76334,11.79402],[76.76344,11.79429],[76.76357,11.79449],[76.76369,11.79483],[76.76395,11.79559],[76.76408,11.7959],[76.76418,11.79617],[76.7643,11.79643],[76.76441,11.7967],[76.76443,11.79688],[76.76445,11.79778],[76.76441,11.79837],[76.76448,11.79881],[76.76454,11.79903],[76.76467,11.79924],[76.76487,11.79939],[76.76568,11.79962],[76.76623,11.79979],[76.76661,11.79988],[76.76759,11.80034],[76.76771,11.80042],[76.76783,11.80053],[76.76787,11.80065],[76.76786,11.8008],[76.76782,11.80093],[76.76778,11.80103],[76.76774,11.80112],[76.76773,11.80121],[76.76776,11.80132],[76.76782,11.80139],[76.76799,11.80149],[76.76837,11.80164],[76.76858,11.80171],[76.76878,11.80184],[76.76886,11.80191],[76.76891,11.80197],[76.769,11.8021],[76.76916,11.80217],[76.7693,11.8022],[76.76935,11.80225],[76.76935,11.80231],[76.76937,11.80241],[76.76943,11.80247],[76.76951,11.80255]]},"properties":{"shedId":"C05CAM20"}},{"type":"Feature","geometry":{"type":"LineString","coordinates":[[76.77026,11.80042],[76.7704,11.80058],[76.77044,11.80075],[76.77042,11.80096],[76.7704,11.801],[76.77031,11.80129],[76.77012,11.8015],[76.76961,11.80207],[76.76953,11.80227],[76.76951,11.80255]]},"properties":{"shedId":"C05CAM20"}},{"type":"Feature","geometry":{"type":"LineString","coordinates":[[76.54377,11.79735],[76.54439,11.79686],[76.54546,11.79616],[76.54574,11.79593],[76.54611,11.79566],[76.5465,11.79521],[76.54745,11.7941],[76.54782,11.79372],[76.54864,11.79317]]},"properties":{"shedId":"C05CAM20"}},{"type":"Feature","geometry":{"type":"LineString","coordinates":[[76.55455,11.79799],[76.55475,11.79759],[76.55506,11.79699],[76.55543,11.79575],[76.55599,11.79438]]},"properties":{"shedId":"C05CAM20"}},{"type":"Feature","geometry":{"type":"LineString","coordinates":[[76.53438,11.79768],[76.53482,11.79731],[76.53519,11.7968],[76.5359,11.79495],[76.53618,11.79457],[76.53654,11.79415],[76.53701,11.79385],[76.53802,11.7934]]},"properties":{"shedId":"C05CAM20"}},{"type":"Feature","geometry":{"type":"LineString","coordinates":[[76.59901,11.79299],[76.59931,11.7935],[76.59951,11.79398],[76.59954,11.79434],[76.59959,11.79475],[76.59958,11.79495],[76.59956,11.79506],[76.59942,11.79541],[76.59915,11.79566],[76.59876,11.796],[76.59865,11.7961],[76.59865,11.79619],[76.59871,11.79633],[76.59883,11.79646],[76.59892,11.79681],[76.59908,11.79754],[76.59909,11.79793],[76.5991,11.79835],[76.5991,11.79853],[76.59909,11.79872],[76.59901,11.79888],[76.59887,11.79948]]},"properties":{"shedId":"C05CAM20"}},{"type":"Feature","geometry":{"type":"LineString","coordinates":[[76.5936,11.7982],[76.59441,11.79853],[76.59516,11.79898],[76.59568,11.79927],[76.5962,11.79943],[76.59657,11.79943],[76.59797,11.79926],[76.59819,11.79921],[76.59856,11.79925],[76.59877,11.79939],[76.59887,11.79948]]},"properties":{"shedId":"C05CAM20"}},{"type":"Feature","geometry":{"type":"LineString","coordinates":[[76.64699,11.80064],[76.64688,11.79923],[76.64687,11.79885],[76.64688,11.79854],[76.64714,11.79728],[76.64743,11.79696],[76.64769,11.79671],[76.64787,11.7965],[76.64794,11.79625],[76.64795,11.79592],[76.64767,11.79457],[76.64755,11.79373],[76.64716,11.79261]]},"properties":{"shedId":"C05CAM20"}},{"type":"Feature","geometry":{"type":"LineString","coordinates":[[76.56466,11.79747],[76.56592,11.79781],[76.56667,11.79822],[76.56713,11.79852],[76.56758,11.79871],[76.56807,11.79879],[76.56866,11.79896],[76.56917,11.79893],[76.56953,11.79887],[76.56992,11.79871],[76.57019,11.79856],[76.57029,11.79845],[76.57041,11.79838],[76.57125,11.79798],[76.57153,11.79796],[76.57177,11.79793],[76.57188,11.79789],[76.57193,11.79788],[76.572,11.7978],[76.57201,11.79778],[76.57212,11.79756],[76.57216,11.7974],[76.57218,11.79733]]},"properties":{"shedId":"C05CAM20"}},{"type":"Feature","geometry":{"type":"LineString","coordinates":[[76.55938,11.79881],[76.55888,11.79766],[76.55863,11.79692],[76.55847,11.79665],[76.5583,11.79644],[76.55821,11.79635],[76.55815,11.79628],[76.55791,11.79585],[76.55778,11.79568],[76.55758,11.79549],[76.55732,11.79536],[76.55661,11.79501],[76.55626,11.79469],[76.55599,11.79438]]},"properties":{"shedId":"C05CAM20"}},{"type":"Feature","geometry":{"type":"LineString","coordinates":[[76.76951,11.80255],[76.76953,11.80263],[76.76962,11.80272],[76.76966,11.8028],[76.76977,11.80286],[76.76983,11.8029],[76.76995,11.80295],[76.77002,11.80303],[76.7701,11.80308],[76.77015,11.80313],[76.77021,11.80321],[76.77025,11.80329],[76.77028,11.80339],[76.77029,11.80361],[76.77031,11.80399]]},"properties":{"shedId":"C05CAM20"}},{"type":"Feature","geometry":{"type":"LineString","coordinates":[[76.58912,11.79378],[76.58874,11.79404],[76.58831,11.79451],[76.58756,11.79593],[76.58745,11.79659],[76.58729,11.79701],[76.58708,11.79727],[76.58681,11.79747],[76.58635,11.79777],[76.58626,11.79783],[76.58618,11.79791],[76.58614,11.79797],[76.58612,11.7981],[76.58603,11.79854],[76.58597,11.79868],[76.58589,11.79878],[76.58573,11.79885],[76.58541,11.79886],[76.58532,11.7989],[76.58527,11.79894],[76.58524,11.79902],[76.58526,11.79916],[76.58537,11.79967],[76.58541,11.7998]]},"properties":{"shedId":"C05CAM20"}},{"type":"Feature","geometry":{"type":"LineString","coordinates":[[76.5381,11.79873],[76.53828,11.79834],[76.5384,11.798],[76.53863,11.79756],[76.53875,11.7972],[76.5388,11.79702],[76.53878,11.79669],[76.53867,11.79636],[76.53847,11.79616],[76.53819,11.79571],[76.53813,11.79548],[76.53813,11.79522],[76.53814,11.7949],[76.53813,11.79475],[76.53803,11.79444],[76.53797,11.79401],[76.53803,11.7938],[76.53802,11.7934]]},"properties":{"shedId":"C05CAM20"}},{"type":"Feature","geometry":{"type":"LineString","coordinates":[[76.5809,11.798],[76.58107,11.79821],[76.58121,11.79828],[76.58139,11.79837],[76.58171,11.79851],[76.58228,11.79887],[76.58247,11.79896],[76.58254,11.79901],[76.58258,11.79908],[76.58259,11.79917],[76.58258,11.79928],[76.5826,11.79957],[76.58263,11.79965],[76.5827,11.79974],[76.58311,11.80007],[76.58363,11.8001],[76.58447,11.80007],[76.58531,11.79999],[76.58535,11.79997],[76.5854,11.7999],[76.58541,11.7998]]},"properties":{"shedId":"C05CAM20"}},{"type":"Feature","geometry":{"type":"LineString","coordinates":[[76.7757,11.80265],[76.77533,11.80307],[76.77513,11.80344],[76.77502,11.80365],[76.7748,11.80389],[76.77457,11.80413],[76.77423,11.80439],[76.77404,11.80449],[76.77394,11.80451],[76.7738,11.80454],[76.77367,11.80454],[76.77357,11.80455],[76.77342,11.80455],[76.7733,11.80454],[76.77276,11.80431],[76.77246,11.80423],[76.77176,11.804],[76.77137,11.80394],[76.77117,11.80393],[76.77083,11.80393],[76.77031,11.80399]]},"properties":{"shedId":"C05CAM20"}},{"type":"Feature","geometry":{"type":"LineString","coordinates":[[76.61213,11.80091],[76.61244,11.80051],[76.61259,11.80009],[76.61269,11.79977],[76.61292,11.79932],[76.6132,11.79892],[76.61343,11.79853],[76.61354,11.79827],[76.61358,11.7981],[76.61363,11.79787],[76.61367,11.79774],[76.61391,11.79745],[76.61437,11.79705],[76.61535,11.79638]]},"properties":{"shedId":"C05CAM20"}},{"type":"Feature","geometry":{"type":"LineString","coordinates":[[76.63772,11.80198],[76.63787,11.80186],[76.63793,11.80174],[76.63798,11.80156],[76.63818,11.79983],[76.6383,11.79947],[76.63827,11.79912],[76.63823,11.79892],[76.63822,11.79889],[76.63809,11.79869],[76.63805,11.7986],[76.63805,11.79855],[76.63807,11.79824],[76.6381,11.79739],[76.63812,11.7953],[76.63795,11.79346],[76.63793,11.79298],[76.63798,11.79258],[76.63809,11.79211],[76.63814,11.79193],[76.63833,11.79181],[76.63901,11.7916],[76.63938,11.79142],[76.63978,11.79111],[76.63996,11.79069],[76.64,11.78987],[76.64009,11.7896],[76.64048,11.7891],[76.64055,11.78897],[76.64056,11.78887],[76.64062,11.7887],[76.64062,11.78867],[76.64061,11.78846],[76.6406,11.78827],[76.64042,11.78602]]},"properties":{"shedId":"C05CAM20"}},{"type":"Feature","geometry":{"type":"LineString","coordinates":[[76.54734,11.80004],[76.54768,11.79969],[76.54789,11.79922],[76.54809,11.79906],[76.54834,11.79895],[76.5485,11.79884],[76.54861,11.79877],[76.54864,11.7987],[76.54867,11.79863],[76.54868,11.79856],[76.5487,11.79839],[76.5487,11.79819],[76.54862,11.79802],[76.54861,11.79797],[76.5486,11.79794],[76.54861,11.79779],[76.54868,11.79758],[76.54947,11.79665]]},"properties":{"shedId":"C05CAM20"}},{"type":"Feature","geometry":{"type":"LineString","coordinates":[[76.66393,11.79819],[76.6645,11.79804],[76.66474,11.79797],[76.66497,11.7978],[76.66529,11.79757],[76.66557,11.79739],[76.66579,11.79728],[76.66652,11.79708],[76.66677,11.79703],[76.6671,11.79705],[76.66732,11.79712],[76.66846,11.79744],[76.66867,11.79754],[76.66881,11.79752],[76.66897,11.79744],[76.66904,11.79739],[76.6691,11.79738],[76.66919,11.79738],[76.66929,11.7974],[76.66949,11.79751],[76.6697,11.79763],[76.66999,11.79774],[76.6709,11.79799],[76.67145,11.79823],[76.67181,11.79843],[76.67283,11.79902],[76.67341,11.79934],[76.67539,11.80041],[76.67583,11.80063],[76.67595,11.80073],[76.67643,11.80114],[76.67669,11.80136],[76.67698,11.80156],[76.6775,11.80182],[76.67939,11.80274],[76.68056,11.80322],[76.6811,11.80329],[76.68163,11.80341],[76.68215,11.8035],[76.6826,11.80345],[76.68315,11.80335],[76.68542,11.80252],[76.68593,11.80246],[76.68648,11.80253],[76.68713,11.80266],[76.68763,11.80274],[76.68806,11.80274],[76.68853,11.80262],[76.68896,11.80233],[76.68922,11.80177],[76.68973,11.8006],[76.69003,11.80021],[76.69051,11.79993],[76.69126,11.79963],[76.69233,11.79951],[76.69305,11.79976]]},"properties":{"shedId":"C05CAM20"}},{"type":"Feature","geometry":{"type":"LineString","coordinates":[[76.76036,11.79099],[76.76016,11.79194],[76.7598,11.79284],[76.75966,11.79309],[76.75955,11.79326],[76.75943,11.79344],[76.75926,11.79367],[76.75912,11.79387],[76.75891,11.79431],[76.75869,11.79482],[76.75855,11.79514],[76.75847,11.79542],[76.7584,11.79576],[76.7584,11.79611],[76.75847,11.79637],[76.75847,11.79654],[76.75845,11.79669],[76.75833,11.79689],[76.75826,11.79707],[76.75823,11.79726],[76.75823,11.79746],[76.75828,11.79763],[76.7583,11.79785],[76.75821,11.79819],[76.75799,11.79864],[76.75754,11.79961],[76.75732,11.79997],[76.75702,11.80017],[76.75687,11.80027],[76.75668,11.80035],[76.75645,11.8004],[76.75604,11.8005],[76.75545,11.80074],[76.75508,11.80103],[76.75397,11.80292],[76.75364,11.80339],[76.75338,11.80367],[76.7532,11.80398],[76.75314,11.80422],[76.75319,11.80457],[76.7534,11.80515]]},"properties":{"shedId":"C05CAM20"}},{"type":"Feature","geometry":{"type":"LineString","coordinates":[[76.75645,11.80476],[76.7551,11.80469],[76.75399,11.80491],[76.75352,11.8051],[76.7534,11.80515]]},"properties":{"shedId":"C05CAM20"}},{"type":"Feature","geometry":{"type":"LineString","coordinates":[[76.79028,11.79171],[76.78992,11.79163],[76.78953,11.79145],[76.78923,11.79133],[76.78879,11.79114],[76.78821,11.79104],[76.78781,11.79106],[76.78752,11.79113],[76.7874,11.79128],[76.78726,11.79149],[76.78706,11.79254],[76.78683,11.79302],[76.78665,11.79332],[76.78657,11.79354],[76.78656,11.79375],[76.78657,11.79407],[76.78659,11.79491],[76.78667,11.7952],[76.78674,11.79539],[76.78688,11.79555],[76.78699,11.79566],[76.78705,11.79575],[76.78705,11.7959],[76.78706,11.79631],[76.78706,11.79647],[76.7871,11.79664],[76.78719,11.79679],[76.78728,11.79687],[76.78734,11.79695],[76.78738,11.79706],[76.78739,11.79721],[76.78738,11.79732],[76.78739,11.79741],[76.78744,11.79753],[76.78757,11.7978],[76.78768,11.79795],[76.78776,11.79805],[76.78782,11.79818],[76.78786,11.79831],[76.78793,11.79841],[76.78802,11.79849],[76.78832,11.79857],[76.78847,11.79862],[76.78855,11.79868],[76.78863,11.79881],[76.78868,11.79895],[76.78876,11.79911],[76.78891,11.79946],[76.78893,11.79957],[76.78892,11.79969],[76.78888,11.79979],[76.78885,11.79986],[76.78883,11.79993],[76.78883,11.80002],[76.78887,11.8001],[76.78895,11.80017],[76.78904,11.80023],[76.78912,11.80032],[76.78922,11.80047],[76.78925,11.8006],[76.78926,11.80069],[76.78925,11.80094],[76.78922,11.80129],[76.78917,11.80149],[76.78912,11.8017],[76.78908,11.80235],[76.78896,11.80298],[76.78886,11.80347],[76.78876,11.80383],[76.7887,11.80474],[76.78873,11.80509],[76.78888,11.80554],[76.7889,11.80581],[76.7889,11.80599]]},"properties":{"shedId":"C05CAM20"}},{"type":"Feature","geometry":{"type":"LineString","coordinates":[[76.79494,11.79146],[76.79552,11.79253],[76.79578,11.79326],[76.79577,11.79358],[76.79572,11.7948],[76.79565,11.79533],[76.79556,11.79573],[76.79539,11.79633],[76.79505,11.79714],[76.79458,11.79801],[76.79391,11.79925],[76.79371,11.79974],[76.79345,11.79997],[76.79311,11.80005],[76.79261,11.79996],[76.79189,11.79986],[76.79167,11.79986],[76.79155,11.79992],[76.79144,11.80003],[76.79139,11.80021],[76.79143,11.80046],[76.79144,11.801],[76.79147,11.8013],[76.79148,11.80143],[76.79142,11.80186],[76.79086,11.80365],[76.79062,11.80456],[76.79027,11.80543],[76.79007,11.80565],[76.78989,11.8058],[76.78972,11.80591],[76.78946,11.80594],[76.7889,11.80599]]},"properties":{"shedId":"C05CAM20"}},{"type":"Feature","geometry":{"type":"LineString","coordinates":[[76.59887,11.79948],[76.59888,11.79962],[76.59909,11.80053],[76.59927,11.80093],[76.59952,11.80117],[76.60016,11.80164]]},"properties":{"shedId":"C05CAM20"}},{"type":"Feature","geometry":{"type":"LineString","coordinates":[[76.60423,11.79581],[76.6025,11.79698],[76.60189,11.79754],[76.60157,11.79797],[76.60121,11.79862],[76.60084,11.8003],[76.60051,11.8011],[76.60016,11.80164]]},"properties":{"shedId":"C05CAM20"}},{"type":"Feature","geometry":{"type":"LineString","coordinates":[[76.61518,11.80206],[76.61525,11.80156],[76.61524,11.801],[76.61518,11.80075],[76.6151,11.80059],[76.61494,11.80023],[76.61488,11.80005],[76.61483,11.79987],[76.61507,11.79885],[76.61525,11.79836],[76.61535,11.79655],[76.61535,11.79638]]},"properties":{"shedId":"C05CAM20"}},{"type":"Feature","geometry":{"type":"LineString","coordinates":[[76.62126,11.80229],[76.62154,11.80204],[76.62169,11.80183],[76.62185,11.80152],[76.622,11.80101],[76.62209,11.80052],[76.62217,11.80026],[76.62233,11.8],[76.6224,11.79988],[76.62246,11.79982],[76.62259,11.79958],[76.62261,11.79942],[76.62265,11.79927],[76.6227,11.79882],[76.62298,11.79802],[76.62306,11.79755],[76.62308,11.79745]]},"properties":{"shedId":"C05CAM20"}},{"type":"Feature","geometry":{"type":"LineString","coordinates":[[76.69305,11.79976],[76.69348,11.80058],[76.6938,11.80145],[76.69376,11.80205],[76.69392,11.80388],[76.69414,11.80421]]},"properties":{"name":"Gundal","shedId":"C05CAM20"}},{"type":"Feature","geometry":{"type":"LineString","coordinates":[[76.70647,11.7679],[76.70625,11.76799],[76.70613,11.76806],[76.70591,11.76825],[76.70579,11.7685],[76.70572,11.76886],[76.70564,11.76906],[76.7055,11.76928],[76.70486,11.76999],[76.70466,11.77018],[76.7045,11.77054],[76.70452,11.77091],[76.70452,11.77126],[76.70441,11.77163],[76.70419,11.77192],[76.7039,11.77216],[76.70353,11.77233],[76.70321,11.77246],[76.70302,11.77259],[76.70276,11.77286],[76.70232,11.77363],[76.70201,11.77415],[76.70158,11.77443],[76.70109,11.77457],[76.70088,11.77459],[76.70068,11.77464],[76.70042,11.77473],[76.70004,11.77493],[76.69979,11.77509],[76.69947,11.77526],[76.69893,11.77549],[76.69837,11.77571],[76.69699,11.77591],[76.69648,11.77617],[76.69631,11.77632],[76.69606,11.77656],[76.69559,11.77681],[76.69525,11.77701],[76.69472,11.77712],[76.69404,11.77707],[76.69332,11.77724],[76.6929,11.77754],[76.69269,11.77781],[76.69267,11.77813],[76.69278,11.7786],[76.69309,11.7797],[76.69362,11.78375],[76.6944,11.78661],[76.69429,11.78761],[76.69398,11.79116],[76.69351,11.79433],[76.69357,11.7952],[76.69401,11.79626],[76.69471,11.79844],[76.69479,11.79863],[76.69507,11.79879],[76.69538,11.79891],[76.69565,11.79907],[76.69593,11.79934],[76.69595,11.79947],[76.69595,11.79977],[76.69587,11.80016],[76.69506,11.80231],[76.69468,11.80333],[76.69414,11.80421]]},"properties":{"shedId":"C05CAM20"}},{"type":"Feature","geometry":{"type":"LineString","coordinates":[[76.57218,11.79733],[76.57233,11.79716],[76.57256,11.79704],[76.57278,11.79693],[76.57299,11.79688],[76.57318,11.79689],[76.57338,11.7969],[76.57361,11.79692],[76.57374,11.79701],[76.5739,11.79711],[76.57401,11.79711],[76.57414,11.7971],[76.57421,11.79711],[76.57424,11.79712],[76.57429,11.79716],[76.57453,11.79746],[76.57461,11.79755],[76.57466,11.79765],[76.57467,11.79771],[76.57466,11.79774],[76.57464,11.79778],[76.57456,11.79782],[76.57451,11.79785],[76.57448,11.79789],[76.57448,11.79793],[76.57451,11.79796],[76.57454,11.79799],[76.57461,11.79802],[76.57469,11.79807],[76.57472,11.79811],[76.57476,11.79816],[76.57476,11.79821],[76.57476,11.7983],[76.57471,11.7985],[76.57469,11.79862],[76.5747,11.79878],[76.57473,11.79894],[76.5748,11.79911],[76.57488,11.79917],[76.57499,11.79923],[76.57513,11.79924],[76.57528,11.79924],[76.57539,11.7993],[76.57548,11.79935],[76.57558,11.7994],[76.57566,11.79941],[76.57569,11.7994],[76.57576,11.79942],[76.57585,11.79947],[76.57605,11.79969],[76.57613,11.79985],[76.5763,11.79999],[76.57649,11.80011],[76.57673,11.80019],[76.57688,11.8002],[76.57698,11.8002],[76.57732,11.80036],[76.5776,11.80067],[76.5782,11.80152],[76.57869,11.80214],[76.57902,11.80231],[76.57941,11.80234],[76.57946,11.80234]]},"properties":{"shedId":"C05CAM20"}},{"type":"Feature","geometry":{"type":"LineString","coordinates":[[76.58541,11.7998],[76.58566,11.80125],[76.58579,11.80153],[76.5859,11.80181],[76.58594,11.80206],[76.58594,11.80229],[76.58599,11.80252]]},"properties":{"shedId":"C05CAM20"}},{"type":"Feature","geometry":{"type":"LineString","coordinates":[[76.57946,11.80234],[76.58013,11.80239],[76.58038,11.80239],[76.58051,11.80231],[76.5806,11.80221],[76.58063,11.80215],[76.58072,11.80191],[76.58084,11.80186],[76.58113,11.80176],[76.58162,11.80174],[76.58249,11.80176],[76.58307,11.80176],[76.58405,11.80148],[76.58433,11.80141],[76.5846,11.80142],[76.58497,11.80149],[76.58558,11.80197],[76.58599,11.80252]]},"properties":{"shedId":"C05CAM20"}},{"type":"Feature","geometry":{"type":"LineString","coordinates":[[76.70299,11.79709],[76.70278,11.79739],[76.70259,11.79761],[76.70226,11.79779],[76.70206,11.79791],[76.70192,11.79804],[76.7018,11.79821],[76.70168,11.79846],[76.70165,11.79886],[76.7017,11.79996],[76.70173,11.80017],[76.70178,11.80035],[76.70195,11.80059],[76.70222,11.80076],[76.70257,11.80097],[76.70269,11.80119],[76.70278,11.8015],[76.70283,11.80182],[76.70293,11.80214],[76.70316,11.8025],[76.70379,11.80304],[76.70416,11.8034],[76.70452,11.80392],[76.70486,11.80454],[76.70528,11.80546]]},"properties":{"shedId":"C05CAM20"}},{"type":"Feature","geometry":{"type":"LineString","coordinates":[[76.72779,11.78141],[76.72764,11.78173],[76.72729,11.7825],[76.72721,11.78287],[76.72712,11.78311],[76.72712,11.78403],[76.72709,11.78451],[76.72699,11.785],[76.72685,11.78525],[76.72674,11.78536],[76.7266,11.78545],[76.72644,11.78553],[76.72618,11.78561],[76.7261,11.7857],[76.72596,11.78581],[76.72574,11.786],[76.72552,11.78639],[76.72517,11.7877],[76.72505,11.78904],[76.72516,11.78955],[76.72522,11.79013],[76.72523,11.79044],[76.72516,11.79071],[76.72508,11.79084],[76.72494,11.79098],[76.72476,11.79107],[76.72465,11.79112],[76.72454,11.79123],[76.72451,11.79145],[76.72453,11.79236],[76.72446,11.79294],[76.72443,11.79332],[76.72421,11.79373],[76.72385,11.79421],[76.72364,11.79435],[76.72347,11.79461],[76.72328,11.79495],[76.72312,11.7953],[76.723,11.79549],[76.72276,11.79564],[76.72262,11.79574],[76.72247,11.79584],[76.72237,11.79599],[76.72224,11.79623],[76.72203,11.7969],[76.72194,11.7971],[76.72179,11.79723],[76.72163,11.79736],[76.72142,11.79747],[76.72093,11.79754],[76.72022,11.79751],[76.71992,11.79745],[76.71967,11.79748],[76.7195,11.79756],[76.71927,11.79771],[76.71877,11.79847],[76.71859,11.79889],[76.71841,11.79946],[76.71826,11.79959],[76.71769,11.7998],[76.71748,11.79986],[76.71726,11.8],[76.71704,11.80033],[76.7167,11.80074],[76.71664,11.80077],[76.71629,11.80084],[76.71597,11.80083],[76.71576,11.8009],[76.71554,11.80095],[76.7153,11.80097],[76.7149,11.80095],[76.71381,11.80087],[76.71349,11.8008],[76.71322,11.80073],[76.713,11.80074],[76.71273,11.80079],[76.71191,11.80124],[76.7117,11.80141],[76.71151,11.80156],[76.71127,11.80174],[76.71051,11.80203],[76.70946,11.80232],[76.70889,11.80242],[76.70835,11.80246],[76.70809,11.80251],[76.70775,11.80259],[76.70759,11.8027],[76.70713,11.8032],[76.70706,11.80335],[76.70691,11.8035],[76.70671,11.80361],[76.70655,11.80366],[76.70639,11.80374],[76.70625,11.80385],[76.70618,11.80399],[76.70601,11.80484],[76.70589,11.80515],[76.70576,11.8053],[76.70563,11.80536],[76.70555,11.80536],[76.70544,11.80539],[76.70533,11.80542],[76.70528,11.80546]]},"properties":{"shedId":"C05CAM20"}},{"type":"Feature","geometry":{"type":"LineString","coordinates":[[76.56993,11.80251],[76.57039,11.80241],[76.57076,11.80237],[76.571,11.80235],[76.57115,11.80234],[76.57193,11.80232],[76.57246,11.80224],[76.57302,11.80203],[76.57344,11.80172],[76.57377,11.80157],[76.57406,11.80152],[76.57428,11.8015],[76.57453,11.80146],[76.57479,11.80145],[76.57509,11.80147],[76.57545,11.80153],[76.57571,11.80167],[76.5761,11.80183],[76.57638,11.80187],[76.57725,11.80231],[76.57751,11.80242],[76.57785,11.80257],[76.57816,11.8026],[76.57859,11.80255],[76.57946,11.80234]]},"properties":{"shedId":"C05CAM20"}},{"type":"Feature","geometry":{"type":"LineString","coordinates":[[76.79807,11.78793],[76.79847,11.78823],[76.79879,11.78848],[76.7998,11.78927],[76.80007,11.78951],[76.8003,11.78963],[76.8007,11.78988],[76.80096,11.79005],[76.80113,11.79023],[76.80118,11.79043],[76.80122,11.79068],[76.80117,11.79157],[76.80105,11.7919],[76.80098,11.79215],[76.80092,11.79244],[76.8009,11.79273],[76.80086,11.79306],[76.80059,11.79358],[76.80022,11.79416],[76.80007,11.79466],[76.7999,11.79511],[76.79985,11.79539],[76.79988,11.79563],[76.8,11.796],[76.80013,11.79617],[76.80019,11.79627],[76.80021,11.79639],[76.80026,11.79675],[76.8003,11.79691],[76.80037,11.79705],[76.80046,11.79716],[76.80054,11.79727],[76.80061,11.79736],[76.80068,11.79749],[76.8007,11.79777],[76.80076,11.79807],[76.80078,11.79819],[76.80084,11.79829],[76.80091,11.79834],[76.80099,11.7984],[76.80108,11.79852],[76.80121,11.79864],[76.80128,11.79869],[76.80133,11.79878],[76.80133,11.79886],[76.80127,11.79931],[76.80123,11.79948],[76.8012,11.7996],[76.8012,11.79972],[76.8012,11.79978],[76.80121,11.79981],[76.80127,11.7999],[76.80136,11.79996],[76.80142,11.80002],[76.80142,11.80008],[76.80138,11.80026],[76.80136,11.80045],[76.80131,11.8006],[76.8012,11.80071],[76.80106,11.80081],[76.80028,11.80113],[76.80021,11.80117],[76.80013,11.80125],[76.80013,11.80135],[76.8002,11.80143],[76.80033,11.80147],[76.80049,11.80148],[76.80066,11.80151],[76.80083,11.80162],[76.80092,11.80175],[76.80094,11.8019],[76.80089,11.8021],[76.80079,11.8023],[76.80057,11.80263],[76.80053,11.80279],[76.80055,11.80296],[76.80064,11.80311],[76.80083,11.80339],[76.80089,11.80358],[76.80091,11.80379],[76.8009,11.804],[76.80083,11.80421],[76.80078,11.80432],[76.8007,11.80447],[76.80049,11.80485],[76.80041,11.80502],[76.80043,11.80517],[76.80047,11.80529],[76.80064,11.80583],[76.8007,11.80613],[76.80079,11.80638],[76.80089,11.8066],[76.80103,11.80673],[76.80124,11.80681],[76.80143,11.80692],[76.80151,11.80704],[76.80153,11.80718],[76.80156,11.80772],[76.80161,11.80801],[76.80171,11.8082],[76.80192,11.80835],[76.80214,11.80841]]},"properties":{"shedId":"C05CAM20"}},{"type":"Feature","geometry":{"type":"LineString","coordinates":[[76.80366,11.80727],[76.80332,11.80729],[76.80299,11.80743],[76.80258,11.80775],[76.80214,11.80841]]},"properties":{"shedId":"C05CAM20"}},{"type":"Feature","geometry":{"type":"LineString","coordinates":[[76.55183,11.80263],[76.55156,11.80183],[76.55151,11.80165],[76.55146,11.80143],[76.55127,11.80067],[76.55112,11.8004],[76.55104,11.80022],[76.55093,11.80009],[76.55073,11.79987],[76.55063,11.79975],[76.55057,11.79969],[76.55044,11.79948],[76.55028,11.79901],[76.54985,11.79787],[76.54976,11.79751],[76.54947,11.79665]]},"properties":{"shedId":"C05CAM20"}},{"type":"Feature","geometry":{"type":"LineString","coordinates":[[76.54085,11.80282],[76.54093,11.80278],[76.54103,11.80273],[76.54104,11.80272],[76.54148,11.80272],[76.54155,11.80275],[76.54178,11.80276],[76.54202,11.80274],[76.54219,11.80268],[76.5423,11.80258],[76.54239,11.80244],[76.54247,11.8022],[76.54278,11.80154],[76.5431,11.8011],[76.54336,11.8008],[76.54365,11.80058],[76.54382,11.80052],[76.54394,11.80047],[76.5442,11.80047],[76.54423,11.80049],[76.54468,11.80043],[76.54608,11.80023],[76.54656,11.80024],[76.54711,11.80017],[76.54734,11.80004]]},"properties":{"shedId":"C05CAM20"}},{"type":"Feature","geometry":{"type":"LineString","coordinates":[[76.7889,11.80599],[76.78887,11.80616],[76.78885,11.80622],[76.78875,11.80649],[76.78868,11.80686],[76.78868,11.80723],[76.78859,11.80862]]},"properties":{"shedId":"C05CAM20"}},{"type":"Feature","geometry":{"type":"LineString","coordinates":[[76.78389,11.79766],[76.78394,11.79856],[76.78412,11.79953],[76.78436,11.80022],[76.78451,11.80051],[76.78531,11.8019],[76.78554,11.8026],[76.78586,11.80394],[76.78598,11.80467],[76.78606,11.80519],[76.7861,11.80555],[76.78615,11.80588],[76.78627,11.8063],[76.78644,11.80667],[76.78657,11.80695],[76.78661,11.8072],[76.78667,11.80804],[76.78663,11.80837],[76.78662,11.80856],[76.78664,11.80864],[76.78666,11.80871],[76.7867,11.80874],[76.78677,11.80876],[76.78729,11.80875],[76.78813,11.80864],[76.78837,11.80861],[76.78859,11.80862]]},"properties":{"shedId":"C05CAM20"}},{"type":"Feature","geometry":{"type":"LineString","coordinates":[[76.54542,11.80349],[76.54577,11.80329],[76.54627,11.80302],[76.54653,11.8028],[76.54672,11.80247],[76.54674,11.80219],[76.54672,11.80181],[76.54682,11.80118],[76.54695,11.80086],[76.54704,11.80066],[76.54716,11.80036],[76.54734,11.80004]]},"properties":{"shedId":"C05CAM20"}},{"type":"Feature","geometry":{"type":"LineString","coordinates":[[76.75758,11.7834],[76.75744,11.78403],[76.75726,11.78441],[76.75704,11.78537],[76.75701,11.78563],[76.75697,11.78596],[76.75689,11.78618],[76.75666,11.78648],[76.75644,11.78669],[76.75617,11.78679],[76.75502,11.78699],[76.75471,11.787],[76.75443,11.78706],[76.75424,11.78716],[76.75399,11.78732],[76.75374,11.78747],[76.75357,11.78762],[76.75346,11.78785],[76.75306,11.78931],[76.75292,11.78982],[76.75291,11.79011],[76.75279,11.79054],[76.75264,11.79072],[76.75232,11.79129],[76.75216,11.79187],[76.75206,11.79234],[76.75188,11.79406],[76.75177,11.79436],[76.75155,11.79453],[76.75119,11.7946],[76.75093,11.79458],[76.75053,11.79457],[76.75017,11.79452],[76.74981,11.79451],[76.74962,11.79461],[76.74942,11.79477],[76.7486,11.79622],[76.74817,11.79752],[76.7481,11.79786],[76.74824,11.79847],[76.74828,11.79863],[76.74829,11.79879],[76.74826,11.799],[76.74816,11.79926],[76.74796,11.79944],[76.74777,11.79961],[76.74772,11.79974],[76.74772,11.79983],[76.74794,11.80025],[76.74806,11.80047],[76.74808,11.80064],[76.74807,11.80079],[76.748,11.80093],[76.7479,11.80111],[76.74783,11.80126],[76.74781,11.80143],[76.74785,11.80155],[76.74801,11.80186],[76.74806,11.80197],[76.7481,11.80206],[76.74808,11.80218],[76.74804,11.80226],[76.74784,11.80263],[76.74775,11.80286],[76.74773,11.80305],[76.74778,11.8033],[76.74788,11.80375],[76.74789,11.80391],[76.74789,11.80405],[76.74776,11.8056],[76.74756,11.80686],[76.74755,11.80739],[76.74755,11.80784],[76.74754,11.80802],[76.74742,11.8083],[76.74742,11.8083]]},"properties":{"shedId":"C05CAM20"}},{"type":"Feature","geometry":{"type":"LineString","coordinates":[[76.7534,11.80515],[76.75272,11.80545],[76.7511,11.80602],[76.75056,11.80621],[76.75042,11.80628],[76.75033,11.80636],[76.74997,11.80662],[76.74984,11.80684],[76.74976,11.80693],[76.74966,11.80702],[76.74946,11.80714],[76.74923,11.80728],[76.74821,11.80796],[76.74791,11.80813],[76.74742,11.8083]]},"properties":{"shedId":"C05CAM20"}},{"type":"Feature","geometry":{"type":"LineString","coordinates":[[76.73284,11.79886],[76.73272,11.79898],[76.73216,11.79935],[76.73204,11.79951],[76.73201,11.79965],[76.73202,11.79988],[76.73219,11.8005],[76.73213,11.80112],[76.73198,11.80151],[76.73185,11.80183],[76.73177,11.80196],[76.73159,11.80206],[76.7313,11.80208],[76.72981,11.80223],[76.72951,11.80228],[76.72941,11.80235],[76.72935,11.8024],[76.72927,11.80248],[76.72921,11.80256],[76.7291,11.80281],[76.72896,11.80318],[76.72887,11.80341],[76.72875,11.80363],[76.72865,11.80409],[76.72851,11.8045],[76.72835,11.80489],[76.72819,11.80545],[76.72803,11.80615],[76.72796,11.80715],[76.72784,11.80742],[76.72764,11.80766],[76.72744,11.80789]]},"properties":{"shedId":"C05CAM20"}},{"type":"Feature","geometry":{"type":"LineString","coordinates":[[76.62403,11.80562],[76.6247,11.80371],[76.62532,11.80212],[76.62584,11.80007],[76.62602,11.79927],[76.62606,11.79857],[76.62625,11.79708],[76.62619,11.79649],[76.62601,11.79582],[76.62588,11.79561],[76.62578,11.7955],[76.62563,11.79528],[76.62554,11.79519]]},"properties":{"shedId":"C05CAM20"}},{"type":"Feature","geometry":{"type":"LineString","coordinates":[[76.80708,11.79615],[76.8072,11.79648],[76.8073,11.79691],[76.80733,11.79703],[76.8074,11.79712],[76.8075,11.79716],[76.8078,11.79727],[76.80799,11.79741],[76.80813,11.79751],[76.80837,11.79793],[76.80843,11.79816],[76.80844,11.7983],[76.80842,11.79842],[76.80838,11.79872],[76.8083,11.79907],[76.80776,11.80023],[76.8076,11.80043],[76.80748,11.80059],[76.80745,11.80075],[76.80745,11.80094],[76.80741,11.80112],[76.80735,11.80134],[76.80735,11.80153],[76.80733,11.80178],[76.80727,11.80191],[76.80708,11.80232],[76.80705,11.8025],[76.80706,11.80264],[76.80715,11.80277],[76.80731,11.80287],[76.80748,11.80297],[76.80759,11.80309],[76.80787,11.80364],[76.80813,11.80436],[76.80816,11.80464],[76.80814,11.80486],[76.80816,11.80499],[76.80817,11.80504],[76.8082,11.80516],[76.80824,11.8052],[76.80834,11.80531],[76.80847,11.80539],[76.80852,11.80547],[76.80852,11.80555],[76.80849,11.80569],[76.8084,11.80585],[76.80827,11.80605],[76.8082,11.80622],[76.80821,11.80633],[76.80827,11.80645],[76.80878,11.80677],[76.80893,11.80693],[76.809,11.80716],[76.80902,11.80741],[76.80898,11.80797],[76.80895,11.80809],[76.8088,11.80838],[76.80876,11.80855],[76.80868,11.80872],[76.80856,11.80892],[76.80826,11.80913],[76.80809,11.80928],[76.80804,11.80945],[76.80804,11.80963],[76.80801,11.80987],[76.80796,11.81]]},"properties":{"shedId":"C05CAM20"}},{"type":"Feature","geometry":{"type":"LineString","coordinates":[[76.74166,11.80264],[76.74045,11.80266],[76.73833,11.80263],[76.7381,11.80273],[76.73791,11.80285],[76.73731,11.80321],[76.73695,11.80341],[76.73667,11.80347],[76.73648,11.80348],[76.73638,11.80349],[76.73579,11.80349],[76.73549,11.80351],[76.73519,11.80354],[76.73506,11.8036],[76.73496,11.80373],[76.73496,11.80397],[76.73499,11.80435],[76.73491,11.80544],[76.73477,11.80581],[76.73459,11.80605],[76.73434,11.80632],[76.73406,11.80658],[76.7325,11.80776],[76.73146,11.80824],[76.73024,11.8087],[76.73005,11.8088],[76.72994,11.8088],[76.72989,11.8088],[76.72981,11.80877],[76.72973,11.80865],[76.72971,11.80849],[76.72966,11.80835],[76.72956,11.80818],[76.72946,11.80806],[76.72942,11.80805],[76.72908,11.80794],[76.72877,11.8079],[76.72847,11.80789],[76.72744,11.80789]]},"properties":{"shedId":"C05CAM20"}},{"type":"Feature","geometry":{"type":"LineString","coordinates":[[76.76403,11.80569],[76.76395,11.80683],[76.76388,11.8073],[76.76377,11.80764],[76.76344,11.80809],[76.76323,11.80832],[76.76305,11.80847],[76.76286,11.8086],[76.76276,11.80873],[76.76272,11.80885],[76.76279,11.8091],[76.76296,11.80946],[76.76315,11.80996]]},"properties":{"shedId":"C05CAM20"}},{"type":"Feature","geometry":{"type":"LineString","coordinates":[[76.55951,11.80424],[76.55983,11.80445],[76.56,11.80464],[76.56041,11.80486],[76.56052,11.80488],[76.56075,11.8049],[76.56088,11.80497],[76.56107,11.80507],[76.5617,11.80534]]},"properties":{"shedId":"C05CAM20"}},{"type":"Feature","geometry":{"type":"LineString","coordinates":[[76.56168,11.80066],[76.5619,11.80103],[76.56207,11.80144],[76.56219,11.80176],[76.56222,11.80212],[76.56225,11.8024],[76.56234,11.80272],[76.56246,11.80324],[76.56243,11.80344],[76.56235,11.80355],[76.56222,11.80366],[76.5621,11.80372],[76.562,11.80381],[76.56192,11.80391],[76.5619,11.80407],[76.56191,11.80429],[76.56192,11.80459],[76.56187,11.80475],[76.56183,11.8049],[76.5617,11.80534]]},"properties":{"shedId":"C05CAM20"}},{"type":"Feature","geometry":{"type":"LineString","coordinates":[[76.76002,11.81009],[76.76016,11.81015],[76.76051,11.81015],[76.76092,11.81008],[76.76112,11.81],[76.76154,11.80981],[76.76169,11.80981],[76.76181,11.80986],[76.76195,11.80994],[76.76214,11.80995],[76.76237,11.80994],[76.7626,11.8099],[76.76293,11.8099],[76.76315,11.80996]]},"properties":{"shedId":"C05CAM20"}},{"type":"Feature","geometry":{"type":"LineString","coordinates":[[76.80214,11.80841],[76.80218,11.80842],[76.80232,11.8085],[76.8024,11.80865],[76.80252,11.80913],[76.80267,11.80946],[76.80284,11.80964],[76.80299,11.80976],[76.80317,11.80987],[76.80324,11.80995],[76.80327,11.81002],[76.80325,11.81012],[76.80322,11.81022],[76.80321,11.81036],[76.80328,11.81072],[76.80342,11.81109],[76.80355,11.81133]]},"properties":{"shedId":"C05CAM20"}},{"type":"Feature","geometry":{"type":"LineString","coordinates":[[76.80796,11.81],[76.80792,11.81006],[76.80778,11.81021],[76.80762,11.81032],[76.80703,11.81051],[76.80674,11.81063],[76.80665,11.81073],[76.80656,11.81084],[76.80641,11.81091],[76.8061,11.81091],[76.80571,11.81077],[76.80544,11.8105],[76.8053,11.81042],[76.80507,11.81039],[76.80494,11.81042],[76.80473,11.81059],[76.80405,11.81111],[76.80372,11.81126],[76.80355,11.81133]]},"properties":{"shedId":"C05CAM20"}},{"type":"Feature","geometry":{"type":"LineString","coordinates":[[76.76315,11.80996],[76.76319,11.81008],[76.76342,11.81081]]},"properties":{"shedId":"C05CAM20"}},{"type":"Feature","geometry":{"type":"LineString","coordinates":[[76.77031,11.80399],[76.77034,11.80446],[76.77039,11.8047],[76.77037,11.80484],[76.77035,11.80495],[76.77029,11.80514],[76.77014,11.80545],[76.76984,11.80585],[76.76932,11.80626],[76.76902,11.80638],[76.76888,11.80646],[76.76882,11.80654],[76.76882,11.8067],[76.76889,11.80698],[76.76887,11.80763],[76.76876,11.80787],[76.76863,11.80806],[76.76842,11.80825],[76.76822,11.80836],[76.76803,11.80845],[76.76763,11.80868],[76.76741,11.80892],[76.76727,11.80908],[76.76708,11.80922],[76.76686,11.80935],[76.76606,11.80979],[76.76521,11.81046],[76.76474,11.81096],[76.76452,11.81113],[76.76441,11.81116],[76.76425,11.81117],[76.76411,11.81109],[76.76397,11.81098],[76.76384,11.81086],[76.76375,11.81079],[76.76365,11.81075],[76.76351,11.81076],[76.76342,11.81081]]},"properties":{"shedId":"C05CAM20"}},{"type":"Feature","geometry":{"type":"LineString","coordinates":[[76.8123,11.81301],[76.8122,11.81269],[76.81209,11.81251],[76.81191,11.81237],[76.81139,11.8122],[76.81046,11.81179],[76.80987,11.81146],[76.80969,11.81133],[76.80953,11.81113],[76.80942,11.81095],[76.80927,11.81074],[76.80909,11.81063],[76.80847,11.81028],[76.80796,11.81]]},"properties":{"shedId":"C05CAM20"}},{"type":"Feature","geometry":{"type":"LineString","coordinates":[[76.60016,11.80164],[76.59987,11.80209],[76.59963,11.80255],[76.59954,11.80318],[76.5998,11.80582],[76.59986,11.8065],[76.59986,11.80879]]},"properties":{"shedId":"C05CAM20"}},{"type":"Feature","geometry":{"type":"LineString","coordinates":[[76.60834,11.8023],[76.60778,11.8023],[76.6076,11.80233],[76.60748,11.80238],[76.6073,11.80248],[76.60712,11.80261],[76.60684,11.80278],[76.60613,11.80322],[76.606,11.80332],[76.60593,11.80344],[76.60579,11.80371],[76.60568,11.804],[76.60555,11.80425],[76.60536,11.80473],[76.60533,11.80504],[76.60533,11.80536],[76.60522,11.80561],[76.60512,11.80578],[76.60487,11.80591],[76.60323,11.80665],[76.60261,11.80685],[76.60181,11.80705],[76.60158,11.80722],[76.60144,11.80739],[76.60141,11.80757],[76.60138,11.80805],[76.60131,11.80817],[76.60123,11.80827],[76.60102,11.80835],[76.60019,11.8085],[76.60007,11.80858],[76.60001,11.80868],[76.59986,11.80879]]},"properties":{"shedId":"C05CAM20"}},{"type":"Feature","geometry":{"type":"LineString","coordinates":[[76.53686,11.80324],[76.53781,11.80449],[76.53903,11.80602],[76.53997,11.8069],[76.54026,11.80712],[76.54071,11.80732],[76.54119,11.80746],[76.54238,11.80754],[76.54272,11.80741],[76.54301,11.80728],[76.54339,11.80716],[76.54377,11.80705],[76.54409,11.80708],[76.54494,11.80744],[76.54533,11.80756],[76.54568,11.80761],[76.54601,11.80756]]},"properties":{"shedId":"C05CAM20"}},{"type":"Feature","geometry":{"type":"LineString","coordinates":[[76.69414,11.80421],[76.69444,11.80468],[76.69497,11.80532],[76.69575,11.80554],[76.69647,11.80566],[76.69681,11.80582],[76.69701,11.806],[76.69702,11.80635],[76.69703,11.80668],[76.69702,11.80724],[76.69715,11.80772],[76.69733,11.80829],[76.69761,11.80858],[76.69803,11.80877],[76.6986,11.80883],[76.69931,11.80876],[76.6997,11.80858],[76.69986,11.80848],[76.7,11.80841],[76.70032,11.80827],[76.70099,11.80827],[76.7012,11.80828],[76.7013,11.8083],[76.70152,11.80841],[76.70162,11.80862],[76.70168,11.80886],[76.70179,11.80905],[76.70247,11.81015],[76.70296,11.81127],[76.70308,11.81168],[76.70299,11.81212]]},"properties":{"name":"Gundal","shedId":"C05CAM20"}},{"type":"Feature","geometry":{"type":"LineString","coordinates":[[76.70528,11.80546],[76.70522,11.80556],[76.70517,11.8057],[76.70517,11.80616],[76.70524,11.80732],[76.70541,11.80835],[76.70552,11.80888],[76.70569,11.80921],[76.7058,11.80939],[76.70593,11.80966],[76.70594,11.80993],[76.70586,11.81012],[76.70569,11.81037],[76.70532,11.81065],[76.70483,11.81093],[76.70421,11.81126],[76.70299,11.81212]]},"properties":{"shedId":"C05CAM20"}},{"type":"Feature","geometry":{"type":"LineString","coordinates":[[76.65957,11.80062],[76.66046,11.80111],[76.66109,11.8014],[76.66158,11.80169],[76.66195,11.80205],[76.66233,11.80298],[76.66245,11.80346],[76.66246,11.80417],[76.66288,11.8062],[76.66306,11.80723],[76.66316,11.80838],[76.66313,11.80982],[76.6631,11.8112]]},"properties":{"shedId":"C05CAM20"}},{"type":"Feature","geometry":{"type":"LineString","coordinates":[[76.64935,11.80484],[76.64982,11.80506],[76.6502,11.80527],[76.65063,11.80554],[76.65091,11.80582],[76.65121,11.80633],[76.65168,11.80715],[76.65208,11.80762],[76.65249,11.80806],[76.65276,11.80825],[76.6531,11.80847],[76.65323,11.80858],[76.65345,11.80873],[76.65384,11.80897],[76.65412,11.80911],[76.65496,11.80911],[76.6552,11.80913],[76.65535,11.80921],[76.6554,11.80926],[76.65556,11.80948],[76.65568,11.81021],[76.65577,11.81042],[76.65589,11.81054],[76.65613,11.81058],[76.65742,11.81044],[76.65821,11.81045],[76.65885,11.81054],[76.65965,11.81057],[76.66015,11.81051],[76.66043,11.81049],[76.66065,11.81058],[76.6608,11.81078],[76.66103,11.81099],[76.66131,11.81115],[76.66156,11.81121],[76.66205,11.81113],[76.66241,11.81105],[76.66277,11.81101],[76.66298,11.81106],[76.6631,11.8112]]},"properties":{"shedId":"C05CAM20"}},{"type":"Feature","geometry":{"type":"LineString","coordinates":[[76.56782,11.8043],[76.56801,11.80484],[76.56822,11.80541],[76.56844,11.80581],[76.56862,11.80631],[76.56885,11.80739],[76.56889,11.80764],[76.5689,11.80778],[76.56896,11.80821],[76.56919,11.80903]]},"properties":{"shedId":"C05CAM20"}},{"type":"Feature","geometry":{"type":"LineString","coordinates":[[76.5617,11.80534],[76.56191,11.80543],[76.56221,11.80567],[76.56241,11.80588],[76.56262,11.80605],[76.56282,11.80615],[76.5633,11.80639],[76.56352,11.80658],[76.56365,11.80675],[76.56379,11.80691],[76.56444,11.80771],[76.56492,11.80814],[76.56543,11.80857],[76.56582,11.80884],[76.56636,11.8092],[76.56651,11.80943]]},"properties":{"shedId":"C05CAM20"}},{"type":"Feature","geometry":{"type":"LineString","coordinates":[[76.56651,11.80943],[76.56671,11.80937],[76.56686,11.80938],[76.56707,11.80937],[76.56725,11.80932],[76.5674,11.80923],[76.56753,11.80919],[76.56773,11.80919],[76.56792,11.80923],[76.56839,11.80931],[76.5686,11.8093],[76.56883,11.80921],[76.56899,11.8091],[76.56919,11.80903]]},"properties":{"shedId":"C05CAM20"}},{"type":"Feature","geometry":{"type":"LineString","coordinates":[[76.58599,11.80252],[76.58616,11.80273],[76.58705,11.80434],[76.58765,11.80558],[76.58776,11.8063],[76.58785,11.80648],[76.58794,11.80659],[76.5881,11.80659],[76.58839,11.80654],[76.58856,11.80653],[76.58864,11.80654],[76.58872,11.80656],[76.58877,11.8066],[76.58898,11.80689],[76.5891,11.80712],[76.58917,11.8072],[76.58921,11.80725],[76.58934,11.80733],[76.58949,11.80733],[76.5905,11.80739],[76.5908,11.80743],[76.59111,11.80741],[76.59131,11.80732],[76.5915,11.80718],[76.59168,11.80714],[76.59187,11.80712],[76.59199,11.80715],[76.59206,11.80731],[76.59221,11.8082],[76.59242,11.80854],[76.59251,11.80862],[76.59262,11.80864],[76.59318,11.80872],[76.5934,11.80882],[76.59354,11.80895],[76.59363,11.80901],[76.59373,11.80907],[76.59398,11.80921],[76.59475,11.80939],[76.59514,11.80949],[76.59532,11.80947],[76.59546,11.80941],[76.59547,11.80938],[76.59557,11.80922],[76.59569,11.8091],[76.59584,11.80905],[76.59602,11.80904],[76.59621,11.80905],[76.59745,11.80988],[76.59803,11.81042],[76.59821,11.81065]]},"properties":{"shedId":"C05CAM20"}},{"type":"Feature","geometry":{"type":"LineString","coordinates":[[76.59986,11.80879],[76.59975,11.80957],[76.59953,11.81006],[76.59821,11.81065]]},"properties":{"shedId":"C05CAM20"}},{"type":"Feature","geometry":{"type":"LineString","coordinates":[[76.63874,11.81189],[76.63873,11.81159],[76.63873,11.81136],[76.63874,11.81122],[76.63883,11.81105],[76.6389,11.81085],[76.63894,11.81063],[76.63907,11.81036],[76.63915,11.81011],[76.63917,11.80997],[76.63916,11.80962],[76.63915,11.80936],[76.63907,11.80912],[76.63907,11.8089],[76.63906,11.80868],[76.63901,11.80783],[76.63892,11.8075],[76.63881,11.80729],[76.6387,11.80707],[76.63861,11.80686],[76.63859,11.80662],[76.63849,11.80641],[76.63843,11.80629],[76.63829,11.80598],[76.63813,11.8037],[76.63809,11.80338],[76.638,11.80316],[76.63791,11.80299],[76.63787,11.80293],[76.63779,11.8028],[76.63777,11.80272],[76.63776,11.80245],[76.63772,11.80198]]},"properties":{"shedId":"C05CAM20"}},{"type":"Feature","geometry":{"type":"LineString","coordinates":[[76.61687,11.80867],[76.61716,11.80895],[76.61743,11.80915],[76.61759,11.80924],[76.61813,11.80932],[76.6183,11.80941],[76.61838,11.80959],[76.61856,11.80978],[76.61881,11.80996],[76.61902,11.81018],[76.61925,11.81037],[76.61948,11.81049],[76.61973,11.8106],[76.62004,11.81064],[76.62034,11.81067],[76.62101,11.81096],[76.62122,11.81115],[76.6214,11.81139],[76.62161,11.8117]]},"properties":{"shedId":"C05CAM20"}},{"type":"Feature","geometry":{"type":"LineString","coordinates":[[76.62279,11.80869],[76.62253,11.81027],[76.62232,11.81088],[76.62202,11.81134],[76.62165,11.81165],[76.62161,11.8117]]},"properties":{"shedId":"C05CAM20"}},{"type":"Feature","geometry":{"type":"LineString","coordinates":[[76.63052,11.81222],[76.63011,11.80992],[76.6295,11.80881],[76.62945,11.8085],[76.62948,11.80818],[76.62953,11.808],[76.62956,11.80795],[76.62978,11.80768],[76.62984,11.80765],[76.6303,11.80739],[76.63064,11.80726],[76.63097,11.80713],[76.63157,11.80682],[76.63208,11.80649],[76.63226,11.80613],[76.63232,11.80591],[76.63232,11.80528],[76.63239,11.80502],[76.63255,11.80469],[76.63268,11.80442],[76.63295,11.80412],[76.63328,11.80396],[76.63361,11.80392],[76.63394,11.80392],[76.63423,11.80377],[76.63478,11.80317],[76.63508,11.80272],[76.63535,11.80238],[76.6356,11.80218],[76.63598,11.80205],[76.63648,11.80201],[76.63685,11.802],[76.63772,11.80198]]},"properties":{"shedId":"C05CAM20"}},{"type":"Feature","geometry":{"type":"LineString","coordinates":[[76.54601,11.80756],[76.54628,11.80736],[76.5473,11.80656],[76.54788,11.80634],[76.54838,11.80628],[76.54895,11.80627],[76.54931,11.80625],[76.54968,11.80609],[76.55056,11.80554],[76.55089,11.80542],[76.5511,11.80539],[76.55121,11.80539],[76.55164,11.8054],[76.55193,11.80546],[76.55238,11.80578],[76.55251,11.80605],[76.5527,11.80638],[76.55303,11.80688],[76.55317,11.80702],[76.55342,11.80712],[76.55372,11.80712],[76.55382,11.80717],[76.55419,11.80764],[76.5543,11.80788],[76.55444,11.80806],[76.55529,11.80915],[76.55569,11.80957],[76.55603,11.80986],[76.55689,11.81072],[76.55732,11.81109],[76.55758,11.81136],[76.55789,11.81144]]},"properties":{"shedId":"C05CAM20"}},{"type":"Feature","geometry":{"type":"LineString","coordinates":[[76.55789,11.81144],[76.55821,11.81141],[76.55933,11.81128],[76.55982,11.81122],[76.56021,11.81126],[76.56046,11.8114],[76.56075,11.81145],[76.5611,11.81145],[76.56167,11.81135],[76.56202,11.81139],[76.56236,11.81147],[76.56273,11.8115],[76.56309,11.81146],[76.56438,11.81096],[76.5649,11.81081],[76.56539,11.81053],[76.56575,11.81026],[76.56608,11.80991],[76.56639,11.80952],[76.56651,11.80943]]},"properties":{"shedId":"C05CAM20"}},{"type":"Feature","geometry":{"type":"LineString","coordinates":[[76.74742,11.8083],[76.74697,11.80904],[76.74678,11.80924],[76.74652,11.80934],[76.74623,11.80936],[76.74602,11.80936],[76.74593,11.80938],[76.74577,11.80946],[76.74567,11.80952],[76.74559,11.8096],[76.74552,11.80983],[76.74528,11.81043],[76.74517,11.81057],[76.74515,11.81061],[76.74511,11.81064],[76.7449,11.81082],[76.74476,11.81093],[76.7441,11.8116],[76.74399,11.81179],[76.74397,11.81195],[76.744,11.81213],[76.74429,11.81278],[76.74439,11.81304],[76.74443,11.81336],[76.74456,11.81441],[76.74455,11.81474],[76.74448,11.81484],[76.74442,11.81486],[76.74436,11.81487],[76.74432,11.81486],[76.74422,11.81484],[76.74418,11.81481],[76.7441,11.81476],[76.74397,11.81468],[76.74379,11.81457],[76.74368,11.81451],[76.74357,11.81446],[76.74328,11.81444],[76.74325,11.81444],[76.74315,11.81446],[76.74304,11.81454],[76.74246,11.81498],[76.74213,11.81521],[76.74199,11.81529],[76.74184,11.81535],[76.7415,11.81546],[76.74022,11.81563],[76.73973,11.81568],[76.73936,11.81585],[76.73925,11.81598],[76.73914,11.8161]]},"properties":{"shedId":"C05CAM20"}},{"type":"Feature","geometry":{"type":"LineString","coordinates":[[76.56919,11.80903],[76.56938,11.80904],[76.56962,11.80913],[76.56972,11.80924],[76.56981,11.80935],[76.56992,11.80945],[76.57006,11.80948],[76.57031,11.80943],[76.57081,11.80932],[76.57114,11.80929],[76.57138,11.80932],[76.57167,11.80947],[76.57181,11.80963],[76.57218,11.81013],[76.57232,11.81025],[76.57238,11.81031],[76.57242,11.81038],[76.57243,11.8105],[76.57242,11.81061],[76.57235,11.81066],[76.57227,11.81073],[76.5722,11.81079],[76.57216,11.81085],[76.57216,11.81095],[76.57221,11.81107],[76.57242,11.81151],[76.57253,11.81164],[76.57262,11.81172],[76.57274,11.81175],[76.57286,11.81176],[76.57294,11.81178],[76.57302,11.81182],[76.57305,11.81189],[76.57305,11.81197],[76.57303,11.81202],[76.57299,11.81207],[76.57294,11.81216],[76.57294,11.81221],[76.57295,11.81228]]},"properties":{"shedId":"C05CAM20"}},{"type":"Feature","geometry":{"type":"LineString","coordinates":[[76.54312,11.81161],[76.54335,11.8114],[76.54358,11.81122],[76.54397,11.81101],[76.54426,11.81095],[76.54441,11.81094],[76.54447,11.81093],[76.5448,11.81079],[76.54511,11.81055],[76.54528,11.81038],[76.5453,11.81036],[76.54553,11.81003],[76.54583,11.80916],[76.54598,11.80873],[76.54608,11.80834],[76.54601,11.80756]]},"properties":{"shedId":"C05CAM20"}},{"type":"Feature","geometry":{"type":"LineString","coordinates":[[76.67353,11.81339],[76.67375,11.81354],[76.67388,11.81371],[76.67417,11.81425],[76.67418,11.81437],[76.67418,11.81461],[76.67417,11.81466],[76.67412,11.81481],[76.67386,11.81523]]},"properties":{"shedId":"C05CAM20"}},{"type":"Feature","geometry":{"type":"LineString","coordinates":[[76.66981,11.80917],[76.66991,11.81014],[76.67015,11.81142],[76.67059,11.81317],[76.6707,11.8135],[76.67091,11.81367],[76.67117,11.81372],[76.6716,11.81383],[76.67185,11.81397],[76.67198,11.81413],[76.67207,11.81437],[76.67215,11.8152]]},"properties":{"shedId":"C05CAM20"}},{"type":"Feature","geometry":{"type":"LineString","coordinates":[[76.67215,11.8152],[76.67317,11.81514],[76.67361,11.81515],[76.67386,11.81523]]},"properties":{"shedId":"C05CAM20"}},{"type":"Feature","geometry":{"type":"LineString","coordinates":[[76.6631,11.8112],[76.66325,11.81193],[76.66364,11.8129],[76.66386,11.81311],[76.66396,11.8132],[76.66413,11.81333],[76.66435,11.81359],[76.66469,11.81446],[76.66493,11.8149],[76.66519,11.81512],[76.66555,11.81515],[76.6673,11.81507],[76.66845,11.81485],[76.66883,11.81479],[76.66904,11.81487],[76.6693,11.81506],[76.66987,11.81559]]},"properties":{"shedId":"C05CAM20"}},{"type":"Feature","geometry":{"type":"LineString","coordinates":[[76.66987,11.81559],[76.67028,11.81549],[76.67188,11.81521],[76.67215,11.8152]]},"properties":{"shedId":"C05CAM20"}},{"type":"Feature","geometry":{"type":"LineString","coordinates":[[76.76342,11.81081],[76.76329,11.81098],[76.76328,11.81109],[76.76329,11.81124],[76.76337,11.81148],[76.76339,11.8116],[76.76342,11.81179],[76.7634,11.81195],[76.76335,11.81209],[76.76315,11.81228],[76.76302,11.81237],[76.76294,11.81241],[76.76289,11.81251],[76.76289,11.81258],[76.76304,11.81324],[76.76328,11.81436],[76.76342,11.81499],[76.76342,11.81528],[76.76342,11.81552],[76.76333,11.81579],[76.76319,11.81601],[76.76301,11.81642],[76.76303,11.81661],[76.76304,11.81685],[76.76321,11.81765],[76.76331,11.81814],[76.76329,11.81837],[76.76327,11.81844]]},"properties":{"shedId":"C05CAM20"}},{"type":"Feature","geometry":{"type":"LineString","coordinates":[[76.76861,11.8172],[76.76756,11.81753],[76.7667,11.81795],[76.76596,11.81824],[76.76569,11.81838],[76.76544,11.81848],[76.76522,11.81852],[76.7648,11.81852],[76.76388,11.8185],[76.76327,11.81844]]},"properties":{"shedId":"C05CAM20"}},{"type":"Feature","geometry":{"type":"LineString","coordinates":[[76.67386,11.81523],[76.67405,11.81545],[76.67426,11.81564],[76.67447,11.81573],[76.67467,11.81586],[76.67503,11.81614],[76.67553,11.8162],[76.67574,11.81627],[76.67591,11.81645],[76.6761,11.81669],[76.67633,11.81688],[76.67665,11.81699]]},"properties":{"shedId":"C05CAM20"}},{"type":"Feature","geometry":{"type":"LineString","coordinates":[[76.78859,11.80862],[76.78858,11.80947],[76.78858,11.80985],[76.78853,11.81002],[76.78821,11.81066],[76.78793,11.81131],[76.78779,11.81157],[76.78765,11.81173],[76.78745,11.8119],[76.78693,11.81239],[76.7868,11.81269],[76.78677,11.81287],[76.78671,11.8138],[76.78669,11.81434],[76.78672,11.81462],[76.78678,11.81484],[76.78679,11.815],[76.7868,11.81522],[76.78669,11.81555],[76.78662,11.81582],[76.78661,11.81598],[76.78667,11.81618],[76.78679,11.81641],[76.78688,11.81662],[76.78692,11.81678],[76.78693,11.81683],[76.78693,11.81706],[76.78689,11.81723],[76.78678,11.81734],[76.78666,11.81748],[76.78661,11.81758],[76.7866,11.81766],[76.78657,11.81779],[76.78662,11.81827],[76.78678,11.8185],[76.78689,11.81857],[76.78702,11.81866],[76.78719,11.81885],[76.78726,11.81909],[76.78725,11.81984]]},"properties":{"shedId":"C05CAM20"}},{"type":"Feature","geometry":{"type":"LineString","coordinates":[[76.80355,11.81133],[76.80245,11.81177],[76.80189,11.81209],[76.80152,11.81233],[76.80101,11.81251],[76.80038,11.81258],[76.79923,11.81283],[76.7984,11.81325],[76.79774,11.81355],[76.79662,11.81464],[76.79619,11.81522],[76.79578,11.81603],[76.79546,11.81729],[76.79546,11.81742],[76.79502,11.81845],[76.79462,11.81879],[76.79442,11.81892],[76.79416,11.81903],[76.79388,11.81905],[76.7936,11.81908],[76.79277,11.81908],[76.79192,11.81906],[76.79014,11.81894],[76.78904,11.81923],[76.78725,11.81984]]},"properties":{"shedId":"C05CAM20"}},{"type":"Feature","geometry":{"type":"LineString","coordinates":[[76.54759,11.81435],[76.5479,11.81423],[76.54823,11.81417],[76.54847,11.81413],[76.54869,11.81403],[76.54887,11.81392],[76.54914,11.8138],[76.54962,11.8138],[76.55003,11.81382],[76.55032,11.81385],[76.55112,11.81392],[76.55163,11.81383],[76.55201,11.81369],[76.55247,11.81335],[76.55266,11.81309],[76.5529,11.81289],[76.55317,11.81284],[76.55352,11.81279],[76.55386,11.81278],[76.55418,11.81268],[76.55483,11.81244],[76.55538,11.81228],[76.55583,11.81218],[76.55665,11.81209],[76.55702,11.81205],[76.55737,11.81193],[76.55767,11.81173],[76.55789,11.81144]]},"properties":{"shedId":"C05CAM20"}},{"type":"Feature","geometry":{"type":"LineString","coordinates":[[76.56564,11.81481],[76.56623,11.81468],[76.56671,11.81446],[76.56702,11.81442],[76.56735,11.81435],[76.56775,11.81428],[76.56818,11.81424],[76.5686,11.81408],[76.56903,11.81383],[76.56946,11.81358],[76.56978,11.81337],[76.57004,11.81317],[76.5702,11.81297],[76.57047,11.81273],[76.57076,11.81257],[76.57126,11.8124],[76.57157,11.81238],[76.57199,11.81225],[76.57237,11.81225],[76.57249,11.81227],[76.57295,11.81228]]},"properties":{"shedId":"C05CAM20"}},{"type":"Feature","geometry":{"type":"LineString","coordinates":[[76.57295,11.81228],[76.57298,11.81233],[76.57305,11.81234],[76.5732,11.81234],[76.57327,11.81235],[76.57334,11.81238],[76.57341,11.81247],[76.57369,11.8129],[76.57412,11.81349],[76.57423,11.81397],[76.5743,11.81416],[76.57437,11.8143],[76.57446,11.81435],[76.57458,11.81433],[76.575,11.81428],[76.57578,11.81427],[76.57602,11.81431],[76.57624,11.81438],[76.57641,11.81444],[76.57662,11.81459],[76.5768,11.81472],[76.57693,11.8148],[76.57751,11.8149],[76.57844,11.81512],[76.57864,11.81513],[76.57873,11.81513],[76.57878,11.81511],[76.57881,11.81506],[76.57879,11.81498],[76.57873,11.81481],[76.57867,11.81465],[76.57857,11.8142],[76.57856,11.81409],[76.57858,11.81398],[76.57865,11.81388],[76.57896,11.81379],[76.57907,11.81375],[76.57923,11.81372],[76.57934,11.81373],[76.57956,11.81376],[76.57973,11.81376],[76.57985,11.8137],[76.57999,11.81365],[76.58011,11.81362],[76.58029,11.81358],[76.5804,11.81355],[76.58057,11.8135]]},"properties":{"shedId":"C05CAM20"}},{"type":"Feature","geometry":{"type":"LineString","coordinates":[[76.70299,11.81212],[76.70272,11.81248],[76.70219,11.81284],[76.70187,11.81316],[76.70175,11.81355],[76.7019,11.814],[76.70222,11.8148],[76.70226,11.81513],[76.70226,11.81549],[76.70206,11.81588],[76.70169,11.8163],[76.70143,11.81653],[76.70126,11.81669],[76.70079,11.81733],[76.70072,11.81769],[76.70076,11.81825],[76.70086,11.81851]]},"properties":{"name":"Gundal","shedId":"C05CAM20"}},{"type":"Feature","geometry":{"type":"LineString","coordinates":[[76.58057,11.8135],[76.58068,11.81339],[76.58073,11.81332],[76.58075,11.81325],[76.58076,11.81319],[76.58078,11.81313],[76.58082,11.81311],[76.58087,11.81309],[76.58098,11.81311],[76.58111,11.81316],[76.58121,11.81316],[76.58132,11.81313],[76.5815,11.81301],[76.58155,11.81297],[76.58164,11.81293],[76.58171,11.81291],[76.58183,11.81294],[76.58215,11.81308],[76.58227,11.81315],[76.58235,11.81321],[76.58242,11.8133],[76.58247,11.81339],[76.5825,11.81347],[76.58252,11.8135],[76.58268,11.81365],[76.58284,11.81369],[76.583,11.81369],[76.58322,11.81361],[76.58352,11.81344],[76.58374,11.81328],[76.58389,11.81326],[76.58403,11.81327],[76.58417,11.81329],[76.5843,11.81335],[76.58442,11.81339],[76.58456,11.8134],[76.58511,11.81332],[76.58526,11.81334],[76.58539,11.81339],[76.58556,11.81346],[76.58569,11.81349],[76.58606,11.81353],[76.58614,11.81358],[76.58617,11.81364],[76.58624,11.81373],[76.58629,11.81377],[76.58634,11.81379],[76.58642,11.81379],[76.58649,11.81377],[76.58709,11.81373],[76.58741,11.81383],[76.58754,11.814],[76.58857,11.81526],[76.58967,11.81595]]},"properties":{"shedId":"C05CAM20"}},{"type":"Feature","geometry":{"type":"LineString","coordinates":[[76.59821,11.81065],[76.59839,11.8109],[76.59885,11.81164],[76.59913,11.81203],[76.59944,11.81234],[76.60005,11.81332],[76.60017,11.81381],[76.60037,11.81408],[76.60108,11.81507],[76.60134,11.81553],[76.60147,11.81581],[76.60155,11.81598],[76.60166,11.81607],[76.60179,11.81612],[76.60188,11.81613],[76.6024,11.81611],[76.60293,11.81604],[76.60346,11.81623],[76.60362,11.81635]]},"properties":{"shedId":"C05CAM20"}},{"type":"Feature","geometry":{"type":"LineString","coordinates":[[76.61105,11.80857],[76.60982,11.80888],[76.60873,11.80938],[76.60781,11.80981],[76.60644,11.81059],[76.6062,11.81079],[76.60612,11.81093],[76.60612,11.81151],[76.60606,11.81161],[76.60595,11.81174],[76.60428,11.81286],[76.60312,11.81324],[76.60294,11.81329],[76.60287,11.81343],[76.60286,11.81361],[76.60292,11.81391],[76.60368,11.81531],[76.60377,11.81551],[76.60383,11.81568],[76.60384,11.81584],[76.60383,11.81602],[76.60362,11.81635]]},"properties":{"shedId":"C05CAM20"}},{"type":"Feature","geometry":{"type":"LineString","coordinates":[[76.74383,11.81972],[76.74288,11.81961],[76.7422,11.81961],[76.74181,11.81966],[76.74152,11.81974],[76.74121,11.81974],[76.74093,11.8196],[76.74074,11.81947],[76.74024,11.8189],[76.74008,11.81878],[76.74002,11.81875],[76.73993,11.81874],[76.73977,11.81869],[76.73956,11.81869],[76.73949,11.81867],[76.73947,11.81864],[76.73945,11.81859],[76.73949,11.81853],[76.73957,11.81846],[76.73971,11.81836],[76.73979,11.81828],[76.73984,11.81818],[76.73986,11.81799],[76.73971,11.8168],[76.73965,11.8166],[76.73955,11.81645],[76.73914,11.8161]]},"properties":{"shedId":"C05CAM20"}},{"type":"Feature","geometry":{"type":"LineString","coordinates":[[76.61105,11.81515],[76.61127,11.81581],[76.61141,11.81623],[76.61156,11.81649],[76.6117,11.81665],[76.61186,11.8168],[76.61205,11.81696]]},"properties":{"shedId":"C05CAM20"}},{"type":"Feature","geometry":{"type":"LineString","coordinates":[[76.61244,11.81213],[76.61261,11.81293],[76.61264,11.8132],[76.61264,11.81335],[76.61262,11.81348],[76.61257,11.81365],[76.61247,11.81379],[76.6124,11.81395],[76.61235,11.81409],[76.61231,11.81434],[76.6123,11.81443],[76.61229,11.81458],[76.61227,11.81477],[76.61226,11.81495],[76.61226,11.81516],[76.61226,11.81554],[76.6123,11.81657],[76.61227,11.81677],[76.61223,11.81689],[76.61205,11.81696]]},"properties":{"shedId":"C05CAM20"}},{"type":"Feature","geometry":{"type":"LineString","coordinates":[[76.63514,11.81665],[76.63705,11.81661],[76.63866,11.81647],[76.63909,11.81639],[76.63947,11.81616],[76.63955,11.816],[76.63956,11.81573],[76.63956,11.81558],[76.63959,11.81545],[76.63987,11.81528],[76.64099,11.81456],[76.64146,11.81425],[76.64241,11.81384],[76.64293,11.81375],[76.64322,11.81364],[76.64343,11.81355],[76.64345,11.81347],[76.64346,11.81342],[76.64349,11.81329],[76.64358,11.8132],[76.64378,11.81316],[76.64467,11.81313],[76.64511,11.81305],[76.64553,11.81288],[76.64656,11.81255],[76.64721,11.81242],[76.64841,11.81256],[76.64953,11.81287],[76.64991,11.81297],[76.65011,11.81318],[76.65014,11.81337],[76.65008,11.81401],[76.65006,11.81427],[76.65014,11.81458],[76.65035,11.81482],[76.65059,11.81498],[76.651,11.81504],[76.65138,11.81511],[76.65156,11.81528],[76.6523,11.81601],[76.65246,11.81612],[76.65267,11.81616],[76.65302,11.81603],[76.6532,11.81601],[76.65341,11.81601],[76.65367,11.81608],[76.65393,11.81622],[76.65426,11.81687],[76.65475,11.8181]]},"properties":{"shedId":"C05CAM20"}},{"type":"Feature","geometry":{"type":"LineString","coordinates":[[76.65475,11.8181],[76.65524,11.8182],[76.65538,11.81824],[76.65574,11.81826],[76.6566,11.81825],[76.65897,11.81822],[76.65957,11.81813],[76.66017,11.818],[76.66066,11.81801],[76.66122,11.81799],[76.66281,11.81751],[76.66367,11.81742],[76.66426,11.81736],[76.66501,11.81722],[76.66581,11.81701],[76.6665,11.81666],[76.66733,11.8164],[76.66764,11.81633],[76.668,11.81631],[76.66824,11.81628],[76.66859,11.81617],[76.66925,11.81597],[76.66951,11.81582],[76.66968,11.81571],[76.66987,11.81559]]},"properties":{"shedId":"C05CAM20"}},{"type":"Feature","geometry":{"type":"LineString","coordinates":[[76.6727,11.81885],[76.67292,11.81853],[76.67302,11.81836],[76.67308,11.81826],[76.67322,11.81806],[76.67326,11.81802],[76.67337,11.81789],[76.67346,11.81784],[76.6736,11.81775],[76.67371,11.81771],[76.67508,11.81747],[76.67545,11.81741],[76.6756,11.81735],[76.67564,11.8173],[76.67576,11.81719],[76.67583,11.81714],[76.67602,11.81708],[76.67665,11.81699]]},"properties":{"shedId":"C05CAM20"}},{"type":"Feature","geometry":{"type":"LineString","coordinates":[[76.68165,11.81061],[76.68375,11.81074],[76.68574,11.81091],[76.68642,11.8112],[76.68769,11.81193],[76.6882,11.81223],[76.68852,11.81235],[76.68962,11.81253],[76.68995,11.81269],[76.69027,11.81293],[76.69031,11.81314],[76.69083,11.8151],[76.69086,11.81649],[76.69104,11.81725],[76.6913,11.81765],[76.69168,11.81796],[76.69201,11.81821],[76.69235,11.81843],[76.69285,11.8188],[76.69335,11.81912],[76.69424,11.81973]]},"properties":{"shedId":"C05CAM20"}},{"type":"Feature","geometry":{"type":"LineString","coordinates":[[76.69424,11.81973],[76.69484,11.81942],[76.69526,11.81939],[76.69567,11.81942],[76.69583,11.81948],[76.69745,11.81982],[76.69802,11.81981],[76.6984,11.81972],[76.69859,11.81964],[76.69906,11.8193],[76.69932,11.81898],[76.69969,11.81868],[76.70007,11.81851],[76.70053,11.81846],[76.70086,11.81851]]},"properties":{"shedId":"C05CAM20"}},{"type":"Feature","geometry":{"type":"LineString","coordinates":[[76.60362,11.81635],[76.60394,11.8166],[76.60416,11.81714],[76.60429,11.81782]]},"properties":{"shedId":"C05CAM20"}},{"type":"Feature","geometry":{"type":"LineString","coordinates":[[76.58967,11.81595],[76.59078,11.81632],[76.5912,11.81636],[76.59133,11.81636],[76.59152,11.81629],[76.59165,11.81621],[76.59166,11.81621],[76.59186,11.81613],[76.59253,11.81599],[76.59273,11.81593],[76.59295,11.8158],[76.59308,11.81565],[76.59319,11.81551],[76.59331,11.81544],[76.59346,11.8154],[76.59363,11.8154],[76.59383,11.81546],[76.59487,11.81592],[76.59551,11.81624],[76.59593,11.81641],[76.59626,11.8165],[76.59655,11.81653],[76.59708,11.8167],[76.59723,11.81672],[76.5974,11.81667],[76.59764,11.81659],[76.59787,11.8165],[76.59808,11.81648],[76.59834,11.81647],[76.5985,11.81649],[76.59869,11.81654],[76.59878,11.81661],[76.59893,11.81674],[76.59917,11.81715],[76.59925,11.81727],[76.59936,11.81733],[76.59948,11.81735],[76.59952,11.81736],[76.59966,11.81739],[76.59981,11.81746],[76.59992,11.81754],[76.60004,11.81761],[76.60021,11.81766],[76.60106,11.8178],[76.60138,11.8178],[76.60199,11.8179]]},"properties":{"shedId":"C05CAM20"}},{"type":"Feature","geometry":{"type":"LineString","coordinates":[[76.60199,11.8179],[76.60229,11.818],[76.60313,11.81838],[76.60333,11.81842],[76.60345,11.81839],[76.6037,11.81822],[76.60411,11.8179],[76.60429,11.81782]]},"properties":{"shedId":"C05CAM20"}},{"type":"Feature","geometry":{"type":"LineString","coordinates":[[76.57753,11.81788],[76.57781,11.81787],[76.5779,11.81786],[76.57866,11.81753],[76.57897,11.8174],[76.57927,11.81728],[76.57952,11.8172],[76.57973,11.81711],[76.57984,11.81699],[76.57988,11.81689],[76.57995,11.81661],[76.57992,11.81624],[76.57992,11.81609],[76.57993,11.81595],[76.57994,11.81591],[76.58004,11.81567],[76.58024,11.8153],[76.58035,11.8152],[76.58044,11.81512],[76.58049,11.81506],[76.58052,11.81501],[76.58053,11.81495],[76.58056,11.81484],[76.5806,11.81461],[76.58058,11.814],[76.58057,11.8135]]},"properties":{"shedId":"C05CAM20"}},{"type":"Feature","geometry":{"type":"LineString","coordinates":[[76.67665,11.81699],[76.67695,11.81703],[76.67801,11.81748],[76.67862,11.81778],[76.67873,11.81786],[76.67893,11.81788],[76.67918,11.81787],[76.6801,11.81782],[76.68038,11.81781],[76.68073,11.81768],[76.68089,11.81763],[76.68103,11.81767],[76.68119,11.81773],[76.68127,11.81778],[76.68141,11.81795],[76.6816,11.81828],[76.68175,11.81849],[76.68177,11.81852],[76.68202,11.81869],[76.68292,11.81904],[76.68324,11.8194],[76.68366,11.81978],[76.68397,11.81996],[76.68444,11.82016],[76.68513,11.82043],[76.68545,11.82044],[76.68571,11.82034],[76.68592,11.82019],[76.68609,11.8201],[76.68635,11.82014],[76.68669,11.82025],[76.68693,11.82038],[76.68712,11.8204],[76.68745,11.82033],[76.68772,11.82024],[76.68805,11.82022],[76.68842,11.82023],[76.68918,11.82029],[76.68976,11.82045],[76.69059,11.8207],[76.69152,11.82101],[76.692,11.821],[76.69264,11.8208],[76.69368,11.82013],[76.69424,11.81973]]},"properties":{"shedId":"C05CAM20"}},{"type":"Feature","geometry":{"type":"LineString","coordinates":[[76.55222,11.8167],[76.55255,11.81719],[76.55297,11.8178],[76.55334,11.8186],[76.55351,11.81882],[76.55371,11.81893],[76.55425,11.81925]]},"properties":{"shedId":"C05CAM20"}},{"type":"Feature","geometry":{"type":"LineString","coordinates":[[76.78725,11.81984],[76.78615,11.8206],[76.78598,11.82088],[76.78592,11.82128],[76.786,11.82306],[76.78597,11.82369],[76.78582,11.82419],[76.78571,11.82449],[76.78553,11.82473]]},"properties":{"shedId":"C05CAM20"}},{"type":"Feature","geometry":{"type":"LineString","coordinates":[[76.57317,11.82005],[76.57353,11.82],[76.57426,11.82008],[76.57449,11.82007],[76.57481,11.8199],[76.57507,11.81971],[76.57526,11.81951],[76.57539,11.81932],[76.57554,11.81904],[76.57579,11.81823],[76.57594,11.81804],[76.57622,11.81765],[76.57633,11.81758],[76.57643,11.81757],[76.57645,11.81758],[76.5767,11.81764],[76.57726,11.81783],[76.57753,11.81788]]},"properties":{"shedId":"C05CAM20"}},{"type":"Feature","geometry":{"type":"LineString","coordinates":[[76.70086,11.81851],[76.70106,11.81906],[76.70159,11.82056],[76.70211,11.82191],[76.70267,11.82281],[76.70321,11.82333]]},"properties":{"name":"Gundal","shedId":"C05CAM20"}},{"type":"Feature","geometry":{"type":"LineString","coordinates":[[76.81251,11.82426],[76.81235,11.82472],[76.81227,11.82504],[76.81226,11.82522],[76.81229,11.8254],[76.8123,11.82556],[76.81231,11.82571],[76.81224,11.82603]]},"properties":{"shedId":"C05CAM20"}},{"type":"Feature","geometry":{"type":"LineString","coordinates":[[76.81552,11.82489],[76.81417,11.82524],[76.81324,11.8256],[76.81263,11.82589],[76.81224,11.82603]]},"properties":{"shedId":"C05CAM20"}},{"type":"Feature","geometry":{"type":"LineString","coordinates":[[76.80889,11.8227],[76.80865,11.82354],[76.80855,11.8244],[76.80842,11.8248],[76.80836,11.82495],[76.80832,11.82511],[76.80832,11.82528],[76.80837,11.82544],[76.80842,11.82559],[76.80844,11.82574],[76.80844,11.82591],[76.80834,11.82633]]},"properties":{"shedId":"C05CAM20"}},{"type":"Feature","geometry":{"type":"LineString","coordinates":[[76.81224,11.82603],[76.81199,11.82607],[76.81163,11.82609],[76.81131,11.82615],[76.81006,11.82623],[76.80985,11.8262],[76.8095,11.82617],[76.8094,11.82616],[76.80921,11.82623],[76.80893,11.82637],[76.80884,11.82639],[76.80875,11.82641],[76.80862,11.82641],[76.80855,11.8264],[76.80847,11.82636],[76.80844,11.82636],[76.80834,11.82633]]},"properties":{"shedId":"C05CAM20"}},{"type":"Feature","geometry":{"type":"LineString","coordinates":[[76.62161,11.8117],[76.621,11.81241],[76.61997,11.81309],[76.61934,11.81352],[76.6189,11.81416],[76.61875,11.81496],[76.61872,11.81579],[76.61866,11.81603],[76.61861,11.81613],[76.61858,11.81616],[76.61847,11.81621],[76.61777,11.81629],[76.61765,11.81641],[76.61763,11.81657],[76.61763,11.81667],[76.61764,11.81674],[76.61771,11.81736],[76.61773,11.81772],[76.61778,11.81806],[76.61768,11.81854],[76.61745,11.81971],[76.61744,11.82004],[76.61746,11.82031],[76.61757,11.8205],[76.61768,11.82066],[76.61769,11.82069],[76.61772,11.82092],[76.61771,11.82111],[76.61771,11.82121],[76.61769,11.82145],[76.61719,11.82208]]},"properties":{"shedId":"C05CAM20"}},{"type":"Feature","geometry":{"type":"LineString","coordinates":[[76.80906,11.81756],[76.80881,11.8175],[76.80863,11.81746],[76.80839,11.81745],[76.80819,11.81749],[76.808,11.81756],[76.8079,11.81766],[76.8078,11.8178],[76.80772,11.81789],[76.8076,11.81795],[76.80689,11.81808],[76.80676,11.8181],[76.80662,11.81815],[76.80651,11.81821],[76.80645,11.81825],[76.8064,11.81841],[76.80638,11.81852],[76.80636,11.81858],[76.80634,11.81863],[76.8063,11.81866],[76.80625,11.8187],[76.80615,11.81876],[76.8054,11.81903],[76.80531,11.81917],[76.80523,11.81933],[76.80514,11.81941],[76.80499,11.81946],[76.80431,11.81946],[76.80419,11.81952],[76.80415,11.81956],[76.8041,11.81967],[76.80406,11.82004],[76.80406,11.82011],[76.80407,11.82017],[76.8041,11.82024],[76.80421,11.82029],[76.80425,11.82029],[76.8043,11.8203],[76.80437,11.82032],[76.80446,11.8204],[76.80447,11.82042],[76.80447,11.82049],[76.80452,11.82145],[76.80452,11.82169],[76.80451,11.82184],[76.80443,11.82217],[76.80439,11.82269],[76.80421,11.82327],[76.8041,11.82351],[76.80411,11.8237],[76.80409,11.82423],[76.80409,11.82455],[76.80418,11.82479],[76.80419,11.82485],[76.80421,11.82497],[76.80425,11.8251],[76.80423,11.82529],[76.80418,11.82545],[76.80404,11.8256],[76.80394,11.8257],[76.80384,11.82583],[76.80378,11.82604],[76.80377,11.8263],[76.80371,11.82641],[76.80362,11.82653]]},"properties":{"shedId":"C05CAM20"}},{"type":"Feature","geometry":{"type":"LineString","coordinates":[[76.80834,11.82633],[76.80816,11.82634],[76.80795,11.82639],[76.8077,11.82644],[76.80755,11.82644],[76.80739,11.82642],[76.80723,11.82634],[76.80713,11.82628],[76.80709,11.82626],[76.807,11.82622],[76.80691,11.82619],[76.80685,11.82617],[76.8067,11.82617],[76.8066,11.82617],[76.80654,11.82619],[76.80641,11.82625],[76.80627,11.82628],[76.80614,11.82627],[76.80583,11.82614],[76.8057,11.82609],[76.80542,11.82609],[76.80515,11.82615],[76.80448,11.82628],[76.80362,11.82653]]},"properties":{"shedId":"C05CAM20"}},{"type":"Feature","geometry":{"type":"LineString","coordinates":[[76.77727,11.81295],[76.77714,11.81397],[76.77707,11.81509],[76.77715,11.81585],[76.77715,11.81621],[76.77711,11.81657],[76.777,11.81682],[76.77684,11.81701],[76.77638,11.81749],[76.7762,11.81771],[76.77616,11.81785],[76.77618,11.818],[76.77625,11.81822],[76.77637,11.81837],[76.77657,11.81872],[76.77664,11.81894],[76.77664,11.81915],[76.77661,11.81933],[76.77655,11.81953],[76.77643,11.81973],[76.77592,11.82021],[76.77577,11.82039],[76.77568,11.8206],[76.77547,11.82173],[76.77542,11.82197],[76.77538,11.82206],[76.77534,11.82211],[76.7752,11.82222],[76.77493,11.82236],[76.77489,11.82239],[76.77485,11.82243],[76.77479,11.82257],[76.77478,11.82276],[76.7748,11.82368],[76.77508,11.82596]]},"properties":{"shedId":"C05CAM20"}},{"type":"Feature","geometry":{"type":"LineString","coordinates":[[76.78553,11.82473],[76.78427,11.82517],[76.78306,11.82534],[76.78203,11.82542],[76.78016,11.82563],[76.77898,11.82545],[76.77841,11.8255],[76.77738,11.82562],[76.77515,11.82595],[76.77508,11.82596]]},"properties":{"shedId":"C05CAM20"}},{"type":"Feature","geometry":{"type":"LineString","coordinates":[[76.57732,11.82296],[76.57705,11.82267],[76.57679,11.82238],[76.57672,11.82228],[76.57649,11.82202],[76.57635,11.82175],[76.57624,11.82152],[76.57624,11.82142],[76.57624,11.82063],[76.57658,11.81947],[76.57672,11.81895],[76.57678,11.81872],[76.57685,11.81861],[76.57729,11.81813],[76.57753,11.81788]]},"properties":{"shedId":"C05CAM20"}},{"type":"Feature","geometry":{"type":"LineString","coordinates":[[76.59694,11.82224],[76.59708,11.82201],[76.59714,11.82138],[76.59723,11.8209],[76.59735,11.82055],[76.59739,11.82046],[76.59745,11.82029],[76.59752,11.82017],[76.59766,11.82009],[76.59783,11.82007],[76.598,11.82006],[76.59813,11.82004],[76.5982,11.81999],[76.59824,11.81991],[76.59824,11.81984],[76.59818,11.81972],[76.59818,11.81968],[76.59818,11.81964],[76.59822,11.81959],[76.59826,11.81952],[76.5983,11.81945],[76.59834,11.81923],[76.59839,11.8191],[76.59846,11.81895],[76.59855,11.81886],[76.5987,11.81884],[76.59889,11.81884],[76.59934,11.81878],[76.60023,11.81864],[76.60083,11.81862],[76.60125,11.81853],[76.60155,11.81838],[76.60172,11.81824],[76.60181,11.81809],[76.60199,11.8179]]},"properties":{"shedId":"C05CAM20"}},{"type":"Feature","geometry":{"type":"LineString","coordinates":[[76.55122,11.82118],[76.55135,11.82081],[76.55141,11.82057],[76.55141,11.82036],[76.55144,11.82019],[76.55158,11.81998],[76.55183,11.81978],[76.5521,11.81962],[76.55235,11.81955],[76.55267,11.8195],[76.55295,11.81937],[76.55325,11.81921],[76.5535,11.81913],[76.55389,11.81916],[76.55425,11.81925]]},"properties":{"shedId":"C05CAM20"}},{"type":"Feature","geometry":{"type":"LineString","coordinates":[[76.64458,11.8235],[76.64493,11.82344],[76.64511,11.82338],[76.64575,11.82314],[76.64632,11.82269],[76.64685,11.82202],[76.6474,11.82108],[76.64775,11.82036],[76.64812,11.81989],[76.64862,11.81948],[76.64946,11.81915],[76.65048,11.81904],[76.65127,11.81918],[76.65195,11.81925],[76.65264,11.81907],[76.6537,11.81848],[76.65421,11.81823],[76.65475,11.8181]]},"properties":{"shedId":"C05CAM20"}},{"type":"Feature","geometry":{"type":"LineString","coordinates":[[76.61205,11.81696],[76.6121,11.81713],[76.61217,11.81754],[76.61229,11.81817],[76.61241,11.81836],[76.61264,11.81841],[76.61348,11.81818],[76.61367,11.81823],[76.61376,11.81831],[76.61383,11.81836],[76.61389,11.81876],[76.61403,11.82042],[76.61417,11.82126],[76.61427,11.82156],[76.61435,11.82171],[76.61471,11.82207],[76.61575,11.82299]]},"properties":{"shedId":"C05CAM20"}},{"type":"Feature","geometry":{"type":"LineString","coordinates":[[76.61719,11.82208],[76.61708,11.82222],[76.61651,11.82269],[76.61575,11.82299]]},"properties":{"shedId":"C05CAM20"}},{"type":"Feature","geometry":{"type":"LineString","coordinates":[[76.68655,11.82494],[76.68768,11.8248],[76.68868,11.82467],[76.69087,11.82443],[76.69176,11.82417],[76.69328,11.82381],[76.69359,11.82375],[76.69389,11.82361],[76.69422,11.82343],[76.69476,11.82321],[76.69551,11.82295],[76.69897,11.82294],[76.70091,11.82298],[76.70321,11.82333]]},"properties":{"shedId":"C05CAM20"}},{"type":"Feature","geometry":{"type":"LineString","coordinates":[[76.63864,11.82424],[76.63896,11.82404],[76.63933,11.82382],[76.63979,11.82375],[76.64015,11.8237],[76.64047,11.82359],[76.64081,11.82337],[76.64124,11.82323],[76.6418,11.82315],[76.64332,11.8233],[76.64403,11.82343],[76.64458,11.8235]]},"properties":{"shedId":"C05CAM20"}},{"type":"Feature","geometry":{"type":"LineString","coordinates":[[76.53978,11.8193],[76.54014,11.81974],[76.54032,11.82019],[76.54037,11.82056],[76.5404,11.82094],[76.5406,11.82146],[76.5408,11.82176],[76.54101,11.82192],[76.54113,11.82204]]},"properties":{"shedId":"C05CAM20"}},{"type":"Feature","geometry":{"type":"LineString","coordinates":[[76.54219,11.81978],[76.54191,11.82075],[76.54149,11.8214],[76.54113,11.82204]]},"properties":{"shedId":"C05CAM20"}},{"type":"Feature","geometry":{"type":"LineString","coordinates":[[76.58358,11.82308],[76.58367,11.82291],[76.58384,11.82275],[76.58435,11.82253],[76.5847,11.82247],[76.58506,11.8223],[76.58518,11.8221],[76.58526,11.82197],[76.58531,11.82188],[76.58545,11.8217],[76.58569,11.82149],[76.5859,11.82131],[76.58615,11.8211],[76.58632,11.82097],[76.58649,11.82079],[76.58689,11.82054],[76.58741,11.82016],[76.58836,11.81881],[76.5888,11.8182],[76.58967,11.81595]]},"properties":{"shedId":"C05CAM20"}},{"type":"Feature","geometry":{"type":"LineString","coordinates":[[76.62077,11.82399],[76.62001,11.82343],[76.61937,11.82295],[76.61886,11.82259],[76.61831,11.82234],[76.61719,11.82208]]},"properties":{"shedId":"C05CAM20"}},{"type":"Feature","geometry":{"type":"LineString","coordinates":[[76.62511,11.81915],[76.62406,11.82012],[76.62325,11.82136],[76.62254,11.82241],[76.62222,11.82288],[76.62188,11.82315],[76.62077,11.82399]]},"properties":{"shedId":"C05CAM20"}},{"type":"Feature","geometry":{"type":"LineString","coordinates":[[76.63456,11.82283],[76.63394,11.82313],[76.63342,11.82335],[76.63294,11.82346],[76.63242,11.82351],[76.63109,11.82355],[76.63022,11.82367],[76.63005,11.82377],[76.62991,11.82391],[76.62971,11.82426]]},"properties":{"shedId":"C05CAM20"}},{"type":"Feature","geometry":{"type":"LineString","coordinates":[[76.80362,11.82653],[76.80331,11.82674],[76.80299,11.82684],[76.80244,11.82704],[76.80215,11.82725],[76.80198,11.82739],[76.80189,11.82753],[76.80149,11.82808],[76.80118,11.82862],[76.80105,11.82876]]},"properties":{"shedId":"C05CAM20"}},{"type":"Feature","geometry":{"type":"LineString","coordinates":[[76.56767,11.8234],[76.56775,11.82335],[76.56811,11.82312],[76.56871,11.8227],[76.56903,11.82248],[76.56925,11.82222],[76.56954,11.82205],[76.56982,11.82194],[76.56997,11.82188],[76.57009,11.82186],[76.57031,11.82175],[76.57071,11.82147],[76.57103,11.82126],[76.57223,11.82042],[76.57259,11.82026],[76.57296,11.82008],[76.57317,11.82005]]},"properties":{"shedId":"C05CAM20"}},{"type":"Feature","geometry":{"type":"LineString","coordinates":[[76.80105,11.82876],[76.80093,11.82889],[76.80063,11.82906],[76.80028,11.82921],[76.79993,11.82921],[76.7994,11.82912],[76.79864,11.82855],[76.79846,11.82837],[76.79822,11.82829],[76.79793,11.82826],[76.79753,11.82826],[76.79725,11.82823],[76.79713,11.82819],[76.79704,11.82815],[76.79688,11.82806],[76.79676,11.82802],[76.79667,11.82799],[76.79619,11.82796],[76.79603,11.82793],[76.79594,11.82788],[76.79578,11.82774],[76.79568,11.82763],[76.79563,11.82755],[76.79496,11.82611],[76.79454,11.82524],[76.79439,11.82494],[76.79422,11.82473],[76.79399,11.82451],[76.79356,11.82435],[76.79206,11.82445],[76.79133,11.82445],[76.79111,11.82441],[76.79097,11.82436],[76.7909,11.82433],[76.79076,11.82422],[76.79067,11.82411],[76.79062,11.82408],[76.79041,11.82397],[76.78992,11.82397],[76.78973,11.82398],[76.78951,11.82404],[76.78901,11.82408],[76.78858,11.82409],[76.78817,11.82411],[76.7876,11.82415],[76.78693,11.82427],[76.78553,11.82473]]},"properties":{"shedId":"C05CAM20"}},{"type":"Feature","geometry":{"type":"LineString","coordinates":[[76.73648,11.82227],[76.7362,11.82268],[76.73609,11.82292],[76.73605,11.82312],[76.73608,11.82333],[76.73611,11.82347],[76.73611,11.82364],[76.73611,11.8238],[76.7361,11.82395],[76.73601,11.82426],[76.73603,11.82471],[76.73601,11.82503],[76.73591,11.82523],[76.73582,11.82534],[76.73556,11.82543],[76.73502,11.82545],[76.7349,11.82549],[76.73481,11.82555],[76.73475,11.82563],[76.73464,11.82602],[76.73456,11.82621],[76.73447,11.82633],[76.73434,11.82647],[76.73423,11.82662],[76.73423,11.82684],[76.73412,11.82775]]},"properties":{"shedId":"C05CAM20"}},{"type":"Feature","geometry":{"type":"LineString","coordinates":[[76.62349,11.82529],[76.62278,11.8252],[76.62198,11.82489],[76.62077,11.82399]]},"properties":{"shedId":"C05CAM20"}},{"type":"Feature","geometry":{"type":"LineString","coordinates":[[76.62971,11.82426],[76.62923,11.82403],[76.62891,11.82383],[76.62854,11.82369],[76.62834,11.82362],[76.6282,11.82358],[76.62781,11.8235],[76.6274,11.82362],[76.62725,11.8238],[76.62709,11.82399],[76.6269,11.82417],[76.62657,11.82439],[76.62615,11.82457],[76.62511,11.82498],[76.62419,11.82526],[76.62349,11.82529]]},"properties":{"shedId":"C05CAM20"}},{"type":"Feature","geometry":{"type":"LineString","coordinates":[[76.73412,11.82775],[76.73368,11.82767],[76.73307,11.82768],[76.73051,11.82792]]},"properties":{"shedId":"C05CAM20"}},{"type":"Feature","geometry":{"type":"LineString","coordinates":[[76.64109,11.82588],[76.64115,11.82583],[76.64119,11.82579],[76.64121,11.82577],[76.64124,11.82569],[76.64127,11.82557],[76.64137,11.82536],[76.64152,11.82521],[76.64193,11.82498],[76.64209,11.82487],[76.64222,11.82471],[76.64229,11.82457],[76.64234,11.82451],[76.64253,11.82431],[76.64283,11.82415],[76.64313,11.82406],[76.64347,11.82395],[76.64458,11.8235]]},"properties":{"shedId":"C05CAM20"}},{"type":"Feature","geometry":{"type":"LineString","coordinates":[[76.55804,11.81524],[76.55881,11.8157],[76.5595,11.81634],[76.55984,11.81681],[76.56022,11.81727],[76.56048,11.81755],[76.56073,11.81786],[76.56083,11.81802],[76.56076,11.81816],[76.56065,11.81826],[76.56041,11.81838],[76.56026,11.81854],[76.5602,11.81874],[76.56029,11.81898],[76.56037,11.81915],[76.56048,11.81929],[76.56069,11.81957],[76.56116,11.82057],[76.56161,11.82122],[76.56213,11.82174],[76.56266,11.82212],[76.56321,11.82242],[76.56353,11.82282],[76.56365,11.82303],[76.56361,11.82322],[76.56346,11.82351],[76.56327,11.8237],[76.56319,11.82408]]},"properties":{"shedId":"C05CAM20"}},{"type":"Feature","geometry":{"type":"LineString","coordinates":[[76.56319,11.82408],[76.56365,11.82394],[76.56478,11.82404],[76.56523,11.82421],[76.56578,11.82422],[76.56629,11.82417],[76.56686,11.82397],[76.56744,11.82355],[76.56767,11.8234]]},"properties":{"shedId":"C05CAM20"}},{"type":"Feature","geometry":{"type":"LineString","coordinates":[[76.7398,11.82957],[76.73959,11.82917],[76.73942,11.82888],[76.73928,11.82866],[76.73908,11.82847],[76.73884,11.82837],[76.73834,11.82829],[76.73775,11.82825],[76.73721,11.82832],[76.73624,11.82822],[76.73546,11.828],[76.73412,11.82775]]},"properties":{"shedId":"C05CAM20"}},{"type":"Feature","geometry":{"type":"LineString","coordinates":[[76.62506,11.82708],[76.6242,11.82603],[76.62349,11.82529]]},"properties":{"shedId":"C05CAM20"}},{"type":"Feature","geometry":{"type":"LineString","coordinates":[[76.63538,11.82723],[76.63477,11.82741],[76.63446,11.82747],[76.63437,11.82747],[76.63422,11.82749],[76.63394,11.8275],[76.63385,11.82749],[76.63372,11.82748],[76.6336,11.82744],[76.63356,11.82741],[76.63352,11.82739],[76.63341,11.8273],[76.63328,11.82725],[76.63234,11.82694],[76.63167,11.82662],[76.63126,11.82645],[76.63104,11.82634],[76.63079,11.82608],[76.63043,11.82553],[76.63022,11.82499],[76.63016,11.82472],[76.63005,11.82451],[76.62992,11.82437],[76.62971,11.82426]]},"properties":{"shedId":"C05CAM20"}},{"type":"Feature","geometry":{"type":"LineString","coordinates":[[76.7556,11.824],[76.75641,11.82406],[76.75668,11.8241],[76.75679,11.82419],[76.7569,11.82427],[76.75715,11.82476],[76.75727,11.82514],[76.75726,11.82525],[76.75721,11.82545],[76.7572,11.82557],[76.7572,11.82567],[76.7572,11.82589],[76.75726,11.82611],[76.7574,11.82665],[76.7574,11.82682],[76.75733,11.82715],[76.75726,11.82725],[76.75725,11.82732],[76.75725,11.8274],[76.75753,11.82808],[76.75786,11.82912],[76.75788,11.82945],[76.75784,11.82969],[76.75776,11.82991],[76.75777,11.83002],[76.75782,11.83015],[76.75819,11.83069]]},"properties":{"shedId":"C05CAM20"}},{"type":"Feature","geometry":{"type":"LineString","coordinates":[[76.55425,11.81925],[76.55494,11.81977],[76.55536,11.82027],[76.55564,11.8205],[76.55587,11.82062],[76.55612,11.82072],[76.55631,11.82084],[76.55643,11.82103],[76.55681,11.82199],[76.55733,11.82288],[76.5583,11.82402],[76.55886,11.82452],[76.55933,11.82482],[76.55988,11.82504],[76.56008,11.82514],[76.56025,11.82523],[76.56054,11.82546],[76.56097,11.82621]]},"properties":{"shedId":"C05CAM20"}},{"type":"Feature","geometry":{"type":"LineString","coordinates":[[76.56097,11.82621],[76.56118,11.82616],[76.56126,11.82615],[76.56158,11.82611],[76.56185,11.82596],[76.56212,11.82573],[76.56217,11.82557],[76.56221,11.82533],[76.56225,11.82511],[76.56229,11.82499],[76.56244,11.82471],[76.56258,11.82454],[76.56319,11.82408]]},"properties":{"shedId":"C05CAM20"}},{"type":"Feature","geometry":{"type":"LineString","coordinates":[[76.57933,11.82693],[76.57958,11.8269],[76.57982,11.82681],[76.57985,11.82681],[76.58009,11.8267],[76.58019,11.82666],[76.58031,11.82658],[76.58036,11.82655],[76.58065,11.82629],[76.58106,11.82573],[76.5813,11.8255],[76.58146,11.82539],[76.58165,11.82522],[76.58181,11.82503],[76.58195,11.82478],[76.58232,11.82442],[76.58253,11.82422],[76.58275,11.82396],[76.58296,11.82379],[76.58358,11.82308]]},"properties":{"shedId":"C05CAM20"}},{"type":"Feature","geometry":{"type":"LineString","coordinates":[[76.76327,11.81844],[76.76324,11.81859],[76.7631,11.81887],[76.76279,11.81935],[76.76234,11.82004],[76.76215,11.82025],[76.762,11.82037],[76.76171,11.82063],[76.76128,11.82122],[76.76058,11.82201],[76.76009,11.82293],[76.75969,11.82387],[76.75914,11.82488],[76.75903,11.82516],[76.75891,11.8254],[76.75887,11.82561],[76.7589,11.82582],[76.75904,11.82601],[76.75947,11.82622],[76.7596,11.82632],[76.75973,11.8266],[76.75976,11.82767],[76.75984,11.82802],[76.75988,11.82818],[76.76011,11.82848],[76.7602,11.8286],[76.76032,11.82876],[76.7604,11.82899],[76.7604,11.82918],[76.76029,11.82954],[76.76023,11.82965],[76.76015,11.82975],[76.76008,11.82985],[76.76003,11.82996],[76.76001,11.83005],[76.76005,11.83014],[76.7601,11.83022],[76.76023,11.83043],[76.76028,11.83061],[76.76034,11.83078],[76.76044,11.83117]]},"properties":{"shedId":"C05CAM20"}},{"type":"Feature","geometry":{"type":"LineString","coordinates":[[76.77508,11.82596],[76.77406,11.82619],[76.77369,11.82626],[76.77334,11.82626],[76.77312,11.82624],[76.7729,11.82617],[76.77272,11.82607],[76.7724,11.82593],[76.77213,11.82588],[76.77205,11.82588],[76.77188,11.82586],[76.77182,11.82587],[76.77131,11.82589],[76.77055,11.82609],[76.7683,11.82649],[76.76783,11.82663],[76.76592,11.82721],[76.76422,11.82808],[76.76378,11.82832],[76.76368,11.82838],[76.76355,11.82851],[76.7635,11.82861],[76.7635,11.82886],[76.76361,11.83011],[76.76362,11.83037],[76.76352,11.83065],[76.7633,11.83084],[76.76285,11.83099],[76.76202,11.83103],[76.76083,11.83113],[76.76044,11.83117]]},"properties":{"shedId":"C05CAM20"}},{"type":"Feature","geometry":{"type":"LineString","coordinates":[[76.76044,11.83117],[76.76027,11.83119],[76.76003,11.83114],[76.75985,11.83114],[76.7596,11.83102],[76.75957,11.83102],[76.75927,11.83087],[76.75912,11.8308],[76.75904,11.8308],[76.75884,11.83071],[76.75875,11.83071],[76.75853,11.8307],[76.75819,11.83069]]},"properties":{"shedId":"C05CAM20"}},{"type":"Feature","geometry":{"type":"LineString","coordinates":[[76.80931,11.83284],[76.80909,11.8326],[76.80885,11.83247],[76.80864,11.83244],[76.80828,11.83244],[76.80799,11.83241],[76.80779,11.83234],[76.8077,11.83226],[76.80766,11.83214],[76.8076,11.832],[76.80752,11.83189],[76.80742,11.83185],[76.80732,11.83186],[76.80712,11.83191],[76.80705,11.8319],[76.80701,11.8319],[76.80686,11.83182],[76.8067,11.83173],[76.80609,11.83127],[76.80558,11.83098],[76.8055,11.83093],[76.80542,11.83092],[76.80536,11.83092],[76.80532,11.83093],[76.80526,11.83093],[76.80522,11.83096],[76.80512,11.831],[76.80501,11.831],[76.80494,11.83096],[76.80485,11.83089],[76.8048,11.83077],[76.8047,11.83061],[76.80462,11.83053],[76.80449,11.83046],[76.80442,11.83043],[76.80438,11.83043],[76.80427,11.83042],[76.80422,11.83043],[76.80407,11.83045],[76.8038,11.83041],[76.8035,11.83028],[76.80342,11.83023],[76.80337,11.83016],[76.80333,11.83007],[76.80322,11.8299],[76.80315,11.82985],[76.80303,11.82977],[76.80292,11.8297],[76.80288,11.82967],[76.80272,11.82947],[76.80247,11.8291],[76.80229,11.82899],[76.80212,11.82895],[76.8016,11.82885],[76.80105,11.82876]]},"properties":{"shedId":"C05CAM20"}},{"type":"Feature","geometry":{"type":"LineString","coordinates":[[76.56831,11.82748],[76.56789,11.82707],[76.56778,11.82688],[76.56765,11.82649],[76.56719,11.82527],[76.56713,11.82478],[76.56716,11.82453],[76.56728,11.8243],[76.5674,11.82409],[76.56752,11.82386],[76.56767,11.8234]]},"properties":{"shedId":"C05CAM20"}},{"type":"Feature","geometry":{"type":"LineString","coordinates":[[76.55951,11.82745],[76.56026,11.82686],[76.56044,11.82662],[76.56064,11.82637],[76.56097,11.82621]]},"properties":{"shedId":"C05CAM20"}},{"type":"Feature","geometry":{"type":"LineString","coordinates":[[76.73051,11.82792],[76.73036,11.82794],[76.72926,11.82788],[76.7273,11.8276],[76.72635,11.82715],[76.72539,11.82688],[76.72503,11.82686],[76.72355,11.82695],[76.72305,11.82712],[76.72254,11.82743],[76.72135,11.8284],[76.7205,11.82887],[76.72009,11.82903],[76.71979,11.82921],[76.71959,11.82942],[76.71937,11.8298],[76.71905,11.83066],[76.71887,11.83095],[76.71862,11.83109],[76.71852,11.83112],[76.7183,11.83117],[76.71816,11.83122]]},"properties":{"shedId":"C05CAM20"}},{"type":"Feature","geometry":{"type":"LineString","coordinates":[[76.55145,11.82307],[76.55185,11.82342],[76.55243,11.82423],[76.55292,11.82472],[76.55315,11.82483],[76.55343,11.82493],[76.55376,11.82507],[76.5543,11.82549],[76.55462,11.82576],[76.55479,11.82606],[76.555,11.82641],[76.55524,11.8267],[76.55556,11.82688],[76.55663,11.8272],[76.55697,11.82737],[76.55731,11.82753]]},"properties":{"shedId":"C05CAM20"}},{"type":"Feature","geometry":{"type":"LineString","coordinates":[[76.55731,11.82753],[76.55746,11.82739],[76.55769,11.82728],[76.55804,11.82724],[76.55829,11.8273],[76.55861,11.82743],[76.55891,11.82757],[76.55919,11.82756],[76.55951,11.82745]]},"properties":{"shedId":"C05CAM20"}},{"type":"Feature","geometry":{"type":"LineString","coordinates":[[76.58217,11.82865],[76.58209,11.82836],[76.58201,11.82807],[76.582,11.8276],[76.58205,11.82735],[76.58262,11.82644],[76.5828,11.82627],[76.58293,11.82609],[76.58298,11.82586],[76.58301,11.82564],[76.5831,11.82539],[76.58329,11.82521],[76.58356,11.825],[76.5838,11.82474],[76.58395,11.82423],[76.58397,11.82401],[76.58389,11.82381],[76.58378,11.82357],[76.58369,11.82341],[76.58362,11.8232],[76.58358,11.82308]]},"properties":{"shedId":"C05CAM20"}},{"type":"Feature","geometry":{"type":"LineString","coordinates":[[76.73914,11.8161],[76.73896,11.81615],[76.73872,11.81616],[76.73843,11.81612],[76.73821,11.81608],[76.73794,11.81604],[76.73763,11.81606],[76.73734,11.81611],[76.73711,11.8162],[76.73683,11.81622],[76.73658,11.81622],[76.73599,11.81624],[76.73536,11.81612],[76.73494,11.81601],[76.73457,11.81597],[76.73412,11.81591],[76.73384,11.81594],[76.73342,11.81606],[76.73244,11.81652],[76.73209,11.81677],[76.73184,11.81691],[76.73168,11.81695],[76.73135,11.81696],[76.73054,11.81696],[76.73006,11.81699],[76.72964,11.81701],[76.72885,11.81703],[76.72849,11.81699],[76.72811,11.81686],[76.72753,11.81656],[76.7274,11.81655],[76.72714,11.81664],[76.72697,11.81676],[76.72653,11.81752],[76.72622,11.81792],[76.7259,11.81838],[76.72585,11.81856],[76.72583,11.81874],[76.72584,11.81896],[76.72587,11.81957],[76.72575,11.82022],[76.72567,11.82041],[76.72551,11.82064],[76.72516,11.82094],[76.72487,11.82099],[76.72466,11.82097],[76.72445,11.82096],[76.72426,11.82094],[76.72402,11.82094],[76.72356,11.821],[76.72323,11.82111],[76.72282,11.82127],[76.7227,11.82134],[76.72263,11.82145],[76.72257,11.82166],[76.72248,11.82182],[76.72238,11.82193],[76.7222,11.82205],[76.72199,11.82219],[76.72184,11.82242],[76.72177,11.82254],[76.72177,11.82269],[76.72181,11.82279],[76.72191,11.82288],[76.72203,11.82301],[76.72209,11.82329],[76.72209,11.82349],[76.72207,11.82378],[76.72202,11.82399],[76.72188,11.8243],[76.72179,11.82458],[76.72162,11.82513],[76.72158,11.82526],[76.72151,11.82533],[76.72033,11.82568],[76.71966,11.826],[76.71936,11.82609],[76.71923,11.82617],[76.71885,11.82633],[76.71864,11.82645],[76.71853,11.8266],[76.71841,11.82689],[76.7178,11.8282],[76.71728,11.82972],[76.7172,11.83018],[76.71708,11.83051],[76.71705,11.83074],[76.71708,11.83096],[76.71711,11.83114],[76.71715,11.83133],[76.71708,11.83166],[76.71695,11.83189]]},"properties":{"shedId":"C05CAM20"}},{"type":"Feature","geometry":{"type":"LineString","coordinates":[[76.71816,11.83122],[76.71806,11.83125],[76.7178,11.83136],[76.71761,11.83147],[76.71695,11.83189]]},"properties":{"shedId":"C05CAM20"}},{"type":"Feature","geometry":{"type":"LineString","coordinates":[[76.57375,11.82882],[76.57369,11.82845],[76.57355,11.82803],[76.57344,11.82763],[76.57345,11.82724],[76.57346,11.82686],[76.57369,11.82551],[76.57384,11.82514],[76.57394,11.8248],[76.57399,11.82463],[76.57406,11.82424],[76.57406,11.82365],[76.57404,11.82344],[76.57396,11.82333],[76.57383,11.82322],[76.57372,11.82316],[76.57362,11.82307],[76.57356,11.82295],[76.57355,11.82291],[76.57353,11.82271],[76.57355,11.82165],[76.57356,11.82132],[76.57355,11.82087],[76.57348,11.82056],[76.57317,11.82005]]},"properties":{"shedId":"C05CAM20"}},{"type":"Feature","geometry":{"type":"LineString","coordinates":[[76.60429,11.81782],[76.6045,11.81779],[76.60478,11.81783],[76.60509,11.81798],[76.60529,11.81815],[76.60535,11.81842],[76.60544,11.81867],[76.60554,11.81897],[76.60574,11.81919],[76.60598,11.81934],[76.60606,11.8194],[76.6061,11.81948],[76.60613,11.81957],[76.60613,11.81965],[76.60611,11.81986],[76.60604,11.8201],[76.60596,11.82049],[76.60599,11.82066],[76.60607,11.82086],[76.60622,11.82147],[76.60637,11.82205],[76.60651,11.82232],[76.60678,11.82264],[76.60702,11.82282],[76.60726,11.82308],[76.60739,11.82337],[76.60762,11.82468],[76.60778,11.82578],[76.60778,11.82626],[76.60775,11.82657],[76.60777,11.82704],[76.60778,11.82712],[76.60796,11.82767],[76.60806,11.82785],[76.60821,11.828],[76.60831,11.82809],[76.60849,11.82817],[76.6088,11.82821],[76.6089,11.82821],[76.609,11.82825],[76.6091,11.82832],[76.60915,11.82842],[76.60922,11.82853],[76.60922,11.82866],[76.60913,11.82897],[76.60899,11.82921],[76.60894,11.82932],[76.60889,11.82942],[76.60889,11.82968]]},"properties":{"shedId":"C05CAM20"}},{"type":"Feature","geometry":{"type":"LineString","coordinates":[[76.61575,11.82299],[76.6155,11.82311],[76.61391,11.82387],[76.61247,11.82495],[76.61178,11.82533],[76.61125,11.82572],[76.61095,11.82606],[76.61085,11.82664],[76.61084,11.82718],[76.61074,11.8277],[76.61061,11.82815],[76.61053,11.82834],[76.6101,11.82886],[76.60889,11.82968]]},"properties":{"shedId":"C05CAM20"}},{"type":"Feature","geometry":{"type":"LineString","coordinates":[[76.65435,11.82874],[76.65581,11.82859],[76.65681,11.82834],[76.65761,11.82825],[76.65887,11.82825],[76.65967,11.82825],[76.66048,11.82828],[76.66105,11.82822],[76.66194,11.82817],[76.66262,11.82808],[76.66825,11.82773],[76.66965,11.82739],[76.66991,11.82731],[76.671,11.8266],[76.67203,11.82556],[76.6728,11.82471],[76.6732,11.82446],[76.6741,11.8239],[76.67485,11.82366],[76.67581,11.8235],[76.68013,11.82338],[76.68202,11.82395],[76.68371,11.82415],[76.68401,11.82439],[76.6842,11.8248],[76.68422,11.8254],[76.68404,11.82595],[76.6841,11.82643],[76.6843,11.827],[76.68472,11.82744],[76.68519,11.82786],[76.68658,11.82826],[76.68767,11.82844],[76.68841,11.82879],[76.68908,11.82911],[76.6896,11.82945],[76.68972,11.8299],[76.68968,11.83052],[76.68958,11.83111],[76.68959,11.83155],[76.68961,11.83172],[76.68962,11.83193]]},"properties":{"shedId":"C05CAM20"}},{"type":"Feature","geometry":{"type":"LineString","coordinates":[[76.66852,11.83092],[76.67077,11.83068],[76.67532,11.83052],[76.67725,11.83048],[76.67938,11.83047],[76.68208,11.83144],[76.68293,11.8318],[76.68419,11.83187],[76.68536,11.83183],[76.68683,11.83181],[76.68775,11.83185],[76.68962,11.83193]]},"properties":{"shedId":"C05CAM20"}},{"type":"Feature","geometry":{"type":"LineString","coordinates":[[76.55396,11.82882],[76.55415,11.82886],[76.55442,11.82883],[76.55529,11.82872],[76.55565,11.82872],[76.55595,11.82864],[76.55632,11.82847],[76.55698,11.82787],[76.55722,11.82761],[76.55731,11.82753]]},"properties":{"shedId":"C05CAM20"}},{"type":"Feature","geometry":{"type":"LineString","coordinates":[[76.79057,11.83024],[76.79083,11.83118],[76.79103,11.83216],[76.79124,11.833],[76.79128,11.83333],[76.79124,11.83354],[76.79114,11.83372],[76.79108,11.83379],[76.79102,11.83384],[76.79099,11.83395],[76.79101,11.8341],[76.7912,11.83475]]},"properties":{"shedId":"C05CAM20"}},{"type":"Feature","geometry":{"type":"LineString","coordinates":[[76.56962,11.82965],[76.56945,11.82959],[76.56926,11.82956],[76.56916,11.82951],[76.569,11.8294],[76.56894,11.82931],[76.56893,11.82925],[76.5688,11.82887],[76.5688,11.82876],[76.5688,11.8287],[76.5688,11.82863],[76.5688,11.82861],[76.5688,11.82853],[76.56879,11.82843],[76.56875,11.82832],[76.56861,11.82815],[76.56854,11.82805],[76.56849,11.82791],[76.56846,11.82782],[76.56844,11.82772],[76.56838,11.82759],[76.56831,11.82748]]},"properties":{"shedId":"C05CAM20"}},{"type":"Feature","geometry":{"type":"LineString","coordinates":[[76.79424,11.83567],[76.79387,11.8351],[76.79382,11.835],[76.79372,11.8349],[76.79357,11.83484],[76.79338,11.83477],[76.79215,11.83469],[76.7916,11.83469],[76.7912,11.83475]]},"properties":{"shedId":"C05CAM20"}},{"type":"Feature","geometry":{"type":"LineString","coordinates":[[76.80011,11.83448],[76.79913,11.83494],[76.79893,11.83499],[76.79807,11.83501],[76.7977,11.83504],[76.79742,11.83517],[76.79722,11.83527],[76.79693,11.83536],[76.79641,11.8355],[76.7961,11.83544],[76.79601,11.83541],[76.79591,11.83535],[76.79577,11.83527],[76.79571,11.83526],[76.79555,11.8352],[76.79508,11.83528],[76.79424,11.83567]]},"properties":{"shedId":"C05CAM20"}},{"type":"Feature","geometry":{"type":"LineString","coordinates":[[76.72744,11.80789],[76.72717,11.80827],[76.72623,11.80945],[76.72608,11.80977],[76.72603,11.81006],[76.72583,11.81064],[76.72567,11.81078],[76.72528,11.81082],[76.72477,11.81087],[76.72456,11.81095],[76.72442,11.81101],[76.72432,11.81104],[76.72414,11.81105],[76.72394,11.81103],[76.72321,11.81103],[76.72268,11.81107],[76.72195,11.81121],[76.72183,11.81127],[76.72179,11.81136],[76.72178,11.81146],[76.72179,11.81159],[76.7218,11.81178],[76.72178,11.81194],[76.7217,11.81212],[76.72135,11.81246],[76.72074,11.81282],[76.7206,11.81299],[76.72046,11.81323],[76.72045,11.81354],[76.72057,11.8143],[76.72063,11.81454],[76.72078,11.81481],[76.72089,11.81512],[76.72095,11.81544],[76.72096,11.81583],[76.72091,11.81641],[76.72084,11.81666],[76.72062,11.81699],[76.72003,11.81811],[76.71938,11.81897],[76.719,11.81951],[76.71899,11.81982],[76.719,11.82016],[76.71904,11.82059],[76.71895,11.82091],[76.71881,11.82122],[76.71823,11.82162],[76.71803,11.82176],[76.71785,11.82204],[76.7176,11.82323],[76.71754,11.82396],[76.71747,11.82428],[76.71733,11.82448],[76.71715,11.82466],[76.71695,11.82482],[76.71678,11.82498],[76.71661,11.82515],[76.71645,11.82565],[76.71616,11.82645],[76.71595,11.8269],[76.71588,11.82716],[76.71595,11.82759],[76.71589,11.82877],[76.71613,11.83013],[76.71628,11.83077],[76.71614,11.83138],[76.71599,11.83183],[76.71595,11.83211],[76.71591,11.83309],[76.71591,11.83423]]},"properties":{"shedId":"C05CAM20"}},{"type":"Feature","geometry":{"type":"LineString","coordinates":[[76.71695,11.83189],[76.71681,11.83223],[76.71676,11.83252],[76.71671,11.83275],[76.71647,11.83323],[76.71591,11.83423]]},"properties":{"shedId":"C05CAM20"}},{"type":"Feature","geometry":{"type":"LineString","coordinates":[[76.57939,11.83118],[76.57949,11.83107],[76.57968,11.83092],[76.57996,11.83078],[76.58023,11.83067],[76.58054,11.83055],[76.5813,11.83027],[76.58159,11.83014],[76.58173,11.83],[76.58184,11.82976],[76.58217,11.82865]]},"properties":{"shedId":"C05CAM20"}},{"type":"Feature","geometry":{"type":"LineString","coordinates":[[76.57408,11.83119],[76.57376,11.83109],[76.57355,11.83106],[76.57324,11.83109],[76.57296,11.83119],[76.57267,11.83118],[76.5724,11.83108],[76.57203,11.83096],[76.57183,11.83092],[76.57164,11.83084],[76.57138,11.83064],[76.57061,11.83006],[76.57045,11.8298],[76.57025,11.82961],[76.57021,11.82959],[76.57003,11.82953],[76.56983,11.82953],[76.56962,11.82965]]},"properties":{"shedId":"C05CAM20"}},{"type":"Feature","geometry":{"type":"LineString","coordinates":[[76.6284,11.83256],[76.62798,11.83247],[76.6278,11.83241],[76.62767,11.83232],[76.62759,11.83213],[76.62755,11.83193],[76.62745,11.83167],[76.62735,11.83148],[76.62721,11.83126],[76.62698,11.83102],[76.62678,11.83081],[76.62669,11.83068],[76.62649,11.83041],[76.62628,11.82979],[76.62627,11.82935],[76.62596,11.82835],[76.62582,11.82809],[76.62506,11.82708]]},"properties":{"shedId":"C05CAM20"}},{"type":"Feature","geometry":{"type":"LineString","coordinates":[[76.54935,11.83107],[76.54957,11.83107],[76.54988,11.83107],[76.55016,11.83093],[76.55037,11.83074],[76.55047,11.83054],[76.55069,11.8303],[76.55089,11.83011],[76.5511,11.83001],[76.55129,11.83],[76.55149,11.83004],[76.55169,11.83002],[76.55188,11.82986],[76.55201,11.82962],[76.55222,11.82931],[76.55239,11.82915],[76.55266,11.82907],[76.55286,11.82905],[76.55305,11.82895],[76.55311,11.82884],[76.55313,11.82875],[76.55323,11.82864],[76.55338,11.82863],[76.55359,11.82868],[76.55396,11.82882]]},"properties":{"shedId":"C05CAM20"}},{"type":"Feature","geometry":{"type":"LineString","coordinates":[[76.54113,11.82204],[76.5413,11.82221],[76.54206,11.82318],[76.54223,11.82364],[76.54228,11.82396],[76.54239,11.82434],[76.54249,11.8246],[76.54261,11.82477],[76.54347,11.82584],[76.54438,11.82673],[76.54557,11.8279],[76.54589,11.82816],[76.54677,11.8289],[76.54718,11.82916],[76.54739,11.82938],[76.54819,11.83013],[76.54843,11.83037],[76.54876,11.83107]]},"properties":{"shedId":"C05CAM20"}},{"type":"Feature","geometry":{"type":"LineString","coordinates":[[76.54876,11.83107],[76.54926,11.83107],[76.54935,11.83107]]},"properties":{"shedId":"C05CAM20"}},{"type":"Feature","geometry":{"type":"LineString","coordinates":[[76.73907,11.83565],[76.73897,11.83557],[76.73894,11.83554],[76.73892,11.83549],[76.73888,11.83538],[76.73889,11.83526],[76.7389,11.83515],[76.73884,11.83497],[76.73878,11.83485],[76.73865,11.83475],[76.73856,11.83469],[76.73846,11.83466],[76.73831,11.8346],[76.73817,11.83456],[76.73804,11.83448],[76.73797,11.83437],[76.73788,11.83429],[76.73784,11.83427],[76.73768,11.83413],[76.73748,11.83393],[76.73737,11.83383],[76.73733,11.83377],[76.73731,11.83375],[76.7373,11.83366],[76.73728,11.83357],[76.73722,11.83346],[76.73711,11.83329],[76.73685,11.83313],[76.73649,11.83295],[76.7358,11.83267],[76.73573,11.83262],[76.73572,11.83261],[76.73567,11.83251],[76.73564,11.83245],[76.73563,11.83238],[76.73533,11.8319],[76.73523,11.83177],[76.73513,11.83174],[76.73489,11.83165],[76.73452,11.83172],[76.73362,11.83217],[76.73335,11.83222],[76.73309,11.83222],[76.73293,11.8322],[76.73279,11.83207],[76.73269,11.83193],[76.73244,11.8316],[76.7323,11.83147],[76.73222,11.83141],[76.73182,11.83115],[76.73168,11.83106],[76.7316,11.83107],[76.73127,11.83101],[76.73101,11.83104],[76.73078,11.83102],[76.73064,11.83101],[76.73055,11.83092],[76.73047,11.83078],[76.73024,11.82928],[76.73024,11.82898],[76.73028,11.82884],[76.73037,11.82863],[76.73041,11.82855],[76.73042,11.82849],[76.73051,11.82792]]},"properties":{"shedId":"C05CAM20"}},{"type":"Feature","geometry":{"type":"LineString","coordinates":[[76.54819,11.8313],[76.54844,11.83113],[76.54876,11.83107]]},"properties":{"shedId":"C05CAM20"}},{"type":"Feature","geometry":{"type":"LineString","coordinates":[[76.62414,11.8334],[76.62381,11.83276],[76.6236,11.83232],[76.62343,11.83187],[76.62337,11.83159],[76.62333,11.83111],[76.62338,11.83057],[76.62393,11.82909],[76.6242,11.82852],[76.62454,11.82787],[76.62506,11.82708]]},"properties":{"shedId":"C05CAM20"}},{"type":"Feature","geometry":{"type":"LineString","coordinates":[[76.59848,11.8305],[76.59907,11.83049],[76.59937,11.8305],[76.59974,11.83052],[76.60007,11.83063],[76.60019,11.83069],[76.60027,11.83077],[76.6006,11.83108],[76.60128,11.83161],[76.60164,11.83176],[76.60268,11.83223],[76.60428,11.83299]]},"properties":{"shedId":"C05CAM20"}},{"type":"Feature","geometry":{"type":"LineString","coordinates":[[76.68962,11.83193],[76.68963,11.83202],[76.68976,11.83214],[76.69017,11.83223],[76.69146,11.83218],[76.69191,11.83211],[76.69215,11.83211],[76.6927,11.83222],[76.69316,11.83261],[76.69374,11.83338],[76.69546,11.83405],[76.69672,11.83445],[76.69746,11.83488],[76.69918,11.83548]]},"properties":{"shedId":"C05CAM20"}},{"type":"Feature","geometry":{"type":"LineString","coordinates":[[76.70321,11.82333],[76.70406,11.82416],[76.70453,11.82452],[76.70468,11.82471],[76.70469,11.82495],[76.70463,11.82534],[76.70444,11.82582],[76.7041,11.82622],[76.70371,11.8264],[76.70342,11.8266],[76.70322,11.82682],[76.70309,11.8271],[76.70292,11.82776],[76.70308,11.82831],[76.70312,11.82884],[76.70314,11.82928],[76.70302,11.82972],[76.70213,11.831],[76.70174,11.83154],[76.69959,11.83331],[76.69914,11.83433],[76.69918,11.83548]]},"properties":{"name":"Gundal","shedId":"C05CAM20"}},{"type":"Feature","geometry":{"type":"LineString","coordinates":[[76.54665,11.8319],[76.54819,11.8313]]},"properties":{"shedId":"C05CAM20"}},{"type":"Feature","geometry":{"type":"LineString","coordinates":[[76.53424,11.82681],[76.53509,11.8265],[76.53578,11.82628],[76.53664,11.82619],[76.53724,11.82631],[76.53777,11.82655],[76.53864,11.82743],[76.53995,11.82906],[76.54104,11.83038],[76.5416,11.83071],[76.5421,11.83089],[76.54254,11.8311],[76.54328,11.83147],[76.54406,11.83185],[76.54434,11.83188],[76.54466,11.83177],[76.54497,11.83167],[76.54532,11.83165],[76.54538,11.83166],[76.54578,11.83169],[76.54665,11.8319]]},"properties":{"shedId":"C05CAM20"}},{"type":"Feature","geometry":{"type":"LineString","coordinates":[[76.72617,11.83626],[76.72605,11.836],[76.72584,11.83574],[76.72571,11.83562],[76.72562,11.83556],[76.72552,11.83548],[76.72535,11.83537],[76.72518,11.83536],[76.72423,11.83536],[76.72391,11.83539],[76.72334,11.8354],[76.72325,11.83539],[76.72319,11.83532],[76.72314,11.83522],[76.72312,11.83505],[76.72309,11.83479],[76.72308,11.8347],[76.72303,11.83458],[76.7229,11.83442],[76.72253,11.83397],[76.72218,11.83363],[76.72144,11.83337],[76.72105,11.83323],[76.72092,11.83317],[76.72065,11.83299],[76.72011,11.83254],[76.71996,11.83238],[76.71973,11.83214],[76.71951,11.83197],[76.71933,11.8319],[76.71923,11.83186],[76.71911,11.83186],[76.71877,11.83179],[76.71857,11.83174],[76.71845,11.8317],[76.7183,11.83163],[76.71823,11.83157],[76.71816,11.8315],[76.71816,11.83139],[76.71816,11.83122]]},"properties":{"shedId":"C05CAM20"}},{"type":"Feature","geometry":{"type":"LineString","coordinates":[[76.65979,11.83109],[76.66039,11.83181],[76.6609,11.83235],[76.66132,11.83323],[76.66167,11.83424],[76.66205,11.83554]]},"properties":{"shedId":"C05CAM20"}},{"type":"Feature","geometry":{"type":"LineString","coordinates":[[76.65376,11.8334],[76.65481,11.83287],[76.65498,11.83277],[76.65503,11.83274],[76.65523,11.83257],[76.65545,11.83248],[76.65574,11.83245],[76.65602,11.83248],[76.65626,11.8325],[76.65649,11.83248],[76.65676,11.8324],[76.65694,11.83236],[76.65703,11.83236],[76.65733,11.83236],[76.65763,11.83243],[76.65825,11.83282],[76.65909,11.83366],[76.65987,11.83438],[76.66014,11.83452],[76.66036,11.83466],[76.66053,11.83486],[76.6607,11.8351],[76.6609,11.83527],[76.66111,11.83544],[76.66145,11.83561],[76.66158,11.83564],[76.66184,11.83561],[76.66205,11.83554]]},"properties":{"shedId":"C05CAM20"}},{"type":"Feature","geometry":{"type":"LineString","coordinates":[[76.7912,11.83475],[76.79087,11.83493],[76.78953,11.83578],[76.78941,11.8359],[76.78935,11.83609],[76.78918,11.83626],[76.78903,11.83635],[76.7889,11.83642],[76.78864,11.8365],[76.78842,11.83659],[76.78822,11.83674],[76.78809,11.83688],[76.788,11.83705],[76.78797,11.83716],[76.78791,11.83725],[76.78785,11.83731],[76.78768,11.8375],[76.78739,11.83757],[76.78606,11.83805],[76.78562,11.83823],[76.78545,11.83844],[76.78541,11.8385]]},"properties":{"shedId":"C05CAM20"}},{"type":"Feature","geometry":{"type":"LineString","coordinates":[[76.56914,11.83353],[76.56906,11.83335],[76.56904,11.83314],[76.56906,11.83295],[76.56923,11.83256],[76.56923,11.8324],[76.56924,11.83224],[76.56935,11.83207],[76.56969,11.83179],[76.56995,11.83154],[76.56998,11.8311],[76.56991,11.83074],[76.56983,11.8304],[76.56974,11.82981],[76.56962,11.82965]]},"properties":{"shedId":"C05CAM20"}},{"type":"Feature","geometry":{"type":"LineString","coordinates":[[76.60428,11.83299],[76.60494,11.83303],[76.60587,11.83317],[76.60771,11.83387],[76.60849,11.83416],[76.60924,11.83449]]},"properties":{"shedId":"C05CAM20"}},{"type":"Feature","geometry":{"type":"LineString","coordinates":[[76.60889,11.82968],[76.60896,11.82998],[76.60906,11.83019],[76.60922,11.83035],[76.60933,11.83047],[76.60934,11.8306],[76.60931,11.83078],[76.60911,11.83103],[76.60903,11.83118],[76.609,11.83139],[76.60903,11.8315],[76.60907,11.83156],[76.6092,11.83173],[76.6097,11.83209],[76.60975,11.83236],[76.60981,11.83277],[76.60972,11.83318],[76.60956,11.83348],[76.60929,11.83378],[76.6092,11.83385],[76.60912,11.83393],[76.60906,11.83402],[76.60904,11.83411],[76.60906,11.83424],[76.60911,11.83436],[76.60924,11.83449]]},"properties":{"shedId":"C05CAM20"}},{"type":"Feature","geometry":{"type":"LineString","coordinates":[[76.56074,11.83389],[76.56058,11.83377],[76.56046,11.8335],[76.5605,11.83328],[76.5606,11.83294],[76.5606,11.83282],[76.56055,11.83263],[76.56042,11.83236],[76.56023,11.83189],[76.56022,11.83167],[76.5602,11.83126],[76.56027,11.83072],[76.56032,11.82978],[76.56027,11.82933],[76.56007,11.82878],[76.55991,11.82829],[76.55951,11.82745]]},"properties":{"shedId":"C05CAM20"}},{"type":"Feature","geometry":{"type":"LineString","coordinates":[[76.55516,11.83496],[76.55527,11.83366],[76.55525,11.83307],[76.55516,11.83225],[76.55495,11.83151],[76.55477,11.83098],[76.55438,11.83009],[76.55396,11.82882]]},"properties":{"shedId":"C05CAM20"}},{"type":"Feature","geometry":{"type":"LineString","coordinates":[[76.5333,11.82976],[76.53411,11.83084],[76.53519,11.83207],[76.53594,11.8326],[76.53674,11.83293],[76.53767,11.83345]]},"properties":{"shedId":"C05CAM20"}},{"type":"Feature","geometry":{"type":"LineString","coordinates":[[76.53767,11.83345],[76.53844,11.83333],[76.5386,11.83338],[76.53891,11.83343],[76.53918,11.83341],[76.53937,11.83331],[76.53952,11.83322],[76.53958,11.83315],[76.53963,11.83294],[76.53967,11.83278],[76.53971,11.83262],[76.53979,11.83248],[76.5399,11.83238],[76.54002,11.83234],[76.54016,11.83236],[76.54023,11.83245],[76.54038,11.83254],[76.5405,11.83257],[76.54065,11.83255],[76.54089,11.83246],[76.54101,11.83245],[76.5411,11.83248],[76.54119,11.83254],[76.54129,11.83265],[76.54138,11.83271],[76.54149,11.83276],[76.54161,11.83279],[76.54173,11.83278],[76.54187,11.83274],[76.54201,11.83273],[76.5423,11.83281],[76.54246,11.83293],[76.54296,11.8333],[76.54317,11.83341],[76.5436,11.83339],[76.54387,11.83328],[76.54389,11.83325],[76.54422,11.83314],[76.5445,11.83307],[76.54477,11.83289],[76.54558,11.83232],[76.5459,11.83226],[76.5463,11.83213],[76.54665,11.8319]]},"properties":{"shedId":"C05CAM20"}},{"type":"Feature","geometry":{"type":"LineString","coordinates":[[76.69918,11.83548],[76.69949,11.83629],[76.70028,11.83731]]},"properties":{"name":"Gundal","shedId":"C05CAM20"}},{"type":"Feature","geometry":{"type":"LineString","coordinates":[[76.57214,11.83498],[76.57116,11.83448],[76.57074,11.83423],[76.57027,11.83393],[76.57007,11.83379],[76.56985,11.83367],[76.56914,11.83353]]},"properties":{"shedId":"C05CAM20"}},{"type":"Feature","geometry":{"type":"LineString","coordinates":[[76.58724,11.83123],[76.58811,11.83148],[76.58844,11.83157],[76.58857,11.83159],[76.58903,11.83163],[76.58944,11.83178],[76.58976,11.83206],[76.59004,11.83222],[76.59031,11.83231],[76.59051,11.83236],[76.59257,11.83251],[76.59306,11.8327],[76.59344,11.83301],[76.59389,11.83335],[76.59439,11.83362],[76.59461,11.83371],[76.59489,11.83381],[76.59554,11.83403],[76.59567,11.83413],[76.59577,11.83421],[76.59585,11.8344],[76.59597,11.83458],[76.59608,11.83472],[76.59663,11.83507],[76.5971,11.83521],[76.59733,11.83527],[76.59752,11.83539],[76.59781,11.83564],[76.59823,11.83596]]},"properties":{"shedId":"C05CAM20"}},{"type":"Feature","geometry":{"type":"LineString","coordinates":[[76.59823,11.83596],[76.59892,11.8357],[76.59988,11.83523],[76.601,11.83426],[76.60127,11.83385],[76.60156,11.83349],[76.60205,11.83316],[76.60267,11.83293],[76.60373,11.83293],[76.60428,11.83299]]},"properties":{"shedId":"C05CAM20"}},{"type":"Feature","geometry":{"type":"LineString","coordinates":[[76.79864,11.84067],[76.79852,11.84049],[76.7974,11.83895],[76.7969,11.83796],[76.79679,11.83781],[76.79667,11.83773],[76.79659,11.83771],[76.79617,11.83771],[76.79597,11.83767],[76.79593,11.83765],[76.7958,11.83759],[76.79542,11.83722],[76.79451,11.83609],[76.79424,11.83567]]},"properties":{"shedId":"C05CAM20"}},{"type":"Feature","geometry":{"type":"LineString","coordinates":[[76.80406,11.83646],[76.80349,11.83648],[76.80329,11.83651],[76.80316,11.83657],[76.80297,11.83663],[76.80268,11.83684],[76.80246,11.83712],[76.80211,11.83751],[76.80123,11.8383],[76.80093,11.83856],[76.80061,11.83878],[76.80029,11.83895],[76.80003,11.83909],[76.79986,11.83928],[76.79969,11.83956],[76.79938,11.83996],[76.79864,11.84067]]},"properties":{"shedId":"C05CAM20"}},{"type":"Feature","geometry":{"type":"LineString","coordinates":[[76.70028,11.83731],[76.70125,11.83802],[76.7028,11.8386]]},"properties":{"name":"Gundal","shedId":"C05CAM20"}},{"type":"Feature","geometry":{"type":"LineString","coordinates":[[76.71591,11.83423],[76.71565,11.83466],[76.71538,11.83488],[76.71505,11.83501],[76.71483,11.83503],[76.71347,11.835],[76.71242,11.83487],[76.71066,11.83506],[76.71022,11.83506],[76.70921,11.83481],[76.70835,11.83463],[76.70746,11.8347],[76.70588,11.83514],[76.70482,11.83575],[76.70406,11.83638],[76.7035,11.83701],[76.7028,11.8386]]},"properties":{"shedId":"C05CAM20"}},{"type":"Feature","geometry":{"type":"LineString","coordinates":[[76.67366,11.83609],[76.676,11.83691],[76.6811,11.83815],[76.68189,11.83827]]},"properties":{"shedId":"C05CAM20"}},{"type":"Feature","geometry":{"type":"LineString","coordinates":[[76.79153,11.84098],[76.79101,11.84064],[76.79042,11.84026],[76.79017,11.84009],[76.78988,11.83993],[76.78962,11.83988],[76.78943,11.83979],[76.78916,11.83972],[76.78896,11.83968],[76.78886,11.83962],[76.78877,11.83949],[76.78872,11.83937],[76.7885,11.83883],[76.78843,11.83872],[76.78831,11.83867],[76.78819,11.83863],[76.78813,11.83863],[76.78795,11.83869],[76.78769,11.8389],[76.78742,11.83903],[76.78716,11.83904],[76.78607,11.83876],[76.78541,11.8385]]},"properties":{"shedId":"C05CAM20"}},{"type":"Feature","geometry":{"type":"LineString","coordinates":[[76.53455,11.83501],[76.53462,11.83501],[76.5348,11.83494],[76.53496,11.83481],[76.53516,11.83469],[76.53591,11.83448],[76.53619,11.83438],[76.53665,11.83404],[76.53718,11.83364],[76.53731,11.83357],[76.53752,11.83347],[76.53767,11.83345]]},"properties":{"shedId":"C05CAM20"}},{"type":"Feature","geometry":{"type":"LineString","coordinates":[[76.80365,11.8401],[76.80271,11.84066],[76.80231,11.84099],[76.80186,11.84122],[76.80156,11.84123],[76.80127,11.84123],[76.80117,11.84117],[76.80102,11.84108],[76.80091,11.84103],[76.80081,11.84096],[76.80052,11.84093],[76.80042,11.84093],[76.80005,11.84101],[76.79963,11.84116],[76.79935,11.84125],[76.79916,11.84125],[76.79899,11.84117],[76.79887,11.841],[76.79864,11.84067]]},"properties":{"shedId":"C05CAM20"}},{"type":"Feature","geometry":{"type":"LineString","coordinates":[[76.53042,11.82933],[76.53053,11.82952],[76.53139,11.83081],[76.53178,11.83148],[76.53192,11.83203],[76.53216,11.83286],[76.5325,11.83356],[76.53346,11.83533]]},"properties":{"shedId":"C05CAM20"}},{"type":"Feature","geometry":{"type":"LineString","coordinates":[[76.53346,11.83533],[76.53398,11.8351],[76.53418,11.83502],[76.5344,11.83501],[76.53455,11.83501]]},"properties":{"shedId":"C05CAM20"}},{"type":"Feature","geometry":{"type":"LineString","coordinates":[[76.59487,11.83879],[76.59502,11.83855],[76.59518,11.83834],[76.59568,11.83715],[76.59601,11.8368],[76.59655,11.83652],[76.59709,11.83626],[76.59823,11.83596]]},"properties":{"shedId":"C05CAM20"}},{"type":"Feature","geometry":{"type":"LineString","coordinates":[[76.56976,11.83634],[76.56979,11.83606],[76.5698,11.83596],[76.56959,11.83479],[76.56947,11.83431],[76.56927,11.83383],[76.56916,11.8336],[76.56914,11.83353]]},"properties":{"shedId":"C05CAM20"}},{"type":"Feature","geometry":{"type":"LineString","coordinates":[[76.68189,11.83827],[76.68374,11.83857],[76.685,11.83859],[76.68676,11.83878],[76.68755,11.83873],[76.68813,11.83859],[76.68864,11.83839],[76.68891,11.83828],[76.68916,11.83826],[76.68992,11.83824],[76.69168,11.83859],[76.69295,11.83876],[76.6939,11.83894],[76.69414,11.83904],[76.69458,11.83922],[76.69543,11.83931],[76.69693,11.83887],[76.69813,11.83822],[76.70028,11.83731]]},"properties":{"shedId":"C05CAM20"}},{"type":"Feature","geometry":{"type":"LineString","coordinates":[[76.66744,11.8353],[76.66787,11.83537],[76.66845,11.83549],[76.6689,11.83566],[76.6694,11.83595],[76.66992,11.83624],[76.67094,11.83691],[76.67167,11.83734],[76.67293,11.83778],[76.67521,11.83814],[76.67575,11.83833],[76.67686,11.83879],[76.67818,11.83893],[76.67943,11.83888],[76.68058,11.83877],[76.68189,11.83827]]},"properties":{"shedId":"C05CAM20"}},{"type":"Feature","geometry":{"type":"LineString","coordinates":[[76.56646,11.83635],[76.56659,11.83591],[76.56662,11.83544],[76.56661,11.83487],[76.5666,11.83444],[76.56653,11.83391],[76.56637,11.83351],[76.56616,11.83312],[76.56603,11.83239],[76.56596,11.83181],[76.56589,11.83113],[76.56585,11.83077],[76.56585,11.83041],[76.56608,11.82908],[76.56609,11.82892],[76.56633,11.82866],[76.56653,11.82848],[76.56669,11.82826],[76.5668,11.82786],[76.56683,11.8276],[76.567,11.8275],[76.56726,11.82746],[76.56764,11.82745],[76.56831,11.82748]]},"properties":{"shedId":"C05CAM20"}},{"type":"Feature","geometry":{"type":"LineString","coordinates":[[76.71777,11.84011],[76.71785,11.83886],[76.71793,11.83793],[76.71793,11.83734],[76.71788,11.83696],[76.71778,11.8367],[76.71763,11.83654],[76.71719,11.83621],[76.71701,11.836],[76.71692,11.83579],[76.71677,11.83471],[76.71675,11.83457],[76.71668,11.83444],[76.71661,11.83438],[76.71657,11.83438],[76.71591,11.83423]]},"properties":{"shedId":"C05CAM20"}},{"type":"Feature","geometry":{"type":"LineString","coordinates":[[76.57891,11.83739],[76.57954,11.83687],[76.58032,11.83586],[76.58054,11.83561],[76.58092,11.83536],[76.58117,11.83521],[76.58125,11.83517],[76.58152,11.83495],[76.5825,11.8337],[76.58265,11.83342],[76.58278,11.83316],[76.58283,11.8329],[76.58283,11.83256],[76.58259,11.83189],[76.58253,11.83159],[76.58251,11.83127],[76.58252,11.83104],[76.58258,11.8307],[76.58258,11.83025],[76.58252,11.82991],[76.5824,11.82947],[76.58219,11.8287],[76.58217,11.82865]]},"properties":{"shedId":"C05CAM20"}},{"type":"Feature","geometry":{"type":"LineString","coordinates":[[76.5693,11.83757],[76.56963,11.83688],[76.56976,11.83634]]},"properties":{"shedId":"C05CAM20"}},{"type":"Feature","geometry":{"type":"LineString","coordinates":[[76.60924,11.83449],[76.61063,11.83708],[76.6116,11.8383],[76.61188,11.83917]]},"properties":{"shedId":"C05CAM20"}},{"type":"Feature","geometry":{"type":"LineString","coordinates":[[76.62117,11.83859],[76.6209,11.83827],[76.6206,11.83798],[76.62043,11.83776],[76.62019,11.83754],[76.61999,11.83753],[76.61969,11.83753],[76.61938,11.83759],[76.61842,11.83792],[76.61821,11.83802],[76.61795,11.83822],[76.61755,11.83843],[76.61714,11.83852],[76.61685,11.83854],[76.61625,11.83844],[76.61586,11.8384],[76.61527,11.8384],[76.61433,11.83843],[76.61356,11.83854],[76.61317,11.83866],[76.61281,11.83883],[76.61188,11.83917]]},"properties":{"shedId":"C05CAM20"}},{"type":"Feature","geometry":{"type":"LineString","coordinates":[[76.54525,11.83763],[76.54537,11.83732],[76.54548,11.83577],[76.54581,11.83518],[76.546,11.8346],[76.54621,11.83411],[76.54651,11.83374],[76.54748,11.83236],[76.54819,11.8313]]},"properties":{"shedId":"C05CAM20"}},{"type":"Feature","geometry":{"type":"LineString","coordinates":[[76.57249,11.83849],[76.57216,11.83838],[76.5717,11.83825],[76.5714,11.83819],[76.5712,11.8381],[76.57098,11.83793],[76.57079,11.83764],[76.57016,11.83687],[76.57003,11.83672],[76.56976,11.83634]]},"properties":{"shedId":"C05CAM20"}},{"type":"Feature","geometry":{"type":"LineString","coordinates":[[76.65589,11.83661],[76.65665,11.837],[76.65706,11.83743],[76.65755,11.83779],[76.6585,11.8383],[76.65869,11.83845],[76.65895,11.8388],[76.65913,11.83904],[76.65942,11.83921],[76.65977,11.83938],[76.66111,11.83981],[76.66149,11.83987],[76.66169,11.83984],[76.66179,11.83987],[76.66199,11.83998],[76.66209,11.84009],[76.66215,11.84017],[76.6623,11.8403],[76.6624,11.84038],[76.66254,11.84047],[76.66263,11.84057],[76.66271,11.84066],[76.6628,11.84078],[76.66288,11.84089],[76.66302,11.8411],[76.66339,11.84136]]},"properties":{"shedId":"C05CAM20"}},{"type":"Feature","geometry":{"type":"LineString","coordinates":[[76.66205,11.83554],[76.66275,11.83736],[76.66376,11.83938],[76.66416,11.84017],[76.66424,11.84052],[76.66418,11.84072],[76.66401,11.84095],[76.66375,11.84112],[76.66339,11.84136]]},"properties":{"shedId":"C05CAM20"}},{"type":"Feature","geometry":{"type":"LineString","coordinates":[[76.62879,11.8356],[76.62932,11.83571],[76.62972,11.83576],[76.63022,11.83573],[76.63084,11.83569],[76.6318,11.83561],[76.63219,11.83554],[76.63258,11.83545],[76.63296,11.83549],[76.63326,11.83563],[76.63429,11.83685],[76.63453,11.83732],[76.63459,11.83779],[76.63468,11.83823],[76.63472,11.83861],[76.63489,11.83891],[76.63507,11.83913],[76.63587,11.84015],[76.63634,11.84082]]},"properties":{"shedId":"C05CAM20"}},{"type":"Feature","geometry":{"type":"LineString","coordinates":[[76.63697,11.83427],[76.6368,11.83513],[76.63662,11.83555],[76.63645,11.83577],[76.63633,11.83603],[76.63629,11.83638],[76.63621,11.83665],[76.63618,11.83701],[76.63621,11.83732],[76.63621,11.83749],[76.63621,11.83772],[76.63618,11.83833],[76.63623,11.83855],[76.63625,11.83869],[76.63627,11.83879],[76.6365,11.83943],[76.63653,11.8396],[76.63648,11.83975],[76.63641,11.83985],[76.63632,11.83997],[76.6363,11.84014],[76.63632,11.84037],[76.63634,11.84082]]},"properties":{"shedId":"C05CAM20"}},{"type":"Feature","geometry":{"type":"LineString","coordinates":[[76.53477,11.83858],[76.53459,11.83768],[76.5346,11.83728],[76.53459,11.83698],[76.53457,11.83653],[76.53456,11.83578],[76.53454,11.83551],[76.53455,11.83501]]},"properties":{"shedId":"C05CAM20"}},{"type":"Feature","geometry":{"type":"LineString","coordinates":[[76.55011,11.83904],[76.55008,11.839],[76.54988,11.83878],[76.54971,11.83854],[76.54964,11.83845],[76.54955,11.83814],[76.54948,11.83782],[76.54942,11.83739],[76.5493,11.83695],[76.54922,11.83671],[76.54925,11.83653],[76.54934,11.83625],[76.54956,11.83551],[76.54982,11.83518],[76.55006,11.83485],[76.55019,11.83446],[76.55011,11.83401],[76.5497,11.83276],[76.54952,11.83232],[76.54934,11.83184],[76.54934,11.83149],[76.54935,11.83107]]},"properties":{"shedId":"C05CAM20"}},{"type":"Feature","geometry":{"type":"LineString","coordinates":[[76.51982,11.82759],[76.52031,11.82869],[76.52078,11.82959],[76.52108,11.8301],[76.52234,11.8317],[76.52277,11.83218],[76.52335,11.83297],[76.52357,11.83345],[76.5237,11.83389],[76.52386,11.83442],[76.52402,11.83488],[76.52421,11.83543],[76.52454,11.83579],[76.52487,11.83608],[76.52647,11.83698],[76.52707,11.83738],[76.52753,11.83782],[76.52785,11.83811],[76.52815,11.83829],[76.52844,11.83852]]},"properties":{"shedId":"C05CAM20"}},{"type":"Feature","geometry":{"type":"LineString","coordinates":[[76.52844,11.83852],[76.52903,11.8385],[76.52954,11.83841],[76.52995,11.83807],[76.53053,11.83771],[76.53084,11.83749],[76.53092,11.83737],[76.53128,11.83717],[76.53161,11.83705],[76.53188,11.8369],[76.53198,11.83675],[76.53204,11.83649],[76.53206,11.83597],[76.53215,11.83583],[76.53226,11.83576],[76.53245,11.83576],[76.5326,11.83576],[76.53271,11.8357],[76.53282,11.83557],[76.5329,11.83546],[76.53302,11.8354],[76.53313,11.83538],[76.53328,11.83538],[76.53346,11.83533]]},"properties":{"shedId":"C05CAM20"}},{"type":"Feature","geometry":{"type":"LineString","coordinates":[[76.55959,11.83933],[76.55974,11.83905],[76.55981,11.83846],[76.55991,11.83813],[76.56007,11.83789],[76.5603,11.83761],[76.56037,11.8373],[76.56041,11.83698],[76.56044,11.83662],[76.56061,11.83617],[76.56087,11.83568],[76.56094,11.83548],[76.56092,11.83534],[76.56089,11.83527],[76.5608,11.83509],[76.56074,11.83493],[76.56072,11.83483],[76.56072,11.83475],[76.5607,11.83454],[76.56074,11.83389]]},"properties":{"shedId":"C05CAM20"}},{"type":"Feature","geometry":{"type":"LineString","coordinates":[[76.61188,11.83917],[76.61204,11.83967],[76.61259,11.84066]]},"properties":{"shedId":"C05CAM20"}},{"type":"Feature","geometry":{"type":"LineString","coordinates":[[76.64115,11.83528],[76.64109,11.83575],[76.64112,11.83588],[76.64122,11.83605],[76.6413,11.83619],[76.64135,11.83637],[76.6414,11.83656],[76.6418,11.83811],[76.6424,11.83957],[76.64255,11.83997],[76.64263,11.84013],[76.64276,11.84025],[76.64298,11.84034],[76.64358,11.84046],[76.6448,11.84082],[76.6453,11.84112],[76.64568,11.84157]]},"properties":{"shedId":"C05CAM20"}},{"type":"Feature","geometry":{"type":"LineString","coordinates":[[76.64561,11.83185],[76.64627,11.83299],[76.64657,11.8334],[76.64665,11.8336],[76.64662,11.83376],[76.64645,11.83457],[76.64647,11.83484],[76.64652,11.83499],[76.64659,11.83521],[76.6466,11.83545],[76.64654,11.83573],[76.64634,11.83683],[76.64638,11.83762],[76.64642,11.8398],[76.6466,11.8401],[76.64663,11.8402],[76.64664,11.84022],[76.64666,11.84052],[76.64668,11.84088],[76.64667,11.84114],[76.64666,11.84131],[76.64658,11.84145],[76.64648,11.84154],[76.64627,11.84156],[76.64568,11.84157]]},"properties":{"shedId":"C05CAM20"}},{"type":"Feature","geometry":{"type":"LineString","coordinates":[[76.52634,11.83944],[76.52704,11.83905],[76.5278,11.83872],[76.52844,11.83852]]},"properties":{"shedId":"C05CAM20"}},{"type":"Feature","geometry":{"type":"LineString","coordinates":[[76.59029,11.84105],[76.59085,11.84126],[76.59137,11.84132],[76.59178,11.84123],[76.59242,11.84092],[76.59396,11.83995],[76.59428,11.83966],[76.59443,11.83951],[76.59464,11.83916],[76.59475,11.83899],[76.59487,11.83879]]},"properties":{"shedId":"C05CAM20"}},{"type":"Feature","geometry":{"type":"LineString","coordinates":[[76.62659,11.84026],[76.62671,11.84007],[76.62685,11.83995],[76.62696,11.83989],[76.62701,11.83987],[76.62749,11.83981],[76.62757,11.8398],[76.62764,11.83978],[76.62768,11.83972],[76.62768,11.83966],[76.62758,11.83894],[76.62766,11.83884],[76.62781,11.8387],[76.62793,11.83861],[76.628,11.83859],[76.62834,11.83855],[76.62872,11.83872],[76.62913,11.83887],[76.62947,11.83895],[76.62977,11.83904],[76.63007,11.83918],[76.63029,11.83947],[76.63085,11.84061],[76.63112,11.84088],[76.63139,11.84101],[76.6317,11.84117],[76.63234,11.84171],[76.63269,11.84184],[76.63289,11.84196],[76.63313,11.84214],[76.63334,11.84223],[76.63363,11.84227],[76.63491,11.84245],[76.63554,11.8425],[76.6362,11.84245],[76.63653,11.84245],[76.63672,11.84247],[76.6373,11.84259]]},"properties":{"shedId":"C05CAM20"}},{"type":"Feature","geometry":{"type":"LineString","coordinates":[[76.63634,11.84082],[76.63644,11.84096],[76.6373,11.84259]]},"properties":{"shedId":"C05CAM20"}},{"type":"Feature","geometry":{"type":"LineString","coordinates":[[76.52496,11.84058],[76.52513,11.84028],[76.52552,11.83988],[76.52634,11.83944]]},"properties":{"shedId":"C05CAM20"}},{"type":"Feature","geometry":{"type":"LineString","coordinates":[[76.59799,11.84281],[76.59757,11.84278],[76.59675,11.8424],[76.59618,11.84195],[76.59588,11.84163],[76.59552,11.84123],[76.59511,11.84041],[76.595,11.84009],[76.59495,11.83977],[76.59493,11.83946],[76.59487,11.83879]]},"properties":{"shedId":"C05CAM20"}},{"type":"Feature","geometry":{"type":"LineString","coordinates":[[76.6373,11.84259],[76.63895,11.8436],[76.63942,11.84398]]},"properties":{"shedId":"C05CAM20"}},{"type":"Feature","geometry":{"type":"LineString","coordinates":[[76.63859,11.83556],[76.6385,11.8372],[76.63844,11.83778],[76.63831,11.83817],[76.63806,11.83864],[76.63787,11.83894],[76.63772,11.83946],[76.63787,11.8401],[76.63814,11.84085],[76.63852,11.84182],[76.63879,11.84212],[76.63908,11.84243],[76.63928,11.84271],[76.63943,11.84303],[76.63948,11.84342],[76.63942,11.84398]]},"properties":{"shedId":"C05CAM20"}},{"type":"Feature","geometry":{"type":"LineString","coordinates":[[76.51923,11.83685],[76.5195,11.83776],[76.52024,11.83885],[76.52126,11.84011],[76.5224,11.84089],[76.52294,11.84132]]},"properties":{"shedId":"C05CAM20"}},{"type":"Feature","geometry":{"type":"LineString","coordinates":[[76.55781,11.84239],[76.5584,11.84192],[76.55903,11.84118],[76.55938,11.8404],[76.55944,11.84012],[76.55957,11.83938],[76.55959,11.83933]]},"properties":{"shedId":"C05CAM20"}},{"type":"Feature","geometry":{"type":"LineString","coordinates":[[76.52294,11.84132],[76.52331,11.84162]]},"properties":{"shedId":"C05CAM20"}},{"type":"Feature","geometry":{"type":"LineString","coordinates":[[76.52331,11.84162],[76.52403,11.84128],[76.52472,11.84091],[76.52489,11.84076],[76.52496,11.84058]]},"properties":{"shedId":"C05CAM20"}},{"type":"Feature","geometry":{"type":"LineString","coordinates":[[76.67953,11.84246],[76.67959,11.84352],[76.67957,11.84389],[76.67955,11.84423],[76.67955,11.84456],[76.67958,11.84539]]},"properties":{"shedId":"C05CAM20"}},{"type":"Feature","geometry":{"type":"LineString","coordinates":[[76.79479,11.84387],[76.79409,11.84533],[76.79339,11.84709],[76.79314,11.84765],[76.79295,11.848],[76.79267,11.84845]]},"properties":{"shedId":"C05CAM20"}},{"type":"Feature","geometry":{"type":"LineString","coordinates":[[76.67533,11.84432],[76.67614,11.84468],[76.6764,11.8448],[76.67654,11.84495],[76.67665,11.84518],[76.67676,11.8453],[76.67696,11.84541],[76.67714,11.84542],[76.67904,11.84518],[76.67923,11.84522],[76.67958,11.84539]]},"properties":{"shedId":"C05CAM20"}},{"type":"Feature","geometry":{"type":"LineString","coordinates":[[76.51516,11.83992],[76.51604,11.84089],[76.51716,11.84161],[76.5179,11.84176],[76.51905,11.84176],[76.51962,11.84176],[76.52008,11.84175],[76.52089,11.84156],[76.52294,11.84132]]},"properties":{"shedId":"C05CAM20"}},{"type":"Feature","geometry":{"type":"LineString","coordinates":[[76.56609,11.84293],[76.56571,11.84169],[76.56556,11.84153],[76.56541,11.84136],[76.56538,11.84132],[76.56524,11.84114],[76.56514,11.84089],[76.56512,11.84069],[76.56496,11.8396],[76.56493,11.83931],[76.56479,11.83901],[76.56454,11.83883],[76.56431,11.83875],[76.56418,11.83868],[76.56404,11.83862],[76.56389,11.83849],[76.56375,11.83835],[76.56303,11.83719],[76.56282,11.83677],[76.56267,11.8363],[76.56211,11.83471],[76.5619,11.83439],[76.56148,11.83407],[76.56109,11.83396],[76.56074,11.83389]]},"properties":{"shedId":"C05CAM20"}},{"type":"Feature","geometry":{"type":"LineString","coordinates":[[76.55537,11.84281],[76.55513,11.84088],[76.555,11.84035],[76.55478,11.83996],[76.55405,11.83931],[76.55331,11.83905],[76.55278,11.83892],[76.5519,11.83896],[76.55171,11.83896],[76.55147,11.8388],[76.55135,11.83863],[76.55125,11.83847],[76.5512,11.83841],[76.55107,11.83828],[76.55084,11.8382],[76.55071,11.83823],[76.55058,11.83837],[76.55042,11.83861],[76.55011,11.83904]]},"properties":{"shedId":"C05CAM20"}},{"type":"Feature","geometry":{"type":"LineString","coordinates":[[76.5595,11.84333],[76.5596,11.84237],[76.5598,11.84135],[76.5599,11.84084],[76.55989,11.84042],[76.55984,11.83999],[76.55959,11.83933]]},"properties":{"shedId":"C05CAM20"}},{"type":"Feature","geometry":{"type":"LineString","coordinates":[[76.5396,11.843],[76.53997,11.84199],[76.54035,11.8415],[76.54099,11.84071],[76.54201,11.83985],[76.54266,11.83951],[76.54336,11.83926],[76.54402,11.839],[76.54473,11.83863],[76.54505,11.83813],[76.54525,11.83763]]},"properties":{"shedId":"C05CAM20"}},{"type":"Feature","geometry":{"type":"LineString","coordinates":[[76.80961,11.84015],[76.80939,11.8405],[76.80925,11.84069],[76.80922,11.84071],[76.80909,11.84079],[76.80902,11.84083],[76.80897,11.84086],[76.80894,11.84089],[76.80891,11.84095],[76.80889,11.841],[76.80887,11.84106],[76.80879,11.84118],[76.80874,11.84122],[76.80864,11.84128],[76.8086,11.8413],[76.80855,11.84132],[76.80849,11.84138],[76.80845,11.84149],[76.80836,11.84271],[76.80824,11.84309],[76.80821,11.84314],[76.80812,11.8433],[76.80794,11.84347],[76.80786,11.84354],[76.80781,11.8436],[76.80773,11.84373],[76.80762,11.84398],[76.80757,11.84407],[76.80757,11.8441],[76.80757,11.84414],[76.80756,11.84446],[76.80754,11.8446],[76.80748,11.84473],[76.80746,11.84476],[76.8073,11.8449],[76.80691,11.84509],[76.80681,11.84517],[76.80679,11.84526],[76.80679,11.84538],[76.80688,11.84627],[76.80702,11.84663],[76.80735,11.84694],[76.8075,11.84725],[76.80753,11.84748],[76.80753,11.84766],[76.80751,11.8479],[76.80748,11.84848],[76.80746,11.84878],[76.80744,11.84891],[76.80741,11.84903],[76.8073,11.84933]]},"properties":{"shedId":"C05CAM20"}},{"type":"Feature","geometry":{"type":"LineString","coordinates":[[76.81407,11.84517],[76.81359,11.8455],[76.81335,11.84573],[76.8133,11.84579],[76.81322,11.84598],[76.81311,11.84617],[76.81295,11.84644],[76.81282,11.84662],[76.81266,11.8468],[76.8117,11.84745],[76.81115,11.84784],[76.81071,11.84812],[76.81009,11.8485],[76.80915,11.84892],[76.80744,11.84926],[76.8073,11.84933]]},"properties":{"shedId":"C05CAM20"}},{"type":"Feature","geometry":{"type":"LineString","coordinates":[[76.79629,11.84924],[76.79591,11.84922],[76.79565,11.8492],[76.79538,11.8492],[76.79518,11.8493],[76.79506,11.8494],[76.79487,11.84942],[76.79461,11.84938],[76.79447,11.84929],[76.79431,11.84916],[76.79416,11.849],[76.79392,11.8488],[76.79362,11.84872],[76.79331,11.84869],[76.79267,11.84845]]},"properties":{"shedId":"C05CAM20"}},{"type":"Feature","geometry":{"type":"LineString","coordinates":[[76.52967,11.84333],[76.52911,11.84252],[76.52885,11.84208],[76.52832,11.84112],[76.52815,11.84062],[76.52813,11.84021],[76.52817,11.83994],[76.52823,11.83961],[76.52844,11.83852]]},"properties":{"shedId":"C05CAM20"}},{"type":"Feature","geometry":{"type":"LineString","coordinates":[[76.73368,11.84113],[76.73417,11.84173],[76.73457,11.842],[76.73502,11.84227],[76.73532,11.84267],[76.73575,11.84358],[76.73602,11.84393],[76.73625,11.84434],[76.73648,11.84487],[76.73683,11.84548],[76.73736,11.84695],[76.73738,11.84759],[76.73756,11.8483]]},"properties":{"shedId":"C05CAM20"}},{"type":"Feature","geometry":{"type":"LineString","coordinates":[[76.74334,11.84242],[76.74235,11.84259],[76.74123,11.84287],[76.74066,11.8433],[76.74011,11.84392],[76.74003,11.8443],[76.74005,11.84459],[76.74002,11.84493],[76.73999,11.84527],[76.73973,11.84569],[76.73903,11.84629],[76.73827,11.84767],[76.7381,11.84793],[76.73779,11.84817],[76.73771,11.84823],[76.73756,11.8483]]},"properties":{"shedId":"C05CAM20"}},{"type":"Feature","geometry":{"type":"LineString","coordinates":[[76.60116,11.84513],[76.60117,11.84457],[76.60127,11.84426],[76.60136,11.84396],[76.60162,11.84359],[76.60274,11.84273],[76.60324,11.84261],[76.60373,11.84252],[76.60584,11.84202],[76.60663,11.84182],[76.60735,11.84175],[76.60807,11.84175],[76.60888,11.84153],[76.60975,11.84139],[76.61121,11.84112],[76.61185,11.84089],[76.61259,11.84066]]},"properties":{"shedId":"C05CAM20"}},{"type":"Feature","geometry":{"type":"LineString","coordinates":[[76.54849,11.84431],[76.54812,11.84367],[76.54787,11.84317],[76.54759,11.84256],[76.54707,11.84121],[76.54702,11.84088],[76.54687,11.84053],[76.54668,11.84032],[76.54654,11.84022],[76.54645,11.84021],[76.54621,11.84007],[76.54606,11.8399],[76.54592,11.83962],[76.54582,11.83931],[76.54538,11.83807],[76.54525,11.83763]]},"properties":{"shedId":"C05CAM20"}},{"type":"Feature","geometry":{"type":"LineString","coordinates":[[76.78541,11.8385],[76.78526,11.83875],[76.78508,11.83893],[76.78483,11.83902],[76.78457,11.83907],[76.78377,11.8392],[76.78317,11.8392],[76.78258,11.83925],[76.7824,11.83937],[76.78232,11.8394],[76.78044,11.83995],[76.77755,11.84068],[76.77634,11.84086],[76.77608,11.84088],[76.77565,11.84085],[76.77528,11.84069],[76.77495,11.84044],[76.77385,11.83955],[76.77374,11.83949],[76.77363,11.83944],[76.77334,11.83926],[76.77321,11.83912],[76.77312,11.83903],[76.77303,11.83899],[76.7728,11.83895],[76.77253,11.83903],[76.7722,11.83925],[76.77182,11.83965],[76.77159,11.84003],[76.77118,11.84043],[76.77106,11.84046],[76.77081,11.84045],[76.7705,11.84022],[76.77012,11.83992],[76.7699,11.83988],[76.76949,11.83995],[76.76906,11.84014],[76.76892,11.84024],[76.76868,11.84038],[76.76822,11.8405],[76.76783,11.8405],[76.76768,11.84045],[76.7674,11.84035],[76.76706,11.84034],[76.7666,11.84041],[76.76458,11.84093],[76.76239,11.84195],[76.76167,11.84251],[76.76134,11.84298],[76.76113,11.84376],[76.76023,11.84578],[76.75995,11.84621],[76.75953,11.84658],[76.75897,11.84722],[76.75845,11.84768],[76.75787,11.84799],[76.75757,11.84815],[76.75737,11.8483],[76.75714,11.8485],[76.75696,11.84869],[76.75681,11.84893],[76.75676,11.84915],[76.75676,11.84927]]},"properties":{"shedId":"C05CAM20"}},{"type":"Feature","geometry":{"type":"LineString","coordinates":[[76.56979,11.84287],[76.57026,11.84268],[76.57068,11.84257],[76.57099,11.84254],[76.57112,11.84254],[76.57165,11.84257],[76.57183,11.84266],[76.57202,11.84279],[76.57257,11.84357],[76.57282,11.84378],[76.57307,11.84392],[76.57329,11.84404],[76.57412,11.84435],[76.5744,11.84446],[76.57473,11.84461],[76.57497,11.84477],[76.57518,11.84491],[76.57545,11.84505],[76.57602,11.84516],[76.57646,11.84512],[76.57677,11.84502],[76.57697,11.84494],[76.57709,11.84494],[76.57731,11.84495],[76.57759,11.84495],[76.57777,11.84494],[76.57806,11.8449],[76.57867,11.84499],[76.57894,11.84509]]},"properties":{"shedId":"C05CAM20"}},{"type":"Feature","geometry":{"type":"LineString","coordinates":[[76.75819,11.83069],[76.758,11.83073],[76.75785,11.83085],[76.75767,11.83228],[76.75749,11.83296],[76.75715,11.83353],[76.75692,11.83379],[76.75585,11.83512],[76.75492,11.83636],[76.75483,11.83658],[76.75481,11.83691],[76.75482,11.83717],[76.75479,11.83744],[76.75469,11.83763],[76.75436,11.838],[76.75355,11.83854],[76.75331,11.83893],[76.75316,11.83925],[76.75307,11.83963],[76.75302,11.84012],[76.75319,11.84123],[76.75344,11.84182],[76.75399,11.84399],[76.75425,11.84447],[76.75437,11.8455],[76.75457,11.84641],[76.75461,11.84678],[76.75459,11.84705],[76.75451,11.84735],[76.75446,11.84777],[76.75448,11.84808],[76.75455,11.84842],[76.75477,11.84876],[76.75571,11.84937],[76.75598,11.8494],[76.75676,11.84927]]},"properties":{"shedId":"C05CAM20"}},{"type":"Feature","geometry":{"type":"LineString","coordinates":[[76.57894,11.84509],[76.57942,11.84518],[76.57981,11.84527],[76.57996,11.84534]]},"properties":{"shedId":"C05CAM20"}},{"type":"Feature","geometry":{"type":"LineString","coordinates":[[76.57594,11.8407],[76.57658,11.84167],[76.57674,11.84212],[76.5768,11.84253],[76.57698,11.84318],[76.57715,11.84359],[76.57755,11.84398],[76.57803,11.84424],[76.57882,11.84439],[76.5795,11.84469],[76.57979,11.84497],[76.57996,11.84534]]},"properties":{"shedId":"C05CAM20"}},{"type":"Feature","geometry":{"type":"LineString","coordinates":[[76.51784,11.84368],[76.5182,11.84368],[76.5186,11.84375],[76.51893,11.84389],[76.51929,11.84402],[76.51966,11.84415],[76.51999,11.84419],[76.52022,11.84421],[76.52056,11.8443]]},"properties":{"shedId":"C05CAM20"}},{"type":"Feature","geometry":{"type":"LineString","coordinates":[[76.52056,11.8443],[76.52185,11.84319],[76.52234,11.84256],[76.5225,11.84228],[76.52269,11.84203],[76.52286,11.84187],[76.52298,11.84179],[76.5232,11.84167],[76.52331,11.84162]]},"properties":{"shedId":"C05CAM20"}},{"type":"Feature","geometry":{"type":"LineString","coordinates":[[76.53466,11.84372],[76.53543,11.84448],[76.53605,11.84485],[76.53674,11.84522],[76.53718,11.84527],[76.53759,11.84513],[76.53795,11.84472],[76.53831,11.84432],[76.53889,11.84401],[76.53933,11.84355],[76.5396,11.843]]},"properties":{"shedId":"C05CAM20"}},{"type":"Feature","geometry":{"type":"LineString","coordinates":[[76.63942,11.84398],[76.63955,11.84408],[76.64007,11.84474],[76.64029,11.8453],[76.64127,11.84672],[76.64176,11.8473],[76.64215,11.84749],[76.64247,11.84758],[76.643,11.84762],[76.64335,11.84758],[76.64365,11.84752],[76.64368,11.84752],[76.64406,11.84737],[76.64419,11.84735],[76.64438,11.84742],[76.64467,11.8478],[76.64491,11.84794],[76.64515,11.84798],[76.6454,11.84799],[76.64568,11.84807]]},"properties":{"shedId":"C05CAM20"}},{"type":"Feature","geometry":{"type":"LineString","coordinates":[[76.64568,11.84157],[76.64562,11.84222],[76.64563,11.84259],[76.64562,11.84284],[76.6455,11.84326],[76.64521,11.84396],[76.64517,11.8442],[76.64521,11.84431],[76.64531,11.84439],[76.64547,11.84444],[76.64558,11.84445],[76.64562,11.84448],[76.64568,11.84451],[76.64569,11.84453],[76.64574,11.84466],[76.64579,11.84503],[76.64586,11.84567],[76.64585,11.84587],[76.64558,11.8461],[76.64538,11.84617],[76.64524,11.84626],[76.6452,11.84645],[76.64522,11.84658],[76.64524,11.84669],[76.64536,11.84696],[76.64555,11.84726],[76.64567,11.84757],[76.64568,11.84807]]},"properties":{"shedId":"C05CAM20"}},{"type":"Feature","geometry":{"type":"LineString","coordinates":[[76.52415,11.84522],[76.52417,11.84493],[76.52418,11.84454],[76.52442,11.84348],[76.52443,11.84287],[76.52449,11.84263],[76.52465,11.8424],[76.52494,11.84215],[76.52511,11.84191],[76.5252,11.84166],[76.52523,11.84138],[76.5252,11.84111],[76.52496,11.84058]]},"properties":{"shedId":"C05CAM20"}},{"type":"Feature","geometry":{"type":"LineString","coordinates":[[76.8033,11.84624],[76.80299,11.84631],[76.8027,11.84647],[76.80253,11.84668],[76.80243,11.84699],[76.80235,11.84735],[76.80237,11.8477],[76.80244,11.8483],[76.80252,11.8486],[76.8026,11.84877],[76.80265,11.84883],[76.80279,11.84901],[76.80319,11.84998],[76.80351,11.85098],[76.80366,11.8514],[76.80392,11.85228]]},"properties":{"shedId":"C05CAM20"}},{"type":"Feature","geometry":{"type":"LineString","coordinates":[[76.8073,11.84933],[76.80702,11.84944],[76.80635,11.84989],[76.80621,11.85001],[76.80622,11.8502],[76.80627,11.8505],[76.80631,11.85067],[76.80634,11.85083],[76.80629,11.85094],[76.80624,11.85106],[76.80617,11.85113],[76.80498,11.85166],[76.80392,11.85228]]},"properties":{"shedId":"C05CAM20"}},{"type":"Feature","geometry":{"type":"LineString","coordinates":[[76.51912,11.84569],[76.5199,11.84478],[76.5203,11.84451],[76.52056,11.8443]]},"properties":{"shedId":"C05CAM20"}},{"type":"Feature","geometry":{"type":"LineString","coordinates":[[76.61259,11.84066],[76.61349,11.84229],[76.61417,11.84371],[76.61429,11.8451],[76.61423,11.84643],[76.61411,11.84707],[76.61394,11.84759],[76.6135,11.84817]]},"properties":{"shedId":"C05CAM20"}},{"type":"Feature","geometry":{"type":"LineString","coordinates":[[76.62017,11.84591],[76.61848,11.84673],[76.61745,11.8471],[76.61632,11.84738],[76.6154,11.84766],[76.61443,11.84799],[76.6135,11.84817]]},"properties":{"shedId":"C05CAM20"}},{"type":"Feature","geometry":{"type":"LineString","coordinates":[[76.57996,11.84534],[76.58014,11.84541],[76.58027,11.84539],[76.58045,11.84531],[76.58063,11.84526],[76.58084,11.84528],[76.58135,11.84542],[76.58149,11.84553],[76.58158,11.84559],[76.58163,11.84562],[76.58174,11.84568],[76.58188,11.8457],[76.58208,11.8457],[76.58308,11.84556],[76.58332,11.84557],[76.5835,11.84559],[76.58368,11.84564],[76.58393,11.84574],[76.5842,11.84595],[76.58435,11.84601],[76.58444,11.84601],[76.58465,11.8459],[76.58507,11.84576],[76.5852,11.84576],[76.58534,11.84581],[76.58546,11.84586],[76.58564,11.84589],[76.58602,11.84612],[76.58645,11.84663],[76.58661,11.84676],[76.58676,11.84684],[76.58697,11.84689],[76.5876,11.84712],[76.58781,11.84722],[76.58792,11.84734],[76.58798,11.84744],[76.58803,11.84758]]},"properties":{"shedId":"C05CAM20"}},{"type":"Feature","geometry":{"type":"LineString","coordinates":[[76.58216,11.83921],[76.58274,11.83933],[76.58315,11.83947],[76.58362,11.8395],[76.58414,11.83952],[76.58485,11.83964],[76.5851,11.83974],[76.58528,11.83999],[76.58607,11.84088],[76.58631,11.8411],[76.58658,11.8415],[76.58673,11.84157],[76.58683,11.84159],[76.58694,11.84161],[76.58702,11.84168],[76.58704,11.84177],[76.58707,11.84194],[76.58719,11.84276],[76.58722,11.84312],[76.5873,11.8434],[76.58737,11.84377],[76.58766,11.84436],[76.58783,11.84456],[76.58789,11.84466],[76.58799,11.84512],[76.5881,11.84599],[76.58813,11.84638],[76.5881,11.84698],[76.58812,11.84727],[76.58811,11.84734],[76.58809,11.84738],[76.58803,11.84758]]},"properties":{"shedId":"C05CAM20"}},{"type":"Feature","geometry":{"type":"LineString","coordinates":[[76.56896,11.84642],[76.56941,11.8465],[76.56974,11.84665],[76.57004,11.84682],[76.57033,11.84695],[76.57065,11.84708],[76.57148,11.8473],[76.57173,11.84732],[76.57187,11.84729],[76.57201,11.84725],[76.57216,11.84723],[76.57231,11.84723],[76.5725,11.84725],[76.57263,11.8473],[76.57292,11.84732],[76.57337,11.84728],[76.57356,11.84719],[76.57375,11.84706],[76.57416,11.84672],[76.57447,11.84657],[76.57469,11.84645],[76.57485,11.84634],[76.57494,11.84626],[76.57498,11.84624],[76.57506,11.84621],[76.57513,11.84621],[76.5753,11.84619],[76.57549,11.84612],[76.5757,11.84603],[76.57597,11.84597],[76.57692,11.8459],[76.57716,11.84601],[76.5773,11.84612],[76.57741,11.84618],[76.57752,11.8462],[76.57771,11.84622],[76.57779,11.84621],[76.57841,11.84595],[76.57875,11.84579],[76.57891,11.84563],[76.57893,11.84544],[76.57893,11.8453],[76.57894,11.84509]]},"properties":{"shedId":"C05CAM20"}},{"type":"Feature","geometry":{"type":"LineString","coordinates":[[76.52932,11.84651],[76.52875,11.84595],[76.52827,11.84552],[76.52801,11.84523],[76.5278,11.84485],[76.52758,11.8444],[76.52685,11.84304],[76.52671,11.84268],[76.52667,11.84227],[76.52658,11.8419],[76.52626,11.84098],[76.52624,11.8409],[76.52625,11.84078],[76.52625,11.84067],[76.52626,11.84053],[76.52634,11.83944]]},"properties":{"shedId":"C05CAM20"}},{"type":"Feature","geometry":{"type":"LineString","coordinates":[[76.54208,11.84771],[76.54184,11.84746],[76.54166,11.84728],[76.54149,11.84713],[76.54128,11.84688],[76.54113,11.84671],[76.54097,11.84647],[76.54085,11.84624],[76.54077,11.84587],[76.54055,11.84534],[76.54035,11.8448],[76.54026,11.84429],[76.54001,11.84377],[76.53982,11.84347],[76.5396,11.843]]},"properties":{"shedId":"C05CAM20"}},{"type":"Feature","geometry":{"type":"LineString","coordinates":[[76.6021,11.84833],[76.60294,11.84831],[76.60383,11.84807],[76.60522,11.84787],[76.60606,11.84766],[76.60718,11.84737],[76.60781,11.84709],[76.6084,11.84677],[76.60919,11.84657],[76.60944,11.84656],[76.61008,11.84667],[76.61087,11.84702],[76.61135,11.84776],[76.61168,11.84844],[76.61208,11.84909],[76.61244,11.84954]]},"properties":{"shedId":"C05CAM20"}},{"type":"Feature","geometry":{"type":"LineString","coordinates":[[76.6135,11.84817],[76.61288,11.84855],[76.61279,11.84867],[76.61267,11.84881],[76.61244,11.84954]]},"properties":{"shedId":"C05CAM20"}},{"type":"Feature","geometry":{"type":"LineString","coordinates":[[76.6506,11.83384],[76.65117,11.83429],[76.6514,11.83445],[76.65148,11.83457],[76.65157,11.83476],[76.65158,11.83494],[76.65151,11.83555],[76.65143,11.83593],[76.65141,11.83609],[76.65143,11.83631],[76.65159,11.83713],[76.6519,11.83786],[76.65211,11.83851],[76.65232,11.83953],[76.65235,11.83993],[76.65235,11.84018],[76.65226,11.84044],[76.65226,11.84053],[76.65225,11.84066],[76.65224,11.84092],[76.65219,11.84109],[76.65206,11.84134],[76.65198,11.84151],[76.65198,11.84172],[76.65199,11.84202],[76.65223,11.84262],[76.6523,11.84296],[76.65231,11.84324],[76.65228,11.84354],[76.65217,11.84382],[76.65211,11.84403],[76.65211,11.84448],[76.65214,11.84494],[76.65215,11.8451],[76.6522,11.84519],[76.65226,11.84523],[76.65234,11.84523],[76.65238,11.84524],[76.6524,11.84525],[76.65244,11.84527],[76.65247,11.8453],[76.65249,11.84535],[76.65262,11.84591],[76.65269,11.84606],[76.65275,11.84615],[76.65281,11.84624],[76.65282,11.84635],[76.65283,11.84646],[76.65281,11.84651],[76.65278,11.84653],[76.65269,11.84662],[76.65262,11.84669],[76.65257,11.8468],[76.65261,11.8475],[76.65263,11.84765],[76.65276,11.8479],[76.65282,11.84797],[76.65293,11.84802],[76.65333,11.84811],[76.65469,11.84822],[76.65519,11.84829],[76.65569,11.84835],[76.65599,11.84834],[76.65628,11.84833],[76.65668,11.84821],[76.65718,11.84815],[76.65755,11.84815],[76.6578,11.8482],[76.65838,11.84822],[76.65906,11.84835],[76.65935,11.84847],[76.65961,11.84869],[76.66126,11.84994],[76.66193,11.85026],[76.66248,11.85033],[76.66297,11.85044],[76.66354,11.8507],[76.66416,11.85116]]},"properties":{"shedId":"C05CAM20"}},{"type":"Feature","geometry":{"type":"LineString","coordinates":[[76.66339,11.84136],[76.66324,11.8416],[76.66317,11.8419],[76.66334,11.84283],[76.66345,11.84313],[76.66357,11.84324],[76.6638,11.84329],[76.66526,11.8434],[76.66559,11.84338],[76.66602,11.84318],[76.66624,11.84311],[76.66639,11.84311],[76.66672,11.84314],[76.66681,11.84318],[76.66699,11.84326],[76.66702,11.84327],[76.66729,11.84375],[76.66753,11.84473],[76.6678,11.84589],[76.66794,11.84627],[76.66807,11.84653],[76.66826,11.84673],[76.66854,11.84686],[76.66882,11.84697],[76.6689,11.84706],[76.66898,11.84712],[76.66912,11.84736],[76.6696,11.84892],[76.6699,11.84982],[76.67015,11.85049],[76.67037,11.85085],[76.6706,11.85126],[76.67109,11.85235]]},"properties":{"shedId":"C05CAM20"}},{"type":"Feature","geometry":{"type":"LineString","coordinates":[[76.66416,11.85116],[76.66456,11.85105],[76.66712,11.85095],[76.66782,11.85098],[76.66849,11.85118],[76.66878,11.85157],[76.66929,11.85217],[76.6697,11.85234],[76.67041,11.85235],[76.67109,11.85235]]},"properties":{"shedId":"C05CAM20"}},{"type":"Feature","geometry":{"type":"LineString","coordinates":[[76.54953,11.84954],[76.54918,11.84905],[76.54901,11.84864],[76.54889,11.84833],[76.54886,11.84817],[76.54886,11.84759],[76.54916,11.84611],[76.54917,11.84569],[76.54906,11.84531],[76.54883,11.84491],[76.54849,11.84431]]},"properties":{"shedId":"C05CAM20"}},{"type":"Feature","geometry":{"type":"LineString","coordinates":[[76.52073,11.84886],[76.52164,11.84826],[76.52238,11.84768],[76.52278,11.84735],[76.52328,11.84678],[76.52358,11.84629],[76.52415,11.84522]]},"properties":{"shedId":"C05CAM20"}},{"type":"Feature","geometry":{"type":"LineString","coordinates":[[76.55985,11.84554],[76.56029,11.8455],[76.56064,11.84546],[76.56134,11.84531],[76.56161,11.84528],[76.5618,11.84532],[76.5623,11.84599],[76.56276,11.84633],[76.56324,11.84663],[76.56409,11.84712],[76.56451,11.84755],[76.56499,11.84926],[76.56532,11.8498],[76.56548,11.8501]]},"properties":{"shedId":"C05CAM20"}},{"type":"Feature","geometry":{"type":"LineString","coordinates":[[76.73186,11.84853],[76.73217,11.8494],[76.73284,11.8511],[76.73307,11.85168],[76.73312,11.85193],[76.7331,11.85215],[76.73305,11.85229],[76.73289,11.85253],[76.73275,11.85272],[76.73274,11.85279],[76.73274,11.85286],[76.73278,11.85293],[76.73301,11.85339],[76.73334,11.85404]]},"properties":{"shedId":"C05CAM20"}},{"type":"Feature","geometry":{"type":"LineString","coordinates":[[76.73756,11.8483],[76.7374,11.84838],[76.73692,11.8487],[76.73581,11.8493],[76.73534,11.84947],[76.73522,11.84956],[76.73516,11.84975],[76.73517,11.84988],[76.73541,11.8508],[76.73558,11.85233],[76.7356,11.85254],[76.73557,11.85282],[76.73548,11.85314],[76.73534,11.85328],[76.73526,11.85331],[76.73515,11.85334],[76.73501,11.85336],[76.73389,11.85349],[76.73382,11.85349],[76.73369,11.85354],[76.73352,11.85364],[76.73343,11.85373],[76.73334,11.85404]]},"properties":{"shedId":"C05CAM20"}},{"type":"Feature","geometry":{"type":"LineString","coordinates":[[76.55492,11.85011],[76.55459,11.84984],[76.55438,11.84958],[76.5543,11.84935],[76.55424,11.84908],[76.55417,11.84879],[76.55379,11.848],[76.5535,11.84744],[76.5532,11.84681],[76.55272,11.84597],[76.55249,11.84545],[76.55219,11.84487],[76.55219,11.84458],[76.55229,11.84433],[76.55239,11.84415],[76.5524,11.8439],[76.55236,11.84364],[76.55225,11.84332],[76.5521,11.84307],[76.55196,11.84282],[76.55192,11.84263],[76.55187,11.84236],[76.55168,11.84169],[76.55133,11.84109],[76.55101,11.84044],[76.55077,11.83997],[76.55011,11.83904]]},"properties":{"shedId":"C05CAM20"}},{"type":"Feature","geometry":{"type":"LineString","coordinates":[[76.64568,11.84807],[76.64589,11.84821],[76.64635,11.84869],[76.64657,11.849],[76.6466,11.84925],[76.64654,11.84944],[76.64644,11.84956],[76.64631,11.84969],[76.64626,11.84985],[76.64629,11.85005],[76.6464,11.85022],[76.64641,11.85022],[76.64763,11.85106],[76.64815,11.85134],[76.64867,11.85149],[76.65132,11.85198],[76.65204,11.85216],[76.65289,11.85222],[76.65356,11.85217],[76.65399,11.85204],[76.65434,11.85186],[76.65468,11.85166],[76.65506,11.85151],[76.65541,11.85139],[76.65577,11.85141],[76.6564,11.85164],[76.65672,11.8518],[76.65717,11.8519],[76.65741,11.85192],[76.65758,11.85198],[76.65806,11.85213],[76.65856,11.85228],[76.65905,11.8524],[76.65975,11.85268],[76.66012,11.85275],[76.66065,11.85272],[76.6614,11.85244],[76.66306,11.85167],[76.66341,11.8514],[76.66385,11.85124],[76.66416,11.85116]]},"properties":{"shedId":"C05CAM20"}},{"type":"Feature","geometry":{"type":"LineString","coordinates":[[76.54451,11.85033],[76.54447,11.85005],[76.54445,11.84972],[76.54449,11.84938],[76.54456,11.84913],[76.54473,11.84877],[76.54482,11.84844],[76.54486,11.84795],[76.54473,11.8467],[76.54476,11.8463],[76.54484,11.84597],[76.5449,11.84582],[76.54503,11.8457],[76.54544,11.84552],[76.54665,11.84529],[76.54723,11.84522],[76.54782,11.84509],[76.5482,11.84493],[76.54832,11.84476],[76.54849,11.84431]]},"properties":{"shedId":"C05CAM20"}},{"type":"Feature","geometry":{"type":"LineString","coordinates":[[76.79267,11.84845],[76.79218,11.84879],[76.79169,11.84916],[76.79059,11.84978],[76.78991,11.85007],[76.78912,11.85015],[76.78857,11.85018],[76.78835,11.85024],[76.78812,11.85037],[76.78736,11.85103],[76.78713,11.85118],[76.78697,11.85127],[76.78668,11.85146],[76.78649,11.85162],[76.78618,11.85171],[76.78609,11.85171],[76.786,11.85173],[76.78591,11.85172],[76.78585,11.85171],[76.78511,11.85135],[76.7849,11.85135],[76.78479,11.85137],[76.78469,11.85141],[76.78461,11.85147],[76.78455,11.85153],[76.78452,11.85157],[76.78448,11.85164],[76.78439,11.85249],[76.78435,11.85269],[76.78423,11.85286],[76.78412,11.85296],[76.78393,11.85309],[76.7838,11.85322],[76.78365,11.85334],[76.7834,11.85341],[76.78211,11.85369],[76.78208,11.8537],[76.78203,11.85373],[76.78184,11.85385],[76.78172,11.85389],[76.78159,11.85394],[76.78144,11.85401],[76.78136,11.85404],[76.78127,11.85408],[76.78118,11.85419],[76.78086,11.85494],[76.78079,11.85505],[76.78066,11.85516],[76.78035,11.85532],[76.77889,11.85613]]},"properties":{"shedId":"C05CAM20"}},{"type":"Feature","geometry":{"type":"LineString","coordinates":[[76.81949,11.85153],[76.81931,11.85154],[76.81918,11.85154],[76.81908,11.85159],[76.81899,11.85166],[76.81891,11.85175],[76.81885,11.85196],[76.81881,11.85212],[76.81872,11.85241],[76.81859,11.85272],[76.81837,11.85299],[76.81811,11.85323],[76.81708,11.85364],[76.81682,11.85374],[76.81674,11.85382],[76.81665,11.85393],[76.81661,11.85408],[76.81661,11.85426],[76.81662,11.8545],[76.81662,11.85487],[76.81651,11.85512],[76.81638,11.85527],[76.81616,11.85533],[76.81491,11.85537],[76.81456,11.85547],[76.81423,11.85554],[76.81404,11.85561],[76.81398,11.85565],[76.81391,11.85571],[76.81384,11.85588],[76.81375,11.85608],[76.81368,11.85624],[76.8135,11.85639],[76.81329,11.85644],[76.81192,11.85684],[76.81167,11.85691],[76.81042,11.85712],[76.81028,11.85713]]},"properties":{"shedId":"C05CAM20"}},{"type":"Feature","geometry":{"type":"LineString","coordinates":[[76.52245,11.85052],[76.52326,11.84934],[76.52345,11.84881],[76.52372,11.84844],[76.52394,11.84812],[76.52408,11.84803],[76.52449,11.84771],[76.5247,11.84736],[76.52474,11.84697],[76.52472,11.84653],[76.52461,11.84617],[76.52444,11.84581],[76.52429,11.84554],[76.52415,11.84522]]},"properties":{"shedId":"C05CAM20"}},{"type":"Feature","geometry":{"type":"LineString","coordinates":[[76.77174,11.8506],[76.77262,11.85168],[76.7742,11.85286],[76.7746,11.85333],[76.77495,11.85421],[76.77515,11.85479],[76.77513,11.85559],[76.77513,11.8565]]},"properties":{"shedId":"C05CAM20"}},{"type":"Feature","geometry":{"type":"LineString","coordinates":[[76.77889,11.85613],[76.77804,11.85628],[76.77649,11.85633],[76.77513,11.8565]]},"properties":{"shedId":"C05CAM20"}},{"type":"Feature","geometry":{"type":"LineString","coordinates":[[76.56548,11.8501],[76.56568,11.85045],[76.56653,11.85139],[76.56696,11.85171],[76.56722,11.8519],[76.56751,11.85219],[76.56764,11.85247],[76.56781,11.8528],[76.56785,11.85295],[76.56791,11.85307],[76.56802,11.85319],[76.56811,11.85325]]},"properties":{"shedId":"C05CAM20"}},{"type":"Feature","geometry":{"type":"LineString","coordinates":[[76.80392,11.85228],[76.80374,11.85239],[76.80336,11.8526],[76.80308,11.85272],[76.80269,11.85287],[76.80236,11.853],[76.80206,11.85318],[76.80158,11.85345],[76.80145,11.85365],[76.80145,11.8538],[76.80144,11.85402],[76.80145,11.85415],[76.80145,11.85429],[76.8014,11.85448],[76.80134,11.85459],[76.80118,11.85469],[76.80102,11.85472],[76.79997,11.85463],[76.79964,11.85462],[76.79945,11.85462],[76.79923,11.85463],[76.79909,11.8547],[76.79899,11.8548],[76.79898,11.85487],[76.79899,11.8551],[76.79903,11.85525],[76.79906,11.8555],[76.79898,11.85572],[76.79807,11.85698],[76.79765,11.85748],[76.79705,11.85793],[76.79675,11.85811],[76.79646,11.85817],[76.79478,11.85815],[76.79358,11.858],[76.79341,11.85802],[76.79329,11.85816],[76.79313,11.85876]]},"properties":{"shedId":"C05CAM20"}},{"type":"Feature","geometry":{"type":"LineString","coordinates":[[76.7028,11.8386],[76.70373,11.83893],[76.70456,11.83931],[76.705,11.83975],[76.70507,11.84029],[76.70511,11.84117],[76.70497,11.84212],[76.70422,11.8432],[76.70276,11.84494],[76.70155,11.84586],[76.70021,11.84647],[76.69825,11.84764],[76.6976,11.84829],[76.69749,11.84861],[76.69746,11.84893],[76.69757,11.84927],[76.69789,11.84953],[76.69838,11.84968],[76.69856,11.84971],[76.69866,11.84976],[76.69894,11.84992],[76.69921,11.85011],[76.6994,11.85037],[76.6994,11.85093],[76.69936,11.85107],[76.69903,11.85148],[76.69869,11.85174],[76.69853,11.85192],[76.69846,11.8521],[76.69849,11.85256],[76.69876,11.85424],[76.69935,11.8554],[76.70038,11.85678]]},"properties":{"name":"Gundal","shedId":"C05CAM20"}},{"type":"Feature","geometry":{"type":"LineString","coordinates":[[76.72028,11.84508],[76.71965,11.84535],[76.71928,11.84552],[76.7189,11.84565],[76.71791,11.84588],[76.71768,11.84586],[76.71754,11.84578],[76.71736,11.84564],[76.71724,11.84556],[76.71715,11.84552],[76.71711,11.84551],[76.71693,11.84546],[76.71673,11.84546],[76.71644,11.84551],[76.71599,11.84568],[76.71567,11.84575],[76.71542,11.84579],[76.71519,11.8458],[76.71481,11.84579],[76.71412,11.84559],[76.71382,11.84548],[76.71365,11.84548],[76.71354,11.84551],[76.71335,11.84558],[76.71318,11.84566],[76.71279,11.84568],[76.7126,11.8457],[76.71253,11.84571],[76.71245,11.84576],[76.71242,11.84589],[76.71241,11.84601],[76.71241,11.84616],[76.71235,11.84625],[76.71229,11.84628],[76.71197,11.84645],[76.71183,11.84663],[76.71178,11.84675],[76.71172,11.84686],[76.71165,11.84691],[76.71143,11.84693],[76.71123,11.84688],[76.71108,11.84682],[76.71092,11.84682],[76.7107,11.84689],[76.71004,11.84718],[76.70964,11.8473],[76.70928,11.84744],[76.70878,11.84749],[76.7081,11.84748],[76.70787,11.8475],[76.70774,11.84755],[76.70764,11.84761],[76.7075,11.84769],[76.70739,11.84778],[76.7072,11.8479],[76.70695,11.84795],[76.70556,11.8479],[76.70427,11.84779],[76.70377,11.84784],[76.70337,11.84807],[76.70295,11.84852],[76.70224,11.84977],[76.70212,11.85045],[76.70197,11.85128],[76.70162,11.8539],[76.70147,11.85467],[76.7014,11.85481],[76.7013,11.85491],[76.70118,11.85499],[76.70099,11.855],[76.70085,11.85508],[76.70072,11.85517],[76.70067,11.85524],[76.70067,11.85535],[76.70068,11.85547],[76.70076,11.85563],[76.70079,11.85579],[76.70079,11.85594],[76.70067,11.8563],[76.70038,11.85678]]},"properties":{"shedId":"C05CAM20"}},{"type":"Feature","geometry":{"type":"LineString","coordinates":[[76.7234,11.85209],[76.72359,11.85204],[76.7237,11.85203],[76.72381,11.85204],[76.72392,11.85207],[76.724,11.85214],[76.72407,11.85224],[76.72414,11.85233],[76.7243,11.85244],[76.72484,11.85271],[76.72497,11.85281],[76.72506,11.85292],[76.72517,11.85303],[76.72526,11.85309],[76.7255,11.85314],[76.72631,11.85328],[76.72733,11.85339],[76.72851,11.85362],[76.72861,11.85366],[76.72868,11.85372],[76.72868,11.8538],[76.72859,11.8544],[76.72857,11.85458],[76.72857,11.85467],[76.72859,11.85475],[76.72863,11.85478],[76.72876,11.85481],[76.73042,11.85497],[76.73063,11.85507],[76.73076,11.85521],[76.73087,11.85544],[76.73097,11.85602],[76.73113,11.85684],[76.7313,11.8572],[76.73144,11.85754]]},"properties":{"shedId":"C05CAM20"}},{"type":"Feature","geometry":{"type":"LineString","coordinates":[[76.73334,11.85404],[76.73332,11.85411],[76.73322,11.85556],[76.73322,11.85587],[76.73316,11.85619],[76.73304,11.85639],[76.73281,11.85663],[76.73168,11.85735],[76.73144,11.85754]]},"properties":{"shedId":"C05CAM20"}},{"type":"Feature","geometry":{"type":"LineString","coordinates":[[76.55911,11.85391],[76.55917,11.8526],[76.55925,11.85192],[76.55932,11.85153],[76.55955,11.85123],[76.56013,11.85061],[76.56038,11.85045],[76.5606,11.85033],[76.56081,11.85032],[76.56141,11.85026],[76.56235,11.85009],[76.56271,11.85012],[76.56321,11.85013],[76.56449,11.84999],[76.56548,11.8501]]},"properties":{"shedId":"C05CAM20"}},{"type":"Feature","geometry":{"type":"LineString","coordinates":[[76.81028,11.85713],[76.80874,11.85724],[76.80734,11.85742],[76.80567,11.85786],[76.80454,11.85798],[76.80415,11.858],[76.8035,11.85803],[76.80207,11.85828],[76.80119,11.85848],[76.79962,11.85866],[76.79866,11.85895],[76.79761,11.85922],[76.79659,11.85946],[76.79474,11.85977],[76.79401,11.85978],[76.79379,11.85983],[76.79361,11.85983],[76.7935,11.85978],[76.79345,11.85968],[76.79346,11.85951],[76.79347,11.85905],[76.79343,11.85892],[76.79332,11.85881],[76.79313,11.85876]]},"properties":{"shedId":"C05CAM20"}},{"type":"Feature","geometry":{"type":"LineString","coordinates":[[76.56491,11.85467],[76.56509,11.85467],[76.5655,11.85448],[76.56563,11.85441],[76.56582,11.85434],[76.566,11.85426],[76.56611,11.85426],[76.56647,11.85424],[76.56678,11.85427],[76.56706,11.85425],[76.56736,11.85418],[76.56759,11.85402],[76.56788,11.85378],[76.56807,11.85351],[76.56811,11.85325]]},"properties":{"shedId":"C05CAM20"}},{"type":"Feature","geometry":{"type":"LineString","coordinates":[[76.79313,11.85876],[76.79166,11.85862],[76.7908,11.85867],[76.79008,11.85867],[76.78932,11.85869],[76.78854,11.85875],[76.78747,11.85903],[76.78665,11.85963],[76.78624,11.85981],[76.78544,11.85981],[76.78512,11.85973],[76.78412,11.85937],[76.78383,11.85902],[76.78358,11.85856],[76.78346,11.85833],[76.78327,11.85816],[76.78293,11.85807],[76.78248,11.85796],[76.78132,11.85797],[76.78058,11.858],[76.78039,11.858],[76.78031,11.85798],[76.78028,11.85798],[76.78023,11.85792],[76.78012,11.85767],[76.78002,11.85709],[76.77993,11.85691],[76.77983,11.85679],[76.77971,11.85669],[76.77926,11.85636],[76.77889,11.85613]]},"properties":{"shedId":"C05CAM20"}},{"type":"Feature","geometry":{"type":"LineString","coordinates":[[76.81506,11.86094],[76.81458,11.86094],[76.81357,11.86089],[76.81323,11.86087],[76.81274,11.86073],[76.81239,11.86053],[76.81231,11.86043],[76.81227,11.86037],[76.81217,11.86024],[76.81212,11.86018],[76.81208,11.86016],[76.81201,11.86011],[76.81192,11.86009],[76.81173,11.86004],[76.8116,11.86],[76.81145,11.85992],[76.81139,11.85987],[76.81135,11.85982],[76.8113,11.85974],[76.8111,11.85935],[76.81101,11.85915],[76.81099,11.85896],[76.81097,11.85824],[76.81097,11.85797],[76.81085,11.85772],[76.8107,11.85748],[76.8105,11.85734],[76.81028,11.85713]]},"properties":{"shedId":"C05CAM20"}},{"type":"Feature","geometry":{"type":"LineString","coordinates":[[76.56811,11.85325],[76.56832,11.85331],[76.56884,11.85335],[76.56908,11.85341],[76.56914,11.85344],[76.56936,11.85356],[76.56953,11.85371],[76.5697,11.85428],[76.56987,11.85473],[76.57016,11.85499],[76.5704,11.85515],[76.57056,11.85518],[76.57073,11.85517],[76.57085,11.85523],[76.57097,11.85535],[76.57103,11.85544],[76.57108,11.85547],[76.57117,11.85555],[76.57122,11.85559],[76.57133,11.85567],[76.5719,11.85583],[76.57213,11.85583],[76.57244,11.85582],[76.57266,11.8558],[76.57276,11.8558],[76.57287,11.85579],[76.57303,11.85582],[76.57314,11.8559],[76.57325,11.85604],[76.57327,11.85622],[76.57325,11.85636],[76.57323,11.85643],[76.57323,11.85654],[76.57325,11.85658]]},"properties":{"shedId":"C05CAM20"}},{"type":"Feature","geometry":{"type":"LineString","coordinates":[[76.57325,11.85658],[76.57329,11.85664],[76.57342,11.85671],[76.57353,11.85672],[76.57364,11.8567],[76.5737,11.85669],[76.57375,11.85669],[76.57383,11.85669],[76.57388,11.8567],[76.57395,11.85674],[76.57409,11.85692],[76.57425,11.85702],[76.57434,11.85704],[76.57446,11.85701],[76.57452,11.85692],[76.57456,11.85684],[76.57459,11.85668],[76.57461,11.85657],[76.57468,11.85651],[76.57474,11.85648],[76.57477,11.85648],[76.57521,11.85649],[76.57544,11.85654],[76.57557,11.85661],[76.57569,11.85675]]},"properties":{"shedId":"C05CAM20"}},{"type":"Feature","geometry":{"type":"LineString","coordinates":[[76.67109,11.85235],[76.67141,11.85242],[76.67159,11.85249],[76.67217,11.85266],[76.6728,11.85289],[76.6731,11.85314],[76.67342,11.85355],[76.6743,11.85631],[76.67483,11.8577],[76.67521,11.85847],[76.67567,11.85911],[76.67603,11.85967],[76.67629,11.8598]]},"properties":{"shedId":"C05CAM20"}},{"type":"Feature","geometry":{"type":"LineString","coordinates":[[76.75676,11.84927],[76.75689,11.84947],[76.75712,11.84966],[76.75731,11.84984],[76.75742,11.85017],[76.75737,11.85048],[76.75693,11.85186],[76.75664,11.85234],[76.75653,11.85245],[76.75599,11.85296],[76.755,11.8539],[76.75448,11.85416],[76.75395,11.85432],[76.75359,11.85429],[76.75305,11.85417],[76.75275,11.85403],[76.75233,11.8539],[76.75201,11.85398],[76.75189,11.85405],[76.75181,11.85417],[76.75159,11.85451],[76.75092,11.85562],[76.75054,11.856],[76.75013,11.85625],[76.7496,11.85656],[76.74914,11.8567],[76.7488,11.8567],[76.74856,11.85661],[76.7482,11.85656],[76.74773,11.85656],[76.7463,11.85694],[76.74574,11.85707],[76.74532,11.85712],[76.74522,11.85712],[76.74498,11.85713],[76.74471,11.85711],[76.74453,11.85702],[76.74427,11.857],[76.7439,11.85707],[76.74298,11.8574],[76.74268,11.8577],[76.74261,11.85798],[76.7425,11.85818],[76.74234,11.85835],[76.7419,11.85861],[76.74111,11.85895],[76.74082,11.85921],[76.74073,11.85956],[76.74068,11.85999],[76.74061,11.86034],[76.74059,11.86049],[76.74059,11.86087],[76.74044,11.86125],[76.74033,11.86144]]},"properties":{"shedId":"C05CAM20"}},{"type":"Feature","geometry":{"type":"LineString","coordinates":[[76.56874,11.858],[76.56905,11.85787],[76.56926,11.85772],[76.56966,11.85744],[76.56996,11.85725],[76.57047,11.85711],[76.57071,11.85713],[76.57098,11.85712],[76.57137,11.85704],[76.57184,11.85693],[76.57239,11.85682],[76.57325,11.85658]]},"properties":{"shedId":"C05CAM20"}},{"type":"Feature","geometry":{"type":"LineString","coordinates":[[76.71853,11.85419],[76.71792,11.85437],[76.7176,11.85461],[76.71717,11.85492],[76.71683,11.85514],[76.7163,11.85544],[76.71423,11.85676],[76.71283,11.85758],[76.71245,11.85791],[76.71169,11.85844],[76.71117,11.8586],[76.71101,11.85868],[76.71091,11.85877],[76.71085,11.85888],[76.71082,11.85894],[76.71077,11.85901],[76.71068,11.8591],[76.71028,11.85929],[76.71011,11.85935],[76.70998,11.85943],[76.70984,11.85953],[76.70967,11.85972],[76.7095,11.85985],[76.70925,11.85991],[76.70892,11.86001],[76.70831,11.86033],[76.70821,11.86041],[76.70813,11.86053],[76.7081,11.86071],[76.70805,11.86086],[76.70798,11.86101],[76.70783,11.86115],[76.7076,11.86128],[76.70721,11.86148]]},"properties":{"shedId":"C05CAM20"}},{"type":"Feature","geometry":{"type":"LineString","coordinates":[[76.57569,11.85675],[76.57582,11.85685],[76.57598,11.85691],[76.57621,11.85694],[76.57637,11.85687],[76.57659,11.85676],[76.5768,11.85668],[76.57695,11.85668],[76.57704,11.85669],[76.57726,11.85672],[76.57741,11.85672],[76.57754,11.85667],[76.57761,11.85663],[76.57766,11.85662],[76.57783,11.85662],[76.57798,11.85665],[76.57809,11.85665],[76.57814,11.85665],[76.57831,11.85659],[76.57886,11.85632],[76.5791,11.85613],[76.57922,11.85608],[76.57928,11.85605],[76.57948,11.85605],[76.57981,11.85622],[76.57993,11.85629],[76.58011,11.8563],[76.58027,11.8563],[76.58036,11.85631],[76.58076,11.85651],[76.58094,11.85655],[76.58106,11.85657],[76.58128,11.85664],[76.58145,11.85671],[76.58163,11.85675],[76.58184,11.8567],[76.58203,11.85655],[76.58215,11.85645],[76.58225,11.85638],[76.58241,11.85633],[76.58259,11.85634],[76.58311,11.85641],[76.58339,11.85638],[76.58355,11.85633],[76.58363,11.8563],[76.58395,11.85615],[76.58422,11.85599],[76.58448,11.85595],[76.58473,11.85598],[76.58489,11.85605],[76.58508,11.85612],[76.58532,11.85616],[76.58551,11.85616],[76.58566,11.8562],[76.58574,11.85628],[76.58584,11.85633],[76.58599,11.85639],[76.58618,11.85638],[76.58643,11.85627],[76.58732,11.85595],[76.58847,11.85557],[76.58907,11.85541],[76.58927,11.8554],[76.58945,11.85542],[76.58989,11.85569],[76.59073,11.85671],[76.5911,11.85745],[76.59136,11.85807],[76.59148,11.8582],[76.59162,11.85826],[76.5917,11.85829],[76.59176,11.85829],[76.59198,11.85824],[76.59217,11.8582],[76.59228,11.8582],[76.59236,11.85821],[76.59269,11.85831],[76.59285,11.85847],[76.59304,11.85871],[76.59322,11.85884],[76.59335,11.85895],[76.59347,11.85906]]},"properties":{"shedId":"C05CAM20"}},{"type":"Feature","geometry":{"type":"LineString","coordinates":[[76.58803,11.84758],[76.58806,11.84778],[76.58809,11.84791],[76.58836,11.84827],[76.58858,11.8484],[76.58874,11.84846],[76.58887,11.84848],[76.58965,11.84859],[76.58997,11.84871],[76.59026,11.84884],[76.59049,11.84892],[76.59061,11.84894],[76.59069,11.84896],[76.59078,11.84899],[76.59081,11.84903],[76.59088,11.84913],[76.59112,11.84998],[76.59131,11.85028],[76.59148,11.85064],[76.59152,11.85087],[76.59156,11.85104],[76.59159,11.85111],[76.59165,11.85126],[76.59175,11.85187],[76.59167,11.85221],[76.59159,11.85243],[76.5916,11.8526],[76.59167,11.85269],[76.5917,11.85286],[76.59173,11.85308],[76.59176,11.85397],[76.59168,11.85422],[76.59153,11.85437],[76.59149,11.85446],[76.59149,11.85476],[76.59151,11.85485],[76.59169,11.85542],[76.59217,11.85716],[76.59245,11.85739],[76.59263,11.85742],[76.5928,11.85742],[76.59296,11.85744],[76.59304,11.85746],[76.59323,11.85753],[76.59331,11.85758],[76.59341,11.85768],[76.59345,11.85801],[76.59347,11.85906]]},"properties":{"shedId":"C05CAM20"}},{"type":"Feature","geometry":{"type":"LineString","coordinates":[[76.75694,11.86319],[76.75684,11.86312],[76.75677,11.8631],[76.75666,11.86304],[76.75655,11.86303],[76.75636,11.86303],[76.75628,11.86305],[76.75607,11.86307],[76.75591,11.86303]]},"properties":{"shedId":"C05CAM20"}},{"type":"Feature","geometry":{"type":"LineString","coordinates":[[76.76429,11.85549],[76.76396,11.85726],[76.76358,11.85817],[76.76305,11.8594],[76.76277,11.85984],[76.76253,11.86016],[76.76224,11.86031],[76.76172,11.86045],[76.76109,11.86075],[76.7603,11.86114],[76.7597,11.86153],[76.75844,11.86233],[76.75694,11.86319]]},"properties":{"shedId":"C05CAM20"}},{"type":"Feature","geometry":{"type":"LineString","coordinates":[[76.5609,11.85741],[76.56192,11.85802],[76.56241,11.8583],[76.56315,11.85865],[76.56385,11.85883]]},"properties":{"shedId":"C05CAM20"}},{"type":"Feature","geometry":{"type":"LineString","coordinates":[[76.56385,11.85883],[76.56406,11.8587],[76.5645,11.85841],[76.56461,11.85838],[76.56464,11.85838],[76.56479,11.85841],[76.56493,11.85842],[76.56517,11.85842],[76.56537,11.8584],[76.56558,11.85836],[76.56615,11.85821],[76.56642,11.85821],[76.56678,11.85817],[76.56789,11.85802],[76.56841,11.85803],[76.56874,11.858]]},"properties":{"shedId":"C05CAM20"}},{"type":"Feature","geometry":{"type":"LineString","coordinates":[[76.77513,11.8565],[76.77513,11.85707],[76.77502,11.85785],[76.77486,11.85896],[76.77458,11.85974],[76.77396,11.8609],[76.77369,11.86137],[76.77349,11.86164],[76.77343,11.86173],[76.77301,11.86191],[76.77263,11.86199],[76.76883,11.86239],[76.7674,11.86259],[76.76709,11.86271],[76.76664,11.86289],[76.76581,11.86317],[76.76457,11.86358]]},"properties":{"shedId":"C05CAM20"}},{"type":"Feature","geometry":{"type":"LineString","coordinates":[[76.59347,11.85906],[76.59418,11.85975]]},"properties":{"shedId":"C05CAM20"}},{"type":"Feature","geometry":{"type":"LineString","coordinates":[[76.75591,11.86303],[76.75575,11.86299],[76.75551,11.86294],[76.75513,11.86295],[76.75493,11.86295],[76.75457,11.86304],[76.75453,11.86305],[76.7545,11.86305],[76.75412,11.86309],[76.75309,11.86334],[76.75221,11.86345]]},"properties":{"shedId":"C05CAM20"}},{"type":"Feature","geometry":{"type":"LineString","coordinates":[[76.65335,11.85884],[76.65355,11.85884],[76.65395,11.85886],[76.65422,11.85899],[76.65442,11.85909],[76.65471,11.85921],[76.65496,11.85931],[76.65509,11.85935],[76.65544,11.85942],[76.65552,11.85942],[76.6565,11.85954],[76.65668,11.85963],[76.65677,11.8597],[76.65679,11.85971],[76.65683,11.85986],[76.65684,11.85999],[76.65687,11.86019],[76.6569,11.86043],[76.65699,11.86067],[76.65761,11.86133]]},"properties":{"shedId":"C05CAM20"}},{"type":"Feature","geometry":{"type":"LineString","coordinates":[[76.75221,11.86345],[76.75199,11.86347],[76.75086,11.86366],[76.74948,11.86375],[76.74909,11.86375],[76.74875,11.86364],[76.748,11.86326],[76.74765,11.86308],[76.74721,11.863],[76.74704,11.86294],[76.74686,11.86293],[76.74663,11.86284],[76.74652,11.86276],[76.74647,11.86272],[76.74635,11.86264],[76.74616,11.86256],[76.74607,11.86255],[76.74596,11.86252],[76.74582,11.86251],[76.74549,11.86244],[76.74545,11.86244],[76.7452,11.86215],[76.74505,11.86206],[76.74488,11.86199],[76.74477,11.86199],[76.7446,11.86193],[76.74438,11.86193],[76.74401,11.86199],[76.74394,11.86199],[76.74384,11.86196],[76.74373,11.86183],[76.74373,11.86173],[76.74359,11.86128],[76.7435,11.86112],[76.74344,11.86106],[76.7434,11.86104],[76.74327,11.861],[76.74307,11.86099],[76.74255,11.86101],[76.74193,11.8612],[76.74099,11.86139],[76.74033,11.86144]]},"properties":{"shedId":"C05CAM20"}},{"type":"Feature","geometry":{"type":"LineString","coordinates":[[76.65761,11.86133],[76.65769,11.86141],[76.65814,11.86159],[76.65881,11.86166],[76.66248,11.86146],[76.66341,11.86166],[76.66409,11.86177],[76.6649,11.86184],[76.66581,11.86173],[76.66719,11.86139],[76.66752,11.86129],[76.66797,11.86118],[76.66923,11.86099],[76.6707,11.86058],[76.67133,11.86046],[76.67176,11.86046],[76.67243,11.86026],[76.67297,11.86004],[76.67394,11.85979],[76.67451,11.85975],[76.67491,11.85981],[76.67567,11.85999],[76.67591,11.85997],[76.67629,11.8598]]},"properties":{"shedId":"C05CAM20"}},{"type":"Feature","geometry":{"type":"LineString","coordinates":[[76.56099,11.85961],[76.56144,11.85948],[76.56175,11.85938],[76.56202,11.85937],[76.56223,11.85935],[76.56244,11.85934],[76.5627,11.85931],[76.56288,11.8593],[76.5633,11.85914],[76.56385,11.85883]]},"properties":{"shedId":"C05CAM20"}},{"type":"Feature","geometry":{"type":"LineString","coordinates":[[76.72285,11.85696],[76.72322,11.85745],[76.72337,11.85775],[76.72354,11.85802],[76.72382,11.85829],[76.72415,11.85856],[76.7245,11.85885],[76.72484,11.85914],[76.72507,11.85938],[76.72538,11.85978],[76.72555,11.8604],[76.72557,11.86145],[76.72551,11.86199],[76.72551,11.86254],[76.7255,11.86288],[76.72561,11.86359]]},"properties":{"shedId":"C05CAM20"}},{"type":"Feature","geometry":{"type":"LineString","coordinates":[[76.73144,11.85754],[76.73136,11.8576],[76.73125,11.85768],[76.73084,11.85819],[76.73051,11.85853],[76.73027,11.85889],[76.73023,11.85914],[76.73026,11.85944],[76.73032,11.85969],[76.73061,11.86031],[76.73069,11.86058],[76.73063,11.86089],[76.73058,11.86111],[76.73031,11.86146],[76.72933,11.86232],[76.72899,11.86275],[76.72875,11.8629],[76.72859,11.86298],[76.72804,11.86316],[76.72673,11.86338],[76.72573,11.86349],[76.72561,11.86359]]},"properties":{"shedId":"C05CAM20"}},{"type":"Feature","geometry":{"type":"LineString","coordinates":[[76.76457,11.86358],[76.76442,11.86362],[76.76415,11.86365],[76.76374,11.86372],[76.76321,11.86376],[76.76293,11.86378],[76.76261,11.86389],[76.76242,11.86397],[76.76207,11.86411],[76.76193,11.86427],[76.7618,11.86443],[76.76165,11.86455],[76.76154,11.86465],[76.7614,11.86467],[76.76128,11.86466],[76.76089,11.86442],[76.76072,11.86427],[76.76063,11.8642],[76.76044,11.86405],[76.76021,11.86401],[76.75996,11.86401],[76.75985,11.86407],[76.75939,11.86422],[76.75899,11.86434],[76.75876,11.86436],[76.75842,11.86436],[76.75824,11.86431],[76.75812,11.86431],[76.75797,11.86429],[76.75773,11.86426],[76.75757,11.86424],[76.75743,11.86417],[76.75737,11.86414],[76.75731,11.86408],[76.75714,11.86386],[76.75701,11.86333],[76.75694,11.86319]]},"properties":{"shedId":"C05CAM20"}},{"type":"Feature","geometry":{"type":"LineString","coordinates":[[76.65448,11.86337],[76.6547,11.86311],[76.65494,11.86296],[76.65523,11.86284],[76.65563,11.86279],[76.6558,11.86279],[76.65594,11.86277],[76.65612,11.86273],[76.65673,11.86249],[76.65724,11.86228],[76.65733,11.8622],[76.65738,11.86213],[76.65747,11.86194],[76.6575,11.86187],[76.65751,11.86178],[76.65753,11.86157],[76.65761,11.86133]]},"properties":{"shedId":"C05CAM20"}},{"type":"Feature","geometry":{"type":"LineString","coordinates":[[76.75621,11.86581],[76.75591,11.86303]]},"properties":{"shedId":"C05CAM20"}},{"type":"Feature","geometry":{"type":"LineString","coordinates":[[76.67958,11.84539],[76.68022,11.84606],[76.68058,11.84739],[76.68064,11.84757],[76.68087,11.84777],[76.68117,11.84788],[76.68193,11.84806],[76.6821,11.84816],[76.68225,11.84837],[76.68258,11.84885],[76.68271,11.84896],[76.68286,11.849],[76.68349,11.84881],[76.68369,11.84886],[76.68386,11.84901],[76.68439,11.84955],[76.68469,11.8497],[76.68506,11.84973],[76.68565,11.84973],[76.68592,11.84985],[76.68612,11.85001],[76.68663,11.85129],[76.68756,11.85347],[76.68774,11.85414],[76.68794,11.8545],[76.68835,11.85502],[76.6886,11.85521],[76.68887,11.8553],[76.68922,11.85552],[76.68947,11.85577],[76.68984,11.85624],[76.68994,11.85644],[76.68999,11.85671],[76.69003,11.85707],[76.69002,11.85729],[76.69004,11.85737],[76.69005,11.8574],[76.69007,11.85743],[76.69014,11.85745],[76.69074,11.85749],[76.69088,11.85756],[76.69098,11.85763],[76.69132,11.85781],[76.69235,11.85899],[76.69278,11.85964],[76.69329,11.86116],[76.69376,11.86192],[76.69389,11.86221],[76.69391,11.86228],[76.69394,11.86258],[76.69396,11.86275],[76.69395,11.86329],[76.69397,11.86354],[76.69405,11.86391],[76.69421,11.86448]]},"properties":{"shedId":"C05CAM20"}},{"type":"Feature","geometry":{"type":"LineString","coordinates":[[76.71192,11.86492],[76.71068,11.86508],[76.71005,11.86511],[76.70976,11.86497],[76.70954,11.86478],[76.70935,11.86456],[76.70918,11.86422],[76.70856,11.86262],[76.70818,11.86207],[76.70795,11.86187],[76.70769,11.86176],[76.70721,11.86148]]},"properties":{"shedId":"C05CAM20"}},{"type":"Feature","geometry":{"type":"LineString","coordinates":[[76.56691,11.86188],[76.56707,11.86149],[76.56713,11.86118],[76.56724,11.86099],[76.56729,11.86094],[76.56755,11.86065],[76.5677,11.86035],[76.56788,11.86007],[76.568,11.85969],[76.56823,11.85894],[76.5685,11.85848],[76.56874,11.858]]},"properties":{"shedId":"C05CAM20"}},{"type":"Feature","geometry":{"type":"LineString","coordinates":[[76.70038,11.85678],[76.7005,11.85694],[76.70136,11.85814],[76.70167,11.85869],[76.70162,11.85907],[76.70147,11.85942],[76.70125,11.85959],[76.70036,11.86005],[76.69802,11.86123],[76.69768,11.86148],[76.69755,11.8616],[76.69757,11.86175],[76.69767,11.86193],[76.69799,11.86246],[76.69818,11.86277],[76.6982,11.86306],[76.69816,11.86336],[76.69802,11.86374],[76.69749,11.86506]]},"properties":{"name":"Gundal","shedId":"C05CAM20"}},{"type":"Feature","geometry":{"type":"LineString","coordinates":[[76.70721,11.86148],[76.70652,11.86183],[76.70582,11.8622],[76.70559,11.86235],[76.70541,11.86251],[76.70512,11.86274],[76.70485,11.86295],[76.70388,11.86351],[76.70344,11.86375],[76.70312,11.86385],[76.70271,11.86395],[76.70243,11.86406],[76.7022,11.86418],[76.70198,11.86442],[76.70175,11.86462],[76.7014,11.86484],[76.70002,11.86551],[76.69965,11.86572],[76.69952,11.86574],[76.69942,11.86579],[76.69921,11.86578],[76.699,11.86572],[76.69893,11.86569],[76.69871,11.86558],[76.69858,11.86551],[76.69816,11.8652],[76.6979,11.86511],[76.69749,11.86506]]},"properties":{"shedId":"C05CAM20"}},{"type":"Feature","geometry":{"type":"LineString","coordinates":[[76.67629,11.8598],[76.67654,11.85982],[76.67666,11.85982],[76.6772,11.85975],[76.67758,11.85958],[76.67767,11.85958],[76.67776,11.8596],[76.67778,11.85962],[76.67791,11.85974],[76.67806,11.85996],[76.67827,11.86011],[76.67847,11.86021],[76.67871,11.86023],[76.6789,11.86029],[76.679,11.86039],[76.67927,11.86117],[76.67933,11.86132],[76.67938,11.86136],[76.67944,11.86136],[76.67949,11.86136],[76.67963,11.86141],[76.67976,11.86149],[76.67988,11.86157],[76.68008,11.86164],[76.68044,11.86165],[76.68195,11.86144],[76.68245,11.86139],[76.68281,11.86138],[76.68304,11.86143],[76.68326,11.8616],[76.68391,11.8632],[76.68419,11.86459],[76.68443,11.86518],[76.68471,11.86535],[76.6852,11.86541],[76.68628,11.86538],[76.68685,11.86543],[76.68744,11.86546],[76.68897,11.86593],[76.68949,11.86617],[76.68966,11.86618],[76.68985,11.86615],[76.68999,11.86602],[76.69015,11.8658],[76.69022,11.86553],[76.69028,11.86534],[76.69067,11.86488],[76.69089,11.86464],[76.69105,11.86439],[76.69111,11.86419],[76.69127,11.864],[76.69165,11.86383],[76.69205,11.86377],[76.69257,11.86367],[76.69277,11.86374],[76.69308,11.86391],[76.69348,11.86412],[76.69421,11.86448]]},"properties":{"shedId":"C05CAM20"}},{"type":"Feature","geometry":{"type":"LineString","coordinates":[[76.61244,11.84954],[76.61255,11.85176],[76.61249,11.85265],[76.61255,11.85347],[76.61276,11.85418],[76.61301,11.85572],[76.61305,11.85715],[76.61299,11.85819],[76.61285,11.85914],[76.61285,11.86076],[76.61295,11.86129],[76.61366,11.86309],[76.6148,11.86484]]},"properties":{"shedId":"C05CAM20"}},{"type":"Feature","geometry":{"type":"LineString","coordinates":[[76.61343,11.86487],[76.6148,11.86484]]},"properties":{"shedId":"C05CAM20"}},{"type":"Feature","geometry":{"type":"LineString","coordinates":[[76.56971,11.86387],[76.56974,11.86346],[76.56983,11.86306],[76.56983,11.86275],[76.56991,11.86247],[76.57015,11.86217],[76.57051,11.86194],[76.57164,11.86151],[76.57205,11.86127],[76.57223,11.86108],[76.5723,11.86102],[76.57267,11.86078],[76.57289,11.86064],[76.57301,11.86059],[76.57323,11.86049],[76.57342,11.86043],[76.57362,11.86033],[76.57371,11.86025],[76.57394,11.85995],[76.57456,11.85896],[76.57487,11.85831],[76.57506,11.85752],[76.5752,11.85729],[76.57536,11.85708],[76.57569,11.85675]]},"properties":{"shedId":"C05CAM20"}},{"type":"Feature","geometry":{"type":"LineString","coordinates":[[76.63269,11.85404],[76.63294,11.85477],[76.6331,11.85512],[76.63316,11.85523],[76.63326,11.85529],[76.63343,11.85533],[76.63439,11.8555],[76.63461,11.85566],[76.63524,11.85691],[76.63546,11.85743],[76.63558,11.8576],[76.63573,11.85774],[76.63597,11.85791],[76.63619,11.85826],[76.63627,11.85861],[76.63623,11.85895],[76.63628,11.85927],[76.63637,11.85962],[76.63653,11.85992],[76.63677,11.86021],[76.63702,11.8603],[76.63731,11.86024],[76.63906,11.85995],[76.63931,11.85992],[76.63956,11.85992],[76.63971,11.85995],[76.63987,11.86006],[76.64002,11.86033],[76.6402,11.86069],[76.64039,11.86093],[76.64055,11.86106],[76.6407,11.86115],[76.64078,11.86127],[76.6408,11.86138],[76.64081,11.86146],[76.64075,11.86172],[76.64061,11.86243],[76.64066,11.86292],[76.64079,11.86338],[76.64079,11.86379],[76.64071,11.86427],[76.64046,11.86483],[76.64026,11.86532],[76.6401,11.86571]]},"properties":{"shedId":"C05CAM20"}},{"type":"Feature","geometry":{"type":"LineString","coordinates":[[76.64273,11.85528],[76.64292,11.85652],[76.6432,11.85734],[76.64326,11.85765],[76.64327,11.85794],[76.64319,11.85872],[76.64317,11.85892],[76.64325,11.85914],[76.64331,11.85925],[76.64334,11.85931],[76.64339,11.85939],[76.64342,11.85947],[76.64344,11.85957],[76.64343,11.85965],[76.64342,11.85985],[76.64334,11.85999],[76.64327,11.86007],[76.64322,11.86009],[76.64285,11.86005],[76.64247,11.86008],[76.64234,11.86016],[76.64232,11.86028],[76.64233,11.86056],[76.64245,11.86136],[76.64248,11.86154],[76.64247,11.86168],[76.64193,11.86276],[76.64177,11.86341],[76.64174,11.86373],[76.64165,11.86412],[76.64148,11.86448],[76.64127,11.86469],[76.64087,11.86494],[76.64072,11.86508],[76.6401,11.86571]]},"properties":{"shedId":"C05CAM20"}},{"type":"Feature","geometry":{"type":"LineString","coordinates":[[76.72561,11.86359],[76.72551,11.86367],[76.72531,11.86403],[76.72536,11.86445],[76.72581,11.86651],[76.72594,11.86685],[76.72613,11.86718],[76.72689,11.86775]]},"properties":{"shedId":"C05CAM20"}},{"type":"Feature","geometry":{"type":"LineString","coordinates":[[76.74033,11.86144],[76.74019,11.86158],[76.73998,11.86179],[76.73956,11.86212],[76.73852,11.86323],[76.73801,11.86394],[76.73734,11.86446],[76.73673,11.86464],[76.7359,11.86464],[76.73548,11.86452],[76.73514,11.8645],[76.73462,11.86445],[76.73427,11.86447],[76.73321,11.86459],[76.73253,11.86499],[76.73136,11.86604],[76.73098,11.86664],[76.73083,11.86675],[76.73073,11.86681],[76.73055,11.86688],[76.73021,11.86694],[76.72812,11.8666],[76.72775,11.86664],[76.72746,11.86673],[76.72729,11.86684],[76.72712,11.86699],[76.72705,11.86708],[76.72689,11.86742],[76.72689,11.86775]]},"properties":{"shedId":"C05CAM20"}},{"type":"Feature","geometry":{"type":"LineString","coordinates":[[76.75157,11.86877],[76.75144,11.86821],[76.75153,11.8672],[76.75159,11.86685],[76.75175,11.86646],[76.75196,11.86615],[76.7525,11.86486],[76.75255,11.86462],[76.75255,11.86433],[76.75256,11.86418],[76.75256,11.86415],[76.75253,11.86391],[76.75244,11.86374],[76.75221,11.86345]]},"properties":{"shedId":"C05CAM20"}},{"type":"Feature","geometry":{"type":"LineString","coordinates":[[76.76875,11.86916],[76.76854,11.869],[76.76844,11.86879],[76.76839,11.86869],[76.76832,11.86855],[76.76831,11.86849],[76.76825,11.86833],[76.76822,11.86827],[76.76819,11.86808],[76.76818,11.86805],[76.76821,11.86785],[76.76825,11.86771],[76.76829,11.86754],[76.7683,11.86745],[76.76827,11.86738],[76.76825,11.86735],[76.76823,11.8673],[76.76807,11.86711],[76.76768,11.867],[76.76753,11.86698],[76.76744,11.86695],[76.76738,11.86688],[76.76736,11.86683],[76.76737,11.86678],[76.76741,11.86672],[76.76753,11.8666],[76.76756,11.86647],[76.76757,11.8663],[76.76756,11.8662],[76.76756,11.86619],[76.76751,11.8661],[76.76748,11.86606],[76.76745,11.86604],[76.7673,11.86597],[76.76687,11.86591],[76.76613,11.86589],[76.76593,11.86593],[76.76584,11.86602],[76.76578,11.86606],[76.76574,11.8661],[76.76569,11.86613],[76.76555,11.86613],[76.7655,11.8661],[76.76546,11.86608],[76.76533,11.86597],[76.76494,11.86529],[76.76476,11.86435],[76.76457,11.86358]]},"properties":{"shedId":"C05CAM20"}},{"type":"Feature","geometry":{"type":"LineString","coordinates":[[76.69421,11.86448],[76.69444,11.8645],[76.69474,11.86451],[76.69511,11.86453],[76.69535,11.86458],[76.69557,11.86474],[76.69569,11.86491],[76.69567,11.8651],[76.69562,11.86524],[76.69564,11.86544],[76.6957,11.86563],[76.69605,11.86595],[76.69622,11.86609],[76.69631,11.86622],[76.69633,11.8664],[76.69625,11.8666],[76.6961,11.86674],[76.69602,11.86686],[76.69597,11.86703],[76.69597,11.86721],[76.69603,11.86736],[76.69642,11.86774]]},"properties":{"shedId":"C05CAM20"}},{"type":"Feature","geometry":{"type":"LineString","coordinates":[[76.69749,11.86506],[76.69742,11.86524],[76.69699,11.86637],[76.69642,11.86774]]},"properties":{"name":"Gundal","shedId":"C05CAM20"}},{"type":"Feature","geometry":{"type":"LineString","coordinates":[[76.59418,11.85975],[76.59474,11.86029],[76.59504,11.86052],[76.59575,11.86092],[76.59595,11.861],[76.59601,11.86104],[76.59606,11.86107],[76.59666,11.86173],[76.59685,11.86196],[76.59687,11.86214],[76.59696,11.86271],[76.59709,11.86379],[76.59716,11.86408],[76.59723,11.86417],[76.59736,11.8642],[76.59841,11.86395],[76.59899,11.86377],[76.59914,11.8638],[76.59924,11.86388],[76.59935,11.86432],[76.59942,11.86444],[76.59961,11.86449],[76.59973,11.86447],[76.59991,11.8645],[76.59997,11.86458],[76.6,11.86479],[76.60002,11.86493],[76.60007,11.86514],[76.60015,11.86526],[76.6003,11.86537],[76.60061,11.86539],[76.60095,11.86543],[76.60123,11.8655],[76.60149,11.86552]]},"properties":{"shedId":"C05CAM20"}},{"type":"Feature","geometry":{"type":"LineString","coordinates":[[76.60149,11.86552],[76.60289,11.86565],[76.60313,11.86575]]},"properties":{"shedId":"C05CAM20"}},{"type":"Feature","geometry":{"type":"LineString","coordinates":[[76.59981,11.85178],[76.59943,11.85227],[76.59929,11.85249],[76.59924,11.85277],[76.59926,11.85301],[76.59927,11.8535],[76.59914,11.85393],[76.59911,11.85406],[76.59911,11.85413],[76.59913,11.85419],[76.59917,11.85424],[76.5992,11.8543],[76.59919,11.85437],[76.59916,11.85442],[76.59914,11.85448],[76.59915,11.85455],[76.5992,11.85489],[76.59934,11.85518],[76.59959,11.85545],[76.59974,11.85549],[76.59982,11.85549],[76.59989,11.85551],[76.59992,11.85558],[76.60016,11.85673],[76.6006,11.85827],[76.60096,11.85968],[76.60102,11.8598],[76.60108,11.85986],[76.60127,11.85991],[76.60161,11.85997],[76.6019,11.8601],[76.60201,11.86021],[76.60209,11.86035],[76.6024,11.86129],[76.60252,11.86167],[76.60251,11.86183],[76.60242,11.86192],[76.60227,11.86199],[76.60194,11.86211],[76.60152,11.86236],[76.60128,11.86254],[76.60118,11.86267],[76.60116,11.86284],[76.60128,11.86366],[76.6015,11.86399],[76.60171,11.86417],[76.60208,11.86431],[76.60231,11.86433],[76.6025,11.86441],[76.60264,11.86458],[76.60299,11.86542],[76.60313,11.86575]]},"properties":{"shedId":"C05CAM20"}},{"type":"Feature","geometry":{"type":"LineString","coordinates":[[76.72689,11.86775],[76.72697,11.86808],[76.72712,11.86837],[76.72715,11.86867],[76.7271,11.86891]]},"properties":{"shedId":"C05CAM20"}},{"type":"Feature","geometry":{"type":"LineString","coordinates":[[76.60313,11.86575],[76.60377,11.86601],[76.60408,11.86619],[76.60448,11.86624],[76.60489,11.86614],[76.60536,11.86579],[76.60561,11.86573],[76.60586,11.86571],[76.60609,11.86564],[76.60627,11.86552],[76.60638,11.86538],[76.60649,11.86525],[76.60661,11.86514],[76.60677,11.86506],[76.60728,11.86503],[76.60761,11.86511],[76.60793,11.86516],[76.60817,11.86516],[76.60842,11.86507],[76.60892,11.86482],[76.60907,11.86472],[76.60924,11.86464],[76.60941,11.86463],[76.60959,11.86468],[76.6097,11.86479],[76.60982,11.86497],[76.60993,11.86514],[76.61006,11.86526],[76.61023,11.86536],[76.61045,11.86543],[76.61073,11.8654],[76.61244,11.86485],[76.61285,11.86482],[76.61343,11.86487]]},"properties":{"shedId":"C05CAM20"}},{"type":"Feature","geometry":{"type":"LineString","coordinates":[[76.58,11.86597],[76.58049,11.8662],[76.58071,11.86627],[76.58103,11.86621],[76.58139,11.86612],[76.58162,11.86606],[76.58269,11.86606],[76.58287,11.86603],[76.58302,11.86596],[76.58336,11.86552],[76.58364,11.86489],[76.5838,11.86463],[76.5838,11.86449],[76.5837,11.86432],[76.58366,11.86425],[76.58363,11.86418],[76.58357,11.864],[76.58357,11.86393],[76.58363,11.86362],[76.58367,11.86355],[76.58368,11.86351],[76.58435,11.86321],[76.58454,11.86294],[76.58462,11.86265],[76.58469,11.86242],[76.58476,11.86234],[76.58487,11.86229],[76.58518,11.86212],[76.58618,11.86191],[76.58657,11.86173],[76.58712,11.86144],[76.58741,11.86133],[76.58814,11.86113],[76.58918,11.8606],[76.58952,11.86033],[76.58975,11.86011],[76.58989,11.86],[76.59009,11.85989],[76.59022,11.85987],[76.59042,11.85981],[76.59053,11.85981],[76.59067,11.85984],[76.59069,11.85985],[76.5908,11.85999],[76.59092,11.86012],[76.59105,11.86026],[76.59135,11.86033],[76.59258,11.86022],[76.593,11.86022],[76.59366,11.86002],[76.59418,11.85975]]},"properties":{"shedId":"C05CAM20"}},{"type":"Feature","geometry":{"type":"LineString","coordinates":[[76.73588,11.86972],[76.73541,11.86992],[76.73467,11.87018],[76.73413,11.87014],[76.73343,11.87002],[76.73308,11.86999],[76.73282,11.87005],[76.73258,11.87012],[76.73233,11.87021],[76.73212,11.87021],[76.73178,11.87016],[76.73138,11.87001],[76.73121,11.86986],[76.73103,11.8696],[76.73056,11.86899],[76.73042,11.86888],[76.73033,11.86884],[76.73008,11.86878],[76.72991,11.86876],[76.72974,11.86873],[76.72907,11.86873],[76.72843,11.86874],[76.72774,11.86881],[76.7271,11.86891]]},"properties":{"shedId":"C05CAM20"}},{"type":"Feature","geometry":{"type":"LineString","coordinates":[[76.6148,11.86484],[76.61612,11.8648],[76.61865,11.86464],[76.61936,11.86479],[76.62147,11.86499],[76.62182,11.86512],[76.62223,11.86535],[76.62245,11.86559],[76.62266,11.8659],[76.62269,11.86617],[76.62275,11.8664],[76.62282,11.86657],[76.62293,11.86673],[76.624,11.86715],[76.62437,11.86731],[76.62451,11.86742],[76.62463,11.8675],[76.62484,11.86769],[76.62511,11.86785],[76.6255,11.86797],[76.62553,11.86797],[76.62797,11.86787],[76.6283,11.86794],[76.62868,11.86824]]},"properties":{"shedId":"C05CAM20"}},{"type":"Feature","geometry":{"type":"LineString","coordinates":[[76.62312,11.84932],[76.62287,11.85085],[76.62287,11.85138],[76.62302,11.85166],[76.62319,11.85186],[76.62347,11.85223],[76.62366,11.85271],[76.6237,11.85299],[76.62369,11.85324],[76.62359,11.85347],[76.62348,11.85364],[76.62339,11.85384],[76.6234,11.85405],[76.62353,11.85479],[76.62352,11.85542],[76.62348,11.85577],[76.62349,11.85609],[76.62356,11.85635],[76.62369,11.85655],[76.62374,11.85663],[76.62387,11.85677],[76.62389,11.85693],[76.62385,11.85773],[76.62394,11.85845],[76.62409,11.85888],[76.62419,11.85904],[76.62435,11.85915],[76.62482,11.85924],[76.62493,11.85928],[76.625,11.85936],[76.62529,11.86013],[76.62538,11.86035],[76.62542,11.86045],[76.62546,11.86051],[76.62554,11.86053],[76.62577,11.86045],[76.62649,11.86019],[76.62662,11.86017],[76.62675,11.86021],[76.62684,11.86027],[76.62709,11.86108],[76.62743,11.86212],[76.62744,11.86227],[76.62741,11.86235],[76.62732,11.86245],[76.62724,11.86257],[76.62724,11.86268],[76.62741,11.86336],[76.62762,11.86366],[76.62773,11.86384],[76.62778,11.86401],[76.62785,11.86429],[76.62793,11.86565],[76.62799,11.86625],[76.62803,11.86637],[76.62807,11.86644],[76.62826,11.86652],[76.62831,11.86652],[76.62833,11.86656],[76.62833,11.86661],[76.62829,11.86672],[76.62826,11.86684],[76.62824,11.86697],[76.62824,11.86719],[76.62832,11.86749],[76.62837,11.86759],[76.62843,11.86773],[76.62846,11.86785],[76.62868,11.86824]]},"properties":{"shedId":"C05CAM20"}},{"type":"Feature","geometry":{"type":"LineString","coordinates":[[76.74987,11.87187],[76.74983,11.87156],[76.74983,11.8708],[76.74991,11.8705],[76.75001,11.87026],[76.75015,11.87001],[76.75023,11.86979],[76.75049,11.86957],[76.75093,11.86934],[76.75111,11.86922],[76.75127,11.86907],[76.75157,11.86877]]},"properties":{"shedId":"C05CAM20"}},{"type":"Feature","geometry":{"type":"LineString","coordinates":[[76.75735,11.87209],[76.75724,11.87076],[76.75696,11.86978],[76.75654,11.86843],[76.75625,11.86698],[76.75621,11.86581]]},"properties":{"shedId":"C05CAM20"}},{"type":"Feature","geometry":{"type":"LineString","coordinates":[[76.76057,11.87293],[76.76006,11.87235],[76.7594,11.87191],[76.75924,11.87168],[76.75918,11.87145],[76.7588,11.87054],[76.75862,11.86933],[76.75836,11.86883],[76.75803,11.86806],[76.75769,11.86684],[76.75747,11.86645],[76.75727,11.86628],[76.75701,11.86609],[76.75666,11.86593],[76.75621,11.86581]]},"properties":{"shedId":"C05CAM20"}},{"type":"Feature","geometry":{"type":"LineString","coordinates":[[76.75305,11.87295],[76.75289,11.87255],[76.75277,11.87212],[76.75259,11.87165],[76.75236,11.87127],[76.75212,11.87086],[76.75196,11.8704],[76.75184,11.87],[76.75176,11.86958],[76.75157,11.86877]]},"properties":{"shedId":"C05CAM20"}},{"type":"Feature","geometry":{"type":"LineString","coordinates":[[76.59247,11.8711],[76.59277,11.87086],[76.59294,11.8704],[76.59311,11.86999],[76.5933,11.86972],[76.59366,11.86939],[76.59452,11.86887],[76.59484,11.8687],[76.59504,11.86851],[76.59511,11.86826],[76.59516,11.86797],[76.59527,11.86767],[76.59566,11.86715],[76.59639,11.86636],[76.59673,11.86608],[76.59709,11.86593],[76.59747,11.86587],[76.59773,11.86596],[76.59805,11.86613],[76.59854,11.86631],[76.59901,11.8664],[76.59954,11.8664],[76.6008,11.86617],[76.60107,11.86609],[76.60123,11.86594],[76.60149,11.86552]]},"properties":{"shedId":"C05CAM20"}},{"type":"Feature","geometry":{"type":"LineString","coordinates":[[76.62868,11.86824],[76.62888,11.8688],[76.6298,11.87006],[76.63019,11.87031],[76.6308,11.87037],[76.63107,11.8703],[76.63128,11.87023],[76.63169,11.87002],[76.63211,11.86985],[76.63252,11.86983],[76.63332,11.86985],[76.63496,11.87028],[76.63538,11.87051],[76.63593,11.87063],[76.63655,11.87074],[76.63729,11.8709],[76.63795,11.87113],[76.63946,11.87223],[76.64012,11.87307],[76.6405,11.87326],[76.64083,11.8733],[76.64156,11.87325],[76.64205,11.87334],[76.64219,11.87342]]},"properties":{"shedId":"C05CAM20"}},{"type":"Feature","geometry":{"type":"LineString","coordinates":[[76.6401,11.86571],[76.6401,11.86581],[76.64012,11.86595],[76.64013,11.86623],[76.6403,11.86675],[76.64027,11.86694],[76.64016,11.86703],[76.64003,11.86713],[76.63993,11.86722],[76.63988,11.86734],[76.63991,11.86752],[76.64048,11.86881],[76.64091,11.8694],[76.64213,11.87138],[76.64235,11.87188],[76.64233,11.87245],[76.64219,11.87342]]},"properties":{"shedId":"C05CAM20"}},{"type":"Feature","geometry":{"type":"LineString","coordinates":[[76.56797,11.87036],[76.5682,11.8707],[76.56846,11.87088],[76.56864,11.87099],[76.56876,11.87102],[76.5691,11.87096],[76.56949,11.87088],[76.56968,11.87087],[76.56981,11.87092],[76.56995,11.87095],[76.57009,11.87102],[76.57024,11.87109],[76.57039,11.87116],[76.57056,11.87122],[76.57071,11.87127],[76.57099,11.87128],[76.57118,11.87127],[76.57131,11.87127],[76.57183,11.87124],[76.57202,11.87127],[76.57215,11.8714],[76.57226,11.87157],[76.57237,11.87164],[76.5726,11.87173],[76.5731,11.87188],[76.57322,11.872]]},"properties":{"shedId":"C05CAM20"}},{"type":"Feature","geometry":{"type":"LineString","coordinates":[[76.57019,11.86669],[76.57034,11.86704],[76.57047,11.86723],[76.57096,11.8677],[76.57111,11.86803],[76.57128,11.86828],[76.57155,11.86873],[76.5718,11.86914],[76.572,11.86935],[76.57212,11.86949],[76.57223,11.86971],[76.57232,11.86989],[76.57242,11.87011],[76.57254,11.87023],[76.57268,11.87053],[76.57272,11.87072],[76.57279,11.87087],[76.57285,11.87099],[76.57326,11.87149],[76.57332,11.87158],[76.57333,11.87162],[76.57332,11.87168],[76.57331,11.87174],[76.57327,11.87182],[76.57322,11.872]]},"properties":{"shedId":"C05CAM20"}},{"type":"Feature","geometry":{"type":"LineString","coordinates":[[76.7271,11.86891],[76.72682,11.86931],[76.7266,11.86961],[76.72656,11.86981],[76.72656,11.87001],[76.72656,11.87026],[76.72652,11.87051],[76.72639,11.8708],[76.72613,11.87115],[76.72553,11.87169],[76.72545,11.8719],[76.7255,11.8722],[76.72561,11.87271],[76.72564,11.87306],[76.72562,11.87334],[76.72562,11.8736],[76.72564,11.87385],[76.72567,11.87399],[76.72588,11.87419],[76.72611,11.87435],[76.72631,11.87444],[76.72644,11.87457],[76.72646,11.8747],[76.72638,11.87499],[76.7262,11.87532],[76.72605,11.87562]]},"properties":{"shedId":"C05CAM20"}},{"type":"Feature","geometry":{"type":"LineString","coordinates":[[76.5861,11.87236],[76.58616,11.87235],[76.58633,11.87226],[76.58647,11.87212],[76.58671,11.87198],[76.58696,11.87189],[76.58734,11.87179],[76.58753,11.8718],[76.58771,11.87181],[76.58797,11.87179],[76.5884,11.87171],[76.5898,11.87148],[76.59111,11.87128],[76.59168,11.87123],[76.59215,11.87121],[76.59247,11.8711]]},"properties":{"shedId":"C05CAM20"}},{"type":"Feature","geometry":{"type":"LineString","coordinates":[[76.64219,11.87342],[76.64254,11.8736],[76.64351,11.87402]]},"properties":{"shedId":"C05CAM20"}},{"type":"Feature","geometry":{"type":"LineString","coordinates":[[76.57322,11.872],[76.57341,11.87233],[76.57359,11.87257],[76.57376,11.87276],[76.57417,11.87315]]},"properties":{"shedId":"C05CAM20"}},{"type":"Feature","geometry":{"type":"LineString","coordinates":[[76.56717,11.8717],[76.56728,11.87187],[76.56745,11.87206],[76.56764,11.87218],[76.56774,11.87229],[76.56783,11.87241],[76.5679,11.87254],[76.56798,11.87261],[76.56808,11.87265],[76.56842,11.87272],[76.56864,11.87279],[76.56879,11.87285],[76.56897,11.87288],[76.56906,11.87287],[76.56913,11.87285],[76.56936,11.87276],[76.56959,11.87279],[76.56979,11.87286],[76.56996,11.87287],[76.57013,11.87278],[76.57069,11.87245],[76.57103,11.87227],[76.57136,11.87216],[76.57164,11.87213],[76.57187,11.87213],[76.57234,11.87238],[76.57247,11.87253],[76.57255,11.87279],[76.57261,11.87306],[76.5727,11.87321],[76.57281,11.87325],[76.57293,11.87324],[76.57339,11.87331]]},"properties":{"shedId":"C05CAM20"}},{"type":"Feature","geometry":{"type":"LineString","coordinates":[[76.57339,11.87331],[76.5737,11.87327],[76.57417,11.87315]]},"properties":{"shedId":"C05CAM20"}},{"type":"Feature","geometry":{"type":"LineString","coordinates":[[76.57299,11.86834],[76.57363,11.8685],[76.57401,11.86858],[76.57491,11.86914],[76.57557,11.86953],[76.57589,11.86992],[76.57654,11.8706],[76.57685,11.87082],[76.5771,11.87088],[76.57755,11.87098],[76.57766,11.87105],[76.5777,11.87116],[76.5777,11.87129],[76.57772,11.87144],[76.57775,11.8715],[76.57781,11.87154],[76.57794,11.87155],[76.57857,11.87144],[76.57886,11.87143],[76.57908,11.87153],[76.57934,11.87175],[76.58051,11.87308],[76.58077,11.87328],[76.58108,11.87333],[76.58131,11.87336],[76.58157,11.87348],[76.58182,11.87366]]},"properties":{"shedId":"C05CAM20"}},{"type":"Feature","geometry":{"type":"LineString","coordinates":[[76.58182,11.87366],[76.58219,11.87355],[76.58253,11.87335],[76.58341,11.87283],[76.58398,11.8726],[76.58428,11.87255],[76.58463,11.87257],[76.58509,11.87255],[76.58552,11.87247],[76.58585,11.87241],[76.5861,11.87236]]},"properties":{"shedId":"C05CAM20"}},{"type":"Feature","geometry":{"type":"LineString","coordinates":[[76.71882,11.86562],[76.71873,11.86575],[76.71869,11.86579],[76.71863,11.86583],[76.7185,11.86591],[76.71836,11.86596],[76.71824,11.86601],[76.71811,11.86609],[76.71807,11.86617],[76.71808,11.86625],[76.71831,11.86706],[76.71844,11.86736],[76.71871,11.86754],[76.71905,11.86774],[76.7193,11.86792],[76.71951,11.86826],[76.71957,11.86871],[76.71961,11.86914],[76.7195,11.8696],[76.71901,11.87071],[76.71872,11.87108],[76.71864,11.87133],[76.71864,11.87154],[76.7187,11.87173],[76.71913,11.87309],[76.71978,11.87434],[76.72002,11.87494],[76.72017,11.87548],[76.72033,11.87629],[76.72035,11.87658],[76.72031,11.87719]]},"properties":{"shedId":"C05CAM20"}},{"type":"Feature","geometry":{"type":"LineString","coordinates":[[76.57924,11.87416],[76.57957,11.87413],[76.57995,11.87405],[76.58043,11.87387],[76.58151,11.87375],[76.58182,11.87366]]},"properties":{"shedId":"C05CAM20"}},{"type":"Feature","geometry":{"type":"LineString","coordinates":[[76.57417,11.87315],[76.57432,11.87329],[76.57447,11.87337],[76.57461,11.87343],[76.57474,11.87351],[76.57479,11.87354],[76.57489,11.8736],[76.5749,11.87361],[76.57509,11.87364],[76.5752,11.87368],[76.57531,11.87374],[76.57537,11.87375],[76.57541,11.87376],[76.57552,11.87376],[76.57556,11.87371],[76.57559,11.87368],[76.57559,11.87358],[76.57559,11.87357],[76.57564,11.87351],[76.57571,11.87347],[76.57583,11.87346],[76.57599,11.87343],[76.57614,11.87343],[76.57626,11.87346],[76.57637,11.8735],[76.57646,11.87358],[76.57667,11.87404],[76.5767,11.87416]]},"properties":{"shedId":"C05CAM20"}},{"type":"Feature","geometry":{"type":"LineString","coordinates":[[76.5767,11.87416],[76.5768,11.87426],[76.57687,11.87434],[76.57692,11.87438],[76.57704,11.87445],[76.57719,11.87446],[76.57737,11.87438],[76.57754,11.8742],[76.57774,11.87409],[76.57797,11.87401],[76.5783,11.87398],[76.57856,11.87402],[76.57877,11.87409],[76.57908,11.87417],[76.57924,11.87416]]},"properties":{"shedId":"C05CAM20"}},{"type":"Feature","geometry":{"type":"LineString","coordinates":[[76.72605,11.87562],[76.72578,11.87613],[76.72555,11.8765],[76.7253,11.87669],[76.72498,11.87672],[76.72471,11.87663],[76.72442,11.87652],[76.72409,11.87645],[76.72379,11.87656],[76.72362,11.87674],[76.72283,11.87769],[76.72268,11.8778],[76.72265,11.87781],[76.72229,11.87797],[76.72196,11.87802],[76.72164,11.87794],[76.72149,11.87785],[76.72124,11.8777],[76.721,11.87763],[76.72077,11.87759],[76.72059,11.87748],[76.72045,11.87737],[76.72031,11.87719]]},"properties":{"shedId":"C05CAM20"}},{"type":"Feature","geometry":{"type":"LineString","coordinates":[[76.73576,11.87903],[76.73561,11.8789],[76.73339,11.87746],[76.73307,11.87725],[76.73248,11.87691],[76.73233,11.87681],[76.73228,11.87668],[76.73228,11.87653],[76.73247,11.87562],[76.7325,11.87536],[76.73247,11.87522],[76.73241,11.87514],[76.73229,11.87506],[76.73196,11.87496],[76.73155,11.87496],[76.72948,11.87522],[76.72785,11.87525],[76.72726,11.87535],[76.72697,11.87556],[76.72685,11.87566],[76.72674,11.87572],[76.72654,11.87572],[76.72629,11.87571],[76.72605,11.87562]]},"properties":{"shedId":"C05CAM20"}},{"type":"Feature","geometry":{"type":"LineString","coordinates":[[76.74509,11.87516],[76.74393,11.87529],[76.74288,11.87548],[76.74181,11.87593],[76.74071,11.87654],[76.74042,11.87666],[76.74033,11.87664],[76.74023,11.87663],[76.74,11.87651],[76.73957,11.87642],[76.73929,11.87638],[76.739,11.87643],[76.73874,11.87655],[76.73801,11.87723],[76.73789,11.87727],[76.73755,11.87752],[76.73746,11.87757],[76.73722,11.87767],[76.73699,11.87777],[76.73663,11.87784],[76.73653,11.87791],[76.73645,11.87796],[76.73631,11.87809],[76.73576,11.87903]]},"properties":{"shedId":"C05CAM20"}},{"type":"Feature","geometry":{"type":"LineString","coordinates":[[76.72031,11.87719],[76.7201,11.877],[76.72,11.87696],[76.71983,11.87691],[76.71942,11.87699],[76.71909,11.87705],[76.7189,11.87713],[76.71876,11.87728],[76.71834,11.87815],[76.71812,11.87845],[76.71776,11.87868],[76.71743,11.87877]]},"properties":{"shedId":"C05CAM20"}},{"type":"Feature","geometry":{"type":"LineString","coordinates":[[76.56654,11.87341],[76.56675,11.87345],[76.56689,11.87359],[76.56705,11.87378],[76.56719,11.87391],[76.56733,11.87398],[76.56751,11.87398],[76.56766,11.87395],[76.56782,11.87398],[76.56789,11.87407],[76.56793,11.87415],[76.56801,11.87463],[76.56809,11.87481],[76.56825,11.87494],[76.56839,11.87501],[76.56851,11.87506],[76.56858,11.87514],[76.56867,11.87543]]},"properties":{"shedId":"C05CAM20"}},{"type":"Feature","geometry":{"type":"LineString","coordinates":[[76.56867,11.87543],[76.56883,11.87543],[76.56924,11.8754],[76.56969,11.87547],[76.57,11.87555],[76.57024,11.87563],[76.57044,11.87563],[76.57058,11.87554],[76.57063,11.8754],[76.57072,11.8752],[76.57083,11.87505],[76.57153,11.87433],[76.57181,11.8741],[76.57205,11.87387],[76.57231,11.87363],[76.57265,11.87347],[76.57303,11.87336],[76.57339,11.87331]]},"properties":{"shedId":"C05CAM20"}},{"type":"Feature","geometry":{"type":"LineString","coordinates":[[76.56761,11.87588],[76.56812,11.87568],[76.56843,11.87555],[76.56867,11.87543]]},"properties":{"shedId":"C05CAM20"}},{"type":"Feature","geometry":{"type":"LineString","coordinates":[[76.71245,11.86891],[76.71249,11.86989],[76.71231,11.87137],[76.7121,11.87187],[76.71199,11.87228],[76.71194,11.87257],[76.71192,11.87287],[76.71209,11.87482],[76.71249,11.87597],[76.71261,11.87696],[76.71263,11.87797],[76.71262,11.87947]]},"properties":{"shedId":"C05CAM20"}},{"type":"Feature","geometry":{"type":"LineString","coordinates":[[76.71743,11.87877],[76.71696,11.87872],[76.7162,11.87847],[76.71523,11.87781],[76.71492,11.87772],[76.71444,11.87764],[76.71407,11.87763],[76.71382,11.87766],[76.71367,11.87773],[76.71363,11.87787],[76.71355,11.87808],[76.7134,11.87838],[76.71262,11.87947]]},"properties":{"shedId":"C05CAM20"}},{"type":"Feature","geometry":{"type":"LineString","coordinates":[[76.76526,11.87616],[76.76407,11.87644],[76.76374,11.87655],[76.76368,11.87661],[76.76362,11.87671],[76.76361,11.87687],[76.76379,11.87769],[76.76381,11.87782],[76.76377,11.87792],[76.76372,11.87797],[76.76248,11.87818],[76.76221,11.87823],[76.76202,11.87839],[76.76181,11.87853],[76.76159,11.87866],[76.76021,11.87902],[76.75937,11.87921],[76.75926,11.87921],[76.75918,11.87924],[76.75901,11.87935],[76.75891,11.87949],[76.75888,11.87974],[76.75905,11.88098]]},"properties":{"shedId":"C05CAM20"}},{"type":"Feature","geometry":{"type":"LineString","coordinates":[[76.7659,11.88099],[76.76575,11.88081],[76.76563,11.88079],[76.76543,11.88081],[76.76507,11.88088],[76.76457,11.88109],[76.7643,11.88121],[76.76383,11.88127],[76.7632,11.88129],[76.76231,11.88118],[76.7614,11.8808],[76.76107,11.8807],[76.76005,11.88067],[76.75905,11.88098]]},"properties":{"shedId":"C05CAM20"}},{"type":"Feature","geometry":{"type":"LineString","coordinates":[[76.69642,11.86774],[76.69611,11.86848],[76.69585,11.86975],[76.69575,11.87071],[76.69589,11.87148],[76.69632,11.87236],[76.69643,11.87258],[76.69648,11.87273],[76.69648,11.87291],[76.69643,11.87304],[76.69628,11.8732],[76.69583,11.87356],[76.69571,11.87371],[76.69566,11.87384],[76.69566,11.87387],[76.69555,11.87497],[76.69547,11.8755],[76.69546,11.87586],[76.69553,11.87614],[76.69556,11.87643],[76.69554,11.87675],[76.6955,11.87703],[76.69536,11.87755],[76.69485,11.87814],[76.69476,11.87839],[76.69474,11.87855],[76.69477,11.87871],[76.6949,11.87897],[76.69537,11.87946],[76.69551,11.87972],[76.69552,11.87985],[76.69551,11.87999],[76.69547,11.88014]]},"properties":{"name":"Gundal","shedId":"C05CAM20"}},{"type":"Feature","geometry":{"type":"LineString","coordinates":[[76.69998,11.87988],[76.69966,11.87978],[76.69905,11.87967],[76.69873,11.87968],[76.69832,11.87974],[76.69798,11.87982],[76.69748,11.87981],[76.69684,11.87972],[76.69667,11.87966],[76.69648,11.87964],[76.6963,11.87965],[76.69611,11.87971],[76.69547,11.88014]]},"properties":{"shedId":"C05CAM20"}},{"type":"Feature","geometry":{"type":"LineString","coordinates":[[76.7395,11.88128],[76.73927,11.88122],[76.73836,11.88108],[76.73794,11.8809],[76.73754,11.88061],[76.73576,11.87903]]},"properties":{"shedId":"C05CAM20"}},{"type":"Feature","geometry":{"type":"LineString","coordinates":[[76.59188,11.87799],[76.59253,11.87796],[76.59333,11.87798],[76.59357,11.87791],[76.59376,11.87776],[76.5938,11.8777],[76.59383,11.87761],[76.59393,11.87706],[76.59399,11.87652],[76.59399,11.87606],[76.59393,11.87582],[76.59379,11.87524],[76.59378,11.87503],[76.59369,11.87381],[76.5936,11.8727],[76.59353,11.87245],[76.59341,11.87213],[76.59324,11.87143],[76.59318,11.87125],[76.59312,11.87114],[76.59307,11.87108],[76.59295,11.87106],[76.59247,11.8711]]},"properties":{"shedId":"C05CAM20"}},{"type":"Feature","geometry":{"type":"LineString","coordinates":[[76.68015,11.87266],[76.68064,11.87381],[76.68083,11.87407],[76.68123,11.87439],[76.68211,11.87514],[76.68254,11.87538],[76.68281,11.87548],[76.68294,11.87549],[76.68315,11.87545],[76.68328,11.87536],[76.68333,11.87525],[76.68336,11.87516],[76.68342,11.87505],[76.68351,11.875],[76.68356,11.87499],[76.6836,11.87498],[76.68391,11.87504],[76.68401,11.87514],[76.68415,11.87532],[76.68434,11.87553],[76.68665,11.87628],[76.68755,11.87663],[76.68793,11.87683],[76.68865,11.87716],[76.68906,11.87715],[76.68961,11.87703],[76.68983,11.87703],[76.69006,11.87709],[76.69035,11.87716],[76.69057,11.87717],[76.69069,11.87717],[76.6911,11.87715],[76.69168,11.87714],[76.69187,11.87718],[76.69219,11.87741],[76.69249,11.8777],[76.69264,11.87792],[76.69275,11.87807],[76.69291,11.87822],[76.69307,11.87831],[76.69331,11.87833],[76.6935,11.87841],[76.69362,11.8786],[76.69369,11.87874],[76.69372,11.87893],[76.69363,11.87957],[76.69349,11.87972],[76.69338,11.8799],[76.69337,11.88011],[76.69346,11.8803],[76.69348,11.88038],[76.69355,11.88046],[76.69373,11.88056],[76.69411,11.88065],[76.69489,11.88069]]},"properties":{"shedId":"C05CAM20"}},{"type":"Feature","geometry":{"type":"LineString","coordinates":[[76.69547,11.88014],[76.69536,11.88033],[76.69489,11.88069]]},"properties":{"name":"Gundal","shedId":"C05CAM20"}},{"type":"Feature","geometry":{"type":"LineString","coordinates":[[76.63828,11.87833],[76.64014,11.8784],[76.64046,11.87842],[76.6409,11.87845],[76.64114,11.87861],[76.64132,11.87873],[76.6416,11.87882],[76.64209,11.87882],[76.64333,11.87836],[76.64375,11.87826],[76.64423,11.87833],[76.64451,11.87848],[76.64503,11.8788],[76.64546,11.87889],[76.64576,11.87901],[76.64585,11.87921],[76.64593,11.87938],[76.64613,11.87949],[76.64635,11.87952],[76.64806,11.8798]]},"properties":{"shedId":"C05CAM20"}},{"type":"Feature","geometry":{"type":"LineString","coordinates":[[76.64351,11.87402],[76.64435,11.87453],[76.64471,11.8749],[76.64483,11.87506],[76.64486,11.87522],[76.64491,11.87548],[76.645,11.87574],[76.6451,11.87595],[76.64526,11.87604],[76.64542,11.87606],[76.64567,11.87612],[76.64588,11.87624],[76.64612,11.87671],[76.64622,11.87688],[76.64635,11.87699],[76.64653,11.87701],[76.64668,11.87703],[76.64681,11.87707],[76.64689,11.87715],[76.64701,11.87731],[76.64762,11.87886],[76.64806,11.8798]]},"properties":{"shedId":"C05CAM20"}},{"type":"Feature","geometry":{"type":"LineString","coordinates":[[76.75905,11.88098],[76.75875,11.88107],[76.757,11.88175],[76.75627,11.88193],[76.75602,11.88193],[76.75582,11.8819],[76.75561,11.88182],[76.75539,11.88161],[76.75495,11.88102],[76.75482,11.88082],[76.75467,11.88068],[76.75454,11.88061],[76.75448,11.8806],[76.75436,11.88058],[76.7542,11.88058],[76.75209,11.88084],[76.7511,11.88115],[76.75078,11.88144],[76.75035,11.88176],[76.74987,11.88195],[76.74804,11.8824],[76.7477,11.88256]]},"properties":{"shedId":"C05CAM20"}},{"type":"Feature","geometry":{"type":"LineString","coordinates":[[76.7477,11.88256],[76.74704,11.88288],[76.74662,11.88297],[76.74602,11.88294],[76.74402,11.88242],[76.74288,11.88197],[76.74218,11.88191],[76.7395,11.88128]]},"properties":{"shedId":"C05CAM20"}},{"type":"Feature","geometry":{"type":"LineString","coordinates":[[76.57165,11.87953],[76.57167,11.8794],[76.57178,11.87897],[76.57184,11.87852],[76.57182,11.87819],[76.57173,11.87787],[76.57162,11.87742],[76.57165,11.87724],[76.57178,11.87705],[76.57219,11.87658],[76.57255,11.87636],[76.57299,11.87598],[76.57322,11.87585],[76.57339,11.8757],[76.57353,11.87555],[76.57378,11.87546],[76.57402,11.87536],[76.57437,11.87523],[76.57457,11.8751],[76.57471,11.87503],[76.57488,11.87497],[76.5751,11.87489],[76.57528,11.87478],[76.57552,11.87464],[76.57567,11.87459],[76.57585,11.87453],[76.57597,11.87444],[76.57604,11.87433],[76.57612,11.87425],[76.57627,11.87417],[76.57658,11.87414],[76.5767,11.87416]]},"properties":{"shedId":"C05CAM20"}},{"type":"Feature","geometry":{"type":"LineString","coordinates":[[76.64806,11.8798],[76.6483,11.88034],[76.64881,11.88071],[76.64941,11.88103],[76.65014,11.8814],[76.65095,11.88181]]},"properties":{"shedId":"C05CAM20"}},{"type":"Feature","geometry":{"type":"LineString","coordinates":[[76.65093,11.86912],[76.65069,11.86982],[76.65061,11.8703],[76.65057,11.87069],[76.65066,11.87106],[76.65088,11.87185],[76.65094,11.87216],[76.65106,11.87264],[76.65104,11.87319],[76.65096,11.8736],[76.65076,11.87389],[76.6506,11.874],[76.65005,11.87412],[76.64959,11.87428],[76.64934,11.87452],[76.6489,11.8751],[76.64874,11.87551],[76.64874,11.87579],[76.6488,11.87603],[76.64897,11.87614],[76.64929,11.87616],[76.64957,11.87624],[76.64984,11.87641],[76.65011,11.87724],[76.6502,11.87739],[76.65025,11.87745],[76.65039,11.87758],[76.65042,11.87782],[76.65043,11.87814],[76.65039,11.8785],[76.65021,11.8795],[76.65019,11.87973],[76.65026,11.88008],[76.65032,11.88031],[76.65039,11.88048],[76.65095,11.88181]]},"properties":{"shedId":"C05CAM20"}},{"type":"Feature","geometry":{"type":"LineString","coordinates":[[76.56957,11.88054],[76.57041,11.88007],[76.5706,11.87993],[76.57087,11.87979],[76.57119,11.87966],[76.57165,11.87953]]},"properties":{"shedId":"C05CAM20"}},{"type":"Feature","geometry":{"type":"LineString","coordinates":[[76.56526,11.87955],[76.56556,11.87937],[76.56596,11.87929],[76.56634,11.87936],[76.56668,11.87952],[76.56722,11.87979],[76.56748,11.88012],[76.5678,11.88043],[76.56805,11.88054],[76.56836,11.88057],[76.56884,11.8806],[76.56918,11.88064],[76.56957,11.88054]]},"properties":{"shedId":"C05CAM20"}},{"type":"Feature","geometry":{"type":"LineString","coordinates":[[76.57475,11.88249],[76.5754,11.88219],[76.57573,11.88198],[76.57593,11.88187],[76.5763,11.88159],[76.57657,11.88125],[76.57736,11.87956],[76.57752,11.87933],[76.57773,11.879],[76.57832,11.87835],[76.57866,11.87806],[76.57893,11.87778],[76.57903,11.87756],[76.57905,11.87728],[76.57903,11.8767],[76.57908,11.8765],[76.57922,11.87627],[76.57937,11.87608],[76.57951,11.87593],[76.57954,11.87572],[76.57954,11.8755],[76.57946,11.8752],[76.57924,11.87416]]},"properties":{"shedId":"C05CAM20"}},{"type":"Feature","geometry":{"type":"LineString","coordinates":[[76.56714,11.88244],[76.56744,11.88237],[76.56767,11.88223],[76.56786,11.88208],[76.56793,11.88184],[76.56795,11.88166],[76.56797,11.8815],[76.56806,11.88134],[76.56825,11.88122],[76.56852,11.88111],[76.56878,11.88105],[76.56907,11.88096],[76.56921,11.88088],[76.56957,11.88054]]},"properties":{"shedId":"C05CAM20"}},{"type":"Feature","geometry":{"type":"LineString","coordinates":[[76.6709,11.87187],[76.67064,11.87256],[76.67057,11.87309],[76.67063,11.87348],[76.67072,11.87394],[76.67089,11.87448],[76.67123,11.87615],[76.67148,11.87676],[76.67156,11.87746],[76.67148,11.87762],[76.67136,11.87778],[76.6713,11.87797],[76.6713,11.87817],[76.67139,11.8784],[76.67215,11.87944],[76.67239,11.87986],[76.67249,11.88031],[76.67265,11.88089],[76.67266,11.88148],[76.67256,11.8822],[76.6724,11.88334],[76.67245,11.8837],[76.67248,11.88449],[76.67258,11.88534]]},"properties":{"shedId":"C05CAM20"}},{"type":"Feature","geometry":{"type":"LineString","coordinates":[[76.65426,11.86964],[76.65502,11.86984],[76.65549,11.87003],[76.65612,11.87027],[76.65675,11.87062],[76.65886,11.87266],[76.65978,11.87411],[76.66184,11.87644],[76.6624,11.87723],[76.66369,11.87901],[76.66465,11.87993],[76.66529,11.88046],[76.66615,11.88099],[76.66967,11.88394],[76.67053,11.88444],[76.67163,11.88493],[76.6724,11.88534],[76.67258,11.88534]]},"properties":{"shedId":"C05CAM20"}},{"type":"Feature","geometry":{"type":"LineString","coordinates":[[76.61368,11.88442],[76.61391,11.88407],[76.61413,11.88343],[76.61459,11.88207],[76.61511,11.88133],[76.61553,11.88083],[76.61613,11.88038],[76.6162,11.8803],[76.61689,11.87977],[76.61863,11.87856],[76.61916,11.87813],[76.61947,11.87798],[76.61986,11.87788],[76.62007,11.87787],[76.62019,11.87796],[76.62031,11.87814],[76.62045,11.87829],[76.62057,11.87838],[76.62074,11.87833],[76.6209,11.87821],[76.62105,11.87776],[76.62123,11.87749],[76.62183,11.8768],[76.62218,11.87649],[76.62286,11.87584],[76.62399,11.87526],[76.62487,11.87517],[76.6254,11.87509],[76.6256,11.87509],[76.62641,11.87505],[76.62695,11.87489],[76.62801,11.87418],[76.62831,11.87397],[76.62864,11.87384],[76.62921,11.8738],[76.6298,11.874],[76.63009,11.87411],[76.63038,11.8742],[76.6307,11.87418],[76.63096,11.87407],[76.63111,11.87383],[76.63121,11.87357],[76.63125,11.87341],[76.63134,11.87321],[76.63145,11.87307],[76.63165,11.87299],[76.63209,11.87298],[76.6324,11.87309],[76.63281,11.87325],[76.63375,11.87383],[76.63444,11.87408],[76.63513,11.87415],[76.63597,11.87399],[76.63659,11.8739],[76.6371,11.87392],[76.63762,11.87403],[76.63832,11.87418],[76.63908,11.87427],[76.64004,11.87425],[76.64188,11.87419],[76.64351,11.87402]]},"properties":{"shedId":"C05CAM20"}},{"type":"Feature","geometry":{"type":"LineString","coordinates":[[76.67747,11.88028],[76.67817,11.88024],[76.67862,11.88024],[76.67898,11.88028],[76.67936,11.88048],[76.67971,11.88083],[76.67977,11.88102],[76.67982,11.88129],[76.67987,11.88147],[76.67992,11.88166],[76.68005,11.88175],[76.68029,11.88177],[76.68099,11.88179],[76.68122,11.88186],[76.68153,11.88203],[76.68261,11.88234],[76.68284,11.88251],[76.683,11.8828],[76.68304,11.88301],[76.68312,11.88317],[76.68319,11.88322],[76.68352,11.88343],[76.68534,11.88374],[76.68567,11.88403],[76.68592,11.88426],[76.68634,11.88454],[76.68694,11.88476],[76.68943,11.88518],[76.68994,11.88548],[76.69064,11.88592],[76.69135,11.88661]]},"properties":{"shedId":"C05CAM20"}},{"type":"Feature","geometry":{"type":"LineString","coordinates":[[76.69489,11.88069],[76.69462,11.8809],[76.69413,11.88135],[76.69396,11.88185],[76.69393,11.88215],[76.694,11.88238],[76.69414,11.88257],[76.69459,11.88291],[76.69468,11.88306],[76.6947,11.88326],[76.69471,11.88346],[76.69464,11.88372],[76.69452,11.88395],[76.69385,11.88485],[76.69365,11.8853],[76.69344,11.88556],[76.69319,11.8858],[76.69292,11.88593],[76.69167,11.88626],[76.69148,11.88642],[76.69135,11.88661]]},"properties":{"name":"Gundal","shedId":"C05CAM20"}},{"type":"Feature","geometry":{"type":"LineString","coordinates":[[76.67258,11.88534],[76.673,11.88534],[76.67342,11.88537],[76.67367,11.88542],[76.67376,11.88547],[76.67389,11.88557],[76.674,11.88563],[76.67414,11.8859],[76.6742,11.8863],[76.67435,11.88672],[76.67492,11.88799]]},"properties":{"shedId":"C05CAM20"}},{"type":"Feature","geometry":{"type":"LineString","coordinates":[[76.569,11.88705],[76.56901,11.88687],[76.56899,11.88668],[76.56898,11.88653],[76.56898,11.88636],[76.56898,11.88625],[76.569,11.88618],[76.56906,11.886],[76.56923,11.88558],[76.56938,11.88542],[76.5696,11.88529],[76.56986,11.88519],[76.57009,11.88501],[76.5702,11.88491],[76.57025,11.88486],[76.57053,11.88467],[76.57064,11.88466],[76.57077,11.88466],[76.57095,11.88466],[76.57107,11.88461],[76.57113,11.88452],[76.57115,11.88441],[76.57116,11.88379],[76.57117,11.88358],[76.57119,11.88338],[76.57129,11.88215],[76.57127,11.88164],[76.5713,11.88132],[76.57139,11.88094],[76.5716,11.88054],[76.57165,11.88015],[76.57165,11.87981],[76.57165,11.87953]]},"properties":{"shedId":"C05CAM20"}},{"type":"Feature","geometry":{"type":"LineString","coordinates":[[76.59444,11.88825],[76.5948,11.88822],[76.59533,11.88828],[76.59547,11.88825],[76.59565,11.88816],[76.59584,11.88806],[76.59604,11.88792],[76.59627,11.88772],[76.59691,11.88715],[76.59708,11.88695],[76.59723,11.8867],[76.59745,11.88582],[76.59762,11.88546],[76.59792,11.88507],[76.59851,11.8844],[76.59867,11.88411],[76.59882,11.88387],[76.59906,11.88367],[76.59954,11.8833],[76.59961,11.88319],[76.59963,11.88312],[76.59963,11.88308],[76.59962,11.88298],[76.59961,11.88294],[76.59939,11.8824],[76.59935,11.88227],[76.59935,11.88216],[76.59939,11.88206],[76.59948,11.88197],[76.59967,11.88188],[76.5999,11.88179],[76.59994,11.88176],[76.59995,11.88172],[76.59995,11.8817],[76.59994,11.88165],[76.59993,11.88158],[76.59982,11.88107],[76.5998,11.88093],[76.59981,11.8808],[76.59986,11.8807],[76.60025,11.88033],[76.60042,11.88026],[76.60059,11.88028],[76.60108,11.88031],[76.60145,11.88027],[76.60167,11.88027],[76.60183,11.88031],[76.60186,11.88032],[76.60202,11.88051],[76.60212,11.88071],[76.60225,11.8809],[76.60247,11.88111],[76.60256,11.88115],[76.60268,11.88118],[76.60285,11.88117],[76.60306,11.88106],[76.60316,11.88088],[76.60333,11.88061],[76.60428,11.88003],[76.60467,11.87986],[76.60505,11.87955],[76.60612,11.87912],[76.60682,11.87875],[76.60757,11.87845],[76.60832,11.87806],[76.60854,11.8779],[76.60877,11.87777],[76.60887,11.87762],[76.60896,11.87744],[76.609,11.87711],[76.60895,11.87595],[76.60897,11.87568],[76.60908,11.87551],[76.60931,11.87538],[76.60943,11.87529],[76.6095,11.87514],[76.60949,11.8747],[76.60934,11.87384],[76.60932,11.87364],[76.60941,11.87324],[76.60947,11.87313],[76.60952,11.873],[76.60981,11.87276],[76.61044,11.87191],[76.6107,11.87144],[76.61077,11.87111],[76.61079,11.87064],[76.61075,11.86996],[76.61069,11.86979],[76.61064,11.86965],[76.61067,11.86953],[76.61074,11.86941],[76.6109,11.86927],[76.61092,11.8692],[76.61102,11.86872],[76.61114,11.86855],[76.6113,11.86832],[76.61135,11.86818],[76.61144,11.86806],[76.61176,11.8677],[76.61208,11.86739],[76.61244,11.86696],[76.61309,11.86564],[76.61343,11.86487]]},"properties":{"shedId":"C05CAM20"}},{"type":"Feature","geometry":{"type":"LineString","coordinates":[[76.73024,11.89171],[76.72913,11.89064],[76.7289,11.89039],[76.72859,11.89019],[76.72843,11.89017],[76.72815,11.89009],[76.72787,11.89009],[76.72768,11.89004],[76.72752,11.88997],[76.72739,11.88984],[76.72731,11.88973],[76.72696,11.88915],[76.72678,11.88896],[76.72641,11.8888],[76.72532,11.88853],[76.72397,11.88842],[76.72356,11.88838],[76.72341,11.88829],[76.72335,11.88828],[76.72321,11.8881],[76.72313,11.88797],[76.72302,11.88783],[76.72226,11.88729],[76.72196,11.88701],[76.72177,11.88669],[76.7217,11.88655],[76.72158,11.88633],[76.71968,11.88118],[76.71928,11.88037],[76.71924,11.88025],[76.71916,11.87997],[76.71907,11.87983],[76.71888,11.87969],[76.71882,11.87969],[76.71827,11.87938],[76.71743,11.87877]]},"properties":{"shedId":"C05CAM20"}},{"type":"Feature","geometry":{"type":"LineString","coordinates":[[76.66825,11.89],[76.66888,11.89032],[76.66951,11.8904],[76.6698,11.8904],[76.67038,11.89025],[76.67076,11.89001],[76.67097,11.88973],[76.67122,11.88937],[76.6714,11.88912],[76.67172,11.889],[76.67221,11.88883],[76.6728,11.88867],[76.67334,11.88859],[76.67394,11.88849],[76.67432,11.88826],[76.67492,11.88799]]},"properties":{"shedId":"C05CAM20"}},{"type":"Feature","geometry":{"type":"LineString","coordinates":[[76.58777,11.88935],[76.58707,11.88905],[76.58673,11.88884],[76.58609,11.88867],[76.58529,11.88866],[76.58502,11.88855],[76.58468,11.8883],[76.58452,11.88805],[76.58384,11.88671],[76.5835,11.88572],[76.58299,11.88473],[76.58279,11.88453],[76.58259,11.88442],[76.58245,11.8843],[76.58238,11.88421],[76.58235,11.88407],[76.58232,11.88354],[76.58233,11.88334],[76.58236,11.8831],[76.58247,11.88283],[76.5825,11.88266],[76.58249,11.88248],[76.58244,11.88223],[76.58237,11.88157],[76.58238,11.88111],[76.58241,11.88089],[76.58255,11.88067],[76.58261,11.88063],[76.58319,11.88061],[76.58338,11.88054],[76.58349,11.88045],[76.58355,11.88031],[76.58363,11.87963],[76.58367,11.87951],[76.58374,11.87944],[76.58386,11.87939],[76.58429,11.87938],[76.58439,11.87936],[76.58446,11.87931],[76.58448,11.87923],[76.58439,11.8789],[76.58437,11.87879],[76.58438,11.8787],[76.58439,11.87867],[76.58442,11.87862],[76.58447,11.87852],[76.58454,11.87843],[76.58458,11.87836],[76.58458,11.87828],[76.58456,11.87796],[76.58456,11.87775],[76.58463,11.87742],[76.58501,11.87653],[76.58524,11.87624],[76.58538,11.87599],[76.58547,11.87582],[76.58554,11.87562],[76.58555,11.87556],[76.58548,11.87529],[76.58548,11.87518],[76.58548,11.8751],[76.58551,11.87503],[76.58568,11.87482],[76.58575,11.8747],[76.58577,11.87456],[76.5859,11.87386],[76.58606,11.87374],[76.58613,11.87373],[76.5862,11.87372],[76.58631,11.87367],[76.58637,11.87354],[76.5864,11.87338],[76.58641,11.87314],[76.58637,11.87297],[76.58633,11.87286],[76.58616,11.87261],[76.58613,11.87245],[76.5861,11.87236]]},"properties":{"shedId":"C05CAM20"}},{"type":"Feature","geometry":{"type":"LineString","coordinates":[[76.60535,11.8908],[76.60604,11.89058],[76.60686,11.89009],[76.60816,11.88934],[76.60911,11.88908],[76.60938,11.88898],[76.6096,11.88874],[76.61007,11.88835],[76.61034,11.88824],[76.61051,11.88817],[76.61061,11.88816],[76.6111,11.88797],[76.61135,11.88784],[76.61164,11.88755],[76.61196,11.88723],[76.61223,11.88658],[76.61236,11.88628],[76.61246,11.88608],[76.61285,11.88549],[76.61358,11.88457],[76.61368,11.88442]]},"properties":{"shedId":"C05CAM20"}},{"type":"Feature","geometry":{"type":"LineString","coordinates":[[76.63125,11.89196],[76.63246,11.89211],[76.6333,11.89241],[76.63352,11.89265],[76.63388,11.89315],[76.63419,11.89365]]},"properties":{"shedId":"C05CAM20"}},{"type":"Feature","geometry":{"type":"LineString","coordinates":[[76.67492,11.88799],[76.67517,11.88855],[76.67599,11.88919],[76.67666,11.88956],[76.67721,11.88977],[76.67753,11.88998],[76.6777,11.89009],[76.67804,11.89075],[76.67863,11.89208],[76.67886,11.89253],[76.67978,11.8935],[76.68077,11.89417]]},"properties":{"shedId":"C05CAM20"}},{"type":"Feature","geometry":{"type":"LineString","coordinates":[[76.71262,11.87947],[76.71205,11.88059],[76.71021,11.88289],[76.70964,11.88394],[76.70936,11.88496],[76.70937,11.88568],[76.70928,11.88592],[76.70908,11.88607],[76.70886,11.88609],[76.7085,11.88591],[76.70838,11.88593],[76.70828,11.88601],[76.70828,11.88611],[76.70832,11.88623],[76.70835,11.88643],[76.70835,11.88653],[76.70832,11.88663],[76.70823,11.88693],[76.70809,11.88724],[76.70789,11.88749],[76.70755,11.88764],[76.70687,11.88782],[76.7067,11.88798],[76.70661,11.88815],[76.70657,11.88834],[76.70657,11.8885],[76.70656,11.88882],[76.70646,11.88926],[76.70625,11.88989],[76.70584,11.89046],[76.7057,11.89079],[76.70554,11.89109],[76.70539,11.89124],[76.70531,11.89131],[76.70497,11.89146],[76.7045,11.89172],[76.70347,11.89213],[76.70318,11.89214],[76.70294,11.89218],[76.7028,11.89224],[76.70276,11.89232],[76.70275,11.89238],[76.70277,11.89251],[76.70278,11.89262],[76.70287,11.89281],[76.70296,11.893],[76.70294,11.89311],[76.70287,11.89326],[76.70215,11.894],[76.70206,11.89414],[76.70204,11.89432],[76.70207,11.89443],[76.7022,11.89455],[76.70245,11.89463],[76.70263,11.89471],[76.70278,11.89481],[76.70291,11.89493],[76.703,11.89512],[76.70302,11.8956],[76.703,11.89582],[76.70288,11.89598]]},"properties":{"shedId":"C05CAM20"}},{"type":"Feature","geometry":{"type":"LineString","coordinates":[[76.64024,11.88826],[76.64035,11.88879],[76.64043,11.88897],[76.64051,11.88907],[76.64068,11.8891],[76.64149,11.88892],[76.64224,11.88887],[76.64385,11.88888],[76.64422,11.88899],[76.64457,11.88921],[76.64484,11.88952],[76.6459,11.89189],[76.64635,11.89348],[76.64665,11.89518]]},"properties":{"shedId":"C05CAM20"}},{"type":"Feature","geometry":{"type":"LineString","coordinates":[[76.62794,11.89483],[76.62894,11.89453],[76.62938,11.89441],[76.62997,11.89432],[76.63034,11.8942],[76.63056,11.89406],[76.63067,11.89389],[76.63072,11.89379],[76.63093,11.89342],[76.63115,11.89324],[76.63151,11.89311],[76.63186,11.89308],[76.63256,11.89323],[76.63305,11.89339],[76.63341,11.89347],[76.63419,11.89365]]},"properties":{"shedId":"C05CAM20"}},{"type":"Feature","geometry":{"type":"LineString","coordinates":[[76.63419,11.89365],[76.63465,11.89409],[76.63529,11.89448],[76.63596,11.89476],[76.63673,11.89482],[76.63726,11.89469],[76.63759,11.89454],[76.63779,11.89443],[76.63797,11.89434],[76.63841,11.89419],[76.63912,11.89404],[76.63936,11.89406],[76.6396,11.89417],[76.64264,11.89471],[76.64446,11.89518],[76.64487,11.89524],[76.6453,11.89526],[76.6463,11.89517],[76.64646,11.89516],[76.64665,11.89518]]},"properties":{"shedId":"C05CAM20"}},{"type":"Feature","geometry":{"type":"LineString","coordinates":[[76.70776,11.89749],[76.70709,11.89749],[76.70632,11.89745],[76.70536,11.89705],[76.70455,11.89662],[76.70367,11.89619],[76.70288,11.89598]]},"properties":{"shedId":"C05CAM20"}},{"type":"Feature","geometry":{"type":"LineString","coordinates":[[76.59065,11.89077],[76.59104,11.89105],[76.59149,11.89129],[76.59178,11.89142],[76.59209,11.89147],[76.59223,11.89148],[76.59242,11.89157],[76.59267,11.8917],[76.59294,11.89185],[76.5936,11.89227],[76.59396,11.89258],[76.59414,11.89275],[76.59425,11.89283],[76.59443,11.89291],[76.59456,11.89298],[76.59534,11.89352],[76.59569,11.89368],[76.59576,11.89373],[76.59595,11.89387],[76.59602,11.89395],[76.59618,11.89418],[76.5963,11.89485],[76.59642,11.8951],[76.59651,11.89523],[76.59655,11.89529],[76.59666,11.8954]]},"properties":{"shedId":"C05CAM20"}},{"type":"Feature","geometry":{"type":"LineString","coordinates":[[76.65095,11.88181],[76.65234,11.88359],[76.6526,11.8843],[76.65288,11.88491],[76.65336,11.88532],[76.65352,11.88563],[76.65353,11.88583],[76.65338,11.88605],[76.65321,11.88632],[76.65312,11.8867],[76.65321,11.887],[76.65324,11.88717],[76.65331,11.88733],[76.65361,11.88785],[76.65386,11.88816],[76.6539,11.88859],[76.65406,11.89182],[76.65445,11.89298],[76.65506,11.89397],[76.65697,11.89679],[76.657,11.89686]]},"properties":{"shedId":"C05CAM20"}},{"type":"Feature","geometry":{"type":"LineString","coordinates":[[76.59666,11.8954],[76.59674,11.89548],[76.59682,11.89552],[76.59688,11.89552],[76.59697,11.89548],[76.59702,11.89545],[76.59714,11.89536],[76.59721,11.89528],[76.59729,11.8951],[76.59737,11.89497],[76.59759,11.89491],[76.59808,11.89491],[76.59834,11.8949],[76.59851,11.89483],[76.59856,11.89476],[76.59866,11.89467],[76.59882,11.89455],[76.59988,11.89415],[76.6006,11.89392],[76.60186,11.89326],[76.60257,11.89278],[76.60318,11.89219],[76.60352,11.89172],[76.60382,11.89136],[76.60418,11.89117],[76.60535,11.8908]]},"properties":{"shedId":"C05CAM20"}},{"type":"Feature","geometry":{"type":"LineString","coordinates":[[76.73176,11.8987],[76.73133,11.89837],[76.73091,11.89818],[76.73056,11.89803],[76.72981,11.89796],[76.72918,11.89796],[76.72832,11.89798],[76.72797,11.898],[76.72763,11.898],[76.72734,11.89798],[76.72692,11.8978],[76.72645,11.89751],[76.72556,11.8971],[76.72498,11.89686],[76.72374,11.89647],[76.72294,11.89633],[76.72236,11.89607],[76.72208,11.89594],[76.72176,11.89582],[76.72073,11.89583],[76.7203,11.89582],[76.71988,11.89577],[76.71792,11.89592],[76.71754,11.89592],[76.71719,11.89591],[76.71642,11.89578],[76.71596,11.89568],[76.71431,11.89547],[76.71316,11.89547],[76.71215,11.89571],[76.71188,11.89581],[76.71126,11.89609],[76.70996,11.89699],[76.70938,11.89712],[76.70877,11.8973],[76.70812,11.89747],[76.70776,11.89749]]},"properties":{"shedId":"C05CAM20"}},{"type":"Feature","geometry":{"type":"LineString","coordinates":[[76.67274,11.89756],[76.67328,11.89723],[76.67401,11.89668],[76.67568,11.8955],[76.67631,11.89514],[76.67693,11.89483],[76.6777,11.89456],[76.68006,11.89423],[76.68077,11.89417]]},"properties":{"shedId":"C05CAM20"}},{"type":"Feature","geometry":{"type":"LineString","coordinates":[[76.64665,11.89518],[76.64692,11.89529],[76.64725,11.89567],[76.64762,11.89642],[76.64782,11.89686],[76.64797,11.89704],[76.64813,11.89717],[76.64825,11.8974]]},"properties":{"shedId":"C05CAM20"}},{"type":"Feature","geometry":{"type":"LineString","coordinates":[[76.64825,11.8974],[76.65082,11.89701],[76.65289,11.89695],[76.6544,11.89685],[76.65555,11.89681],[76.657,11.89686]]},"properties":{"shedId":"C05CAM20"}},{"type":"Feature","geometry":{"type":"LineString","coordinates":[[76.60185,11.89656],[76.60194,11.89639],[76.6036,11.89404],[76.60442,11.89225],[76.60487,11.89164],[76.60535,11.8908]]},"properties":{"shedId":"C05CAM20"}},{"type":"Feature","geometry":{"type":"LineString","coordinates":[[76.58639,11.89437],[76.58694,11.89479],[76.58743,11.89505],[76.58832,11.89546],[76.58876,11.8957],[76.58925,11.89597],[76.58979,11.89613],[76.59135,11.89634],[76.59165,11.89644],[76.59174,11.89635],[76.59259,11.89635],[76.5932,11.89628],[76.59476,11.89589],[76.59666,11.8954]]},"properties":{"shedId":"C05CAM20"}},{"type":"Feature","geometry":{"type":"LineString","coordinates":[[76.75495,11.90105],[76.75499,11.89982],[76.75502,11.89926],[76.75497,11.89897],[76.75488,11.89867],[76.75455,11.89809],[76.75445,11.89795],[76.75442,11.89778],[76.75442,11.89754],[76.75456,11.89645],[76.75457,11.8963],[76.75455,11.89617],[76.75446,11.89599],[76.75435,11.89583],[76.75432,11.89571],[76.75433,11.89551],[76.75437,11.89533],[76.75437,11.89516],[76.75434,11.89495],[76.75433,11.89448],[76.75428,11.8943],[76.75416,11.89417],[76.75406,11.89408],[76.75397,11.89397],[76.75368,11.89353],[76.75353,11.89315],[76.75344,11.89289],[76.75313,11.8915],[76.75302,11.89128],[76.75288,11.89107],[76.7526,11.89089],[76.75164,11.89068],[76.75037,11.89063],[76.74985,11.89055],[76.74961,11.8904],[76.74911,11.89011],[76.74813,11.88926],[76.74745,11.88867],[76.74721,11.88848],[76.74703,11.88817],[76.74702,11.888],[76.74702,11.88772],[76.7475,11.88499],[76.74769,11.88362],[76.7477,11.88256]]},"properties":{"shedId":"C05CAM20"}},{"type":"Feature","geometry":{"type":"LineString","coordinates":[[76.74899,11.90246],[76.74496,11.90141],[76.74439,11.90112],[76.74371,11.90074],[76.74299,11.90014],[76.74285,11.89998],[76.74265,11.89975],[76.74261,11.89951],[76.74265,11.899],[76.74273,11.89808],[76.74275,11.8957],[76.74286,11.89421],[76.743,11.89048],[76.74305,11.88937],[76.74308,11.88842],[76.743,11.88736],[76.7427,11.8862],[76.74249,11.8854],[76.74108,11.88376],[76.74017,11.88292],[76.73977,11.8825],[76.73954,11.88201],[76.73952,11.88156],[76.7395,11.88128]]},"properties":{"shedId":"C05CAM20"}},{"type":"Feature","geometry":{"type":"LineString","coordinates":[[76.69135,11.88661],[76.69124,11.88693],[76.69079,11.889],[76.69078,11.8895],[76.69097,11.88993],[76.69121,11.89027],[76.69227,11.89113],[76.69245,11.89136],[76.69244,11.89162],[76.69232,11.89184],[76.69227,11.89193],[76.69226,11.89204],[76.69225,11.89231],[76.6924,11.89253],[76.69259,11.89273],[76.69358,11.89339],[76.69396,11.8938],[76.69428,11.8943],[76.69453,11.89464],[76.69503,11.89505],[76.69514,11.89522],[76.69518,11.89538],[76.69513,11.89568],[76.69511,11.89585],[76.69511,11.89623],[76.69518,11.89645],[76.69528,11.89668],[76.69575,11.89771],[76.69617,11.89816],[76.69635,11.89842],[76.69647,11.8986],[76.69652,11.89872],[76.69655,11.8991],[76.69629,11.90048],[76.69623,11.90069],[76.69625,11.90086],[76.69642,11.90131],[76.69667,11.90163],[76.69702,11.9018],[76.69822,11.90211],[76.69866,11.90232],[76.69878,11.90248]]},"properties":{"name":"Gundal","shedId":"C05CAM20"}},{"type":"Feature","geometry":{"type":"LineString","coordinates":[[76.70288,11.89598],[76.70266,11.89609],[76.70222,11.89605],[76.70203,11.89597],[76.70189,11.89594],[76.7017,11.89586],[76.70153,11.89584],[76.70118,11.89587],[76.70087,11.89587],[76.70069,11.89584],[76.70031,11.89569],[76.70013,11.89572],[76.7001,11.89573],[76.6999,11.89584],[76.69969,11.89595],[76.69921,11.89604],[76.69891,11.89616],[76.69867,11.89624],[76.69854,11.89633],[76.69845,11.89645],[76.69842,11.8966],[76.69837,11.89698],[76.69843,11.89729],[76.69854,11.89752],[76.69869,11.89759],[76.69877,11.89764],[76.69916,11.89777],[76.69924,11.89783],[76.69935,11.89797],[76.69935,11.89816],[76.69927,11.89838],[76.69915,11.89868],[76.69908,11.89896],[76.6989,11.89961],[76.69887,11.90034],[76.69901,11.90116],[76.69923,11.90146],[76.69925,11.90163],[76.69925,11.90185],[76.6992,11.90206],[76.69907,11.90226],[76.69878,11.90248]]},"properties":{"shedId":"C05CAM20"}},{"type":"Feature","geometry":{"type":"LineString","coordinates":[[76.63313,11.90129],[76.63365,11.90071],[76.63397,11.90018],[76.63401,11.9],[76.63403,11.89981],[76.63404,11.89972],[76.63404,11.89967],[76.63404,11.89957],[76.63405,11.89954],[76.63412,11.89938],[76.63425,11.89922],[76.63523,11.89893],[76.63548,11.89888],[76.63575,11.89873],[76.63597,11.89858],[76.63621,11.89846],[76.63652,11.89839],[76.63679,11.89839],[76.63709,11.89837],[76.63731,11.89831],[76.63736,11.89828],[76.63738,11.89825],[76.63739,11.89816],[76.63738,11.89802],[76.6373,11.89786],[76.63725,11.89774],[76.63726,11.89768],[76.63729,11.89764],[76.63741,11.89762],[76.63817,11.89736],[76.63854,11.89732],[76.63895,11.89737],[76.63927,11.89747],[76.64049,11.89765],[76.64074,11.89774],[76.64092,11.89791],[76.64107,11.89805],[76.64126,11.89813],[76.64165,11.89815],[76.64391,11.89794],[76.6463,11.89769],[76.64825,11.8974]]},"properties":{"shedId":"C05CAM20"}},{"type":"Feature","geometry":{"type":"LineString","coordinates":[[76.71322,11.90382],[76.71315,11.90365],[76.71312,11.90353],[76.71302,11.90337],[76.7128,11.90323],[76.71268,11.90317],[76.71257,11.90316],[76.71245,11.90314],[76.71232,11.90313],[76.71221,11.90311],[76.71215,11.90309],[76.71205,11.90302],[76.71201,11.90297],[76.71185,11.90271],[76.71118,11.90162],[76.71076,11.90115],[76.71031,11.90066],[76.7101,11.90034],[76.71009,11.90001],[76.71007,11.89966],[76.70999,11.89955],[76.70991,11.89947],[76.70967,11.89931],[76.70933,11.89924],[76.70892,11.89918],[76.7088,11.89913],[76.70866,11.89903],[76.70816,11.89842],[76.70776,11.89749]]},"properties":{"shedId":"C05CAM20"}},{"type":"Feature","geometry":{"type":"LineString","coordinates":[[76.62702,11.90153],[76.62722,11.90186],[76.62735,11.90197],[76.62748,11.90204],[76.62764,11.90204],[76.62882,11.90174],[76.62902,11.90175],[76.62921,11.90184],[76.62936,11.90194],[76.62966,11.90194],[76.63017,11.90182],[76.63117,11.90143],[76.63166,11.90134],[76.63218,11.90127],[76.63262,11.90122],[76.63313,11.90129]]},"properties":{"shedId":"C05CAM20"}},{"type":"Feature","geometry":{"type":"LineString","coordinates":[[76.60434,11.90209],[76.60415,11.90161],[76.60388,11.90095],[76.60301,11.89973],[76.60267,11.89926],[76.60246,11.89903],[76.60232,11.89879],[76.60218,11.89849],[76.60215,11.89832],[76.60211,11.89796],[76.60185,11.89656]]},"properties":{"shedId":"C05CAM20"}},{"type":"Feature","geometry":{"type":"LineString","coordinates":[[76.6133,11.903],[76.61324,11.90295],[76.6132,11.90293],[76.6131,11.90286],[76.61304,11.90281],[76.61303,11.9028],[76.61301,11.90273],[76.61302,11.90264],[76.61311,11.90228],[76.61331,11.90191],[76.6136,11.90172],[76.6145,11.90128],[76.61493,11.90101],[76.61529,11.90066],[76.61544,11.90042],[76.61551,11.9003],[76.61564,11.8999],[76.61625,11.89886],[76.61675,11.89827],[76.61707,11.89754],[76.61719,11.89721],[76.61726,11.89707],[76.61727,11.89684],[76.61722,11.89657],[76.61714,11.89608],[76.61714,11.8957],[76.61715,11.89548],[76.6172,11.89538],[76.61771,11.89439],[76.61785,11.89423],[76.61791,11.89405],[76.61789,11.89387],[76.61783,11.89374],[76.61781,11.89373],[76.61757,11.89366],[76.61751,11.89366],[76.61741,11.89364],[76.61726,11.89357],[76.61716,11.89342],[76.61661,11.89198],[76.61657,11.89193],[76.6165,11.89193],[76.61635,11.89196],[76.61548,11.89225],[76.61539,11.89225],[76.61531,11.89222],[76.6153,11.89218],[76.61529,11.89215],[76.61528,11.89205],[76.61528,11.89201],[76.6154,11.89161],[76.61552,11.8915],[76.61567,11.89142],[76.6164,11.89115],[76.61652,11.89108],[76.61655,11.89101],[76.61656,11.89093],[76.61656,11.89077],[76.61649,11.8906],[76.61646,11.89051],[76.61648,11.89043],[76.61656,11.89036],[76.61665,11.89034],[76.61671,11.8903],[76.61673,11.89022],[76.61672,11.89011],[76.6166,11.88918],[76.61649,11.88885],[76.61631,11.88853],[76.61613,11.88829],[76.616,11.88823],[76.61533,11.88793],[76.61483,11.88791],[76.61455,11.88789],[76.61435,11.88788],[76.61421,11.88781],[76.61409,11.88767],[76.61384,11.88714],[76.61374,11.887],[76.61371,11.88685],[76.61372,11.88671],[76.61383,11.88643],[76.61409,11.8855],[76.61409,11.88526],[76.61406,11.88507],[76.61368,11.88442]]},"properties":{"shedId":"C05CAM20"}},{"type":"Feature","geometry":{"type":"LineString","coordinates":[[76.65003,11.90667],[76.65104,11.90673],[76.65198,11.90668],[76.65267,11.90666],[76.65303,11.90657],[76.65357,11.9064],[76.65411,11.90629],[76.6552,11.90611]]},"properties":{"shedId":"C05CAM20"}},{"type":"Feature","geometry":{"type":"LineString","coordinates":[[76.627,11.90629],[76.62725,11.90615],[76.62754,11.90602],[76.62786,11.90596],[76.62818,11.90597],[76.62847,11.90597],[76.62884,11.90588],[76.62921,11.90569],[76.6299,11.90445],[76.63025,11.90381],[76.63061,11.90341],[76.63097,11.90317],[76.63143,11.90289],[76.63215,11.90259],[76.63235,11.90229],[76.63272,11.90175],[76.63313,11.90129]]},"properties":{"shedId":"C05CAM20"}},{"type":"Feature","geometry":{"type":"LineString","coordinates":[[76.68077,11.89417],[76.681,11.89415],[76.68209,11.89425],[76.68306,11.89459],[76.68414,11.89521],[76.6858,11.89692],[76.68657,11.89765],[76.68736,11.89804],[76.68827,11.89844],[76.68901,11.89857],[76.68925,11.89858],[76.68941,11.89851],[76.68956,11.89843],[76.68973,11.89837],[76.69006,11.89835],[76.69092,11.89849],[76.69121,11.8986],[76.69145,11.89886],[76.69172,11.89925],[76.69284,11.90026],[76.69331,11.90053],[76.69357,11.9007],[76.69373,11.90083],[76.69389,11.90099],[76.69392,11.90122],[76.69389,11.90151],[76.6939,11.90189],[76.69398,11.90215],[76.69416,11.90245],[76.69436,11.90333],[76.69443,11.90353],[76.69445,11.90383],[76.69467,11.90425],[76.69507,11.90459],[76.69528,11.9048],[76.6954,11.90507],[76.69545,11.90534],[76.69557,11.90564],[76.69578,11.90597],[76.69664,11.90682],[76.69685,11.9072],[76.69713,11.90804]]},"properties":{"shedId":"C05CAM20"}},{"type":"Feature","geometry":{"type":"LineString","coordinates":[[76.69878,11.90248],[76.69877,11.90269],[76.69869,11.90284],[76.69849,11.90303],[76.69833,11.90315],[76.69814,11.90335],[76.69797,11.90358],[76.69788,11.90385],[76.69784,11.90418],[76.69785,11.90458],[76.69822,11.90562],[76.69828,11.906],[76.6983,11.90624],[76.69803,11.90715],[76.69785,11.90747],[76.69761,11.90767],[76.69737,11.90776],[76.6972,11.90789],[76.69713,11.90804]]},"properties":{"name":"Gundal","shedId":"C05CAM20"}},{"type":"Feature","geometry":{"type":"LineString","coordinates":[[76.61413,11.90638],[76.61394,11.90604],[76.61372,11.90563],[76.61354,11.90539],[76.61345,11.90528],[76.61341,11.90519],[76.61335,11.90499],[76.61316,11.90416],[76.61317,11.90395],[76.61322,11.90368],[76.61334,11.90329],[76.61337,11.90317],[76.61335,11.9031],[76.6133,11.903]]},"properties":{"shedId":"C05CAM20"}},{"type":"Feature","geometry":{"type":"LineString","coordinates":[[76.63994,11.90689],[76.64143,11.90697],[76.64267,11.9071],[76.64522,11.90765],[76.64587,11.9079]]},"properties":{"shedId":"C05CAM20"}},{"type":"Feature","geometry":{"type":"LineString","coordinates":[[76.60065,11.90688],[76.60047,11.90686],[76.60018,11.9068],[76.59995,11.90669],[76.59986,11.90662],[76.59975,11.90647],[76.59969,11.90632],[76.59961,11.90605],[76.5994,11.90561],[76.59921,11.90535],[76.59902,11.90513],[76.59892,11.90499],[76.59889,11.90496],[76.59886,11.90489],[76.59885,11.90486],[76.59885,11.90473],[76.59889,11.90406],[76.59901,11.90297],[76.59924,11.90245],[76.59943,11.90156],[76.59966,11.90099],[76.60009,11.89935],[76.60041,11.89872],[76.60089,11.89779],[76.60157,11.89706],[76.60185,11.89656]]},"properties":{"shedId":"C05CAM20"}},{"type":"Feature","geometry":{"type":"LineString","coordinates":[[76.657,11.89686],[76.65784,11.8988],[76.65847,11.89995],[76.6589,11.90188],[76.65914,11.90339],[76.65992,11.90474],[76.66079,11.90582],[76.66252,11.9084]]},"properties":{"shedId":"C05CAM20"}},{"type":"Feature","geometry":{"type":"LineString","coordinates":[[76.6552,11.90611],[76.65586,11.90601],[76.65631,11.906],[76.65672,11.90601],[76.65712,11.90611],[76.65745,11.90629],[76.65785,11.90643],[76.65931,11.90678],[76.66038,11.90723],[76.66085,11.9075],[76.66112,11.90782],[76.66132,11.90816],[76.66153,11.90837],[76.66177,11.9084],[76.66252,11.9084]]},"properties":{"shedId":"C05CAM20"}},{"type":"Feature","geometry":{"type":"LineString","coordinates":[[76.67374,11.90445],[76.67482,11.90439],[76.67572,11.90424],[76.67602,11.90427],[76.67638,11.90431],[76.67672,11.90439],[76.67696,11.90456],[76.67717,11.90473],[76.67738,11.90485],[76.67768,11.90498],[76.67836,11.90512],[76.67864,11.90517],[76.68093,11.90509],[76.68281,11.90485],[76.68361,11.90477],[76.68449,11.9048],[76.68504,11.90488],[76.68532,11.90514],[76.68567,11.90553],[76.68603,11.9059],[76.68655,11.90625],[76.68705,11.90645],[76.68847,11.9068],[76.68973,11.90691],[76.69002,11.90691],[76.69014,11.90696],[76.69025,11.90703],[76.69026,11.90719],[76.69023,11.90749],[76.69017,11.90771],[76.69012,11.9079],[76.6901,11.90807],[76.69004,11.90828],[76.69006,11.90839],[76.69008,11.90846],[76.69015,11.9085],[76.69044,11.90861],[76.69059,11.90868],[76.69073,11.90879],[76.69082,11.90885],[76.69097,11.90891],[76.69171,11.90915],[76.69219,11.90917],[76.69266,11.90912],[76.69315,11.90912],[76.69368,11.90911],[76.6952,11.90923],[76.69552,11.90932],[76.6959,11.90947],[76.69637,11.90973]]},"properties":{"shedId":"C05CAM20"}},{"type":"Feature","geometry":{"type":"LineString","coordinates":[[76.69713,11.90804],[76.69713,11.90827],[76.6971,11.90863],[76.69709,11.90876],[76.69704,11.90891],[76.69686,11.90925],[76.69671,11.90942],[76.69662,11.9095],[76.69655,11.90956],[76.69637,11.90973]]},"properties":{"name":"Gundal","shedId":"C05CAM20"}},{"type":"Feature","geometry":{"type":"LineString","coordinates":[[76.63983,11.90864],[76.64091,11.9086],[76.6417,11.90842],[76.64263,11.90834],[76.64303,11.9083],[76.6433,11.90829],[76.6443,11.90819],[76.6447,11.90809],[76.64587,11.9079]]},"properties":{"shedId":"C05CAM20"}},{"type":"Feature","geometry":{"type":"LineString","coordinates":[[76.61946,11.90826],[76.61788,11.90702],[76.61741,11.90679],[76.61697,11.90648],[76.61665,11.90626],[76.61618,11.90599],[76.616,11.90596],[76.61577,11.90596],[76.61541,11.90602],[76.615,11.90616],[76.61413,11.90638]]},"properties":{"shedId":"C05CAM20"}},{"type":"Feature","geometry":{"type":"LineString","coordinates":[[76.64587,11.9079],[76.64663,11.90818],[76.64789,11.90872],[76.64917,11.90916],[76.65049,11.90916],[76.65169,11.90888],[76.65307,11.90802],[76.65336,11.90763],[76.65355,11.90744],[76.65374,11.9073],[76.6541,11.90713],[76.65434,11.90702],[76.65466,11.90688],[76.65492,11.90665],[76.6552,11.90611]]},"properties":{"shedId":"C05CAM20"}},{"type":"Feature","geometry":{"type":"LineString","coordinates":[[76.66252,11.9084],[76.66322,11.90945],[76.66381,11.9102]]},"properties":{"shedId":"C05CAM20"}},{"type":"Feature","geometry":{"type":"LineString","coordinates":[[76.66403,11.90275],[76.66405,11.90313],[76.66392,11.9035],[76.66377,11.90374],[76.66353,11.90397],[76.66333,11.90413],[76.66315,11.90433],[76.66305,11.90449],[76.66301,11.90466],[76.66306,11.90493],[76.66312,11.90516],[76.66312,11.90534],[76.66309,11.9055],[76.66309,11.90564],[76.66309,11.90571],[76.66312,11.90586],[76.66315,11.90591],[76.66326,11.90611],[76.66369,11.90674],[76.66392,11.90696],[76.66402,11.90717],[76.66411,11.90742],[76.66413,11.90772],[76.66411,11.908],[76.66402,11.90815],[76.66393,11.90831],[76.6639,11.90859],[76.66401,11.90907],[76.66405,11.90931],[76.66402,11.90961],[76.66381,11.9102]]},"properties":{"shedId":"C05CAM20"}},{"type":"Feature","geometry":{"type":"LineString","coordinates":[[76.61459,11.91014],[76.61467,11.9095],[76.61471,11.90886],[76.61463,11.90815],[76.61457,11.90741],[76.61445,11.90695],[76.61413,11.90638]]},"properties":{"shedId":"C05CAM20"}},{"type":"Feature","geometry":{"type":"LineString","coordinates":[[76.61872,11.91002],[76.61831,11.9098],[76.61796,11.90976],[76.61762,11.90976],[76.61696,11.90983],[76.61649,11.91],[76.6161,11.91014],[76.61573,11.91014],[76.61459,11.91014]]},"properties":{"shedId":"C05CAM20"}},{"type":"Feature","geometry":{"type":"LineString","coordinates":[[76.73561,11.9099],[76.73498,11.90968],[76.73478,11.90958],[76.7347,11.90947],[76.73466,11.9094],[76.73465,11.90937],[76.7346,11.90929],[76.73449,11.90916],[76.73431,11.90909],[76.73411,11.90907],[76.73392,11.90912],[76.73377,11.9091],[76.7336,11.90894],[76.73266,11.90825],[76.73242,11.90804],[76.73217,11.90755],[76.7319,11.9071],[76.73177,11.90698],[76.73174,11.90697],[76.73114,11.90674],[76.72973,11.90641],[76.72926,11.90632],[76.72886,11.90621],[76.72858,11.90621],[76.72843,11.9062],[76.72806,11.90626],[76.72785,11.90643],[76.72601,11.90723],[76.72552,11.90749],[76.72544,11.90765],[76.72538,11.90797],[76.72539,11.90813],[76.72542,11.90842],[76.72554,11.90868],[76.72554,11.90887],[76.7255,11.90907],[76.72538,11.9092],[76.72514,11.90932],[76.72253,11.91017],[76.72081,11.91056],[76.71742,11.91159],[76.71606,11.9118],[76.71586,11.91197],[76.71581,11.91213],[76.71588,11.91247],[76.71605,11.91362],[76.71602,11.91381],[76.71599,11.91388],[76.71596,11.91396],[76.71591,11.91399]]},"properties":{"shedId":"C05CAM20"}},{"type":"Feature","geometry":{"type":"LineString","coordinates":[[76.72494,11.91372],[76.72434,11.91384],[76.72372,11.91394],[76.72325,11.91415],[76.72287,11.91432],[76.72264,11.91441],[76.72234,11.91446],[76.72113,11.91451],[76.72058,11.91451],[76.71833,11.91426],[76.71591,11.91399]]},"properties":{"shedId":"C05CAM20"}},{"type":"Feature","geometry":{"type":"LineString","coordinates":[[76.62906,11.90984],[76.62937,11.91066],[76.62957,11.91115],[76.62976,11.91132],[76.62991,11.9114],[76.63012,11.91154],[76.63043,11.91178],[76.63059,11.912],[76.63092,11.91292],[76.63123,11.91441]]},"properties":{"shedId":"C05CAM20"}},{"type":"Feature","geometry":{"type":"LineString","coordinates":[[76.60526,11.91386],[76.6053,11.91346],[76.60533,11.91299],[76.60551,11.91253],[76.60572,11.91155],[76.60593,11.91114],[76.60617,11.91071],[76.60672,11.91009],[76.60688,11.90994],[76.60694,11.90982],[76.60694,11.90979],[76.60699,11.90964],[76.60704,11.90951],[76.60715,11.90942],[76.60736,11.90938],[76.60752,11.90938],[76.60764,11.90935],[76.60771,11.90931],[76.60775,11.90925],[76.60772,11.90916],[76.60769,11.90864],[76.60758,11.90832],[76.60755,11.90821],[76.60752,11.9081],[76.60754,11.90799],[76.60761,11.90784],[76.60797,11.90712],[76.60817,11.90692],[76.60844,11.90683],[76.60883,11.90663],[76.60964,11.90607],[76.60997,11.90578],[76.61031,11.90535],[76.61104,11.90464],[76.61132,11.90435],[76.61164,11.90418],[76.61202,11.90403],[76.6121,11.90398],[76.61212,11.90387],[76.61213,11.90369],[76.61214,11.90359],[76.61226,11.90345],[76.61246,11.90334],[76.61286,11.90322],[76.6133,11.903]]},"properties":{"shedId":"C05CAM20"}},{"type":"Feature","geometry":{"type":"LineString","coordinates":[[76.68233,11.9127],[76.68285,11.91275],[76.68347,11.91287],[76.68431,11.9131],[76.68497,11.91322],[76.68549,11.91323],[76.68689,11.91354],[76.68744,11.91375],[76.68795,11.91399],[76.68896,11.91441],[76.68911,11.91452],[76.68919,11.91467],[76.68919,11.91488],[76.68915,11.91518],[76.68914,11.91553],[76.68919,11.9159],[76.68927,11.91613],[76.68946,11.91634],[76.68976,11.91642],[76.69001,11.91646],[76.69045,11.91656],[76.69073,11.91672],[76.69113,11.91756]]},"properties":{"shedId":"C05CAM20"}},{"type":"Feature","geometry":{"type":"LineString","coordinates":[[76.62157,11.91367],[76.62185,11.91374],[76.62206,11.91379],[76.62229,11.91391],[76.62243,11.91404],[76.62254,11.91424],[76.62268,11.91441],[76.62305,11.91475],[76.62329,11.91497],[76.6234,11.91504],[76.62356,11.91507],[76.62393,11.91512],[76.62408,11.91518],[76.62418,11.91524],[76.62424,11.91533],[76.62428,11.91553],[76.62431,11.91567],[76.62436,11.91581],[76.62442,11.91589],[76.62453,11.91594],[76.62471,11.91595],[76.62528,11.91598],[76.62547,11.916],[76.62559,11.91606]]},"properties":{"shedId":"C05CAM20"}},{"type":"Feature","geometry":{"type":"LineString","coordinates":[[76.62559,11.91606],[76.62569,11.9159],[76.62591,11.91563],[76.62602,11.91552],[76.62624,11.91535],[76.62656,11.9152],[76.62725,11.91487],[76.62761,11.91469],[76.62816,11.91446],[76.62861,11.9143],[76.62906,11.91426],[76.63017,11.91437],[76.63104,11.91441],[76.63123,11.91441]]},"properties":{"shedId":"C05CAM20"}},{"type":"Feature","geometry":{"type":"LineString","coordinates":[[76.63123,11.91441],[76.63221,11.91437],[76.63329,11.91441],[76.63419,11.9145],[76.63471,11.9145],[76.63547,11.91438],[76.63577,11.91434],[76.63607,11.91436],[76.63698,11.91467],[76.6377,11.91542],[76.63788,11.9156],[76.63821,11.9159],[76.6391,11.91648]]},"properties":{"shedId":"C05CAM20"}},{"type":"Feature","geometry":{"type":"LineString","coordinates":[[76.67989,11.91669],[76.68057,11.91725],[76.68112,11.91758],[76.68167,11.91776],[76.68221,11.91777],[76.68306,11.91768],[76.68594,11.91713],[76.68664,11.9168],[76.6874,11.91664],[76.69113,11.91756]]},"properties":{"shedId":"C05CAM20"}},{"type":"Feature","geometry":{"type":"LineString","coordinates":[[76.62057,11.9153],[76.62061,11.91571],[76.62067,11.91586],[76.62087,11.91596],[76.62115,11.91605],[76.62133,11.91609],[76.62149,11.91612],[76.622,11.91616],[76.62318,11.91651],[76.62356,11.91661],[76.62401,11.91669],[76.62474,11.91685]]},"properties":{"shedId":"C05CAM20"}},{"type":"Feature","geometry":{"type":"LineString","coordinates":[[76.62474,11.91685],[76.62559,11.91606]]},"properties":{"shedId":"C05CAM20"}},{"type":"Feature","geometry":{"type":"LineString","coordinates":[[76.69113,11.91756],[76.69179,11.91816],[76.69221,11.91858],[76.69279,11.91879],[76.69345,11.91899],[76.69461,11.91918]]},"properties":{"shedId":"C05CAM20"}},{"type":"Feature","geometry":{"type":"LineString","coordinates":[[76.69637,11.90973],[76.69629,11.90993],[76.69642,11.91036],[76.69648,11.91056],[76.69656,11.91073],[76.69682,11.91128],[76.697,11.91166],[76.69723,11.912],[76.69744,11.91239],[76.69763,11.91277],[76.69771,11.91315],[76.69779,11.9136],[76.69777,11.91384],[76.69775,11.91416],[76.6977,11.9145],[76.69769,11.9148],[76.69771,11.91518],[76.6977,11.91557],[76.6977,11.91585],[76.69766,11.91611],[76.69757,11.91629],[76.69731,11.91664],[76.69697,11.91681],[76.6968,11.91687],[76.6967,11.91697],[76.69665,11.91717],[76.6966,11.91739],[76.69653,11.91757],[76.69642,11.9177],[76.69575,11.91825],[76.69498,11.91876],[76.69461,11.91918]]},"properties":{"name":"Gundal","shedId":"C05CAM20"}},{"type":"Feature","geometry":{"type":"LineString","coordinates":[[76.6391,11.91648],[76.63942,11.91648],[76.63962,11.91652],[76.64047,11.91661],[76.64131,11.91664],[76.64165,11.91674],[76.64199,11.91694],[76.64236,11.91731],[76.64268,11.91767],[76.6432,11.91807],[76.64371,11.91838]]},"properties":{"shedId":"C05CAM20"}},{"type":"Feature","geometry":{"type":"LineString","coordinates":[[76.6142,11.91939],[76.61413,11.91731],[76.61417,11.91669],[76.61414,11.91453],[76.61435,11.91359],[76.61459,11.9128],[76.61466,11.91158],[76.61467,11.91113],[76.61467,11.91102],[76.61459,11.9102],[76.61459,11.91014]]},"properties":{"shedId":"C05CAM20"}},{"type":"Feature","geometry":{"type":"LineString","coordinates":[[76.69461,11.91918],[76.69431,11.91952],[76.69397,11.92008],[76.69379,11.92082],[76.69371,11.92167],[76.69369,11.92219]]},"properties":{"name":"Gundal","shedId":"C05CAM20"}},{"type":"Feature","geometry":{"type":"LineString","coordinates":[[76.63091,11.92111],[76.63106,11.92065],[76.63121,11.92048],[76.63143,11.92035],[76.63161,11.92025],[76.63184,11.92007],[76.63202,11.91981],[76.63222,11.91941],[76.63232,11.91929],[76.63243,11.9192],[76.63316,11.91883],[76.63357,11.91867],[76.6346,11.9187],[76.63502,11.91871],[76.63553,11.91862],[76.63592,11.91849],[76.63627,11.91824],[76.63669,11.91782],[76.63737,11.91731],[76.63791,11.91698],[76.63841,11.91665],[76.6391,11.91648]]},"properties":{"shedId":"C05CAM20"}},{"type":"Feature","geometry":{"type":"LineString","coordinates":[[76.68566,11.92354],[76.6862,11.92328],[76.68667,11.92296],[76.68817,11.92233],[76.68858,11.92227],[76.68919,11.92215],[76.69006,11.92218],[76.69081,11.92224],[76.69149,11.92227],[76.69223,11.92228],[76.69308,11.92216],[76.69369,11.92219]]},"properties":{"shedId":"C05CAM20"}},{"type":"Feature","geometry":{"type":"LineString","coordinates":[[76.62106,11.92398],[76.6212,11.92263],[76.62124,11.9223],[76.62124,11.92213],[76.62131,11.92154],[76.62175,11.9203],[76.62203,11.91987],[76.62237,11.91941],[76.62276,11.91906],[76.62348,11.91825],[76.624,11.91764],[76.62424,11.91731],[76.62454,11.91703],[76.62474,11.91685]]},"properties":{"shedId":"C05CAM20"}},{"type":"Feature","geometry":{"type":"LineString","coordinates":[[76.72787,11.92165],[76.72788,11.92195],[76.72784,11.9221],[76.72777,11.92225],[76.72767,11.92239],[76.72756,11.9226],[76.72745,11.92283],[76.72729,11.92309],[76.72718,11.92322],[76.72705,11.92348],[76.72701,11.9238],[76.72692,11.92422],[76.72676,11.92452],[76.72659,11.92475],[76.72642,11.92502],[76.72637,11.92537],[76.72637,11.92583],[76.72638,11.92616],[76.72662,11.92659],[76.72668,11.92699],[76.72673,11.92766]]},"properties":{"shedId":"C05CAM20"}},{"type":"Feature","geometry":{"type":"LineString","coordinates":[[76.73223,11.92616],[76.73097,11.9265],[76.73004,11.92673],[76.72977,11.92687],[76.72952,11.92704],[76.72929,11.92728],[76.72911,11.92737],[76.72889,11.9275],[76.72784,11.92772],[76.72673,11.92766]]},"properties":{"shedId":"C05CAM20"}},{"type":"Feature","geometry":{"type":"LineString","coordinates":[[76.69369,11.92219],[76.69366,11.92307],[76.69369,11.92441],[76.69382,11.92632],[76.69394,11.92708],[76.69401,11.92735]]},"properties":{"name":"Gundal","shedId":"C05CAM20"}},{"type":"Feature","geometry":{"type":"LineString","coordinates":[[76.68546,11.92705],[76.68625,11.92704],[76.68676,11.92698],[76.68755,11.92697],[76.6883,11.92699],[76.68891,11.92711],[76.6892,11.92723],[76.68968,11.92732],[76.69014,11.92726],[76.69071,11.92705],[76.69112,11.92695],[76.69161,11.92699],[76.69195,11.92706],[76.69256,11.92713],[76.69339,11.92719],[76.69401,11.92735]]},"properties":{"shedId":"C05CAM20"}},{"type":"Feature","geometry":{"type":"LineString","coordinates":[[76.64371,11.91838],[76.64553,11.91951],[76.6462,11.91988],[76.6469,11.92004],[76.64717,11.92021],[76.64739,11.92035],[76.64761,11.92044],[76.64801,11.92046],[76.6483,11.92039],[76.6491,11.91995],[76.64942,11.9198],[76.64976,11.91969],[76.65011,11.91949],[76.6522,11.91909],[76.6528,11.91896],[76.65319,11.9188],[76.65361,11.9187],[76.65398,11.91859],[76.65421,11.91859],[76.65466,11.91861],[76.65483,11.91861],[76.65608,11.91863],[76.65697,11.91844],[76.65759,11.91835],[76.65826,11.91837],[76.65894,11.91854],[76.66078,11.91866],[76.66134,11.9187],[76.66149,11.91876],[76.66164,11.91885],[76.66185,11.91965],[76.66203,11.92005],[76.6622,11.9202],[76.66242,11.92026],[76.66272,11.92026],[76.66308,11.92025],[76.66343,11.92025],[76.66387,11.92019],[76.66497,11.92022],[76.66544,11.92037],[76.66585,11.92065],[76.66623,11.92105],[76.66689,11.92149],[76.66714,11.92159],[76.66744,11.9217],[76.66763,11.9217],[76.66783,11.92161],[76.66809,11.92132],[76.66833,11.92122],[76.6686,11.92113],[76.6689,11.92114],[76.66927,11.92205],[76.6695,11.92256],[76.66976,11.92291],[76.67003,11.92328],[76.67028,11.9234],[76.67069,11.92338],[76.6712,11.92322],[76.67174,11.92318],[76.67224,11.92329],[76.67365,11.92464],[76.67407,11.92526],[76.67447,11.92577],[76.67486,11.92609],[76.67511,11.92621],[76.67567,11.9264],[76.67618,11.92669],[76.67633,11.92688],[76.67646,11.92697],[76.67668,11.927],[76.67693,11.927],[76.67744,11.92709]]},"properties":{"shedId":"C05CAM20"}},{"type":"Feature","geometry":{"type":"LineString","coordinates":[[76.66381,11.9102],[76.66439,11.91096],[76.66492,11.91134],[76.66543,11.91156],[76.66573,11.91151],[76.6659,11.91123],[76.66597,11.91096],[76.666,11.91084],[76.66604,11.91081],[76.66623,11.91076],[76.66646,11.91085],[76.66675,11.91108],[76.66718,11.91135],[76.66736,11.91148],[76.66761,11.91159],[76.66781,11.9116],[76.66804,11.91163],[76.66819,11.91171],[76.66827,11.91181],[76.6683,11.91207],[76.66861,11.91339],[76.66889,11.91373],[76.66909,11.91399],[76.66913,11.91411],[76.66914,11.91425],[76.6692,11.91465],[76.66921,11.91508],[76.66925,11.91523],[76.66928,11.91537],[76.66935,11.91551],[76.66941,11.91558],[76.66971,11.91582],[76.67093,11.91634],[76.67168,11.91687],[76.67187,11.91716],[76.67215,11.91773],[76.67235,11.91822],[76.67285,11.91924],[76.673,11.91934],[76.67311,11.91939],[76.67341,11.9195],[76.67371,11.91953],[76.67385,11.91964],[76.67403,11.91983],[76.67409,11.92015],[76.67419,11.92057],[76.67425,11.92083],[76.67443,11.92119],[76.67468,11.92158],[76.67475,11.9218],[76.67473,11.92199],[76.67476,11.92217],[76.67482,11.92233],[76.67491,11.92245],[76.6753,11.92279],[76.67544,11.92295],[76.6755,11.92312],[76.67545,11.92396],[76.67562,11.92443],[76.67588,11.92472],[76.67618,11.925],[76.67632,11.9251],[76.67649,11.92523],[76.67669,11.92534],[76.67681,11.92544],[76.67697,11.92558],[76.67697,11.92562],[76.67702,11.92587],[76.67714,11.92629],[76.67723,11.92665],[76.67744,11.92709]]},"properties":{"shedId":"C05CAM20"}},{"type":"Feature","geometry":{"type":"LineString","coordinates":[[76.63595,11.92639],[76.63747,11.92459],[76.63952,11.92288],[76.64085,11.92162],[76.64182,11.92074],[76.64215,11.92014],[76.64295,11.91921],[76.64371,11.91838]]},"properties":{"shedId":"C05CAM20"}},{"type":"Feature","geometry":{"type":"LineString","coordinates":[[76.72748,11.91818],[76.72719,11.91841],[76.72696,11.91858],[76.72672,11.91879],[76.72662,11.91895],[76.72654,11.91924],[76.72649,11.91993],[76.72638,11.9206],[76.72616,11.9209],[76.72584,11.92121],[76.72423,11.92158],[76.72384,11.92162],[76.72368,11.9217],[76.7235,11.92183],[76.72337,11.92196],[76.72328,11.92213],[76.7232,11.92229],[76.72313,11.9225],[76.72311,11.92258],[76.72309,11.92261],[76.72298,11.92282],[76.72293,11.9229],[76.72283,11.92298],[76.72272,11.92305],[76.72244,11.92319],[76.72223,11.92343],[76.72198,11.92382],[76.72171,11.92408],[76.72139,11.92422],[76.72122,11.92426],[76.72095,11.9243],[76.72089,11.92435],[76.72084,11.92443],[76.72066,11.92492],[76.72038,11.92562],[76.72034,11.92583],[76.72037,11.92597],[76.7204,11.92603],[76.72043,11.92606],[76.72055,11.92616],[76.72057,11.92632],[76.72055,11.92654],[76.72045,11.9273],[76.72037,11.92757],[76.72021,11.92804],[76.72017,11.92816],[76.72013,11.92834],[76.72013,11.92849],[76.72018,11.92862],[76.7203,11.92867],[76.72046,11.92862],[76.72126,11.92844],[76.72153,11.92845],[76.72177,11.92845],[76.72192,11.92851],[76.72203,11.92864],[76.72248,11.92954]]},"properties":{"shedId":"C05CAM20"}},{"type":"Feature","geometry":{"type":"LineString","coordinates":[[76.72673,11.92766],[76.72635,11.92767],[76.72595,11.9277],[76.72558,11.92781],[76.72538,11.92793],[76.72521,11.92813],[76.725,11.92831],[76.72471,11.92847],[76.72458,11.92854],[76.72445,11.92864],[76.72437,11.92877],[76.7242,11.92896],[76.72376,11.92913],[76.72286,11.92942],[76.72248,11.92954]]},"properties":{"shedId":"C05CAM20"}},{"type":"Feature","geometry":{"type":"LineString","coordinates":[[76.61164,11.92515],[76.61157,11.92576],[76.61158,11.92619],[76.61161,11.92636],[76.61164,11.92649],[76.61164,11.92658],[76.61161,11.92666],[76.61156,11.92671],[76.61153,11.92676],[76.61154,11.92684],[76.61158,11.92695],[76.61172,11.92737],[76.61184,11.92757]]},"properties":{"shedId":"C05CAM20"}},{"type":"Feature","geometry":{"type":"LineString","coordinates":[[76.6138,11.92304],[76.61382,11.92445],[76.61375,11.92477],[76.61367,11.92505],[76.61357,11.92523],[76.61322,11.92593],[76.61312,11.92606],[76.61288,11.92625],[76.61263,11.92639],[76.6124,11.92658],[76.6122,11.92673],[76.61204,11.92686],[76.61193,11.92705],[76.61186,11.92729],[76.61184,11.92757]]},"properties":{"shedId":"C05CAM20"}},{"type":"Feature","geometry":{"type":"LineString","coordinates":[[76.61184,11.92757],[76.61182,11.92788],[76.61178,11.92807]]},"properties":{"shedId":"C05CAM20"}},{"type":"Feature","geometry":{"type":"LineString","coordinates":[[76.61773,11.92645],[76.61748,11.92657],[76.6172,11.92662],[76.61698,11.92663],[76.61626,11.92665],[76.61571,11.92659],[76.61506,11.92665],[76.61481,11.92675],[76.61381,11.92698],[76.61347,11.92718],[76.61334,11.92727],[76.61301,11.92746],[76.61278,11.92756],[76.61254,11.92764],[76.61238,11.92774],[76.61226,11.92785],[76.61215,11.92795],[76.61207,11.92801],[76.61199,11.92806],[76.61178,11.92807]]},"properties":{"shedId":"C05CAM20"}},{"type":"Feature","geometry":{"type":"LineString","coordinates":[[76.69401,11.92735],[76.69408,11.92763],[76.69431,11.92807],[76.69451,11.92831],[76.69585,11.92934],[76.6965,11.92973],[76.6969,11.92998],[76.69726,11.93016],[76.69743,11.93023],[76.69775,11.93044],[76.69789,11.93068],[76.69791,11.93083]]},"properties":{"name":"Gundal","shedId":"C05CAM20"}},{"type":"Feature","geometry":{"type":"LineString","coordinates":[[76.71591,11.91399],[76.71583,11.91405],[76.71474,11.91413],[76.71438,11.91411],[76.7141,11.91406],[76.71385,11.91396],[76.71375,11.91396],[76.71357,11.91398],[76.71343,11.91404],[76.71315,11.91419],[76.71216,11.91453],[76.71197,11.91466],[76.71191,11.91482],[76.7119,11.91499],[76.71192,11.91523],[76.71214,11.91597],[76.71215,11.91618],[76.71209,11.91635],[76.71202,11.91645],[76.71198,11.91649],[76.71192,11.91657],[76.71185,11.91666],[76.71183,11.91678],[76.71185,11.91694],[76.71189,11.91726],[76.7119,11.9174],[76.71186,11.91751],[76.71132,11.91791],[76.7112,11.91806],[76.71113,11.91819],[76.71095,11.91836],[76.71001,11.91901],[76.7091,11.91936],[76.70893,11.91948],[76.70883,11.9196],[76.70881,11.91975],[76.70874,11.92033],[76.70858,11.92063],[76.7084,11.92078],[76.70762,11.92123],[76.70717,11.92153],[76.70706,11.92174],[76.70699,11.92193],[76.70686,11.92278],[76.70671,11.92327],[76.70652,11.92359],[76.70621,11.92383],[76.70491,11.92483],[76.70371,11.92548],[76.70347,11.92582],[76.70318,11.92631],[76.70255,11.9281],[76.70242,11.92864],[76.70233,11.92887],[76.70227,11.92899],[76.70198,11.92927],[76.70073,11.93022],[76.69975,11.93063],[76.69928,11.93072],[76.69791,11.93083]]},"properties":{"shedId":"C05CAM20"}},{"type":"Feature","geometry":{"type":"LineString","coordinates":[[76.65949,11.9287],[76.66027,11.9285],[76.66068,11.92847],[76.66197,11.92865],[76.66253,11.92874],[76.6631,11.92871],[76.66552,11.9283],[76.66631,11.92804],[76.66711,11.92794],[76.66814,11.92801],[76.66994,11.92863],[76.67237,11.92888],[76.67371,11.9289],[76.67448,11.92891],[76.67494,11.92915],[76.67535,11.92943],[76.67552,11.92977],[76.67588,11.93012],[76.67619,11.93048],[76.6767,11.9307],[76.67818,11.93129]]},"properties":{"shedId":"C05CAM20"}},{"type":"Feature","geometry":{"type":"LineString","coordinates":[[76.67744,11.92709],[76.67812,11.92825],[76.67842,11.92867],[76.6788,11.929],[76.67889,11.92926],[76.6788,11.9296],[76.67864,11.92993],[76.67831,11.93076],[76.6782,11.93114],[76.67818,11.93129]]},"properties":{"shedId":"C05CAM20"}},{"type":"Feature","geometry":{"type":"LineString","coordinates":[[76.62639,11.92475],[76.62707,11.92573],[76.62767,11.92634],[76.62787,11.92647],[76.62824,11.92661],[76.62847,11.92673],[76.6286,11.92684],[76.62865,11.92698],[76.62882,11.92795],[76.62887,11.92807],[76.62892,11.92816],[76.62895,11.92821],[76.62899,11.92823],[76.62908,11.92824],[76.62917,11.92828],[76.62927,11.92832],[76.62932,11.92842],[76.62947,11.929],[76.62951,11.9291],[76.62952,11.92911],[76.62958,11.92922],[76.62962,11.92927],[76.62974,11.92929],[76.62993,11.92926],[76.63012,11.92925],[76.63027,11.9293],[76.63041,11.92939],[76.63052,11.92954],[76.63063,11.92995],[76.63068,11.93096],[76.63049,11.93241]]},"properties":{"shedId":"C05CAM20"}},{"type":"Feature","geometry":{"type":"LineString","coordinates":[[76.62152,11.92996],[76.6216,11.93028],[76.62164,11.93041],[76.62167,11.93051],[76.62171,11.93057],[76.6218,11.9306],[76.62266,11.9307],[76.62329,11.93071],[76.62352,11.93079],[76.62384,11.93098],[76.62392,11.93111],[76.624,11.93124],[76.62407,11.93131],[76.62418,11.93134],[76.6249,11.93138],[76.62507,11.93149],[76.62548,11.93168],[76.62566,11.93171],[76.62581,11.93169],[76.62594,11.93169],[76.62606,11.93173],[76.62618,11.93177],[76.62749,11.93179],[76.62798,11.93185],[76.62843,11.93189],[76.62857,11.93199],[76.62873,11.93215],[76.62892,11.93233],[76.6291,11.93244],[76.62947,11.93245],[76.6303,11.93239],[76.63049,11.93241]]},"properties":{"shedId":"C05CAM20"}},{"type":"Feature","geometry":{"type":"LineString","coordinates":[[76.72248,11.92954],[76.72125,11.92995],[76.71913,11.93085],[76.71861,11.93115],[76.71814,11.9314],[76.71771,11.93168],[76.7173,11.93187],[76.71701,11.93206],[76.71664,11.93231],[76.71657,11.93241],[76.7161,11.93291],[76.71505,11.9336],[76.71412,11.9341],[76.71369,11.93443]]},"properties":{"shedId":"C05CAM20"}},{"type":"Feature","geometry":{"type":"LineString","coordinates":[[76.72838,11.93442],[76.72763,11.93504],[76.72686,11.93539],[76.7261,11.93552],[76.7252,11.93556],[76.72282,11.93522],[76.72224,11.93484],[76.72177,11.93458],[76.72144,11.93447],[76.72089,11.93447],[76.72075,11.93448],[76.72056,11.93457],[76.72035,11.93464],[76.72014,11.93476],[76.72002,11.93493],[76.71976,11.93516],[76.71931,11.93532],[76.719,11.93538],[76.71864,11.93543],[76.7185,11.93544],[76.71798,11.93544],[76.71614,11.9354],[76.71517,11.93515],[76.71427,11.93484],[76.71369,11.93443]]},"properties":{"shedId":"C05CAM20"}},{"type":"Feature","geometry":{"type":"LineString","coordinates":[[76.67818,11.93129],[76.67826,11.93144],[76.67837,11.93173],[76.67929,11.93276],[76.67988,11.93327],[76.68017,11.9335],[76.68052,11.93364],[76.68108,11.93374],[76.68158,11.93389],[76.68189,11.93408],[76.6822,11.93454],[76.68251,11.93507],[76.68271,11.93536],[76.68294,11.93557]]},"properties":{"shedId":"C05CAM20"}},{"type":"Feature","geometry":{"type":"LineString","coordinates":[[76.61178,11.92807],[76.6117,11.9282],[76.61153,11.92852],[76.61146,11.92886],[76.61148,11.92933],[76.61155,11.92956],[76.61169,11.93029],[76.61177,11.93098],[76.61176,11.93117],[76.61172,11.93131],[76.61149,11.93191],[76.61147,11.93213],[76.61141,11.93231],[76.61134,11.9324],[76.61131,11.93243],[76.61127,11.93246],[76.61114,11.93249],[76.61107,11.93251],[76.61088,11.93255],[76.61081,11.93265],[76.61076,11.93289],[76.61074,11.93316],[76.61075,11.93349],[76.6109,11.93405],[76.61102,11.93455]]},"properties":{"shedId":"C05CAM20"}},{"type":"Feature","geometry":{"type":"LineString","coordinates":[[76.64654,11.92889],[76.64693,11.92888],[76.6472,11.9289],[76.6473,11.92892],[76.64741,11.92898],[76.64753,11.92903],[76.64764,11.92919],[76.64824,11.92991],[76.64848,11.93005],[76.64874,11.93029],[76.64899,11.93034],[76.64917,11.93034],[76.64938,11.93039],[76.6495,11.93051],[76.65002,11.93169],[76.65016,11.93271],[76.65022,11.93308],[76.65031,11.93325],[76.65036,11.93329],[76.65043,11.93329],[76.65054,11.93326],[76.65066,11.93325],[76.65096,11.93321],[76.65125,11.93332],[76.65138,11.93349],[76.65196,11.93504],[76.65232,11.93598]]},"properties":{"shedId":"C05CAM20"}},{"type":"Feature","geometry":{"type":"LineString","coordinates":[[76.60238,11.93521],[76.60245,11.93516],[76.60251,11.93509],[76.60257,11.93498],[76.60261,11.93481],[76.60268,11.93474],[76.60275,11.9347],[76.60285,11.93464],[76.60292,11.93457],[76.60302,11.93449],[76.60311,11.93446],[76.60351,11.93452],[76.60388,11.93453],[76.60475,11.93456],[76.60586,11.93467],[76.60717,11.93493],[76.60749,11.93493],[76.60766,11.93493],[76.60789,11.93495],[76.60804,11.93501],[76.60817,11.93502],[76.60829,11.93499],[76.6084,11.93489],[76.60864,11.93458],[76.6088,11.9345],[76.609,11.93447],[76.60979,11.93462],[76.61005,11.93461],[76.61102,11.93455]]},"properties":{"shedId":"C05CAM20"}},{"type":"Feature","geometry":{"type":"LineString","coordinates":[[76.6422,11.92887],[76.64225,11.92984],[76.6423,11.93006],[76.64236,11.93022],[76.64248,11.93044],[76.64254,11.93061],[76.64257,11.93082],[76.64275,11.93173],[76.6429,11.93197],[76.64303,11.93214],[76.64354,11.93289],[76.64384,11.93359],[76.64397,11.93388],[76.64407,11.93406],[76.64423,11.93426],[76.64442,11.93435],[76.64462,11.93437],[76.64489,11.9344],[76.64503,11.93449],[76.64553,11.93553],[76.64583,11.93655]]},"properties":{"shedId":"C05CAM20"}},{"type":"Feature","geometry":{"type":"LineString","coordinates":[[76.64583,11.93655],[76.64595,11.93652],[76.64639,11.93649],[76.64678,11.93648],[76.64764,11.93679],[76.64806,11.93682],[76.64863,11.93676],[76.64915,11.93675],[76.65,11.93666],[76.65098,11.93631],[76.65135,11.9361],[76.65186,11.936],[76.65232,11.93598]]},"properties":{"shedId":"C05CAM20"}},{"type":"Feature","geometry":{"type":"LineString","coordinates":[[76.63049,11.93241],[76.63056,11.9325],[76.63092,11.93397],[76.63143,11.93515],[76.63176,11.93534],[76.63212,11.93555],[76.63231,11.93587],[76.63253,11.93629],[76.63279,11.93653],[76.63303,11.93663]]},"properties":{"shedId":"C05CAM20"}},{"type":"Feature","geometry":{"type":"LineString","coordinates":[[76.61102,11.93455],[76.6113,11.93498],[76.61139,11.93514],[76.61148,11.93551],[76.61154,11.93627]]},"properties":{"shedId":"C05CAM20"}},{"type":"Feature","geometry":{"type":"LineString","coordinates":[[76.63303,11.93663],[76.63457,11.93725],[76.63589,11.93742],[76.63681,11.93742],[76.63812,11.93752],[76.63916,11.93758],[76.63997,11.93736],[76.64071,11.93715],[76.64159,11.93705],[76.64316,11.93726],[76.64358,11.93727],[76.64405,11.93714],[76.64477,11.93681],[76.64557,11.9366],[76.64583,11.93655]]},"properties":{"shedId":"C05CAM20"}},{"type":"Feature","geometry":{"type":"LineString","coordinates":[[76.71369,11.93443],[76.71322,11.93493],[76.7122,11.93623],[76.71143,11.93688],[76.71046,11.93775],[76.70872,11.93952],[76.70745,11.94088]]},"properties":{"shedId":"C05CAM20"}},{"type":"Feature","geometry":{"type":"LineString","coordinates":[[76.63192,11.93929],[76.63197,11.93869],[76.63207,11.93847],[76.63218,11.93814],[76.63303,11.93663]]},"properties":{"shedId":"C05CAM20"}},{"type":"Feature","geometry":{"type":"LineString","coordinates":[[76.61154,11.93627],[76.61218,11.93637],[76.61356,11.93661],[76.61419,11.93664],[76.61444,11.93656],[76.61457,11.93652],[76.61474,11.9365],[76.61496,11.93651],[76.61545,11.93667],[76.61581,11.93687],[76.6166,11.93792],[76.61754,11.93838],[76.61845,11.93875],[76.62112,11.93969],[76.62221,11.94015],[76.62288,11.94042],[76.62345,11.9406]]},"properties":{"shedId":"C05CAM20"}},{"type":"Feature","geometry":{"type":"LineString","coordinates":[[76.62345,11.9406],[76.62427,11.94062],[76.6272,11.94071],[76.62826,11.94061],[76.62918,11.94039],[76.62958,11.94027],[76.63004,11.94019],[76.63049,11.94018],[76.6307,11.94015],[76.63081,11.94009],[76.63086,11.93997],[76.63086,11.9398],[76.63089,11.93955],[76.63101,11.93918],[76.63112,11.93904],[76.63121,11.93896],[76.63124,11.93896],[76.63131,11.93896],[76.63192,11.93929]]},"properties":{"shedId":"C05CAM20"}},{"type":"Feature","geometry":{"type":"LineString","coordinates":[[76.60032,11.93864],[76.60146,11.93864],[76.60167,11.93872],[76.60197,11.93893],[76.60231,11.93937],[76.60253,11.93973],[76.60281,11.94002],[76.60308,11.94017],[76.60341,11.94019],[76.60377,11.94019],[76.60426,11.94021],[76.60497,11.94028],[76.60552,11.94025],[76.6064,11.94038]]},"properties":{"shedId":"C05CAM20"}},{"type":"Feature","geometry":{"type":"LineString","coordinates":[[76.6064,11.94038],[76.60642,11.94001],[76.60642,11.93974],[76.60642,11.93947],[76.60642,11.93931],[76.60646,11.93919],[76.60654,11.93892],[76.60664,11.93868],[76.60673,11.93853],[76.60701,11.93833],[76.60744,11.93816],[76.60816,11.93796],[76.60841,11.93781],[76.60866,11.93759],[76.6088,11.93738],[76.60891,11.93719],[76.60905,11.93671],[76.60923,11.93653],[76.60949,11.9364],[76.61009,11.9363],[76.61108,11.93621],[76.61144,11.93625],[76.61154,11.93627]]},"properties":{"shedId":"C05CAM20"}},{"type":"Feature","geometry":{"type":"LineString","coordinates":[[76.60623,11.94088],[76.6064,11.94038]]},"properties":{"shedId":"C05CAM20"}},{"type":"Feature","geometry":{"type":"LineString","coordinates":[[76.69791,11.93083],[76.69793,11.93097],[76.69814,11.93236],[76.69826,11.93402],[76.69833,11.93439],[76.6984,11.93461],[76.6985,11.93475],[76.69858,11.93487],[76.69871,11.93495],[76.69916,11.93506],[76.6996,11.93515],[76.69998,11.93528],[76.7013,11.93595],[76.7019,11.93632],[76.70221,11.93673],[76.70229,11.93713],[76.70224,11.93751],[76.70196,11.93801],[76.70174,11.93823],[76.70153,11.93842],[76.70136,11.93871],[76.70129,11.93888],[76.70128,11.93905],[76.70132,11.93919],[76.70142,11.93934],[76.70162,11.93944],[76.70195,11.93946],[76.70229,11.93948],[76.70258,11.93957],[76.70273,11.93967],[76.70276,11.93986],[76.70271,11.9401],[76.70262,11.94035],[76.70257,11.94051],[76.70259,11.94063],[76.70267,11.94074],[76.70273,11.94082],[76.70274,11.94092],[76.7027,11.94106],[76.70259,11.94145],[76.70263,11.94165],[76.70263,11.94173],[76.70273,11.94205],[76.70312,11.94251],[76.70345,11.94269],[76.70391,11.94275],[76.70411,11.94279],[76.70427,11.94282],[76.70435,11.94284],[76.70439,11.94287],[76.70462,11.94298],[76.70488,11.94338],[76.7051,11.94373]]},"properties":{"name":"Gundal","shedId":"C05CAM20"}},{"type":"Feature","geometry":{"type":"LineString","coordinates":[[76.70745,11.94088],[76.70697,11.94171],[76.7051,11.94373]]},"properties":{"shedId":"C05CAM20"}},{"type":"Feature","geometry":{"type":"LineString","coordinates":[[76.59972,11.93977],[76.60023,11.94021],[76.60062,11.94043],[76.60108,11.94079],[76.60148,11.94109],[76.60163,11.94118],[76.60192,11.9413],[76.60199,11.94133]]},"properties":{"shedId":"C05CAM20"}},{"type":"Feature","geometry":{"type":"LineString","coordinates":[[76.60199,11.94133],[76.60225,11.94144],[76.60246,11.94147],[76.60281,11.94135],[76.60401,11.94099],[76.6045,11.94094],[76.60509,11.94092],[76.60623,11.94088]]},"properties":{"shedId":"C05CAM20"}},{"type":"Feature","geometry":{"type":"LineString","coordinates":[[76.65232,11.93598],[76.6528,11.9358],[76.65463,11.93493],[76.65551,11.93465],[76.6563,11.93452],[76.65705,11.93452],[76.6579,11.93443],[76.65831,11.93431],[76.65861,11.93421],[76.6593,11.93395],[76.66001,11.93381],[76.66112,11.93398],[76.66253,11.93447],[76.66303,11.93482],[76.66376,11.93524],[76.66492,11.93768],[76.66559,11.939],[76.66636,11.94087],[76.66673,11.94133],[76.66715,11.94194],[76.66732,11.94245],[76.66744,11.94335]]},"properties":{"shedId":"C05CAM20"}},{"type":"Feature","geometry":{"type":"LineString","coordinates":[[76.66744,11.94335],[76.6682,11.94318],[76.66874,11.94282],[76.66933,11.94241],[76.66988,11.94218],[76.67038,11.94229],[76.67082,11.94255],[76.67145,11.94265],[76.67189,11.94257],[76.67246,11.94223],[76.67294,11.94191],[76.6732,11.94159],[76.6733,11.9412],[76.67339,11.94056],[76.67365,11.93976],[76.674,11.93941],[76.67451,11.93881],[76.67481,11.93862],[76.6751,11.93841],[76.67544,11.93822],[76.67599,11.93811],[76.67706,11.93808],[76.67734,11.93797],[76.67749,11.93778],[76.67764,11.93761],[76.67784,11.93747],[76.67807,11.93739],[76.67842,11.93731],[76.67867,11.93719],[76.67932,11.93702],[76.67965,11.93683],[76.67991,11.93645],[76.68012,11.93619],[76.68053,11.93609],[76.6808,11.93614],[76.6812,11.93625],[76.68177,11.93626],[76.68227,11.93607],[76.68294,11.93557]]},"properties":{"shedId":"C05CAM20"}},{"type":"Feature","geometry":{"type":"LineString","coordinates":[[76.59923,11.94229],[76.59955,11.94232],[76.59992,11.94228],[76.6002,11.94228],[76.60059,11.94218],[76.60089,11.94195],[76.60199,11.94133]]},"properties":{"shedId":"C05CAM20"}},{"type":"Feature","geometry":{"type":"LineString","coordinates":[[76.7185,11.94539],[76.71795,11.94517],[76.71747,11.94484],[76.71727,11.94469],[76.71717,11.94462],[76.71596,11.94402],[76.71501,11.94353],[76.71382,11.94287],[76.71306,11.94266],[76.71272,11.94263],[76.71244,11.94259],[76.71218,11.94258],[76.71205,11.94254],[76.71181,11.94246],[76.71081,11.94198],[76.70963,11.94149],[76.70745,11.94088]]},"properties":{"shedId":"C05CAM20"}},{"type":"Feature","geometry":{"type":"LineString","coordinates":[[76.61476,11.94384],[76.61504,11.94367],[76.61543,11.94338],[76.61569,11.94324],[76.61587,11.94318],[76.61598,11.94308],[76.61603,11.94287],[76.61606,11.94261],[76.61613,11.94251],[76.6162,11.94242],[76.61635,11.94232],[76.61726,11.94187],[76.61766,11.94167],[76.61802,11.94147],[76.61866,11.94125],[76.61917,11.94109],[76.62,11.94079],[76.62044,11.94081],[76.62099,11.94089],[76.62232,11.94116],[76.62255,11.9412],[76.62279,11.94121],[76.62315,11.94127],[76.62322,11.94126],[76.62328,11.94122],[76.62334,11.94116],[76.62338,11.94098],[76.62345,11.9406]]},"properties":{"shedId":"C05CAM20"}},{"type":"Feature","geometry":{"type":"LineString","coordinates":[[76.60987,11.94583],[76.61038,11.94557],[76.61087,11.94539],[76.61165,11.94504],[76.61201,11.94487],[76.61227,11.94479],[76.61237,11.94479],[76.61277,11.94472],[76.61303,11.9446],[76.6137,11.94413],[76.61402,11.944],[76.61438,11.94392],[76.61476,11.94384]]},"properties":{"shedId":"C05CAM20"}},{"type":"Feature","geometry":{"type":"LineString","coordinates":[[76.65995,11.9471],[76.66081,11.9471],[76.66194,11.94704],[76.66301,11.94659],[76.66616,11.94448],[76.66744,11.94335]]},"properties":{"shedId":"C05CAM20"}},{"type":"Feature","geometry":{"type":"LineString","coordinates":[[76.68294,11.93557],[76.68337,11.93562],[76.68361,11.93562],[76.68388,11.93571],[76.68408,11.93586],[76.68436,11.93664],[76.68464,11.93689],[76.68494,11.93689],[76.68529,11.93684],[76.68564,11.9369],[76.68595,11.93708],[76.6862,11.93728],[76.68649,11.93739],[76.68727,11.93738],[76.68753,11.93735],[76.68763,11.93736],[76.68772,11.93738],[76.68787,11.93747],[76.6879,11.9375],[76.68799,11.93773],[76.68817,11.93856],[76.6882,11.9389],[76.68824,11.93912],[76.6883,11.93928],[76.68847,11.93937],[76.68866,11.93938],[76.68897,11.93916],[76.68906,11.93897],[76.6891,11.9389],[76.68934,11.93881],[76.68965,11.93884],[76.69,11.939],[76.69036,11.93899],[76.69056,11.93881],[76.69074,11.93857],[76.69088,11.93845],[76.69109,11.93829],[76.69136,11.93821],[76.69171,11.93821],[76.6921,11.93842],[76.69237,11.93861],[76.69262,11.93874],[76.69303,11.93877],[76.69365,11.93865],[76.69408,11.93822],[76.69432,11.93806],[76.69451,11.93796],[76.6947,11.93796],[76.69493,11.93803],[76.69672,11.93988],[76.69713,11.94052],[76.69737,11.94111],[76.69742,11.9414],[76.69734,11.9418],[76.69734,11.94231],[76.69727,11.94271],[76.69737,11.94298],[76.6977,11.94324],[76.69816,11.94344],[76.69962,11.94429],[76.70034,11.94471],[76.70207,11.946],[76.70232,11.94633],[76.70245,11.94677],[76.70251,11.94712],[76.70266,11.94743],[76.70294,11.94764],[76.70347,11.94801],[76.70394,11.9482],[76.70478,11.94877]]},"properties":{"shedId":"C05CAM20"}},{"type":"Feature","geometry":{"type":"LineString","coordinates":[[76.7051,11.94373],[76.70542,11.94423],[76.70573,11.9445],[76.7061,11.94477],[76.70625,11.94499],[76.70635,11.94534],[76.70658,11.94627],[76.70676,11.94699],[76.70673,11.94721],[76.70667,11.94746],[76.70653,11.94768],[76.70619,11.9479],[76.70604,11.94794],[76.70585,11.94799],[76.70565,11.94801],[76.70537,11.94809],[76.70522,11.94816],[76.70506,11.9483],[76.70478,11.94877]]},"properties":{"name":"Gundal","shedId":"C05CAM20"}},{"type":"Feature","geometry":{"type":"LineString","coordinates":[[76.60252,11.94701],[76.60271,11.9464],[76.60281,11.94607],[76.60291,11.94589],[76.60305,11.94581],[76.60322,11.9457],[76.60344,11.94559],[76.60354,11.94549],[76.60361,11.94534],[76.60372,11.94518],[76.60388,11.94502],[76.60424,11.94458],[76.60444,11.94441],[76.6046,11.94415],[76.60463,11.94394],[76.60468,11.94377],[76.60482,11.94352],[76.60512,11.94308],[76.60526,11.9429],[76.60529,11.94279],[76.6053,11.94272],[76.60526,11.94263],[76.60523,11.94258],[76.60522,11.94254],[76.60522,11.94253],[76.60522,11.94246],[76.60527,11.94239],[76.60539,11.94222],[76.60546,11.94212],[76.60548,11.94203],[76.6055,11.94195],[76.60559,11.94184],[76.60588,11.94154],[76.60616,11.94107],[76.60623,11.94088]]},"properties":{"shedId":"C05CAM20"}},{"type":"Feature","geometry":{"type":"LineString","coordinates":[[76.60688,11.94957],[76.60658,11.94905],[76.60652,11.94892],[76.60648,11.94872],[76.60648,11.94856],[76.60653,11.94815],[76.60661,11.94786],[76.60693,11.94737],[76.60786,11.94642],[76.60794,11.94634],[76.608,11.94632],[76.60819,11.94624],[76.6084,11.94619],[76.60927,11.94607],[76.60987,11.94583]]},"properties":{"shedId":"C05CAM20"}},{"type":"Feature","geometry":{"type":"LineString","coordinates":[[76.65037,11.95099],[76.65039,11.95029],[76.6507,11.9495],[76.65131,11.94838],[76.65343,11.94609],[76.65406,11.94579],[76.65515,11.94552],[76.65572,11.9455],[76.65995,11.9471]]},"properties":{"shedId":"C05CAM20"}},{"type":"Feature","geometry":{"type":"LineString","coordinates":[[76.63367,11.95064],[76.63439,11.9506],[76.6352,11.95066],[76.63657,11.95055],[76.63698,11.95055],[76.6371,11.95063],[76.63722,11.95077],[76.63748,11.95115],[76.6377,11.95127],[76.63796,11.95126],[76.63821,11.95116],[76.63852,11.95111],[76.63885,11.95112],[76.63946,11.95116],[76.64075,11.95123],[76.64231,11.95138],[76.64274,11.95153],[76.64315,11.9515],[76.64367,11.95137],[76.64533,11.951],[76.64646,11.95076],[76.64685,11.9507],[76.64715,11.95071],[76.64743,11.9508],[76.64758,11.95093],[76.64782,11.95106],[76.64798,11.95111],[76.64809,11.95113],[76.64844,11.95113],[76.64879,11.95111],[76.64925,11.95106],[76.65037,11.95099]]},"properties":{"shedId":"C05CAM20"}},{"type":"Feature","geometry":{"type":"LineString","coordinates":[[76.60423,11.95094],[76.60423,11.95092],[76.60422,11.95089],[76.60424,11.95084],[76.60426,11.95078],[76.60426,11.95072],[76.60423,11.95065],[76.60417,11.95059],[76.6041,11.95054],[76.60404,11.95046],[76.60392,11.95028],[76.60388,11.95018],[76.60386,11.95008],[76.60386,11.94999],[76.60387,11.94989],[76.60388,11.94985],[76.60388,11.94982],[76.60387,11.94973],[76.60383,11.94967],[76.60377,11.94959],[76.60375,11.94957],[76.60375,11.94952],[76.60376,11.94945],[76.60376,11.94931],[76.60375,11.94922],[76.60369,11.94911],[76.60345,11.94847],[76.60316,11.94812],[76.60296,11.94789],[76.60272,11.94766],[76.60259,11.94754],[76.60251,11.94744],[76.60249,11.94738],[76.60247,11.94723],[76.60251,11.94704],[76.60252,11.94701]]},"properties":{"shedId":"C05CAM20"}},{"type":"Feature","geometry":{"type":"LineString","coordinates":[[76.6018,11.95198],[76.60194,11.95163],[76.60198,11.95149],[76.60197,11.95139],[76.60195,11.95129],[76.60194,11.95127],[76.60161,11.95063],[76.60158,11.95048],[76.60158,11.95043],[76.60158,11.95006],[76.6016,11.94996],[76.60162,11.94987],[76.60168,11.94969],[76.60168,11.94962],[76.60167,11.94956],[76.60164,11.94951],[76.60159,11.94944],[76.60158,11.94941],[76.60157,11.94936],[76.60158,11.9493],[76.60161,11.94911],[76.60161,11.94902],[76.60161,11.94891],[76.60159,11.94877],[76.60147,11.9485],[76.60143,11.94843],[76.60139,11.94836],[76.60138,11.94829],[76.60142,11.94817],[76.60162,11.94796],[76.60165,11.94783],[76.60169,11.94767],[76.60179,11.94752],[76.60192,11.94737],[76.60214,11.94721],[76.60252,11.94701]]},"properties":{"shedId":"C05CAM20"}},{"type":"Feature","geometry":{"type":"LineString","coordinates":[[76.65482,11.95332],[76.65501,11.9527],[76.65526,11.95211],[76.6556,11.95174],[76.65624,11.95127],[76.65664,11.95108],[76.65704,11.95069],[76.6572,11.95009],[76.65733,11.94964],[76.6577,11.94885],[76.65785,11.94831],[76.65819,11.94781],[76.65851,11.9475],[76.65995,11.9471]]},"properties":{"shedId":"C05CAM20"}},{"type":"Feature","geometry":{"type":"LineString","coordinates":[[76.61,11.9525],[76.61096,11.95174],[76.61125,11.9516],[76.61146,11.95146],[76.61174,11.95128],[76.61189,11.9512],[76.61218,11.95103],[76.6124,11.95091],[76.61286,11.95055],[76.61305,11.95018],[76.61355,11.94939],[76.61375,11.94893],[76.61384,11.94857],[76.61387,11.94816],[76.61374,11.94698],[76.61375,11.94658],[76.61381,11.94611],[76.61394,11.94574],[76.61408,11.94538],[76.61476,11.94384]]},"properties":{"shedId":"C05CAM20"}},{"type":"Feature","geometry":{"type":"LineString","coordinates":[[76.70478,11.94877],[76.70463,11.94902],[76.70439,11.94933],[76.70404,11.94959],[76.70318,11.95033],[76.70303,11.95057],[76.70296,11.95077],[76.70296,11.95092],[76.70297,11.95121],[76.7031,11.95181],[76.70331,11.95226],[76.70397,11.95339],[76.70414,11.95375],[76.70415,11.95415],[76.70412,11.95449],[76.70412,11.95461],[76.70405,11.95519]]},"properties":{"name":"Gundal","shedId":"C05CAM20"}},{"type":"Feature","geometry":{"type":"LineString","coordinates":[[76.60795,11.95432],[76.60806,11.95399],[76.6081,11.95376],[76.60809,11.95352],[76.60811,11.95246],[76.6082,11.95201],[76.60829,11.95164],[76.60837,11.95146],[76.60844,11.95126],[76.60849,11.951],[76.60848,11.95071],[76.60844,11.95059],[76.60841,11.95049],[76.6084,11.9504],[76.60841,11.95034],[76.60843,11.95028],[76.60844,11.95025],[76.60845,11.95021],[76.60857,11.94978],[76.6087,11.94951],[76.60873,11.94942],[76.60873,11.94935],[76.60872,11.94927],[76.6087,11.94919],[76.60866,11.94909],[76.60866,11.94904],[76.60868,11.94897],[76.6087,11.94893],[76.6088,11.94865],[76.60889,11.94846],[76.60892,11.94823],[76.60894,11.9481],[76.60895,11.94801],[76.60895,11.94793],[76.60895,11.94786],[76.60902,11.94761],[76.60917,11.94736],[76.60945,11.94684],[76.6096,11.9465],[76.60987,11.94583]]},"properties":{"shedId":"C05CAM20"}},{"type":"Feature","geometry":{"type":"LineString","coordinates":[[76.60643,11.95429],[76.6058,11.95379],[76.60528,11.95339],[76.60517,11.95326],[76.60489,11.95291],[76.60455,11.9526],[76.60453,11.95256],[76.60449,11.95251],[76.60448,11.95247],[76.60448,11.95247],[76.60447,11.9523],[76.60449,11.95219],[76.60449,11.95215],[76.6045,11.95211],[76.6045,11.95206],[76.6045,11.95203],[76.60449,11.95199],[76.60449,11.95198],[76.60446,11.95194],[76.60444,11.95192],[76.6044,11.95189],[76.60438,11.95188],[76.60435,11.95187],[76.60432,11.95185],[76.60431,11.95183],[76.60431,11.9518],[76.60432,11.95176],[76.60437,11.9517],[76.60439,11.95166],[76.60439,11.95161],[76.60439,11.95156],[76.60434,11.9515],[76.60432,11.95145],[76.60431,11.9514],[76.60431,11.95136],[76.60433,11.95132],[76.60435,11.95126],[76.60436,11.95125],[76.60436,11.95121],[76.60435,11.95118],[76.60434,11.95116],[76.60433,11.95114],[76.60423,11.95094]]},"properties":{"shedId":"C05CAM20"}},{"type":"Feature","geometry":{"type":"LineString","coordinates":[[76.60992,11.95391],[76.61019,11.95387],[76.61032,11.95391],[76.61048,11.954],[76.61058,11.95404],[76.61067,11.95407],[76.61093,11.95407],[76.61107,11.95405],[76.61127,11.95405],[76.61139,11.95406],[76.61159,11.95414],[76.61187,11.95428],[76.612,11.95438],[76.61209,11.95442],[76.61218,11.95442],[76.61235,11.95442],[76.61247,11.95444],[76.61261,11.95448],[76.61283,11.9546]]},"properties":{"shedId":"C05CAM20"}},{"type":"Feature","geometry":{"type":"LineString","coordinates":[[76.61283,11.9546],[76.61309,11.95466],[76.61343,11.95474],[76.61425,11.95488]]},"properties":{"shedId":"C05CAM20"}},{"type":"Feature","geometry":{"type":"LineString","coordinates":[[76.6107,11.95324],[76.61116,11.95324],[76.61145,11.95326],[76.61183,11.95326],[76.61207,11.95326],[76.61227,11.95327],[76.6125,11.95337],[76.61305,11.95364],[76.6133,11.95384],[76.61346,11.954],[76.61364,11.95409],[76.61379,11.95416],[76.61386,11.95419],[76.6139,11.95423],[76.61403,11.95437],[76.61415,11.95453],[76.61425,11.95488]]},"properties":{"shedId":"C05CAM20"}},{"type":"Feature","geometry":{"type":"LineString","coordinates":[[76.61425,11.95488],[76.6143,11.95488],[76.61471,11.95494],[76.61501,11.95499],[76.61526,11.95507]]},"properties":{"shedId":"C05CAM20"}},{"type":"Feature","geometry":{"type":"LineString","coordinates":[[76.61772,11.95535],[76.61774,11.95534],[76.61779,11.95529],[76.61795,11.955],[76.61802,11.95492],[76.61813,11.95484],[76.61826,11.95472],[76.61841,11.95446],[76.6187,11.95374],[76.61888,11.95359],[76.61904,11.95341],[76.6192,11.95321],[76.61939,11.953],[76.6196,11.95289],[76.6199,11.95277],[76.62079,11.95271],[76.62103,11.95273],[76.62121,11.95271],[76.62131,11.95265],[76.62135,11.95261],[76.62153,11.95252],[76.62186,11.9524],[76.62214,11.95228],[76.62239,11.95225],[76.62256,11.95216],[76.62268,11.95207],[76.62346,11.95111],[76.62417,11.95034],[76.62491,11.94924],[76.62527,11.94862],[76.62543,11.948],[76.62551,11.94771],[76.62557,11.94759],[76.6257,11.94749],[76.62588,11.94742],[76.62688,11.94742],[76.62701,11.94742],[76.62706,11.94739],[76.62708,11.94738],[76.62711,11.94731],[76.62714,11.94676],[76.62715,11.94669],[76.62719,11.94666],[76.62733,11.94664],[76.62828,11.94666],[76.62861,11.94678],[76.62907,11.94685],[76.6292,11.94683],[76.6293,11.94677],[76.62932,11.94674],[76.62988,11.9458],[76.63013,11.94515],[76.63028,11.9445],[76.6305,11.94309],[76.63067,11.94263],[76.63102,11.94181],[76.63114,11.94164],[76.63133,11.94142],[76.63155,11.94113],[76.63168,11.94093],[76.63182,11.94055],[76.63184,11.94024],[76.63184,11.94012],[76.63192,11.93929]]},"properties":{"shedId":"C05CAM20"}},{"type":"Feature","geometry":{"type":"LineString","coordinates":[[76.61526,11.95507],[76.6155,11.95518],[76.61577,11.95525],[76.6163,11.95528],[76.61668,11.95525],[76.61699,11.95526],[76.61736,11.95532],[76.61761,11.95535],[76.61772,11.95535]]},"properties":{"shedId":"C05CAM20"}},{"type":"Feature","geometry":{"type":"LineString","coordinates":[[76.61064,11.95625],[76.61067,11.95624],[76.61121,11.95625],[76.6114,11.95625],[76.61153,11.95619],[76.61161,11.95609],[76.61169,11.95588],[76.61185,11.95541],[76.61198,11.95521],[76.61218,11.95496],[76.61265,11.95468],[76.61283,11.9546]]},"properties":{"shedId":"C05CAM20"}},{"type":"Feature","geometry":{"type":"LineString","coordinates":[[76.60414,11.95618],[76.60399,11.95567],[76.60394,11.95552],[76.60395,11.95537],[76.60399,11.95521],[76.6041,11.95501],[76.60413,11.9549],[76.60413,11.95485],[76.60413,11.95481],[76.60412,11.95471],[76.60407,11.95461],[76.60407,11.95453],[76.60407,11.95448],[76.60407,11.95446],[76.60408,11.95441],[76.60409,11.95436],[76.60418,11.95397],[76.60423,11.95379],[76.60425,11.9535],[76.60421,11.95321],[76.60403,11.95252],[76.60383,11.95148],[76.6038,11.95138],[76.60381,11.9513],[76.60386,11.95126],[76.60392,11.95123],[76.60399,11.95119],[76.6042,11.95098],[76.60423,11.95094]]},"properties":{"shedId":"C05CAM20"}},{"type":"Feature","geometry":{"type":"LineString","coordinates":[[76.61333,11.95697],[76.61352,11.9569],[76.6136,11.95681],[76.61362,11.95674],[76.61369,11.95661],[76.61377,11.95655],[76.61379,11.95653],[76.61391,11.95648],[76.61394,11.95648],[76.61408,11.95645],[76.61414,11.95644],[76.61439,11.95623],[76.61462,11.95584],[76.61472,11.95572],[76.61476,11.95559],[76.61479,11.95547],[76.61486,11.95537],[76.61497,11.95532],[76.61504,11.95529],[76.6151,11.95525],[76.61526,11.95507]]},"properties":{"shedId":"C05CAM20"}},{"type":"Feature","geometry":{"type":"LineString","coordinates":[[76.61643,11.95829],[76.61651,11.95827],[76.61656,11.95822],[76.61657,11.95821],[76.61665,11.95815],[76.61675,11.9581],[76.61691,11.95806],[76.61707,11.95806],[76.6172,11.95802],[76.61725,11.95801],[76.61748,11.95788],[76.61774,11.9576],[76.61786,11.95746],[76.61793,11.95729],[76.61794,11.95718],[76.61793,11.95702],[76.61787,11.95668],[76.61785,11.95652],[76.61782,11.95637],[76.61777,11.95627],[76.61774,11.95621],[76.61772,11.95618],[76.61765,11.95607],[76.61764,11.95594],[76.61764,11.9558],[76.61767,11.95561],[76.61772,11.95535]]},"properties":{"shedId":"C05CAM20"}},{"type":"Feature","geometry":{"type":"LineString","coordinates":[[76.64434,11.96076],[76.64448,11.96057],[76.64504,11.9601],[76.64533,11.95995],[76.64573,11.95986],[76.64706,11.95983],[76.64773,11.95999],[76.64833,11.96007],[76.64889,11.96007],[76.64921,11.95993],[76.64951,11.95951],[76.64986,11.95758],[76.64992,11.95704],[76.65003,11.95681],[76.65018,11.95651],[76.65036,11.95594],[76.65047,11.95553],[76.65084,11.9539],[76.65095,11.95361],[76.65096,11.95339],[76.65094,11.95323],[76.65081,11.95315],[76.65077,11.95312],[76.65063,11.95306],[76.65047,11.95297],[76.65038,11.95288],[76.65035,11.95274],[76.65034,11.95263],[76.65034,11.9525],[76.65037,11.95099]]},"properties":{"shedId":"C05CAM20"}},{"type":"Feature","geometry":{"type":"LineString","coordinates":[[76.63571,11.95852],[76.63595,11.95923],[76.63602,11.95987],[76.63606,11.96058],[76.63606,11.96124],[76.63611,11.96164],[76.63633,11.96222]]},"properties":{"shedId":"C05CAM20"}},{"type":"Feature","geometry":{"type":"LineString","coordinates":[[76.63633,11.96222],[76.63817,11.9618],[76.64163,11.96127],[76.64346,11.96109],[76.64376,11.961],[76.64393,11.96094],[76.64434,11.96076]]},"properties":{"shedId":"C05CAM20"}},{"type":"Feature","geometry":{"type":"LineString","coordinates":[[76.60765,11.96205],[76.60775,11.96232],[76.60787,11.96246],[76.60796,11.96257],[76.60807,11.96264],[76.60822,11.96268],[76.60837,11.96269],[76.60847,11.96271],[76.60853,11.96275],[76.60859,11.96283],[76.60879,11.96301],[76.60883,11.96307],[76.60883,11.96312],[76.60882,11.96316],[76.60878,11.9632],[76.60876,11.96321],[76.6087,11.96327],[76.60869,11.96328],[76.60866,11.96334],[76.60862,11.96341],[76.60863,11.9635],[76.60867,11.96374],[76.6087,11.96383],[76.60875,11.96388],[76.6088,11.96392],[76.60887,11.96396],[76.60897,11.964],[76.60904,11.96402],[76.60914,11.96405],[76.60922,11.96407],[76.60933,11.9641],[76.60942,11.96412],[76.60956,11.96416],[76.60958,11.96418],[76.60997,11.9644],[76.6102,11.9646],[76.61079,11.9653],[76.61117,11.96577],[76.61137,11.9661],[76.6115,11.9662],[76.61167,11.96626],[76.61206,11.9663],[76.61253,11.96623],[76.61274,11.96623],[76.61287,11.96625],[76.61292,11.9663],[76.61307,11.96644],[76.61321,11.96662],[76.61336,11.96672],[76.61343,11.96677],[76.61346,11.96682],[76.61351,11.96694],[76.61352,11.967]]},"properties":{"shedId":"C05CAM20"}},{"type":"Feature","geometry":{"type":"LineString","coordinates":[[76.6143,11.96455],[76.61434,11.96486],[76.61435,11.96503],[76.61434,11.96519],[76.61425,11.96548],[76.61402,11.96584],[76.61375,11.96619],[76.61364,11.96641],[76.61359,11.9666],[76.61352,11.967]]},"properties":{"shedId":"C05CAM20"}},{"type":"Feature","geometry":{"type":"LineString","coordinates":[[76.62467,11.96136],[76.62483,11.96196],[76.62491,11.96213],[76.62495,11.96215],[76.62504,11.96217],[76.62526,11.96218],[76.62532,11.96221],[76.62545,11.96237],[76.62555,11.96257],[76.62574,11.96329],[76.62591,11.96348],[76.62607,11.96365],[76.62619,11.96391],[76.62656,11.96471],[76.62663,11.96487],[76.62662,11.965],[76.62659,11.96509],[76.62655,11.96516],[76.62652,11.96524],[76.62651,11.96537],[76.62653,11.96551],[76.62667,11.96597],[76.62684,11.96617],[76.62706,11.96634],[76.62787,11.967],[76.62818,11.96724],[76.62837,11.96731],[76.62847,11.96733],[76.6288,11.96735],[76.62916,11.96731],[76.62936,11.96732],[76.62946,11.96732],[76.62974,11.96743],[76.63007,11.96761],[76.63062,11.96785]]},"properties":{"shedId":"C05CAM20"}},{"type":"Feature","geometry":{"type":"LineString","coordinates":[[76.63062,11.96785],[76.63077,11.96733],[76.63124,11.96617],[76.6314,11.96588],[76.63171,11.96518],[76.63188,11.96482],[76.63213,11.96449],[76.63247,11.9642],[76.63285,11.96384],[76.63324,11.96355],[76.63363,11.96338],[76.6345,11.96317],[76.63505,11.9627],[76.63569,11.96237],[76.63633,11.96222]]},"properties":{"shedId":"C05CAM20"}},{"type":"Feature","geometry":{"type":"LineString","coordinates":[[76.63046,11.96838],[76.63062,11.96785]]},"properties":{"shedId":"C05CAM20"}},{"type":"Feature","geometry":{"type":"LineString","coordinates":[[76.61352,11.967],[76.61353,11.96711],[76.61363,11.96757],[76.61377,11.96827],[76.61389,11.96884],[76.61411,11.96929],[76.61429,11.96966],[76.61439,11.96997],[76.61445,11.97042],[76.61444,11.97071]]},"properties":{"shedId":"C05CAM20"}},{"type":"Feature","geometry":{"type":"LineString","coordinates":[[76.61444,11.97071],[76.61454,11.97079],[76.61481,11.97103],[76.61501,11.97111],[76.61521,11.97112],[76.61554,11.97106],[76.61674,11.97065],[76.61712,11.97047],[76.61738,11.97037],[76.61765,11.97037],[76.61785,11.97035],[76.61804,11.97024],[76.61859,11.96992],[76.61884,11.96987],[76.61912,11.96981],[76.6198,11.96984],[76.61997,11.96989],[76.62006,11.96998],[76.62023,11.97012],[76.62028,11.97014],[76.62044,11.97017],[76.62051,11.9702],[76.62124,11.97028],[76.62237,11.97027],[76.62306,11.97023],[76.62438,11.96997],[76.62569,11.96974],[76.62618,11.96968],[76.62705,11.9696],[76.62723,11.96963],[76.62726,11.96972],[76.62734,11.97044],[76.6274,11.97053],[76.6275,11.97056],[76.62765,11.97057],[76.62779,11.97056],[76.62792,11.97046],[76.62809,11.97032],[76.62839,11.97027],[76.62874,11.97027],[76.6295,11.97038],[76.62976,11.97042],[76.62993,11.97044],[76.6301,11.97042],[76.63017,11.97033],[76.63019,11.97012],[76.63017,11.97006],[76.63015,11.96998],[76.63011,11.96966],[76.63013,11.96949],[76.63018,11.96928],[76.63046,11.96838]]},"properties":{"shedId":"C05CAM20"}},{"type":"Feature","geometry":{"type":"LineString","coordinates":[[76.61095,11.97164],[76.61143,11.97165],[76.61178,11.97159],[76.61212,11.97146],[76.61245,11.97131],[76.61276,11.97115],[76.61306,11.97108],[76.61342,11.97102],[76.61401,11.97071],[76.61415,11.97068],[76.61428,11.97068],[76.61444,11.97071]]},"properties":{"shedId":"C05CAM20"}},{"type":"Feature","geometry":{"type":"LineString","coordinates":[[76.63389,11.97361],[76.63338,11.97307],[76.63301,11.97273],[76.63273,11.97242],[76.6325,11.97202],[76.63193,11.97019],[76.6317,11.96986],[76.63135,11.96956],[76.63114,11.96925],[76.63103,11.96893],[76.63084,11.96863],[76.63046,11.96838]]},"properties":{"shedId":"C05CAM20"}},{"type":"Feature","geometry":{"type":"LineString","coordinates":[[76.638,11.97459],[76.63814,11.97445],[76.6383,11.97425],[76.63837,11.97416],[76.63843,11.97409],[76.63866,11.97393],[76.63957,11.97392],[76.64009,11.97403],[76.64049,11.97416],[76.64089,11.97416],[76.64109,11.97413],[76.64122,11.97412],[76.64209,11.97386],[76.64309,11.97352],[76.64313,11.97349],[76.64314,11.97346],[76.64314,11.97343],[76.64314,11.97342],[76.64305,11.97284],[76.64306,11.97266],[76.64313,11.97247],[76.64335,11.9723],[76.64371,11.97207],[76.64386,11.97193],[76.64413,11.97152],[76.64478,11.97072],[76.64493,11.97013],[76.64511,11.96962],[76.64532,11.96874],[76.64548,11.96848],[76.64562,11.96837],[76.64575,11.96825],[76.64581,11.96816],[76.64585,11.968],[76.64603,11.96704],[76.64605,11.96683],[76.64599,11.96665],[76.64585,11.96657],[76.64567,11.9665],[76.64553,11.96638],[76.6454,11.96612],[76.64527,11.96521],[76.64521,11.96499],[76.64501,11.96477],[76.6448,11.96461],[76.64467,11.96443],[76.64461,11.96416],[76.64447,11.96197],[76.64434,11.96076]]},"properties":{"shedId":"C05CAM20"}}]}