{"nvdm":"1.0","dataset":"basins/admin-town","scope":{"kind":"basin","id":"kabini"},"provenance":{"sources":[{"title":"KGIS urban local body boundaries - Cauvery Basin GIS package (GeoPackages, Aug 2026 delivery)","publisher":"Paani Earth Foundation","closed":true,"as_of":"2026-08","role":"input","license":"partner-supplied compilation, cited with attribution; underlying government layers as attributed per layer"},{"id":"kwris-basin-geoserver","title":"Karnataka WRD basin decomposition, sub-basin C2 (KWRIS GeoServer, via the cauvery-ka atlas ingest)","publisher":"ACIWRM / Karnataka Water Resources Department","url":"https://kwris.karnataka.gov.in/","license":"public Karnataka government data; open WFS, no explicit licence stated - cited with attribution","role":"input","as_of":"2026-07"}],"method":"derived","produced_at":"2026-08-26","produced_by":"scripts/build_kabini_sources.py + scripts/ingest_basin.py (scripts/basin-sources/kabini-ingest.json)"},"type":"FeatureCollection","features":[{"type":"Feature","geometry":{"type":"MultiPolygon","coordinates":[[[[76.34455,12.12306],[76.34509,12.12293],[76.34557,12.12302],[76.3456,12.12302],[76.3456,12.12302],[76.3457,12.12297],[76.34578,12.12294],[76.34582,12.12292],[76.34583,12.12292],[76.34585,12.1229],[76.34602,12.12283],[76.3462,12.12282],[76.34629,12.12281],[76.34679,12.12275],[76.34729,12.12269],[76.34737,12.12269],[76.3482,12.12264],[76.34796,12.122],[76.34789,12.12184],[76.34759,12.12106],[76.34745,12.12069],[76.34729,12.12029],[76.34723,12.12014],[76.34708,12.11976],[76.34708,12.11974],[76.34693,12.11936],[76.34692,12.11904],[76.34691,12.11888],[76.3469,12.11873],[76.3469,12.11868],[76.34689,12.11847],[76.34689,12.11844],[76.34689,12.11839],[76.34689,12.11838],[76.34691,12.11833],[76.34694,12.11824],[76.34694,12.11824],[76.34722,12.11745],[76.34724,12.11741],[76.34723,12.11738],[76.3471,12.11711],[76.34709,12.11688],[76.34707,12.1165],[76.34706,12.11616],[76.34709,12.11558],[76.3471,12.11534],[76.3471,12.11533],[76.3471,12.11531],[76.34711,12.11521],[76.34711,12.11511],[76.34712,12.11502],[76.34712,12.11495],[76.34713,12.11487],[76.34713,12.11482],[76.34714,12.11466],[76.34721,12.11386],[76.3472,12.11375],[76.3472,12.11361],[76.34719,12.11356],[76.34719,12.11338],[76.34719,12.11337],[76.34722,12.11321],[76.34728,12.11293],[76.3473,12.11284],[76.34732,12.11277],[76.34733,12.1127],[76.34733,12.1127],[76.34737,12.11258],[76.3473,12.11238],[76.34713,12.11183],[76.34706,12.11162],[76.34648,12.10978],[76.34638,12.1094],[76.34605,12.10817],[76.346,12.10796],[76.34594,12.10765],[76.34591,12.10747],[76.34572,12.10648],[76.3457,12.10639],[76.34531,12.10429],[76.34528,12.10413],[76.34526,12.104],[76.34525,12.10398],[76.34524,12.1039],[76.34467,12.10087],[76.34461,12.10052],[76.34459,12.10045],[76.34458,12.1004],[76.34458,12.10038],[76.34452,12.10006],[76.34445,12.09966],[76.34409,12.09915],[76.34407,12.09911],[76.34405,12.09908],[76.34389,12.09885],[76.34352,12.09832],[76.34351,12.0983],[76.34339,12.09782],[76.34322,12.09759],[76.34319,12.09751],[76.34328,12.09748],[76.34416,12.09713],[76.34464,12.09694],[76.34467,12.09693],[76.34468,12.09693],[76.34477,12.0969],[76.34522,12.09672],[76.34567,12.09654],[76.34628,12.09631],[76.34634,12.09624],[76.34635,12.09622],[76.34638,12.09619],[76.34654,12.096],[76.34674,12.09576],[76.34738,12.09502],[76.34746,12.09493],[76.34789,12.09443],[76.34828,12.09403],[76.34864,12.09366],[76.34893,12.09349],[76.3491,12.09333],[76.34979,12.09247],[76.35024,12.09177],[76.35046,12.09124],[76.35049,12.09077],[76.35042,12.09043],[76.3502,12.08995],[76.34996,12.08951],[76.34965,12.08924],[76.34933,12.08905],[76.34873,12.08889],[76.34807,12.08884],[76.34741,12.08882],[76.34593,12.08885],[76.34497,12.08869],[76.34458,12.08865],[76.34482,12.08862],[76.34491,12.08854],[76.34507,12.08829],[76.34517,12.08798],[76.34543,12.08771],[76.34557,12.08754],[76.34571,12.08727],[76.34574,12.08725],[76.34606,12.08702],[76.34613,12.08684],[76.34627,12.08676],[76.34654,12.0865],[76.34665,12.08625],[76.34691,12.08599],[76.34697,12.08586],[76.34705,12.08563],[76.34707,12.08552],[76.34713,12.08506],[76.34742,12.08507],[76.34786,12.08498],[76.34817,12.08499],[76.34828,12.08499],[76.34856,12.08487],[76.3489,12.08472],[76.34899,12.08468],[76.34908,12.08457],[76.34936,12.08416],[76.34955,12.08387],[76.34957,12.08385],[76.3496,12.0838],[76.34974,12.08359],[76.34989,12.08338],[76.35003,12.08317],[76.35004,12.08315],[76.3501,12.08307],[76.35015,12.08302],[76.35018,12.08299],[76.35018,12.08299],[76.35028,12.0829],[76.35055,12.08266],[76.35057,12.08264],[76.35094,12.08231],[76.35141,12.08188],[76.35164,12.08167],[76.35208,12.08127],[76.35213,12.08123],[76.35225,12.08111],[76.35406,12.07939],[76.35577,12.0777],[76.35585,12.07766],[76.35589,12.07764],[76.35597,12.07759],[76.35601,12.07757],[76.35607,12.07753],[76.35636,12.0775],[76.35691,12.07745],[76.35743,12.07732],[76.35843,12.07709],[76.35878,12.077],[76.35888,12.07697],[76.35903,12.07694],[76.35907,12.07692],[76.35929,12.07682],[76.35934,12.07681],[76.35943,12.07677],[76.35945,12.07676],[76.35962,12.07674],[76.35965,12.07673],[76.35973,12.07672],[76.36013,12.07666],[76.36051,12.07659],[76.36083,12.07654],[76.36085,12.07654],[76.36106,12.07655],[76.36106,12.07653],[76.36104,12.07646],[76.36104,12.07645],[76.36103,12.0764],[76.36102,12.07629],[76.36116,12.07623],[76.36127,12.07619],[76.36129,12.07619],[76.3614,12.0762],[76.36181,12.07623],[76.36183,12.07622],[76.36246,12.07592],[76.36262,12.07585],[76.36269,12.07582],[76.36318,12.07559],[76.36319,12.07557],[76.36319,12.07554],[76.3632,12.07549],[76.36327,12.07506],[76.36327,12.07503],[76.36327,12.07494],[76.36327,12.07489],[76.36328,12.07466],[76.36328,12.07459],[76.36328,12.07456],[76.36323,12.07439],[76.36321,12.07421],[76.36317,12.0741],[76.36308,12.07373],[76.36306,12.07365],[76.36292,12.07305],[76.36288,12.0729],[76.36298,12.07272],[76.36299,12.07269],[76.363,12.07268],[76.36302,12.07263],[76.36304,12.07259],[76.36307,12.07254],[76.3632,12.07247],[76.36325,12.07243],[76.3634,12.07234],[76.36373,12.07214],[76.36383,12.0721],[76.3641,12.07214],[76.3644,12.0722],[76.36445,12.07221],[76.36453,12.07216],[76.36451,12.07212],[76.36444,12.07194],[76.36437,12.07178],[76.36434,12.07172],[76.36425,12.07159],[76.36423,12.07155],[76.36422,12.07151],[76.36396,12.07014],[76.36395,12.06966],[76.36395,12.06961],[76.36395,12.06934],[76.36395,12.0693],[76.36395,12.06922],[76.36395,12.06908],[76.36395,12.06907],[76.36395,12.06905],[76.365,12.06922],[76.36486,12.0686],[76.36474,12.06808],[76.36471,12.06757],[76.3647,12.0674],[76.36469,12.06724],[76.36465,12.06719],[76.36465,12.06718],[76.3646,12.0671],[76.36456,12.06696],[76.36454,12.06687],[76.36453,12.06681],[76.36453,12.06681],[76.36451,12.06673],[76.36445,12.06648],[76.3644,12.06627],[76.3644,12.06627],[76.3644,12.06626],[76.36438,12.06619],[76.36426,12.06568],[76.36424,12.06559],[76.36422,12.06551],[76.3642,12.06542],[76.36419,12.0654],[76.36418,12.06534],[76.3638,12.0644],[76.36377,12.0643],[76.36375,12.06423],[76.36347,12.06327],[76.36324,12.06317],[76.36266,12.06194],[76.36239,12.06182],[76.36235,12.06173],[76.36205,12.06119],[76.36176,12.06077],[76.36157,12.06042],[76.36141,12.06013],[76.36134,12.06013],[76.36131,12.06013],[76.36123,12.06014],[76.36075,12.06014],[76.35987,12.06014],[76.35982,12.06025],[76.35981,12.06028],[76.35978,12.06039],[76.35977,12.06043],[76.35963,12.06041],[76.35961,12.0604],[76.35959,12.0604],[76.3595,12.06025],[76.3595,12.06025],[76.35938,12.06014],[76.3594,12.05994],[76.3595,12.05929],[76.35951,12.05922],[76.35952,12.05918],[76.35958,12.05876],[76.35954,12.05862],[76.35889,12.05822],[76.35865,12.05806],[76.35768,12.0573],[76.35763,12.05726],[76.35763,12.05726],[76.35763,12.05725],[76.35762,12.05725],[76.35755,12.05719],[76.35751,12.057],[76.35749,12.05688],[76.35741,12.05647],[76.3574,12.05642],[76.35732,12.05595],[76.35726,12.05571],[76.35707,12.0549],[76.35705,12.05481],[76.35705,12.05481],[76.35704,12.05479],[76.35722,12.05471],[76.35723,12.05471],[76.3573,12.05468],[76.35736,12.05465],[76.35742,12.05462],[76.35741,12.05461],[76.3574,12.05459],[76.35727,12.05435],[76.35715,12.05414],[76.35689,12.05423],[76.3568,12.05426],[76.35632,12.05442],[76.35613,12.05448],[76.35612,12.05448],[76.35608,12.05449],[76.356,12.05431],[76.356,12.05429],[76.3558,12.05383],[76.35574,12.05358],[76.35572,12.05349],[76.35557,12.05287],[76.35547,12.05246],[76.35529,12.05247],[76.35479,12.05251],[76.35475,12.05251],[76.35452,12.05253],[76.35399,12.05259],[76.35375,12.05261],[76.3537,12.05262],[76.35373,12.05276],[76.35386,12.05355],[76.35411,12.05457],[76.35313,12.05472],[76.35311,12.05458],[76.35303,12.05395],[76.35303,12.05391],[76.35298,12.05354],[76.35298,12.05353],[76.35298,12.05351],[76.35296,12.05338],[76.35296,12.05337],[76.35288,12.05275],[76.35288,12.0527],[76.35282,12.05223],[76.35282,12.0522],[76.3528,12.05204],[76.35321,12.05182],[76.35323,12.05174],[76.35324,12.05166],[76.35326,12.05158],[76.35328,12.05154],[76.35329,12.05153],[76.35333,12.05145],[76.35337,12.05138],[76.35339,12.05134],[76.35349,12.05114],[76.35349,12.05106],[76.35342,12.05041],[76.35342,12.0504],[76.3534,12.05031],[76.35333,12.05001],[76.35325,12.04964],[76.3532,12.04943],[76.35317,12.0493],[76.35303,12.04886],[76.35298,12.04869],[76.35298,12.04868],[76.35295,12.04859],[76.35257,12.04749],[76.35254,12.04741],[76.35249,12.04726],[76.3523,12.04672],[76.35226,12.04661],[76.35219,12.04641],[76.35211,12.04617],[76.35206,12.04602],[76.35199,12.04584],[76.35197,12.04578],[76.35195,12.04572],[76.35154,12.04576],[76.35144,12.04577],[76.35133,12.04578],[76.35123,12.04581],[76.35103,12.04587],[76.351,12.04588],[76.3507,12.04597],[76.34961,12.04618],[76.34923,12.04626],[76.34932,12.04649],[76.34951,12.04699],[76.34967,12.04705],[76.34968,12.04705],[76.34969,12.04706],[76.34969,12.04706],[76.34984,12.04736],[76.34984,12.04736],[76.34993,12.04755],[76.34996,12.04797],[76.34997,12.04803],[76.35,12.04839],[76.35,12.0484],[76.35007,12.04927],[76.35009,12.04949],[76.35009,12.04986],[76.35009,12.04994],[76.35009,12.05009],[76.35009,12.05012],[76.34994,12.05092],[76.34986,12.05139],[76.34989,12.05174],[76.34991,12.0519],[76.34991,12.05191],[76.34992,12.052],[76.3499,12.052],[76.34986,12.05201],[76.34963,12.05207],[76.34888,12.05225],[76.34882,12.05226],[76.34834,12.05237],[76.34832,12.05237],[76.34831,12.05238],[76.34811,12.05242],[76.34811,12.05243],[76.34808,12.05272],[76.34798,12.05373],[76.34798,12.0538],[76.34799,12.05384],[76.34801,12.05387],[76.34802,12.0539],[76.34807,12.05399],[76.34807,12.05412],[76.34808,12.0547],[76.34808,12.05493],[76.34808,12.05499],[76.34808,12.05526],[76.34803,12.0553],[76.34776,12.05548],[76.34776,12.05548],[76.34762,12.05566],[76.34759,12.05581],[76.34759,12.05586],[76.34755,12.05605],[76.34753,12.05614],[76.34748,12.05642],[76.34746,12.05649],[76.34743,12.05664],[76.34743,12.05664],[76.34743,12.05665],[76.34742,12.05671],[76.34743,12.05712],[76.34743,12.05724],[76.34743,12.05727],[76.34743,12.0577],[76.34744,12.05781],[76.34693,12.058],[76.34693,12.058],[76.34689,12.05801],[76.34675,12.05806],[76.34674,12.05807],[76.34671,12.05808],[76.3466,12.05812],[76.3466,12.05816],[76.34659,12.05821],[76.34658,12.05825],[76.34657,12.05833],[76.34663,12.05844],[76.34666,12.05848],[76.34666,12.05849],[76.34669,12.05854],[76.34662,12.05874],[76.34619,12.05908],[76.34591,12.0593],[76.34586,12.05934],[76.34575,12.05943],[76.34574,12.05944],[76.34551,12.06031],[76.34546,12.06051],[76.34544,12.06058],[76.34449,12.06065],[76.34435,12.06066],[76.34375,12.06072],[76.34333,12.06077],[76.34262,12.06085],[76.34262,12.06089],[76.34261,12.0609],[76.3426,12.06099],[76.34225,12.06106],[76.34189,12.06114],[76.34139,12.06106],[76.34131,12.06105],[76.34126,12.06104],[76.34122,12.06097],[76.34122,12.06097],[76.34119,12.06089],[76.34092,12.06106],[76.33964,12.06191],[76.33958,12.06195],[76.33933,12.06214],[76.33845,12.06275],[76.33832,12.06286],[76.33827,12.06291],[76.33817,12.06299],[76.33802,12.06312],[76.338,12.06314],[76.33796,12.06317],[76.33559,12.06481],[76.33405,12.06579],[76.33403,12.0658],[76.33399,12.06583],[76.33391,12.06588],[76.33379,12.06596],[76.33369,12.06602],[76.33361,12.06607],[76.33368,12.06609],[76.33373,12.06627],[76.33374,12.0663],[76.33439,12.06862],[76.33445,12.06881],[76.33451,12.06905],[76.33465,12.06952],[76.33465,12.06955],[76.33466,12.06957],[76.33467,12.06962],[76.33472,12.06977],[76.33474,12.06985],[76.33477,12.06997],[76.33499,12.07075],[76.33521,12.07157],[76.33525,12.07169],[76.33526,12.07172],[76.33548,12.07251],[76.33566,12.07318],[76.33582,12.07374],[76.33588,12.07395],[76.33597,12.07429],[76.33578,12.07442],[76.33553,12.07458],[76.3346,12.07519],[76.33453,12.07525],[76.33391,12.07565],[76.3327,12.07646],[76.33265,12.07649],[76.33226,12.07674],[76.33223,12.07676],[76.33216,12.07681],[76.33211,12.07685],[76.33171,12.07757],[76.33161,12.07773],[76.33156,12.07771],[76.3314,12.07772],[76.33119,12.07775],[76.33116,12.07775],[76.33065,12.07781],[76.33008,12.07784],[76.32993,12.07779],[76.32984,12.07776],[76.32983,12.07777],[76.32959,12.07776],[76.32956,12.07776],[76.32927,12.07763],[76.32925,12.07762],[76.32899,12.07751],[76.32816,12.07769],[76.32809,12.07771],[76.32804,12.07773],[76.32715,12.07806],[76.32677,12.07805],[76.32672,12.07761],[76.32672,12.07757],[76.32664,12.07686],[76.32662,12.0767],[76.32661,12.07668],[76.32652,12.07617],[76.32651,12.07612],[76.32648,12.07593],[76.32647,12.07587],[76.32644,12.07568],[76.32643,12.07563],[76.32638,12.07498],[76.32637,12.07491],[76.32609,12.07454],[76.32595,12.07447],[76.32579,12.07438],[76.32531,12.07445],[76.32528,12.07445],[76.32515,12.07447],[76.32514,12.07447],[76.32501,12.07459],[76.32475,12.07484],[76.32462,12.07497],[76.32447,12.07511],[76.32433,12.07538],[76.32432,12.07541],[76.3243,12.07545],[76.32429,12.07553],[76.32424,12.07587],[76.32423,12.07599],[76.32423,12.076],[76.32422,12.07608],[76.32388,12.07604],[76.32355,12.07583],[76.32307,12.07544],[76.32291,12.07531],[76.32274,12.07517],[76.32266,12.0751],[76.32226,12.07475],[76.32205,12.07455],[76.32186,12.07437],[76.3219,12.07368],[76.32191,12.07359],[76.32191,12.07351],[76.32193,12.07324],[76.32195,12.07292],[76.32166,12.07263],[76.32165,12.07262],[76.32162,12.07262],[76.32157,12.07262],[76.32146,12.07262],[76.32144,12.07262],[76.32123,12.07261],[76.32121,12.07261],[76.3211,12.07261],[76.32108,12.07262],[76.32086,12.07268],[76.32083,12.07269],[76.32068,12.07273],[76.3205,12.07278],[76.32047,12.07279],[76.32043,12.0728],[76.32027,12.0729],[76.31974,12.07325],[76.31974,12.07326],[76.3195,12.07342],[76.31949,12.07342],[76.31924,12.07359],[76.31872,12.07393],[76.31818,12.07408],[76.3176,12.07411],[76.31716,12.07413],[76.31696,12.07413],[76.3169,12.07414],[76.3167,12.07415],[76.31648,12.07416],[76.31592,12.07459],[76.31579,12.07469],[76.31551,12.07493],[76.31506,12.07522],[76.31497,12.07528],[76.31478,12.07536],[76.3146,12.07545],[76.31459,12.07545],[76.31454,12.07548],[76.31461,12.0756],[76.31469,12.07576],[76.31485,12.07604],[76.3149,12.07618],[76.31492,12.07621],[76.31514,12.07682],[76.31515,12.07685],[76.3152,12.07699],[76.31519,12.07724],[76.31519,12.07728],[76.31517,12.07762],[76.31507,12.07871],[76.31489,12.07884],[76.31474,12.07891],[76.31473,12.07891],[76.31454,12.07897],[76.31418,12.07899],[76.31367,12.07896],[76.31308,12.07898],[76.31264,12.07895],[76.31199,12.07886],[76.3115,12.0787],[76.31113,12.07856],[76.311,12.07869],[76.31083,12.07888],[76.31075,12.07896],[76.31094,12.07906],[76.31124,12.0792],[76.31162,12.07938],[76.31182,12.07948],[76.31184,12.0797],[76.31197,12.08094],[76.31106,12.08123],[76.31052,12.08141],[76.31022,12.08151],[76.30962,12.08171],[76.30926,12.08184],[76.30928,12.08187],[76.30932,12.08192],[76.30935,12.08195],[76.31003,12.08284],[76.30989,12.08366],[76.30986,12.08382],[76.30986,12.08385],[76.30984,12.08394],[76.3098,12.08414],[76.31023,12.08616],[76.31033,12.08847],[76.31041,12.08865],[76.31041,12.08869],[76.31046,12.08894],[76.31048,12.08909],[76.31048,12.08916],[76.31048,12.08916],[76.30992,12.08891],[76.30991,12.08891],[76.30949,12.08907],[76.30936,12.08913],[76.30929,12.08915],[76.30917,12.0892],[76.30903,12.08927],[76.3085,12.08949],[76.30844,12.08952],[76.30837,12.08955],[76.30831,12.08957],[76.30826,12.08958],[76.30825,12.08927],[76.30858,12.08887],[76.30883,12.08827],[76.30886,12.08822],[76.30884,12.08819],[76.30883,12.08817],[76.30872,12.08801],[76.3087,12.08799],[76.30859,12.08784],[76.30857,12.08781],[76.30856,12.0878],[76.30853,12.08775],[76.30852,12.08774],[76.30851,12.08772],[76.30845,12.08764],[76.30845,12.08763],[76.3083,12.08766],[76.30823,12.08766],[76.3081,12.08768],[76.30809,12.08768],[76.30744,12.08775],[76.30702,12.0878],[76.30693,12.08781],[76.30615,12.0879],[76.30614,12.0879],[76.30612,12.0879],[76.30608,12.0879],[76.30606,12.08796],[76.30604,12.08799],[76.30603,12.088],[76.30602,12.088],[76.30597,12.088],[76.30596,12.08801],[76.30592,12.0881],[76.30586,12.08789],[76.30583,12.08777],[76.3058,12.08767],[76.30565,12.08712],[76.30543,12.08644],[76.30541,12.08639],[76.3054,12.08637],[76.3053,12.08606],[76.30529,12.08603],[76.30524,12.08602],[76.30366,12.0867],[76.30356,12.08674],[76.30288,12.08703],[76.30282,12.08706],[76.30263,12.08713],[76.30262,12.08714],[76.30256,12.08716],[76.30262,12.08769],[76.30263,12.08777],[76.30249,12.08779],[76.30157,12.08784],[76.30156,12.08784],[76.30139,12.08792],[76.30074,12.08822],[76.30074,12.08822],[76.30058,12.0883],[76.30052,12.08833],[76.30047,12.08835],[76.30044,12.08836],[76.30044,12.08836],[76.29987,12.08858],[76.29955,12.08925],[76.2994,12.08956],[76.29943,12.08958],[76.29945,12.0896],[76.29945,12.08962],[76.29946,12.08962],[76.30015,12.08971],[76.30014,12.08973],[76.29999,12.09041],[76.29997,12.09046],[76.29997,12.09049],[76.29984,12.09107],[76.2998,12.09122],[76.29979,12.09126],[76.29974,12.09148],[76.29968,12.09173],[76.2994,12.09159],[76.29893,12.09183],[76.2982,12.09173],[76.29776,12.09148],[76.29756,12.09206],[76.29779,12.09226],[76.29774,12.09332],[76.29771,12.0938],[76.29789,12.09429],[76.29751,12.09472],[76.29755,12.09542],[76.29662,12.09558],[76.29654,12.0956],[76.29582,12.09578],[76.29722,12.09602],[76.29768,12.09616],[76.29818,12.09629],[76.29875,12.09643],[76.29873,12.09657],[76.2991,12.09672],[76.30094,12.09751],[76.30236,12.09812],[76.30239,12.09814],[76.30256,12.09821],[76.30287,12.09834],[76.3031,12.09844],[76.30319,12.09848],[76.30365,12.09868],[76.30421,12.09892],[76.30424,12.09894],[76.30424,12.09894],[76.30425,12.09894],[76.30431,12.09895],[76.30488,12.09909],[76.30505,12.09913],[76.30505,12.09914],[76.30517,12.10029],[76.30521,12.10062],[76.30553,12.10367],[76.30556,12.10389],[76.30566,12.1049],[76.30881,12.10897],[76.31082,12.11188],[76.31134,12.1126],[76.31239,12.11404],[76.31247,12.11414],[76.31256,12.11428],[76.31315,12.11507],[76.3133,12.11529],[76.3139,12.1161],[76.31515,12.1178],[76.31522,12.11791],[76.31564,12.11848],[76.31603,12.11901],[76.31617,12.11919],[76.31622,12.11926],[76.31631,12.1194],[76.31645,12.11959],[76.31677,12.11971],[76.3168,12.11972],[76.31686,12.11974],[76.31731,12.1199],[76.31734,12.11991],[76.31741,12.11994],[76.31759,12.12001],[76.31766,12.12003],[76.3177,12.12005],[76.3177,12.12005],[76.31895,12.11991],[76.31911,12.1199],[76.31949,12.11986],[76.32165,12.11918],[76.322,12.11907],[76.32211,12.11904],[76.32253,12.11891],[76.32323,12.11869],[76.32342,12.11863],[76.32352,12.11859],[76.32357,12.11858],[76.32367,12.11855],[76.32417,12.11844],[76.32438,12.11839],[76.32448,12.11842],[76.32454,12.11844],[76.32462,12.11846],[76.3248,12.11851],[76.3249,12.11853],[76.32496,12.11851],[76.32503,12.11849],[76.3252,12.11843],[76.32532,12.11839],[76.32541,12.11833],[76.32547,12.11829],[76.32569,12.11814],[76.32593,12.11798],[76.32598,12.11795],[76.32599,12.11795],[76.326,12.11794],[76.3261,12.11796],[76.32679,12.11817],[76.32708,12.11826],[76.32713,12.11828],[76.32758,12.11841],[76.3276,12.11842],[76.32844,12.11868],[76.3285,12.1187],[76.32854,12.11871],[76.32857,12.11872],[76.32973,12.11907],[76.33094,12.11944],[76.33102,12.11946],[76.33248,12.11991],[76.33332,12.12016],[76.33383,12.12032],[76.33398,12.12036],[76.33413,12.1204],[76.33424,12.12044],[76.33468,12.12056],[76.33531,12.12073],[76.33543,12.12077],[76.33552,12.12079],[76.33559,12.12081],[76.33559,12.12081],[76.33609,12.1209],[76.33614,12.12091],[76.33679,12.12102],[76.33698,12.12105],[76.33762,12.12116],[76.3377,12.12119],[76.33804,12.12132],[76.33831,12.12142],[76.3394,12.12191],[76.34,12.12218],[76.34055,12.12243],[76.34062,12.12246],[76.34066,12.12248],[76.34096,12.12262],[76.34129,12.12276],[76.34188,12.12303],[76.3419,12.12304],[76.34203,12.1231],[76.34262,12.12335],[76.34286,12.12346],[76.34298,12.12351],[76.34349,12.12336],[76.34356,12.12333],[76.34395,12.12322],[76.34399,12.1232],[76.34403,12.12319],[76.34407,12.12318],[76.34435,12.12311],[76.34451,12.12307],[76.34455,12.12306]]]]},"properties":{"name":"H.D.Kote","townType":"TMC","level":"town","shedId":"C05CAM16"}},{"type":"Feature","geometry":{"type":"Polygon","coordinates":[[[76.30237,12.29064],[76.30224,12.29059],[76.3022,12.29058],[76.30193,12.29048],[76.30211,12.29006],[76.30215,12.28999],[76.30216,12.28995],[76.30221,12.28984],[76.30222,12.28983],[76.3025,12.28935],[76.30266,12.28906],[76.30272,12.28896],[76.30287,12.28869],[76.30292,12.28859],[76.30294,12.28856],[76.30313,12.28821],[76.30295,12.288],[76.30168,12.28723],[76.30164,12.28721],[76.30092,12.28692],[76.30033,12.28668],[76.30017,12.28667],[76.29987,12.28659],[76.30006,12.28702],[76.30009,12.28775],[76.29995,12.28836],[76.29991,12.28898],[76.29987,12.28967],[76.29987,12.29003],[76.29998,12.2905],[76.30024,12.2909],[76.30057,12.29108],[76.30116,12.29111],[76.30201,12.29108],[76.30231,12.29092],[76.30237,12.29064]]]},"properties":{"name":"Hunsur","townType":"CMC","level":"town"}},{"type":"Feature","geometry":{"type":"MultiPolygon","coordinates":[[[[76.59842,12.28474],[76.59842,12.28479],[76.59843,12.28483],[76.59844,12.28511],[76.59844,12.2852],[76.59844,12.28531],[76.59845,12.28533],[76.59845,12.28552],[76.59846,12.28553],[76.59846,12.28554],[76.59861,12.28586],[76.5987,12.28606],[76.59882,12.28633],[76.59888,12.28644],[76.59899,12.28668],[76.599,12.2867],[76.59904,12.28679],[76.59905,12.28682],[76.59909,12.28745],[76.5991,12.2875],[76.59911,12.28768],[76.59921,12.2882],[76.59922,12.28826],[76.59925,12.2884],[76.59926,12.28844],[76.59927,12.28849],[76.59946,12.28849],[76.60031,12.28857],[76.60047,12.28858],[76.60083,12.28867],[76.60086,12.28868],[76.60093,12.28869],[76.60103,12.28872],[76.60105,12.28874],[76.60113,12.28882],[76.60114,12.28883],[76.60115,12.28883],[76.60137,12.28882],[76.60146,12.28882],[76.60233,12.28879],[76.60234,12.2888],[76.60241,12.28894],[76.60255,12.28892],[76.60259,12.28892],[76.60271,12.2889],[76.60285,12.28888],[76.60286,12.28888],[76.6029,12.28888],[76.60299,12.28886],[76.60321,12.28883],[76.60322,12.28883],[76.6033,12.28882],[76.60336,12.28881],[76.60341,12.28881],[76.60364,12.28881],[76.60374,12.28881],[76.60412,12.28881],[76.60419,12.28881],[76.60419,12.28882],[76.60421,12.289],[76.60453,12.28905],[76.60463,12.28907],[76.60479,12.2891],[76.6048,12.28911],[76.60521,12.2894],[76.60527,12.28944],[76.60533,12.28946],[76.60547,12.28949],[76.60547,12.28951],[76.60545,12.2896],[76.6054,12.28989],[76.60538,12.28995],[76.60535,12.29013],[76.60526,12.29107],[76.60525,12.29116],[76.60524,12.29122],[76.60528,12.29145],[76.6053,12.29161],[76.6053,12.29163],[76.60531,12.29165],[76.60521,12.29192],[76.60514,12.2921],[76.60504,12.29237],[76.6048,12.29302],[76.60469,12.29334],[76.60459,12.29361],[76.60435,12.29424],[76.60417,12.29471],[76.60387,12.29558],[76.60382,12.29572],[76.60355,12.29651],[76.60351,12.29663],[76.60327,12.29732],[76.60316,12.29763],[76.60313,12.29777],[76.60311,12.29785],[76.60309,12.29796],[76.60306,12.29815],[76.60304,12.29852],[76.603,12.2991],[76.60297,12.29951],[76.60293,12.29965],[76.60293,12.29966],[76.60289,12.29983],[76.60287,12.29987],[76.60277,12.30015],[76.60266,12.30045],[76.60252,12.30086],[76.60249,12.30096],[76.60244,12.30109],[76.60241,12.30123],[76.60233,12.30166],[76.60228,12.30193],[76.60224,12.30219],[76.60218,12.30245],[76.60205,12.30335],[76.60204,12.30347],[76.60202,12.30368],[76.60202,12.30393],[76.60202,12.30403],[76.60202,12.30422],[76.60202,12.30429],[76.60201,12.30464],[76.60201,12.30469],[76.60201,12.30488],[76.602,12.30518],[76.60198,12.30551],[76.60197,12.30567],[76.60196,12.30579],[76.60193,12.30604],[76.60188,12.30629],[76.60182,12.30645],[76.60174,12.30658],[76.60162,12.30674],[76.60155,12.30683],[76.60144,12.30695],[76.60134,12.30706],[76.6012,12.30721],[76.60099,12.30738],[76.6008,12.30748],[76.60067,12.30751],[76.60061,12.30754],[76.60049,12.30757],[76.60046,12.30758],[76.60046,12.30759],[76.60045,12.30766],[76.60045,12.30775],[76.6004,12.30779],[76.6004,12.30826],[76.6004,12.30828],[76.6004,12.30834],[76.60046,12.3086],[76.60047,12.30866],[76.60052,12.30866],[76.60052,12.30867],[76.60076,12.30864],[76.60087,12.30877],[76.60095,12.30888],[76.60099,12.30892],[76.60112,12.30927],[76.60109,12.31009],[76.60109,12.3107],[76.60109,12.31072],[76.60113,12.31072],[76.60115,12.31072],[76.60212,12.3107],[76.6022,12.3107],[76.60263,12.31069],[76.60282,12.31069],[76.60415,12.3107],[76.60422,12.3107],[76.60445,12.3107],[76.6045,12.3107],[76.60453,12.3107],[76.60454,12.31067],[76.60673,12.31064],[76.60674,12.31109],[76.60665,12.31159],[76.6066,12.31173],[76.60664,12.31173],[76.60704,12.31168],[76.60736,12.31164],[76.60757,12.31162],[76.60774,12.31162],[76.60772,12.31186],[76.60771,12.3119],[76.6077,12.31201],[76.60783,12.3125],[76.60818,12.31325],[76.6082,12.31329],[76.60838,12.31368],[76.60841,12.31375],[76.6085,12.31394],[76.60866,12.31428],[76.60861,12.31462],[76.60861,12.31463],[76.60859,12.31474],[76.60828,12.31556],[76.60828,12.31585],[76.60828,12.31592],[76.60828,12.31669],[76.60806,12.31735],[76.60803,12.31741],[76.60796,12.31763],[76.60796,12.31844],[76.60817,12.31923],[76.60829,12.3194],[76.60838,12.31952],[76.60879,12.32011],[76.60886,12.32015],[76.60888,12.32016],[76.60893,12.3202],[76.60893,12.32038],[76.60894,12.32047],[76.60896,12.32089],[76.60896,12.32095],[76.60897,12.32107],[76.60896,12.32152],[76.60896,12.3216],[76.60897,12.32167],[76.60902,12.32204],[76.60907,12.32251],[76.60908,12.32251],[76.6091,12.3228],[76.60912,12.32298],[76.60913,12.32308],[76.60916,12.32336],[76.60933,12.32336],[76.60963,12.32335],[76.60971,12.32335],[76.61041,12.32333],[76.61081,12.32332],[76.611,12.32331],[76.61156,12.32329],[76.61172,12.32329],[76.61216,12.32329],[76.61237,12.32332],[76.61247,12.32336],[76.61253,12.32342],[76.61263,12.32361],[76.61268,12.32377],[76.61269,12.32383],[76.6127,12.32388],[76.61272,12.32403],[76.61273,12.32404],[76.61276,12.32426],[76.61277,12.3243],[76.61277,12.32433],[76.61207,12.32468],[76.61161,12.32496],[76.61128,12.32518],[76.61061,12.32569],[76.60972,12.32638],[76.6086,12.32724],[76.60756,12.32805],[76.60753,12.32807],[76.60762,12.32826],[76.60762,12.32831],[76.60768,12.32899],[76.60768,12.32903],[76.60771,12.32931],[76.60783,12.32932],[76.60799,12.32933],[76.608,12.32933],[76.60799,12.32978],[76.60754,12.32968],[76.60751,12.32974],[76.60735,12.33008],[76.60734,12.33011],[76.60725,12.33031],[76.60724,12.33034],[76.60722,12.3304],[76.60725,12.33045],[76.60727,12.33047],[76.60729,12.33047],[76.6074,12.33067],[76.60742,12.33071],[76.60753,12.33095],[76.60761,12.33151],[76.60764,12.33156],[76.60766,12.33159],[76.60759,12.33171],[76.60756,12.33174],[76.60719,12.33208],[76.60717,12.33227],[76.60699,12.33228],[76.60685,12.33228],[76.60674,12.33229],[76.6067,12.33229],[76.60662,12.33283],[76.60663,12.33286],[76.60666,12.33297],[76.60679,12.3334],[76.60689,12.33362],[76.60701,12.33389],[76.60707,12.334],[76.60689,12.33405],[76.60602,12.33426],[76.60588,12.33424],[76.60585,12.33425],[76.60537,12.33437],[76.60468,12.33431],[76.60467,12.33444],[76.60452,12.33445],[76.60442,12.33446],[76.60376,12.33452],[76.60358,12.3344],[76.60309,12.33441],[76.60294,12.3345],[76.60239,12.3345],[76.60165,12.33452],[76.60159,12.33452],[76.60102,12.33454],[76.60102,12.33472],[76.60099,12.33472],[76.60027,12.33473],[76.60022,12.33474],[76.59983,12.3348],[76.5996,12.3348],[76.59897,12.33485],[76.59868,12.33495],[76.59868,12.33499],[76.59868,12.33524],[76.59868,12.33535],[76.59868,12.33546],[76.59869,12.3355],[76.59871,12.33601],[76.59871,12.33605],[76.59876,12.33609],[76.59876,12.3361],[76.59875,12.33628],[76.59892,12.33656],[76.59896,12.33664],[76.59899,12.33669],[76.5992,12.33721],[76.59936,12.33771],[76.5995,12.33813],[76.59986,12.33905],[76.59993,12.33918],[76.60007,12.33949],[76.60119,12.33959],[76.60202,12.33977],[76.60296,12.34012],[76.60354,12.3404],[76.60397,12.3408],[76.60427,12.34119],[76.60482,12.34187],[76.60547,12.34234],[76.60598,12.34259],[76.60653,12.34265],[76.60715,12.34258],[76.60777,12.34244],[76.60876,12.3419],[76.60986,12.3413],[76.61044,12.34113],[76.61134,12.34093],[76.61209,12.34078],[76.61363,12.34052],[76.61454,12.34036],[76.61535,12.34003],[76.61601,12.33947],[76.61646,12.33881],[76.61685,12.33795],[76.61708,12.33728],[76.61734,12.33613],[76.61747,12.33572],[76.61785,12.33535],[76.61827,12.33505],[76.61883,12.33468],[76.61929,12.33442],[76.61955,12.3342],[76.61967,12.33386],[76.61974,12.33338],[76.61978,12.33312],[76.61957,12.33228],[76.61946,12.33147],[76.61908,12.32976],[76.61931,12.32903],[76.61965,12.32852],[76.62001,12.32821],[76.62058,12.3279],[76.621,12.32756],[76.62144,12.32731],[76.62318,12.32677],[76.62567,12.32572],[76.62756,12.32509],[76.62994,12.32472],[76.63083,12.3247],[76.63204,12.32488],[76.63348,12.32529],[76.6345,12.32551],[76.63505,12.32545],[76.63564,12.3254],[76.63644,12.32513],[76.63685,12.32499],[76.63759,12.32456],[76.63834,12.32385],[76.6405,12.32248],[76.64236,12.32069],[76.64404,12.31872],[76.64546,12.31718],[76.64766,12.31625],[76.64862,12.31597],[76.65021,12.31575],[76.65305,12.31548],[76.65635,12.31483],[76.65968,12.31304],[76.66094,12.31246],[76.66104,12.31241],[76.66229,12.31226],[76.66439,12.31224],[76.66726,12.31201],[76.66961,12.31168],[76.67106,12.31162],[76.67178,12.31167],[76.67345,12.3118],[76.67515,12.31199],[76.67763,12.31282],[76.6799,12.31367],[76.68289,12.31456],[76.68379,12.31471],[76.68466,12.31467],[76.68525,12.31458],[76.68654,12.31402],[76.68729,12.31342],[76.68763,12.31298],[76.6885,12.31138],[76.68912,12.30946],[76.6898,12.30664],[76.69006,12.30601],[76.69104,12.3046],[76.6917,12.30309],[76.69253,12.30023],[76.69302,12.29938],[76.69344,12.29893],[76.69353,12.29886],[76.69349,12.29825],[76.69348,12.29819],[76.69346,12.29785],[76.69343,12.29732],[76.69344,12.29722],[76.69358,12.29609],[76.69359,12.29601],[76.69368,12.29534],[76.69389,12.29363],[76.69394,12.29245],[76.69394,12.29241],[76.69395,12.29217],[76.69396,12.29201],[76.694,12.29085],[76.69367,12.29077],[76.69283,12.2906],[76.69251,12.29054],[76.69237,12.29052],[76.69216,12.29048],[76.69112,12.29029],[76.69027,12.29013],[76.69003,12.29006],[76.68966,12.29002],[76.68831,12.28958],[76.68862,12.28887],[76.68867,12.28876],[76.68879,12.28849],[76.68898,12.28814],[76.68727,12.28749],[76.68652,12.2872],[76.68672,12.28702],[76.68677,12.28697],[76.6866,12.28697],[76.68614,12.28692],[76.68592,12.28693],[76.68571,12.28692],[76.6856,12.28689],[76.68543,12.28683],[76.68523,12.2868],[76.68496,12.28679],[76.68482,12.28682],[76.68457,12.28689],[76.68449,12.28693],[76.68454,12.28708],[76.68456,12.28726],[76.68458,12.28743],[76.6846,12.28761],[76.68463,12.28778],[76.68462,12.28789],[76.68457,12.28794],[76.68451,12.288],[76.68431,12.28808],[76.68412,12.28816],[76.68387,12.28806],[76.68348,12.288],[76.68277,12.28786],[76.68218,12.28764],[76.68177,12.28746],[76.68163,12.2874],[76.68149,12.28733],[76.68129,12.28725],[76.68105,12.28718],[76.68077,12.28709],[76.68061,12.28701],[76.68042,12.28688],[76.68029,12.28681],[76.68017,12.28677],[76.67997,12.28675],[76.67987,12.2867],[76.67974,12.2866],[76.67949,12.28642],[76.67937,12.28634],[76.67913,12.28625],[76.6789,12.28618],[76.67874,12.28614],[76.67859,12.28607],[76.67842,12.28597],[76.67824,12.28591],[76.67807,12.28585],[76.67789,12.2858],[76.67773,12.2857],[76.67744,12.28552],[76.67718,12.28537],[76.67711,12.28533],[76.67701,12.28527],[76.67664,12.2851],[76.67631,12.28496],[76.67623,12.28491],[76.67616,12.28491],[76.6731,12.28471],[76.67297,12.2847],[76.67015,12.28451],[76.67002,12.28449],[76.67,12.28449],[76.66997,12.28448],[76.66994,12.28448],[76.6699,12.28447],[76.66957,12.28442],[76.66923,12.28436],[76.6678,12.28413],[76.66766,12.2841],[76.66659,12.28393],[76.66655,12.28388],[76.66651,12.28385],[76.66645,12.2838],[76.66638,12.2839],[76.66625,12.28409],[76.66612,12.28405],[76.66598,12.284],[76.66585,12.28388],[76.66574,12.28371],[76.66567,12.28366],[76.66545,12.28362],[76.66498,12.28356],[76.66454,12.28347],[76.66438,12.28335],[76.66412,12.283],[76.66402,12.28276],[76.66419,12.28275],[76.66416,12.28269],[76.66405,12.28249],[76.66403,12.28246],[76.66419,12.28248],[76.66417,12.28242],[76.66407,12.28222],[76.66403,12.28214],[76.66397,12.282],[76.66396,12.28199],[76.66392,12.28191],[76.66383,12.28173],[76.66379,12.28164],[76.66372,12.28152],[76.66364,12.28138],[76.66352,12.28114],[76.6631,12.28038],[76.66248,12.28017],[76.66229,12.27969],[76.66183,12.27861],[76.66093,12.27859],[76.66024,12.2786],[76.66019,12.27861],[76.65995,12.27861],[76.65984,12.27855],[76.65979,12.27853],[76.65969,12.27847],[76.65951,12.27838],[76.65938,12.27845],[76.65917,12.27858],[76.65915,12.27859],[76.65911,12.27862],[76.65895,12.27864],[76.65893,12.27857],[76.65888,12.27839],[76.65874,12.2777],[76.6587,12.27723],[76.6586,12.27632],[76.65853,12.27565],[76.65844,12.27444],[76.65841,12.27395],[76.65838,12.27356],[76.65836,12.27317],[76.65835,12.27281],[76.65834,12.27247],[76.65833,12.27216],[76.65834,12.27197],[76.65834,12.27192],[76.65833,12.27123],[76.6583,12.27077],[76.65825,12.27042],[76.65818,12.26994],[76.65814,12.26974],[76.65796,12.26903],[76.65758,12.2669],[76.65747,12.26542],[76.65746,12.26538],[76.65742,12.26494],[76.6574,12.26475],[76.65736,12.26445],[76.65734,12.26434],[76.65729,12.26386],[76.65723,12.26342],[76.65722,12.2633],[76.65721,12.2632],[76.65719,12.26307],[76.65715,12.26284],[76.65712,12.26275],[76.65706,12.2625],[76.65697,12.26213],[76.65696,12.2621],[76.65693,12.26195],[76.65681,12.26196],[76.65679,12.26195],[76.65654,12.26187],[76.65645,12.26184],[76.65588,12.26168],[76.65559,12.26159],[76.65524,12.26149],[76.65491,12.2614],[76.65419,12.26119],[76.65407,12.26115],[76.65401,12.26113],[76.65382,12.26107],[76.65363,12.26101],[76.6533,12.2609],[76.65298,12.2608],[76.6526,12.26067],[76.65229,12.26057],[76.65211,12.26051],[76.65151,12.26031],[76.65147,12.2603],[76.65134,12.26025],[76.65072,12.26005],[76.65053,12.25998],[76.64996,12.2598],[76.64988,12.25977],[76.64943,12.25962],[76.64907,12.25951],[76.64904,12.2595],[76.64892,12.25946],[76.64848,12.25932],[76.64806,12.25916],[76.64753,12.25888],[76.64751,12.25887],[76.6473,12.25878],[76.64698,12.25858],[76.64671,12.25838],[76.64661,12.25829],[76.64635,12.25804],[76.64626,12.25796],[76.64611,12.25783],[76.64599,12.25772],[76.64572,12.25747],[76.64546,12.25722],[76.64519,12.257],[76.64486,12.25675],[76.64469,12.25664],[76.64462,12.25659],[76.64446,12.25648],[76.64433,12.2564],[76.6439,12.25612],[76.64347,12.25584],[76.6434,12.25579],[76.6428,12.25541],[76.64229,12.25507],[76.64208,12.25494],[76.64194,12.25485],[76.64139,12.25449],[76.64106,12.25429],[76.64101,12.25428],[76.64084,12.25422],[76.64057,12.25414],[76.64053,12.25413],[76.64013,12.25408],[76.63951,12.25401],[76.63902,12.25396],[76.63866,12.25391],[76.63832,12.25386],[76.63818,12.25384],[76.63805,12.25382],[76.63773,12.25378],[76.63769,12.25377],[76.63739,12.25374],[76.63551,12.25347],[76.63491,12.25339],[76.63437,12.2533],[76.63427,12.25329],[76.63402,12.25325],[76.63399,12.25325],[76.63388,12.25323],[76.6338,12.25322],[76.63378,12.25331],[76.63346,12.25468],[76.63346,12.2547],[76.63346,12.25474],[76.63347,12.25484],[76.63353,12.25573],[76.63354,12.25581],[76.63354,12.25591],[76.63363,12.25708],[76.63363,12.25716],[76.63363,12.25717],[76.63364,12.25728],[76.63364,12.25731],[76.6338,12.25805],[76.63388,12.25865],[76.63389,12.25875],[76.63396,12.2597],[76.63406,12.26052],[76.6341,12.26089],[76.63412,12.26113],[76.63422,12.26203],[76.63426,12.26254],[76.63427,12.26262],[76.63431,12.26309],[76.63436,12.26336],[76.6344,12.26355],[76.63441,12.26371],[76.63445,12.26442],[76.63446,12.26452],[76.63448,12.26469],[76.63448,12.26474],[76.63462,12.26603],[76.63467,12.26619],[76.63451,12.26618],[76.63424,12.26573],[76.63396,12.26578],[76.63393,12.2658],[76.63381,12.26583],[76.63299,12.26536],[76.63287,12.26529],[76.63287,12.26515],[76.63274,12.26525],[76.6326,12.26526],[76.63248,12.2652],[76.63246,12.26519],[76.63218,12.26502],[76.63217,12.26502],[76.632,12.26494],[76.63195,12.26491],[76.63182,12.26485],[76.63123,12.2646],[76.6312,12.26459],[76.63112,12.26456],[76.63102,12.26452],[76.63082,12.26444],[76.62992,12.26408],[76.62991,12.26408],[76.62974,12.26401],[76.62967,12.26399],[76.62927,12.26385],[76.62906,12.26385],[76.62901,12.26391],[76.62897,12.26392],[76.6281,12.2642],[76.62746,12.26434],[76.62694,12.26441],[76.62684,12.26412],[76.62671,12.26412],[76.62627,12.26348],[76.62618,12.26334],[76.62539,12.26222],[76.62525,12.26204],[76.62516,12.26192],[76.62513,12.26188],[76.62509,12.26183],[76.62459,12.2612],[76.62432,12.26089],[76.62408,12.26047],[76.62398,12.26029],[76.62346,12.25937],[76.62297,12.25851],[76.62291,12.2584],[76.62268,12.25798],[76.62258,12.2578],[76.62248,12.25763],[76.6219,12.25662],[76.62188,12.25659],[76.62182,12.25648],[76.62178,12.25642],[76.62136,12.25565],[76.62111,12.2563],[76.62089,12.25678],[76.62088,12.25681],[76.62079,12.257],[76.62068,12.25742],[76.62063,12.25752],[76.62034,12.25839],[76.62028,12.2586],[76.62024,12.25872],[76.6201,12.25913],[76.62,12.25936],[76.61999,12.25938],[76.61996,12.25945],[76.6199,12.25943],[76.61989,12.25945],[76.61976,12.25963],[76.61964,12.25995],[76.61963,12.25996],[76.61953,12.26026],[76.61952,12.26029],[76.61951,12.26042],[76.61948,12.2606],[76.61946,12.26069],[76.61944,12.2608],[76.61937,12.26111],[76.61926,12.26111],[76.61922,12.26122],[76.6192,12.26128],[76.61919,12.26133],[76.61912,12.26159],[76.61909,12.26173],[76.61909,12.26177],[76.61911,12.26207],[76.61911,12.2621],[76.61914,12.26266],[76.61915,12.26276],[76.61915,12.26279],[76.61918,12.26321],[76.61918,12.26344],[76.61918,12.26353],[76.61918,12.2636],[76.61924,12.26414],[76.61927,12.2644],[76.61928,12.26444],[76.61928,12.26449],[76.61929,12.26467],[76.61932,12.26514],[76.61934,12.26548],[76.61935,12.26566],[76.61932,12.26567],[76.61865,12.26576],[76.61876,12.26634],[76.61884,12.26687],[76.61885,12.26693],[76.61886,12.26704],[76.61886,12.26707],[76.6189,12.26743],[76.61889,12.2676],[76.61888,12.26812],[76.61888,12.26835],[76.61888,12.26838],[76.61888,12.26865],[76.61883,12.26919],[76.61905,12.26988],[76.61906,12.26992],[76.61905,12.26993],[76.61891,12.26998],[76.61851,12.27012],[76.61844,12.27015],[76.61833,12.2702],[76.61829,12.27022],[76.61825,12.27023],[76.61817,12.27028],[76.61805,12.27038],[76.61812,12.27045],[76.61838,12.27072],[76.6184,12.27073],[76.61869,12.27104],[76.61793,12.27125],[76.61783,12.27128],[76.61719,12.27145],[76.6175,12.2718],[76.61787,12.27222],[76.61814,12.27246],[76.61821,12.27253],[76.61827,12.27259],[76.61831,12.27262],[76.61863,12.27296],[76.61915,12.27358],[76.61919,12.27363],[76.61915,12.27365],[76.61911,12.27365],[76.61905,12.27366],[76.61813,12.27371],[76.61803,12.27372],[76.61802,12.27399],[76.61802,12.27436],[76.61799,12.27453],[76.61798,12.27456],[76.61794,12.27456],[76.6173,12.27447],[76.61655,12.27441],[76.6165,12.27441],[76.61642,12.2744],[76.61629,12.2744],[76.61627,12.27439],[76.61623,12.27439],[76.61586,12.2745],[76.61466,12.27451],[76.61456,12.27451],[76.61393,12.27451],[76.61311,12.27436],[76.61292,12.27432],[76.61144,12.27404],[76.61134,12.27402],[76.61109,12.27397],[76.61114,12.27381],[76.61011,12.27366],[76.60903,12.27364],[76.60852,12.27363],[76.60847,12.27365],[76.60791,12.27384],[76.60706,12.27379],[76.60651,12.2738],[76.60592,12.27385],[76.60585,12.27386],[76.60533,12.2739],[76.60532,12.27394],[76.60527,12.27405],[76.6052,12.27406],[76.60503,12.27409],[76.60482,12.27413],[76.60424,12.27422],[76.60424,12.27425],[76.60424,12.27442],[76.6042,12.27443],[76.6041,12.27445],[76.60403,12.2745],[76.60382,12.27452],[76.60382,12.27455],[76.60374,12.27488],[76.60424,12.27494],[76.60414,12.27537],[76.60412,12.27544],[76.60411,12.2755],[76.6041,12.27547],[76.60342,12.27547],[76.60341,12.27547],[76.60339,12.27547],[76.60286,12.27542],[76.60237,12.27538],[76.60147,12.27543],[76.60144,12.27543],[76.60084,12.27547],[76.60061,12.27549],[76.60064,12.27593],[76.60052,12.27594],[76.60055,12.2765],[76.60058,12.27707],[76.60059,12.27722],[76.60061,12.27772],[76.60062,12.27803],[76.60058,12.27928],[76.60058,12.27945],[76.60057,12.27972],[76.60057,12.27994],[76.60055,12.28078],[76.60054,12.28116],[76.60037,12.28186],[76.60034,12.28199],[76.60009,12.28299],[76.59981,12.28412],[76.59979,12.28421],[76.59976,12.28432],[76.59973,12.28442],[76.5997,12.28455],[76.59913,12.28443],[76.59844,12.28441],[76.59841,12.28451],[76.59842,12.28465],[76.59842,12.28467],[76.59842,12.28474]]],[[[76.70441,12.30166],[76.70443,12.30158],[76.7045,12.30126],[76.70463,12.30068],[76.70465,12.3006],[76.70466,12.30054],[76.7047,12.30032],[76.70496,12.29903],[76.70503,12.29865],[76.70508,12.29846],[76.70517,12.29806],[76.70523,12.29778],[76.70527,12.29764],[76.70536,12.29724],[76.70537,12.29716],[76.70537,12.29715],[76.70538,12.29697],[76.70542,12.29646],[76.70543,12.29636],[76.70557,12.29484],[76.7056,12.29435],[76.70563,12.29394],[76.70565,12.29358],[76.70495,12.2944],[76.70473,12.29469],[76.70465,12.29503],[76.7041,12.29533],[76.70396,12.29559],[76.70385,12.29599],[76.70365,12.29638],[76.70356,12.2966],[76.703,12.29709],[76.70299,12.29716],[76.70294,12.29737],[76.7028,12.29759],[76.70259,12.29793],[76.70257,12.298],[76.70253,12.29845],[76.70246,12.29861],[76.70245,12.29865],[76.70243,12.29881],[76.70241,12.29896],[76.70205,12.29923],[76.70195,12.29928],[76.70192,12.2993],[76.7016,12.29947],[76.70154,12.29948],[76.7013,12.29972],[76.7012,12.29975],[76.70178,12.30009],[76.70354,12.30119],[76.70432,12.30168],[76.7044,12.30171],[76.70441,12.30166]]],[[[76.70049,12.29829],[76.70052,12.29796],[76.70052,12.29794],[76.70055,12.29762],[76.70055,12.29759],[76.70019,12.2978],[76.69944,12.29824],[76.69878,12.29862],[76.70012,12.29913],[76.70049,12.29934],[76.70049,12.29829]]]]},"properties":{"name":"Mysuru","townType":"CC","level":"town","shedId":"C05CAM22"}},{"type":"Feature","geometry":{"type":"MultiPolygon","coordinates":[[[[76.66807,12.1506],[76.66815,12.15048],[76.66819,12.15048],[76.66789,12.14844],[76.66787,12.14831],[76.66787,12.14829],[76.66787,12.14829],[76.66788,12.14826],[76.66793,12.14773],[76.66792,12.14725],[76.6679,12.14631],[76.6679,12.14627],[76.66785,12.14526],[76.6678,12.1445],[76.6678,12.14447],[76.6678,12.14442],[76.66779,12.14437],[76.66779,12.14432],[76.66783,12.14389],[76.66785,12.14378],[76.66791,12.14314],[76.66792,12.14295],[76.66797,12.14248],[76.66798,12.14232],[76.66794,12.14211],[76.66794,12.14161],[76.66794,12.14156],[76.66796,12.14137],[76.66803,12.14062],[76.66802,12.1406],[76.668,12.1403],[76.66799,12.14011],[76.66797,12.1392],[76.66798,12.13914],[76.66807,12.13879],[76.66809,12.13868],[76.66813,12.13772],[76.66823,12.13773],[76.66961,12.13794],[76.66958,12.13803],[76.6701,12.13838],[76.67031,12.13854],[76.67041,12.13861],[76.67049,12.13866],[76.67092,12.13891],[76.67105,12.13897],[76.67108,12.13898],[76.6712,12.13903],[76.67114,12.13912],[76.67169,12.13927],[76.67173,12.13929],[76.6722,12.13941],[76.67284,12.1396],[76.67287,12.13956],[76.67291,12.13949],[76.67295,12.13942],[76.67297,12.13939],[76.6731,12.13919],[76.6731,12.13919],[76.6732,12.13925],[76.67329,12.13933],[76.67343,12.1394],[76.67354,12.13946],[76.67356,12.13948],[76.67394,12.13968],[76.67396,12.13969],[76.67417,12.13981],[76.67447,12.14],[76.67458,12.14008],[76.67488,12.14029],[76.67491,12.14031],[76.67544,12.14069],[76.67564,12.14078],[76.67564,12.14078],[76.67571,12.14081],[76.67572,12.14081],[76.67598,12.14039],[76.67602,12.1403],[76.67624,12.13985],[76.67626,12.1398],[76.67642,12.13947],[76.67656,12.1389],[76.67662,12.13867],[76.67685,12.13773],[76.67743,12.13671],[76.67749,12.13659],[76.67754,12.13652],[76.67827,12.13521],[76.67866,12.13452],[76.67928,12.13393],[76.67978,12.13346],[76.6799,12.13335],[76.68113,12.13218],[76.68178,12.1316],[76.6823,12.13113],[76.68406,12.12958],[76.68431,12.12935],[76.68431,12.12935],[76.68456,12.12913],[76.68808,12.12732],[76.68838,12.12716],[76.68853,12.12703],[76.6895,12.12613],[76.68955,12.12609],[76.6899,12.12577],[76.6906,12.12511],[76.69094,12.1248],[76.69144,12.12434],[76.69161,12.12419],[76.69194,12.12388],[76.6925,12.12362],[76.69364,12.12311],[76.69381,12.12304],[76.69653,12.12182],[76.69838,12.12157],[76.69847,12.12156],[76.69848,12.12156],[76.69865,12.12161],[76.69876,12.12165],[76.69998,12.12202],[76.70024,12.1221],[76.70025,12.1221],[76.70033,12.12212],[76.70033,12.12211],[76.70036,12.12205],[76.70056,12.12157],[76.70064,12.12134],[76.70075,12.12088],[76.7008,12.12069],[76.70081,12.12066],[76.70083,12.12035],[76.70086,12.1201],[76.70087,12.11999],[76.70088,12.11996],[76.70082,12.11994],[76.70085,12.11989],[76.70098,12.11965],[76.70101,12.1196],[76.70103,12.11957],[76.70105,12.11942],[76.70106,12.11929],[76.70108,12.1192],[76.70117,12.11864],[76.70117,12.11862],[76.70118,12.11854],[76.70123,12.11821],[76.70123,12.11817],[76.70121,12.11817],[76.70086,12.11818],[76.70035,12.11823],[76.7002,12.11828],[76.70001,12.11835],[76.69999,12.11836],[76.69996,12.11837],[76.6999,12.11839],[76.69986,12.1184],[76.69985,12.11838],[76.69984,12.11834],[76.69972,12.11804],[76.69959,12.11768],[76.69954,12.11761],[76.69946,12.11759],[76.69943,12.11758],[76.69937,12.11751],[76.69923,12.11732],[76.69918,12.11724],[76.69914,12.11711],[76.69907,12.11689],[76.69905,12.11683],[76.69903,12.11677],[76.69905,12.11645],[76.69905,12.1164],[76.69906,12.11631],[76.69928,12.11627],[76.69936,12.11598],[76.69936,12.11571],[76.69934,12.11562],[76.69929,12.11547],[76.69936,12.11527],[76.69942,12.11507],[76.69931,12.11439],[76.69929,12.11421],[76.69928,12.11416],[76.6992,12.11357],[76.69955,12.11321],[76.69963,12.11317],[76.69961,12.11284],[76.6996,12.1126],[76.69924,12.11229],[76.69944,12.11208],[76.69991,12.11185],[76.69939,12.11186],[76.69932,12.11195],[76.69899,12.11192],[76.69886,12.11189],[76.69831,12.11176],[76.69777,12.11173],[76.69752,12.11126],[76.69737,12.11127],[76.6972,12.11113],[76.69682,12.11087],[76.69708,12.11078],[76.69716,12.11043],[76.69724,12.11042],[76.6974,12.11033],[76.69751,12.11026],[76.69756,12.11011],[76.69728,12.10984],[76.69662,12.10995],[76.69548,12.10998],[76.69468,12.11004],[76.69449,12.11005],[76.69407,12.11007],[76.6936,12.11008],[76.69309,12.11005],[76.69296,12.11004],[76.69252,12.10964],[76.6924,12.1095],[76.69227,12.10933],[76.69214,12.10904],[76.69202,12.10911],[76.69193,12.10904],[76.69141,12.10852],[76.69136,12.10848],[76.69112,12.10827],[76.69104,12.10819],[76.69045,12.10769],[76.69033,12.10759],[76.69022,12.1075],[76.69014,12.10742],[76.68961,12.10703],[76.68956,12.10697],[76.68949,12.10689],[76.6883,12.10599],[76.6882,12.10591],[76.68748,12.10532],[76.68718,12.10509],[76.68702,12.10497],[76.68667,12.10471],[76.68624,12.10468],[76.68556,12.10465],[76.68541,12.10464],[76.68533,12.10464],[76.68477,12.1047],[76.68469,12.10471],[76.68464,12.10472],[76.68418,12.10468],[76.68396,12.10467],[76.68378,12.10485],[76.68331,12.10494],[76.68261,12.10503],[76.68171,12.10516],[76.68167,12.10516],[76.68107,12.10525],[76.6805,12.10542],[76.68025,12.10553],[76.68008,12.10561],[76.67975,12.10572],[76.67955,12.10595],[76.67882,12.10599],[76.67852,12.10601],[76.6784,12.10606],[76.67821,12.10605],[76.67809,12.10605],[76.67797,12.10606],[76.67788,12.10606],[76.67761,12.1061],[76.67755,12.10587],[76.67745,12.10552],[76.67745,12.10549],[76.67744,12.10536],[76.67738,12.10536],[76.67729,12.10532],[76.6771,12.10522],[76.67696,12.10514],[76.67687,12.10508],[76.67672,12.10499],[76.67668,12.1049],[76.6766,12.1047],[76.67649,12.1045],[76.6758,12.10404],[76.67572,12.10399],[76.67564,12.10393],[76.67518,12.10362],[76.67518,12.10356],[76.67518,12.10351],[76.67453,12.10316],[76.67428,12.10303],[76.67379,12.10316],[76.67376,12.10287],[76.67373,12.10264],[76.67366,12.10265],[76.67321,12.10268],[76.6732,12.10259],[76.67318,12.1025],[76.67312,12.10209],[76.67311,12.10205],[76.6731,12.10194],[76.67309,12.10194],[76.6724,12.10185],[76.67238,12.10185],[76.67161,12.10175],[76.6716,12.10175],[76.67151,12.10168],[76.67137,12.10163],[76.67132,12.10177],[76.6712,12.10204],[76.67065,12.10172],[76.67047,12.10172],[76.6704,12.10222],[76.67027,12.10236],[76.67025,12.10266],[76.67018,12.10278],[76.67019,12.10317],[76.67021,12.10426],[76.66957,12.10425],[76.669,12.10424],[76.66897,12.10424],[76.66877,12.10425],[76.66874,12.10434],[76.66873,12.10551],[76.66877,12.10631],[76.66842,12.10633],[76.66809,12.10632],[76.66726,12.1063],[76.66696,12.1063],[76.66595,12.1062],[76.66575,12.10611],[76.66565,12.10615],[76.66543,12.10625],[76.66516,12.10628],[76.66486,12.10632],[76.66435,12.10636],[76.66419,12.10637],[76.6624,12.10668],[76.66158,12.10676],[76.66163,12.10791],[76.66167,12.10884],[76.66088,12.10888],[76.66087,12.10921],[76.65962,12.1092],[76.65886,12.10916],[76.65883,12.10916],[76.65887,12.10984],[76.6589,12.11026],[76.6592,12.11031],[76.65945,12.11033],[76.6596,12.11035],[76.6596,12.11037],[76.65967,12.11092],[76.65966,12.11097],[76.65966,12.11099],[76.65968,12.11099],[76.65977,12.111],[76.65977,12.11108],[76.66005,12.11109],[76.66086,12.11105],[76.66093,12.11104],[76.66098,12.1118],[76.66101,12.11247],[76.66114,12.11248],[76.6618,12.11249],[76.66182,12.11254],[76.66182,12.11298],[76.66241,12.11308],[76.66248,12.11308],[76.66264,12.11309],[76.66276,12.11312],[76.66285,12.11358],[76.6629,12.1139],[76.66296,12.11414],[76.66299,12.11442],[76.66304,12.11493],[76.66305,12.11498],[76.66307,12.11505],[76.66308,12.11508],[76.66311,12.11527],[76.66315,12.11547],[76.6633,12.11605],[76.66332,12.11611],[76.66337,12.11631],[76.66338,12.11637],[76.66339,12.1164],[76.66344,12.11661],[76.66358,12.11731],[76.66372,12.11784],[76.66371,12.1181],[76.66371,12.11812],[76.6637,12.11816],[76.66372,12.11848],[76.66372,12.11856],[76.66373,12.11866],[76.66375,12.11914],[76.66375,12.11918],[76.66377,12.11982],[76.66377,12.11995],[76.66377,12.12001],[76.66378,12.12017],[76.66378,12.12047],[76.66378,12.12067],[76.66378,12.12076],[76.66378,12.12104],[76.66378,12.12107],[76.66378,12.12155],[76.66378,12.12163],[76.66378,12.12198],[76.66378,12.12206],[76.66379,12.12211],[76.66379,12.12213],[76.66386,12.12246],[76.66386,12.12248],[76.66385,12.12253],[76.66384,12.12272],[76.66382,12.12287],[76.66379,12.12329],[76.66374,12.12379],[76.65999,12.12293],[76.65994,12.12328],[76.65989,12.12399],[76.65983,12.12487],[76.65971,12.125],[76.65947,12.12531],[76.65948,12.12542],[76.65943,12.12568],[76.65939,12.12597],[76.65933,12.12648],[76.65953,12.12707],[76.65986,12.12787],[76.65968,12.12789],[76.65965,12.1279],[76.65965,12.12785],[76.65965,12.12778],[76.6596,12.12779],[76.65959,12.12778],[76.65839,12.12787],[76.65821,12.12788],[76.65814,12.12787],[76.65788,12.12792],[76.65752,12.12783],[76.65704,12.12781],[76.65646,12.12812],[76.65634,12.12811],[76.65537,12.12808],[76.65469,12.12805],[76.65422,12.12814],[76.65418,12.12814],[76.65387,12.1282],[76.65386,12.1282],[76.65381,12.12821],[76.65376,12.12822],[76.65376,12.12822],[76.65382,12.12827],[76.65389,12.12832],[76.65395,12.12837],[76.65395,12.12839],[76.65394,12.12843],[76.65371,12.12924],[76.65357,12.12926],[76.65316,12.13029],[76.65315,12.13038],[76.65282,12.13103],[76.65274,12.1312],[76.65247,12.13169],[76.65224,12.13211],[76.65208,12.13253],[76.65182,12.13311],[76.65162,12.13392],[76.65153,12.1347],[76.65146,12.13547],[76.65164,12.13646],[76.65174,12.13664],[76.65176,12.13675],[76.65192,12.13815],[76.65195,12.13846],[76.65211,12.13939],[76.65227,12.14],[76.65243,12.14033],[76.65263,12.14046],[76.65265,12.14047],[76.65274,12.14084],[76.65309,12.14108],[76.65343,12.14133],[76.65378,12.14206],[76.65407,12.14265],[76.6543,12.14315],[76.65432,12.14345],[76.65435,12.14365],[76.65437,12.14409],[76.65446,12.14435],[76.65451,12.14447],[76.65484,12.14491],[76.65559,12.14648],[76.65596,12.14711],[76.65658,12.14775],[76.65663,12.14791],[76.65722,12.14831],[76.65743,12.14857],[76.65797,12.14926],[76.65807,12.14931],[76.65834,12.14945],[76.65865,12.14937],[76.65885,12.14917],[76.65942,12.14855],[76.65988,12.14849],[76.6601,12.14851],[76.66029,12.14869],[76.6606,12.14902],[76.66107,12.14973],[76.66116,12.1501],[76.66159,12.15028],[76.66199,12.15046],[76.66245,12.15039],[76.66333,12.15025],[76.66397,12.14993],[76.66444,12.14985],[76.66465,12.15001],[76.66493,12.15042],[76.66493,12.15042],[76.66517,12.15079],[76.66533,12.15084],[76.666,12.15064],[76.66659,12.15021],[76.66683,12.15049],[76.66714,12.15086],[76.66742,12.15102],[76.6677,12.15095],[76.66807,12.1506]]]]},"properties":{"name":"Nanjanagud","townType":"CMC","level":"town","shedId":"C05CAM21"}},{"type":"Feature","geometry":{"type":"MultiPolygon","coordinates":[[[[76.38791,12.01196],[76.38828,12.01178],[76.38834,12.0118],[76.38862,12.01186],[76.38865,12.01187],[76.38929,12.01058],[76.38934,12.01049],[76.38945,12.01053],[76.39003,12.01064],[76.3905,12.01072],[76.39075,12.01072],[76.39121,12.01071],[76.39147,12.01071],[76.39159,12.01071],[76.39184,12.01071],[76.39185,12.01071],[76.39212,12.0107],[76.39213,12.0107],[76.39225,12.01083],[76.39226,12.01083],[76.39247,12.01086],[76.39264,12.01086],[76.39272,12.01086],[76.39273,12.01086],[76.39284,12.01086],[76.39288,12.01086],[76.39369,12.01084],[76.39373,12.01063],[76.39373,12.01062],[76.39377,12.01038],[76.39377,12.01037],[76.39378,12.01028],[76.39378,12.01028],[76.39379,12.01027],[76.3939,12.01028],[76.3939,12.01028],[76.39398,12.01027],[76.39401,12.01027],[76.39401,12.01027],[76.39408,12.01029],[76.39414,12.0103],[76.39415,12.0103],[76.39433,12.01033],[76.39433,12.01033],[76.39433,12.01033],[76.39481,12.01042],[76.39488,12.01041],[76.39489,12.0104],[76.39538,12.01033],[76.39541,12.01078],[76.39612,12.01099],[76.39689,12.01121],[76.39689,12.01118],[76.39698,12.01081],[76.39699,12.01073],[76.39709,12.01028],[76.39713,12.01009],[76.39724,12.00956],[76.39737,12.00915],[76.39738,12.00912],[76.3974,12.00907],[76.39743,12.00895],[76.39754,12.00863],[76.39758,12.00851],[76.39771,12.0081],[76.39808,12.00653],[76.39834,12.00584],[76.39836,12.00579],[76.39848,12.00546],[76.39893,12.00471],[76.39895,12.00467],[76.39896,12.00465],[76.39897,12.00463],[76.39901,12.00457],[76.39912,12.00448],[76.39937,12.0043],[76.39942,12.00427],[76.39961,12.00416],[76.39968,12.00412],[76.39982,12.00404],[76.39984,12.00403],[76.39998,12.00395],[76.4,12.00393],[76.40055,12.00335],[76.40057,12.00331],[76.40067,12.00316],[76.40083,12.00291],[76.40084,12.0029],[76.40089,12.00284],[76.40091,12.00284],[76.40125,12.00279],[76.40128,12.00278],[76.40175,12.0025],[76.40177,12.00248],[76.40193,12.00239],[76.402,12.00236],[76.40262,12.00207],[76.40263,12.00207],[76.4028,12.00199],[76.40283,12.00197],[76.40303,12.00188],[76.40373,12.00157],[76.40345,12.00093],[76.40343,12.00088],[76.40322,12.0004],[76.40316,12.00027],[76.40316,12.00027],[76.40281,12.00037],[76.40281,12.00037],[76.40277,12.00037],[76.40241,12.00028],[76.40232,12.00025],[76.40213,12.0002],[76.40213,12.0002],[76.40209,12.00019],[76.40225,12.00012],[76.40248,11.99998],[76.40254,11.99987],[76.40255,11.99985],[76.40256,11.99983],[76.40254,11.99968],[76.40254,11.9996],[76.4025,11.99917],[76.4025,11.99909],[76.40249,11.99898],[76.40247,11.99871],[76.40243,11.99809],[76.40244,11.99809],[76.40244,11.99809],[76.40252,11.9981],[76.40293,11.99816],[76.40295,11.99816],[76.40298,11.99817],[76.40298,11.99817],[76.40298,11.99813],[76.403,11.99805],[76.40301,11.998],[76.40313,11.99749],[76.40313,11.99747],[76.40315,11.99654],[76.40315,11.99649],[76.40315,11.99633],[76.40316,11.99599],[76.40308,11.99591],[76.40296,11.99579],[76.40284,11.99566],[76.40273,11.99555],[76.4025,11.9954],[76.40237,11.99534],[76.40226,11.99533],[76.40214,11.99545],[76.39954,11.99431],[76.39931,11.99421],[76.39859,11.99394],[76.39858,11.99393],[76.39822,11.9938],[76.39837,11.99372],[76.39838,11.99371],[76.39834,11.99361],[76.39833,11.99359],[76.39832,11.99358],[76.39832,11.99358],[76.39834,11.99352],[76.39836,11.99347],[76.39843,11.99328],[76.39844,11.99325],[76.39843,11.99323],[76.39836,11.9931],[76.39824,11.99306],[76.39819,11.99305],[76.39805,11.99301],[76.39804,11.993],[76.39803,11.993],[76.39805,11.99291],[76.39787,11.99266],[76.39783,11.99261],[76.39776,11.99252],[76.39774,11.99248],[76.39747,11.99212],[76.39742,11.99206],[76.39741,11.99204],[76.3974,11.99202],[76.39697,11.99149],[76.39657,11.99124],[76.39638,11.99111],[76.39639,11.99071],[76.3966,11.99071],[76.39738,11.99064],[76.39739,11.99064],[76.39755,11.99063],[76.39779,11.99061],[76.39779,11.9906],[76.39781,11.9903],[76.39781,11.99028],[76.39786,11.98964],[76.39787,11.98957],[76.39789,11.9892],[76.3979,11.98916],[76.39792,11.98885],[76.39794,11.98873],[76.39799,11.98837],[76.398,11.98831],[76.39815,11.98742],[76.39816,11.98688],[76.39816,11.98681],[76.39816,11.98652],[76.39816,11.98643],[76.39802,11.98584],[76.39763,11.98584],[76.39725,11.98582],[76.39623,11.98577],[76.39615,11.98576],[76.39609,11.98577],[76.39523,11.98581],[76.39521,11.98581],[76.39521,11.98582],[76.39521,11.98583],[76.39521,11.98585],[76.39521,11.98594],[76.39521,11.98594],[76.39492,11.98585],[76.3949,11.98585],[76.39489,11.98584],[76.39482,11.98582],[76.3948,11.98582],[76.39475,11.98582],[76.39473,11.98583],[76.39461,11.98584],[76.39444,11.98587],[76.39443,11.98587],[76.39435,11.98676],[76.39433,11.98676],[76.3943,11.98675],[76.39423,11.98674],[76.39421,11.98673],[76.39417,11.98672],[76.39403,11.98669],[76.39389,11.98666],[76.39386,11.98665],[76.39349,11.98655],[76.39316,11.98653],[76.39315,11.98667],[76.39313,11.98704],[76.39309,11.98817],[76.39307,11.98829],[76.39301,11.98883],[76.39297,11.98918],[76.39292,11.98982],[76.39289,11.99013],[76.39289,11.99015],[76.39288,11.99029],[76.39287,11.99035],[76.39287,11.9904],[76.39283,11.99037],[76.39271,11.99029],[76.39263,11.9903],[76.39244,11.99032],[76.39234,11.99033],[76.39234,11.99034],[76.3923,11.99034],[76.39224,11.99056],[76.39217,11.99077],[76.39205,11.99137],[76.39202,11.99152],[76.39192,11.99184],[76.39191,11.99189],[76.3919,11.99191],[76.39185,11.99207],[76.39159,11.99276],[76.39155,11.99286],[76.39144,11.99317],[76.39143,11.99319],[76.39139,11.9935],[76.39139,11.99353],[76.39136,11.99372],[76.39127,11.99405],[76.39127,11.99406],[76.39125,11.9941],[76.39124,11.99413],[76.39126,11.99414],[76.3916,11.99438],[76.39175,11.99448],[76.39179,11.99451],[76.39217,11.99477],[76.3922,11.99481],[76.39221,11.99482],[76.39235,11.99499],[76.39236,11.99499],[76.39288,11.99562],[76.39291,11.99565],[76.39313,11.9959],[76.39313,11.99591],[76.39318,11.99614],[76.39319,11.99617],[76.39327,11.99652],[76.39333,11.99676],[76.39334,11.99681],[76.39335,11.99685],[76.39337,11.99693],[76.39337,11.99695],[76.39342,11.99714],[76.39342,11.99716],[76.39345,11.99726],[76.39347,11.99736],[76.39357,11.99777],[76.39351,11.99782],[76.3935,11.99783],[76.39337,11.99794],[76.39321,11.99808],[76.39319,11.99809],[76.39283,11.99827],[76.39277,11.9983],[76.39245,11.99846],[76.39234,11.99851],[76.39231,11.99853],[76.39148,11.99893],[76.39144,11.99896],[76.39143,11.99896],[76.39139,11.99898],[76.39157,11.99964],[76.39158,11.99967],[76.39173,12.00004],[76.39177,12.00057],[76.39176,12.00067],[76.39176,12.0007],[76.39172,12.00128],[76.39184,12.0016],[76.39184,12.00162],[76.3919,12.00179],[76.39192,12.00184],[76.3919,12.00216],[76.3919,12.0022],[76.39189,12.00227],[76.39185,12.00287],[76.39184,12.00287],[76.39159,12.00281],[76.39124,12.00274],[76.39114,12.00272],[76.39108,12.00271],[76.39043,12.00258],[76.39038,12.00257],[76.39012,12.00259],[76.39013,12.00247],[76.38959,12.00236],[76.3892,12.00283],[76.38917,12.00287],[76.38906,12.003],[76.38893,12.00329],[76.38892,12.00354],[76.3886,12.00361],[76.3886,12.00368],[76.38864,12.00391],[76.38864,12.00391],[76.38864,12.00396],[76.38866,12.00402],[76.38835,12.00421],[76.38807,12.00444],[76.3877,12.00478],[76.38763,12.00494],[76.38754,12.00564],[76.38737,12.00629],[76.38731,12.00627],[76.38728,12.00626],[76.38716,12.00663],[76.38714,12.00668],[76.38696,12.00667],[76.3868,12.00666],[76.38669,12.00665],[76.38596,12.00674],[76.38589,12.00675],[76.38589,12.00675],[76.3858,12.00678],[76.38585,12.00699],[76.386,12.00775],[76.38605,12.00788],[76.3861,12.00811],[76.38611,12.00814],[76.38611,12.00816],[76.38609,12.00821],[76.38596,12.0083],[76.38589,12.00834],[76.38565,12.00837],[76.38533,12.00836],[76.38527,12.00836],[76.38466,12.00835],[76.38373,12.00831],[76.38372,12.00838],[76.38356,12.00978],[76.38355,12.00988],[76.38354,12.00993],[76.38354,12.00998],[76.38351,12.0102],[76.38348,12.01046],[76.38346,12.01064],[76.38346,12.01069],[76.38341,12.01111],[76.38337,12.0113],[76.38338,12.01132],[76.38351,12.01166],[76.38395,12.01168],[76.38422,12.01167],[76.38424,12.01168],[76.38461,12.01176],[76.38463,12.01176],[76.38469,12.01177],[76.38508,12.01178],[76.38514,12.01179],[76.38515,12.01179],[76.38555,12.01181],[76.38556,12.01181],[76.38558,12.01181],[76.38579,12.01183],[76.38585,12.01183],[76.38587,12.01183],[76.38593,12.01183],[76.38595,12.01187],[76.38595,12.01188],[76.38597,12.01191],[76.38597,12.01191],[76.3865,12.01197],[76.38651,12.01197],[76.38655,12.01197],[76.38668,12.01199],[76.38669,12.01199],[76.38711,12.012],[76.38723,12.01201],[76.38725,12.01201],[76.38753,12.01202],[76.38785,12.01197],[76.38787,12.01196],[76.38791,12.01196]]]]},"properties":{"name":"Sargur","townType":"TP","level":"town","shedId":"C05CAM17"}},{"type":"Feature","geometry":{"type":"Polygon","coordinates":[[[76.88205,12.19775],[76.88155,12.19783],[76.88129,12.19793],[76.88122,12.19795],[76.88114,12.19797],[76.8806,12.19731],[76.88054,12.19724],[76.88014,12.19671],[76.88007,12.19662],[76.87988,12.1964],[76.87954,12.19603],[76.87917,12.19557],[76.879,12.19536],[76.87882,12.19504],[76.87877,12.19496],[76.87874,12.19494],[76.87849,12.19467],[76.87823,12.1944],[76.8779,12.1941],[76.87761,12.19389],[76.87747,12.19378],[76.87676,12.19311],[76.87654,12.19291],[76.87651,12.19286],[76.87597,12.19208],[76.87589,12.19199],[76.8753,12.19131],[76.87523,12.19124],[76.87462,12.19059],[76.87448,12.19044],[76.87408,12.19001],[76.87383,12.18971],[76.87367,12.18952],[76.87355,12.18933],[76.87349,12.18928],[76.87344,12.18924],[76.87298,12.18884],[76.87288,12.18875],[76.87272,12.18867],[76.87242,12.18828],[76.87221,12.18815],[76.872,12.18802],[76.87194,12.18793],[76.87182,12.18774],[76.87174,12.18761],[76.87164,12.18748],[76.87132,12.18708],[76.87127,12.18717],[76.87123,12.1873],[76.87122,12.18734],[76.8712,12.18739],[76.87119,12.18743],[76.87114,12.18758],[76.87107,12.18794],[76.87106,12.18803],[76.87106,12.18804],[76.87088,12.18807],[76.87074,12.18802],[76.87064,12.18811],[76.87058,12.18816],[76.87056,12.18818],[76.87052,12.18833],[76.8705,12.1887],[76.87046,12.18889],[76.87058,12.18888],[76.87057,12.18895],[76.87056,12.1893],[76.87055,12.18948],[76.87055,12.19008],[76.87055,12.19011],[76.87056,12.19019],[76.87056,12.19025],[76.87056,12.19033],[76.87058,12.19066],[76.87056,12.191],[76.87056,12.19114],[76.87055,12.19132],[76.87052,12.19134],[76.87041,12.19144],[76.87031,12.19149],[76.87024,12.19152],[76.87023,12.19153],[76.8701,12.19165],[76.87007,12.19175],[76.86999,12.19206],[76.86997,12.19213],[76.86985,12.19235],[76.86969,12.19266],[76.86966,12.19275],[76.8696,12.19299],[76.86959,12.19304],[76.86956,12.19331],[76.86947,12.19387],[76.86937,12.19401],[76.86931,12.19415],[76.86926,12.19442],[76.86923,12.19454],[76.86923,12.19455],[76.86912,12.19517],[76.86905,12.19516],[76.86903,12.19521],[76.869,12.19535],[76.86897,12.19578],[76.86897,12.19581],[76.86896,12.19587],[76.86892,12.19585],[76.86873,12.19579],[76.86871,12.19586],[76.86868,12.19599],[76.86868,12.19607],[76.86868,12.1961],[76.86869,12.19621],[76.86861,12.19654],[76.86849,12.19721],[76.86828,12.19789],[76.86828,12.19791],[76.86757,12.19938],[76.86747,12.1996],[76.86774,12.19962],[76.86779,12.19963],[76.86796,12.19965],[76.86787,12.20044],[76.8675,12.20197],[76.86749,12.20202],[76.86746,12.20232],[76.86742,12.20271],[76.86765,12.2035],[76.86784,12.20459],[76.86786,12.20468],[76.86797,12.20504],[76.86814,12.20567],[76.86854,12.20708],[76.86859,12.20726],[76.86869,12.20787],[76.8687,12.20793],[76.86882,12.20843],[76.86897,12.20857],[76.86912,12.20853],[76.86921,12.20851],[76.8696,12.20841],[76.86968,12.20841],[76.86978,12.2084],[76.86985,12.20839],[76.87006,12.20835],[76.87009,12.20835],[76.87116,12.20818],[76.87129,12.20816],[76.87152,12.20812],[76.87163,12.20835],[76.87165,12.20838],[76.87208,12.20835],[76.87279,12.20829],[76.87331,12.20839],[76.87373,12.20846],[76.87431,12.20857],[76.87473,12.2087],[76.87494,12.2087],[76.87494,12.20874],[76.87494,12.20879],[76.8757,12.20881],[76.87572,12.20881],[76.87586,12.20883],[76.87626,12.20881],[76.87659,12.20879],[76.87695,12.20876],[76.87723,12.20885],[76.87779,12.20903],[76.87816,12.20896],[76.87831,12.20893],[76.8783,12.20887],[76.8783,12.20882],[76.87911,12.20885],[76.87977,12.20884],[76.88042,12.20883],[76.88062,12.20883],[76.88063,12.20887],[76.88066,12.20895],[76.88109,12.20913],[76.88186,12.20928],[76.88213,12.20933],[76.88225,12.20933],[76.88232,12.20933],[76.88239,12.20933],[76.88242,12.20933],[76.88244,12.20935],[76.88248,12.20936],[76.88253,12.20939],[76.88259,12.20942],[76.88288,12.20958],[76.8835,12.20975],[76.88353,12.20977],[76.88354,12.20977],[76.88356,12.20977],[76.88372,12.20977],[76.88419,12.20979],[76.88435,12.20979],[76.88459,12.2098],[76.88464,12.20981],[76.88472,12.20985],[76.88487,12.20985],[76.88511,12.20984],[76.88567,12.20983],[76.88592,12.20982],[76.8863,12.2109],[76.88633,12.21096],[76.88636,12.21102],[76.88663,12.21096],[76.88762,12.21073],[76.88778,12.21078],[76.8878,12.21079],[76.88796,12.21084],[76.88798,12.21084],[76.88851,12.21074],[76.88881,12.21068],[76.88885,12.21068],[76.8891,12.21065],[76.88911,12.21065],[76.88912,12.21065],[76.88918,12.21064],[76.88921,12.21075],[76.88936,12.21142],[76.88941,12.21155],[76.88959,12.21168],[76.89019,12.21209],[76.89024,12.21212],[76.89034,12.21215],[76.89037,12.21216],[76.89064,12.21224],[76.89077,12.21228],[76.8913,12.21237],[76.89195,12.21248],[76.89212,12.21254],[76.89219,12.21261],[76.89224,12.21266],[76.89246,12.21289],[76.89248,12.21292],[76.89269,12.2132],[76.89287,12.21338],[76.89324,12.21373],[76.8939,12.21475],[76.8942,12.21537],[76.89419,12.21557],[76.89418,12.2158],[76.89417,12.21587],[76.89417,12.21597],[76.89417,12.21607],[76.89422,12.21618],[76.89426,12.21625],[76.89433,12.21638],[76.89435,12.21699],[76.89425,12.21699],[76.89425,12.21695],[76.89417,12.21696],[76.894,12.21699],[76.89392,12.21698],[76.89389,12.21698],[76.89384,12.21698],[76.89389,12.21724],[76.89397,12.21733],[76.89401,12.21738],[76.89408,12.21746],[76.89426,12.21765],[76.89422,12.21784],[76.8942,12.21808],[76.89412,12.21816],[76.89408,12.2182],[76.89398,12.2183],[76.89397,12.2183],[76.89394,12.21851],[76.89417,12.21943],[76.89423,12.21983],[76.89424,12.21992],[76.89426,12.22005],[76.89452,12.22023],[76.89477,12.22024],[76.89491,12.2204],[76.89498,12.22072],[76.89502,12.22092],[76.89508,12.22122],[76.89521,12.22133],[76.89523,12.22136],[76.89541,12.2217],[76.89544,12.22175],[76.89552,12.22189],[76.89558,12.22214],[76.89561,12.22222],[76.89564,12.22233],[76.89571,12.22261],[76.89587,12.22319],[76.89588,12.22321],[76.8959,12.22327],[76.89592,12.22328],[76.89622,12.22342],[76.89639,12.22349],[76.89675,12.22374],[76.8968,12.22381],[76.8968,12.22386],[76.8968,12.22389],[76.89679,12.22394],[76.89678,12.22409],[76.8971,12.22443],[76.89733,12.22453],[76.89738,12.22455],[76.89749,12.2246],[76.89757,12.22463],[76.89774,12.22469],[76.89803,12.22507],[76.89823,12.22534],[76.89824,12.22543],[76.89817,12.22555],[76.89782,12.22547],[76.89776,12.22561],[76.89792,12.22578],[76.89843,12.22623],[76.89888,12.22671],[76.89883,12.22676],[76.89874,12.22684],[76.89821,12.22733],[76.89634,12.22907],[76.89505,12.2301],[76.89559,12.23099],[76.89569,12.23109],[76.89574,12.23115],[76.89579,12.23123],[76.89595,12.23154],[76.89609,12.23169],[76.89621,12.23177],[76.89628,12.23183],[76.89635,12.23195],[76.8964,12.23204],[76.89643,12.23209],[76.89649,12.23223],[76.89651,12.23229],[76.89662,12.23255],[76.89702,12.23341],[76.89719,12.23372],[76.89723,12.23378],[76.89723,12.23379],[76.89724,12.2338],[76.89725,12.23386],[76.8968,12.23413],[76.89671,12.23419],[76.89673,12.23425],[76.89696,12.23479],[76.89709,12.23486],[76.89715,12.2349],[76.89752,12.23471],[76.89765,12.23464],[76.89786,12.23453],[76.89843,12.23423],[76.89848,12.2342],[76.89854,12.23417],[76.89863,12.23412],[76.89873,12.23406],[76.89908,12.23387],[76.89946,12.23366],[76.8997,12.23352],[76.89994,12.2335],[76.90034,12.23345],[76.9004,12.23342],[76.90044,12.23339],[76.90049,12.23342],[76.90034,12.23363],[76.90033,12.23366],[76.90016,12.23395],[76.89994,12.23432],[76.8999,12.23438],[76.89989,12.2344],[76.89971,12.23466],[76.89966,12.23472],[76.89884,12.23578],[76.89888,12.23581],[76.89909,12.23585],[76.89927,12.23588],[76.89928,12.23588],[76.90185,12.23198],[76.90247,12.23104],[76.90516,12.22709],[76.9065,12.22474],[76.90731,12.22274],[76.90784,12.2215],[76.90809,12.22062],[76.90908,12.21906],[76.90937,12.21814],[76.90928,12.21759],[76.9089,12.21753],[76.89926,12.21634],[76.89839,12.21593],[76.89772,12.2154],[76.89655,12.21413],[76.89498,12.21187],[76.89415,12.21052],[76.89346,12.20891],[76.89294,12.20734],[76.89211,12.20583],[76.89027,12.20371],[76.89011,12.20353],[76.88899,12.20265],[76.88821,12.20192],[76.88559,12.20027],[76.88435,12.19954],[76.88244,12.19768],[76.88205,12.19775]]]},"properties":{"name":"T.Narasipura","townType":"TMC","level":"town","shedId":"C05CAM22"}},{"type":"Feature","geometry":{"type":"MultiPolygon","coordinates":[[[[76.60485,12.31066],[76.60454,12.31067],[76.60453,12.3107],[76.60453,12.3107],[76.6045,12.3107],[76.60445,12.3107],[76.60422,12.3107],[76.60415,12.3107],[76.60382,12.3107],[76.60356,12.3107],[76.60282,12.31069],[76.60263,12.31069],[76.6022,12.3107],[76.60212,12.3107],[76.60127,12.31071],[76.60115,12.31072],[76.60113,12.31072],[76.60109,12.31072],[76.60109,12.31072],[76.60109,12.3107],[76.60109,12.3107],[76.60109,12.31055],[76.60109,12.31009],[76.6011,12.31001],[76.6011,12.30977],[76.60111,12.30941],[76.60112,12.30927],[76.60109,12.3092],[76.60099,12.30892],[76.60095,12.30888],[76.60087,12.30877],[76.60076,12.30864],[76.60062,12.30866],[76.60052,12.30867],[76.60052,12.30866],[76.60047,12.30866],[76.60046,12.3086],[76.60044,12.30851],[76.60043,12.30847],[76.6004,12.30834],[76.6004,12.30834],[76.6004,12.30828],[76.6004,12.30826],[76.6004,12.30809],[76.6004,12.30779],[76.6004,12.30778],[76.60044,12.30776],[76.60045,12.30775],[76.60045,12.30766],[76.60046,12.30761],[76.60046,12.30759],[76.60046,12.30758],[76.60049,12.30757],[76.60061,12.30754],[76.60067,12.30751],[76.6008,12.30748],[76.60099,12.30738],[76.6012,12.30721],[76.60134,12.30706],[76.60137,12.30703],[76.60138,12.30702],[76.60144,12.30695],[76.60155,12.30683],[76.60162,12.30674],[76.60174,12.30658],[76.60182,12.30645],[76.60188,12.30629],[76.60193,12.30604],[76.60195,12.30586],[76.60196,12.30579],[76.60197,12.30567],[76.60198,12.30551],[76.602,12.30518],[76.602,12.30511],[76.60201,12.30488],[76.60201,12.30479],[76.60201,12.30479],[76.60201,12.30475],[76.60201,12.30469],[76.60201,12.30464],[76.60202,12.30429],[76.60202,12.30422],[76.60202,12.30421],[76.60202,12.30418],[76.60202,12.30403],[76.60202,12.30393],[76.60202,12.30368],[76.60204,12.30347],[76.60205,12.30335],[76.60209,12.30304],[76.60211,12.30291],[76.60218,12.30245],[76.60224,12.30219],[76.60228,12.30193],[76.60233,12.30166],[76.60241,12.30123],[76.60244,12.30109],[76.60247,12.30101],[76.60249,12.30096],[76.60252,12.30086],[76.60266,12.30045],[76.60277,12.30015],[76.60287,12.29987],[76.60289,12.29983],[76.60293,12.29966],[76.60293,12.29965],[76.60297,12.29951],[76.603,12.29914],[76.603,12.2991],[76.60304,12.29852],[76.60306,12.29815],[76.60309,12.29796],[76.60311,12.29785],[76.60313,12.29777],[76.60316,12.29763],[76.60325,12.29737],[76.60327,12.29732],[76.60338,12.297],[76.60351,12.29663],[76.60355,12.29651],[76.60382,12.29572],[76.60387,12.29558],[76.60417,12.29471],[76.60431,12.29436],[76.60435,12.29424],[76.60455,12.2937],[76.60459,12.29361],[76.60469,12.29334],[76.6048,12.29302],[76.60504,12.29237],[76.60514,12.2921],[76.60521,12.29192],[76.60531,12.29165],[76.6053,12.29163],[76.6053,12.29161],[76.60528,12.29145],[76.60524,12.29122],[76.60525,12.29116],[76.60526,12.29107],[76.60535,12.29013],[76.60538,12.28995],[76.6054,12.28989],[76.60545,12.2896],[76.60547,12.28951],[76.60547,12.28949],[76.60533,12.28946],[76.60527,12.28944],[76.60521,12.2894],[76.6048,12.28911],[76.60479,12.2891],[76.60463,12.28907],[76.60453,12.28905],[76.60421,12.289],[76.60419,12.28881],[76.60336,12.28881],[76.6029,12.28888],[76.60271,12.2889],[76.60241,12.28894],[76.60234,12.2888],[76.60233,12.28879],[76.60114,12.28883],[76.60103,12.28872],[76.60084,12.28867],[76.60047,12.28858],[76.60031,12.28857],[76.59946,12.28849],[76.59927,12.28849],[76.59926,12.28844],[76.59911,12.28768],[76.59905,12.28682],[76.59904,12.28679],[76.59888,12.28644],[76.59882,12.28633],[76.5987,12.28606],[76.59861,12.28586],[76.59846,12.28553],[76.59845,12.28552],[76.59843,12.28483],[76.59842,12.28474],[76.59842,12.28467],[76.59841,12.28451],[76.59844,12.28441],[76.59913,12.28443],[76.5997,12.28455],[76.59973,12.28442],[76.59976,12.28432],[76.59979,12.28421],[76.60009,12.28299],[76.60054,12.28116],[76.60055,12.28078],[76.60062,12.27803],[76.60061,12.27772],[76.60055,12.2765],[76.60052,12.27594],[76.60064,12.27593],[76.60061,12.27549],[76.60058,12.27549],[76.60058,12.27523],[76.60059,12.27499],[76.6007,12.2726],[76.60079,12.27259],[76.60079,12.27243],[76.60076,12.27191],[76.6007,12.2716],[76.60063,12.2712],[76.60064,12.27028],[76.60071,12.26961],[76.60073,12.26942],[76.60075,12.26928],[76.60075,12.26916],[76.60052,12.26914],[76.59976,12.26916],[76.59842,12.26911],[76.59838,12.26889],[76.59803,12.26781],[76.59781,12.26678],[76.59756,12.26482],[76.59743,12.26394],[76.5975,12.26355],[76.59744,12.26322],[76.59743,12.26315],[76.59742,12.26312],[76.59741,12.26304],[76.59741,12.26303],[76.59734,12.26266],[76.5973,12.26207],[76.59742,12.26067],[76.59744,12.26017],[76.59745,12.25907],[76.59746,12.25876],[76.59625,12.26038],[76.59608,12.26062],[76.59513,12.26156],[76.59447,12.26225],[76.59442,12.26224],[76.59245,12.26191],[76.59227,12.26188],[76.59222,12.26188],[76.59173,12.2618],[76.59095,12.26169],[76.59086,12.26168],[76.59066,12.26165],[76.59058,12.26164],[76.58861,12.26135],[76.58864,12.2615],[76.58905,12.26333],[76.58911,12.26355],[76.58904,12.26356],[76.58691,12.26378],[76.58628,12.26385],[76.58581,12.26437],[76.58508,12.26515],[76.58332,12.26494],[76.5824,12.26486],[76.58222,12.26495],[76.58193,12.2651],[76.58163,12.26526],[76.58012,12.26485],[76.57997,12.26481],[76.57992,12.2648],[76.57982,12.26476],[76.57853,12.26434],[76.57848,12.26432],[76.57833,12.26428],[76.57793,12.26418],[76.57691,12.26392],[76.57691,12.26393],[76.57691,12.26394],[76.57689,12.26408],[76.57687,12.26453],[76.57687,12.26453],[76.57687,12.26522],[76.57687,12.26532],[76.5765,12.26532],[76.57629,12.26614],[76.5762,12.26735],[76.5762,12.26737],[76.57621,12.26745],[76.57624,12.2677],[76.57625,12.26779],[76.57645,12.26973],[76.57643,12.2706],[76.57643,12.27067],[76.5745,12.27072],[76.57441,12.27073],[76.57433,12.27176],[76.57437,12.27195],[76.57435,12.27224],[76.57439,12.27224],[76.57547,12.27229],[76.57528,12.27351],[76.57522,12.27395],[76.57514,12.2744],[76.57513,12.2745],[76.57453,12.27444],[76.57428,12.27444],[76.57407,12.27444],[76.57382,12.27444],[76.57382,12.27434],[76.57372,12.27435],[76.57369,12.27443],[76.57323,12.2744],[76.57313,12.27441],[76.57298,12.27438],[76.5729,12.27437],[76.57265,12.27433],[76.57138,12.2741],[76.56986,12.27389],[76.56971,12.27392],[76.56895,12.27381],[76.5686,12.27376],[76.5685,12.27374],[76.56723,12.27366],[76.56591,12.27426],[76.56567,12.27444],[76.56584,12.27476],[76.56576,12.27558],[76.56567,12.27657],[76.56561,12.27733],[76.56586,12.27737],[76.56598,12.27739],[76.56559,12.27825],[76.56524,12.27902],[76.56495,12.27967],[76.5648,12.2799],[76.56484,12.28036],[76.56485,12.28045],[76.56491,12.28105],[76.56486,12.28258],[76.56481,12.28264],[76.56484,12.28286],[76.56464,12.28334],[76.56463,12.28341],[76.56459,12.28364],[76.5648,12.28421],[76.56492,12.28453],[76.56502,12.28479],[76.56501,12.28492],[76.56488,12.28501],[76.56486,12.28518],[76.56489,12.28528],[76.56491,12.28538],[76.56515,12.28549],[76.56515,12.28549],[76.56522,12.28552],[76.56521,12.28559],[76.56521,12.28559],[76.56519,12.28568],[76.56519,12.28568],[76.56518,12.28569],[76.56518,12.28571],[76.56517,12.28581],[76.56517,12.28583],[76.56515,12.28605],[76.56515,12.28605],[76.56515,12.28617],[76.56514,12.28623],[76.56516,12.2866],[76.56516,12.28663],[76.56521,12.28747],[76.56523,12.28745],[76.56527,12.28742],[76.56528,12.28742],[76.56528,12.28743],[76.56529,12.28756],[76.56529,12.28758],[76.56531,12.28814],[76.56521,12.2883],[76.56521,12.2883],[76.56493,12.2888],[76.56478,12.289],[76.56468,12.28919],[76.56457,12.28935],[76.56441,12.28961],[76.56437,12.2897],[76.56391,12.29059],[76.56389,12.29062],[76.56365,12.291],[76.56354,12.29099],[76.56327,12.29122],[76.56311,12.29128],[76.56302,12.29132],[76.56289,12.29138],[76.56272,12.29144],[76.5624,12.29166],[76.56232,12.29171],[76.56141,12.29221],[76.56102,12.29242],[76.56101,12.29243],[76.561,12.29243],[76.561,12.29243],[76.56073,12.29257],[76.56074,12.29259],[76.56076,12.29267],[76.56016,12.29293],[76.55958,12.29326],[76.5592,12.2936],[76.55912,12.29376],[76.55912,12.29376],[76.55904,12.29373],[76.55865,12.29382],[76.5574,12.2941],[76.5568,12.29414],[76.55668,12.29415],[76.55655,12.29416],[76.5565,12.29417],[76.5549,12.29363],[76.55488,12.29363],[76.5539,12.29337],[76.55389,12.29331],[76.55375,12.29239],[76.55322,12.2925],[76.55319,12.2925],[76.55326,12.29342],[76.55318,12.29342],[76.55203,12.29345],[76.55198,12.29345],[76.55151,12.29348],[76.55122,12.29349],[76.55111,12.29349],[76.5498,12.29344],[76.54974,12.29344],[76.54969,12.29225],[76.5498,12.29218],[76.54979,12.29198],[76.54983,12.29193],[76.54993,12.29183],[76.54918,12.29187],[76.54925,12.29199],[76.54928,12.29204],[76.54928,12.29211],[76.54929,12.29227],[76.5493,12.29241],[76.54928,12.29241],[76.54896,12.2924],[76.54854,12.29244],[76.54864,12.29335],[76.54864,12.2934],[76.54865,12.29347],[76.54787,12.29344],[76.54752,12.29341],[76.54736,12.29332],[76.54731,12.2933],[76.5472,12.29326],[76.54713,12.29323],[76.54655,12.29314],[76.54654,12.29303],[76.54655,12.29294],[76.54656,12.29289],[76.5466,12.2921],[76.54661,12.2918],[76.54629,12.2918],[76.54627,12.29185],[76.54617,12.29183],[76.54623,12.29117],[76.54629,12.29086],[76.54631,12.29078],[76.54632,12.29073],[76.54629,12.29072],[76.54585,12.29059],[76.54583,12.29059],[76.54547,12.29037],[76.5454,12.29033],[76.54524,12.29028],[76.54501,12.2902],[76.5448,12.2901],[76.54447,12.29012],[76.54388,12.28995],[76.5437,12.2899],[76.54281,12.28967],[76.54233,12.28953],[76.54228,12.28952],[76.54175,12.28953],[76.54172,12.28958],[76.54172,12.28959],[76.54162,12.28977],[76.54152,12.28977],[76.54151,12.28978],[76.54111,12.28986],[76.54085,12.28994],[76.54086,12.29042],[76.54085,12.29067],[76.54086,12.29079],[76.54074,12.2908],[76.54074,12.2908],[76.54073,12.29106],[76.54072,12.2913],[76.53976,12.29128],[76.53972,12.29245],[76.539,12.29246],[76.539,12.29244],[76.539,12.29239],[76.53897,12.29239],[76.53897,12.29232],[76.53765,12.29267],[76.53733,12.29277],[76.53733,12.29279],[76.53734,12.29283],[76.53751,12.29346],[76.53748,12.29347],[76.53643,12.2938],[76.53622,12.29387],[76.53622,12.29389],[76.53621,12.2942],[76.53633,12.29461],[76.53586,12.29481],[76.5354,12.29501],[76.53538,12.29559],[76.53541,12.29566],[76.53541,12.29569],[76.5354,12.29576],[76.53539,12.29577],[76.53493,12.29581],[76.53483,12.29582],[76.53481,12.29583],[76.53476,12.29583],[76.53419,12.29592],[76.53417,12.29598],[76.53413,12.29609],[76.53401,12.29641],[76.53392,12.29665],[76.5339,12.29672],[76.53393,12.29683],[76.53374,12.29713],[76.53369,12.29713],[76.53357,12.29714],[76.53328,12.29715],[76.53322,12.29733],[76.53307,12.29788],[76.53287,12.29818],[76.53279,12.29905],[76.53278,12.29907],[76.53277,12.29908],[76.53275,12.29911],[76.53269,12.2991],[76.53233,12.29991],[76.53214,12.30035],[76.53198,12.30069],[76.53148,12.30177],[76.53154,12.30179],[76.53155,12.30179],[76.5317,12.30183],[76.53244,12.30196],[76.53247,12.302],[76.53255,12.30212],[76.53391,12.30243],[76.53389,12.30287],[76.53385,12.3035],[76.53385,12.30361],[76.53382,12.3041],[76.5338,12.3041],[76.53309,12.30398],[76.53277,12.30393],[76.5323,12.30387],[76.53206,12.30388],[76.53124,12.30389],[76.52957,12.30788],[76.53334,12.30831],[76.53479,12.30846],[76.53607,12.30865],[76.5363,12.30868],[76.53748,12.30886],[76.53819,12.30896],[76.53838,12.30899],[76.54132,12.30853],[76.5433,12.30873],[76.54353,12.30876],[76.54488,12.30946],[76.54593,12.30981],[76.5461,12.30977],[76.54612,12.30976],[76.54631,12.30972],[76.54652,12.30968],[76.54678,12.30962],[76.54682,12.30962],[76.5471,12.30957],[76.54797,12.30945],[76.54796,12.30964],[76.54856,12.30976],[76.5486,12.30976],[76.54874,12.30979],[76.54885,12.30982],[76.54962,12.30997],[76.54969,12.31],[76.54969,12.31],[76.55005,12.31065],[76.5504,12.31123],[76.55115,12.31244],[76.55122,12.31256],[76.55126,12.31263],[76.55129,12.3127],[76.55137,12.31287],[76.55116,12.31389],[76.55103,12.3139],[76.55047,12.31483],[76.55058,12.31548],[76.5506,12.31558],[76.55067,12.31583],[76.55067,12.31603],[76.55066,12.3165],[76.55012,12.31743],[76.54997,12.31774],[76.54995,12.31778],[76.55038,12.31787],[76.55134,12.31806],[76.55186,12.31816],[76.55194,12.31818],[76.55197,12.31818],[76.55202,12.31818],[76.55197,12.31932],[76.55196,12.3196],[76.55191,12.31999],[76.5518,12.32004],[76.55176,12.32017],[76.55174,12.32114],[76.55172,12.3218],[76.55158,12.32238],[76.55164,12.32238],[76.55212,12.3224],[76.55229,12.32241],[76.55262,12.32243],[76.55292,12.3224],[76.55338,12.32235],[76.55349,12.32234],[76.55354,12.32234],[76.55361,12.32233],[76.55366,12.32233],[76.55375,12.32232],[76.55375,12.32231],[76.55377,12.32214],[76.55384,12.32213],[76.55391,12.32212],[76.5543,12.32207],[76.55438,12.32206],[76.55462,12.32199],[76.55485,12.32193],[76.55517,12.32188],[76.55543,12.32186],[76.55548,12.32186],[76.55657,12.32195],[76.55663,12.32196],[76.55709,12.32199],[76.55735,12.322],[76.55739,12.322],[76.55804,12.32188],[76.55902,12.32179],[76.55923,12.32179],[76.55926,12.32222],[76.55929,12.32221],[76.55936,12.3222],[76.55966,12.32214],[76.55988,12.32208],[76.55988,12.32167],[76.56063,12.32162],[76.56078,12.32162],[76.5614,12.32162],[76.56155,12.32162],[76.56161,12.32162],[76.56249,12.32161],[76.56249,12.32161],[76.56259,12.32161],[76.56263,12.32161],[76.56265,12.32161],[76.5627,12.32161],[76.5633,12.32156],[76.56366,12.32156],[76.56414,12.32148],[76.56425,12.32149],[76.56436,12.3215],[76.56538,12.3216],[76.56553,12.32162],[76.56554,12.32162],[76.56561,12.32162],[76.56631,12.32165],[76.56631,12.32151],[76.56631,12.32144],[76.56634,12.32143],[76.56671,12.3214],[76.56672,12.32139],[76.56672,12.32139],[76.56685,12.32099],[76.56687,12.32092],[76.56729,12.32106],[76.56743,12.32113],[76.56757,12.32117],[76.5676,12.32118],[76.56897,12.32143],[76.56917,12.32147],[76.56918,12.32144],[76.56925,12.32126],[76.56926,12.32127],[76.56973,12.32137],[76.57082,12.32139],[76.57084,12.32148],[76.57291,12.32156],[76.57295,12.32156],[76.57372,12.32158],[76.57375,12.32201],[76.57378,12.32231],[76.57442,12.32233],[76.57456,12.32255],[76.57463,12.32266],[76.57519,12.32358],[76.57528,12.32373],[76.5755,12.32414],[76.57574,12.32459],[76.57589,12.32481],[76.5761,12.32513],[76.57624,12.32536],[76.57679,12.32645],[76.57729,12.3272],[76.57843,12.3275],[76.57912,12.32769],[76.58008,12.32796],[76.5809,12.33001],[76.58125,12.33112],[76.58127,12.33119],[76.58133,12.33141],[76.58137,12.33163],[76.58247,12.33154],[76.58263,12.33152],[76.58284,12.3315],[76.58287,12.3315],[76.5836,12.33145],[76.58367,12.3307],[76.58367,12.33066],[76.58375,12.33067],[76.58412,12.33069],[76.58487,12.33049],[76.5849,12.33049],[76.58568,12.33049],[76.58719,12.33035],[76.58748,12.33035],[76.58871,12.33032],[76.58912,12.33033],[76.58937,12.33033],[76.58948,12.32997],[76.58951,12.32989],[76.59001,12.32991],[76.59009,12.32991],[76.59047,12.32993],[76.59062,12.33002],[76.59157,12.33005],[76.59185,12.33001],[76.59189,12.33],[76.59193,12.32988],[76.59196,12.32964],[76.59204,12.32943],[76.5922,12.32926],[76.59226,12.32919],[76.59235,12.32919],[76.59423,12.32922],[76.59439,12.3292],[76.59468,12.32973],[76.59469,12.32975],[76.5958,12.32949],[76.59559,12.32809],[76.59556,12.32751],[76.59559,12.32726],[76.59561,12.32709],[76.59561,12.32707],[76.59559,12.32698],[76.59549,12.32658],[76.59533,12.32584],[76.59532,12.3258],[76.59513,12.32526],[76.59511,12.32526],[76.59509,12.32515],[76.59503,12.32514],[76.59497,12.32514],[76.59494,12.32457],[76.59491,12.32441],[76.59488,12.32414],[76.59488,12.32411],[76.59484,12.32394],[76.59479,12.32381],[76.59471,12.3237],[76.59423,12.32394],[76.59424,12.32388],[76.59426,12.32316],[76.59429,12.32258],[76.59435,12.32205],[76.59436,12.32199],[76.59435,12.3211],[76.59437,12.32047],[76.59438,12.32044],[76.59476,12.31941],[76.59498,12.31887],[76.59503,12.31881],[76.59524,12.31872],[76.59532,12.31855],[76.59543,12.31837],[76.59565,12.31812],[76.5957,12.31803],[76.59571,12.31794],[76.59574,12.31792],[76.59619,12.31748],[76.59642,12.31738],[76.59664,12.31727],[76.59661,12.31662],[76.5966,12.31654],[76.59848,12.31597],[76.59855,12.31598],[76.59863,12.31599],[76.59879,12.31603],[76.59886,12.31604],[76.59906,12.31591],[76.59926,12.31578],[76.59929,12.31558],[76.5993,12.31549],[76.59931,12.31542],[76.59935,12.31474],[76.5994,12.31404],[76.59936,12.31376],[76.59926,12.31317],[76.59917,12.31279],[76.59914,12.31265],[76.59916,12.31262],[76.59923,12.31253],[76.59922,12.31249],[76.59927,12.31247],[76.59932,12.31245],[76.5994,12.31243],[76.60019,12.31238],[76.60095,12.31235],[76.60108,12.31235],[76.60167,12.31227],[76.602,12.31223],[76.60209,12.31237],[76.60221,12.31238],[76.60263,12.3123],[76.60372,12.31228],[76.60382,12.31214],[76.60398,12.3116],[76.60407,12.31128],[76.60428,12.31127],[76.6049,12.3114],[76.60515,12.31146],[76.60531,12.31149],[76.60583,12.3116],[76.60632,12.31177],[76.6066,12.31173],[76.60665,12.31159],[76.60674,12.31109],[76.60673,12.31064],[76.6054,12.31066],[76.60485,12.31066]]]]},"properties":{"name":"Bogadi","townType":"TP","level":"town","shedId":"C05CAM22"}},{"type":"Feature","geometry":{"type":"Polygon","coordinates":[[[76.55977,12.33002],[76.55973,12.33048],[76.55972,12.3306],[76.5597,12.33065],[76.55964,12.33088],[76.55917,12.33272],[76.55874,12.33265],[76.5583,12.33256],[76.5583,12.33261],[76.55828,12.33273],[76.55802,12.33379],[76.55797,12.33397],[76.55784,12.33451],[76.5578,12.33466],[76.55761,12.33537],[76.55758,12.3355],[76.55753,12.33568],[76.55751,12.33575],[76.55741,12.33607],[76.55737,12.33619],[76.55735,12.33628],[76.55728,12.33654],[76.55724,12.33671],[76.55722,12.33674],[76.55686,12.33676],[76.55669,12.33695],[76.5566,12.33695],[76.55639,12.33697],[76.55641,12.33715],[76.55643,12.33728],[76.55645,12.33751],[76.55646,12.33778],[76.55646,12.33841],[76.55637,12.33958],[76.55636,12.33985],[76.55636,12.33986],[76.55587,12.34009],[76.55558,12.33997],[76.55547,12.33996],[76.55539,12.34003],[76.5555,12.34049],[76.55563,12.34116],[76.5557,12.34156],[76.55572,12.34164],[76.55576,12.34187],[76.55583,12.34237],[76.55575,12.34232],[76.55569,12.34228],[76.55564,12.34224],[76.55552,12.34232],[76.55553,12.34237],[76.55554,12.34245],[76.55557,12.34274],[76.55558,12.34276],[76.55556,12.34332],[76.55556,12.34347],[76.55555,12.34363],[76.55559,12.34404],[76.55558,12.34413],[76.55557,12.34472],[76.55556,12.34508],[76.55556,12.34509],[76.5555,12.3465],[76.5555,12.34657],[76.5555,12.34659],[76.55548,12.34683],[76.55486,12.34714],[76.55473,12.34716],[76.55467,12.34717],[76.55451,12.3472],[76.55427,12.34799],[76.55417,12.34834],[76.55413,12.34847],[76.55409,12.34861],[76.5564,12.34878],[76.55645,12.34878],[76.55733,12.34892],[76.55757,12.34896],[76.558,12.34897],[76.55855,12.34898],[76.55861,12.34898],[76.56029,12.349],[76.5603,12.34909],[76.56075,12.34898],[76.56137,12.34898],[76.56246,12.34902],[76.56325,12.34909],[76.5636,12.34908],[76.56436,12.34895],[76.56515,12.34877],[76.56594,12.34861],[76.56719,12.3486],[76.56824,12.34856],[76.56958,12.34815],[76.57047,12.34785],[76.571,12.34745],[76.57144,12.34713],[76.5722,12.3465],[76.57269,12.34586],[76.5731,12.34522],[76.57325,12.34486],[76.57331,12.34447],[76.57332,12.344],[76.57332,12.34331],[76.57341,12.34273],[76.57362,12.34245],[76.57389,12.34234],[76.57435,12.3423],[76.57472,12.34239],[76.57505,12.34266],[76.57594,12.34373],[76.57662,12.34449],[76.57697,12.34474],[76.57739,12.34481],[76.57829,12.3448],[76.57968,12.34455],[76.58164,12.34406],[76.58376,12.34357],[76.58514,12.34313],[76.58669,12.34236],[76.58752,12.34184],[76.5883,12.34108],[76.58911,12.34013],[76.58951,12.33986],[76.59057,12.33938],[76.59143,12.33916],[76.59276,12.33911],[76.59365,12.3391],[76.59469,12.33922],[76.59624,12.33942],[76.59771,12.33957],[76.60001,12.33948],[76.60007,12.33949],[76.59993,12.33918],[76.59991,12.33915],[76.59986,12.33905],[76.5995,12.33813],[76.59936,12.33771],[76.5992,12.33721],[76.59899,12.33669],[76.59896,12.33664],[76.59892,12.33656],[76.59875,12.33628],[76.59876,12.3361],[76.59876,12.33609],[76.59871,12.33605],[76.59871,12.33601],[76.59869,12.3355],[76.59868,12.33546],[76.59868,12.33535],[76.59868,12.33524],[76.59868,12.33499],[76.59868,12.33495],[76.59897,12.33485],[76.5996,12.3348],[76.59983,12.3348],[76.60022,12.33474],[76.60027,12.33473],[76.60099,12.33472],[76.60102,12.33472],[76.60102,12.33454],[76.60159,12.33452],[76.60165,12.33452],[76.60239,12.3345],[76.60294,12.3345],[76.60309,12.33441],[76.60358,12.3344],[76.60376,12.33452],[76.60442,12.33446],[76.60452,12.33445],[76.60467,12.33444],[76.60468,12.33431],[76.60537,12.33437],[76.60585,12.33425],[76.60588,12.33424],[76.60602,12.33426],[76.60689,12.33405],[76.60707,12.334],[76.60701,12.33389],[76.60689,12.33362],[76.60679,12.3334],[76.60666,12.33297],[76.60663,12.33286],[76.60662,12.33283],[76.6067,12.33229],[76.60674,12.33229],[76.60685,12.33228],[76.60699,12.33228],[76.60717,12.33227],[76.60719,12.33208],[76.60756,12.33174],[76.60759,12.33171],[76.60766,12.33159],[76.60764,12.33156],[76.60761,12.33151],[76.60753,12.33095],[76.60742,12.33071],[76.6074,12.33067],[76.60729,12.33047],[76.60727,12.33047],[76.60725,12.33045],[76.60722,12.3304],[76.60724,12.33034],[76.60725,12.33031],[76.60734,12.33011],[76.60735,12.33008],[76.60751,12.32974],[76.60754,12.32968],[76.60799,12.32978],[76.608,12.32933],[76.60799,12.32933],[76.60783,12.32932],[76.60771,12.32931],[76.60768,12.32903],[76.60768,12.32899],[76.60762,12.32831],[76.60762,12.32826],[76.60753,12.32807],[76.60756,12.32805],[76.6086,12.32724],[76.60972,12.32638],[76.61061,12.32569],[76.61128,12.32518],[76.61161,12.32496],[76.61207,12.32468],[76.61277,12.32433],[76.61277,12.3243],[76.61276,12.32426],[76.61273,12.32404],[76.61272,12.32403],[76.6127,12.32388],[76.61269,12.32383],[76.61268,12.32377],[76.61263,12.32361],[76.61253,12.32342],[76.61247,12.32336],[76.61237,12.32332],[76.61216,12.32329],[76.61172,12.32329],[76.61156,12.32329],[76.611,12.32331],[76.61081,12.32332],[76.61041,12.32333],[76.60971,12.32335],[76.60963,12.32335],[76.60933,12.32336],[76.60916,12.32336],[76.60913,12.32308],[76.60912,12.32298],[76.6091,12.3228],[76.60908,12.32251],[76.60907,12.32251],[76.60902,12.32204],[76.60897,12.32167],[76.60896,12.3216],[76.60896,12.32152],[76.60897,12.32107],[76.60896,12.32095],[76.60896,12.32089],[76.60894,12.32047],[76.60893,12.32038],[76.60893,12.3202],[76.60888,12.32016],[76.60886,12.32015],[76.60879,12.32011],[76.60838,12.31952],[76.60829,12.3194],[76.60817,12.31923],[76.60796,12.31844],[76.60796,12.31763],[76.60803,12.31741],[76.60806,12.31735],[76.60828,12.31669],[76.60828,12.31592],[76.60828,12.31585],[76.60828,12.31556],[76.60859,12.31474],[76.60861,12.31463],[76.60861,12.31462],[76.60866,12.31428],[76.6085,12.31394],[76.60841,12.31375],[76.60838,12.31368],[76.6082,12.31329],[76.60818,12.31325],[76.60783,12.3125],[76.6077,12.31201],[76.60771,12.3119],[76.60772,12.31186],[76.60774,12.31162],[76.60757,12.31162],[76.60736,12.31164],[76.60704,12.31168],[76.60664,12.31173],[76.6066,12.31173],[76.60632,12.31177],[76.60583,12.3116],[76.60531,12.31149],[76.60515,12.31146],[76.6049,12.3114],[76.60428,12.31127],[76.60407,12.31128],[76.60398,12.3116],[76.60382,12.31214],[76.60372,12.31228],[76.60263,12.3123],[76.60221,12.31238],[76.60209,12.31237],[76.602,12.31223],[76.60167,12.31227],[76.60108,12.31235],[76.60095,12.31235],[76.60019,12.31238],[76.5994,12.31243],[76.59932,12.31245],[76.59927,12.31247],[76.59922,12.31249],[76.59923,12.31253],[76.59916,12.31262],[76.59914,12.31265],[76.59917,12.31279],[76.59926,12.31317],[76.59936,12.31376],[76.5994,12.31404],[76.59935,12.31474],[76.59931,12.31542],[76.5993,12.31549],[76.59929,12.31558],[76.59926,12.31578],[76.59906,12.31591],[76.59886,12.31604],[76.59879,12.31603],[76.59863,12.31599],[76.59855,12.31598],[76.59848,12.31597],[76.59782,12.31617],[76.59706,12.3164],[76.5966,12.31654],[76.59661,12.31662],[76.59664,12.31727],[76.59642,12.31738],[76.59619,12.31748],[76.59574,12.31792],[76.59571,12.31794],[76.5957,12.31803],[76.59565,12.31812],[76.59543,12.31837],[76.59532,12.31855],[76.59524,12.31872],[76.59503,12.31881],[76.59498,12.31887],[76.59476,12.31941],[76.59438,12.32044],[76.59437,12.32047],[76.59435,12.3211],[76.59436,12.32199],[76.59435,12.32205],[76.59429,12.32258],[76.59426,12.32316],[76.59424,12.32388],[76.59423,12.32394],[76.59471,12.3237],[76.59479,12.32381],[76.59484,12.32394],[76.59488,12.32411],[76.59488,12.32414],[76.59491,12.32441],[76.59494,12.32457],[76.59497,12.32514],[76.59503,12.32514],[76.59509,12.32515],[76.59511,12.32526],[76.59513,12.32526],[76.59532,12.3258],[76.59533,12.32584],[76.59549,12.32658],[76.59559,12.32698],[76.59561,12.32707],[76.59561,12.32709],[76.59559,12.32726],[76.59556,12.32751],[76.59559,12.32809],[76.5958,12.32949],[76.59469,12.32975],[76.59468,12.32973],[76.59439,12.3292],[76.59423,12.32922],[76.59235,12.32919],[76.59226,12.32919],[76.5922,12.32926],[76.59204,12.32943],[76.59196,12.32964],[76.59193,12.32988],[76.59189,12.33],[76.59185,12.33001],[76.59157,12.33005],[76.59062,12.33002],[76.59047,12.32993],[76.59009,12.32991],[76.59001,12.32991],[76.58951,12.32989],[76.58948,12.32997],[76.58937,12.33033],[76.58912,12.33033],[76.58871,12.33032],[76.58748,12.33035],[76.58719,12.33035],[76.58568,12.33049],[76.5849,12.33049],[76.58487,12.33049],[76.58412,12.33069],[76.58375,12.33067],[76.58367,12.33066],[76.58367,12.3307],[76.5836,12.33145],[76.58287,12.3315],[76.58284,12.3315],[76.58263,12.33152],[76.58247,12.33154],[76.58137,12.33163],[76.58133,12.33141],[76.58127,12.33119],[76.58125,12.33112],[76.5809,12.33001],[76.58008,12.32796],[76.57912,12.32769],[76.57843,12.3275],[76.57729,12.3272],[76.57679,12.32645],[76.57624,12.32536],[76.5761,12.32513],[76.57589,12.32481],[76.57574,12.32459],[76.5755,12.32414],[76.57528,12.32373],[76.57519,12.32358],[76.57463,12.32266],[76.57456,12.32255],[76.57442,12.32233],[76.57378,12.32231],[76.57375,12.32201],[76.57372,12.32158],[76.57295,12.32156],[76.57291,12.32156],[76.57084,12.32148],[76.57082,12.32139],[76.56973,12.32137],[76.56926,12.32127],[76.56925,12.32126],[76.56918,12.32144],[76.56917,12.32147],[76.56897,12.32143],[76.5676,12.32118],[76.56757,12.32117],[76.56743,12.32113],[76.56729,12.32106],[76.56687,12.32092],[76.56685,12.32099],[76.56672,12.32139],[76.56671,12.3214],[76.56634,12.32143],[76.56631,12.32144],[76.56631,12.32151],[76.56631,12.32165],[76.56561,12.32162],[76.56554,12.32162],[76.56553,12.32162],[76.56538,12.3216],[76.56436,12.3215],[76.56425,12.32149],[76.56414,12.32148],[76.56366,12.32156],[76.5633,12.32156],[76.5627,12.32161],[76.56265,12.32161],[76.56263,12.32161],[76.56259,12.32161],[76.56249,12.32161],[76.56161,12.32162],[76.56155,12.32162],[76.5614,12.32162],[76.56126,12.32162],[76.56078,12.32162],[76.56063,12.32162],[76.56059,12.32162],[76.56041,12.32163],[76.55988,12.32167],[76.55988,12.32208],[76.55966,12.32214],[76.55936,12.3222],[76.55929,12.32221],[76.55926,12.32222],[76.55926,12.32251],[76.55929,12.3236],[76.55932,12.32398],[76.55937,12.32444],[76.55931,12.32502],[76.55931,12.32526],[76.5593,12.32588],[76.55928,12.32609],[76.55927,12.32614],[76.55984,12.32618],[76.56003,12.32613],[76.56005,12.32612],[76.56006,12.32613],[76.56015,12.32619],[76.56063,12.32651],[76.5606,12.32654],[76.55992,12.32719],[76.55992,12.32728],[76.55994,12.32763],[76.55994,12.32766],[76.55994,12.32805],[76.55999,12.3286],[76.55994,12.32888],[76.55988,12.32917],[76.55986,12.32936],[76.55979,12.32982],[76.55977,12.33002]]]},"properties":{"name":"Hootagalli","townType":"CMC","level":"town","shedId":"C05CAM22"}},{"type":"Feature","geometry":{"type":"MultiPolygon","coordinates":[[[[76.71163,12.27307],[76.71159,12.27248],[76.71159,12.27247],[76.71151,12.27241],[76.71143,12.27214],[76.71141,12.27205],[76.71134,12.27206],[76.71119,12.27208],[76.71113,12.27177],[76.71111,12.27164],[76.71096,12.27166],[76.71078,12.27168],[76.71072,12.27136],[76.71071,12.27132],[76.71072,12.27126],[76.71072,12.27122],[76.71073,12.27116],[76.71083,12.27036],[76.7108,12.26967],[76.71074,12.26936],[76.71071,12.26855],[76.71041,12.26846],[76.71026,12.26841],[76.71022,12.2684],[76.70992,12.26842],[76.7098,12.26842],[76.70945,12.26794],[76.70957,12.26686],[76.70955,12.26628],[76.7089,12.26623],[76.7088,12.26628],[76.70857,12.26622],[76.70833,12.26621],[76.70821,12.26523],[76.70817,12.2648],[76.70802,12.26442],[76.70821,12.26434],[76.70828,12.26389],[76.70818,12.26328],[76.70802,12.26224],[76.70786,12.26093],[76.70752,12.26074],[76.70749,12.26072],[76.70734,12.26066],[76.70736,12.26038],[76.70742,12.25911],[76.70744,12.25883],[76.70784,12.25837],[76.708,12.25831],[76.70802,12.25831],[76.70845,12.25815],[76.70845,12.25812],[76.70847,12.25776],[76.70856,12.25774],[76.70863,12.25773],[76.70864,12.25765],[76.70871,12.2572],[76.70886,12.25718],[76.70912,12.25714],[76.70913,12.25708],[76.70919,12.25662],[76.70868,12.25461],[76.70866,12.25455],[76.70865,12.25451],[76.70853,12.25449],[76.70747,12.25432],[76.70721,12.25428],[76.7068,12.25412],[76.70651,12.25399],[76.70644,12.25394],[76.70568,12.25328],[76.70546,12.25317],[76.70538,12.25313],[76.70532,12.25316],[76.70518,12.25313],[76.70501,12.25308],[76.70464,12.25299],[76.70452,12.25299],[76.70415,12.25304],[76.70393,12.25307],[76.70358,12.25302],[76.70309,12.25295],[76.70267,12.25296],[76.70236,12.25297],[76.70224,12.25285],[76.70213,12.25246],[76.70192,12.25214],[76.70187,12.25214],[76.70185,12.25214],[76.70096,12.25215],[76.70095,12.25184],[76.70088,12.25186],[76.70067,12.25194],[76.69984,12.25235],[76.6979,12.25101],[76.69736,12.25063],[76.69724,12.25054],[76.69578,12.2495],[76.69533,12.24955],[76.69452,12.24999],[76.69449,12.25],[76.69437,12.25011],[76.69421,12.25017],[76.69395,12.25018],[76.69379,12.2501],[76.69361,12.25009],[76.69353,12.25009],[76.69342,12.25008],[76.69334,12.25008],[76.69288,12.24948],[76.69258,12.24903],[76.69255,12.24898],[76.6925,12.24893],[76.692,12.24911],[76.69182,12.24913],[76.6912,12.24906],[76.69068,12.24905],[76.69043,12.24911],[76.68978,12.24925],[76.68931,12.24935],[76.68917,12.2495],[76.68902,12.24955],[76.688,12.24988],[76.68769,12.24995],[76.68745,12.24997],[76.68642,12.25007],[76.68632,12.25009],[76.68626,12.25009],[76.68551,12.25012],[76.68548,12.24999],[76.6853,12.24922],[76.68528,12.24922],[76.68516,12.24918],[76.68505,12.24861],[76.68454,12.24724],[76.68377,12.24724],[76.68372,12.24701],[76.68359,12.24656],[76.68327,12.24677],[76.6822,12.24742],[76.68203,12.24751],[76.68199,12.24782],[76.68184,12.24798],[76.68119,12.24832],[76.68099,12.24845],[76.68091,12.2486],[76.68016,12.24908],[76.68007,12.24914],[76.67999,12.24911],[76.67993,12.2491],[76.67984,12.2491],[76.67961,12.249],[76.67952,12.24895],[76.6793,12.24818],[76.6793,12.24817],[76.67922,12.24779],[76.67918,12.24749],[76.67918,12.24736],[76.67916,12.2473],[76.67909,12.24704],[76.67886,12.24655],[76.67888,12.24645],[76.6789,12.24634],[76.6789,12.24609],[76.67892,12.24598],[76.67892,12.24596],[76.67892,12.24595],[76.67888,12.24578],[76.67875,12.24537],[76.6787,12.24526],[76.67865,12.24517],[76.67863,12.24509],[76.6786,12.24483],[76.67859,12.24477],[76.67842,12.24381],[76.67844,12.24364],[76.67844,12.24364],[76.67847,12.24358],[76.67861,12.24328],[76.67862,12.24321],[76.67864,12.24303],[76.67867,12.24261],[76.67843,12.24105],[76.67842,12.24098],[76.67842,12.24095],[76.67782,12.24098],[76.67705,12.24102],[76.67684,12.24106],[76.67615,12.2412],[76.67531,12.24138],[76.67504,12.24146],[76.6748,12.24161],[76.67469,12.24164],[76.6747,12.24147],[76.67478,12.24033],[76.67485,12.23956],[76.67483,12.23949],[76.6741,12.23949],[76.67406,12.23948],[76.674,12.23929],[76.6735,12.23942],[76.67331,12.23946],[76.67325,12.23947],[76.67322,12.23904],[76.67316,12.23835],[76.67316,12.23824],[76.67315,12.23817],[76.67257,12.23823],[76.67255,12.23826],[76.67229,12.23827],[76.67128,12.2383],[76.6704,12.23832],[76.67018,12.23833],[76.66951,12.23838],[76.66892,12.23844],[76.66894,12.23848],[76.6689,12.23848],[76.66818,12.23847],[76.6679,12.23848],[76.66782,12.23848],[76.66757,12.23845],[76.66723,12.23841],[76.66716,12.2384],[76.66714,12.23786],[76.66714,12.23784],[76.66712,12.23781],[76.66703,12.23777],[76.66699,12.23767],[76.66693,12.2375],[76.66678,12.23738],[76.66654,12.23719],[76.6663,12.23708],[76.66618,12.23697],[76.66617,12.23696],[76.66609,12.23689],[76.6661,12.23687],[76.66629,12.23669],[76.66638,12.2366],[76.66648,12.23651],[76.66717,12.23619],[76.66755,12.23604],[76.66789,12.23566],[76.6681,12.23541],[76.66818,12.23511],[76.66821,12.23477],[76.66837,12.2344],[76.66864,12.23403],[76.66891,12.234],[76.66923,12.23421],[76.66954,12.23426],[76.66978,12.23416],[76.67007,12.23416],[76.67031,12.23429],[76.67058,12.23454],[76.67083,12.23464],[76.67106,12.23473],[76.67138,12.23485],[76.67173,12.23499],[76.67191,12.23506],[76.67211,12.23525],[76.67231,12.23543],[76.67247,12.23558],[76.67258,12.23569],[76.67274,12.23578],[76.67297,12.2358],[76.67332,12.23576],[76.67359,12.23574],[76.67388,12.23572],[76.67405,12.23569],[76.67415,12.23564],[76.67459,12.23555],[76.67529,12.2354],[76.67666,12.23509],[76.67678,12.23461],[76.67681,12.23449],[76.67683,12.23444],[76.67683,12.2344],[76.6778,12.23439],[76.6785,12.2344],[76.67851,12.23441],[76.67851,12.23441],[76.67866,12.23438],[76.67873,12.23432],[76.67915,12.23392],[76.67929,12.23379],[76.67957,12.23357],[76.67982,12.23337],[76.6799,12.23331],[76.67993,12.23311],[76.67991,12.23273],[76.6799,12.23248],[76.67987,12.23207],[76.67984,12.23164],[76.67985,12.23119],[76.6798,12.23104],[76.67979,12.23093],[76.67986,12.23087],[76.68001,12.23082],[76.68027,12.23067],[76.6805,12.23056],[76.68053,12.23049],[76.68054,12.23006],[76.68056,12.22997],[76.68062,12.22992],[76.6807,12.22988],[76.6809,12.22985],[76.68117,12.22981],[76.68123,12.22978],[76.68123,12.2297],[76.68121,12.22959],[76.6811,12.22882],[76.68105,12.22795],[76.68104,12.22793],[76.68104,12.22785],[76.68127,12.22785],[76.68132,12.22784],[76.68111,12.22642],[76.67994,12.22646],[76.67993,12.22647],[76.67969,12.22669],[76.67966,12.22672],[76.67851,12.22629],[76.67822,12.22618],[76.67796,12.22609],[76.67779,12.22603],[76.67778,12.22602],[76.67756,12.22594],[76.67681,12.22563],[76.6767,12.22559],[76.67588,12.22556],[76.67583,12.22556],[76.67567,12.22492],[76.67563,12.22472],[76.67561,12.22464],[76.67556,12.22437],[76.67499,12.22405],[76.67496,12.22403],[76.67489,12.22399],[76.67484,12.22396],[76.67482,12.22396],[76.67468,12.22386],[76.67465,12.22369],[76.67458,12.22357],[76.67456,12.22353],[76.67447,12.22335],[76.67439,12.22287],[76.67437,12.22272],[76.67433,12.22243],[76.67423,12.22178],[76.67427,12.2216],[76.67443,12.2216],[76.67475,12.2216],[76.67474,12.22139],[76.6747,12.22031],[76.67469,12.22024],[76.67472,12.22006],[76.67476,12.21979],[76.67483,12.21931],[76.67487,12.21927],[76.67575,12.21831],[76.67577,12.21809],[76.67583,12.2174],[76.67583,12.21739],[76.67585,12.21725],[76.67596,12.21665],[76.67609,12.21591],[76.67612,12.21582],[76.67628,12.21527],[76.67604,12.21521],[76.67613,12.21491],[76.67628,12.2144],[76.6764,12.214],[76.67656,12.21368],[76.67668,12.21343],[76.67666,12.21333],[76.67655,12.21276],[76.67653,12.21265],[76.67591,12.21236],[76.67553,12.21222],[76.67547,12.21221],[76.67542,12.2122],[76.67536,12.21218],[76.6754,12.21197],[76.67541,12.21195],[76.67542,12.21189],[76.67542,12.21188],[76.67543,12.2118],[76.6752,12.21156],[76.67292,12.21177],[76.67288,12.21094],[76.67289,12.21077],[76.67289,12.21077],[76.67289,12.21066],[76.67288,12.21031],[76.67285,12.20997],[76.67284,12.2099],[76.67284,12.20966],[76.67284,12.20961],[76.67274,12.20899],[76.67272,12.2089],[76.67271,12.20885],[76.67268,12.20876],[76.67266,12.20817],[76.67262,12.20732],[76.6726,12.207],[76.6726,12.20684],[76.67269,12.20668],[76.67537,12.20666],[76.67537,12.20643],[76.67532,12.20603],[76.67528,12.20551],[76.67528,12.20533],[76.67428,12.20526],[76.67396,12.20535],[76.67384,12.20536],[76.67384,12.2053],[76.67383,12.20446],[76.67405,12.20391],[76.67428,12.20327],[76.67453,12.20264],[76.67453,12.20177],[76.67455,12.20163],[76.6746,12.20116],[76.67459,12.2011],[76.67459,12.19997],[76.67459,12.19947],[76.67464,12.19929],[76.67467,12.19916],[76.67471,12.19905],[76.67511,12.19911],[76.67563,12.19908],[76.67636,12.19895],[76.67683,12.19864],[76.6771,12.19834],[76.67758,12.19827],[76.67808,12.19833],[76.679,12.1989],[76.68053,12.1993],[76.68131,12.1996],[76.68204,12.19974],[76.68206,12.19952],[76.68197,12.19909],[76.68186,12.19846],[76.68173,12.19773],[76.68161,12.19719],[76.6815,12.19692],[76.6813,12.19679],[76.6812,12.19674],[76.68113,12.19673],[76.68113,12.1967],[76.6811,12.19669],[76.6811,12.1965],[76.68109,12.19568],[76.68109,12.19554],[76.68105,12.19516],[76.68101,12.19468],[76.68101,12.19467],[76.68101,12.19466],[76.68101,12.19462],[76.68101,12.19414],[76.68102,12.19382],[76.68103,12.19358],[76.68107,12.193],[76.68108,12.19287],[76.68108,12.19283],[76.68107,12.19237],[76.68113,12.19175],[76.6811,12.19077],[76.68111,12.19068],[76.6815,12.19071],[76.68151,12.19071],[76.68155,12.1907],[76.68158,12.18996],[76.6816,12.18944],[76.6816,12.18928],[76.68162,12.18808],[76.68162,12.18803],[76.68167,12.18683],[76.68167,12.1867],[76.6817,12.186],[76.68152,12.18564],[76.68142,12.18562],[76.6802,12.18568],[76.67935,12.18574],[76.67827,12.18581],[76.67814,12.18582],[76.67804,12.18582],[76.67778,12.18583],[76.67755,12.18585],[76.67746,12.18477],[76.67751,12.18322],[76.67733,12.18333],[76.67732,12.18333],[76.67718,12.18342],[76.67632,12.18394],[76.67618,12.18401],[76.67608,12.18408],[76.67525,12.18459],[76.67515,12.18466],[76.67469,12.18494],[76.67417,12.18524],[76.67398,12.18396],[76.67373,12.18395],[76.67374,12.18349],[76.67374,12.18233],[76.67374,12.18232],[76.67333,12.1823],[76.67284,12.18227],[76.6721,12.18224],[76.6721,12.18223],[76.67206,12.1818],[76.67167,12.18173],[76.67167,12.18167],[76.67167,12.18157],[76.67165,12.18156],[76.67143,12.18151],[76.67143,12.18151],[76.67137,12.18149],[76.67135,12.18148],[76.67132,12.18148],[76.67127,12.18145],[76.67115,12.18145],[76.67072,12.18141],[76.67026,12.18138],[76.67024,12.18138],[76.67,12.18134],[76.66989,12.18134],[76.66992,12.18073],[76.66965,12.18064],[76.66972,12.18041],[76.66981,12.1801],[76.66992,12.17976],[76.67001,12.17946],[76.67009,12.17921],[76.67022,12.17879],[76.67001,12.17881],[76.66997,12.1788],[76.66995,12.1788],[76.66977,12.17878],[76.66946,12.17871],[76.66937,12.17868],[76.66923,12.17872],[76.66918,12.17874],[76.66773,12.17873],[76.66751,12.17873],[76.66738,12.17871],[76.66686,12.17865],[76.66672,12.17865],[76.66663,12.17865],[76.6665,12.17866],[76.66582,12.17871],[76.66552,12.17875],[76.66534,12.17875],[76.66473,12.1788],[76.66464,12.17885],[76.66458,12.17889],[76.66426,12.17906],[76.6634,12.17936],[76.66336,12.17937],[76.66336,12.1795],[76.66309,12.1797],[76.66259,12.18023],[76.66257,12.18024],[76.66247,12.18037],[76.66225,12.18062],[76.66225,12.18063],[76.66176,12.18126],[76.66166,12.1814],[76.66161,12.18146],[76.66156,12.18152],[76.66109,12.18162],[76.66012,12.1818],[76.65993,12.18184],[76.6598,12.18184],[76.65902,12.18184],[76.65879,12.18187],[76.65828,12.18189],[76.65817,12.1819],[76.65795,12.18191],[76.65782,12.18191],[76.6578,12.18191],[76.65778,12.18191],[76.6572,12.18201],[76.65719,12.18202],[76.65717,12.18202],[76.65709,12.18204],[76.65691,12.18208],[76.65682,12.1821],[76.65679,12.1821],[76.65672,12.18212],[76.65526,12.18231],[76.65495,12.18235],[76.65497,12.18246],[76.65526,12.18367],[76.65535,12.18435],[76.65533,12.18435],[76.6551,12.18441],[76.65511,12.18455],[76.6552,12.18538],[76.65532,12.18637],[76.65538,12.18645],[76.65539,12.18646],[76.65654,12.18786],[76.65658,12.18797],[76.65718,12.18982],[76.65808,12.18985],[76.65819,12.18986],[76.65827,12.19047],[76.65835,12.19155],[76.65837,12.19207],[76.65851,12.19235],[76.65855,12.19301],[76.65855,12.19308],[76.65855,12.19311],[76.65855,12.19314],[76.65855,12.19324],[76.65855,12.19331],[76.6586,12.19336],[76.65862,12.1942],[76.6586,12.19469],[76.65865,12.1953],[76.65817,12.19533],[76.65773,12.19539],[76.65741,12.19548],[76.65649,12.19582],[76.65628,12.19586],[76.65608,12.19591],[76.656,12.19593],[76.65586,12.19599],[76.65577,12.1961],[76.65565,12.19648],[76.65561,12.19731],[76.65564,12.19731],[76.65569,12.19731],[76.65576,12.19731],[76.65571,12.19765],[76.65559,12.1984],[76.65548,12.1988],[76.65536,12.19877],[76.65502,12.19903],[76.65476,12.19921],[76.6544,12.19923],[76.6541,12.19949],[76.65407,12.20041],[76.65362,12.20042],[76.65365,12.20065],[76.65366,12.20079],[76.65367,12.20086],[76.6538,12.20219],[76.65381,12.20237],[76.65383,12.20269],[76.65389,12.20392],[76.65391,12.20405],[76.65391,12.20408],[76.65391,12.20409],[76.65396,12.20423],[76.65397,12.20428],[76.65398,12.20434],[76.65399,12.20446],[76.65399,12.20448],[76.6541,12.20509],[76.6542,12.20524],[76.65427,12.20534],[76.65438,12.20609],[76.65439,12.20659],[76.65442,12.20797],[76.65442,12.20802],[76.65452,12.21007],[76.65452,12.21013],[76.65469,12.21194],[76.6547,12.212],[76.65477,12.21389],[76.65477,12.21396],[76.6546,12.21584],[76.65459,12.21587],[76.65472,12.21599],[76.65482,12.21609],[76.65489,12.21693],[76.6549,12.217],[76.65496,12.2176],[76.65469,12.21794],[76.65458,12.21796],[76.65358,12.21817],[76.65352,12.21818],[76.6533,12.21822],[76.65316,12.21824],[76.65335,12.21933],[76.65355,12.22046],[76.65261,12.22057],[76.65251,12.22058],[76.65248,12.22058],[76.65239,12.2206],[76.65234,12.2206],[76.65215,12.22063],[76.65213,12.22063],[76.65185,12.22068],[76.65185,12.22068],[76.65167,12.22071],[76.6516,12.22072],[76.65054,12.22093],[76.65039,12.22095],[76.65045,12.22196],[76.65046,12.22201],[76.65027,12.22207],[76.65028,12.22224],[76.6503,12.22256],[76.65031,12.22277],[76.65042,12.22292],[76.65041,12.22291],[76.65016,12.22306],[76.64987,12.22306],[76.64981,12.2231],[76.64966,12.22311],[76.64934,12.22313],[76.64922,12.22313],[76.6491,12.22314],[76.64892,12.22325],[76.64887,12.22326],[76.64799,12.22338],[76.64787,12.2234],[76.64765,12.22346],[76.64754,12.22349],[76.64742,12.22352],[76.64621,12.22384],[76.64619,12.22377],[76.64602,12.22323],[76.64617,12.22288],[76.64632,12.22253],[76.64647,12.22235],[76.64639,12.22237],[76.64586,12.22246],[76.64553,12.22259],[76.64446,12.22275],[76.64427,12.22345],[76.64327,12.22378],[76.6432,12.22351],[76.64309,12.22351],[76.64309,12.22351],[76.64297,12.22352],[76.6421,12.22341],[76.64191,12.22338],[76.64178,12.22342],[76.64198,12.22491],[76.64164,12.22512],[76.64028,12.22547],[76.64018,12.22565],[76.6395,12.22684],[76.63934,12.22764],[76.63921,12.22835],[76.63915,12.22836],[76.63827,12.22856],[76.63827,12.22862],[76.63825,12.22926],[76.63809,12.22927],[76.63802,12.22934],[76.63762,12.22944],[76.63697,12.22801],[76.63694,12.22789],[76.63682,12.22806],[76.63605,12.22926],[76.63633,12.2304],[76.63646,12.23095],[76.63677,12.23203],[76.63687,12.23236],[76.63698,12.23334],[76.63701,12.23378],[76.63714,12.2347],[76.63718,12.23495],[76.63737,12.23627],[76.63741,12.23656],[76.63742,12.23661],[76.63747,12.23749],[76.63769,12.23764],[76.63785,12.23845],[76.63788,12.23857],[76.63793,12.23878],[76.63798,12.23946],[76.63805,12.23956],[76.63858,12.24036],[76.63858,12.24037],[76.63863,12.24044],[76.63862,12.24079],[76.63886,12.24367],[76.63855,12.24374],[76.63699,12.2441],[76.63695,12.24445],[76.6367,12.24674],[76.63663,12.2474],[76.63664,12.24811],[76.63664,12.24847],[76.63665,12.24999],[76.63673,12.24999],[76.6372,12.25001],[76.63758,12.25002],[76.63782,12.25001],[76.63846,12.24998],[76.63901,12.24995],[76.63916,12.24994],[76.64017,12.2499],[76.6412,12.24986],[76.642,12.24985],[76.64323,12.24985],[76.64456,12.24984],[76.64538,12.24983],[76.64559,12.24985],[76.64593,12.24967],[76.64617,12.24968],[76.64647,12.24969],[76.64692,12.24967],[76.64716,12.24972],[76.64733,12.24981],[76.64742,12.24994],[76.64754,12.25015],[76.64771,12.25033],[76.64782,12.2505],[76.64795,12.25055],[76.64798,12.25065],[76.6483,12.25125],[76.64849,12.25139],[76.64865,12.25184],[76.64912,12.25192],[76.64919,12.25188],[76.64933,12.2518],[76.64936,12.2518],[76.64976,12.25179],[76.64983,12.25181],[76.65002,12.25188],[76.65052,12.25205],[76.6506,12.25204],[76.65079,12.25201],[76.65083,12.25201],[76.65093,12.252],[76.65107,12.25198],[76.65116,12.25201],[76.65133,12.25207],[76.65201,12.2523],[76.65207,12.25232],[76.65207,12.25232],[76.65212,12.25265],[76.65214,12.25287],[76.65266,12.25302],[76.65268,12.25302],[76.65559,12.25703],[76.65577,12.25729],[76.65565,12.25822],[76.65565,12.25828],[76.65519,12.25827],[76.65503,12.25827],[76.65503,12.25874],[76.65502,12.25923],[76.65519,12.2594],[76.65529,12.25961],[76.65535,12.2598],[76.65545,12.26009],[76.65563,12.26032],[76.65564,12.26052],[76.65565,12.2609],[76.6557,12.26117],[76.65581,12.26152],[76.65591,12.26175],[76.6561,12.26192],[76.65611,12.26204],[76.65605,12.26244],[76.65603,12.26251],[76.65599,12.26273],[76.65605,12.26276],[76.65605,12.26276],[76.65609,12.26283],[76.65612,12.26287],[76.65607,12.26303],[76.65583,12.2637],[76.65569,12.2642],[76.65569,12.26443],[76.65573,12.26456],[76.65548,12.26457],[76.65545,12.26476],[76.65548,12.26476],[76.65577,12.26474],[76.65578,12.26474],[76.65645,12.26473],[76.65723,12.26476],[76.6574,12.26475],[76.6574,12.26477],[76.6574,12.2648],[76.65742,12.26494],[76.65746,12.26538],[76.65747,12.26542],[76.65766,12.26542],[76.65783,12.26543],[76.65792,12.26543],[76.65882,12.26546],[76.65896,12.26546],[76.65896,12.26546],[76.65868,12.26443],[76.65859,12.26373],[76.65859,12.26367],[76.65871,12.26364],[76.65936,12.2635],[76.65957,12.26343],[76.65977,12.2634],[76.65981,12.2634],[76.65966,12.26323],[76.65953,12.26308],[76.65946,12.26301],[76.65939,12.26294],[76.65922,12.26296],[76.659,12.26303],[76.65881,12.26308],[76.65872,12.26297],[76.65862,12.26232],[76.65862,12.26225],[76.65858,12.26191],[76.65858,12.2619],[76.6586,12.26179],[76.65856,12.26108],[76.65856,12.261],[76.659,12.26106],[76.65917,12.26108],[76.65926,12.26112],[76.65944,12.26109],[76.65984,12.26101],[76.66022,12.26091],[76.66067,12.26078],[76.66133,12.26069],[76.66177,12.26068],[76.66253,12.26065],[76.66287,12.2606],[76.66339,12.26049],[76.6634,12.26051],[76.66341,12.26055],[76.66373,12.26145],[76.66393,12.26144],[76.66394,12.26144],[76.66396,12.26151],[76.66414,12.26207],[76.66417,12.26216],[76.66376,12.26266],[76.66362,12.26288],[76.66387,12.26347],[76.66397,12.26371],[76.66399,12.26376],[76.66448,12.26496],[76.66451,12.2651],[76.66493,12.26632],[76.66497,12.26645],[76.66517,12.26726],[76.66519,12.26742],[76.66525,12.26772],[76.66667,12.26742],[76.66744,12.26725],[76.66829,12.26705],[76.6688,12.26692],[76.66942,12.26677],[76.67089,12.26645],[76.67182,12.26624],[76.67244,12.26612],[76.67245,12.26612],[76.67282,12.2661],[76.68378,12.26794],[76.68611,12.26874],[76.68683,12.26899],[76.68684,12.26899],[76.68698,12.26905],[76.68709,12.26901],[76.68718,12.26897],[76.68746,12.26885],[76.68755,12.26881],[76.68836,12.26845],[76.68834,12.2682],[76.68848,12.26788],[76.68862,12.26761],[76.68858,12.26724],[76.68857,12.26709],[76.68902,12.26706],[76.68906,12.26705],[76.68941,12.26697],[76.68952,12.26694],[76.68997,12.26669],[76.69037,12.2664],[76.69095,12.26636],[76.69106,12.26633],[76.69121,12.2663],[76.6915,12.26624],[76.69159,12.26623],[76.69164,12.26621],[76.69202,12.26616],[76.69217,12.26614],[76.69238,12.26611],[76.69258,12.26608],[76.69283,12.26604],[76.69289,12.26603],[76.69291,12.26601],[76.69302,12.26599],[76.69302,12.26603],[76.69307,12.26618],[76.69308,12.26619],[76.69438,12.26617],[76.69516,12.26619],[76.6952,12.26619],[76.69533,12.26621],[76.69546,12.26624],[76.69548,12.26624],[76.69553,12.26625],[76.69553,12.26584],[76.69558,12.26584],[76.69649,12.26574],[76.69667,12.26572],[76.69782,12.26557],[76.69889,12.26565],[76.69896,12.26565],[76.69901,12.26537],[76.6991,12.26531],[76.69911,12.26504],[76.69917,12.26505],[76.69938,12.26507],[76.69962,12.2651],[76.69977,12.26511],[76.70005,12.26514],[76.70021,12.26519],[76.70027,12.26521],[76.70024,12.26532],[76.70053,12.26538],[76.70084,12.2653],[76.70114,12.26522],[76.7013,12.26525],[76.70195,12.26541],[76.70209,12.26543],[76.702,12.26581],[76.70194,12.26608],[76.70187,12.26618],[76.7018,12.26622],[76.70151,12.26663],[76.70129,12.26693],[76.70094,12.26754],[76.70066,12.26855],[76.70064,12.26872],[76.70062,12.26931],[76.70061,12.2694],[76.70083,12.26952],[76.70101,12.2696],[76.70121,12.26964],[76.70127,12.26958],[76.70141,12.26961],[76.70152,12.26964],[76.70152,12.26964],[76.70194,12.26975],[76.7021,12.26978],[76.70219,12.26981],[76.70243,12.2699],[76.70244,12.26986],[76.70246,12.26979],[76.70247,12.26977],[76.70257,12.26978],[76.70312,12.26989],[76.70379,12.26996],[76.70381,12.26995],[76.70437,12.26992],[76.70548,12.26993],[76.70599,12.27017],[76.70599,12.27024],[76.70601,12.27068],[76.70602,12.27083],[76.70611,12.27076],[76.70668,12.2704],[76.7067,12.27044],[76.7068,12.27067],[76.70682,12.2707],[76.7071,12.27073],[76.70722,12.27074],[76.70701,12.27163],[76.7073,12.27166],[76.70738,12.27167],[76.70823,12.2719],[76.70836,12.2719],[76.70845,12.2719],[76.70876,12.27189],[76.70894,12.27186],[76.70908,12.27185],[76.70903,12.27198],[76.70906,12.27217],[76.70913,12.2724],[76.70927,12.27303],[76.70938,12.27309],[76.70946,12.27316],[76.70953,12.27322],[76.70974,12.27333],[76.70988,12.27353],[76.7101,12.27378],[76.71057,12.27378],[76.71058,12.27389],[76.71059,12.27412],[76.71071,12.27409],[76.71115,12.274],[76.71131,12.27396],[76.71147,12.27407],[76.71149,12.27409],[76.71151,12.2741],[76.71153,12.27412],[76.71167,12.27412],[76.71163,12.27402],[76.71167,12.27365],[76.71167,12.27364],[76.71168,12.27353],[76.71167,12.27339],[76.71164,12.27315],[76.71163,12.27307]]]]},"properties":{"name":"Kadakola","townType":"TP","level":"town","shedId":"C05CAM22"}},{"type":"Feature","geometry":{"type":"Polygon","coordinates":[[[76.71703,12.30369],[76.71703,12.30324],[76.71712,12.30324],[76.71811,12.30318],[76.71811,12.30316],[76.71817,12.30316],[76.71812,12.30224],[76.71811,12.30202],[76.71804,12.30202],[76.71805,12.30199],[76.71804,12.30167],[76.71802,12.30053],[76.71801,12.30031],[76.71799,12.2998],[76.71799,12.29977],[76.71796,12.29945],[76.71792,12.2991],[76.7179,12.29887],[76.71789,12.29872],[76.71787,12.29867],[76.71777,12.29828],[76.71775,12.2982],[76.71768,12.29787],[76.71768,12.29785],[76.71762,12.2974],[76.71757,12.29697],[76.71756,12.29686],[76.71751,12.29643],[76.7175,12.29623],[76.7175,12.29569],[76.71841,12.29566],[76.71847,12.29567],[76.71856,12.29555],[76.71859,12.29482],[76.71859,12.29481],[76.71859,12.29446],[76.71851,12.29446],[76.71858,12.29408],[76.71865,12.29382],[76.7187,12.29368],[76.7187,12.29349],[76.71865,12.29348],[76.71864,12.29348],[76.71779,12.29336],[76.71778,12.29334],[76.71772,12.29281],[76.71774,12.29206],[76.71774,12.29188],[76.71774,12.29181],[76.71773,12.29171],[76.71702,12.29167],[76.71702,12.29163],[76.71702,12.29159],[76.71703,12.29151],[76.71705,12.29077],[76.71704,12.29057],[76.71692,12.29051],[76.71695,12.29044],[76.71696,12.29037],[76.71702,12.29005],[76.71703,12.28991],[76.71703,12.28962],[76.71708,12.28929],[76.71706,12.28915],[76.71707,12.2891],[76.71717,12.28838],[76.71717,12.28813],[76.71716,12.28803],[76.71714,12.28747],[76.71726,12.28746],[76.71738,12.28744],[76.71738,12.28741],[76.71737,12.28719],[76.71736,12.28672],[76.71736,12.2867],[76.7174,12.28647],[76.71737,12.2863],[76.71736,12.2862],[76.71735,12.28612],[76.71733,12.28609],[76.71728,12.28597],[76.71729,12.28596],[76.7174,12.28585],[76.71721,12.28582],[76.7172,12.28582],[76.71716,12.28582],[76.71713,12.28582],[76.71709,12.28583],[76.71705,12.28583],[76.7166,12.28587],[76.71533,12.28577],[76.71533,12.28589],[76.7153,12.28589],[76.71436,12.28589],[76.71426,12.28587],[76.71409,12.28527],[76.714,12.28462],[76.71398,12.28429],[76.71391,12.28429],[76.71384,12.28428],[76.71369,12.28427],[76.71342,12.28426],[76.71327,12.28428],[76.71307,12.2843],[76.71242,12.28447],[76.71205,12.28458],[76.71173,12.28469],[76.71117,12.28472],[76.7111,12.28472],[76.71085,12.28473],[76.71079,12.28473],[76.71065,12.28473],[76.71065,12.28502],[76.71036,12.285],[76.71027,12.28499],[76.70989,12.28495],[76.70884,12.285],[76.70864,12.28495],[76.70838,12.28489],[76.70814,12.28483],[76.7081,12.285],[76.70746,12.28474],[76.70748,12.28461],[76.70752,12.28421],[76.70732,12.28426],[76.70692,12.28436],[76.70669,12.28427],[76.70632,12.28476],[76.70628,12.28481],[76.7062,12.2849],[76.70587,12.28507],[76.70575,12.28511],[76.70502,12.28535],[76.70494,12.28548],[76.70483,12.28563],[76.70373,12.28722],[76.70314,12.28807],[76.70314,12.28827],[76.70156,12.28662],[76.7008,12.28584],[76.70065,12.28583],[76.70052,12.28582],[76.70002,12.28579],[76.6997,12.28577],[76.6996,12.28577],[76.69998,12.28637],[76.69907,12.28625],[76.69473,12.28622],[76.69472,12.28624],[76.69455,12.28715],[76.69421,12.28898],[76.69415,12.28931],[76.69404,12.28993],[76.69389,12.29363],[76.69378,12.29454],[76.69359,12.29601],[76.69343,12.29732],[76.69346,12.29777],[76.69346,12.29785],[76.69353,12.29886],[76.69386,12.29859],[76.69423,12.29841],[76.69543,12.29823],[76.69578,12.29818],[76.69705,12.2982],[76.69819,12.29839],[76.69889,12.29866],[76.69954,12.29826],[76.69965,12.29819],[76.70059,12.29763],[76.70059,12.29757],[76.70087,12.29741],[76.70091,12.29739],[76.70095,12.29737],[76.70119,12.29723],[76.70142,12.2971],[76.70231,12.29659],[76.70333,12.29601],[76.70364,12.29579],[76.70368,12.29576],[76.70399,12.29554],[76.7041,12.29533],[76.70428,12.29524],[76.70458,12.29492],[76.70473,12.29471],[76.70481,12.2946],[76.70495,12.2944],[76.70498,12.29435],[76.70512,12.29417],[76.70513,12.29418],[76.70523,12.29427],[76.70536,12.29437],[76.70539,12.29439],[76.70548,12.29446],[76.7055,12.29451],[76.70547,12.29502],[76.70541,12.29635],[76.70538,12.29697],[76.70537,12.29716],[76.70537,12.2972],[76.705,12.29725],[76.70454,12.29731],[76.70455,12.29735],[76.70455,12.29757],[76.70457,12.29837],[76.70458,12.29849],[76.7046,12.29899],[76.70461,12.29909],[76.70474,12.30011],[76.70479,12.30045],[76.7048,12.30056],[76.70495,12.30166],[76.70493,12.30166],[76.70441,12.30168],[76.70433,12.30168],[76.70538,12.30213],[76.70621,12.30235],[76.70768,12.30235],[76.70815,12.30234],[76.70953,12.30241],[76.71165,12.30235],[76.71331,12.30243],[76.71484,12.30282],[76.71686,12.30369],[76.71703,12.30375],[76.71703,12.30369]]]},"properties":{"name":"Rammanahalli","townType":"TP","level":"town","shedId":"C05CAM22"}},{"type":"Feature","geometry":{"type":"MultiPolygon","coordinates":[[[[76.61815,12.2703],[76.61817,12.27028],[76.61825,12.27023],[76.61829,12.27022],[76.61833,12.2702],[76.61844,12.27015],[76.61851,12.27012],[76.61879,12.27003],[76.61879,12.27003],[76.61891,12.26998],[76.61905,12.26993],[76.61906,12.26992],[76.61905,12.26988],[76.61883,12.26919],[76.61883,12.26919],[76.61888,12.26865],[76.61888,12.26838],[76.61888,12.26835],[76.61888,12.26812],[76.61889,12.2676],[76.6189,12.26743],[76.61886,12.26707],[76.61886,12.26704],[76.61885,12.26693],[76.61884,12.26687],[76.61876,12.26634],[76.61865,12.26576],[76.61932,12.26567],[76.61935,12.26566],[76.61934,12.26548],[76.61934,12.26533],[76.61932,12.26514],[76.61929,12.26467],[76.61928,12.26449],[76.61928,12.26444],[76.61927,12.2644],[76.61924,12.26414],[76.61918,12.2636],[76.61918,12.26353],[76.61918,12.26344],[76.61918,12.26321],[76.61915,12.26279],[76.61915,12.26276],[76.61914,12.26266],[76.61911,12.2621],[76.61911,12.26207],[76.61909,12.26177],[76.61909,12.26173],[76.61912,12.26159],[76.61919,12.26133],[76.6192,12.26128],[76.61922,12.26122],[76.61926,12.26111],[76.61937,12.26111],[76.61944,12.2608],[76.61946,12.26069],[76.61948,12.2606],[76.61951,12.26042],[76.61952,12.26029],[76.61953,12.26026],[76.61963,12.25996],[76.61964,12.25995],[76.61976,12.25963],[76.61989,12.25945],[76.6199,12.25943],[76.61996,12.25945],[76.61999,12.25938],[76.62,12.25936],[76.6201,12.25913],[76.62024,12.25872],[76.62028,12.2586],[76.62034,12.25839],[76.62063,12.25752],[76.62068,12.25742],[76.62079,12.257],[76.62088,12.25681],[76.62089,12.25678],[76.62111,12.2563],[76.62136,12.25565],[76.62178,12.25642],[76.62182,12.25648],[76.62188,12.25659],[76.6219,12.25662],[76.62248,12.25763],[76.62258,12.2578],[76.62268,12.25798],[76.62291,12.2584],[76.62297,12.25851],[76.62346,12.25937],[76.62398,12.26029],[76.62408,12.26047],[76.62432,12.26089],[76.62459,12.2612],[76.62509,12.26183],[76.62513,12.26188],[76.62516,12.26192],[76.62525,12.26204],[76.62539,12.26222],[76.62618,12.26334],[76.62627,12.26348],[76.62671,12.26412],[76.62684,12.26412],[76.62694,12.26441],[76.62746,12.26434],[76.6281,12.2642],[76.62897,12.26392],[76.62901,12.26391],[76.62906,12.26385],[76.62927,12.26385],[76.62967,12.26399],[76.62974,12.26401],[76.62991,12.26408],[76.62992,12.26408],[76.62992,12.26408],[76.63013,12.26417],[76.63023,12.26421],[76.63082,12.26444],[76.63102,12.26452],[76.63112,12.26456],[76.6312,12.26459],[76.63123,12.2646],[76.63182,12.26485],[76.63195,12.26491],[76.632,12.26494],[76.63217,12.26502],[76.63217,12.26502],[76.63218,12.26502],[76.63246,12.26519],[76.63248,12.2652],[76.6326,12.26526],[76.63274,12.26525],[76.63287,12.26515],[76.63284,12.26502],[76.6328,12.26485],[76.63272,12.26451],[76.63264,12.26417],[76.63259,12.26369],[76.63201,12.26373],[76.63199,12.26362],[76.63198,12.26356],[76.6319,12.26314],[76.63189,12.26307],[76.63222,12.26299],[76.63229,12.26297],[76.63232,12.26296],[76.63222,12.26248],[76.63218,12.26231],[76.63216,12.26224],[76.63251,12.26213],[76.6326,12.2621],[76.63264,12.26209],[76.63168,12.26049],[76.63153,12.25994],[76.63152,12.25992],[76.63152,12.2599],[76.6315,12.25984],[76.63225,12.25966],[76.63225,12.25966],[76.63232,12.25964],[76.63266,12.25901],[76.6334,12.25762],[76.63339,12.25759],[76.63337,12.25755],[76.63337,12.25753],[76.63351,12.25742],[76.63355,12.25739],[76.63356,12.25738],[76.63364,12.25731],[76.63375,12.25712],[76.63375,12.25712],[76.63396,12.2569],[76.63421,12.25665],[76.63441,12.25643],[76.63463,12.25614],[76.63463,12.25614],[76.63468,12.25607],[76.63477,12.25595],[76.63484,12.25586],[76.63656,12.25511],[76.63673,12.25504],[76.63807,12.25446],[76.6385,12.25502],[76.63949,12.25555],[76.63963,12.25554],[76.64043,12.25547],[76.64063,12.25553],[76.64073,12.25556],[76.64073,12.25557],[76.64105,12.25577],[76.64212,12.25651],[76.64269,12.2569],[76.64322,12.25712],[76.64358,12.25727],[76.64381,12.25742],[76.64396,12.25752],[76.64398,12.25754],[76.64434,12.25748],[76.6444,12.25747],[76.64476,12.2575],[76.64619,12.25793],[76.64626,12.25796],[76.64726,12.25834],[76.64758,12.25836],[76.64762,12.25836],[76.64848,12.25842],[76.64864,12.25844],[76.64871,12.25844],[76.64877,12.2583],[76.64874,12.25712],[76.64885,12.25689],[76.6489,12.25679],[76.649,12.25669],[76.64909,12.25661],[76.64925,12.25678],[76.64954,12.25695],[76.65012,12.25718],[76.65062,12.25731],[76.65075,12.25744],[76.6509,12.25747],[76.6533,12.25801],[76.65338,12.25801],[76.65339,12.25801],[76.6542,12.25804],[76.65499,12.25807],[76.65501,12.25807],[76.65502,12.25824],[76.65503,12.25827],[76.65519,12.25827],[76.65565,12.25828],[76.65565,12.25822],[76.6557,12.25782],[76.65577,12.25729],[76.65559,12.25703],[76.65268,12.25302],[76.65266,12.25302],[76.65214,12.25287],[76.65212,12.25265],[76.65207,12.25232],[76.65207,12.25232],[76.65201,12.2523],[76.65133,12.25207],[76.65116,12.25201],[76.65107,12.25198],[76.65093,12.252],[76.65083,12.25201],[76.65079,12.25201],[76.6506,12.25204],[76.65052,12.25205],[76.65002,12.25188],[76.64983,12.25181],[76.64976,12.25179],[76.64936,12.2518],[76.64933,12.2518],[76.64919,12.25188],[76.64912,12.25192],[76.64865,12.25184],[76.64849,12.25139],[76.6483,12.25125],[76.64798,12.25065],[76.64795,12.25055],[76.64782,12.2505],[76.64771,12.25033],[76.64754,12.25015],[76.64742,12.24994],[76.64733,12.24981],[76.64716,12.24972],[76.64692,12.24967],[76.64647,12.24969],[76.64617,12.24968],[76.64593,12.24967],[76.64559,12.24985],[76.64538,12.24983],[76.64456,12.24984],[76.64323,12.24985],[76.642,12.24985],[76.6412,12.24986],[76.64017,12.2499],[76.63916,12.24994],[76.63901,12.24995],[76.63846,12.24998],[76.63782,12.25001],[76.63758,12.25002],[76.6372,12.25001],[76.63673,12.24999],[76.63665,12.24999],[76.63664,12.24847],[76.63664,12.24811],[76.63663,12.2474],[76.6367,12.24674],[76.63695,12.24445],[76.63699,12.2441],[76.63855,12.24374],[76.63886,12.24367],[76.63862,12.24079],[76.63863,12.24044],[76.63858,12.24037],[76.63858,12.24036],[76.63805,12.23956],[76.63798,12.23946],[76.63793,12.23878],[76.63788,12.23857],[76.63785,12.23845],[76.63769,12.23764],[76.63747,12.23749],[76.63742,12.23661],[76.63741,12.23656],[76.63737,12.23627],[76.63718,12.23495],[76.63714,12.2347],[76.63701,12.23378],[76.63698,12.23334],[76.63687,12.23236],[76.63677,12.23203],[76.63646,12.23095],[76.63633,12.2304],[76.63605,12.22926],[76.63682,12.22806],[76.63694,12.22789],[76.63697,12.22801],[76.63762,12.22944],[76.63802,12.22934],[76.63809,12.22927],[76.63811,12.22927],[76.63761,12.2266],[76.63639,12.22571],[76.63582,12.22744],[76.63562,12.22744],[76.63548,12.22744],[76.63502,12.22744],[76.63498,12.22663],[76.63498,12.22662],[76.63396,12.22664],[76.63368,12.22665],[76.63364,12.22628],[76.63362,12.22619],[76.63361,12.22614],[76.6332,12.22615],[76.63304,12.22616],[76.63266,12.22611],[76.63263,12.22611],[76.63202,12.22627],[76.6312,12.22648],[76.63087,12.22656],[76.63082,12.22657],[76.62993,12.22465],[76.62995,12.22409],[76.62996,12.22407],[76.62996,12.22384],[76.63062,12.22269],[76.6307,12.22201],[76.63138,12.22192],[76.63141,12.22099],[76.63173,12.221],[76.6324,12.22101],[76.63239,12.22093],[76.63237,12.22055],[76.63239,12.22023],[76.63241,12.22006],[76.6324,12.21936],[76.63239,12.21933],[76.63239,12.2189],[76.63239,12.21889],[76.63238,12.21882],[76.63238,12.21876],[76.63253,12.21868],[76.63251,12.21802],[76.63249,12.21731],[76.63234,12.21735],[76.63219,12.21738],[76.63216,12.21739],[76.6321,12.21741],[76.63197,12.21744],[76.63185,12.2174],[76.63178,12.2171],[76.63178,12.217],[76.63184,12.21658],[76.63183,12.2158],[76.63173,12.21543],[76.63171,12.21535],[76.63166,12.21518],[76.63153,12.2147],[76.63155,12.21421],[76.63176,12.21368],[76.63163,12.21318],[76.6313,12.21297],[76.63106,12.21282],[76.63102,12.2126],[76.63076,12.21262],[76.63076,12.21267],[76.63077,12.213],[76.63077,12.21362],[76.63061,12.21362],[76.63004,12.21363],[76.62934,12.21377],[76.62932,12.21377],[76.62927,12.21376],[76.6292,12.21375],[76.62917,12.21375],[76.62821,12.21344],[76.62795,12.21304],[76.62765,12.21259],[76.6273,12.21257],[76.62706,12.21205],[76.62689,12.21169],[76.62677,12.21158],[76.62673,12.21153],[76.62662,12.21144],[76.62633,12.21147],[76.62614,12.21142],[76.62611,12.21141],[76.62314,12.21066],[76.62254,12.21084],[76.62107,12.2113],[76.61923,12.21185],[76.61915,12.21188],[76.61884,12.21198],[76.61884,12.21198],[76.6188,12.21198],[76.6174,12.21216],[76.6161,12.21234],[76.61511,12.21257],[76.61502,12.2126],[76.61236,12.2132],[76.6121,12.21326],[76.61173,12.21334],[76.61113,12.2135],[76.61106,12.2137],[76.61106,12.21371],[76.61097,12.21396],[76.61071,12.21475],[76.61052,12.2153],[76.61036,12.21576],[76.61017,12.21642],[76.61013,12.21656],[76.61005,12.21683],[76.61001,12.21696],[76.61005,12.21763],[76.61005,12.21766],[76.61005,12.21774],[76.61007,12.21822],[76.61007,12.21873],[76.6101,12.21873],[76.61062,12.2187],[76.61061,12.21907],[76.61059,12.21928],[76.61058,12.2194],[76.61057,12.21954],[76.61055,12.21977],[76.61023,12.22432],[76.61015,12.22564],[76.60995,12.2279],[76.6099,12.22835],[76.60987,12.22863],[76.60987,12.22867],[76.60986,12.22876],[76.60985,12.22881],[76.61132,12.22977],[76.6124,12.23051],[76.61333,12.23111],[76.61337,12.23114],[76.61341,12.23257],[76.61342,12.2329],[76.61328,12.2336],[76.61337,12.23426],[76.61344,12.23479],[76.61363,12.2362],[76.61367,12.23728],[76.61367,12.23737],[76.61471,12.23742],[76.61543,12.23726],[76.61572,12.23719],[76.6166,12.23697],[76.61672,12.23691],[76.6168,12.23688],[76.61677,12.2371],[76.61674,12.2373],[76.61673,12.23739],[76.61677,12.23755],[76.61683,12.23778],[76.61788,12.24184],[76.6183,12.24353],[76.61834,12.24364],[76.61833,12.24372],[76.61832,12.24383],[76.61839,12.2439],[76.61842,12.24399],[76.61841,12.24411],[76.61831,12.24419],[76.61825,12.24431],[76.61821,12.24447],[76.61803,12.24468],[76.61785,12.24494],[76.61782,12.24503],[76.61782,12.24533],[76.61784,12.24557],[76.61784,12.24577],[76.61779,12.24592],[76.61774,12.24599],[76.61784,12.24601],[76.61791,12.24602],[76.61799,12.24604],[76.61801,12.24605],[76.6179,12.24648],[76.61788,12.24656],[76.61769,12.24671],[76.61738,12.24695],[76.6169,12.247],[76.61707,12.24709],[76.61704,12.24709],[76.61693,12.2471],[76.61633,12.24714],[76.61632,12.24714],[76.61619,12.24715],[76.61611,12.24729],[76.61588,12.24754],[76.61552,12.24779],[76.61555,12.24781],[76.61533,12.24797],[76.61532,12.24797],[76.61432,12.2482],[76.61391,12.24827],[76.61382,12.24828],[76.61357,12.24828],[76.61267,12.24831],[76.6124,12.24839],[76.61162,12.24861],[76.61162,12.24864],[76.61149,12.24998],[76.6114,12.25081],[76.61135,12.25085],[76.61132,12.25088],[76.6113,12.251],[76.61112,12.25194],[76.61112,12.2521],[76.6111,12.25288],[76.61,12.25288],[76.60999,12.25288],[76.60984,12.25278],[76.60984,12.25278],[76.60961,12.25275],[76.60952,12.25274],[76.60841,12.25255],[76.60807,12.25249],[76.60794,12.25249],[76.60746,12.25248],[76.607,12.25249],[76.60693,12.25249],[76.60604,12.25257],[76.60573,12.25259],[76.60468,12.25279],[76.60452,12.25281],[76.60441,12.25282],[76.60434,12.25273],[76.60433,12.25271],[76.60412,12.25264],[76.60384,12.25275],[76.60369,12.25269],[76.60349,12.25249],[76.60342,12.2525],[76.60323,12.25252],[76.60221,12.25263],[76.60221,12.2527],[76.60222,12.25303],[76.60223,12.2532],[76.60243,12.25403],[76.60242,12.25412],[76.60232,12.255],[76.60219,12.25502],[76.60188,12.25626],[76.60163,12.25627],[76.60071,12.25632],[76.60004,12.25636],[76.59998,12.25636],[76.59998,12.25636],[76.59911,12.25733],[76.59806,12.25823],[76.59793,12.25835],[76.59752,12.2587],[76.59751,12.25871],[76.59746,12.25876],[76.59745,12.25907],[76.59745,12.25917],[76.59745,12.25963],[76.59744,12.26017],[76.59742,12.26067],[76.5973,12.26207],[76.59734,12.26266],[76.59741,12.26303],[76.59741,12.26304],[76.59742,12.26312],[76.59743,12.26315],[76.59744,12.26322],[76.5975,12.26355],[76.59743,12.26394],[76.59756,12.26482],[76.59781,12.26678],[76.59803,12.26781],[76.59838,12.26889],[76.59842,12.26911],[76.59976,12.26916],[76.60052,12.26914],[76.60075,12.26916],[76.60129,12.26917],[76.60133,12.26918],[76.60198,12.26923],[76.60202,12.26923],[76.60233,12.26919],[76.60301,12.26911],[76.60322,12.26909],[76.60329,12.26908],[76.60422,12.26891],[76.60517,12.26874],[76.60529,12.26871],[76.60539,12.26869],[76.60568,12.26877],[76.60573,12.26878],[76.60591,12.26876],[76.60696,12.26867],[76.60735,12.26864],[76.60741,12.26863],[76.60784,12.26858],[76.60794,12.26875],[76.60816,12.26881],[76.60883,12.26899],[76.61562,12.2714],[76.61787,12.27222],[76.61957,12.2725],[76.62009,12.27259],[76.62016,12.2726],[76.62012,12.27256],[76.61979,12.2722],[76.61869,12.27104],[76.6184,12.27073],[76.61838,12.27072],[76.61812,12.27045],[76.61805,12.27038],[76.61815,12.2703]]]]},"properties":{"name":"Srirampura","townType":"TP","level":"town","shedId":"C05CAM22"}},{"type":"Feature","geometry":{"type":"MultiPolygon","coordinates":[[[[76.6791,11.80104],[76.67909,11.80103],[76.67881,11.80091],[76.67874,11.80087],[76.67864,11.80083],[76.67858,11.80074],[76.67847,11.8006],[76.67847,11.80059],[76.67813,11.80045],[76.67792,11.80035],[76.67792,11.80036],[76.67782,11.80032],[76.67751,11.80065],[76.67749,11.80075],[76.67748,11.80085],[76.67743,11.80116],[76.67738,11.80164],[76.67759,11.8017],[76.67757,11.80173],[76.67761,11.80176],[76.67762,11.80177],[76.67773,11.80186],[76.67788,11.80199],[76.67795,11.80205],[76.67805,11.80211],[76.67815,11.80215],[76.67824,11.80217],[76.67833,11.8022],[76.6785,11.80229],[76.6786,11.80235],[76.67871,11.80241],[76.6787,11.80246],[76.67869,11.80258],[76.67861,11.80325],[76.67857,11.80359],[76.67854,11.80377],[76.67884,11.80379],[76.67919,11.80382],[76.67919,11.80389],[76.67918,11.80391],[76.67917,11.80398],[76.67919,11.8048],[76.67919,11.80535],[76.67919,11.8056],[76.67919,11.80624],[76.67919,11.80664],[76.67915,11.80719],[76.67914,11.80724],[76.67899,11.80721],[76.67892,11.8072],[76.67891,11.80737],[76.67891,11.80746],[76.67895,11.80813],[76.67895,11.80817],[76.67882,11.80818],[76.67873,11.80819],[76.67875,11.80857],[76.67876,11.80894],[76.67934,11.80903],[76.67929,11.80999],[76.67936,11.81011],[76.67935,11.81025],[76.67935,11.81026],[76.67935,11.8103],[76.6793,11.81115],[76.67928,11.81141],[76.67928,11.81142],[76.67928,11.8115],[76.67928,11.81161],[76.67898,11.81164],[76.67857,11.81168],[76.67847,11.81169],[76.67845,11.81242],[76.67848,11.8128],[76.67853,11.81333],[76.67863,11.8143],[76.67865,11.81449],[76.67873,11.81449],[76.67882,11.81448],[76.6796,11.81448],[76.67962,11.81435],[76.67988,11.81435],[76.67989,11.81437],[76.6799,11.81461],[76.67993,11.81517],[76.67995,11.81541],[76.67997,11.81565],[76.68002,11.81565],[76.68023,11.81566],[76.68087,11.81571],[76.68086,11.81578],[76.68085,11.81588],[76.68085,11.81588],[76.68086,11.81602],[76.68086,11.81606],[76.68087,11.81649],[76.68087,11.81653],[76.68089,11.81699],[76.6809,11.81724],[76.68093,11.81727],[76.68097,11.8173],[76.68165,11.8179],[76.68167,11.818],[76.68172,11.8182],[76.68185,11.81843],[76.68179,11.81847],[76.68171,11.81851],[76.68166,11.81866],[76.68163,11.81913],[76.6816,11.81936],[76.68158,11.81954],[76.68157,11.81965],[76.68159,11.8198],[76.68074,11.81985],[76.68076,11.82026],[76.68078,11.82074],[76.68079,11.82086],[76.68053,11.82094],[76.68013,11.82106],[76.6801,11.82106],[76.67997,11.82108],[76.67983,11.8211],[76.67971,11.82112],[76.67908,11.82121],[76.67905,11.82121],[76.6781,11.8214],[76.67753,11.82151],[76.67703,11.82145],[76.67684,11.82149],[76.67679,11.8215],[76.67674,11.82152],[76.67674,11.82187],[76.67674,11.82189],[76.67673,11.82254],[76.67671,11.82328],[76.67759,11.8233],[76.67763,11.82327],[76.67772,11.82321],[76.67811,11.82323],[76.67846,11.82325],[76.6787,11.82326],[76.6793,11.82319],[76.67986,11.82329],[76.68013,11.82333],[76.68081,11.82343],[76.6811,11.82348],[76.68136,11.82365],[76.68233,11.8239],[76.6825,11.82392],[76.68302,11.824],[76.68303,11.82408],[76.68303,11.82411],[76.68307,11.82412],[76.68373,11.82427],[76.68379,11.82429],[76.684,11.82445],[76.6841,11.82453],[76.68429,11.82468],[76.68462,11.82477],[76.68509,11.82485],[76.68585,11.82499],[76.68602,11.82504],[76.68624,11.82509],[76.68658,11.82496],[76.68716,11.82488],[76.68722,11.82487],[76.68775,11.82484],[76.68834,11.8248],[76.68883,11.82476],[76.68891,11.8248],[76.68894,11.82481],[76.68894,11.82582],[76.689,11.82583],[76.68904,11.82583],[76.68971,11.82566],[76.69037,11.8255],[76.69045,11.82528],[76.6919,11.82517],[76.6919,11.82518],[76.69196,11.82578],[76.692,11.82578],[76.69305,11.82569],[76.69329,11.82567],[76.69329,11.82567],[76.69333,11.82567],[76.69343,11.82571],[76.69347,11.82572],[76.69349,11.82573],[76.69351,11.82574],[76.69383,11.8257],[76.69397,11.82568],[76.69397,11.82569],[76.69402,11.82638],[76.6942,11.82636],[76.69485,11.8263],[76.69503,11.82628],[76.69517,11.82626],[76.6952,11.82637],[76.69673,11.82619],[76.69672,11.82617],[76.69661,11.8256],[76.69674,11.82547],[76.69672,11.82511],[76.69671,11.82497],[76.69667,11.8247],[76.69667,11.82469],[76.69634,11.82467],[76.69559,11.82475],[76.695,11.82485],[76.69482,11.82487],[76.69478,11.82487],[76.69499,11.82438],[76.69497,11.82399],[76.69497,11.82388],[76.69466,11.82336],[76.69462,11.82325],[76.69458,11.82312],[76.69455,11.8227],[76.69466,11.82206],[76.6947,11.82179],[76.6947,11.82163],[76.69479,11.82147],[76.69553,11.8214],[76.69556,11.8214],[76.69602,11.82144],[76.69652,11.82148],[76.6967,11.8215],[76.69694,11.82154],[76.6978,11.82165],[76.69804,11.82164],[76.69815,11.82163],[76.69862,11.82158],[76.69888,11.82158],[76.69954,11.82156],[76.70059,11.82151],[76.70074,11.82151],[76.70082,11.82149],[76.70089,11.82147],[76.70161,11.82129],[76.70165,11.82128],[76.70162,11.82126],[76.70163,11.82124],[76.70164,11.8212],[76.70164,11.8212],[76.70166,11.82116],[76.70167,11.82108],[76.70174,11.82104],[76.70181,11.82103],[76.70185,11.82102],[76.70193,11.82099],[76.70194,11.82096],[76.70189,11.82084],[76.70185,11.82072],[76.70174,11.8207],[76.70165,11.82052],[76.70154,11.82031],[76.70144,11.8201],[76.70144,11.8201],[76.70069,11.8201],[76.70064,11.82011],[76.70054,11.81999],[76.70053,11.81995],[76.7005,11.81982],[76.70049,11.81978],[76.70034,11.81978],[76.70032,11.81978],[76.70032,11.81978],[76.7003,11.81975],[76.70028,11.81966],[76.70026,11.81962],[76.70025,11.81957],[76.70012,11.81954],[76.70003,11.81951],[76.70002,11.81945],[76.69993,11.81928],[76.6999,11.81923],[76.69988,11.81918],[76.69986,11.81914],[76.69983,11.81908],[76.69982,11.81906],[76.69981,11.81892],[76.69987,11.81888],[76.69987,11.81888],[76.69987,11.81886],[76.69984,11.81871],[76.69983,11.81867],[76.69983,11.81863],[76.69983,11.81862],[76.69982,11.81842],[76.69982,11.81822],[76.6998,11.81819],[76.69976,11.81813],[76.69986,11.81814],[76.69996,11.81815],[76.70005,11.81815],[76.69995,11.81788],[76.69992,11.81782],[76.7,11.8173],[76.70007,11.81664],[76.70009,11.81664],[76.70015,11.81663],[76.70016,11.81663],[76.70061,11.81658],[76.70071,11.81663],[76.70073,11.81664],[76.70079,11.81666],[76.70082,11.81664],[76.70096,11.81652],[76.70112,11.8164],[76.70114,11.81639],[76.70139,11.81625],[76.70168,11.81608],[76.70169,11.81605],[76.70178,11.81584],[76.70183,11.8157],[76.70189,11.81557],[76.7019,11.81555],[76.70194,11.81534],[76.70198,11.81518],[76.70198,11.81515],[76.70198,11.81515],[76.70198,11.81511],[76.702,11.81489],[76.702,11.81487],[76.70201,11.81447],[76.70198,11.81429],[76.7019,11.81419],[76.70157,11.81406],[76.7015,11.81396],[76.70144,11.81385],[76.70137,11.81371],[76.7014,11.81351],[76.70148,11.81345],[76.70154,11.81337],[76.70157,11.81333],[76.70155,11.81328],[76.70156,11.81322],[76.70156,11.81308],[76.70158,11.81304],[76.70158,11.81303],[76.70158,11.81292],[76.70152,11.81287],[76.70148,11.81283],[76.70146,11.81281],[76.70147,11.81281],[76.70153,11.81282],[76.70155,11.81282],[76.70154,11.8128],[76.70149,11.81246],[76.70149,11.81238],[76.70149,11.81238],[76.70164,11.81229],[76.70164,11.81228],[76.70175,11.81221],[76.70179,11.81219],[76.70179,11.81219],[76.70203,11.81205],[76.70206,11.81203],[76.70207,11.81185],[76.70208,11.81167],[76.70211,11.81129],[76.70211,11.81123],[76.70246,11.81128],[76.70248,11.81129],[76.70252,11.81121],[76.70257,11.81109],[76.7026,11.81105],[76.70315,11.81109],[76.7036,11.81122],[76.70397,11.81116],[76.70415,11.81113],[76.70415,11.81114],[76.70415,11.81117],[76.70416,11.81133],[76.70416,11.81133],[76.70419,11.81131],[76.70448,11.81119],[76.70452,11.81117],[76.70464,11.81113],[76.70461,11.81111],[76.7045,11.811],[76.70429,11.81081],[76.70331,11.80992],[76.70322,11.80991],[76.70222,11.80983],[76.7022,11.80975],[76.70216,11.80962],[76.70213,11.80952],[76.70193,11.80929],[76.70181,11.80915],[76.70178,11.80911],[76.70165,11.80912],[76.70158,11.80912],[76.70147,11.80891],[76.70141,11.8088],[76.70141,11.80879],[76.70144,11.80873],[76.70146,11.8087],[76.70148,11.80867],[76.70145,11.80851],[76.70134,11.80849],[76.70089,11.80842],[76.70036,11.80818],[76.7,11.80856],[76.7,11.80856],[76.69989,11.80865],[76.69981,11.80871],[76.69901,11.8091],[76.69874,11.80914],[76.6983,11.80919],[76.69824,11.80891],[76.69824,11.80889],[76.69802,11.80884],[76.69773,11.80878],[76.6973,11.8087],[76.69698,11.80852],[76.69696,11.80838],[76.69694,11.80811],[76.69693,11.80796],[76.6969,11.80764],[76.69665,11.80721],[76.6965,11.80657],[76.6967,11.80656],[76.69668,11.80623],[76.69668,11.80621],[76.69655,11.80605],[76.69652,11.80602],[76.6966,11.80602],[76.69674,11.80599],[76.69679,11.80598],[76.69677,11.8059],[76.69675,11.80584],[76.697,11.80581],[76.69714,11.8058],[76.69723,11.80582],[76.69728,11.80581],[76.6974,11.80578],[76.69745,11.80576],[76.69746,11.80578],[76.69747,11.80582],[76.69752,11.80597],[76.69754,11.80606],[76.69756,11.80614],[76.69758,11.80619],[76.6976,11.80624],[76.6976,11.80625],[76.69762,11.80631],[76.69763,11.80635],[76.69771,11.80661],[76.69775,11.80676],[76.69782,11.80699],[76.69786,11.80707],[76.69789,11.80715],[76.69792,11.80715],[76.69798,11.80714],[76.69798,11.80713],[76.69812,11.8071],[76.69825,11.80702],[76.69838,11.80699],[76.69839,11.80699],[76.69902,11.80686],[76.6992,11.80682],[76.6998,11.8067],[76.70047,11.80657],[76.70048,11.80657],[76.7005,11.80657],[76.70051,11.80606],[76.70043,11.80607],[76.70038,11.80607],[76.70033,11.80572],[76.70034,11.80563],[76.70028,11.8054],[76.70027,11.80537],[76.70023,11.80492],[76.70021,11.80483],[76.70017,11.80465],[76.70017,11.80464],[76.69994,11.80408],[76.69913,11.80416],[76.69904,11.80382],[76.69898,11.80362],[76.69901,11.80335],[76.69899,11.80317],[76.69896,11.80279],[76.69896,11.80278],[76.69877,11.80269],[76.69876,11.8026],[76.69874,11.8024],[76.69874,11.80237],[76.6988,11.80205],[76.6988,11.80202],[76.69881,11.80177],[76.69882,11.80143],[76.69881,11.80126],[76.69881,11.80121],[76.69881,11.80115],[76.69879,11.80095],[76.6988,11.80095],[76.69906,11.80094],[76.69906,11.8007],[76.69906,11.80063],[76.69906,11.80033],[76.69907,11.80024],[76.69909,11.80006],[76.6991,11.79982],[76.69906,11.79982],[76.69823,11.79986],[76.69809,11.79987],[76.69741,11.7999],[76.69725,11.79988],[76.69724,11.7999],[76.6972,11.80001],[76.6971,11.80021],[76.69698,11.80047],[76.69688,11.80061],[76.69679,11.80075],[76.69656,11.8011],[76.69647,11.80122],[76.69586,11.80108],[76.69573,11.80105],[76.69567,11.80101],[76.69564,11.80099],[76.69558,11.80095],[76.69564,11.8009],[76.69569,11.80086],[76.69553,11.80082],[76.69552,11.80081],[76.6955,11.8008],[76.69537,11.80076],[76.69495,11.80061],[76.69499,11.80011],[76.69482,11.80012],[76.69473,11.80013],[76.6947,11.80013],[76.69415,11.80017],[76.69374,11.80015],[76.6937,11.80015],[76.69353,11.80039],[76.69345,11.80049],[76.6934,11.80056],[76.6933,11.80069],[76.69324,11.80063],[76.6931,11.8005],[76.69307,11.80036],[76.69293,11.80023],[76.69291,11.80021],[76.69286,11.80016],[76.69284,11.80009],[76.69273,11.80014],[76.6925,11.80025],[76.69245,11.80027],[76.6924,11.80023],[76.69239,11.80011],[76.69239,11.8001],[76.69225,11.80016],[76.69219,11.80019],[76.69211,11.8],[76.69208,11.79995],[76.69207,11.79993],[76.69204,11.79995],[76.69198,11.79998],[76.69193,11.79987],[76.69193,11.79986],[76.69185,11.79947],[76.69179,11.79936],[76.69173,11.79937],[76.69139,11.79942],[76.69137,11.79942],[76.69095,11.79949],[76.69091,11.79954],[76.69089,11.79956],[76.69089,11.79957],[76.69072,11.79955],[76.69068,11.79955],[76.69026,11.79962],[76.68965,11.79972],[76.68929,11.79991],[76.68923,11.79994],[76.68908,11.79989],[76.68882,11.79953],[76.68867,11.79932],[76.68864,11.7991],[76.68857,11.7987],[76.68845,11.79874],[76.68841,11.79875],[76.68728,11.79905],[76.68704,11.79912],[76.68697,11.79914],[76.68696,11.79914],[76.68697,11.79918],[76.68695,11.79918],[76.68672,11.79917],[76.68657,11.79919],[76.68621,11.79924],[76.68583,11.7993],[76.68561,11.79933],[76.68558,11.79934],[76.68528,11.79938],[76.68501,11.79943],[76.68455,11.79942],[76.6844,11.79941],[76.68435,11.79941],[76.6842,11.79943],[76.68418,11.79944],[76.68396,11.79947],[76.68392,11.79947],[76.68349,11.79954],[76.68339,11.7995],[76.68317,11.7994],[76.68311,11.79934],[76.68306,11.79929],[76.68304,11.79926],[76.68299,11.79921],[76.68273,11.79921],[76.68266,11.79921],[76.68258,11.79922],[76.68196,11.79922],[76.68183,11.79919],[76.68159,11.79913],[76.68155,11.79911],[76.68073,11.79891],[76.68052,11.79887],[76.68037,11.79885],[76.68026,11.79882],[76.67941,11.79862],[76.67939,11.79861],[76.67939,11.79865],[76.67939,11.79883],[76.6794,11.79905],[76.67948,11.79909],[76.67954,11.79913],[76.67952,11.79924],[76.67951,11.79932],[76.67951,11.79933],[76.67941,11.79996],[76.67934,11.80042],[76.67941,11.80073],[76.67941,11.80074],[76.67938,11.80078],[76.67925,11.801],[76.67925,11.80101],[76.67919,11.8011],[76.67913,11.80107],[76.6791,11.80104]]]]},"properties":{"name":"GUNDLUPETE","townType":"TMC","level":"town","shedId":"C05CAM20"}}]}