{"type": "FeatureCollection", "features": [{"type": "Feature", "geometry": {"type": "Polygon", "coordinates": [[[77.36251, 12.56131], [77.36232, 12.56116], [77.36165, 12.56115], [77.36232, 12.56116], [77.36232, 12.56116], [77.36133, 12.56037], [77.36036, 12.56059], [77.35895, 12.56094], [77.3576, 12.56062], [77.35677, 12.56063], [77.35584, 12.56084], [77.35501, 12.5611], [77.35446, 12.56141], [77.35344, 12.56185], [77.35196, 12.56303], [77.35091, 12.56351], [77.35048, 12.56361], [77.35041, 12.56354], [77.34996, 12.56374], [77.34869, 12.56363], [77.34734, 12.5631], [77.3471, 12.563], [77.34593, 12.56189], [77.34555, 12.56136], [77.3451, 12.56068], [77.3447, 12.55999], [77.3447, 12.55999], [77.34399, 12.5588], [77.34381, 12.55859], [77.34278, 12.55751], [77.34157, 12.55724], [77.34133, 12.55703], [77.34049, 12.55702], [77.34047, 12.55702], [77.34021, 12.55817], [77.3401, 12.55868], [77.34007, 12.55879], [77.34007, 12.55881], [77.33991, 12.55939], [77.33981, 12.55983], [77.33958, 12.56057], [77.33951, 12.56132], [77.33939, 12.56211], [77.33973, 12.56367], [77.34, 12.56525], [77.34012, 12.56528], [77.3411, 12.56545], [77.34182, 12.56568], [77.34195, 12.56572], [77.34196, 12.56572], [77.34276, 12.56599], [77.34443, 12.56672], [77.34601, 12.56739], [77.34781, 12.56775], [77.3489, 12.5679], [77.34953, 12.56803], [77.35052, 12.56939], [77.35135, 12.57096], [77.35216, 12.57268], [77.35253, 12.5737], [77.35303, 12.57508], [77.35378, 12.57593], [77.35485, 12.57791], [77.35481, 12.57793], [77.35546, 12.57878], [77.35599, 12.57946], [77.35652, 12.58013], [77.35703, 12.58082], [77.3575, 12.58152], [77.35794, 12.5821], [77.3581, 12.58293], [77.35821, 12.58364], [77.35832, 12.58435], [77.35842, 12.58507], [77.35852, 12.58584], [77.35903, 12.58682], [77.35943, 12.58763], [77.36001, 12.58871], [77.36025, 12.58911], [77.36034, 12.58924], [77.3605, 12.58926], [77.3605, 12.58928], [77.36063, 12.58955], [77.36067, 12.59009], [77.36101, 12.59049], [77.36097, 12.59102], [77.36125, 12.59143], [77.36155, 12.59185], [77.36162, 12.59217], [77.3613, 12.59216], [77.36076, 12.59214], [77.36042, 12.59219], [77.35992, 12.59213], [77.35981, 12.59221], [77.3598, 12.59224], [77.35965, 12.59267], [77.35874, 12.59283], [77.3582, 12.59293], [77.35807, 12.59296], [77.35731, 12.59313], [77.35632, 12.59336], [77.35618, 12.59339], [77.35443, 12.59376], [77.35243, 12.59419], [77.3514, 12.59444], [77.35127, 12.59506], [77.35264, 12.59889], [77.3535, 12.60094], [77.35359, 12.60143], [77.35365, 12.60171], [77.35361, 12.60193], [77.35392, 12.60216], [77.35417, 12.6022], [77.35455, 12.60206], [77.35481, 12.60219], [77.35509, 12.60223], [77.35534, 12.60234], [77.35552, 12.60248], [77.35583, 12.60253], [77.35598, 12.60261], [77.35611, 12.60268], [77.35632, 12.60285], [77.35637, 12.60303], [77.3564, 12.60342], [77.35628, 12.60338], [77.35432, 12.6035], [77.3536, 12.6035], [77.35302, 12.60393], [77.35287, 12.60404], [77.35244, 12.60434], [77.35243, 12.6044], [77.35243, 12.60448], [77.35226, 12.60461], [77.35213, 12.60471], [77.35219, 12.60521], [77.35223, 12.60548], [77.35087, 12.60551], [77.35067, 12.60551], [77.34963, 12.60749], [77.34796, 12.61075], [77.34775, 12.61119], [77.34763, 12.61143], [77.34539, 12.61172], [77.34197, 12.61216], [77.34048, 12.61234], [77.34814, 12.61772], [77.34824, 12.61778], [77.3484, 12.61774], [77.34947, 12.61775], [77.34949, 12.61775], [77.34985, 12.61774], [77.35022, 12.61773], [77.35041, 12.61773], [77.35042, 12.61773], [77.35069, 12.61772], [77.35166, 12.6177], [77.35209, 12.6177], [77.35745, 12.61218], [77.35782, 12.61321], [77.35851, 12.61511], [77.3596, 12.61802], [77.35974, 12.61778], [77.36005, 12.61724], [77.36041, 12.61661], [77.36088, 12.61578], [77.36128, 12.61503], [77.36141, 12.61478], [77.3616, 12.6144], [77.3618, 12.61399], [77.36199, 12.61361], [77.36217, 12.61326], [77.36223, 12.61313], [77.36246, 12.61266], [77.36262, 12.61231], [77.36283, 12.6119], [77.36293, 12.61169], [77.36374, 12.61031], [77.36378, 12.61023], [77.36519, 12.60774], [77.36547, 12.60731], [77.36645, 12.60303], [77.36728, 12.59936], [77.36734, 12.59894], [77.36736, 12.59881], [77.36742, 12.59875], [77.36756, 12.59873], [77.36844, 12.59912], [77.36905, 12.59939], [77.36965, 12.60035], [77.37054, 12.60062], [77.37134, 12.60102], [77.37193, 12.6018], [77.37278, 12.60238], [77.373, 12.60258], [77.37344, 12.60267], [77.37375, 12.60278], [77.37407, 12.60306], [77.37438, 12.60328], [77.37487, 12.60356], [77.37548, 12.60396], [77.37599, 12.60422], [77.37662, 12.60455], [77.3773, 12.6047], [77.37803, 12.60485], [77.37831, 12.60506], [77.37847, 12.60542], [77.37836, 12.60603], [77.37812, 12.60641], [77.37801, 12.60713], [77.37793, 12.60769], [77.37812, 12.60826], [77.37839, 12.60861], [77.37866, 12.60869], [77.37904, 12.60868], [77.37942, 12.60819], [77.37968, 12.60795], [77.37994, 12.60789], [77.38052, 12.60794], [77.38107, 12.60834], [77.38139, 12.60891], [77.38147, 12.60896], [77.38174, 12.60925], [77.38217, 12.60947], [77.38255, 12.60988], [77.38304, 12.61018], [77.3836, 12.61047], [77.38451, 12.61095], [77.38486, 12.61115], [77.3853, 12.6113], [77.3859, 12.61148], [77.38611, 12.61155], [77.38673, 12.61155], [77.38706, 12.61161], [77.38723, 12.6118], [77.38728, 12.61186], [77.38744, 12.61204], [77.38767, 12.6124], [77.38807, 12.61261], [77.38821, 12.61271], [77.38829, 12.61277], [77.38842, 12.61287], [77.388, 12.61339], [77.38823, 12.61364], [77.38823, 12.61364], [77.38825, 12.61382], [77.3884, 12.6139], [77.38857, 12.61413], [77.38868, 12.61471], [77.38874, 12.61496], [77.38903, 12.61518], [77.38919, 12.61556], [77.3892, 12.61571], [77.38927, 12.61589], [77.38946, 12.61613], [77.38961, 12.61638], [77.38961, 12.61646], [77.38956, 12.61676], [77.38967, 12.6169], [77.38971, 12.61703], [77.38974, 12.61713], [77.3897, 12.6174], [77.38972, 12.61753], [77.38984, 12.6178], [77.38995, 12.61843], [77.39003, 12.61871], [77.39023, 12.61923], [77.39044, 12.61975], [77.39051, 12.61985], [77.39058, 12.62041], [77.3908, 12.62138], [77.3908, 12.62145], [77.39078, 12.62153], [77.39101, 12.62153], [77.39197, 12.62151], [77.39217, 12.6215], [77.39263, 12.62132], [77.39281, 12.62134], [77.39347, 12.6215], [77.39355, 12.6214], [77.39367, 12.6211], [77.39402, 12.6208], [77.39432, 12.62078], [77.3944, 12.62074], [77.3944, 12.62072], [77.39439, 12.62038], [77.39438, 12.62009], [77.39445, 12.61995], [77.39445, 12.61983], [77.39465, 12.6192], [77.39466, 12.61914], [77.39471, 12.619], [77.39475, 12.61888], [77.3948, 12.61873], [77.39491, 12.61848], [77.39494, 12.61835], [77.39496, 12.61805], [77.39492, 12.6178], [77.39483, 12.61747], [77.39497, 12.61704], [77.39502, 12.61669], [77.39496, 12.61632], [77.39487, 12.61604], [77.39487, 12.61594], [77.39488, 12.61574], [77.39487, 12.61567], [77.39498, 12.61565], [77.3955, 12.6155], [77.39549, 12.61526], [77.3955, 12.61521], [77.39549, 12.61512], [77.39559, 12.61466], [77.39559, 12.61444], [77.39559, 12.61377], [77.39558, 12.61357], [77.39559, 12.61333], [77.39559, 12.61314], [77.39594, 12.61293], [77.39639, 12.61267], [77.39649, 12.61262], [77.39662, 12.61253], [77.39694, 12.61243], [77.39741, 12.61235], [77.39747, 12.61193], [77.3975, 12.6117], [77.39749, 12.61159], [77.39741, 12.61105], [77.39745, 12.61071], [77.39747, 12.61057], [77.39779, 12.61057], [77.39839, 12.61042], [77.39842, 12.61041], [77.39841, 12.61038], [77.39848, 12.61035], [77.39845, 12.6103], [77.39837, 12.61013], [77.39834, 12.60993], [77.39818, 12.60986], [77.39817, 12.60975], [77.39815, 12.60959], [77.39814, 12.60956], [77.3981, 12.6095], [77.39834, 12.60926], [77.39831, 12.60924], [77.39827, 12.6092], [77.39823, 12.60912], [77.39829, 12.60907], [77.3982, 12.60883], [77.39817, 12.60853], [77.39825, 12.60814], [77.39854, 12.60788], [77.3986, 12.60765], [77.39854, 12.60751], [77.39849, 12.6074], [77.39862, 12.6073], [77.39894, 12.60759], [77.39895, 12.60758], [77.39903, 12.60742], [77.39911, 12.60729], [77.39932, 12.60713], [77.39935, 12.60691], [77.39941, 12.60662], [77.39942, 12.60656], [77.39944, 12.60641], [77.39952, 12.60639], [77.39951, 12.60627], [77.39957, 12.60625], [77.39954, 12.60595], [77.39945, 12.60584], [77.39945, 12.60579], [77.39947, 12.60573], [77.3993, 12.60573], [77.39919, 12.60533], [77.39912, 12.60454], [77.39935, 12.60437], [77.39977, 12.60427], [77.40023, 12.6041], [77.40072, 12.60373], [77.40089, 12.6032], [77.40091, 12.60268], [77.40115, 12.6023], [77.40164, 12.60157], [77.40283, 12.60016], [77.40379, 12.59927], [77.40431, 12.59863], [77.40465, 12.59857], [77.40478, 12.59854], [77.40486, 12.59796], [77.40501, 12.59751], [77.40498, 12.59614], [77.40487, 12.59562], [77.40481, 12.59522], [77.40462, 12.59403], [77.4046, 12.59372], [77.40455, 12.59322], [77.40451, 12.59322], [77.4044, 12.59322], [77.40434, 12.59322], [77.40415, 12.59314], [77.40382, 12.59316], [77.40358, 12.59327], [77.40322, 12.5933], [77.40288, 12.59332], [77.40269, 12.59331], [77.40251, 12.59333], [77.40211, 12.59323], [77.40198, 12.59319], [77.40193, 12.59318], [77.40109, 12.59294], [77.40099, 12.59291], [77.40095, 12.59275], [77.4004, 12.59263], [77.39965, 12.59244], [77.39891, 12.59227], [77.39816, 12.59209], [77.39744, 12.59191], [77.39685, 12.59178], [77.39675, 12.59175], [77.39613, 12.59161], [77.39603, 12.59159], [77.39518, 12.5914], [77.39495, 12.59135], [77.39436, 12.59123], [77.39435, 12.59123], [77.39354, 12.59105], [77.39229, 12.59079], [77.39218, 12.59076], [77.39204, 12.59052], [77.39183, 12.59017], [77.39163, 12.58983], [77.39142, 12.58948], [77.39126, 12.58921], [77.39122, 12.58914], [77.39118, 12.58907], [77.39102, 12.58879], [77.39082, 12.58845], [77.39062, 12.5881], [77.39042, 12.58775], [77.39033, 12.58758], [77.39024, 12.58739], [77.39005, 12.58704], [77.3899, 12.58677], [77.38985, 12.58669], [77.38976, 12.58652], [77.38966, 12.58635], [77.38947, 12.586], [77.38927, 12.58566], [77.38924, 12.58561], [77.38906, 12.58531], [77.38886, 12.58497], [77.38883, 12.58492], [77.38872, 12.58476], [77.38835, 12.58425], [77.38819, 12.584], [77.38781, 12.58337], [77.3878, 12.58335], [77.38711, 12.58197], [77.38715, 12.58195], [77.38715, 12.58194], [77.38714, 12.58188], [77.38725, 12.58192], [77.38777, 12.58208], [77.38848, 12.5823], [77.38855, 12.58221], [77.38875, 12.58193], [77.38899, 12.58159], [77.38924, 12.58124], [77.3893, 12.58115], [77.38933, 12.58089], [77.38937, 12.58054], [77.38941, 12.5802], [77.38948, 12.57952], [77.3895, 12.57933], [77.38963, 12.57911], [77.38993, 12.57858], [77.39021, 12.57809], [77.39041, 12.57775], [77.39043, 12.57755], [77.39046, 12.5774], [77.3905, 12.57704], [77.39053, 12.57685], [77.39076, 12.57568], [77.39098, 12.5739], [77.391, 12.5737], [77.391, 12.57361], [77.39071, 12.57355], [77.39099, 12.57207], [77.39105, 12.57128], [77.39117, 12.57024], [77.39127, 12.56907], [77.39131, 12.56855], [77.39132, 12.56775], [77.39129, 12.56674], [77.39125, 12.56656], [77.39081, 12.56495], [77.39044, 12.56417], [77.38997, 12.56313], [77.3898, 12.56296], [77.38861, 12.56187], [77.38735, 12.56086], [77.38728, 12.56079], [77.38703, 12.56055], [77.38695, 12.56046], [77.38679, 12.56028], [77.38638, 12.55982], [77.3861, 12.55951], [77.38585, 12.55922], [77.3856, 12.55754], [77.38658, 12.55612], [77.3869, 12.55588], [77.38799, 12.55506], [77.38797, 12.55461], [77.38813, 12.55443], [77.38791, 12.552], [77.38725, 12.54907], [77.38698, 12.54806], [77.38697, 12.54802], [77.38683, 12.54748], [77.38581, 12.54559], [77.38569, 12.54563], [77.38368, 12.54627], [77.38094, 12.54806], [77.38059, 12.54829], [77.3798, 12.54884], [77.37964, 12.54891], [77.3789, 12.54912], [77.37715, 12.54963], [77.37547, 12.54973], [77.37354, 12.54968], [77.37242, 12.54966], [77.37209, 12.54965], [77.37048, 12.54883], [77.36929, 12.54817], [77.36737, 12.54788], [77.36597, 12.54816], [77.36552, 12.5486], [77.36578, 12.54889], [77.36506, 12.55091], [77.36469, 12.55199], [77.3645, 12.55254], [77.36561, 12.55389], [77.36567, 12.55404], [77.36567, 12.55406], [77.36606, 12.55568], [77.36613, 12.55598], [77.36645, 12.55747], [77.36651, 12.55776], [77.36651, 12.55778], [77.36673, 12.55877], [77.36675, 12.55887], [77.36677, 12.55898], [77.36663, 12.55915], [77.36553, 12.56047], [77.36395, 12.56206], [77.36271, 12.56147], [77.36251, 12.56131], [77.3625, 12.56201], [77.36251, 12.56131]], [[77.40213, 12.59983], [77.40311, 12.59985], [77.40213, 12.59983], [77.40213, 12.59983]], [[77.40129, 12.59897], [77.40208, 12.59899], [77.40211, 12.59899], [77.40208, 12.59899], [77.40129, 12.59897]], [[77.39872, 12.59808], [77.39873, 12.59766], [77.39872, 12.59808], [77.4013, 12.59813], [77.40129, 12.59869], [77.4013, 12.59813], [77.39872, 12.59808]], [[77.39701, 12.59805], [77.39702, 12.59721], [77.39862, 12.59724], [77.39702, 12.59721], [77.39701, 12.59805]], [[77.39613, 12.59888], [77.39615, 12.59804], [77.39615, 12.59804], [77.39613, 12.59888]], [[77.39443, 12.598], [77.39492, 12.59801], [77.39443, 12.598], [77.39443, 12.598]], [[77.39453, 12.59295], [77.39451, 12.59295], [77.39453, 12.59295], [77.3945, 12.59463], [77.39453, 12.59295]], [[77.38789, 12.58102], [77.38789, 12.58102], [77.38703, 12.58101], [77.38789, 12.58102]], [[77.38704, 12.58016], [77.38699, 12.58016], [77.38704, 12.58016], [77.38703, 12.58101], [77.38704, 12.58016]], [[77.38361, 12.5801], [77.38362, 12.5799], [77.38361, 12.5801], [77.38361, 12.5801]], [[77.38109, 12.57752], [77.38106, 12.57861], [77.38109, 12.57752], [77.38109, 12.57752]], [[77.38023, 12.57729], [77.38023, 12.57751], [77.38023, 12.57751], [77.38023, 12.57729]], [[77.3794, 12.57581], [77.37939, 12.57665], [77.37939, 12.57665], [77.3794, 12.57581]], [[77.3777, 12.57493], [77.37787, 12.57494], [77.3777, 12.57493], [77.3777, 12.57493]], [[77.37945, 12.57328], [77.37945, 12.57327], [77.37945, 12.57328], [77.37773, 12.57325], [77.37945, 12.57328]], [[77.38032, 12.57245], [77.37947, 12.57244], [77.38032, 12.57245], [77.38032, 12.57245]], [[77.38121, 12.5712], [77.3812, 12.57162], [77.38082, 12.57162], [77.3812, 12.57162], [77.38121, 12.5712]], [[77.38206, 12.5708], [77.38121, 12.57078], [77.38121, 12.57078], [77.38206, 12.5708]], [[77.38207, 12.5708], [77.38207, 12.5708], [77.38209, 12.56995], [77.38207, 12.5708]], [[77.38131, 12.56572], [77.38128, 12.56741], [77.3819, 12.56742], [77.38128, 12.56741], [77.38131, 12.56572]], [[77.38043, 12.56655], [77.38045, 12.56571], [77.38043, 12.56655], [77.38043, 12.56655]], [[77.37957, 12.56687], [77.37958, 12.56654], [77.37974, 12.56654], [77.37958, 12.56654], [77.37957, 12.56687]], [[77.37695, 12.56902], [77.3761, 12.569], [77.37608, 12.56984], [77.3761, 12.569], [77.37695, 12.56902], [77.37697, 12.56817], [77.37749, 12.56818], [77.37697, 12.56817], [77.37695, 12.56902]], [[77.37351, 12.5698], [77.37459, 12.56982], [77.37351, 12.5698], [77.37351, 12.5698]], [[77.37352, 12.56895], [77.37352, 12.56895], [77.36855, 12.56886], [77.37352, 12.56895]], [[77.36667, 12.56799], [77.36839, 12.56802], [77.36839, 12.56802], [77.36667, 12.56799]], [[77.36583, 12.56713], [77.36632, 12.56714], [77.36583, 12.56713], [77.36583, 12.56713]], [[77.365, 12.56572], [77.36499, 12.56627], [77.36581, 12.56628], [77.36499, 12.56627], [77.365, 12.56572]], [[77.36418, 12.56355], [77.36416, 12.56457], [77.36459, 12.56458], [77.36416, 12.56457], [77.36418, 12.56355]]]}, "properties": {"name": "ALLIMARANAHALLI", "level": "gp", "shedId": "CO5CAM33", "parentTaluk": "Kanakpura", "parentDistrict": "Bengaluru South"}}, {"type": "Feature", "geometry": {"type": "Polygon", "coordinates": [[[77.35462, 12.64094], [77.35474, 12.64019], [77.3548, 12.64], [77.35484, 12.63993], [77.35528, 12.63989], [77.35529, 12.63986], [77.35529, 12.63984], [77.35539, 12.63958], [77.35559, 12.6396], [77.35567, 12.63974], [77.35624, 12.63992], [77.35625, 12.64008], [77.35642, 12.64007], [77.35694, 12.64009], [77.35694, 12.64], [77.35718, 12.64], [77.35742, 12.63988], [77.35778, 12.63983], [77.35789, 12.63973], [77.3581, 12.63966], [77.35818, 12.63984], [77.35852, 12.64019], [77.35861, 12.64025], [77.35866, 12.64028], [77.35878, 12.64029], [77.35896, 12.64032], [77.35902, 12.64007], [77.35916, 12.63998], [77.3592, 12.63995], [77.35947, 12.64002], [77.35967, 12.64], [77.36012, 12.63999], [77.36012, 12.63999], [77.36019, 12.63995], [77.36026, 12.64021], [77.36063, 12.64029], [77.36069, 12.64032], [77.36088, 12.64041], [77.36087, 12.64044], [77.36085, 12.64047], [77.36107, 12.64056], [77.36124, 12.64054], [77.36135, 12.64053], [77.36144, 12.64049], [77.36165, 12.63999], [77.36202, 12.63937], [77.3625, 12.6387], [77.36298, 12.6381], [77.36327, 12.63785], [77.36363, 12.63764], [77.36464, 12.63718], [77.36558, 12.6367], [77.36645, 12.63629], [77.3674, 12.63572], [77.36758, 12.6355], [77.36821, 12.63459], [77.36842, 12.63428], [77.36954, 12.63294], [77.37024, 12.63202], [77.37091, 12.63146], [77.37114, 12.63129], [77.37156, 12.63086], [77.37181, 12.63057], [77.37187, 12.63051], [77.37245, 12.63011], [77.37347, 12.62928], [77.37438, 12.62835], [77.37519, 12.62773], [77.37576, 12.6272], [77.37653, 12.6265], [77.37807, 12.62479], [77.37878, 12.62389], [77.37982, 12.6229], [77.38065, 12.62224], [77.38117, 12.62164], [77.38259, 12.61998], [77.38327, 12.61891], [77.38418, 12.61789], [77.38509, 12.61711], [77.38545, 12.61672], [77.38603, 12.61606], [77.38652, 12.61542], [77.38764, 12.61392], [77.3877, 12.61374], [77.38784, 12.61363], [77.388, 12.61339], [77.38842, 12.61287], [77.38829, 12.61277], [77.38821, 12.61271], [77.38807, 12.61261], [77.38767, 12.6124], [77.38744, 12.61204], [77.38728, 12.61186], [77.38723, 12.6118], [77.38706, 12.61161], [77.38673, 12.61155], [77.38611, 12.61155], [77.3859, 12.61148], [77.3853, 12.6113], [77.38486, 12.61115], [77.38451, 12.61095], [77.3836, 12.61047], [77.38304, 12.61018], [77.38255, 12.60988], [77.38217, 12.60947], [77.38174, 12.60925], [77.38147, 12.60896], [77.38139, 12.60891], [77.38107, 12.60834], [77.38052, 12.60794], [77.37994, 12.60789], [77.37968, 12.60795], [77.37942, 12.60819], [77.37904, 12.60868], [77.37866, 12.60869], [77.37839, 12.60861], [77.37812, 12.60826], [77.37793, 12.60769], [77.37801, 12.60713], [77.37812, 12.60641], [77.37836, 12.60603], [77.37847, 12.60542], [77.37831, 12.60506], [77.37803, 12.60485], [77.3773, 12.6047], [77.37662, 12.60455], [77.37599, 12.60422], [77.37548, 12.60396], [77.37487, 12.60356], [77.37438, 12.60328], [77.37407, 12.60306], [77.37375, 12.60278], [77.37344, 12.60267], [77.373, 12.60258], [77.37278, 12.60238], [77.37193, 12.6018], [77.37134, 12.60102], [77.37054, 12.60062], [77.36965, 12.60035], [77.36905, 12.59939], [77.36844, 12.59912], [77.36756, 12.59873], [77.36742, 12.59875], [77.36736, 12.59881], [77.36734, 12.59894], [77.36728, 12.59936], [77.36645, 12.60303], [77.36547, 12.60731], [77.36519, 12.60774], [77.36378, 12.61023], [77.36374, 12.61031], [77.36293, 12.61169], [77.36283, 12.6119], [77.36262, 12.61231], [77.36246, 12.61266], [77.36223, 12.61313], [77.36217, 12.61326], [77.36199, 12.61361], [77.3618, 12.61399], [77.3616, 12.6144], [77.36141, 12.61478], [77.36128, 12.61503], [77.36088, 12.61578], [77.36041, 12.61661], [77.36005, 12.61724], [77.35974, 12.61778], [77.3596, 12.61802], [77.35851, 12.61511], [77.35782, 12.61321], [77.35745, 12.61218], [77.35209, 12.6177], [77.35166, 12.6177], [77.35069, 12.61772], [77.35042, 12.61773], [77.35041, 12.61773], [77.35022, 12.61773], [77.34985, 12.61774], [77.34949, 12.61775], [77.34947, 12.61775], [77.3484, 12.61774], [77.34824, 12.61778], [77.34814, 12.61772], [77.34048, 12.61234], [77.34197, 12.61216], [77.34539, 12.61172], [77.34763, 12.61143], [77.34775, 12.61119], [77.34796, 12.61075], [77.34963, 12.60749], [77.35067, 12.60551], [77.35087, 12.60551], [77.35223, 12.60548], [77.35219, 12.60521], [77.35213, 12.60471], [77.35226, 12.60461], [77.35243, 12.60448], [77.35243, 12.6044], [77.35244, 12.60434], [77.35287, 12.60404], [77.35302, 12.60393], [77.3536, 12.6035], [77.35432, 12.6035], [77.35628, 12.60338], [77.3564, 12.60342], [77.35637, 12.60303], [77.35632, 12.60285], [77.35611, 12.60268], [77.35598, 12.60261], [77.35583, 12.60253], [77.35552, 12.60248], [77.35534, 12.60234], [77.35509, 12.60223], [77.35481, 12.60219], [77.35455, 12.60206], [77.35417, 12.6022], [77.35392, 12.60216], [77.35361, 12.60193], [77.35365, 12.60171], [77.35359, 12.60143], [77.3535, 12.60094], [77.35264, 12.59889], [77.35127, 12.59506], [77.3514, 12.59444], [77.3513, 12.59415], [77.35106, 12.59401], [77.34851, 12.59437], [77.34754, 12.59465], [77.34736, 12.59461], [77.3469, 12.59451], [77.34636, 12.59489], [77.34562, 12.59463], [77.34532, 12.5949], [77.34517, 12.59502], [77.34182, 12.59373], [77.34113, 12.59349], [77.34034, 12.5932], [77.34014, 12.5931], [77.34006, 12.59306], [77.33969, 12.59287], [77.33966, 12.59286], [77.33919, 12.59273], [77.33872, 12.59259], [77.33816, 12.59254], [77.33769, 12.59253], [77.33665, 12.59272], [77.3363, 12.59248], [77.33627, 12.5923], [77.33617, 12.59182], [77.33606, 12.59128], [77.33577, 12.59113], [77.33556, 12.59143], [77.33477, 12.59261], [77.33389, 12.59421], [77.33249, 12.59534], [77.33064, 12.59545], [77.33014, 12.59594], [77.32999, 12.59646], [77.32985, 12.59695], [77.33066, 12.59759], [77.33117, 12.598], [77.33126, 12.59815], [77.33201, 12.59874], [77.333, 12.6001], [77.33321, 12.60117], [77.33334, 12.60186], [77.33546, 12.60192], [77.33556, 12.60198], [77.33581, 12.60384], [77.33516, 12.60549], [77.33492, 12.6062], [77.33472, 12.6068], [77.33471, 12.60682], [77.33464, 12.60699], [77.33459, 12.60776], [77.33448, 12.60906], [77.33595, 12.6095], [77.33794, 12.61012], [77.3383, 12.61022], [77.33926, 12.61027], [77.33914, 12.61102], [77.33945, 12.611], [77.33983, 12.61097], [77.34032, 12.61204], [77.34044, 12.61231], [77.34012, 12.61333], [77.34029, 12.61367], [77.34083, 12.61472], [77.34496, 12.62296], [77.34497, 12.62299], [77.34546, 12.62392], [77.34552, 12.62405], [77.34556, 12.62414], [77.34561, 12.62424], [77.34631, 12.6255], [77.3466, 12.62605], [77.34673, 12.62632], [77.34701, 12.62686], [77.34714, 12.62711], [77.34716, 12.62715], [77.34725, 12.62772], [77.34729, 12.62786], [77.3473, 12.62794], [77.34733, 12.62809], [77.34735, 12.62823], [77.34739, 12.62872], [77.34742, 12.6292], [77.34744, 12.62947], [77.34745, 12.62956], [77.34748, 12.62979], [77.34754, 12.6302], [77.34766, 12.63052], [77.34772, 12.63068], [77.34779, 12.63088], [77.34802, 12.6315], [77.34807, 12.63165], [77.34794, 12.63171], [77.34814, 12.63214], [77.3482, 12.63368], [77.3482, 12.63389], [77.34821, 12.63396], [77.34824, 12.63438], [77.34824, 12.63441], [77.34828, 12.63492], [77.34829, 12.63501], [77.34829, 12.63504], [77.34831, 12.63516], [77.34831, 12.63539], [77.34822, 12.63532], [77.34806, 12.63537], [77.3481, 12.63545], [77.34822, 12.6357], [77.34823, 12.6357], [77.34827, 12.63567], [77.34827, 12.63568], [77.34845, 12.63575], [77.34866, 12.6358], [77.34885, 12.63611], [77.34905, 12.63634], [77.34937, 12.63643], [77.34965, 12.63646], [77.35024, 12.63665], [77.35054, 12.63677], [77.35088, 12.63706], [77.35113, 12.63742], [77.35134, 12.63771], [77.35142, 12.63775], [77.35146, 12.63783], [77.35146, 12.63789], [77.35155, 12.63799], [77.35168, 12.63809], [77.35178, 12.63814], [77.3519, 12.63822], [77.3519, 12.63823], [77.35197, 12.63825], [77.35212, 12.63837], [77.3522, 12.63842], [77.35223, 12.63846], [77.3524, 12.63865], [77.35253, 12.63894], [77.35256, 12.63906], [77.35269, 12.63911], [77.35272, 12.63913], [77.35275, 12.63912], [77.35292, 12.63931], [77.35302, 12.63942], [77.3532, 12.63956], [77.3532, 12.63958], [77.35322, 12.63961], [77.35327, 12.63971], [77.35331, 12.63979], [77.35336, 12.64], [77.35358, 12.63999], [77.35377, 12.64049], [77.35382, 12.6406], [77.35399, 12.64054], [77.35426, 12.64107], [77.35434, 12.64123], [77.35438, 12.64121], [77.35451, 12.64115], [77.35451, 12.64115], [77.35454, 12.64113], [77.35462, 12.64094]]]}, "properties": {"name": "CHIKKAMUDAVADI", "level": "gp", "shedId": "CO5CAM33", "parentTaluk": "Kanakpura", "parentDistrict": "Bengaluru South"}}, {"type": "Feature", "geometry": {"type": "Polygon", "coordinates": [[[77.37425, 12.64917], [77.37433, 12.64902], [77.37443, 12.64863], [77.37473, 12.64717], [77.37484, 12.64576], [77.37487, 12.64472], [77.37508, 12.64389], [77.37561, 12.64229], [77.37659, 12.64105], [77.37665, 12.64106], [77.37677, 12.64109], [77.37833, 12.64141], [77.37977, 12.6416], [77.37988, 12.64161], [77.38174, 12.64212], [77.38359, 12.64206], [77.38575, 12.64262], [77.38616, 12.64433], [77.38641, 12.64436], [77.38666, 12.6444], [77.38834, 12.64449], [77.3908, 12.6448], [77.39086, 12.64482], [77.39125, 12.64492], [77.39228, 12.64521], [77.39269, 12.64528], [77.39357, 12.64541], [77.39518, 12.64564], [77.39592, 12.64575], [77.39676, 12.64708], [77.3971, 12.64777], [77.39735, 12.64884], [77.39754, 12.64882], [77.39775, 12.64882], [77.39871, 12.64882], [77.39886, 12.64881], [77.39891, 12.65003], [77.39895, 12.65076], [77.39904, 12.65186], [77.40042, 12.65171], [77.40045, 12.65171], [77.40188, 12.6515], [77.40193, 12.65149], [77.40194, 12.65149], [77.40235, 12.65142], [77.40293, 12.65132], [77.40327, 12.65127], [77.4033, 12.65127], [77.40483, 12.65102], [77.40502, 12.65092], [77.40513, 12.6508], [77.40555, 12.65049], [77.40594, 12.65027], [77.40596, 12.64997], [77.40604, 12.6498], [77.4064, 12.64957], [77.40607, 12.64879], [77.40605, 12.64875], [77.40652, 12.64855], [77.40649, 12.64826], [77.40668, 12.64785], [77.40672, 12.64783], [77.40686, 12.64777], [77.40733, 12.64776], [77.40736, 12.64778], [77.40743, 12.64783], [77.40794, 12.64754], [77.40854, 12.6464], [77.40899, 12.64621], [77.40929, 12.64622], [77.40979, 12.64621], [77.41005, 12.64603], [77.4104, 12.64534], [77.41041, 12.64533], [77.41053, 12.64523], [77.41068, 12.64517], [77.41087, 12.64513], [77.41113, 12.64503], [77.41128, 12.64492], [77.41144, 12.64484], [77.41156, 12.64475], [77.41165, 12.64463], [77.41171, 12.64454], [77.41149, 12.6444], [77.41086, 12.64395], [77.4103, 12.64318], [77.40979, 12.64211], [77.40958, 12.6406], [77.4095, 12.63966], [77.40954, 12.63884], [77.40967, 12.63841], [77.40986, 12.63778], [77.40992, 12.63728], [77.40967, 12.63649], [77.40935, 12.63553], [77.40906, 12.63469], [77.40832, 12.6337], [77.407, 12.63265], [77.40613, 12.63162], [77.406, 12.63145], [77.40576, 12.63073], [77.4058, 12.63006], [77.40614, 12.62923], [77.40635, 12.62875], [77.40663, 12.62805], [77.40683, 12.62776], [77.40686, 12.6277], [77.40709, 12.62711], [77.40714, 12.62664], [77.40713, 12.62653], [77.40708, 12.62605], [77.40702, 12.62536], [77.40694, 12.62463], [77.40684, 12.62373], [77.40667, 12.62309], [77.40671, 12.6226], [77.40682, 12.62199], [77.40696, 12.62138], [77.40702, 12.62085], [77.40705, 12.62011], [77.40703, 12.61966], [77.40698, 12.61925], [77.40656, 12.61886], [77.40606, 12.61862], [77.40559, 12.61838], [77.40515, 12.61808], [77.40457, 12.61774], [77.40389, 12.61704], [77.40365, 12.61672], [77.40348, 12.61633], [77.40346, 12.61586], [77.40362, 12.61532], [77.40391, 12.6147], [77.40432, 12.614], [77.40491, 12.61319], [77.40525, 12.61262], [77.40579, 12.6117], [77.40599, 12.6109], [77.40603, 12.60976], [77.40596, 12.60889], [77.4059, 12.60798], [77.40582, 12.60735], [77.40557, 12.60659], [77.40537, 12.60582], [77.40513, 12.60505], [77.40486, 12.60446], [77.40471, 12.60409], [77.40454, 12.60384], [77.40445, 12.6037], [77.40443, 12.60352], [77.40444, 12.60331], [77.40451, 12.603], [77.40461, 12.6026], [77.40462, 12.60219], [77.40463, 12.60183], [77.40475, 12.60147], [77.40486, 12.60115], [77.4049, 12.60074], [77.40487, 12.60056], [77.40474, 12.60041], [77.40478, 12.60019], [77.40491, 12.59985], [77.40492, 12.5997], [77.40494, 12.59949], [77.40494, 12.59923], [77.40497, 12.59903], [77.405, 12.59894], [77.40502, 12.59889], [77.40504, 12.59877], [77.40502, 12.59867], [77.40478, 12.59854], [77.40465, 12.59857], [77.40431, 12.59863], [77.40379, 12.59927], [77.40283, 12.60016], [77.40164, 12.60157], [77.40115, 12.6023], [77.40091, 12.60268], [77.40089, 12.6032], [77.40072, 12.60373], [77.40023, 12.6041], [77.39977, 12.60427], [77.39935, 12.60437], [77.39912, 12.60454], [77.39919, 12.60533], [77.3993, 12.60573], [77.39947, 12.60573], [77.39945, 12.60579], [77.39945, 12.60584], [77.39954, 12.60595], [77.39957, 12.60625], [77.39951, 12.60627], [77.39952, 12.60639], [77.39944, 12.60641], [77.39942, 12.60656], [77.39941, 12.60662], [77.39935, 12.60691], [77.39932, 12.60713], [77.39911, 12.60729], [77.39903, 12.60742], [77.39895, 12.60758], [77.39894, 12.60759], [77.39862, 12.6073], [77.39849, 12.6074], [77.39854, 12.60751], [77.3986, 12.60765], [77.39854, 12.60788], [77.39825, 12.60814], [77.39817, 12.60853], [77.3982, 12.60883], [77.39829, 12.60907], [77.39823, 12.60912], [77.39827, 12.6092], [77.39831, 12.60924], [77.39834, 12.60926], [77.3981, 12.6095], [77.39814, 12.60956], [77.39815, 12.60959], [77.39817, 12.60975], [77.39818, 12.60986], [77.39834, 12.60993], [77.39837, 12.61013], [77.39845, 12.6103], [77.39848, 12.61035], [77.39841, 12.61038], [77.39842, 12.61041], [77.39839, 12.61042], [77.39779, 12.61057], [77.39747, 12.61057], [77.39745, 12.61071], [77.39741, 12.61105], [77.39749, 12.61159], [77.3975, 12.6117], [77.39747, 12.61193], [77.39741, 12.61235], [77.39694, 12.61243], [77.39662, 12.61253], [77.39649, 12.61262], [77.39639, 12.61267], [77.39594, 12.61293], [77.39559, 12.61314], [77.39559, 12.61333], [77.39558, 12.61357], [77.39559, 12.61377], [77.39559, 12.61444], [77.39559, 12.61466], [77.39549, 12.61512], [77.3955, 12.61521], [77.39549, 12.61526], [77.3955, 12.6155], [77.39498, 12.61565], [77.39487, 12.61567], [77.39488, 12.61574], [77.39487, 12.61594], [77.39487, 12.61604], [77.39496, 12.61632], [77.39502, 12.61669], [77.39497, 12.61704], [77.39483, 12.61747], [77.39492, 12.6178], [77.39496, 12.61805], [77.39494, 12.61835], [77.39491, 12.61848], [77.3948, 12.61873], [77.39475, 12.61888], [77.39471, 12.619], [77.39466, 12.61914], [77.39465, 12.6192], [77.39445, 12.61983], [77.39445, 12.61995], [77.39438, 12.62009], [77.39439, 12.62038], [77.3944, 12.62072], [77.3944, 12.62074], [77.39432, 12.62078], [77.39402, 12.6208], [77.39367, 12.6211], [77.39355, 12.6214], [77.39347, 12.6215], [77.39281, 12.62134], [77.39263, 12.62132], [77.39217, 12.6215], [77.39197, 12.62151], [77.39101, 12.62153], [77.39078, 12.62153], [77.3908, 12.62145], [77.3908, 12.62138], [77.39058, 12.62041], [77.39051, 12.61985], [77.39044, 12.61975], [77.39023, 12.61923], [77.39003, 12.61871], [77.38995, 12.61843], [77.38984, 12.6178], [77.38972, 12.61753], [77.3897, 12.6174], [77.38974, 12.61713], [77.38971, 12.61703], [77.38967, 12.6169], [77.38956, 12.61676], [77.38961, 12.61646], [77.38961, 12.61638], [77.38946, 12.61613], [77.38927, 12.61589], [77.3892, 12.61571], [77.38919, 12.61556], [77.38903, 12.61518], [77.38874, 12.61496], [77.38868, 12.61471], [77.38857, 12.61413], [77.3884, 12.6139], [77.38825, 12.61382], [77.38823, 12.61364], [77.38823, 12.61364], [77.388, 12.61339], [77.38784, 12.61363], [77.3877, 12.61374], [77.38764, 12.61392], [77.38652, 12.61542], [77.38603, 12.61606], [77.38545, 12.61672], [77.38509, 12.61711], [77.38418, 12.61789], [77.38327, 12.61891], [77.38259, 12.61998], [77.38117, 12.62164], [77.38065, 12.62224], [77.37982, 12.6229], [77.37878, 12.62389], [77.37807, 12.62479], [77.37653, 12.6265], [77.37576, 12.6272], [77.37519, 12.62773], [77.37438, 12.62835], [77.37347, 12.62928], [77.37245, 12.63011], [77.37187, 12.63051], [77.37181, 12.63057], [77.37156, 12.63086], [77.37114, 12.63129], [77.37091, 12.63146], [77.37024, 12.63202], [77.36954, 12.63294], [77.36842, 12.63428], [77.36821, 12.63459], [77.36758, 12.6355], [77.3674, 12.63572], [77.36645, 12.63629], [77.36558, 12.6367], [77.36464, 12.63718], [77.36363, 12.63764], [77.36327, 12.63785], [77.36298, 12.6381], [77.3625, 12.6387], [77.36202, 12.63937], [77.36165, 12.63999], [77.36144, 12.64049], [77.36135, 12.64053], [77.36124, 12.64054], [77.36107, 12.64056], [77.36085, 12.64047], [77.36087, 12.64044], [77.36088, 12.64041], [77.36069, 12.64032], [77.36063, 12.64029], [77.36026, 12.64021], [77.36019, 12.63995], [77.36012, 12.63999], [77.36012, 12.63999], [77.35967, 12.64], [77.35947, 12.64002], [77.3592, 12.63995], [77.35916, 12.63998], [77.35902, 12.64007], [77.35896, 12.64032], [77.35878, 12.64029], [77.35866, 12.64028], [77.35861, 12.64025], [77.35852, 12.64019], [77.35818, 12.63984], [77.3581, 12.63966], [77.35789, 12.63973], [77.35778, 12.63983], [77.35742, 12.63988], [77.35718, 12.64], [77.35694, 12.64], [77.35694, 12.64009], [77.35642, 12.64007], [77.35625, 12.64008], [77.35624, 12.63992], [77.35567, 12.63974], [77.35559, 12.6396], [77.35539, 12.63958], [77.35529, 12.63984], [77.35529, 12.63986], [77.35528, 12.63989], [77.35484, 12.63993], [77.3548, 12.64], [77.35474, 12.64019], [77.35462, 12.64094], [77.35454, 12.64113], [77.35451, 12.64115], [77.35451, 12.64115], [77.35438, 12.64121], [77.35434, 12.64123], [77.3545, 12.64204], [77.35465, 12.64314], [77.35465, 12.64315], [77.35454, 12.64396], [77.35446, 12.6446], [77.3544, 12.6448], [77.35432, 12.64507], [77.3543, 12.64512], [77.35441, 12.64512], [77.35434, 12.6454], [77.35444, 12.6454], [77.35484, 12.6454], [77.35526, 12.64538], [77.35565, 12.64531], [77.3558, 12.64531], [77.35627, 12.64528], [77.35645, 12.64524], [77.35669, 12.64518], [77.35709, 12.64502], [77.35737, 12.64497], [77.35751, 12.64494], [77.35799, 12.64479], [77.35902, 12.64432], [77.3597, 12.64381], [77.35988, 12.64406], [77.35978, 12.64417], [77.35969, 12.64434], [77.35954, 12.64452], [77.35958, 12.64457], [77.35968, 12.64478], [77.35969, 12.64482], [77.35973, 12.64502], [77.36007, 12.6454], [77.36014, 12.64547], [77.36017, 12.64551], [77.35918, 12.64666], [77.35916, 12.64668], [77.35915, 12.64686], [77.35915, 12.64691], [77.35911, 12.64703], [77.35916, 12.6474], [77.35931, 12.64793], [77.35948, 12.64834], [77.35949, 12.64916], [77.35949, 12.64925], [77.35963, 12.64968], [77.35966, 12.64967], [77.35982, 12.64963], [77.36003, 12.65021], [77.3603, 12.65124], [77.36034, 12.65138], [77.36037, 12.65146], [77.36038, 12.65149], [77.36039, 12.65158], [77.36121, 12.65674], [77.36207, 12.66161], [77.3631, 12.66159], [77.36358, 12.66142], [77.36427, 12.66118], [77.36432, 12.66116], [77.36484, 12.66096], [77.36616, 12.66028], [77.36654, 12.65918], [77.3667, 12.65871], [77.36803, 12.65764], [77.36947, 12.6565], [77.36954, 12.65642], [77.36961, 12.65635], [77.37, 12.65594], [77.37075, 12.65516], [77.37198, 12.65386], [77.37275, 12.65198], [77.37379, 12.65004], [77.37386, 12.64991], [77.37425, 12.64917]], [[77.39269, 12.6452], [77.39233, 12.64519], [77.39269, 12.6452], [77.39269, 12.6452]], [[77.39373, 12.64353], [77.39358, 12.64353], [77.39358, 12.64353], [77.39373, 12.64353]], [[77.39443, 12.64354], [77.39443, 12.64354], [77.39444, 12.64327], [77.39443, 12.64354]], [[77.39504, 12.64271], [77.39445, 12.6427], [77.39445, 12.6427], [77.39504, 12.64271]], [[77.39531, 12.64271], [77.39531, 12.64271], [77.39536, 12.64017], [77.39531, 12.64271]], [[77.39455, 12.63764], [77.39491, 12.63765], [77.39455, 12.63764], [77.39455, 12.63764]], [[77.39542, 12.63681], [77.39547, 12.63428], [77.39547, 12.63428], [77.39542, 12.63681], [77.39456, 12.6368], [77.39456, 12.63682], [77.39456, 12.6368], [77.39542, 12.63681]], [[77.39464, 12.63258], [77.39461, 12.63427], [77.39465, 12.63427], [77.39461, 12.63427], [77.39464, 12.63258]], [[77.39566, 12.62417], [77.3948, 12.62415], [77.39478, 12.62527], [77.3948, 12.62415], [77.39566, 12.62417]], [[77.39658, 12.62334], [77.39567, 12.62332], [77.39567, 12.62334], [77.39567, 12.62332], [77.39658, 12.62334]], [[77.3966, 12.61997], [77.39658, 12.62081], [77.39683, 12.62082], [77.39658, 12.62081], [77.3966, 12.61997]], [[77.39575, 12.61911], [77.39574, 12.61995], [77.39575, 12.61911], [77.39575, 12.61911]], [[77.39663, 12.61828], [77.39642, 12.61828], [77.39663, 12.61828], [77.39661, 12.61913], [77.39579, 12.61911], [77.39661, 12.61913], [77.39663, 12.61828]], [[77.39668, 12.61575], [77.39671, 12.61407], [77.39671, 12.61407], [77.39668, 12.61575], [77.39582, 12.61574], [77.39668, 12.61575]], [[77.39758, 12.61324], [77.39757, 12.61408], [77.39757, 12.61408], [77.39758, 12.61324]], [[77.39847, 12.61157], [77.39872, 12.61157], [77.39847, 12.61157], [77.39844, 12.61326], [77.3976, 12.61324], [77.39844, 12.61326], [77.39847, 12.61157]], [[77.39933, 12.61158], [77.39933, 12.61158], [77.39937, 12.60948], [77.39933, 12.61158]], [[77.40031, 12.60739], [77.39941, 12.60737], [77.39941, 12.60737], [77.40031, 12.60739]], [[77.40117, 12.60487], [77.40116, 12.60568], [77.40117, 12.60487], [77.40117, 12.60487]], [[77.40203, 12.60489], [77.40203, 12.60489], [77.40204, 12.60447], [77.40203, 12.60489]], [[77.40259, 12.60321], [77.40206, 12.6032], [77.40206, 12.6032], [77.40259, 12.60321]], [[77.40384, 12.60007], [77.40384, 12.60008], [77.40384, 12.60012], [77.40384, 12.60008], [77.40384, 12.60007]]]}, "properties": {"name": "DODDA MUDAVADI", "level": "gp", "shedId": "CO5CAM33", "parentTaluk": "Harohalli", "parentDistrict": "Bengaluru South"}}, {"type": "Feature", "geometry": {"type": "Polygon", "coordinates": [[[77.2986, 12.9776], [77.29862, 12.97676], [77.29948, 12.97678], [77.29951, 12.97509], [77.29948, 12.97678], [77.29862, 12.97676], [77.2986, 12.9776], [77.29815, 12.97759], [77.2983, 12.97796], [77.29865, 12.97877], [77.29935, 12.97985], [77.29937, 12.97998], [77.29943, 12.98012], [77.30042, 12.97943], [77.30259, 12.97813], [77.30358, 12.97754], [77.30401, 12.97742], [77.30444, 12.97717], [77.30478, 12.97697], [77.30521, 12.97673], [77.30588, 12.97634], [77.3061, 12.97599], [77.30643, 12.97572], [77.3068, 12.97576], [77.3072, 12.97587], [77.30766, 12.97582], [77.30809, 12.97561], [77.30859, 12.97548], [77.3093, 12.97552], [77.30989, 12.97571], [77.3106, 12.97594], [77.31115, 12.97613], [77.31185, 12.97621], [77.31288, 12.97649], [77.31358, 12.9767], [77.31358, 12.9767], [77.3139, 12.97646], [77.31413, 12.97628], [77.31456, 12.97596], [77.31457, 12.97575], [77.31502, 12.97568], [77.31542, 12.9756], [77.31556, 12.97544], [77.31584, 12.97527], [77.31619, 12.97505], [77.31655, 12.97498], [77.31681, 12.97493], [77.31704, 12.97469], [77.3172, 12.97435], [77.31728, 12.97377], [77.31737, 12.97316], [77.31745, 12.9726], [77.31763, 12.97242], [77.31785, 12.97221], [77.31823, 12.97232], [77.31864, 12.97247], [77.31858, 12.97273], [77.31852, 12.97334], [77.31883, 12.97354], [77.32039, 12.97439], [77.32199, 12.97521], [77.32214, 12.97531], [77.32224, 12.97537], [77.32285, 12.97551], [77.32328, 12.9756], [77.32379, 12.97569], [77.32461, 12.97579], [77.32523, 12.97587], [77.32539, 12.97591], [77.32553, 12.976], [77.3256, 12.97576], [77.32589, 12.97436], [77.32559, 12.97292], [77.32558, 12.97286], [77.32564, 12.97291], [77.32568, 12.97291], [77.32577, 12.9729], [77.32561, 12.9719], [77.32564, 12.97147], [77.32573, 12.97026], [77.32583, 12.96999], [77.32611, 12.96977], [77.32626, 12.96907], [77.32609, 12.96875], [77.32618, 12.96836], [77.32646, 12.96853], [77.32667, 12.96842], [77.32669, 12.96841], [77.32763, 12.96738], [77.329, 12.96633], [77.32942, 12.966], [77.33006, 12.96578], [77.33006, 12.96578], [77.33005, 12.96542], [77.33008, 12.96421], [77.3301, 12.96326], [77.33088, 12.95892], [77.33108, 12.95713], [77.33136, 12.95541], [77.33195, 12.95186], [77.33211, 12.95085], [77.33247, 12.94906], [77.33386, 12.94936], [77.33412, 12.94944], [77.33429, 12.94946], [77.33444, 12.94899], [77.33513, 12.94767], [77.33528, 12.94572], [77.33534, 12.94429], [77.33537, 12.94374], [77.33549, 12.94206], [77.33565, 12.94039], [77.33559, 12.93972], [77.33579, 12.93758], [77.33589, 12.93521], [77.33594, 12.93468], [77.33594, 12.93396], [77.33599, 12.93237], [77.33648, 12.93238], [77.33817, 12.93293], [77.34029, 12.93358], [77.34007, 12.93045], [77.33981, 12.9266], [77.33981, 12.92628], [77.3398, 12.92586], [77.33967, 12.91952], [77.3396, 12.9155], [77.33955, 12.91274], [77.33951, 12.91255], [77.33746, 12.91181], [77.33635, 12.91157], [77.33599, 12.91132], [77.33569, 12.9107], [77.33565, 12.91062], [77.33379, 12.91025], [77.33274, 12.91006], [77.32923, 12.90915], [77.32843, 12.90895], [77.32815, 12.90888], [77.3266, 12.90861], [77.3245, 12.90894], [77.32276, 12.90896], [77.32255, 12.90897], [77.32226, 12.90882], [77.32216, 12.90878], [77.32174, 12.90857], [77.32136, 12.90838], [77.32066, 12.90792], [77.32025, 12.90793], [77.31964, 12.90795], [77.31927, 12.90792], [77.31847, 12.90786], [77.31834, 12.90785], [77.3182, 12.90784], [77.3174, 12.90755], [77.31729, 12.90732], [77.3172, 12.90701], [77.31711, 12.9067], [77.31676, 12.90685], [77.31648, 12.90697], [77.31644, 12.90724], [77.31589, 12.90761], [77.31526, 12.90779], [77.31478, 12.90767], [77.3145, 12.9076], [77.31436, 12.90756], [77.31434, 12.90768], [77.31448, 12.90773], [77.31441, 12.90886], [77.31445, 12.90933], [77.3145, 12.91038], [77.3146, 12.91043], [77.31472, 12.91062], [77.31576, 12.91037], [77.3161, 12.9103], [77.3164, 12.91009], [77.31667, 12.9095], [77.31717, 12.90915], [77.31765, 12.90934], [77.31805, 12.90949], [77.31798, 12.9112], [77.31697, 12.9123], [77.31631, 12.91315], [77.31598, 12.91364], [77.31583, 12.91415], [77.31583, 12.91499], [77.31585, 12.91514], [77.31581, 12.91554], [77.31576, 12.91631], [77.31571, 12.91638], [77.3157, 12.91673], [77.31573, 12.91689], [77.31519, 12.91744], [77.31396, 12.91894], [77.31344, 12.9196], [77.31315, 12.91996], [77.31309, 12.92013], [77.313, 12.92012], [77.31278, 12.92094], [77.31238, 12.92227], [77.3119, 12.92304], [77.3112, 12.92364], [77.31012, 12.92481], [77.30906, 12.92595], [77.30841, 12.92654], [77.30727, 12.92789], [77.30657, 12.92882], [77.30631, 12.92927], [77.30611, 12.92959], [77.30452, 12.93087], [77.30375, 12.93146], [77.30308, 12.93223], [77.30278, 12.93335], [77.30256, 12.9338], [77.30084, 12.93516], [77.29834, 12.93763], [77.2972, 12.9386], [77.2965, 12.93968], [77.29599, 12.94044], [77.29511, 12.94147], [77.29366, 12.94292], [77.29308, 12.94402], [77.29263, 12.94467], [77.29187, 12.9457], [77.29146, 12.94605], [77.29112, 12.94607], [77.29068, 12.94622], [77.29021, 12.94654], [77.29005, 12.94634], [77.29002, 12.94627], [77.28956, 12.94523], [77.28857, 12.94291], [77.28755, 12.94056], [77.28715, 12.93965], [77.28676, 12.9387], [77.28649, 12.93809], [77.28586, 12.93657], [77.28381, 12.93107], [77.28217, 12.93052], [77.28182, 12.93042], [77.27968, 12.92966], [77.27923, 12.92948], [77.27756, 12.92894], [77.27743, 12.92888], [77.2765, 12.92859], [77.27578, 12.92877], [77.27533, 12.92911], [77.27351, 12.9296], [77.27317, 12.92974], [77.27232, 12.93012], [77.27171, 12.93039], [77.27152, 12.93053], [77.27169, 12.93097], [77.27176, 12.93117], [77.27203, 12.93198], [77.27212, 12.93239], [77.27236, 12.93292], [77.27243, 12.9331], [77.27264, 12.93446], [77.27267, 12.93462], [77.27263, 12.93506], [77.27247, 12.93556], [77.27232, 12.93559], [77.27194, 12.93566], [77.26531, 12.93647], [77.26389, 12.93668], [77.26315, 12.93678], [77.26319, 12.9369], [77.26321, 12.93709], [77.2633, 12.93772], [77.26338, 12.93844], [77.26348, 12.93917], [77.26364, 12.9398], [77.26337, 12.93983], [77.26294, 12.93979], [77.26276, 12.93974], [77.26275, 12.93987], [77.26263, 12.94051], [77.26217, 12.94141], [77.26196, 12.94183], [77.26194, 12.94212], [77.26254, 12.94333], [77.26288, 12.94326], [77.26328, 12.94363], [77.26291, 12.94399], [77.26287, 12.944], [77.26277, 12.94397], [77.26259, 12.94412], [77.26253, 12.94434], [77.26249, 12.94448], [77.26222, 12.9446], [77.26219, 12.94461], [77.26198, 12.94467], [77.2618, 12.94473], [77.26155, 12.94481], [77.2614, 12.9448], [77.25842, 12.94645], [77.2584, 12.94647], [77.25781, 12.94684], [77.25723, 12.94721], [77.25666, 12.94758], [77.2561, 12.94793], [77.25587, 12.94806], [77.2556, 12.94822], [77.25572, 12.94853], [77.25586, 12.9491], [77.25593, 12.94981], [77.25595, 12.95005], [77.25582, 12.95015], [77.25512, 12.95046], [77.25492, 12.95059], [77.25465, 12.95103], [77.25425, 12.95122], [77.25412, 12.95123], [77.25397, 12.95124], [77.25378, 12.95125], [77.25371, 12.95126], [77.25368, 12.95127], [77.25334, 12.9513], [77.25262, 12.95138], [77.2524, 12.95149], [77.25174, 12.95285], [77.25123, 12.95371], [77.25126, 12.95379], [77.25127, 12.95382], [77.2513, 12.95388], [77.25191, 12.95546], [77.25195, 12.95556], [77.25225, 12.95555], [77.25358, 12.95552], [77.25384, 12.95579], [77.25392, 12.95633], [77.25393, 12.95632], [77.25397, 12.95634], [77.2541, 12.9564], [77.25453, 12.95659], [77.25463, 12.95659], [77.25508, 12.95657], [77.25518, 12.95657], [77.25589, 12.95654], [77.2562, 12.95647], [77.2561, 12.95638], [77.25633, 12.95614], [77.25642, 12.95603], [77.25682, 12.95593], [77.25688, 12.95591], [77.25736, 12.95609], [77.25823, 12.9558], [77.25877, 12.95543], [77.25883, 12.95543], [77.25914, 12.95541], [77.26222, 12.95517], [77.26628, 12.95445], [77.26973, 12.95783], [77.26998, 12.95806], [77.2714, 12.96505], [77.27144, 12.96524], [77.27145, 12.96529], [77.27147, 12.96538], [77.27155, 12.96559], [77.27161, 12.96576], [77.27181, 12.96592], [77.27265, 12.96657], [77.27267, 12.96723], [77.27272, 12.96857], [77.27281, 12.97501], [77.2728, 12.97666], [77.2736, 12.97691], [77.27413, 12.97708], [77.27632, 12.97782], [77.27667, 12.97791], [77.27716, 12.97804], [77.27893, 12.97825], [77.28036, 12.97838], [77.2815, 12.97834], [77.28196, 12.9784], [77.28161, 12.97891], [77.28232, 12.97896], [77.28425, 12.98046], [77.28444, 12.98025], [77.2848, 12.97985], [77.2854, 12.97918], [77.28673, 12.9776], [77.28749, 12.97676], [77.28892, 12.97514], [77.28905, 12.97499], [77.29048, 12.97336], [77.29056, 12.97343], [77.29073, 12.97357], [77.29571, 12.97252], [77.29577, 12.97259], [77.29609, 12.97295], [77.29675, 12.974], [77.29691, 12.97426], [77.29734, 12.97539], [77.29742, 12.97562], [77.29776, 12.97668], [77.29815, 12.97759], [77.2986, 12.9776]], [[77.30211, 12.97429], [77.30213, 12.97345], [77.30299, 12.97346], [77.303, 12.97262], [77.30386, 12.97264], [77.30388, 12.97179], [77.30386, 12.97264], [77.303, 12.97262], [77.30299, 12.97346], [77.30213, 12.97345], [77.30211, 12.97429], [77.30039, 12.97426], [77.30037, 12.9751], [77.29954, 12.97509], [77.30037, 12.9751], [77.30039, 12.97426], [77.30211, 12.97429]], [[77.30474, 12.97181], [77.30476, 12.97096], [77.30474, 12.97181], [77.30388, 12.97179], [77.30474, 12.97181]], [[77.30562, 12.97098], [77.30563, 12.97014], [77.30649, 12.97015], [77.30563, 12.97014], [77.30562, 12.97098], [77.30476, 12.97096], [77.30562, 12.97098]], [[77.30651, 12.96952], [77.30717, 12.96953], [77.30761, 12.96941], [77.308, 12.96911], [77.30761, 12.96941], [77.30717, 12.96953], [77.30651, 12.96952], [77.30649, 12.97015], [77.30651, 12.96952]], [[77.30817, 12.96838], [77.3083, 12.96767], [77.30829, 12.96679], [77.3083, 12.96767], [77.30817, 12.96838], [77.308, 12.96911], [77.30817, 12.96838]], [[77.30922, 12.96261], [77.30921, 12.96345], [77.30835, 12.96343], [77.30828, 12.96677], [77.30835, 12.96343], [77.30921, 12.96345], [77.30922, 12.96261]], [[77.31008, 12.96262], [77.31012, 12.96093], [77.31098, 12.96095], [77.31099, 12.96011], [77.31098, 12.96095], [77.31012, 12.96093], [77.31008, 12.96262], [77.30922, 12.96261], [77.31008, 12.96262]], [[77.31108, 12.95589], [77.31194, 12.9559], [77.31108, 12.95589], [77.31106, 12.95673], [77.3102, 12.95671], [77.31013, 12.96009], [77.3102, 12.95671], [77.31106, 12.95673], [77.31108, 12.95589]], [[77.31199, 12.95337], [77.31199, 12.95337], [77.31194, 12.9559], [77.31199, 12.95337]], [[77.31201, 12.95337], [77.31285, 12.95339], [77.31285, 12.95339], [77.31201, 12.95337]], [[77.31283, 12.95423], [77.31283, 12.95423], [77.31713, 12.95431], [77.31283, 12.95423]], [[77.31712, 12.95516], [77.31712, 12.95516], [77.31798, 12.95517], [77.31712, 12.95516]], [[77.31884, 12.95519], [77.3197, 12.9552], [77.31884, 12.95519], [77.31882, 12.95603], [77.31796, 12.95602], [77.31798, 12.95518], [77.31796, 12.95602], [77.31882, 12.95603], [77.31884, 12.95519]], [[77.31968, 12.95605], [77.31968, 12.95605], [77.32054, 12.95606], [77.31968, 12.95605]], [[77.32052, 12.95691], [77.32219, 12.95694], [77.32052, 12.95691], [77.32052, 12.95691]], [[77.32223, 12.95778], [77.32481, 12.95783], [77.32223, 12.95778], [77.32223, 12.95778]], [[77.32479, 12.95868], [77.32565, 12.95869], [77.32565, 12.95869], [77.32479, 12.95868]], [[77.32476, 12.96036], [77.32476, 12.96036], [77.32562, 12.96038], [77.32476, 12.96036]], [[77.32557, 12.96291], [77.32729, 12.96294], [77.32729, 12.96294], [77.32557, 12.96291]], [[77.32728, 12.96379], [77.32814, 12.9638], [77.32814, 12.9638], [77.32728, 12.96379]], [[77.32812, 12.96465], [77.32898, 12.96466], [77.32898, 12.96466], [77.32812, 12.96465]]]}, "properties": {"name": "BACHENAHATTI", "level": "gp", "shedId": "CO5CAM33", "parentTaluk": "Magadi", "parentDistrict": "Bengaluru South"}}, {"type": "Feature", "geometry": {"type": "Polygon", "coordinates": [[[77.25056, 12.92604], [77.25057, 12.9252], [77.24885, 12.92516], [77.24884, 12.92601], [77.24798, 12.92599], [77.24796, 12.92683], [77.2471, 12.92682], [77.24708, 12.92766], [77.24622, 12.92765], [77.24619, 12.92933], [77.24533, 12.92932], [77.24529, 12.931], [77.24443, 12.93099], [77.24442, 12.93183], [77.24356, 12.93181], [77.24354, 12.93266], [77.24268, 12.93264], [77.24266, 12.93349], [77.2418, 12.93347], [77.2418, 12.93372], [77.24218, 12.93372], [77.24247, 12.93373], [77.24396, 12.93369], [77.24403, 12.93369], [77.24548, 12.93354], [77.24653, 12.93357], [77.24655, 12.93357], [77.24659, 12.93386], [77.24671, 12.93449], [77.24671, 12.93452], [77.24689, 12.93462], [77.24696, 12.93458], [77.24717, 12.93453], [77.24767, 12.93444], [77.24786, 12.9344], [77.24793, 12.93432], [77.24803, 12.93417], [77.2483, 12.93382], [77.24817, 12.93374], [77.24926, 12.93341], [77.24929, 12.93339], [77.24938, 12.93339], [77.24972, 12.9333], [77.25004, 12.93341], [77.25042, 12.9334], [77.25004, 12.93363], [77.25041, 12.93429], [77.25119, 12.93418], [77.25143, 12.93414], [77.25177, 12.93386], [77.25178, 12.93384], [77.25215, 12.93356], [77.25215, 12.93343], [77.25215, 12.93336], [77.25219, 12.93327], [77.25219, 12.93241], [77.25219, 12.93211], [77.25219, 12.93211], [77.25226, 12.93201], [77.2523, 12.9318], [77.25242, 12.93171], [77.25254, 12.93166], [77.2527, 12.93161], [77.25273, 12.93133], [77.2528, 12.93074], [77.25278, 12.93032], [77.25278, 12.93032], [77.25257, 12.92989], [77.25255, 12.92975], [77.25236, 12.92882], [77.25227, 12.92844], [77.25224, 12.92825], [77.25219, 12.92798], [77.25212, 12.92724], [77.25212, 12.9272], [77.25204, 12.92697], [77.25204, 12.92637], [77.25198, 12.92607], [77.25056, 12.92604]]]}, "properties": {"name": "MADABAL", "level": "gp", "shedId": "CO5CAM33", "parentTaluk": "Magadi", "parentDistrict": "Bengaluru South"}}, {"type": "Feature", "geometry": {"type": "MultiPolygon", "coordinates": [[[[77.23345, 12.9637], [77.23344, 12.96454], [77.23257, 12.96453], [77.23256, 12.96537], [77.2317, 12.96535], [77.23168, 12.9662], [77.22996, 12.96616], [77.22994, 12.96701], [77.22822, 12.96698], [77.2282, 12.96782], [77.22734, 12.9678], [77.22733, 12.96865], [77.22647, 12.96863], [77.22643, 12.97032], [77.22729, 12.97033], [77.22723, 12.97371], [77.22637, 12.97369], [77.22635, 12.97454], [77.22549, 12.97452], [77.22547, 12.97536], [77.22461, 12.97535], [77.22459, 12.97619], [77.22201, 12.97614], [77.22205, 12.97445], [77.21258, 12.97427], [77.2126, 12.97343], [77.21088, 12.97339], [77.21089, 12.97255], [77.20831, 12.9725], [77.20831, 12.97273], [77.20833, 12.97281], [77.20835, 12.97285], [77.20835, 12.97287], [77.20892, 12.97415], [77.20892, 12.97417], [77.20906, 12.97449], [77.20907, 12.9746], [77.20907, 12.9748], [77.20911, 12.97523], [77.20912, 12.97543], [77.20926, 12.97626], [77.20938, 12.977], [77.20939, 12.97702], [77.20956, 12.97731], [77.20967, 12.97754], [77.2098, 12.97776], [77.20992, 12.97799], [77.20996, 12.97807], [77.21016, 12.97845], [77.21034, 12.97881], [77.21079, 12.97964], [77.21086, 12.97978], [77.21087, 12.97978], [77.21082, 12.97982], [77.21081, 12.97983], [77.21022, 12.98022], [77.21001, 12.98037], [77.20992, 12.98044], [77.20967, 12.98065], [77.20919, 12.98112], [77.20873, 12.98157], [77.20871, 12.98159], [77.20841, 12.98187], [77.2077, 12.98249], [77.20724, 12.98282], [77.20723, 12.98345], [77.20646, 12.98344], [77.20637, 12.98352], [77.20635, 12.98414], [77.20641, 12.98428], [77.20721, 12.9843], [77.20717, 12.98638], [77.20739, 12.98695], [77.20765, 12.98753], [77.20769, 12.9876], [77.20818, 12.98847], [77.20826, 12.98863], [77.20869, 12.98948], [77.20871, 12.98952], [77.20862, 12.98977], [77.20855, 12.99007], [77.20852, 12.99023], [77.20881, 12.99024], [77.20878, 12.99193], [77.20832, 12.99192], [77.20828, 12.9926], [77.20823, 12.99378], [77.20822, 12.99445], [77.20873, 12.99446], [77.20869, 12.99615], [77.20955, 12.99616], [77.20954, 12.99701], [77.2104, 12.99702], [77.21036, 12.99871], [77.21123, 12.99873], [77.21121, 12.99957], [77.21207, 12.99959], [77.212, 13.00297], [77.21114, 13.00295], [77.21112, 13.00379], [77.21087, 13.00379], [77.21095, 13.00405], [77.2102, 13.00619], [77.20991, 13.00716], [77.20955, 13.00826], [77.20945, 13.00856], [77.20919, 13.00936], [77.20912, 13.0096], [77.20906, 13.00973], [77.20904, 13.00977], [77.20888, 13.0101], [77.20842, 13.01104], [77.20586, 13.01638], [77.2057, 13.0166], [77.20562, 13.02057], [77.20648, 13.02059], [77.20646, 13.02143], [77.20818, 13.02147], [77.20815, 13.02316], [77.20901, 13.02317], [77.20899, 13.02402], [77.20985, 13.02403], [77.20982, 13.02572], [77.21068, 13.02574], [77.21066, 13.02658], [77.21152, 13.0266], [77.21151, 13.02744], [77.21166, 13.02737], [77.21185, 13.02723], [77.21194, 13.0272], [77.21241, 13.02704], [77.21246, 13.02721], [77.21263, 13.02719], [77.21269, 13.02719], [77.213, 13.02716], [77.21314, 13.02711], [77.21372, 13.0269], [77.21495, 13.02748], [77.21502, 13.02751], [77.21533, 13.02747], [77.21536, 13.02745], [77.21539, 13.02742], [77.21546, 13.02737], [77.21582, 13.02729], [77.21587, 13.02735], [77.21624, 13.02736], [77.21641, 13.0272], [77.21658, 13.02727], [77.21731, 13.02695], [77.21766, 13.02684], [77.21789, 13.02767], [77.21787, 13.02802], [77.21785, 13.02854], [77.21787, 13.02882], [77.21788, 13.02895], [77.21796, 13.02928], [77.21802, 13.02932], [77.21809, 13.02971], [77.21811, 13.03001], [77.21818, 13.03066], [77.21833, 13.03144], [77.21833, 13.03145], [77.21841, 13.03177], [77.21859, 13.03213], [77.21865, 13.03245], [77.21862, 13.03247], [77.21837, 13.03256], [77.2178, 13.03291], [77.21775, 13.03309], [77.2176, 13.0336], [77.21757, 13.03367], [77.2173, 13.03425], [77.21695, 13.0348], [77.21631, 13.03526], [77.21625, 13.03529], [77.2162, 13.03532], [77.21604, 13.03574], [77.21636, 13.03666], [77.21753, 13.03712], [77.21912, 13.03715], [77.21997, 13.03768], [77.22023, 13.03873], [77.22021, 13.03965], [77.21981, 13.04062], [77.21972, 13.0415], [77.21967, 13.04238], [77.21986, 13.04327], [77.22067, 13.04413], [77.22162, 13.04479], [77.2232, 13.0455], [77.22426, 13.04589], [77.22472, 13.04648], [77.22798, 13.04598], [77.22895, 13.04583], [77.22926, 13.04578], [77.22943, 13.04568], [77.2295, 13.04564], [77.22981, 13.04561], [77.23036, 13.04557], [77.23025, 13.04529], [77.23093, 13.04486], [77.23182, 13.04509], [77.23183, 13.04472], [77.23195, 13.04473], [77.23202, 13.0438], [77.23305, 13.04342], [77.23425, 13.04284], [77.23446, 13.04274], [77.23452, 13.04269], [77.2351, 13.04222], [77.23585, 13.04161], [77.23607, 13.04143], [77.23644, 13.04114], [77.23693, 13.04078], [77.23707, 13.04063], [77.23708, 13.04062], [77.23708, 13.0406], [77.2371, 13.0406], [77.23711, 13.04059], [77.23759, 13.04009], [77.23767, 13.04007], [77.23795, 13.04001], [77.23799, 13.03809], [77.23795, 13.04001], [77.23801, 13.04], [77.23874, 13.03985], [77.23877, 13.03984], [77.23938, 13.03962], [77.23942, 13.0396], [77.24016, 13.03927], [77.24072, 13.03906], [77.24074, 13.03905], [77.24092, 13.03899], [77.2397, 13.03896], [77.24092, 13.03899], [77.24121, 13.03889], [77.24121, 13.03888], [77.24142, 13.03881], [77.24143, 13.03815], [77.24237, 13.03817], [77.24214, 13.03735], [77.242, 13.03683], [77.24187, 13.0363], [77.24163, 13.03536], [77.24134, 13.03433], [77.24119, 13.03371], [77.241, 13.03312], [77.24092, 13.03278], [77.24084, 13.0325], [77.24061, 13.03206], [77.24055, 13.03193], [77.24045, 13.03155], [77.24044, 13.03154], [77.24033, 13.03137], [77.24029, 13.03136], [77.24018, 13.03133], [77.23978, 13.03125], [77.23918, 13.0308], [77.23869, 13.02999], [77.23839, 13.02945], [77.23821, 13.02913], [77.23818, 13.02905], [77.23808, 13.02867], [77.23801, 13.0284], [77.23795, 13.02818], [77.23785, 13.02779], [77.23777, 13.02746], [77.2375, 13.02632], [77.2375, 13.02632], [77.2375, 13.02632], [77.23748, 13.02633], [77.23731, 13.02649], [77.23699, 13.0268], [77.23687, 13.0269], [77.23677, 13.02694], [77.23616, 13.02719], [77.23458, 13.02781], [77.23418, 13.02794], [77.23328, 13.02862], [77.23323, 13.02857], [77.23205, 13.0275], [77.23127, 13.0277], [77.2311, 13.02775], [77.23072, 13.02777], [77.23053, 13.0274], [77.23013, 13.02664], [77.22988, 13.02615], [77.22986, 13.0261], [77.22957, 13.02625], [77.22881, 13.02656], [77.2286, 13.02659], [77.2284, 13.02673], [77.22834, 13.02641], [77.22832, 13.02631], [77.22824, 13.02597], [77.22823, 13.02596], [77.22811, 13.02591], [77.22801, 13.02527], [77.22788, 13.02445], [77.22787, 13.02433], [77.22762, 13.02413], [77.22745, 13.02354], [77.22743, 13.02348], [77.22723, 13.02289], [77.22719, 13.02276], [77.22719, 13.02259], [77.22718, 13.02257], [77.22714, 13.02247], [77.22682, 13.02193], [77.2268, 13.02191], [77.22668, 13.02184], [77.22659, 13.0214], [77.22641, 13.02109], [77.22608, 13.02061], [77.22603, 13.02026], [77.22605, 13.0199], [77.22605, 13.01982], [77.22605, 13.01963], [77.22658, 13.01864], [77.22659, 13.01862], [77.22663, 13.01856], [77.22662, 13.01785], [77.22666, 13.01655], [77.22667, 13.01623], [77.22668, 13.01592], [77.22668, 13.01589], [77.22678, 13.01578], [77.22731, 13.0152], [77.22754, 13.01495], [77.22829, 13.01412], [77.22996, 13.01237], [77.23078, 13.01151], [77.23083, 13.01147], [77.23084, 13.01145], [77.23348, 13.00854], [77.23346, 13.00851], [77.23314, 13.00809], [77.23307, 13.00799], [77.23325, 13.00787], [77.23342, 13.00775], [77.23376, 13.00765], [77.23396, 13.00757], [77.2345, 13.00737], [77.23453, 13.00735], [77.23502, 13.00688], [77.23596, 13.00641], [77.23629, 13.00618], [77.23703, 13.00542], [77.23696, 13.00507], [77.23684, 13.00444], [77.23637, 13.0037], [77.23624, 13.00356], [77.23612, 13.00343], [77.23581, 13.00281], [77.23578, 13.00277], [77.23534, 13.00163], [77.23533, 13.00158], [77.2351, 13.0009], [77.23507, 13.00082], [77.23503, 13.00075], [77.2347, 13.00015], [77.23439, 12.99977], [77.23404, 12.9995], [77.234, 12.99946], [77.2338, 12.99922], [77.23357, 12.99894], [77.23344, 12.99877], [77.23337, 12.99869], [77.2334, 12.99835], [77.23321, 12.99767], [77.23297, 12.99673], [77.23293, 12.99666], [77.23213, 12.99529], [77.23187, 12.99473], [77.23149, 12.99386], [77.2316, 12.99381], [77.23161, 12.99381], [77.23206, 12.99363], [77.23239, 12.99348], [77.23327, 12.99311], [77.23329, 12.9931], [77.2344, 12.99267], [77.23465, 12.99256], [77.23478, 12.99251], [77.23379, 12.99072], [77.23356, 12.99038], [77.23304, 12.98962], [77.23253, 12.98887], [77.23241, 12.98869], [77.23171, 12.98739], [77.23148, 12.98696], [77.23275, 12.98627], [77.23412, 12.98556], [77.23496, 12.9851], [77.23658, 12.98445], [77.23862, 12.98396], [77.23898, 12.98389], [77.23899, 12.98381], [77.23897, 12.98376], [77.23899, 12.98375], [77.23923, 12.98368], [77.23927, 12.98378], [77.23931, 12.98388], [77.23968, 12.98344], [77.23976, 12.98337], [77.23978, 12.98332], [77.23985, 12.98313], [77.23999, 12.98308], [77.24007, 12.98305], [77.24049, 12.9829], [77.241, 12.98265], [77.24111, 12.98262], [77.24167, 12.98245], [77.24192, 12.98236], [77.24191, 12.98229], [77.24178, 12.98193], [77.24174, 12.98126], [77.24172, 12.98097], [77.24192, 12.98092], [77.24178, 12.98055], [77.24178, 12.98036], [77.24165, 12.98004], [77.24158, 12.97987], [77.24147, 12.97921], [77.24144, 12.97907], [77.24144, 12.97906], [77.2413, 12.97804], [77.24112, 12.9776], [77.24104, 12.97722], [77.24096, 12.97671], [77.2408, 12.97614], [77.24076, 12.9759], [77.24073, 12.97541], [77.24074, 12.9751], [77.24059, 12.97417], [77.24058, 12.9739], [77.24056, 12.97385], [77.2401, 12.97256], [77.23976, 12.97134], [77.23974, 12.9713], [77.23927, 12.9702], [77.23927, 12.9702], [77.23922, 12.97007], [77.23913, 12.96985], [77.23906, 12.96967], [77.23882, 12.96926], [77.2386, 12.96874], [77.23827, 12.96797], [77.23723, 12.96593], [77.23717, 12.96582], [77.23696, 12.96542], [77.23686, 12.96509], [77.23683, 12.965], [77.23678, 12.96481], [77.23646, 12.96431], [77.23621, 12.96375], [77.23345, 12.9637]], [[77.23806, 13.03809], [77.23971, 13.03812], [77.23971, 13.03812], [77.23806, 13.03809]]], [[[77.23183, 13.04472], [77.23182, 13.04509], [77.23093, 13.04486], [77.23025, 13.04529], [77.23036, 13.04557], [77.23185, 13.04546], [77.2319, 13.04546], [77.23195, 13.04473], [77.23183, 13.04472]]], [[[77.23708, 13.0406], [77.23708, 13.04062], [77.23708, 13.04062], [77.2371, 13.0406], [77.23708, 13.0406]]], [[[77.24143, 13.03815], [77.24142, 13.03881], [77.24193, 13.03861], [77.24196, 13.0386], [77.24206, 13.03857], [77.24243, 13.03846], [77.24244, 13.03844], [77.2424, 13.03827], [77.24237, 13.03817], [77.24143, 13.03815]]]]}, "properties": {"name": "THAGGIKUPPE", "level": "gp", "shedId": "CO5CAM33", "parentTaluk": "Magadi", "parentDistrict": "Bengaluru South"}}, {"type": "Feature", "geometry": {"type": "Polygon", "coordinates": [[[77.24308, 12.69722], [77.24304, 12.69891], [77.24218, 12.69889], [77.24215, 12.70058], [77.24129, 12.70056], [77.24126, 12.70225], [77.2404, 12.70223], [77.24038, 12.70307], [77.23866, 12.70304], [77.23865, 12.70389], [77.23779, 12.70387], [77.23774, 12.7064], [77.23688, 12.70638], [77.23686, 12.70722], [77.23514, 12.70719], [77.23513, 12.70803], [77.23427, 12.70802], [77.23425, 12.70886], [77.23167, 12.70881], [77.23166, 12.70966], [77.2308, 12.70964], [77.23077, 12.71133], [77.23162, 12.71134], [77.23161, 12.71218], [77.23075, 12.71217], [77.2307, 12.7147], [77.22984, 12.71468], [77.22977, 12.71805], [77.23063, 12.71807], [77.2306, 12.71976], [77.23146, 12.71977], [77.23144, 12.72062], [77.2323, 12.72063], [77.23226, 12.72232], [77.2314, 12.7223], [77.23137, 12.72399], [77.23051, 12.72397], [77.2305, 12.72482], [77.22964, 12.7248], [77.2296, 12.72649], [77.23132, 12.72652], [77.2313, 12.72736], [77.23302, 12.7274], [77.23295, 12.73077], [77.23381, 12.73079], [77.23378, 12.73247], [77.23292, 12.73246], [77.23282, 12.73752], [77.2354, 12.73757], [77.23538, 12.73841], [77.2371, 12.73844], [77.23706, 12.74013], [77.23792, 12.74014], [77.23786, 12.74352], [77.23871, 12.74353], [77.23868, 12.74522], [77.2404, 12.74525], [77.24038, 12.7461], [77.2421, 12.74613], [77.24208, 12.74697], [77.2438, 12.74701], [77.24382, 12.74616], [77.2464, 12.74621], [77.24636, 12.7479], [77.2455, 12.74788], [77.2454, 12.75294], [77.24454, 12.75293], [77.24451, 12.75461], [77.24365, 12.7546], [77.24356, 12.75908], [77.24396, 12.75966], [77.24441, 12.75967], [77.2444, 12.76031], [77.24454, 12.76052], [77.24525, 12.76053], [77.24523, 12.76138], [77.24609, 12.76139], [77.24608, 12.76224], [77.24694, 12.76225], [77.2469, 12.76394], [77.24776, 12.76396], [77.24772, 12.7659], [77.24803, 12.76564], [77.24806, 12.76561], [77.24924, 12.76606], [77.24955, 12.76652], [77.2503, 12.76654], [77.2507, 12.76646], [77.25087, 12.76642], [77.25205, 12.76617], [77.25211, 12.76616], [77.25221, 12.76613], [77.25244, 12.76608], [77.25259, 12.766], [77.25274, 12.76593], [77.25289, 12.76587], [77.25324, 12.76571], [77.25363, 12.76555], [77.25372, 12.76552], [77.25385, 12.76547], [77.25396, 12.76544], [77.25411, 12.7654], [77.25428, 12.76535], [77.25438, 12.76532], [77.25509, 12.76507], [77.25566, 12.76487], [77.25575, 12.76484], [77.25585, 12.76487], [77.2559, 12.76488], [77.25595, 12.7649], [77.25603, 12.76492], [77.25638, 12.76503], [77.25661, 12.76512], [77.25667, 12.76514], [77.25709, 12.76532], [77.25717, 12.76536], [77.25769, 12.7656], [77.25772, 12.76561], [77.25779, 12.76565], [77.25896, 12.76621], [77.25907, 12.76626], [77.25926, 12.76636], [77.26027, 12.76686], [77.2613, 12.76736], [77.26173, 12.76747], [77.26213, 12.76758], [77.26222, 12.76759], [77.26235, 12.76762], [77.26247, 12.76763], [77.26249, 12.76763], [77.26267, 12.76765], [77.26272, 12.76772], [77.26306, 12.76795], [77.26306, 12.76795], [77.26319, 12.76803], [77.26319, 12.76803], [77.26341, 12.76818], [77.26341, 12.76818], [77.2635, 12.76824], [77.2646, 12.76803], [77.26471, 12.76803], [77.26477, 12.76803], [77.26503, 12.76804], [77.26559, 12.76807], [77.26581, 12.76807], [77.26679, 12.76809], [77.26688, 12.76809], [77.26774, 12.76803], [77.26859, 12.76797], [77.26878, 12.76796], [77.26878, 12.76796], [77.26887, 12.76796], [77.26887, 12.76796], [77.26899, 12.76795], [77.26921, 12.76795], [77.26937, 12.76796], [77.26983, 12.76797], [77.2707, 12.76773], [77.2708, 12.7677], [77.27089, 12.76768], [77.27099, 12.76765], [77.27246, 12.76769], [77.27325, 12.76771], [77.27357, 12.76772], [77.27379, 12.76772], [77.27389, 12.76773], [77.27443, 12.76775], [77.27456, 12.76769], [77.27492, 12.76753], [77.27524, 12.76739], [77.27526, 12.76738], [77.27532, 12.76737], [77.27532, 12.76737], [77.27553, 12.7673], [77.27553, 12.76729], [77.27554, 12.76713], [77.27593, 12.76711], [77.27647, 12.76708], [77.27722, 12.76703], [77.27737, 12.76702], [77.2776, 12.767], [77.2777, 12.767], [77.27772, 12.76699], [77.27782, 12.76699], [77.27792, 12.76698], [77.27789, 12.76677], [77.27775, 12.76594], [77.27771, 12.76551], [77.2776, 12.76464], [77.27721, 12.76092], [77.27718, 12.76058], [77.27705, 12.75912], [77.27685, 12.75683], [77.27684, 12.75673], [77.2768, 12.75615], [77.27659, 12.75349], [77.27625, 12.75078], [77.27606, 12.74968], [77.27593, 12.74865], [77.27584, 12.74811], [77.27562, 12.74817], [77.27462, 12.74844], [77.27221, 12.74769], [77.27177, 12.74782], [77.27146, 12.74799], [77.27138, 12.74803], [77.27077, 12.74789], [77.27068, 12.74787], [77.27058, 12.74784], [77.27043, 12.74782], [77.27032, 12.74782], [77.26789, 12.74795], [77.26742, 12.74776], [77.26664, 12.74778], [77.26611, 12.74778], [77.26589, 12.74778], [77.26262, 12.74785], [77.26214, 12.74786], [77.26362, 12.74662], [77.26299, 12.74644], [77.26263, 12.74634], [77.26269, 12.74578], [77.2627, 12.74567], [77.26277, 12.74502], [77.26315, 12.74227], [77.26318, 12.74199], [77.2632, 12.74173], [77.2632, 12.74172], [77.26321, 12.74172], [77.26353, 12.74209], [77.26582, 12.7449], [77.26586, 12.74486], [77.2668, 12.74404], [77.26682, 12.74402], [77.26712, 12.74377], [77.26753, 12.7434], [77.26758, 12.74319], [77.2676, 12.74281], [77.26759, 12.74274], [77.2675, 12.74236], [77.26753, 12.74229], [77.26787, 12.74183], [77.26791, 12.74175], [77.26814, 12.74127], [77.26825, 12.74099], [77.26833, 12.74082], [77.26828, 12.74078], [77.26793, 12.74047], [77.26781, 12.74038], [77.26789, 12.74025], [77.26772, 12.74006], [77.26798, 12.73975], [77.26798, 12.73961], [77.26808, 12.73928], [77.26903, 12.73828], [77.26907, 12.73743], [77.26908, 12.73743], [77.26902, 12.73703], [77.26896, 12.7365], [77.26907, 12.73632], [77.26909, 12.73629], [77.26924, 12.73605], [77.26921, 12.73551], [77.26921, 12.73526], [77.26888, 12.73465], [77.26891, 12.7345], [77.26911, 12.73447], [77.26923, 12.73445], [77.26953, 12.73441], [77.26942, 12.73428], [77.26944, 12.73428], [77.26979, 12.73424], [77.27032, 12.7341], [77.27061, 12.73388], [77.27051, 12.73379], [77.27051, 12.73379], [77.27052, 12.73378], [77.27057, 12.73373], [77.27043, 12.73357], [77.27029, 12.73354], [77.2701, 12.73349], [77.27018, 12.73323], [77.27018, 12.73278], [77.27018, 12.73276], [77.27012, 12.73269], [77.27012, 12.73261], [77.27009, 12.73252], [77.27017, 12.73252], [77.27042, 12.73255], [77.27044, 12.73232], [77.27059, 12.73234], [77.27065, 12.7321], [77.27055, 12.73189], [77.27057, 12.73164], [77.27049, 12.73157], [77.27053, 12.73146], [77.27064, 12.7313], [77.27081, 12.73124], [77.27127, 12.73091], [77.27138, 12.73088], [77.27137, 12.7308], [77.27136, 12.73066], [77.27195, 12.73059], [77.27223, 12.73056], [77.27262, 12.73051], [77.27277, 12.73048], [77.27301, 12.73029], [77.27342, 12.72996], [77.27375, 12.72972], [77.27403, 12.72953], [77.27417, 12.72949], [77.27426, 12.72947], [77.2744, 12.72929], [77.27451, 12.72929], [77.27452, 12.72927], [77.27464, 12.72911], [77.27461, 12.72897], [77.27458, 12.72879], [77.27426, 12.72865], [77.2742, 12.72864], [77.27414, 12.72816], [77.27421, 12.72804], [77.27472, 12.7277], [77.2748, 12.72782], [77.27491, 12.72831], [77.27517, 12.72827], [77.2754, 12.72828], [77.27563, 12.72829], [77.27588, 12.72819], [77.27612, 12.72805], [77.27643, 12.72793], [77.27653, 12.72798], [77.27668, 12.7279], [77.27694, 12.72777], [77.2771, 12.72776], [77.27724, 12.72797], [77.27731, 12.72808], [77.27731, 12.72809], [77.27709, 12.72819], [77.27687, 12.7283], [77.27657, 12.72846], [77.27671, 12.72883], [77.27687, 12.7293], [77.27684, 12.72932], [77.27685, 12.72932], [77.27685, 12.72933], [77.277, 12.72959], [77.27731, 12.72998], [77.27752, 12.73026], [77.27792, 12.73075], [77.2788, 12.73067], [77.27899, 12.73066], [77.27904, 12.73046], [77.27904, 12.73045], [77.27905, 12.73039], [77.27912, 12.72992], [77.27909, 12.72957], [77.27894, 12.72923], [77.27857, 12.72847], [77.27852, 12.72809], [77.27848, 12.72787], [77.27847, 12.72782], [77.27844, 12.72777], [77.27809, 12.72725], [77.27801, 12.72721], [77.27751, 12.72696], [77.27716, 12.72648], [77.27708, 12.72636], [77.27702, 12.72628], [77.27682, 12.72598], [77.27659, 12.72597], [77.27643, 12.72597], [77.27632, 12.72598], [77.27599, 12.72602], [77.27594, 12.72603], [77.27554, 12.72604], [77.27554, 12.72599], [77.27546, 12.72525], [77.27545, 12.72511], [77.27545, 12.72503], [77.27545, 12.72496], [77.27544, 12.72484], [77.27544, 12.72454], [77.27543, 12.72428], [77.27543, 12.72426], [77.27543, 12.72424], [77.27508, 12.72402], [77.27461, 12.72406], [77.27452, 12.7241], [77.27434, 12.7242], [77.27428, 12.72455], [77.27419, 12.72496], [77.27395, 12.72502], [77.27385, 12.7255], [77.27374, 12.7255], [77.2736, 12.72548], [77.27323, 12.72546], [77.27322, 12.72546], [77.27319, 12.7255], [77.27314, 12.72579], [77.27313, 12.72584], [77.27284, 12.72588], [77.27252, 12.72589], [77.27245, 12.72591], [77.27228, 12.72596], [77.27224, 12.72597], [77.27196, 12.72596], [77.27167, 12.72609], [77.27151, 12.7261], [77.27145, 12.72611], [77.2712, 12.72616], [77.2711, 12.72619], [77.2711, 12.72618], [77.27106, 12.72612], [77.27048, 12.72628], [77.27021, 12.72632], [77.27046, 12.72641], [77.26991, 12.72659], [77.26968, 12.72676], [77.26888, 12.72677], [77.26808, 12.72672], [77.26789, 12.72671], [77.26779, 12.72671], [77.26747, 12.7267], [77.26709, 12.72667], [77.26673, 12.72676], [77.2666, 12.72687], [77.26594, 12.72694], [77.26536, 12.72713], [77.2654, 12.72744], [77.26455, 12.72783], [77.26447, 12.72778], [77.26442, 12.72775], [77.26398, 12.72751], [77.26361, 12.72718], [77.26342, 12.72714], [77.26297, 12.72706], [77.26262, 12.72704], [77.26195, 12.72691], [77.26158, 12.72684], [77.26153, 12.72671], [77.26139, 12.72652], [77.26143, 12.72639], [77.26046, 12.72636], [77.26003, 12.72635], [77.2584, 12.72638], [77.25825, 12.72638], [77.25823, 12.72633], [77.25813, 12.72592], [77.2581, 12.7259], [77.25805, 12.72588], [77.25791, 12.72584], [77.25751, 12.72569], [77.25736, 12.72564], [77.25647, 12.72553], [77.25613, 12.72546], [77.2561, 12.72545], [77.25593, 12.72543], [77.2558, 12.72556], [77.25571, 12.72551], [77.25549, 12.7254], [77.25547, 12.72538], [77.25544, 12.72537], [77.2546, 12.72493], [77.25452, 12.7249], [77.25414, 12.72476], [77.25332, 12.72445], [77.25292, 12.7242], [77.25215, 12.72365], [77.25181, 12.7234], [77.25282, 12.72091], [77.25283, 12.7209], [77.25283, 12.7209], [77.25291, 12.72072], [77.2529, 12.71998], [77.25273, 12.72003], [77.25273, 12.71999], [77.25253, 12.71747], [77.25223, 12.71458], [77.25201, 12.71421], [77.25147, 12.71327], [77.25064, 12.71183], [77.24959, 12.71051], [77.24907, 12.70879], [77.24926, 12.70706], [77.24952, 12.70541], [77.25064, 12.7044], [77.25068, 12.70432], [77.25085, 12.70419], [77.25155, 12.70256], [77.25311, 12.70114], [77.25331, 12.70103], [77.25338, 12.70095], [77.25271, 12.7004], [77.25176, 12.69975], [77.25023, 12.69875], [77.24945, 12.69816], [77.2493, 12.69821], [77.24881, 12.6986], [77.24863, 12.69878], [77.24826, 12.69904], [77.24809, 12.69907], [77.24686, 12.69925], [77.24617, 12.69893], [77.2456, 12.69853], [77.24379, 12.69724], [77.24308, 12.69722]]]}, "properties": {"name": "BELUGUMBA", "level": "gp", "shedId": "CO5CAM33", "parentTaluk": "Ramanagara", "parentDistrict": "Bengaluru South"}}, {"type": "Feature", "geometry": {"type": "MultiPolygon", "coordinates": [[[[77.27991, 12.78988], [77.27993, 12.7889], [77.27971, 12.78896], [77.27917, 12.78908], [77.27894, 12.78914], [77.27896, 12.78916], [77.27941, 12.78987], [77.27991, 12.78988]]], [[[77.2834, 12.78742], [77.28339, 12.78826], [77.28425, 12.78828], [77.28423, 12.78912], [77.28509, 12.78913], [77.28507, 12.78998], [77.28593, 12.78999], [77.28591, 12.79084], [77.28763, 12.79087], [77.28762, 12.79171], [77.28848, 12.79173], [77.28841, 12.7951], [77.28927, 12.79512], [77.28925, 12.79596], [77.29355, 12.79604], [77.29353, 12.79689], [77.29439, 12.7969], [77.29434, 12.79943], [77.2952, 12.79945], [77.2952, 12.79978], [77.29971, 12.79758], [77.30213, 12.79646], [77.30217, 12.7964], [77.30224, 12.79632], [77.30229, 12.79626], [77.30241, 12.79609], [77.30245, 12.79607], [77.30293, 12.79578], [77.30357, 12.79533], [77.30413, 12.79502], [77.30438, 12.79465], [77.30497, 12.79433], [77.30501, 12.79432], [77.30514, 12.79432], [77.30617, 12.79416], [77.30638, 12.79404], [77.30648, 12.79399], [77.30684, 12.79366], [77.30697, 12.79355], [77.30777, 12.79333], [77.30814, 12.79306], [77.30838, 12.79281], [77.30839, 12.79267], [77.30855, 12.79249], [77.30859, 12.79226], [77.30866, 12.79216], [77.30894, 12.79198], [77.30894, 12.79192], [77.30901, 12.79187], [77.30914, 12.79158], [77.30941, 12.79134], [77.31016, 12.79088], [77.31052, 12.79053], [77.31062, 12.79039], [77.31064, 12.78983], [77.31089, 12.78967], [77.31119, 12.78933], [77.31185, 12.78895], [77.31198, 12.78879], [77.31246, 12.78862], [77.31275, 12.78851], [77.31336, 12.78808], [77.31339, 12.78802], [77.31343, 12.78794], [77.31384, 12.78769], [77.31395, 12.78762], [77.3144, 12.78746], [77.31445, 12.78744], [77.31477, 12.78738], [77.31484, 12.78733], [77.31499, 12.78723], [77.31504, 12.78719], [77.31565, 12.78706], [77.31634, 12.78683], [77.31699, 12.78661], [77.31723, 12.78654], [77.3174, 12.7865], [77.31743, 12.78649], [77.31875, 12.7862], [77.31909, 12.78613], [77.32031, 12.78562], [77.32041, 12.78558], [77.32101, 12.78536], [77.32176, 12.78518], [77.32195, 12.78513], [77.32282, 12.78468], [77.32682, 12.78268], [77.32781, 12.78221], [77.32938, 12.782], [77.32951, 12.78199], [77.33078, 12.78185], [77.33062, 12.78157], [77.33059, 12.78153], [77.33011, 12.78071], [77.33005, 12.78063], [77.32969, 12.78016], [77.32925, 12.77943], [77.3285, 12.7782], [77.328, 12.77828], [77.32767, 12.77833], [77.32488, 12.77759], [77.32399, 12.77706], [77.32399, 12.77471], [77.32268, 12.7761], [77.32226, 12.77571], [77.32172, 12.77546], [77.32143, 12.77539], [77.31999, 12.77479], [77.31994, 12.77477], [77.31891, 12.77433], [77.31792, 12.77393], [77.31644, 12.77333], [77.31605, 12.77317], [77.31556, 12.77296], [77.31462, 12.77256], [77.31394, 12.77221], [77.31389, 12.77216], [77.31364, 12.77185], [77.31347, 12.77185], [77.31319, 12.77184], [77.31304, 12.77201], [77.31291, 12.77215], [77.31253, 12.77213], [77.31248, 12.77209], [77.3124, 12.77204], [77.31146, 12.77136], [77.30991, 12.76879], [77.30973, 12.76841], [77.30958, 12.7681], [77.3088, 12.76646], [77.30853, 12.76588], [77.30824, 12.76525], [77.30607, 12.76054], [77.30493, 12.75809], [77.30675, 12.75219], [77.30681, 12.75173], [77.30638, 12.7462], [77.30626, 12.74435], [77.30626, 12.74434], [77.30627, 12.74429], [77.30626, 12.74423], [77.30625, 12.74422], [77.30625, 12.74421], [77.30621, 12.74351], [77.30592, 12.74221], [77.30593, 12.74221], [77.30551, 12.74061], [77.30514, 12.73978], [77.30555, 12.73925], [77.30541, 12.73905], [77.30533, 12.73891], [77.30491, 12.73836], [77.3043, 12.73802], [77.30427, 12.73803], [77.30421, 12.73758], [77.30435, 12.7375], [77.30435, 12.73748], [77.30429, 12.73731], [77.30427, 12.73726], [77.30462, 12.73716], [77.30488, 12.73713], [77.30488, 12.7371], [77.30489, 12.7371], [77.30495, 12.73694], [77.30518, 12.73694], [77.30525, 12.73694], [77.30535, 12.73689], [77.30538, 12.73688], [77.30538, 12.73687], [77.30541, 12.73691], [77.30548, 12.73686], [77.30559, 12.73685], [77.30556, 12.73676], [77.30555, 12.73674], [77.30543, 12.73631], [77.30536, 12.73592], [77.30565, 12.73592], [77.30564, 12.73583], [77.30561, 12.73573], [77.30538, 12.73545], [77.30533, 12.73539], [77.30505, 12.73523], [77.3049, 12.73518], [77.30472, 12.73498], [77.30455, 12.7349], [77.30453, 12.73482], [77.30437, 12.73426], [77.30425, 12.73374], [77.30415, 12.73369], [77.30394, 12.73362], [77.30389, 12.73361], [77.30303, 12.73322], [77.30262, 12.73324], [77.30204, 12.73347], [77.30194, 12.73348], [77.30186, 12.73365], [77.30185, 12.73394], [77.30161, 12.73411], [77.30144, 12.73412], [77.30125, 12.73393], [77.30082, 12.73325], [77.29993, 12.73251], [77.29945, 12.73209], [77.29934, 12.73164], [77.29925, 12.73136], [77.29916, 12.7313], [77.29902, 12.73127], [77.29886, 12.73132], [77.29879, 12.73132], [77.29876, 12.7313], [77.29857, 12.73126], [77.2985, 12.73123], [77.29838, 12.73118], [77.29786, 12.73107], [77.29754, 12.73108], [77.29756, 12.73114], [77.29747, 12.73112], [77.29743, 12.73111], [77.29732, 12.73106], [77.29732, 12.73112], [77.29727, 12.7311], [77.29726, 12.73115], [77.29714, 12.73146], [77.29584, 12.73119], [77.29584, 12.73119], [77.29571, 12.73104], [77.29565, 12.73096], [77.29563, 12.73096], [77.29508, 12.7308], [77.29492, 12.73113], [77.29441, 12.73082], [77.29405, 12.73053], [77.29409, 12.73055], [77.2942, 12.73055], [77.29388, 12.72955], [77.29367, 12.7293], [77.29342, 12.7291], [77.29251, 12.72877], [77.29177, 12.72845], [77.29095, 12.72812], [77.2904, 12.72796], [77.28997, 12.72784], [77.28935, 12.72727], [77.28854, 12.72671], [77.28824, 12.72591], [77.28804, 12.72591], [77.28731, 12.72593], [77.28708, 12.72601], [77.28697, 12.72604], [77.28691, 12.72606], [77.28689, 12.72607], [77.28681, 12.72612], [77.28679, 12.72613], [77.28673, 12.72623], [77.28679, 12.72687], [77.28692, 12.72756], [77.28684, 12.72764], [77.28683, 12.72764], [77.28694, 12.72781], [77.28715, 12.72811], [77.28748, 12.72808], [77.28779, 12.72837], [77.2878, 12.72839], [77.28815, 12.72879], [77.28833, 12.72908], [77.28841, 12.7292], [77.28872, 12.72977], [77.2889, 12.73015], [77.289, 12.73049], [77.28908, 12.73045], [77.29006, 12.73005], [77.29017, 12.73015], [77.29015, 12.73063], [77.28996, 12.73122], [77.28995, 12.73133], [77.28999, 12.73134], [77.28988, 12.7316], [77.28953, 12.73183], [77.28938, 12.73184], [77.28883, 12.73129], [77.28816, 12.73049], [77.28772, 12.72996], [77.28639, 12.72862], [77.28633, 12.72878], [77.28645, 12.72907], [77.2866, 12.72928], [77.28673, 12.72958], [77.28685, 12.72986], [77.28697, 12.73016], [77.28725, 12.73087], [77.28692, 12.73103], [77.28578, 12.73136], [77.28545, 12.73142], [77.28441, 12.73173], [77.28429, 12.7319], [77.28406, 12.73186], [77.28307, 12.73195], [77.28252, 12.73186], [77.28248, 12.73178], [77.28229, 12.73177], [77.28208, 12.73173], [77.282, 12.73179], [77.28185, 12.73181], [77.28188, 12.73131], [77.28188, 12.73082], [77.28184, 12.73012], [77.2816, 12.72973], [77.28102, 12.72911], [77.27999, 12.72835], [77.27809, 12.72725], [77.27844, 12.72777], [77.27847, 12.72782], [77.27848, 12.72787], [77.27852, 12.72809], [77.27857, 12.72847], [77.27894, 12.72923], [77.27909, 12.72957], [77.27912, 12.72992], [77.27905, 12.73039], [77.27904, 12.73045], [77.27904, 12.73046], [77.27899, 12.73066], [77.2788, 12.73067], [77.27792, 12.73075], [77.27752, 12.73026], [77.27731, 12.72998], [77.277, 12.72959], [77.27685, 12.72933], [77.27685, 12.72932], [77.27684, 12.72932], [77.27687, 12.7293], [77.27671, 12.72883], [77.27657, 12.72846], [77.27687, 12.7283], [77.27709, 12.72819], [77.27731, 12.72809], [77.27731, 12.72808], [77.27724, 12.72797], [77.2771, 12.72776], [77.27694, 12.72777], [77.27668, 12.7279], [77.27653, 12.72798], [77.27643, 12.72793], [77.27612, 12.72805], [77.27588, 12.72819], [77.27563, 12.72829], [77.2754, 12.72828], [77.27517, 12.72827], [77.27491, 12.72831], [77.2748, 12.72782], [77.27472, 12.7277], [77.27421, 12.72804], [77.27414, 12.72816], [77.2742, 12.72864], [77.27426, 12.72865], [77.27458, 12.72879], [77.27461, 12.72897], [77.27464, 12.72911], [77.27452, 12.72927], [77.27451, 12.72929], [77.2744, 12.72929], [77.27426, 12.72947], [77.27417, 12.72949], [77.27403, 12.72953], [77.27375, 12.72972], [77.27342, 12.72996], [77.27301, 12.73029], [77.27277, 12.73048], [77.27262, 12.73051], [77.27223, 12.73056], [77.27195, 12.73059], [77.27136, 12.73066], [77.27137, 12.7308], [77.27138, 12.73088], [77.27127, 12.73091], [77.27081, 12.73124], [77.27064, 12.7313], [77.27053, 12.73146], [77.27049, 12.73157], [77.27057, 12.73164], [77.27055, 12.73189], [77.27065, 12.7321], [77.27059, 12.73234], [77.27044, 12.73232], [77.27042, 12.73255], [77.27017, 12.73252], [77.27009, 12.73252], [77.27012, 12.73261], [77.27012, 12.73269], [77.27018, 12.73276], [77.27018, 12.73278], [77.27018, 12.73323], [77.2701, 12.73349], [77.27029, 12.73354], [77.27043, 12.73357], [77.27057, 12.73373], [77.27052, 12.73378], [77.27051, 12.73379], [77.27051, 12.73379], [77.27061, 12.73388], [77.27032, 12.7341], [77.26979, 12.73424], [77.26944, 12.73428], [77.26942, 12.73428], [77.26953, 12.73441], [77.26923, 12.73445], [77.26911, 12.73447], [77.26891, 12.7345], [77.26888, 12.73465], [77.26921, 12.73526], [77.26921, 12.73551], [77.26924, 12.73605], [77.26909, 12.73629], [77.26907, 12.73632], [77.26896, 12.7365], [77.26902, 12.73703], [77.26908, 12.73743], [77.26907, 12.73743], [77.26903, 12.73828], [77.26808, 12.73928], [77.26798, 12.73961], [77.26798, 12.73975], [77.26772, 12.74006], [77.26789, 12.74025], [77.26781, 12.74038], [77.26793, 12.74047], [77.26828, 12.74078], [77.26833, 12.74082], [77.26825, 12.74099], [77.26814, 12.74127], [77.26791, 12.74175], [77.26787, 12.74183], [77.26753, 12.74229], [77.2675, 12.74236], [77.26759, 12.74274], [77.2676, 12.74281], [77.26758, 12.74319], [77.26753, 12.7434], [77.26712, 12.74377], [77.26682, 12.74402], [77.2668, 12.74404], [77.26586, 12.74486], [77.26582, 12.7449], [77.26353, 12.74209], [77.26321, 12.74172], [77.2632, 12.74172], [77.2632, 12.74173], [77.26318, 12.74199], [77.26315, 12.74227], [77.26277, 12.74502], [77.2627, 12.74567], [77.26269, 12.74578], [77.26263, 12.74634], [77.26299, 12.74644], [77.26362, 12.74662], [77.26214, 12.74786], [77.26262, 12.74785], [77.26589, 12.74778], [77.26611, 12.74778], [77.26664, 12.74778], [77.26742, 12.74776], [77.26789, 12.74795], [77.27032, 12.74782], [77.27043, 12.74782], [77.27058, 12.74784], [77.27068, 12.74787], [77.27077, 12.74789], [77.27138, 12.74803], [77.27146, 12.74799], [77.27177, 12.74782], [77.27221, 12.74769], [77.27462, 12.74844], [77.27562, 12.74817], [77.27584, 12.74811], [77.27593, 12.74865], [77.27606, 12.74968], [77.27625, 12.75078], [77.27659, 12.75349], [77.2768, 12.75615], [77.27684, 12.75673], [77.27685, 12.75683], [77.27705, 12.75912], [77.27718, 12.76058], [77.27721, 12.76092], [77.2776, 12.76464], [77.27771, 12.76551], [77.27775, 12.76594], [77.27789, 12.76677], [77.27792, 12.76698], [77.27782, 12.76699], [77.27785, 12.76703], [77.27791, 12.76714], [77.27798, 12.76725], [77.27828, 12.7673], [77.27861, 12.76736], [77.27861, 12.76742], [77.27861, 12.76752], [77.2786, 12.76754], [77.27859, 12.76761], [77.27849, 12.7683], [77.27812, 12.7685], [77.27787, 12.76861], [77.27767, 12.7687], [77.27726, 12.76881], [77.27683, 12.76893], [77.277, 12.76899], [77.27702, 12.76903], [77.2773, 12.77029], [77.27742, 12.77095], [77.27751, 12.77139], [77.2777, 12.77259], [77.27773, 12.77277], [77.27786, 12.77322], [77.27792, 12.77344], [77.27793, 12.77347], [77.27809, 12.77418], [77.2781, 12.77422], [77.2782, 12.77462], [77.27824, 12.77472], [77.27828, 12.77484], [77.27832, 12.77495], [77.27836, 12.77506], [77.27852, 12.77551], [77.27882, 12.77634], [77.27884, 12.7764], [77.27899, 12.77678], [77.27903, 12.77687], [77.27915, 12.7772], [77.27949, 12.77805], [77.27988, 12.77906], [77.28005, 12.77952], [77.28023, 12.78004], [77.281, 12.78229], [77.28109, 12.78256], [77.28115, 12.78273], [77.28166, 12.78415], [77.28283, 12.7874], [77.2834, 12.78742]]]]}, "properties": {"name": "HARISANDRA", "level": "gp", "shedId": "CO5CAM33", "parentTaluk": "Ramanagara", "parentDistrict": "Bengaluru South"}}, {"type": "Feature", "geometry": {"type": "Polygon", "coordinates": [[[77.34133, 12.68226], [77.3429, 12.6814], [77.34455, 12.68032], [77.34602, 12.67967], [77.34781, 12.67896], [77.34861, 12.67898], [77.34959, 12.67902], [77.35144, 12.67943], [77.35167, 12.67786], [77.35137, 12.67615], [77.35288, 12.67517], [77.35373, 12.67356], [77.35467, 12.67213], [77.35491, 12.67131], [77.35519, 12.67145], [77.35533, 12.67128], [77.35412, 12.67048], [77.35291, 12.66984], [77.35177, 12.66969], [77.35158, 12.66961], [77.35173, 12.66844], [77.35149, 12.66808], [77.35111, 12.66765], [77.35016, 12.6675], [77.34984, 12.66689], [77.34905, 12.66642], [77.34884, 12.66621], [77.34869, 12.66593], [77.34868, 12.66582], [77.34857, 12.66581], [77.34851, 12.66574], [77.34798, 12.66573], [77.34764, 12.66568], [77.34742, 12.66521], [77.34717, 12.66474], [77.34701, 12.6647], [77.34653, 12.66459], [77.34614, 12.66446], [77.34596, 12.66438], [77.34589, 12.66431], [77.34563, 12.6639], [77.34538, 12.66371], [77.34508, 12.66343], [77.34466, 12.66306], [77.34456, 12.66295], [77.34444, 12.66271], [77.34433, 12.66251], [77.3442, 12.66239], [77.34416, 12.66227], [77.34365, 12.66214], [77.3431, 12.66194], [77.34299, 12.66178], [77.34288, 12.66136], [77.34288, 12.66089], [77.34271, 12.66042], [77.34264, 12.65998], [77.34266, 12.65973], [77.34321, 12.65945], [77.34322, 12.65923], [77.34312, 12.65915], [77.34296, 12.659], [77.3428, 12.65878], [77.34245, 12.65845], [77.34243, 12.65843], [77.34228, 12.65854], [77.3421, 12.65842], [77.34011, 12.66013], [77.33951, 12.66067], [77.33918, 12.66092], [77.339, 12.66088], [77.33897, 12.66088], [77.33876, 12.66084], [77.33872, 12.66079], [77.33808, 12.66011], [77.33801, 12.65951], [77.33792, 12.65914], [77.33759, 12.65913], [77.3373, 12.65913], [77.33716, 12.65884], [77.33673, 12.65808], [77.33661, 12.65788], [77.33646, 12.65747], [77.33625, 12.65746], [77.33605, 12.6574], [77.33591, 12.65727], [77.33484, 12.65734], [77.33474, 12.65734], [77.33366, 12.65736], [77.33252, 12.65737], [77.32914, 12.65624], [77.32823, 12.65595], [77.3245, 12.65484], [77.32366, 12.65363], [77.32354, 12.65345], [77.32167, 12.65065], [77.3216, 12.65063], [77.3215, 12.65074], [77.31616, 12.64903], [77.31614, 12.64881], [77.31574, 12.64478], [77.31567, 12.64288], [77.31546, 12.64062], [77.31398, 12.63993], [77.31028, 12.63816], [77.30997, 12.63802], [77.30972, 12.63728], [77.30989, 12.63677], [77.30932, 12.63621], [77.30925, 12.63619], [77.30901, 12.63611], [77.30879, 12.63604], [77.30551, 12.63478], [77.30531, 12.63471], [77.30388, 12.6342], [77.30304, 12.63397], [77.30158, 12.63399], [77.30108, 12.63395], [77.30047, 12.63549], [77.30086, 12.63692], [77.30103, 12.63756], [77.3012, 12.63834], [77.30122, 12.63854], [77.30132, 12.63901], [77.30144, 12.63939], [77.30143, 12.63988], [77.30142, 12.6399], [77.30145, 12.63991], [77.30104, 12.64023], [77.30055, 12.64021], [77.30012, 12.64048], [77.29989, 12.64055], [77.29984, 12.64057], [77.2999, 12.6406], [77.30007, 12.64081], [77.30003, 12.64082], [77.2995, 12.6414], [77.29881, 12.64142], [77.298, 12.64144], [77.29804, 12.64184], [77.29804, 12.64194], [77.29796, 12.6427], [77.29793, 12.64316], [77.29778, 12.64345], [77.29741, 12.64414], [77.29715, 12.64464], [77.29705, 12.64483], [77.29692, 12.64505], [77.29653, 12.64577], [77.29675, 12.64609], [77.2968, 12.64642], [77.29559, 12.64698], [77.29543, 12.6474], [77.29529, 12.64776], [77.2945, 12.64813], [77.29436, 12.64855], [77.29399, 12.64974], [77.29378, 12.65035], [77.29372, 12.65146], [77.29359, 12.65182], [77.29357, 12.65192], [77.29368, 12.65225], [77.29387, 12.65253], [77.29407, 12.65275], [77.29417, 12.65315], [77.29433, 12.6533], [77.29455, 12.65366], [77.29507, 12.65392], [77.29516, 12.65404], [77.29521, 12.65412], [77.29524, 12.65419], [77.29529, 12.65431], [77.2953, 12.65456], [77.29533, 12.65544], [77.29515, 12.65579], [77.29507, 12.65595], [77.29488, 12.65605], [77.29479, 12.6563], [77.29484, 12.65661], [77.29497, 12.65712], [77.295, 12.6575], [77.29516, 12.65772], [77.29531, 12.65799], [77.29557, 12.65856], [77.29581, 12.65874], [77.29629, 12.65869], [77.29673, 12.65859], [77.29715, 12.659], [77.29745, 12.65934], [77.29751, 12.65941], [77.29759, 12.65945], [77.29762, 12.65947], [77.29774, 12.65963], [77.29774, 12.65967], [77.29774, 12.65972], [77.29773, 12.65976], [77.29783, 12.65979], [77.29829, 12.65988], [77.29866, 12.65988], [77.29875, 12.65984], [77.2988, 12.65969], [77.29923, 12.65959], [77.29936, 12.6592], [77.29936, 12.65912], [77.29957, 12.65907], [77.29958, 12.65917], [77.29961, 12.6595], [77.29959, 12.66008], [77.29964, 12.66023], [77.29964, 12.66027], [77.29971, 12.66044], [77.2998, 12.66067], [77.30016, 12.66112], [77.30021, 12.66139], [77.30029, 12.66184], [77.30033, 12.66192], [77.30036, 12.6621], [77.30033, 12.66228], [77.30032, 12.66233], [77.3003, 12.66242], [77.30029, 12.66244], [77.30024, 12.66261], [77.30022, 12.66269], [77.30023, 12.66276], [77.30028, 12.66303], [77.30006, 12.66312], [77.29999, 12.66341], [77.29997, 12.66351], [77.29998, 12.66391], [77.29991, 12.664], [77.2999, 12.66433], [77.29979, 12.66437], [77.29978, 12.66456], [77.29991, 12.66469], [77.29988, 12.66489], [77.29989, 12.66492], [77.2999, 12.665], [77.29991, 12.66511], [77.30008, 12.66518], [77.30018, 12.66522], [77.30039, 12.66579], [77.30047, 12.66603], [77.30058, 12.66631], [77.30058, 12.66632], [77.30059, 12.66642], [77.3006, 12.66664], [77.30066, 12.66685], [77.30092, 12.66765], [77.30097, 12.66789], [77.30107, 12.66843], [77.30122, 12.66878], [77.30146, 12.66875], [77.3015, 12.66884], [77.30164, 12.66883], [77.30173, 12.66882], [77.30186, 12.66935], [77.30198, 12.66933], [77.30205, 12.66962], [77.3021, 12.6698], [77.3026, 12.66971], [77.30307, 12.66965], [77.30353, 12.66958], [77.30394, 12.66952], [77.30412, 12.6695], [77.30577, 12.66915], [77.30685, 12.66893], [77.30802, 12.66906], [77.30801, 12.6689], [77.30839, 12.66884], [77.30971, 12.66863], [77.30988, 12.66861], [77.31105, 12.6683], [77.31318, 12.66771], [77.31338, 12.66785], [77.31368, 12.66806], [77.31375, 12.66805], [77.31415, 12.668], [77.31427, 12.66798], [77.31446, 12.66797], [77.31463, 12.66843], [77.31479, 12.66901], [77.31456, 12.66923], [77.31475, 12.6698], [77.31482, 12.66997], [77.31504, 12.67068], [77.31509, 12.671], [77.31509, 12.67121], [77.3149, 12.6717], [77.31489, 12.67239], [77.31511, 12.67278], [77.31528, 12.67307], [77.31589, 12.67408], [77.31663, 12.67524], [77.31667, 12.6753], [77.31675, 12.67543], [77.31705, 12.67565], [77.31772, 12.67615], [77.31815, 12.67623], [77.31989, 12.67657], [77.3199, 12.67658], [77.31997, 12.67659], [77.32019, 12.67663], [77.32023, 12.67683], [77.32051, 12.67716], [77.3206, 12.67726], [77.32078, 12.67735], [77.32101, 12.67718], [77.32117, 12.67707], [77.32128, 12.67709], [77.32134, 12.6771], [77.32158, 12.67716], [77.32161, 12.67721], [77.32169, 12.67723], [77.32173, 12.67728], [77.32193, 12.67731], [77.32214, 12.6776], [77.32219, 12.67768], [77.32256, 12.67776], [77.3231, 12.67762], [77.32432, 12.67714], [77.32471, 12.67696], [77.32517, 12.67673], [77.32516, 12.67718], [77.32536, 12.67755], [77.32555, 12.6779], [77.3256, 12.67796], [77.32565, 12.67808], [77.32573, 12.67802], [77.32645, 12.67742], [77.32649, 12.6773], [77.32651, 12.67725], [77.32709, 12.67668], [77.32729, 12.67667], [77.32743, 12.67663], [77.32753, 12.67662], [77.3279, 12.67697], [77.32811, 12.67767], [77.32808, 12.67814], [77.32804, 12.67849], [77.32787, 12.67937], [77.32777, 12.68045], [77.328, 12.68113], [77.32809, 12.68153], [77.32845, 12.68206], [77.3286, 12.68218], [77.32876, 12.68224], [77.32892, 12.68223], [77.32894, 12.68224], [77.32954, 12.68256], [77.32958, 12.68262], [77.32979, 12.68287], [77.33012, 12.68348], [77.33038, 12.6844], [77.33038, 12.68445], [77.33036, 12.68494], [77.33039, 12.68547], [77.33057, 12.68549], [77.33073, 12.68587], [77.33075, 12.68593], [77.33113, 12.68658], [77.33113, 12.68663], [77.33098, 12.68676], [77.33106, 12.68716], [77.33104, 12.68757], [77.33107, 12.68785], [77.33118, 12.6884], [77.33122, 12.68857], [77.33123, 12.68863], [77.33132, 12.68907], [77.332, 12.68913], [77.33227, 12.6897], [77.33229, 12.69012], [77.33311, 12.69019], [77.33254, 12.68777], [77.33244, 12.68672], [77.33265, 12.68533], [77.33307, 12.68442], [77.33348, 12.684], [77.33358, 12.6839], [77.33407, 12.6834], [77.33496, 12.68328], [77.33775, 12.6829], [77.33966, 12.68237], [77.34133, 12.68226]]]}, "properties": {"name": "KAILANCHA", "level": "gp", "shedId": "CO5CAM33", "parentTaluk": "Ramanagara", "parentDistrict": "Bengaluru South"}}, {"type": "Feature", "geometry": {"type": "MultiPolygon", "coordinates": [[[[77.24355, 12.75966], [77.24396, 12.75966], [77.24356, 12.75908], [77.24355, 12.75966]]], [[[77.24439, 12.76052], [77.24454, 12.76052], [77.2444, 12.76031], [77.24439, 12.76052]]], [[[77.24771, 12.76649], [77.24955, 12.76652], [77.24924, 12.76606], [77.24806, 12.76561], [77.24803, 12.76564], [77.24772, 12.7659], [77.24771, 12.76649]]], [[[77.25115, 12.76655], [77.25113, 12.7674], [77.25457, 12.76746], [77.25454, 12.76915], [77.25539, 12.76916], [77.25538, 12.77001], [77.25624, 12.77002], [77.2562, 12.77171], [77.25792, 12.77174], [77.25786, 12.77512], [77.257, 12.7751], [77.25698, 12.77594], [77.25612, 12.77593], [77.2561, 12.77677], [77.25524, 12.77676], [77.25523, 12.7776], [77.25437, 12.77758], [77.25432, 12.78011], [77.25518, 12.78013], [77.25516, 12.78097], [77.25602, 12.78099], [77.256, 12.78183], [77.25686, 12.78185], [77.25688, 12.781], [77.25774, 12.78102], [77.25775, 12.78018], [77.26033, 12.78023], [77.26035, 12.77938], [77.26121, 12.7794], [77.26119, 12.78024], [77.26205, 12.78026], [77.26203, 12.7811], [77.26289, 12.78112], [77.26288, 12.78196], [77.26374, 12.78198], [77.26372, 12.78282], [77.26458, 12.78284], [77.26455, 12.78453], [77.26541, 12.78454], [77.26539, 12.78539], [77.26625, 12.7854], [77.26623, 12.78625], [77.27225, 12.78636], [77.27221, 12.78805], [77.27479, 12.7881], [77.27478, 12.78894], [77.27821, 12.789], [77.2782, 12.78985], [77.27941, 12.78987], [77.27896, 12.78916], [77.27894, 12.78914], [77.27917, 12.78908], [77.27971, 12.78896], [77.27993, 12.7889], [77.27995, 12.78819], [77.28081, 12.78821], [77.28082, 12.78737], [77.28283, 12.7874], [77.28166, 12.78415], [77.28115, 12.78273], [77.28109, 12.78256], [77.281, 12.78229], [77.28023, 12.78004], [77.28005, 12.77952], [77.27988, 12.77906], [77.27949, 12.77805], [77.27915, 12.7772], [77.27903, 12.77687], [77.27899, 12.77678], [77.27884, 12.7764], [77.27882, 12.77634], [77.27852, 12.77551], [77.27836, 12.77506], [77.27832, 12.77495], [77.27828, 12.77484], [77.27824, 12.77472], [77.2782, 12.77462], [77.2781, 12.77422], [77.27809, 12.77418], [77.27793, 12.77347], [77.27792, 12.77344], [77.27786, 12.77322], [77.27773, 12.77277], [77.2777, 12.77259], [77.27751, 12.77139], [77.27742, 12.77095], [77.2773, 12.77029], [77.27702, 12.76903], [77.277, 12.76899], [77.27683, 12.76893], [77.27726, 12.76881], [77.27767, 12.7687], [77.27787, 12.76861], [77.27812, 12.7685], [77.27849, 12.7683], [77.27859, 12.76761], [77.2786, 12.76754], [77.27861, 12.76752], [77.27861, 12.76742], [77.27861, 12.76736], [77.27828, 12.7673], [77.27798, 12.76725], [77.27791, 12.76714], [77.27785, 12.76703], [77.27782, 12.76699], [77.27772, 12.76699], [77.2777, 12.767], [77.2776, 12.767], [77.27737, 12.76702], [77.27722, 12.76703], [77.27647, 12.76708], [77.27593, 12.76711], [77.27554, 12.76713], [77.27553, 12.76729], [77.27553, 12.7673], [77.27532, 12.76737], [77.27532, 12.76737], [77.27526, 12.76738], [77.27524, 12.76739], [77.27492, 12.76753], [77.27456, 12.76769], [77.27443, 12.76775], [77.27389, 12.76773], [77.27379, 12.76772], [77.27357, 12.76772], [77.27325, 12.76771], [77.27246, 12.76769], [77.27099, 12.76765], [77.27089, 12.76768], [77.2708, 12.7677], [77.2707, 12.76773], [77.26983, 12.76797], [77.26937, 12.76796], [77.26921, 12.76795], [77.26899, 12.76795], [77.26887, 12.76796], [77.26887, 12.76796], [77.26878, 12.76796], [77.26878, 12.76796], [77.26859, 12.76797], [77.26774, 12.76803], [77.26688, 12.76809], [77.26679, 12.76809], [77.26581, 12.76807], [77.26559, 12.76807], [77.26503, 12.76804], [77.26477, 12.76803], [77.26471, 12.76803], [77.2646, 12.76803], [77.2635, 12.76824], [77.26341, 12.76818], [77.26341, 12.76818], [77.26319, 12.76803], [77.26319, 12.76803], [77.26306, 12.76795], [77.26306, 12.76795], [77.26272, 12.76772], [77.26267, 12.76765], [77.26249, 12.76763], [77.26247, 12.76763], [77.26235, 12.76762], [77.26222, 12.76759], [77.26213, 12.76758], [77.26173, 12.76747], [77.2613, 12.76736], [77.26027, 12.76686], [77.25926, 12.76636], [77.25907, 12.76626], [77.25896, 12.76621], [77.25779, 12.76565], [77.25772, 12.76561], [77.25769, 12.7656], [77.25717, 12.76536], [77.25709, 12.76532], [77.25667, 12.76514], [77.25661, 12.76512], [77.25638, 12.76503], [77.25603, 12.76492], [77.25595, 12.7649], [77.2559, 12.76488], [77.25585, 12.76487], [77.25575, 12.76484], [77.25566, 12.76487], [77.25509, 12.76507], [77.25438, 12.76532], [77.25428, 12.76535], [77.25411, 12.7654], [77.25396, 12.76544], [77.25385, 12.76547], [77.25372, 12.76552], [77.25363, 12.76555], [77.25324, 12.76571], [77.25289, 12.76587], [77.25274, 12.76593], [77.25259, 12.766], [77.25244, 12.76608], [77.25221, 12.76613], [77.25211, 12.76616], [77.25205, 12.76617], [77.25087, 12.76642], [77.2507, 12.76646], [77.2503, 12.76654], [77.25115, 12.76655]]]]}, "properties": {"name": "KOOTAGAL", "level": "gp", "shedId": "CO5CAM33", "parentTaluk": "Ramanagara", "parentDistrict": "Bengaluru South"}}, {"type": "Feature", "geometry": {"type": "MultiPolygon", "coordinates": [[[[77.30001, 12.81726], [77.30202, 12.8173], [77.30002, 12.8168], [77.30001, 12.81726]]], [[[77.3061, 12.82296], [77.3057, 12.82328], [77.3042, 12.82325], [77.30418, 12.82409], [77.30332, 12.82407], [77.3033, 12.82492], [77.30244, 12.8249], [77.30243, 12.82575], [77.30157, 12.82573], [77.30152, 12.82826], [77.2998, 12.82823], [77.29975, 12.83076], [77.29889, 12.83074], [77.29887, 12.83159], [77.29801, 12.83157], [77.29798, 12.83326], [77.29626, 12.83322], [77.29623, 12.83491], [77.29537, 12.83489], [77.2953, 12.83827], [77.29541, 12.83827], [77.29538, 12.83854], [77.29551, 12.83912], [77.29529, 12.83911], [77.29525, 12.8408], [77.29544, 12.8408], [77.29562, 12.84124], [77.29662, 12.84261], [77.29714, 12.84368], [77.29742, 12.84461], [77.29814, 12.84534], [77.29896, 12.84613], [77.29919, 12.847], [77.29922, 12.84821], [77.29929, 12.84971], [77.30004, 12.85165], [77.30012, 12.85228], [77.30026, 12.85271], [77.30018, 12.85271], [77.30016, 12.85355], [77.2993, 12.85353], [77.29929, 12.85438], [77.29843, 12.85436], [77.29841, 12.85521], [77.29755, 12.85519], [77.29754, 12.85603], [77.29668, 12.85602], [77.29666, 12.85686], [77.2958, 12.85684], [77.29575, 12.85938], [77.29489, 12.85936], [77.29481, 12.86358], [77.29395, 12.86356], [77.29393, 12.8644], [77.29307, 12.86439], [77.29305, 12.86523], [77.2922, 12.86522], [77.29213, 12.86859], [77.29127, 12.86857], [77.29125, 12.86942], [77.29039, 12.8694], [77.29036, 12.87109], [77.2895, 12.87107], [77.28948, 12.87192], [77.28866, 12.8719], [77.28867, 12.87191], [77.28906, 12.87332], [77.2892, 12.87388], [77.2893, 12.87428], [77.28948, 12.87495], [77.28963, 12.87547], [77.28983, 12.87616], [77.28998, 12.87609], [77.29129, 12.87578], [77.29284, 12.87549], [77.29286, 12.87588], [77.29366, 12.87609], [77.29368, 12.8745], [77.29558, 12.87376], [77.2973, 12.8737], [77.29899, 12.87406], [77.30072, 12.87407], [77.30241, 12.87434], [77.3035, 12.87426], [77.30422, 12.87409], [77.30564, 12.87308], [77.30666, 12.87158], [77.30836, 12.87077], [77.30906, 12.8705], [77.31005, 12.87013], [77.31166, 12.86928], [77.31337, 12.86857], [77.31497, 12.86753], [77.31666, 12.86691], [77.31763, 12.86595], [77.31755, 12.86514], [77.31693, 12.86303], [77.31669, 12.86219], [77.31671, 12.86042], [77.31545, 12.85878], [77.31491, 12.8573], [77.31491, 12.85717], [77.31491, 12.8571], [77.31489, 12.85543], [77.31524, 12.85407], [77.31461, 12.85245], [77.31406, 12.8514], [77.31407, 12.85111], [77.3141, 12.85065], [77.31533, 12.85028], [77.31739, 12.85008], [77.31671, 12.84885], [77.31663, 12.84872], [77.31656, 12.84859], [77.31624, 12.84803], [77.31621, 12.84796], [77.31602, 12.84762], [77.316, 12.84759], [77.31598, 12.84756], [77.3148, 12.84537], [77.31342, 12.84275], [77.31395, 12.84252], [77.3157, 12.84206], [77.3153, 12.84116], [77.31523, 12.84101], [77.31408, 12.83854], [77.31314, 12.83653], [77.31273, 12.83564], [77.31215, 12.83439], [77.31194, 12.83394], [77.31192, 12.83357], [77.31191, 12.83315], [77.31188, 12.83253], [77.31188, 12.83249], [77.31188, 12.83232], [77.31187, 12.83216], [77.31187, 12.83209], [77.31186, 12.83195], [77.31183, 12.83084], [77.31176, 12.82928], [77.31152, 12.82918], [77.31145, 12.82909], [77.30841, 12.82499], [77.30691, 12.82295], [77.30642, 12.82231], [77.3061, 12.82296]]]]}, "properties": {"name": "LAKSHMIPURA", "level": "gp", "shedId": "CO5CAM33", "parentTaluk": "Ramanagara", "parentDistrict": "Bengaluru South"}}, {"type": "Feature", "geometry": {"type": "Polygon", "coordinates": [[[77.29519, 12.80029], [77.29433, 12.80028], [77.29429, 12.80197], [77.29343, 12.80195], [77.2934, 12.80364], [77.29426, 12.80365], [77.29421, 12.80618], [77.29507, 12.8062], [77.29505, 12.80704], [77.29677, 12.80707], [77.29676, 12.80792], [77.29762, 12.80793], [77.2976, 12.80878], [77.29846, 12.80879], [77.29844, 12.80964], [77.2993, 12.80965], [77.29925, 12.81218], [77.30011, 12.8122], [77.30002, 12.8168], [77.30202, 12.8173], [77.30259, 12.81731], [77.30259, 12.8173], [77.30321, 12.81755], [77.30429, 12.81771], [77.30551, 12.81798], [77.30609, 12.81852], [77.30652, 12.81911], [77.30656, 12.81988], [77.30651, 12.8221], [77.30642, 12.82231], [77.30691, 12.82295], [77.30841, 12.82499], [77.31145, 12.82909], [77.31152, 12.82918], [77.31176, 12.82928], [77.31183, 12.83084], [77.31186, 12.83195], [77.31187, 12.83209], [77.31187, 12.83216], [77.31188, 12.83232], [77.31188, 12.83249], [77.31188, 12.83253], [77.31191, 12.83315], [77.31192, 12.83357], [77.31194, 12.83394], [77.31215, 12.83439], [77.31273, 12.83564], [77.31314, 12.83653], [77.31408, 12.83854], [77.31523, 12.84101], [77.3153, 12.84116], [77.3157, 12.84206], [77.31395, 12.84252], [77.31342, 12.84275], [77.3148, 12.84537], [77.31598, 12.84756], [77.316, 12.84759], [77.31602, 12.84762], [77.31621, 12.84796], [77.31624, 12.84803], [77.31656, 12.84859], [77.31663, 12.84872], [77.31671, 12.84885], [77.31739, 12.85008], [77.31802, 12.85163], [77.31948, 12.85206], [77.32071, 12.85388], [77.32084, 12.85407], [77.32108, 12.85442], [77.32143, 12.85502], [77.3226, 12.85657], [77.32367, 12.85801], [77.32454, 12.8603], [77.3253, 12.86105], [77.32647, 12.86027], [77.32682, 12.86011], [77.327, 12.85999], [77.32725, 12.85995], [77.32799, 12.85972], [77.32972, 12.85975], [77.32975, 12.85975], [77.33245, 12.85981], [77.3327, 12.85981], [77.33356, 12.85964], [77.33375, 12.85978], [77.33425, 12.85967], [77.33435, 12.85964], [77.33447, 12.85961], [77.33452, 12.85959], [77.33494, 12.85946], [77.33517, 12.8594], [77.33585, 12.85929], [77.33591, 12.85928], [77.3366, 12.85915], [77.33673, 12.85914], [77.33697, 12.85913], [77.33732, 12.85909], [77.33734, 12.85908], [77.33779, 12.85907], [77.33791, 12.85906], [77.33865, 12.85896], [77.33885, 12.85893], [77.34058, 12.85868], [77.34396, 12.85818], [77.34409, 12.85816], [77.34532, 12.85798], [77.34535, 12.85797], [77.3454, 12.85492], [77.34531, 12.85304], [77.3453, 12.85288], [77.34528, 12.8525], [77.34388, 12.85305], [77.3437, 12.85312], [77.34247, 12.85284], [77.34215, 12.852], [77.34198, 12.85159], [77.34194, 12.85151], [77.34203, 12.85143], [77.34175, 12.85076], [77.34201, 12.84866], [77.34267, 12.84675], [77.34255, 12.8446], [77.34316, 12.84281], [77.34396, 12.84151], [77.34446, 12.83945], [77.34477, 12.83749], [77.34477, 12.83747], [77.34514, 12.83567], [77.34561, 12.83379], [77.34557, 12.8325], [77.34515, 12.83057], [77.34503, 12.82991], [77.34498, 12.82961], [77.34489, 12.82909], [77.34484, 12.82876], [77.34324, 12.82764], [77.3422, 12.82778], [77.34114, 12.82795], [77.34077, 12.82784], [77.33939, 12.82744], [77.33937, 12.82746], [77.33834, 12.82802], [77.33774, 12.82836], [77.33744, 12.82857], [77.33616, 12.82947], [77.3356, 12.83175], [77.33546, 12.83252], [77.33427, 12.83385], [77.33292, 12.83524], [77.33122, 12.8362], [77.3294, 12.83553], [77.32882, 12.83447], [77.32845, 12.8325], [77.33011, 12.82979], [77.33015, 12.82812], [77.32981, 12.8267], [77.32839, 12.82574], [77.32738, 12.82567], [77.32736, 12.82563], [77.328, 12.82428], [77.32875, 12.82384], [77.32864, 12.8236], [77.32837, 12.82339], [77.32822, 12.82286], [77.32793, 12.82227], [77.32763, 12.82096], [77.3274, 12.82085], [77.32745, 12.82025], [77.32776, 12.82016], [77.32779, 12.81931], [77.32742, 12.81931], [77.32723, 12.81854], [77.32679, 12.81851], [77.32672, 12.8187], [77.32648, 12.8194], [77.32606, 12.81956], [77.32606, 12.81972], [77.32591, 12.81965], [77.32579, 12.8195], [77.32566, 12.81931], [77.32546, 12.81909], [77.32534, 12.81881], [77.32524, 12.81859], [77.32528, 12.81847], [77.32598, 12.81641], [77.32576, 12.81526], [77.32612, 12.81388], [77.32594, 12.81266], [77.32431, 12.81168], [77.32525, 12.81014], [77.32577, 12.80782], [77.32701, 12.80727], [77.32858, 12.80702], [77.33003, 12.80804], [77.33015, 12.80826], [77.33022, 12.80838], [77.33089, 12.80957], [77.3313, 12.81045], [77.33164, 12.81119], [77.3327, 12.81473], [77.33314, 12.81541], [77.33332, 12.81568], [77.33358, 12.81646], [77.33456, 12.81764], [77.33522, 12.81832], [77.33602, 12.81843], [77.33648, 12.81836], [77.33715, 12.81825], [77.33737, 12.81736], [77.33877, 12.81675], [77.34071, 12.81682], [77.34132, 12.8168], [77.34217, 12.81664], [77.34313, 12.81607], [77.34366, 12.81574], [77.34484, 12.81449], [77.34616, 12.81356], [77.34688, 12.81289], [77.34667, 12.81191], [77.34635, 12.81023], [77.34624, 12.8093], [77.34616, 12.80866], [77.34475, 12.80747], [77.34311, 12.80703], [77.34185, 12.80779], [77.33978, 12.80784], [77.33923, 12.80725], [77.33853, 12.8066], [77.33847, 12.80655], [77.33744, 12.80626], [77.33707, 12.80613], [77.33686, 12.80609], [77.33629, 12.80423], [77.33647, 12.80289], [77.33647, 12.80246], [77.33696, 12.8011], [77.33753, 12.80037], [77.33851, 12.80013], [77.3405, 12.79907], [77.3416, 12.79686], [77.34146, 12.79542], [77.34143, 12.79349], [77.34283, 12.79256], [77.34402, 12.79148], [77.34584, 12.79192], [77.34669, 12.79196], [77.34681, 12.79196], [77.34771, 12.79201], [77.348, 12.79152], [77.34806, 12.79141], [77.34841, 12.79082], [77.34843, 12.79078], [77.34849, 12.79064], [77.34844, 12.79038], [77.34835, 12.78993], [77.34822, 12.78923], [77.34822, 12.78883], [77.34821, 12.78756], [77.34733, 12.78387], [77.34714, 12.78262], [77.34709, 12.7823], [77.34748, 12.78155], [77.34761, 12.78129], [77.34752, 12.78132], [77.34539, 12.78208], [77.3453, 12.7821], [77.34312, 12.78286], [77.34262, 12.78307], [77.34246, 12.78304], [77.34153, 12.78283], [77.34151, 12.78282], [77.34075, 12.78261], [77.34088, 12.78228], [77.34046, 12.78226], [77.34041, 12.7825], [77.34032, 12.78254], [77.34025, 12.78256], [77.34009, 12.78259], [77.3394, 12.78263], [77.33876, 12.78267], [77.3385, 12.78269], [77.33742, 12.78277], [77.33715, 12.78279], [77.3361, 12.783], [77.33565, 12.7831], [77.33441, 12.78344], [77.33429, 12.78347], [77.33404, 12.78354], [77.3339, 12.78358], [77.33228, 12.78403], [77.33209, 12.78376], [77.332, 12.78352], [77.33109, 12.7823], [77.33088, 12.78202], [77.33078, 12.78185], [77.32951, 12.78199], [77.32938, 12.782], [77.32781, 12.78221], [77.32682, 12.78268], [77.32282, 12.78468], [77.32195, 12.78513], [77.32176, 12.78518], [77.32101, 12.78536], [77.32041, 12.78558], [77.32031, 12.78562], [77.31909, 12.78613], [77.31875, 12.7862], [77.31743, 12.78649], [77.3174, 12.7865], [77.31723, 12.78654], [77.31699, 12.78661], [77.31634, 12.78683], [77.31565, 12.78706], [77.31504, 12.78719], [77.31499, 12.78723], [77.31484, 12.78733], [77.31477, 12.78738], [77.31445, 12.78744], [77.3144, 12.78746], [77.31395, 12.78762], [77.31384, 12.78769], [77.31343, 12.78794], [77.31339, 12.78802], [77.31336, 12.78808], [77.31275, 12.78851], [77.31246, 12.78862], [77.31198, 12.78879], [77.31185, 12.78895], [77.31119, 12.78933], [77.31089, 12.78967], [77.31064, 12.78983], [77.31062, 12.79039], [77.31052, 12.79053], [77.31016, 12.79088], [77.30941, 12.79134], [77.30914, 12.79158], [77.30901, 12.79187], [77.30894, 12.79192], [77.30894, 12.79198], [77.30866, 12.79216], [77.30859, 12.79226], [77.30855, 12.79249], [77.30839, 12.79267], [77.30838, 12.79281], [77.30814, 12.79306], [77.30777, 12.79333], [77.30697, 12.79355], [77.30684, 12.79366], [77.30648, 12.79399], [77.30638, 12.79404], [77.30617, 12.79416], [77.30514, 12.79432], [77.30501, 12.79432], [77.30497, 12.79433], [77.30438, 12.79465], [77.30413, 12.79502], [77.30357, 12.79533], [77.30293, 12.79578], [77.30245, 12.79607], [77.30241, 12.79609], [77.30229, 12.79626], [77.30224, 12.79632], [77.30217, 12.7964], [77.30213, 12.79646], [77.29971, 12.79758], [77.2952, 12.79978], [77.29519, 12.80029]]]}, "properties": {"name": "SUGGANAHALLI", "level": "gp", "shedId": "CO5CAM33", "parentTaluk": "Ramanagara", "parentDistrict": "Bengaluru South"}}, {"type": "Feature", "geometry": {"type": "Polygon", "coordinates": [[[77.27051, 12.65642], [77.26966, 12.6564], [77.26962, 12.65809], [77.27048, 12.6581], [77.27043, 12.66063], [77.27129, 12.66065], [77.27119, 12.66571], [77.27205, 12.66572], [77.27203, 12.66657], [77.27117, 12.66655], [77.27114, 12.66824], [77.26942, 12.6682], [77.26941, 12.66905], [77.26855, 12.66903], [77.26853, 12.66987], [77.26767, 12.66986], [77.26766, 12.6707], [77.2668, 12.67069], [77.26678, 12.67153], [77.26592, 12.67151], [77.26584, 12.67573], [77.26412, 12.67569], [77.2641, 12.67654], [77.26325, 12.67652], [77.26325, 12.67653], [77.26297, 12.67651], [77.26252, 12.6765], [77.26162, 12.67652], [77.26023, 12.67649], [77.25905, 12.67651], [77.25751, 12.67682], [77.25643, 12.67724], [77.25586, 12.67771], [77.25505, 12.67871], [77.25388, 12.67954], [77.25311, 12.68014], [77.25282, 12.68085], [77.2528, 12.68184], [77.25313, 12.68263], [77.25339, 12.68328], [77.25366, 12.68387], [77.25368, 12.68393], [77.25365, 12.68393], [77.25363, 12.68477], [77.25277, 12.68476], [77.25276, 12.6856], [77.2519, 12.68558], [77.25188, 12.68643], [77.25016, 12.68639], [77.25015, 12.68724], [77.24843, 12.6872], [77.24841, 12.68805], [77.24927, 12.68806], [77.24922, 12.69059], [77.24836, 12.69058], [77.24835, 12.69142], [77.24749, 12.6914], [77.24747, 12.69225], [77.24661, 12.69223], [77.24659, 12.69307], [77.24574, 12.69306], [77.24567, 12.69643], [77.24395, 12.6964], [77.24393, 12.69724], [77.24379, 12.69724], [77.2456, 12.69853], [77.24617, 12.69893], [77.24686, 12.69925], [77.24809, 12.69907], [77.24826, 12.69904], [77.24863, 12.69878], [77.24881, 12.6986], [77.2493, 12.69821], [77.24945, 12.69816], [77.25023, 12.69875], [77.25176, 12.69975], [77.25271, 12.7004], [77.25338, 12.70095], [77.25331, 12.70103], [77.25311, 12.70114], [77.25155, 12.70256], [77.25085, 12.70419], [77.25068, 12.70432], [77.25064, 12.7044], [77.24952, 12.70541], [77.24926, 12.70706], [77.24907, 12.70879], [77.24959, 12.71051], [77.25064, 12.71183], [77.25147, 12.71327], [77.25201, 12.71421], [77.25223, 12.71458], [77.25253, 12.71747], [77.25273, 12.71999], [77.25273, 12.72003], [77.2529, 12.71998], [77.25286, 12.71998], [77.25357, 12.71989], [77.25392, 12.71988], [77.25446, 12.71983], [77.25463, 12.71981], [77.2548, 12.7198], [77.25611, 12.71959], [77.25618, 12.71957], [77.25627, 12.71956], [77.2575, 12.71945], [77.25772, 12.71942], [77.25777, 12.71941], [77.25838, 12.71932], [77.25856, 12.71929], [77.25971, 12.71912], [77.25996, 12.71908], [77.26033, 12.71905], [77.261, 12.719], [77.26129, 12.71897], [77.26145, 12.71895], [77.26164, 12.71895], [77.26222, 12.71893], [77.2624, 12.71893], [77.26309, 12.71875], [77.26346, 12.71837], [77.26374, 12.71809], [77.26398, 12.71785], [77.26404, 12.71781], [77.26428, 12.71763], [77.26483, 12.71737], [77.26559, 12.717], [77.2659, 12.71704], [77.26597, 12.71712], [77.2661, 12.71725], [77.26672, 12.71739], [77.26745, 12.71726], [77.2676, 12.71689], [77.26762, 12.71665], [77.26759, 12.7164], [77.26757, 12.71617], [77.26779, 12.71588], [77.26841, 12.71548], [77.26868, 12.71538], [77.26883, 12.71542], [77.26901, 12.71546], [77.26911, 12.71548], [77.26934, 12.71548], [77.26948, 12.71552], [77.26955, 12.7156], [77.26955, 12.71561], [77.26965, 12.71564], [77.2699, 12.7156], [77.27032, 12.71542], [77.27068, 12.71508], [77.2707, 12.71507], [77.27089, 12.71483], [77.27101, 12.71468], [77.27106, 12.71461], [77.27124, 12.71437], [77.27139, 12.71402], [77.27141, 12.71396], [77.27159, 12.71374], [77.272, 12.71344], [77.27204, 12.71342], [77.2723, 12.71323], [77.27312, 12.71263], [77.2738, 12.71225], [77.27397, 12.71213], [77.27403, 12.7121], [77.27404, 12.71214], [77.27424, 12.71217], [77.27432, 12.71224], [77.27465, 12.71251], [77.27473, 12.71254], [77.27515, 12.71267], [77.27538, 12.71274], [77.27546, 12.71272], [77.27574, 12.71267], [77.27612, 12.71262], [77.27619, 12.71264], [77.2764, 12.71268], [77.27657, 12.71269], [77.27669, 12.71269], [77.27669, 12.71285], [77.27669, 12.71291], [77.27678, 12.71335], [77.27679, 12.71339], [77.27696, 12.71345], [77.277, 12.7129], [77.27735, 12.71207], [77.2777, 12.71129], [77.27801, 12.71097], [77.27846, 12.71053], [77.27852, 12.71048], [77.27927, 12.70988], [77.27996, 12.70956], [77.28097, 12.709], [77.28153, 12.70864], [77.28276, 12.70793], [77.28399, 12.70726], [77.28385, 12.70688], [77.28373, 12.70658], [77.28372, 12.70654], [77.28362, 12.7061], [77.28357, 12.70597], [77.28351, 12.70587], [77.28345, 12.70534], [77.28341, 12.70496], [77.28318, 12.70128], [77.28315, 12.70096], [77.28313, 12.70088], [77.28303, 12.70047], [77.28299, 12.70033], [77.2829, 12.70005], [77.28279, 12.70006], [77.28235, 12.70016], [77.28213, 12.70016], [77.28195, 12.70021], [77.28112, 12.70024], [77.28009, 12.70025], [77.27958, 12.70024], [77.27917, 12.70024], [77.2787, 12.7002], [77.27819, 12.70038], [77.27771, 12.70055], [77.27762, 12.70058], [77.27742, 12.70065], [77.27734, 12.70066], [77.27723, 12.70069], [77.27656, 12.7008], [77.27638, 12.70082], [77.27577, 12.70091], [77.27562, 12.70093], [77.27534, 12.70064], [77.27524, 12.70065], [77.27502, 12.70067], [77.27494, 12.70067], [77.27488, 12.70068], [77.27475, 12.70069], [77.27467, 12.70069], [77.27462, 12.70069], [77.27453, 12.70069], [77.27329, 12.70071], [77.27296, 12.70074], [77.27277, 12.70069], [77.27259, 12.70068], [77.27229, 12.70069], [77.27225, 12.70069], [77.27213, 12.70069], [77.27185, 12.70065], [77.2716, 12.70064], [77.27103, 12.70061], [77.27061, 12.70057], [77.27002, 12.70036], [77.26917, 12.70002], [77.26783, 12.70005], [77.26773, 12.70005], [77.26682, 12.70001], [77.26657, 12.69992], [77.26652, 12.69974], [77.2664, 12.69975], [77.26556, 12.69984], [77.26552, 12.69984], [77.26493, 12.69993], [77.26492, 12.69993], [77.26489, 12.69957], [77.26479, 12.69834], [77.26482, 12.69798], [77.26484, 12.69786], [77.2649, 12.69715], [77.26489, 12.6966], [77.265, 12.69605], [77.26507, 12.69571], [77.26547, 12.69548], [77.2655, 12.69537], [77.26559, 12.69531], [77.26561, 12.69507], [77.26563, 12.69471], [77.26614, 12.69445], [77.26755, 12.69413], [77.2677, 12.6941], [77.26766, 12.69384], [77.26703, 12.69298], [77.26659, 12.69238], [77.26604, 12.69155], [77.26598, 12.69144], [77.2651, 12.69003], [77.26584, 12.68991], [77.26665, 12.6901], [77.26671, 12.68953], [77.26795, 12.68947], [77.26827, 12.68991], [77.26964, 12.68986], [77.27051, 12.68985], [77.27092, 12.68978], [77.27118, 12.68978], [77.27137, 12.68978], [77.27191, 12.68979], [77.27275, 12.68985], [77.27297, 12.68988], [77.27305, 12.68988], [77.27334, 12.68991], [77.27365, 12.68993], [77.2741, 12.68996], [77.27417, 12.68997], [77.27439, 12.69018], [77.2751, 12.69028], [77.27569, 12.69033], [77.27606, 12.69036], [77.27608, 12.69036], [77.27658, 12.69038], [77.27677, 12.69041], [77.27718, 12.69031], [77.27753, 12.69026], [77.27763, 12.69025], [77.27839, 12.68974], [77.27851, 12.68967], [77.27873, 12.68952], [77.27882, 12.68946], [77.27941, 12.68948], [77.27971, 12.68945], [77.27998, 12.68943], [77.28062, 12.68933], [77.28095, 12.68928], [77.28127, 12.6893], [77.28129, 12.6893], [77.28121, 12.68887], [77.28195, 12.68793], [77.28367, 12.68799], [77.28367, 12.68796], [77.28418, 12.6873], [77.28473, 12.68733], [77.28453, 12.68679], [77.28431, 12.68702], [77.28294, 12.68683], [77.28345, 12.68596], [77.28412, 12.68455], [77.28421, 12.68436], [77.28478, 12.68443], [77.28489, 12.6838], [77.2849, 12.68316], [77.28444, 12.68239], [77.28432, 12.68219], [77.28381, 12.68034], [77.28247, 12.67956], [77.28264, 12.679], [77.28295, 12.67795], [77.28343, 12.67723], [77.28441, 12.67747], [77.28456, 12.67652], [77.28492, 12.67562], [77.28523, 12.67489], [77.28522, 12.67437], [77.28509, 12.67371], [77.28501, 12.67345], [77.28501, 12.67324], [77.28511, 12.6729], [77.28491, 12.67258], [77.28455, 12.67245], [77.28416, 12.67216], [77.2837, 12.67222], [77.28265, 12.67183], [77.28238, 12.6716], [77.28191, 12.67106], [77.2817, 12.67087], [77.28138, 12.67086], [77.28107, 12.67077], [77.28089, 12.66995], [77.28044, 12.66962], [77.28022, 12.66959], [77.28014, 12.66946], [77.27996, 12.66943], [77.27965, 12.66926], [77.27947, 12.66885], [77.27881, 12.66871], [77.27786, 12.66857], [77.27746, 12.66837], [77.27721, 12.66771], [77.27692, 12.66745], [77.27636, 12.66683], [77.27608, 12.66608], [77.27586, 12.66576], [77.2761, 12.66457], [77.27618, 12.66302], [77.27617, 12.663], [77.2759, 12.66322], [77.27584, 12.66276], [77.27582, 12.66261], [77.2755, 12.6621], [77.27524, 12.6618], [77.27482, 12.66153], [77.2748, 12.66136], [77.27472, 12.66088], [77.27449, 12.6607], [77.27423, 12.66053], [77.27412, 12.66012], [77.27409, 12.66004], [77.27395, 12.65955], [77.27372, 12.65917], [77.27371, 12.65906], [77.27366, 12.65858], [77.27362, 12.65809], [77.27359, 12.65788], [77.27344, 12.65772], [77.27348, 12.65713], [77.27349, 12.65711], [77.27318, 12.65548], [77.27307, 12.65543], [77.27305, 12.65542], [77.27297, 12.65539], [77.27056, 12.65434], [77.27051, 12.65642]]]}, "properties": {"name": "VIBUTHI KERE", "level": "gp", "shedId": "CO5CAM33", "parentTaluk": "Ramanagara", "parentDistrict": "Bengaluru South"}}, {"type": "Feature", "geometry": {"type": "Polygon", "coordinates": [[[77.23981, 12.94694], [77.24067, 12.94695], [77.24064, 12.94864], [77.2415, 12.94866], [77.24147, 12.95035], [77.24233, 12.95036], [77.24229, 12.95205], [77.24315, 12.95207], [77.24314, 12.95291], [77.24486, 12.95294], [77.24484, 12.95379], [77.2457, 12.9538], [77.24567, 12.95549], [77.24481, 12.95548], [77.24477, 12.95716], [77.24563, 12.95718], [77.2456, 12.95887], [77.24474, 12.95885], [77.24467, 12.96223], [77.24209, 12.96218], [77.24207, 12.96302], [77.23949, 12.96297], [77.23948, 12.96382], [77.23621, 12.96375], [77.23646, 12.96431], [77.23678, 12.96481], [77.23683, 12.965], [77.23686, 12.96509], [77.23696, 12.96542], [77.23717, 12.96582], [77.23723, 12.96593], [77.23827, 12.96797], [77.2386, 12.96874], [77.23882, 12.96926], [77.23906, 12.96967], [77.23913, 12.96985], [77.23922, 12.97007], [77.23927, 12.9702], [77.23927, 12.9702], [77.23974, 12.9713], [77.23976, 12.97134], [77.2401, 12.97256], [77.24056, 12.97385], [77.24058, 12.9739], [77.24059, 12.97417], [77.24074, 12.9751], [77.24073, 12.97541], [77.24076, 12.9759], [77.2408, 12.97614], [77.24096, 12.97671], [77.24104, 12.97722], [77.24112, 12.9776], [77.2413, 12.97804], [77.24144, 12.97906], [77.24144, 12.97907], [77.24147, 12.97921], [77.24158, 12.97987], [77.24165, 12.98004], [77.24178, 12.98036], [77.24178, 12.98055], [77.24192, 12.98092], [77.24172, 12.98097], [77.24174, 12.98126], [77.24178, 12.98193], [77.24191, 12.98229], [77.24192, 12.98236], [77.24208, 12.98231], [77.2422, 12.98229], [77.24242, 12.98225], [77.24327, 12.98216], [77.24365, 12.98216], [77.24406, 12.98217], [77.24408, 12.98217], [77.24418, 12.98216], [77.2449, 12.98204], [77.24604, 12.98165], [77.24605, 12.98164], [77.24608, 12.98164], [77.24757, 12.98124], [77.24776, 12.98119], [77.24788, 12.98115], [77.24859, 12.98095], [77.24971, 12.98066], [77.24971, 12.98066], [77.24979, 12.98064], [77.2501, 12.98105], [77.25024, 12.98123], [77.25177, 12.98325], [77.25184, 12.98333], [77.25198, 12.98352], [77.252, 12.98355], [77.25201, 12.98355], [77.25211, 12.98363], [77.25304, 12.98244], [77.25428, 12.98087], [77.25518, 12.98025], [77.2561, 12.97939], [77.25718, 12.97841], [77.25805, 12.97723], [77.25832, 12.97685], [77.25816, 12.97669], [77.25803, 12.97656], [77.257, 12.97553], [77.25646, 12.97498], [77.25595, 12.97443], [77.25587, 12.97434], [77.25577, 12.9741], [77.25511, 12.97241], [77.25307, 12.96756], [77.25281, 12.96719], [77.25263, 12.96651], [77.25259, 12.96635], [77.25246, 12.96586], [77.25222, 12.9647], [77.2522, 12.96462], [77.25218, 12.96443], [77.25204, 12.96398], [77.25201, 12.96389], [77.25206, 12.9637], [77.25161, 12.96287], [77.25144, 12.96218], [77.2517, 12.96189], [77.25218, 12.96201], [77.2522, 12.96154], [77.2522, 12.96094], [77.2522, 12.96002], [77.25273, 12.95948], [77.25267, 12.95886], [77.25266, 12.95875], [77.25266, 12.95855], [77.2527, 12.95774], [77.25352, 12.95657], [77.25392, 12.95633], [77.25384, 12.95579], [77.25358, 12.95552], [77.25225, 12.95555], [77.25195, 12.95556], [77.25191, 12.95546], [77.2513, 12.95388], [77.25127, 12.95382], [77.25126, 12.95379], [77.25123, 12.95371], [77.25174, 12.95285], [77.2524, 12.95149], [77.25262, 12.95138], [77.25334, 12.9513], [77.25368, 12.95127], [77.25371, 12.95126], [77.25378, 12.95125], [77.25397, 12.95124], [77.25412, 12.95123], [77.25425, 12.95122], [77.25465, 12.95103], [77.25492, 12.95059], [77.25512, 12.95046], [77.25582, 12.95015], [77.25595, 12.95005], [77.25593, 12.94981], [77.25586, 12.9491], [77.25572, 12.94853], [77.2556, 12.94822], [77.25554, 12.94826], [77.25528, 12.94815], [77.25526, 12.94814], [77.25524, 12.94815], [77.25491, 12.94809], [77.25295, 12.94772], [77.25258, 12.94757], [77.25241, 12.94751], [77.25174, 12.94766], [77.25169, 12.94746], [77.25164, 12.94746], [77.2514, 12.94744], [77.25132, 12.94773], [77.25115, 12.94774], [77.25101, 12.94775], [77.25087, 12.94755], [77.25087, 12.94726], [77.25087, 12.94706], [77.2503, 12.94548], [77.25029, 12.94546], [77.25001, 12.94469], [77.24994, 12.94442], [77.24996, 12.94426], [77.25012, 12.944], [77.25007, 12.94375], [77.24989, 12.94368], [77.24974, 12.94353], [77.24942, 12.94328], [77.2493, 12.9432], [77.24946, 12.94287], [77.24946, 12.94275], [77.24935, 12.94279], [77.24928, 12.94282], [77.24806, 12.94311], [77.24804, 12.94312], [77.24654, 12.94388], [77.24518, 12.94458], [77.24512, 12.94462], [77.24453, 12.94491], [77.24429, 12.94502], [77.24378, 12.94525], [77.24235, 12.94558], [77.24214, 12.94563], [77.24213, 12.94563], [77.24135, 12.94576], [77.24128, 12.94579], [77.23983, 12.94621], [77.23981, 12.94694]]]}, "properties": {"level": "gp", "shedId": "CO5CAM33", "parentTaluk": "Magadi", "parentDistrict": "Bengaluru South"}}, {"type": "Feature", "geometry": {"type": "Polygon", "coordinates": [[[77.31707, 12.55864], [77.31793, 12.55865], [77.31791, 12.55949], [77.31706, 12.55948], [77.31704, 12.56032], [77.31618, 12.56031], [77.31617, 12.56115], [77.31531, 12.56113], [77.31529, 12.56197], [77.31443, 12.56196], [77.31437, 12.56533], [77.31523, 12.56535], [77.31519, 12.56703], [77.31605, 12.56705], [77.31604, 12.56789], [77.31689, 12.56791], [77.31686, 12.56959], [77.316, 12.56958], [77.31599, 12.57042], [77.31513, 12.5704], [77.31508, 12.57275], [77.31585, 12.57173], [77.31645, 12.5708], [77.31648, 12.57077], [77.31656, 12.57062], [77.31671, 12.57037], [77.31697, 12.56992], [77.31724, 12.56948], [77.31744, 12.56915], [77.31745, 12.56913], [77.31738, 12.569], [77.31774, 12.56892], [77.31782, 12.56891], [77.3187, 12.56874], [77.31877, 12.56873], [77.31894, 12.5687], [77.31985, 12.56859], [77.32032, 12.56855], [77.32045, 12.56854], [77.32056, 12.56853], [77.321, 12.56863], [77.32134, 12.56865], [77.32181, 12.56874], [77.32202, 12.56878], [77.32265, 12.56888], [77.32313, 12.56896], [77.32314, 12.56904], [77.32358, 12.56906], [77.32389, 12.56902], [77.32413, 12.56904], [77.32421, 12.5691], [77.32444, 12.5692], [77.32492, 12.56916], [77.32494, 12.56878], [77.32479, 12.56835], [77.32454, 12.56814], [77.32441, 12.56755], [77.32417, 12.56694], [77.32405, 12.56633], [77.32385, 12.56607], [77.32351, 12.56591], [77.32334, 12.56569], [77.32329, 12.56513], [77.32346, 12.56478], [77.32353, 12.56414], [77.3237, 12.56362], [77.32402, 12.56308], [77.32441, 12.56266], [77.32443, 12.56225], [77.32446, 12.56155], [77.32448, 12.56096], [77.32458, 12.56044], [77.32482, 12.56018], [77.32513, 12.55984], [77.32521, 12.55942], [77.32513, 12.55898], [77.32492, 12.55882], [77.32477, 12.55866], [77.32466, 12.55866], [77.32369, 12.5586], [77.32362, 12.55859], [77.32356, 12.55859], [77.3223, 12.55849], [77.32208, 12.55847], [77.32039, 12.55831], [77.31911, 12.55822], [77.31761, 12.55805], [77.31709, 12.558], [77.31707, 12.55864]]]}, "properties": {"name": "BHOOHALLY", "level": "gp", "shedId": "CO5CAM33", "parentTaluk": "Channapatna", "parentDistrict": "Bengaluru South"}}, {"type": "Feature", "geometry": {"type": "Polygon", "coordinates": [[[77.30749, 12.59331], [77.31089, 12.59243], [77.31185, 12.59258], [77.31211, 12.59262], [77.31234, 12.59266], [77.31248, 12.59287], [77.3128, 12.59271], [77.31277, 12.59254], [77.31272, 12.59226], [77.31263, 12.59175], [77.31261, 12.59163], [77.3129, 12.59066], [77.31293, 12.59056], [77.31296, 12.59046], [77.31312, 12.59046], [77.31314, 12.59039], [77.31259, 12.59025], [77.31192, 12.5898], [77.31125, 12.58951], [77.31016, 12.58967], [77.30868, 12.5903], [77.30809, 12.59053], [77.30807, 12.59062], [77.30796, 12.591], [77.30765, 12.59218], [77.30763, 12.59238], [77.3076, 12.59252], [77.30754, 12.59293], [77.30756, 12.59293], [77.30749, 12.59331]]]}, "properties": {"name": "BHOOHALLY", "level": "gp", "shedId": "CO5CAM33", "parentTaluk": "Channapatna", "parentDistrict": "Bengaluru South"}}, {"type": "Feature", "geometry": {"type": "Polygon", "coordinates": [[[77.28661, 12.62383], [77.28663, 12.62299], [77.28577, 12.62297], [77.2858, 12.62129], [77.28409, 12.62126], [77.2841, 12.62041], [77.28153, 12.62036], [77.28151, 12.62121], [77.28065, 12.62119], [77.28064, 12.62203], [77.27978, 12.62202], [77.2798, 12.62117], [77.27894, 12.62116], [77.27895, 12.62031], [77.2781, 12.6203], [77.27806, 12.62198], [77.27549, 12.62194], [77.27547, 12.62278], [77.2729, 12.62273], [77.27291, 12.62189], [77.26948, 12.62182], [77.2695, 12.62098], [77.26864, 12.62096], [77.26865, 12.62012], [77.2678, 12.6201], [77.26781, 12.61926], [77.26695, 12.61924], [77.26697, 12.6184], [77.26653, 12.61839], [77.26645, 12.61948], [77.26631, 12.62138], [77.26624, 12.6226], [77.26689, 12.62261], [77.26685, 12.6243], [77.26771, 12.62432], [77.26768, 12.626], [77.26854, 12.62602], [77.26852, 12.62686], [77.26938, 12.62688], [77.26936, 12.62772], [77.2685, 12.62771], [77.26849, 12.62855], [77.26935, 12.62856], [77.26933, 12.62941], [77.27019, 12.62942], [77.2701, 12.63364], [77.26925, 12.63362], [77.26923, 12.63447], [77.26837, 12.63445], [77.26835, 12.63529], [77.26921, 12.63531], [77.2692, 12.63615], [77.27091, 12.63618], [77.2709, 12.63699], [77.27116, 12.63698], [77.27304, 12.63688], [77.27449, 12.6368], [77.27555, 12.63645], [77.277, 12.63535], [77.2777, 12.63474], [77.27793, 12.63477], [77.27797, 12.63478], [77.27797, 12.63478], [77.27847, 12.63513], [77.27927, 12.63464], [77.28023, 12.63394], [77.28048, 12.63323], [77.28101, 12.6319], [77.28112, 12.63164], [77.28112, 12.63164], [77.28189, 12.6315], [77.28221, 12.63143], [77.28302, 12.63126], [77.28377, 12.63111], [77.2839, 12.63108], [77.28418, 12.63091], [77.28468, 12.63079], [77.28506, 12.63074], [77.28557, 12.63083], [77.28603, 12.63116], [77.28624, 12.63142], [77.28649, 12.63153], [77.28676, 12.63153], [77.2869, 12.63145], [77.28687, 12.63104], [77.28692, 12.63057], [77.28692, 12.63021], [77.28655, 12.62989], [77.28662, 12.62984], [77.28677, 12.62979], [77.28679, 12.62978], [77.28679, 12.62972], [77.28686, 12.62967], [77.28685, 12.62964], [77.28689, 12.62962], [77.28682, 12.62933], [77.28681, 12.62927], [77.28687, 12.62924], [77.2869, 12.62908], [77.28669, 12.62847], [77.28665, 12.62826], [77.28643, 12.62757], [77.28646, 12.6274], [77.28656, 12.62666], [77.2866, 12.62661], [77.28684, 12.62631], [77.28692, 12.62621], [77.28697, 12.62618], [77.28709, 12.62611], [77.28716, 12.62607], [77.28771, 12.6257], [77.28766, 12.62484], [77.2877, 12.62447], [77.28777, 12.62401], [77.28779, 12.62385], [77.28661, 12.62383]]]}, "properties": {"name": "NEELASANDRA", "level": "gp", "shedId": "CO5CAM33", "parentTaluk": "Channapatna", "parentDistrict": "Bengaluru South"}}, {"type": "Feature", "geometry": {"type": "MultiPolygon", "coordinates": [[[[77.32588, 12.547], [77.32586, 12.54784], [77.32501, 12.54782], [77.32499, 12.54867], [77.32413, 12.54865], [77.32412, 12.54949], [77.32326, 12.54948], [77.32324, 12.55032], [77.32238, 12.5503], [77.32237, 12.55115], [77.32151, 12.55113], [77.32149, 12.55197], [77.32064, 12.55196], [77.32062, 12.5528], [77.31976, 12.55278], [77.31974, 12.55363], [77.31803, 12.55359], [77.31801, 12.55444], [77.31715, 12.55442], [77.31712, 12.55611], [77.31626, 12.55609], [77.31623, 12.55778], [77.31709, 12.55779], [77.31709, 12.558], [77.31761, 12.55805], [77.31911, 12.55822], [77.32039, 12.55831], [77.32208, 12.55847], [77.3223, 12.55849], [77.32356, 12.55859], [77.32362, 12.55859], [77.32369, 12.5586], [77.32466, 12.55866], [77.32477, 12.55866], [77.32492, 12.55882], [77.32513, 12.55898], [77.32521, 12.55942], [77.32513, 12.55984], [77.32482, 12.56018], [77.32458, 12.56044], [77.32448, 12.56096], [77.32446, 12.56155], [77.32443, 12.56225], [77.32441, 12.56266], [77.32402, 12.56308], [77.3237, 12.56362], [77.32353, 12.56414], [77.32346, 12.56478], [77.32329, 12.56513], [77.32334, 12.56569], [77.32351, 12.56591], [77.32385, 12.56607], [77.32405, 12.56633], [77.32417, 12.56694], [77.32441, 12.56755], [77.32454, 12.56814], [77.32479, 12.56835], [77.32494, 12.56878], [77.32492, 12.56916], [77.32444, 12.5692], [77.32421, 12.5691], [77.32413, 12.56904], [77.32389, 12.56902], [77.32358, 12.56906], [77.32314, 12.56904], [77.32313, 12.56896], [77.32265, 12.56888], [77.32202, 12.56878], [77.32181, 12.56874], [77.32134, 12.56865], [77.321, 12.56863], [77.32056, 12.56853], [77.32045, 12.56854], [77.32032, 12.56855], [77.31985, 12.56859], [77.31894, 12.5687], [77.31877, 12.56873], [77.3187, 12.56874], [77.31782, 12.56891], [77.31774, 12.56892], [77.31738, 12.569], [77.31745, 12.56913], [77.31744, 12.56915], [77.31724, 12.56948], [77.31697, 12.56992], [77.31671, 12.57037], [77.31656, 12.57062], [77.31648, 12.57077], [77.31645, 12.5708], [77.31585, 12.57173], [77.31508, 12.57275], [77.31508, 12.57293], [77.31594, 12.57295], [77.31592, 12.57379], [77.31678, 12.57381], [77.31675, 12.57549], [77.31589, 12.57548], [77.31587, 12.57632], [77.31501, 12.5763], [77.31497, 12.57863], [77.31539, 12.57901], [77.31588, 12.5792], [77.3166, 12.58029], [77.31705, 12.58104], [77.31726, 12.58142], [77.31743, 12.5815], [77.31774, 12.58167], [77.31834, 12.58201], [77.31933, 12.58257], [77.31963, 12.58275], [77.31988, 12.58289], [77.32049, 12.58321], [77.32063, 12.58318], [77.32073, 12.58316], [77.32323, 12.5826], [77.32444, 12.58228], [77.32457, 12.58225], [77.325, 12.58213], [77.32588, 12.58192], [77.32648, 12.58286], [77.32669, 12.58318], [77.32671, 12.58324], [77.32667, 12.58353], [77.3266, 12.58388], [77.32656, 12.58407], [77.32647, 12.58454], [77.32631, 12.58525], [77.32615, 12.58588], [77.32604, 12.5863], [77.32595, 12.58667], [77.32574, 12.58757], [77.32561, 12.58809], [77.32549, 12.58863], [77.32536, 12.58912], [77.32616, 12.58923], [77.32764, 12.58936], [77.32804, 12.5894], [77.33183, 12.58948], [77.33303, 12.58956], [77.33424, 12.58963], [77.3354, 12.5897], [77.33547, 12.5897], [77.33555, 12.59003], [77.33567, 12.59065], [77.33577, 12.59113], [77.33606, 12.59128], [77.33617, 12.59182], [77.33627, 12.5923], [77.3363, 12.59248], [77.33665, 12.59272], [77.33769, 12.59253], [77.33816, 12.59254], [77.33872, 12.59259], [77.33919, 12.59273], [77.33966, 12.59286], [77.33969, 12.59287], [77.34006, 12.59306], [77.34014, 12.5931], [77.34034, 12.5932], [77.34113, 12.59349], [77.34182, 12.59373], [77.34517, 12.59502], [77.34532, 12.5949], [77.34562, 12.59463], [77.34636, 12.59489], [77.3469, 12.59451], [77.34736, 12.59461], [77.34754, 12.59465], [77.34851, 12.59437], [77.35106, 12.59401], [77.3513, 12.59415], [77.3514, 12.59444], [77.35243, 12.59419], [77.35443, 12.59376], [77.35618, 12.59339], [77.35632, 12.59336], [77.35731, 12.59313], [77.35807, 12.59296], [77.3582, 12.59293], [77.35874, 12.59283], [77.35965, 12.59267], [77.3598, 12.59224], [77.35981, 12.59221], [77.35992, 12.59213], [77.36042, 12.59219], [77.36076, 12.59214], [77.3613, 12.59216], [77.36162, 12.59217], [77.36155, 12.59185], [77.36125, 12.59143], [77.36097, 12.59102], [77.36101, 12.59049], [77.36067, 12.59009], [77.36063, 12.58955], [77.3605, 12.58928], [77.3605, 12.58926], [77.36034, 12.58924], [77.36025, 12.58911], [77.36001, 12.58871], [77.35943, 12.58763], [77.35903, 12.58682], [77.35852, 12.58584], [77.35842, 12.58507], [77.35832, 12.58435], [77.35821, 12.58364], [77.3581, 12.58293], [77.35794, 12.5821], [77.3575, 12.58152], [77.35703, 12.58082], [77.35652, 12.58013], [77.35599, 12.57946], [77.35546, 12.57878], [77.35481, 12.57793], [77.35485, 12.57791], [77.35378, 12.57593], [77.35303, 12.57508], [77.35253, 12.5737], [77.35216, 12.57268], [77.35135, 12.57096], [77.35052, 12.56939], [77.34953, 12.56803], [77.3489, 12.5679], [77.34781, 12.56775], [77.34601, 12.56739], [77.34443, 12.56672], [77.34276, 12.56599], [77.34196, 12.56572], [77.34195, 12.56572], [77.34182, 12.56568], [77.3411, 12.56545], [77.34012, 12.56528], [77.34, 12.56525], [77.33973, 12.56367], [77.33939, 12.56211], [77.33951, 12.56132], [77.33958, 12.56057], [77.33981, 12.55983], [77.33991, 12.55939], [77.34007, 12.55881], [77.34007, 12.55879], [77.3401, 12.55868], [77.34021, 12.55817], [77.34047, 12.55702], [77.34049, 12.55702], [77.34133, 12.55703], [77.34157, 12.55724], [77.34278, 12.55751], [77.34381, 12.55859], [77.34399, 12.5588], [77.3447, 12.55999], [77.3451, 12.56068], [77.34555, 12.56136], [77.34593, 12.56189], [77.3471, 12.563], [77.34734, 12.5631], [77.34869, 12.56363], [77.34996, 12.56374], [77.35041, 12.56354], [77.35048, 12.56361], [77.35091, 12.56351], [77.35196, 12.56303], [77.35344, 12.56185], [77.35446, 12.56141], [77.35501, 12.5611], [77.35584, 12.56084], [77.35677, 12.56063], [77.3576, 12.56062], [77.35895, 12.56094], [77.36036, 12.56059], [77.36133, 12.56037], [77.36232, 12.56116], [77.36251, 12.56131], [77.36271, 12.56147], [77.36395, 12.56206], [77.36553, 12.56047], [77.36663, 12.55915], [77.36677, 12.55898], [77.36675, 12.55887], [77.36673, 12.55877], [77.36651, 12.55778], [77.36651, 12.55776], [77.36645, 12.55747], [77.36613, 12.55598], [77.36606, 12.55568], [77.36567, 12.55406], [77.36567, 12.55404], [77.36561, 12.55389], [77.3645, 12.55254], [77.36469, 12.55199], [77.36506, 12.55091], [77.36578, 12.54889], [77.36552, 12.5486], [77.36535, 12.54841], [77.3649, 12.54789], [77.36478, 12.54773], [77.36471, 12.54771], [77.36449, 12.54743], [77.3637, 12.54639], [77.36358, 12.54623], [77.36328, 12.54581], [77.3631, 12.54562], [77.36315, 12.54556], [77.36327, 12.54539], [77.36499, 12.54381], [77.36602, 12.54292], [77.36663, 12.54208], [77.36719, 12.5417], [77.36726, 12.54118], [77.36727, 12.54051], [77.36727, 12.54047], [77.36712, 12.5403], [77.36675, 12.53951], [77.36675, 12.5395], [77.36661, 12.53923], [77.36658, 12.53917], [77.36653, 12.53907], [77.36652, 12.53908], [77.36488, 12.53956], [77.36477, 12.53959], [77.36471, 12.53953], [77.3646, 12.53939], [77.36413, 12.53882], [77.3632, 12.53908], [77.36191, 12.53944], [77.36198, 12.53995], [77.36141, 12.54019], [77.36146, 12.54026], [77.3615, 12.54031], [77.3615, 12.54048], [77.36154, 12.54056], [77.36155, 12.54063], [77.36161, 12.54173], [77.36161, 12.54175], [77.36079, 12.54194], [77.3606, 12.54198], [77.3605, 12.54115], [77.36033, 12.54122], [77.36003, 12.54134], [77.35977, 12.54135], [77.35958, 12.54282], [77.35957, 12.54286], [77.35895, 12.54296], [77.35776, 12.54394], [77.35445, 12.54457], [77.3543, 12.54459], [77.35414, 12.54454], [77.35404, 12.5446], [77.35344, 12.54465], [77.35297, 12.54467], [77.35253, 12.54471], [77.35212, 12.54474], [77.3521, 12.54475], [77.35165, 12.54486], [77.35156, 12.54488], [77.35025, 12.54507], [77.34962, 12.54515], [77.34947, 12.54518], [77.34773, 12.54553], [77.34745, 12.54598], [77.34736, 12.54601], [77.34374, 12.54749], [77.3421, 12.54815], [77.34189, 12.54823], [77.33928, 12.54896], [77.33883, 12.54897], [77.33837, 12.54903], [77.33834, 12.54888], [77.33821, 12.54889], [77.33772, 12.54892], [77.33696, 12.54884], [77.33628, 12.54878], [77.33596, 12.54873], [77.33561, 12.54856], [77.33504, 12.54821], [77.3342, 12.54805], [77.33384, 12.54795], [77.33355, 12.54789], [77.33319, 12.54787], [77.33315, 12.54794], [77.33284, 12.54812], [77.33245, 12.54818], [77.33214, 12.54834], [77.33215, 12.54828], [77.33218, 12.54807], [77.33223, 12.54796], [77.3324, 12.54752], [77.33227, 12.54748], [77.33157, 12.54722], [77.33154, 12.54737], [77.33118, 12.54737], [77.33071, 12.54732], [77.33064, 12.54733], [77.33033, 12.54735], [77.32991, 12.54739], [77.32983, 12.54739], [77.32963, 12.54746], [77.3295, 12.54711], [77.32924, 12.54675], [77.32915, 12.5468], [77.32894, 12.54693], [77.32843, 12.54694], [77.32826, 12.54692], [77.32729, 12.54685], [77.32691, 12.54682], [77.32674, 12.5468], [77.32674, 12.54701], [77.32588, 12.547]]]]}, "properties": {"name": "SOMEDYAPANAHALLI", "level": "gp", "shedId": "CO5CAM33", "parentTaluk": "Kanakpura", "parentDistrict": "Bengaluru South"}}, {"type": "Feature", "geometry": {"type": "Polygon", "coordinates": [[[77.31054, 12.58549], [77.30995, 12.58548], [77.30992, 12.5855], [77.30967, 12.58609], [77.30967, 12.58632], [77.31053, 12.58634], [77.31051, 12.58718], [77.30965, 12.58716], [77.30962, 12.58885], [77.30876, 12.58883], [77.30874, 12.58968], [77.30819, 12.58967], [77.30787, 12.59044], [77.30787, 12.5905], [77.30784, 12.5905], [77.30765, 12.59097], [77.30796, 12.591], [77.30807, 12.59062], [77.30809, 12.59053], [77.30868, 12.5903], [77.31016, 12.58967], [77.31125, 12.58951], [77.31192, 12.5898], [77.31259, 12.59025], [77.31314, 12.59039], [77.31365, 12.59043], [77.31423, 12.5906], [77.31465, 12.59115], [77.31531, 12.59127], [77.31566, 12.59128], [77.31584, 12.59079], [77.31575, 12.59035], [77.31715, 12.59016], [77.31718, 12.59029], [77.31862, 12.59029], [77.31863, 12.5903], [77.3199, 12.59062], [77.32274, 12.59421], [77.32464, 12.59634], [77.32477, 12.59566], [77.32468, 12.59396], [77.32345, 12.58987], [77.32242, 12.58747], [77.32285, 12.58575], [77.32318, 12.58527], [77.32202, 12.58459], [77.32048, 12.58414], [77.31857, 12.58408], [77.31495, 12.58406], [77.31306, 12.584], [77.31055, 12.5852], [77.31054, 12.58549]]]}, "properties": {"name": "SOMEDYAPANAHALLI", "level": "gp", "shedId": "CO5CAM33", "parentTaluk": "Kanakpura", "parentDistrict": "Bengaluru South"}}, {"type": "Feature", "geometry": {"type": "Polygon", "coordinates": [[[77.29641, 12.89407], [77.29628, 12.89386], [77.29617, 12.89389], [77.29597, 12.89392], [77.2957, 12.89387], [77.29567, 12.89403], [77.29578, 12.89407], [77.2958, 12.89435], [77.29593, 12.89455], [77.29592, 12.89476], [77.29645, 12.89474], [77.29655, 12.89456], [77.2966, 12.8944], [77.29641, 12.89407]]]}, "properties": {"name": "AJJANAHALLI", "level": "gp", "shedId": "CO5CAM33", "parentTaluk": "Magadi", "parentDistrict": "Bengaluru South"}}, {"type": "Feature", "geometry": {"type": "Polygon", "coordinates": [[[77.29982, 12.89606], [77.29921, 12.89579], [77.29912, 12.89603], [77.29902, 12.89597], [77.29894, 12.89604], [77.29938, 12.89635], [77.29953, 12.89646], [77.2997, 12.89658], [77.29979, 12.89641], [77.2997, 12.89637], [77.29982, 12.89606]]]}, "properties": {"name": "AJJANAHALLI", "level": "gp", "shedId": "CO5CAM33", "parentTaluk": "Magadi", "parentDistrict": "Bengaluru South"}}, {"type": "Feature", "geometry": {"type": "Polygon", "coordinates": [[[77.26611, 12.92296], [77.26525, 12.92294], [77.26526, 12.9221], [77.26398, 12.92208], [77.26395, 12.92213], [77.26365, 12.92272], [77.2633, 12.92328], [77.26319, 12.92316], [77.26262, 12.92366], [77.26254, 12.92374], [77.2625, 12.92415], [77.26261, 12.92424], [77.26244, 12.92426], [77.26232, 12.92443], [77.26142, 12.92576], [77.26108, 12.92615], [77.26084, 12.92643], [77.26081, 12.92662], [77.26061, 12.92694], [77.26017, 12.92765], [77.25984, 12.92803], [77.2594, 12.92863], [77.25906, 12.92895], [77.25867, 12.92924], [77.25845, 12.92935], [77.25831, 12.92949], [77.25819, 12.92971], [77.25812, 12.93], [77.25812, 12.93008], [77.2581, 12.93033], [77.25809, 12.93051], [77.25833, 12.93065], [77.25846, 12.93062], [77.25866, 12.9314], [77.25871, 12.93182], [77.25872, 12.93221], [77.25901, 12.93291], [77.25904, 12.933], [77.25949, 12.9341], [77.25955, 12.93455], [77.25966, 12.93448], [77.25977, 12.93445], [77.2602, 12.93437], [77.26203, 12.93399], [77.26251, 12.93419], [77.26289, 12.93452], [77.26284, 12.93474], [77.26273, 12.9352], [77.26274, 12.93523], [77.26268, 12.93543], [77.2628, 12.93575], [77.26298, 12.9363], [77.26312, 12.93669], [77.26315, 12.93678], [77.26389, 12.93668], [77.26531, 12.93647], [77.27194, 12.93566], [77.27232, 12.93559], [77.27247, 12.93556], [77.27263, 12.93506], [77.27267, 12.93462], [77.27264, 12.93446], [77.27243, 12.9331], [77.27236, 12.93292], [77.27212, 12.93239], [77.27203, 12.93198], [77.27176, 12.93117], [77.27169, 12.93097], [77.27152, 12.93053], [77.27171, 12.93039], [77.27232, 12.93012], [77.27317, 12.92974], [77.27351, 12.9296], [77.27533, 12.92911], [77.27578, 12.92877], [77.2765, 12.92859], [77.2759, 12.92665], [77.27088, 12.92358], [77.27035, 12.92282], [77.26983, 12.9228], [77.26873, 12.92262], [77.26791, 12.9223], [77.2672, 12.92222], [77.26613, 12.92173], [77.26611, 12.92296]]]}, "properties": {"name": "AJJANAHALLI", "level": "gp", "shedId": "CO5CAM33", "parentTaluk": "Magadi", "parentDistrict": "Bengaluru South"}}, {"type": "Feature", "geometry": {"type": "MultiPolygon", "coordinates": [[[[77.23617, 13.04312], [77.2362, 13.04143], [77.23706, 13.04145], [77.23708, 13.04062], [77.23707, 13.04063], [77.23693, 13.04078], [77.23644, 13.04114], [77.23607, 13.04143], [77.23585, 13.04161], [77.2351, 13.04222], [77.23452, 13.04269], [77.23546, 13.04299], [77.23548, 13.04311], [77.23617, 13.04312]]], [[[77.23794, 13.04062], [77.23795, 13.04001], [77.23767, 13.04007], [77.23759, 13.04009], [77.23711, 13.04059], [77.2371, 13.0406], [77.23794, 13.04062]]], [[[77.23794, 13.04062], [77.2371, 13.0406], [77.23708, 13.04062], [77.23708, 13.04062], [77.23706, 13.04145], [77.2362, 13.04143], [77.23617, 13.04312], [77.23548, 13.04311], [77.23551, 13.04325], [77.23554, 13.04336], [77.23561, 13.04369], [77.23567, 13.044], [77.23574, 13.04431], [77.23578, 13.04449], [77.23582, 13.04473], [77.23591, 13.04508], [77.23592, 13.04513], [77.23599, 13.04522], [77.2361, 13.04533], [77.23697, 13.04531], [77.23801, 13.0453], [77.23998, 13.04548], [77.24045, 13.04549], [77.24126, 13.04549], [77.24131, 13.04549], [77.24145, 13.04549], [77.24202, 13.04546], [77.24234, 13.0455], [77.24243, 13.04548], [77.24298, 13.04542], [77.24342, 13.04538], [77.24376, 13.04533], [77.24403, 13.04529], [77.24444, 13.04522], [77.24457, 13.0452], [77.245, 13.04511], [77.24611, 13.04487], [77.24658, 13.04471], [77.24664, 13.04469], [77.24671, 13.04467], [77.24662, 13.04413], [77.24661, 13.04412], [77.24649, 13.04354], [77.24636, 13.04303], [77.2463, 13.04267], [77.24614, 13.04197], [77.24604, 13.04171], [77.24575, 13.04114], [77.24555, 13.04065], [77.24545, 13.04044], [77.24521, 13.0398], [77.24504, 13.03936], [77.24489, 13.03897], [77.24487, 13.03892], [77.24475, 13.03861], [77.24469, 13.03844], [77.24465, 13.03835], [77.2446, 13.03821], [77.24237, 13.03817], [77.2424, 13.03827], [77.24244, 13.03844], [77.24243, 13.03846], [77.24206, 13.03857], [77.24196, 13.0386], [77.24193, 13.03861], [77.24142, 13.03881], [77.24142, 13.039], [77.24092, 13.03899], [77.24074, 13.03905], [77.24072, 13.03906], [77.24016, 13.03927], [77.23942, 13.0396], [77.23938, 13.03962], [77.23877, 13.03984], [77.23874, 13.03985], [77.23801, 13.04], [77.23795, 13.04001], [77.23794, 13.04062]]], [[[77.2446, 13.03821], [77.24455, 13.03808], [77.24415, 13.03706], [77.2441, 13.03693], [77.24413, 13.0369], [77.24828, 13.03475], [77.24879, 13.03443], [77.24942, 13.03415], [77.25243, 13.03328], [77.25249, 13.03325], [77.25256, 13.03322], [77.25337, 13.03289], [77.25356, 13.0328], [77.25359, 13.03279], [77.25381, 13.03275], [77.25414, 13.0327], [77.25421, 13.03268], [77.25435, 13.0327], [77.25653, 13.03249], [77.2584, 13.03234], [77.25858, 13.03233], [77.25863, 13.03232], [77.25928, 13.03226], [77.26007, 13.03217], [77.26051, 13.03191], [77.26051, 13.03176], [77.26073, 13.03177], [77.26203, 13.03097], [77.26267, 13.03053], [77.26295, 13.03035], [77.26398, 13.0297], [77.26422, 13.02955], [77.26455, 13.02885], [77.26469, 13.02853], [77.26546, 13.02688], [77.26564, 13.02652], [77.26588, 13.02603], [77.26597, 13.02587], [77.26692, 13.0239], [77.26794, 13.02247], [77.26912, 13.02081], [77.26944, 13.02017], [77.27135, 13.01766], [77.27145, 13.01768], [77.27156, 13.01755], [77.27169, 13.01746], [77.27193, 13.01735], [77.27203, 13.01712], [77.27205, 13.01675], [77.272, 13.01646], [77.27193, 13.01627], [77.2719, 13.01601], [77.27198, 13.01583], [77.27207, 13.01564], [77.27221, 13.01535], [77.27231, 13.01503], [77.27232, 13.01492], [77.27224, 13.01464], [77.27191, 13.01401], [77.27171, 13.01376], [77.27141, 13.01332], [77.27122, 13.01289], [77.27095, 13.01251], [77.27094, 13.01203], [77.27066, 13.01117], [77.2707, 13.01079], [77.27085, 13.01054], [77.27082, 13.0103], [77.2707, 13.01009], [77.27051, 13.00911], [77.27053, 13.00911], [77.27052, 13.00908], [77.27036, 13.00814], [77.27011, 13.00679], [77.27011, 13.00668], [77.2702, 13.00601], [77.27027, 13.00543], [77.26999, 13.00477], [77.27016, 13.00386], [77.26991, 13.00322], [77.26999, 13.00277], [77.26951, 13.00141], [77.26951, 13.00113], [77.26949, 13.0006], [77.26946, 12.99998], [77.26945, 12.99961], [77.26914, 12.99795], [77.26907, 12.99766], [77.26884, 12.99682], [77.26872, 12.99644], [77.26856, 12.99595], [77.26843, 12.99546], [77.26825, 12.99493], [77.26824, 12.99485], [77.2682, 12.99464], [77.26834, 12.99428], [77.26835, 12.9943], [77.26846, 12.99432], [77.26869, 12.99438], [77.26903, 12.99445], [77.2698, 12.99475], [77.27079, 12.99483], [77.2712, 12.99471], [77.2715, 12.99462], [77.27153, 12.99463], [77.27186, 12.99464], [77.27205, 12.99463], [77.27206, 12.99463], [77.27228, 12.99463], [77.27228, 12.99463], [77.27228, 12.99463], [77.2731, 12.9946], [77.2731, 12.9946], [77.27611, 12.99473], [77.2763, 12.99473], [77.27763, 12.99469], [77.2787, 12.99058], [77.27887, 12.98943], [77.28084, 12.98866], [77.28763, 12.98607], [77.28899, 12.98568], [77.28905, 12.98567], [77.28918, 12.98698], [77.28934, 12.98958], [77.2894, 12.98957], [77.29032, 12.98946], [77.29062, 12.98943], [77.29088, 12.98939], [77.29272, 12.98918], [77.29543, 12.98992], [77.2963, 12.99038], [77.29642, 12.99041], [77.29647, 12.99042], [77.29672, 12.9905], [77.29674, 12.9905], [77.29762, 12.99074], [77.2982, 12.99089], [77.29881, 12.99112], [77.29882, 12.99112], [77.30003, 12.99158], [77.3001, 12.99162], [77.30137, 12.9924], [77.30175, 12.99235], [77.30293, 12.99221], [77.30294, 12.9921], [77.30302, 12.99142], [77.30308, 12.99058], [77.30321, 12.9891], [77.30321, 12.98906], [77.3031, 12.98912], [77.30302, 12.98919], [77.30297, 12.98923], [77.30252, 12.9893], [77.30257, 12.9881], [77.30244, 12.98783], [77.30225, 12.98728], [77.3013, 12.98464], [77.3004, 12.98259], [77.2995, 12.9803], [77.29937, 12.97998], [77.29935, 12.97985], [77.29865, 12.97877], [77.2983, 12.97796], [77.29815, 12.97759], [77.29688, 12.97757], [77.29686, 12.97841], [77.296, 12.9784], [77.29599, 12.97924], [77.29426, 12.97921], [77.29425, 12.98005], [77.29339, 12.98004], [77.29425, 12.98005], [77.29426, 12.97921], [77.29599, 12.97924], [77.296, 12.9784], [77.29686, 12.97841], [77.29688, 12.97757], [77.29815, 12.97759], [77.29776, 12.97668], [77.29742, 12.97562], [77.29734, 12.97539], [77.29691, 12.97426], [77.29675, 12.974], [77.29609, 12.97295], [77.29577, 12.97259], [77.29571, 12.97252], [77.29073, 12.97357], [77.29056, 12.97343], [77.29048, 12.97336], [77.28905, 12.97499], [77.28892, 12.97514], [77.28749, 12.97676], [77.28673, 12.9776], [77.2854, 12.97918], [77.2848, 12.97985], [77.28444, 12.98025], [77.28425, 12.98046], [77.28232, 12.97896], [77.28161, 12.97891], [77.28196, 12.9784], [77.2815, 12.97834], [77.28036, 12.97838], [77.27893, 12.97825], [77.27716, 12.97804], [77.27667, 12.97791], [77.27632, 12.97782], [77.27413, 12.97708], [77.2736, 12.97691], [77.2728, 12.97666], [77.27281, 12.97501], [77.27272, 12.96857], [77.27267, 12.96723], [77.27265, 12.96657], [77.27181, 12.96592], [77.27161, 12.96576], [77.27155, 12.96559], [77.27147, 12.96538], [77.27145, 12.96529], [77.27144, 12.96524], [77.2714, 12.96505], [77.26998, 12.95806], [77.26973, 12.95783], [77.26628, 12.95445], [77.26222, 12.95517], [77.25914, 12.95541], [77.25883, 12.95543], [77.25877, 12.95543], [77.25823, 12.9558], [77.25736, 12.95609], [77.25688, 12.95591], [77.25682, 12.95593], [77.25642, 12.95603], [77.25633, 12.95614], [77.2561, 12.95638], [77.2562, 12.95647], [77.25589, 12.95654], [77.25518, 12.95657], [77.25508, 12.95657], [77.25463, 12.95659], [77.25453, 12.95659], [77.2541, 12.9564], [77.25397, 12.95634], [77.25393, 12.95632], [77.25392, 12.95633], [77.25352, 12.95657], [77.2527, 12.95774], [77.25266, 12.95855], [77.25266, 12.95875], [77.25267, 12.95886], [77.25273, 12.95948], [77.2522, 12.96002], [77.2522, 12.96094], [77.2522, 12.96154], [77.25218, 12.96201], [77.2517, 12.96189], [77.25144, 12.96218], [77.25161, 12.96287], [77.25206, 12.9637], [77.25201, 12.96389], [77.25204, 12.96398], [77.25218, 12.96443], [77.2522, 12.96462], [77.25222, 12.9647], [77.25246, 12.96586], [77.25259, 12.96635], [77.25263, 12.96651], [77.25281, 12.96719], [77.25307, 12.96756], [77.25511, 12.97241], [77.25577, 12.9741], [77.25587, 12.97434], [77.25595, 12.97443], [77.25646, 12.97498], [77.257, 12.97553], [77.25803, 12.97656], [77.25816, 12.97669], [77.25832, 12.97685], [77.25839, 12.97692], [77.25846, 12.97699], [77.25849, 12.97701], [77.25878, 12.97719], [77.2592, 12.97747], [77.26042, 12.97846], [77.26368, 12.98096], [77.26401, 12.98121], [77.26464, 12.9817], [77.26526, 12.98216], [77.26491, 12.98359], [77.26524, 12.98538], [77.26537, 12.98613], [77.26562, 12.98766], [77.26591, 12.99026], [77.26567, 12.9903], [77.26562, 12.99032], [77.26492, 12.99068], [77.26487, 12.99071], [77.26467, 12.9908], [77.26366, 12.99129], [77.26363, 12.99131], [77.26344, 12.9914], [77.26343, 12.9914], [77.26254, 12.9918], [77.26141, 12.99233], [77.26027, 12.99285], [77.25945, 12.99324], [77.25856, 12.99363], [77.25782, 12.99396], [77.25769, 12.99405], [77.25716, 12.99393], [77.25693, 12.99386], [77.25604, 12.99357], [77.25589, 12.99316], [77.25586, 12.99307], [77.25285, 12.98425], [77.25243, 12.98391], [77.25225, 12.98375], [77.25221, 12.98372], [77.25211, 12.98363], [77.25201, 12.98355], [77.252, 12.98355], [77.25198, 12.98352], [77.25184, 12.98333], [77.25177, 12.98325], [77.25024, 12.98123], [77.2501, 12.98105], [77.24979, 12.98064], [77.24971, 12.98066], [77.24971, 12.98066], [77.24859, 12.98095], [77.24788, 12.98115], [77.24776, 12.98119], [77.24757, 12.98124], [77.24608, 12.98164], [77.24605, 12.98164], [77.24604, 12.98165], [77.2449, 12.98204], [77.24418, 12.98216], [77.24408, 12.98217], [77.24406, 12.98217], [77.24365, 12.98216], [77.24327, 12.98216], [77.24242, 12.98225], [77.2422, 12.98229], [77.24208, 12.98231], [77.24192, 12.98236], [77.24167, 12.98245], [77.24111, 12.98262], [77.241, 12.98265], [77.24049, 12.9829], [77.24007, 12.98305], [77.23999, 12.98308], [77.23985, 12.98313], [77.23978, 12.98332], [77.23976, 12.98337], [77.23968, 12.98344], [77.23931, 12.98388], [77.23927, 12.98378], [77.23923, 12.98368], [77.23899, 12.98375], [77.23897, 12.98376], [77.23899, 12.98381], [77.23898, 12.98389], [77.23862, 12.98396], [77.23658, 12.98445], [77.23496, 12.9851], [77.23412, 12.98556], [77.23275, 12.98627], [77.23148, 12.98696], [77.23171, 12.98739], [77.23241, 12.98869], [77.23253, 12.98887], [77.23304, 12.98962], [77.23356, 12.99038], [77.23379, 12.99072], [77.23478, 12.99251], [77.23465, 12.99256], [77.2344, 12.99267], [77.23329, 12.9931], [77.23327, 12.99311], [77.23239, 12.99348], [77.23206, 12.99363], [77.23161, 12.99381], [77.2316, 12.99381], [77.23149, 12.99386], [77.23187, 12.99473], [77.23213, 12.99529], [77.23293, 12.99666], [77.23297, 12.99673], [77.23321, 12.99767], [77.2334, 12.99835], [77.23337, 12.99869], [77.23344, 12.99877], [77.23357, 12.99894], [77.2338, 12.99922], [77.234, 12.99946], [77.23404, 12.9995], [77.23439, 12.99977], [77.2347, 13.00015], [77.23503, 13.00075], [77.23507, 13.00082], [77.2351, 13.0009], [77.23533, 13.00158], [77.23534, 13.00163], [77.23578, 13.00277], [77.23581, 13.00281], [77.23612, 13.00343], [77.23624, 13.00356], [77.23637, 13.0037], [77.23684, 13.00444], [77.23696, 13.00507], [77.23703, 13.00542], [77.23629, 13.00618], [77.23596, 13.00641], [77.23502, 13.00688], [77.23453, 13.00735], [77.2345, 13.00737], [77.23396, 13.00757], [77.23376, 13.00765], [77.23342, 13.00775], [77.23325, 13.00787], [77.23307, 13.00799], [77.23314, 13.00809], [77.23346, 13.00851], [77.23348, 13.00854], [77.23084, 13.01145], [77.23083, 13.01147], [77.23078, 13.01151], [77.22996, 13.01237], [77.22829, 13.01412], [77.22754, 13.01495], [77.22731, 13.0152], [77.22678, 13.01578], [77.22668, 13.01589], [77.22668, 13.01592], [77.22667, 13.01623], [77.22666, 13.01655], [77.22662, 13.01785], [77.22663, 13.01856], [77.22659, 13.01862], [77.22658, 13.01864], [77.22605, 13.01963], [77.22605, 13.01982], [77.22605, 13.0199], [77.22603, 13.02026], [77.22608, 13.02061], [77.22641, 13.02109], [77.22659, 13.0214], [77.22668, 13.02184], [77.2268, 13.02191], [77.22682, 13.02193], [77.22714, 13.02247], [77.22718, 13.02257], [77.22719, 13.02259], [77.22719, 13.02276], [77.22723, 13.02289], [77.22743, 13.02348], [77.22745, 13.02354], [77.22762, 13.02413], [77.22787, 13.02433], [77.22788, 13.02445], [77.22801, 13.02527], [77.22811, 13.02591], [77.22823, 13.02596], [77.22824, 13.02597], [77.22832, 13.02631], [77.22834, 13.02641], [77.2284, 13.02673], [77.2286, 13.02659], [77.22881, 13.02656], [77.22957, 13.02625], [77.22986, 13.0261], [77.22988, 13.02615], [77.23013, 13.02664], [77.23053, 13.0274], [77.23072, 13.02777], [77.2311, 13.02775], [77.23127, 13.0277], [77.23205, 13.0275], [77.23323, 13.02857], [77.23328, 13.02862], [77.23418, 13.02794], [77.23458, 13.02781], [77.23616, 13.02719], [77.23677, 13.02694], [77.23687, 13.0269], [77.23699, 13.0268], [77.23731, 13.02649], [77.23748, 13.02633], [77.2375, 13.02632], [77.2375, 13.02632], [77.2375, 13.02632], [77.23777, 13.02746], [77.23785, 13.02779], [77.23795, 13.02818], [77.23801, 13.0284], [77.23808, 13.02867], [77.23818, 13.02905], [77.23821, 13.02913], [77.23839, 13.02945], [77.23869, 13.02999], [77.23918, 13.0308], [77.23978, 13.03125], [77.24018, 13.03133], [77.24029, 13.03136], [77.24033, 13.03137], [77.24044, 13.03154], [77.24045, 13.03155], [77.24055, 13.03193], [77.24061, 13.03206], [77.24084, 13.0325], [77.24092, 13.03278], [77.241, 13.03312], [77.24119, 13.03371], [77.24134, 13.03433], [77.24163, 13.03536], [77.24187, 13.0363], [77.242, 13.03683], [77.24214, 13.03735], [77.24237, 13.03817], [77.2446, 13.03821]], [[77.29062, 12.98927], [77.29148, 12.98929], [77.2915, 12.98844], [77.29148, 12.98929], [77.29062, 12.98927], [77.29062, 12.98943], [77.29062, 12.98927]], [[77.29069, 12.9859], [77.29064, 12.98843], [77.29064, 12.98843], [77.29069, 12.9859]], [[77.29076, 12.98252], [77.29162, 12.98254], [77.29163, 12.98169], [77.29249, 12.98171], [77.29163, 12.98169], [77.29162, 12.98254], [77.29076, 12.98252], [77.29072, 12.98421], [77.28986, 12.98419], [77.28983, 12.98588], [77.28986, 12.98419], [77.29072, 12.98421], [77.29076, 12.98252]], [[77.29251, 12.98087], [77.29337, 12.98088], [77.29337, 12.98087], [77.29337, 12.98088], [77.29251, 12.98087], [77.29249, 12.98171], [77.29251, 12.98087]]], [[[77.24142, 13.039], [77.24142, 13.03881], [77.24121, 13.03888], [77.24121, 13.03889], [77.24092, 13.03899], [77.24142, 13.039]]], [[[77.26051, 13.03176], [77.26051, 13.03191], [77.26073, 13.03177], [77.26051, 13.03176]]]]}, "properties": {"name": "BELAGUMBA", "level": "gp", "shedId": "CO5CAM33", "parentTaluk": "Magadi", "parentDistrict": "Bengaluru South"}}, {"type": "Feature", "geometry": {"type": "MultiPolygon", "coordinates": [[[[77.20819, 12.97841], [77.20733, 12.97839], [77.2073, 12.98008], [77.20644, 12.98006], [77.2064, 12.98175], [77.20726, 12.98177], [77.20724, 12.98282], [77.2077, 12.98249], [77.20841, 12.98187], [77.20871, 12.98159], [77.20873, 12.98157], [77.20919, 12.98112], [77.20967, 12.98065], [77.20992, 12.98044], [77.21001, 12.98037], [77.21022, 12.98022], [77.21081, 12.97983], [77.21082, 12.97982], [77.21087, 12.97978], [77.21086, 12.97978], [77.21079, 12.97964], [77.21034, 12.97881], [77.21016, 12.97845], [77.20996, 12.97807], [77.20992, 12.97799], [77.2098, 12.97776], [77.20967, 12.97754], [77.20956, 12.97731], [77.20939, 12.97702], [77.20938, 12.977], [77.20926, 12.97626], [77.20912, 12.97543], [77.20911, 12.97523], [77.20907, 12.9748], [77.20907, 12.9746], [77.20898, 12.97463], [77.20826, 12.97495], [77.20819, 12.97841]]], [[[77.20637, 12.98344], [77.20637, 12.98352], [77.20646, 12.98344], [77.20637, 12.98344]]], [[[77.20635, 12.98428], [77.20641, 12.98428], [77.20635, 12.98414], [77.20635, 12.98428]]], [[[77.20717, 12.98638], [77.20713, 12.98852], [77.20799, 12.98853], [77.20795, 12.99022], [77.20852, 12.99023], [77.20855, 12.99007], [77.20862, 12.98977], [77.20871, 12.98952], [77.20869, 12.98948], [77.20826, 12.98863], [77.20818, 12.98847], [77.20769, 12.9876], [77.20765, 12.98753], [77.20739, 12.98695], [77.20717, 12.98638]]], [[[77.20792, 12.99191], [77.20787, 12.99444], [77.20822, 12.99445], [77.20823, 12.99378], [77.20828, 12.9926], [77.20832, 12.99192], [77.20792, 12.99191]]], [[[77.21026, 13.00378], [77.21025, 13.00462], [77.20938, 13.0046], [77.20937, 13.00545], [77.20851, 13.00543], [77.20847, 13.00712], [77.20761, 13.0071], [77.20759, 13.00795], [77.20673, 13.00793], [77.20672, 13.00877], [77.20586, 13.00876], [77.20584, 13.0096], [77.20498, 13.00958], [77.20491, 13.01296], [77.20405, 13.01294], [77.20403, 13.01379], [77.20489, 13.0138], [77.20488, 13.01465], [77.20574, 13.01467], [77.2057, 13.0166], [77.20586, 13.01638], [77.20842, 13.01104], [77.20888, 13.0101], [77.20904, 13.00977], [77.20906, 13.00973], [77.20912, 13.0096], [77.20919, 13.00936], [77.20945, 13.00856], [77.20955, 13.00826], [77.20991, 13.00716], [77.2102, 13.00619], [77.21095, 13.00405], [77.21087, 13.00379], [77.21026, 13.00378]]]]}, "properties": {"name": "KALYA", "level": "gp", "shedId": "CO5CAM33", "parentTaluk": "Magadi", "parentDistrict": "Bengaluru South"}}, {"type": "Feature", "geometry": {"type": "Polygon", "coordinates": [[[77.20826, 12.97495], [77.20898, 12.97463], [77.20907, 12.9746], [77.20906, 12.97449], [77.20892, 12.97417], [77.20892, 12.97415], [77.20835, 12.97287], [77.20835, 12.97285], [77.20833, 12.97281], [77.20831, 12.97273], [77.20826, 12.97495]]]}, "properties": {"name": "NETHENAHALLI", "level": "gp", "shedId": "CO5CAM33", "parentTaluk": "Magadi", "parentDistrict": "Bengaluru South"}}, {"type": "Feature", "geometry": {"type": "Polygon", "coordinates": [[[77.25839, 12.97692], [77.25832, 12.97685], [77.25805, 12.97723], [77.25718, 12.97841], [77.2561, 12.97939], [77.25518, 12.98025], [77.25428, 12.98087], [77.25304, 12.98244], [77.25211, 12.98363], [77.25221, 12.98372], [77.25225, 12.98375], [77.25243, 12.98391], [77.25285, 12.98425], [77.25586, 12.99307], [77.25589, 12.99316], [77.25604, 12.99357], [77.25693, 12.99386], [77.25716, 12.99393], [77.25769, 12.99405], [77.25782, 12.99396], [77.25856, 12.99363], [77.25945, 12.99324], [77.26027, 12.99285], [77.26141, 12.99233], [77.26254, 12.9918], [77.26343, 12.9914], [77.26344, 12.9914], [77.26363, 12.99131], [77.26366, 12.99129], [77.26467, 12.9908], [77.26487, 12.99071], [77.26492, 12.99068], [77.26562, 12.99032], [77.26567, 12.9903], [77.26591, 12.99026], [77.26562, 12.98766], [77.26537, 12.98613], [77.26524, 12.98538], [77.26491, 12.98359], [77.26526, 12.98216], [77.26464, 12.9817], [77.26401, 12.98121], [77.26368, 12.98096], [77.26042, 12.97846], [77.2592, 12.97747], [77.25878, 12.97719], [77.25849, 12.97701], [77.25846, 12.97699], [77.25839, 12.97692]]]}, "properties": {"name": "SOLUR", "level": "gp", "shedId": "CO5CAM33", "parentTaluk": "Magadi", "parentDistrict": "Bengaluru South"}}, {"type": "Feature", "geometry": {"type": "Polygon", "coordinates": [[[77.21151, 13.02744], [77.21323, 13.02748], [77.21319, 13.02916], [77.21461, 13.02919], [77.21488, 13.02945], [77.2158, 13.03018], [77.21668, 13.03108], [77.21729, 13.032], [77.21723, 13.03312], [77.2169, 13.03403], [77.21636, 13.0349], [77.2162, 13.03532], [77.21625, 13.03529], [77.21631, 13.03526], [77.21695, 13.0348], [77.2173, 13.03425], [77.21757, 13.03367], [77.2176, 13.0336], [77.21775, 13.03309], [77.2178, 13.03291], [77.21837, 13.03256], [77.21862, 13.03247], [77.21865, 13.03245], [77.21859, 13.03213], [77.21841, 13.03177], [77.21833, 13.03145], [77.21833, 13.03144], [77.21818, 13.03066], [77.21811, 13.03001], [77.21809, 13.02971], [77.21802, 13.02932], [77.21796, 13.02928], [77.21788, 13.02895], [77.21787, 13.02882], [77.21785, 13.02854], [77.21787, 13.02802], [77.21789, 13.02767], [77.21766, 13.02684], [77.21731, 13.02695], [77.21658, 13.02727], [77.21641, 13.0272], [77.21624, 13.02736], [77.21587, 13.02735], [77.21582, 13.02729], [77.21546, 13.02737], [77.21539, 13.02742], [77.21536, 13.02745], [77.21533, 13.02747], [77.21502, 13.02751], [77.21495, 13.02748], [77.21372, 13.0269], [77.21314, 13.02711], [77.213, 13.02716], [77.21269, 13.02719], [77.21263, 13.02719], [77.21246, 13.02721], [77.21241, 13.02704], [77.21194, 13.0272], [77.21185, 13.02723], [77.21166, 13.02737], [77.21151, 13.02744], [77.21151, 13.02744]]]}, "properties": {"name": "SOLUR", "level": "gp", "shedId": "CO5CAM33", "parentTaluk": "Magadi", "parentDistrict": "Bengaluru South"}}, {"type": "Feature", "geometry": {"type": "Polygon", "coordinates": [[[77.3113, 12.61459], [77.31119, 12.614], [77.31041, 12.6142], [77.31036, 12.61425], [77.31057, 12.61503], [77.31068, 12.615], [77.31094, 12.61482], [77.3113, 12.61459]]]}, "properties": {"name": "BANNIKUPPE2", "level": "gp", "shedId": "CO5CAM33", "parentTaluk": "Ramanagara", "parentDistrict": "Bengaluru South"}}, {"type": "Feature", "geometry": {"type": "Polygon", "coordinates": [[[77.29554, 12.60629], [77.29494, 12.60628], [77.29468, 12.6063], [77.29457, 12.61218], [77.29371, 12.61216], [77.29365, 12.61553], [77.29279, 12.61552], [77.29277, 12.61636], [77.29191, 12.61634], [77.29183, 12.62056], [77.29097, 12.62054], [77.29095, 12.62138], [77.2901, 12.62137], [77.29006, 12.62305], [77.28835, 12.62302], [77.28833, 12.62387], [77.28779, 12.62385], [77.28777, 12.62401], [77.2877, 12.62447], [77.28766, 12.62484], [77.28771, 12.6257], [77.28716, 12.62607], [77.28709, 12.62611], [77.28697, 12.62618], [77.28692, 12.62621], [77.28684, 12.62631], [77.2866, 12.62661], [77.28656, 12.62666], [77.28646, 12.6274], [77.28643, 12.62757], [77.28665, 12.62826], [77.28669, 12.62847], [77.2869, 12.62908], [77.28687, 12.62924], [77.28681, 12.62927], [77.28682, 12.62933], [77.28689, 12.62962], [77.28685, 12.62964], [77.28686, 12.62967], [77.28679, 12.62972], [77.28679, 12.62978], [77.28677, 12.62979], [77.28662, 12.62984], [77.28655, 12.62989], [77.28692, 12.63021], [77.28692, 12.63057], [77.28687, 12.63104], [77.2869, 12.63145], [77.28676, 12.63153], [77.28649, 12.63153], [77.28624, 12.63142], [77.28603, 12.63116], [77.28557, 12.63083], [77.28506, 12.63074], [77.28468, 12.63079], [77.28418, 12.63091], [77.2839, 12.63108], [77.28377, 12.63111], [77.28302, 12.63126], [77.28221, 12.63143], [77.28189, 12.6315], [77.28112, 12.63164], [77.28112, 12.63164], [77.28101, 12.6319], [77.28048, 12.63323], [77.28023, 12.63394], [77.27927, 12.63464], [77.27847, 12.63513], [77.27797, 12.63478], [77.27797, 12.63478], [77.27793, 12.63477], [77.2777, 12.63474], [77.277, 12.63535], [77.27555, 12.63645], [77.27449, 12.6368], [77.27304, 12.63688], [77.27116, 12.63698], [77.2709, 12.63699], [77.27088, 12.63787], [77.27174, 12.63789], [77.27142, 12.6539], [77.27056, 12.65389], [77.27056, 12.65434], [77.27297, 12.65539], [77.27305, 12.65542], [77.27307, 12.65543], [77.27318, 12.65548], [77.27349, 12.65711], [77.27348, 12.65713], [77.27344, 12.65772], [77.27359, 12.65788], [77.27362, 12.65809], [77.27366, 12.65858], [77.27371, 12.65906], [77.27372, 12.65917], [77.27395, 12.65955], [77.27409, 12.66004], [77.27412, 12.66012], [77.27423, 12.66053], [77.27449, 12.6607], [77.27472, 12.66088], [77.2748, 12.66136], [77.27482, 12.66153], [77.27524, 12.6618], [77.2755, 12.6621], [77.27582, 12.66261], [77.27584, 12.66276], [77.2759, 12.66322], [77.27617, 12.663], [77.27618, 12.66302], [77.2761, 12.66457], [77.27586, 12.66576], [77.27608, 12.66608], [77.27636, 12.66683], [77.27692, 12.66745], [77.27721, 12.66771], [77.27746, 12.66837], [77.27786, 12.66857], [77.27881, 12.66871], [77.27947, 12.66885], [77.27965, 12.66926], [77.27996, 12.66943], [77.28014, 12.66946], [77.28022, 12.66959], [77.28044, 12.66962], [77.28089, 12.66995], [77.28107, 12.67077], [77.28138, 12.67086], [77.2817, 12.67087], [77.28191, 12.67106], [77.28238, 12.6716], [77.28265, 12.67183], [77.2837, 12.67222], [77.28416, 12.67216], [77.28455, 12.67245], [77.28491, 12.67258], [77.28511, 12.6729], [77.28501, 12.67324], [77.28501, 12.67345], [77.28509, 12.67371], [77.28548, 12.6738], [77.28576, 12.67365], [77.28614, 12.67337], [77.28655, 12.67343], [77.28731, 12.6739], [77.28808, 12.67449], [77.28864, 12.67507], [77.28885, 12.67588], [77.28894, 12.67657], [77.28935, 12.67686], [77.28983, 12.677], [77.29057, 12.67699], [77.29103, 12.67718], [77.29153, 12.67717], [77.29137, 12.67729], [77.29116, 12.67736], [77.29122, 12.67748], [77.29116, 12.67758], [77.2911, 12.67765], [77.29084, 12.67795], [77.29081, 12.67805], [77.29077, 12.67846], [77.29108, 12.67872], [77.29127, 12.67881], [77.29207, 12.67898], [77.29232, 12.67924], [77.29238, 12.6793], [77.29294, 12.67939], [77.29338, 12.67952], [77.2934, 12.67997], [77.29408, 12.68089], [77.29437, 12.68087], [77.29481, 12.68114], [77.29507, 12.6813], [77.29524, 12.68147], [77.29553, 12.68148], [77.29602, 12.6815], [77.29587, 12.68132], [77.29586, 12.68126], [77.29584, 12.68097], [77.29638, 12.68042], [77.29654, 12.68025], [77.29679, 12.67999], [77.29695, 12.67982], [77.29791, 12.67903], [77.29806, 12.67886], [77.29808, 12.67886], [77.29829, 12.67882], [77.29845, 12.67878], [77.29846, 12.67878], [77.29906, 12.67857], [77.29944, 12.67851], [77.30044, 12.67823], [77.3011, 12.67811], [77.30119, 12.67811], [77.3012, 12.6781], [77.30128, 12.67809], [77.30244, 12.67786], [77.30256, 12.67783], [77.30278, 12.67774], [77.30281, 12.67773], [77.30311, 12.67764], [77.30365, 12.67746], [77.30371, 12.67744], [77.30381, 12.67739], [77.30394, 12.67731], [77.30404, 12.67717], [77.30407, 12.67711], [77.30448, 12.67699], [77.30508, 12.67682], [77.30534, 12.67672], [77.30589, 12.67654], [77.30621, 12.67643], [77.30672, 12.67624], [77.30714, 12.67609], [77.30771, 12.67591], [77.30778, 12.67589], [77.30788, 12.67586], [77.30814, 12.67579], [77.30909, 12.67553], [77.30913, 12.67552], [77.30968, 12.67537], [77.30973, 12.67535], [77.31, 12.67526], [77.30985, 12.67484], [77.30982, 12.67474], [77.30961, 12.67409], [77.30937, 12.67332], [77.30935, 12.67326], [77.30919, 12.67278], [77.30898, 12.67213], [77.30889, 12.67186], [77.30811, 12.66926], [77.30802, 12.66906], [77.30685, 12.66893], [77.30577, 12.66915], [77.30412, 12.6695], [77.30394, 12.66952], [77.30353, 12.66958], [77.30307, 12.66965], [77.3026, 12.66971], [77.3021, 12.6698], [77.30205, 12.66962], [77.30198, 12.66933], [77.30186, 12.66935], [77.30173, 12.66882], [77.30164, 12.66883], [77.3015, 12.66884], [77.30146, 12.66875], [77.30122, 12.66878], [77.30107, 12.66843], [77.30097, 12.66789], [77.30092, 12.66765], [77.30066, 12.66685], [77.3006, 12.66664], [77.30059, 12.66642], [77.30058, 12.66632], [77.30058, 12.66631], [77.30047, 12.66603], [77.30039, 12.66579], [77.30018, 12.66522], [77.30008, 12.66518], [77.29991, 12.66511], [77.2999, 12.665], [77.29989, 12.66492], [77.29988, 12.66489], [77.29991, 12.66469], [77.29978, 12.66456], [77.29979, 12.66437], [77.2999, 12.66433], [77.29991, 12.664], [77.29998, 12.66391], [77.29997, 12.66351], [77.29999, 12.66341], [77.30006, 12.66312], [77.30028, 12.66303], [77.30023, 12.66276], [77.30022, 12.66269], [77.30024, 12.66261], [77.30029, 12.66244], [77.3003, 12.66242], [77.30032, 12.66233], [77.30033, 12.66228], [77.30036, 12.6621], [77.30033, 12.66192], [77.30029, 12.66184], [77.30021, 12.66139], [77.30016, 12.66112], [77.2998, 12.66067], [77.29971, 12.66044], [77.29964, 12.66027], [77.29964, 12.66023], [77.29959, 12.66008], [77.29961, 12.6595], [77.29958, 12.65917], [77.29957, 12.65907], [77.29936, 12.65912], [77.29936, 12.6592], [77.29923, 12.65959], [77.2988, 12.65969], [77.29875, 12.65984], [77.29866, 12.65988], [77.29829, 12.65988], [77.29783, 12.65979], [77.29773, 12.65976], [77.29774, 12.65972], [77.29774, 12.65967], [77.29774, 12.65963], [77.29762, 12.65947], [77.29759, 12.65945], [77.29751, 12.65941], [77.29745, 12.65934], [77.29715, 12.659], [77.29673, 12.65859], [77.29629, 12.65869], [77.29581, 12.65874], [77.29557, 12.65856], [77.29531, 12.65799], [77.29516, 12.65772], [77.295, 12.6575], [77.29497, 12.65712], [77.29484, 12.65661], [77.29479, 12.6563], [77.29488, 12.65605], [77.29507, 12.65595], [77.29515, 12.65579], [77.29533, 12.65544], [77.2953, 12.65456], [77.29529, 12.65431], [77.29524, 12.65419], [77.29521, 12.65412], [77.29516, 12.65404], [77.29507, 12.65392], [77.29455, 12.65366], [77.29433, 12.6533], [77.29417, 12.65315], [77.29407, 12.65275], [77.29387, 12.65253], [77.29368, 12.65225], [77.29357, 12.65192], [77.29359, 12.65182], [77.29372, 12.65146], [77.29378, 12.65035], [77.29399, 12.64974], [77.29436, 12.64855], [77.2945, 12.64813], [77.29529, 12.64776], [77.29543, 12.6474], [77.29559, 12.64698], [77.2968, 12.64642], [77.29675, 12.64609], [77.29653, 12.64577], [77.29692, 12.64505], [77.29705, 12.64483], [77.29715, 12.64464], [77.29741, 12.64414], [77.29778, 12.64345], [77.29793, 12.64316], [77.29796, 12.6427], [77.29804, 12.64194], [77.29804, 12.64184], [77.298, 12.64144], [77.29881, 12.64142], [77.2995, 12.6414], [77.30003, 12.64082], [77.30007, 12.64081], [77.2999, 12.6406], [77.29984, 12.64057], [77.29989, 12.64055], [77.30012, 12.64048], [77.30055, 12.64021], [77.30104, 12.64023], [77.30145, 12.63991], [77.30142, 12.6399], [77.30143, 12.63988], [77.30144, 12.63939], [77.30132, 12.63901], [77.30122, 12.63854], [77.3012, 12.63834], [77.30103, 12.63756], [77.30086, 12.63692], [77.30047, 12.63549], [77.30108, 12.63395], [77.30079, 12.63236], [77.30062, 12.6318], [77.30012, 12.6301], [77.29974, 12.62871], [77.29945, 12.62768], [77.29917, 12.62665], [77.29888, 12.62562], [77.29868, 12.62491], [77.29862, 12.62473], [77.29859, 12.62462], [77.29848, 12.62426], [77.29858, 12.62408], [77.2988, 12.62386], [77.2992, 12.62365], [77.29952, 12.62364], [77.29955, 12.62364], [77.30002, 12.62363], [77.3011, 12.62361], [77.30122, 12.62328], [77.30135, 12.62329], [77.30162, 12.62225], [77.30176, 12.62225], [77.3023, 12.62192], [77.30285, 12.62186], [77.30377, 12.62165], [77.30404, 12.62159], [77.30501, 12.62142], [77.30548, 12.62123], [77.30568, 12.62105], [77.30537, 12.62079], [77.30534, 12.62047], [77.30546, 12.62043], [77.30558, 12.62039], [77.30574, 12.62038], [77.30695, 12.62031], [77.30727, 12.62012], [77.30865, 12.6198], [77.30897, 12.61973], [77.30966, 12.61971], [77.31002, 12.6197], [77.31197, 12.61956], [77.31198, 12.61838], [77.31219, 12.61756], [77.31226, 12.6173], [77.3123, 12.61713], [77.31066, 12.61541], [77.31048, 12.61515], [77.31024, 12.61483], [77.31014, 12.61469], [77.30937, 12.61365], [77.30926, 12.61351], [77.30795, 12.61301], [77.30694, 12.61112], [77.30659, 12.61062], [77.30642, 12.61062], [77.30563, 12.61062], [77.30258, 12.61022], [77.30246, 12.61021], [77.30187, 12.61013], [77.30006, 12.60976], [77.29933, 12.60965], [77.29854, 12.60877], [77.29804, 12.60717], [77.29796, 12.60618], [77.29701, 12.60623], [77.29692, 12.60623], [77.29554, 12.60626], [77.29554, 12.60629]]]}, "properties": {"name": "BANNIKUPPE2", "level": "gp", "shedId": "CO5CAM33", "parentTaluk": "Ramanagara", "parentDistrict": "Bengaluru South"}}, {"type": "Feature", "geometry": {"type": "Polygon", "coordinates": [[[77.27742, 12.70065], [77.27762, 12.70058], [77.27771, 12.70055], [77.27819, 12.70038], [77.2787, 12.7002], [77.27917, 12.70024], [77.27958, 12.70024], [77.28009, 12.70025], [77.28112, 12.70024], [77.28195, 12.70021], [77.28213, 12.70016], [77.28235, 12.70016], [77.28279, 12.70006], [77.2829, 12.70005], [77.28244, 12.69739], [77.28235, 12.69688], [77.28255, 12.69665], [77.28241, 12.69649], [77.28183, 12.69585], [77.28114, 12.69504], [77.28119, 12.69427], [77.28124, 12.69371], [77.28127, 12.69323], [77.28155, 12.69194], [77.28167, 12.69141], [77.28151, 12.68968], [77.2814, 12.68938], [77.28129, 12.6893], [77.28127, 12.6893], [77.28095, 12.68928], [77.28062, 12.68933], [77.27998, 12.68943], [77.27971, 12.68945], [77.27941, 12.68948], [77.27882, 12.68946], [77.27873, 12.68952], [77.27851, 12.68967], [77.27839, 12.68974], [77.27763, 12.69025], [77.27753, 12.69026], [77.27718, 12.69031], [77.27677, 12.69041], [77.27658, 12.69038], [77.27608, 12.69036], [77.27606, 12.69036], [77.27569, 12.69033], [77.2751, 12.69028], [77.27439, 12.69018], [77.27417, 12.68997], [77.2741, 12.68996], [77.27365, 12.68993], [77.27334, 12.68991], [77.27305, 12.68988], [77.27297, 12.68988], [77.27275, 12.68985], [77.27191, 12.68979], [77.27137, 12.68978], [77.27118, 12.68978], [77.27092, 12.68978], [77.27051, 12.68985], [77.26964, 12.68986], [77.26827, 12.68991], [77.26795, 12.68947], [77.26671, 12.68953], [77.26665, 12.6901], [77.26584, 12.68991], [77.2651, 12.69003], [77.26598, 12.69144], [77.26604, 12.69155], [77.26659, 12.69238], [77.26703, 12.69298], [77.26766, 12.69384], [77.2677, 12.6941], [77.26755, 12.69413], [77.26614, 12.69445], [77.26563, 12.69471], [77.26561, 12.69507], [77.26559, 12.69531], [77.2655, 12.69537], [77.26547, 12.69548], [77.26507, 12.69571], [77.265, 12.69605], [77.26489, 12.6966], [77.2649, 12.69715], [77.26484, 12.69786], [77.26482, 12.69798], [77.26479, 12.69834], [77.26489, 12.69957], [77.26492, 12.69993], [77.26493, 12.69993], [77.26552, 12.69984], [77.26556, 12.69984], [77.2664, 12.69975], [77.26652, 12.69974], [77.26657, 12.69992], [77.26682, 12.70001], [77.26773, 12.70005], [77.26783, 12.70005], [77.26917, 12.70002], [77.27002, 12.70036], [77.27061, 12.70057], [77.27103, 12.70061], [77.2716, 12.70064], [77.27185, 12.70065], [77.27213, 12.70069], [77.27225, 12.70069], [77.27229, 12.70069], [77.27259, 12.70068], [77.27277, 12.70069], [77.27296, 12.70074], [77.27329, 12.70071], [77.27453, 12.70069], [77.27462, 12.70069], [77.27467, 12.70069], [77.27475, 12.70069], [77.27488, 12.70068], [77.27494, 12.70067], [77.27502, 12.70067], [77.27524, 12.70065], [77.27534, 12.70064], [77.27562, 12.70093], [77.27577, 12.70091], [77.27638, 12.70082], [77.27656, 12.7008], [77.27723, 12.70069], [77.27734, 12.70066], [77.27742, 12.70065]]]}, "properties": {"name": "BANNIKUPPE2", "level": "gp", "shedId": "CO5CAM33", "parentTaluk": "Ramanagara", "parentDistrict": "Bengaluru South"}}, {"type": "Feature", "geometry": {"type": "Polygon", "coordinates": [[[77.33387, 12.71371], [77.33325, 12.7121], [77.33246, 12.71167], [77.33218, 12.7116], [77.33202, 12.71113], [77.33197, 12.71096], [77.33191, 12.71079], [77.33184, 12.7106], [77.3318, 12.71048], [77.33169, 12.71015], [77.33165, 12.71005], [77.33161, 12.70994], [77.33158, 12.70984], [77.33155, 12.70974], [77.33153, 12.70968], [77.33149, 12.70958], [77.3307, 12.70953], [77.33038, 12.70951], [77.32961, 12.70947], [77.32923, 12.70773], [77.32845, 12.70752], [77.32829, 12.70723], [77.32874, 12.70641], [77.32728, 12.70527], [77.32668, 12.70397], [77.32645, 12.70234], [77.32645, 12.70221], [77.32644, 12.7005], [77.32644, 12.70038], [77.32529, 12.69889], [77.32531, 12.69756], [77.32531, 12.69752], [77.32575, 12.69758], [77.32715, 12.69672], [77.32873, 12.69598], [77.33009, 12.69518], [77.33152, 12.6941], [77.33321, 12.69368], [77.3337, 12.69192], [77.33311, 12.69019], [77.33229, 12.69012], [77.33227, 12.6897], [77.332, 12.68913], [77.33132, 12.68907], [77.33123, 12.68863], [77.33122, 12.68857], [77.33118, 12.6884], [77.33107, 12.68785], [77.33104, 12.68757], [77.33106, 12.68716], [77.33098, 12.68676], [77.33113, 12.68663], [77.33113, 12.68658], [77.33075, 12.68593], [77.33073, 12.68587], [77.33057, 12.68549], [77.33039, 12.68547], [77.33036, 12.68494], [77.33038, 12.68445], [77.33038, 12.6844], [77.33012, 12.68348], [77.32979, 12.68287], [77.32958, 12.68262], [77.32954, 12.68256], [77.32894, 12.68224], [77.32892, 12.68223], [77.32876, 12.68224], [77.3286, 12.68218], [77.32845, 12.68206], [77.32809, 12.68153], [77.328, 12.68113], [77.32777, 12.68045], [77.32787, 12.67937], [77.32804, 12.67849], [77.32808, 12.67814], [77.32811, 12.67767], [77.3279, 12.67697], [77.32753, 12.67662], [77.32743, 12.67663], [77.32729, 12.67667], [77.32709, 12.67668], [77.32651, 12.67725], [77.32649, 12.6773], [77.32645, 12.67742], [77.32573, 12.67802], [77.32565, 12.67808], [77.3256, 12.67796], [77.32555, 12.6779], [77.32536, 12.67755], [77.32516, 12.67718], [77.32517, 12.67673], [77.32471, 12.67696], [77.32432, 12.67714], [77.3231, 12.67762], [77.32256, 12.67776], [77.32219, 12.67768], [77.32214, 12.6776], [77.32193, 12.67731], [77.32173, 12.67728], [77.32169, 12.67723], [77.32161, 12.67721], [77.32158, 12.67716], [77.32134, 12.6771], [77.32128, 12.67709], [77.32117, 12.67707], [77.32101, 12.67718], [77.32078, 12.67735], [77.3206, 12.67726], [77.32051, 12.67716], [77.32023, 12.67683], [77.32019, 12.67663], [77.31997, 12.67659], [77.3199, 12.67658], [77.31989, 12.67657], [77.31815, 12.67623], [77.31772, 12.67615], [77.31705, 12.67565], [77.31675, 12.67543], [77.31667, 12.6753], [77.31663, 12.67524], [77.31589, 12.67408], [77.31528, 12.67307], [77.31511, 12.67278], [77.31489, 12.67239], [77.3149, 12.6717], [77.31509, 12.67121], [77.31509, 12.671], [77.31504, 12.67068], [77.31482, 12.66997], [77.31475, 12.6698], [77.31456, 12.66923], [77.31479, 12.66901], [77.31463, 12.66843], [77.31446, 12.66797], [77.31427, 12.66798], [77.31415, 12.668], [77.31375, 12.66805], [77.31368, 12.66806], [77.31338, 12.66785], [77.31318, 12.66771], [77.31105, 12.6683], [77.30988, 12.66861], [77.30971, 12.66863], [77.30839, 12.66884], [77.30801, 12.6689], [77.30802, 12.66906], [77.30811, 12.66926], [77.30889, 12.67186], [77.30898, 12.67213], [77.30919, 12.67278], [77.30935, 12.67326], [77.30937, 12.67332], [77.30961, 12.67409], [77.30982, 12.67474], [77.30985, 12.67484], [77.31, 12.67526], [77.30973, 12.67535], [77.30968, 12.67537], [77.30913, 12.67552], [77.30909, 12.67553], [77.30814, 12.67579], [77.30788, 12.67586], [77.30778, 12.67589], [77.30771, 12.67591], [77.30714, 12.67609], [77.30672, 12.67624], [77.30621, 12.67643], [77.30589, 12.67654], [77.30534, 12.67672], [77.30508, 12.67682], [77.30448, 12.67699], [77.30407, 12.67711], [77.30404, 12.67717], [77.30394, 12.67731], [77.30381, 12.67739], [77.30371, 12.67744], [77.30365, 12.67746], [77.30311, 12.67764], [77.30281, 12.67773], [77.30278, 12.67774], [77.30256, 12.67783], [77.30244, 12.67786], [77.30128, 12.67809], [77.3012, 12.6781], [77.30119, 12.67811], [77.3011, 12.67811], [77.30044, 12.67823], [77.29944, 12.67851], [77.29906, 12.67857], [77.29846, 12.67878], [77.29845, 12.67878], [77.29829, 12.67882], [77.29808, 12.67886], [77.29806, 12.67886], [77.29791, 12.67903], [77.29695, 12.67982], [77.29679, 12.67999], [77.29654, 12.68025], [77.29638, 12.68042], [77.29584, 12.68097], [77.29586, 12.68126], [77.29587, 12.68132], [77.29602, 12.6815], [77.29553, 12.68148], [77.29524, 12.68147], [77.29507, 12.6813], [77.29481, 12.68114], [77.29437, 12.68087], [77.29408, 12.68089], [77.2934, 12.67997], [77.29338, 12.67952], [77.29294, 12.67939], [77.29238, 12.6793], [77.29232, 12.67924], [77.29207, 12.67898], [77.29127, 12.67881], [77.29108, 12.67872], [77.29077, 12.67846], [77.29081, 12.67805], [77.29084, 12.67795], [77.2911, 12.67765], [77.29116, 12.67758], [77.29122, 12.67748], [77.29116, 12.67736], [77.29137, 12.67729], [77.29153, 12.67717], [77.29103, 12.67718], [77.29057, 12.67699], [77.28983, 12.677], [77.28935, 12.67686], [77.28894, 12.67657], [77.28885, 12.67588], [77.28864, 12.67507], [77.28808, 12.67449], [77.28731, 12.6739], [77.28655, 12.67343], [77.28614, 12.67337], [77.28576, 12.67365], [77.28548, 12.6738], [77.28509, 12.67371], [77.28522, 12.67437], [77.28523, 12.67489], [77.28492, 12.67562], [77.28456, 12.67652], [77.28441, 12.67747], [77.28343, 12.67723], [77.28295, 12.67795], [77.28264, 12.679], [77.28247, 12.67956], [77.28381, 12.68034], [77.28432, 12.68219], [77.28444, 12.68239], [77.2849, 12.68316], [77.28489, 12.6838], [77.28478, 12.68443], [77.28421, 12.68436], [77.28412, 12.68455], [77.28345, 12.68596], [77.28294, 12.68683], [77.28431, 12.68702], [77.28453, 12.68679], [77.28473, 12.68733], [77.28418, 12.6873], [77.28367, 12.68796], [77.28367, 12.68799], [77.28195, 12.68793], [77.28121, 12.68887], [77.28129, 12.6893], [77.2814, 12.68938], [77.28151, 12.68968], [77.28167, 12.69141], [77.28155, 12.69194], [77.28127, 12.69323], [77.28124, 12.69371], [77.28119, 12.69427], [77.28114, 12.69504], [77.28183, 12.69585], [77.28241, 12.69649], [77.28255, 12.69665], [77.28235, 12.69688], [77.28244, 12.69739], [77.2829, 12.70005], [77.28299, 12.70033], [77.28303, 12.70047], [77.28313, 12.70088], [77.28315, 12.70096], [77.28318, 12.70128], [77.28341, 12.70496], [77.28345, 12.70534], [77.28351, 12.70587], [77.28357, 12.70597], [77.28362, 12.7061], [77.28372, 12.70654], [77.28373, 12.70658], [77.28385, 12.70688], [77.28399, 12.70726], [77.2846, 12.7069], [77.28462, 12.7067], [77.2853, 12.70624], [77.28607, 12.7058], [77.28668, 12.70525], [77.28695, 12.70501], [77.28842, 12.70414], [77.28847, 12.70425], [77.28858, 12.7045], [77.28862, 12.70457], [77.28863, 12.7046], [77.28864, 12.70463], [77.2888, 12.70475], [77.289, 12.70475], [77.28891, 12.70479], [77.28904, 12.70499], [77.28939, 12.70548], [77.28952, 12.70575], [77.28981, 12.70631], [77.28969, 12.7065], [77.28973, 12.70659], [77.28983, 12.70688], [77.28995, 12.70686], [77.29019, 12.70772], [77.29039, 12.70806], [77.29087, 12.7081], [77.29098, 12.70823], [77.29135, 12.70878], [77.29151, 12.70893], [77.29171, 12.70913], [77.29195, 12.70938], [77.29201, 12.7097], [77.29202, 12.7098], [77.29196, 12.71025], [77.29184, 12.71032], [77.29196, 12.71077], [77.29196, 12.71162], [77.29218, 12.71228], [77.29221, 12.71257], [77.29226, 12.71303], [77.29412, 12.71338], [77.29413, 12.71351], [77.29463, 12.71358], [77.29505, 12.71356], [77.29538, 12.71356], [77.29583, 12.71351], [77.29587, 12.71381], [77.29593, 12.71384], [77.29636, 12.71379], [77.29671, 12.71376], [77.29719, 12.71365], [77.29745, 12.71344], [77.29766, 12.71331], [77.29782, 12.71326], [77.2979, 12.71324], [77.29798, 12.71326], [77.29841, 12.71359], [77.29866, 12.71378], [77.29915, 12.71407], [77.29965, 12.71443], [77.29985, 12.71454], [77.30208, 12.71419], [77.30257, 12.71409], [77.30257, 12.71415], [77.30533, 12.71246], [77.30587, 12.71214], [77.30637, 12.71185], [77.30612, 12.71092], [77.30597, 12.71034], [77.30509, 12.7093], [77.30558, 12.70782], [77.30448, 12.70613], [77.30446, 12.70517], [77.30445, 12.70441], [77.30407, 12.70293], [77.30459, 12.70163], [77.30683, 12.70157], [77.30751, 12.70285], [77.30641, 12.70413], [77.3078, 12.70533], [77.30931, 12.70629], [77.31102, 12.70651], [77.31052, 12.70801], [77.30968, 12.70921], [77.3095, 12.7108], [77.31036, 12.71239], [77.31221, 12.71264], [77.31395, 12.71221], [77.31555, 12.71173], [77.31605, 12.71228], [77.31773, 12.71262], [77.31946, 12.71307], [77.32134, 12.71336], [77.32316, 12.71361], [77.32504, 12.71335], [77.32683, 12.71371], [77.32718, 12.71382], [77.32732, 12.71392], [77.32802, 12.71438], [77.32873, 12.71484], [77.32994, 12.71591], [77.33154, 12.71676], [77.33242, 12.71673], [77.33256, 12.71672], [77.33333, 12.71669], [77.33417, 12.71587], [77.33473, 12.71528], [77.33387, 12.71371]]]}, "properties": {"name": "HUNASANAHALLI", "level": "gp", "shedId": "CO5CAM33", "parentTaluk": "Ramanagara", "parentDistrict": "Bengaluru South"}}, {"type": "Feature", "geometry": {"type": "Polygon", "coordinates": [[[77.35733, 12.71244], [77.35735, 12.71199], [77.35682, 12.71173], [77.35092, 12.7089], [77.34998, 12.70845], [77.34907, 12.70876], [77.34808, 12.7091], [77.34187, 12.7112], [77.34162, 12.71128], [77.34105, 12.71171], [77.33941, 12.71295], [77.33939, 12.713], [77.33913, 12.71439], [77.3391, 12.71451], [77.33857, 12.71709], [77.33854, 12.71723], [77.33839, 12.71797], [77.33893, 12.71879], [77.33923, 12.71924], [77.3415, 12.72267], [77.34229, 12.72385], [77.3446, 12.72362], [77.34829, 12.7233], [77.34851, 12.72328], [77.34963, 12.7232], [77.35055, 12.72311], [77.35273, 12.72286], [77.35283, 12.72284], [77.35463, 12.72263], [77.35479, 12.72261], [77.3569, 12.72238], [77.35705, 12.71876], [77.35717, 12.71613], [77.35731, 12.71287], [77.35733, 12.71244]]]}, "properties": {"name": "HUNASANAHALLI", "level": "gp", "shedId": "CO5CAM33", "parentTaluk": "Ramanagara", "parentDistrict": "Bengaluru South"}}, {"type": "Feature", "geometry": {"type": "Polygon", "coordinates": [[[77.34818, 12.74065], [77.34745, 12.73887], [77.34374, 12.74048], [77.34256, 12.74139], [77.34328, 12.74381], [77.34377, 12.74656], [77.34864, 12.74598], [77.34858, 12.74253], [77.34818, 12.74065]]]}, "properties": {"name": "MAYAGANAHALLI", "level": "gp", "shedId": "CO5CAM33", "parentTaluk": "Ramanagara", "parentDistrict": "Bengaluru South"}}, {"type": "Feature", "geometry": {"type": "Polygon", "coordinates": [[[77.35155, 12.76426], [77.35123, 12.7636], [77.35045, 12.76176], [77.34924, 12.76049], [77.34891, 12.7598], [77.34846, 12.75884], [77.34816, 12.75787], [77.34794, 12.7571], [77.34731, 12.75568], [77.34628, 12.75426], [77.34596, 12.75202], [77.34532, 12.7492], [77.34378, 12.7482], [77.34218, 12.74754], [77.33962, 12.74628], [77.33801, 12.74565], [77.33576, 12.74476], [77.33423, 12.74379], [77.33361, 12.74243], [77.33209, 12.74093], [77.33086, 12.74005], [77.33001, 12.74059], [77.3286, 12.74148], [77.32782, 12.74203], [77.32653, 12.74297], [77.32538, 12.74374], [77.32523, 12.74381], [77.32489, 12.74322], [77.32439, 12.74288], [77.32369, 12.74308], [77.32281, 12.7433], [77.32238, 12.74338], [77.32221, 12.74301], [77.32181, 12.74279], [77.32123, 12.74265], [77.32052, 12.74302], [77.31962, 12.74326], [77.31943, 12.74327], [77.31949, 12.74309], [77.31957, 12.74283], [77.31918, 12.74275], [77.31985, 12.7414], [77.32019, 12.7414], [77.32061, 12.74091], [77.32077, 12.7405], [77.32103, 12.74048], [77.32147, 12.73969], [77.32081, 12.73749], [77.32078, 12.73741], [77.32077, 12.73737], [77.32039, 12.73627], [77.32, 12.73508], [77.31974, 12.73468], [77.31806, 12.73728], [77.31739, 12.73822], [77.31621, 12.74003], [77.31541, 12.74127], [77.31537, 12.74127], [77.31486, 12.74141], [77.31431, 12.7414], [77.31374, 12.7414], [77.31344, 12.74136], [77.31296, 12.74119], [77.31253, 12.74104], [77.31214, 12.74106], [77.31182, 12.74106], [77.31141, 12.74109], [77.31125, 12.74101], [77.31112, 12.74081], [77.31097, 12.74056], [77.31091, 12.7403], [77.31074, 12.74026], [77.31032, 12.7402], [77.31007, 12.73983], [77.30983, 12.73963], [77.30964, 12.7395], [77.30926, 12.73955], [77.30887, 12.73963], [77.30854, 12.73963], [77.30843, 12.73949], [77.3082, 12.7389], [77.30801, 12.73884], [77.30734, 12.73875], [77.30707, 12.73866], [77.30674, 12.73849], [77.30659, 12.73817], [77.3067, 12.73763], [77.30667, 12.73744], [77.30658, 12.73725], [77.30629, 12.73712], [77.30522, 12.73715], [77.30488, 12.73713], [77.30462, 12.73716], [77.30427, 12.73726], [77.30429, 12.73731], [77.30435, 12.73748], [77.30435, 12.7375], [77.30421, 12.73758], [77.30427, 12.73803], [77.3043, 12.73802], [77.30491, 12.73836], [77.30533, 12.73891], [77.30541, 12.73905], [77.30555, 12.73925], [77.30514, 12.73978], [77.30551, 12.74061], [77.30593, 12.74221], [77.30592, 12.74221], [77.30621, 12.74351], [77.30625, 12.74421], [77.30625, 12.74422], [77.30626, 12.74423], [77.30627, 12.74429], [77.30626, 12.74434], [77.30626, 12.74435], [77.30638, 12.7462], [77.30681, 12.75173], [77.30675, 12.75219], [77.30493, 12.75809], [77.30607, 12.76054], [77.30824, 12.76525], [77.30853, 12.76588], [77.3088, 12.76646], [77.30958, 12.7681], [77.30973, 12.76841], [77.30991, 12.76879], [77.31146, 12.77136], [77.3124, 12.77204], [77.31248, 12.77209], [77.31253, 12.77213], [77.31291, 12.77215], [77.31304, 12.77201], [77.31319, 12.77184], [77.31347, 12.77185], [77.31364, 12.77185], [77.31389, 12.77216], [77.31394, 12.77221], [77.31462, 12.77256], [77.31556, 12.77296], [77.31605, 12.77317], [77.31644, 12.77333], [77.31792, 12.77393], [77.31891, 12.77433], [77.31994, 12.77477], [77.31999, 12.77479], [77.32143, 12.77539], [77.32172, 12.77546], [77.32226, 12.77571], [77.32268, 12.7761], [77.32399, 12.77471], [77.32399, 12.77706], [77.32488, 12.77759], [77.32767, 12.77833], [77.328, 12.77828], [77.3285, 12.7782], [77.32925, 12.77943], [77.32969, 12.78016], [77.33005, 12.78063], [77.33011, 12.78071], [77.33059, 12.78153], [77.33062, 12.78157], [77.33078, 12.78185], [77.33088, 12.78202], [77.33109, 12.7823], [77.332, 12.78352], [77.33209, 12.78376], [77.33228, 12.78403], [77.3339, 12.78358], [77.33404, 12.78354], [77.33429, 12.78347], [77.33441, 12.78344], [77.33565, 12.7831], [77.3361, 12.783], [77.33715, 12.78279], [77.33742, 12.78277], [77.3385, 12.78269], [77.33876, 12.78267], [77.3394, 12.78263], [77.34009, 12.78259], [77.34025, 12.78256], [77.34032, 12.78254], [77.34041, 12.7825], [77.34046, 12.78226], [77.34088, 12.78228], [77.34075, 12.78261], [77.34151, 12.78282], [77.34153, 12.78283], [77.34246, 12.78304], [77.34262, 12.78307], [77.34312, 12.78286], [77.3453, 12.7821], [77.34539, 12.78208], [77.34752, 12.78132], [77.34761, 12.78129], [77.34826, 12.78026], [77.34857, 12.77845], [77.34898, 12.776], [77.34988, 12.77425], [77.34998, 12.774], [77.35032, 12.77314], [77.35036, 12.77304], [77.35048, 12.77282], [77.3513, 12.77235], [77.35164, 12.77216], [77.35304, 12.77208], [77.35562, 12.77381], [77.35585, 12.77396], [77.35724, 12.77524], [77.35776, 12.77574], [77.35822, 12.77487], [77.3586, 12.7748], [77.35864, 12.77479], [77.35898, 12.77473], [77.35915, 12.77479], [77.35929, 12.77483], [77.3597, 12.77492], [77.36026, 12.77486], [77.36085, 12.77491], [77.36125, 12.77494], [77.36145, 12.77493], [77.36153, 12.77496], [77.36302, 12.77528], [77.36552, 12.77441], [77.36553, 12.77387], [77.36569, 12.77306], [77.36581, 12.77208], [77.3659, 12.7711], [77.3659, 12.77091], [77.3659, 12.77082], [77.36592, 12.76849], [77.36591, 12.76758], [77.36589, 12.76431], [77.36589, 12.76419], [77.36589, 12.76366], [77.36589, 12.76132], [77.36577, 12.76136], [77.3655, 12.76147], [77.36345, 12.76229], [77.36261, 12.76238], [77.36176, 12.76243], [77.36148, 12.76243], [77.36121, 12.76239], [77.361, 12.76235], [77.36066, 12.76234], [77.36006, 12.76228], [77.35956, 12.76225], [77.35925, 12.76225], [77.35902, 12.76224], [77.35897, 12.76224], [77.3588, 12.7622], [77.35815, 12.76206], [77.3577, 12.76205], [77.35702, 12.76221], [77.35607, 12.76226], [77.35325, 12.76245], [77.35273, 12.76249], [77.35279, 12.76441], [77.35262, 12.76439], [77.35155, 12.76426]]]}, "properties": {"name": "MAYAGANAHALLI", "level": "gp", "shedId": "CO5CAM33", "parentTaluk": "Ramanagara", "parentDistrict": "Bengaluru South"}}, {"type": "Feature", "geometry": {"type": "Polygon", "coordinates": [[[77.34847, 12.84601], [77.34933, 12.84603], [77.34932, 12.84671], [77.35003, 12.84617], [77.3507, 12.84568], [77.35084, 12.84546], [77.35202, 12.8435], [77.35239, 12.84205], [77.35237, 12.84181], [77.35235, 12.84168], [77.35223, 12.84034], [77.35229, 12.84014], [77.35231, 12.84006], [77.35246, 12.8394], [77.35261, 12.83873], [77.35285, 12.83826], [77.35301, 12.83796], [77.35308, 12.83775], [77.35302, 12.83658], [77.35297, 12.83587], [77.35227, 12.8345], [77.35192, 12.83324], [77.35176, 12.83142], [77.35207, 12.83041], [77.35216, 12.83013], [77.35226, 12.8298], [77.35267, 12.82787], [77.35407, 12.82773], [77.35447, 12.82769], [77.35457, 12.82768], [77.35606, 12.82763], [77.35644, 12.82795], [77.35849, 12.82783], [77.35871, 12.82761], [77.35883, 12.82735], [77.35979, 12.82758], [77.3607, 12.8276], [77.36082, 12.8276], [77.36164, 12.82749], [77.36223, 12.82736], [77.36276, 12.82728], [77.36339, 12.8272], [77.36342, 12.82724], [77.36346, 12.82733], [77.36358, 12.82758], [77.36366, 12.82759], [77.36498, 12.82763], [77.36499, 12.82763], [77.36516, 12.82763], [77.36523, 12.82763], [77.36639, 12.82766], [77.36771, 12.82764], [77.36785, 12.82746], [77.36828, 12.82745], [77.36837, 12.82744], [77.37048, 12.82721], [77.37048, 12.82717], [77.37031, 12.82682], [77.36993, 12.826], [77.36987, 12.82569], [77.36986, 12.82564], [77.36976, 12.82495], [77.36969, 12.82394], [77.36994, 12.82324], [77.37002, 12.82303], [77.37013, 12.82274], [77.37032, 12.82227], [77.37044, 12.82192], [77.3705, 12.82175], [77.37103, 12.82023], [77.37126, 12.81936], [77.37162, 12.81783], [77.37191, 12.81742], [77.37219, 12.81703], [77.3723, 12.81708], [77.37236, 12.81718], [77.37241, 12.81767], [77.37247, 12.81828], [77.37261, 12.81905], [77.37273, 12.81964], [77.37349, 12.81999], [77.37436, 12.81996], [77.37503, 12.81984], [77.37564, 12.81942], [77.37587, 12.81918], [77.37615, 12.8191], [77.37641, 12.81937], [77.37624, 12.82008], [77.37588, 12.82089], [77.37603, 12.82173], [77.37618, 12.82252], [77.37621, 12.82312], [77.37642, 12.82377], [77.37464, 12.82418], [77.37396, 12.8243], [77.37392, 12.82421], [77.37381, 12.82398], [77.37367, 12.824], [77.37058, 12.82457], [77.3702, 12.82463], [77.37027, 12.82496], [77.37035, 12.82535], [77.37049, 12.82532], [77.37155, 12.8251], [77.37326, 12.82475], [77.37332, 12.82474], [77.37397, 12.8246], [77.3742, 12.82457], [77.37473, 12.8245], [77.37637, 12.82421], [77.3761, 12.82555], [77.3762, 12.82613], [77.37653, 12.82715], [77.37684, 12.82773], [77.37726, 12.82801], [77.37768, 12.8285], [77.37816, 12.82917], [77.3785, 12.82948], [77.37865, 12.82964], [77.37865, 12.82984], [77.37858, 12.83066], [77.37843, 12.83144], [77.37799, 12.83195], [77.37762, 12.8324], [77.37747, 12.83291], [77.37748, 12.83292], [77.37763, 12.83353], [77.37771, 12.83371], [77.37772, 12.83373], [77.37775, 12.83376], [77.37795, 12.83381], [77.37797, 12.83388], [77.3779, 12.83403], [77.37797, 12.83406], [77.37791, 12.83446], [77.37796, 12.83462], [77.37827, 12.83456], [77.37838, 12.83455], [77.38054, 12.83424], [77.38107, 12.83417], [77.38151, 12.83411], [77.38189, 12.83406], [77.38234, 12.83399], [77.38276, 12.83394], [77.38308, 12.83391], [77.38371, 12.83395], [77.38384, 12.83396], [77.38429, 12.83399], [77.38434, 12.83418], [77.38438, 12.83432], [77.38443, 12.83435], [77.38446, 12.83436], [77.38479, 12.83438], [77.38492, 12.83439], [77.38566, 12.83444], [77.38635, 12.83451], [77.38634, 12.83427], [77.38629, 12.83358], [77.38626, 12.8332], [77.38624, 12.83284], [77.38624, 12.83251], [77.38621, 12.83221], [77.38614, 12.83126], [77.38613, 12.83106], [77.38606, 12.83028], [77.38608, 12.83027], [77.38608, 12.83024], [77.38608, 12.83011], [77.38671, 12.82989], [77.3868, 12.82985], [77.38638, 12.82649], [77.38637, 12.82641], [77.38677, 12.82634], [77.38667, 12.82595], [77.3864, 12.82576], [77.3863, 12.82478], [77.38632, 12.82464], [77.3862, 12.82369], [77.38587, 12.82228], [77.38574, 12.8218], [77.38612, 12.8218], [77.38619, 12.82167], [77.38609, 12.82129], [77.38593, 12.82085], [77.38589, 12.82042], [77.38575, 12.82021], [77.38574, 12.82001], [77.38582, 12.8198], [77.38619, 12.81881], [77.38602, 12.81827], [77.38603, 12.81803], [77.38608, 12.81783], [77.38618, 12.81722], [77.38616, 12.81704], [77.38627, 12.81686], [77.38627, 12.81685], [77.38699, 12.8166], [77.38708, 12.8166], [77.3876, 12.81658], [77.38762, 12.81658], [77.38778, 12.81659], [77.38824, 12.81661], [77.38853, 12.8167], [77.38876, 12.81683], [77.38975, 12.81694], [77.38981, 12.81697], [77.39169, 12.81761], [77.39232, 12.81752], [77.39241, 12.8175], [77.39419, 12.81714], [77.39539, 12.81688], [77.39692, 12.81656], [77.39694, 12.81655], [77.39713, 12.81648], [77.39718, 12.81646], [77.40094, 12.81514], [77.40195, 12.81499], [77.40211, 12.81497], [77.4021, 12.81491], [77.40177, 12.81325], [77.40176, 12.81317], [77.40174, 12.81295], [77.40156, 12.81219], [77.40077, 12.8106], [77.40071, 12.81048], [77.4001, 12.80929], [77.40005, 12.8092], [77.39999, 12.80911], [77.39939, 12.80822], [77.3987, 12.80725], [77.3983, 12.80664], [77.39769, 12.80613], [77.39665, 12.80555], [77.39631, 12.80542], [77.39602, 12.80531], [77.39605, 12.80528], [77.39617, 12.80514], [77.3962, 12.80498], [77.39625, 12.80493], [77.39639, 12.80477], [77.39655, 12.80463], [77.39642, 12.80453], [77.39549, 12.80391], [77.39559, 12.80387], [77.39576, 12.8038], [77.39625, 12.80356], [77.39781, 12.80296], [77.39809, 12.80277], [77.39802, 12.80262], [77.39775, 12.80211], [77.39697, 12.80067], [77.39651, 12.79983], [77.39647, 12.79973], [77.39644, 12.7997], [77.39584, 12.79808], [77.39563, 12.79749], [77.39537, 12.79676], [77.39515, 12.79617], [77.39518, 12.79617], [77.39539, 12.79613], [77.39866, 12.79555], [77.39965, 12.79529], [77.39972, 12.79527], [77.39994, 12.79521], [77.40214, 12.79488], [77.40243, 12.79569], [77.40255, 12.7957], [77.40534, 12.7958], [77.40571, 12.79579], [77.40608, 12.79581], [77.40767, 12.79586], [77.40927, 12.79591], [77.41, 12.79601], [77.41029, 12.79605], [77.41085, 12.79606], [77.41125, 12.79423], [77.41148, 12.78923], [77.41295, 12.78466], [77.41314, 12.78242], [77.41412, 12.78154], [77.41534, 12.78045], [77.41545, 12.78036], [77.41614, 12.77997], [77.41655, 12.78076], [77.41712, 12.78189], [77.41775, 12.78315], [77.41824, 12.78411], [77.42106, 12.78336], [77.42196, 12.78313], [77.42232, 12.78324], [77.42249, 12.7833], [77.42302, 12.78347], [77.42463, 12.78401], [77.42475, 12.78398], [77.42645, 12.78361], [77.42865, 12.78313], [77.42871, 12.78311], [77.42887, 12.78308], [77.42903, 12.78303], [77.42933, 12.78297], [77.42946, 12.78294], [77.42978, 12.78288], [77.42933, 12.78191], [77.42915, 12.78143], [77.42824, 12.77909], [77.42813, 12.77882], [77.42797, 12.77841], [77.42744, 12.7774], [77.42679, 12.77639], [77.42666, 12.7756], [77.4268, 12.77469], [77.42678, 12.77394], [77.42665, 12.77333], [77.42573, 12.77269], [77.42564, 12.77221], [77.4249, 12.77176], [77.42433, 12.77116], [77.42408, 12.77], [77.42348, 12.76878], [77.42302, 12.76765], [77.42302, 12.76685], [77.42299, 12.76589], [77.4228, 12.76508], [77.4225, 12.76442], [77.42262, 12.76344], [77.42261, 12.76267], [77.42289, 12.76166], [77.42321, 12.76102], [77.42314, 12.76006], [77.42314, 12.76003], [77.42306, 12.7594], [77.42305, 12.75939], [77.42285, 12.75847], [77.4226, 12.75819], [77.42252, 12.75813], [77.42215, 12.75787], [77.42179, 12.75764], [77.42136, 12.7574], [77.4211, 12.75725], [77.42086, 12.75712], [77.42051, 12.75706], [77.42037, 12.75696], [77.42015, 12.757], [77.42007, 12.75695], [77.41986, 12.75677], [77.41958, 12.75661], [77.4186, 12.7559], [77.41833, 12.75582], [77.41748, 12.75554], [77.41742, 12.75552], [77.41736, 12.75549], [77.41713, 12.75524], [77.41714, 12.75523], [77.41682, 12.75471], [77.41651, 12.75404], [77.41564, 12.75337], [77.41465, 12.75288], [77.41422, 12.75237], [77.41424, 12.75176], [77.41423, 12.75099], [77.41364, 12.74999], [77.41324, 12.7489], [77.41286, 12.74821], [77.41205, 12.74781], [77.41199, 12.74778], [77.41107, 12.74732], [77.40934, 12.74679], [77.40823, 12.74621], [77.4078, 12.74617], [77.40758, 12.74617], [77.40697, 12.7463], [77.40695, 12.74631], [77.40698, 12.74654], [77.40702, 12.74679], [77.40693, 12.74727], [77.40673, 12.74736], [77.4066, 12.74731], [77.40651, 12.7473], [77.40612, 12.74733], [77.40602, 12.74738], [77.40315, 12.74788], [77.40263, 12.74815], [77.4024, 12.74815], [77.40232, 12.74816], [77.40221, 12.74818], [77.40116, 12.74836], [77.39967, 12.74861], [77.39818, 12.74887], [77.39798, 12.74891], [77.39797, 12.74891], [77.39673, 12.74918], [77.39669, 12.74919], [77.39668, 12.74919], [77.39572, 12.74935], [77.39549, 12.74939], [77.39247, 12.74975], [77.39126, 12.74985], [77.38772, 12.75016], [77.38704, 12.75017], [77.38493, 12.75044], [77.38492, 12.75047], [77.38487, 12.75071], [77.38483, 12.75096], [77.38489, 12.75113], [77.3849, 12.75118], [77.38493, 12.75221], [77.38493, 12.75231], [77.38496, 12.7534], [77.38484, 12.75423], [77.38393, 12.75443], [77.38347, 12.75459], [77.38298, 12.75465], [77.38276, 12.7547], [77.3824, 12.75468], [77.38129, 12.75472], [77.38102, 12.75466], [77.38083, 12.75462], [77.38063, 12.75464], [77.37992, 12.75468], [77.37968, 12.75471], [77.37953, 12.75473], [77.37944, 12.75474], [77.37923, 12.75473], [77.37918, 12.75471], [77.37908, 12.75467], [77.37872, 12.75467], [77.37806, 12.75472], [77.37792, 12.75472], [77.37757, 12.7547], [77.37748, 12.75477], [77.37747, 12.75479], [77.3774, 12.75484], [77.37707, 12.7549], [77.37692, 12.75491], [77.37666, 12.75493], [77.37585, 12.75514], [77.37568, 12.75519], [77.37559, 12.75522], [77.37547, 12.75527], [77.37538, 12.75533], [77.37522, 12.75527], [77.37486, 12.75512], [77.37441, 12.75507], [77.3743, 12.75489], [77.37389, 12.75488], [77.37305, 12.75477], [77.37147, 12.75457], [77.37082, 12.75429], [77.37, 12.75411], [77.36963, 12.75402], [77.36788, 12.75407], [77.3671, 12.75405], [77.36695, 12.75407], [77.36138, 12.75481], [77.36127, 12.75482], [77.3609, 12.75377], [77.36057, 12.75291], [77.36036, 12.75178], [77.36027, 12.75121], [77.36001, 12.75126], [77.35833, 12.75163], [77.35723, 12.75159], [77.3567, 12.75158], [77.3565, 12.75155], [77.35503, 12.75124], [77.35475, 12.75122], [77.35476, 12.75082], [77.35476, 12.75059], [77.35476, 12.75039], [77.35478, 12.75018], [77.35481, 12.74926], [77.35482, 12.74892], [77.35483, 12.74877], [77.35485, 12.74811], [77.35486, 12.74739], [77.35484, 12.74708], [77.35475, 12.74608], [77.3547, 12.7456], [77.3548, 12.74504], [77.355, 12.74401], [77.35505, 12.74373], [77.35552, 12.742], [77.35603, 12.74016], [77.35611, 12.73995], [77.35644, 12.73902], [77.35662, 12.73847], [77.35681, 12.73806], [77.3572, 12.73714], [77.3572, 12.73623], [77.3572, 12.73593], [77.35814, 12.73527], [77.35858, 12.73498], [77.3589, 12.73457], [77.35925, 12.73419], [77.35932, 12.73412], [77.35951, 12.73392], [77.35956, 12.73363], [77.35976, 12.73264], [77.35985, 12.7322], [77.35985, 12.73167], [77.35986, 12.7307], [77.35961, 12.72983], [77.35951, 12.72945], [77.35993, 12.72778], [77.36097, 12.72619], [77.3625, 12.72526], [77.36288, 12.72448], [77.36335, 12.72352], [77.36444, 12.72204], [77.36511, 12.72038], [77.36663, 12.7192], [77.36739, 12.71756], [77.36869, 12.71773], [77.3687, 12.71772], [77.3695, 12.71616], [77.36945, 12.7143], [77.3705, 12.71265], [77.37076, 12.71215], [77.37133, 12.71111], [77.37258, 12.70977], [77.37271, 12.70966], [77.374, 12.7085], [77.37406, 12.70839], [77.37368, 12.70844], [77.37445, 12.70518], [77.37489, 12.70398], [77.37501, 12.70347], [77.37505, 12.70169], [77.37499, 12.69972], [77.37327, 12.69886], [77.37174, 12.69775], [77.37102, 12.6961], [77.37072, 12.69528], [77.37051, 12.69354], [77.3712, 12.69133], [77.37178, 12.68985], [77.37185, 12.68966], [77.3722, 12.68875], [77.37268, 12.68834], [77.37407, 12.68772], [77.37595, 12.68756], [77.37651, 12.68742], [77.3767, 12.68731], [77.3776, 12.68688], [77.37905, 12.68596], [77.38027, 12.68462], [77.38089, 12.68291], [77.38127, 12.68125], [77.38137, 12.68055], [77.38152, 12.67946], [77.38189, 12.67777], [77.38195, 12.6759], [77.38194, 12.67511], [77.38193, 12.67399], [77.38194, 12.67359], [77.38195, 12.67333], [77.38199, 12.67266], [77.38199, 12.67248], [77.38193, 12.6691], [77.38157, 12.66703], [77.38214, 12.66582], [77.38223, 12.66564], [77.38334, 12.66467], [77.38308, 12.66289], [77.3825, 12.66122], [77.38178, 12.65955], [77.38078, 12.65798], [77.38076, 12.6568], [77.38076, 12.65672], [77.38075, 12.65615], [77.38112, 12.65444], [77.38195, 12.65302], [77.3823, 12.65263], [77.3827, 12.65219], [77.38279, 12.65209], [77.38369, 12.6519], [77.38447, 12.65172], [77.38451, 12.65164], [77.38459, 12.65148], [77.38486, 12.65062], [77.38522, 12.64959], [77.38575, 12.64773], [77.38617, 12.64605], [77.38641, 12.64436], [77.38616, 12.64433], [77.38575, 12.64262], [77.38359, 12.64206], [77.38174, 12.64212], [77.37988, 12.64161], [77.37977, 12.6416], [77.37833, 12.64141], [77.37677, 12.64109], [77.37665, 12.64106], [77.37659, 12.64105], [77.37561, 12.64229], [77.37508, 12.64389], [77.37487, 12.64472], [77.37484, 12.64576], [77.37473, 12.64717], [77.37443, 12.64863], [77.37433, 12.64902], [77.37425, 12.64917], [77.37386, 12.64991], [77.37379, 12.65004], [77.37275, 12.65198], [77.37198, 12.65386], [77.37075, 12.65516], [77.37, 12.65594], [77.36961, 12.65635], [77.36954, 12.65642], [77.36947, 12.6565], [77.36803, 12.65764], [77.3667, 12.65871], [77.36654, 12.65918], [77.36616, 12.66028], [77.36484, 12.66096], [77.36432, 12.66116], [77.36427, 12.66118], [77.36358, 12.66142], [77.3631, 12.66159], [77.36207, 12.66161], [77.36096, 12.6618], [77.36057, 12.66238], [77.35998, 12.66325], [77.35863, 12.6643], [77.35826, 12.6649], [77.35777, 12.6657], [77.35754, 12.66724], [77.35634, 12.6689], [77.3551, 12.67048], [77.3551, 12.67084], [77.35538, 12.67101], [77.35536, 12.67104], [77.35546, 12.67111], [77.35533, 12.67128], [77.35519, 12.67145], [77.35491, 12.67131], [77.35467, 12.67213], [77.35373, 12.67356], [77.35288, 12.67517], [77.35137, 12.67615], [77.35167, 12.67786], [77.35144, 12.67943], [77.34959, 12.67902], [77.34861, 12.67898], [77.34781, 12.67896], [77.34602, 12.67967], [77.34455, 12.68032], [77.3429, 12.6814], [77.34133, 12.68226], [77.33966, 12.68237], [77.33775, 12.6829], [77.33496, 12.68328], [77.33407, 12.6834], [77.33358, 12.6839], [77.33348, 12.684], [77.33307, 12.68442], [77.33265, 12.68533], [77.33244, 12.68672], [77.33254, 12.68777], [77.33311, 12.69019], [77.3337, 12.69192], [77.33321, 12.69368], [77.33152, 12.6941], [77.33009, 12.69518], [77.32873, 12.69598], [77.32715, 12.69672], [77.32575, 12.69758], [77.32531, 12.69752], [77.32531, 12.69756], [77.32529, 12.69889], [77.32644, 12.70038], [77.32644, 12.7005], [77.32645, 12.70221], [77.32645, 12.70234], [77.32668, 12.70397], [77.32728, 12.70527], [77.32874, 12.70641], [77.32829, 12.70723], [77.32845, 12.70752], [77.32923, 12.70773], [77.32961, 12.70947], [77.33038, 12.70951], [77.3307, 12.70953], [77.33149, 12.70958], [77.33153, 12.70968], [77.33155, 12.70974], [77.33158, 12.70984], [77.33161, 12.70994], [77.33165, 12.71005], [77.33169, 12.71015], [77.3318, 12.71048], [77.33184, 12.7106], [77.33191, 12.71079], [77.33197, 12.71096], [77.33202, 12.71113], [77.33218, 12.7116], [77.33246, 12.71167], [77.33325, 12.7121], [77.33387, 12.71371], [77.33473, 12.71528], [77.33417, 12.71587], [77.33333, 12.71669], [77.33256, 12.71672], [77.33242, 12.71673], [77.33154, 12.71676], [77.32994, 12.71591], [77.32873, 12.71484], [77.32802, 12.71438], [77.32732, 12.71392], [77.32718, 12.71382], [77.32683, 12.71371], [77.32504, 12.71335], [77.32316, 12.71361], [77.32134, 12.71336], [77.31946, 12.71307], [77.31773, 12.71262], [77.31605, 12.71228], [77.31555, 12.71173], [77.31395, 12.71221], [77.31221, 12.71264], [77.31036, 12.71239], [77.3095, 12.7108], [77.30968, 12.70921], [77.31052, 12.70801], [77.31102, 12.70651], [77.30931, 12.70629], [77.3078, 12.70533], [77.30641, 12.70413], [77.30751, 12.70285], [77.30683, 12.70157], [77.30459, 12.70163], [77.30407, 12.70293], [77.30445, 12.70441], [77.30446, 12.70517], [77.30448, 12.70613], [77.30558, 12.70782], [77.30509, 12.7093], [77.30597, 12.71034], [77.30612, 12.71092], [77.30637, 12.71185], [77.30587, 12.71214], [77.30533, 12.71246], [77.30257, 12.71415], [77.30257, 12.71409], [77.30208, 12.71419], [77.29985, 12.71454], [77.29965, 12.71443], [77.29915, 12.71407], [77.29866, 12.71378], [77.29841, 12.71359], [77.29798, 12.71326], [77.2979, 12.71324], [77.29782, 12.71326], [77.29766, 12.71331], [77.29745, 12.71344], [77.29719, 12.71365], [77.29671, 12.71376], [77.29636, 12.71379], [77.29593, 12.71384], [77.29587, 12.71381], [77.29583, 12.71351], [77.29538, 12.71356], [77.29505, 12.71356], [77.29463, 12.71358], [77.29413, 12.71351], [77.29412, 12.71338], [77.29226, 12.71303], [77.29221, 12.71257], [77.29218, 12.71228], [77.29196, 12.71162], [77.29196, 12.71077], [77.29184, 12.71032], [77.29196, 12.71025], [77.29202, 12.7098], [77.29201, 12.7097], [77.29195, 12.70938], [77.29171, 12.70913], [77.29151, 12.70893], [77.29135, 12.70878], [77.29098, 12.70823], [77.29087, 12.7081], [77.29039, 12.70806], [77.29019, 12.70772], [77.28995, 12.70686], [77.28983, 12.70688], [77.28973, 12.70659], [77.28969, 12.7065], [77.28981, 12.70631], [77.28952, 12.70575], [77.28939, 12.70548], [77.28904, 12.70499], [77.28891, 12.70479], [77.289, 12.70475], [77.2888, 12.70475], [77.28864, 12.70463], [77.28863, 12.7046], [77.28862, 12.70457], [77.28858, 12.7045], [77.28847, 12.70425], [77.28842, 12.70414], [77.28695, 12.70501], [77.28668, 12.70525], [77.28607, 12.7058], [77.2853, 12.70624], [77.28462, 12.7067], [77.2846, 12.7069], [77.28399, 12.70726], [77.28276, 12.70793], [77.28153, 12.70864], [77.28097, 12.709], [77.27996, 12.70956], [77.27927, 12.70988], [77.27852, 12.71048], [77.27846, 12.71053], [77.27801, 12.71097], [77.2777, 12.71129], [77.27735, 12.71207], [77.277, 12.7129], [77.27696, 12.71345], [77.27679, 12.71339], [77.27678, 12.71335], [77.27669, 12.71291], [77.27669, 12.71285], [77.27669, 12.71269], [77.27657, 12.71269], [77.2764, 12.71268], [77.27619, 12.71264], [77.27612, 12.71262], [77.27574, 12.71267], [77.27546, 12.71272], [77.27538, 12.71274], [77.27515, 12.71267], [77.27473, 12.71254], [77.27465, 12.71251], [77.27432, 12.71224], [77.27424, 12.71217], [77.27404, 12.71214], [77.27403, 12.7121], [77.27397, 12.71213], [77.2738, 12.71225], [77.27312, 12.71263], [77.2723, 12.71323], [77.27204, 12.71342], [77.272, 12.71344], [77.27159, 12.71374], [77.27141, 12.71396], [77.27139, 12.71402], [77.27124, 12.71437], [77.27106, 12.71461], [77.27101, 12.71468], [77.27089, 12.71483], [77.2707, 12.71507], [77.27068, 12.71508], [77.27032, 12.71542], [77.2699, 12.7156], [77.26965, 12.71564], [77.26955, 12.71561], [77.26955, 12.7156], [77.26948, 12.71552], [77.26934, 12.71548], [77.26911, 12.71548], [77.26901, 12.71546], [77.26883, 12.71542], [77.26868, 12.71538], [77.26841, 12.71548], [77.26779, 12.71588], [77.26757, 12.71617], [77.26759, 12.7164], [77.26762, 12.71665], [77.2676, 12.71689], [77.26745, 12.71726], [77.26672, 12.71739], [77.2661, 12.71725], [77.26597, 12.71712], [77.2659, 12.71704], [77.26559, 12.717], [77.26483, 12.71737], [77.26428, 12.71763], [77.26404, 12.71781], [77.26398, 12.71785], [77.26374, 12.71809], [77.26346, 12.71837], [77.26309, 12.71875], [77.2624, 12.71893], [77.26222, 12.71893], [77.26164, 12.71895], [77.26145, 12.71895], [77.26129, 12.71897], [77.261, 12.719], [77.26033, 12.71905], [77.25996, 12.71908], [77.25971, 12.71912], [77.25856, 12.71929], [77.25838, 12.71932], [77.25777, 12.71941], [77.25772, 12.71942], [77.2575, 12.71945], [77.25627, 12.71956], [77.25618, 12.71957], [77.25611, 12.71959], [77.2548, 12.7198], [77.25463, 12.71981], [77.25446, 12.71983], [77.25392, 12.71988], [77.25357, 12.71989], [77.25286, 12.71998], [77.2529, 12.71998], [77.25291, 12.72072], [77.25283, 12.7209], [77.25283, 12.7209], [77.25282, 12.72091], [77.25181, 12.7234], [77.25215, 12.72365], [77.25292, 12.7242], [77.25332, 12.72445], [77.25414, 12.72476], [77.25452, 12.7249], [77.2546, 12.72493], [77.25544, 12.72537], [77.25547, 12.72538], [77.25549, 12.7254], [77.25571, 12.72551], [77.2558, 12.72556], [77.25593, 12.72543], [77.2561, 12.72545], [77.25613, 12.72546], [77.25647, 12.72553], [77.25736, 12.72564], [77.25751, 12.72569], [77.25791, 12.72584], [77.25805, 12.72588], [77.2581, 12.7259], [77.25813, 12.72592], [77.25823, 12.72633], [77.25825, 12.72638], [77.2584, 12.72638], [77.26003, 12.72635], [77.26046, 12.72636], [77.26143, 12.72639], [77.26139, 12.72652], [77.26153, 12.72671], [77.26158, 12.72684], [77.26195, 12.72691], [77.26262, 12.72704], [77.26297, 12.72706], [77.26342, 12.72714], [77.26361, 12.72718], [77.26398, 12.72751], [77.26442, 12.72775], [77.26447, 12.72778], [77.26455, 12.72783], [77.2654, 12.72744], [77.26536, 12.72713], [77.26594, 12.72694], [77.2666, 12.72687], [77.26673, 12.72676], [77.26709, 12.72667], [77.26747, 12.7267], [77.26779, 12.72671], [77.26789, 12.72671], [77.26808, 12.72672], [77.26888, 12.72677], [77.26968, 12.72676], [77.26991, 12.72659], [77.27046, 12.72641], [77.27021, 12.72632], [77.27048, 12.72628], [77.27106, 12.72612], [77.2711, 12.72618], [77.2711, 12.72619], [77.2712, 12.72616], [77.27145, 12.72611], [77.27151, 12.7261], [77.27167, 12.72609], [77.27196, 12.72596], [77.27224, 12.72597], [77.27228, 12.72596], [77.27245, 12.72591], [77.27252, 12.72589], [77.27284, 12.72588], [77.27313, 12.72584], [77.27314, 12.72579], [77.27319, 12.7255], [77.27322, 12.72546], [77.27323, 12.72546], [77.2736, 12.72548], [77.27374, 12.7255], [77.27385, 12.7255], [77.27395, 12.72502], [77.27419, 12.72496], [77.27428, 12.72455], [77.27434, 12.7242], [77.27452, 12.7241], [77.27461, 12.72406], [77.27508, 12.72402], [77.27543, 12.72424], [77.27543, 12.72426], [77.27543, 12.72428], [77.27544, 12.72454], [77.27544, 12.72484], [77.27545, 12.72496], [77.27545, 12.72503], [77.27545, 12.72511], [77.27546, 12.72525], [77.27554, 12.72599], [77.27554, 12.72604], [77.27594, 12.72603], [77.27599, 12.72602], [77.27632, 12.72598], [77.27643, 12.72597], [77.27659, 12.72597], [77.27682, 12.72598], [77.27702, 12.72628], [77.27708, 12.72636], [77.27716, 12.72648], [77.27751, 12.72696], [77.27801, 12.72721], [77.27809, 12.72725], [77.27999, 12.72835], [77.28102, 12.72911], [77.2816, 12.72973], [77.28184, 12.73012], [77.28188, 12.73082], [77.28188, 12.73131], [77.28185, 12.73181], [77.282, 12.73179], [77.28208, 12.73173], [77.28229, 12.73177], [77.28248, 12.73178], [77.28252, 12.73186], [77.28307, 12.73195], [77.28406, 12.73186], [77.28429, 12.7319], [77.28441, 12.73173], [77.28545, 12.73142], [77.28578, 12.73136], [77.28692, 12.73103], [77.28725, 12.73087], [77.28697, 12.73016], [77.28685, 12.72986], [77.28673, 12.72958], [77.2866, 12.72928], [77.28645, 12.72907], [77.28633, 12.72878], [77.28639, 12.72862], [77.28772, 12.72996], [77.28816, 12.73049], [77.28883, 12.73129], [77.28938, 12.73184], [77.28953, 12.73183], [77.28988, 12.7316], [77.28999, 12.73134], [77.28995, 12.73133], [77.28996, 12.73122], [77.29015, 12.73063], [77.29017, 12.73015], [77.29006, 12.73005], [77.28908, 12.73045], [77.289, 12.73049], [77.2889, 12.73015], [77.28872, 12.72977], [77.28841, 12.7292], [77.28833, 12.72908], [77.28815, 12.72879], [77.2878, 12.72839], [77.28779, 12.72837], [77.28748, 12.72808], [77.28715, 12.72811], [77.28694, 12.72781], [77.28683, 12.72764], [77.28684, 12.72764], [77.28692, 12.72756], [77.28679, 12.72687], [77.28673, 12.72623], [77.28679, 12.72613], [77.28681, 12.72612], [77.28689, 12.72607], [77.28691, 12.72606], [77.28697, 12.72604], [77.28708, 12.72601], [77.28731, 12.72593], [77.28804, 12.72591], [77.28824, 12.72591], [77.28854, 12.72671], [77.28935, 12.72727], [77.28997, 12.72784], [77.2904, 12.72796], [77.29095, 12.72812], [77.29177, 12.72845], [77.29251, 12.72877], [77.29342, 12.7291], [77.29367, 12.7293], [77.29388, 12.72955], [77.2942, 12.73055], [77.29409, 12.73055], [77.29405, 12.73053], [77.29441, 12.73082], [77.29492, 12.73113], [77.29508, 12.7308], [77.29563, 12.73096], [77.29565, 12.73096], [77.29571, 12.73104], [77.29584, 12.73119], [77.29584, 12.73119], [77.29714, 12.73146], [77.29726, 12.73115], [77.29727, 12.7311], [77.29732, 12.73112], [77.29732, 12.73106], [77.29743, 12.73111], [77.29747, 12.73112], [77.29756, 12.73114], [77.29754, 12.73108], [77.29786, 12.73107], [77.29838, 12.73118], [77.2985, 12.73123], [77.29857, 12.73126], [77.29876, 12.7313], [77.29879, 12.73132], [77.29886, 12.73132], [77.29902, 12.73127], [77.29916, 12.7313], [77.29925, 12.73136], [77.29934, 12.73164], [77.29945, 12.73209], [77.29993, 12.73251], [77.30082, 12.73325], [77.30125, 12.73393], [77.30144, 12.73412], [77.30161, 12.73411], [77.30185, 12.73394], [77.30186, 12.73365], [77.30194, 12.73348], [77.30204, 12.73347], [77.30262, 12.73324], [77.30303, 12.73322], [77.30389, 12.73361], [77.30394, 12.73362], [77.30415, 12.73369], [77.30425, 12.73374], [77.30437, 12.73426], [77.30453, 12.73482], [77.30455, 12.7349], [77.30472, 12.73498], [77.3049, 12.73518], [77.30505, 12.73523], [77.30533, 12.73539], [77.30538, 12.73545], [77.30561, 12.73573], [77.30564, 12.73583], [77.30565, 12.73592], [77.30536, 12.73592], [77.30543, 12.73631], [77.30555, 12.73674], [77.30556, 12.73676], [77.30559, 12.73685], [77.30548, 12.73686], [77.30541, 12.73691], [77.30538, 12.73687], [77.30538, 12.73688], [77.30535, 12.73689], [77.30525, 12.73694], [77.30518, 12.73694], [77.30495, 12.73694], [77.30489, 12.7371], [77.30488, 12.7371], [77.30488, 12.73713], [77.30522, 12.73715], [77.30629, 12.73712], [77.30658, 12.73725], [77.30667, 12.73744], [77.3067, 12.73763], [77.30659, 12.73817], [77.30674, 12.73849], [77.30707, 12.73866], [77.30734, 12.73875], [77.30801, 12.73884], [77.3082, 12.7389], [77.30843, 12.73949], [77.30854, 12.73963], [77.30887, 12.73963], [77.30926, 12.73955], [77.30964, 12.7395], [77.30983, 12.73963], [77.31007, 12.73983], [77.31032, 12.7402], [77.31074, 12.74026], [77.31091, 12.7403], [77.31097, 12.74056], [77.31112, 12.74081], [77.31125, 12.74101], [77.31141, 12.74109], [77.31182, 12.74106], [77.31214, 12.74106], [77.31253, 12.74104], [77.31296, 12.74119], [77.31344, 12.74136], [77.31374, 12.7414], [77.31431, 12.7414], [77.31486, 12.74141], [77.31537, 12.74127], [77.31541, 12.74127], [77.31621, 12.74003], [77.31739, 12.73822], [77.31806, 12.73728], [77.31974, 12.73468], [77.32, 12.73508], [77.32039, 12.73627], [77.32039, 12.73627], [77.32077, 12.73737], [77.32078, 12.73741], [77.32081, 12.73749], [77.32147, 12.73969], [77.32103, 12.74048], [77.32077, 12.7405], [77.32061, 12.74091], [77.32019, 12.7414], [77.31985, 12.7414], [77.31918, 12.74275], [77.31957, 12.74283], [77.31949, 12.74309], [77.31943, 12.74327], [77.31962, 12.74326], [77.32052, 12.74302], [77.32123, 12.74265], [77.32181, 12.74279], [77.32221, 12.74301], [77.32238, 12.74338], [77.32281, 12.7433], [77.32369, 12.74308], [77.32439, 12.74288], [77.32489, 12.74322], [77.32523, 12.74381], [77.32538, 12.74374], [77.32653, 12.74297], [77.32782, 12.74203], [77.3286, 12.74148], [77.33001, 12.74059], [77.33086, 12.74005], [77.33209, 12.74093], [77.33361, 12.74243], [77.33423, 12.74379], [77.33576, 12.74476], [77.33801, 12.74565], [77.33962, 12.74628], [77.34218, 12.74754], [77.34378, 12.7482], [77.34532, 12.7492], [77.34596, 12.75202], [77.34628, 12.75426], [77.34731, 12.75568], [77.34794, 12.7571], [77.34816, 12.75787], [77.34846, 12.75884], [77.34891, 12.7598], [77.34924, 12.76049], [77.35045, 12.76176], [77.35123, 12.7636], [77.35155, 12.76426], [77.35262, 12.76439], [77.35264, 12.7634], [77.35243, 12.76339], [77.35264, 12.7634], [77.35262, 12.76439], [77.35279, 12.76441], [77.35273, 12.76249], [77.35325, 12.76245], [77.35607, 12.76226], [77.35702, 12.76221], [77.3577, 12.76205], [77.35815, 12.76206], [77.3588, 12.7622], [77.35897, 12.76224], [77.35902, 12.76224], [77.35925, 12.76225], [77.35956, 12.76225], [77.36006, 12.76228], [77.36066, 12.76234], [77.361, 12.76235], [77.36121, 12.76239], [77.36148, 12.76243], [77.36176, 12.76243], [77.36261, 12.76238], [77.36345, 12.76229], [77.3655, 12.76147], [77.36577, 12.76136], [77.36589, 12.76132], [77.36589, 12.76366], [77.36589, 12.76419], [77.36589, 12.76431], [77.36591, 12.76758], [77.36592, 12.76849], [77.3659, 12.77082], [77.3659, 12.77091], [77.3659, 12.7711], [77.36581, 12.77208], [77.36569, 12.77306], [77.36553, 12.77387], [77.36552, 12.77441], [77.36302, 12.77528], [77.36153, 12.77496], [77.36145, 12.77493], [77.36125, 12.77494], [77.36085, 12.77491], [77.36026, 12.77486], [77.3597, 12.77492], [77.35929, 12.77483], [77.35915, 12.77479], [77.35898, 12.77473], [77.35864, 12.77479], [77.3586, 12.7748], [77.35822, 12.77487], [77.35776, 12.77574], [77.35724, 12.77524], [77.35585, 12.77396], [77.35562, 12.77381], [77.35304, 12.77208], [77.35164, 12.77216], [77.3513, 12.77235], [77.35048, 12.77282], [77.35036, 12.77304], [77.35032, 12.77314], [77.34998, 12.774], [77.34988, 12.77425], [77.34898, 12.776], [77.34857, 12.77845], [77.34826, 12.78026], [77.34761, 12.78129], [77.34748, 12.78155], [77.34709, 12.7823], [77.34714, 12.78262], [77.34733, 12.78387], [77.34821, 12.78756], [77.34822, 12.78883], [77.34822, 12.78923], [77.34835, 12.78993], [77.34844, 12.79038], [77.34849, 12.79064], [77.34843, 12.79078], [77.34841, 12.79082], [77.34806, 12.79141], [77.348, 12.79152], [77.34771, 12.79201], [77.34681, 12.79196], [77.34669, 12.79196], [77.34584, 12.79192], [77.34402, 12.79148], [77.34283, 12.79256], [77.34143, 12.79349], [77.34146, 12.79542], [77.3416, 12.79686], [77.3405, 12.79907], [77.33851, 12.80013], [77.33753, 12.80037], [77.33696, 12.8011], [77.33647, 12.80246], [77.33647, 12.80289], [77.33629, 12.80423], [77.33686, 12.80609], [77.33707, 12.80613], [77.33744, 12.80626], [77.33847, 12.80655], [77.33853, 12.8066], [77.33923, 12.80725], [77.33978, 12.80784], [77.34185, 12.80779], [77.34311, 12.80703], [77.34475, 12.80747], [77.34616, 12.80866], [77.34624, 12.8093], [77.34635, 12.81023], [77.34667, 12.81191], [77.34688, 12.81289], [77.34616, 12.81356], [77.34484, 12.81449], [77.34366, 12.81574], [77.34313, 12.81607], [77.34217, 12.81664], [77.34132, 12.8168], [77.34071, 12.81682], [77.33877, 12.81675], [77.33737, 12.81736], [77.33715, 12.81825], [77.33648, 12.81836], [77.33602, 12.81843], [77.33522, 12.81832], [77.33456, 12.81764], [77.33358, 12.81646], [77.33332, 12.81568], [77.33314, 12.81541], [77.3327, 12.81473], [77.33164, 12.81119], [77.3313, 12.81045], [77.33089, 12.80957], [77.33022, 12.80838], [77.33015, 12.80826], [77.33003, 12.80804], [77.32858, 12.80702], [77.32701, 12.80727], [77.32577, 12.80782], [77.32525, 12.81014], [77.32431, 12.81168], [77.32594, 12.81266], [77.32612, 12.81388], [77.32576, 12.81526], [77.32598, 12.81641], [77.32528, 12.81847], [77.32524, 12.81859], [77.32534, 12.81881], [77.32546, 12.81909], [77.32566, 12.81931], [77.32579, 12.8195], [77.32591, 12.81965], [77.32606, 12.81972], [77.32606, 12.81956], [77.32648, 12.8194], [77.32672, 12.8187], [77.32679, 12.81851], [77.32723, 12.81854], [77.32742, 12.81931], [77.32779, 12.81931], [77.32776, 12.82016], [77.32745, 12.82025], [77.3274, 12.82085], [77.32763, 12.82096], [77.32793, 12.82227], [77.32822, 12.82286], [77.32837, 12.82339], [77.32864, 12.8236], [77.32875, 12.82384], [77.328, 12.82428], [77.32736, 12.82563], [77.32738, 12.82567], [77.32839, 12.82574], [77.32981, 12.8267], [77.33015, 12.82812], [77.33011, 12.82979], [77.32845, 12.8325], [77.32882, 12.83447], [77.3294, 12.83553], [77.33122, 12.8362], [77.33292, 12.83524], [77.33427, 12.83385], [77.33546, 12.83252], [77.3356, 12.83175], [77.33616, 12.82947], [77.33744, 12.82857], [77.33774, 12.82836], [77.33834, 12.82802], [77.33937, 12.82746], [77.33939, 12.82744], [77.34077, 12.82784], [77.34114, 12.82795], [77.3422, 12.82778], [77.34324, 12.82764], [77.34484, 12.82876], [77.34489, 12.82909], [77.34498, 12.82961], [77.34503, 12.82991], [77.34515, 12.83057], [77.34557, 12.8325], [77.34561, 12.83379], [77.34514, 12.83567], [77.34477, 12.83747], [77.34477, 12.83749], [77.34446, 12.83945], [77.34396, 12.84151], [77.34316, 12.84281], [77.34255, 12.8446], [77.34267, 12.84675], [77.34201, 12.84866], [77.34175, 12.85076], [77.34203, 12.85143], [77.34258, 12.85085], [77.34361, 12.84986], [77.34418, 12.84934], [77.34573, 12.84818], [77.34588, 12.84812], [77.34596, 12.8481], [77.34671, 12.84785], [77.34793, 12.8474], [77.34847, 12.84719], [77.34894, 12.847], [77.34932, 12.84671], [77.34933, 12.84603], [77.34847, 12.84601]], [[77.34771, 12.84093], [77.34765, 12.84431], [77.34771, 12.84093], [77.34771, 12.84093]], [[77.34869, 12.83505], [77.34927, 12.83506], [77.34869, 12.83505], [77.34869, 12.83505]], [[77.34784, 12.83419], [77.34796, 12.82828], [77.34813, 12.82828], [77.34796, 12.82828], [77.34784, 12.83419], [77.3487, 12.8342], [77.34869, 12.83503], [77.3487, 12.8342], [77.34784, 12.83419]], [[77.34804, 12.82368], [77.348, 12.82575], [77.34886, 12.82577], [77.348, 12.82575], [77.34804, 12.82368]], [[77.34815, 12.81816], [77.34843, 12.81816], [77.34815, 12.81816], [77.34815, 12.81816]], [[77.34906, 12.81564], [77.34906, 12.81564], [77.34821, 12.81563], [77.34906, 12.81564]], [[77.34915, 12.81058], [77.34852, 12.81057], [77.34915, 12.81058], [77.34915, 12.81058]], [[77.35027, 12.7971], [77.35089, 12.79711], [77.35027, 12.7971], [77.35011, 12.80554], [77.34946, 12.80553], [77.35011, 12.80554], [77.35027, 12.7971]], [[77.3516, 12.79544], [77.35116, 12.79543], [77.35114, 12.79664], [77.35116, 12.79543], [77.3516, 12.79544]], [[77.35204, 12.7946], [77.35203, 12.79502], [77.35204, 12.7946], [77.35204, 12.7946]], [[77.35125, 12.79121], [77.3521, 12.79123], [77.35212, 12.79039], [77.3521, 12.79123], [77.35125, 12.79121], [77.35118, 12.79459], [77.35125, 12.79121]], [[77.35154, 12.77603], [77.3514, 12.78332], [77.35154, 12.77603], [77.35154, 12.77603]], [[77.35068, 12.77602], [77.35112, 12.77603], [77.35068, 12.77602], [77.35068, 12.77602]], [[77.35187, 12.75874], [77.35178, 12.76338], [77.35178, 12.76338], [77.35187, 12.75874]], [[77.3543, 12.75668], [77.35191, 12.75664], [77.35191, 12.75664], [77.3543, 12.75668]], [[77.3562, 12.75671], [77.3562, 12.75671], [77.35622, 12.75588], [77.3562, 12.75671]], [[77.35967, 12.75509], [77.35881, 12.75508], [77.35967, 12.75509], [77.35967, 12.75509]], [[77.36007, 12.75425], [77.35969, 12.75425], [77.35968, 12.75476], [77.35969, 12.75425], [77.36007, 12.75425]], [[77.36053, 12.7551], [77.36055, 12.75426], [77.36055, 12.75426], [77.36053, 12.7551]], [[77.36053, 12.75511], [77.36053, 12.75511], [77.36191, 12.75513], [77.36053, 12.75511]], [[77.36209, 12.71836], [77.3621, 12.71802], [77.36376, 12.71805], [77.3621, 12.71802], [77.36209, 12.71836]], [[77.3606, 12.71883], [77.36208, 12.71886], [77.36208, 12.71886], [77.3606, 12.71883]], [[77.35876, 12.71289], [77.35869, 12.71627], [77.35876, 12.71289], [77.35876, 12.71289]], [[77.35813, 12.71288], [77.35731, 12.71287], [77.35717, 12.71613], [77.35705, 12.71876], [77.3569, 12.72238], [77.35479, 12.72261], [77.35463, 12.72263], [77.35283, 12.72284], [77.35273, 12.72286], [77.35055, 12.72311], [77.34963, 12.7232], [77.34851, 12.72328], [77.34829, 12.7233], [77.3446, 12.72362], [77.34229, 12.72385], [77.3415, 12.72267], [77.33923, 12.71924], [77.33893, 12.71879], [77.33839, 12.71797], [77.33854, 12.71723], [77.33857, 12.71709], [77.3391, 12.71451], [77.33913, 12.71439], [77.33939, 12.713], [77.33941, 12.71295], [77.34105, 12.71171], [77.34162, 12.71128], [77.34187, 12.7112], [77.34808, 12.7091], [77.34907, 12.70876], [77.34998, 12.70845], [77.35092, 12.7089], [77.35682, 12.71173], [77.35735, 12.71199], [77.35733, 12.71244], [77.35731, 12.71287], [77.35813, 12.71288]], [[77.35622, 12.71089], [77.35621, 12.71116], [77.35706, 12.71118], [77.35621, 12.71116], [77.35622, 12.71089]], [[77.35537, 12.7103], [77.35623, 12.71032], [77.35623, 12.71032], [77.35537, 12.7103]], [[77.35539, 12.70946], [77.35539, 12.70946], [77.35488, 12.70945], [77.35539, 12.70946]], [[77.35456, 12.70776], [77.35453, 12.70944], [77.35453, 12.70944], [77.35456, 12.70776]], [[77.35372, 12.7069], [77.35372, 12.7069], [77.35299, 12.70688], [77.35372, 12.7069]], [[77.35228, 12.70603], [77.35288, 12.70604], [77.35287, 12.70632], [77.35288, 12.70604], [77.35228, 12.70603]], [[77.35176, 12.70349], [77.35121, 12.70348], [77.35116, 12.70601], [77.35121, 12.70348], [77.35176, 12.70349]], [[77.35123, 12.70221], [77.35122, 12.70263], [77.35122, 12.70263], [77.35123, 12.70221]], [[77.3521, 12.70181], [77.3521, 12.70181], [77.35213, 12.7001], [77.3521, 12.70181]], [[77.35304, 12.69761], [77.35304, 12.69756], [77.35304, 12.69761], [77.35218, 12.69759], [77.35304, 12.69761]], [[77.35485, 12.69258], [77.35488, 12.6909], [77.35485, 12.69258], [77.35399, 12.69256], [77.35395, 12.69498], [77.35399, 12.69256], [77.35485, 12.69258]], [[77.35576, 12.69006], [77.35611, 12.69007], [77.35576, 12.69006], [77.35574, 12.69091], [77.35513, 12.6909], [77.35574, 12.69091], [77.35576, 12.69006]], [[77.35662, 12.69008], [77.35662, 12.69008], [77.35663, 12.68927], [77.35662, 12.69008]], [[77.35751, 12.68841], [77.35862, 12.68843], [77.35751, 12.68841], [77.35749, 12.68925], [77.35732, 12.68925], [77.35749, 12.68925], [77.35751, 12.68841]], [[77.3601, 12.68761], [77.36013, 12.68585], [77.3601, 12.68761], [77.35924, 12.6876], [77.3601, 12.68761]], [[77.36107, 12.68174], [77.36106, 12.68257], [77.3602, 12.68256], [77.36106, 12.68257], [77.36107, 12.68174]], [[77.3671, 12.681], [77.3671, 12.681], [77.36538, 12.68096], [77.3671, 12.681]], [[77.3698, 12.6743], [77.3698, 12.6743], [77.36809, 12.67427], [77.3698, 12.6743]], [[77.37235, 12.67603], [77.37236, 12.67519], [77.37235, 12.67603], [77.37235, 12.67603]], [[77.37321, 12.67605], [77.37281, 12.67604], [77.37321, 12.67605], [77.37321, 12.67605]], [[77.37327, 12.67267], [77.37325, 12.6738], [77.37327, 12.67267], [77.37327, 12.67267]], [[77.37458, 12.67101], [77.37416, 12.671], [77.37413, 12.67268], [77.37416, 12.671], [77.37458, 12.67101]], [[77.37589, 12.67019], [77.37591, 12.66935], [77.37941, 12.66941], [77.37591, 12.66935], [77.37589, 12.67019], [77.37504, 12.67018], [77.37502, 12.67102], [77.37504, 12.67018], [77.37589, 12.67019]], [[77.3802, 12.66943], [77.3802, 12.66943], [77.38022, 12.66879], [77.3802, 12.66943]], [[77.38121, 12.6686], [77.38022, 12.66858], [77.38022, 12.66858], [77.38121, 12.6686]], [[77.34745, 12.73887], [77.34818, 12.74065], [77.34858, 12.74253], [77.34864, 12.74598], [77.34377, 12.74656], [77.34328, 12.74381], [77.34256, 12.74139], [77.34374, 12.74048], [77.34745, 12.73887]]]}, "properties": {"level": "gp", "shedId": "CO5CAM33", "parentTaluk": "Ramanagara", "parentDistrict": "Bengaluru South"}}, {"type": "Feature", "geometry": {"type": "MultiPolygon", "coordinates": [[[[77.28141, 12.88864], [77.28055, 12.88863], [77.28054, 12.88947], [77.27968, 12.88946], [77.27964, 12.89114], [77.27878, 12.89113], [77.27873, 12.89366], [77.27787, 12.89364], [77.27782, 12.89617], [77.27954, 12.8962], [77.27948, 12.89958], [77.27862, 12.89956], [77.2786, 12.90041], [77.28032, 12.90044], [77.2803, 12.90128], [77.28116, 12.9013], [77.28113, 12.90299], [77.28199, 12.903], [77.28194, 12.90553], [77.2828, 12.90555], [77.28278, 12.90639], [77.2845, 12.90643], [77.28449, 12.90727], [77.28707, 12.90732], [77.28705, 12.90816], [77.28791, 12.90818], [77.28789, 12.90902], [77.28703, 12.90901], [77.28702, 12.90985], [77.28616, 12.90984], [77.28614, 12.91068], [77.28528, 12.91066], [77.28526, 12.91151], [77.28354, 12.91147], [77.28353, 12.91232], [77.28181, 12.91228], [77.28179, 12.91313], [77.28007, 12.9131], [77.28005, 12.91394], [77.27747, 12.91389], [77.27746, 12.91473], [77.2723, 12.91464], [77.27228, 12.91548], [77.27142, 12.91546], [77.27139, 12.91715], [77.27053, 12.91714], [77.27051, 12.91798], [77.26965, 12.91796], [77.26963, 12.91881], [77.26791, 12.91877], [77.26789, 12.91962], [77.26703, 12.9196], [77.26702, 12.92045], [77.26616, 12.92043], [77.26613, 12.92173], [77.2672, 12.92222], [77.26791, 12.9223], [77.26873, 12.92262], [77.26983, 12.9228], [77.27035, 12.92282], [77.27088, 12.92358], [77.2759, 12.92665], [77.2765, 12.92859], [77.27743, 12.92888], [77.27756, 12.92894], [77.27923, 12.92948], [77.27968, 12.92966], [77.28182, 12.93042], [77.28217, 12.93052], [77.28381, 12.93107], [77.28586, 12.93657], [77.28649, 12.93809], [77.28676, 12.9387], [77.28715, 12.93965], [77.28755, 12.94056], [77.28857, 12.94291], [77.28956, 12.94523], [77.29002, 12.94627], [77.29005, 12.94634], [77.29021, 12.94654], [77.29068, 12.94622], [77.29112, 12.94607], [77.29146, 12.94605], [77.29187, 12.9457], [77.29263, 12.94467], [77.29308, 12.94402], [77.29366, 12.94292], [77.29511, 12.94147], [77.29599, 12.94044], [77.2965, 12.93968], [77.2972, 12.9386], [77.29834, 12.93763], [77.30084, 12.93516], [77.30256, 12.9338], [77.30278, 12.93335], [77.30308, 12.93223], [77.30375, 12.93146], [77.30452, 12.93087], [77.30611, 12.92959], [77.30631, 12.92927], [77.30657, 12.92882], [77.30727, 12.92789], [77.30841, 12.92654], [77.30906, 12.92595], [77.31012, 12.92481], [77.3112, 12.92364], [77.3119, 12.92304], [77.31238, 12.92227], [77.31278, 12.92094], [77.313, 12.92012], [77.31309, 12.92013], [77.31315, 12.91996], [77.31344, 12.9196], [77.31396, 12.91894], [77.31519, 12.91744], [77.31573, 12.91689], [77.3157, 12.91673], [77.31571, 12.91638], [77.31576, 12.91631], [77.31581, 12.91554], [77.31585, 12.91514], [77.31583, 12.91499], [77.31583, 12.91415], [77.31598, 12.91364], [77.31631, 12.91315], [77.31697, 12.9123], [77.31798, 12.9112], [77.31805, 12.90949], [77.31765, 12.90934], [77.31717, 12.90915], [77.31667, 12.9095], [77.3164, 12.91009], [77.3161, 12.9103], [77.31576, 12.91037], [77.31472, 12.91062], [77.3146, 12.91043], [77.3145, 12.91038], [77.31445, 12.90933], [77.31441, 12.90886], [77.31448, 12.90773], [77.31434, 12.90768], [77.31436, 12.90756], [77.3145, 12.9076], [77.31478, 12.90767], [77.31526, 12.90779], [77.31589, 12.90761], [77.31644, 12.90724], [77.31648, 12.90697], [77.31676, 12.90685], [77.31711, 12.9067], [77.3172, 12.90701], [77.31729, 12.90732], [77.3174, 12.90755], [77.3182, 12.90784], [77.31834, 12.90785], [77.31847, 12.90786], [77.31927, 12.90792], [77.31964, 12.90795], [77.32025, 12.90793], [77.32066, 12.90792], [77.32136, 12.90838], [77.32174, 12.90857], [77.32216, 12.90878], [77.32226, 12.90882], [77.32255, 12.90897], [77.32276, 12.90896], [77.3245, 12.90894], [77.3266, 12.90861], [77.32815, 12.90888], [77.32843, 12.90895], [77.32923, 12.90915], [77.33274, 12.91006], [77.33379, 12.91025], [77.33565, 12.91062], [77.33569, 12.9107], [77.33599, 12.91132], [77.33635, 12.91157], [77.33746, 12.91181], [77.33951, 12.91255], [77.33949, 12.91242], [77.33949, 12.91242], [77.33949, 12.91242], [77.33946, 12.91234], [77.33934, 12.91202], [77.33924, 12.91173], [77.33885, 12.91065], [77.33984, 12.90452], [77.34002, 12.90399], [77.34128, 12.90021], [77.34237, 12.89422], [77.34237, 12.8942], [77.34335, 12.88969], [77.34355, 12.88877], [77.33872, 12.88754], [77.33842, 12.88746], [77.33792, 12.88739], [77.33746, 12.88716], [77.33705, 12.88709], [77.33686, 12.887], [77.33665, 12.88691], [77.33582, 12.88669], [77.33563, 12.88758], [77.3348, 12.88761], [77.33444, 12.88778], [77.33358, 12.88772], [77.3332, 12.8879], [77.33263, 12.88751], [77.33252, 12.88744], [77.33248, 12.8874], [77.33226, 12.88724], [77.33211, 12.88714], [77.33213, 12.88704], [77.33215, 12.88693], [77.33229, 12.88621], [77.33233, 12.88602], [77.3346, 12.88358], [77.33519, 12.88356], [77.33563, 12.88353], [77.3356, 12.88387], [77.33569, 12.88402], [77.33583, 12.88401], [77.33602, 12.88372], [77.33667, 12.88318], [77.33635, 12.88231], [77.33633, 12.88226], [77.33641, 12.88223], [77.33664, 12.88212], [77.33641, 12.88137], [77.33614, 12.88032], [77.33615, 12.88001], [77.33615, 12.88], [77.33636, 12.87916], [77.33657, 12.87823], [77.33661, 12.87689], [77.33731, 12.87688], [77.33756, 12.87687], [77.33912, 12.87679], [77.34001, 12.87673], [77.34099, 12.87667], [77.34191, 12.87663], [77.34315, 12.87655], [77.34442, 12.87649], [77.34498, 12.87645], [77.34389, 12.8752], [77.34398, 12.87294], [77.34407, 12.87033], [77.34522, 12.87024], [77.34523, 12.86996], [77.34529, 12.86414], [77.34535, 12.85864], [77.34535, 12.85855], [77.34535, 12.85843], [77.34534, 12.85843], [77.34535, 12.85797], [77.34532, 12.85798], [77.34409, 12.85816], [77.34396, 12.85818], [77.34058, 12.85868], [77.33885, 12.85893], [77.33865, 12.85896], [77.33791, 12.85906], [77.33779, 12.85907], [77.33734, 12.85908], [77.33732, 12.85909], [77.33697, 12.85913], [77.33673, 12.85914], [77.3366, 12.85915], [77.33591, 12.85928], [77.33585, 12.85929], [77.33517, 12.8594], [77.33494, 12.85946], [77.33452, 12.85959], [77.33447, 12.85961], [77.33435, 12.85964], [77.33425, 12.85967], [77.33375, 12.85978], [77.33356, 12.85964], [77.3327, 12.85981], [77.33245, 12.85981], [77.32975, 12.85975], [77.32972, 12.85975], [77.32799, 12.85972], [77.32725, 12.85995], [77.327, 12.85999], [77.32682, 12.86011], [77.32647, 12.86027], [77.3253, 12.86105], [77.32454, 12.8603], [77.32367, 12.85801], [77.3226, 12.85657], [77.32143, 12.85502], [77.32108, 12.85442], [77.32084, 12.85407], [77.32071, 12.85388], [77.31948, 12.85206], [77.31802, 12.85163], [77.31739, 12.85008], [77.31533, 12.85028], [77.3141, 12.85065], [77.31407, 12.85111], [77.31406, 12.8514], [77.31461, 12.85245], [77.31524, 12.85407], [77.31489, 12.85543], [77.31491, 12.8571], [77.31491, 12.85717], [77.31491, 12.8573], [77.31545, 12.85878], [77.31671, 12.86042], [77.31669, 12.86219], [77.31693, 12.86303], [77.31755, 12.86514], [77.31763, 12.86595], [77.31666, 12.86691], [77.31497, 12.86753], [77.31337, 12.86857], [77.31166, 12.86928], [77.31005, 12.87013], [77.30906, 12.8705], [77.30836, 12.87077], [77.30666, 12.87158], [77.30564, 12.87308], [77.30422, 12.87409], [77.3035, 12.87426], [77.30241, 12.87434], [77.30072, 12.87407], [77.29899, 12.87406], [77.2973, 12.8737], [77.29558, 12.87376], [77.29368, 12.8745], [77.29366, 12.87609], [77.29367, 12.87609], [77.29377, 12.87611], [77.29388, 12.87614], [77.29395, 12.87615], [77.29543, 12.87677], [77.29633, 12.87807], [77.29639, 12.87818], [77.29685, 12.87946], [77.29751, 12.88107], [77.29778, 12.88328], [77.29778, 12.88334], [77.2967, 12.88435], [77.29533, 12.88517], [77.29523, 12.88522], [77.29513, 12.88528], [77.29401, 12.88595], [77.2934, 12.88588], [77.29257, 12.88608], [77.29243, 12.88611], [77.29227, 12.88614], [77.2921, 12.88618], [77.29193, 12.88622], [77.29074, 12.88638], [77.28979, 12.88629], [77.28911, 12.88633], [77.28895, 12.88634], [77.28814, 12.88639], [77.28634, 12.88666], [77.2845, 12.887], [77.28388, 12.88728], [77.2838, 12.88732], [77.28376, 12.88711], [77.28374, 12.88702], [77.28352, 12.88699], [77.28345, 12.88699], [77.28265, 12.88691], [77.28192, 12.88707], [77.28175, 12.88714], [77.28162, 12.8872], [77.28143, 12.88757], [77.28141, 12.88864]], [[77.2957, 12.89387], [77.29597, 12.89392], [77.29617, 12.89389], [77.29628, 12.89386], [77.29641, 12.89407], [77.2966, 12.8944], [77.29655, 12.89456], [77.29645, 12.89474], [77.29592, 12.89476], [77.29593, 12.89455], [77.2958, 12.89435], [77.29578, 12.89407], [77.29567, 12.89403], [77.2957, 12.89387]], [[77.29902, 12.89597], [77.29912, 12.89603], [77.29921, 12.89579], [77.29982, 12.89606], [77.2997, 12.89637], [77.29979, 12.89641], [77.2997, 12.89658], [77.29953, 12.89646], [77.29938, 12.89635], [77.29894, 12.89604], [77.29902, 12.89597]]], [[[77.26182, 12.92203], [77.26186, 12.92035], [77.26014, 12.92031], [77.26015, 12.91947], [77.25843, 12.91944], [77.25842, 12.92028], [77.25756, 12.92026], [77.25754, 12.92111], [77.25668, 12.92109], [77.25666, 12.92194], [77.2558, 12.92192], [77.25579, 12.92276], [77.2532, 12.92271], [77.25315, 12.92525], [77.25229, 12.92523], [77.25228, 12.92607], [77.25198, 12.92607], [77.25204, 12.92637], [77.25204, 12.92697], [77.25212, 12.9272], [77.25212, 12.92724], [77.25219, 12.92798], [77.25224, 12.92825], [77.25227, 12.92844], [77.25236, 12.92882], [77.25255, 12.92975], [77.25257, 12.92989], [77.25278, 12.93032], [77.25278, 12.93032], [77.2528, 12.93074], [77.25273, 12.93133], [77.2527, 12.93161], [77.25254, 12.93166], [77.25242, 12.93171], [77.2523, 12.9318], [77.25226, 12.93201], [77.25219, 12.93211], [77.25219, 12.93211], [77.25219, 12.93241], [77.25219, 12.93327], [77.25215, 12.93336], [77.25215, 12.93343], [77.25215, 12.93356], [77.25178, 12.93384], [77.25177, 12.93386], [77.25143, 12.93414], [77.25119, 12.93418], [77.25041, 12.93429], [77.25004, 12.93363], [77.25042, 12.9334], [77.25004, 12.93341], [77.24972, 12.9333], [77.24938, 12.93339], [77.24929, 12.93339], [77.24926, 12.93341], [77.24817, 12.93374], [77.2483, 12.93382], [77.24803, 12.93417], [77.24793, 12.93432], [77.24786, 12.9344], [77.24812, 12.93542], [77.24819, 12.93569], [77.24841, 12.93702], [77.24869, 12.93859], [77.24876, 12.93875], [77.24913, 12.93957], [77.24916, 12.93962], [77.24921, 12.94047], [77.24921, 12.9405], [77.24919, 12.94085], [77.24927, 12.94173], [77.24929, 12.94188], [77.24943, 12.94236], [77.24946, 12.94275], [77.24946, 12.94287], [77.2493, 12.9432], [77.24942, 12.94328], [77.24974, 12.94353], [77.24989, 12.94368], [77.25007, 12.94375], [77.25012, 12.944], [77.24996, 12.94426], [77.24994, 12.94442], [77.25001, 12.94469], [77.25029, 12.94546], [77.2503, 12.94548], [77.25087, 12.94706], [77.25087, 12.94726], [77.25087, 12.94755], [77.25101, 12.94775], [77.25115, 12.94774], [77.25132, 12.94773], [77.2514, 12.94744], [77.25164, 12.94746], [77.25169, 12.94746], [77.25174, 12.94766], [77.25241, 12.94751], [77.25258, 12.94757], [77.25295, 12.94772], [77.25491, 12.94809], [77.25524, 12.94815], [77.25526, 12.94814], [77.25528, 12.94815], [77.25554, 12.94826], [77.2556, 12.94822], [77.25587, 12.94806], [77.2561, 12.94793], [77.25666, 12.94758], [77.25723, 12.94721], [77.25781, 12.94684], [77.2584, 12.94647], [77.25842, 12.94645], [77.2614, 12.9448], [77.26155, 12.94481], [77.2618, 12.94473], [77.26198, 12.94467], [77.26219, 12.94461], [77.26222, 12.9446], [77.26249, 12.94448], [77.26253, 12.94434], [77.26259, 12.94412], [77.26277, 12.94397], [77.26287, 12.944], [77.26291, 12.94399], [77.26328, 12.94363], [77.26288, 12.94326], [77.26254, 12.94333], [77.26194, 12.94212], [77.26196, 12.94183], [77.26217, 12.94141], [77.26263, 12.94051], [77.26275, 12.93987], [77.26276, 12.93974], [77.26294, 12.93979], [77.26337, 12.93983], [77.26364, 12.9398], [77.26348, 12.93917], [77.26338, 12.93844], [77.2633, 12.93772], [77.26321, 12.93709], [77.26319, 12.9369], [77.26315, 12.93678], [77.26312, 12.93669], [77.26298, 12.9363], [77.2628, 12.93575], [77.26268, 12.93543], [77.26274, 12.93523], [77.26273, 12.9352], [77.26284, 12.93474], [77.26289, 12.93452], [77.26251, 12.93419], [77.26203, 12.93399], [77.2602, 12.93437], [77.25977, 12.93445], [77.25966, 12.93448], [77.25955, 12.93455], [77.25949, 12.9341], [77.25904, 12.933], [77.25901, 12.93291], [77.25872, 12.93221], [77.25871, 12.93182], [77.25866, 12.9314], [77.25846, 12.93062], [77.25833, 12.93065], [77.25809, 12.93051], [77.2581, 12.93033], [77.25812, 12.93008], [77.25812, 12.93], [77.25819, 12.92971], [77.25831, 12.92949], [77.25845, 12.92935], [77.25867, 12.92924], [77.25906, 12.92895], [77.2594, 12.92863], [77.25984, 12.92803], [77.26017, 12.92765], [77.26061, 12.92694], [77.26081, 12.92662], [77.26084, 12.92643], [77.26108, 12.92615], [77.26142, 12.92576], [77.26232, 12.92443], [77.26244, 12.92426], [77.26261, 12.92424], [77.2625, 12.92415], [77.26254, 12.92374], [77.26262, 12.92366], [77.26319, 12.92316], [77.2633, 12.92328], [77.26365, 12.92272], [77.26395, 12.92213], [77.26398, 12.92208], [77.26182, 12.92203]]]]}, "properties": {"name": "HANCHIKUPPE", "level": "gp", "shedId": "CO5CAM33", "parentTaluk": "Magadi", "parentDistrict": "Bengaluru South"}}, {"type": "Feature", "geometry": {"type": "Polygon", "coordinates": [[[77.2417, 12.93853], [77.24084, 12.93852], [77.24079, 12.94105], [77.23993, 12.94103], [77.23983, 12.94621], [77.24128, 12.94579], [77.24135, 12.94576], [77.24213, 12.94563], [77.24214, 12.94563], [77.24235, 12.94558], [77.24378, 12.94525], [77.24429, 12.94502], [77.24453, 12.94491], [77.24512, 12.94462], [77.24518, 12.94458], [77.24654, 12.94388], [77.24804, 12.94312], [77.24806, 12.94311], [77.24928, 12.94282], [77.24935, 12.94279], [77.24946, 12.94275], [77.24943, 12.94236], [77.24929, 12.94188], [77.24927, 12.94173], [77.24919, 12.94085], [77.24921, 12.9405], [77.24921, 12.94047], [77.24916, 12.93962], [77.24913, 12.93957], [77.24876, 12.93875], [77.24869, 12.93859], [77.24841, 12.93702], [77.24819, 12.93569], [77.24812, 12.93542], [77.24786, 12.9344], [77.24767, 12.93444], [77.24717, 12.93453], [77.24696, 12.93458], [77.24689, 12.93462], [77.24671, 12.93452], [77.24671, 12.93449], [77.24659, 12.93386], [77.24655, 12.93357], [77.24653, 12.93357], [77.24548, 12.93354], [77.24403, 12.93369], [77.24396, 12.93369], [77.24247, 12.93373], [77.24218, 12.93372], [77.2418, 12.93372], [77.2417, 12.93853]]]}, "properties": {"name": "NETHENAHALLI", "level": "gp", "shedId": "CO5CAM33", "parentTaluk": "Magadi", "parentDistrict": "Bengaluru South"}}, {"type": "Feature", "geometry": {"type": "MultiPolygon", "coordinates": [[[[77.31496, 12.57883], [77.31411, 12.57882], [77.31409, 12.57966], [77.31323, 12.57964], [77.31322, 12.58049], [77.31236, 12.58047], [77.31232, 12.58215], [77.31147, 12.58214], [77.31145, 12.58298], [77.31059, 12.58297], [77.31055, 12.5852], [77.31306, 12.584], [77.31495, 12.58406], [77.31857, 12.58408], [77.32048, 12.58414], [77.32202, 12.58459], [77.32318, 12.58527], [77.32285, 12.58575], [77.32242, 12.58747], [77.32345, 12.58987], [77.32468, 12.59396], [77.32477, 12.59566], [77.32464, 12.59634], [77.32274, 12.59421], [77.3199, 12.59062], [77.31863, 12.5903], [77.31862, 12.59029], [77.31718, 12.59029], [77.31715, 12.59016], [77.31575, 12.59035], [77.31584, 12.59079], [77.31566, 12.59128], [77.31531, 12.59127], [77.31465, 12.59115], [77.31423, 12.5906], [77.31365, 12.59043], [77.31314, 12.59039], [77.31312, 12.59046], [77.31296, 12.59046], [77.31293, 12.59056], [77.3129, 12.59066], [77.31261, 12.59163], [77.31263, 12.59175], [77.31272, 12.59226], [77.31277, 12.59254], [77.3128, 12.59271], [77.31248, 12.59287], [77.31234, 12.59266], [77.31211, 12.59262], [77.31185, 12.59258], [77.31089, 12.59243], [77.30749, 12.59331], [77.30756, 12.59293], [77.30754, 12.59293], [77.3076, 12.59252], [77.30763, 12.59238], [77.30765, 12.59218], [77.30796, 12.591], [77.30765, 12.59097], [77.30784, 12.5905], [77.30701, 12.59049], [77.307, 12.59133], [77.30614, 12.59131], [77.3061, 12.593], [77.30525, 12.59298], [77.3052, 12.59551], [77.30434, 12.5955], [77.30432, 12.59634], [77.30346, 12.59632], [77.30345, 12.59717], [77.30259, 12.59715], [77.30257, 12.59799], [77.3, 12.59794], [77.29992, 12.60216], [77.29906, 12.60214], [77.29904, 12.60299], [77.29818, 12.60297], [77.29815, 12.60466], [77.29643, 12.60462], [77.29642, 12.60547], [77.29556, 12.60545], [77.29554, 12.60626], [77.29692, 12.60623], [77.29701, 12.60623], [77.29796, 12.60618], [77.29804, 12.60717], [77.29854, 12.60877], [77.29933, 12.60965], [77.30006, 12.60976], [77.30187, 12.61013], [77.30246, 12.61021], [77.30258, 12.61022], [77.30563, 12.61062], [77.30642, 12.61062], [77.30659, 12.61062], [77.30694, 12.61112], [77.30795, 12.61301], [77.30926, 12.61351], [77.30937, 12.61365], [77.31014, 12.61469], [77.31024, 12.61483], [77.31048, 12.61515], [77.31066, 12.61541], [77.3123, 12.61713], [77.31226, 12.6173], [77.31219, 12.61756], [77.31198, 12.61838], [77.31197, 12.61956], [77.31002, 12.6197], [77.30966, 12.61971], [77.30897, 12.61973], [77.30865, 12.6198], [77.30727, 12.62012], [77.30695, 12.62031], [77.30574, 12.62038], [77.30558, 12.62039], [77.30546, 12.62043], [77.30534, 12.62047], [77.30537, 12.62079], [77.30568, 12.62105], [77.30548, 12.62123], [77.30501, 12.62142], [77.30404, 12.62159], [77.30377, 12.62165], [77.30285, 12.62186], [77.3023, 12.62192], [77.30176, 12.62225], [77.30162, 12.62225], [77.30135, 12.62329], [77.30122, 12.62328], [77.3011, 12.62361], [77.30002, 12.62363], [77.29955, 12.62364], [77.29952, 12.62364], [77.2992, 12.62365], [77.2988, 12.62386], [77.29858, 12.62408], [77.29848, 12.62426], [77.29859, 12.62462], [77.29862, 12.62473], [77.29868, 12.62491], [77.29888, 12.62562], [77.29917, 12.62665], [77.29945, 12.62768], [77.29974, 12.62871], [77.30012, 12.6301], [77.30062, 12.6318], [77.30079, 12.63236], [77.30108, 12.63395], [77.30158, 12.63399], [77.30304, 12.63397], [77.30388, 12.6342], [77.30531, 12.63471], [77.30551, 12.63478], [77.30879, 12.63604], [77.30901, 12.63611], [77.30925, 12.63619], [77.30932, 12.63621], [77.30989, 12.63677], [77.30972, 12.63728], [77.30997, 12.63802], [77.31028, 12.63816], [77.31398, 12.63993], [77.31546, 12.64062], [77.31567, 12.64288], [77.31574, 12.64478], [77.31614, 12.64881], [77.31616, 12.64903], [77.3215, 12.65074], [77.3216, 12.65063], [77.32167, 12.65065], [77.32354, 12.65345], [77.32366, 12.65363], [77.3245, 12.65484], [77.32823, 12.65595], [77.32914, 12.65624], [77.33252, 12.65737], [77.33366, 12.65736], [77.33474, 12.65734], [77.33484, 12.65734], [77.33591, 12.65727], [77.33605, 12.6574], [77.33625, 12.65746], [77.33646, 12.65747], [77.33661, 12.65788], [77.33673, 12.65808], [77.33716, 12.65884], [77.3373, 12.65913], [77.33759, 12.65913], [77.33792, 12.65914], [77.33801, 12.65951], [77.33808, 12.66011], [77.33872, 12.66079], [77.33876, 12.66084], [77.33897, 12.66088], [77.339, 12.66088], [77.33918, 12.66092], [77.33951, 12.66067], [77.34011, 12.66013], [77.3421, 12.65842], [77.34228, 12.65854], [77.34243, 12.65843], [77.34245, 12.65845], [77.3428, 12.65878], [77.34296, 12.659], [77.34312, 12.65915], [77.34322, 12.65923], [77.34321, 12.65945], [77.34266, 12.65973], [77.34264, 12.65998], [77.34271, 12.66042], [77.34288, 12.66089], [77.34288, 12.66136], [77.34299, 12.66178], [77.3431, 12.66194], [77.34365, 12.66214], [77.34416, 12.66227], [77.3442, 12.66239], [77.34433, 12.66251], [77.34444, 12.66271], [77.34456, 12.66295], [77.34466, 12.66306], [77.34508, 12.66343], [77.34538, 12.66371], [77.34563, 12.6639], [77.34589, 12.66431], [77.34596, 12.66438], [77.34614, 12.66446], [77.34653, 12.66459], [77.34701, 12.6647], [77.34717, 12.66474], [77.34742, 12.66521], [77.34764, 12.66568], [77.34798, 12.66573], [77.34851, 12.66574], [77.34857, 12.66581], [77.34868, 12.66582], [77.34869, 12.66593], [77.34884, 12.66621], [77.34905, 12.66642], [77.34984, 12.66689], [77.35016, 12.6675], [77.35111, 12.66765], [77.35149, 12.66808], [77.35173, 12.66844], [77.35158, 12.66961], [77.35177, 12.66969], [77.35291, 12.66984], [77.35412, 12.67048], [77.35533, 12.67128], [77.35546, 12.67111], [77.35536, 12.67104], [77.35538, 12.67101], [77.3551, 12.67084], [77.3551, 12.67048], [77.35634, 12.6689], [77.35754, 12.66724], [77.35777, 12.6657], [77.35826, 12.6649], [77.35863, 12.6643], [77.35998, 12.66325], [77.36057, 12.66238], [77.36096, 12.6618], [77.36207, 12.66161], [77.36121, 12.65674], [77.36039, 12.65158], [77.36038, 12.65149], [77.36037, 12.65146], [77.36034, 12.65138], [77.3603, 12.65124], [77.36003, 12.65021], [77.35982, 12.64963], [77.35966, 12.64967], [77.35963, 12.64968], [77.35949, 12.64925], [77.35949, 12.64916], [77.35948, 12.64834], [77.35931, 12.64793], [77.35916, 12.6474], [77.35911, 12.64703], [77.35915, 12.64691], [77.35915, 12.64686], [77.35916, 12.64668], [77.35918, 12.64666], [77.36017, 12.64551], [77.36014, 12.64547], [77.36007, 12.6454], [77.35973, 12.64502], [77.35969, 12.64482], [77.35968, 12.64478], [77.35958, 12.64457], [77.35954, 12.64452], [77.35969, 12.64434], [77.35978, 12.64417], [77.35988, 12.64406], [77.3597, 12.64381], [77.35902, 12.64432], [77.35799, 12.64479], [77.35751, 12.64494], [77.35737, 12.64497], [77.35709, 12.64502], [77.35669, 12.64518], [77.35645, 12.64524], [77.35627, 12.64528], [77.3558, 12.64531], [77.35565, 12.64531], [77.35526, 12.64538], [77.35484, 12.6454], [77.35444, 12.6454], [77.35434, 12.6454], [77.35441, 12.64512], [77.3543, 12.64512], [77.35432, 12.64507], [77.3544, 12.6448], [77.35446, 12.6446], [77.35454, 12.64396], [77.35465, 12.64315], [77.35465, 12.64314], [77.3545, 12.64204], [77.35434, 12.64123], [77.35426, 12.64107], [77.35399, 12.64054], [77.35382, 12.6406], [77.35377, 12.64049], [77.35358, 12.63999], [77.35336, 12.64], [77.35331, 12.63979], [77.35327, 12.63971], [77.35322, 12.63961], [77.3532, 12.63958], [77.3532, 12.63956], [77.35302, 12.63942], [77.35292, 12.63931], [77.35275, 12.63912], [77.35272, 12.63913], [77.35269, 12.63911], [77.35256, 12.63906], [77.35253, 12.63894], [77.3524, 12.63865], [77.35223, 12.63846], [77.3522, 12.63842], [77.35212, 12.63837], [77.35197, 12.63825], [77.3519, 12.63823], [77.3519, 12.63822], [77.35178, 12.63814], [77.35168, 12.63809], [77.35155, 12.63799], [77.35146, 12.63789], [77.35146, 12.63783], [77.35142, 12.63775], [77.35134, 12.63771], [77.35113, 12.63742], [77.35088, 12.63706], [77.35054, 12.63677], [77.35024, 12.63665], [77.34965, 12.63646], [77.34937, 12.63643], [77.34905, 12.63634], [77.34885, 12.63611], [77.34866, 12.6358], [77.34845, 12.63575], [77.34827, 12.63568], [77.34827, 12.63567], [77.34823, 12.6357], [77.34822, 12.6357], [77.3481, 12.63545], [77.34806, 12.63537], [77.34822, 12.63532], [77.34831, 12.63539], [77.34831, 12.63516], [77.34829, 12.63504], [77.34829, 12.63501], [77.34828, 12.63492], [77.34824, 12.63441], [77.34824, 12.63438], [77.34821, 12.63396], [77.3482, 12.63389], [77.3482, 12.63368], [77.34814, 12.63214], [77.34794, 12.63171], [77.34807, 12.63165], [77.34802, 12.6315], [77.34779, 12.63088], [77.34772, 12.63068], [77.34766, 12.63052], [77.34754, 12.6302], [77.34748, 12.62979], [77.34745, 12.62956], [77.34744, 12.62947], [77.34742, 12.6292], [77.34739, 12.62872], [77.34735, 12.62823], [77.34733, 12.62809], [77.3473, 12.62794], [77.34729, 12.62786], [77.34725, 12.62772], [77.34716, 12.62715], [77.34714, 12.62711], [77.34701, 12.62686], [77.34673, 12.62632], [77.3466, 12.62605], [77.34631, 12.6255], [77.34561, 12.62424], [77.34556, 12.62414], [77.34552, 12.62405], [77.34546, 12.62392], [77.34497, 12.62299], [77.34496, 12.62296], [77.34083, 12.61472], [77.34029, 12.61367], [77.34012, 12.61333], [77.34044, 12.61231], [77.34032, 12.61204], [77.33983, 12.61097], [77.33945, 12.611], [77.33914, 12.61102], [77.33926, 12.61027], [77.3383, 12.61022], [77.33794, 12.61012], [77.33595, 12.6095], [77.33448, 12.60906], [77.33459, 12.60776], [77.33464, 12.60699], [77.33471, 12.60682], [77.33472, 12.6068], [77.33492, 12.6062], [77.33516, 12.60549], [77.33581, 12.60384], [77.33556, 12.60198], [77.33546, 12.60192], [77.33334, 12.60186], [77.33321, 12.60117], [77.333, 12.6001], [77.33201, 12.59874], [77.33126, 12.59815], [77.33117, 12.598], [77.33066, 12.59759], [77.32985, 12.59695], [77.32999, 12.59646], [77.33014, 12.59594], [77.33064, 12.59545], [77.33249, 12.59534], [77.33389, 12.59421], [77.33477, 12.59261], [77.33556, 12.59143], [77.33577, 12.59113], [77.33567, 12.59065], [77.33555, 12.59003], [77.33547, 12.5897], [77.3354, 12.5897], [77.33424, 12.58963], [77.33303, 12.58956], [77.33183, 12.58948], [77.32804, 12.5894], [77.32764, 12.58936], [77.32616, 12.58923], [77.32536, 12.58912], [77.32549, 12.58863], [77.32561, 12.58809], [77.32574, 12.58757], [77.32595, 12.58667], [77.32604, 12.5863], [77.32615, 12.58588], [77.32631, 12.58525], [77.32647, 12.58454], [77.32656, 12.58407], [77.3266, 12.58388], [77.32667, 12.58353], [77.32671, 12.58324], [77.32669, 12.58318], [77.32648, 12.58286], [77.32588, 12.58192], [77.325, 12.58213], [77.32457, 12.58225], [77.32444, 12.58228], [77.32323, 12.5826], [77.32073, 12.58316], [77.32063, 12.58318], [77.32049, 12.58321], [77.31988, 12.58289], [77.31963, 12.58275], [77.31933, 12.58257], [77.31834, 12.58201], [77.31774, 12.58167], [77.31743, 12.5815], [77.31726, 12.58142], [77.31705, 12.58104], [77.3166, 12.58029], [77.31588, 12.5792], [77.31539, 12.57901], [77.31497, 12.57863], [77.31496, 12.57883]], [[77.31119, 12.614], [77.3113, 12.61459], [77.31094, 12.61482], [77.31068, 12.615], [77.31057, 12.61503], [77.31036, 12.61425], [77.31041, 12.6142], [77.31119, 12.614]]], [[[77.30968, 12.58548], [77.30967, 12.58609], [77.30992, 12.5855], [77.30995, 12.58548], [77.30968, 12.58548]]], [[[77.30789, 12.58966], [77.30787, 12.59044], [77.30819, 12.58967], [77.30789, 12.58966]]], [[[77.29468, 12.60628], [77.29468, 12.6063], [77.29494, 12.60628], [77.29468, 12.60628]]], [[[77.26611, 12.61838], [77.26608, 12.62007], [77.26522, 12.62005], [77.26519, 12.62174], [77.26605, 12.62176], [77.26603, 12.6226], [77.26624, 12.6226], [77.26631, 12.62138], [77.26645, 12.61948], [77.26653, 12.61839], [77.26611, 12.61838]]]]}, "properties": {"name": "HULIKEREGUNNUR(AVERHALLI)", "level": "gp", "shedId": "CO5CAM33", "parentTaluk": "Ramanagara", "parentDistrict": "Bengaluru South"}}]}