{"nvdm":"1.0","dataset":"atlas/boundaries","scope":{"kind":"district","id":"mh-kolhapur"},"provenance":{"sources":[{"id":"datameet-village-boundaries-mh","title":"DataMeet indian_village_boundaries, Maharashtra (mh2.geojson with the mh.csv 2001-to-2011 crosswalk)","publisher":"DataMeet community","license":"ODbL 1.0","role":"input","url":"https://github.com/datameet/indian_village_boundaries","as_of":"2001","retrieved":"2026-09-02"}],"method":"derived","produced_at":"2026-09-02","produced_by":"scripts/atlas-boundaries-lgd-district.ts","internal_inputs":["public/data/atlas/mh/kolhapur/directory.json"],"note":"Gram Panchayat polygons for 117 Panchayats in Karvir taluka: each is the MultiPolygon of its LGD-listed member villages as DataMeet drew them from the 2001 Census village map, joined to the 2011 codes through DataMeet's own crosswalk, simplified to about 20 m (source polygons kept where simplification moved the area by more than a percent). Member villages the source did not draw are named on the feature. Indicative, not survey grade.","conventions":{"license":"ODbL 1.0; DataMeet, indian_village_boundaries (github.com/datameet/indian_village_boundaries), ODbL 1.0. Derived polygons are share-alike under the same licence.","geometry":"MultiPolygon of member villages, never dissolved, so the source parts stay auditable","vintage":"the 2001 Census village map; boundaries changed since are not reflected"}},"type":"FeatureCollection","features":[{"type":"Feature","properties":{"lgdCode":"178742","name":"Amashi","blockCode":"4287","blockName":"Karvir","areaHectares":97.9196,"memberVillagesDrawn":["567477"],"memberVillagesNotDrawn":[]},"geometry":{"type":"MultiPolygon","coordinates":[[[[74.07916,16.63836],[74.07884,16.63834],[74.0784,16.63571],[74.07544,16.63354],[74.07101,16.63469],[74.06893,16.63637],[74.06517,16.63744],[74.06425,16.63857],[74.06429,16.6395],[74.06342,16.64108],[74.0638,16.64157],[74.0632,16.64254],[74.06451,16.64268],[74.06399,16.64329],[74.06526,16.64338],[74.06519,16.64399],[74.06552,16.64408],[74.06654,16.6426],[74.06717,16.64241],[74.06759,16.64327],[74.06708,16.64491],[74.06808,16.64597],[74.06908,16.64625],[74.06968,16.64523],[74.07001,16.64535],[74.0705,16.64124],[74.07051,16.6406],[74.07024,16.64054],[74.07033,16.64119],[74.06981,16.64237],[74.06951,16.64213],[74.06914,16.64035],[74.06861,16.63959],[74.06911,16.63959],[74.06935,16.63882],[74.06995,16.63922],[74.07043,16.63912],[74.07269,16.63785],[74.07295,16.63826],[74.07276,16.63908],[74.0731,16.63958],[74.07436,16.63894],[74.07654,16.63899],[74.07678,16.638],[74.07758,16.63809],[74.07756,16.63879],[74.07823,16.63916],[74.07821,16.64022],[74.07851,16.64048],[74.07917,16.63991],[74.08016,16.63972],[74.07912,16.63925],[74.07916,16.63836]]]]}},{"type":"Feature","properties":{"lgdCode":"178743","name":"Are","blockCode":"4287","blockName":"Karvir","areaHectares":160.3016,"memberVillagesDrawn":["567460"],"memberVillagesNotDrawn":[]},"geometry":{"type":"MultiPolygon","coordinates":[[[[74.13881,16.62893],[74.13571,16.62821],[74.1359,16.62611],[74.13621,16.62613],[74.1378,16.62321],[74.13706,16.62299],[74.13706,16.62241],[74.13792,16.62261],[74.13846,16.62153],[74.13892,16.61824],[74.13715,16.61814],[74.13712,16.61759],[74.13672,16.61782],[74.13547,16.6175],[74.13562,16.61617],[74.13465,16.61598],[74.13414,16.61619],[74.1341,16.61662],[74.13274,16.6166],[74.13209,16.61803],[74.13057,16.61788],[74.13026,16.61865],[74.1279,16.62029],[74.12658,16.62166],[74.1257,16.62458],[74.12587,16.62507],[74.12692,16.62496],[74.12777,16.62514],[74.12788,16.62546],[74.12763,16.62602],[74.12628,16.62619],[74.12594,16.62659],[74.12604,16.62715],[74.12743,16.62803],[74.12937,16.62844],[74.12953,16.63017],[74.13005,16.63053],[74.1312,16.6306],[74.13127,16.63088],[74.13229,16.6305],[74.1332,16.62921],[74.1336,16.62928],[74.13354,16.62983],[74.13411,16.62988],[74.13403,16.63027],[74.13492,16.63038],[74.13464,16.63206],[74.13796,16.63236],[74.13909,16.63166],[74.13917,16.63021],[74.1387,16.63001],[74.13881,16.62893]]]]}},{"type":"Feature","properties":{"lgdCode":"178744","name":"Adur","blockCode":"4287","blockName":"Karvir","areaHectares":289.9644,"memberVillagesDrawn":["567379"],"memberVillagesNotDrawn":[]},"geometry":{"type":"MultiPolygon","coordinates":[[[[74.11226,16.71602],[74.11109,16.71371],[74.11089,16.71033],[74.11032,16.70957],[74.10995,16.70818],[74.10941,16.70777],[74.1089,16.7055],[74.10816,16.7045],[74.10801,16.70211],[74.10629,16.70058],[74.10587,16.6994],[74.10528,16.69918],[74.10531,16.69799],[74.10484,16.69732],[74.10455,16.69743],[74.10436,16.69338],[74.10363,16.69344],[74.10356,16.69244],[74.10212,16.69219],[74.09937,16.69058],[74.09877,16.69086],[74.0962,16.69333],[74.09644,16.69794],[74.09692,16.70033],[74.09627,16.70245],[74.09594,16.70932],[74.09693,16.70922],[74.09768,16.70958],[74.09668,16.70986],[74.09567,16.71172],[74.09749,16.71275],[74.10053,16.71163],[74.10442,16.7132],[74.10599,16.71432],[74.10689,16.7158],[74.10747,16.71611],[74.1092,16.71581],[74.11226,16.71602]]]]}},{"type":"Feature","properties":{"lgdCode":"178745","name":"Ambewadi","blockCode":"4287","blockName":"Karvir","areaHectares":183.2686,"memberVillagesDrawn":["567408"],"memberVillagesNotDrawn":[]},"geometry":{"type":"MultiPolygon","coordinates":[[[[74.20038,16.72303],[74.20278,16.72025],[74.20452,16.72041],[74.20607,16.72012],[74.20764,16.71953],[74.20762,16.71901],[74.21019,16.71861],[74.21019,16.71841],[74.21215,16.71836],[74.21278,16.71908],[74.21294,16.7198],[74.21391,16.71984],[74.21415,16.72037],[74.21633,16.72013],[74.21651,16.7197],[74.21349,16.71938],[74.21316,16.71858],[74.21265,16.71111],[74.21407,16.71082],[74.21403,16.7101],[74.21524,16.70991],[74.21537,16.71067],[74.21663,16.71057],[74.21608,16.70907],[74.21629,16.70895],[74.21659,16.71014],[74.21918,16.70936],[74.21748,16.70677],[74.2175,16.7056],[74.21597,16.70433],[74.21406,16.70451],[74.21079,16.70545],[74.20277,16.71052],[74.2033,16.71196],[74.20294,16.714],[74.20302,16.71608],[74.20257,16.7168],[74.20167,16.72022],[74.20038,16.72303]]]]}},{"type":"Feature","properties":{"lgdCode":"178746","name":"Bachani","blockCode":"4287","blockName":"Karvir","areaHectares":489.5344,"memberVillagesDrawn":["567463"],"memberVillagesNotDrawn":[]},"geometry":{"type":"MultiPolygon","coordinates":[[[[74.12065,16.62352],[74.12411,16.62434],[74.12414,16.62545],[74.12387,16.62611],[74.12336,16.62635],[74.12397,16.62696],[74.12474,16.62681],[74.12546,16.62508],[74.12587,16.62507],[74.1257,16.62458],[74.12658,16.62166],[74.1279,16.62029],[74.13026,16.61865],[74.13057,16.61788],[74.13209,16.61803],[74.13333,16.61547],[74.136,16.61265],[74.13648,16.61096],[74.13601,16.61052],[74.13447,16.6068],[74.13409,16.60361],[74.13366,16.60269],[74.13146,16.602],[74.1298,16.60019],[74.12594,16.59719],[74.12298,16.59521],[74.12132,16.59464],[74.11982,16.59343],[74.11975,16.594],[74.12031,16.59426],[74.12024,16.59464],[74.11886,16.59432],[74.11871,16.59492],[74.11838,16.59493],[74.11757,16.59434],[74.11695,16.59449],[74.11694,16.59488],[74.11416,16.59571],[74.1143,16.5964],[74.11384,16.59742],[74.11364,16.5995],[74.11435,16.60041],[74.11545,16.59954],[74.11608,16.59954],[74.11726,16.601],[74.11727,16.60352],[74.11651,16.60438],[74.11652,16.60513],[74.11601,16.60588],[74.11445,16.606],[74.11406,16.6063],[74.11403,16.60688],[74.11541,16.60754],[74.11753,16.61151],[74.1189,16.61144],[74.11907,16.61189],[74.11853,16.6128],[74.11863,16.61336],[74.12017,16.61454],[74.12006,16.61533],[74.11862,16.6169],[74.11922,16.61857],[74.11824,16.61947],[74.11807,16.62018],[74.11949,16.62116],[74.1206,16.62073],[74.12149,16.62069],[74.12192,16.62099],[74.12175,16.62172],[74.12029,16.62184],[74.11982,16.62277],[74.12013,16.62343],[74.12065,16.62352]]]]}},{"type":"Feature","properties":{"lgdCode":"178747","name":"Bahireshwar","blockCode":"4287","blockName":"Karvir","areaHectares":385.3064,"memberVillagesDrawn":["567475"],"memberVillagesNotDrawn":[]},"geometry":{"type":"MultiPolygon","coordinates":[[[[74.1099,16.66558],[74.11086,16.66449],[74.11297,16.66328],[74.11867,16.66132],[74.12,16.66152],[74.12016,16.65907],[74.11986,16.65845],[74.11761,16.65721],[74.11749,16.65646],[74.11848,16.65479],[74.11914,16.65433],[74.11758,16.65069],[74.11691,16.65065],[74.11679,16.65023],[74.11519,16.65029],[74.10946,16.64855],[74.10558,16.64838],[74.10068,16.64865],[74.09819,16.64823],[74.09146,16.64654],[74.08981,16.6454],[74.08923,16.64455],[74.08885,16.64509],[74.08884,16.64611],[74.08959,16.64889],[74.09082,16.65114],[74.09303,16.65344],[74.09301,16.65402],[74.09617,16.65599],[74.0986,16.65853],[74.10009,16.65829],[74.10401,16.66024],[74.10708,16.66342],[74.1099,16.66558]]]]}},{"type":"Feature","properties":{"lgdCode":"178748","name":"Balinge","blockCode":"4287","blockName":"Karvir","areaHectares":144.2637,"memberVillagesDrawn":["567388"],"memberVillagesNotDrawn":[]},"geometry":{"type":"MultiPolygon","coordinates":[[[[74.19064,16.68645],[74.1902,16.68548],[74.1902,16.68254],[74.1893,16.68319],[74.18986,16.68489],[74.18953,16.68508],[74.18966,16.68626],[74.19022,16.68658],[74.19064,16.68645]]],[[[74.18799,16.6933],[74.18946,16.693],[74.19198,16.69406],[74.19211,16.69176],[74.19517,16.69206],[74.19588,16.69045],[74.1928,16.68972],[74.19163,16.68892],[74.19209,16.69038],[74.1913,16.69162],[74.18818,16.69205],[74.18759,16.69004],[74.18682,16.68948],[74.18704,16.68796],[74.18333,16.68664],[74.18354,16.6861],[74.18322,16.686],[74.18323,16.68542],[74.18467,16.68473],[74.18447,16.6841],[74.18278,16.68322],[74.18258,16.68365],[74.18176,16.6839],[74.18163,16.68444],[74.18207,16.68543],[74.18121,16.68555],[74.18091,16.68475],[74.17927,16.68535],[74.17909,16.68593],[74.18078,16.68589],[74.18074,16.6862],[74.17862,16.68621],[74.1786,16.68678],[74.17575,16.68672],[74.17571,16.68754],[74.17481,16.68799],[74.17199,16.68757],[74.16809,16.6875],[74.1659,16.68811],[74.16483,16.68808],[74.16439,16.68867],[74.16523,16.69127],[74.16746,16.69123],[74.16754,16.69181],[74.17154,16.69086],[74.17645,16.69076],[74.1798,16.69124],[74.18101,16.69257],[74.18258,16.69222],[74.18265,16.69161],[74.18489,16.69195],[74.18492,16.69243],[74.18799,16.6933]]]]}},{"type":"Feature","properties":{"lgdCode":"178749","name":"Beed","blockCode":"4287","blockName":"Karvir","areaHectares":531.359,"memberVillagesDrawn":["567454"],"memberVillagesNotDrawn":[]},"geometry":{"type":"MultiPolygon","coordinates":[[[[74.11914,16.65433],[74.12068,16.65361],[74.12343,16.65357],[74.12838,16.65547],[74.13223,16.65634],[74.1331,16.65628],[74.13772,16.65085],[74.13915,16.64561],[74.13638,16.64445],[74.13496,16.64454],[74.13401,16.64392],[74.13412,16.64255],[74.1338,16.64163],[74.12954,16.6412],[74.12847,16.63945],[74.12745,16.63864],[74.1273,16.63798],[74.12792,16.6367],[74.12772,16.63579],[74.12688,16.63465],[74.12513,16.6339],[74.12502,16.63358],[74.12208,16.63462],[74.11899,16.63627],[74.11637,16.63662],[74.11639,16.63757],[74.11545,16.6376],[74.11508,16.63912],[74.10799,16.63924],[74.10707,16.63969],[74.10708,16.64089],[74.10543,16.64061],[74.10469,16.64428],[74.10537,16.64583],[74.10558,16.64838],[74.10946,16.64855],[74.11519,16.65029],[74.11679,16.65023],[74.11691,16.65065],[74.11783,16.65096],[74.11914,16.65433]]]]}},{"type":"Feature","properties":{"lgdCode":"178750","name":"Bele","blockCode":"4287","blockName":"Karvir","areaHectares":534.5021,"memberVillagesDrawn":["567448"],"memberVillagesNotDrawn":[]},"geometry":{"type":"MultiPolygon","coordinates":[[[[74.1496,16.56802],[74.15135,16.56724],[74.15327,16.56684],[74.15314,16.56595],[74.15387,16.56431],[74.1531,16.56081],[74.15094,16.55826],[74.14723,16.55672],[74.1435,16.55403],[74.14208,16.55156],[74.1376,16.54843],[74.1366,16.54786],[74.13427,16.54756],[74.13192,16.54802],[74.12552,16.54794],[74.12183,16.54831],[74.12129,16.54867],[74.12134,16.5505],[74.12076,16.55159],[74.12515,16.55444],[74.12765,16.55797],[74.12809,16.5602],[74.12738,16.56377],[74.12927,16.56789],[74.13081,16.56785],[74.133,16.56851],[74.13677,16.56891],[74.1496,16.56802]]]]}},{"type":"Feature","properties":{"lgdCode":"178751","name":"Bhamate","blockCode":"4287","blockName":"Karvir","areaHectares":275.0507,"memberVillagesDrawn":["567377"],"memberVillagesNotDrawn":[]},"geometry":{"type":"MultiPolygon","coordinates":[[[[74.08944,16.71213],[74.08914,16.71092],[74.08972,16.70939],[74.08994,16.70464],[74.0895,16.7017],[74.09001,16.7016],[74.08981,16.70112],[74.09032,16.70089],[74.09043,16.70022],[74.0896,16.69963],[74.09028,16.69927],[74.09023,16.6989],[74.08948,16.69836],[74.08952,16.6981],[74.09083,16.69869],[74.09101,16.69703],[74.09007,16.6952],[74.09086,16.69356],[74.09077,16.69276],[74.09161,16.69203],[74.08984,16.69164],[74.08548,16.693],[74.08118,16.69069],[74.07596,16.69238],[74.07544,16.69305],[74.07577,16.69375],[74.07704,16.69466],[74.07735,16.69617],[74.07762,16.69663],[74.07837,16.69692],[74.07781,16.69738],[74.0779,16.69838],[74.08009,16.70561],[74.08014,16.70763],[74.08115,16.71133],[74.08229,16.71054],[74.08277,16.71077],[74.08371,16.71355],[74.08448,16.71311],[74.08504,16.71335],[74.08492,16.7145],[74.08687,16.71367],[74.08769,16.71223],[74.08876,16.71259],[74.08944,16.71213]]]]}},{"type":"Feature","properties":{"lgdCode":"178752","name":"Bhatanwadi","blockCode":"4287","blockName":"Karvir","areaHectares":174.1847,"memberVillagesDrawn":["567467"],"memberVillagesNotDrawn":[]},"geometry":{"type":"MultiPolygon","coordinates":[[[[74.10506,16.59375],[74.10576,16.5938],[74.10618,16.59348],[74.10618,16.5919],[74.10652,16.59141],[74.10708,16.5915],[74.10754,16.59205],[74.11111,16.59417],[74.11183,16.59525],[74.1139,16.59555],[74.11719,16.5902],[74.11176,16.58726],[74.10889,16.58528],[74.10605,16.58451],[74.10368,16.5848],[74.09981,16.5834],[74.09601,16.58657],[74.09606,16.58805],[74.09391,16.58972],[74.0942,16.59169],[74.09475,16.5921],[74.09486,16.59282],[74.09571,16.59315],[74.09698,16.59182],[74.09748,16.59068],[74.09836,16.59026],[74.10074,16.59087],[74.103,16.59089],[74.10377,16.59135],[74.10427,16.593],[74.10506,16.59375]]]]}},{"type":"Feature","properties":{"lgdCode":"178753","name":"Bhuye","blockCode":"4287","blockName":"Karvir","areaHectares":508.0147,"memberVillagesDrawn":["567404"],"memberVillagesNotDrawn":[]},"geometry":{"type":"MultiPolygon","coordinates":[[[[74.22575,16.78733],[74.22689,16.78228],[74.22626,16.77951],[74.22622,16.7777],[74.22706,16.77714],[74.22782,16.77757],[74.22869,16.77701],[74.22935,16.77601],[74.23157,16.77522],[74.23269,16.77427],[74.23314,16.77472],[74.23436,16.77485],[74.23593,16.77255],[74.23717,16.77197],[74.23721,16.77069],[74.23896,16.77085],[74.24197,16.77173],[74.24319,16.76193],[74.23931,16.76123],[74.23843,16.75943],[74.23775,16.75656],[74.23839,16.75498],[74.23784,16.7536],[74.23691,16.75291],[74.23524,16.7535],[74.23525,16.754],[74.23437,16.75489],[74.23288,16.7553],[74.23232,16.75493],[74.23161,16.7551],[74.23032,16.75598],[74.22836,16.75546],[74.2267,16.75587],[74.22616,16.75569],[74.22557,16.75626],[74.22477,16.75651],[74.22393,16.7563],[74.22137,16.75761],[74.22162,16.75917],[74.22479,16.75971],[74.22498,16.76273],[74.22399,16.76789],[74.22375,16.77163],[74.22151,16.7713],[74.22233,16.77199],[74.22223,16.77251],[74.2217,16.7726],[74.22179,16.77313],[74.22105,16.77321],[74.22123,16.77501],[74.22252,16.77449],[74.22164,16.77744],[74.21971,16.77761],[74.21959,16.7783],[74.21908,16.77875],[74.21907,16.7791],[74.21968,16.77912],[74.22022,16.77876],[74.22005,16.78076],[74.21845,16.78072],[74.21886,16.78312],[74.21643,16.78268],[74.2143,16.78519],[74.21486,16.78666],[74.21714,16.78856],[74.21483,16.78871],[74.21632,16.7905],[74.21872,16.78916],[74.21735,16.78694],[74.21844,16.78637],[74.22158,16.7867],[74.22311,16.785],[74.22399,16.78495],[74.22464,16.7852],[74.22575,16.78733]]]]}},{"type":"Feature","properties":{"lgdCode":"178754","name":"Bhuyewadi","blockCode":"4287","blockName":"Karvir","areaHectares":381.9937,"memberVillagesDrawn":["567399"],"memberVillagesNotDrawn":[]},"geometry":{"type":"MultiPolygon","coordinates":[[[[74.21483,16.78871],[74.21714,16.78856],[74.21486,16.78666],[74.2143,16.78519],[74.21643,16.78268],[74.21886,16.78312],[74.21845,16.78072],[74.22005,16.78076],[74.22022,16.77876],[74.21907,16.7791],[74.21959,16.7783],[74.21952,16.77785],[74.21971,16.77761],[74.22164,16.77744],[74.22252,16.77449],[74.22123,16.77501],[74.22105,16.77321],[74.22179,16.77313],[74.2217,16.7726],[74.22223,16.77251],[74.22233,16.77199],[74.22151,16.7713],[74.22375,16.77163],[74.22399,16.76789],[74.22498,16.76273],[74.22479,16.75971],[74.22162,16.75917],[74.22137,16.75761],[74.21786,16.75837],[74.21464,16.7596],[74.21255,16.76135],[74.21252,16.76168],[74.21137,16.76197],[74.21007,16.76645],[74.20966,16.77211],[74.20806,16.77478],[74.20809,16.77994],[74.20945,16.78204],[74.21483,16.78871]]]]}},{"type":"Feature","properties":{"lgdCode":"178755","name":"Bololi","blockCode":"4287","blockName":"Karvir","areaHectares":753.1117,"memberVillagesDrawn":["567482"],"memberVillagesNotDrawn":[]},"geometry":{"type":"MultiPolygon","coordinates":[[[[74.05279,16.64343],[74.05309,16.64423],[74.05408,16.64461],[74.05538,16.6443],[74.05592,16.6451],[74.05649,16.64509],[74.0567,16.64473],[74.0572,16.64527],[74.0591,16.64339],[74.05962,16.64322],[74.05879,16.64185],[74.05925,16.6409],[74.05888,16.64002],[74.0593,16.6396],[74.05874,16.63924],[74.06037,16.63841],[74.06054,16.63798],[74.06025,16.6369],[74.05984,16.63684],[74.05974,16.63784],[74.05928,16.63843],[74.05797,16.63784],[74.05786,16.63747],[74.05868,16.63726],[74.05845,16.63603],[74.05931,16.63516],[74.05943,16.63423],[74.05872,16.63334],[74.05913,16.63277],[74.05935,16.63274],[74.05978,16.63386],[74.06109,16.63311],[74.06081,16.63267],[74.06116,16.6322],[74.06027,16.63191],[74.06051,16.62845],[74.06006,16.6273],[74.06029,16.62673],[74.06122,16.62701],[74.06177,16.62657],[74.06276,16.6254],[74.06285,16.62468],[74.06444,16.62341],[74.06542,16.62075],[74.0521,16.61542],[74.04821,16.61448],[74.04204,16.61422],[74.02755,16.60914],[74.02566,16.60932],[74.02387,16.61049],[74.02193,16.61264],[74.02562,16.61034],[74.02848,16.61034],[74.02733,16.61304],[74.02735,16.6137],[74.0297,16.61717],[74.02939,16.6187],[74.03001,16.61919],[74.03026,16.61987],[74.03082,16.61998],[74.0293,16.62217],[74.02949,16.62232],[74.03037,16.62121],[74.0317,16.62112],[74.03081,16.62393],[74.03178,16.62207],[74.03369,16.62345],[74.03343,16.62424],[74.03412,16.62479],[74.03879,16.62651],[74.03903,16.62758],[74.04012,16.62781],[74.04016,16.6285],[74.04098,16.62872],[74.0412,16.62939],[74.04087,16.63049],[74.04182,16.63103],[74.0417,16.63138],[74.04104,16.6315],[74.04248,16.63307],[74.04254,16.63419],[74.04481,16.63461],[74.04509,16.63535],[74.04585,16.63599],[74.04621,16.63605],[74.04627,16.63558],[74.04757,16.63514],[74.0488,16.63538],[74.05032,16.6374],[74.04985,16.64113],[74.0505,16.64165],[74.051,16.64119],[74.0518,16.64121],[74.05284,16.64282],[74.05279,16.64343]]]]}},{"type":"Feature","properties":{"lgdCode":"178756","name":"Chafodi","blockCode":"4287","blockName":"Karvir","areaHectares":222.775,"memberVillagesDrawn":["567491"],"memberVillagesNotDrawn":[]},"geometry":{"type":"MultiPolygon","coordinates":[[[[74.0684,16.62197],[74.07044,16.61702],[74.07079,16.61378],[74.07288,16.6091],[74.07339,16.60608],[74.07449,16.60494],[74.0748,16.60414],[74.07536,16.60395],[74.07543,16.60079],[74.07609,16.59924],[74.076,16.59858],[74.07668,16.59854],[74.07773,16.59785],[74.07831,16.5968],[74.07821,16.59508],[74.07899,16.59504],[74.07922,16.59378],[74.08002,16.59366],[74.0795,16.59298],[74.07838,16.59318],[74.0767,16.59252],[74.07597,16.59166],[74.07534,16.59217],[74.07307,16.59273],[74.07216,16.59243],[74.0719,16.59193],[74.07046,16.59161],[74.06906,16.59171],[74.06933,16.59375],[74.06892,16.59557],[74.06925,16.59581],[74.06819,16.59702],[74.06789,16.59953],[74.06826,16.5999],[74.06772,16.60105],[74.06796,16.60154],[74.06746,16.60195],[74.06798,16.60258],[74.06767,16.60309],[74.06769,16.60515],[74.06806,16.60781],[74.06718,16.6089],[74.06725,16.61343],[74.06652,16.61526],[74.06568,16.61583],[74.06551,16.61699],[74.06399,16.62022],[74.0684,16.62197]]]]}},{"type":"Feature","properties":{"lgdCode":"178757","name":"Chikhali","blockCode":"4287","blockName":"Karvir","areaHectares":5066.83,"memberVillagesDrawn":["567407"],"memberVillagesNotDrawn":[]},"geometry":{"type":"MultiPolygon","coordinates":[[[[74.18066,16.7364],[74.18158,16.7373],[74.18298,16.7375],[74.18339,16.737],[74.18356,16.73723],[74.18443,16.73698],[74.18458,16.73719],[74.1856,16.7367],[74.18666,16.73949],[74.1889,16.73707],[74.19377,16.73098],[74.19732,16.7272],[74.20038,16.72303],[74.20167,16.72022],[74.20257,16.7168],[74.20302,16.71608],[74.20294,16.714],[74.2033,16.71196],[74.20277,16.71052],[74.19054,16.71554],[74.18948,16.71683],[74.18239,16.71712],[74.18076,16.71781],[74.17996,16.71869],[74.17924,16.72135],[74.17831,16.72858],[74.179,16.73026],[74.17911,16.73143],[74.17884,16.73453],[74.18112,16.73522],[74.18066,16.7364]]],[[[74.22355,16.72108],[74.22397,16.72141],[74.22918,16.7199],[74.22947,16.72191],[74.23003,16.72331],[74.23399,16.72192],[74.2345,16.72115],[74.23505,16.72109],[74.23589,16.72189],[74.2376,16.72005],[74.23854,16.72063],[74.24405,16.71825],[74.24598,16.72047],[74.2461,16.72272],[74.24662,16.72375],[74.2482,16.72468],[74.25011,16.72771],[74.25075,16.72556],[74.25125,16.72486],[74.2501,16.71971],[74.24931,16.71885],[74.24929,16.71658],[74.25,16.71605],[74.25147,16.71517],[74.25772,16.71584],[74.26053,16.71583],[74.26781,16.71492],[74.27106,16.71502],[74.27018,16.71206],[74.26883,16.71006],[74.2674,16.70667],[74.26729,16.70514],[74.26567,16.70576],[74.26599,16.70774],[74.26585,16.70916],[74.26667,16.70937],[74.26637,16.7122],[74.26546,16.71167],[74.26346,16.71151],[74.26368,16.71003],[74.26332,16.70908],[74.2627,16.70855],[74.26317,16.7082],[74.2632,16.70682],[74.26235,16.70517],[74.26245,16.70322],[74.26121,16.70191],[74.26141,16.70134],[74.25648,16.70098],[74.25633,16.7012],[74.25344,16.70073],[74.2546,16.69867],[74.25891,16.6983],[74.25896,16.69914],[74.25997,16.69966],[74.26523,16.70044],[74.26526,16.70023],[74.26141,16.69965],[74.26111,16.69611],[74.26029,16.69349],[74.26097,16.6935],[74.26165,16.69392],[74.2626,16.69499],[74.26318,16.69288],[74.26368,16.69233],[74.26299,16.69047],[74.26531,16.69158],[74.26823,16.6915],[74.26782,16.68719],[74.26807,16.68387],[74.26768,16.6826],[74.26799,16.68167],[74.26907,16.68134],[74.26809,16.67856],[74.26743,16.67864],[74.26757,16.67817],[74.26544,16.67791],[74.26547,16.67749],[74.26482,16.67729],[74.26458,16.67754],[74.26364,16.67697],[74.26352,16.67531],[74.26319,16.67529],[74.2628,16.67601],[74.25789,16.67602],[74.258,16.67452],[74.2576,16.67375],[74.25759,16.67277],[74.25661,16.67096],[74.25603,16.67121],[74.25497,16.66746],[74.25356,16.66741],[74.25371,16.66571],[74.24995,16.66561],[74.24125,16.66237],[74.23539,16.66177],[74.2331,16.6618],[74.23294,16.66266],[74.2314,16.66366],[74.22756,16.66373],[74.2258,16.66409],[74.22564,16.6637],[74.2248,16.66337],[74.22331,16.66333],[74.22329,16.66266],[74.21973,16.66299],[74.21763,16.66236],[74.21752,16.66089],[74.21604,16.66043],[74.21491,16.65943],[74.21452,16.65949],[74.21388,16.65857],[74.21343,16.65863],[74.21337,16.66106],[74.2127,16.66335],[74.21496,16.66759],[74.21031,16.66429],[74.20937,16.66306],[74.20919,16.66186],[74.20876,16.66168],[74.20879,16.65936],[74.20413,16.65879],[74.19746,16.65957],[74.19688,16.65649],[74.19604,16.65664],[74.19733,16.66128],[74.19767,16.66418],[74.19708,16.66416],[74.19682,16.66346],[74.19594,16.66353],[74.19575,16.66381],[74.19719,16.66553],[74.19693,16.66574],[74.19708,16.66621],[74.19672,16.66621],[74.19639,16.66673],[74.19744,16.66674],[74.19797,16.66778],[74.19223,16.66632],[74.19253,16.67265],[74.19174,16.66975],[74.19201,16.66905],[74.18639,16.66927],[74.18723,16.67096],[74.18635,16.67206],[74.18553,16.6721],[74.18465,16.67267],[74.18438,16.6736],[74.18339,16.67314],[74.18268,16.67577],[74.18279,16.67652],[74.18321,16.67651],[74.1835,16.67829],[74.18336,16.6793],[74.18485,16.67974],[74.18479,16.68009],[74.1854,16.68018],[74.18533,16.68068],[74.18737,16.68096],[74.18708,16.68186],[74.18759,16.68263],[74.18864,16.68266],[74.18852,16.68341],[74.1902,16.68254],[74.1902,16.68548],[74.1909,16.68681],[74.19144,16.68894],[74.1928,16.68972],[74.19588,16.69045],[74.19517,16.69206],[74.19211,16.69176],[74.19198,16.69406],[74.18946,16.693],[74.18799,16.6933],[74.18721,16.69726],[74.18602,16.69951],[74.18639,16.70331],[74.18719,16.70386],[74.18961,16.7071],[74.19235,16.70947],[74.19288,16.71021],[74.19414,16.71407],[74.20277,16.71052],[74.21079,16.70545],[74.21406,16.70451],[74.21597,16.70433],[74.2175,16.7056],[74.21748,16.70677],[74.21918,16.70936],[74.21934,16.71101],[74.22123,16.71494],[74.22355,16.72108]]]]}},{"type":"Feature","properties":{"lgdCode":"178758","name":"Chinchawade Tarf Kale","blockCode":"4287","blockName":"Karvir","areaHectares":293.0853,"memberVillagesDrawn":["567376"],"memberVillagesNotDrawn":[]},"geometry":{"type":"MultiPolygon","coordinates":[[[[74.08115,16.71133],[74.08014,16.70763],[74.08009,16.70561],[74.0779,16.69838],[74.07781,16.69738],[74.07837,16.69692],[74.07762,16.69663],[74.07704,16.69466],[74.07638,16.69441],[74.07544,16.69305],[74.07374,16.69489],[74.07254,16.6949],[74.06996,16.69344],[74.07035,16.69405],[74.06813,16.69479],[74.06607,16.69654],[74.06412,16.69724],[74.06363,16.69809],[74.06328,16.7],[74.06522,16.70275],[74.06499,16.70401],[74.06255,16.70579],[74.06396,16.7065],[74.06561,16.70643],[74.0689,16.70691],[74.0732,16.70683],[74.07304,16.70763],[74.0742,16.71079],[74.07506,16.72042],[74.07868,16.71782],[74.07645,16.71664],[74.07685,16.71561],[74.07874,16.71557],[74.08043,16.716],[74.0811,16.71518],[74.08211,16.71613],[74.08261,16.71588],[74.08271,16.71477],[74.08149,16.71338],[74.08095,16.71193],[74.08115,16.71133]]]]}},{"type":"Feature","properties":{"lgdCode":"178759","name":"Chinchawad","blockCode":"4287","blockName":"Karvir","areaHectares":504.9458,"memberVillagesDrawn":["567410"],"memberVillagesNotDrawn":[]},"geometry":{"type":"MultiPolygon","coordinates":[[[[74.33657,16.70125],[74.33551,16.70189],[74.33501,16.70159],[74.33511,16.70085],[74.33394,16.69914],[74.33401,16.69853],[74.33255,16.6986],[74.33247,16.69894],[74.33313,16.69896],[74.33353,16.69919],[74.33341,16.69947],[74.3328,16.69952],[74.33209,16.70032],[74.33135,16.70038],[74.33097,16.7],[74.33183,16.69997],[74.33199,16.69916],[74.33146,16.69907],[74.33022,16.69759],[74.32922,16.69717],[74.33001,16.69613],[74.32942,16.69611],[74.3292,16.69645],[74.32838,16.69575],[74.32816,16.69509],[74.3275,16.69513],[74.3278,16.69362],[74.32737,16.69341],[74.32663,16.69428],[74.32452,16.6939],[74.32214,16.6943],[74.31975,16.69934],[74.31868,16.70269],[74.3189,16.70281],[74.31877,16.70614],[74.31745,16.70597],[74.31723,16.70693],[74.3181,16.71137],[74.32049,16.71578],[74.32059,16.71905],[74.3223,16.71897],[74.32432,16.71955],[74.3312,16.72187],[74.33205,16.72243],[74.33515,16.71938],[74.33713,16.71631],[74.3389,16.71266],[74.33911,16.71091],[74.33847,16.7073],[74.33636,16.70434],[74.33657,16.70125]]]]}},{"type":"Feature","properties":{"lgdCode":"178760","name":"Chuye","blockCode":"4287","blockName":"Karvir","areaHectares":446.2497,"memberVillagesDrawn":["567434"],"memberVillagesNotDrawn":[]},"geometry":{"type":"MultiPolygon","coordinates":[[[[74.16269,16.54171],[74.16944,16.54362],[74.17061,16.54143],[74.1712,16.54141],[74.17139,16.54081],[74.17486,16.53969],[74.17571,16.53989],[74.17614,16.53958],[74.17626,16.53995],[74.17728,16.53926],[74.17768,16.53937],[74.17772,16.53848],[74.1788,16.53743],[74.17869,16.53678],[74.17897,16.53655],[74.17832,16.5357],[74.17837,16.53499],[74.1796,16.53416],[74.18029,16.53265],[74.18115,16.53244],[74.18109,16.53186],[74.18066,16.53162],[74.18091,16.53048],[74.18244,16.5291],[74.18307,16.52931],[74.18371,16.53016],[74.18379,16.52944],[74.18423,16.52897],[74.18388,16.52857],[74.18551,16.52773],[74.18321,16.52645],[74.1784,16.52609],[74.17583,16.52483],[74.17324,16.52496],[74.17001,16.52362],[74.16925,16.52262],[74.16812,16.51992],[74.16749,16.51924],[74.16687,16.51932],[74.16632,16.51978],[74.16686,16.52006],[74.16703,16.52054],[74.16641,16.52103],[74.16693,16.52172],[74.16679,16.52206],[74.16416,16.52246],[74.1646,16.52335],[74.16424,16.52356],[74.1641,16.52422],[74.16372,16.52422],[74.16418,16.525],[74.16387,16.52523],[74.16274,16.52495],[74.16166,16.52519],[74.16016,16.52645],[74.15723,16.52694],[74.1549,16.52817],[74.15513,16.52857],[74.15762,16.52983],[74.15786,16.53342],[74.15863,16.53736],[74.16269,16.54171]]]]}},{"type":"Feature","properties":{"lgdCode":"178761","name":"Daryache Vadgaon","blockCode":"4287","blockName":"Karvir","areaHectares":217.1797,"memberVillagesDrawn":["567425"],"memberVillagesNotDrawn":["000000"]},"geometry":{"type":"MultiPolygon","coordinates":[[[[74.20983,16.6046],[74.21265,16.60494],[74.21523,16.60442],[74.21812,16.6045],[74.21952,16.60417],[74.2208,16.60519],[74.22075,16.60383],[74.22174,16.60272],[74.22353,16.60304],[74.22487,16.60083],[74.2256,16.59373],[74.22503,16.59149],[74.22432,16.5913],[74.22394,16.59013],[74.22283,16.58964],[74.21893,16.59057],[74.21607,16.58996],[74.21518,16.59167],[74.21337,16.59321],[74.21275,16.59335],[74.2101,16.60103],[74.20963,16.60383],[74.20961,16.60461],[74.20983,16.6046]]]]}},{"type":"Feature","properties":{"lgdCode":"178762","name":"Dewale","blockCode":"4287","blockName":"Karvir","areaHectares":367.5258,"memberVillagesDrawn":["567443"],"memberVillagesNotDrawn":[]},"geometry":{"type":"MultiPolygon","coordinates":[[[[74.15154,16.60749],[74.15322,16.60861],[74.15437,16.60888],[74.15463,16.60947],[74.15647,16.60993],[74.15882,16.60839],[74.16002,16.60821],[74.16056,16.6077],[74.16126,16.6082],[74.1622,16.60801],[74.16375,16.60871],[74.16469,16.60868],[74.16528,16.60817],[74.16778,16.60809],[74.1685,16.60768],[74.16886,16.60654],[74.17021,16.60551],[74.1706,16.60453],[74.17184,16.60316],[74.17316,16.6029],[74.17376,16.60179],[74.17497,16.60166],[74.17598,16.60005],[74.17731,16.59918],[74.17728,16.59884],[74.17792,16.59854],[74.17999,16.59629],[74.18011,16.59514],[74.18062,16.59503],[74.18054,16.59431],[74.18189,16.59352],[74.1826,16.59251],[74.18248,16.59177],[74.18345,16.59164],[74.18365,16.59132],[74.18316,16.59089],[74.18334,16.58958],[74.17846,16.58855],[74.1784,16.59006],[74.17703,16.59059],[74.17558,16.59054],[74.17449,16.59109],[74.17347,16.59118],[74.1743,16.59372],[74.17305,16.59424],[74.17226,16.59396],[74.16866,16.59563],[74.16818,16.59566],[74.168,16.595],[74.16736,16.59502],[74.16641,16.59562],[74.16609,16.5954],[74.15997,16.59652],[74.1578,16.59752],[74.15785,16.59788],[74.1539,16.59861],[74.15354,16.59895],[74.15342,16.5984],[74.15295,16.59849],[74.1532,16.59904],[74.15252,16.59912],[74.15252,16.60113],[74.15185,16.60395],[74.15367,16.60717],[74.15352,16.60795],[74.1523,16.60736],[74.15154,16.60749]]]]}},{"type":"Feature","properties":{"lgdCode":"178763","name":"Dhondewadi","blockCode":"4287","blockName":"Karvir","areaHectares":259.277,"memberVillagesDrawn":["567456"],"memberVillagesNotDrawn":[]},"geometry":{"type":"MultiPolygon","coordinates":[[[[74.08885,16.64509],[74.08923,16.64455],[74.08981,16.6454],[74.09146,16.64654],[74.09526,16.64744],[74.09509,16.64702],[74.09556,16.64628],[74.09515,16.6462],[74.09512,16.64581],[74.0965,16.64585],[74.09641,16.64533],[74.09532,16.64462],[74.09543,16.64391],[74.09402,16.64071],[74.09631,16.63826],[74.09525,16.63452],[74.0957,16.63348],[74.09635,16.63316],[74.09622,16.63288],[74.09286,16.63317],[74.08838,16.63785],[74.08649,16.63867],[74.08533,16.63842],[74.0832,16.63655],[74.08407,16.63613],[74.08387,16.63402],[74.085,16.63341],[74.08526,16.63237],[74.08507,16.632],[74.08443,16.63235],[74.08329,16.62974],[74.08277,16.62918],[74.08145,16.62826],[74.08033,16.62884],[74.0794,16.62786],[74.07963,16.62657],[74.07953,16.62058],[74.07759,16.62288],[74.07739,16.62244],[74.0759,16.62254],[74.07506,16.62181],[74.07441,16.62196],[74.07302,16.62066],[74.07238,16.6211],[74.07095,16.62304],[74.07267,16.62638],[74.07544,16.63354],[74.0784,16.63571],[74.07884,16.63834],[74.07916,16.63836],[74.08001,16.63712],[74.0804,16.63771],[74.07987,16.63847],[74.08023,16.63916],[74.08138,16.63829],[74.083,16.63977],[74.08394,16.64015],[74.08903,16.64098],[74.08913,16.64216],[74.08866,16.64259],[74.08885,16.64509]]]]}},{"type":"Feature","properties":{"lgdCode":"178764","name":"Dindanerli","blockCode":"4287","blockName":"Karvir","areaHectares":1212.1463,"memberVillagesDrawn":["567428"],"memberVillagesNotDrawn":[]},"geometry":{"type":"MultiPolygon","coordinates":[[[[74.18495,16.59283],[74.18824,16.59193],[74.1882,16.5907],[74.1889,16.58948],[74.1929,16.59052],[74.19409,16.59019],[74.19402,16.58914],[74.19234,16.58861],[74.19162,16.58775],[74.19371,16.58609],[74.19484,16.58589],[74.19684,16.5865],[74.19739,16.58569],[74.19855,16.58564],[74.19852,16.58628],[74.19924,16.58623],[74.19945,16.58667],[74.20034,16.58654],[74.20164,16.58487],[74.20178,16.58547],[74.2011,16.58731],[74.20168,16.58736],[74.20118,16.58897],[74.2021,16.59278],[74.20085,16.59289],[74.20009,16.59246],[74.20008,16.5935],[74.19896,16.59519],[74.20054,16.59698],[74.20031,16.59754],[74.19949,16.59773],[74.20001,16.59987],[74.20104,16.60211],[74.20104,16.60334],[74.20032,16.60357],[74.20073,16.60454],[74.20035,16.60642],[74.20116,16.6067],[74.20095,16.60751],[74.20155,16.60846],[74.20296,16.60853],[74.20313,16.60809],[74.20281,16.60763],[74.20316,16.60675],[74.20438,16.60539],[74.20548,16.60553],[74.20961,16.60461],[74.2101,16.60103],[74.21243,16.59386],[74.21573,16.59104],[74.21635,16.58828],[74.21855,16.58601],[74.21878,16.58531],[74.21861,16.58447],[74.21995,16.57594],[74.21828,16.56662],[74.21406,16.56592],[74.21298,16.56541],[74.21175,16.56545],[74.20906,16.56338],[74.20571,16.56223],[74.20147,16.56141],[74.1986,16.56037],[74.19761,16.55967],[74.19434,16.55919],[74.19343,16.56189],[74.19267,16.56231],[74.18923,16.56964],[74.18697,16.57297],[74.18602,16.57371],[74.18501,16.57562],[74.18488,16.57768],[74.1854,16.58391],[74.18403,16.58833],[74.18345,16.59164],[74.18433,16.59193],[74.18495,16.59283]]]]}},{"type":"Feature","properties":{"lgdCode":"178765","name":"Donawade","blockCode":"4287","blockName":"Karvir","areaHectares":327.2948,"memberVillagesDrawn":["567390"],"memberVillagesNotDrawn":[]},"geometry":{"type":"MultiPolygon","coordinates":[[[[74.14442,16.69418],[74.15104,16.69509],[74.15535,16.69521],[74.15895,16.69495],[74.16618,16.69371],[74.16263,16.68393],[74.15942,16.67911],[74.15442,16.67536],[74.15364,16.67437],[74.15271,16.67682],[74.14792,16.68286],[74.14663,16.68784],[74.1452,16.69052],[74.14442,16.69418]]]]}},{"type":"Feature","properties":{"lgdCode":"178766","name":"Gadegondwadi","blockCode":"4287","blockName":"Karvir","areaHectares":208.9779,"memberVillagesDrawn":["567461"],"memberVillagesNotDrawn":[]},"geometry":{"type":"MultiPolygon","coordinates":[[[[74.14318,16.63183],[74.14625,16.63155],[74.14798,16.62759],[74.14967,16.62499],[74.1517,16.62537],[74.15199,16.62509],[74.15273,16.62035],[74.14425,16.6199],[74.14379,16.61862],[74.14325,16.61873],[74.14239,16.61762],[74.13834,16.61146],[74.13648,16.61096],[74.136,16.61265],[74.13333,16.61547],[74.13274,16.6166],[74.1341,16.61662],[74.13414,16.61619],[74.13465,16.61598],[74.13562,16.61617],[74.13547,16.6175],[74.13672,16.61782],[74.13712,16.61759],[74.13715,16.61814],[74.13892,16.61824],[74.13846,16.62153],[74.13792,16.62261],[74.13706,16.62241],[74.13706,16.62299],[74.1378,16.62321],[74.13621,16.62613],[74.1359,16.62611],[74.13571,16.62821],[74.14053,16.62912],[74.14397,16.62899],[74.14318,16.63183]]]]}},{"type":"Feature","properties":{"lgdCode":"178767","name":"Gandhinagar","blockCode":"4287","blockName":"Karvir","areaHectares":406.4245,"memberVillagesDrawn":["567409"],"memberVillagesNotDrawn":[]},"geometry":{"type":"MultiPolygon","coordinates":[[[[74.32799,16.72525],[74.32935,16.72485],[74.32991,16.72391],[74.33205,16.72243],[74.3312,16.72187],[74.32432,16.71955],[74.3223,16.71897],[74.32059,16.71905],[74.32049,16.71578],[74.3181,16.71137],[74.31723,16.70693],[74.31745,16.70597],[74.31367,16.70498],[74.30865,16.70514],[74.30888,16.70563],[74.30884,16.70877],[74.30847,16.71093],[74.30561,16.71533],[74.30294,16.71785],[74.30391,16.71844],[74.3049,16.71988],[74.30513,16.72081],[74.30593,16.72105],[74.30949,16.72421],[74.31169,16.72566],[74.31629,16.72865],[74.31766,16.72901],[74.31924,16.73005],[74.32088,16.73013],[74.3229,16.72853],[74.32478,16.7278],[74.32799,16.72525]]]]}},{"type":"Feature","properties":{"lgdCode":"178768","name":"Ganeshwadi","blockCode":"4287","blockName":"Karvir","areaHectares":287.2105,"memberVillagesDrawn":["567455"],"memberVillagesNotDrawn":[]},"geometry":{"type":"MultiPolygon","coordinates":[[[[74.09526,16.64744],[74.10068,16.64865],[74.10558,16.64838],[74.10537,16.64583],[74.10469,16.64428],[74.10543,16.64061],[74.10708,16.64089],[74.10707,16.63969],[74.10799,16.63924],[74.11293,16.63908],[74.11327,16.6372],[74.11386,16.63538],[74.11416,16.63521],[74.11365,16.63406],[74.11387,16.63285],[74.11325,16.63277],[74.1132,16.63239],[74.11241,16.63243],[74.11176,16.63172],[74.10873,16.63139],[74.10852,16.63069],[74.10766,16.63024],[74.10601,16.62989],[74.10536,16.63023],[74.10346,16.62922],[74.10118,16.62958],[74.0992,16.63085],[74.09809,16.63113],[74.0976,16.63082],[74.09764,16.6318],[74.09712,16.63209],[74.09686,16.63303],[74.09645,16.63271],[74.09635,16.63316],[74.09526,16.63403],[74.09631,16.63826],[74.09402,16.64071],[74.09543,16.64391],[74.09532,16.64462],[74.09641,16.64533],[74.0965,16.64585],[74.09512,16.64581],[74.09515,16.6462],[74.09556,16.64628],[74.09509,16.64702],[74.09526,16.64744]]]]}},{"type":"Feature","properties":{"lgdCode":"178769","name":"Garjan","blockCode":"4287","blockName":"Karvir","areaHectares":196.884,"memberVillagesDrawn":["567489"],"memberVillagesNotDrawn":[]},"geometry":{"type":"MultiPolygon","coordinates":[[[[74.05646,16.60246],[74.059,16.60242],[74.05956,16.60288],[74.0587,16.60452],[74.05899,16.6062],[74.05836,16.60797],[74.06005,16.60817],[74.06053,16.6086],[74.06278,16.60832],[74.06381,16.6091],[74.06357,16.60989],[74.06383,16.61275],[74.06519,16.61372],[74.06697,16.61441],[74.06725,16.61343],[74.06718,16.6089],[74.06806,16.60781],[74.06769,16.60515],[74.06767,16.60309],[74.06798,16.60258],[74.06746,16.60195],[74.06796,16.60154],[74.06772,16.60105],[74.06826,16.5999],[74.06789,16.59953],[74.06819,16.59702],[74.06925,16.59581],[74.06892,16.59557],[74.06933,16.59375],[74.06906,16.59171],[74.06838,16.59324],[74.06793,16.59358],[74.06508,16.59183],[74.06367,16.59229],[74.06299,16.59145],[74.06237,16.592],[74.06245,16.59246],[74.06195,16.59329],[74.06139,16.59363],[74.06158,16.59381],[74.06116,16.59461],[74.06016,16.59489],[74.05929,16.59561],[74.05992,16.59662],[74.05974,16.59727],[74.05753,16.59953],[74.05648,16.60152],[74.05646,16.60246]]]]}},{"type":"Feature","properties":{"lgdCode":"178770","name":"Ghanawade","blockCode":"4287","blockName":"Karvir","areaHectares":254.3919,"memberVillagesDrawn":["567496"],"memberVillagesNotDrawn":[]},"geometry":{"type":"MultiPolygon","coordinates":[[[[74.01907,16.57882],[74.02067,16.57828],[74.02272,16.57695],[74.02422,16.57777],[74.02488,16.57754],[74.02522,16.57789],[74.02709,16.57692],[74.02799,16.57677],[74.02857,16.57633],[74.02934,16.57486],[74.03021,16.5747],[74.03107,16.57395],[74.03214,16.57394],[74.03262,16.57448],[74.03332,16.57413],[74.03355,16.57322],[74.034,16.57317],[74.03424,16.57236],[74.03597,16.57185],[74.03622,16.57137],[74.03603,16.57069],[74.03739,16.57007],[74.03777,16.56928],[74.03795,16.56954],[74.03768,16.56993],[74.03799,16.57022],[74.03846,16.5698],[74.03993,16.56942],[74.03997,16.56904],[74.04123,16.56962],[74.04134,16.57034],[74.04214,16.57024],[74.04207,16.5699],[74.04241,16.56975],[74.04424,16.57052],[74.0444,16.56961],[74.04241,16.56796],[74.04041,16.56718],[74.04039,16.56514],[74.03832,16.56461],[74.03815,16.56428],[74.03861,16.56258],[74.03711,16.56174],[74.03688,16.56118],[74.03726,16.56046],[74.03655,16.5593],[74.03586,16.55956],[74.03601,16.55989],[74.03564,16.56044],[74.0361,16.56085],[74.0353,16.56079],[74.03524,16.56131],[74.03284,16.56248],[74.03242,16.5623],[74.03087,16.56367],[74.03,16.5638],[74.02953,16.56442],[74.02881,16.56433],[74.02759,16.56645],[74.02607,16.56788],[74.02597,16.56872],[74.02195,16.5696],[74.01977,16.57152],[74.01925,16.57276],[74.01653,16.57483],[74.01564,16.57743],[74.01809,16.57805],[74.01907,16.57882]]]]}},{"type":"Feature","properties":{"lgdCode":"178771","name":"Girgaon","blockCode":"4287","blockName":"Karvir","areaHectares":972.1995,"memberVillagesDrawn":["567424"],"memberVillagesNotDrawn":[]},"geometry":{"type":"MultiPolygon","coordinates":[[[[74.23542,16.63755],[74.23296,16.63444],[74.23813,16.62914],[74.24055,16.62764],[74.24027,16.62746],[74.24064,16.62663],[74.24255,16.62548],[74.24314,16.62433],[74.24472,16.62294],[74.2463,16.62176],[74.24882,16.62074],[74.25067,16.62085],[74.24845,16.61379],[74.2483,16.61265],[74.24867,16.61211],[74.24612,16.61182],[74.23842,16.60977],[74.23501,16.60987],[74.23522,16.60891],[74.2349,16.60802],[74.23388,16.60704],[74.23445,16.60446],[74.23544,16.60182],[74.23543,16.60071],[74.23322,16.6008],[74.23202,16.60049],[74.23145,16.60082],[74.22884,16.60053],[74.22487,16.60083],[74.22353,16.60304],[74.22174,16.60272],[74.22075,16.60383],[74.2208,16.60519],[74.21952,16.60417],[74.21812,16.6045],[74.21523,16.60442],[74.21265,16.60494],[74.20983,16.6046],[74.2111,16.60713],[74.21061,16.60843],[74.21038,16.61122],[74.20961,16.61209],[74.20888,16.61386],[74.21713,16.61489],[74.21942,16.61489],[74.21954,16.61997],[74.22062,16.62305],[74.2213,16.62737],[74.22192,16.62797],[74.22227,16.62787],[74.22201,16.62922],[74.22217,16.63233],[74.22187,16.63329],[74.22436,16.63361],[74.22449,16.63502],[74.22406,16.63693],[74.22499,16.63913],[74.2245,16.64],[74.22467,16.64055],[74.22562,16.64119],[74.22636,16.64129],[74.22713,16.64039],[74.22807,16.63696],[74.23005,16.63693],[74.23514,16.63803],[74.23542,16.63755]]]]}},{"type":"Feature","properties":{"lgdCode":"178772","name":"Gokul Shirgaon","blockCode":"4287","blockName":"Karvir","areaHectares":790.5814,"memberVillagesDrawn":["567502"],"memberVillagesNotDrawn":[]},"geometry":{"type":"MultiPolygon","coordinates":[[[[74.28317,16.66386],[74.28889,16.64172],[74.2812,16.63858],[74.27477,16.63521],[74.27075,16.63222],[74.26983,16.63096],[74.2678,16.62923],[74.26449,16.6277],[74.2605,16.62655],[74.26077,16.63008],[74.26221,16.6374],[74.26207,16.64622],[74.26084,16.65326],[74.2601,16.65477],[74.25886,16.65632],[74.26108,16.6581],[74.26332,16.65879],[74.26874,16.65975],[74.27499,16.66017],[74.28145,16.66286],[74.28317,16.66386]]]]}},{"type":"Feature","properties":{"lgdCode":"178773","name":"Haladi","blockCode":"4287","blockName":"Karvir","areaHectares":482.1182,"memberVillagesDrawn":["567444"],"memberVillagesNotDrawn":[]},"geometry":{"type":"MultiPolygon","coordinates":[[[[74.17846,16.58855],[74.17745,16.58625],[74.17653,16.58196],[74.17175,16.58187],[74.16492,16.58251],[74.15636,16.58231],[74.15577,16.58265],[74.15365,16.58282],[74.14908,16.58264],[74.14845,16.58315],[74.14832,16.58359],[74.14858,16.5839],[74.14796,16.58397],[74.1482,16.58445],[74.14784,16.58555],[74.14817,16.58582],[74.14753,16.58615],[74.14815,16.58671],[74.14664,16.58802],[74.14599,16.58779],[74.14508,16.58811],[74.14484,16.58875],[74.14514,16.58931],[74.14387,16.58923],[74.1435,16.58888],[74.14247,16.58958],[74.14249,16.59019],[74.14351,16.5905],[74.14693,16.59434],[74.14801,16.59479],[74.15029,16.59449],[74.15166,16.59473],[74.15243,16.59624],[74.15252,16.59912],[74.1532,16.59904],[74.15295,16.59849],[74.15342,16.5984],[74.15354,16.59895],[74.1539,16.59861],[74.15785,16.59788],[74.1578,16.59752],[74.15997,16.59652],[74.16609,16.5954],[74.16641,16.59562],[74.16736,16.59502],[74.168,16.595],[74.16818,16.59566],[74.16866,16.59563],[74.17226,16.59396],[74.17305,16.59424],[74.1743,16.59372],[74.17347,16.59118],[74.17449,16.59109],[74.17558,16.59054],[74.17703,16.59059],[74.1784,16.59006],[74.17846,16.58855]]]]}},{"type":"Feature","properties":{"lgdCode":"178774","name":"Halasawade","blockCode":"4287","blockName":"Karvir","areaHectares":905.7041,"memberVillagesDrawn":["567415"],"memberVillagesNotDrawn":[]},"geometry":{"type":"MultiPolygon","coordinates":[[[[74.3212,16.63915],[74.3253,16.6384],[74.32716,16.63775],[74.34065,16.63652],[74.34394,16.63499],[74.34466,16.63508],[74.34753,16.63364],[74.34915,16.63341],[74.35344,16.63158],[74.3546,16.62942],[74.35291,16.62777],[74.35117,16.62391],[74.34964,16.62185],[74.34816,16.6207],[74.34449,16.61681],[74.34479,16.6148],[74.34323,16.61337],[74.34245,16.6118],[74.33934,16.61084],[74.33616,16.61055],[74.33555,16.60951],[74.33423,16.60967],[74.33334,16.61055],[74.33245,16.60984],[74.33089,16.6102],[74.33027,16.61119],[74.33061,16.61149],[74.33039,16.61201],[74.32883,16.61282],[74.32851,16.61267],[74.3284,16.61156],[74.32696,16.61213],[74.32483,16.612],[74.3241,16.61055],[74.32262,16.61081],[74.31988,16.61045],[74.31933,16.6116],[74.31852,16.61085],[74.31688,16.6108],[74.31609,16.6121],[74.31766,16.61537],[74.31812,16.61817],[74.31782,16.61933],[74.31936,16.62556],[74.32088,16.6294],[74.32137,16.63419],[74.3212,16.63915]]]]}},{"type":"Feature","properties":{"lgdCode":"178775","name":"Hanbarwadi","blockCode":"4287","blockName":"Karvir","areaHectares":393.118,"memberVillagesDrawn":["567427"],"memberVillagesNotDrawn":[]},"geometry":{"type":"MultiPolygon","coordinates":[[[[74.20073,16.61482],[74.2055,16.61382],[74.20888,16.61347],[74.21038,16.61122],[74.21061,16.60843],[74.2111,16.60713],[74.20983,16.6046],[74.20548,16.60553],[74.20438,16.60539],[74.20316,16.60675],[74.20281,16.60763],[74.20313,16.60809],[74.20296,16.60853],[74.20155,16.60846],[74.20095,16.60751],[74.20116,16.6067],[74.20035,16.60642],[74.20073,16.60454],[74.20032,16.60357],[74.20104,16.60334],[74.20104,16.60211],[74.20001,16.59987],[74.19949,16.59773],[74.20031,16.59754],[74.20054,16.59698],[74.19896,16.59519],[74.20008,16.5935],[74.20009,16.59246],[74.20085,16.59289],[74.2021,16.59278],[74.20118,16.58897],[74.20168,16.58736],[74.2011,16.58731],[74.20178,16.58547],[74.20164,16.58487],[74.20034,16.58654],[74.19945,16.58667],[74.19924,16.58623],[74.19852,16.58628],[74.19855,16.58564],[74.19739,16.58569],[74.19684,16.5865],[74.19484,16.58589],[74.19371,16.58609],[74.19162,16.58775],[74.19234,16.58861],[74.19402,16.58914],[74.19409,16.59019],[74.1929,16.59052],[74.1889,16.58948],[74.1882,16.5907],[74.18824,16.59193],[74.18495,16.59283],[74.18604,16.59423],[74.18749,16.59795],[74.19036,16.60252],[74.19511,16.60848],[74.19987,16.61283],[74.20073,16.61482]]]]}},{"type":"Feature","properties":{"lgdCode":"178776","name":"Hanmantwadi","blockCode":"4287","blockName":"Karvir","areaHectares":373.8511,"memberVillagesDrawn":["567384"],"memberVillagesNotDrawn":[]},"geometry":{"type":"MultiPolygon","coordinates":[[[[74.16217,16.72667],[74.16363,16.72961],[74.16611,16.73264],[74.16942,16.73532],[74.17414,16.73572],[74.1782,16.73486],[74.17884,16.73453],[74.17903,16.73402],[74.179,16.73026],[74.17831,16.72858],[74.17924,16.72135],[74.17996,16.71869],[74.18076,16.71781],[74.18177,16.71739],[74.18172,16.71665],[74.18011,16.71672],[74.17925,16.71731],[74.17919,16.71683],[74.17808,16.71664],[74.17775,16.71688],[74.17708,16.71662],[74.17694,16.7172],[74.17565,16.71682],[74.17382,16.71509],[74.17283,16.71492],[74.17265,16.71383],[74.17296,16.71333],[74.1722,16.71231],[74.17052,16.71215],[74.16968,16.71246],[74.16937,16.71327],[74.16916,16.71315],[74.16891,16.71435],[74.16819,16.71508],[74.16771,16.7149],[74.16708,16.71303],[74.16575,16.71525],[74.16511,16.71542],[74.16487,16.71667],[74.16311,16.71933],[74.16103,16.72377],[74.16217,16.72667]]]]}},{"type":"Feature","properties":{"lgdCode":"178777","name":"Hasur Khurd","blockCode":"4287","blockName":"Karvir","areaHectares":923.5201,"memberVillagesDrawn":["567426"],"memberVillagesNotDrawn":[]},"geometry":{"type":"MultiPolygon","coordinates":[[[[74.23543,16.60071],[74.2357,16.5999],[74.23924,16.60001],[74.2395,16.59872],[74.23995,16.59835],[74.24176,16.59796],[74.24475,16.59811],[74.24523,16.5949],[74.2439,16.59128],[74.24375,16.5898],[74.24381,16.58671],[74.24316,16.58033],[74.24353,16.575],[74.24302,16.57207],[74.24315,16.56791],[74.23868,16.56738],[74.23525,16.56609],[74.22828,16.56506],[74.22515,16.56499],[74.22237,16.56537],[74.22218,16.56617],[74.22067,16.56705],[74.21834,16.56722],[74.21995,16.57594],[74.21861,16.58447],[74.21878,16.58531],[74.21855,16.58601],[74.21635,16.58828],[74.21607,16.58996],[74.21893,16.59057],[74.22283,16.58964],[74.22394,16.59013],[74.22432,16.5913],[74.22503,16.59149],[74.2256,16.59373],[74.22487,16.60083],[74.22884,16.60053],[74.23145,16.60082],[74.23202,16.60049],[74.23322,16.6008],[74.23543,16.60071]]]]}},{"type":"Feature","properties":{"lgdCode":"178778","name":"Hirawade Dumala","blockCode":"4287","blockName":"Karvir","areaHectares":202.3004,"memberVillagesDrawn":["567485"],"memberVillagesNotDrawn":[]},"geometry":{"type":"MultiPolygon","coordinates":[[[[74.11403,16.60688],[74.11406,16.6063],[74.11445,16.606],[74.11601,16.60588],[74.11652,16.60513],[74.11651,16.60438],[74.11727,16.60352],[74.11726,16.601],[74.11608,16.59954],[74.11545,16.59954],[74.11435,16.60041],[74.11387,16.60006],[74.11369,16.59848],[74.1143,16.5964],[74.11416,16.59571],[74.11183,16.59525],[74.11111,16.59417],[74.11005,16.59336],[74.10652,16.59141],[74.10618,16.5919],[74.10618,16.59348],[74.10576,16.5938],[74.10506,16.59375],[74.10491,16.60091],[74.10407,16.6054],[74.10227,16.60762],[74.10037,16.6088],[74.09991,16.61027],[74.10207,16.60975],[74.10408,16.61002],[74.10531,16.60953],[74.1091,16.60935],[74.11003,16.60867],[74.11321,16.60768],[74.11392,16.60729],[74.11403,16.60688]]]]}},{"type":"Feature","properties":{"lgdCode":"178779","name":"Hirawade Khalasa","blockCode":"4287","blockName":"Karvir","areaHectares":320.9518,"memberVillagesDrawn":["567465"],"memberVillagesNotDrawn":[]},"geometry":{"type":"MultiPolygon","coordinates":[[[[74.1139,16.59555],[74.11503,16.59564],[74.11757,16.59434],[74.11838,16.59493],[74.11871,16.59492],[74.11886,16.59432],[74.12024,16.59464],[74.12031,16.59426],[74.11975,16.594],[74.11982,16.59343],[74.12132,16.59464],[74.12298,16.59521],[74.12594,16.59719],[74.1298,16.60019],[74.13146,16.602],[74.13335,16.60262],[74.13387,16.59585],[74.13531,16.5904],[74.13641,16.59021],[74.13614,16.58895],[74.13567,16.58818],[74.13432,16.58718],[74.12972,16.58488],[74.12917,16.58406],[74.12928,16.58195],[74.12891,16.58135],[74.1279,16.58082],[74.12549,16.58086],[74.11967,16.57865],[74.11929,16.57921],[74.11818,16.58453],[74.11833,16.58665],[74.11776,16.58871],[74.11719,16.5902],[74.1139,16.59555]]]]}},{"type":"Feature","properties":{"lgdCode":"178780","name":"Ispurli","blockCode":"4287","blockName":"Karvir","areaHectares":798.9372,"memberVillagesDrawn":["567432"],"memberVillagesNotDrawn":[]},"geometry":{"type":"MultiPolygon","coordinates":[[[[74.18365,16.59132],[74.18352,16.59066],[74.18403,16.58833],[74.1854,16.58391],[74.18488,16.57768],[74.18501,16.57562],[74.18602,16.57371],[74.18697,16.57297],[74.18923,16.56964],[74.19267,16.56231],[74.19343,16.56189],[74.19435,16.55882],[74.19293,16.55909],[74.19346,16.55755],[74.19049,16.55663],[74.19052,16.55577],[74.18787,16.55442],[74.18563,16.55364],[74.18137,16.55323],[74.18139,16.5506],[74.18182,16.55056],[74.18321,16.54932],[74.18372,16.5483],[74.18016,16.54769],[74.17575,16.54644],[74.17563,16.54671],[74.17361,16.5473],[74.17073,16.5471],[74.16864,16.5537],[74.16516,16.56251],[74.16704,16.56531],[74.16906,16.5705],[74.17643,16.5769],[74.17673,16.58331],[74.17828,16.58851],[74.18334,16.58958],[74.18316,16.59089],[74.18365,16.59132]]]]}},{"type":"Feature","properties":{"lgdCode":"178781","name":"Jaityal","blockCode":"4287","blockName":"Karvir","areaHectares":259.14,"memberVillagesDrawn":["567442"],"memberVillagesNotDrawn":[]},"geometry":{"type":"MultiPolygon","coordinates":[[[[74.19586,16.60919],[74.1936,16.60671],[74.18943,16.60117],[74.18749,16.59795],[74.18604,16.59423],[74.18433,16.59193],[74.18345,16.59164],[74.18248,16.59177],[74.1826,16.59251],[74.18188,16.59332],[74.18193,16.59414],[74.18273,16.59538],[74.18234,16.60042],[74.18037,16.60281],[74.1796,16.60569],[74.17766,16.61023],[74.1776,16.6128],[74.17732,16.61268],[74.17666,16.6133],[74.17655,16.61479],[74.18353,16.6137],[74.19092,16.61351],[74.19281,16.61134],[74.19322,16.61133],[74.19366,16.61066],[74.19434,16.61052],[74.19475,16.60998],[74.19526,16.60994],[74.19586,16.60919]]]]}},{"type":"Feature","properties":{"lgdCode":"178782","name":"Jatharwadi","blockCode":"4287","blockName":"Karvir","areaHectares":275.2843,"memberVillagesDrawn":["567403"],"memberVillagesNotDrawn":[]},"geometry":{"type":"MultiPolygon","coordinates":[[[[74.23082,16.7899],[74.23362,16.7912],[74.23609,16.78919],[74.23785,16.7904],[74.23911,16.79326],[74.23971,16.79091],[74.24197,16.77173],[74.23896,16.77085],[74.23721,16.77069],[74.23717,16.77197],[74.23593,16.77255],[74.23436,16.77485],[74.23314,16.77472],[74.23269,16.77427],[74.23157,16.77522],[74.22935,16.77601],[74.22869,16.77701],[74.22782,16.77757],[74.22706,16.77714],[74.22622,16.7777],[74.22626,16.77951],[74.22689,16.78228],[74.22575,16.78733],[74.22658,16.78903],[74.2274,16.78968],[74.23042,16.78915],[74.23082,16.7899]]]]}},{"type":"Feature","properties":{"lgdCode":"178783","name":"Arale","blockCode":"4287","blockName":"Karvir","areaHectares":465.3516,"memberVillagesDrawn":["567492"],"memberVillagesNotDrawn":[]},"geometry":{"type":"MultiPolygon","coordinates":[[[[74.0521,16.61542],[74.05182,16.61389],[74.05243,16.61206],[74.05305,16.61131],[74.05345,16.60955],[74.05392,16.60862],[74.0554,16.60743],[74.05537,16.60495],[74.05621,16.60349],[74.05648,16.60152],[74.05753,16.59953],[74.05974,16.59727],[74.05992,16.59662],[74.05929,16.59561],[74.06016,16.59489],[74.06116,16.59461],[74.06158,16.59381],[74.06139,16.59363],[74.06195,16.59329],[74.06245,16.59246],[74.06237,16.592],[74.06299,16.59145],[74.06249,16.58939],[74.06204,16.58883],[74.05994,16.58906],[74.05807,16.58654],[74.05626,16.58541],[74.05605,16.58566],[74.05634,16.58625],[74.05575,16.58685],[74.05351,16.58706],[74.05279,16.58622],[74.05085,16.58812],[74.04729,16.58828],[74.04581,16.58779],[74.04377,16.59428],[74.04395,16.59532],[74.04324,16.59664],[74.04325,16.59794],[74.04253,16.60025],[74.04178,16.60092],[74.04152,16.60185],[74.04262,16.60682],[74.04191,16.60708],[74.04184,16.60756],[74.04204,16.61422],[74.04821,16.61448],[74.0521,16.61542]]]]}},{"type":"Feature","properties":{"lgdCode":"178784","name":"Kalambe Tarf Kale","blockCode":"4287","blockName":"Karvir","areaHectares":153.316,"memberVillagesDrawn":["567378"],"memberVillagesNotDrawn":[]},"geometry":{"type":"MultiPolygon","coordinates":[[[[74.09594,16.70932],[74.09627,16.70245],[74.09692,16.70033],[74.09644,16.69794],[74.09625,16.69273],[74.09562,16.69303],[74.09353,16.69296],[74.09161,16.69203],[74.09077,16.69276],[74.09086,16.69356],[74.09007,16.6952],[74.09101,16.69703],[74.09083,16.69869],[74.08952,16.6981],[74.08948,16.69836],[74.09023,16.6989],[74.09028,16.69927],[74.0896,16.69963],[74.09043,16.70022],[74.09032,16.70089],[74.08981,16.70112],[74.09001,16.7016],[74.0895,16.7017],[74.08994,16.70464],[74.08989,16.70659],[74.08972,16.70939],[74.08914,16.71092],[74.08944,16.71213],[74.09067,16.71251],[74.09078,16.71387],[74.08913,16.71488],[74.08914,16.71527],[74.09165,16.71546],[74.09275,16.71498],[74.09266,16.71446],[74.09478,16.71167],[74.09538,16.71031],[74.09473,16.70932],[74.09572,16.70958],[74.09594,16.70932]]]]}},{"type":"Feature","properties":{"lgdCode":"178785","name":"Kalambe Tarf Thane","blockCode":"4287","blockName":"Karvir","areaHectares":1459.2518,"memberVillagesDrawn":["567504"],"memberVillagesNotDrawn":[]},"geometry":{"type":"MultiPolygon","coordinates":[[[[74.19688,16.65649],[74.19746,16.65957],[74.20413,16.65879],[74.20879,16.65936],[74.20876,16.66168],[74.20919,16.66186],[74.20937,16.66306],[74.21031,16.66429],[74.21496,16.66759],[74.2127,16.66335],[74.21337,16.66106],[74.21343,16.65863],[74.21388,16.65857],[74.21452,16.65949],[74.21491,16.65943],[74.21604,16.66043],[74.21752,16.66089],[74.21763,16.66236],[74.21887,16.66271],[74.21979,16.65869],[74.22109,16.6554],[74.2221,16.65051],[74.22475,16.6485],[74.22676,16.64621],[74.22713,16.64208],[74.22713,16.64039],[74.22636,16.64129],[74.22562,16.64119],[74.22467,16.64055],[74.2245,16.64],[74.22499,16.63913],[74.22406,16.63693],[74.22449,16.63502],[74.22436,16.63361],[74.22187,16.63329],[74.22217,16.63233],[74.22201,16.62922],[74.22227,16.62787],[74.22192,16.62797],[74.2213,16.62737],[74.22062,16.62305],[74.21954,16.61997],[74.21942,16.61489],[74.20989,16.61415],[74.20888,16.61386],[74.20888,16.61347],[74.20856,16.61346],[74.20073,16.61482],[74.2005,16.61589],[74.19883,16.619],[74.19379,16.62575],[74.19319,16.62957],[74.1928,16.62958],[74.19285,16.62996],[74.19334,16.63005],[74.19299,16.63084],[74.19328,16.63191],[74.19376,16.63219],[74.19415,16.63311],[74.19518,16.63893],[74.19556,16.63891],[74.19624,16.64271],[74.19537,16.64508],[74.19505,16.64733],[74.19688,16.65649]]]]}},{"type":"Feature","properties":{"lgdCode":"178786","name":"Kanchanwadi","blockCode":"4287","blockName":"Karvir","areaHectares":293.1345,"memberVillagesDrawn":["567470"],"memberVillagesNotDrawn":[]},"geometry":{"type":"MultiPolygon","coordinates":[[[[74.07967,16.59376],[74.08167,16.59477],[74.0807,16.58854],[74.0802,16.58727],[74.07857,16.58472],[74.07767,16.58397],[74.07703,16.58262],[74.07505,16.58117],[74.07088,16.57979],[74.06942,16.57813],[74.06616,16.57704],[74.06249,16.57679],[74.06277,16.57768],[74.06254,16.58009],[74.06218,16.58092],[74.06085,16.58268],[74.05912,16.5833],[74.05906,16.58454],[74.05807,16.58654],[74.05994,16.58906],[74.06204,16.58883],[74.06249,16.58939],[74.06299,16.59145],[74.06367,16.59229],[74.06508,16.59183],[74.06793,16.59358],[74.06838,16.59324],[74.06906,16.59171],[74.07046,16.59161],[74.0719,16.59193],[74.07216,16.59243],[74.07307,16.59273],[74.07534,16.59217],[74.07597,16.59166],[74.0767,16.59252],[74.07838,16.59318],[74.0795,16.59298],[74.08002,16.59366],[74.07967,16.59376]]]]}},{"type":"Feature","properties":{"lgdCode":"178787","name":"Kandgaon","blockCode":"4287","blockName":"Karvir","areaHectares":613.3321,"memberVillagesDrawn":["567440"],"memberVillagesNotDrawn":[]},"geometry":{"type":"MultiPolygon","coordinates":[[[[74.15642,16.62745],[74.16163,16.62757],[74.16168,16.62725],[74.1623,16.62725],[74.16328,16.62653],[74.17104,16.62564],[74.17238,16.62486],[74.17419,16.62014],[74.17574,16.61869],[74.17606,16.61798],[74.1757,16.61497],[74.17655,16.61479],[74.17666,16.6133],[74.17732,16.61268],[74.1776,16.6128],[74.17766,16.61023],[74.1796,16.60569],[74.18037,16.60281],[74.18234,16.60042],[74.18273,16.59538],[74.18193,16.59414],[74.18189,16.59352],[74.18054,16.59431],[74.18062,16.59503],[74.18011,16.59514],[74.17999,16.59629],[74.17792,16.59854],[74.17728,16.59884],[74.17731,16.59918],[74.17598,16.60005],[74.17497,16.60166],[74.17376,16.60179],[74.17316,16.6029],[74.17184,16.60316],[74.1706,16.60453],[74.17021,16.60551],[74.16886,16.60654],[74.1685,16.60768],[74.16778,16.60809],[74.16528,16.60817],[74.16469,16.60868],[74.16375,16.60871],[74.1622,16.60801],[74.16126,16.6082],[74.16056,16.6077],[74.16002,16.60821],[74.15882,16.60839],[74.15647,16.60993],[74.15463,16.60947],[74.15437,16.60888],[74.15322,16.60861],[74.15154,16.60749],[74.1495,16.60911],[74.14938,16.61052],[74.14969,16.61097],[74.15186,16.61328],[74.15292,16.61377],[74.15338,16.61452],[74.15301,16.61553],[74.15316,16.61798],[74.15199,16.62509],[74.1517,16.62537],[74.15078,16.62503],[74.15061,16.62586],[74.15281,16.62677],[74.15611,16.62692],[74.15642,16.62745]]]]}},{"type":"Feature","properties":{"lgdCode":"178788","name":"Kandalgaon","blockCode":"4287","blockName":"Karvir","areaHectares":735.4467,"memberVillagesDrawn":["567417"],"memberVillagesNotDrawn":[]},"geometry":{"type":"MultiPolygon","coordinates":[[[[74.25886,16.65632],[74.2601,16.65477],[74.26084,16.65326],[74.26207,16.64622],[74.26221,16.6374],[74.26077,16.63008],[74.2605,16.62655],[74.25067,16.62085],[74.24882,16.62074],[74.2463,16.62176],[74.24472,16.62294],[74.24314,16.62433],[74.24255,16.62548],[74.24064,16.62663],[74.24027,16.62746],[74.24055,16.62764],[74.23813,16.62914],[74.23296,16.63444],[74.23421,16.63628],[74.23895,16.6409],[74.24084,16.64208],[74.24473,16.64337],[74.24605,16.64458],[74.24973,16.65086],[74.2549,16.65473],[74.25886,16.65632]]]]}},{"type":"Feature","properties":{"lgdCode":"178789","name":"Kaneri","blockCode":"4287","blockName":"Karvir","areaHectares":942.6017,"memberVillagesDrawn":["567421"],"memberVillagesNotDrawn":[]},"geometry":{"type":"MultiPolygon","coordinates":[[[[74.2605,16.62655],[74.26449,16.6277],[74.2678,16.62923],[74.26983,16.63096],[74.27075,16.63222],[74.27477,16.63521],[74.27968,16.63758],[74.28272,16.63254],[74.28359,16.63177],[74.28224,16.6314],[74.28398,16.63019],[74.28463,16.63075],[74.28539,16.63067],[74.28609,16.63157],[74.28721,16.62947],[74.28598,16.62588],[74.285,16.62552],[74.28497,16.62426],[74.28391,16.62419],[74.28415,16.62263],[74.28453,16.62265],[74.28487,16.62111],[74.28523,16.62117],[74.28566,16.61892],[74.28613,16.61877],[74.28667,16.61726],[74.28737,16.61757],[74.28754,16.61603],[74.28594,16.61654],[74.28608,16.61554],[74.28706,16.61401],[74.28655,16.61396],[74.28659,16.61237],[74.28761,16.6111],[74.28907,16.61032],[74.28874,16.60983],[74.28887,16.6087],[74.28767,16.60696],[74.28544,16.60563],[74.28565,16.60467],[74.28472,16.60447],[74.28444,16.60357],[74.28062,16.60189],[74.27777,16.60302],[74.27651,16.60381],[74.27632,16.6043],[74.27244,16.60624],[74.26843,16.60762],[74.26632,16.60912],[74.26568,16.60985],[74.26558,16.61048],[74.26281,16.6121],[74.25976,16.61174],[74.25527,16.6119],[74.25398,16.61155],[74.25332,16.61093],[74.25227,16.61084],[74.25187,16.61158],[74.25142,16.61164],[74.25126,16.61227],[74.24896,16.61193],[74.24867,16.61211],[74.2483,16.61265],[74.24845,16.61379],[74.25067,16.62085],[74.2605,16.62655]]]]}},{"type":"Feature","properties":{"lgdCode":"178790","name":"Kaneriwadi","blockCode":"4287","blockName":"Karvir","areaHectares":504.0997,"memberVillagesDrawn":["567420"],"memberVillagesNotDrawn":[]},"geometry":{"type":"MultiPolygon","coordinates":[[[[74.29491,16.64343],[74.29648,16.63832],[74.29752,16.63617],[74.29893,16.63024],[74.29829,16.61973],[74.29884,16.61612],[74.29871,16.61385],[74.29835,16.61082],[74.29676,16.61051],[74.29603,16.61059],[74.29538,16.61113],[74.29486,16.61103],[74.29396,16.60952],[74.29198,16.60903],[74.29132,16.60916],[74.29079,16.61039],[74.28974,16.61079],[74.28907,16.61032],[74.28761,16.6111],[74.28659,16.61237],[74.28655,16.61396],[74.28706,16.61401],[74.28608,16.61554],[74.28594,16.61654],[74.28754,16.61603],[74.28737,16.61757],[74.28667,16.61726],[74.28613,16.61877],[74.28566,16.61892],[74.28523,16.62117],[74.28487,16.62111],[74.28453,16.62265],[74.28415,16.62263],[74.28391,16.62419],[74.28497,16.62426],[74.285,16.62552],[74.28598,16.62588],[74.28721,16.62947],[74.28609,16.63157],[74.28539,16.63067],[74.28463,16.63075],[74.28398,16.63019],[74.28224,16.6314],[74.28359,16.63177],[74.28272,16.63254],[74.27968,16.63758],[74.2812,16.63858],[74.29156,16.64291],[74.29491,16.64343]]]]}},{"type":"Feature","properties":{"lgdCode":"178791","name":"Kavane","blockCode":"4287","blockName":"Karvir","areaHectares":368.2906,"memberVillagesDrawn":["567435"],"memberVillagesNotDrawn":[]},"geometry":{"type":"MultiPolygon","coordinates":[[[[74.1326,16.52799],[74.13315,16.5288],[74.13332,16.53021],[74.13793,16.53064],[74.14203,16.53032],[74.14333,16.52962],[74.14374,16.5297],[74.14405,16.52932],[74.14472,16.52963],[74.14515,16.529],[74.14586,16.52903],[74.14589,16.52858],[74.14692,16.52868],[74.14734,16.52839],[74.14884,16.52898],[74.14927,16.52901],[74.14948,16.52868],[74.15029,16.52917],[74.15113,16.52902],[74.1514,16.52947],[74.15336,16.52929],[74.15415,16.52861],[74.15432,16.52797],[74.1549,16.52817],[74.15723,16.52694],[74.16016,16.52645],[74.16166,16.52519],[74.16274,16.52495],[74.16387,16.52523],[74.16418,16.525],[74.16372,16.52422],[74.1641,16.52422],[74.16424,16.52356],[74.1646,16.52335],[74.16416,16.52246],[74.16679,16.52206],[74.16693,16.52172],[74.16641,16.52103],[74.16703,16.52054],[74.16686,16.52006],[74.16632,16.51978],[74.16749,16.51924],[74.16812,16.51992],[74.16837,16.51864],[74.16812,16.51807],[74.16762,16.51785],[74.16516,16.5177],[74.16338,16.51819],[74.16141,16.51717],[74.15701,16.51185],[74.15667,16.51106],[74.15587,16.511],[74.15299,16.51224],[74.15129,16.51352],[74.1502,16.51515],[74.14821,16.52144],[74.14433,16.52307],[74.13725,16.5239],[74.13543,16.52647],[74.13341,16.52719],[74.1326,16.52799]]]]}},{"type":"Feature","properties":{"lgdCode":"178792","name":"Kekatwadi","blockCode":"4287","blockName":"Karvir","areaHectares":130.9855,"memberVillagesDrawn":["567483"],"memberVillagesNotDrawn":[]},"geometry":{"type":"MultiPolygon","coordinates":[[[[74.09622,16.63288],[74.09645,16.63271],[74.09686,16.63303],[74.09715,16.63263],[74.09712,16.63209],[74.09764,16.6318],[74.0976,16.63082],[74.09692,16.63099],[74.09619,16.6306],[74.09735,16.62831],[74.0967,16.62818],[74.09605,16.62821],[74.0957,16.62859],[74.09551,16.62811],[74.0948,16.62797],[74.09392,16.62851],[74.09208,16.62785],[74.09098,16.62803],[74.09061,16.62698],[74.08991,16.62583],[74.08953,16.62662],[74.08888,16.62681],[74.08838,16.62651],[74.08825,16.62684],[74.08716,16.62698],[74.08719,16.62715],[74.08641,16.62739],[74.08521,16.62718],[74.08375,16.6267],[74.08326,16.62678],[74.08262,16.62729],[74.08103,16.62836],[74.08145,16.62826],[74.08277,16.62918],[74.08329,16.62974],[74.08344,16.63049],[74.08376,16.63123],[74.08443,16.63235],[74.08507,16.632],[74.08526,16.63237],[74.085,16.63341],[74.08387,16.63402],[74.08409,16.63539],[74.08407,16.63613],[74.0832,16.63655],[74.08346,16.6369],[74.08404,16.63731],[74.08533,16.63842],[74.08598,16.63873],[74.08649,16.63867],[74.08743,16.63832],[74.08838,16.63785],[74.09054,16.63583],[74.09119,16.63516],[74.09137,16.63467],[74.0918,16.63445],[74.0918,16.63415],[74.09235,16.63376],[74.09286,16.63317],[74.09348,16.63313],[74.09442,16.63286],[74.09608,16.633],[74.09622,16.63288]]]]}},{"type":"Feature","properties":{"lgdCode":"178793","name":"Kerle","blockCode":"4287","blockName":"Karvir","areaHectares":601.2386,"memberVillagesDrawn":["567394"],"memberVillagesNotDrawn":[]},"geometry":{"type":"MultiPolygon","coordinates":[[[[74.17678,16.77608],[74.17397,16.7757],[74.17345,16.76906],[74.1739,16.76731],[74.17298,16.76621],[74.17323,16.76587],[74.1728,16.76449],[74.17202,16.76364],[74.17065,16.75923],[74.16986,16.75828],[74.17002,16.75781],[74.16945,16.75744],[74.17008,16.75714],[74.17002,16.7566],[74.16939,16.75657],[74.16925,16.75614],[74.16886,16.75624],[74.16954,16.75455],[74.16804,16.75435],[74.16681,16.75322],[74.16495,16.75246],[74.16263,16.75271],[74.16232,16.75331],[74.16132,16.75343],[74.16065,16.75481],[74.15959,16.75498],[74.1599,16.75583],[74.15793,16.75594],[74.15655,16.75488],[74.15349,16.75453],[74.15433,16.75487],[74.15386,16.75562],[74.15431,16.75604],[74.15339,16.75697],[74.15288,16.75692],[74.15292,16.75819],[74.15355,16.75962],[74.15398,16.75955],[74.15413,16.75987],[74.15376,16.76169],[74.15249,16.76186],[74.15218,16.76371],[74.15179,16.76407],[74.15233,16.7694],[74.1558,16.76914],[74.15602,16.77153],[74.15554,16.77304],[74.15513,16.77309],[74.15513,16.77344],[74.15441,16.77327],[74.15443,16.77379],[74.15358,16.77391],[74.15345,16.77456],[74.15506,16.77457],[74.15653,16.77673],[74.15527,16.77702],[74.15547,16.7778],[74.15678,16.77747],[74.15583,16.77942],[74.15372,16.77975],[74.154,16.78137],[74.15553,16.78116],[74.15583,16.78205],[74.15698,16.78221],[74.15684,16.78287],[74.15741,16.78299],[74.15832,16.78464],[74.15903,16.78229],[74.15952,16.77869],[74.16044,16.77885],[74.16124,16.77858],[74.16141,16.77774],[74.16105,16.77751],[74.16125,16.77719],[74.16102,16.77701],[74.16128,16.77658],[74.16257,16.77762],[74.16325,16.77752],[74.16389,16.77872],[74.16485,16.77958],[74.16455,16.78059],[74.16568,16.78108],[74.16602,16.78228],[74.16765,16.78209],[74.16851,16.78266],[74.17247,16.78275],[74.17341,16.78058],[74.17377,16.78105],[74.17587,16.78055],[74.17506,16.77772],[74.17517,16.77648],[74.17627,16.77658],[74.17678,16.77608]]]]}},{"type":"Feature","properties":{"lgdCode":"178794","name":"Kerli","blockCode":"4287","blockName":"Karvir","areaHectares":691.8056,"memberVillagesDrawn":["567397"],"memberVillagesNotDrawn":[]},"geometry":{"type":"MultiPolygon","coordinates":[[[[74.17957,16.77536],[74.1799,16.77303],[74.1796,16.77266],[74.18043,16.77091],[74.18161,16.77016],[74.18157,16.76946],[74.18258,16.76885],[74.18187,16.76824],[74.18242,16.76735],[74.18337,16.7668],[74.18338,16.76599],[74.18572,16.76551],[74.18683,16.76447],[74.18652,16.76314],[74.18684,16.76271],[74.18842,16.76221],[74.19108,16.76265],[74.19412,16.76024],[74.19426,16.75929],[74.19522,16.75729],[74.19596,16.75676],[74.19617,16.75538],[74.19578,16.75108],[74.19686,16.74929],[74.1977,16.74908],[74.19737,16.7458],[74.19568,16.74627],[74.19593,16.74761],[74.19369,16.74721],[74.19034,16.74367],[74.19016,16.74175],[74.18666,16.73949],[74.1856,16.7367],[74.18458,16.73719],[74.18443,16.73698],[74.18356,16.73723],[74.18339,16.737],[74.18298,16.7375],[74.18158,16.7373],[74.18066,16.7364],[74.17855,16.74138],[74.17881,16.74412],[74.17695,16.7465],[74.17621,16.74963],[74.17647,16.7508],[74.17603,16.75147],[74.17534,16.75172],[74.17285,16.75176],[74.17126,16.75385],[74.16954,16.75455],[74.16886,16.75624],[74.16925,16.75614],[74.16939,16.75657],[74.17002,16.7566],[74.17008,16.75714],[74.16945,16.75744],[74.17002,16.75781],[74.16986,16.75828],[74.17065,16.75923],[74.17202,16.76364],[74.1728,16.76449],[74.17323,16.76587],[74.17298,16.76621],[74.1739,16.76731],[74.17345,16.76906],[74.17397,16.7757],[74.17678,16.77608],[74.17722,16.77556],[74.17741,16.77601],[74.17868,16.77612],[74.17928,16.77521],[74.17957,16.77536]]]]}},{"type":"Feature","properties":{"lgdCode":"178795","name":"Khatangale","blockCode":"4287","blockName":"Karvir","areaHectares":366.3677,"memberVillagesDrawn":["567473"],"memberVillagesNotDrawn":[]},"geometry":{"type":"MultiPolygon","coordinates":[[[[74.06851,16.67792],[74.06946,16.67801],[74.06979,16.67772],[74.07039,16.67586],[74.07141,16.67626],[74.07201,16.67582],[74.07282,16.6759],[74.07288,16.67567],[74.07518,16.67522],[74.07618,16.67569],[74.0775,16.67515],[74.07783,16.67542],[74.07903,16.67508],[74.07952,16.67373],[74.08276,16.6717],[74.08356,16.67086],[74.08437,16.67071],[74.08506,16.66975],[74.08679,16.66969],[74.0874,16.66895],[74.09145,16.66808],[74.08951,16.66764],[74.08868,16.66703],[74.08778,16.66508],[74.08534,16.66401],[74.08397,16.66419],[74.08159,16.6627],[74.08084,16.66313],[74.07922,16.66136],[74.07747,16.66116],[74.07694,16.66015],[74.07593,16.6595],[74.07532,16.65953],[74.07446,16.65788],[74.07376,16.65855],[74.07069,16.65832],[74.07146,16.65894],[74.07087,16.65917],[74.0709,16.65977],[74.07007,16.66082],[74.06964,16.66199],[74.0683,16.66368],[74.06672,16.66485],[74.06377,16.66977],[74.05858,16.67423],[74.05895,16.67494],[74.06039,16.67501],[74.06459,16.67654],[74.06855,16.67751],[74.06851,16.67792]]]]}},{"type":"Feature","properties":{"lgdCode":"178796","name":"Khebavade","blockCode":"4287","blockName":"Karvir","areaHectares":775.6947,"memberVillagesDrawn":["567430"],"memberVillagesNotDrawn":[]},"geometry":{"type":"MultiPolygon","coordinates":[[[[74.22929,16.54819],[74.2298,16.53983],[74.22929,16.53758],[74.23046,16.53216],[74.23078,16.52598],[74.23059,16.52252],[74.23135,16.51708],[74.22984,16.51698],[74.2298,16.51737],[74.22094,16.51704],[74.21723,16.51552],[74.20744,16.51416],[74.2079,16.51894],[74.20878,16.52278],[74.20857,16.524],[74.20651,16.52533],[74.20607,16.52597],[74.20664,16.52601],[74.20578,16.52774],[74.20467,16.52942],[74.20358,16.52988],[74.20337,16.53107],[74.20034,16.53293],[74.20027,16.53347],[74.20067,16.53399],[74.20162,16.53389],[74.20184,16.53414],[74.20173,16.53454],[74.20046,16.53444],[74.20065,16.53554],[74.20164,16.53524],[74.20299,16.53613],[74.2027,16.53674],[74.20183,16.5367],[74.20196,16.53821],[74.20079,16.53842],[74.20185,16.53864],[74.2038,16.53823],[74.20551,16.53855],[74.20807,16.53929],[74.21027,16.54087],[74.21116,16.54107],[74.21264,16.5408],[74.21695,16.53844],[74.21824,16.53817],[74.21921,16.53835],[74.22074,16.54121],[74.2214,16.54184],[74.22155,16.54308],[74.22293,16.54395],[74.22431,16.54731],[74.2262,16.54777],[74.2271,16.54832],[74.22846,16.54848],[74.22929,16.54819]]]]}},{"type":"Feature","properties":{"lgdCode":"178797","name":"Khupire","blockCode":"4287","blockName":"Karvir","areaHectares":895.5197,"memberVillagesDrawn":["567381"],"memberVillagesNotDrawn":[]},"geometry":{"type":"MultiPolygon","coordinates":[[[[74.14184,16.72827],[74.14772,16.72824],[74.15011,16.72887],[74.1494,16.72779],[74.14898,16.72776],[74.1481,16.72679],[74.1487,16.72634],[74.14823,16.72551],[74.14857,16.72525],[74.14781,16.72415],[74.14753,16.72406],[74.14628,16.72493],[74.14535,16.72416],[74.1455,16.72107],[74.14764,16.71849],[74.14923,16.71753],[74.14928,16.71672],[74.15465,16.71736],[74.15722,16.71702],[74.15687,16.7132],[74.15739,16.71291],[74.15717,16.71198],[74.15743,16.71161],[74.15781,16.71177],[74.15807,16.71266],[74.15907,16.71282],[74.15889,16.71391],[74.15996,16.71407],[74.16078,16.71558],[74.16063,16.71606],[74.16272,16.71633],[74.16342,16.71452],[74.16511,16.71542],[74.16575,16.71525],[74.16805,16.71087],[74.16868,16.70927],[74.16855,16.70864],[74.16806,16.70847],[74.16645,16.70899],[74.16218,16.70855],[74.15785,16.70892],[74.1578,16.70834],[74.15613,16.70785],[74.15529,16.70638],[74.15315,16.70641],[74.15301,16.70612],[74.15427,16.70547],[74.15417,16.70467],[74.15493,16.70258],[74.15557,16.70259],[74.15561,16.70223],[74.15496,16.7022],[74.15513,16.6999],[74.15475,16.69942],[74.15484,16.69836],[74.15404,16.69843],[74.15391,16.69797],[74.1555,16.69774],[74.15551,16.69719],[74.15523,16.69705],[74.15535,16.69521],[74.15104,16.69509],[74.14492,16.6941],[74.13719,16.69578],[74.13174,16.69749],[74.12706,16.7017],[74.12528,16.70551],[74.12265,16.70791],[74.12116,16.70883],[74.11951,16.7093],[74.12227,16.71005],[74.1277,16.71049],[74.13082,16.71313],[74.13633,16.71646],[74.13686,16.71861],[74.13785,16.71995],[74.13862,16.72192],[74.14001,16.72779],[74.14184,16.72827]]]]}},{"type":"Feature","properties":{"lgdCode":"178798","name":"Koge","blockCode":"4287","blockName":"Karvir","areaHectares":639.929,"memberVillagesDrawn":["567452"],"memberVillagesNotDrawn":[]},"geometry":{"type":"MultiPolygon","coordinates":[[[[74.15064,16.67391],[74.15177,16.67035],[74.15313,16.66821],[74.1533,16.66735],[74.15429,16.66663],[74.15511,16.66666],[74.15561,16.6663],[74.1563,16.66502],[74.1572,16.66432],[74.15951,16.66428],[74.15929,16.66255],[74.15841,16.66235],[74.15771,16.66145],[74.15689,16.66131],[74.15644,16.66162],[74.15191,16.66047],[74.15291,16.65467],[74.14981,16.65234],[74.14788,16.65135],[74.14774,16.65166],[74.14103,16.65143],[74.13937,16.65093],[74.13957,16.6502],[74.13882,16.64976],[74.13837,16.65069],[74.13778,16.65056],[74.1331,16.65628],[74.13223,16.65634],[74.12838,16.65547],[74.12343,16.65357],[74.12068,16.65361],[74.11969,16.65398],[74.11848,16.65479],[74.11749,16.65646],[74.11761,16.65721],[74.11986,16.65845],[74.12016,16.65907],[74.12,16.66152],[74.12393,16.66415],[74.12872,16.66506],[74.13524,16.66801],[74.13746,16.67142],[74.13848,16.67208],[74.13965,16.67248],[74.14037,16.67243],[74.14206,16.67146],[74.14501,16.67177],[74.14694,16.67346],[74.15064,16.67391]]]]}},{"type":"Feature","properties":{"lgdCode":"178799","name":"Kogil Budruk","blockCode":"4287","blockName":"Karvir","areaHectares":711.4615,"memberVillagesDrawn":["567422"],"memberVillagesNotDrawn":[]},"geometry":{"type":"MultiPolygon","coordinates":[[[[74.25332,16.61093],[74.25398,16.61155],[74.25527,16.6119],[74.25976,16.61174],[74.26281,16.6121],[74.26558,16.61048],[74.26568,16.60985],[74.26632,16.60912],[74.26843,16.60762],[74.27244,16.60624],[74.27632,16.6043],[74.27651,16.60381],[74.27777,16.60302],[74.28062,16.60189],[74.27976,16.60088],[74.27863,16.60101],[74.27763,16.59722],[74.27754,16.59559],[74.27698,16.59589],[74.27662,16.59343],[74.27581,16.59287],[74.27065,16.59265],[74.26507,16.5912],[74.2611,16.5913],[74.25664,16.5902],[74.25501,16.58945],[74.24829,16.58458],[74.24338,16.58298],[74.2439,16.59128],[74.24523,16.5949],[74.24475,16.59811],[74.24586,16.60038],[74.24668,16.60088],[74.24737,16.60073],[74.24754,16.60199],[74.24843,16.60235],[74.2493,16.60365],[74.25076,16.60443],[74.25086,16.60508],[74.24996,16.6074],[74.25018,16.60805],[74.25264,16.60991],[74.25332,16.61093]]]]}},{"type":"Feature","properties":{"lgdCode":"178800","name":"Kogil Khurd","blockCode":"4287","blockName":"Karvir","areaHectares":210.9004,"memberVillagesDrawn":["567423"],"memberVillagesNotDrawn":[]},"geometry":{"type":"MultiPolygon","coordinates":[[[[74.24867,16.61211],[74.24896,16.61193],[74.25126,16.61227],[74.25142,16.61164],[74.25187,16.61158],[74.25227,16.61084],[74.25332,16.61093],[74.25264,16.60991],[74.25018,16.60805],[74.24996,16.6074],[74.25086,16.60508],[74.25076,16.60443],[74.2493,16.60365],[74.24843,16.60235],[74.24754,16.60199],[74.24737,16.60073],[74.24668,16.60088],[74.24586,16.60038],[74.24475,16.59811],[74.24176,16.59796],[74.23995,16.59835],[74.2395,16.59872],[74.23924,16.60001],[74.2357,16.5999],[74.23544,16.60022],[74.23544,16.60182],[74.23445,16.60446],[74.23388,16.60704],[74.2349,16.60802],[74.23522,16.60891],[74.23501,16.60987],[74.23842,16.60977],[74.24612,16.61182],[74.24867,16.61211]]]]}},{"type":"Feature","properties":{"lgdCode":"178801","name":"Koparde","blockCode":"4287","blockName":"Karvir","areaHectares":495.6691,"memberVillagesDrawn":["567380"],"memberVillagesNotDrawn":[]},"geometry":{"type":"MultiPolygon","coordinates":[[[[74.11226,16.71602],[74.11552,16.71549],[74.11598,16.71465],[74.11593,16.70813],[74.11951,16.7093],[74.12116,16.70883],[74.12265,16.70791],[74.12528,16.70551],[74.12706,16.7017],[74.13174,16.69749],[74.12602,16.69159],[74.12543,16.69202],[74.12233,16.69047],[74.11439,16.6897],[74.11106,16.68989],[74.10456,16.69156],[74.10352,16.69214],[74.10363,16.69344],[74.10436,16.69338],[74.10443,16.6937],[74.10423,16.69414],[74.10461,16.69569],[74.10436,16.69598],[74.10455,16.69743],[74.10484,16.69732],[74.10531,16.69799],[74.10528,16.69918],[74.10587,16.6994],[74.10629,16.70058],[74.10801,16.70211],[74.10816,16.7045],[74.1089,16.7055],[74.10941,16.70777],[74.10995,16.70818],[74.11032,16.70957],[74.11089,16.71033],[74.11109,16.71371],[74.11226,16.71602]]]]}},{"type":"Feature","properties":{"lgdCode":"178802","name":"Kothali","blockCode":"4287","blockName":"Karvir","areaHectares":554.9867,"memberVillagesDrawn":["567446"],"memberVillagesNotDrawn":[]},"geometry":{"type":"MultiPolygon","coordinates":[[[[74.14249,16.59019],[74.1428,16.58916],[74.1435,16.58888],[74.14387,16.58923],[74.14514,16.58931],[74.14484,16.58875],[74.14508,16.58811],[74.14599,16.58779],[74.14664,16.58802],[74.14815,16.58671],[74.14753,16.58615],[74.14817,16.58582],[74.14784,16.58555],[74.1482,16.58445],[74.14796,16.58397],[74.14858,16.5839],[74.14832,16.58359],[74.14908,16.58264],[74.14933,16.58112],[74.14857,16.58024],[74.14963,16.57885],[74.14949,16.57769],[74.14908,16.57715],[74.14925,16.57589],[74.149,16.57573],[74.14914,16.57493],[74.14866,16.57353],[74.14865,16.57207],[74.1496,16.56802],[74.13677,16.56891],[74.133,16.56851],[74.13081,16.56785],[74.12927,16.56789],[74.12915,16.56831],[74.12864,16.56823],[74.12685,16.56956],[74.12659,16.56926],[74.12475,16.57084],[74.12448,16.57141],[74.12363,16.57162],[74.12334,16.57203],[74.12351,16.57258],[74.12289,16.57371],[74.12129,16.57531],[74.12077,16.57547],[74.12048,16.57622],[74.12091,16.57656],[74.12116,16.5774],[74.12198,16.57759],[74.12193,16.57853],[74.12158,16.57862],[74.12102,16.57805],[74.11967,16.57865],[74.12549,16.58086],[74.1279,16.58082],[74.12891,16.58135],[74.12928,16.58195],[74.12917,16.58406],[74.12972,16.58488],[74.13432,16.58718],[74.13567,16.58818],[74.13648,16.59056],[74.13728,16.59096],[74.13909,16.59109],[74.14086,16.59022],[74.14249,16.59019]]]]}},{"type":"Feature","properties":{"lgdCode":"178803","name":"Kuditre","blockCode":"4287","blockName":"Karvir","areaHectares":619.7278,"memberVillagesDrawn":["567392"],"memberVillagesNotDrawn":[]},"geometry":{"type":"MultiPolygon","coordinates":[[[[74.12602,16.69159],[74.12632,16.69005],[74.12588,16.68797],[74.12613,16.68719],[74.12594,16.68579],[74.12641,16.68563],[74.12619,16.68505],[74.1268,16.68433],[74.12642,16.68318],[74.12674,16.68312],[74.12713,16.67722],[74.12814,16.67267],[74.12859,16.66723],[74.12926,16.66742],[74.12937,16.66701],[74.12984,16.66702],[74.13149,16.66765],[74.13212,16.66736],[74.1324,16.66767],[74.13268,16.66749],[74.1326,16.66678],[74.12872,16.66506],[74.12393,16.66415],[74.12,16.66152],[74.11867,16.66132],[74.11183,16.66378],[74.1099,16.66558],[74.11002,16.66606],[74.10944,16.66722],[74.10656,16.66961],[74.1065,16.67206],[74.10596,16.67314],[74.10441,16.67426],[74.10452,16.67735],[74.10654,16.67867],[74.10846,16.67873],[74.10921,16.67965],[74.10949,16.68275],[74.1108,16.68883],[74.11012,16.69022],[74.11106,16.68989],[74.11439,16.6897],[74.11987,16.69011],[74.12233,16.69047],[74.12543,16.69202],[74.12602,16.69159]]]]}},{"type":"Feature","properties":{"lgdCode":"178804","name":"Kurdu","blockCode":"4287","blockName":"Karvir","areaHectares":504.6219,"memberVillagesDrawn":["567445"],"memberVillagesNotDrawn":[]},"geometry":{"type":"MultiPolygon","coordinates":[[[[74.17653,16.58196],[74.17643,16.5769],[74.16906,16.5705],[74.16704,16.56531],[74.16566,16.56358],[74.1626,16.56299],[74.15934,16.56191],[74.15366,16.56254],[74.15387,16.56431],[74.15314,16.56595],[74.15327,16.56684],[74.15135,16.56724],[74.1496,16.56802],[74.14865,16.57207],[74.14866,16.57353],[74.14914,16.57493],[74.149,16.57573],[74.14925,16.57589],[74.14908,16.57715],[74.14965,16.57827],[74.14949,16.57924],[74.14857,16.58024],[74.14927,16.58081],[74.14908,16.58264],[74.15365,16.58282],[74.15577,16.58265],[74.15636,16.58231],[74.16492,16.58251],[74.17175,16.58187],[74.17653,16.58196]]]]}},{"type":"Feature","properties":{"lgdCode":"178805","name":"Kurukali","blockCode":"4287","blockName":"Karvir","areaHectares":380.6675,"memberVillagesDrawn":["567447"],"memberVillagesNotDrawn":[]},"geometry":{"type":"MultiPolygon","coordinates":[[[[74.12927,16.56789],[74.12738,16.56377],[74.12809,16.5602],[74.12765,16.55797],[74.1264,16.55589],[74.12585,16.55564],[74.12439,16.55375],[74.12076,16.55159],[74.111,16.55205],[74.11172,16.55319],[74.11291,16.55348],[74.11342,16.55401],[74.1145,16.55629],[74.1138,16.55856],[74.11211,16.56042],[74.11199,16.56123],[74.11349,16.56323],[74.11341,16.56511],[74.11221,16.56589],[74.1116,16.56687],[74.11169,16.56799],[74.11338,16.56905],[74.11355,16.56998],[74.11293,16.57176],[74.11289,16.57334],[74.1138,16.57424],[74.11967,16.57865],[74.12102,16.57805],[74.12158,16.57862],[74.12193,16.57853],[74.12198,16.57759],[74.12116,16.5774],[74.12091,16.57656],[74.12048,16.57622],[74.12077,16.57547],[74.12129,16.57531],[74.12289,16.57371],[74.12351,16.57258],[74.12334,16.57203],[74.12363,16.57162],[74.12448,16.57141],[74.12475,16.57084],[74.12659,16.56926],[74.12685,16.56956],[74.12864,16.56823],[74.12915,16.56831],[74.12927,16.56789]]]]}},{"type":"Feature","properties":{"lgdCode":"178806","name":"Mahe","blockCode":"4287","blockName":"Karvir","areaHectares":400.6459,"memberVillagesDrawn":["567453"],"memberVillagesNotDrawn":[]},"geometry":{"type":"MultiPolygon","coordinates":[[[[74.13778,16.65056],[74.13837,16.65069],[74.13882,16.64976],[74.13957,16.6502],[74.13937,16.65093],[74.14103,16.65143],[74.14774,16.65166],[74.14788,16.65135],[74.14981,16.65234],[74.15243,16.65429],[74.15271,16.65046],[74.15349,16.64727],[74.1534,16.64403],[74.15437,16.64288],[74.15477,16.64282],[74.15288,16.63687],[74.15283,16.63241],[74.15247,16.63061],[74.15108,16.62794],[74.15116,16.62732],[74.15061,16.62586],[74.15078,16.62503],[74.14967,16.62499],[74.14798,16.62759],[74.14625,16.63155],[74.14081,16.63194],[74.13642,16.6347],[74.13508,16.63599],[74.13443,16.6371],[74.1342,16.63799],[74.13455,16.63868],[74.13519,16.63899],[74.13701,16.63874],[74.13837,16.63959],[74.13849,16.64022],[74.13782,16.64126],[74.13783,16.64275],[74.13915,16.64561],[74.13778,16.65056]]]]}},{"type":"Feature","properties":{"lgdCode":"178807","name":"Mandare","blockCode":"4287","blockName":"Karvir","areaHectares":250.0038,"memberVillagesDrawn":["567488"],"memberVillagesNotDrawn":[]},"geometry":{"type":"MultiPolygon","coordinates":[[[[74.07095,16.62304],[74.07238,16.6211],[74.07302,16.62066],[74.07441,16.62196],[74.07506,16.62181],[74.0759,16.62254],[74.07739,16.62244],[74.07759,16.62288],[74.07949,16.62056],[74.07952,16.62017],[74.08021,16.61966],[74.07987,16.61895],[74.08115,16.6168],[74.08083,16.61452],[74.08011,16.61314],[74.08013,16.61105],[74.08116,16.60936],[74.08095,16.60629],[74.08187,16.60462],[74.08225,16.60478],[74.08231,16.60428],[74.08192,16.6041],[74.08193,16.60368],[74.08085,16.60357],[74.08085,16.60302],[74.08139,16.60275],[74.08119,16.60196],[74.08197,16.60054],[74.08162,16.5997],[74.08196,16.59925],[74.08108,16.5993],[74.08093,16.59876],[74.08049,16.59859],[74.08067,16.59821],[74.08118,16.59816],[74.08095,16.59777],[74.08123,16.59748],[74.08071,16.59719],[74.08102,16.59698],[74.08097,16.59664],[74.08056,16.59675],[74.08053,16.59637],[74.08092,16.59612],[74.08059,16.59576],[74.08132,16.59529],[74.08166,16.5955],[74.08167,16.59477],[74.07967,16.59376],[74.07922,16.59378],[74.07899,16.59504],[74.07821,16.59508],[74.07831,16.5968],[74.07773,16.59785],[74.07668,16.59854],[74.076,16.59858],[74.07609,16.59924],[74.07543,16.60079],[74.07536,16.60395],[74.0748,16.60414],[74.07449,16.60494],[74.07339,16.60608],[74.07288,16.6091],[74.07079,16.61378],[74.07044,16.61702],[74.0684,16.62197],[74.07095,16.62304]]]]}},{"type":"Feature","properties":{"lgdCode":"178808","name":"Mhalasavade","blockCode":"4287","blockName":"Karvir","areaHectares":537.8211,"memberVillagesDrawn":["567471"],"memberVillagesNotDrawn":[]},"geometry":{"type":"MultiPolygon","coordinates":[[[[74.07962,16.58655],[74.08032,16.58727],[74.08254,16.58682],[74.08341,16.58629],[74.08438,16.58632],[74.08434,16.58515],[74.08404,16.58523],[74.0837,16.58454],[74.08311,16.5843],[74.08349,16.58352],[74.08282,16.58245],[74.08308,16.58104],[74.08162,16.57977],[74.08185,16.57918],[74.08064,16.57857],[74.08148,16.57684],[74.08293,16.57613],[74.08427,16.57384],[74.08476,16.57221],[74.08554,16.57121],[74.08748,16.57005],[74.08625,16.56795],[74.08474,16.56699],[74.08248,16.56673],[74.08127,16.56599],[74.07861,16.56574],[74.07697,16.5646],[74.07624,16.56325],[74.07498,16.5621],[74.06994,16.5604],[74.06895,16.56091],[74.06364,16.56135],[74.06284,16.56221],[74.06238,16.56224],[74.06198,16.563],[74.06198,16.56421],[74.05909,16.56399],[74.05817,16.56327],[74.05602,16.56446],[74.05502,16.56652],[74.05528,16.56771],[74.05907,16.57345],[74.06159,16.57577],[74.06222,16.57599],[74.06249,16.57679],[74.06487,16.57684],[74.06716,16.57728],[74.06942,16.57813],[74.07088,16.57979],[74.07505,16.58117],[74.07703,16.58262],[74.07767,16.58397],[74.07857,16.58472],[74.07962,16.58655]]]]}},{"type":"Feature","properties":{"lgdCode":"178809","name":"Mhalunge","blockCode":"4287","blockName":"Karvir","areaHectares":650.3382,"memberVillagesDrawn":["567450"],"memberVillagesNotDrawn":[]},"geometry":{"type":"MultiPolygon","coordinates":[[[[74.13494,16.54763],[74.1366,16.54786],[74.1376,16.54843],[74.14208,16.55156],[74.1435,16.55403],[74.14723,16.55672],[74.14989,16.55765],[74.15168,16.55901],[74.15142,16.55641],[74.15419,16.54915],[74.15935,16.5452],[74.16279,16.5416],[74.16194,16.54117],[74.15863,16.53736],[74.15786,16.53342],[74.15762,16.52983],[74.15432,16.52797],[74.15379,16.529],[74.1523,16.52944],[74.1514,16.52947],[74.15113,16.52902],[74.15029,16.52917],[74.14948,16.52868],[74.14927,16.52901],[74.14884,16.52898],[74.14734,16.52839],[74.14692,16.52868],[74.14589,16.52858],[74.14586,16.52903],[74.14515,16.529],[74.14472,16.52963],[74.14405,16.52932],[74.14374,16.5297],[74.14096,16.5305],[74.13793,16.53064],[74.13332,16.53021],[74.13321,16.53293],[74.13513,16.53871],[74.13491,16.53882],[74.13543,16.54142],[74.13561,16.54351],[74.13516,16.54404],[74.13524,16.54626],[74.13494,16.54763]]]]}},{"type":"Feature","properties":{"lgdCode":"178810","name":"Mharul","blockCode":"4287","blockName":"Karvir","areaHectares":300.2375,"memberVillagesDrawn":["567474"],"memberVillagesNotDrawn":[]},"geometry":{"type":"MultiPolygon","coordinates":[[[[74.10504,16.67378],[74.10596,16.67314],[74.1065,16.67206],[74.10656,16.66961],[74.10944,16.66722],[74.11002,16.66606],[74.1099,16.66558],[74.10708,16.66342],[74.10401,16.66024],[74.10009,16.65829],[74.0986,16.65853],[74.09617,16.65599],[74.09301,16.65402],[74.09241,16.65557],[74.09134,16.65573],[74.08943,16.66006],[74.08913,16.66157],[74.08717,16.66467],[74.08732,16.66495],[74.08778,16.66508],[74.08868,16.66703],[74.08951,16.66764],[74.09047,16.66769],[74.09282,16.66888],[74.09515,16.67147],[74.09607,16.6716],[74.09571,16.67096],[74.09603,16.67058],[74.0976,16.67101],[74.09733,16.67237],[74.09874,16.67353],[74.0991,16.67338],[74.0995,16.67217],[74.09986,16.67211],[74.10039,16.67222],[74.1015,16.67444],[74.10256,16.67369],[74.10504,16.67378]]]]}},{"type":"Feature","properties":{"lgdCode":"178811","name":"Morewadi","blockCode":"4287","blockName":"Karvir","areaHectares":237.057,"memberVillagesDrawn":["567501"],"memberVillagesNotDrawn":[]},"geometry":{"type":"MultiPolygon","coordinates":[[[[74.2399,16.66215],[74.24487,16.66352],[74.24874,16.66529],[74.25077,16.66575],[74.25889,16.66519],[74.2611,16.66464],[74.26156,16.66394],[74.26103,16.66364],[74.25963,16.66163],[74.25998,16.66126],[74.26005,16.66024],[74.26042,16.66026],[74.26158,16.65823],[74.25886,16.65632],[74.2549,16.65473],[74.24973,16.65086],[74.24892,16.64972],[74.24817,16.64992],[74.24669,16.6518],[74.24675,16.65327],[74.24623,16.65371],[74.24594,16.65466],[74.24549,16.65511],[74.24492,16.65513],[74.24475,16.65619],[74.24423,16.65662],[74.24394,16.65838],[74.2428,16.65872],[74.24206,16.6595],[74.24161,16.65933],[74.2399,16.66215]]]]}},{"type":"Feature","properties":{"lgdCode":"178812","name":"Mudashingi","blockCode":"4287","blockName":"Karvir","areaHectares":1398.8682,"memberVillagesDrawn":["567411"],"memberVillagesNotDrawn":[]},"geometry":{"type":"MultiPolygon","coordinates":[[[[74.32612,16.69428],[74.32638,16.69406],[74.32391,16.68295],[74.3219,16.66717],[74.31711,16.66407],[74.31136,16.66489],[74.30583,16.66659],[74.30158,16.6655],[74.29499,16.66618],[74.28986,16.66608],[74.28936,16.66991],[74.29041,16.67361],[74.28964,16.67376],[74.29045,16.67707],[74.29089,16.68073],[74.29344,16.68414],[74.29378,16.68594],[74.29341,16.6883],[74.29538,16.68811],[74.29498,16.68843],[74.29583,16.69517],[74.29593,16.69897],[74.29583,16.70036],[74.29529,16.70114],[74.29428,16.7051],[74.30762,16.70534],[74.31367,16.70498],[74.31877,16.70614],[74.3189,16.70281],[74.31868,16.70269],[74.31975,16.69934],[74.32214,16.6943],[74.32452,16.6939],[74.32612,16.69428]]]]}},{"type":"Feature","properties":{"lgdCode":"178813","name":"Nagdeowadi","blockCode":"4287","blockName":"Karvir","areaHectares":257.7855,"memberVillagesDrawn":["567387"],"memberVillagesNotDrawn":[]},"geometry":{"type":"MultiPolygon","coordinates":[[[[74.19064,16.68645],[74.19022,16.68658],[74.18966,16.68626],[74.18953,16.68508],[74.18986,16.68489],[74.1893,16.68319],[74.18852,16.68341],[74.18864,16.68266],[74.18759,16.68263],[74.18743,16.684],[74.18709,16.68404],[74.18663,16.68477],[74.18467,16.68473],[74.18323,16.68542],[74.18322,16.686],[74.18354,16.6861],[74.18333,16.68664],[74.18704,16.68796],[74.18682,16.68948],[74.18759,16.69004],[74.18818,16.69205],[74.1913,16.69162],[74.19209,16.69038],[74.19064,16.68645]]],[[[74.16723,16.70149],[74.16827,16.70153],[74.16819,16.70198],[74.16859,16.70189],[74.17108,16.69982],[74.17213,16.70059],[74.17242,16.70008],[74.17339,16.69998],[74.17383,16.70184],[74.17501,16.70234],[74.17853,16.70206],[74.17881,16.70023],[74.17977,16.70028],[74.1798,16.69962],[74.18027,16.69971],[74.18038,16.70041],[74.18098,16.70033],[74.18099,16.69967],[74.18141,16.69987],[74.18171,16.6983],[74.18263,16.69651],[74.18338,16.69752],[74.18534,16.69743],[74.18611,16.6977],[74.18662,16.69641],[74.18752,16.69575],[74.18799,16.6933],[74.18492,16.69243],[74.18489,16.69195],[74.18265,16.69161],[74.18258,16.69222],[74.18101,16.69257],[74.1798,16.69124],[74.17645,16.69076],[74.17154,16.69086],[74.16754,16.69181],[74.16746,16.69123],[74.16523,16.69127],[74.16687,16.69494],[74.16685,16.69841],[74.16723,16.70149]]]]}},{"type":"Feature","properties":{"lgdCode":"178814","name":"Nagaon","blockCode":"4287","blockName":"Karvir","areaHectares":414.5019,"memberVillagesDrawn":["567431"],"memberVillagesNotDrawn":[]},"geometry":{"type":"MultiPolygon","coordinates":[[[[74.19434,16.55919],[74.19761,16.55967],[74.1988,16.5583],[74.19946,16.55689],[74.19997,16.55658],[74.20005,16.55407],[74.20069,16.55369],[74.20119,16.55248],[74.20214,16.55135],[74.20242,16.55062],[74.20177,16.5495],[74.20296,16.54835],[74.20316,16.54759],[74.20293,16.54704],[74.20205,16.54689],[74.20238,16.54614],[74.20211,16.54449],[74.20276,16.54336],[74.20262,16.54291],[74.20421,16.54063],[74.20469,16.54063],[74.2048,16.5402],[74.20525,16.5404],[74.20587,16.53992],[74.20552,16.5395],[74.20598,16.53869],[74.2038,16.53823],[74.20185,16.53864],[74.20079,16.53842],[74.20059,16.53873],[74.19895,16.53796],[74.19817,16.53822],[74.19721,16.53806],[74.19614,16.53733],[74.19545,16.53639],[74.19419,16.53361],[74.19273,16.53157],[74.19192,16.53221],[74.18956,16.53666],[74.18867,16.53943],[74.1886,16.54067],[74.18803,16.54109],[74.18729,16.54294],[74.18552,16.54468],[74.18431,16.54849],[74.18372,16.5483],[74.18321,16.54932],[74.18182,16.55056],[74.18139,16.5506],[74.1813,16.55299],[74.18137,16.55323],[74.18563,16.55364],[74.18787,16.55442],[74.19052,16.55577],[74.19049,16.55663],[74.19346,16.55755],[74.19293,16.55909],[74.19435,16.55882],[74.19434,16.55919]]]]}},{"type":"Feature","properties":{"lgdCode":"178815","name":"Nandgaon","blockCode":"4287","blockName":"Karvir","areaHectares":594.4695,"memberVillagesDrawn":["567429"],"memberVillagesNotDrawn":[]},"geometry":{"type":"MultiPolygon","coordinates":[[[[74.21834,16.56722],[74.22067,16.56705],[74.22218,16.56617],[74.22237,16.56537],[74.22118,16.56087],[74.22077,16.55194],[74.22105,16.55006],[74.2215,16.54937],[74.22111,16.54888],[74.22111,16.54791],[74.22179,16.54796],[74.2226,16.54675],[74.22361,16.54706],[74.2239,16.54667],[74.22293,16.54395],[74.22155,16.54308],[74.2214,16.54184],[74.22074,16.54121],[74.21921,16.53835],[74.21824,16.53817],[74.21695,16.53844],[74.21264,16.5408],[74.21116,16.54107],[74.21027,16.54087],[74.20807,16.53929],[74.20598,16.53869],[74.20552,16.5395],[74.20587,16.53992],[74.20525,16.5404],[74.2048,16.5402],[74.20469,16.54063],[74.20421,16.54063],[74.20262,16.54291],[74.20276,16.54336],[74.20211,16.54449],[74.20238,16.54614],[74.20205,16.54689],[74.20293,16.54704],[74.20316,16.54759],[74.20296,16.54835],[74.20177,16.5495],[74.20242,16.55062],[74.20069,16.55369],[74.20005,16.55407],[74.19997,16.55658],[74.19946,16.55689],[74.1988,16.5583],[74.19761,16.55967],[74.1986,16.56037],[74.20147,16.56141],[74.20571,16.56223],[74.20906,16.56338],[74.21175,16.56545],[74.21298,16.56541],[74.21406,16.56592],[74.21828,16.56662],[74.21834,16.56722]]]]}},{"type":"Feature","properties":{"lgdCode":"178816","name":"Nandawal","blockCode":"4287","blockName":"Karvir","areaHectares":482.7081,"memberVillagesDrawn":["567441"],"memberVillagesNotDrawn":[]},"geometry":{"type":"MultiPolygon","coordinates":[[[[74.19313,16.63037],[74.19334,16.63005],[74.19285,16.62996],[74.1928,16.62958],[74.19319,16.62957],[74.19379,16.62575],[74.19883,16.619],[74.2005,16.61589],[74.20073,16.61482],[74.19987,16.61283],[74.19767,16.61055],[74.19586,16.60919],[74.19526,16.60994],[74.19475,16.60998],[74.19434,16.61052],[74.19366,16.61066],[74.19322,16.61133],[74.19281,16.61134],[74.19092,16.61351],[74.18353,16.6137],[74.1757,16.61497],[74.17606,16.61798],[74.17574,16.61869],[74.17419,16.62014],[74.17238,16.62486],[74.17274,16.62501],[74.17252,16.62837],[74.17331,16.62888],[74.18206,16.63187],[74.18385,16.63205],[74.18791,16.63168],[74.19225,16.63036],[74.19313,16.63037]]]]}},{"type":"Feature","properties":{"lgdCode":"178817","name":"Nerli","blockCode":"4287","blockName":"Karvir","areaHectares":2592.4389,"memberVillagesDrawn":["567419"],"memberVillagesNotDrawn":[]},"geometry":{"type":"MultiPolygon","coordinates":[[[[74.31936,16.62556],[74.31782,16.61933],[74.31812,16.61817],[74.31766,16.61537],[74.31664,16.61319],[74.31112,16.6141],[74.30957,16.61409],[74.30774,16.61467],[74.3065,16.61467],[74.30517,16.61376],[74.30417,16.61435],[74.30342,16.61432],[74.29976,16.61122],[74.29835,16.61082],[74.29884,16.61612],[74.29829,16.61973],[74.29883,16.62646],[74.29873,16.63119],[74.30096,16.63091],[74.30173,16.63127],[74.30186,16.63226],[74.304,16.63241],[74.30455,16.62973],[74.30537,16.62976],[74.30452,16.62786],[74.30503,16.62761],[74.3055,16.62656],[74.3067,16.62614],[74.30707,16.62244],[74.30909,16.6222],[74.30911,16.6232],[74.30997,16.62389],[74.3103,16.62309],[74.31088,16.62295],[74.31104,16.62375],[74.31297,16.62384],[74.3129,16.62344],[74.31367,16.62364],[74.31387,16.62668],[74.31466,16.62679],[74.31434,16.62858],[74.31498,16.62881],[74.31543,16.62865],[74.31549,16.62697],[74.31725,16.62689],[74.31936,16.62556]]],[[[74.31664,16.61319],[74.31609,16.6121],[74.31688,16.6108],[74.31852,16.61085],[74.31933,16.6116],[74.31988,16.61045],[74.32262,16.61081],[74.3241,16.61055],[74.32483,16.612],[74.32696,16.61213],[74.3284,16.61156],[74.32851,16.61267],[74.32883,16.61282],[74.33039,16.61201],[74.33061,16.61149],[74.33027,16.61119],[74.33089,16.6102],[74.33245,16.60984],[74.33334,16.61055],[74.33423,16.60967],[74.33555,16.60951],[74.33594,16.60994],[74.3372,16.60657],[74.33743,16.60202],[74.33883,16.60111],[74.33823,16.5981],[74.3378,16.59737],[74.33908,16.59634],[74.33998,16.59498],[74.33924,16.59069],[74.33909,16.58597],[74.33949,16.58506],[74.3389,16.58078],[74.33694,16.57744],[74.33523,16.57585],[74.33338,16.57206],[74.33348,16.57018],[74.33297,16.56459],[74.33102,16.55458],[74.33036,16.55277],[74.32933,16.55411],[74.32697,16.55572],[74.32379,16.55689],[74.32159,16.55548],[74.31811,16.5539],[74.31752,16.55456],[74.31583,16.5551],[74.31483,16.55639],[74.31306,16.55662],[74.31153,16.55631],[74.31038,16.55557],[74.31039,16.55471],[74.30998,16.55443],[74.30927,16.5546],[74.30717,16.55872],[74.30623,16.55974],[74.30441,16.55964],[74.30389,16.56023],[74.30355,16.56197],[74.30242,16.56254],[74.30135,16.56286],[74.29835,16.5626],[74.29502,16.56301],[74.29295,16.56285],[74.29372,16.56529],[74.29305,16.57147],[74.29308,16.57504],[74.29359,16.57713],[74.29324,16.57754],[74.29341,16.57873],[74.29318,16.57916],[74.29373,16.57968],[74.29354,16.58027],[74.29458,16.58122],[74.2948,16.58416],[74.29546,16.58506],[74.29522,16.58624],[74.29425,16.5872],[74.29393,16.58712],[74.29368,16.58816],[74.29243,16.58816],[74.29168,16.59113],[74.28883,16.59615],[74.28493,16.59943],[74.2823,16.60267],[74.28444,16.60357],[74.28472,16.60447],[74.28565,16.60467],[74.28544,16.60563],[74.28767,16.60696],[74.28887,16.6087],[74.28874,16.60983],[74.28974,16.61079],[74.29079,16.61039],[74.29132,16.60916],[74.29198,16.60903],[74.29396,16.60952],[74.29486,16.61103],[74.29538,16.61113],[74.29603,16.61059],[74.29676,16.61051],[74.29976,16.61122],[74.30342,16.61432],[74.30417,16.61435],[74.30517,16.61376],[74.3065,16.61467],[74.31664,16.61319]],[[74.31953,16.56247],[74.3256,16.5677],[74.32861,16.57991],[74.32835,16.58599],[74.31964,16.58902],[74.31103,16.58914],[74.30541,16.58386],[74.30533,16.56949],[74.30972,16.56227],[74.31953,16.56247]]]]}},{"type":"Feature","properties":{"lgdCode":"178818","name":"Nigave Dumala","blockCode":"4287","blockName":"Karvir","areaHectares":678.1756,"memberVillagesDrawn":["567398"],"memberVillagesNotDrawn":[]},"geometry":{"type":"MultiPolygon","coordinates":[[[[74.21252,16.76168],[74.21255,16.76135],[74.21464,16.7596],[74.21786,16.75837],[74.22137,16.75761],[74.22393,16.7563],[74.22477,16.75651],[74.22616,16.75569],[74.2267,16.75587],[74.22836,16.75546],[74.23032,16.75598],[74.23161,16.7551],[74.23232,16.75493],[74.23288,16.7553],[74.23437,16.75489],[74.23525,16.754],[74.23524,16.7535],[74.23691,16.75291],[74.23784,16.7536],[74.23791,16.75242],[74.23526,16.7399],[74.23376,16.73975],[74.22862,16.74066],[74.22593,16.74068],[74.22436,16.7421],[74.2152,16.74416],[74.20694,16.74534],[74.2005,16.74448],[74.19737,16.7458],[74.1977,16.74908],[74.19686,16.74929],[74.19578,16.75108],[74.19617,16.75538],[74.19596,16.75676],[74.19929,16.75623],[74.20131,16.75634],[74.20608,16.75855],[74.20814,16.75981],[74.20798,16.76005],[74.20828,16.76028],[74.2085,16.75998],[74.21019,16.76103],[74.21252,16.76168]]]]}},{"type":"Feature","properties":{"lgdCode":"178819","name":"Nigave Khalasa","blockCode":"4287","blockName":"Karvir","areaHectares":850.64,"memberVillagesDrawn":["567436"],"memberVillagesNotDrawn":[]},"geometry":{"type":"MultiPolygon","coordinates":[[[[74.12466,16.52424],[74.12702,16.52514],[74.13129,16.52794],[74.1326,16.52799],[74.13341,16.52719],[74.13543,16.52647],[74.13725,16.5239],[74.14433,16.52307],[74.14821,16.52144],[74.1502,16.51515],[74.15129,16.51352],[74.15408,16.5117],[74.15587,16.511],[74.15667,16.51106],[74.15635,16.50956],[74.15662,16.50668],[74.15532,16.50332],[74.15262,16.50185],[74.15154,16.50071],[74.15108,16.49978],[74.15039,16.49599],[74.14881,16.495],[74.14801,16.49292],[74.14635,16.49244],[74.1458,16.4917],[74.14427,16.49135],[74.14325,16.49235],[74.14263,16.49413],[74.14193,16.49408],[74.14185,16.49493],[74.14059,16.49502],[74.14036,16.49546],[74.13899,16.4961],[74.13885,16.49659],[74.13823,16.49644],[74.13773,16.49725],[74.13581,16.49726],[74.13335,16.49902],[74.13331,16.49848],[74.13264,16.4991],[74.13207,16.49827],[74.13159,16.49815],[74.1303,16.49871],[74.12937,16.49865],[74.12932,16.49928],[74.12863,16.49947],[74.12802,16.50024],[74.12824,16.50093],[74.1287,16.5009],[74.12876,16.50117],[74.12774,16.50248],[74.12816,16.50326],[74.12814,16.50792],[74.12774,16.50866],[74.12713,16.51236],[74.12718,16.51466],[74.12654,16.51916],[74.12465,16.52187],[74.12466,16.52424]]]]}},{"type":"Feature","properties":{"lgdCode":"178820","name":"Nitawade","blockCode":"4287","blockName":"Karvir","areaHectares":128.5373,"memberVillagesDrawn":["567395"],"memberVillagesNotDrawn":[]},"geometry":{"type":"MultiPolygon","coordinates":[[[[74.15065,16.754],[74.15068,16.75133],[74.15118,16.75065],[74.15127,16.74945],[74.15331,16.74571],[74.15328,16.74417],[74.15267,16.743],[74.15065,16.74095],[74.15035,16.73968],[74.14323,16.74021],[74.14169,16.74125],[74.14176,16.74315],[74.1413,16.74456],[74.14345,16.74607],[74.1442,16.74698],[74.14452,16.74928],[74.14612,16.75185],[74.14913,16.75353],[74.15065,16.754]]]]}},{"type":"Feature","properties":{"lgdCode":"178821","name":"Padali Budruk","blockCode":"4287","blockName":"Karvir","areaHectares":422.9322,"memberVillagesDrawn":["567383"],"memberVillagesNotDrawn":[]},"geometry":{"type":"MultiPolygon","coordinates":[[[[74.15035,16.73968],[74.15253,16.73973],[74.15954,16.7416],[74.16444,16.74093],[74.1689,16.74112],[74.16978,16.74095],[74.17117,16.74007],[74.1739,16.7399],[74.17874,16.74029],[74.17955,16.73934],[74.18112,16.73522],[74.17884,16.73453],[74.17414,16.73572],[74.16942,16.73532],[74.16611,16.73264],[74.16363,16.72961],[74.16217,16.72667],[74.16191,16.72701],[74.1609,16.72684],[74.15872,16.72715],[74.15573,16.72673],[74.15381,16.72681],[74.15011,16.72887],[74.14772,16.72824],[74.14184,16.72827],[74.14174,16.73238],[74.14529,16.73631],[74.1457,16.73763],[74.1459,16.73937],[74.14512,16.74002],[74.15035,16.73968]]]]}},{"type":"Feature","properties":{"lgdCode":"178822","name":"Padali Khalasa","blockCode":"4287","blockName":"Karvir","areaHectares":800.4439,"memberVillagesDrawn":["567389"],"memberVillagesNotDrawn":[]},"geometry":{"type":"MultiPolygon","coordinates":[[[[74.18467,16.68473],[74.18663,16.68477],[74.18709,16.68404],[74.18743,16.684],[74.18759,16.68263],[74.18708,16.68186],[74.18737,16.68096],[74.18533,16.68068],[74.1854,16.68018],[74.18479,16.68009],[74.18485,16.67974],[74.18336,16.6793],[74.1835,16.67829],[74.18321,16.67651],[74.18279,16.67652],[74.18268,16.67577],[74.18309,16.67501],[74.18368,16.67056],[74.18314,16.66411],[74.17305,16.66395],[74.16685,16.66342],[74.16114,16.66243],[74.16117,16.66002],[74.15291,16.65467],[74.15191,16.66047],[74.15644,16.66162],[74.15689,16.66131],[74.15771,16.66145],[74.15841,16.66235],[74.15929,16.66255],[74.15951,16.66428],[74.1572,16.66432],[74.1563,16.66502],[74.15561,16.6663],[74.15511,16.66666],[74.15429,16.66663],[74.1533,16.66735],[74.15313,16.66821],[74.15177,16.67035],[74.15064,16.67391],[74.15364,16.67437],[74.15442,16.67536],[74.15942,16.67911],[74.16263,16.68393],[74.16439,16.68867],[74.16483,16.68808],[74.1659,16.68811],[74.16809,16.6875],[74.17199,16.68757],[74.17481,16.68799],[74.17571,16.68754],[74.17575,16.68672],[74.1786,16.68678],[74.17862,16.68621],[74.18074,16.6862],[74.18078,16.68589],[74.17909,16.68593],[74.17927,16.68535],[74.18091,16.68475],[74.18121,16.68555],[74.18207,16.68543],[74.18163,16.68444],[74.18176,16.6839],[74.18258,16.68365],[74.18278,16.68322],[74.18447,16.6841],[74.18467,16.68473]]]]}},{"type":"Feature","properties":{"lgdCode":"178823","name":"Padvalwadi","blockCode":"4287","blockName":"Karvir","areaHectares":426.409,"memberVillagesDrawn":["567393"],"memberVillagesNotDrawn":[]},"geometry":{"type":"MultiPolygon","coordinates":[[[[74.1529,16.79494],[74.15231,16.79577],[74.15177,16.79594],[74.15106,16.7975],[74.14961,16.79731],[74.14898,16.79762],[74.14915,16.79815],[74.14949,16.79795],[74.15007,16.79835],[74.15018,16.79905],[74.14945,16.80116],[74.15266,16.79955],[74.15321,16.79982],[74.15378,16.79965],[74.15388,16.79877],[74.15599,16.7996],[74.15599,16.79773],[74.15675,16.79705],[74.15701,16.79708],[74.15692,16.79777],[74.15741,16.79918],[74.15828,16.79987],[74.15841,16.7991],[74.15909,16.79876],[74.16289,16.79774],[74.16291,16.79835],[74.16392,16.79783],[74.17047,16.79293],[74.17182,16.79226],[74.17333,16.78766],[74.17584,16.78333],[74.17587,16.78055],[74.17377,16.78105],[74.17341,16.78058],[74.17247,16.78275],[74.16851,16.78266],[74.16765,16.78209],[74.16602,16.78228],[74.16568,16.78108],[74.16455,16.78059],[74.16485,16.77958],[74.16389,16.77872],[74.16325,16.77752],[74.16257,16.77762],[74.16128,16.77658],[74.16102,16.77701],[74.16125,16.77719],[74.16105,16.77751],[74.16141,16.77774],[74.16124,16.77858],[74.16044,16.77885],[74.15952,16.77869],[74.15903,16.78229],[74.15832,16.78464],[74.15741,16.78299],[74.15684,16.78287],[74.15698,16.78221],[74.15583,16.78205],[74.15553,16.78116],[74.154,16.78137],[74.15372,16.77975],[74.15583,16.77942],[74.15678,16.77747],[74.15547,16.7778],[74.15527,16.77702],[74.15653,16.77673],[74.15506,16.77457],[74.15345,16.77456],[74.15358,16.77391],[74.15443,16.77379],[74.15441,16.77327],[74.15513,16.77344],[74.15513,16.77309],[74.15554,16.77304],[74.15602,16.77153],[74.1558,16.76914],[74.15233,16.7694],[74.15206,16.77132],[74.15271,16.778],[74.15327,16.77964],[74.15298,16.77967],[74.15406,16.78581],[74.15432,16.78929],[74.15377,16.79272],[74.1529,16.79494]]]]}},{"type":"Feature","properties":{"lgdCode":"178824","name":"Panchgaon","blockCode":"4287","blockName":"Karvir","areaHectares":609.8905,"memberVillagesDrawn":["567500"],"memberVillagesNotDrawn":[]},"geometry":{"type":"MultiPolygon","coordinates":[[[[74.21887,16.66271],[74.21973,16.66299],[74.22329,16.66266],[74.22331,16.66333],[74.2248,16.66337],[74.22564,16.6637],[74.2258,16.66409],[74.22756,16.66373],[74.2314,16.66366],[74.23294,16.66266],[74.2331,16.6618],[74.2399,16.66215],[74.24161,16.65933],[74.24206,16.6595],[74.2428,16.65872],[74.24394,16.65838],[74.24423,16.65662],[74.24475,16.65619],[74.24492,16.65513],[74.24549,16.65511],[74.24594,16.65466],[74.24623,16.65371],[74.24675,16.65327],[74.24669,16.6518],[74.24817,16.64992],[74.24892,16.64972],[74.24605,16.64458],[74.24473,16.64337],[74.24084,16.64208],[74.23895,16.6409],[74.23542,16.63755],[74.23514,16.63803],[74.23005,16.63693],[74.22807,16.63696],[74.22713,16.64039],[74.22676,16.64621],[74.22475,16.6485],[74.2221,16.65051],[74.22109,16.6554],[74.21979,16.65869],[74.21887,16.66271]]]]}},{"type":"Feature","properties":{"lgdCode":"178825","name":"Parite","blockCode":"4287","blockName":"Karvir","areaHectares":755.3006,"memberVillagesDrawn":["567451"],"memberVillagesNotDrawn":[]},"geometry":{"type":"MultiPolygon","coordinates":[[[[74.111,16.55205],[74.12076,16.55159],[74.12134,16.5505],[74.12129,16.54867],[74.12183,16.54831],[74.12552,16.54794],[74.13192,16.54802],[74.13341,16.5476],[74.13494,16.54763],[74.13524,16.54626],[74.13516,16.54404],[74.13561,16.54351],[74.13491,16.53882],[74.13513,16.53871],[74.13321,16.53293],[74.13344,16.53089],[74.13315,16.5288],[74.1326,16.52799],[74.13129,16.52794],[74.12606,16.52463],[74.12466,16.52424],[74.12465,16.52517],[74.1243,16.52508],[74.12116,16.52356],[74.11936,16.52217],[74.11362,16.52047],[74.11176,16.52008],[74.11052,16.52065],[74.1098,16.52152],[74.1069,16.52225],[74.10703,16.52423],[74.10778,16.52604],[74.10736,16.52759],[74.10634,16.52862],[74.10567,16.53001],[74.10566,16.53374],[74.10528,16.5356],[74.10715,16.53657],[74.11245,16.53759],[74.11379,16.53822],[74.11421,16.53899],[74.11338,16.54047],[74.11448,16.54432],[74.11445,16.54628],[74.11327,16.54865],[74.11115,16.551],[74.111,16.55205]]]]}},{"type":"Feature","properties":{"lgdCode":"178826","name":"Pasarde","blockCode":"4287","blockName":"Karvir","areaHectares":576.877,"memberVillagesDrawn":["567478"],"memberVillagesNotDrawn":[]},"geometry":{"type":"MultiPolygon","coordinates":[[[[74.04624,16.66433],[74.05858,16.67423],[74.06377,16.66977],[74.06672,16.66485],[74.0683,16.66368],[74.06964,16.66199],[74.07007,16.66082],[74.0709,16.65977],[74.07087,16.65917],[74.07146,16.65894],[74.07069,16.65847],[74.07019,16.65766],[74.06852,16.65694],[74.06845,16.65576],[74.06807,16.65529],[74.06613,16.65495],[74.06619,16.65334],[74.06573,16.65274],[74.06455,16.65205],[74.06371,16.65198],[74.06297,16.6509],[74.0619,16.65034],[74.06124,16.64933],[74.06049,16.64908],[74.06054,16.64777],[74.05997,16.64769],[74.05962,16.64955],[74.05881,16.64943],[74.05853,16.64853],[74.05879,16.64727],[74.05777,16.64649],[74.05673,16.64633],[74.05668,16.64595],[74.0572,16.64527],[74.0567,16.64473],[74.05649,16.64509],[74.05592,16.6451],[74.05538,16.6443],[74.05408,16.64461],[74.05309,16.64423],[74.05279,16.64343],[74.0522,16.64342],[74.05027,16.64571],[74.05035,16.64709],[74.04915,16.6494],[74.04856,16.64972],[74.04742,16.65135],[74.04224,16.65657],[74.04624,16.66433]]]]}},{"type":"Feature","properties":{"lgdCode":"178827","name":"Patekarwadi","blockCode":"4287","blockName":"Karvir","areaHectares":81.9194,"memberVillagesDrawn":["567469"],"memberVillagesNotDrawn":[]},"geometry":{"type":"MultiPolygon","coordinates":[[[[74.08167,16.59477],[74.0818,16.59678],[74.08252,16.59715],[74.08624,16.5953],[74.08731,16.59596],[74.08815,16.59579],[74.09066,16.59412],[74.09151,16.59402],[74.0915,16.59376],[74.09058,16.59328],[74.0907,16.59268],[74.09033,16.59179],[74.08961,16.59187],[74.0887,16.59115],[74.08884,16.59066],[74.08826,16.58952],[74.08595,16.58939],[74.08594,16.58897],[74.08638,16.58889],[74.08628,16.58856],[74.08542,16.58847],[74.08438,16.58632],[74.08341,16.58629],[74.08254,16.58682],[74.08032,16.58727],[74.07962,16.58655],[74.0807,16.58854],[74.08167,16.59477]]]]}},{"type":"Feature","properties":{"lgdCode":"178828","name":"Rajaputwadi","blockCode":"4287","blockName":"Karvir","areaHectares":127.6612,"memberVillagesDrawn":["567406"],"memberVillagesNotDrawn":[]},"geometry":{"type":"MultiPolygon","coordinates":[[[[74.18666,16.73949],[74.18911,16.74105],[74.18935,16.74106],[74.19016,16.74175],[74.19034,16.74367],[74.19073,16.74416],[74.19186,16.74515],[74.19294,16.74642],[74.19369,16.74721],[74.19445,16.74743],[74.19593,16.74761],[74.19568,16.74627],[74.19552,16.74484],[74.19565,16.74241],[74.19555,16.73888],[74.19572,16.7374],[74.19631,16.73518],[74.1965,16.73503],[74.1969,16.73349],[74.19725,16.73289],[74.1979,16.73108],[74.19848,16.72932],[74.19875,16.72869],[74.199,16.72786],[74.19933,16.7261],[74.19984,16.7246],[74.20009,16.72462],[74.2002,16.72406],[74.20041,16.72408],[74.20055,16.72351],[74.20038,16.72303],[74.19884,16.72518],[74.19835,16.72576],[74.19732,16.7272],[74.19649,16.72818],[74.19488,16.72973],[74.19377,16.73098],[74.19269,16.73237],[74.19094,16.7343],[74.18992,16.73564],[74.1889,16.73707],[74.18767,16.73831],[74.18666,16.73949]]]]}},{"type":"Feature","properties":{"lgdCode":"178829","name":"Sabalewadi","blockCode":"4287","blockName":"Karvir","areaHectares":208.1888,"memberVillagesDrawn":["567386"],"memberVillagesNotDrawn":[]},"geometry":{"type":"MultiPolygon","coordinates":[[[[74.16723,16.70149],[74.16685,16.69841],[74.16687,16.69494],[74.16618,16.69371],[74.15895,16.69495],[74.15535,16.69521],[74.15523,16.69705],[74.15551,16.69719],[74.1555,16.69774],[74.15391,16.69797],[74.15404,16.69843],[74.15484,16.69836],[74.15475,16.69942],[74.15513,16.6999],[74.15496,16.7022],[74.15561,16.70223],[74.15557,16.70259],[74.15493,16.70258],[74.15417,16.70467],[74.15427,16.70547],[74.15301,16.70612],[74.15315,16.70641],[74.15529,16.70638],[74.15613,16.70785],[74.1578,16.70834],[74.15785,16.70892],[74.16218,16.70855],[74.16645,16.70899],[74.16806,16.70847],[74.16855,16.70864],[74.16723,16.70149]]]]}},{"type":"Feature","properties":{"lgdCode":"178830","name":"Sadale Madale","blockCode":"4287","blockName":"Karvir","areaHectares":244.2863,"memberVillagesDrawn":["567401"],"memberVillagesNotDrawn":[]},"geometry":{"type":"MultiPolygon","coordinates":[[[[74.24405,16.80458],[74.245,16.79588],[74.24835,16.79682],[74.24961,16.79638],[74.24922,16.79534],[74.24866,16.79518],[74.24853,16.79419],[74.25034,16.79221],[74.25069,16.79034],[74.25035,16.79001],[74.24899,16.79006],[74.24831,16.79082],[74.24484,16.79059],[74.24003,16.79323],[74.23911,16.79326],[74.23785,16.7904],[74.23609,16.78919],[74.23362,16.7912],[74.23082,16.7899],[74.22977,16.79509],[74.22867,16.79645],[74.22934,16.7984],[74.23236,16.79802],[74.23185,16.80373],[74.23446,16.80311],[74.23688,16.80392],[74.24405,16.80458]]]]}},{"type":"Feature","properties":{"lgdCode":"178831","name":"Sadoli Dumala","blockCode":"4287","blockName":"Karvir","areaHectares":298.7632,"memberVillagesDrawn":["567486"],"memberVillagesNotDrawn":[]},"geometry":{"type":"MultiPolygon","coordinates":[[[[74.09991,16.61027],[74.10037,16.6088],[74.10227,16.60762],[74.10407,16.6054],[74.10491,16.60091],[74.10506,16.59375],[74.10427,16.593],[74.10377,16.59135],[74.103,16.59089],[74.10074,16.59087],[74.09836,16.59026],[74.09748,16.59068],[74.09698,16.59182],[74.09465,16.59424],[74.09463,16.59511],[74.09532,16.59665],[74.0952,16.59717],[74.09442,16.59763],[74.09434,16.59848],[74.09383,16.59865],[74.09437,16.59915],[74.09448,16.60041],[74.09353,16.60126],[74.09352,16.60181],[74.09282,16.60222],[74.09305,16.60369],[74.09244,16.60415],[74.09266,16.60642],[74.09191,16.60669],[74.09155,16.60652],[74.09132,16.60714],[74.09195,16.60818],[74.09181,16.60973],[74.09219,16.61019],[74.09201,16.61207],[74.0891,16.61468],[74.08842,16.61569],[74.08762,16.61847],[74.09176,16.61785],[74.09392,16.61655],[74.0953,16.61613],[74.09647,16.61619],[74.0984,16.61384],[74.0985,16.61206],[74.09991,16.61027]]]]}},{"type":"Feature","properties":{"lgdCode":"178832","name":"Sadoli Khalasa","blockCode":"4287","blockName":"Karvir","areaHectares":445.2053,"memberVillagesDrawn":["567464"],"memberVillagesNotDrawn":[]},"geometry":{"type":"MultiPolygon","coordinates":[[[[74.14055,16.61479],[74.14138,16.61423],[74.146,16.61358],[74.14641,16.61496],[74.15335,16.61464],[74.15292,16.61377],[74.15186,16.61328],[74.14969,16.61097],[74.1493,16.60965],[74.1495,16.60911],[74.15154,16.60749],[74.1523,16.60736],[74.15352,16.60795],[74.15367,16.60717],[74.15185,16.60395],[74.15252,16.60113],[74.15243,16.59624],[74.15166,16.59473],[74.15029,16.59449],[74.14801,16.59479],[74.14693,16.59434],[74.14351,16.5905],[74.1429,16.59022],[74.14086,16.59022],[74.13829,16.59119],[74.13648,16.59056],[74.13641,16.59021],[74.13531,16.5904],[74.13387,16.59585],[74.13335,16.60262],[74.13366,16.60269],[74.13409,16.60361],[74.13447,16.6068],[74.13601,16.61052],[74.13648,16.61096],[74.13834,16.61146],[74.14055,16.61479]]]]}},{"type":"Feature","properties":{"lgdCode":"178833","name":"Sangawadewadi","blockCode":"4287","blockName":"Karvir","areaHectares":268.058,"memberVillagesDrawn":["567414"],"memberVillagesNotDrawn":[]},"geometry":{"type":"MultiPolygon","coordinates":[[[[74.3206,16.64201],[74.32098,16.64206],[74.32118,16.64062],[74.32169,16.64068],[74.32146,16.64212],[74.32207,16.64224],[74.32163,16.64379],[74.32274,16.64346],[74.3229,16.64404],[74.32363,16.64389],[74.3237,16.6431],[74.32407,16.64318],[74.32393,16.64473],[74.32201,16.64556],[74.32336,16.64585],[74.32498,16.64695],[74.32493,16.64741],[74.32587,16.64729],[74.3248,16.64541],[74.3252,16.64517],[74.32628,16.64598],[74.3279,16.64524],[74.32794,16.64498],[74.32861,16.64496],[74.32923,16.64878],[74.3307,16.64868],[74.33084,16.649],[74.3317,16.64899],[74.33159,16.64677],[74.33186,16.6468],[74.33196,16.64786],[74.33281,16.64794],[74.33282,16.65037],[74.33341,16.65039],[74.3335,16.65201],[74.33285,16.65207],[74.33279,16.65445],[74.33339,16.65476],[74.33356,16.65419],[74.33445,16.65422],[74.33503,16.65213],[74.33498,16.64701],[74.33556,16.64677],[74.33585,16.64607],[74.33526,16.64554],[74.33505,16.64479],[74.33866,16.64503],[74.33863,16.64565],[74.34096,16.64581],[74.34104,16.64614],[74.34567,16.64602],[74.34466,16.63508],[74.34394,16.63499],[74.34065,16.63652],[74.32716,16.63775],[74.3253,16.6384],[74.3212,16.63915],[74.3206,16.64201]]]]}},{"type":"Feature","properties":{"lgdCode":"178834","name":"Sangawade","blockCode":"4287","blockName":"Karvir","areaHectares":648.4581,"memberVillagesDrawn":["567413"],"memberVillagesNotDrawn":[]},"geometry":{"type":"MultiPolygon","coordinates":[[[[74.3219,16.66717],[74.32376,16.66598],[74.32996,16.66692],[74.338,16.66723],[74.34704,16.66617],[74.34725,16.66581],[74.34666,16.66551],[74.34687,16.66532],[74.34665,16.65749],[74.34567,16.64602],[74.34104,16.64614],[74.34096,16.64581],[74.33863,16.64565],[74.33866,16.64503],[74.33505,16.64479],[74.33526,16.64554],[74.33585,16.64607],[74.33556,16.64677],[74.33498,16.64701],[74.33503,16.65213],[74.33445,16.65422],[74.33356,16.65419],[74.33339,16.65476],[74.33279,16.65445],[74.33285,16.65207],[74.3335,16.65201],[74.33341,16.65039],[74.33282,16.65037],[74.33281,16.64794],[74.33196,16.64786],[74.33186,16.6468],[74.33159,16.64677],[74.3317,16.64899],[74.33084,16.649],[74.3307,16.64868],[74.32923,16.64878],[74.32861,16.64496],[74.32794,16.64498],[74.3279,16.64524],[74.32628,16.64598],[74.3252,16.64517],[74.3248,16.64541],[74.32587,16.64729],[74.32493,16.64741],[74.32498,16.64695],[74.32336,16.64585],[74.32201,16.64556],[74.32393,16.64473],[74.32407,16.64318],[74.3237,16.6431],[74.32363,16.64389],[74.3229,16.64404],[74.32274,16.64346],[74.32163,16.64379],[74.32207,16.64224],[74.32146,16.64212],[74.32169,16.64068],[74.32118,16.64062],[74.32098,16.64206],[74.3206,16.64201],[74.32006,16.6459],[74.32023,16.64812],[74.32001,16.64814],[74.31983,16.64984],[74.32047,16.65008],[74.32056,16.65134],[74.32024,16.6535],[74.31884,16.65915],[74.31842,16.66227],[74.31768,16.66331],[74.31745,16.6642],[74.3219,16.66717]]]]}},{"type":"Feature","properties":{"lgdCode":"178835","name":"Sangrul","blockCode":"4287","blockName":"Karvir","areaHectares":902.2623,"memberVillagesDrawn":["567472"],"memberVillagesNotDrawn":[]},"geometry":{"type":"MultiPolygon","coordinates":[[[[74.06996,16.69344],[74.07254,16.6949],[74.07374,16.69489],[74.07667,16.69195],[74.07841,16.69177],[74.08118,16.69069],[74.08548,16.693],[74.08984,16.69164],[74.09112,16.69182],[74.09353,16.69296],[74.09562,16.69303],[74.09625,16.69273],[74.0962,16.69333],[74.09837,16.69118],[74.09937,16.69058],[74.10299,16.69247],[74.10356,16.69244],[74.10352,16.69214],[74.10456,16.69156],[74.11012,16.69022],[74.1108,16.68883],[74.10949,16.68275],[74.10921,16.67965],[74.10846,16.67873],[74.10654,16.67867],[74.10452,16.67735],[74.10441,16.67426],[74.10504,16.67378],[74.10256,16.67369],[74.1015,16.67444],[74.10039,16.67222],[74.09986,16.67211],[74.0995,16.67217],[74.0991,16.67338],[74.09874,16.67353],[74.09733,16.67237],[74.0976,16.67101],[74.09603,16.67058],[74.09571,16.67096],[74.09607,16.6716],[74.09515,16.67147],[74.09282,16.66888],[74.09145,16.66808],[74.0874,16.66895],[74.08679,16.66969],[74.08506,16.66975],[74.08437,16.67071],[74.08356,16.67086],[74.08276,16.6717],[74.07952,16.67373],[74.07903,16.67508],[74.07783,16.67542],[74.0775,16.67515],[74.07618,16.67569],[74.07518,16.67522],[74.07288,16.67567],[74.07282,16.6759],[74.07201,16.67582],[74.07141,16.67626],[74.07039,16.67586],[74.06979,16.67772],[74.06946,16.67801],[74.06851,16.67792],[74.06857,16.6816],[74.06926,16.68254],[74.07016,16.68487],[74.07074,16.68521],[74.07099,16.68593],[74.07085,16.69005],[74.06917,16.69263],[74.06996,16.69344]]]]}},{"type":"Feature","properties":{"lgdCode":"178836","name":"Sarnobatwadi","blockCode":"4287","blockName":"Karvir","areaHectares":142.092,"memberVillagesDrawn":["567416"],"memberVillagesNotDrawn":[]},"geometry":{"type":"MultiPolygon","coordinates":[[[[74.26797,16.68337],[74.26867,16.68434],[74.26896,16.68592],[74.27072,16.6869],[74.27079,16.68862],[74.27206,16.68914],[74.2725,16.68963],[74.27461,16.69002],[74.27682,16.69161],[74.27653,16.69057],[74.277,16.69069],[74.27719,16.69029],[74.27672,16.68992],[74.27696,16.68618],[74.27821,16.68474],[74.27893,16.68107],[74.2791,16.6782],[74.28137,16.6772],[74.28167,16.6736],[74.28129,16.6729],[74.28004,16.67291],[74.28007,16.67346],[74.27835,16.6759],[74.27779,16.67567],[74.27493,16.67653],[74.27519,16.6756],[74.27491,16.6745],[74.27454,16.67434],[74.27446,16.67323],[74.27379,16.67328],[74.27377,16.67414],[74.27414,16.6747],[74.27422,16.67781],[74.27244,16.6776],[74.27188,16.67703],[74.27044,16.6776],[74.27139,16.67873],[74.27115,16.67916],[74.2715,16.68059],[74.26797,16.68337]]]]}},{"type":"Feature","properties":{"lgdCode":"178837","name":"Savarwadi","blockCode":"4287","blockName":"Karvir","areaHectares":207.0326,"memberVillagesDrawn":["567458"],"memberVillagesNotDrawn":[]},"geometry":{"type":"MultiPolygon","coordinates":[[[[74.11293,16.63908],[74.11508,16.63912],[74.11545,16.6376],[74.11639,16.63757],[74.11637,16.63662],[74.11899,16.63627],[74.12472,16.63356],[74.12513,16.6339],[74.12549,16.63376],[74.12538,16.63314],[74.12735,16.63225],[74.12853,16.63201],[74.12826,16.63328],[74.12846,16.63411],[74.12891,16.63432],[74.12969,16.63429],[74.13051,16.63361],[74.1313,16.63227],[74.1312,16.6306],[74.13005,16.63053],[74.12953,16.63017],[74.12958,16.62915],[74.12899,16.62817],[74.12743,16.62803],[74.12604,16.62715],[74.12594,16.62659],[74.12628,16.62619],[74.12763,16.62602],[74.12777,16.62514],[74.12546,16.62508],[74.12474,16.62681],[74.12397,16.62696],[74.12336,16.62635],[74.12387,16.62611],[74.12414,16.62545],[74.12411,16.62434],[74.12065,16.62352],[74.12044,16.62393],[74.11962,16.62372],[74.11882,16.62492],[74.11832,16.62467],[74.11641,16.62531],[74.11505,16.62818],[74.1144,16.6284],[74.1139,16.62909],[74.11298,16.62933],[74.11112,16.62917],[74.11028,16.6288],[74.11032,16.62831],[74.1096,16.62787],[74.10837,16.62779],[74.10759,16.62901],[74.10628,16.63013],[74.10766,16.63024],[74.10852,16.63069],[74.10873,16.63139],[74.10924,16.63159],[74.11176,16.63172],[74.11241,16.63243],[74.1132,16.63239],[74.11325,16.63277],[74.11387,16.63285],[74.11365,16.63406],[74.11416,16.63521],[74.11386,16.63538],[74.11327,16.6372],[74.11293,16.63908]]]]}},{"type":"Feature","properties":{"lgdCode":"178838","name":"Savarde Dumala","blockCode":"4287","blockName":"Karvir","areaHectares":302.2685,"memberVillagesDrawn":["567487"],"memberVillagesNotDrawn":[]},"geometry":{"type":"MultiPolygon","coordinates":[[[[74.07953,16.62058],[74.07991,16.62079],[74.08131,16.62017],[74.08218,16.61926],[74.08348,16.61873],[74.08653,16.61875],[74.08762,16.61847],[74.08842,16.61569],[74.0891,16.61468],[74.09201,16.61207],[74.09219,16.61019],[74.09181,16.60973],[74.09195,16.60818],[74.09132,16.60714],[74.09155,16.60652],[74.09191,16.60669],[74.09266,16.60642],[74.09244,16.60415],[74.09305,16.60369],[74.09282,16.60222],[74.09352,16.60181],[74.09353,16.60126],[74.09448,16.60041],[74.09459,16.59992],[74.09437,16.59915],[74.09383,16.59865],[74.09434,16.59848],[74.09454,16.59794],[74.09442,16.59763],[74.09334,16.59742],[74.09326,16.59519],[74.09255,16.59411],[74.09066,16.59412],[74.08815,16.59579],[74.08731,16.59596],[74.08624,16.5953],[74.08252,16.59715],[74.0818,16.59678],[74.08166,16.5955],[74.08132,16.59529],[74.08059,16.59576],[74.08092,16.59612],[74.08053,16.59637],[74.08056,16.59675],[74.08097,16.59664],[74.08102,16.59698],[74.08071,16.59719],[74.08123,16.59748],[74.08095,16.59777],[74.08118,16.59816],[74.08067,16.59821],[74.08049,16.59859],[74.08093,16.59876],[74.08108,16.5993],[74.08196,16.59925],[74.08162,16.5997],[74.08197,16.60054],[74.08119,16.60196],[74.08139,16.60275],[74.08085,16.60302],[74.08085,16.60357],[74.08193,16.60368],[74.08192,16.6041],[74.08231,16.60428],[74.08225,16.60478],[74.08187,16.60462],[74.08095,16.60629],[74.08116,16.60936],[74.08013,16.61105],[74.08011,16.61314],[74.08083,16.61452],[74.08115,16.6168],[74.07987,16.61895],[74.08021,16.61966],[74.07952,16.62017],[74.07953,16.62058]]]]}},{"type":"Feature","properties":{"lgdCode":"178839","name":"Shelakewadi","blockCode":"4287","blockName":"Karvir","areaHectares":78.9912,"memberVillagesDrawn":["567439"],"memberVillagesNotDrawn":[]},"geometry":{"type":"MultiPolygon","coordinates":[[[[74.1527,16.6341],[74.15337,16.63428],[74.15351,16.63497],[74.15521,16.6372],[74.15729,16.63798],[74.15683,16.6383],[74.15743,16.63917],[74.15832,16.63951],[74.15946,16.63947],[74.1605,16.64036],[74.16073,16.63857],[74.16035,16.63707],[74.15942,16.63616],[74.15848,16.63204],[74.15698,16.63028],[74.15697,16.62945],[74.15759,16.62809],[74.15642,16.62745],[74.15611,16.62692],[74.15281,16.62677],[74.1508,16.62602],[74.15108,16.62794],[74.15247,16.63061],[74.15283,16.63241],[74.1527,16.6341]]]]}},{"type":"Feature","properties":{"lgdCode":"178840","name":"Shindewadi","blockCode":"4287","blockName":"Karvir","areaHectares":208.5204,"memberVillagesDrawn":["567382"],"memberVillagesNotDrawn":[]},"geometry":{"type":"MultiPolygon","coordinates":[[[[74.15011,16.72887],[74.15381,16.72681],[74.15573,16.72673],[74.15811,16.72714],[74.1609,16.72684],[74.16191,16.72701],[74.16217,16.72667],[74.16103,16.72377],[74.16311,16.71933],[74.16487,16.71667],[74.16511,16.71542],[74.16342,16.71452],[74.16272,16.71633],[74.16063,16.71606],[74.16078,16.71558],[74.15996,16.71407],[74.15889,16.71391],[74.15907,16.71282],[74.15807,16.71266],[74.15781,16.71177],[74.15743,16.71161],[74.15717,16.71198],[74.15739,16.71291],[74.15687,16.7132],[74.15722,16.71702],[74.15465,16.71736],[74.14928,16.71672],[74.14923,16.71753],[74.14764,16.71849],[74.1455,16.72107],[74.14535,16.72416],[74.14628,16.72493],[74.14753,16.72406],[74.14781,16.72415],[74.14857,16.72525],[74.14823,16.72551],[74.1487,16.72634],[74.1481,16.72679],[74.14898,16.72776],[74.1494,16.72779],[74.15011,16.72887]]]]}},{"type":"Feature","properties":{"lgdCode":"178841","name":"Shinganapur","blockCode":"4287","blockName":"Karvir","areaHectares":417.6676,"memberVillagesDrawn":["567385"],"memberVillagesNotDrawn":[]},"geometry":{"type":"MultiPolygon","coordinates":[[[[74.18177,16.71739],[74.18239,16.71712],[74.18948,16.71683],[74.19054,16.71554],[74.19414,16.71407],[74.19288,16.71021],[74.19235,16.70947],[74.18961,16.7071],[74.18719,16.70386],[74.18639,16.70331],[74.18602,16.69951],[74.18721,16.69726],[74.18752,16.69575],[74.18662,16.69641],[74.18611,16.6977],[74.18534,16.69743],[74.18338,16.69752],[74.18263,16.69651],[74.18171,16.6983],[74.18141,16.69987],[74.18099,16.69967],[74.18098,16.70033],[74.18038,16.70041],[74.18027,16.69971],[74.1798,16.69962],[74.17977,16.70028],[74.17881,16.70023],[74.17853,16.70206],[74.17501,16.70234],[74.17383,16.70184],[74.17339,16.69998],[74.17242,16.70008],[74.17213,16.70059],[74.17108,16.69982],[74.16859,16.70189],[74.16819,16.70198],[74.16827,16.70153],[74.16723,16.70149],[74.16819,16.70777],[74.16868,16.70927],[74.16708,16.71303],[74.16771,16.7149],[74.16819,16.71508],[74.16891,16.71435],[74.16916,16.71315],[74.16937,16.71327],[74.16968,16.71246],[74.17052,16.71215],[74.1722,16.71231],[74.17296,16.71333],[74.17265,16.71383],[74.17283,16.71492],[74.17382,16.71509],[74.17565,16.71682],[74.17694,16.7172],[74.17708,16.71662],[74.17775,16.71688],[74.17808,16.71664],[74.17919,16.71683],[74.17925,16.71731],[74.18088,16.71654],[74.18172,16.71665],[74.18177,16.71739]]]]}},{"type":"Feature","properties":{"lgdCode":"178842","name":"Shiroli Dumala","blockCode":"4287","blockName":"Karvir","areaHectares":694.0275,"memberVillagesDrawn":["567484"],"memberVillagesNotDrawn":[]},"geometry":{"type":"MultiPolygon","coordinates":[[[[74.10628,16.63013],[74.10759,16.62901],[74.10837,16.62779],[74.1096,16.62787],[74.11032,16.62831],[74.11028,16.6288],[74.11112,16.62917],[74.11298,16.62933],[74.1139,16.62909],[74.1144,16.6284],[74.11505,16.62818],[74.11641,16.62531],[74.11832,16.62467],[74.11909,16.62479],[74.11962,16.62372],[74.12044,16.62393],[74.12065,16.62352],[74.12013,16.62343],[74.11982,16.62277],[74.12029,16.62184],[74.12175,16.62172],[74.12192,16.62099],[74.12149,16.62069],[74.11949,16.62116],[74.11807,16.62018],[74.11824,16.61947],[74.11922,16.61857],[74.11862,16.6169],[74.12027,16.61483],[74.11863,16.61336],[74.11853,16.6128],[74.11907,16.61189],[74.1189,16.61144],[74.11753,16.61151],[74.11541,16.60754],[74.11403,16.60688],[74.11392,16.60729],[74.11321,16.60768],[74.11003,16.60867],[74.1091,16.60935],[74.10531,16.60953],[74.10408,16.61002],[74.10207,16.60975],[74.09991,16.61027],[74.0985,16.61206],[74.0984,16.61384],[74.09647,16.61619],[74.0953,16.61613],[74.09392,16.61655],[74.09176,16.61785],[74.08653,16.61875],[74.08348,16.61873],[74.08218,16.61926],[74.08131,16.62017],[74.07991,16.62079],[74.07953,16.62058],[74.07963,16.62657],[74.0794,16.62786],[74.08033,16.62884],[74.08326,16.62678],[74.08641,16.62739],[74.08825,16.62684],[74.08838,16.62651],[74.08888,16.62681],[74.08953,16.62662],[74.08991,16.62583],[74.09098,16.62803],[74.09208,16.62785],[74.09392,16.62851],[74.0948,16.62797],[74.09551,16.62811],[74.0957,16.62859],[74.09605,16.62821],[74.09735,16.62831],[74.09619,16.6306],[74.09692,16.63099],[74.0976,16.63082],[74.09809,16.63113],[74.0992,16.63085],[74.10118,16.62958],[74.10346,16.62922],[74.10536,16.63023],[74.10601,16.62989],[74.10628,16.63013]]]]}},{"type":"Feature","properties":{"lgdCode":"178843","name":"Shiye","blockCode":"4287","blockName":"Karvir","areaHectares":876.806,"memberVillagesDrawn":["567402"],"memberVillagesNotDrawn":[]},"geometry":{"type":"MultiPolygon","coordinates":[[[[74.25069,16.79034],[74.25113,16.78985],[74.25646,16.78771],[74.25868,16.78601],[74.26096,16.78509],[74.26927,16.78394],[74.27232,16.7786],[74.27207,16.77291],[74.27255,16.76946],[74.27412,16.76863],[74.27369,16.76588],[74.27439,16.76311],[74.27342,16.76223],[74.27329,16.76173],[74.26955,16.76086],[74.26816,16.76192],[74.26677,16.76214],[74.26599,16.76193],[74.26556,16.76018],[74.26413,16.75996],[74.26309,16.76055],[74.26243,16.76022],[74.26197,16.76283],[74.26094,16.76563],[74.25931,16.76634],[74.25321,16.76758],[74.246,16.76281],[74.24319,16.76193],[74.23971,16.79091],[74.23911,16.79326],[74.24003,16.79323],[74.24484,16.79059],[74.24831,16.79082],[74.24899,16.79006],[74.25035,16.79001],[74.25069,16.79034]]]]}},{"type":"Feature","properties":{"lgdCode":"178844","name":"Sonali","blockCode":"4287","blockName":"Karvir","areaHectares":277.5483,"memberVillagesDrawn":["567468"],"memberVillagesNotDrawn":[]},"geometry":{"type":"MultiPolygon","coordinates":[[[[74.09442,16.59763],[74.0952,16.59717],[74.09532,16.59665],[74.09463,16.59511],[74.09465,16.59424],[74.09571,16.59315],[74.09486,16.59282],[74.09475,16.5921],[74.0942,16.59169],[74.09391,16.58972],[74.09606,16.58805],[74.09601,16.58657],[74.09981,16.5834],[74.09942,16.58261],[74.099,16.58257],[74.09747,16.58081],[74.09476,16.58143],[74.09419,16.58128],[74.09398,16.58048],[74.09309,16.57977],[74.09221,16.57967],[74.09164,16.57834],[74.09177,16.57597],[74.09141,16.57478],[74.09226,16.57034],[74.0884,16.57018],[74.08765,16.57057],[74.08748,16.57005],[74.08554,16.57121],[74.08476,16.57221],[74.08427,16.57384],[74.08293,16.57613],[74.08148,16.57684],[74.08064,16.57857],[74.08185,16.57918],[74.08162,16.57977],[74.08308,16.58104],[74.08282,16.58245],[74.08349,16.58352],[74.08311,16.5843],[74.0837,16.58454],[74.08404,16.58523],[74.08434,16.58515],[74.08442,16.58657],[74.08542,16.58847],[74.08628,16.58856],[74.08638,16.58889],[74.08594,16.58897],[74.08595,16.58939],[74.08826,16.58952],[74.08884,16.59066],[74.0887,16.59115],[74.08961,16.59187],[74.09033,16.59179],[74.0907,16.59268],[74.09058,16.59328],[74.09107,16.59337],[74.09151,16.59402],[74.09255,16.59411],[74.09307,16.59466],[74.09334,16.59742],[74.09442,16.59763]]]]}},{"type":"Feature","properties":{"lgdCode":"178845","name":"Tamgaon","blockCode":"4287","blockName":"Karvir","areaHectares":793.879,"memberVillagesDrawn":["567503"],"memberVillagesNotDrawn":[]},"geometry":{"type":"MultiPolygon","coordinates":[[[[74.28317,16.66386],[74.2852,16.66477],[74.28986,16.66608],[74.29499,16.66618],[74.30158,16.6655],[74.30583,16.66659],[74.31136,16.66489],[74.31745,16.6642],[74.31768,16.66331],[74.31842,16.66227],[74.31884,16.65915],[74.31966,16.65651],[74.32056,16.65134],[74.32047,16.65008],[74.31393,16.6487],[74.30989,16.6469],[74.30585,16.64564],[74.30052,16.64512],[74.29367,16.64312],[74.29156,16.64291],[74.28889,16.64172],[74.28317,16.66386]]]]}},{"type":"Feature","properties":{"lgdCode":"178846","name":"Teraswadi","blockCode":"4287","blockName":"Karvir","areaHectares":468.6292,"memberVillagesDrawn":["567493"],"memberVillagesNotDrawn":[]},"geometry":{"type":"MultiPolygon","coordinates":[[[[74.02566,16.60932],[74.02755,16.60914],[74.04204,16.61422],[74.04184,16.60756],[74.04191,16.60708],[74.04262,16.60682],[74.04152,16.60185],[74.04178,16.60092],[74.04253,16.60025],[74.04325,16.59794],[74.04324,16.59664],[74.04395,16.59532],[74.04377,16.59428],[74.04498,16.59095],[74.04542,16.58839],[74.04415,16.58797],[74.04337,16.58821],[74.04188,16.58797],[74.04041,16.58851],[74.03967,16.5881],[74.03838,16.58832],[74.03562,16.58715],[74.03444,16.58764],[74.0345,16.5881],[74.03347,16.58788],[74.0319,16.58848],[74.0313,16.58925],[74.03159,16.58952],[74.03065,16.58984],[74.0305,16.59049],[74.02922,16.59158],[74.02933,16.59354],[74.02806,16.59618],[74.02701,16.59732],[74.02516,16.59789],[74.02306,16.59957],[74.02188,16.60301],[74.02216,16.60442],[74.02553,16.60861],[74.02566,16.60932]]]]}},{"type":"Feature","properties":{"lgdCode":"178847","name":"Uchgaon","blockCode":"4287","blockName":"Karvir","areaHectares":1005.9109,"memberVillagesDrawn":["567499"],"memberVillagesNotDrawn":[]},"geometry":{"type":"MultiPolygon","coordinates":[[[[74.27106,16.71502],[74.27153,16.7156],[74.27325,16.71625],[74.27793,16.71295],[74.28166,16.71176],[74.28475,16.71183],[74.29506,16.7141],[74.2952,16.71306],[74.29464,16.7129],[74.29362,16.71052],[74.29422,16.71043],[74.29469,16.70891],[74.29603,16.70729],[74.29592,16.70638],[74.29734,16.70528],[74.29428,16.7051],[74.29529,16.70114],[74.29583,16.70036],[74.29593,16.69897],[74.29583,16.69517],[74.29498,16.68843],[74.29538,16.68811],[74.29341,16.6883],[74.29378,16.68594],[74.29344,16.68414],[74.29089,16.68073],[74.29045,16.67707],[74.28964,16.67376],[74.28379,16.67556],[74.28059,16.67771],[74.2791,16.6782],[74.27893,16.68107],[74.27821,16.68474],[74.27696,16.68618],[74.27672,16.68992],[74.27719,16.69029],[74.277,16.69069],[74.27653,16.69057],[74.27682,16.69161],[74.27461,16.69002],[74.2725,16.68963],[74.27206,16.68914],[74.27079,16.68862],[74.27072,16.6869],[74.26896,16.68592],[74.26867,16.68434],[74.26797,16.68337],[74.26784,16.68818],[74.26849,16.69611],[74.2672,16.70137],[74.2674,16.70667],[74.26883,16.71006],[74.27018,16.71206],[74.27106,16.71502]]]]}},{"type":"Feature","properties":{"lgdCode":"178848","name":"Ujalaiwadi","blockCode":"4287","blockName":"Karvir","areaHectares":577.2867,"memberVillagesDrawn":["567497"],"memberVillagesNotDrawn":[]},"geometry":{"type":"MultiPolygon","coordinates":[[[[74.28137,16.6772],[74.28379,16.67556],[74.29041,16.67361],[74.28936,16.66991],[74.28986,16.66608],[74.2852,16.66477],[74.28145,16.66286],[74.27499,16.66017],[74.26874,16.65975],[74.26158,16.65823],[74.26042,16.66026],[74.26005,16.66024],[74.25998,16.66126],[74.25963,16.66163],[74.26103,16.66364],[74.26156,16.66394],[74.2611,16.66464],[74.25889,16.66519],[74.25371,16.66571],[74.25356,16.66741],[74.25497,16.66746],[74.25603,16.67121],[74.25661,16.67096],[74.25759,16.67277],[74.2576,16.67375],[74.258,16.67452],[74.25789,16.67602],[74.2628,16.67601],[74.26319,16.67529],[74.26352,16.67531],[74.26364,16.67697],[74.26458,16.67754],[74.26482,16.67729],[74.26547,16.67749],[74.26544,16.67791],[74.26757,16.67817],[74.26743,16.67864],[74.26809,16.67856],[74.26907,16.68134],[74.26799,16.68167],[74.26768,16.6826],[74.26797,16.68337],[74.2715,16.68059],[74.27115,16.67916],[74.27139,16.67873],[74.27044,16.6776],[74.27188,16.67703],[74.27244,16.6776],[74.27422,16.67781],[74.27414,16.6747],[74.27377,16.67414],[74.27379,16.67328],[74.27446,16.67323],[74.27454,16.67434],[74.27491,16.6745],[74.27519,16.6756],[74.27493,16.67653],[74.27779,16.67567],[74.27835,16.6759],[74.28007,16.67346],[74.28004,16.67291],[74.28129,16.6729],[74.28167,16.6736],[74.28137,16.6772]]]]}},{"type":"Feature","properties":{"lgdCode":"178849","name":"Upawade","blockCode":"4287","blockName":"Karvir","areaHectares":143.6485,"memberVillagesDrawn":["567480"],"memberVillagesNotDrawn":[]},"geometry":{"type":"MultiPolygon","coordinates":[[[[74.05279,16.64343],[74.05284,16.64282],[74.0518,16.64121],[74.051,16.64119],[74.0505,16.64165],[74.04985,16.64113],[74.05032,16.6374],[74.0488,16.63538],[74.04757,16.63514],[74.04627,16.63558],[74.04621,16.63605],[74.04731,16.63632],[74.04711,16.63725],[74.04643,16.63721],[74.04633,16.63773],[74.04566,16.63756],[74.04572,16.63859],[74.04519,16.63846],[74.04495,16.6389],[74.04372,16.63958],[74.04358,16.63862],[74.04096,16.63926],[74.04148,16.63955],[74.04196,16.6406],[74.0429,16.64104],[74.04282,16.64151],[74.04185,16.6413],[74.04142,16.64151],[74.04138,16.64183],[74.04048,16.64258],[74.0403,16.64244],[74.03984,16.64346],[74.03931,16.64337],[74.03895,16.64436],[74.03936,16.64446],[74.03904,16.6449],[74.03804,16.64509],[74.03814,16.64538],[74.03763,16.64564],[74.0383,16.6466],[74.04092,16.64621],[74.04172,16.6465],[74.04282,16.6479],[74.04356,16.64806],[74.04353,16.64834],[74.04292,16.64835],[74.04321,16.64905],[74.04461,16.64997],[74.04494,16.6508],[74.04742,16.65135],[74.04978,16.64845],[74.05035,16.64709],[74.05047,16.64532],[74.0522,16.64342],[74.05279,16.64343]]]]}},{"type":"Feature","properties":{"lgdCode":"178850","name":"Vadakshivale","blockCode":"4287","blockName":"Karvir","areaHectares":277.1777,"memberVillagesDrawn":["567433"],"memberVillagesNotDrawn":[]},"geometry":{"type":"MultiPolygon","coordinates":[[[[74.18372,16.5483],[74.18431,16.54849],[74.18552,16.54468],[74.18729,16.54294],[74.18803,16.54109],[74.1886,16.54067],[74.18867,16.53943],[74.18956,16.53666],[74.19192,16.53221],[74.19273,16.53157],[74.19173,16.53026],[74.19105,16.52989],[74.1903,16.52986],[74.18867,16.53072],[74.18685,16.53032],[74.18629,16.52971],[74.18551,16.52773],[74.18388,16.52857],[74.18423,16.52897],[74.18379,16.52944],[74.18371,16.53016],[74.18307,16.52931],[74.18244,16.5291],[74.18091,16.53048],[74.18066,16.53162],[74.18109,16.53186],[74.18115,16.53244],[74.18029,16.53265],[74.1796,16.53416],[74.17837,16.53499],[74.17832,16.5357],[74.17897,16.53655],[74.17869,16.53678],[74.1788,16.53743],[74.17772,16.53848],[74.17768,16.53937],[74.17728,16.53926],[74.17626,16.53995],[74.17614,16.53958],[74.17571,16.53989],[74.17486,16.53969],[74.17139,16.54081],[74.1712,16.54141],[74.17061,16.54143],[74.16944,16.54362],[74.17032,16.54381],[74.1706,16.54636],[74.17104,16.54709],[74.17361,16.5473],[74.17563,16.54671],[74.17575,16.54644],[74.18016,16.54769],[74.18372,16.5483]]]]}},{"type":"Feature","properties":{"lgdCode":"178851","name":"Varanage","blockCode":"4287","blockName":"Karvir","areaHectares":396.6423,"memberVillagesDrawn":["567396"],"memberVillagesNotDrawn":[]},"geometry":{"type":"MultiPolygon","coordinates":[[[[74.16954,16.75455],[74.17126,16.75385],[74.17285,16.75176],[74.17603,16.75147],[74.17647,16.7508],[74.17621,16.74963],[74.17695,16.7465],[74.17881,16.74412],[74.17855,16.74138],[74.17907,16.74013],[74.17117,16.74007],[74.16978,16.74095],[74.1689,16.74112],[74.16444,16.74093],[74.15954,16.7416],[74.15253,16.73973],[74.15035,16.73968],[74.15065,16.74095],[74.15267,16.743],[74.15328,16.74417],[74.15331,16.74571],[74.15169,16.74837],[74.15118,16.75065],[74.15068,16.75133],[74.15065,16.754],[74.15655,16.75488],[74.15793,16.75594],[74.1599,16.75583],[74.15959,16.75498],[74.16065,16.75481],[74.16132,16.75343],[74.16232,16.75331],[74.16263,16.75271],[74.16495,16.75246],[74.16681,16.75322],[74.16804,16.75435],[74.16954,16.75455]]]]}},{"type":"Feature","properties":{"lgdCode":"178852","name":"Vasagade","blockCode":"4287","blockName":"Karvir","areaHectares":950.3213,"memberVillagesDrawn":["567412"],"memberVillagesNotDrawn":[]},"geometry":{"type":"MultiPolygon","coordinates":[[[[74.3548,16.68493],[74.35419,16.68367],[74.35317,16.68322],[74.35326,16.6808],[74.35144,16.67407],[74.35102,16.67341],[74.34997,16.67337],[74.34931,16.67071],[74.34705,16.66669],[74.34704,16.66617],[74.338,16.66723],[74.32996,16.66692],[74.32376,16.66598],[74.3219,16.66717],[74.32391,16.68295],[74.32638,16.69406],[74.32612,16.69428],[74.32663,16.69428],[74.32737,16.69341],[74.3278,16.69362],[74.3275,16.69513],[74.32816,16.69509],[74.32838,16.69575],[74.3292,16.69645],[74.32942,16.69611],[74.33001,16.69613],[74.32922,16.69717],[74.33022,16.69759],[74.33146,16.69907],[74.33199,16.69916],[74.33183,16.69997],[74.33097,16.7],[74.33135,16.70038],[74.33209,16.70032],[74.3328,16.69952],[74.33341,16.69947],[74.33353,16.69919],[74.33313,16.69896],[74.33247,16.69894],[74.33255,16.6986],[74.33401,16.69853],[74.33394,16.69914],[74.33511,16.70085],[74.33501,16.70159],[74.33551,16.70189],[74.33657,16.70125],[74.33684,16.69981],[74.33844,16.6978],[74.34082,16.69561],[74.34232,16.69517],[74.34251,16.69687],[74.3434,16.69695],[74.34341,16.6976],[74.34526,16.69746],[74.34568,16.69705],[74.34583,16.69586],[74.34758,16.69506],[74.34837,16.69392],[74.3483,16.6934],[74.34754,16.69315],[74.34758,16.69075],[74.34778,16.68958],[74.34893,16.68907],[74.34887,16.68817],[74.34918,16.68749],[74.35108,16.68563],[74.3548,16.68493]]]]}},{"type":"Feature","properties":{"lgdCode":"178853","name":"Vadanage","blockCode":"4287","blockName":"Karvir","areaHectares":1011.4157,"memberVillagesDrawn":["567405"],"memberVillagesNotDrawn":[]},"geometry":{"type":"MultiPolygon","coordinates":[[[[74.19737,16.7458],[74.2005,16.74448],[74.20694,16.74534],[74.2152,16.74416],[74.22436,16.7421],[74.22593,16.74068],[74.22862,16.74066],[74.23529,16.7397],[74.23493,16.7375],[74.23518,16.73477],[74.23395,16.73303],[74.22721,16.72631],[74.22618,16.72577],[74.22482,16.72367],[74.2228,16.71957],[74.22123,16.71494],[74.21934,16.71101],[74.21918,16.70936],[74.21659,16.71014],[74.21629,16.70895],[74.21608,16.70907],[74.21663,16.71057],[74.21537,16.71067],[74.21524,16.70991],[74.21403,16.7101],[74.21407,16.71082],[74.21265,16.71111],[74.21316,16.71858],[74.21349,16.71938],[74.21651,16.7197],[74.21633,16.72013],[74.21415,16.72037],[74.21391,16.71984],[74.21294,16.7198],[74.21278,16.71908],[74.21215,16.71836],[74.21019,16.71841],[74.21019,16.71861],[74.20762,16.71901],[74.20764,16.71953],[74.20607,16.72012],[74.20452,16.72041],[74.20278,16.72025],[74.20038,16.72303],[74.20041,16.72408],[74.19984,16.7246],[74.19875,16.72869],[74.19572,16.7374],[74.19568,16.74627],[74.19737,16.7458]]]]}},{"type":"Feature","properties":{"lgdCode":"178854","name":"Wadipeer","blockCode":"4287","blockName":"Karvir","areaHectares":278.8141,"memberVillagesDrawn":["567437"],"memberVillagesNotDrawn":[]},"geometry":{"type":"MultiPolygon","coordinates":[[[[74.17305,16.66395],[74.18314,16.66411],[74.18291,16.66374],[74.18315,16.6618],[74.18411,16.66042],[74.18447,16.66052],[74.18498,16.65986],[74.18567,16.65981],[74.18558,16.65949],[74.18641,16.65945],[74.18687,16.66008],[74.18895,16.65953],[74.18978,16.65976],[74.19196,16.65864],[74.19478,16.65952],[74.19522,16.6594],[74.19708,16.66042],[74.19611,16.65749],[74.19604,16.65664],[74.19688,16.65649],[74.19505,16.64733],[74.18976,16.64763],[74.18967,16.647],[74.18794,16.64672],[74.18393,16.64709],[74.18382,16.6476],[74.18328,16.64769],[74.18303,16.64858],[74.18302,16.65123],[74.18263,16.65328],[74.17935,16.65426],[74.17867,16.65527],[74.17719,16.65587],[74.17708,16.65688],[74.17529,16.65851],[74.1746,16.6622],[74.17397,16.66327],[74.17347,16.66301],[74.17305,16.66395]]]]}},{"type":"Feature","properties":{"lgdCode":"178855","name":"Vakare","blockCode":"4287","blockName":"Karvir","areaHectares":635.5642,"memberVillagesDrawn":["567391"],"memberVillagesNotDrawn":[]},"geometry":{"type":"MultiPolygon","coordinates":[[[[74.13174,16.69749],[74.13719,16.69578],[74.14442,16.69418],[74.1452,16.69052],[74.14663,16.68784],[74.14792,16.68286],[74.15271,16.67682],[74.15364,16.67437],[74.14694,16.67346],[74.14501,16.67177],[74.14206,16.67146],[74.14037,16.67243],[74.13965,16.67248],[74.13746,16.67142],[74.13524,16.66801],[74.13316,16.66688],[74.1326,16.66678],[74.13268,16.66749],[74.1324,16.66767],[74.13212,16.66736],[74.13149,16.66765],[74.12984,16.66702],[74.12937,16.66701],[74.12926,16.66742],[74.12859,16.66723],[74.12814,16.67267],[74.12713,16.67722],[74.12674,16.68312],[74.12642,16.68318],[74.1268,16.68433],[74.12619,16.68505],[74.12641,16.68563],[74.12594,16.68579],[74.12613,16.68719],[74.12588,16.68797],[74.12632,16.69005],[74.12593,16.69103],[74.12602,16.69159],[74.13174,16.69749]]]]}},{"type":"Feature","properties":{"lgdCode":"178856","name":"Waliwade","blockCode":"4287","blockName":"Karvir","areaHectares":406.4245,"memberVillagesDrawn":["567409"],"memberVillagesNotDrawn":[]},"geometry":{"type":"MultiPolygon","coordinates":[[[[74.32799,16.72525],[74.32935,16.72485],[74.32991,16.72391],[74.33205,16.72243],[74.3312,16.72187],[74.32432,16.71955],[74.3223,16.71897],[74.32059,16.71905],[74.32049,16.71578],[74.3181,16.71137],[74.31723,16.70693],[74.31745,16.70597],[74.31367,16.70498],[74.30865,16.70514],[74.30888,16.70563],[74.30884,16.70877],[74.30847,16.71093],[74.30561,16.71533],[74.30294,16.71785],[74.30391,16.71844],[74.3049,16.71988],[74.30513,16.72081],[74.30593,16.72105],[74.30949,16.72421],[74.31169,16.72566],[74.31629,16.72865],[74.31766,16.72901],[74.31924,16.73005],[74.32088,16.73013],[74.3229,16.72853],[74.32478,16.7278],[74.32799,16.72525]]]]}},{"type":"Feature","properties":{"lgdCode":"178857","name":"Washi","blockCode":"4287","blockName":"Karvir","areaHectares":1272.1131,"memberVillagesDrawn":["567438"],"memberVillagesNotDrawn":[]},"geometry":{"type":"MultiPolygon","coordinates":[[[[74.15291,16.65467],[74.16117,16.66002],[74.16114,16.66243],[74.16685,16.66342],[74.17305,16.66395],[74.17347,16.66301],[74.17397,16.66327],[74.1746,16.6622],[74.17529,16.65851],[74.17708,16.65688],[74.17719,16.65587],[74.17867,16.65527],[74.17935,16.65426],[74.18263,16.65328],[74.18302,16.65123],[74.18303,16.64858],[74.18328,16.64769],[74.18382,16.6476],[74.18393,16.64709],[74.18794,16.64672],[74.18967,16.647],[74.18976,16.64763],[74.19505,16.64733],[74.19537,16.64508],[74.19624,16.64271],[74.19556,16.63891],[74.19518,16.63893],[74.19415,16.63311],[74.19376,16.63219],[74.19328,16.63191],[74.19313,16.63037],[74.19225,16.63036],[74.18791,16.63168],[74.18497,16.63208],[74.18206,16.63187],[74.17331,16.62888],[74.17252,16.62837],[74.17274,16.62501],[74.17238,16.62486],[74.17104,16.62564],[74.16328,16.62653],[74.1623,16.62725],[74.16168,16.62725],[74.16163,16.62757],[74.15642,16.62745],[74.15759,16.62809],[74.15697,16.62945],[74.15698,16.63028],[74.15848,16.63204],[74.15942,16.63616],[74.16035,16.63707],[74.16073,16.63857],[74.16064,16.64002],[74.1605,16.64036],[74.15946,16.63947],[74.15832,16.63951],[74.15743,16.63917],[74.15683,16.6383],[74.15729,16.63798],[74.15521,16.6372],[74.15351,16.63497],[74.15337,16.63428],[74.1527,16.6341],[74.15288,16.63687],[74.15477,16.64282],[74.15437,16.64288],[74.1534,16.64403],[74.15349,16.64727],[74.15271,16.65046],[74.15243,16.65429],[74.15291,16.65467]]]]}},{"type":"Feature","properties":{"lgdCode":"178858","name":"Yevati","blockCode":"4287","blockName":"Karvir","areaHectares":332.5312,"memberVillagesDrawn":["567449"],"memberVillagesNotDrawn":[]},"geometry":{"type":"MultiPolygon","coordinates":[[[[74.16566,16.56358],[74.16516,16.56251],[74.16559,16.56105],[74.16864,16.5537],[74.17014,16.54847],[74.17073,16.5471],[74.17104,16.54709],[74.1706,16.54636],[74.17032,16.54381],[74.16269,16.54171],[74.15935,16.5452],[74.15419,16.54915],[74.15142,16.55641],[74.15168,16.55901],[74.1531,16.56081],[74.15366,16.56254],[74.15934,16.56191],[74.1626,16.56299],[74.16566,16.56358]]]]}}],"ext":{"atlas":{"schemaVersion":1,"planId":"mh-kolhapur-v1","blockCode":"4287","blockName":"Karvir","acquiredAt":"2026-09-02","sourceSha256":"244b872927b2d5fd2e8817c98c3e375b43d387cfe209f7a23d86a10f46469775","featureCount":117,"rights":{"status":"share-alike","license":"ODbL 1.0","attribution":"DataMeet, indian_village_boundaries (github.com/datameet/indian_village_boundaries), ODbL 1.0"}}}}
