spine_id,year,status,dw_scenes_median,pixels,share_water,share_trees,share_grass,share_flooded_vegetation,share_crops,share_shrub_and_scrub,share_built,share_bare,share_snow_and_ice
gba-bbmp-001,2017,ok,9,64,0.3132,0.6862,0.0,0.0,0.0,0.0,0.0006,0.0,0.0
gba-bbmp-001,2018,ok,24,64,0.7807,0.1971,0.0,0.0,0.0,0.0,0.0222,0.0,0.0
gba-bbmp-001,2019,ok,21,64,0.7529,0.0667,0.0,0.0,0.0,0.0,0.1804,0.0,0.0
gba-bbmp-001,2020,ok,16,64,0.4891,0.5094,0.0,0.0,0.0,0.0,0.0015,0.0,0.0
gba-bbmp-001,2021,ok,16,64,0.4426,0.5574,0.0,0.0,0.0,0.0,0.0,0.0,0.0
gba-bbmp-001,2022,ok,19,64,0.7152,0.2848,0.0,0.0,0.0,0.0,0.0,0.0,0.0
gba-bbmp-001,2023,ok,18,64,0.7496,0.2504,0.0,0.0,0.0,0.0,0.0,0.0,0.0
gba-bbmp-001,2024,ok,18,64,0.8463,0.1077,0.0,0.0,0.0,0.0,0.046,0.0,0.0
gba-bbmp-001,2025,ok,21,64,0.7496,0.2504,0.0,0.0,0.0,0.0,0.0,0.0,0.0
gba-bbmp-001,2026,ok,19,64,0.8261,0.1724,0.0,0.0,0.0,0.0,0.0015,0.0,0.0
gba-bbmp-002,2017,insufficient,7,855,,,,,,,,,
gba-bbmp-002,2018,ok,23,855,0.2637,0.2978,0.0,0.1918,0.1221,0.1238,0.0007,0.0,0.0
gba-bbmp-002,2019,ok,23,855,0.0,0.1994,0.0,0.0,0.0,0.8006,0.0,0.0,0.0
gba-bbmp-002,2020,ok,17,855,0.0,0.2957,0.0,0.0,0.0199,0.6844,0.0,0.0,0.0
gba-bbmp-002,2021,ok,16,855,0.0,0.0,0.0,0.0,0.0033,0.9967,0.0,0.0,0.0
gba-bbmp-002,2022,ok,18,855,0.1446,0.0269,0.0,0.0093,0.297,0.5218,0.0004,0.0,0.0
gba-bbmp-002,2023,ok,22,855,0.986,0.0,0.0,0.014,0.0,0.0,0.0,0.0,0.0
gba-bbmp-002,2024,ok,17,855,0.1009,0.0,0.0,0.0,0.4826,0.3441,0.0008,0.0716,0.0
gba-bbmp-002,2025,ok,22,855,0.0378,0.3397,0.0,0.457,0.0171,0.1427,0.0056,0.0,0.0
gba-bbmp-002,2026,ok,16,855,0.1862,0.0889,0.0,0.7248,0.0,0.0,0.0001,0.0,0.0
gba-bbmp-003,2017,ok,8,53,0.3311,0.604,0.0,0.0,0.0,0.0646,0.0,0.0003,0.0
gba-bbmp-003,2018,ok,22,53,0.7362,0.2274,0.0,0.0,0.0364,0.0,0.0,0.0,0.0
gba-bbmp-003,2019,ok,23,53,0.1497,0.5978,0.0,0.0,0.2095,0.0431,0.0,0.0,0.0
gba-bbmp-003,2020,ok,18,53,0.4893,0.4363,0.0,0.0,0.0461,0.0283,0.0,0.0,0.0
gba-bbmp-003,2021,ok,17,53,0.5303,0.4383,0.0,0.0,0.0315,0.0,0.0,0.0,0.0
gba-bbmp-003,2022,ok,17,53,0.0,1.0,0.0,0.0,0.0,0.0,0.0,0.0,0.0
gba-bbmp-003,2023,ok,20,53,0.0,1.0,0.0,0.0,0.0,0.0,0.0,0.0,0.0
gba-bbmp-003,2024,ok,16,53,0.0,0.0,0.0,0.0,0.0038,0.9962,0.0,0.0,0.0
gba-bbmp-003,2025,ok,22,53,0.1801,0.0,0.0,0.0,0.0415,0.6375,0.0858,0.0551,0.0
gba-bbmp-003,2026,ok,19,53,0.0187,0.0,0.0,0.0,0.7157,0.2654,0.0002,0.0,0.0
gba-bbmp-004,2017,ok,9,183,0.2678,0.4004,0.0,0.3317,0.0,0.0,0.0,0.0,0.0
gba-bbmp-004,2018,ok,23,183,0.5165,0.1008,0.0,0.3827,0.0,0.0,0.0,0.0,0.0
gba-bbmp-004,2019,ok,23,183,0.0,0.0,0.0,0.0,0.227,0.0,0.1393,0.6337,0.0
gba-bbmp-004,2020,ok,17,183,1.0,0.0,0.0,0.0,0.0,0.0,0.0,0.0,0.0
gba-bbmp-004,2021,ok,18,183,1.0,0.0,0.0,0.0,0.0,0.0,0.0,0.0,0.0
gba-bbmp-004,2022,ok,18,183,1.0,0.0,0.0,0.0,0.0,0.0,0.0,0.0,0.0
gba-bbmp-004,2023,ok,19,183,1.0,0.0,0.0,0.0,0.0,0.0,0.0,0.0,0.0
gba-bbmp-004,2024,ok,16,183,1.0,0.0,0.0,0.0,0.0,0.0,0.0,0.0,0.0
gba-bbmp-004,2025,ok,24,183,1.0,0.0,0.0,0.0,0.0,0.0,0.0,0.0,0.0
gba-bbmp-004,2026,ok,17,183,1.0,0.0,0.0,0.0,0.0,0.0,0.0,0.0,0.0
gba-bbmp-005,2017,ok,8,36,0.0,0.9296,0.0,0.0,0.0552,0.0,0.0152,0.0,0.0
gba-bbmp-005,2018,ok,21,36,0.0,0.01,0.0,0.0,0.978,0.0,0.012,0.0,0.0
gba-bbmp-005,2019,ok,25,36,1.0,0.0,0.0,0.0,0.0,0.0,0.0,0.0,0.0
gba-bbmp-005,2020,ok,19,36,0.0,1.0,0.0,0.0,0.0,0.0,0.0,0.0,0.0
gba-bbmp-005,2021,ok,14,36,0.0,0.0,0.0,0.0,0.0,0.0,1.0,0.0,0.0
gba-bbmp-005,2022,ok,19,36,0.0,0.0,0.0,0.0,0.0,0.0,1.0,0.0,0.0
gba-bbmp-005,2023,ok,21,36,1.0,0.0,0.0,0.0,0.0,0.0,0.0,0.0,0.0
gba-bbmp-005,2024,ok,16,36,1.0,0.0,0.0,0.0,0.0,0.0,0.0,0.0,0.0
gba-bbmp-005,2025,ok,23,36,1.0,0.0,0.0,0.0,0.0,0.0,0.0,0.0,0.0
gba-bbmp-005,2026,ok,19,36,1.0,0.0,0.0,0.0,0.0,0.0,0.0,0.0,0.0
gba-bbmp-006,2017,ok,8,149,0.7013,0.2417,0.0,0.0,0.0,0.0535,0.0035,0.0,0.0
gba-bbmp-006,2018,ok,21,149,0.5549,0.0459,0.0,0.3992,0.0,0.0,0.0,0.0,0.0
gba-bbmp-006,2019,ok,22,149,0.6034,0.2757,0.0,0.0,0.0201,0.0773,0.0236,0.0,0.0
gba-bbmp-006,2020,ok,16,149,0.0,0.0,0.0,0.0,0.0777,0.851,0.0713,0.0,0.0
gba-bbmp-006,2021,ok,17,149,0.3998,0.2237,0.0602,0.0,0.0,0.2932,0.0232,0.0,0.0
gba-bbmp-006,2022,ok,19,149,0.0,0.993,0.0,0.0,0.0,0.004,0.003,0.0,0.0
gba-bbmp-006,2023,ok,21,149,0.3322,0.0,0.0,0.6678,0.0,0.0,0.0,0.0,0.0
gba-bbmp-006,2024,ok,17,149,0.7952,0.0989,0.0,0.0,0.0,0.0653,0.0406,0.0,0.0
gba-bbmp-006,2025,ok,21,149,0.2511,0.1448,0.3254,0.0,0.214,0.0,0.0648,0.0,0.0
gba-bbmp-006,2026,ok,20,149,0.0298,0.0278,0.1915,0.0,0.6976,0.0,0.0533,0.0,0.0
gba-bbmp-007,2017,insufficient,7,340,,,,,,,,,
gba-bbmp-007,2018,ok,20,340,0.4172,0.0,0.0,0.0,0.4211,0.1617,0.0,0.0,0.0
gba-bbmp-007,2019,ok,23,340,0.0,0.0,0.0,0.0,0.0963,0.9037,0.0,0.0,0.0
gba-bbmp-007,2020,ok,22,340,0.0,0.0,0.0,0.0,0.0561,0.9439,0.0,0.0,0.0
gba-bbmp-007,2021,ok,17,340,0.0,0.0,0.0,0.0,0.488,0.512,0.0,0.0,0.0
gba-bbmp-007,2022,ok,17,340,0.2708,0.0,0.0,0.0,0.4133,0.3159,0.0,0.0,0.0
gba-bbmp-007,2023,ok,24,340,0.9841,0.0,0.0,0.0,0.0159,0.0,0.0,0.0,0.0
gba-bbmp-007,2024,ok,18,340,0.7404,0.0,0.0,0.0,0.1608,0.0988,0.0,0.0,0.0
gba-bbmp-007,2025,ok,23,340,0.8082,0.0,0.1596,0.0,0.0149,0.0169,0.0004,0.0,0.0
gba-bbmp-007,2026,ok,19,340,0.508,0.0,0.0,0.0,0.492,0.0,0.0,0.0,0.0
gba-bbmp-008,2017,ok,9,875,1.0,0.0,0.0,0.0,0.0,0.0,0.0,0.0,0.0
gba-bbmp-008,2018,ok,22,875,1.0,0.0,0.0,0.0,0.0,0.0,0.0,0.0,0.0
gba-bbmp-008,2019,ok,23,875,0.9096,0.0,0.0,0.0,0.0,0.0709,0.0,0.0195,0.0
gba-bbmp-008,2020,ok,16,875,0.9607,0.0,0.0,0.0393,0.0,0.0,0.0,0.0,0.0
gba-bbmp-008,2021,ok,16,875,0.9165,0.0,0.0,0.0835,0.0,0.0,0.0,0.0,0.0
gba-bbmp-008,2022,ok,22,875,0.9991,0.0,0.0,0.0009,0.0,0.0,0.0,0.0,0.0
gba-bbmp-008,2023,ok,18,875,1.0,0.0,0.0,0.0,0.0,0.0,0.0,0.0,0.0
gba-bbmp-008,2024,ok,18,875,1.0,0.0,0.0,0.0,0.0,0.0,0.0,0.0,0.0
gba-bbmp-008,2025,ok,21,875,1.0,0.0,0.0,0.0,0.0,0.0,0.0,0.0,0.0
gba-bbmp-008,2026,ok,19,875,1.0,0.0,0.0,0.0,0.0,0.0,0.0,0.0,0.0
gba-bbmp-009,2017,ok,9,426,1.0,0.0,0.0,0.0,0.0,0.0,0.0,0.0,0.0
gba-bbmp-009,2018,ok,24,426,1.0,0.0,0.0,0.0,0.0,0.0,0.0,0.0,0.0
gba-bbmp-009,2019,ok,22,426,1.0,0.0,0.0,0.0,0.0,0.0,0.0,0.0,0.0
gba-bbmp-009,2020,ok,16,426,1.0,0.0,0.0,0.0,0.0,0.0,0.0,0.0,0.0
gba-bbmp-009,2021,ok,17,426,1.0,0.0,0.0,0.0,0.0,0.0,0.0,0.0,0.0
gba-bbmp-009,2022,ok,20,426,1.0,0.0,0.0,0.0,0.0,0.0,0.0,0.0,0.0
gba-bbmp-009,2023,ok,18,426,0.9893,0.0,0.0,0.0,0.0,0.0,0.0107,0.0,0.0
gba-bbmp-009,2024,ok,19,426,1.0,0.0,0.0,0.0,0.0,0.0,0.0,0.0,0.0
gba-bbmp-009,2025,ok,21,426,1.0,0.0,0.0,0.0,0.0,0.0,0.0,0.0,0.0
gba-bbmp-009,2026,ok,20,426,1.0,0.0,0.0,0.0,0.0,0.0,0.0,0.0,0.0
gba-bbmp-010,2017,ok,9,1260,0.9863,0.0,0.0,0.0056,0.0081,0.0,0.0,0.0,0.0
gba-bbmp-010,2018,ok,23,1260,0.963,0.0032,0.0,0.0314,0.0024,0.0,0.0,0.0,0.0
gba-bbmp-010,2019,ok,23,1260,0.0,0.0065,0.0,0.0,0.7905,0.023,0.0055,0.1745,0.0
gba-bbmp-010,2020,ok,19,1260,0.3359,0.0097,0.1597,0.4619,0.0321,0.0008,0.0,0.0,0.0
gba-bbmp-010,2021,ok,17,1260,0.0123,0.0,0.0308,0.9529,0.0031,0.0,0.0008,0.0,0.0
gba-bbmp-010,2022,ok,20,1260,0.4109,0.0,0.1083,0.4806,0.0,0.0,0.0002,0.0,0.0
gba-bbmp-010,2023,ok,17,1260,0.6601,0.0,0.0,0.2807,0.0573,0.0,0.0019,0.0,0.0
gba-bbmp-010,2024,ok,19,1260,0.7339,0.0056,0.0074,0.2293,0.0238,0.0,0.0,0.0,0.0
gba-bbmp-010,2025,ok,22,1260,0.5022,0.1615,0.0664,0.2254,0.0445,0.0,0.0,0.0,0.0
gba-bbmp-010,2026,ok,19,1260,0.7386,0.0,0.0025,0.1442,0.1139,0.0,0.0007,0.0,0.0
gba-bbmp-011,2017,ok,9,159,0.4938,0.0,0.0,0.0,0.5062,0.0,0.0,0.0,0.0
gba-bbmp-011,2018,ok,22,159,0.4938,0.0,0.0,0.0,0.0,0.0,0.0716,0.4346,0.0
gba-bbmp-011,2019,ok,24,159,1.0,0.0,0.0,0.0,0.0,0.0,0.0,0.0,0.0
gba-bbmp-011,2020,ok,17,159,1.0,0.0,0.0,0.0,0.0,0.0,0.0,0.0,0.0
gba-bbmp-011,2021,ok,17,159,1.0,0.0,0.0,0.0,0.0,0.0,0.0,0.0,0.0
gba-bbmp-011,2022,ok,18,159,1.0,0.0,0.0,0.0,0.0,0.0,0.0,0.0,0.0
gba-bbmp-011,2023,ok,18,159,1.0,0.0,0.0,0.0,0.0,0.0,0.0,0.0,0.0
gba-bbmp-011,2024,ok,18,159,1.0,0.0,0.0,0.0,0.0,0.0,0.0,0.0,0.0
gba-bbmp-011,2025,ok,20,159,1.0,0.0,0.0,0.0,0.0,0.0,0.0,0.0,0.0
gba-bbmp-011,2026,ok,20,159,0.9528,0.0,0.0,0.0,0.0,0.0,0.0472,0.0,0.0
gba-bbmp-012,2017,ok,10,365,0.0,0.9881,0.0,0.0,0.0016,0.0,0.0103,0.0,0.0
gba-bbmp-012,2018,ok,23,365,0.0027,0.9968,0.0,0.0,0.0,0.0,0.0004,0.0,0.0
gba-bbmp-012,2019,ok,23,365,0.0164,0.5445,0.0,0.0,0.4261,0.0,0.0129,0.0,0.0
gba-bbmp-012,2020,ok,17,365,0.9448,0.0539,0.0013,0.0,0.0,0.0,0.0,0.0,0.0
gba-bbmp-012,2021,ok,17,365,0.9914,0.0,0.0086,0.0,0.0,0.0,0.0,0.0,0.0
gba-bbmp-012,2022,ok,17,365,1.0,0.0,0.0,0.0,0.0,0.0,0.0,0.0,0.0
gba-bbmp-012,2023,ok,19,365,1.0,0.0,0.0,0.0,0.0,0.0,0.0,0.0,0.0
gba-bbmp-012,2024,ok,18,365,1.0,0.0,0.0,0.0,0.0,0.0,0.0,0.0,0.0
gba-bbmp-012,2025,ok,21,365,1.0,0.0,0.0,0.0,0.0,0.0,0.0,0.0,0.0
gba-bbmp-012,2026,ok,19,365,1.0,0.0,0.0,0.0,0.0,0.0,0.0,0.0,0.0
gba-bbmp-013,2017,ok,9,248,0.9805,0.0,0.0,0.0,0.0,0.0,0.0195,0.0,0.0
gba-bbmp-013,2018,ok,22,248,0.9984,0.0,0.0,0.0,0.0,0.0,0.0016,0.0,0.0
gba-bbmp-013,2019,ok,22,248,0.8954,0.0,0.0,0.0,0.0282,0.0,0.0764,0.0,0.0
gba-bbmp-013,2020,ok,19,248,0.9822,0.0,0.0,0.0,0.0,0.0,0.0178,0.0,0.0
gba-bbmp-013,2021,ok,17,248,0.9903,0.0,0.0,0.0,0.0,0.0,0.0097,0.0,0.0
gba-bbmp-013,2022,ok,18,248,0.9984,0.0,0.0,0.0,0.0,0.0,0.0016,0.0,0.0
gba-bbmp-013,2023,ok,21,248,0.9984,0.0,0.0,0.0,0.0,0.0,0.0016,0.0,0.0
gba-bbmp-013,2024,ok,17,248,0.9984,0.0,0.0,0.0,0.0,0.0,0.0016,0.0,0.0
gba-bbmp-013,2025,ok,22,248,0.9984,0.0,0.0,0.0,0.0,0.0,0.0016,0.0,0.0
gba-bbmp-013,2026,ok,20,248,0.9863,0.0,0.0,0.0,0.0,0.0,0.0137,0.0,0.0
gba-bbmp-014,2017,ok,9,97,1.0,0.0,0.0,0.0,0.0,0.0,0.0,0.0,0.0
gba-bbmp-014,2018,ok,23,97,1.0,0.0,0.0,0.0,0.0,0.0,0.0,0.0,0.0
gba-bbmp-014,2019,ok,23,97,1.0,0.0,0.0,0.0,0.0,0.0,0.0,0.0,0.0
gba-bbmp-014,2020,ok,19,97,1.0,0.0,0.0,0.0,0.0,0.0,0.0,0.0,0.0
gba-bbmp-014,2021,ok,16,97,1.0,0.0,0.0,0.0,0.0,0.0,0.0,0.0,0.0
gba-bbmp-014,2022,ok,17,97,1.0,0.0,0.0,0.0,0.0,0.0,0.0,0.0,0.0
gba-bbmp-014,2023,ok,18,97,1.0,0.0,0.0,0.0,0.0,0.0,0.0,0.0,0.0
gba-bbmp-014,2024,ok,17,97,1.0,0.0,0.0,0.0,0.0,0.0,0.0,0.0,0.0
gba-bbmp-014,2025,ok,23,97,1.0,0.0,0.0,0.0,0.0,0.0,0.0,0.0,0.0
gba-bbmp-014,2026,ok,20,97,1.0,0.0,0.0,0.0,0.0,0.0,0.0,0.0,0.0
gba-bbmp-015,2017,ok,8,167,1.0,0.0,0.0,0.0,0.0,0.0,0.0,0.0,0.0
gba-bbmp-015,2018,ok,22,167,1.0,0.0,0.0,0.0,0.0,0.0,0.0,0.0,0.0
gba-bbmp-015,2019,ok,24,167,1.0,0.0,0.0,0.0,0.0,0.0,0.0,0.0,0.0
gba-bbmp-015,2020,ok,19,167,1.0,0.0,0.0,0.0,0.0,0.0,0.0,0.0,0.0
gba-bbmp-015,2021,ok,17,167,1.0,0.0,0.0,0.0,0.0,0.0,0.0,0.0,0.0
gba-bbmp-015,2022,ok,19,167,1.0,0.0,0.0,0.0,0.0,0.0,0.0,0.0,0.0
gba-bbmp-015,2023,ok,22,167,1.0,0.0,0.0,0.0,0.0,0.0,0.0,0.0,0.0
gba-bbmp-015,2024,ok,17,167,1.0,0.0,0.0,0.0,0.0,0.0,0.0,0.0,0.0
gba-bbmp-015,2025,ok,22,167,1.0,0.0,0.0,0.0,0.0,0.0,0.0,0.0,0.0
gba-bbmp-015,2026,ok,19,167,1.0,0.0,0.0,0.0,0.0,0.0,0.0,0.0,0.0
gba-bbmp-016,2017,ok,8,367,0.8965,0.0,0.0,0.0,0.001,0.0,0.1012,0.0013,0.0
gba-bbmp-016,2018,ok,22,367,0.9983,0.0,0.0,0.0,0.0,0.0,0.0017,0.0,0.0
gba-bbmp-016,2019,ok,23,367,0.9983,0.0,0.0,0.0,0.0,0.0,0.0017,0.0,0.0
gba-bbmp-016,2020,ok,19,367,0.9983,0.0,0.0,0.0,0.0,0.0,0.0017,0.0,0.0
gba-bbmp-016,2021,ok,15,367,0.9983,0.0,0.0,0.0,0.0,0.0,0.0017,0.0,0.0
gba-bbmp-016,2022,ok,19,367,0.9983,0.0,0.0,0.0,0.0,0.0,0.0017,0.0,0.0
gba-bbmp-016,2023,ok,20,367,0.9983,0.0,0.0,0.0,0.0,0.0,0.0017,0.0,0.0
gba-bbmp-016,2024,ok,16,367,0.9983,0.0,0.0,0.0,0.0,0.0,0.0017,0.0,0.0
gba-bbmp-016,2025,ok,25,367,0.9983,0.0,0.0,0.0,0.0,0.0,0.0017,0.0,0.0
gba-bbmp-016,2026,ok,20,367,0.9983,0.0,0.0,0.0,0.0,0.0,0.0017,0.0,0.0
gba-bbmp-018,2017,insufficient,9,16,,,,,,,,,
gba-bbmp-018,2018,insufficient,18,16,,,,,,,,,
gba-bbmp-018,2019,insufficient,23,16,,,,,,,,,
gba-bbmp-018,2020,insufficient,18,16,,,,,,,,,
gba-bbmp-018,2021,insufficient,16,16,,,,,,,,,
gba-bbmp-018,2022,insufficient,18,16,,,,,,,,,
gba-bbmp-018,2023,insufficient,20,16,,,,,,,,,
gba-bbmp-018,2024,insufficient,14,16,,,,,,,,,
gba-bbmp-018,2025,insufficient,22,16,,,,,,,,,
gba-bbmp-018,2026,insufficient,20,16,,,,,,,,,
gba-bbmp-019,2017,insufficient,8,16,,,,,,,,,
gba-bbmp-019,2018,insufficient,21,16,,,,,,,,,
gba-bbmp-019,2019,insufficient,23,16,,,,,,,,,
gba-bbmp-019,2020,insufficient,19,16,,,,,,,,,
gba-bbmp-019,2021,insufficient,16,16,,,,,,,,,
gba-bbmp-019,2022,insufficient,18,16,,,,,,,,,
gba-bbmp-019,2023,insufficient,19,16,,,,,,,,,
gba-bbmp-019,2024,insufficient,15,16,,,,,,,,,
gba-bbmp-019,2025,insufficient,22,16,,,,,,,,,
gba-bbmp-019,2026,insufficient,19,16,,,,,,,,,
gba-bbmp-020,2017,ok,8,3053,0.3188,0.4402,0.0001,0.1921,0.0487,0.0,0.0002,0.0,0.0
gba-bbmp-020,2018,ok,21,3053,0.3433,0.5999,0.0,0.0344,0.0202,0.0,0.0022,0.0,0.0
gba-bbmp-020,2019,ok,22,3053,0.1004,0.3794,0.0067,0.1389,0.3431,0.0138,0.0178,0.0,0.0
gba-bbmp-020,2020,ok,17,3053,0.0166,0.2209,0.0029,0.6626,0.0964,0.0,0.0006,0.0,0.0
gba-bbmp-020,2021,ok,17,3053,0.0,0.7124,0.0536,0.1998,0.0328,0.0,0.0013,0.0,0.0
gba-bbmp-020,2022,ok,19,3053,0.0893,0.4417,0.0451,0.3506,0.0671,0.0,0.0063,0.0,0.0
gba-bbmp-020,2023,ok,18,3053,0.112,0.2923,0.0003,0.0056,0.5443,0.001,0.0061,0.0384,0.0
gba-bbmp-020,2024,ok,15,3053,0.1639,0.258,0.0219,0.3737,0.1592,0.0083,0.0137,0.0013,0.0
gba-bbmp-020,2025,ok,22,3053,0.7318,0.0392,0.0,0.2288,0.0,0.0,0.0002,0.0,0.0
gba-bbmp-020,2026,ok,21,3053,0.9993,0.0,0.0,0.0,0.0,0.0,0.0007,0.0,0.0
gba-bbmp-022,2017,ok,8,151,0.7504,0.0336,0.0,0.0,0.0,0.0544,0.1615,0.0,0.0
gba-bbmp-022,2018,ok,20,151,1.0,0.0,0.0,0.0,0.0,0.0,0.0,0.0,0.0
gba-bbmp-022,2019,ok,22,151,0.0,0.0,0.0,0.0,0.0,0.005,0.0,0.995,0.0
gba-bbmp-022,2020,ok,18,151,0.702,0.0,0.0,0.0,0.0,0.0,0.0,0.298,0.0
gba-bbmp-022,2021,ok,16,151,0.0332,0.0,0.0,0.9654,0.0,0.0,0.0,0.0014,0.0
gba-bbmp-022,2022,ok,18,151,1.0,0.0,0.0,0.0,0.0,0.0,0.0,0.0,0.0
gba-bbmp-022,2023,ok,19,151,1.0,0.0,0.0,0.0,0.0,0.0,0.0,0.0,0.0
gba-bbmp-022,2024,ok,19,151,1.0,0.0,0.0,0.0,0.0,0.0,0.0,0.0,0.0
gba-bbmp-022,2025,ok,22,151,1.0,0.0,0.0,0.0,0.0,0.0,0.0,0.0,0.0
gba-bbmp-022,2026,ok,20,151,1.0,0.0,0.0,0.0,0.0,0.0,0.0,0.0,0.0
gba-bbmp-023,2017,ok,10,93,0.9487,0.02,0.0,0.0,0.0,0.0,0.0313,0.0,0.0
gba-bbmp-023,2018,ok,20,93,0.9193,0.0176,0.0,0.0,0.0,0.0,0.0632,0.0,0.0
gba-bbmp-023,2019,ok,23,93,0.0,0.0,0.0,0.0,0.0,0.0,1.0,0.0,0.0
gba-bbmp-023,2020,ok,19,93,0.2764,0.0,0.0,0.0107,0.0,0.0702,0.6428,0.0,0.0
gba-bbmp-023,2021,ok,15,93,0.8319,0.0427,0.0,0.0107,0.0,0.0013,0.1135,0.0,0.0
gba-bbmp-023,2022,ok,19,93,1.0,0.0,0.0,0.0,0.0,0.0,0.0,0.0,0.0
gba-bbmp-023,2023,ok,20,93,1.0,0.0,0.0,0.0,0.0,0.0,0.0,0.0,0.0
gba-bbmp-023,2024,ok,15,93,0.5754,0.0,0.0,0.0,0.0134,0.0,0.4113,0.0,0.0
gba-bbmp-023,2025,ok,23,93,1.0,0.0,0.0,0.0,0.0,0.0,0.0,0.0,0.0
gba-bbmp-023,2026,ok,18,93,0.9988,0.0,0.0,0.0,0.0,0.0,0.0012,0.0,0.0
gba-bbmp-024,2017,insufficient,9,6,,,,,,,,,
gba-bbmp-024,2018,insufficient,24,6,,,,,,,,,
gba-bbmp-024,2019,insufficient,23,6,,,,,,,,,
gba-bbmp-024,2020,insufficient,17,6,,,,,,,,,
gba-bbmp-024,2021,insufficient,18,6,,,,,,,,,
gba-bbmp-024,2022,insufficient,18,6,,,,,,,,,
gba-bbmp-024,2023,insufficient,19,6,,,,,,,,,
gba-bbmp-024,2024,insufficient,16,6,,,,,,,,,
gba-bbmp-024,2025,insufficient,24,6,,,,,,,,,
gba-bbmp-024,2026,insufficient,17,6,,,,,,,,,
gba-bbmp-025,2017,ok,9,541,1.0,0.0,0.0,0.0,0.0,0.0,0.0,0.0,0.0
gba-bbmp-025,2018,ok,21,541,1.0,0.0,0.0,0.0,0.0,0.0,0.0,0.0,0.0
gba-bbmp-025,2019,ok,23,541,1.0,0.0,0.0,0.0,0.0,0.0,0.0,0.0,0.0
gba-bbmp-025,2020,ok,17,541,1.0,0.0,0.0,0.0,0.0,0.0,0.0,0.0,0.0
gba-bbmp-025,2021,ok,16,541,0.9801,0.0,0.0,0.0,0.0,0.0,0.0199,0.0,0.0
gba-bbmp-025,2022,ok,19,541,0.9858,0.0003,0.0,0.0,0.0,0.0,0.0139,0.0,0.0
gba-bbmp-025,2023,ok,19,541,0.9984,0.0,0.0,0.0,0.0,0.0,0.0016,0.0,0.0
gba-bbmp-025,2024,ok,17,541,0.0277,0.1202,0.0,0.8519,0.0,0.0,0.0003,0.0,0.0
gba-bbmp-025,2025,ok,23,541,0.0444,0.115,0.0,0.8314,0.0,0.0,0.0093,0.0,0.0
gba-bbmp-025,2026,ok,19,541,0.0,0.0258,0.0,0.0,0.7906,0.0,0.1836,0.0,0.0
gba-bbmp-026,2017,ok,8,499,1.0,0.0,0.0,0.0,0.0,0.0,0.0,0.0,0.0
gba-bbmp-026,2018,ok,21,499,1.0,0.0,0.0,0.0,0.0,0.0,0.0,0.0,0.0
gba-bbmp-026,2019,ok,23,499,0.9975,0.0,0.0,0.0,0.0025,0.0,0.0,0.0,0.0
gba-bbmp-026,2020,ok,17,499,0.9975,0.0017,0.0008,0.0,0.0,0.0,0.0,0.0,0.0
gba-bbmp-026,2021,ok,17,499,0.0,0.0,0.0,0.0,0.0639,0.0203,0.0,0.9157,0.0
gba-bbmp-026,2022,ok,18,499,1.0,0.0,0.0,0.0,0.0,0.0,0.0,0.0,0.0
gba-bbmp-026,2023,ok,21,499,1.0,0.0,0.0,0.0,0.0,0.0,0.0,0.0,0.0
gba-bbmp-026,2024,ok,17,499,0.7824,0.0,0.0,0.0,0.0014,0.0,0.0362,0.18,0.0
gba-bbmp-026,2025,ok,23,499,0.9909,0.0,0.0,0.0,0.0,0.0,0.0091,0.0,0.0
gba-bbmp-026,2026,ok,19,499,0.979,0.0,0.0,0.0,0.0001,0.0,0.0209,0.0,0.0
gba-bbmp-027,2017,ok,8,171,1.0,0.0,0.0,0.0,0.0,0.0,0.0,0.0,0.0
gba-bbmp-027,2018,ok,22,171,1.0,0.0,0.0,0.0,0.0,0.0,0.0,0.0,0.0
gba-bbmp-027,2019,ok,23,171,1.0,0.0,0.0,0.0,0.0,0.0,0.0,0.0,0.0
gba-bbmp-027,2020,ok,20,171,0.9989,0.0,0.0,0.0011,0.0,0.0,0.0,0.0,0.0
gba-bbmp-027,2021,ok,16,171,1.0,0.0,0.0,0.0,0.0,0.0,0.0,0.0,0.0
gba-bbmp-027,2022,ok,19,171,1.0,0.0,0.0,0.0,0.0,0.0,0.0,0.0,0.0
gba-bbmp-027,2023,ok,20,171,1.0,0.0,0.0,0.0,0.0,0.0,0.0,0.0,0.0
gba-bbmp-027,2024,ok,14,171,1.0,0.0,0.0,0.0,0.0,0.0,0.0,0.0,0.0
gba-bbmp-027,2025,ok,24,171,1.0,0.0,0.0,0.0,0.0,0.0,0.0,0.0,0.0
gba-bbmp-027,2026,ok,18,171,1.0,0.0,0.0,0.0,0.0,0.0,0.0,0.0,0.0
gba-bbmp-028,2017,ok,9,1450,0.0,0.085,0.0,0.0,0.0,0.9054,0.0095,0.0,0.0
gba-bbmp-028,2018,ok,23,1450,0.1621,0.0785,0.0,0.0614,0.3932,0.2527,0.0521,0.0,0.0
gba-bbmp-028,2019,ok,23,1450,0.0,0.0784,0.0,0.0,0.0,0.8759,0.0457,0.0,0.0
gba-bbmp-028,2020,ok,18,1450,0.0,0.1988,0.0,0.0,0.002,0.7862,0.0131,0.0,0.0
gba-bbmp-028,2021,ok,16,1450,0.0,0.4415,0.0,0.0,0.0009,0.5506,0.0071,0.0,0.0
gba-bbmp-028,2022,ok,18,1450,0.0386,0.5627,0.0,0.0103,0.0007,0.3876,0.0,0.0,0.0
gba-bbmp-028,2023,ok,19,1450,0.2198,0.0378,0.0,0.7368,0.0,0.0001,0.0056,0.0,0.0
gba-bbmp-028,2024,ok,17,1450,0.959,0.0094,0.0,0.0116,0.0,0.0,0.0201,0.0,0.0
gba-bbmp-028,2025,ok,21,1450,0.4219,0.07,0.0,0.5081,0.0,0.0,0.0,0.0,0.0
gba-bbmp-028,2026,ok,20,1450,0.344,0.1518,0.0354,0.4321,0.0069,0.0,0.0299,0.0,0.0
gba-bbmp-029,2017,ok,9,146,1.0,0.0,0.0,0.0,0.0,0.0,0.0,0.0,0.0
gba-bbmp-029,2018,ok,23,146,0.9902,0.0098,0.0,0.0,0.0,0.0,0.0,0.0,0.0
gba-bbmp-029,2019,ok,22,146,0.9835,0.0165,0.0,0.0,0.0,0.0,0.0,0.0,0.0
gba-bbmp-029,2020,ok,20,146,0.989,0.011,0.0,0.0,0.0,0.0,0.0,0.0,0.0
gba-bbmp-029,2021,ok,16,146,0.9902,0.0098,0.0,0.0,0.0,0.0,0.0,0.0,0.0
gba-bbmp-029,2022,ok,20,146,0.9716,0.0228,0.0,0.0,0.0,0.0,0.0056,0.0,0.0
gba-bbmp-029,2023,ok,21,146,0.8205,0.0095,0.0342,0.0,0.1358,0.0,0.0,0.0,0.0
gba-bbmp-029,2024,ok,15,146,0.852,0.0216,0.0,0.0,0.103,0.0,0.0234,0.0,0.0
gba-bbmp-029,2025,ok,22,146,0.7736,0.0124,0.1614,0.0413,0.002,0.0,0.0093,0.0,0.0
gba-bbmp-029,2026,ok,19,146,0.4651,0.1342,0.1178,0.0,0.2598,0.0,0.0232,0.0,0.0
gba-bbmp-030,2017,ok,9,129,0.0,0.9871,0.0,0.0,0.0,0.0,0.0129,0.0,0.0
gba-bbmp-030,2018,ok,21,129,0.0,1.0,0.0,0.0,0.0,0.0,0.0,0.0,0.0
gba-bbmp-030,2019,ok,23,129,0.0,0.999,0.0,0.0,0.0,0.0,0.001,0.0,0.0
gba-bbmp-030,2020,ok,20,129,0.0,1.0,0.0,0.0,0.0,0.0,0.0,0.0,0.0
gba-bbmp-030,2021,ok,17,129,0.0,0.9997,0.0,0.0,0.0,0.0,0.0003,0.0,0.0
gba-bbmp-030,2022,ok,21,129,0.0,0.9989,0.0,0.0,0.0,0.0,0.0011,0.0,0.0
gba-bbmp-030,2023,ok,22,129,0.0,1.0,0.0,0.0,0.0,0.0,0.0,0.0,0.0
gba-bbmp-030,2024,ok,15,129,0.0189,0.9604,0.0,0.0,0.0,0.0,0.0207,0.0,0.0
gba-bbmp-030,2025,ok,23,129,0.0,0.7801,0.0,0.0,0.0,0.1756,0.0443,0.0,0.0
gba-bbmp-030,2026,ok,19,129,0.0,0.7385,0.0,0.0,0.0113,0.1481,0.1022,0.0,0.0
gba-bbmp-031,2017,ok,8,3230,0.1153,0.565,0.2148,0.0109,0.094,0.0,0.0,0.0,0.0
gba-bbmp-031,2018,ok,21,3230,0.0507,0.4027,0.0566,0.2402,0.2486,0.0012,0.0,0.0,0.0
gba-bbmp-031,2019,ok,24,3230,0.0173,0.4564,0.3781,0.0,0.1482,0.0,0.0,0.0,0.0
gba-bbmp-031,2020,ok,19,3230,0.0282,0.3927,0.137,0.2829,0.1593,0.0,0.0,0.0,0.0
gba-bbmp-031,2021,ok,18,3230,0.0,0.0239,0.0424,0.0,0.9336,0.0,0.0,0.0,0.0
gba-bbmp-031,2022,ok,19,3230,0.0949,0.136,0.0,0.005,0.6491,0.0003,0.0003,0.1145,0.0
gba-bbmp-031,2023,ok,18,3230,0.0409,0.0155,0.0,0.0311,0.8477,0.0243,0.0013,0.0392,0.0
gba-bbmp-031,2024,ok,16,3230,0.0,0.0,0.0,0.0034,0.9719,0.0247,0.0,0.0,0.0
gba-bbmp-031,2025,ok,25,3230,0.2384,0.032,0.0019,0.6081,0.1196,0.0,0.0,0.0,0.0
gba-bbmp-031,2026,ok,20,3230,1.0,0.0,0.0,0.0,0.0,0.0,0.0,0.0,0.0
gba-bbmp-032,2017,insufficient,7,1450,,,,,,,,,
gba-bbmp-032,2018,ok,22,1450,0.0159,0.3016,0.0,0.0,0.3771,0.3043,0.0012,0.0,0.0
gba-bbmp-032,2019,ok,23,1450,0.0,0.1322,0.0,0.0,0.0231,0.8441,0.0006,0.0,0.0
gba-bbmp-032,2020,ok,18,1450,0.0,0.3792,0.0,0.0,0.0241,0.5875,0.0093,0.0,0.0
gba-bbmp-032,2021,ok,16,1450,0.0,0.6347,0.0,0.0,0.0056,0.3586,0.0011,0.0,0.0
gba-bbmp-032,2022,ok,17,1450,0.0131,0.8992,0.0,0.0,0.0,0.0873,0.0005,0.0,0.0
gba-bbmp-032,2023,ok,22,1450,0.0,0.8343,0.0,0.0,0.047,0.1182,0.0005,0.0,0.0
gba-bbmp-032,2024,ok,16,1450,0.0,0.0605,0.0,0.0,0.0098,0.7151,0.2146,0.0,0.0
gba-bbmp-032,2025,ok,22,1450,0.009,0.0386,0.0,0.0,0.0096,0.8242,0.0793,0.0393,0.0
gba-bbmp-032,2026,ok,17,1450,0.0,0.0233,0.0,0.0,0.009,0.8989,0.0689,0.0,0.0
gba-bbmp-034,2017,ok,8,170,1.0,0.0,0.0,0.0,0.0,0.0,0.0,0.0,0.0
gba-bbmp-034,2018,ok,20,170,0.7622,0.0,0.0,0.0,0.0,0.0,0.225,0.0128,0.0
gba-bbmp-034,2019,ok,23,170,0.0,0.0,0.0,0.0,0.0,0.0,1.0,0.0,0.0
gba-bbmp-034,2020,ok,18,170,0.4993,0.412,0.0,0.0,0.0059,0.0,0.0829,0.0,0.0
gba-bbmp-034,2021,ok,16,170,1.0,0.0,0.0,0.0,0.0,0.0,0.0,0.0,0.0
gba-bbmp-034,2022,ok,20,170,1.0,0.0,0.0,0.0,0.0,0.0,0.0,0.0,0.0
gba-bbmp-034,2023,ok,21,170,1.0,0.0,0.0,0.0,0.0,0.0,0.0,0.0,0.0
gba-bbmp-034,2024,ok,17,170,1.0,0.0,0.0,0.0,0.0,0.0,0.0,0.0,0.0
gba-bbmp-034,2025,ok,23,170,1.0,0.0,0.0,0.0,0.0,0.0,0.0,0.0,0.0
gba-bbmp-034,2026,ok,21,170,1.0,0.0,0.0,0.0,0.0,0.0,0.0,0.0,0.0
gba-bbmp-035,2017,ok,10,532,0.5629,0.0,0.0,0.0,0.0333,0.1933,0.1964,0.0141,0.0
gba-bbmp-035,2018,ok,22,532,0.9002,0.0,0.0,0.0,0.0,0.0,0.0998,0.0,0.0
gba-bbmp-035,2019,ok,23,532,0.7506,0.0,0.0,0.0,0.0,0.0032,0.2462,0.0,0.0
gba-bbmp-035,2020,ok,19,532,0.899,0.0,0.0,0.0,0.0,0.0,0.101,0.0,0.0
gba-bbmp-035,2021,ok,16,532,0.8971,0.0,0.0,0.0,0.0,0.0,0.1029,0.0,0.0
gba-bbmp-035,2022,ok,19,532,0.8981,0.0,0.0,0.0,0.0033,0.0,0.0987,0.0,0.0
gba-bbmp-035,2023,ok,20,532,0.9013,0.0,0.0,0.0,0.0,0.0,0.0987,0.0,0.0
gba-bbmp-035,2024,ok,15,532,0.9013,0.0,0.0,0.0,0.0,0.0,0.0987,0.0,0.0
gba-bbmp-035,2025,ok,23,532,0.9013,0.0,0.0,0.0,0.0,0.0,0.0987,0.0,0.0
gba-bbmp-035,2026,ok,20,532,0.9002,0.0,0.0,0.0,0.0,0.0,0.0998,0.0,0.0
gba-bbmp-036,2017,ok,8,409,1.0,0.0,0.0,0.0,0.0,0.0,0.0,0.0,0.0
gba-bbmp-036,2018,ok,22,409,1.0,0.0,0.0,0.0,0.0,0.0,0.0,0.0,0.0
gba-bbmp-036,2019,ok,23,409,1.0,0.0,0.0,0.0,0.0,0.0,0.0,0.0,0.0
gba-bbmp-036,2020,ok,18,409,1.0,0.0,0.0,0.0,0.0,0.0,0.0,0.0,0.0
gba-bbmp-036,2021,ok,15,409,0.9878,0.0,0.0,0.0,0.0,0.0,0.0122,0.0,0.0
gba-bbmp-036,2022,ok,19,409,0.944,0.0,0.0,0.0,0.0,0.0,0.056,0.0,0.0
gba-bbmp-036,2023,ok,21,409,0.9993,0.0,0.0,0.0,0.0,0.0,0.0007,0.0,0.0
gba-bbmp-036,2024,ok,14,409,0.9957,0.0,0.0,0.0,0.0,0.0,0.0043,0.0,0.0
gba-bbmp-036,2025,ok,22,409,1.0,0.0,0.0,0.0,0.0,0.0,0.0,0.0,0.0
gba-bbmp-036,2026,ok,20,409,1.0,0.0,0.0,0.0,0.0,0.0,0.0,0.0,0.0
gba-bbmp-037,2017,ok,10,145,0.5967,0.0,0.0,0.0,0.0,0.0,0.4033,0.0,0.0
gba-bbmp-037,2018,ok,22,145,1.0,0.0,0.0,0.0,0.0,0.0,0.0,0.0,0.0
gba-bbmp-037,2019,ok,23,145,1.0,0.0,0.0,0.0,0.0,0.0,0.0,0.0,0.0
gba-bbmp-037,2020,ok,19,145,0.9966,0.0,0.0,0.0,0.0,0.0,0.0034,0.0,0.0
gba-bbmp-037,2021,ok,16,145,1.0,0.0,0.0,0.0,0.0,0.0,0.0,0.0,0.0
gba-bbmp-037,2022,ok,18,145,1.0,0.0,0.0,0.0,0.0,0.0,0.0,0.0,0.0
gba-bbmp-037,2023,ok,20,145,1.0,0.0,0.0,0.0,0.0,0.0,0.0,0.0,0.0
gba-bbmp-037,2024,ok,15,145,1.0,0.0,0.0,0.0,0.0,0.0,0.0,0.0,0.0
gba-bbmp-037,2025,ok,23,145,1.0,0.0,0.0,0.0,0.0,0.0,0.0,0.0,0.0
gba-bbmp-037,2026,ok,19,145,1.0,0.0,0.0,0.0,0.0,0.0,0.0,0.0,0.0
gba-bbmp-038,2017,ok,9,39,0.0,0.0,0.0,0.0,0.7922,0.2078,0.0,0.0,0.0
gba-bbmp-038,2018,ok,22,39,1.0,0.0,0.0,0.0,0.0,0.0,0.0,0.0,0.0
gba-bbmp-038,2019,ok,24,39,1.0,0.0,0.0,0.0,0.0,0.0,0.0,0.0,0.0
gba-bbmp-038,2020,ok,18,39,1.0,0.0,0.0,0.0,0.0,0.0,0.0,0.0,0.0
gba-bbmp-038,2021,ok,16,39,0.9953,0.0047,0.0,0.0,0.0,0.0,0.0,0.0,0.0
gba-bbmp-038,2022,ok,19,39,1.0,0.0,0.0,0.0,0.0,0.0,0.0,0.0,0.0
gba-bbmp-038,2023,ok,18,39,1.0,0.0,0.0,0.0,0.0,0.0,0.0,0.0,0.0
gba-bbmp-038,2024,ok,16,39,1.0,0.0,0.0,0.0,0.0,0.0,0.0,0.0,0.0
gba-bbmp-038,2025,ok,24,39,1.0,0.0,0.0,0.0,0.0,0.0,0.0,0.0,0.0
gba-bbmp-038,2026,ok,21,39,1.0,0.0,0.0,0.0,0.0,0.0,0.0,0.0,0.0
gba-bbmp-039,2017,ok,8,3682,0.5741,0.0022,0.0026,0.1578,0.0564,0.1355,0.0,0.0714,0.0
gba-bbmp-039,2018,ok,22,3682,1.0,0.0,0.0,0.0,0.0,0.0,0.0,0.0,0.0
gba-bbmp-039,2019,ok,25,3682,1.0,0.0,0.0,0.0,0.0,0.0,0.0,0.0,0.0
gba-bbmp-039,2020,ok,19,3682,1.0,0.0,0.0,0.0,0.0,0.0,0.0,0.0,0.0
gba-bbmp-039,2021,ok,17,3682,1.0,0.0,0.0,0.0,0.0,0.0,0.0,0.0,0.0
gba-bbmp-039,2022,ok,20,3682,1.0,0.0,0.0,0.0,0.0,0.0,0.0,0.0,0.0
gba-bbmp-039,2023,ok,21,3682,1.0,0.0,0.0,0.0,0.0,0.0,0.0,0.0,0.0
gba-bbmp-039,2024,ok,17,3682,1.0,0.0,0.0,0.0,0.0,0.0,0.0,0.0,0.0
gba-bbmp-039,2025,ok,25,3682,0.5124,0.0004,0.0,0.1822,0.1032,0.0068,0.0007,0.1943,0.0
gba-bbmp-039,2026,ok,21,3682,0.336,0.1121,0.0033,0.3352,0.2135,0.0,0.0,0.0,0.0
gba-bbmp-041,2017,ok,10,245,0.0,0.6233,0.0,0.0,0.2377,0.0,0.139,0.0,0.0
gba-bbmp-041,2018,ok,22,245,0.0,0.3432,0.0,0.0,0.4209,0.0,0.2359,0.0,0.0
gba-bbmp-041,2019,ok,24,245,0.0,0.0,0.0,0.0,0.0,0.0,0.1186,0.8814,0.0
gba-bbmp-041,2020,ok,19,245,0.9924,0.0,0.0,0.0,0.0,0.0,0.0076,0.0,0.0
gba-bbmp-041,2021,ok,16,245,0.9905,0.0,0.0,0.0,0.0,0.0,0.0095,0.0,0.0
gba-bbmp-041,2022,ok,18,245,0.9732,0.0,0.0,0.0,0.0,0.0,0.0268,0.0,0.0
gba-bbmp-041,2023,ok,20,245,0.9691,0.0,0.0,0.0,0.0,0.0,0.0309,0.0,0.0
gba-bbmp-041,2024,ok,17,245,0.9808,0.0,0.0,0.0,0.0,0.0,0.0192,0.0,0.0
gba-bbmp-041,2025,ok,22,245,0.9767,0.0,0.0,0.0,0.0,0.0,0.0233,0.0,0.0
gba-bbmp-041,2026,ok,21,245,0.9751,0.0,0.0,0.0,0.0,0.0,0.0249,0.0,0.0
gba-bbmp-042,2017,ok,8,1021,0.9991,0.0,0.0,0.0,0.0,0.0,0.0009,0.0,0.0
gba-bbmp-042,2018,ok,21,1021,0.0001,0.4603,0.0,0.0,0.5167,0.0,0.0229,0.0,0.0
gba-bbmp-042,2019,ok,25,1021,0.2024,0.0157,0.0,0.0,0.0049,0.1283,0.1448,0.5039,0.0
gba-bbmp-042,2020,ok,20,1021,0.1583,0.043,0.0,0.6209,0.0166,0.0,0.1612,0.0,0.0
gba-bbmp-042,2021,ok,16,1021,0.3397,0.0,0.0,0.659,0.0,0.0,0.0013,0.0,0.0
gba-bbmp-042,2022,ok,19,1021,0.998,0.0,0.0,0.002,0.0,0.0,0.0,0.0,0.0
gba-bbmp-042,2023,ok,21,1021,1.0,0.0,0.0,0.0,0.0,0.0,0.0,0.0,0.0
gba-bbmp-042,2024,ok,16,1021,1.0,0.0,0.0,0.0,0.0,0.0,0.0,0.0,0.0
gba-bbmp-042,2025,ok,23,1021,1.0,0.0,0.0,0.0,0.0,0.0,0.0,0.0,0.0
gba-bbmp-042,2026,ok,20,1021,1.0,0.0,0.0,0.0,0.0,0.0,0.0,0.0,0.0
gba-bbmp-043,2017,ok,8,58,0.3224,0.0,0.0,0.0,0.0,0.0,0.6776,0.0,0.0
gba-bbmp-043,2018,ok,20,58,0.0,0.0,0.0,0.0,0.8498,0.0,0.1502,0.0,0.0
gba-bbmp-043,2019,ok,24,58,0.0,0.0,0.0,0.0,0.9522,0.0,0.0478,0.0,0.0
gba-bbmp-043,2020,ok,18,58,0.6392,0.0,0.0,0.0,0.0,0.0,0.3608,0.0,0.0
gba-bbmp-043,2021,ok,16,58,0.1378,0.0,0.0,0.0,0.0,0.0,0.8622,0.0,0.0
gba-bbmp-043,2022,ok,18,58,0.6384,0.0,0.0,0.0,0.0,0.0,0.3616,0.0,0.0
gba-bbmp-043,2023,ok,20,58,1.0,0.0,0.0,0.0,0.0,0.0,0.0,0.0,0.0
gba-bbmp-043,2024,ok,15,58,1.0,0.0,0.0,0.0,0.0,0.0,0.0,0.0,0.0
gba-bbmp-043,2025,ok,25,58,1.0,0.0,0.0,0.0,0.0,0.0,0.0,0.0,0.0
gba-bbmp-043,2026,ok,20,58,0.9991,0.0,0.0,0.0,0.0,0.0,0.0009,0.0,0.0
gba-bbmp-045,2017,ok,9,211,0.0,0.0,0.0,0.0,1.0,0.0,0.0,0.0,0.0
gba-bbmp-045,2018,ok,23,211,0.0,0.0,0.0001,0.0,0.9999,0.0,0.0,0.0,0.0
gba-bbmp-045,2019,ok,25,211,0.0,0.0,0.0018,0.0,0.9982,0.0,0.0,0.0,0.0
gba-bbmp-045,2020,ok,20,211,0.0,0.0,0.0152,0.0,0.9848,0.0,0.0,0.0,0.0
gba-bbmp-045,2021,ok,16,211,0.0,0.0065,0.2102,0.0,0.783,0.0,0.0003,0.0,0.0
gba-bbmp-045,2022,ok,20,211,0.0,0.0446,0.1377,0.0,0.8177,0.0,0.0,0.0,0.0
gba-bbmp-045,2023,ok,19,211,0.0189,0.0,0.0,0.0,0.4332,0.0,0.5479,0.0,0.0
gba-bbmp-045,2024,ok,15,211,0.3516,0.0,0.0,0.0,0.0,0.0,0.1727,0.4757,0.0
gba-bbmp-045,2025,ok,23,211,0.9982,0.0,0.0,0.0,0.0,0.0,0.0018,0.0,0.0
gba-bbmp-045,2026,ok,21,211,0.9929,0.0,0.0,0.0,0.0,0.0,0.0071,0.0,0.0
gba-bbmp-046,2017,ok,8,675,0.7009,0.0,0.0,0.0,0.2991,0.0,0.0,0.0,0.0
gba-bbmp-046,2018,ok,22,675,0.9916,0.0081,0.0,0.0,0.0003,0.0,0.0,0.0,0.0
gba-bbmp-046,2019,ok,22,675,0.5465,0.0122,0.0324,0.0,0.4089,0.0,0.0,0.0,0.0
gba-bbmp-046,2020,ok,18,675,0.0253,0.9747,0.0,0.0,0.0,0.0,0.0,0.0,0.0
gba-bbmp-046,2021,ok,16,675,0.024,0.7476,0.1881,0.0,0.0403,0.0,0.0,0.0,0.0
gba-bbmp-046,2022,ok,18,675,0.0303,0.7237,0.0864,0.0,0.1595,0.0,0.0,0.0,0.0
gba-bbmp-046,2023,ok,21,675,0.0,0.5333,0.0333,0.0,0.4334,0.0,0.0,0.0,0.0
gba-bbmp-046,2024,ok,16,675,0.0015,0.056,0.0197,0.0,0.9165,0.0,0.0064,0.0,0.0
gba-bbmp-046,2025,ok,24,675,0.0419,0.0277,0.0,0.0,0.2659,0.0314,0.0454,0.5877,0.0
gba-bbmp-046,2026,ok,21,675,1.0,0.0,0.0,0.0,0.0,0.0,0.0,0.0,0.0
gba-bbmp-047,2017,insufficient,10,3,,,,,,,,,
gba-bbmp-047,2018,insufficient,21,3,,,,,,,,,
gba-bbmp-047,2019,insufficient,23,3,,,,,,,,,
gba-bbmp-047,2020,insufficient,19,3,,,,,,,,,
gba-bbmp-047,2021,insufficient,17,3,,,,,,,,,
gba-bbmp-047,2022,insufficient,19,3,,,,,,,,,
gba-bbmp-047,2023,insufficient,18,3,,,,,,,,,
gba-bbmp-047,2024,insufficient,14,3,,,,,,,,,
gba-bbmp-047,2025,insufficient,23,3,,,,,,,,,
gba-bbmp-047,2026,insufficient,20,3,,,,,,,,,
gba-bbmp-048,2017,insufficient,10,16,,,,,,,,,
gba-bbmp-048,2018,insufficient,21,16,,,,,,,,,
gba-bbmp-048,2019,insufficient,24,16,,,,,,,,,
gba-bbmp-048,2020,insufficient,19,16,,,,,,,,,
gba-bbmp-048,2021,insufficient,16,16,,,,,,,,,
gba-bbmp-048,2022,insufficient,20,16,,,,,,,,,
gba-bbmp-048,2023,insufficient,19,16,,,,,,,,,
gba-bbmp-048,2024,insufficient,15,16,,,,,,,,,
gba-bbmp-048,2025,insufficient,23,16,,,,,,,,,
gba-bbmp-048,2026,insufficient,20,16,,,,,,,,,
gba-bbmp-049,2017,ok,9,129,1.0,0.0,0.0,0.0,0.0,0.0,0.0,0.0,0.0
gba-bbmp-049,2018,ok,24,129,0.5569,0.0,0.0,0.0,0.0154,0.0,0.4277,0.0,0.0
gba-bbmp-049,2019,ok,24,129,0.0,0.0,0.0,0.0,0.0,0.0,0.1788,0.8212,0.0
gba-bbmp-049,2020,ok,20,129,1.0,0.0,0.0,0.0,0.0,0.0,0.0,0.0,0.0
gba-bbmp-049,2021,ok,17,129,1.0,0.0,0.0,0.0,0.0,0.0,0.0,0.0,0.0
gba-bbmp-049,2022,ok,18,129,1.0,0.0,0.0,0.0,0.0,0.0,0.0,0.0,0.0
gba-bbmp-049,2023,ok,18,129,1.0,0.0,0.0,0.0,0.0,0.0,0.0,0.0,0.0
gba-bbmp-049,2024,ok,17,129,1.0,0.0,0.0,0.0,0.0,0.0,0.0,0.0,0.0
gba-bbmp-049,2025,ok,24,129,1.0,0.0,0.0,0.0,0.0,0.0,0.0,0.0,0.0
gba-bbmp-049,2026,ok,19,129,1.0,0.0,0.0,0.0,0.0,0.0,0.0,0.0,0.0
gba-bbmp-050,2017,ok,10,243,1.0,0.0,0.0,0.0,0.0,0.0,0.0,0.0,0.0
gba-bbmp-050,2018,ok,22,243,1.0,0.0,0.0,0.0,0.0,0.0,0.0,0.0,0.0
gba-bbmp-050,2019,ok,23,243,1.0,0.0,0.0,0.0,0.0,0.0,0.0,0.0,0.0
gba-bbmp-050,2020,ok,19,243,1.0,0.0,0.0,0.0,0.0,0.0,0.0,0.0,0.0
gba-bbmp-050,2021,ok,16,243,1.0,0.0,0.0,0.0,0.0,0.0,0.0,0.0,0.0
gba-bbmp-050,2022,ok,19,243,1.0,0.0,0.0,0.0,0.0,0.0,0.0,0.0,0.0
gba-bbmp-050,2023,ok,19,243,1.0,0.0,0.0,0.0,0.0,0.0,0.0,0.0,0.0
gba-bbmp-050,2024,ok,15,243,0.0902,0.0297,0.0,0.0,0.8719,0.0083,0.0,0.0,0.0
gba-bbmp-050,2025,ok,22,243,1.0,0.0,0.0,0.0,0.0,0.0,0.0,0.0,0.0
gba-bbmp-050,2026,ok,20,243,1.0,0.0,0.0,0.0,0.0,0.0,0.0,0.0,0.0
gba-bbmp-051,2017,ok,10,36,0.9957,0.0,0.0,0.0,0.0,0.0,0.0043,0.0,0.0
gba-bbmp-051,2018,ok,24,36,1.0,0.0,0.0,0.0,0.0,0.0,0.0,0.0,0.0
gba-bbmp-051,2019,ok,24,36,1.0,0.0,0.0,0.0,0.0,0.0,0.0,0.0,0.0
gba-bbmp-051,2020,ok,19,36,1.0,0.0,0.0,0.0,0.0,0.0,0.0,0.0,0.0
gba-bbmp-051,2021,ok,16,36,1.0,0.0,0.0,0.0,0.0,0.0,0.0,0.0,0.0
gba-bbmp-051,2022,ok,19,36,1.0,0.0,0.0,0.0,0.0,0.0,0.0,0.0,0.0
gba-bbmp-051,2023,ok,18,36,1.0,0.0,0.0,0.0,0.0,0.0,0.0,0.0,0.0
gba-bbmp-051,2024,ok,15,36,1.0,0.0,0.0,0.0,0.0,0.0,0.0,0.0,0.0
gba-bbmp-051,2025,ok,22,36,1.0,0.0,0.0,0.0,0.0,0.0,0.0,0.0,0.0
gba-bbmp-051,2026,ok,19,36,0.9741,0.0,0.0,0.0,0.0254,0.0,0.0005,0.0,0.0
gba-bbmp-052,2017,ok,10,2739,0.9985,0.0,0.0,0.0,0.0,0.0,0.0015,0.0,0.0
gba-bbmp-052,2018,ok,20,2739,0.9982,0.0001,0.0002,0.0004,0.0,0.0,0.0011,0.0,0.0
gba-bbmp-052,2019,ok,21,2739,0.973,0.0,0.0142,0.0031,0.0081,0.0,0.0016,0.0,0.0
gba-bbmp-052,2020,ok,19,2739,0.9802,0.0,0.0,0.0,0.0172,0.0,0.0027,0.0,0.0
gba-bbmp-052,2021,ok,14,2739,0.9993,0.0,0.0,0.0,0.0,0.0,0.0007,0.0,0.0
gba-bbmp-052,2022,ok,17,2739,0.9993,0.0,0.0,0.0,0.0,0.0,0.0007,0.0,0.0
gba-bbmp-052,2023,ok,22,2739,0.9993,0.0,0.0,0.0,0.0,0.0,0.0007,0.0,0.0
gba-bbmp-052,2024,ok,15,2739,0.9989,0.0,0.0,0.0,0.0,0.0,0.0011,0.0,0.0
gba-bbmp-052,2025,ok,22,2739,0.9992,0.0,0.0,0.0,0.0,0.0,0.0008,0.0,0.0
gba-bbmp-052,2026,ok,18,2739,0.7373,0.0,0.0,0.0007,0.0363,0.0022,0.0569,0.1665,0.0
gba-bbmp-053,2017,ok,8,87,0.9967,0.0,0.0,0.0,0.0,0.0,0.0033,0.0,0.0
gba-bbmp-053,2018,ok,21,87,0.9967,0.0,0.0,0.0,0.0,0.0,0.0033,0.0,0.0
gba-bbmp-053,2019,ok,23,87,0.9523,0.0,0.0,0.0,0.0445,0.0,0.0033,0.0,0.0
gba-bbmp-053,2020,ok,19,87,0.9967,0.0,0.0,0.0,0.0,0.0,0.0033,0.0,0.0
gba-bbmp-053,2021,ok,16,87,0.0,0.0,0.0,0.0,0.1976,0.0,0.8024,0.0,0.0
gba-bbmp-053,2022,ok,19,87,1.0,0.0,0.0,0.0,0.0,0.0,0.0,0.0,0.0
gba-bbmp-053,2023,ok,20,87,1.0,0.0,0.0,0.0,0.0,0.0,0.0,0.0,0.0
gba-bbmp-053,2024,ok,16,87,1.0,0.0,0.0,0.0,0.0,0.0,0.0,0.0,0.0
gba-bbmp-053,2025,ok,22,87,1.0,0.0,0.0,0.0,0.0,0.0,0.0,0.0,0.0
gba-bbmp-053,2026,ok,20,87,1.0,0.0,0.0,0.0,0.0,0.0,0.0,0.0,0.0
gba-bbmp-054,2017,ok,9,156,0.9987,0.0,0.0,0.0,0.0,0.0,0.0013,0.0,0.0
gba-bbmp-054,2018,ok,23,156,0.998,0.0,0.0,0.0,0.0,0.0,0.002,0.0,0.0
gba-bbmp-054,2019,ok,23,156,0.8058,0.0,0.0,0.0,0.1733,0.0,0.0209,0.0,0.0
gba-bbmp-054,2020,ok,18,156,0.6262,0.2876,0.0,0.0,0.0623,0.0,0.024,0.0,0.0
gba-bbmp-054,2021,ok,16,156,0.6303,0.0,0.0,0.0,0.3573,0.0,0.0123,0.0,0.0
gba-bbmp-054,2022,ok,18,156,0.5111,0.0001,0.1358,0.0,0.3107,0.0,0.0423,0.0,0.0
gba-bbmp-054,2023,ok,20,156,0.3781,0.0,0.0846,0.0,0.5014,0.0,0.0359,0.0,0.0
gba-bbmp-054,2024,ok,14,156,0.4988,0.0063,0.0,0.0,0.4916,0.0,0.0033,0.0,0.0
gba-bbmp-054,2025,ok,22,156,0.6363,0.0521,0.0,0.0,0.2931,0.0,0.0186,0.0,0.0
gba-bbmp-054,2026,ok,20,156,0.7726,0.0,0.0,0.0,0.2241,0.0,0.0033,0.0,0.0
gba-bbmp-055,2017,ok,8,562,0.0,0.0657,0.0,0.0,0.9299,0.0,0.0044,0.0,0.0
gba-bbmp-055,2018,ok,22,562,0.0,0.1936,0.0,0.0,0.8062,0.0,0.0001,0.0,0.0
gba-bbmp-055,2019,ok,24,562,0.0,0.1077,0.0,0.0,0.8923,0.0,0.0,0.0,0.0
gba-bbmp-055,2020,ok,19,562,0.0,0.3468,0.0,0.0,0.652,0.0,0.0011,0.0,0.0
gba-bbmp-055,2021,ok,16,562,0.0,0.2488,0.0054,0.0,0.736,0.0,0.0098,0.0,0.0
gba-bbmp-055,2022,ok,19,562,0.0,0.3801,0.0,0.0,0.591,0.0,0.0289,0.0,0.0
gba-bbmp-055,2023,ok,19,562,0.0408,0.078,0.0,0.0,0.3927,0.2533,0.1076,0.1276,0.0
gba-bbmp-055,2024,ok,16,562,0.5008,0.0018,0.0,0.191,0.1296,0.0,0.1768,0.0,0.0
gba-bbmp-055,2025,ok,22,562,0.9794,0.0,0.0,0.0,0.0012,0.0,0.0195,0.0,0.0
gba-bbmp-055,2026,ok,20,562,0.9803,0.0,0.0,0.0,0.0,0.0,0.0197,0.0,0.0
gba-bbmp-056,2017,ok,11,267,0.0,0.7426,0.0,0.0,0.0,0.0,0.2574,0.0,0.0
gba-bbmp-056,2018,ok,23,267,0.0,0.3187,0.0009,0.0,0.3462,0.0,0.3343,0.0,0.0
gba-bbmp-056,2019,ok,24,267,0.0,0.0175,0.0,0.0,0.3319,0.0,0.6506,0.0,0.0
gba-bbmp-056,2020,ok,19,267,0.0,0.0,0.0,0.0,0.2103,0.0236,0.7661,0.0,0.0
gba-bbmp-056,2021,ok,16,267,0.0,0.2218,0.0,0.0,0.0314,0.159,0.5877,0.0,0.0
gba-bbmp-056,2022,ok,19,267,0.0,0.6487,0.0,0.0,0.1237,0.0,0.2276,0.0,0.0
gba-bbmp-056,2023,ok,22,267,0.0,0.0,0.0,0.0,0.2883,0.0,0.7117,0.0,0.0
gba-bbmp-056,2024,ok,14,267,0.0,0.0,0.0,0.0,0.0,0.0,1.0,0.0,0.0
gba-bbmp-056,2025,ok,24,267,0.0,0.0,0.0,0.0,0.0,0.0,1.0,0.0,0.0
gba-bbmp-056,2026,ok,18,267,0.0,0.0,0.0,0.0,0.0112,0.0,0.9888,0.0,0.0
gba-bbmp-057,2017,ok,10,38,0.0,0.1998,0.0,0.0,0.0,0.0,0.8002,0.0,0.0
gba-bbmp-057,2018,ok,23,38,0.0,0.2995,0.0,0.0,0.0,0.0,0.7005,0.0,0.0
gba-bbmp-057,2019,ok,24,38,0.0,0.0,0.0,0.0,0.0,0.0,1.0,0.0,0.0
gba-bbmp-057,2020,ok,19,38,0.0,0.0,0.0,0.0,0.0,0.0,1.0,0.0,0.0
gba-bbmp-057,2021,ok,15,38,0.0,0.6464,0.0,0.0,0.0,0.0,0.3536,0.0,0.0
gba-bbmp-057,2022,ok,17,38,0.0,1.0,0.0,0.0,0.0,0.0,0.0,0.0,0.0
gba-bbmp-057,2023,ok,19,38,0.0,0.7528,0.0,0.0,0.0,0.0,0.2472,0.0,0.0
gba-bbmp-057,2024,ok,14,38,0.0,0.0,0.0,0.0,0.0,0.0,1.0,0.0,0.0
gba-bbmp-057,2025,ok,21,38,0.0,0.0,0.0,0.0,0.0,0.0,1.0,0.0,0.0
gba-bbmp-057,2026,ok,20,38,0.0,0.0,0.0,0.0,0.0,0.0,1.0,0.0,0.0
gba-bbmp-058,2017,ok,10,76,0.0,0.3765,0.0,0.0,0.6235,0.0,0.0,0.0,0.0
gba-bbmp-058,2018,ok,22,76,0.0,0.366,0.0,0.0,0.634,0.0,0.0,0.0,0.0
gba-bbmp-058,2019,ok,24,76,0.0,0.1288,0.0,0.0,0.8712,0.0,0.0,0.0,0.0
gba-bbmp-058,2020,ok,19,76,0.0,0.2018,0.0,0.0,0.7982,0.0,0.0,0.0,0.0
gba-bbmp-058,2021,ok,15,76,0.0,0.081,0.0,0.0,0.919,0.0,0.0,0.0,0.0
gba-bbmp-058,2022,ok,17,76,0.0,0.5601,0.0,0.0,0.4399,0.0,0.0,0.0,0.0
gba-bbmp-058,2023,ok,20,76,0.0,0.286,0.0553,0.0,0.6587,0.0,0.0,0.0,0.0
gba-bbmp-058,2024,ok,17,76,0.0,0.0029,0.0,0.0,0.9971,0.0,0.0,0.0,0.0
gba-bbmp-058,2025,ok,23,76,0.0,0.0899,0.0,0.0,0.9072,0.0,0.0029,0.0,0.0
gba-bbmp-058,2026,ok,21,76,0.0,0.035,0.0,0.0,0.9438,0.0,0.0212,0.0,0.0
gba-bbmp-059,2017,ok,8,84,0.0,0.8948,0.0,0.0,0.1046,0.0,0.0006,0.0,0.0
gba-bbmp-059,2018,ok,24,84,0.0,0.0,0.0,0.0,0.0,0.0,1.0,0.0,0.0
gba-bbmp-059,2019,ok,23,84,0.0,0.0,0.0,0.0,0.0,0.0793,0.6392,0.2815,0.0
gba-bbmp-059,2020,ok,17,84,1.0,0.0,0.0,0.0,0.0,0.0,0.0,0.0,0.0
gba-bbmp-059,2021,ok,16,84,0.9994,0.0,0.0,0.0,0.0,0.0,0.0006,0.0,0.0
gba-bbmp-059,2022,ok,19,84,1.0,0.0,0.0,0.0,0.0,0.0,0.0,0.0,0.0
gba-bbmp-059,2023,ok,19,84,1.0,0.0,0.0,0.0,0.0,0.0,0.0,0.0,0.0
gba-bbmp-059,2024,ok,17,84,1.0,0.0,0.0,0.0,0.0,0.0,0.0,0.0,0.0
gba-bbmp-059,2025,ok,21,84,1.0,0.0,0.0,0.0,0.0,0.0,0.0,0.0,0.0
gba-bbmp-059,2026,ok,18,84,1.0,0.0,0.0,0.0,0.0,0.0,0.0,0.0,0.0
gba-bbmp-060,2017,ok,10,1830,0.6762,0.1415,0.0,0.1382,0.0098,0.0,0.0249,0.0094,0.0
gba-bbmp-060,2018,ok,21,1830,1.0,0.0,0.0,0.0,0.0,0.0,0.0,0.0,0.0
gba-bbmp-060,2019,ok,23,1830,0.9993,0.0,0.0,0.0,0.0,0.0,0.0007,0.0,0.0
gba-bbmp-060,2020,ok,18,1830,0.4285,0.0081,0.0066,0.3117,0.0829,0.1623,0.0,0.0,0.0
gba-bbmp-060,2021,ok,16,1830,0.9168,0.0748,0.0084,0.0,0.0,0.0,0.0,0.0,0.0
gba-bbmp-060,2022,ok,20,1830,1.0,0.0,0.0,0.0,0.0,0.0,0.0,0.0,0.0
gba-bbmp-060,2023,ok,19,1830,1.0,0.0,0.0,0.0,0.0,0.0,0.0,0.0,0.0
gba-bbmp-060,2024,ok,17,1830,1.0,0.0,0.0,0.0,0.0,0.0,0.0,0.0,0.0
gba-bbmp-060,2025,ok,22,1830,1.0,0.0,0.0,0.0,0.0,0.0,0.0,0.0,0.0
gba-bbmp-060,2026,ok,18,1830,1.0,0.0,0.0,0.0,0.0,0.0,0.0,0.0,0.0
gba-bbmp-061,2017,ok,8,1419,0.0008,0.1506,0.0049,0.0,0.8325,0.0,0.0113,0.0,0.0
gba-bbmp-061,2018,ok,23,1419,0.0391,0.1062,0.0,0.0,0.8147,0.0,0.0401,0.0,0.0
gba-bbmp-061,2019,ok,23,1419,0.0033,0.0,0.0,0.0,0.1454,0.0,0.0455,0.8059,0.0
gba-bbmp-061,2020,ok,18,1419,0.3527,0.0,0.0,0.5004,0.1179,0.0,0.029,0.0,0.0
gba-bbmp-061,2021,ok,15,1419,0.9947,0.0,0.0,0.0,0.005,0.0,0.0003,0.0,0.0
gba-bbmp-061,2022,ok,18,1419,1.0,0.0,0.0,0.0,0.0,0.0,0.0,0.0,0.0
gba-bbmp-061,2023,ok,23,1419,1.0,0.0,0.0,0.0,0.0,0.0,0.0,0.0,0.0
gba-bbmp-061,2024,ok,16,1419,0.9836,0.0,0.0,0.0,0.0,0.0,0.0164,0.0,0.0
gba-bbmp-061,2025,ok,22,1419,0.9988,0.0,0.0,0.0,0.0,0.0,0.0012,0.0,0.0
gba-bbmp-061,2026,ok,20,1419,0.9812,0.0,0.0,0.0,0.0,0.0,0.0188,0.0,0.0
gba-bbmp-062,2017,ok,9,122,0.8002,0.0,0.0,0.0,0.0,0.0,0.1998,0.0,0.0
gba-bbmp-062,2018,ok,29,122,0.9969,0.0,0.0,0.0002,0.0,0.0,0.0029,0.0,0.0
gba-bbmp-062,2019,ok,23,122,0.9929,0.0,0.0,0.0,0.0,0.0,0.0071,0.0,0.0
gba-bbmp-062,2020,ok,17,122,0.9622,0.0,0.0,0.0,0.0,0.0,0.0378,0.0,0.0
gba-bbmp-062,2021,ok,15,122,0.0,0.0,0.0,0.0,0.2306,0.0,0.7694,0.0,0.0
gba-bbmp-062,2022,ok,17,122,1.0,0.0,0.0,0.0,0.0,0.0,0.0,0.0,0.0
gba-bbmp-062,2023,ok,23,122,1.0,0.0,0.0,0.0,0.0,0.0,0.0,0.0,0.0
gba-bbmp-062,2024,ok,17,122,1.0,0.0,0.0,0.0,0.0,0.0,0.0,0.0,0.0
gba-bbmp-062,2025,ok,23,122,1.0,0.0,0.0,0.0,0.0,0.0,0.0,0.0,0.0
gba-bbmp-062,2026,ok,20,122,0.9971,0.0,0.0,0.0,0.0,0.0,0.0029,0.0,0.0
gba-bbmp-063,2017,ok,9,49,0.0,0.0,0.0,0.0,0.0,0.0,1.0,0.0,0.0
gba-bbmp-063,2018,ok,25,49,0.9699,0.0,0.0,0.0,0.0,0.0,0.0301,0.0,0.0
gba-bbmp-063,2019,ok,23,49,0.9699,0.0,0.0,0.0,0.0,0.0,0.0301,0.0,0.0
gba-bbmp-063,2020,ok,16,49,0.9699,0.0,0.0,0.0,0.0,0.0,0.0301,0.0,0.0
gba-bbmp-063,2021,ok,17,49,0.9699,0.0,0.0,0.0,0.0,0.0,0.0301,0.0,0.0
gba-bbmp-063,2022,ok,19,49,0.9699,0.0,0.0,0.0,0.0,0.0,0.0301,0.0,0.0
gba-bbmp-063,2023,ok,21,49,0.9699,0.0,0.0,0.0,0.0,0.0,0.0301,0.0,0.0
gba-bbmp-063,2024,ok,18,49,0.9699,0.0,0.0,0.0,0.0,0.0,0.0301,0.0,0.0
gba-bbmp-063,2025,ok,21,49,0.9699,0.0,0.0,0.0,0.0,0.0,0.0301,0.0,0.0
gba-bbmp-063,2026,ok,20,49,0.9699,0.0,0.0,0.0,0.0,0.0,0.0301,0.0,0.0
gba-bbmp-064,2017,insufficient,7,35,,,,,,,,,
gba-bbmp-064,2018,ok,23,35,0.9955,0.0,0.0,0.0,0.0045,0.0,0.0,0.0,0.0
gba-bbmp-064,2019,ok,21,35,0.0,0.0,0.0,0.0,0.0,1.0,0.0,0.0,0.0
gba-bbmp-064,2020,ok,18,35,0.0,0.9793,0.0,0.0,0.0,0.0207,0.0,0.0,0.0
gba-bbmp-064,2021,ok,18,35,0.997,0.0,0.0,0.0,0.003,0.0,0.0,0.0,0.0
gba-bbmp-064,2022,ok,20,35,0.0688,0.9312,0.0,0.0,0.0,0.0,0.0,0.0,0.0
gba-bbmp-064,2023,ok,21,35,0.1022,0.8454,0.0,0.0,0.0524,0.0,0.0,0.0,0.0
gba-bbmp-064,2024,ok,17,35,0.0,0.9476,0.0,0.0,0.0317,0.0,0.0207,0.0,0.0
gba-bbmp-064,2025,ok,24,35,0.7057,0.0,0.0,0.0,0.0241,0.0,0.2702,0.0,0.0
gba-bbmp-064,2026,ok,19,35,0.0,0.997,0.0,0.0,0.003,0.0,0.0,0.0,0.0
gba-bbmp-065,2017,ok,9,342,0.0,0.0,0.0,0.0,0.8812,0.0,0.1188,0.0,0.0
gba-bbmp-065,2018,ok,24,342,0.0,0.0,0.0,0.0,0.8346,0.0,0.1654,0.0,0.0
gba-bbmp-065,2019,ok,24,342,0.0,0.0,0.0,0.0,0.7883,0.0,0.2117,0.0,0.0
gba-bbmp-065,2020,ok,17,342,0.0,0.0,0.1022,0.0,0.7593,0.0,0.1386,0.0,0.0
gba-bbmp-065,2021,ok,16,342,0.0,0.0,0.0,0.0,0.84,0.0,0.16,0.0,0.0
gba-bbmp-065,2022,ok,21,342,0.0,0.0037,0.0,0.0,0.9183,0.0,0.078,0.0,0.0
gba-bbmp-065,2023,ok,19,342,0.0,0.0,0.0,0.0,0.9249,0.0,0.0751,0.0,0.0
gba-bbmp-065,2024,ok,19,342,0.0,0.0029,0.0,0.0,0.78,0.0,0.2171,0.0,0.0
gba-bbmp-065,2025,ok,21,342,0.0,0.0,0.0227,0.0,0.7694,0.0,0.2079,0.0,0.0
gba-bbmp-065,2026,ok,20,342,0.0,0.0182,0.0,0.0,0.8723,0.0,0.1095,0.0,0.0
gba-bbmp-066,2017,ok,9,3213,0.8344,0.1621,0.0,0.0031,0.0,0.0,0.0004,0.0,0.0
gba-bbmp-066,2018,ok,27,3213,0.8151,0.1829,0.0,0.0004,0.0007,0.0,0.001,0.0,0.0
gba-bbmp-066,2019,ok,23,3213,0.8743,0.0466,0.0058,0.0472,0.0063,0.0,0.0199,0.0,0.0
gba-bbmp-066,2020,ok,17,3213,0.8048,0.1396,0.0006,0.0438,0.0024,0.0,0.0089,0.0,0.0
gba-bbmp-066,2021,ok,14,3213,0.6744,0.3214,0.0002,0.0,0.0035,0.0,0.0005,0.0,0.0
gba-bbmp-066,2022,ok,18,3213,0.1027,0.8868,0.0,0.0012,0.005,0.0,0.0042,0.0,0.0
gba-bbmp-066,2023,ok,21,3213,0.0171,0.2684,0.0,0.112,0.3888,0.0619,0.115,0.0367,0.0
gba-bbmp-066,2024,ok,18,3213,0.0,0.5163,0.0,0.0006,0.4014,0.0254,0.0563,0.0,0.0
gba-bbmp-066,2025,ok,22,3213,0.0009,0.6953,0.0003,0.0031,0.0732,0.1359,0.0575,0.0337,0.0
gba-bbmp-066,2026,ok,20,3213,0.0151,0.378,0.0,0.1277,0.194,0.1352,0.1056,0.0444,0.0
gba-bbmp-067,2017,ok,9,394,0.3905,0.4611,0.0,0.0,0.0827,0.0,0.0658,0.0,0.0
gba-bbmp-067,2018,ok,27,394,0.2543,0.1362,0.0,0.0,0.6093,0.0,0.0002,0.0,0.0
gba-bbmp-067,2019,ok,24,394,0.2882,0.2677,0.0076,0.0,0.4365,0.0,0.0,0.0,0.0
gba-bbmp-067,2020,ok,18,394,0.0616,0.3104,0.0011,0.0,0.6267,0.0,0.0002,0.0,0.0
gba-bbmp-067,2021,ok,14,394,0.0,1.0,0.0,0.0,0.0,0.0,0.0,0.0,0.0
gba-bbmp-067,2022,ok,19,394,0.9953,0.0047,0.0,0.0,0.0,0.0,0.0,0.0,0.0
gba-bbmp-067,2023,ok,22,394,0.9987,0.0,0.0,0.0,0.0013,0.0,0.0,0.0,0.0
gba-bbmp-067,2024,ok,18,394,0.9998,0.0,0.0,0.0,0.0,0.0,0.0002,0.0,0.0
gba-bbmp-067,2025,ok,23,394,1.0,0.0,0.0,0.0,0.0,0.0,0.0,0.0,0.0
gba-bbmp-067,2026,ok,20,394,0.9937,0.0,0.0,0.0,0.0,0.0,0.0063,0.0,0.0
gba-bbmp-068,2017,ok,12,165,0.5714,0.0,0.0,0.0,0.1926,0.0,0.236,0.0,0.0
gba-bbmp-068,2018,ok,26,165,0.8641,0.0,0.0,0.0,0.0005,0.0,0.1354,0.0,0.0
gba-bbmp-068,2019,ok,24,165,0.2024,0.0,0.0,0.0,0.5887,0.0,0.2089,0.0,0.0
gba-bbmp-068,2020,ok,19,165,0.9614,0.0,0.0,0.0,0.0,0.0,0.0386,0.0,0.0
gba-bbmp-068,2021,ok,16,165,0.9966,0.0,0.0,0.0,0.0,0.0,0.0034,0.0,0.0
gba-bbmp-068,2022,ok,17,165,0.9999,0.0,0.0,0.0,0.0,0.0,0.0001,0.0,0.0
gba-bbmp-068,2023,ok,23,165,0.9949,0.0,0.0,0.0,0.0,0.0,0.0051,0.0,0.0
gba-bbmp-068,2024,ok,16,165,0.0543,0.0,0.0,0.0,0.5787,0.0,0.367,0.0,0.0
gba-bbmp-068,2025,ok,19,165,0.2069,0.0,0.0,0.0,0.6754,0.0,0.1177,0.0,0.0
gba-bbmp-068,2026,ok,19,165,0.4415,0.0,0.0,0.0,0.3732,0.0,0.1853,0.0,0.0
gba-bbmp-069,2017,ok,10,110,0.0,0.6932,0.0,0.0,0.3031,0.0,0.0037,0.0,0.0
gba-bbmp-069,2018,ok,26,110,0.9145,0.0,0.0,0.0,0.0,0.0,0.0855,0.0,0.0
gba-bbmp-069,2019,ok,21,110,0.3641,0.0,0.0,0.0,0.036,0.0,0.5999,0.0,0.0
gba-bbmp-069,2020,ok,19,110,0.0,0.9515,0.0,0.0,0.0,0.0,0.0485,0.0,0.0
gba-bbmp-069,2021,ok,15,110,0.0,0.9913,0.0,0.0,0.0,0.0,0.0087,0.0,0.0
gba-bbmp-069,2022,ok,16,110,0.0,0.0,0.0,0.0,0.9095,0.0,0.0905,0.0,0.0
gba-bbmp-069,2023,ok,22,110,0.9047,0.0,0.0,0.0,0.0,0.0,0.0953,0.0,0.0
gba-bbmp-069,2024,ok,17,110,1.0,0.0,0.0,0.0,0.0,0.0,0.0,0.0,0.0
gba-bbmp-069,2025,ok,22,110,1.0,0.0,0.0,0.0,0.0,0.0,0.0,0.0,0.0
gba-bbmp-069,2026,ok,18,110,0.9971,0.0,0.0,0.0,0.0,0.0,0.0029,0.0,0.0
gba-bbmp-070,2017,ok,10,48,1.0,0.0,0.0,0.0,0.0,0.0,0.0,0.0,0.0
gba-bbmp-070,2018,ok,25,48,1.0,0.0,0.0,0.0,0.0,0.0,0.0,0.0,0.0
gba-bbmp-070,2019,ok,23,48,1.0,0.0,0.0,0.0,0.0,0.0,0.0,0.0,0.0
gba-bbmp-070,2020,ok,18,48,1.0,0.0,0.0,0.0,0.0,0.0,0.0,0.0,0.0
gba-bbmp-070,2021,ok,16,48,0.0,0.0,0.0,0.0,0.1022,0.0,0.8978,0.0,0.0
gba-bbmp-070,2022,ok,17,48,1.0,0.0,0.0,0.0,0.0,0.0,0.0,0.0,0.0
gba-bbmp-070,2023,ok,21,48,1.0,0.0,0.0,0.0,0.0,0.0,0.0,0.0,0.0
gba-bbmp-070,2024,ok,17,48,0.0,0.0,0.0,0.0,0.3166,0.0,0.6834,0.0,0.0
gba-bbmp-070,2025,ok,21,48,0.3676,0.0,0.0,0.0,0.3251,0.0,0.3073,0.0,0.0
gba-bbmp-070,2026,ok,19,48,0.0,0.0,0.0,0.0,0.8276,0.0,0.1724,0.0,0.0
gba-bbmp-071,2017,ok,11,535,0.9895,0.0,0.0,0.0,0.0,0.0,0.0105,0.0,0.0
gba-bbmp-071,2018,ok,25,535,0.9861,0.0,0.0,0.0,0.0,0.0,0.0139,0.0,0.0
gba-bbmp-071,2019,ok,23,535,0.9837,0.0,0.0,0.0,0.0,0.0,0.0163,0.0,0.0
gba-bbmp-071,2020,ok,19,535,0.98,0.0,0.0,0.0,0.0,0.0,0.02,0.0,0.0
gba-bbmp-071,2021,ok,17,535,0.9784,0.0,0.0,0.0,0.0,0.0,0.0216,0.0,0.0
gba-bbmp-071,2022,ok,17,535,0.9534,0.0,0.0,0.0,0.0,0.0,0.0466,0.0,0.0
gba-bbmp-071,2023,ok,23,535,0.9471,0.0,0.0,0.0,0.0,0.0,0.0529,0.0,0.0
gba-bbmp-071,2024,ok,17,535,0.9315,0.0,0.0,0.0,0.0,0.0,0.0685,0.0,0.0
gba-bbmp-071,2025,ok,22,535,0.9627,0.0,0.0,0.0,0.0,0.0,0.0373,0.0,0.0
gba-bbmp-071,2026,ok,20,535,0.9315,0.0,0.0,0.0,0.0,0.0,0.0685,0.0,0.0
gba-bbmp-072,2017,ok,9,58,0.0,0.0,0.0,0.0,0.8557,0.0,0.1443,0.0,0.0
gba-bbmp-072,2018,ok,26,58,0.9801,0.0,0.0,0.0,0.0,0.0,0.0199,0.0,0.0
gba-bbmp-072,2019,ok,23,58,1.0,0.0,0.0,0.0,0.0,0.0,0.0,0.0,0.0
gba-bbmp-072,2020,ok,18,58,0.9992,0.0,0.0,0.0,0.0,0.0,0.0008,0.0,0.0
gba-bbmp-072,2021,ok,14,58,0.9992,0.0,0.0,0.0,0.0,0.0,0.0008,0.0,0.0
gba-bbmp-072,2022,ok,19,58,0.9992,0.0,0.0,0.0,0.0,0.0,0.0008,0.0,0.0
gba-bbmp-072,2023,ok,25,58,1.0,0.0,0.0,0.0,0.0,0.0,0.0,0.0,0.0
gba-bbmp-072,2024,ok,18,58,0.9992,0.0,0.0,0.0,0.0,0.0,0.0008,0.0,0.0
gba-bbmp-072,2025,ok,23,58,1.0,0.0,0.0,0.0,0.0,0.0,0.0,0.0,0.0
gba-bbmp-072,2026,ok,20,58,1.0,0.0,0.0,0.0,0.0,0.0,0.0,0.0,0.0
gba-bbmp-073,2017,insufficient,9,16,,,,,,,,,
gba-bbmp-073,2018,insufficient,26,16,,,,,,,,,
gba-bbmp-073,2019,insufficient,25,16,,,,,,,,,
gba-bbmp-073,2020,insufficient,18,16,,,,,,,,,
gba-bbmp-073,2021,insufficient,14,16,,,,,,,,,
gba-bbmp-073,2022,insufficient,18,16,,,,,,,,,
gba-bbmp-073,2023,insufficient,21,16,,,,,,,,,
gba-bbmp-073,2024,insufficient,17,16,,,,,,,,,
gba-bbmp-073,2025,insufficient,22,16,,,,,,,,,
gba-bbmp-073,2026,insufficient,20,16,,,,,,,,,
gba-bbmp-074,2017,ok,8,24,1.0,0.0,0.0,0.0,0.0,0.0,0.0,0.0,0.0
gba-bbmp-074,2018,ok,24,24,1.0,0.0,0.0,0.0,0.0,0.0,0.0,0.0,0.0
gba-bbmp-074,2019,ok,24,24,0.7245,0.0,0.0,0.0,0.0,0.0,0.2755,0.0,0.0
gba-bbmp-074,2020,ok,15,24,1.0,0.0,0.0,0.0,0.0,0.0,0.0,0.0,0.0
gba-bbmp-074,2021,ok,14,24,1.0,0.0,0.0,0.0,0.0,0.0,0.0,0.0,0.0
gba-bbmp-074,2022,ok,18,24,1.0,0.0,0.0,0.0,0.0,0.0,0.0,0.0,0.0
gba-bbmp-074,2023,ok,23,24,1.0,0.0,0.0,0.0,0.0,0.0,0.0,0.0,0.0
gba-bbmp-074,2024,ok,19,24,1.0,0.0,0.0,0.0,0.0,0.0,0.0,0.0,0.0
gba-bbmp-074,2025,ok,22,24,1.0,0.0,0.0,0.0,0.0,0.0,0.0,0.0,0.0
gba-bbmp-074,2026,ok,20,24,1.0,0.0,0.0,0.0,0.0,0.0,0.0,0.0,0.0
gba-bbmp-075,2017,ok,9,3216,0.709,0.0025,0.0012,0.2874,0.0,0.0,0.0,0.0,0.0
gba-bbmp-075,2018,ok,23,3216,0.9514,0.0106,0.0,0.035,0.0013,0.0,0.0017,0.0,0.0
gba-bbmp-075,2019,ok,23,3216,0.0029,0.0,0.0,0.0003,0.198,0.0262,0.0129,0.7597,0.0
gba-bbmp-075,2020,ok,17,3216,0.5332,0.0582,0.0075,0.1703,0.1275,0.0448,0.0184,0.0402,0.0
gba-bbmp-075,2021,ok,16,3216,0.6249,0.1087,0.007,0.258,0.0001,0.0,0.0012,0.0,0.0
gba-bbmp-075,2022,ok,19,3216,0.536,0.4435,0.0,0.0199,0.0005,0.0,0.0001,0.0,0.0
gba-bbmp-075,2023,ok,20,3216,0.7149,0.2504,0.0,0.0066,0.0195,0.0043,0.0043,0.0,0.0
gba-bbmp-075,2024,ok,17,3216,0.7143,0.0849,0.0,0.024,0.1673,0.0033,0.0042,0.0022,0.0
gba-bbmp-075,2025,ok,22,3216,0.6621,0.2474,0.0,0.039,0.0257,0.013,0.0128,0.0,0.0
gba-bbmp-075,2026,ok,19,3216,0.7056,0.1896,0.0,0.1044,0.0,0.0,0.0003,0.0,0.0
gba-bbmp-076,2017,ok,9,62,0.6073,0.0,0.0,0.0,0.1114,0.0,0.2814,0.0,0.0
gba-bbmp-076,2018,ok,22,62,1.0,0.0,0.0,0.0,0.0,0.0,0.0,0.0,0.0
gba-bbmp-076,2019,ok,24,62,0.4107,0.0,0.0,0.0,0.1569,0.0,0.4324,0.0,0.0
gba-bbmp-076,2020,ok,17,62,0.5584,0.0031,0.0,0.0,0.3383,0.0,0.1002,0.0,0.0
gba-bbmp-076,2021,ok,17,62,0.9941,0.0059,0.0,0.0,0.0,0.0,0.0,0.0,0.0
gba-bbmp-076,2022,ok,20,62,0.8331,0.0426,0.0,0.0,0.1065,0.0,0.0178,0.0,0.0
gba-bbmp-076,2023,ok,21,62,1.0,0.0,0.0,0.0,0.0,0.0,0.0,0.0,0.0
gba-bbmp-076,2024,ok,18,62,1.0,0.0,0.0,0.0,0.0,0.0,0.0,0.0,0.0
gba-bbmp-076,2025,ok,21,62,0.9923,0.0,0.0,0.0,0.0077,0.0,0.0,0.0,0.0
gba-bbmp-076,2026,ok,19,62,1.0,0.0,0.0,0.0,0.0,0.0,0.0,0.0,0.0
gba-bbmp-077,2017,ok,9,77,1.0,0.0,0.0,0.0,0.0,0.0,0.0,0.0,0.0
gba-bbmp-077,2018,ok,24,77,1.0,0.0,0.0,0.0,0.0,0.0,0.0,0.0,0.0
gba-bbmp-077,2019,ok,24,77,1.0,0.0,0.0,0.0,0.0,0.0,0.0,0.0,0.0
gba-bbmp-077,2020,ok,17,77,1.0,0.0,0.0,0.0,0.0,0.0,0.0,0.0,0.0
gba-bbmp-077,2021,ok,16,77,1.0,0.0,0.0,0.0,0.0,0.0,0.0,0.0,0.0
gba-bbmp-077,2022,ok,20,77,1.0,0.0,0.0,0.0,0.0,0.0,0.0,0.0,0.0
gba-bbmp-077,2023,ok,22,77,1.0,0.0,0.0,0.0,0.0,0.0,0.0,0.0,0.0
gba-bbmp-077,2024,ok,18,77,1.0,0.0,0.0,0.0,0.0,0.0,0.0,0.0,0.0
gba-bbmp-077,2025,ok,23,77,1.0,0.0,0.0,0.0,0.0,0.0,0.0,0.0,0.0
gba-bbmp-077,2026,ok,20,77,1.0,0.0,0.0,0.0,0.0,0.0,0.0,0.0,0.0
gba-bbmp-078,2017,ok,8,39,0.3872,0.0266,0.0,0.0,0.3915,0.0,0.1947,0.0,0.0
gba-bbmp-078,2018,ok,26,39,1.0,0.0,0.0,0.0,0.0,0.0,0.0,0.0,0.0
gba-bbmp-078,2019,ok,21,39,1.0,0.0,0.0,0.0,0.0,0.0,0.0,0.0,0.0
gba-bbmp-078,2020,ok,14,39,0.6301,0.0,0.0,0.0,0.0,0.0,0.3699,0.0,0.0
gba-bbmp-078,2021,ok,15,39,0.0508,0.0081,0.0,0.0,0.0784,0.0,0.8627,0.0,0.0
gba-bbmp-078,2022,ok,18,39,0.2136,0.0,0.0,0.0,0.1582,0.0,0.6281,0.0,0.0
gba-bbmp-078,2023,ok,22,39,1.0,0.0,0.0,0.0,0.0,0.0,0.0,0.0,0.0
gba-bbmp-078,2024,ok,17,39,0.9558,0.0,0.0,0.0,0.0,0.0,0.0442,0.0,0.0
gba-bbmp-078,2025,ok,22,39,1.0,0.0,0.0,0.0,0.0,0.0,0.0,0.0,0.0
gba-bbmp-078,2026,ok,18,39,1.0,0.0,0.0,0.0,0.0,0.0,0.0,0.0,0.0
gba-bbmp-079,2017,ok,9,531,0.0,0.3848,0.0,0.0,0.6135,0.0,0.0017,0.0,0.0
gba-bbmp-079,2018,ok,23,531,0.0,0.1264,0.0,0.0,0.8693,0.0,0.0043,0.0,0.0
gba-bbmp-079,2019,ok,23,531,0.0,0.0,0.0,0.0,0.9979,0.0,0.0021,0.0,0.0
gba-bbmp-079,2020,ok,17,531,0.0,0.5467,0.0,0.0,0.3804,0.0,0.0729,0.0,0.0
gba-bbmp-079,2021,ok,15,531,0.0,0.9602,0.0,0.0,0.0174,0.0,0.0224,0.0,0.0
gba-bbmp-079,2022,ok,21,531,0.0,0.9642,0.0,0.0,0.0,0.0,0.0358,0.0,0.0
gba-bbmp-079,2023,ok,19,531,0.0,0.655,0.0338,0.0,0.2939,0.0,0.0172,0.0,0.0
gba-bbmp-079,2024,ok,16,531,0.0,0.1135,0.0,0.0,0.8345,0.0,0.052,0.0,0.0
gba-bbmp-079,2025,ok,22,531,0.0,0.0559,0.0,0.0,0.911,0.0,0.0331,0.0,0.0
gba-bbmp-079,2026,ok,19,531,0.0,0.0014,0.0,0.0,0.8443,0.0,0.1543,0.0,0.0
gba-bbmp-080,2017,ok,8,179,1.0,0.0,0.0,0.0,0.0,0.0,0.0,0.0,0.0
gba-bbmp-080,2018,ok,24,179,1.0,0.0,0.0,0.0,0.0,0.0,0.0,0.0,0.0
gba-bbmp-080,2019,ok,22,179,1.0,0.0,0.0,0.0,0.0,0.0,0.0,0.0,0.0
gba-bbmp-080,2020,ok,15,179,0.9525,0.0,0.0,0.0475,0.0,0.0,0.0,0.0,0.0
gba-bbmp-080,2021,ok,16,179,0.9829,0.0,0.0,0.0,0.0119,0.0,0.0,0.0052,0.0
gba-bbmp-080,2022,ok,17,179,0.8949,0.0,0.0,0.0,0.0,0.0,0.0,0.1051,0.0
gba-bbmp-080,2023,ok,22,179,1.0,0.0,0.0,0.0,0.0,0.0,0.0,0.0,0.0
gba-bbmp-080,2024,ok,19,179,1.0,0.0,0.0,0.0,0.0,0.0,0.0,0.0,0.0
gba-bbmp-080,2025,ok,20,179,1.0,0.0,0.0,0.0,0.0,0.0,0.0,0.0,0.0
gba-bbmp-080,2026,ok,20,179,1.0,0.0,0.0,0.0,0.0,0.0,0.0,0.0,0.0
gba-bbmp-081,2017,insufficient,9,9,,,,,,,,,
gba-bbmp-081,2018,insufficient,26,9,,,,,,,,,
gba-bbmp-081,2019,insufficient,23,9,,,,,,,,,
gba-bbmp-081,2020,insufficient,17,9,,,,,,,,,
gba-bbmp-081,2021,insufficient,14,9,,,,,,,,,
gba-bbmp-081,2022,insufficient,18,9,,,,,,,,,
gba-bbmp-081,2023,insufficient,21,9,,,,,,,,,
gba-bbmp-081,2024,insufficient,17,9,,,,,,,,,
gba-bbmp-081,2025,insufficient,21,9,,,,,,,,,
gba-bbmp-081,2026,insufficient,20,9,,,,,,,,,
gba-bbmp-082,2017,ok,9,66,0.67,0.1694,0.0,0.0,0.0151,0.0,0.1456,0.0,0.0
gba-bbmp-082,2018,ok,22,66,0.7781,0.0577,0.0,0.0,0.0,0.0,0.1642,0.0,0.0
gba-bbmp-082,2019,ok,25,66,0.8506,0.0,0.0,0.0,0.0,0.0,0.1494,0.0,0.0
gba-bbmp-082,2020,ok,16,66,0.7204,0.0,0.0,0.0,0.0756,0.0,0.204,0.0,0.0
gba-bbmp-082,2021,ok,18,66,0.7977,0.0,0.0,0.0,0.0,0.0,0.2023,0.0,0.0
gba-bbmp-082,2022,ok,17,66,0.9161,0.0,0.0,0.0,0.0,0.0,0.0839,0.0,0.0
gba-bbmp-082,2023,ok,19,66,0.0,0.0,0.0,0.0,0.0,0.0,1.0,0.0,0.0
gba-bbmp-082,2024,ok,18,66,0.0,0.0,0.0,0.0,0.0,0.0,1.0,0.0,0.0
gba-bbmp-082,2025,ok,21,66,0.0,0.0,0.0,0.0,0.0,0.0,1.0,0.0,0.0
gba-bbmp-082,2026,ok,19,66,0.0,0.0,0.0,0.0,0.0,0.0,1.0,0.0,0.0
gba-bbmp-083,2017,ok,9,130,0.8987,0.0,0.04,0.0613,0.0,0.0,0.0,0.0,0.0
gba-bbmp-083,2018,ok,25,130,1.0,0.0,0.0,0.0,0.0,0.0,0.0,0.0,0.0
gba-bbmp-083,2019,ok,21,130,1.0,0.0,0.0,0.0,0.0,0.0,0.0,0.0,0.0
gba-bbmp-083,2020,ok,17,130,1.0,0.0,0.0,0.0,0.0,0.0,0.0,0.0,0.0
gba-bbmp-083,2021,ok,15,130,0.9672,0.0,0.0129,0.0199,0.0,0.0,0.0,0.0,0.0
gba-bbmp-083,2022,ok,18,130,1.0,0.0,0.0,0.0,0.0,0.0,0.0,0.0,0.0
gba-bbmp-083,2023,ok,22,130,1.0,0.0,0.0,0.0,0.0,0.0,0.0,0.0,0.0
gba-bbmp-083,2024,ok,19,130,0.9995,0.0,0.0,0.0,0.0,0.0,0.0005,0.0,0.0
gba-bbmp-083,2025,ok,21,130,0.8076,0.0,0.0,0.0,0.1924,0.0,0.0,0.0,0.0
gba-bbmp-083,2026,ok,19,130,0.8331,0.0,0.0,0.0,0.1669,0.0,0.0,0.0,0.0
gba-bbmp-084,2017,insufficient,9,17,,,,,,,,,
gba-bbmp-084,2018,insufficient,21,17,,,,,,,,,
gba-bbmp-084,2019,insufficient,22,17,,,,,,,,,
gba-bbmp-084,2020,insufficient,16,17,,,,,,,,,
gba-bbmp-084,2021,insufficient,15,17,,,,,,,,,
gba-bbmp-084,2022,insufficient,19,17,,,,,,,,,
gba-bbmp-084,2023,insufficient,22,17,,,,,,,,,
gba-bbmp-084,2024,insufficient,17,17,,,,,,,,,
gba-bbmp-084,2025,insufficient,20,17,,,,,,,,,
gba-bbmp-084,2026,insufficient,19,17,,,,,,,,,
gba-bbmp-085,2017,ok,9,27,0.5418,0.2509,0.0,0.0,0.0,0.0,0.2073,0.0,0.0
gba-bbmp-085,2018,ok,27,27,0.1803,0.2367,0.0,0.0,0.3176,0.0,0.2653,0.0,0.0
gba-bbmp-085,2019,ok,23,27,0.8177,0.082,0.0,0.0,0.0,0.0,0.1003,0.0,0.0
gba-bbmp-085,2020,ok,17,27,0.8504,0.0,0.0,0.0,0.1445,0.0,0.0051,0.0,0.0
gba-bbmp-085,2021,ok,15,27,0.9949,0.0,0.0,0.0,0.0,0.0,0.0051,0.0,0.0
gba-bbmp-085,2022,ok,19,27,0.0,0.138,0.6576,0.0,0.0576,0.0,0.1468,0.0,0.0
gba-bbmp-085,2023,ok,23,27,0.0,0.3175,0.5006,0.0,0.0,0.0,0.1819,0.0,0.0
gba-bbmp-085,2024,ok,17,27,0.0,0.0,0.0,0.0,0.0,0.0,1.0,0.0,0.0
gba-bbmp-085,2025,ok,23,27,1.0,0.0,0.0,0.0,0.0,0.0,0.0,0.0,0.0
gba-bbmp-085,2026,ok,19,27,1.0,0.0,0.0,0.0,0.0,0.0,0.0,0.0,0.0
gba-bbmp-086,2017,ok,8,705,0.0,0.4476,0.0043,0.0,0.5328,0.0,0.0153,0.0,0.0
gba-bbmp-086,2018,ok,22,705,0.0,0.5284,0.0014,0.0,0.448,0.0,0.0221,0.0,0.0
gba-bbmp-086,2019,ok,22,705,0.0,0.0,0.0014,0.0,0.2473,0.0669,0.3313,0.3531,0.0
gba-bbmp-086,2020,ok,14,705,0.0,0.0,0.0,0.0,0.0,0.0255,0.1413,0.8332,0.0
gba-bbmp-086,2021,ok,14,705,0.5951,0.0077,0.0,0.3714,0.0018,0.0,0.0241,0.0,0.0
gba-bbmp-086,2022,ok,18,705,0.5334,0.1855,0.0,0.2567,0.0,0.0,0.0245,0.0,0.0
gba-bbmp-086,2023,ok,24,705,0.0003,0.8777,0.0,0.0,0.1126,0.0,0.0093,0.0,0.0
gba-bbmp-086,2024,ok,18,705,0.9969,0.0,0.0,0.0,0.0,0.0,0.0031,0.0,0.0
gba-bbmp-086,2025,ok,19,705,0.9981,0.0,0.0,0.0,0.0,0.0,0.0019,0.0,0.0
gba-bbmp-086,2026,ok,19,705,0.993,0.0,0.0,0.0,0.0,0.0,0.007,0.0,0.0
gba-bbmp-087,2017,ok,9,183,1.0,0.0,0.0,0.0,0.0,0.0,0.0,0.0,0.0
gba-bbmp-087,2018,ok,23,183,1.0,0.0,0.0,0.0,0.0,0.0,0.0,0.0,0.0
gba-bbmp-087,2019,ok,23,183,1.0,0.0,0.0,0.0,0.0,0.0,0.0,0.0,0.0
gba-bbmp-087,2020,ok,18,183,1.0,0.0,0.0,0.0,0.0,0.0,0.0,0.0,0.0
gba-bbmp-087,2021,ok,16,183,1.0,0.0,0.0,0.0,0.0,0.0,0.0,0.0,0.0
gba-bbmp-087,2022,ok,16,183,1.0,0.0,0.0,0.0,0.0,0.0,0.0,0.0,0.0
gba-bbmp-087,2023,ok,23,183,1.0,0.0,0.0,0.0,0.0,0.0,0.0,0.0,0.0
gba-bbmp-087,2024,ok,19,183,1.0,0.0,0.0,0.0,0.0,0.0,0.0,0.0,0.0
gba-bbmp-087,2025,ok,20,183,1.0,0.0,0.0,0.0,0.0,0.0,0.0,0.0,0.0
gba-bbmp-087,2026,ok,20,183,1.0,0.0,0.0,0.0,0.0,0.0,0.0,0.0,0.0
gba-bbmp-088,2017,insufficient,8,3,,,,,,,,,
gba-bbmp-088,2018,insufficient,24,3,,,,,,,,,
gba-bbmp-088,2019,insufficient,22,3,,,,,,,,,
gba-bbmp-088,2020,insufficient,16,3,,,,,,,,,
gba-bbmp-088,2021,insufficient,14,3,,,,,,,,,
gba-bbmp-088,2022,insufficient,19,3,,,,,,,,,
gba-bbmp-088,2023,insufficient,23,3,,,,,,,,,
gba-bbmp-088,2024,insufficient,18,3,,,,,,,,,
gba-bbmp-088,2025,insufficient,20,3,,,,,,,,,
gba-bbmp-088,2026,insufficient,21,3,,,,,,,,,
gba-bbmp-090,2017,ok,9,256,1.0,0.0,0.0,0.0,0.0,0.0,0.0,0.0,0.0
gba-bbmp-090,2018,ok,24,256,1.0,0.0,0.0,0.0,0.0,0.0,0.0,0.0,0.0
gba-bbmp-090,2019,ok,21,256,0.0273,0.0,0.0,0.0,0.0029,0.0,0.319,0.6507,0.0
gba-bbmp-090,2020,ok,17,256,0.9899,0.0,0.0,0.0101,0.0,0.0,0.0,0.0,0.0
gba-bbmp-090,2021,ok,16,256,1.0,0.0,0.0,0.0,0.0,0.0,0.0,0.0,0.0
gba-bbmp-090,2022,ok,16,256,1.0,0.0,0.0,0.0,0.0,0.0,0.0,0.0,0.0
gba-bbmp-090,2023,ok,23,256,1.0,0.0,0.0,0.0,0.0,0.0,0.0,0.0,0.0
gba-bbmp-090,2024,ok,18,256,1.0,0.0,0.0,0.0,0.0,0.0,0.0,0.0,0.0
gba-bbmp-090,2025,ok,21,256,1.0,0.0,0.0,0.0,0.0,0.0,0.0,0.0,0.0
gba-bbmp-090,2026,ok,19,256,1.0,0.0,0.0,0.0,0.0,0.0,0.0,0.0,0.0
gba-bbmp-091,2017,ok,8,24,0.0,0.0,0.0,0.0,0.9211,0.0,0.0789,0.0,0.0
gba-bbmp-091,2018,ok,24,24,0.0,0.2966,0.0,0.0,0.6727,0.0,0.0307,0.0,0.0
gba-bbmp-091,2019,ok,22,24,0.0,0.7072,0.0,0.0,0.0679,0.0,0.2249,0.0,0.0
gba-bbmp-091,2020,ok,17,24,0.0,0.4947,0.0,0.0,0.2667,0.0,0.2386,0.0,0.0
gba-bbmp-091,2021,ok,14,24,0.0,0.9623,0.0,0.0,0.0,0.0,0.0377,0.0,0.0
gba-bbmp-091,2022,ok,18,24,0.2658,0.0,0.0,0.0,0.0,0.0,0.7342,0.0,0.0
gba-bbmp-091,2023,ok,23,24,1.0,0.0,0.0,0.0,0.0,0.0,0.0,0.0,0.0
gba-bbmp-091,2024,ok,18,24,0.6071,0.0,0.0,0.0,0.0,0.0,0.3929,0.0,0.0
gba-bbmp-091,2025,ok,21,24,0.5578,0.0,0.0,0.0,0.0,0.0,0.4422,0.0,0.0
gba-bbmp-091,2026,ok,19,24,0.5076,0.0,0.0,0.0,0.0,0.0,0.4924,0.0,0.0
gba-bbmp-092,2017,ok,10,25,0.0,0.0,0.0,0.0,0.0,0.0,1.0,0.0,0.0
gba-bbmp-092,2018,ok,28,25,0.0,0.0,0.0,0.0,0.0,0.0,1.0,0.0,0.0
gba-bbmp-092,2019,ok,22,25,0.0,0.0,0.0,0.0,0.0,0.0,1.0,0.0,0.0
gba-bbmp-092,2020,ok,18,25,0.0,0.0,0.0,0.0,0.0,0.0,1.0,0.0,0.0
gba-bbmp-092,2021,ok,17,25,0.0,0.0,0.0,0.0,0.0,0.0,1.0,0.0,0.0
gba-bbmp-092,2022,ok,15,25,0.0,0.0,0.0,0.0,0.0,0.0,1.0,0.0,0.0
gba-bbmp-092,2023,ok,22,25,0.0,0.0,0.0,0.0,0.0,0.0,1.0,0.0,0.0
gba-bbmp-092,2024,ok,18,25,0.0,0.0,0.0,0.0,0.0,0.0,1.0,0.0,0.0
gba-bbmp-092,2025,ok,21,25,0.0,0.0,0.0,0.0,0.0,0.0,1.0,0.0,0.0
gba-bbmp-092,2026,ok,19,25,0.0,0.0,0.0,0.0,0.0,0.0,1.0,0.0,0.0
gba-bbmp-093,2017,ok,11,40,0.9976,0.0,0.0,0.0,0.0,0.0,0.0024,0.0,0.0
gba-bbmp-093,2018,ok,27,40,0.9976,0.0,0.0,0.0,0.0,0.0,0.0024,0.0,0.0
gba-bbmp-093,2019,ok,23,40,0.9976,0.0,0.0,0.0,0.0,0.0,0.0024,0.0,0.0
gba-bbmp-093,2020,ok,19,40,0.9976,0.0,0.0,0.0,0.0,0.0,0.0024,0.0,0.0
gba-bbmp-093,2021,ok,16,40,0.4317,0.0,0.0,0.0,0.0,0.0,0.5683,0.0,0.0
gba-bbmp-093,2022,ok,17,40,0.9976,0.0,0.0,0.0,0.0,0.0,0.0024,0.0,0.0
gba-bbmp-093,2023,ok,22,40,0.9976,0.0,0.0,0.0,0.0,0.0,0.0024,0.0,0.0
gba-bbmp-093,2024,ok,18,40,0.9976,0.0,0.0,0.0,0.0,0.0,0.0024,0.0,0.0
gba-bbmp-093,2025,ok,23,40,0.9976,0.0,0.0,0.0,0.0,0.0,0.0024,0.0,0.0
gba-bbmp-093,2026,ok,20,40,0.9976,0.0,0.0,0.0,0.0,0.0,0.0024,0.0,0.0
gba-bbmp-094,2017,ok,9,272,0.9318,0.0432,0.0,0.0,0.011,0.0,0.0139,0.0,0.0
gba-bbmp-094,2018,ok,27,272,0.9233,0.0,0.0,0.0,0.0555,0.0,0.0211,0.0,0.0
gba-bbmp-094,2019,ok,22,272,0.9094,0.0,0.012,0.0,0.0538,0.0,0.0248,0.0,0.0
gba-bbmp-094,2020,ok,17,272,0.9233,0.0,0.0,0.0,0.0458,0.0,0.0308,0.0,0.0
gba-bbmp-094,2021,ok,15,272,0.0,0.0,0.0,0.0,0.8432,0.0,0.1568,0.0,0.0
gba-bbmp-094,2022,ok,15,272,0.5651,0.0147,0.0,0.3787,0.0147,0.0,0.0268,0.0,0.0
gba-bbmp-094,2023,ok,23,272,0.949,0.0,0.0,0.011,0.0,0.0,0.04,0.0,0.0
gba-bbmp-094,2024,ok,19,272,0.25,0.0,0.0,0.0,0.3221,0.0,0.3874,0.0404,0.0
gba-bbmp-094,2025,ok,22,272,0.0469,0.7851,0.0,0.0,0.0477,0.0,0.1203,0.0,0.0
gba-bbmp-094,2026,ok,20,272,0.0262,0.9146,0.0,0.0,0.0319,0.0,0.0272,0.0,0.0
gba-bbmp-095,2017,ok,10,54,0.0,0.1895,0.1982,0.0,0.6005,0.0,0.0118,0.0,0.0
gba-bbmp-095,2018,ok,28,54,0.0,1.0,0.0,0.0,0.0,0.0,0.0,0.0,0.0
gba-bbmp-095,2019,ok,22,54,0.0,0.3369,0.0,0.0,0.3608,0.0,0.3023,0.0,0.0
gba-bbmp-095,2020,ok,18,54,0.0,0.9581,0.0,0.0,0.0419,0.0,0.0,0.0,0.0
gba-bbmp-095,2021,ok,16,54,0.0,1.0,0.0,0.0,0.0,0.0,0.0,0.0,0.0
gba-bbmp-095,2022,ok,19,54,0.0,1.0,0.0,0.0,0.0,0.0,0.0,0.0,0.0
gba-bbmp-095,2023,ok,23,54,0.0,0.0,0.0,0.0,0.605,0.0,0.395,0.0,0.0
gba-bbmp-095,2024,ok,19,54,0.0,0.0,0.0,0.0,0.0,0.0,1.0,0.0,0.0
gba-bbmp-095,2025,ok,20,54,0.0,0.8104,0.0,0.0,0.0,0.0,0.1896,0.0,0.0
gba-bbmp-095,2026,ok,20,54,0.0,0.6989,0.0,0.0,0.0,0.0,0.3011,0.0,0.0
gba-bbmp-098,2017,ok,9,195,0.9843,0.0,0.0,0.0,0.0,0.0,0.0157,0.0,0.0
gba-bbmp-098,2018,ok,24,195,1.0,0.0,0.0,0.0,0.0,0.0,0.0,0.0,0.0
gba-bbmp-098,2019,ok,23,195,1.0,0.0,0.0,0.0,0.0,0.0,0.0,0.0,0.0
gba-bbmp-098,2020,ok,17,195,1.0,0.0,0.0,0.0,0.0,0.0,0.0,0.0,0.0
gba-bbmp-098,2021,ok,16,195,1.0,0.0,0.0,0.0,0.0,0.0,0.0,0.0,0.0
gba-bbmp-098,2022,ok,22,195,1.0,0.0,0.0,0.0,0.0,0.0,0.0,0.0,0.0
gba-bbmp-098,2023,ok,19,195,1.0,0.0,0.0,0.0,0.0,0.0,0.0,0.0,0.0
gba-bbmp-098,2024,ok,18,195,1.0,0.0,0.0,0.0,0.0,0.0,0.0,0.0,0.0
gba-bbmp-098,2025,ok,21,195,0.0975,0.0,0.0,0.0,0.9023,0.0,0.0002,0.0,0.0
gba-bbmp-098,2026,ok,18,195,0.1968,0.8011,0.0,0.0,0.0,0.0,0.0021,0.0,0.0
gba-bbmp-099,2017,ok,10,62,1.0,0.0,0.0,0.0,0.0,0.0,0.0,0.0,0.0
gba-bbmp-099,2018,ok,22,62,1.0,0.0,0.0,0.0,0.0,0.0,0.0,0.0,0.0
gba-bbmp-099,2019,ok,24,62,1.0,0.0,0.0,0.0,0.0,0.0,0.0,0.0,0.0
gba-bbmp-099,2020,ok,18,62,1.0,0.0,0.0,0.0,0.0,0.0,0.0,0.0,0.0
gba-bbmp-099,2021,ok,16,62,1.0,0.0,0.0,0.0,0.0,0.0,0.0,0.0,0.0
gba-bbmp-099,2022,ok,20,62,1.0,0.0,0.0,0.0,0.0,0.0,0.0,0.0,0.0
gba-bbmp-099,2023,ok,18,62,1.0,0.0,0.0,0.0,0.0,0.0,0.0,0.0,0.0
gba-bbmp-099,2024,ok,18,62,1.0,0.0,0.0,0.0,0.0,0.0,0.0,0.0,0.0
gba-bbmp-099,2025,ok,23,62,1.0,0.0,0.0,0.0,0.0,0.0,0.0,0.0,0.0
gba-bbmp-099,2026,ok,19,62,1.0,0.0,0.0,0.0,0.0,0.0,0.0,0.0,0.0
gba-bbmp-100,2017,ok,9,20,1.0,0.0,0.0,0.0,0.0,0.0,0.0,0.0,0.0
gba-bbmp-100,2018,ok,24,20,1.0,0.0,0.0,0.0,0.0,0.0,0.0,0.0,0.0
gba-bbmp-100,2019,ok,24,20,1.0,0.0,0.0,0.0,0.0,0.0,0.0,0.0,0.0
gba-bbmp-100,2020,ok,17,20,1.0,0.0,0.0,0.0,0.0,0.0,0.0,0.0,0.0
gba-bbmp-100,2021,ok,17,20,0.0,0.0,0.0,0.0,0.0,0.0,1.0,0.0,0.0
gba-bbmp-100,2022,ok,21,20,1.0,0.0,0.0,0.0,0.0,0.0,0.0,0.0,0.0
gba-bbmp-100,2023,ok,18,20,1.0,0.0,0.0,0.0,0.0,0.0,0.0,0.0,0.0
gba-bbmp-100,2024,ok,17,20,1.0,0.0,0.0,0.0,0.0,0.0,0.0,0.0,0.0
gba-bbmp-100,2025,ok,21,20,1.0,0.0,0.0,0.0,0.0,0.0,0.0,0.0,0.0
gba-bbmp-100,2026,ok,19,20,1.0,0.0,0.0,0.0,0.0,0.0,0.0,0.0,0.0
gba-bbmp-101,2017,ok,9,793,1.0,0.0,0.0,0.0,0.0,0.0,0.0,0.0,0.0
gba-bbmp-101,2018,ok,24,793,1.0,0.0,0.0,0.0,0.0,0.0,0.0,0.0,0.0
gba-bbmp-101,2019,ok,22,793,1.0,0.0,0.0,0.0,0.0,0.0,0.0,0.0,0.0
gba-bbmp-101,2020,ok,18,793,1.0,0.0,0.0,0.0,0.0,0.0,0.0,0.0,0.0
gba-bbmp-101,2021,ok,16,793,1.0,0.0,0.0,0.0,0.0,0.0,0.0,0.0,0.0
gba-bbmp-101,2022,ok,22,793,0.9993,0.0007,0.0,0.0,0.0,0.0,0.0,0.0,0.0
gba-bbmp-101,2023,ok,18,793,1.0,0.0,0.0,0.0,0.0,0.0,0.0,0.0,0.0
gba-bbmp-101,2024,ok,16,793,1.0,0.0,0.0,0.0,0.0,0.0,0.0,0.0,0.0
gba-bbmp-101,2025,ok,21,793,0.9973,0.0027,0.0,0.0,0.0,0.0,0.0,0.0,0.0
gba-bbmp-101,2026,ok,19,793,0.9977,0.0023,0.0,0.0,0.0,0.0,0.0,0.0,0.0
gba-bbmp-103,2017,ok,10,170,0.0473,0.0,0.0,0.0,0.9527,0.0,0.0,0.0,0.0
gba-bbmp-103,2018,ok,20,170,1.0,0.0,0.0,0.0,0.0,0.0,0.0,0.0,0.0
gba-bbmp-103,2019,ok,20,170,0.0,0.0,0.0,0.0,0.99,0.0,0.01,0.0,0.0
gba-bbmp-103,2020,ok,18,170,1.0,0.0,0.0,0.0,0.0,0.0,0.0,0.0,0.0
gba-bbmp-103,2021,ok,15,170,1.0,0.0,0.0,0.0,0.0,0.0,0.0,0.0,0.0
gba-bbmp-103,2022,ok,16,170,1.0,0.0,0.0,0.0,0.0,0.0,0.0,0.0,0.0
gba-bbmp-103,2023,ok,21,170,1.0,0.0,0.0,0.0,0.0,0.0,0.0,0.0,0.0
gba-bbmp-103,2024,ok,17,170,0.9811,0.0,0.0,0.0,0.0033,0.0,0.0156,0.0,0.0
gba-bbmp-103,2025,ok,22,170,0.9847,0.0,0.0,0.0,0.0153,0.0,0.0,0.0,0.0
gba-bbmp-103,2026,ok,18,170,0.0,0.0,0.0,0.0,0.99,0.0,0.01,0.0,0.0
gba-bbmp-105,2017,ok,10,610,0.6687,0.0,0.0,0.0,0.2528,0.0,0.0785,0.0,0.0
gba-bbmp-105,2018,ok,22,610,0.976,0.0,0.0,0.0,0.0,0.0,0.024,0.0,0.0
gba-bbmp-105,2019,ok,21,610,0.8982,0.0,0.0,0.0,0.0744,0.0,0.0274,0.0,0.0
gba-bbmp-105,2020,ok,20,610,0.9925,0.0,0.0,0.0,0.0,0.0,0.0075,0.0,0.0
gba-bbmp-105,2021,ok,15,610,0.9947,0.0,0.0,0.0,0.0,0.0,0.0053,0.0,0.0
gba-bbmp-105,2022,ok,16,610,0.9969,0.0,0.0,0.0,0.0,0.0,0.0031,0.0,0.0
gba-bbmp-105,2023,ok,23,610,0.9777,0.0,0.0,0.0,0.0,0.0,0.0223,0.0,0.0
gba-bbmp-105,2024,ok,16,610,0.9679,0.0,0.0,0.0,0.0,0.0,0.0321,0.0,0.0
gba-bbmp-105,2025,ok,22,610,0.9777,0.0,0.0,0.0,0.0,0.0,0.0223,0.0,0.0
gba-bbmp-105,2026,ok,15,610,0.9778,0.0,0.0,0.0,0.0,0.0,0.0222,0.0,0.0
gba-bbmp-106,2017,insufficient,10,2,,,,,,,,,
gba-bbmp-106,2018,insufficient,21,2,,,,,,,,,
gba-bbmp-106,2019,insufficient,21,2,,,,,,,,,
gba-bbmp-106,2020,insufficient,20,2,,,,,,,,,
gba-bbmp-106,2021,insufficient,15,2,,,,,,,,,
gba-bbmp-106,2022,insufficient,16,2,,,,,,,,,
gba-bbmp-106,2023,insufficient,24,2,,,,,,,,,
gba-bbmp-106,2024,insufficient,16,2,,,,,,,,,
gba-bbmp-106,2025,insufficient,22,2,,,,,,,,,
gba-bbmp-106,2026,insufficient,15,2,,,,,,,,,
gba-bbmp-107,2017,ok,8,954,1.0,0.0,0.0,0.0,0.0,0.0,0.0,0.0,0.0
gba-bbmp-107,2018,ok,26,954,0.9969,0.0,0.0,0.0,0.0011,0.0,0.002,0.0,0.0
gba-bbmp-107,2019,ok,23,954,0.9832,0.0,0.0,0.0,0.0168,0.0,0.0,0.0,0.0
gba-bbmp-107,2020,ok,18,954,0.9779,0.0,0.0,0.0031,0.0092,0.0,0.0098,0.0,0.0
gba-bbmp-107,2021,ok,16,954,0.7361,0.0436,0.0319,0.181,0.0052,0.0,0.0022,0.0,0.0
gba-bbmp-107,2022,ok,16,954,0.2276,0.0007,0.0,0.2173,0.5257,0.0054,0.0234,0.0,0.0
gba-bbmp-107,2023,ok,24,954,0.4015,0.0,0.0,0.5788,0.0168,0.0,0.003,0.0,0.0
gba-bbmp-107,2024,ok,14,954,0.2981,0.0,0.0,0.0,0.7018,0.0,0.0,0.0,0.0
gba-bbmp-107,2025,ok,21,954,0.2979,0.402,0.0,0.2408,0.0576,0.0,0.0017,0.0,0.0
gba-bbmp-107,2026,ok,19,954,0.4424,0.01,0.0,0.3816,0.1506,0.0,0.0154,0.0,0.0
gba-bbmp-108,2017,ok,9,561,0.6833,0.0,0.0,0.0,0.2639,0.0,0.0528,0.0,0.0
gba-bbmp-108,2018,ok,22,561,0.7565,0.0,0.0,0.0,0.1536,0.0,0.0899,0.0,0.0
gba-bbmp-108,2019,ok,23,561,0.0018,0.016,0.0,0.0,0.8232,0.0036,0.1554,0.0,0.0
gba-bbmp-108,2020,ok,17,561,0.0,0.016,0.0,0.0,0.2597,0.5105,0.2138,0.0,0.0
gba-bbmp-108,2021,ok,17,561,0.1033,0.0304,0.0231,0.5359,0.0427,0.0463,0.2182,0.0,0.0
gba-bbmp-108,2022,ok,15,561,0.8394,0.001,0.0,0.0,0.0623,0.0,0.0973,0.0,0.0
gba-bbmp-108,2023,ok,23,561,0.797,0.0,0.0,0.0,0.1121,0.0,0.0909,0.0,0.0
gba-bbmp-108,2024,ok,18,561,0.0,0.0,0.0,0.0,0.89,0.0,0.11,0.0,0.0
gba-bbmp-108,2025,ok,22,561,0.7926,0.0,0.0,0.0,0.0196,0.0,0.1878,0.0,0.0
gba-bbmp-108,2026,ok,16,561,0.0,0.0,0.0,0.0,0.8825,0.0,0.1175,0.0,0.0
gba-bbmp-109,2017,ok,9,167,0.8019,0.0471,0.0,0.1505,0.0,0.0,0.0004,0.0,0.0
gba-bbmp-109,2018,ok,23,167,0.8205,0.015,0.0,0.0,0.1644,0.0,0.0001,0.0,0.0
gba-bbmp-109,2019,ok,23,167,0.0,0.043,0.0,0.0,0.9379,0.0,0.019,0.0,0.0
gba-bbmp-109,2020,ok,17,167,0.0,0.9107,0.0,0.0,0.0893,0.0,0.0,0.0,0.0
gba-bbmp-109,2021,ok,15,167,0.0,0.0891,0.0,0.0,0.9109,0.0,0.0,0.0,0.0
gba-bbmp-109,2022,ok,15,167,0.0,1.0,0.0,0.0,0.0,0.0,0.0,0.0,0.0
gba-bbmp-109,2023,ok,24,167,0.0,0.9466,0.0,0.0,0.0533,0.0,0.0001,0.0,0.0
gba-bbmp-109,2024,ok,15,167,0.0,0.0,0.0,0.0,0.8743,0.0,0.1257,0.0,0.0
gba-bbmp-109,2025,ok,23,167,0.9997,0.0,0.0,0.0,0.0,0.0,0.0003,0.0,0.0
gba-bbmp-109,2026,ok,18,167,0.8164,0.0,0.0,0.0,0.1431,0.0,0.0405,0.0,0.0
gba-bbmp-111,2017,insufficient,8,9,,,,,,,,,
gba-bbmp-111,2018,insufficient,22,9,,,,,,,,,
gba-bbmp-111,2019,insufficient,23,9,,,,,,,,,
gba-bbmp-111,2020,insufficient,18,9,,,,,,,,,
gba-bbmp-111,2021,insufficient,16,9,,,,,,,,,
gba-bbmp-111,2022,insufficient,17,9,,,,,,,,,
gba-bbmp-111,2023,insufficient,23,9,,,,,,,,,
gba-bbmp-111,2024,insufficient,17,9,,,,,,,,,
gba-bbmp-111,2025,insufficient,22,9,,,,,,,,,
gba-bbmp-111,2026,insufficient,18,9,,,,,,,,,
gba-bbmp-112,2017,insufficient,7,503,,,,,,,,,
gba-bbmp-112,2018,ok,26,503,0.0,1.0,0.0,0.0,0.0,0.0,0.0,0.0,0.0
gba-bbmp-112,2019,ok,21,503,0.0,0.2238,0.0,0.0,0.7248,0.0208,0.0306,0.0,0.0
gba-bbmp-112,2020,ok,20,503,0.0,0.5931,0.0,0.0,0.3753,0.0,0.0316,0.0,0.0
gba-bbmp-112,2021,ok,16,503,0.0259,0.9706,0.0,0.0,0.0,0.0,0.0035,0.0,0.0
gba-bbmp-112,2022,ok,15,503,0.0,1.0,0.0,0.0,0.0,0.0,0.0,0.0,0.0
gba-bbmp-112,2023,ok,24,503,0.0,0.4056,0.0,0.0,0.5163,0.0,0.0781,0.0,0.0
gba-bbmp-112,2024,ok,15,503,0.0,0.1155,0.0,0.0,0.6654,0.0,0.2191,0.0,0.0
gba-bbmp-112,2025,ok,23,503,0.3172,0.4009,0.0,0.004,0.2664,0.0,0.0116,0.0,0.0
gba-bbmp-112,2026,ok,20,503,0.2167,0.5565,0.0,0.0,0.2182,0.0,0.0086,0.0,0.0
gba-bbmp-114,2017,insufficient,7,643,,,,,,,,,
gba-bbmp-114,2018,ok,19,643,0.0009,0.1517,0.0,0.0,0.7921,0.0553,0.0,0.0,0.0
gba-bbmp-114,2019,ok,20,643,0.0,0.1662,0.0,0.0,0.074,0.7598,0.0,0.0,0.0
gba-bbmp-114,2020,ok,20,643,0.0016,0.2137,0.0,0.0,0.3044,0.4803,0.0,0.0,0.0
gba-bbmp-114,2021,ok,18,643,0.0,0.2505,0.0,0.0,0.4275,0.322,0.0,0.0,0.0
gba-bbmp-114,2022,ok,19,643,0.6253,0.2853,0.0,0.0,0.0763,0.0132,0.0,0.0,0.0
gba-bbmp-114,2023,ok,20,643,0.7364,0.2516,0.0,0.0,0.0055,0.0049,0.0,0.0015,0.0
gba-bbmp-114,2024,ok,16,643,0.0,0.2272,0.0,0.0,0.1637,0.6091,0.0,0.0,0.0
gba-bbmp-114,2025,ok,25,643,0.7344,0.2144,0.0,0.0186,0.0025,0.03,0.0,0.0,0.0
gba-bbmp-114,2026,ok,18,643,0.4012,0.2139,0.0,0.0,0.3706,0.0143,0.0,0.0,0.0
gba-bbmp-115,2017,insufficient,10,0,,,,,,,,,
gba-bbmp-115,2018,insufficient,24,0,,,,,,,,,
gba-bbmp-115,2019,insufficient,21,0,,,,,,,,,
gba-bbmp-115,2020,insufficient,18,0,,,,,,,,,
gba-bbmp-115,2021,insufficient,17,0,,,,,,,,,
gba-bbmp-115,2022,insufficient,16,0,,,,,,,,,
gba-bbmp-115,2023,insufficient,23,0,,,,,,,,,
gba-bbmp-115,2024,insufficient,16,0,,,,,,,,,
gba-bbmp-115,2025,insufficient,20,0,,,,,,,,,
gba-bbmp-115,2026,insufficient,18,0,,,,,,,,,
gba-bbmp-116,2017,ok,9,40,0.0,0.1182,0.0,0.0,0.6402,0.2375,0.0041,0.0,0.0
gba-bbmp-116,2018,ok,22,40,0.3983,0.5987,0.0,0.0,0.0,0.0,0.0029,0.0,0.0
gba-bbmp-116,2019,ok,21,40,0.0,0.0334,0.0,0.0,0.9624,0.0,0.0041,0.0,0.0
gba-bbmp-116,2020,ok,15,40,0.0,0.0,0.0,0.0,0.6289,0.2787,0.0923,0.0,0.0
gba-bbmp-116,2021,ok,16,40,0.0,0.9997,0.0,0.0,0.0,0.0,0.0003,0.0,0.0
gba-bbmp-116,2022,ok,17,40,0.0,1.0,0.0,0.0,0.0,0.0,0.0,0.0,0.0
gba-bbmp-116,2023,ok,22,40,0.0,1.0,0.0,0.0,0.0,0.0,0.0,0.0,0.0
gba-bbmp-116,2024,ok,14,40,0.0,0.0,0.0,0.0,0.0,0.0,1.0,0.0,0.0
gba-bbmp-116,2025,ok,20,40,0.0,0.0,0.0,0.0,0.1761,0.0,0.8239,0.0,0.0
gba-bbmp-116,2026,ok,18,40,0.0,0.0,0.0,0.0,0.6797,0.0,0.3203,0.0,0.0
gba-bbmp-118,2017,ok,8,653,0.3941,0.0,0.0,0.2966,0.3069,0.0024,0.0,0.0,0.0
gba-bbmp-118,2018,ok,24,653,1.0,0.0,0.0,0.0,0.0,0.0,0.0,0.0,0.0
gba-bbmp-118,2019,ok,20,653,0.9922,0.0,0.0,0.0,0.0078,0.0,0.0,0.0,0.0
gba-bbmp-118,2020,ok,16,653,0.3717,0.1438,0.0,0.4117,0.0379,0.0337,0.0011,0.0,0.0
gba-bbmp-118,2021,ok,17,653,0.8013,0.0,0.0,0.1987,0.0,0.0,0.0,0.0,0.0
gba-bbmp-118,2022,ok,15,653,0.9929,0.0,0.0,0.0071,0.0,0.0,0.0,0.0,0.0
gba-bbmp-118,2023,ok,23,653,0.998,0.0,0.0,0.0,0.0013,0.0,0.0006,0.0,0.0
gba-bbmp-118,2024,ok,14,653,0.9903,0.0,0.0,0.0,0.0027,0.0,0.007,0.0,0.0
gba-bbmp-118,2025,ok,21,653,1.0,0.0,0.0,0.0,0.0,0.0,0.0,0.0,0.0
gba-bbmp-118,2026,ok,16,653,0.9991,0.0,0.0,0.0,0.0,0.0,0.0009,0.0,0.0
gba-bbmp-119,2017,ok,9,370,0.8367,0.0,0.0,0.0,0.1632,0.0,0.0001,0.0,0.0
gba-bbmp-119,2018,ok,23,370,0.9954,0.0046,0.0,0.0,0.0,0.0,0.0,0.0,0.0
gba-bbmp-119,2019,ok,22,370,0.9136,0.0,0.0,0.0,0.0,0.0,0.0864,0.0,0.0
gba-bbmp-119,2020,ok,15,370,0.7385,0.061,0.0,0.0,0.0,0.0888,0.1117,0.0,0.0
gba-bbmp-119,2021,ok,17,370,0.7959,0.1994,0.0,0.0,0.0,0.0,0.0046,0.0,0.0
gba-bbmp-119,2022,ok,16,370,0.7411,0.2516,0.0,0.0,0.0,0.0,0.0073,0.0,0.0
gba-bbmp-119,2023,ok,23,370,0.7598,0.2284,0.0,0.0,0.0,0.0,0.0118,0.0,0.0
gba-bbmp-119,2024,ok,15,370,0.7819,0.0,0.0,0.0,0.0,0.0,0.2181,0.0,0.0
gba-bbmp-119,2025,ok,21,370,0.8157,0.0027,0.0,0.0,0.0,0.0,0.1816,0.0,0.0
gba-bbmp-119,2026,ok,17,370,0.6003,0.0701,0.0,0.0,0.1369,0.0181,0.1746,0.0,0.0
gba-bbmp-121,2017,ok,10,162,0.0,1.0,0.0,0.0,0.0,0.0,0.0,0.0,0.0
gba-bbmp-121,2018,ok,23,162,0.0,0.6387,0.0,0.0,0.3613,0.0,0.0,0.0,0.0
gba-bbmp-121,2019,ok,23,162,0.0,0.0549,0.0,0.0,0.9451,0.0,0.0,0.0,0.0
gba-bbmp-121,2020,ok,16,162,0.0,0.006,0.0,0.0,0.994,0.0,0.0,0.0,0.0
gba-bbmp-121,2021,ok,16,162,0.0,0.9326,0.0,0.0,0.0303,0.0,0.037,0.0,0.0
gba-bbmp-121,2022,ok,16,162,0.0,0.9226,0.0,0.0593,0.0161,0.0,0.0019,0.0,0.0
gba-bbmp-121,2023,ok,23,162,1.0,0.0,0.0,0.0,0.0,0.0,0.0,0.0,0.0
gba-bbmp-121,2024,ok,16,162,0.9583,0.0,0.0,0.0,0.008,0.0,0.0337,0.0,0.0
gba-bbmp-121,2025,ok,19,162,1.0,0.0,0.0,0.0,0.0,0.0,0.0,0.0,0.0
gba-bbmp-121,2026,ok,18,162,1.0,0.0,0.0,0.0,0.0,0.0,0.0,0.0,0.0
gba-bbmp-126,2017,ok,8,93,0.1747,0.8134,0.0,0.0,0.0119,0.0,0.0,0.0,0.0
gba-bbmp-126,2018,ok,23,93,0.0,0.909,0.0,0.0,0.091,0.0,0.0,0.0,0.0
gba-bbmp-126,2019,ok,22,93,0.7962,0.0,0.0,0.0,0.1891,0.0,0.0147,0.0,0.0
gba-bbmp-126,2020,ok,21,93,0.7738,0.2185,0.0,0.0,0.0003,0.0,0.0075,0.0,0.0
gba-bbmp-126,2021,ok,16,93,0.8617,0.1383,0.0,0.0,0.0,0.0,0.0,0.0,0.0
gba-bbmp-126,2022,ok,14,93,0.8921,0.0,0.0,0.0,0.0,0.0,0.1079,0.0,0.0
gba-bbmp-126,2023,ok,23,93,0.8921,0.0,0.0,0.0,0.0,0.0,0.1079,0.0,0.0
gba-bbmp-126,2024,ok,18,93,0.8057,0.0,0.0,0.0,0.0,0.0,0.1943,0.0,0.0
gba-bbmp-126,2025,ok,20,93,0.8047,0.0,0.0,0.0,0.0,0.0,0.1953,0.0,0.0
gba-bbmp-126,2026,ok,16,93,0.8164,0.0,0.0,0.0,0.0,0.0,0.1836,0.0,0.0
gba-bbmp-127,2017,ok,10,218,0.5652,0.0151,0.0,0.0,0.1345,0.2572,0.0281,0.0,0.0
gba-bbmp-127,2018,ok,22,218,0.898,0.0,0.0,0.0,0.0858,0.0162,0.0,0.0,0.0
gba-bbmp-127,2019,ok,22,218,0.66,0.0,0.0,0.0,0.2864,0.0451,0.0085,0.0,0.0
gba-bbmp-127,2020,ok,17,218,0.87,0.0,0.0,0.0,0.1233,0.0,0.0067,0.0,0.0
gba-bbmp-127,2021,ok,17,218,0.9646,0.0005,0.0,0.0,0.0314,0.0,0.0035,0.0,0.0
gba-bbmp-127,2022,ok,15,218,0.9953,0.0005,0.0,0.0,0.0029,0.0,0.0013,0.0,0.0
gba-bbmp-127,2023,ok,24,218,0.9966,0.0034,0.0,0.0,0.0,0.0,0.0,0.0,0.0
gba-bbmp-127,2024,ok,16,218,0.9078,0.0,0.0,0.0,0.0,0.0,0.0922,0.0,0.0
gba-bbmp-127,2025,ok,23,218,0.9966,0.0034,0.0,0.0,0.0,0.0,0.0,0.0,0.0
gba-bbmp-127,2026,ok,19,218,0.9862,0.0138,0.0,0.0,0.0,0.0,0.0,0.0,0.0
gba-bbmp-128,2017,ok,8,1492,0.2991,0.0659,0.0,0.0613,0.3541,0.2093,0.0102,0.0,0.0
gba-bbmp-128,2018,ok,22,1492,0.6222,0.0004,0.0,0.3774,0.0,0.0,0.0,0.0,0.0
gba-bbmp-128,2019,ok,24,1492,0.4285,0.0,0.0,0.2506,0.3094,0.0061,0.0013,0.004,0.0
gba-bbmp-128,2020,ok,18,1492,0.3088,0.0758,0.0079,0.6014,0.0013,0.0,0.0049,0.0,0.0
gba-bbmp-128,2021,ok,16,1492,0.3486,0.0,0.0,0.6451,0.0045,0.0,0.0018,0.0,0.0
gba-bbmp-128,2022,ok,15,1492,0.3163,0.0889,0.0128,0.5566,0.0232,0.0,0.0022,0.0,0.0
gba-bbmp-128,2023,ok,23,1492,0.2149,0.5628,0.1253,0.0828,0.0138,0.0,0.0005,0.0,0.0
gba-bbmp-128,2024,ok,17,1492,0.013,0.603,0.0,0.0,0.382,0.0,0.0019,0.0,0.0
gba-bbmp-128,2025,ok,21,1492,0.0118,0.7514,0.0,0.0,0.236,0.0,0.0008,0.0,0.0
gba-bbmp-128,2026,ok,18,1492,0.0118,0.5811,0.0905,0.0,0.3118,0.0,0.0048,0.0,0.0
gba-bbmp-129,2017,ok,10,3183,0.2015,0.0136,0.1288,0.0,0.2624,0.3936,0.0,0.0,0.0
gba-bbmp-129,2018,ok,20,3183,0.9916,0.0055,0.0,0.0009,0.0,0.0019,0.0,0.0,0.0
gba-bbmp-129,2019,ok,21,3183,0.9512,0.0075,0.0,0.0003,0.0001,0.0402,0.0,0.0006,0.0
gba-bbmp-129,2020,ok,19,3183,0.8753,0.0071,0.0,0.0714,0.0,0.0394,0.0068,0.0,0.0
gba-bbmp-129,2021,ok,16,3183,0.9989,0.0011,0.0,0.0,0.0,0.0,0.0,0.0,0.0
gba-bbmp-129,2022,ok,15,3183,1.0,0.0,0.0,0.0,0.0,0.0,0.0,0.0,0.0
gba-bbmp-129,2023,ok,23,3183,1.0,0.0,0.0,0.0,0.0,0.0,0.0,0.0,0.0
gba-bbmp-129,2024,ok,15,3183,1.0,0.0,0.0,0.0,0.0,0.0,0.0,0.0,0.0
gba-bbmp-129,2025,ok,21,3183,1.0,0.0,0.0,0.0,0.0,0.0,0.0,0.0,0.0
gba-bbmp-129,2026,ok,20,3183,0.9778,0.0222,0.0,0.0,0.0,0.0,0.0,0.0,0.0
gba-bbmp-130,2017,ok,8,2693,0.4579,0.0,0.0061,0.3258,0.0852,0.125,0.0,0.0,0.0
gba-bbmp-130,2018,ok,21,2693,0.9983,0.0,0.0,0.0,0.0,0.0012,0.0005,0.0,0.0
gba-bbmp-130,2019,ok,22,2693,0.9797,0.0,0.003,0.0,0.0017,0.0081,0.0075,0.0,0.0
gba-bbmp-130,2020,ok,18,2693,0.9962,0.0,0.0,0.0,0.0004,0.0029,0.0005,0.0001,0.0
gba-bbmp-130,2021,ok,15,2693,0.9991,0.0,0.0,0.0002,0.0,0.0008,0.0,0.0,0.0
gba-bbmp-130,2022,ok,15,2693,0.9989,0.0,0.0,0.0002,0.0,0.0,0.0009,0.0,0.0
gba-bbmp-130,2023,ok,23,2693,0.9985,0.0,0.0,0.0011,0.0,0.0,0.0003,0.0,0.0
gba-bbmp-130,2024,ok,17,2693,0.977,0.0,0.0,0.0206,0.0,0.0,0.0023,0.0,0.0
gba-bbmp-130,2025,ok,24,2693,0.9807,0.0001,0.0,0.0185,0.0,0.0,0.0007,0.0,0.0
gba-bbmp-130,2026,ok,17,2693,0.9793,0.0,0.0,0.0188,0.0,0.0,0.0019,0.0,0.0
gba-bbmp-131,2017,ok,11,55,1.0,0.0,0.0,0.0,0.0,0.0,0.0,0.0,0.0
gba-bbmp-131,2018,ok,23,55,1.0,0.0,0.0,0.0,0.0,0.0,0.0,0.0,0.0
gba-bbmp-131,2019,ok,19,55,1.0,0.0,0.0,0.0,0.0,0.0,0.0,0.0,0.0
gba-bbmp-131,2020,ok,18,55,1.0,0.0,0.0,0.0,0.0,0.0,0.0,0.0,0.0
gba-bbmp-131,2021,ok,15,55,1.0,0.0,0.0,0.0,0.0,0.0,0.0,0.0,0.0
gba-bbmp-131,2022,ok,14,55,0.7107,0.0,0.0,0.0,0.1663,0.0,0.0,0.123,0.0
gba-bbmp-131,2023,ok,23,55,1.0,0.0,0.0,0.0,0.0,0.0,0.0,0.0,0.0
gba-bbmp-131,2024,ok,15,55,0.018,0.0,0.0,0.0,0.0541,0.0,0.0,0.9279,0.0
gba-bbmp-131,2025,ok,21,55,0.8833,0.0,0.0,0.0,0.0,0.0,0.0,0.1167,0.0
gba-bbmp-131,2026,ok,18,55,0.0,0.0,0.0,0.0,1.0,0.0,0.0,0.0,0.0
gba-bbmp-132,2017,insufficient,10,1,,,,,,,,,
gba-bbmp-132,2018,insufficient,22,1,,,,,,,,,
gba-bbmp-132,2019,insufficient,20,1,,,,,,,,,
gba-bbmp-132,2020,insufficient,22,1,,,,,,,,,
gba-bbmp-132,2021,insufficient,15,1,,,,,,,,,
gba-bbmp-132,2022,insufficient,15,1,,,,,,,,,
gba-bbmp-132,2023,insufficient,24,1,,,,,,,,,
gba-bbmp-132,2024,insufficient,16,1,,,,,,,,,
gba-bbmp-132,2025,insufficient,23,1,,,,,,,,,
gba-bbmp-132,2026,insufficient,16,1,,,,,,,,,
gba-bbmp-133,2017,insufficient,9,5,,,,,,,,,
gba-bbmp-133,2018,insufficient,25,5,,,,,,,,,
gba-bbmp-133,2019,insufficient,22,5,,,,,,,,,
gba-bbmp-133,2020,insufficient,21,5,,,,,,,,,
gba-bbmp-133,2021,insufficient,16,5,,,,,,,,,
gba-bbmp-133,2022,insufficient,16,5,,,,,,,,,
gba-bbmp-133,2023,insufficient,24,5,,,,,,,,,
gba-bbmp-133,2024,insufficient,16,5,,,,,,,,,
gba-bbmp-133,2025,insufficient,21,5,,,,,,,,,
gba-bbmp-133,2026,insufficient,17,5,,,,,,,,,
gba-bbmp-134,2017,insufficient,11,2,,,,,,,,,
gba-bbmp-134,2018,insufficient,25,2,,,,,,,,,
gba-bbmp-134,2019,insufficient,24,2,,,,,,,,,
gba-bbmp-134,2020,insufficient,19,2,,,,,,,,,
gba-bbmp-134,2021,insufficient,15,2,,,,,,,,,
gba-bbmp-134,2022,insufficient,17,2,,,,,,,,,
gba-bbmp-134,2023,insufficient,23,2,,,,,,,,,
gba-bbmp-134,2024,insufficient,16,2,,,,,,,,,
gba-bbmp-134,2025,insufficient,20,2,,,,,,,,,
gba-bbmp-134,2026,insufficient,19,2,,,,,,,,,
gba-bbmp-135,2017,ok,10,21,0.0,0.994,0.0,0.0,0.0,0.0,0.006,0.0,0.0
gba-bbmp-135,2018,ok,24,21,0.0,1.0,0.0,0.0,0.0,0.0,0.0,0.0,0.0
gba-bbmp-135,2019,ok,23,21,0.0,0.3024,0.0,0.0,0.1174,0.0,0.5802,0.0,0.0
gba-bbmp-135,2020,ok,21,21,0.0,0.0,0.0,0.0,0.0,0.0,1.0,0.0,0.0
gba-bbmp-135,2021,ok,17,21,0.0,0.1355,0.0,0.0,0.0,0.0,0.8645,0.0,0.0
gba-bbmp-135,2022,ok,17,21,0.0,0.1128,0.0,0.0,0.0,0.0,0.8872,0.0,0.0
gba-bbmp-135,2023,ok,24,21,0.0,0.2562,0.0,0.0,0.0,0.0,0.7438,0.0,0.0
gba-bbmp-135,2024,ok,16,21,0.0,0.0,0.0,0.0,0.0,0.0,1.0,0.0,0.0
gba-bbmp-135,2025,ok,21,21,0.0,0.0236,0.0,0.0,0.0,0.0,0.9764,0.0,0.0
gba-bbmp-135,2026,ok,19,21,0.0,0.0143,0.0,0.0,0.0,0.0,0.9857,0.0,0.0
gba-bbmp-136,2017,ok,9,103,0.0193,0.0641,0.0,0.0,0.7648,0.0,0.1518,0.0,0.0
gba-bbmp-136,2018,ok,25,103,0.9407,0.032,0.0,0.0,0.0,0.0,0.0273,0.0,0.0
gba-bbmp-136,2019,ok,23,103,0.8704,0.0,0.0,0.0,0.0098,0.0,0.1198,0.0,0.0
gba-bbmp-136,2020,ok,19,103,0.8955,0.0382,0.0,0.0,0.0,0.0,0.0662,0.0,0.0
gba-bbmp-136,2021,ok,17,103,0.8953,0.0931,0.0,0.0,0.0,0.0,0.0116,0.0,0.0
gba-bbmp-136,2022,ok,19,103,0.8859,0.1105,0.0,0.0,0.0,0.0,0.0036,0.0,0.0
gba-bbmp-136,2023,ok,23,103,0.0,0.141,0.0,0.0,0.6443,0.0,0.2146,0.0,0.0
gba-bbmp-136,2024,ok,16,103,0.0,0.0,0.0,0.0,0.9463,0.0,0.0537,0.0,0.0
gba-bbmp-136,2025,ok,21,103,0.6392,0.0,0.0,0.0,0.0092,0.0,0.3516,0.0,0.0
gba-bbmp-136,2026,ok,19,103,0.5065,0.0097,0.0,0.0,0.3456,0.0,0.1383,0.0,0.0
gba-bbmp-137,2017,ok,10,1000,0.0,0.0281,0.0,0.0,0.9067,0.0,0.0643,0.001,0.0
gba-bbmp-137,2018,ok,27,1000,0.029,0.037,0.0,0.0,0.8431,0.0,0.091,0.0,0.0
gba-bbmp-137,2019,ok,24,1000,0.0,0.0,0.0,0.0,0.9081,0.0,0.0919,0.0,0.0
gba-bbmp-137,2020,ok,19,1000,0.1179,0.0327,0.0,0.0,0.759,0.0,0.0904,0.0,0.0
gba-bbmp-137,2021,ok,16,1000,0.0083,0.0445,0.1162,0.0,0.7465,0.0,0.0845,0.0,0.0
gba-bbmp-137,2022,ok,17,1000,0.0,0.6662,0.0,0.0,0.2629,0.001,0.0699,0.0,0.0
gba-bbmp-137,2023,ok,22,1000,0.0,0.002,0.0,0.0,0.9154,0.0,0.0826,0.0,0.0
gba-bbmp-137,2024,ok,18,1000,0.0259,0.4398,0.014,0.0,0.4615,0.0,0.0587,0.0,0.0
gba-bbmp-137,2025,ok,22,1000,0.0,0.8793,0.001,0.0,0.047,0.0,0.0727,0.0,0.0
gba-bbmp-137,2026,ok,20,1000,0.0,0.6623,0.0,0.0,0.2667,0.04,0.0311,0.0,0.0
gba-bbmp-138,2017,ok,9,20,0.0,0.0,0.0,0.0,0.0,0.0,1.0,0.0,0.0
gba-bbmp-138,2018,ok,22,20,0.0,0.0,0.0,0.0,0.0,0.0,1.0,0.0,0.0
gba-bbmp-138,2019,ok,22,20,0.0,0.0,0.0,0.0,0.0,0.0,1.0,0.0,0.0
gba-bbmp-138,2020,ok,18,20,1.0,0.0,0.0,0.0,0.0,0.0,0.0,0.0,0.0
gba-bbmp-138,2021,ok,16,20,1.0,0.0,0.0,0.0,0.0,0.0,0.0,0.0,0.0
gba-bbmp-138,2022,ok,18,20,1.0,0.0,0.0,0.0,0.0,0.0,0.0,0.0,0.0
gba-bbmp-138,2023,ok,22,20,1.0,0.0,0.0,0.0,0.0,0.0,0.0,0.0,0.0
gba-bbmp-138,2024,ok,16,20,1.0,0.0,0.0,0.0,0.0,0.0,0.0,0.0,0.0
gba-bbmp-138,2025,ok,22,20,1.0,0.0,0.0,0.0,0.0,0.0,0.0,0.0,0.0
gba-bbmp-138,2026,ok,19,20,0.9886,0.0,0.0,0.0,0.0,0.0,0.0114,0.0,0.0
gba-bbmp-139,2017,ok,8,281,0.0,0.0453,0.0,0.0,0.5849,0.369,0.0008,0.0,0.0
gba-bbmp-139,2018,ok,24,281,0.0151,0.1135,0.0,0.0,0.8701,0.0,0.0013,0.0,0.0
gba-bbmp-139,2019,ok,22,281,0.0,0.0963,0.0,0.0,0.6746,0.2235,0.0057,0.0,0.0
gba-bbmp-139,2020,ok,20,281,0.0192,0.1473,0.0036,0.0,0.7228,0.0979,0.0093,0.0,0.0
gba-bbmp-139,2021,ok,16,281,0.3406,0.2534,0.0,0.3193,0.0693,0.0,0.0175,0.0,0.0
gba-bbmp-139,2022,ok,18,281,0.9996,0.0004,0.0,0.0,0.0,0.0,0.0,0.0,0.0
gba-bbmp-139,2023,ok,20,281,1.0,0.0,0.0,0.0,0.0,0.0,0.0,0.0,0.0
gba-bbmp-139,2024,ok,14,281,1.0,0.0,0.0,0.0,0.0,0.0,0.0,0.0,0.0
gba-bbmp-139,2025,ok,23,281,1.0,0.0,0.0,0.0,0.0,0.0,0.0,0.0,0.0
gba-bbmp-139,2026,ok,20,281,1.0,0.0,0.0,0.0,0.0,0.0,0.0,0.0,0.0
gba-bbmp-140,2017,ok,8,1325,0.0452,0.0508,0.0082,0.5786,0.0556,0.233,0.0286,0.0,0.0
gba-bbmp-140,2018,ok,23,1325,0.2863,0.0005,0.0,0.7114,0.0,0.0,0.0017,0.0,0.0
gba-bbmp-140,2019,ok,21,1325,0.3423,0.0106,0.001,0.624,0.0,0.0,0.0221,0.0,0.0
gba-bbmp-140,2020,ok,17,1325,0.4261,0.0027,0.0305,0.5369,0.0006,0.0,0.0031,0.0,0.0
gba-bbmp-140,2021,ok,14,1325,0.4158,0.0016,0.0092,0.5693,0.0012,0.0,0.003,0.0,0.0
gba-bbmp-140,2022,ok,12,1325,0.3737,0.0016,0.1852,0.4305,0.0063,0.0,0.0026,0.0,0.0
gba-bbmp-140,2023,ok,25,1325,0.2942,0.0012,0.0,0.7008,0.0,0.0,0.0038,0.0,0.0
gba-bbmp-140,2024,ok,14,1325,0.2053,0.0193,0.4405,0.3189,0.0,0.0,0.016,0.0,0.0
gba-bbmp-140,2025,ok,20,1325,0.2082,0.0233,0.3159,0.4326,0.0113,0.0,0.0087,0.0,0.0
gba-bbmp-140,2026,ok,20,1325,0.32,0.0337,0.0143,0.6181,0.0008,0.0,0.0131,0.0,0.0
gba-bbmp-141,2017,ok,9,7951,1.0,0.0,0.0,0.0,0.0,0.0,0.0,0.0,0.0
gba-bbmp-141,2018,ok,20,7951,1.0,0.0,0.0,0.0,0.0,0.0,0.0,0.0,0.0
gba-bbmp-141,2019,ok,23,7951,1.0,0.0,0.0,0.0,0.0,0.0,0.0,0.0,0.0
gba-bbmp-141,2020,ok,21,7951,0.9906,0.0,0.0,0.0094,0.0,0.0,0.0,0.0,0.0
gba-bbmp-141,2021,ok,16,7951,0.9897,0.0004,0.0,0.0099,0.0,0.0,0.0,0.0,0.0
gba-bbmp-141,2022,ok,21,7951,0.9992,0.0,0.0,0.0008,0.0,0.0,0.0,0.0,0.0
gba-bbmp-141,2023,ok,19,7951,0.9866,0.0,0.0,0.0134,0.0,0.0,0.0,0.0,0.0
gba-bbmp-141,2024,ok,15,7951,0.9982,0.0,0.0,0.0018,0.0,0.0,0.0,0.0,0.0
gba-bbmp-141,2025,ok,25,7951,1.0,0.0,0.0,0.0,0.0,0.0,0.0,0.0,0.0
gba-bbmp-141,2026,ok,19,7951,1.0,0.0,0.0,0.0,0.0,0.0,0.0,0.0,0.0
gba-bbmp-142,2017,insufficient,7,1679,,,,,,,,,
gba-bbmp-142,2018,ok,23,1679,0.0,0.3108,0.0,0.0,0.2322,0.4568,0.0002,0.0,0.0
gba-bbmp-142,2019,ok,23,1679,0.0,0.2055,0.0,0.0,0.1106,0.6827,0.0012,0.0,0.0
gba-bbmp-142,2020,ok,20,1679,0.0,0.3036,0.0005,0.0,0.0052,0.6908,0.0,0.0,0.0
gba-bbmp-142,2021,ok,18,1679,0.0,0.1598,0.0101,0.0,0.5417,0.2885,0.0,0.0,0.0
gba-bbmp-142,2022,ok,18,1679,0.3698,0.1407,0.075,0.3681,0.009,0.0373,0.0,0.0,0.0
gba-bbmp-142,2023,ok,19,1679,0.4245,0.1515,0.0,0.424,0.0,0.0,0.0,0.0,0.0
gba-bbmp-142,2024,ok,15,1679,0.5376,0.1241,0.0131,0.3244,0.0,0.0,0.0008,0.0,0.0
gba-bbmp-142,2025,ok,23,1679,0.6213,0.0369,0.0,0.3418,0.0,0.0,0.0,0.0,0.0
gba-bbmp-142,2026,ok,19,1679,1.0,0.0,0.0,0.0,0.0,0.0,0.0,0.0,0.0
gba-bbmp-143,2017,ok,9,905,1.0,0.0,0.0,0.0,0.0,0.0,0.0,0.0,0.0
gba-bbmp-143,2018,ok,23,905,1.0,0.0,0.0,0.0,0.0,0.0,0.0,0.0,0.0
gba-bbmp-143,2019,ok,24,905,0.9994,0.0,0.0,0.0,0.0,0.0,0.0006,0.0,0.0
gba-bbmp-143,2020,ok,19,905,0.9999,0.0,0.0,0.0,0.0,0.0,0.0001,0.0,0.0
gba-bbmp-143,2021,ok,15,905,0.9954,0.0,0.0,0.0,0.0,0.0,0.0046,0.0,0.0
gba-bbmp-143,2022,ok,18,905,1.0,0.0,0.0,0.0,0.0,0.0,0.0,0.0,0.0
gba-bbmp-143,2023,ok,21,905,1.0,0.0,0.0,0.0,0.0,0.0,0.0,0.0,0.0
gba-bbmp-143,2024,ok,13,905,1.0,0.0,0.0,0.0,0.0,0.0,0.0,0.0,0.0
gba-bbmp-143,2025,ok,24,905,1.0,0.0,0.0,0.0,0.0,0.0,0.0,0.0,0.0
gba-bbmp-143,2026,ok,19,905,0.9918,0.0,0.0,0.0,0.0,0.0,0.0082,0.0,0.0
gba-bbmp-146,2017,ok,8,2622,1.0,0.0,0.0,0.0,0.0,0.0,0.0,0.0,0.0
gba-bbmp-146,2018,ok,24,2622,0.9999,0.0001,0.0,0.0,0.0,0.0,0.0,0.0,0.0
gba-bbmp-146,2019,ok,24,2622,0.9999,0.0,0.0,0.0,0.0001,0.0,0.0,0.0,0.0
gba-bbmp-146,2020,ok,19,2622,0.9999,0.0,0.0,0.0,0.0001,0.0,0.0,0.0,0.0
gba-bbmp-146,2021,ok,15,2622,0.9999,0.0,0.0,0.0,0.0001,0.0,0.0,0.0,0.0
gba-bbmp-146,2022,ok,18,2622,0.9999,0.0,0.0,0.0,0.0001,0.0,0.0,0.0,0.0
gba-bbmp-146,2023,ok,18,2622,0.9999,0.0,0.0,0.0,0.0001,0.0,0.0,0.0,0.0
gba-bbmp-146,2024,ok,13,2622,0.9998,0.0,0.0,0.0,0.0001,0.0,0.0002,0.0,0.0
gba-bbmp-146,2025,ok,24,2622,1.0,0.0,0.0,0.0,0.0,0.0,0.0,0.0,0.0
gba-bbmp-146,2026,ok,19,2622,1.0,0.0,0.0,0.0,0.0,0.0,0.0,0.0,0.0
gba-bbmp-147,2017,ok,10,404,0.3097,0.0999,0.0,0.0049,0.089,0.06,0.4364,0.0,0.0
gba-bbmp-147,2018,ok,25,404,0.7429,0.1101,0.0,0.0124,0.1318,0.0,0.0029,0.0,0.0
gba-bbmp-147,2019,ok,24,404,0.4303,0.3826,0.0,0.0,0.1586,0.0,0.0286,0.0,0.0
gba-bbmp-147,2020,ok,21,404,0.0,0.8306,0.0008,0.0,0.1576,0.0,0.0111,0.0,0.0
gba-bbmp-147,2021,ok,15,404,0.0124,0.9695,0.0,0.0006,0.0173,0.0,0.0002,0.0,0.0
gba-bbmp-147,2022,ok,18,404,0.0,0.9286,0.0,0.0,0.0685,0.0,0.0028,0.0,0.0
gba-bbmp-147,2023,ok,20,404,0.0,0.1335,0.0,0.0,0.7322,0.0,0.1343,0.0,0.0
gba-bbmp-147,2024,ok,15,404,0.1573,0.0,0.0,0.0,0.7456,0.0,0.0971,0.0,0.0
gba-bbmp-147,2025,ok,24,404,0.8216,0.0198,0.0,0.0025,0.0321,0.0,0.124,0.0,0.0
gba-bbmp-147,2026,ok,20,404,0.9513,0.0,0.0,0.0,0.0,0.0,0.0487,0.0,0.0
gba-bbmp-148,2017,ok,10,2303,0.0267,0.0086,0.0,0.291,0.2618,0.3837,0.005,0.0232,0.0
gba-bbmp-148,2018,ok,21,2303,0.1349,0.0641,0.0216,0.776,0.0022,0.0,0.0013,0.0,0.0
gba-bbmp-148,2019,ok,22,2303,0.0041,0.1558,0.0092,0.0135,0.57,0.2378,0.0097,0.0,0.0
gba-bbmp-148,2020,ok,20,2303,0.0119,0.303,0.0349,0.262,0.3279,0.0586,0.0017,0.0,0.0
gba-bbmp-148,2021,ok,16,2303,0.009,0.7017,0.0425,0.2417,0.0048,0.0,0.0003,0.0,0.0
gba-bbmp-148,2022,ok,17,2303,0.066,0.6861,0.0013,0.2026,0.0425,0.0,0.0015,0.0,0.0
gba-bbmp-148,2023,ok,24,2303,0.5854,0.0047,0.0165,0.3598,0.0332,0.0,0.0004,0.0,0.0
gba-bbmp-148,2024,ok,16,2303,0.9101,0.0,0.0254,0.0041,0.0601,0.0,0.0002,0.0,0.0
gba-bbmp-148,2025,ok,23,2303,0.9231,0.0025,0.0,0.0689,0.0055,0.0,0.0,0.0,0.0
gba-bbmp-148,2026,ok,18,2303,0.9478,0.0163,0.001,0.0169,0.0179,0.0,0.0002,0.0,0.0
gba-bbmp-149,2017,ok,9,126,0.0,0.9057,0.0,0.0,0.0,0.0,0.0943,0.0,0.0
gba-bbmp-149,2018,ok,21,126,0.1373,0.0,0.0,0.0,0.3408,0.2628,0.2591,0.0,0.0
gba-bbmp-149,2019,ok,22,126,0.8631,0.0,0.0,0.0,0.0634,0.0,0.0735,0.0,0.0
gba-bbmp-149,2020,ok,20,126,1.0,0.0,0.0,0.0,0.0,0.0,0.0,0.0,0.0
gba-bbmp-149,2021,ok,16,126,1.0,0.0,0.0,0.0,0.0,0.0,0.0,0.0,0.0
gba-bbmp-149,2022,ok,16,126,1.0,0.0,0.0,0.0,0.0,0.0,0.0,0.0,0.0
gba-bbmp-149,2023,ok,24,126,1.0,0.0,0.0,0.0,0.0,0.0,0.0,0.0,0.0
gba-bbmp-149,2024,ok,15,126,1.0,0.0,0.0,0.0,0.0,0.0,0.0,0.0,0.0
gba-bbmp-149,2025,ok,24,126,1.0,0.0,0.0,0.0,0.0,0.0,0.0,0.0,0.0
gba-bbmp-149,2026,ok,17,126,1.0,0.0,0.0,0.0,0.0,0.0,0.0,0.0,0.0
gba-bbmp-150,2017,ok,9,97,0.1066,0.3017,0.0,0.0,0.3336,0.0,0.2581,0.0,0.0
gba-bbmp-150,2018,ok,20,97,0.5473,0.4485,0.0,0.0,0.0,0.0,0.0042,0.0,0.0
gba-bbmp-150,2019,ok,22,97,0.0604,0.1366,0.0,0.0,0.7002,0.0,0.1029,0.0,0.0
gba-bbmp-150,2020,ok,19,97,0.0,0.9999,0.0,0.0,0.0,0.0,0.0001,0.0,0.0
gba-bbmp-150,2021,ok,16,97,0.0,0.9999,0.0,0.0,0.0,0.0,0.0001,0.0,0.0
gba-bbmp-150,2022,ok,19,97,0.1612,0.8387,0.0,0.0,0.0,0.0,0.0001,0.0,0.0
gba-bbmp-150,2023,ok,22,97,1.0,0.0,0.0,0.0,0.0,0.0,0.0,0.0,0.0
gba-bbmp-150,2024,ok,16,97,0.8844,0.0008,0.0,0.0,0.1095,0.0,0.0052,0.0,0.0
gba-bbmp-150,2025,ok,23,97,0.7242,0.2758,0.0,0.0,0.0,0.0,0.0,0.0,0.0
gba-bbmp-150,2026,ok,18,97,1.0,0.0,0.0,0.0,0.0,0.0,0.0,0.0,0.0
gba-bbmp-152,2017,ok,9,1749,0.0992,0.0233,0.0,0.2267,0.2831,0.3614,0.0064,0.0,0.0
gba-bbmp-152,2018,ok,21,1749,0.0731,0.037,0.1069,0.4466,0.2722,0.0566,0.0077,0.0,0.0
gba-bbmp-152,2019,ok,23,1749,0.0905,0.0016,0.0,0.0264,0.5078,0.3509,0.0228,0.0,0.0
gba-bbmp-152,2020,ok,19,1749,0.0759,0.2116,0.0,0.2545,0.0405,0.4018,0.0157,0.0,0.0
gba-bbmp-152,2021,ok,16,1749,0.1427,0.2902,0.0017,0.4727,0.0383,0.044,0.0104,0.0,0.0
gba-bbmp-152,2022,ok,19,1749,0.1638,0.0622,0.0,0.7739,0.0,0.0,0.0,0.0,0.0
gba-bbmp-152,2023,ok,22,1749,0.1852,0.0374,0.0,0.7774,0.0,0.0,0.0,0.0,0.0
gba-bbmp-152,2024,ok,15,1749,0.6018,0.0002,0.0,0.397,0.0009,0.0,0.0,0.0,0.0
gba-bbmp-152,2025,ok,25,1749,0.7221,0.0137,0.0,0.263,0.0012,0.0,0.0,0.0,0.0
gba-bbmp-152,2026,ok,21,1749,0.6763,0.0,0.0,0.0,0.269,0.0,0.0004,0.0543,0.0
gba-bbmp-153,2017,ok,9,404,0.6614,0.0,0.0,0.0,0.2375,0.0014,0.0997,0.0,0.0
gba-bbmp-153,2018,ok,23,404,0.8025,0.0157,0.0,0.0568,0.042,0.0,0.083,0.0,0.0
gba-bbmp-153,2019,ok,22,404,0.8406,0.0,0.0,0.0247,0.0346,0.0,0.1001,0.0,0.0
gba-bbmp-153,2020,ok,19,404,0.1565,0.0911,0.0,0.7096,0.0,0.0,0.0428,0.0,0.0
gba-bbmp-153,2021,ok,16,404,0.1997,0.0978,0.0,0.6916,0.0025,0.0,0.0085,0.0,0.0
gba-bbmp-153,2022,ok,19,404,0.917,0.0049,0.0,0.0148,0.0,0.0,0.0632,0.0,0.0
gba-bbmp-153,2023,ok,19,404,0.9789,0.0,0.0,0.0,0.0,0.0,0.0211,0.0,0.0
gba-bbmp-153,2024,ok,15,404,0.9821,0.0,0.0074,0.0,0.0,0.0,0.0105,0.0,0.0
gba-bbmp-153,2025,ok,25,404,0.84,0.0,0.0619,0.0,0.0321,0.0,0.066,0.0,0.0
gba-bbmp-153,2026,ok,20,404,0.9877,0.0,0.0,0.0,0.0,0.0,0.0123,0.0,0.0
gba-bbmp-154,2017,ok,9,279,1.0,0.0,0.0,0.0,0.0,0.0,0.0,0.0,0.0
gba-bbmp-154,2018,ok,23,279,1.0,0.0,0.0,0.0,0.0,0.0,0.0,0.0,0.0
gba-bbmp-154,2019,ok,22,279,1.0,0.0,0.0,0.0,0.0,0.0,0.0,0.0,0.0
gba-bbmp-154,2020,ok,19,279,1.0,0.0,0.0,0.0,0.0,0.0,0.0,0.0,0.0
gba-bbmp-154,2021,ok,16,279,1.0,0.0,0.0,0.0,0.0,0.0,0.0,0.0,0.0
gba-bbmp-154,2022,ok,20,279,1.0,0.0,0.0,0.0,0.0,0.0,0.0,0.0,0.0
gba-bbmp-154,2023,ok,21,279,1.0,0.0,0.0,0.0,0.0,0.0,0.0,0.0,0.0
gba-bbmp-154,2024,ok,14,279,1.0,0.0,0.0,0.0,0.0,0.0,0.0,0.0,0.0
gba-bbmp-154,2025,ok,24,279,1.0,0.0,0.0,0.0,0.0,0.0,0.0,0.0,0.0
gba-bbmp-154,2026,ok,20,279,1.0,0.0,0.0,0.0,0.0,0.0,0.0,0.0,0.0
gba-bbmp-155,2017,ok,11,3521,0.9999,0.0,0.0,0.0001,0.0,0.0,0.0,0.0,0.0
gba-bbmp-155,2018,ok,22,3521,0.9391,0.0,0.0,0.0,0.0609,0.0,0.0,0.0,0.0
gba-bbmp-155,2019,ok,23,3521,0.9391,0.0273,0.0,0.0,0.0336,0.0,0.0,0.0,0.0
gba-bbmp-155,2020,ok,21,3521,0.9391,0.053,0.0,0.0,0.0079,0.0,0.0,0.0,0.0
gba-bbmp-155,2021,ok,17,3521,0.9116,0.0609,0.0,0.0,0.0275,0.0,0.0,0.0,0.0
gba-bbmp-155,2022,ok,18,3521,0.9391,0.0609,0.0,0.0,0.0,0.0,0.0,0.0,0.0
gba-bbmp-155,2023,ok,20,3521,0.9391,0.0608,0.0,0.0,0.0,0.0,0.0,0.0,0.0
gba-bbmp-155,2024,ok,15,3521,0.9408,0.0,0.0,0.0004,0.0565,0.0,0.0023,0.0,0.0
gba-bbmp-155,2025,ok,24,3521,0.9866,0.0,0.0,0.0,0.0,0.0,0.012,0.0014,0.0
gba-bbmp-155,2026,ok,18,3521,0.9948,0.0,0.0,0.0003,0.0006,0.0,0.0044,0.0,0.0
gba-bbmp-156,2017,ok,9,208,0.667,0.0,0.0,0.0887,0.1381,0.0,0.1062,0.0,0.0
gba-bbmp-156,2018,ok,22,208,1.0,0.0,0.0,0.0,0.0,0.0,0.0,0.0,0.0
gba-bbmp-156,2019,ok,24,208,0.9446,0.0,0.0,0.0048,0.0,0.0,0.0506,0.0,0.0
gba-bbmp-156,2020,ok,19,208,0.9935,0.0,0.0,0.0,0.0,0.0,0.0065,0.0,0.0
gba-bbmp-156,2021,ok,16,208,0.9935,0.0,0.0,0.0,0.0,0.0,0.0065,0.0,0.0
gba-bbmp-156,2022,ok,19,208,1.0,0.0,0.0,0.0,0.0,0.0,0.0,0.0,0.0
gba-bbmp-156,2023,ok,19,208,1.0,0.0,0.0,0.0,0.0,0.0,0.0,0.0,0.0
gba-bbmp-156,2024,ok,15,208,1.0,0.0,0.0,0.0,0.0,0.0,0.0,0.0,0.0
gba-bbmp-156,2025,ok,23,208,1.0,0.0,0.0,0.0,0.0,0.0,0.0,0.0,0.0
gba-bbmp-156,2026,ok,19,208,1.0,0.0,0.0,0.0,0.0,0.0,0.0,0.0,0.0
gba-bbmp-157,2017,ok,9,273,0.5786,0.0,0.0,0.0,0.0,0.1537,0.0763,0.1914,0.0
gba-bbmp-157,2018,ok,21,273,0.9845,0.0,0.0,0.0,0.0,0.0,0.0155,0.0,0.0
gba-bbmp-157,2019,ok,24,273,0.6382,0.0,0.0,0.0,0.2694,0.0,0.0924,0.0,0.0
gba-bbmp-157,2020,ok,19,273,0.6505,0.0,0.0,0.0,0.1606,0.129,0.06,0.0,0.0
gba-bbmp-157,2021,ok,16,273,0.678,0.0,0.0,0.2718,0.0,0.0,0.0502,0.0,0.0
gba-bbmp-157,2022,ok,20,273,1.0,0.0,0.0,0.0,0.0,0.0,0.0,0.0,0.0
gba-bbmp-157,2023,ok,21,273,1.0,0.0,0.0,0.0,0.0,0.0,0.0,0.0,0.0
gba-bbmp-157,2024,ok,15,273,0.9823,0.0,0.0,0.011,0.0008,0.0,0.0059,0.0,0.0
gba-bbmp-157,2025,ok,26,273,1.0,0.0,0.0,0.0,0.0,0.0,0.0,0.0,0.0
gba-bbmp-157,2026,ok,20,273,1.0,0.0,0.0,0.0,0.0,0.0,0.0,0.0,0.0
gba-bbmp-160,2017,ok,11,383,0.8613,0.0,0.0,0.0,0.0,0.0,0.1387,0.0,0.0
gba-bbmp-160,2018,ok,24,383,0.9818,0.0,0.0,0.0,0.0,0.0,0.0182,0.0,0.0
gba-bbmp-160,2019,ok,23,383,0.9736,0.0,0.0,0.0,0.0178,0.0,0.0086,0.0,0.0
gba-bbmp-160,2020,ok,20,383,0.974,0.0,0.0,0.0,0.0148,0.0,0.0112,0.0,0.0
gba-bbmp-160,2021,ok,14,383,0.9736,0.0,0.0019,0.0,0.0162,0.0,0.0083,0.0,0.0
gba-bbmp-160,2022,ok,16,383,0.9736,0.0,0.0,0.0,0.0107,0.0,0.0156,0.0,0.0
gba-bbmp-160,2023,ok,23,383,0.9685,0.0,0.0,0.0,0.0,0.0,0.0315,0.0,0.0
gba-bbmp-160,2024,ok,16,383,0.969,0.0,0.0,0.0,0.0,0.0,0.031,0.0,0.0
gba-bbmp-160,2025,ok,24,383,0.9719,0.0,0.0,0.0,0.0,0.0,0.0281,0.0,0.0
gba-bbmp-160,2026,ok,19,383,0.9744,0.0,0.0,0.0,0.0,0.0,0.0256,0.0,0.0
gba-bbmp-161,2017,ok,12,208,1.0,0.0,0.0,0.0,0.0,0.0,0.0,0.0,0.0
gba-bbmp-161,2018,ok,26,208,1.0,0.0,0.0,0.0,0.0,0.0,0.0,0.0,0.0
gba-bbmp-161,2019,ok,23,208,1.0,0.0,0.0,0.0,0.0,0.0,0.0,0.0,0.0
gba-bbmp-161,2020,ok,21,208,1.0,0.0,0.0,0.0,0.0,0.0,0.0,0.0,0.0
gba-bbmp-161,2021,ok,15,208,1.0,0.0,0.0,0.0,0.0,0.0,0.0,0.0,0.0
gba-bbmp-161,2022,ok,16,208,1.0,0.0,0.0,0.0,0.0,0.0,0.0,0.0,0.0
gba-bbmp-161,2023,ok,22,208,1.0,0.0,0.0,0.0,0.0,0.0,0.0,0.0,0.0
gba-bbmp-161,2024,ok,16,208,1.0,0.0,0.0,0.0,0.0,0.0,0.0,0.0,0.0
gba-bbmp-161,2025,ok,22,208,1.0,0.0,0.0,0.0,0.0,0.0,0.0,0.0,0.0
gba-bbmp-161,2026,ok,19,208,1.0,0.0,0.0,0.0,0.0,0.0,0.0,0.0,0.0
gba-bbmp-162,2017,ok,10,23,0.9773,0.0,0.0,0.0,0.0,0.0,0.0227,0.0,0.0
gba-bbmp-162,2018,ok,24,23,0.9633,0.0,0.0,0.0,0.0,0.0,0.0367,0.0,0.0
gba-bbmp-162,2019,ok,23,23,0.779,0.0,0.0,0.0,0.0,0.0,0.221,0.0,0.0
gba-bbmp-162,2020,ok,18,23,0.8484,0.0,0.0,0.0,0.0,0.0,0.1516,0.0,0.0
gba-bbmp-162,2021,ok,13,23,1.0,0.0,0.0,0.0,0.0,0.0,0.0,0.0,0.0
gba-bbmp-162,2022,ok,16,23,1.0,0.0,0.0,0.0,0.0,0.0,0.0,0.0,0.0
gba-bbmp-162,2023,ok,23,23,1.0,0.0,0.0,0.0,0.0,0.0,0.0,0.0,0.0
gba-bbmp-162,2024,ok,17,23,0.0,0.0,0.0,0.0,0.0,0.0,1.0,0.0,0.0
gba-bbmp-162,2025,ok,22,23,1.0,0.0,0.0,0.0,0.0,0.0,0.0,0.0,0.0
gba-bbmp-162,2026,ok,18,23,0.0,0.0,0.0,0.0,0.0,0.0,1.0,0.0,0.0
gba-bbmp-163,2017,ok,12,90,0.0,0.0,0.6977,0.0,0.0,0.0,0.3023,0.0,0.0
gba-bbmp-163,2018,ok,27,90,0.0,0.0,0.6127,0.0,0.0,0.0,0.3873,0.0,0.0
gba-bbmp-163,2019,ok,23,90,0.0,0.0,0.6571,0.0,0.0,0.0,0.3429,0.0,0.0
gba-bbmp-163,2020,ok,19,90,0.0,0.0,0.5869,0.0,0.0,0.0,0.4131,0.0,0.0
gba-bbmp-163,2021,ok,16,90,0.0,0.0,0.0,0.0,0.0,0.0,1.0,0.0,0.0
gba-bbmp-163,2022,ok,19,90,0.0,0.0,0.0,0.0,0.0,0.0,1.0,0.0,0.0
gba-bbmp-163,2023,ok,23,90,0.0,0.0,0.0,0.0,0.0,0.0,1.0,0.0,0.0
gba-bbmp-163,2024,ok,16,90,0.0,0.0,0.0,0.0,0.2816,0.0,0.7184,0.0,0.0
gba-bbmp-163,2025,ok,23,90,0.9167,0.0,0.0,0.0,0.0,0.0,0.0833,0.0,0.0
gba-bbmp-163,2026,ok,20,90,0.9172,0.0,0.0,0.0,0.0,0.0,0.0828,0.0,0.0
gba-bbmp-164,2017,ok,9,108,0.249,0.0,0.0,0.0,0.553,0.0,0.1981,0.0,0.0
gba-bbmp-164,2018,ok,24,108,1.0,0.0,0.0,0.0,0.0,0.0,0.0,0.0,0.0
gba-bbmp-164,2019,ok,24,108,0.0,0.0,0.0,0.0,0.667,0.0,0.333,0.0,0.0
gba-bbmp-164,2020,ok,18,108,0.4943,0.0,0.0,0.0,0.2862,0.0,0.2195,0.0,0.0
gba-bbmp-164,2021,ok,15,108,0.9986,0.0,0.0,0.0,0.0,0.0,0.0014,0.0,0.0
gba-bbmp-164,2022,ok,17,108,1.0,0.0,0.0,0.0,0.0,0.0,0.0,0.0,0.0
gba-bbmp-164,2023,ok,20,108,1.0,0.0,0.0,0.0,0.0,0.0,0.0,0.0,0.0
gba-bbmp-164,2024,ok,17,108,1.0,0.0,0.0,0.0,0.0,0.0,0.0,0.0,0.0
gba-bbmp-164,2025,ok,22,108,1.0,0.0,0.0,0.0,0.0,0.0,0.0,0.0,0.0
gba-bbmp-164,2026,ok,19,108,1.0,0.0,0.0,0.0,0.0,0.0,0.0,0.0,0.0
gba-bbmp-165,2017,ok,9,51,0.0,0.0121,0.0,0.0,0.015,0.1922,0.7807,0.0,0.0
gba-bbmp-165,2018,ok,22,51,0.0582,0.2691,0.0,0.0,0.0,0.0,0.6728,0.0,0.0
gba-bbmp-165,2019,ok,23,51,0.0,0.0,0.0,0.0,0.2763,0.0776,0.6461,0.0,0.0
gba-bbmp-165,2020,ok,17,51,0.0,0.7648,0.0,0.0,0.0,0.0,0.2352,0.0,0.0
gba-bbmp-165,2021,ok,16,51,0.0,0.0,0.0,0.0,0.5141,0.0,0.4859,0.0,0.0
gba-bbmp-165,2022,ok,19,51,0.2295,0.0,0.0,0.0,0.0786,0.0,0.6919,0.0,0.0
gba-bbmp-165,2023,ok,18,51,0.0,0.0121,0.0,0.0,0.0508,0.0,0.9371,0.0,0.0
gba-bbmp-165,2024,ok,17,51,0.0,0.0017,0.0,0.0,0.1291,0.0,0.8692,0.0,0.0
gba-bbmp-165,2025,ok,20,51,0.0,0.8027,0.0,0.0,0.0,0.0,0.1973,0.0,0.0
gba-bbmp-165,2026,ok,17,51,0.0,0.3053,0.0,0.0,0.0,0.0,0.6947,0.0,0.0
gba-bbmp-166,2017,ok,10,262,1.0,0.0,0.0,0.0,0.0,0.0,0.0,0.0,0.0
gba-bbmp-166,2018,ok,21,262,0.9923,0.0,0.0,0.0,0.0,0.0,0.0077,0.0,0.0
gba-bbmp-166,2019,ok,19,262,0.9425,0.0,0.0,0.0,0.0038,0.0,0.0537,0.0,0.0
gba-bbmp-166,2020,ok,18,262,0.9273,0.0,0.0,0.0,0.0,0.0,0.0727,0.0,0.0
gba-bbmp-166,2021,ok,17,262,0.9929,0.0,0.0,0.0,0.0,0.0,0.0071,0.0,0.0
gba-bbmp-166,2022,ok,15,262,1.0,0.0,0.0,0.0,0.0,0.0,0.0,0.0,0.0
gba-bbmp-166,2023,ok,23,262,1.0,0.0,0.0,0.0,0.0,0.0,0.0,0.0,0.0
gba-bbmp-166,2024,ok,15,262,0.8438,0.0,0.0,0.0,0.0,0.0,0.1562,0.0,0.0
gba-bbmp-166,2025,ok,22,262,0.957,0.0,0.0,0.0,0.0,0.0,0.043,0.0,0.0
gba-bbmp-166,2026,ok,17,262,0.9185,0.0,0.0,0.0,0.0,0.0,0.0815,0.0,0.0
gba-bbmp-167,2017,ok,8,230,0.9639,0.0,0.0,0.0,0.0,0.0,0.0361,0.0,0.0
gba-bbmp-167,2018,ok,20,230,0.954,0.0,0.0,0.0,0.0,0.0,0.046,0.0,0.0
gba-bbmp-167,2019,ok,20,230,0.9316,0.0,0.0,0.0,0.0,0.0,0.0684,0.0,0.0
gba-bbmp-167,2020,ok,21,230,0.9425,0.0,0.0,0.0,0.0,0.0,0.0575,0.0,0.0
gba-bbmp-167,2021,ok,16,230,0.942,0.0,0.0,0.0,0.0,0.0,0.058,0.0,0.0
gba-bbmp-167,2022,ok,17,230,0.942,0.0,0.0,0.0,0.0,0.0,0.058,0.0,0.0
gba-bbmp-167,2023,ok,22,230,0.7683,0.0,0.0,0.0,0.0069,0.0,0.2248,0.0,0.0
gba-bbmp-167,2024,ok,16,230,0.0,0.0,0.0,0.0,0.2495,0.0,0.7505,0.0,0.0
gba-bbmp-167,2025,ok,22,230,0.9952,0.0,0.0,0.0,0.0,0.0,0.0048,0.0,0.0
gba-bbmp-167,2026,ok,19,230,0.9316,0.0,0.0,0.0,0.0,0.0,0.0684,0.0,0.0
gba-bbmp-168,2017,ok,8,24,1.0,0.0,0.0,0.0,0.0,0.0,0.0,0.0,0.0
gba-bbmp-168,2018,ok,21,24,0.9898,0.0,0.0,0.0,0.0,0.0,0.0102,0.0,0.0
gba-bbmp-168,2019,ok,20,24,0.906,0.0,0.0,0.0,0.0,0.0,0.094,0.0,0.0
gba-bbmp-168,2020,ok,22,24,0.3615,0.2202,0.0,0.0,0.0,0.0,0.4183,0.0,0.0
gba-bbmp-168,2021,ok,17,24,0.7967,0.0687,0.0,0.0,0.0447,0.0,0.0899,0.0,0.0
gba-bbmp-168,2022,ok,14,24,0.3534,0.6065,0.0,0.0,0.0,0.0,0.0401,0.0,0.0
gba-bbmp-168,2023,ok,21,24,0.0,0.0,0.0,0.0,0.0,0.0,1.0,0.0,0.0
gba-bbmp-168,2024,ok,15,24,0.0,0.0,0.0,0.0,0.0,0.0,1.0,0.0,0.0
gba-bbmp-168,2025,ok,23,24,1.0,0.0,0.0,0.0,0.0,0.0,0.0,0.0,0.0
gba-bbmp-168,2026,ok,19,24,0.0,0.0,0.0,0.0,0.0,0.0,1.0,0.0,0.0
gba-bbmp-169,2017,ok,8,101,1.0,0.0,0.0,0.0,0.0,0.0,0.0,0.0,0.0
gba-bbmp-169,2018,ok,21,101,0.0,0.0,0.0,0.0,0.0,0.0,1.0,0.0,0.0
gba-bbmp-169,2019,ok,20,101,0.0591,0.0,0.0,0.0,0.2052,0.0,0.7357,0.0,0.0
gba-bbmp-169,2020,ok,20,101,0.5612,0.0,0.0,0.0,0.0,0.0,0.4388,0.0,0.0
gba-bbmp-169,2021,ok,19,101,0.4605,0.0,0.0,0.0,0.0,0.0,0.5395,0.0,0.0
gba-bbmp-169,2022,ok,16,101,0.9611,0.0,0.0,0.0,0.0,0.0,0.0389,0.0,0.0
gba-bbmp-169,2023,ok,23,101,0.9448,0.0,0.0,0.0,0.0,0.0,0.0552,0.0,0.0
gba-bbmp-169,2024,ok,14,101,0.0,0.0,0.0,0.0,0.8517,0.0,0.1483,0.0,0.0
gba-bbmp-169,2025,ok,22,101,0.5608,0.0,0.0,0.0,0.1276,0.0,0.3117,0.0,0.0
gba-bbmp-169,2026,ok,16,101,0.0,0.0,0.0233,0.0,0.7951,0.0,0.1816,0.0,0.0
gba-bbmp-170,2017,ok,8,405,0.0543,0.0,0.0,0.0,0.019,0.3688,0.4889,0.0691,0.0
gba-bbmp-170,2018,ok,20,405,0.0318,0.0,0.0,0.0,0.8975,0.0,0.0707,0.0,0.0
gba-bbmp-170,2019,ok,21,405,0.0,0.0,0.0,0.0,0.7405,0.0,0.2595,0.0,0.0
gba-bbmp-170,2020,ok,18,405,0.0666,0.0,0.0,0.0,0.8823,0.0,0.0511,0.0,0.0
gba-bbmp-170,2021,ok,16,405,0.016,0.0,0.0,0.0,0.9366,0.0,0.0474,0.0,0.0
gba-bbmp-170,2022,ok,17,405,0.9825,0.0,0.0,0.0,0.0047,0.0,0.0127,0.0,0.0
gba-bbmp-170,2023,ok,25,405,0.4284,0.0,0.0,0.0,0.5344,0.0,0.0371,0.0,0.0
gba-bbmp-170,2024,ok,15,405,0.0375,0.0,0.0,0.0,0.9075,0.0,0.055,0.0,0.0
gba-bbmp-170,2025,ok,22,405,0.1717,0.0,0.0,0.0,0.8029,0.0,0.0254,0.0,0.0
gba-bbmp-170,2026,ok,18,405,0.0746,0.0,0.0,0.0,0.9173,0.0,0.0081,0.0,0.0
gba-bbmp-171,2017,ok,10,192,0.0518,0.5895,0.0,0.0,0.2116,0.0,0.147,0.0,0.0
gba-bbmp-171,2018,ok,19,192,0.0,0.87,0.0,0.0,0.0246,0.0,0.1054,0.0,0.0
gba-bbmp-171,2019,ok,22,192,0.0,0.4892,0.0,0.0,0.3191,0.0156,0.1761,0.0,0.0
gba-bbmp-171,2020,ok,20,192,0.0,0.9056,0.0,0.0,0.0,0.0,0.0944,0.0,0.0
gba-bbmp-171,2021,ok,17,192,0.0,0.9924,0.0,0.0,0.0,0.0,0.0076,0.0,0.0
gba-bbmp-171,2022,ok,16,192,0.0,0.9999,0.0,0.0,0.0,0.0,0.0001,0.0,0.0
gba-bbmp-171,2023,ok,24,192,0.0,0.9848,0.0,0.0,0.0,0.0,0.0152,0.0,0.0
gba-bbmp-171,2024,ok,15,192,0.0,0.4176,0.0,0.0,0.2333,0.0052,0.3439,0.0,0.0
gba-bbmp-171,2025,ok,23,192,0.0,0.9831,0.0,0.0,0.0,0.0,0.0169,0.0,0.0
gba-bbmp-171,2026,ok,19,192,0.0,0.6085,0.0,0.0,0.197,0.0,0.1945,0.0,0.0
gba-bbmp-172,2017,ok,9,497,0.2056,0.2732,0.0,0.1443,0.35,0.0239,0.003,0.0,0.0
gba-bbmp-172,2018,ok,22,497,0.0751,0.6182,0.0,0.2089,0.0962,0.0017,0.0,0.0,0.0
gba-bbmp-172,2019,ok,20,497,0.0276,0.4675,0.0,0.0,0.5015,0.0,0.0034,0.0,0.0
gba-bbmp-172,2020,ok,19,497,0.1051,0.605,0.0,0.2899,0.0,0.0,0.0,0.0,0.0
gba-bbmp-172,2021,ok,17,497,0.1327,0.8545,0.0,0.0,0.0128,0.0,0.0,0.0,0.0
gba-bbmp-172,2022,ok,17,497,0.0261,0.9739,0.0,0.0,0.0,0.0,0.0,0.0,0.0
gba-bbmp-172,2023,ok,23,497,0.0161,0.2938,0.0,0.0,0.6381,0.0,0.0521,0.0,0.0
gba-bbmp-172,2024,ok,15,497,0.016,0.0178,0.0,0.0,0.9605,0.0,0.0057,0.0,0.0
gba-bbmp-172,2025,ok,21,497,1.0,0.0,0.0,0.0,0.0,0.0,0.0,0.0,0.0
gba-bbmp-172,2026,ok,17,497,0.9734,0.0,0.0,0.0,0.0238,0.0,0.0028,0.0,0.0
gba-bbmp-173,2017,ok,9,37,0.0,0.7367,0.0,0.0,0.0695,0.1414,0.0524,0.0,0.0
gba-bbmp-173,2018,ok,21,37,0.0,0.9813,0.0,0.0,0.0,0.0,0.0187,0.0,0.0
gba-bbmp-173,2019,ok,22,37,0.0,0.0205,0.0,0.0,0.9242,0.0,0.0553,0.0,0.0
gba-bbmp-173,2020,ok,19,37,0.0,0.9661,0.0,0.0,0.0,0.0,0.0339,0.0,0.0
gba-bbmp-173,2021,ok,15,37,0.4906,0.4874,0.0,0.0,0.0,0.0,0.022,0.0,0.0
gba-bbmp-173,2022,ok,16,37,0.6878,0.3074,0.0,0.0,0.0,0.0,0.0049,0.0,0.0
gba-bbmp-173,2023,ok,23,37,0.9861,0.0068,0.0,0.0,0.0,0.0,0.0071,0.0,0.0
gba-bbmp-173,2024,ok,15,37,0.6968,0.0,0.0,0.0,0.0276,0.0,0.2756,0.0,0.0
gba-bbmp-173,2025,ok,23,37,0.2869,0.0,0.0,0.0,0.0,0.0,0.7131,0.0,0.0
gba-bbmp-173,2026,ok,17,37,1.0,0.0,0.0,0.0,0.0,0.0,0.0,0.0,0.0
gba-bbmp-175,2017,ok,10,1026,0.8717,0.0758,0.0,0.0,0.0,0.0,0.0525,0.0,0.0
gba-bbmp-175,2018,ok,21,1026,0.9055,0.0,0.0,0.0,0.001,0.0,0.0935,0.0,0.0
gba-bbmp-175,2019,ok,20,1026,0.8748,0.0464,0.0,0.0,0.0027,0.0,0.0761,0.0,0.0
gba-bbmp-175,2020,ok,20,1026,0.7986,0.0135,0.0,0.0,0.1466,0.0,0.0413,0.0,0.0
gba-bbmp-175,2021,ok,16,1026,0.0139,0.0,0.0415,0.0,0.9343,0.0,0.0103,0.0,0.0
gba-bbmp-175,2022,ok,18,1026,0.0,0.222,0.023,0.0,0.7522,0.0,0.0027,0.0,0.0
gba-bbmp-175,2023,ok,20,1026,0.0,0.0831,0.0165,0.0,0.892,0.0,0.0085,0.0,0.0
gba-bbmp-175,2024,ok,16,1026,0.0,0.0,0.0,0.0,0.92,0.0,0.08,0.0,0.0
gba-bbmp-175,2025,ok,23,1026,0.0,0.0062,0.0133,0.0,0.8871,0.0,0.0934,0.0,0.0
gba-bbmp-175,2026,ok,19,1026,0.0799,0.1738,0.0213,0.0,0.5272,0.0,0.1978,0.0,0.0
gba-bbmp-176,2017,ok,10,854,1.0,0.0,0.0,0.0,0.0,0.0,0.0,0.0,0.0
gba-bbmp-176,2018,ok,23,854,1.0,0.0,0.0,0.0,0.0,0.0,0.0,0.0,0.0
gba-bbmp-176,2019,ok,24,854,1.0,0.0,0.0,0.0,0.0,0.0,0.0,0.0,0.0
gba-bbmp-176,2020,ok,19,854,1.0,0.0,0.0,0.0,0.0,0.0,0.0,0.0,0.0
gba-bbmp-176,2021,ok,14,854,1.0,0.0,0.0,0.0,0.0,0.0,0.0,0.0,0.0
gba-bbmp-176,2022,ok,17,854,1.0,0.0,0.0,0.0,0.0,0.0,0.0,0.0,0.0
gba-bbmp-176,2023,ok,23,854,1.0,0.0,0.0,0.0,0.0,0.0,0.0,0.0,0.0
gba-bbmp-176,2024,ok,15,854,1.0,0.0,0.0,0.0,0.0,0.0,0.0,0.0,0.0
gba-bbmp-176,2025,ok,22,854,1.0,0.0,0.0,0.0,0.0,0.0,0.0,0.0,0.0
gba-bbmp-176,2026,ok,17,854,1.0,0.0,0.0,0.0,0.0,0.0,0.0,0.0,0.0
gba-bbmp-177,2017,ok,10,145,0.0,0.2795,0.0,0.0,0.5801,0.0,0.1403,0.0,0.0
gba-bbmp-177,2018,ok,25,145,0.0,0.0,0.0,0.0,0.907,0.0,0.093,0.0,0.0
gba-bbmp-177,2019,ok,23,145,0.0,0.0,0.0,0.0,0.6425,0.0,0.3575,0.0,0.0
gba-bbmp-177,2020,ok,19,145,0.0,0.0,0.0,0.0,0.8268,0.0,0.1732,0.0,0.0
gba-bbmp-177,2021,ok,14,145,0.0,0.4367,0.04,0.0511,0.458,0.0,0.0142,0.0,0.0
gba-bbmp-177,2022,ok,17,145,0.0,0.719,0.0,0.0,0.2464,0.0,0.0346,0.0,0.0
gba-bbmp-177,2023,ok,24,145,1.0,0.0,0.0,0.0,0.0,0.0,0.0,0.0,0.0
gba-bbmp-177,2024,ok,16,145,1.0,0.0,0.0,0.0,0.0,0.0,0.0,0.0,0.0
gba-bbmp-177,2025,ok,21,145,1.0,0.0,0.0,0.0,0.0,0.0,0.0,0.0,0.0
gba-bbmp-177,2026,ok,20,145,1.0,0.0,0.0,0.0,0.0,0.0,0.0,0.0,0.0
gba-bbmp-187,2017,ok,10,73,0.0,0.0,0.0,0.0,0.0,0.0,1.0,0.0,0.0
gba-bbmp-187,2018,ok,27,73,0.0,0.0,0.0,0.0,0.0,0.0,1.0,0.0,0.0
gba-bbmp-187,2019,ok,23,73,0.0,0.0,0.0,0.0,0.0,0.0,1.0,0.0,0.0
gba-bbmp-187,2020,ok,20,73,0.0,0.0,0.0,0.0,0.0,0.0,1.0,0.0,0.0
gba-bbmp-187,2021,ok,16,73,0.0,0.0,0.0,0.0,0.0,0.0,1.0,0.0,0.0
gba-bbmp-187,2022,ok,18,73,0.0,0.0,0.0,0.0,0.0,0.0,1.0,0.0,0.0
gba-bbmp-187,2023,ok,23,73,0.0,0.0,0.0,0.0,0.0,0.0,1.0,0.0,0.0
gba-bbmp-187,2024,ok,17,73,0.0,0.0,0.0,0.0,0.0,0.0,1.0,0.0,0.0
gba-bbmp-187,2025,ok,21,73,0.0,0.0,0.0,0.0,0.0,0.0,1.0,0.0,0.0
gba-bbmp-187,2026,ok,20,73,0.0,0.0,0.0,0.0,0.0,0.0,1.0,0.0,0.0
gba-bbmp-191,2017,ok,16,180,0.6639,0.0,0.0,0.0,0.1733,0.1628,0.0,0.0,0.0
gba-bbmp-191,2018,ok,40,180,1.0,0.0,0.0,0.0,0.0,0.0,0.0,0.0,0.0
gba-bbmp-191,2019,ok,45,180,0.2842,0.0,0.0,0.0,0.1954,0.5204,0.0,0.0,0.0
gba-bbmp-191,2020,ok,37,180,0.642,0.0,0.0,0.0,0.0807,0.2772,0.0,0.0,0.0
gba-bbmp-191,2021,ok,28,180,0.9384,0.0576,0.0,0.0,0.0,0.004,0.0,0.0,0.0
gba-bbmp-191,2022,ok,38,180,1.0,0.0,0.0,0.0,0.0,0.0,0.0,0.0,0.0
gba-bbmp-191,2023,ok,44,180,0.9791,0.0001,0.0,0.0208,0.0,0.0,0.0,0.0,0.0
gba-bbmp-191,2024,ok,38,180,0.5905,0.0,0.0,0.0,0.088,0.3215,0.0,0.0,0.0
gba-bbmp-191,2025,ok,46,180,1.0,0.0,0.0,0.0,0.0,0.0,0.0,0.0,0.0
gba-bbmp-191,2026,ok,39,180,0.4497,0.0,0.0,0.0,0.5496,0.0006,0.0,0.0,0.0
gba-bbmp-197,2017,ok,11,1022,0.9983,0.0017,0.0,0.0,0.0,0.0,0.0,0.0,0.0
gba-bbmp-197,2018,ok,21,1022,1.0,0.0,0.0,0.0,0.0,0.0,0.0,0.0,0.0
gba-bbmp-197,2019,ok,22,1022,0.5305,0.0,0.0,0.2769,0.1308,0.0618,0.0,0.0,0.0
gba-bbmp-197,2020,ok,19,1022,0.3169,0.131,0.0,0.3591,0.0868,0.1039,0.0024,0.0,0.0
gba-bbmp-197,2021,ok,15,1022,0.1319,0.4156,0.0049,0.2339,0.0613,0.1464,0.006,0.0,0.0
gba-bbmp-197,2022,ok,18,1022,0.0904,0.6097,0.0196,0.1144,0.0548,0.1109,0.0002,0.0,0.0
gba-bbmp-197,2023,ok,19,1022,0.0029,0.7932,0.0623,0.0,0.0782,0.062,0.0013,0.0,0.0
gba-bbmp-197,2024,ok,18,1022,0.0,0.7071,0.0,0.0,0.2636,0.0,0.0293,0.0,0.0
gba-bbmp-197,2025,ok,23,1022,0.0489,0.4081,0.3141,0.0,0.2126,0.0006,0.0156,0.0,0.0
gba-bbmp-197,2026,ok,17,1022,0.008,0.3786,0.1975,0.0,0.413,0.0,0.0028,0.0,0.0
gba-bbmp-198,2017,insufficient,7,743,,,,,,,,,
gba-bbmp-198,2018,ok,22,743,0.0,0.0269,0.0,0.2047,0.5934,0.175,0.0,0.0,0.0
gba-bbmp-198,2019,ok,21,743,0.0,0.0,0.0,0.0,0.4067,0.5933,0.0,0.0,0.0
gba-bbmp-198,2020,ok,21,743,0.004,0.4085,0.0,0.0,0.0707,0.5168,0.0,0.0,0.0
gba-bbmp-198,2021,ok,18,743,0.0081,0.2907,0.0,0.0,0.1851,0.5161,0.0,0.0,0.0
gba-bbmp-198,2022,ok,18,743,0.0165,0.4963,0.0,0.2138,0.0279,0.2455,0.0,0.0,0.0
gba-bbmp-198,2023,ok,21,743,0.0,0.608,0.0,0.0097,0.0172,0.3652,0.0,0.0,0.0
gba-bbmp-198,2024,ok,16,743,0.2305,0.0,0.0,0.1548,0.1009,0.4732,0.0405,0.0,0.0
gba-bbmp-198,2025,ok,23,743,0.4826,0.0,0.0,0.3429,0.0342,0.1403,0.0,0.0,0.0
gba-bbmp-198,2026,ok,19,743,0.6503,0.0028,0.0,0.1558,0.0372,0.1322,0.0002,0.0215,0.0
gba-bbmp-199,2017,insufficient,7,166,,,,,,,,,
gba-bbmp-199,2018,ok,22,166,0.0758,0.0093,0.0,0.0981,0.7141,0.1027,0.0,0.0,0.0
gba-bbmp-199,2019,ok,20,166,0.0,0.0,0.0,0.0,0.0,1.0,0.0,0.0,0.0
gba-bbmp-199,2020,ok,18,166,0.4348,0.1361,0.0,0.0,0.1254,0.2858,0.0,0.0179,0.0
gba-bbmp-199,2021,ok,17,166,0.7324,0.0972,0.0,0.0961,0.0,0.0743,0.0,0.0,0.0
gba-bbmp-199,2022,ok,20,166,0.8802,0.0,0.0,0.1198,0.0,0.0,0.0,0.0,0.0
gba-bbmp-199,2023,ok,22,166,0.0406,0.0,0.0,0.006,0.933,0.0,0.0204,0.0,0.0
gba-bbmp-199,2024,ok,16,166,0.0,0.0,0.0,0.0,0.0401,0.7791,0.1808,0.0,0.0
gba-bbmp-199,2025,ok,23,166,0.2997,0.1977,0.0,0.06,0.2882,0.0079,0.1464,0.0,0.0
gba-bbmp-199,2026,ok,19,166,0.0,0.0679,0.0,0.0,0.8545,0.0346,0.0431,0.0,0.0
gba-bbmp-200,2017,ok,8,67,0.0083,0.3407,0.0,0.0,0.381,0.0,0.27,0.0,0.0
gba-bbmp-200,2018,ok,22,67,0.0025,0.8644,0.0,0.0,0.0754,0.0,0.0577,0.0,0.0
gba-bbmp-200,2019,ok,22,67,0.0,0.2925,0.0,0.0,0.3341,0.0,0.3734,0.0,0.0
gba-bbmp-200,2020,ok,21,67,0.8603,0.0002,0.0,0.0,0.0319,0.0,0.1077,0.0,0.0
gba-bbmp-200,2021,ok,15,67,1.0,0.0,0.0,0.0,0.0,0.0,0.0,0.0,0.0
gba-bbmp-200,2022,ok,19,67,0.0,0.0,0.0,0.0,0.9818,0.0,0.0182,0.0,0.0
gba-bbmp-200,2023,ok,24,67,0.4958,0.0,0.0,0.0,0.0,0.0,0.5042,0.0,0.0
gba-bbmp-200,2024,ok,16,67,0.9964,0.0,0.0,0.0,0.0,0.0,0.0036,0.0,0.0
gba-bbmp-200,2025,ok,23,67,1.0,0.0,0.0,0.0,0.0,0.0,0.0,0.0,0.0
gba-bbmp-200,2026,ok,18,67,0.8927,0.0,0.0,0.0,0.0,0.0,0.1073,0.0,0.0
gba-bbmp-201,2017,ok,8,25,0.0,0.0009,0.0,0.0,0.0,0.9991,0.0,0.0,0.0
gba-bbmp-201,2018,ok,22,25,0.8237,0.1536,0.0,0.0,0.0227,0.0,0.0,0.0,0.0
gba-bbmp-201,2019,ok,23,25,0.0,0.0,0.0,0.0,0.0,1.0,0.0,0.0,0.0
gba-bbmp-201,2020,ok,20,25,0.1968,0.0327,0.0,0.0,0.0,0.7705,0.0,0.0,0.0
gba-bbmp-201,2021,ok,18,25,0.8123,0.0006,0.0,0.0,0.1442,0.0429,0.0,0.0,0.0
gba-bbmp-201,2022,ok,18,25,1.0,0.0,0.0,0.0,0.0,0.0,0.0,0.0,0.0
gba-bbmp-201,2023,ok,21,25,1.0,0.0,0.0,0.0,0.0,0.0,0.0,0.0,0.0
gba-bbmp-201,2024,ok,16,25,0.8862,0.0,0.0,0.0,0.0,0.0465,0.0673,0.0,0.0
gba-bbmp-201,2025,ok,21,25,1.0,0.0,0.0,0.0,0.0,0.0,0.0,0.0,0.0
gba-bbmp-201,2026,ok,17,25,0.0,0.0,0.0,0.0,0.0,0.0,1.0,0.0,0.0
gba-bda-001,2017,ok,9,27376,0.4968,0.1399,0.2306,0.011,0.1214,0.0003,0.0,0.0,0.0
gba-bda-001,2018,ok,23,27376,0.5305,0.1512,0.2238,0.0299,0.0645,0.0,0.0,0.0,0.0
gba-bda-001,2019,ok,22,27376,0.4682,0.0859,0.3444,0.0147,0.0864,0.0,0.0003,0.0,0.0
gba-bda-001,2020,ok,17,27376,0.1676,0.3492,0.1786,0.0556,0.2463,0.0001,0.0009,0.0016,0.0
gba-bda-001,2021,ok,16,27376,0.0455,0.0953,0.0564,0.0152,0.7338,0.0066,0.0017,0.0455,0.0
gba-bda-001,2022,ok,18,27376,0.1563,0.4027,0.0217,0.0322,0.2873,0.0713,0.0023,0.0263,0.0
gba-bda-001,2023,ok,20,27376,0.2572,0.0596,0.0348,0.0519,0.4535,0.0763,0.0017,0.065,0.0
gba-bda-001,2024,ok,17,27376,0.2516,0.1502,0.0017,0.0277,0.2743,0.1013,0.0001,0.193,0.0
gba-bda-001,2025,ok,21,27376,0.2547,0.4525,0.093,0.1338,0.0545,0.0109,0.0002,0.0005,0.0
gba-bda-001,2026,ok,19,27376,0.1956,0.1431,0.0107,0.0481,0.4678,0.0222,0.0024,0.1102,0.0
gba-bda-002,2017,ok,8,12104,0.4515,0.2743,0.074,0.0989,0.1013,0.0,0.0,0.0,0.0
gba-bda-002,2018,ok,21,12104,0.5107,0.2725,0.0709,0.1116,0.0343,0.0,0.0,0.0,0.0
gba-bda-002,2019,ok,22,12104,0.4632,0.3302,0.1094,0.018,0.0792,0.0,0.0,0.0,0.0
gba-bda-002,2020,ok,18,12104,0.1319,0.1298,0.1897,0.0078,0.5318,0.0,0.0,0.0091,0.0
gba-bda-002,2021,ok,16,12104,0.0352,0.0233,0.0077,0.0,0.8169,0.0264,0.0001,0.0904,0.0
gba-bda-002,2022,ok,18,12104,0.1856,0.2011,0.0783,0.1053,0.413,0.006,0.0004,0.0102,0.0
gba-bda-002,2023,ok,20,12104,0.1525,0.0437,0.0107,0.0417,0.658,0.0287,0.0,0.0646,0.0
gba-bda-002,2024,ok,16,12104,0.0419,0.42,0.0036,0.2599,0.2742,0.0005,0.0,0.0,0.0
gba-bda-002,2025,ok,23,12104,0.1725,0.4456,0.0689,0.0335,0.2569,0.0217,0.0009,0.0,0.0
gba-bda-002,2026,ok,19,12104,0.7333,0.1488,0.0,0.0101,0.1075,0.0002,0.0001,0.0,0.0
gba-bda-003,2017,ok,9,61,0.6922,0.1324,0.0,0.0,0.0,0.0,0.1754,0.0,0.0
gba-bda-003,2018,ok,21,61,0.8804,0.1196,0.0,0.0,0.0,0.0,0.0,0.0,0.0
gba-bda-003,2019,ok,23,61,0.9431,0.0569,0.0,0.0,0.0,0.0,0.0,0.0,0.0
gba-bda-003,2020,ok,18,61,0.9431,0.0537,0.0,0.0,0.0,0.0,0.0032,0.0,0.0
gba-bda-003,2021,ok,15,61,0.0,0.144,0.0,0.0,0.8534,0.0,0.0026,0.0,0.0
gba-bda-003,2022,ok,16,61,1.0,0.0,0.0,0.0,0.0,0.0,0.0,0.0,0.0
gba-bda-003,2023,ok,23,61,1.0,0.0,0.0,0.0,0.0,0.0,0.0,0.0,0.0
gba-bda-003,2024,ok,15,61,1.0,0.0,0.0,0.0,0.0,0.0,0.0,0.0,0.0
gba-bda-003,2025,ok,22,61,1.0,0.0,0.0,0.0,0.0,0.0,0.0,0.0,0.0
gba-bda-003,2026,ok,20,61,1.0,0.0,0.0,0.0,0.0,0.0,0.0,0.0,0.0
gba-bda-004,2017,ok,9,699,0.9971,0.0,0.0,0.0029,0.0,0.0,0.0,0.0,0.0
gba-bda-004,2018,ok,22,699,0.9885,0.0,0.0,0.0115,0.0,0.0,0.0,0.0,0.0
gba-bda-004,2019,ok,21,699,0.9841,0.0,0.0,0.0159,0.0,0.0,0.0,0.0,0.0
gba-bda-004,2020,ok,20,699,0.9541,0.0,0.0,0.0459,0.0,0.0,0.0,0.0,0.0
gba-bda-004,2021,ok,16,699,0.9265,0.0,0.0,0.0735,0.0,0.0,0.0,0.0,0.0
gba-bda-004,2022,ok,16,699,0.9813,0.0,0.0,0.0187,0.0,0.0,0.0,0.0,0.0
gba-bda-004,2023,ok,23,699,0.9698,0.0,0.0,0.0302,0.0,0.0,0.0,0.0,0.0
gba-bda-004,2024,ok,17,699,0.9981,0.0019,0.0,0.0,0.0,0.0,0.0,0.0,0.0
gba-bda-004,2025,ok,21,699,0.9444,0.0,0.0,0.0309,0.0247,0.0,0.0,0.0,0.0
gba-bda-004,2026,ok,20,699,0.9306,0.0072,0.0,0.0599,0.0,0.0,0.0023,0.0,0.0
gba-bda-005,2017,ok,9,2513,0.6075,0.0,0.0,0.0,0.3925,0.0,0.0,0.0,0.0
gba-bda-005,2018,ok,21,2513,0.8928,0.0,0.0,0.0,0.1072,0.0,0.0,0.0,0.0
gba-bda-005,2019,ok,22,2513,0.9997,0.0,0.0,0.0,0.0,0.0,0.0003,0.0,0.0
gba-bda-005,2020,ok,20,2513,0.9837,0.0,0.0,0.0009,0.015,0.0,0.0003,0.0,0.0
gba-bda-005,2021,ok,18,2513,0.9789,0.0,0.01,0.0097,0.0003,0.0,0.001,0.0,0.0
gba-bda-005,2022,ok,18,2513,0.9882,0.0012,0.0,0.0096,0.0,0.0,0.001,0.0,0.0
gba-bda-005,2023,ok,24,2513,0.9791,0.0031,0.0016,0.0045,0.011,0.0,0.0007,0.0,0.0
gba-bda-005,2024,ok,16,2513,0.9557,0.0002,0.0,0.0009,0.0428,0.0,0.0003,0.0,0.0
gba-bda-005,2025,ok,21,2513,0.0641,0.0016,0.0,0.0,0.4346,0.4383,0.0358,0.0257,0.0
gba-bda-005,2026,ok,16,2513,0.8819,0.0,0.0,0.0412,0.0712,0.0008,0.005,0.0,0.0
gba-bmrcl-001,2017,ok,10,70,0.6049,0.0,0.0,0.0,0.3951,0.0,0.0,0.0,0.0
gba-bmrcl-001,2018,ok,20,70,0.3459,0.0,0.0,0.0,0.6541,0.0,0.0,0.0,0.0
gba-bmrcl-001,2019,ok,24,70,0.1607,0.0,0.0,0.0,0.7163,0.0,0.123,0.0,0.0
gba-bmrcl-001,2020,ok,17,70,0.2126,0.0,0.0,0.0,0.0,0.0,0.1848,0.6026,0.0
gba-bmrcl-001,2021,ok,15,70,1.0,0.0,0.0,0.0,0.0,0.0,0.0,0.0,0.0
gba-bmrcl-001,2022,ok,17,70,1.0,0.0,0.0,0.0,0.0,0.0,0.0,0.0,0.0
gba-bmrcl-001,2023,ok,22,70,1.0,0.0,0.0,0.0,0.0,0.0,0.0,0.0,0.0
gba-bmrcl-001,2024,ok,19,70,0.7749,0.0,0.0,0.0,0.0,0.0,0.2251,0.0,0.0
gba-bmrcl-001,2025,ok,19,70,1.0,0.0,0.0,0.0,0.0,0.0,0.0,0.0,0.0
gba-bmrcl-001,2026,ok,19,70,1.0,0.0,0.0,0.0,0.0,0.0,0.0,0.0,0.0
gba-forest-001,2017,ok,8,6228,0.9093,0.0188,0.0,0.0,0.0682,0.0,0.0037,0.0,0.0
gba-forest-001,2018,ok,22,6228,0.916,0.0381,0.0005,0.0,0.0355,0.0058,0.0042,0.0,0.0
gba-forest-001,2019,ok,24,6228,0.916,0.0077,0.0,0.002,0.064,0.0048,0.0054,0.0,0.0
gba-forest-001,2020,ok,17,6228,0.7775,0.0084,0.0594,0.0,0.151,0.0,0.0037,0.0,0.0
gba-forest-001,2021,ok,14,6228,0.9174,0.0408,0.007,0.0009,0.0166,0.0135,0.0038,0.0,0.0
gba-forest-001,2022,ok,19,6228,0.8989,0.0513,0.0003,0.0045,0.0318,0.0093,0.004,0.0,0.0
gba-forest-001,2023,ok,22,6228,0.8988,0.0544,0.0003,0.002,0.0293,0.0111,0.0041,0.0,0.0
gba-forest-001,2024,ok,16,6228,0.916,0.0219,0.0,0.002,0.0542,0.0002,0.0057,0.0,0.0
gba-forest-001,2025,ok,22,6228,0.7123,0.0696,0.01,0.0,0.199,0.0051,0.004,0.0,0.0
gba-forest-001,2026,ok,20,6228,0.8174,0.1467,0.0,0.002,0.0212,0.0067,0.0059,0.0,0.0
gba-forest-002,2017,ok,8,203,0.2752,0.3489,0.3496,0.0,0.0213,0.0,0.005,0.0,0.0
gba-forest-002,2018,ok,21,203,0.1627,0.0575,0.0,0.0,0.6695,0.0009,0.1094,0.0,0.0
gba-forest-002,2019,ok,22,203,0.0,0.0,0.0,0.0,0.5448,0.0783,0.377,0.0,0.0
gba-forest-002,2020,ok,20,203,0.2157,0.2137,0.0,0.5707,0.0,0.0,0.0,0.0,0.0
gba-forest-002,2021,ok,18,203,0.4259,0.4896,0.0,0.0845,0.0,0.0,0.0,0.0,0.0
gba-forest-002,2022,ok,20,203,0.6753,0.31,0.0,0.0148,0.0,0.0,0.0,0.0,0.0
gba-forest-002,2023,ok,18,203,0.8352,0.1583,0.0,0.0065,0.0,0.0,0.0,0.0,0.0
gba-forest-002,2024,ok,17,203,0.56,0.3312,0.0,0.0003,0.1086,0.0,0.0,0.0,0.0
gba-forest-002,2025,ok,23,203,0.2849,0.4645,0.0,0.0447,0.2059,0.0,0.0,0.0,0.0
gba-forest-002,2026,ok,20,203,0.0711,0.9289,0.0,0.0,0.0,0.0,0.0,0.0,0.0
gba-forest-003,2017,ok,9,3114,0.9181,0.0702,0.0,0.0013,0.0104,0.0,0.0,0.0,0.0
gba-forest-003,2018,ok,20,3114,0.9152,0.0848,0.0,0.0,0.0,0.0,0.0,0.0,0.0
gba-forest-003,2019,ok,24,3114,0.9165,0.0835,0.0,0.0,0.0,0.0,0.0,0.0,0.0
gba-forest-003,2020,ok,20,3114,0.812,0.188,0.0,0.0,0.0,0.0,0.0,0.0,0.0
gba-forest-003,2021,ok,16,3114,0.9145,0.0855,0.0,0.0,0.0,0.0,0.0,0.0,0.0
gba-forest-003,2022,ok,17,3114,0.9162,0.0838,0.0,0.0,0.0,0.0,0.0,0.0,0.0
gba-forest-003,2023,ok,19,3114,0.9182,0.0716,0.0102,0.0,0.0,0.0,0.0,0.0,0.0
gba-forest-003,2024,ok,15,3114,0.9207,0.0752,0.0006,0.0035,0.0,0.0,0.0,0.0,0.0
gba-forest-003,2025,ok,22,3114,0.9185,0.0792,0.0022,0.0,0.0,0.0,0.0,0.0,0.0
gba-forest-003,2026,ok,18,3114,0.8557,0.0279,0.0,0.0,0.1062,0.0,0.0,0.0102,0.0
gba-forest-004,2017,ok,8,2143,0.7261,0.2675,0.0,0.0,0.0,0.0,0.0063,0.0,0.0
gba-forest-004,2018,ok,21,2143,0.7261,0.2316,0.0089,0.0,0.0263,0.0,0.0071,0.0,0.0
gba-forest-004,2019,ok,24,2143,0.728,0.19,0.0663,0.0,0.0084,0.0,0.0073,0.0,0.0
gba-forest-004,2020,ok,20,2143,0.7261,0.2445,0.0235,0.0,0.0,0.0,0.0059,0.0,0.0
gba-forest-004,2021,ok,16,2143,0.7033,0.1216,0.0558,0.0,0.1152,0.0,0.0041,0.0,0.0
gba-forest-004,2022,ok,17,2143,0.7268,0.2528,0.0181,0.0,0.0,0.0,0.0023,0.0,0.0
gba-forest-004,2023,ok,20,2143,0.7252,0.2131,0.0308,0.0,0.0262,0.0,0.0046,0.0,0.0
gba-forest-004,2024,ok,15,2143,0.7289,0.178,0.0,0.0,0.0893,0.0,0.0038,0.0,0.0
gba-forest-004,2025,ok,24,2143,0.7275,0.1742,0.0,0.0,0.0905,0.0,0.0077,0.0,0.0
gba-forest-004,2026,ok,19,2143,0.0213,0.0114,0.0005,0.0006,0.2685,0.0,0.0087,0.689,0.0
